task,num_witnesses_checked,num_perfectly_split,perfect_split_rate,avg_distinct_clients_per_witness,min_distinct_clients_seen
cycle2,887,886,0.9988726042841037,1.9988726042841036,1
cycle3,1321,1279,0.9682059046177138,2.968205904617714,2
cycle4,2290,1949,0.8510917030567685,3.8471615720524017,2
cycle5,4247,2795,0.6581116081940193,4.626559924652696,2
cycle6,8373,3875,0.46279708587125284,5.349576018153589,3
scatter_gather,2618,2034,0.7769289533995416,3.7639419404125287,2
biclique,2550,1984,0.7780392156862745,3.768627450980392,2
