run_type,algorithm,subset_id,subset_clients,seed,graph_id,dataset_id,phase,split,task,round,local_epoch,train_loss,eval_loss,pair_acc,subset_acc,micro_f1,macro_f1,macro_pos_f1,macro_minority_f1,num_nodes,tp,fp,tn,fn,precision,recall,f1,positive_f1,minority_f1,pos_cnt,pos_rate
local,local,,,0,90,data_4000_4_2.5_chordal_rep02,train_epoch,train,,,1,0.6639496657848358,,,,,,,,4000,,,,,,,,,,,
local,local,,,0,90,data_4000_4_2.5_chordal_rep02,val_epoch,val,,,1,,0.4736974539756775,0.8313,0.5582500100135803,0.7551879262806559,0.7551192045211792,0.7551192045211792,0.7551192045211792,4000,,,,,,,,,,,
local,local,,,0,90,data_4000_4_2.5_chordal_rep02,val_epoch_task,val,cycle2,,1,,,,,,,,,4000,1258.0,33.0,2650.0,59.0,0.9744384198295895,0.9552012148823082,0.9647239446640015,0.9647239446640015,0.9647239446640015,1317.0,0.3292500078678131
local,local,,,0,90,data_4000_4_2.5_chordal_rep02,val_epoch_task,val,cycle3,,1,,,,,,,,,4000,1215.0,461.0,2241.0,83.0,0.7249403341288783,0.9360554699537751,0.8170813918113708,0.8170813918113708,0.8170813918113708,1298.0,0.3244999945163727
local,local,,,0,90,data_4000_4_2.5_chordal_rep02,val_epoch_task,val,cycle4,,1,,,,,,,,,4000,1002.0,666.0,2228.0,104.0,0.6007194244604317,0.9059674502712477,0.7224225401878357,0.7224225401878357,0.7224225401878357,1106.0,0.27649998664855957
local,local,,,0,90,data_4000_4_2.5_chordal_rep02,val_epoch_task,val,cycle5,,1,,,,,,,,,4000,952.0,827.0,2116.0,105.0,0.5351320966835301,0.9006622516556292,0.6713681221008301,0.6713681221008301,0.6713681221008301,1057.0,0.2642500102519989
local,local,,,0,90,data_4000_4_2.5_chordal_rep02,val_epoch_task,val,cycle6,,1,,,,,,,,,4000,777.0,941.0,2187.0,95.0,0.4522700814901048,0.8910550458715596,0.6000000238418579,0.6000000238418579,0.6000000238418579,872.0,0.21799999475479126
local,local,,,0,90,data_4000_4_2.5_chordal_rep02,train_epoch,train,,,2,0.3618140294551849,,,,,,,,4000,,,,,,,,,,,
local,local,,,0,90,data_4000_4_2.5_chordal_rep02,val_epoch,val,,,2,,0.3055591003894806,0.8881,0.656000018119812,0.8320324226958871,0.8303654789924622,0.8303654789924622,0.8303654789924622,4000,,,,,,,,,,,
local,local,,,0,90,data_4000_4_2.5_chordal_rep02,val_epoch_task,val,cycle2,,2,,,,,,,,,4000,1315.0,48.0,2635.0,2.0,0.9647835656639765,0.9984813971146546,0.9813432693481445,0.9813432693481445,0.9813432693481445,1317.0,0.3292500078678131
local,local,,,0,90,data_4000_4_2.5_chordal_rep02,val_epoch_task,val,cycle3,,2,,,,,,,,,4000,1293.0,104.0,2598.0,5.0,0.9255547602004295,0.9961479198767335,0.9595547318458557,0.9595547318458557,0.9595547318458557,1298.0,0.3244999945163727
local,local,,,0,90,data_4000_4_2.5_chordal_rep02,val_epoch_task,val,cycle4,,2,,,,,,,,,4000,1091.0,520.0,2374.0,15.0,0.6772191185599007,0.9864376130198915,0.8030915856361389,0.8030915856361389,0.8030915856361389,1106.0,0.27649998664855957
local,local,,,0,90,data_4000_4_2.5_chordal_rep02,val_epoch_task,val,cycle5,,2,,,,,,,,,4000,1032.0,561.0,2382.0,25.0,0.647834274952919,0.9763481551561022,0.7788679599761963,0.7788679599761963,0.7788679599761963,1057.0,0.2642500102519989
local,local,,,0,90,data_4000_4_2.5_chordal_rep02,val_epoch_task,val,cycle6,,2,,,,,,,,,4000,812.0,898.0,2230.0,60.0,0.47485380116959064,0.9311926605504587,0.6289697885513306,0.6289697885513306,0.6289697885513306,872.0,0.21799999475479126
local,local,,,0,90,data_4000_4_2.5_chordal_rep02,train_epoch,train,,,3,0.2664730993509293,,,,,,,,4000,,,,,,,,,,,
local,local,,,0,90,data_4000_4_2.5_chordal_rep02,val_epoch,val,,,3,,0.2508771975040436,0.94215,0.7745000123977661,0.9002844092045161,0.8894097208976746,0.8894097208976746,0.8894097208976746,4000,,,,,,,,,,,
local,local,,,0,90,data_4000_4_2.5_chordal_rep02,val_epoch_task,val,cycle2,,3,,,,,,,,,4000,1313.0,18.0,2665.0,4.0,0.9864763335837716,0.996962794229309,0.9916918277740479,0.9916918277740479,0.9916918277740479,1317.0,0.3292500078678131
local,local,,,0,90,data_4000_4_2.5_chordal_rep02,val_epoch_task,val,cycle3,,3,,,,,,,,,4000,1241.0,17.0,2685.0,57.0,0.9864864864864865,0.9560862865947611,0.9710484743118286,0.9710484743118286,0.9710484743118286,1298.0,0.3244999945163727
local,local,,,0,90,data_4000_4_2.5_chordal_rep02,val_epoch_task,val,cycle4,,3,,,,,,,,,4000,1055.0,72.0,2822.0,51.0,0.9361135758651287,0.953887884267631,0.9449171423912048,0.9449171423912048,0.9449171423912048,1106.0,0.27649998664855957
local,local,,,0,90,data_4000_4_2.5_chordal_rep02,val_epoch_task,val,cycle5,,3,,,,,,,,,4000,962.0,158.0,2785.0,95.0,0.8589285714285714,0.9101229895931883,0.8837850689888,0.8837850689888,0.8837850689888,1057.0,0.2642500102519989
local,local,,,0,90,data_4000_4_2.5_chordal_rep02,val_epoch_task,val,cycle6,,3,,,,,,,,,4000,652.0,465.0,2663.0,220.0,0.5837063563115488,0.7477064220183486,0.6556058526039124,0.6556058526039124,0.6556058526039124,872.0,0.21799999475479126
local,local,,,0,90,data_4000_4_2.5_chordal_rep02,train_epoch,train,,,4,0.23724855852127075,,,,,,,,4000,,,,,,,,,,,
local,local,,,0,90,data_4000_4_2.5_chordal_rep02,val_epoch,val,,,4,,0.25316907024383545,0.9165,0.7072499990463257,0.8687519647909462,0.863601803779602,0.863601803779602,0.863601803779602,4000,,,,,,,,,,,
local,local,,,0,90,data_4000_4_2.5_chordal_rep02,val_epoch_task,val,cycle2,,4,,,,,,,,,4000,1317.0,46.0,2637.0,0.0,0.9662509170946442,1.0,0.9828358292579651,0.9828358292579651,0.9828358292579651,1317.0,0.3292500078678131
local,local,,,0,90,data_4000_4_2.5_chordal_rep02,val_epoch_task,val,cycle3,,4,,,,,,,,,4000,1294.0,277.0,2425.0,4.0,0.8236791852323361,0.9969183359013868,0.9020564556121826,0.9020564556121826,0.9020564556121826,1298.0,0.3244999945163727
local,local,,,0,90,data_4000_4_2.5_chordal_rep02,val_epoch_task,val,cycle4,,4,,,,,,,,,4000,1088.0,220.0,2674.0,18.0,0.8318042813455657,0.9837251356238698,0.9014084339141846,0.9014084339141846,0.9014084339141846,1106.0,0.27649998664855957
local,local,,,0,90,data_4000_4_2.5_chordal_rep02,val_epoch_task,val,cycle5,,4,,,,,,,,,4000,1040.0,339.0,2604.0,17.0,0.7541696881798404,0.9839167455061495,0.8538588285446167,0.8538588285446167,0.8538588285446167,1057.0,0.2642500102519989
local,local,,,0,90,data_4000_4_2.5_chordal_rep02,val_epoch_task,val,cycle6,,4,,,,,,,,,4000,788.0,665.0,2463.0,84.0,0.5423262216104611,0.9036697247706422,0.6778494715690613,0.6778494715690613,0.6778494715690613,872.0,0.21799999475479126
local,local,,,0,90,data_4000_4_2.5_chordal_rep02,train_epoch,train,,,5,0.2155620882511139,,,,,,,,4000,,,,,,,,,,,
local,local,,,0,90,data_4000_4_2.5_chordal_rep02,val_epoch,val,,,5,,0.2582670998573303,0.9424,0.7677500247955322,0.8998609179415855,0.8867915272712708,0.8867915272712708,0.8867915272712708,4000,,,,,,,,,,,
local,local,,,0,90,data_4000_4_2.5_chordal_rep02,val_epoch_task,val,cycle2,,5,,,,,,,,,4000,1316.0,15.0,2668.0,1.0,0.9887302779864763,0.9992406985573272,0.9939576983451843,0.9939576983451843,0.9939576983451843,1317.0,0.3292500078678131
local,local,,,0,90,data_4000_4_2.5_chordal_rep02,val_epoch_task,val,cycle3,,5,,,,,,,,,4000,1295.0,57.0,2645.0,3.0,0.9578402366863905,0.99768875192604,0.9773585796356201,0.9773585796356201,0.9773585796356201,1298.0,0.3244999945163727
local,local,,,0,90,data_4000_4_2.5_chordal_rep02,val_epoch_task,val,cycle4,,5,,,,,,,,,4000,1055.0,81.0,2813.0,51.0,0.9286971830985915,0.953887884267631,0.9411239624023438,0.9411239624023438,0.9411239624023438,1106.0,0.27649998664855957
local,local,,,0,90,data_4000_4_2.5_chordal_rep02,val_epoch_task,val,cycle5,,5,,,,,,,,,4000,854.0,95.0,2848.0,203.0,0.8998946259220232,0.8079470198675497,0.851445734500885,0.851445734500885,0.851445734500885,1057.0,0.2642500102519989
local,local,,,0,90,data_4000_4_2.5_chordal_rep02,val_epoch_task,val,cycle6,,5,,,,,,,,,4000,656.0,430.0,2698.0,216.0,0.6040515653775322,0.7522935779816514,0.670071542263031,0.670071542263031,0.670071542263031,872.0,0.21799999475479126
local,local,,,0,90,data_4000_4_2.5_chordal_rep02,train_epoch,train,,,6,0.19448838233947754,,,,,,,,4000,,,,,,,,,,,
local,local,,,0,90,data_4000_4_2.5_chordal_rep02,val_epoch,val,,,6,,0.18194371783733368,0.94205,0.7674999833106995,0.9051632435970869,0.900107741355896,0.900107741355896,0.900107741355896,4000,,,,,,,,,,,
local,local,,,0,90,data_4000_4_2.5_chordal_rep02,val_epoch_task,val,cycle2,,6,,,,,,,,,4000,1316.0,18.0,2665.0,1.0,0.9865067466266867,0.9992406985573272,0.9928328990936279,0.9928328990936279,0.9928328990936279,1317.0,0.3292500078678131
local,local,,,0,90,data_4000_4_2.5_chordal_rep02,val_epoch_task,val,cycle3,,6,,,,,,,,,4000,1296.0,32.0,2670.0,2.0,0.9759036144578314,0.9984591679506933,0.9870525598526001,0.9870525598526001,0.9870525598526001,1298.0,0.3244999945163727
local,local,,,0,90,data_4000_4_2.5_chordal_rep02,val_epoch_task,val,cycle4,,6,,,,,,,,,4000,1100.0,94.0,2800.0,6.0,0.9212730318257957,0.9945750452079566,0.95652174949646,0.95652174949646,0.95652174949646,1106.0,0.27649998664855957
local,local,,,0,90,data_4000_4_2.5_chordal_rep02,val_epoch_task,val,cycle5,,6,,,,,,,,,4000,1039.0,256.0,2687.0,18.0,0.8023166023166023,0.9829706717123936,0.8835033774375916,0.8835033774375916,0.8835033774375916,1057.0,0.2642500102519989
local,local,,,0,90,data_4000_4_2.5_chordal_rep02,val_epoch_task,val,cycle6,,6,,,,,,,,,4000,780.0,640.0,2488.0,92.0,0.5492957746478874,0.8944954128440367,0.6806282997131348,0.6806282997131348,0.6806282997131348,872.0,0.21799999475479126
local,local,,,0,90,data_4000_4_2.5_chordal_rep02,train_epoch,train,,,7,0.20546481573581696,,,,,,,,4000,,,,,,,,,,,
local,local,,,0,90,data_4000_4_2.5_chordal_rep02,val_epoch,val,,,7,,0.209734974861145,0.94905,0.7925000190734863,0.9127344352145244,0.9017869234085083,0.9017869234085083,0.9017869234085083,4000,,,,,,,,,,,
local,local,,,0,90,data_4000_4_2.5_chordal_rep02,val_epoch_task,val,cycle2,,7,,,,,,,,,4000,1315.0,26.0,2657.0,2.0,0.9806114839671887,0.9984813971146546,0.9894657731056213,0.9894657731056213,0.9894657731056213,1317.0,0.3292500078678131
local,local,,,0,90,data_4000_4_2.5_chordal_rep02,val_epoch_task,val,cycle3,,7,,,,,,,,,4000,1297.0,27.0,2675.0,1.0,0.979607250755287,0.9992295839753467,0.9893211722373962,0.9893211722373962,0.9893211722373962,1298.0,0.3244999945163727
local,local,,,0,90,data_4000_4_2.5_chordal_rep02,val_epoch_task,val,cycle4,,7,,,,,,,,,4000,1073.0,74.0,2820.0,33.0,0.9354838709677419,0.9701627486437613,0.9525077939033508,0.9525077939033508,0.9525077939033508,1106.0,0.27649998664855957
local,local,,,0,90,data_4000_4_2.5_chordal_rep02,val_epoch_task,val,cycle5,,7,,,,,,,,,4000,966.0,141.0,2802.0,91.0,0.8726287262872628,0.9139072847682119,0.892791211605072,0.892791211605072,0.892791211605072,1057.0,0.2642500102519989
local,local,,,0,90,data_4000_4_2.5_chordal_rep02,val_epoch_task,val,cycle6,,7,,,,,,,,,4000,678.0,430.0,2698.0,194.0,0.6119133574007221,0.7775229357798165,0.6848484873771667,0.6848484873771667,0.6848484873771667,872.0,0.21799999475479126
local,local,,,0,90,data_4000_4_2.5_chordal_rep02,train_epoch,train,,,8,0.18814500796794892,,,,,,,,4000,,,,,,,,,,,
local,local,,,0,90,data_4000_4_2.5_chordal_rep02,val_epoch,val,,,8,,0.20796667110919953,0.9243,0.7254999876022339,0.8809748427672957,0.879041314125061,0.879041314125061,0.879041314125061,4000,,,,,,,,,,,
local,local,,,0,90,data_4000_4_2.5_chordal_rep02,val_epoch_task,val,cycle2,,8,,,,,,,,,4000,1314.0,20.0,2663.0,3.0,0.9850074962518741,0.9977220956719818,0.9913240075111389,0.9913240075111389,0.9913240075111389,1317.0,0.3292500078678131
local,local,,,0,90,data_4000_4_2.5_chordal_rep02,val_epoch_task,val,cycle3,,8,,,,,,,,,4000,1297.0,74.0,2628.0,1.0,0.9460247994164843,0.9992295839753467,0.9718996286392212,0.9718996286392212,0.9718996286392212,1298.0,0.3244999945163727
local,local,,,0,90,data_4000_4_2.5_chordal_rep02,val_epoch_task,val,cycle4,,8,,,,,,,,,4000,1097.0,193.0,2701.0,9.0,0.8503875968992248,0.9918625678119349,0.9156928658485413,0.9156928658485413,0.9156928658485413,1106.0,0.27649998664855957
local,local,,,0,90,data_4000_4_2.5_chordal_rep02,val_epoch_task,val,cycle5,,8,,,,,,,,,4000,1046.0,377.0,2566.0,11.0,0.7350667603654252,0.9895931882686849,0.8435484766960144,0.8435484766960144,0.8435484766960144,1057.0,0.2642500102519989
local,local,,,0,90,data_4000_4_2.5_chordal_rep02,val_epoch_task,val,cycle6,,8,,,,,,,,,4000,849.0,803.0,2325.0,23.0,0.5139225181598063,0.9736238532110092,0.6727416515350342,0.6727416515350342,0.6727416515350342,872.0,0.21799999475479126
local,local,,,0,90,data_4000_4_2.5_chordal_rep02,train_epoch,train,,,9,0.17750179362297058,,,,,,,,4000,,,,,,,,,,,
local,local,,,0,90,data_4000_4_2.5_chordal_rep02,val_epoch,val,,,9,,0.20183263635635376,0.9532,0.8072500228881836,0.9201092523045408,0.9106871485710144,0.9106871485710144,0.9106871485710144,4000,,,,,,,,,,,
local,local,,,0,90,data_4000_4_2.5_chordal_rep02,val_epoch_task,val,cycle2,,9,,,,,,,,,4000,1311.0,14.0,2669.0,6.0,0.9894339622641509,0.9954441913439636,0.9924300312995911,0.9924300312995911,0.9924300312995911,1317.0,0.3292500078678131
local,local,,,0,90,data_4000_4_2.5_chordal_rep02,val_epoch_task,val,cycle3,,9,,,,,,,,,4000,1295.0,32.0,2670.0,3.0,0.975885455915599,0.99768875192604,0.9866666793823242,0.9866666793823242,0.9866666793823242,1298.0,0.3244999945163727
local,local,,,0,90,data_4000_4_2.5_chordal_rep02,val_epoch_task,val,cycle4,,9,,,,,,,,,4000,1079.0,48.0,2846.0,27.0,0.9574090505767524,0.9755877034358047,0.9664129018783569,0.9664129018783569,0.9664129018783569,1106.0,0.27649998664855957
local,local,,,0,90,data_4000_4_2.5_chordal_rep02,val_epoch_task,val,cycle5,,9,,,,,,,,,4000,1006.0,138.0,2805.0,51.0,0.8793706293706294,0.9517502365184485,0.914129912853241,0.914129912853241,0.914129912853241,1057.0,0.2642500102519989
local,local,,,0,90,data_4000_4_2.5_chordal_rep02,val_epoch_task,val,cycle6,,9,,,,,,,,,4000,699.0,444.0,2684.0,173.0,0.6115485564304461,0.801605504587156,0.6937965154647827,0.6937965154647827,0.6937965154647827,872.0,0.21799999475479126
local,local,,,0,90,data_4000_4_2.5_chordal_rep02,train_epoch,train,,,10,0.17500942420959473,,,,,,,,4000,,,,,,,,,,,
local,local,,,0,90,data_4000_4_2.5_chordal_rep02,val_epoch,val,,,10,,0.20441172790527343,0.93745,0.7452499866485596,0.8973327862125565,0.8968733549118042,0.8968733549118042,0.8968733549118042,4000,,,,,,,,,,,
local,local,,,0,90,data_4000_4_2.5_chordal_rep02,val_epoch_task,val,cycle2,,10,,,,,,,,,4000,1312.0,20.0,2663.0,5.0,0.984984984984985,0.9962034927866363,0.9905624389648438,0.9905624389648438,0.9905624389648438,1317.0,0.3292500078678131
local,local,,,0,90,data_4000_4_2.5_chordal_rep02,val_epoch_task,val,cycle3,,10,,,,,,,,,4000,1267.0,17.0,2685.0,31.0,0.9867601246105919,0.9761171032357473,0.9814097285270691,0.9814097285270691,0.9814097285270691,1298.0,0.3244999945163727
local,local,,,0,90,data_4000_4_2.5_chordal_rep02,val_epoch_task,val,cycle4,,10,,,,,,,,,4000,1083.0,70.0,2824.0,23.0,0.9392888117953165,0.9792043399638336,0.9588313698768616,0.9588313698768616,0.9588313698768616,1106.0,0.27649998664855957
local,local,,,0,90,data_4000_4_2.5_chordal_rep02,val_epoch_task,val,cycle5,,10,,,,,,,,,4000,983.0,153.0,2790.0,74.0,0.8653169014084507,0.9299905392620624,0.8964888453483582,0.8964888453483582,0.8964888453483582,1057.0,0.2642500102519989
local,local,,,0,90,data_4000_4_2.5_chordal_rep02,val_epoch_task,val,cycle6,,10,,,,,,,,,4000,822.0,808.0,2320.0,50.0,0.5042944785276073,0.9426605504587156,0.6570743918418884,0.6570743918418884,0.6570743918418884,872.0,0.21799999475479126
local,local,,,0,90,data_4000_4_2.5_chordal_rep02,train_epoch,train,,,11,0.17554788315296174,,,,,,,,4000,,,,,,,,,,,
local,local,,,0,90,data_4000_4_2.5_chordal_rep02,val_epoch,val,,,11,,0.18665237832069398,0.9473,0.7875000238418579,0.912122728030682,0.904697597026825,0.904697597026825,0.904697597026825,4000,,,,,,,,,,,
local,local,,,0,90,data_4000_4_2.5_chordal_rep02,val_epoch_task,val,cycle2,,11,,,,,,,,,4000,1317.0,51.0,2632.0,0.0,0.9627192982456141,1.0,0.9810056090354919,0.9810056090354919,0.9810056090354919,1317.0,0.3292500078678131
local,local,,,0,90,data_4000_4_2.5_chordal_rep02,val_epoch_task,val,cycle3,,11,,,,,,,,,4000,1298.0,79.0,2623.0,0.0,0.9426289034132171,1.0,0.9704673290252686,0.9704673290252686,0.9704673290252686,1298.0,0.3244999945163727
local,local,,,0,90,data_4000_4_2.5_chordal_rep02,val_epoch_task,val,cycle4,,11,,,,,,,,,4000,1092.0,137.0,2757.0,14.0,0.8885272579332791,0.9873417721518988,0.9353318810462952,0.9353318810462952,0.9353318810462952,1106.0,0.27649998664855957
local,local,,,0,90,data_4000_4_2.5_chordal_rep02,val_epoch_task,val,cycle5,,11,,,,,,,,,4000,994.0,144.0,2799.0,63.0,0.8734622144112478,0.9403973509933775,0.9056947827339172,0.9056947827339172,0.9056947827339172,1057.0,0.2642500102519989
local,local,,,0,90,data_4000_4_2.5_chordal_rep02,val_epoch_task,val,cycle6,,11,,,,,,,,,4000,769.0,463.0,2665.0,103.0,0.6241883116883117,0.8818807339449541,0.730988621711731,0.730988621711731,0.730988621711731,872.0,0.21799999475479126
local,local,,,0,90,data_4000_4_2.5_chordal_rep02,train_epoch,train,,,12,0.164773355782032,,,,,,,,4000,,,,,,,,,,,
local,local,,,0,90,data_4000_4_2.5_chordal_rep02,val_epoch,val,,,12,,0.18637649857997896,0.9494,0.7982500195503235,0.9154270432893198,0.9095904231071472,0.9095904231071472,0.9095904231071472,4000,,,,,,,,,,,
local,local,,,0,90,data_4000_4_2.5_chordal_rep02,val_epoch_task,val,cycle2,,12,,,,,,,,,4000,1315.0,18.0,2665.0,2.0,0.986496624156039,0.9984813971146546,0.99245285987854,0.99245285987854,0.99245285987854,1317.0,0.3292500078678131
local,local,,,0,90,data_4000_4_2.5_chordal_rep02,val_epoch_task,val,cycle3,,12,,,,,,,,,4000,1291.0,34.0,2668.0,7.0,0.9743396226415094,0.9946070878274268,0.9843690395355225,0.9843690395355225,0.9843690395355225,1298.0,0.3244999945163727
local,local,,,0,90,data_4000_4_2.5_chordal_rep02,val_epoch_task,val,cycle4,,12,,,,,,,,,4000,1078.0,69.0,2825.0,28.0,0.939843068875327,0.9746835443037974,0.9569462537765503,0.9569462537765503,0.9569462537765503,1106.0,0.27649998664855957
local,local,,,0,90,data_4000_4_2.5_chordal_rep02,val_epoch_task,val,cycle5,,12,,,,,,,,,4000,1009.0,167.0,2776.0,48.0,0.8579931972789115,0.9545884578997161,0.9037169814109802,0.9037169814109802,0.9037169814109802,1057.0,0.2642500102519989
local,local,,,0,90,data_4000_4_2.5_chordal_rep02,val_epoch_task,val,cycle6,,12,,,,,,,,,4000,784.0,551.0,2577.0,88.0,0.5872659176029963,0.8990825688073395,0.710466742515564,0.710466742515564,0.710466742515564,872.0,0.21799999475479126
local,local,,,0,90,data_4000_4_2.5_chordal_rep02,train_epoch,train,,,13,0.14826434075832368,,,,,,,,4000,,,,,,,,,,,
local,local,,,0,90,data_4000_4_2.5_chordal_rep02,val_epoch,val,,,13,,0.15412877571582795,0.95,0.8065000176429749,0.9173553719008265,0.9123613238334656,0.9123613238334656,0.9123613238334656,4000,,,,,,,,,,,
local,local,,,0,90,data_4000_4_2.5_chordal_rep02,val_epoch_task,val,cycle2,,13,,,,,,,,,4000,1309.0,7.0,2676.0,8.0,0.9946808510638298,0.9939255884586181,0.9943030476570129,0.9943030476570129,0.9943030476570129,1317.0,0.3292500078678131
local,local,,,0,90,data_4000_4_2.5_chordal_rep02,val_epoch_task,val,cycle3,,13,,,,,,,,,4000,1264.0,20.0,2682.0,34.0,0.9844236760124611,0.9738058551617874,0.9790859818458557,0.9790859818458557,0.9790859818458557,1298.0,0.3244999945163727
local,local,,,0,90,data_4000_4_2.5_chordal_rep02,val_epoch_task,val,cycle4,,13,,,,,,,,,4000,1098.0,129.0,2765.0,8.0,0.8948655256723717,0.9927667269439421,0.941277265548706,0.941277265548706,0.941277265548706,1106.0,0.27649998664855957
local,local,,,0,90,data_4000_4_2.5_chordal_rep02,val_epoch_task,val,cycle5,,13,,,,,,,,,4000,1046.0,238.0,2705.0,11.0,0.8146417445482866,0.9895931882686849,0.8936352133750916,0.8936352133750916,0.8936352133750916,1057.0,0.2642500102519989
local,local,,,0,90,data_4000_4_2.5_chordal_rep02,val_epoch_task,val,cycle6,,13,,,,,,,,,4000,833.0,506.0,2622.0,39.0,0.6221060492905153,0.9552752293577982,0.7535051703453064,0.7535051703453064,0.7535051703453064,872.0,0.21799999475479126
local,local,,,0,90,data_4000_4_2.5_chordal_rep02,train_epoch,train,,,14,0.14314604818820953,,,,,,,,4000,,,,,,,,,,,
local,local,,,0,90,data_4000_4_2.5_chordal_rep02,val_epoch,val,,,14,,0.14127976524829863,0.95925,0.8262500166893005,0.9313337265144495,0.9262195825576782,0.9262195825576782,0.9262195825576782,4000,,,,,,,,,,,
local,local,,,0,90,data_4000_4_2.5_chordal_rep02,val_epoch_task,val,cycle2,,14,,,,,,,,,4000,1317.0,11.0,2672.0,0.0,0.9917168674698795,1.0,0.9958412051200867,0.9958412051200867,0.9958412051200867,1317.0,0.3292500078678131
local,local,,,0,90,data_4000_4_2.5_chordal_rep02,val_epoch_task,val,cycle3,,14,,,,,,,,,4000,1295.0,18.0,2684.0,3.0,0.9862909367859863,0.99768875192604,0.9919571280479431,0.9919571280479431,0.9919571280479431,1298.0,0.3244999945163727
local,local,,,0,90,data_4000_4_2.5_chordal_rep02,val_epoch_task,val,cycle4,,14,,,,,,,,,4000,1070.0,55.0,2839.0,36.0,0.9511111111111111,0.9674502712477396,0.9592111110687256,0.9592111110687256,0.9592111110687256,1106.0,0.27649998664855957
local,local,,,0,90,data_4000_4_2.5_chordal_rep02,val_epoch_task,val,cycle5,,14,,,,,,,,,4000,1012.0,123.0,2820.0,45.0,0.8916299559471366,0.9574266792809839,0.9233576655387878,0.9233576655387878,0.9233576655387878,1057.0,0.2642500102519989
local,local,,,0,90,data_4000_4_2.5_chordal_rep02,val_epoch_task,val,cycle6,,14,,,,,,,,,4000,833.0,485.0,2643.0,39.0,0.6320182094081942,0.9552752293577982,0.7607306241989136,0.7607306241989136,0.7607306241989136,872.0,0.21799999475479126
local,local,,,0,90,data_4000_4_2.5_chordal_rep02,train_epoch,train,,,15,0.14897060120105743,,,,,,,,4000,,,,,,,,,,,
local,local,,,0,90,data_4000_4_2.5_chordal_rep02,val_epoch,val,,,15,,0.1399921697974205,0.9595,0.8352500200271606,0.9315762797769894,0.926551342010498,0.926551342010498,0.926551342010498,4000,,,,,,,,,,,
local,local,,,0,90,data_4000_4_2.5_chordal_rep02,val_epoch_task,val,cycle2,,15,,,,,,,,,4000,1314.0,15.0,2668.0,3.0,0.9887133182844243,0.9977220956719818,0.9931972622871399,0.9931972622871399,0.9931972622871399,1317.0,0.3292500078678131
local,local,,,0,90,data_4000_4_2.5_chordal_rep02,val_epoch_task,val,cycle3,,15,,,,,,,,,4000,1286.0,24.0,2678.0,12.0,0.981679389312977,0.9907550077041603,0.9861963391304016,0.9861963391304016,0.9861963391304016,1298.0,0.3244999945163727
local,local,,,0,90,data_4000_4_2.5_chordal_rep02,val_epoch_task,val,cycle4,,15,,,,,,,,,4000,1066.0,65.0,2829.0,40.0,0.9425287356321839,0.9638336347197106,0.9530621767044067,0.9530621767044067,0.9530621767044067,1106.0,0.27649998664855957
local,local,,,0,90,data_4000_4_2.5_chordal_rep02,val_epoch_task,val,cycle5,,15,,,,,,,,,4000,1011.0,108.0,2835.0,46.0,0.903485254691689,0.956480605487228,0.9292280077934265,0.9292280077934265,0.9292280077934265,1057.0,0.2642500102519989
local,local,,,0,90,data_4000_4_2.5_chordal_rep02,val_epoch_task,val,cycle6,,15,,,,,,,,,4000,837.0,462.0,2666.0,35.0,0.6443418013856813,0.9598623853211009,0.7710732817649841,0.7710732817649841,0.7710732817649841,872.0,0.21799999475479126
local,local,,,0,90,data_4000_4_2.5_chordal_rep02,train_epoch,train,,,16,0.14205061495304108,,,,,,,,4000,,,,,,,,,,,
local,local,,,0,90,data_4000_4_2.5_chordal_rep02,val_epoch,val,,,16,,0.1472848831117153,0.96305,0.8525000214576721,0.936734868590018,0.9295875430107117,0.9295875430107117,0.9295875430107117,4000,,,,,,,,,,,
local,local,,,0,90,data_4000_4_2.5_chordal_rep02,val_epoch_task,val,cycle2,,16,,,,,,,,,4000,1316.0,21.0,2662.0,1.0,0.9842931937172775,0.9992406985573272,0.9917106628417969,0.9917106628417969,0.9917106628417969,1317.0,0.3292500078678131
local,local,,,0,90,data_4000_4_2.5_chordal_rep02,val_epoch_task,val,cycle3,,16,,,,,,,,,4000,1288.0,24.0,2678.0,10.0,0.9817073170731707,0.9922958397534669,0.9869731664657593,0.9869731664657593,0.9869731664657593,1298.0,0.3244999945163727
local,local,,,0,90,data_4000_4_2.5_chordal_rep02,val_epoch_task,val,cycle4,,16,,,,,,,,,4000,1080.0,59.0,2835.0,26.0,0.9482001755926251,0.976491862567812,0.9621381163597107,0.9621381163597107,0.9621381163597107,1106.0,0.27649998664855957
local,local,,,0,90,data_4000_4_2.5_chordal_rep02,val_epoch_task,val,cycle5,,16,,,,,,,,,4000,1004.0,124.0,2819.0,53.0,0.8900709219858156,0.9498580889309366,0.9189931154251099,0.9189931154251099,0.9189931154251099,1057.0,0.2642500102519989
local,local,,,0,90,data_4000_4_2.5_chordal_rep02,val_epoch_task,val,cycle6,,16,,,,,,,,,4000,783.0,332.0,2796.0,89.0,0.7022421524663677,0.8979357798165137,0.7881227731704712,0.7881227731704712,0.7881227731704712,872.0,0.21799999475479126
local,local,,,0,90,data_4000_4_2.5_chordal_rep02,train_epoch,train,,,17,0.14050449758768083,,,,,,,,4000,,,,,,,,,,,
local,local,,,0,90,data_4000_4_2.5_chordal_rep02,val_epoch,val,,,17,,0.12126576435565949,0.967,0.8637499809265137,0.943953804347826,0.9379132986068726,0.9379132986068726,0.9379132986068726,4000,,,,,,,,,,,
local,local,,,0,90,data_4000_4_2.5_chordal_rep02,val_epoch_task,val,cycle2,,17,,,,,,,,,4000,1315.0,8.0,2675.0,2.0,0.9939531368102796,0.9984813971146546,0.9962121248245239,0.9962121248245239,0.9962121248245239,1317.0,0.3292500078678131
local,local,,,0,90,data_4000_4_2.5_chordal_rep02,val_epoch_task,val,cycle3,,17,,,,,,,,,4000,1297.0,36.0,2666.0,1.0,0.972993248312078,0.9992295839753467,0.9859369397163391,0.9859369397163391,0.9859369397163391,1298.0,0.3244999945163727
local,local,,,0,90,data_4000_4_2.5_chordal_rep02,val_epoch_task,val,cycle4,,17,,,,,,,,,4000,1088.0,50.0,2844.0,18.0,0.9560632688927944,0.9837251356238698,0.9696969985961914,0.9696969985961914,0.9696969985961914,1106.0,0.27649998664855957
local,local,,,0,90,data_4000_4_2.5_chordal_rep02,val_epoch_task,val,cycle5,,17,,,,,,,,,4000,1042.0,158.0,2785.0,15.0,0.8683333333333333,0.9858088930936613,0.9233496189117432,0.9233496189117432,0.9233496189117432,1057.0,0.2642500102519989
local,local,,,0,90,data_4000_4_2.5_chordal_rep02,val_epoch_task,val,cycle6,,17,,,,,,,,,4000,816.0,316.0,2812.0,56.0,0.7208480565371025,0.9357798165137615,0.8143712282180786,0.8143712282180786,0.8143712282180786,872.0,0.21799999475479126
local,local,,,0,90,data_4000_4_2.5_chordal_rep02,train_epoch,train,,,18,0.14118393474817276,,,,,,,,4000,,,,,,,,,,,
local,local,,,0,90,data_4000_4_2.5_chordal_rep02,val_epoch,val,,,18,,0.1560451935529709,0.9527,0.8142499923706055,0.9215458616686018,0.9150927662849426,0.9150927662849426,0.9150927662849426,4000,,,,,,,,,,,
local,local,,,0,90,data_4000_4_2.5_chordal_rep02,val_epoch_task,val,cycle2,,18,,,,,,,,,4000,1317.0,30.0,2653.0,0.0,0.977728285077951,1.0,0.9887387156486511,0.9887387156486511,0.9887387156486511,1317.0,0.3292500078678131
local,local,,,0,90,data_4000_4_2.5_chordal_rep02,val_epoch_task,val,cycle3,,18,,,,,,,,,4000,1298.0,68.0,2634.0,0.0,0.9502196193265008,1.0,0.9744744896888733,0.9744744896888733,0.9744744896888733,1298.0,0.3244999945163727
local,local,,,0,90,data_4000_4_2.5_chordal_rep02,val_epoch_task,val,cycle4,,18,,,,,,,,,4000,1096.0,177.0,2717.0,10.0,0.8609583660644148,0.9909584086799277,0.9213955402374268,0.9213955402374268,0.9213955402374268,1106.0,0.27649998664855957
local,local,,,0,90,data_4000_4_2.5_chordal_rep02,val_epoch_task,val,cycle5,,18,,,,,,,,,4000,1037.0,276.0,2667.0,20.0,0.7897943640517898,0.9810785241248817,0.8751055598258972,0.8751055598258972,0.8751055598258972,1057.0,0.2642500102519989
local,local,,,0,90,data_4000_4_2.5_chordal_rep02,val_epoch_task,val,cycle6,,18,,,,,,,,,4000,808.0,301.0,2827.0,64.0,0.7285843101893598,0.926605504587156,0.8157496452331543,0.8157496452331543,0.8157496452331543,872.0,0.21799999475479126
local,local,,,0,90,data_4000_4_2.5_chordal_rep02,train_epoch,train,,,19,0.14050641536712646,,,,,,,,4000,,,,,,,,,,,
local,local,,,0,90,data_4000_4_2.5_chordal_rep02,val_epoch,val,,,19,,0.13426439595222472,0.96925,0.8712499737739563,0.9467394128345025,0.9396671056747437,0.9396671056747437,0.9396671056747437,4000,,,,,,,,,,,
local,local,,,0,90,data_4000_4_2.5_chordal_rep02,val_epoch_task,val,cycle2,,19,,,,,,,,,4000,1314.0,16.0,2667.0,3.0,0.98796992481203,0.9977220956719818,0.9928220510482788,0.9928220510482788,0.9928220510482788,1317.0,0.3292500078678131
local,local,,,0,90,data_4000_4_2.5_chordal_rep02,val_epoch_task,val,cycle3,,19,,,,,,,,,4000,1288.0,14.0,2688.0,10.0,0.989247311827957,0.9922958397534669,0.9907692670822144,0.9907692670822144,0.9907692670822144,1298.0,0.3244999945163727
local,local,,,0,90,data_4000_4_2.5_chordal_rep02,val_epoch_task,val,cycle4,,19,,,,,,,,,4000,1083.0,55.0,2839.0,23.0,0.9516695957820738,0.9792043399638336,0.9652406573295593,0.9652406573295593,0.9652406573295593,1106.0,0.27649998664855957
local,local,,,0,90,data_4000_4_2.5_chordal_rep02,val_epoch_task,val,cycle5,,19,,,,,,,,,4000,1002.0,93.0,2850.0,55.0,0.915068493150685,0.9479659413434248,0.9312267303466797,0.9312267303466797,0.9312267303466797,1057.0,0.2642500102519989
local,local,,,0,90,data_4000_4_2.5_chordal_rep02,val_epoch_task,val,cycle6,,19,,,,,,,,,4000,779.0,253.0,2875.0,93.0,0.7548449612403101,0.893348623853211,0.8182772994041443,0.8182772994041443,0.8182772994041443,872.0,0.21799999475479126
local,local,,,0,90,data_4000_4_2.5_chordal_rep02,train_epoch,train,,,20,0.13689294016361236,,,,,,,,4000,,,,,,,,,,,
local,local,,,0,90,data_4000_4_2.5_chordal_rep02,val_epoch,val,,,20,,0.13702618032693864,0.9682,0.8722500205039978,0.945210199862164,0.9383435249328613,0.9383435249328613,0.9383435249328613,4000,,,,,,,,,,,
local,local,,,0,90,data_4000_4_2.5_chordal_rep02,val_epoch_task,val,cycle2,,20,,,,,,,,,4000,1316.0,5.0,2678.0,1.0,0.9962149886449659,0.9992406985573272,0.9977254867553711,0.9977254867553711,0.9977254867553711,1317.0,0.3292500078678131
local,local,,,0,90,data_4000_4_2.5_chordal_rep02,val_epoch_task,val,cycle3,,20,,,,,,,,,4000,1298.0,37.0,2665.0,0.0,0.9722846441947566,1.0,0.9859476089477539,0.9859476089477539,0.9859476089477539,1298.0,0.3244999945163727
local,local,,,0,90,data_4000_4_2.5_chordal_rep02,val_epoch_task,val,cycle4,,20,,,,,,,,,4000,1057.0,23.0,2871.0,49.0,0.9787037037037037,0.9556962025316456,0.9670631289482117,0.9670631289482117,0.9670631289482117,1106.0,0.27649998664855957
local,local,,,0,90,data_4000_4_2.5_chordal_rep02,val_epoch_task,val,cycle5,,20,,,,,,,,,4000,1031.0,148.0,2795.0,26.0,0.8744698897370653,0.9754020813623463,0.9221824407577515,0.9221824407577515,0.9221824407577515,1057.0,0.2642500102519989
local,local,,,0,90,data_4000_4_2.5_chordal_rep02,val_epoch_task,val,cycle6,,20,,,,,,,,,4000,784.0,259.0,2869.0,88.0,0.7516778523489933,0.8990825688073395,0.8187989592552185,0.8187989592552185,0.8187989592552185,872.0,0.21799999475479126
local,local,,,0,90,data_4000_4_2.5_chordal_rep02,train_epoch,train,,,21,0.12520705044269562,,,,,,,,4000,,,,,,,,,,,
local,local,,,0,90,data_4000_4_2.5_chordal_rep02,val_epoch,val,,,21,,0.15208518224954606,0.9469,0.7952499985694885,0.913291966035271,0.9078841209411621,0.9078841209411621,0.9078841209411621,4000,,,,,,,,,,,
local,local,,,0,90,data_4000_4_2.5_chordal_rep02,val_epoch_task,val,cycle2,,21,,,,,,,,,4000,1317.0,20.0,2663.0,0.0,0.9850411368735976,1.0,0.9924641847610474,0.9924641847610474,0.9924641847610474,1317.0,0.3292500078678131
local,local,,,0,90,data_4000_4_2.5_chordal_rep02,val_epoch_task,val,cycle3,,21,,,,,,,,,4000,1298.0,49.0,2653.0,0.0,0.96362286562732,1.0,0.9814745187759399,0.9814745187759399,0.9814745187759399,1298.0,0.3244999945163727
local,local,,,0,90,data_4000_4_2.5_chordal_rep02,val_epoch_task,val,cycle4,,21,,,,,,,,,4000,1095.0,236.0,2658.0,11.0,0.8226897069872277,0.9900542495479204,0.8986458778381348,0.8986458778381348,0.8986458778381348,1106.0,0.27649998664855957
local,local,,,0,90,data_4000_4_2.5_chordal_rep02,val_epoch_task,val,cycle5,,21,,,,,,,,,4000,1039.0,199.0,2744.0,18.0,0.8392568659127625,0.9829706717123936,0.9054466485977173,0.9054466485977173,0.9054466485977173,1057.0,0.2642500102519989
local,local,,,0,90,data_4000_4_2.5_chordal_rep02,val_epoch_task,val,cycle6,,21,,,,,,,,,4000,844.0,501.0,2627.0,28.0,0.6275092936802974,0.9678899082568807,0.7613892555236816,0.7613892555236816,0.7613892555236816,872.0,0.21799999475479126
local,local,,,0,90,data_4000_4_2.5_chordal_rep02,train_epoch,train,,,22,0.11523081564903259,,,,,,,,4000,,,,,,,,,,,
local,local,,,0,90,data_4000_4_2.5_chordal_rep02,val_epoch,val,,,22,,0.1160706776380539,0.9693,0.8709999918937683,0.9474764756201881,0.9414594769477844,0.9414594769477844,0.9414594769477844,4000,,,,,,,,,,,
local,local,,,0,90,data_4000_4_2.5_chordal_rep02,val_epoch_task,val,cycle2,,22,,,,,,,,,4000,1317.0,11.0,2672.0,0.0,0.9917168674698795,1.0,0.9958412051200867,0.9958412051200867,0.9958412051200867,1317.0,0.3292500078678131
local,local,,,0,90,data_4000_4_2.5_chordal_rep02,val_epoch_task,val,cycle3,,22,,,,,,,,,4000,1289.0,19.0,2683.0,9.0,0.985474006116208,0.9930662557781201,0.9892556071281433,0.9892556071281433,0.9892556071281433,1298.0,0.3244999945163727
local,local,,,0,90,data_4000_4_2.5_chordal_rep02,val_epoch_task,val,cycle4,,22,,,,,,,,,4000,1093.0,57.0,2837.0,13.0,0.9504347826086956,0.9882459312839059,0.9689716696739197,0.9689716696739197,0.9689716696739197,1106.0,0.27649998664855957
local,local,,,0,90,data_4000_4_2.5_chordal_rep02,val_epoch_task,val,cycle5,,22,,,,,,,,,4000,1024.0,99.0,2844.0,33.0,0.9118432769367765,0.9687795648060549,0.9394495487213135,0.9394495487213135,0.9394495487213135,1057.0,0.2642500102519989
local,local,,,0,90,data_4000_4_2.5_chordal_rep02,val_epoch_task,val,cycle6,,22,,,,,,,,,4000,815.0,316.0,2812.0,57.0,0.7206012378426172,0.9346330275229358,0.8137792944908142,0.8137792944908142,0.8137792944908142,872.0,0.21799999475479126
local,local,,,0,90,data_4000_4_2.5_chordal_rep02,train_epoch,train,,,23,0.12195206201076507,,,,,,,,4000,,,,,,,,,,,
local,local,,,0,90,data_4000_4_2.5_chordal_rep02,val_epoch,val,,,23,,0.1302396242618561,0.969,0.8744999766349792,0.9467170849089034,0.940150260925293,0.940150260925293,0.940150260925293,4000,,,,,,,,,,,
local,local,,,0,90,data_4000_4_2.5_chordal_rep02,val_epoch_task,val,cycle2,,23,,,,,,,,,4000,1317.0,9.0,2674.0,0.0,0.9932126696832579,1.0,0.9965947270393372,0.9965947270393372,0.9965947270393372,1317.0,0.3292500078678131
local,local,,,0,90,data_4000_4_2.5_chordal_rep02,val_epoch_task,val,cycle3,,23,,,,,,,,,4000,1292.0,18.0,2684.0,6.0,0.9862595419847329,0.9953775038520801,0.9907975196838379,0.9907975196838379,0.9907975196838379,1298.0,0.3244999945163727
local,local,,,0,90,data_4000_4_2.5_chordal_rep02,val_epoch_task,val,cycle4,,23,,,,,,,,,4000,1080.0,51.0,2843.0,26.0,0.9549071618037135,0.976491862567812,0.9655789136886597,0.9655789136886597,0.9655789136886597,1106.0,0.27649998664855957
local,local,,,0,90,data_4000_4_2.5_chordal_rep02,val_epoch_task,val,cycle5,,23,,,,,,,,,4000,1019.0,111.0,2832.0,38.0,0.9017699115044248,0.9640491958372753,0.93187016248703,0.93187016248703,0.93187016248703,1057.0,0.2642500102519989
local,local,,,0,90,data_4000_4_2.5_chordal_rep02,val_epoch_task,val,cycle6,,23,,,,,,,,,4000,800.0,289.0,2839.0,72.0,0.7346189164370982,0.9174311926605505,0.815910279750824,0.815910279750824,0.815910279750824,872.0,0.21799999475479126
local,local,,,0,90,data_4000_4_2.5_chordal_rep02,train_epoch,train,,,24,0.12978357282280922,,,,,,,,4000,,,,,,,,,,,
local,local,,,0,90,data_4000_4_2.5_chordal_rep02,val_epoch,val,,,24,,0.13134250950813292,0.96335,0.8527500033378601,0.9378022910479422,0.931066632270813,0.931066632270813,0.931066632270813,4000,,,,,,,,,,,
local,local,,,0,90,data_4000_4_2.5_chordal_rep02,val_epoch_task,val,cycle2,,24,,,,,,,,,4000,1315.0,14.0,2669.0,2.0,0.9894657637321295,0.9984813971146546,0.9939531087875366,0.9939531087875366,0.9939531087875366,1317.0,0.3292500078678131
local,local,,,0,90,data_4000_4_2.5_chordal_rep02,val_epoch_task,val,cycle3,,24,,,,,,,,,4000,1292.0,21.0,2681.0,6.0,0.984006092916984,0.9953775038520801,0.9896591305732727,0.9896591305732727,0.9896591305732727,1298.0,0.3244999945163727
local,local,,,0,90,data_4000_4_2.5_chordal_rep02,val_epoch_task,val,cycle4,,24,,,,,,,,,4000,1096.0,110.0,2784.0,10.0,0.9087893864013267,0.9909584086799277,0.9480968713760376,0.9480968713760376,0.9480968713760376,1106.0,0.27649998664855957
local,local,,,0,90,data_4000_4_2.5_chordal_rep02,val_epoch_task,val,cycle5,,24,,,,,,,,,4000,1021.0,130.0,2813.0,36.0,0.8870547350130321,0.9659413434247871,0.9248188734054565,0.9248188734054565,0.9248188734054565,1057.0,0.2642500102519989
local,local,,,0,90,data_4000_4_2.5_chordal_rep02,val_epoch_task,val,cycle6,,24,,,,,,,,,4000,802.0,334.0,2794.0,70.0,0.7059859154929577,0.9197247706422018,0.798804759979248,0.798804759979248,0.798804759979248,872.0,0.21799999475479126
local,local,,,0,90,data_4000_4_2.5_chordal_rep02,train_epoch,train,,,25,0.12481427639722824,,,,,,,,4000,,,,,,,,,,,
local,local,,,0,90,data_4000_4_2.5_chordal_rep02,val_epoch,val,,,25,,0.13523590350151063,0.96625,0.8632500171661377,0.9419853889127632,0.9359090924263,0.9359090924263,0.9359090924263,4000,,,,,,,,,,,
local,local,,,0,90,data_4000_4_2.5_chordal_rep02,val_epoch_task,val,cycle2,,25,,,,,,,,,4000,1317.0,14.0,2669.0,0.0,0.9894815927873779,1.0,0.9947129487991333,0.9947129487991333,0.9947129487991333,1317.0,0.3292500078678131
local,local,,,0,90,data_4000_4_2.5_chordal_rep02,val_epoch_task,val,cycle3,,25,,,,,,,,,4000,1288.0,41.0,2661.0,10.0,0.9691497366440933,0.9922958397534669,0.9805862307548523,0.9805862307548523,0.9805862307548523,1298.0,0.3244999945163727
local,local,,,0,90,data_4000_4_2.5_chordal_rep02,val_epoch_task,val,cycle4,,25,,,,,,,,,4000,1047.0,30.0,2864.0,59.0,0.9721448467966574,0.9466546112115732,0.9592304229736328,0.9592304229736328,0.9592304229736328,1106.0,0.27649998664855957
local,local,,,0,90,data_4000_4_2.5_chordal_rep02,val_epoch_task,val,cycle5,,25,,,,,,,,,4000,1021.0,98.0,2845.0,36.0,0.9124218051831993,0.9659413434247871,0.9384191632270813,0.9384191632270813,0.9384191632270813,1057.0,0.2642500102519989
local,local,,,0,90,data_4000_4_2.5_chordal_rep02,val_epoch_task,val,cycle6,,25,,,,,,,,,4000,807.0,322.0,2806.0,65.0,0.7147918511957484,0.9254587155963303,0.8065966963768005,0.8065966963768005,0.8065966963768005,872.0,0.21799999475479126
local,local,,,0,90,data_4000_4_2.5_chordal_rep02,train_epoch,train,,,26,0.13796360230445862,,,,,,,,4000,,,,,,,,,,,
local,local,,,0,90,data_4000_4_2.5_chordal_rep02,val_epoch,val,,,26,,0.13402452456951142,0.95525,0.8240000009536743,0.9259902422889275,0.920885443687439,0.920885443687439,0.920885443687439,4000,,,,,,,,,,,
local,local,,,0,90,data_4000_4_2.5_chordal_rep02,val_epoch_task,val,cycle2,,26,,,,,,,,,4000,1317.0,9.0,2674.0,0.0,0.9932126696832579,1.0,0.9965947270393372,0.9965947270393372,0.9965947270393372,1317.0,0.3292500078678131
local,local,,,0,90,data_4000_4_2.5_chordal_rep02,val_epoch_task,val,cycle3,,26,,,,,,,,,4000,1295.0,26.0,2676.0,3.0,0.9803179409538229,0.99768875192604,0.9889270663261414,0.9889270663261414,0.9889270663261414,1298.0,0.3244999945163727
local,local,,,0,90,data_4000_4_2.5_chordal_rep02,val_epoch_task,val,cycle4,,26,,,,,,,,,4000,1096.0,118.0,2776.0,10.0,0.9028006589785832,0.9909584086799277,0.9448276162147522,0.9448276162147522,0.9448276162147522,1106.0,0.27649998664855957
local,local,,,0,90,data_4000_4_2.5_chordal_rep02,val_epoch_task,val,cycle5,,26,,,,,,,,,4000,1038.0,208.0,2735.0,19.0,0.8330658105939005,0.9820245979186376,0.9014329314231873,0.9014329314231873,0.9014329314231873,1057.0,0.2642500102519989
local,local,,,0,90,data_4000_4_2.5_chordal_rep02,val_epoch_task,val,cycle6,,26,,,,,,,,,4000,853.0,483.0,2645.0,19.0,0.6384730538922155,0.9782110091743119,0.7726448774337769,0.7726448774337769,0.7726448774337769,872.0,0.21799999475479126
local,local,,,0,90,data_4000_4_2.5_chordal_rep02,train_epoch,train,,,27,0.11916832953691482,,,,,,,,4000,,,,,,,,,,,
local,local,,,0,90,data_4000_4_2.5_chordal_rep02,val_epoch,val,,,27,,0.12406999504566192,0.9659,0.8619999885559082,0.9416695176188847,0.9356123805046082,0.9356123805046082,0.9356123805046082,4000,,,,,,,,,,,
local,local,,,0,90,data_4000_4_2.5_chordal_rep02,val_epoch_task,val,cycle2,,27,,,,,,,,,4000,1314.0,8.0,2675.0,3.0,0.9939485627836612,0.9977220956719818,0.9958317875862122,0.9958317875862122,0.9958317875862122,1317.0,0.3292500078678131
local,local,,,0,90,data_4000_4_2.5_chordal_rep02,val_epoch_task,val,cycle3,,27,,,,,,,,,4000,1296.0,32.0,2670.0,2.0,0.9759036144578314,0.9984591679506933,0.9870525598526001,0.9870525598526001,0.9870525598526001,1298.0,0.3244999945163727
local,local,,,0,90,data_4000_4_2.5_chordal_rep02,val_epoch_task,val,cycle4,,27,,,,,,,,,4000,1085.0,48.0,2846.0,21.0,0.9576345984112974,0.9810126582278481,0.9691826701164246,0.9691826701164246,0.9691826701164246,1106.0,0.27649998664855957
local,local,,,0,90,data_4000_4_2.5_chordal_rep02,val_epoch_task,val,cycle5,,27,,,,,,,,,4000,995.0,84.0,2859.0,62.0,0.9221501390176089,0.9413434247871334,0.9316479563713074,0.9316479563713074,0.9316479563713074,1057.0,0.2642500102519989
local,local,,,0,90,data_4000_4_2.5_chordal_rep02,val_epoch_task,val,cycle6,,27,,,,,,,,,4000,815.0,365.0,2763.0,57.0,0.690677966101695,0.9346330275229358,0.7943469882011414,0.7943469882011414,0.7943469882011414,872.0,0.21799999475479126
local,local,,,0,90,data_4000_4_2.5_chordal_rep02,train_epoch,train,,,28,0.12227938038110733,,,,,,,,4000,,,,,,,,,,,
local,local,,,0,90,data_4000_4_2.5_chordal_rep02,val_epoch,val,,,28,,0.13189174935221673,0.9707,0.8805000185966492,0.9491407741711508,0.9424248933792114,0.9424248933792114,0.9424248933792114,4000,,,,,,,,,,,
local,local,,,0,90,data_4000_4_2.5_chordal_rep02,val_epoch_task,val,cycle2,,28,,,,,,,,,4000,1315.0,20.0,2663.0,2.0,0.9850187265917603,0.9984813971146546,0.9917044043540955,0.9917044043540955,0.9917044043540955,1317.0,0.3292500078678131
local,local,,,0,90,data_4000_4_2.5_chordal_rep02,val_epoch_task,val,cycle3,,28,,,,,,,,,4000,1290.0,25.0,2677.0,8.0,0.9809885931558935,0.9938366718027735,0.9873708486557007,0.9873708486557007,0.9873708486557007,1298.0,0.3244999945163727
local,local,,,0,90,data_4000_4_2.5_chordal_rep02,val_epoch_task,val,cycle4,,28,,,,,,,,,4000,1067.0,26.0,2868.0,39.0,0.9762122598353157,0.9647377938517179,0.9704411029815674,0.9704411029815674,0.9704411029815674,1106.0,0.27649998664855957
local,local,,,0,90,data_4000_4_2.5_chordal_rep02,val_epoch_task,val,cycle5,,28,,,,,,,,,4000,1017.0,104.0,2839.0,40.0,0.9072256913470116,0.9621570482497634,0.9338842630386353,0.9338842630386353,0.9338842630386353,1057.0,0.2642500102519989
local,local,,,0,90,data_4000_4_2.5_chordal_rep02,val_epoch_task,val,cycle6,,28,,,,,,,,,4000,779.0,229.0,2899.0,93.0,0.7728174603174603,0.893348623853211,0.8287234306335449,0.8287234306335449,0.8287234306335449,872.0,0.21799999475479126
local,local,,,0,90,data_4000_4_2.5_chordal_rep02,train_epoch,train,,,29,0.12425760924816132,,,,,,,,4000,,,,,,,,,,,
local,local,,,0,90,data_4000_4_2.5_chordal_rep02,val_epoch,val,,,29,,0.11800733536481857,0.9662,0.8640000224113464,0.942721572614811,0.9368196725845337,0.9368196725845337,0.9368196725845337,4000,,,,,,,,,,,
local,local,,,0,90,data_4000_4_2.5_chordal_rep02,val_epoch_task,val,cycle2,,29,,,,,,,,,4000,1316.0,6.0,2677.0,1.0,0.9954614220877458,0.9992406985573272,0.9973474740982056,0.9973474740982056,0.9973474740982056,1317.0,0.3292500078678131
local,local,,,0,90,data_4000_4_2.5_chordal_rep02,val_epoch_task,val,cycle3,,29,,,,,,,,,4000,1297.0,46.0,2656.0,1.0,0.9657483246463142,0.9992295839753467,0.9822037220001221,0.9822037220001221,0.9822037220001221,1298.0,0.3244999945163727
local,local,,,0,90,data_4000_4_2.5_chordal_rep02,val_epoch_task,val,cycle4,,29,,,,,,,,,4000,1094.0,53.0,2841.0,12.0,0.953792502179599,0.9891500904159132,0.9711495637893677,0.9711495637893677,0.9711495637893677,1106.0,0.27649998664855957
local,local,,,0,90,data_4000_4_2.5_chordal_rep02,val_epoch_task,val,cycle5,,29,,,,,,,,,4000,1034.0,176.0,2767.0,23.0,0.8545454545454545,0.978240302743614,0.9122188091278076,0.9122188091278076,0.9122188091278076,1057.0,0.2642500102519989
local,local,,,0,90,data_4000_4_2.5_chordal_rep02,val_epoch_task,val,cycle6,,29,,,,,,,,,4000,822.0,308.0,2820.0,50.0,0.727433628318584,0.9426605504587156,0.8211787939071655,0.8211787939071655,0.8211787939071655,872.0,0.21799999475479126
local,local,,,0,90,data_4000_4_2.5_chordal_rep02,train_epoch,train,,,30,0.11651950514316559,,,,,,,,4000,,,,,,,,,,,
local,local,,,0,90,data_4000_4_2.5_chordal_rep02,val_epoch,val,,,30,,0.13545507204532622,0.95835,0.8370000123977661,0.9305428166430416,0.9247663617134094,0.9247663617134094,0.9247663617134094,4000,,,,,,,,,,,
local,local,,,0,90,data_4000_4_2.5_chordal_rep02,val_epoch_task,val,cycle2,,30,,,,,,,,,4000,1317.0,23.0,2660.0,0.0,0.9828358208955223,1.0,0.9913436770439148,0.9913436770439148,0.9913436770439148,1317.0,0.3292500078678131
local,local,,,0,90,data_4000_4_2.5_chordal_rep02,val_epoch_task,val,cycle3,,30,,,,,,,,,4000,1295.0,20.0,2682.0,3.0,0.9847908745247148,0.99768875192604,0.9911978840827942,0.9911978840827942,0.9911978840827942,1298.0,0.3244999945163727
local,local,,,0,90,data_4000_4_2.5_chordal_rep02,val_epoch_task,val,cycle4,,30,,,,,,,,,4000,1092.0,121.0,2773.0,14.0,0.9002473206924979,0.9873417721518988,0.9417852163314819,0.9417852163314819,0.9417852163314819,1106.0,0.27649998664855957
local,local,,,0,90,data_4000_4_2.5_chordal_rep02,val_epoch_task,val,cycle5,,30,,,,,,,,,4000,1036.0,197.0,2746.0,21.0,0.8402270884022709,0.9801324503311258,0.9048035144805908,0.9048035144805908,0.9048035144805908,1057.0,0.2642500102519989
local,local,,,0,90,data_4000_4_2.5_chordal_rep02,val_epoch_task,val,cycle6,,30,,,,,,,,,4000,840.0,402.0,2726.0,32.0,0.6763285024154589,0.963302752293578,0.794701874256134,0.794701874256134,0.794701874256134,872.0,0.21799999475479126
local,local,,,0,90,data_4000_4_2.5_chordal_rep02,train_epoch,train,,,31,0.11638180217146873,,,,,,,,4000,,,,,,,,,,,
local,local,,,0,90,data_4000_4_2.5_chordal_rep02,val_epoch,val,,,31,,0.12441421914100646,0.96905,0.871999979019165,0.9469079680933186,0.9402283430099487,0.9402283430099487,0.9402283430099487,4000,,,,,,,,,,,
local,local,,,0,90,data_4000_4_2.5_chordal_rep02,val_epoch_task,val,cycle2,,31,,,,,,,,,4000,1316.0,9.0,2674.0,1.0,0.9932075471698113,0.9992406985573272,0.9962149858474731,0.9962149858474731,0.9962149858474731,1317.0,0.3292500078678131
local,local,,,0,90,data_4000_4_2.5_chordal_rep02,val_epoch_task,val,cycle3,,31,,,,,,,,,4000,1297.0,28.0,2674.0,1.0,0.9788679245283018,0.9992295839753467,0.9889439940452576,0.9889439940452576,0.9889439940452576,1298.0,0.3244999945163727
local,local,,,0,90,data_4000_4_2.5_chordal_rep02,val_epoch_task,val,cycle4,,31,,,,,,,,,4000,1092.0,80.0,2814.0,14.0,0.931740614334471,0.9873417721518988,0.9587357044219971,0.9587357044219971,0.9587357044219971,1106.0,0.27649998664855957
local,local,,,0,90,data_4000_4_2.5_chordal_rep02,val_epoch_task,val,cycle5,,31,,,,,,,,,4000,1019.0,95.0,2848.0,38.0,0.914721723518851,0.9640491958372753,0.9387379288673401,0.9387379288673401,0.9387379288673401,1057.0,0.2642500102519989
local,local,,,0,90,data_4000_4_2.5_chordal_rep02,val_epoch_task,val,cycle6,,31,,,,,,,,,4000,796.0,277.0,2851.0,76.0,0.7418452935694315,0.9128440366972477,0.8185091018676758,0.8185091018676758,0.8185091018676758,872.0,0.21799999475479126
local,local,,,0,90,data_4000_4_2.5_chordal_rep02,train_epoch,train,,,32,0.11109843242168427,,,,,,,,4000,,,,,,,,,,,
local,local,,,0,90,data_4000_4_2.5_chordal_rep02,val_epoch,val,,,32,,0.1162334250509739,0.96515,0.8600000143051147,0.941136728316865,0.9352652430534363,0.9352652430534363,0.9352652430534363,4000,,,,,,,,,,,
local,local,,,0,90,data_4000_4_2.5_chordal_rep02,val_epoch_task,val,cycle2,,32,,,,,,,,,4000,1317.0,16.0,2667.0,0.0,0.9879969992498124,1.0,0.9939622282981873,0.9939622282981873,0.9939622282981873,1317.0,0.3292500078678131
local,local,,,0,90,data_4000_4_2.5_chordal_rep02,val_epoch_task,val,cycle3,,32,,,,,,,,,4000,1294.0,24.0,2678.0,4.0,0.9817905918057663,0.9969183359013868,0.989296555519104,0.989296555519104,0.989296555519104,1298.0,0.3244999945163727
local,local,,,0,90,data_4000_4_2.5_chordal_rep02,val_epoch_task,val,cycle4,,32,,,,,,,,,4000,1097.0,53.0,2841.0,9.0,0.9539130434782609,0.9918625678119349,0.972517728805542,0.972517728805542,0.972517728805542,1106.0,0.27649998664855957
local,local,,,0,90,data_4000_4_2.5_chordal_rep02,val_epoch_task,val,cycle5,,32,,,,,,,,,4000,1043.0,157.0,2786.0,14.0,0.8691666666666666,0.9867549668874173,0.9242357015609741,0.9242357015609741,0.9242357015609741,1057.0,0.2642500102519989
local,local,,,0,90,data_4000_4_2.5_chordal_rep02,val_epoch_task,val,cycle6,,32,,,,,,,,,4000,821.0,369.0,2759.0,51.0,0.6899159663865546,0.9415137614678899,0.7963142991065979,0.7963142991065979,0.7963142991065979,872.0,0.21799999475479126
local,local,,,0,90,data_4000_4_2.5_chordal_rep02,train_epoch,train,,,33,0.11699211275577545,,,,,,,,4000,,,,,,,,,,,
local,local,,,0,90,data_4000_4_2.5_chordal_rep02,val_epoch,val,,,33,,0.1266237481534481,0.96315,0.8507500290870667,0.9375899737488356,0.9321864247322083,0.9321864247322083,0.9321864247322083,4000,,,,,,,,,,,
local,local,,,0,90,data_4000_4_2.5_chordal_rep02,val_epoch_task,val,cycle2,,33,,,,,,,,,4000,1314.0,10.0,2673.0,3.0,0.9924471299093656,0.9977220956719818,0.9950776100158691,0.9950776100158691,0.9950776100158691,1317.0,0.3292500078678131
local,local,,,0,90,data_4000_4_2.5_chordal_rep02,val_epoch_task,val,cycle3,,33,,,,,,,,,4000,1286.0,20.0,2682.0,12.0,0.9846860643185299,0.9907550077041603,0.9877111911773682,0.9877111911773682,0.9877111911773682,1298.0,0.3244999945163727
local,local,,,0,90,data_4000_4_2.5_chordal_rep02,val_epoch_task,val,cycle4,,33,,,,,,,,,4000,1083.0,35.0,2859.0,23.0,0.9686940966010733,0.9792043399638336,0.9739208817481995,0.9739208817481995,0.9739208817481995,1106.0,0.27649998664855957
local,local,,,0,90,data_4000_4_2.5_chordal_rep02,val_epoch_task,val,cycle5,,33,,,,,,,,,4000,1018.0,163.0,2780.0,39.0,0.8619813717188823,0.9631031220435194,0.9097408652305603,0.9097408652305603,0.9097408652305603,1057.0,0.2642500102519989
local,local,,,0,90,data_4000_4_2.5_chordal_rep02,val_epoch_task,val,cycle6,,33,,,,,,,,,4000,835.0,395.0,2733.0,37.0,0.6788617886178862,0.9575688073394495,0.7944814562797546,0.7944814562797546,0.7944814562797546,872.0,0.21799999475479126
local,local,,,0,90,data_4000_4_2.5_chordal_rep02,train_epoch,train,,,34,0.11724219995737076,,,,,,,,4000,,,,,,,,,,,
local,local,,,0,90,data_4000_4_2.5_chordal_rep02,val_epoch,val,,,34,,0.11502192914485931,0.97525,0.8989999890327454,0.9568627450980391,0.9504221081733704,0.9504221081733704,0.9504221081733704,4000,,,,,,,,,,,
local,local,,,0,90,data_4000_4_2.5_chordal_rep02,val_epoch_task,val,cycle2,,34,,,,,,,,,4000,1317.0,13.0,2670.0,0.0,0.9902255639097745,1.0,0.9950887560844421,0.9950887560844421,0.9950887560844421,1317.0,0.3292500078678131
local,local,,,0,90,data_4000_4_2.5_chordal_rep02,val_epoch_task,val,cycle3,,34,,,,,,,,,4000,1295.0,13.0,2689.0,3.0,0.9900611620795107,0.99768875192604,0.9938603043556213,0.9938603043556213,0.9938603043556213,1298.0,0.3244999945163727
local,local,,,0,90,data_4000_4_2.5_chordal_rep02,val_epoch_task,val,cycle4,,34,,,,,,,,,4000,1074.0,32.0,2862.0,32.0,0.9710669077757685,0.9710669077757685,0.9710668921470642,0.9710668921470642,0.9710668921470642,1106.0,0.27649998664855957
local,local,,,0,90,data_4000_4_2.5_chordal_rep02,val_epoch_task,val,cycle5,,34,,,,,,,,,4000,1024.0,104.0,2839.0,33.0,0.9078014184397163,0.9687795648060549,0.9372997879981995,0.9372997879981995,0.9372997879981995,1057.0,0.2642500102519989
local,local,,,0,90,data_4000_4_2.5_chordal_rep02,val_epoch_task,val,cycle6,,34,,,,,,,,,4000,780.0,173.0,2955.0,92.0,0.8184679958027282,0.8944954128440367,0.8547945618629456,0.8547945618629456,0.8547945618629456,872.0,0.21799999475479126
local,local,,,0,90,data_4000_4_2.5_chordal_rep02,train_epoch,train,,,35,0.10804502537846565,,,,,,,,4000,,,,,,,,,,,
local,local,,,0,90,data_4000_4_2.5_chordal_rep02,val_epoch,val,,,35,,0.12016205424070359,0.96745,0.8697500228881836,0.9446851899056844,0.938228964805603,0.938228964805603,0.938228964805603,4000,,,,,,,,,,,
local,local,,,0,90,data_4000_4_2.5_chordal_rep02,val_epoch_task,val,cycle2,,35,,,,,,,,,4000,1313.0,9.0,2674.0,4.0,0.9931921331316188,0.996962794229309,0.9950738549232483,0.9950738549232483,0.9950738549232483,1317.0,0.3292500078678131
local,local,,,0,90,data_4000_4_2.5_chordal_rep02,val_epoch_task,val,cycle3,,35,,,,,,,,,4000,1298.0,39.0,2663.0,0.0,0.9708302169035153,1.0,0.9851992130279541,0.9851992130279541,0.9851992130279541,1298.0,0.3244999945163727
local,local,,,0,90,data_4000_4_2.5_chordal_rep02,val_epoch_task,val,cycle4,,35,,,,,,,,,4000,1101.0,83.0,2811.0,5.0,0.9298986486486487,0.9954792043399638,0.9615720510482788,0.9615720510482788,0.9615720510482788,1106.0,0.27649998664855957
local,local,,,0,90,data_4000_4_2.5_chordal_rep02,val_epoch_task,val,cycle5,,35,,,,,,,,,4000,1047.0,164.0,2779.0,10.0,0.8645747316267548,0.9905392620624409,0.9232804179191589,0.9232804179191589,0.9232804179191589,1057.0,0.2642500102519989
local,local,,,0,90,data_4000_4_2.5_chordal_rep02,val_epoch_task,val,cycle6,,35,,,,,,,,,4000,800.0,265.0,2863.0,72.0,0.7511737089201878,0.9174311926605505,0.8260196447372437,0.8260196447372437,0.8260196447372437,872.0,0.21799999475479126
local,local,,,0,90,data_4000_4_2.5_chordal_rep02,train_epoch,train,,,36,0.11449143570661545,,,,,,,,4000,,,,,,,,,,,
local,local,,,0,90,data_4000_4_2.5_chordal_rep02,val_epoch,val,,,36,,0.128556640625,0.96945,0.871999979019165,0.9473048727899958,0.9399201273918152,0.9399201273918152,0.9399201273918152,4000,,,,,,,,,,,
local,local,,,0,90,data_4000_4_2.5_chordal_rep02,val_epoch_task,val,cycle2,,36,,,,,,,,,4000,1317.0,17.0,2666.0,0.0,0.987256371814093,1.0,0.99358731508255,0.99358731508255,0.99358731508255,1317.0,0.3292500078678131
local,local,,,0,90,data_4000_4_2.5_chordal_rep02,val_epoch_task,val,cycle3,,36,,,,,,,,,4000,1298.0,26.0,2676.0,0.0,0.9803625377643505,1.0,0.9900839328765869,0.9900839328765869,0.9900839328765869,1298.0,0.3244999945163727
local,local,,,0,90,data_4000_4_2.5_chordal_rep02,val_epoch_task,val,cycle4,,36,,,,,,,,,4000,1087.0,94.0,2800.0,19.0,0.9204064352243861,0.9828209764918626,0.9505903124809265,0.9505903124809265,0.9505903124809265,1106.0,0.27649998664855957
local,local,,,0,90,data_4000_4_2.5_chordal_rep02,val_epoch_task,val,cycle5,,36,,,,,,,,,4000,1026.0,114.0,2829.0,31.0,0.9,0.9706717123935666,0.9340009093284607,0.9340009093284607,0.9340009093284607,1057.0,0.2642500102519989
local,local,,,0,90,data_4000_4_2.5_chordal_rep02,val_epoch_task,val,cycle6,,36,,,,,,,,,4000,764.0,202.0,2926.0,108.0,0.7908902691511387,0.8761467889908257,0.8313384652137756,0.8313384652137756,0.8313384652137756,872.0,0.21799999475479126
local,local,,,0,90,data_4000_4_2.5_chordal_rep02,train_epoch,train,,,37,0.1219708500802517,,,,,,,,4000,,,,,,,,,,,
local,local,,,0,90,data_4000_4_2.5_chordal_rep02,val_epoch,val,,,37,,0.12320762073993682,0.9686,0.8702499866485596,0.9461775797051766,0.9407218098640442,0.9407218098640442,0.9407218098640442,4000,,,,,,,,,,,
local,local,,,0,90,data_4000_4_2.5_chordal_rep02,val_epoch_task,val,cycle2,,37,,,,,,,,,4000,1312.0,6.0,2677.0,5.0,0.9954476479514416,0.9962034927866363,0.995825469493866,0.995825469493866,0.995825469493866,1317.0,0.3292500078678131
local,local,,,0,90,data_4000_4_2.5_chordal_rep02,val_epoch_task,val,cycle3,,37,,,,,,,,,4000,1292.0,34.0,2668.0,6.0,0.9743589743589743,0.9953775038520801,0.9847561120986938,0.9847561120986938,0.9847561120986938,1298.0,0.3244999945163727
local,local,,,0,90,data_4000_4_2.5_chordal_rep02,val_epoch_task,val,cycle4,,37,,,,,,,,,4000,1077.0,30.0,2864.0,29.0,0.9728997289972899,0.9737793851717902,0.9733393788337708,0.9733393788337708,0.9733393788337708,1106.0,0.27649998664855957
local,local,,,0,90,data_4000_4_2.5_chordal_rep02,val_epoch_task,val,cycle5,,37,,,,,,,,,4000,1011.0,86.0,2857.0,46.0,0.9216043755697356,0.956480605487228,0.9387186765670776,0.9387186765670776,0.9387186765670776,1057.0,0.2642500102519989
local,local,,,0,90,data_4000_4_2.5_chordal_rep02,val_epoch_task,val,cycle6,,37,,,,,,,,,4000,828.0,342.0,2786.0,44.0,0.7076923076923077,0.9495412844036697,0.8109696507453918,0.8109696507453918,0.8109696507453918,872.0,0.21799999475479126
local,local,,,0,90,data_4000_4_2.5_chordal_rep02,train_epoch,train,,,38,0.11294963082671165,,,,,,,,4000,,,,,,,,,,,
local,local,,,0,90,data_4000_4_2.5_chordal_rep02,val_epoch,val,,,38,,0.14040005886554718,0.9746,0.893750011920929,0.9550681054307447,0.9476379156112671,0.9476379156112671,0.9476379156112671,4000,,,,,,,,,,,
local,local,,,0,90,data_4000_4_2.5_chordal_rep02,val_epoch_task,val,cycle2,,38,,,,,,,,,4000,1317.0,12.0,2671.0,0.0,0.9909706546275395,1.0,0.9954648613929749,0.9954648613929749,0.9954648613929749,1317.0,0.3292500078678131
local,local,,,0,90,data_4000_4_2.5_chordal_rep02,val_epoch_task,val,cycle3,,38,,,,,,,,,4000,1298.0,17.0,2685.0,0.0,0.9870722433460076,1.0,0.9934940338134766,0.9934940338134766,0.9934940338134766,1298.0,0.3244999945163727
local,local,,,0,90,data_4000_4_2.5_chordal_rep02,val_epoch_task,val,cycle4,,38,,,,,,,,,4000,1036.0,21.0,2873.0,70.0,0.9801324503311258,0.9367088607594937,0.9579288363456726,0.9579288363456726,0.9579288363456726,1106.0,0.27649998664855957
local,local,,,0,90,data_4000_4_2.5_chordal_rep02,val_epoch_task,val,cycle5,,38,,,,,,,,,4000,1000.0,58.0,2885.0,57.0,0.945179584120983,0.9460737937559129,0.9456264972686768,0.9456264972686768,0.9456264972686768,1057.0,0.2642500102519989
local,local,,,0,90,data_4000_4_2.5_chordal_rep02,val_epoch_task,val,cycle6,,38,,,,,,,,,4000,748.0,149.0,2979.0,124.0,0.8338907469342252,0.8577981651376146,0.8456754684448242,0.8456754684448242,0.8456754684448242,872.0,0.21799999475479126
local,local,,,0,90,data_4000_4_2.5_chordal_rep02,train_epoch,train,,,39,0.10145657575130462,,,,,,,,4000,,,,,,,,,,,
local,local,,,0,90,data_4000_4_2.5_chordal_rep02,val_epoch,val,,,39,,0.10784696871042251,0.96985,0.8742499947547913,0.9484571330882982,0.9428600072860718,0.9428600072860718,0.9428600072860718,4000,,,,,,,,,,,
local,local,,,0,90,data_4000_4_2.5_chordal_rep02,val_epoch_task,val,cycle2,,39,,,,,,,,,4000,1317.0,16.0,2667.0,0.0,0.9879969992498124,1.0,0.9939622282981873,0.9939622282981873,0.9939622282981873,1317.0,0.3292500078678131
local,local,,,0,90,data_4000_4_2.5_chordal_rep02,val_epoch_task,val,cycle3,,39,,,,,,,,,4000,1286.0,12.0,2690.0,12.0,0.9907550077041603,0.9907550077041603,0.990755021572113,0.990755021572113,0.990755021572113,1298.0,0.3244999945163727
local,local,,,0,90,data_4000_4_2.5_chordal_rep02,val_epoch_task,val,cycle4,,39,,,,,,,,,4000,1087.0,64.0,2830.0,19.0,0.944396177237185,0.9828209764918626,0.9632254838943481,0.9632254838943481,0.9632254838943481,1106.0,0.27649998664855957
local,local,,,0,90,data_4000_4_2.5_chordal_rep02,val_epoch_task,val,cycle5,,39,,,,,,,,,4000,1030.0,94.0,2849.0,27.0,0.9163701067615658,0.9744560075685903,0.9445208311080933,0.9445208311080933,0.9445208311080933,1057.0,0.2642500102519989
local,local,,,0,90,data_4000_4_2.5_chordal_rep02,val_epoch_task,val,cycle6,,39,,,,,,,,,4000,828.0,315.0,2813.0,44.0,0.7244094488188977,0.9495412844036697,0.8218362331390381,0.8218362331390381,0.8218362331390381,872.0,0.21799999475479126
local,local,,,0,90,data_4000_4_2.5_chordal_rep02,train_epoch,train,,,40,0.11352096980810165,,,,,,,,4000,,,,,,,,,,,
local,local,,,0,90,data_4000_4_2.5_chordal_rep02,val_epoch,val,,,40,,0.11480489093065262,0.9707,0.8799999952316284,0.94953496383052,0.9434581995010376,0.9434581995010376,0.9434581995010376,4000,,,,,,,,,,,
local,local,,,0,90,data_4000_4_2.5_chordal_rep02,val_epoch_task,val,cycle2,,40,,,,,,,,,4000,1317.0,17.0,2666.0,0.0,0.987256371814093,1.0,0.99358731508255,0.99358731508255,0.99358731508255,1317.0,0.3292500078678131
local,local,,,0,90,data_4000_4_2.5_chordal_rep02,val_epoch_task,val,cycle3,,40,,,,,,,,,4000,1295.0,12.0,2690.0,3.0,0.9908186687069626,0.99768875192604,0.9942418336868286,0.9942418336868286,0.9942418336868286,1298.0,0.3244999945163727
local,local,,,0,90,data_4000_4_2.5_chordal_rep02,val_epoch_task,val,cycle4,,40,,,,,,,,,4000,1081.0,52.0,2842.0,25.0,0.9541041482789056,0.9773960216998192,0.965609610080719,0.965609610080719,0.965609610080719,1106.0,0.27649998664855957
local,local,,,0,90,data_4000_4_2.5_chordal_rep02,val_epoch_task,val,cycle5,,40,,,,,,,,,4000,1002.0,88.0,2855.0,55.0,0.9192660550458716,0.9479659413434248,0.9333954453468323,0.9333954453468323,0.9333954453468323,1057.0,0.2642500102519989
local,local,,,0,90,data_4000_4_2.5_chordal_rep02,val_epoch_task,val,cycle6,,40,,,,,,,,,4000,818.0,280.0,2848.0,54.0,0.7449908925318761,0.9380733944954128,0.8304568529129028,0.8304568529129028,0.8304568529129028,872.0,0.21799999475479126
local,local,,,0,90,data_4000_4_2.5_chordal_rep02,train_epoch,train,,,41,0.1086840324997902,,,,,,,,4000,,,,,,,,,,,
local,local,,,0,90,data_4000_4_2.5_chordal_rep02,val_epoch,val,,,41,,0.12451287907361984,0.9683,0.8730000257492065,0.9456447187928669,0.9396390914916992,0.9396390914916992,0.9396390914916992,4000,,,,,,,,,,,
local,local,,,0,90,data_4000_4_2.5_chordal_rep02,val_epoch_task,val,cycle2,,41,,,,,,,,,4000,1317.0,10.0,2673.0,0.0,0.9924642049736248,1.0,0.9962178468704224,0.9962178468704224,0.9962178468704224,1317.0,0.3292500078678131
local,local,,,0,90,data_4000_4_2.5_chordal_rep02,val_epoch_task,val,cycle3,,41,,,,,,,,,4000,1292.0,30.0,2672.0,6.0,0.9773071104387292,0.9953775038520801,0.9862595200538635,0.9862595200538635,0.9862595200538635,1298.0,0.3244999945163727
local,local,,,0,90,data_4000_4_2.5_chordal_rep02,val_epoch_task,val,cycle4,,41,,,,,,,,,4000,1059.0,38.0,2856.0,47.0,0.9653600729261622,0.9575045207956601,0.9614162445068359,0.9614162445068359,0.9614162445068359,1106.0,0.27649998664855957
local,local,,,0,90,data_4000_4_2.5_chordal_rep02,val_epoch_task,val,cycle5,,41,,,,,,,,,4000,1032.0,118.0,2825.0,25.0,0.8973913043478261,0.9763481551561022,0.9352061748504639,0.9352061748504639,0.9352061748504639,1057.0,0.2642500102519989
local,local,,,0,90,data_4000_4_2.5_chordal_rep02,val_epoch_task,val,cycle6,,41,,,,,,,,,4000,815.0,303.0,2825.0,57.0,0.7289803220035778,0.9346330275229358,0.8190954923629761,0.8190954923629761,0.8190954923629761,872.0,0.21799999475479126
local,local,,,0,90,data_4000_4_2.5_chordal_rep02,train_epoch,train,,,42,0.11325351011753082,,,,,,,,4000,,,,,,,,,,,
local,local,,,0,90,data_4000_4_2.5_chordal_rep02,val_epoch,val,,,42,,0.13157210025191307,0.97265,0.8870000243186951,0.9523643647130542,0.9451026916503906,0.9451026916503906,0.9451026916503906,4000,,,,,,,,,,,
local,local,,,0,90,data_4000_4_2.5_chordal_rep02,val_epoch_task,val,cycle2,,42,,,,,,,,,4000,1315.0,7.0,2676.0,2.0,0.9947049924357034,0.9984813971146546,0.9965896010398865,0.9965896010398865,0.9965896010398865,1317.0,0.3292500078678131
local,local,,,0,90,data_4000_4_2.5_chordal_rep02,val_epoch_task,val,cycle3,,42,,,,,,,,,4000,1297.0,35.0,2667.0,1.0,0.9737237237237237,0.9992295839753467,0.9863117933273315,0.9863117933273315,0.9863117933273315,1298.0,0.3244999945163727
local,local,,,0,90,data_4000_4_2.5_chordal_rep02,val_epoch_task,val,cycle4,,42,,,,,,,,,4000,1098.0,44.0,2850.0,8.0,0.9614711033274956,0.9927667269439421,0.9768683314323425,0.9768683314323425,0.9768683314323425,1106.0,0.27649998664855957
local,local,,,0,90,data_4000_4_2.5_chordal_rep02,val_epoch_task,val,cycle5,,42,,,,,,,,,4000,992.0,54.0,2889.0,65.0,0.9483747609942639,0.9385052034058656,0.9434142112731934,0.9434142112731934,0.9434142112731934,1057.0,0.2642500102519989
local,local,,,0,90,data_4000_4_2.5_chordal_rep02,val_epoch_task,val,cycle6,,42,,,,,,,,,4000,766.0,225.0,2903.0,106.0,0.7729566094853683,0.8784403669724771,0.8223296403884888,0.8223296403884888,0.8223296403884888,872.0,0.21799999475479126
local,local,,,0,90,data_4000_4_2.5_chordal_rep02,train_epoch,train,,,43,0.12041532212495804,,,,,,,,4000,,,,,,,,,,,
local,local,,,0,90,data_4000_4_2.5_chordal_rep02,val_epoch,val,,,43,,0.12405126988887787,0.9708,0.8794999718666077,0.9493319451674475,0.9431754946708679,0.9431754946708679,0.9431754946708679,4000,,,,,,,,,,,
local,local,,,0,90,data_4000_4_2.5_chordal_rep02,val_epoch_task,val,cycle2,,43,,,,,,,,,4000,1317.0,15.0,2668.0,0.0,0.9887387387387387,1.0,0.9943374395370483,0.9943374395370483,0.9943374395370483,1317.0,0.3292500078678131
local,local,,,0,90,data_4000_4_2.5_chordal_rep02,val_epoch_task,val,cycle3,,43,,,,,,,,,4000,1296.0,24.0,2678.0,2.0,0.9818181818181818,0.9984591679506933,0.990068793296814,0.990068793296814,0.990068793296814,1298.0,0.3244999945163727
local,local,,,0,90,data_4000_4_2.5_chordal_rep02,val_epoch_task,val,cycle4,,43,,,,,,,,,4000,1080.0,32.0,2862.0,26.0,0.9712230215827338,0.976491862567812,0.9738503694534302,0.9738503694534302,0.9738503694534302,1106.0,0.27649998664855957
local,local,,,0,90,data_4000_4_2.5_chordal_rep02,val_epoch_task,val,cycle5,,43,,,,,,,,,4000,963.0,44.0,2899.0,94.0,0.9563058589870904,0.9110690633869442,0.9331395030021667,0.9331395030021667,0.9331395030021667,1057.0,0.2642500102519989
local,local,,,0,90,data_4000_4_2.5_chordal_rep02,val_epoch_task,val,cycle6,,43,,,,,,,,,4000,815.0,290.0,2838.0,57.0,0.7375565610859729,0.9346330275229358,0.8244814872741699,0.8244814872741699,0.8244814872741699,872.0,0.21799999475479126
local,local,,,0,90,data_4000_4_2.5_chordal_rep02,train_epoch,train,,,44,0.10529008704423905,,,,,,,,4000,,,,,,,,,,,
local,local,,,0,90,data_4000_4_2.5_chordal_rep02,val_epoch,val,,,44,,0.11111318299174308,0.9716,0.8794999718666077,0.9512613694868716,0.9455455541610718,0.9455455541610718,0.9455455541610718,4000,,,,,,,,,,,
local,local,,,0,90,data_4000_4_2.5_chordal_rep02,val_epoch_task,val,cycle2,,44,,,,,,,,,4000,1316.0,14.0,2669.0,1.0,0.9894736842105263,0.9992406985573272,0.9943332076072693,0.9943332076072693,0.9943332076072693,1317.0,0.3292500078678131
local,local,,,0,90,data_4000_4_2.5_chordal_rep02,val_epoch_task,val,cycle3,,44,,,,,,,,,4000,1298.0,25.0,2677.0,0.0,0.981103552532124,1.0,0.9904616475105286,0.9904616475105286,0.9904616475105286,1298.0,0.3244999945163727
local,local,,,0,90,data_4000_4_2.5_chordal_rep02,val_epoch_task,val,cycle4,,44,,,,,,,,,4000,1090.0,45.0,2849.0,16.0,0.960352422907489,0.9855334538878843,0.9727800488471985,0.9727800488471985,0.9727800488471985,1106.0,0.27649998664855957
local,local,,,0,90,data_4000_4_2.5_chordal_rep02,val_epoch_task,val,cycle5,,44,,,,,,,,,4000,1016.0,78.0,2865.0,41.0,0.9287020109689214,0.9612109744560076,0.9446768760681152,0.9446768760681152,0.9446768760681152,1057.0,0.2642500102519989
local,local,,,0,90,data_4000_4_2.5_chordal_rep02,val_epoch_task,val,cycle6,,44,,,,,,,,,4000,823.0,299.0,2829.0,49.0,0.7335115864527629,0.9438073394495413,0.8254764676094055,0.8254764676094055,0.8254764676094055,872.0,0.21799999475479126
local,local,,,0,90,data_4000_4_2.5_chordal_rep02,train_epoch,train,,,45,0.09536406302452087,,,,,,,,4000,,,,,,,,,,,
local,local,,,0,90,data_4000_4_2.5_chordal_rep02,val_epoch,val,,,45,,0.11907323902845382,0.9666,0.8615000247955322,0.9433225861191243,0.9377577900886536,0.9377577900886536,0.9377577900886536,4000,,,,,,,,,,,
local,local,,,0,90,data_4000_4_2.5_chordal_rep02,val_epoch_task,val,cycle2,,45,,,,,,,,,4000,1316.0,11.0,2672.0,1.0,0.9917106254709872,0.9992406985573272,0.9954614043235779,0.9954614043235779,0.9954614043235779,1317.0,0.3292500078678131
local,local,,,0,90,data_4000_4_2.5_chordal_rep02,val_epoch_task,val,cycle3,,45,,,,,,,,,4000,1298.0,64.0,2638.0,0.0,0.9530102790014684,1.0,0.9759398102760315,0.9759398102760315,0.9759398102760315,1298.0,0.3244999945163727
local,local,,,0,90,data_4000_4_2.5_chordal_rep02,val_epoch_task,val,cycle4,,45,,,,,,,,,4000,1083.0,45.0,2849.0,23.0,0.9601063829787234,0.9792043399638336,0.9695613384246826,0.9695613384246826,0.9695613384246826,1106.0,0.27649998664855957
local,local,,,0,90,data_4000_4_2.5_chordal_rep02,val_epoch_task,val,cycle5,,45,,,,,,,,,4000,1036.0,169.0,2774.0,21.0,0.8597510373443984,0.9801324503311258,0.9160035252571106,0.9160035252571106,0.9160035252571106,1057.0,0.2642500102519989
local,local,,,0,90,data_4000_4_2.5_chordal_rep02,val_epoch_task,val,cycle6,,45,,,,,,,,,4000,826.0,288.0,2840.0,46.0,0.7414721723518851,0.9472477064220184,0.8318227529525757,0.8318227529525757,0.8318227529525757,872.0,0.21799999475479126
local,local,,,0,90,data_4000_4_2.5_chordal_rep02,train_epoch,train,,,46,0.1109018169939518,,,,,,,,4000,,,,,,,,,,,
local,local,,,0,90,data_4000_4_2.5_chordal_rep02,val_epoch,val,,,46,,0.17706869053840638,0.97085,0.8790000081062317,0.9475011256190905,0.9354483485221863,0.9354483485221863,0.9354483485221863,4000,,,,,,,,,,,
local,local,,,0,90,data_4000_4_2.5_chordal_rep02,val_epoch_task,val,cycle2,,46,,,,,,,,,4000,1313.0,7.0,2676.0,4.0,0.9946969696969697,0.996962794229309,0.9958285689353943,0.9958285689353943,0.9958285689353943,1317.0,0.3292500078678131
local,local,,,0,90,data_4000_4_2.5_chordal_rep02,val_epoch_task,val,cycle3,,46,,,,,,,,,4000,1296.0,26.0,2676.0,2.0,0.9803328290468987,0.9984591679506933,0.989313006401062,0.989313006401062,0.989313006401062,1298.0,0.3244999945163727
local,local,,,0,90,data_4000_4_2.5_chordal_rep02,val_epoch_task,val,cycle4,,46,,,,,,,,,4000,1066.0,36.0,2858.0,40.0,0.9673321234119783,0.9638336347197106,0.9655797481536865,0.9655797481536865,0.9655797481536865,1106.0,0.27649998664855957
local,local,,,0,90,data_4000_4_2.5_chordal_rep02,val_epoch_task,val,cycle5,,46,,,,,,,,,4000,952.0,46.0,2897.0,105.0,0.9539078156312625,0.9006622516556292,0.9265207052230835,0.9265207052230835,0.9265207052230835,1057.0,0.2642500102519989
local,local,,,0,90,data_4000_4_2.5_chordal_rep02,val_epoch_task,val,cycle6,,46,,,,,,,,,4000,634.0,79.0,3049.0,238.0,0.8892005610098177,0.7270642201834863,0.7999999523162842,0.7999999523162842,0.7999999523162842,872.0,0.21799999475479126
local,local,,,0,90,data_4000_4_2.5_chordal_rep02,train_epoch,train,,,47,0.10597033095359802,,,,,,,,4000,,,,,,,,,,,
local,local,,,0,90,data_4000_4_2.5_chordal_rep02,val_epoch,val,,,47,,0.13760214471817017,0.97075,0.8777499794960022,0.9490905926377164,0.9417752027511597,0.9417752027511597,0.9417752027511597,4000,,,,,,,,,,,
local,local,,,0,90,data_4000_4_2.5_chordal_rep02,val_epoch_task,val,cycle2,,47,,,,,,,,,4000,1314.0,13.0,2670.0,3.0,0.9902034664657121,0.9977220956719818,0.9939485192298889,0.9939485192298889,0.9939485192298889,1317.0,0.3292500078678131
local,local,,,0,90,data_4000_4_2.5_chordal_rep02,val_epoch_task,val,cycle3,,47,,,,,,,,,4000,1296.0,34.0,2668.0,2.0,0.9744360902255639,0.9984591679506933,0.9863013625144958,0.9863013625144958,0.9863013625144958,1298.0,0.3244999945163727
local,local,,,0,90,data_4000_4_2.5_chordal_rep02,val_epoch_task,val,cycle4,,47,,,,,,,,,4000,1074.0,54.0,2840.0,32.0,0.9521276595744681,0.9710669077757685,0.9615039825439453,0.9615039825439453,0.9615039825439453,1106.0,0.27649998664855957
local,local,,,0,90,data_4000_4_2.5_chordal_rep02,val_epoch_task,val,cycle5,,47,,,,,,,,,4000,1017.0,126.0,2817.0,40.0,0.889763779527559,0.9621570482497634,0.9245454668998718,0.9245454668998718,0.9245454668998718,1057.0,0.2642500102519989
local,local,,,0,90,data_4000_4_2.5_chordal_rep02,val_epoch_task,val,cycle6,,47,,,,,,,,,4000,752.0,161.0,2967.0,120.0,0.823658269441402,0.8623853211009175,0.8425770401954651,0.8425770401954651,0.8425770401954651,872.0,0.21799999475479126
local,local,,,0,90,data_4000_4_2.5_chordal_rep02,train_epoch,train,,,48,0.11390341587364673,,,,,,,,4000,,,,,,,,,,,
local,local,,,0,90,data_4000_4_2.5_chordal_rep02,val_epoch,val,,,48,,0.1365539879798889,0.9604,0.8450000286102295,0.933568193256165,0.9271443486213684,0.9271443486213684,0.9271443486213684,4000,,,,,,,,,,,
local,local,,,0,90,data_4000_4_2.5_chordal_rep02,val_epoch_task,val,cycle2,,48,,,,,,,,,4000,1316.0,12.0,2671.0,1.0,0.9909638554216867,0.9992406985573272,0.9950850605964661,0.9950850605964661,0.9950850605964661,1317.0,0.3292500078678131
local,local,,,0,90,data_4000_4_2.5_chordal_rep02,val_epoch_task,val,cycle3,,48,,,,,,,,,4000,1298.0,47.0,2655.0,0.0,0.9650557620817843,1.0,0.9822171926498413,0.9822171926498413,0.9822171926498413,1298.0,0.3244999945163727
local,local,,,0,90,data_4000_4_2.5_chordal_rep02,val_epoch_task,val,cycle4,,48,,,,,,,,,4000,1097.0,121.0,2773.0,9.0,0.9006568144499179,0.9918625678119349,0.9440619945526123,0.9440619945526123,0.9440619945526123,1106.0,0.27649998664855957
local,local,,,0,90,data_4000_4_2.5_chordal_rep02,val_epoch_task,val,cycle5,,48,,,,,,,,,4000,1049.0,248.0,2695.0,8.0,0.8087895142636854,0.9924314096499527,0.8912489414215088,0.8912489414215088,0.8912489414215088,1057.0,0.2642500102519989
local,local,,,0,90,data_4000_4_2.5_chordal_rep02,val_epoch_task,val,cycle6,,48,,,,,,,,,4000,805.0,279.0,2849.0,67.0,0.742619926199262,0.9231651376146789,0.8231083750724792,0.8231083750724792,0.8231083750724792,872.0,0.21799999475479126
local,local,,,0,90,data_4000_4_2.5_chordal_rep02,train_epoch,train,,,49,0.11020430153608322,,,,,,,,4000,,,,,,,,,,,
local,local,,,0,90,data_4000_4_2.5_chordal_rep02,val_epoch,val,,,49,,0.11177248752117157,0.97325,0.8867499828338623,0.9536194191590811,0.9474933743476868,0.9474933743476868,0.9474933743476868,4000,,,,,,,,,,,
local,local,,,0,90,data_4000_4_2.5_chordal_rep02,val_epoch_task,val,cycle2,,49,,,,,,,,,4000,1313.0,10.0,2673.0,4.0,0.9924414210128496,0.996962794229309,0.9946969747543335,0.9946969747543335,0.9946969747543335,1317.0,0.3292500078678131
local,local,,,0,90,data_4000_4_2.5_chordal_rep02,val_epoch_task,val,cycle3,,49,,,,,,,,,4000,1289.0,13.0,2689.0,9.0,0.9900153609831029,0.9930662557781201,0.9915384650230408,0.9915384650230408,0.9915384650230408,1298.0,0.3244999945163727
local,local,,,0,90,data_4000_4_2.5_chordal_rep02,val_epoch_task,val,cycle4,,49,,,,,,,,,4000,1077.0,24.0,2870.0,29.0,0.9782016348773842,0.9737793851717902,0.9759854674339294,0.9759854674339294,0.9759854674339294,1106.0,0.27649998664855957
local,local,,,0,90,data_4000_4_2.5_chordal_rep02,val_epoch_task,val,cycle5,,49,,,,,,,,,4000,1021.0,82.0,2861.0,36.0,0.9256572982774252,0.9659413434247871,0.9453703165054321,0.9453703165054321,0.9453703165054321,1057.0,0.2642500102519989
local,local,,,0,90,data_4000_4_2.5_chordal_rep02,val_epoch_task,val,cycle6,,49,,,,,,,,,4000,800.0,256.0,2872.0,72.0,0.7575757575757576,0.9174311926605505,0.8298755288124084,0.8298755288124084,0.8298755288124084,872.0,0.21799999475479126
local,local,,,0,90,data_4000_4_2.5_chordal_rep02,train_epoch,train,,,50,0.09814052331447601,,,,,,,,4000,,,,,,,,,,,
local,local,,,0,90,data_4000_4_2.5_chordal_rep02,val_epoch,val,,,50,,0.14254816895723343,0.9511,0.8109999895095825,0.9199803632793323,0.9153251647949219,0.9153251647949219,0.9153251647949219,4000,,,,,,,,,,,
local,local,,,0,90,data_4000_4_2.5_chordal_rep02,val_epoch_task,val,cycle2,,50,,,,,,,,,4000,1317.0,41.0,2642.0,0.0,0.9698085419734904,1.0,0.9846728444099426,0.9846728444099426,0.9846728444099426,1317.0,0.3292500078678131
local,local,,,0,90,data_4000_4_2.5_chordal_rep02,val_epoch_task,val,cycle3,,50,,,,,,,,,4000,1294.0,32.0,2670.0,4.0,0.975867269984917,0.9969183359013868,0.9862805008888245,0.9862805008888245,0.9862805008888245,1298.0,0.3244999945163727
local,local,,,0,90,data_4000_4_2.5_chordal_rep02,val_epoch_task,val,cycle4,,50,,,,,,,,,4000,1097.0,105.0,2789.0,9.0,0.9126455906821963,0.9918625678119349,0.950606644153595,0.950606644153595,0.950606644153595,1106.0,0.27649998664855957
local,local,,,0,90,data_4000_4_2.5_chordal_rep02,val_epoch_task,val,cycle5,,50,,,,,,,,,4000,1051.0,292.0,2651.0,6.0,0.7825763216679077,0.9943235572374646,0.8758333325386047,0.8758333325386047,0.8758333325386047,1057.0,0.2642500102519989
local,local,,,0,90,data_4000_4_2.5_chordal_rep02,val_epoch_task,val,cycle6,,50,,,,,,,,,4000,863.0,480.0,2648.0,9.0,0.6425912137006702,0.9896788990825688,0.7792326211929321,0.7792326211929321,0.7792326211929321,872.0,0.21799999475479126
local,local,,,0,90,data_4000_4_2.5_chordal_rep02,train_epoch,train,,,51,0.09940478959679604,,,,,,,,4000,,,,,,,,,,,
local,local,,,0,90,data_4000_4_2.5_chordal_rep02,val_epoch,val,,,51,,0.10053539070487022,0.97335,0.8870000243186951,0.9543234210300797,0.9486318826675415,0.9486318826675415,0.9486318826675415,4000,,,,,,,,,,,
local,local,,,0,90,data_4000_4_2.5_chordal_rep02,val_epoch_task,val,cycle2,,51,,,,,,,,,4000,1316.0,7.0,2676.0,1.0,0.9947089947089947,0.9992406985573272,0.9969696998596191,0.9969696998596191,0.9969696998596191,1317.0,0.3292500078678131
local,local,,,0,90,data_4000_4_2.5_chordal_rep02,val_epoch_task,val,cycle3,,51,,,,,,,,,4000,1296.0,24.0,2678.0,2.0,0.9818181818181818,0.9984591679506933,0.990068793296814,0.990068793296814,0.990068793296814,1298.0,0.3244999945163727
local,local,,,0,90,data_4000_4_2.5_chordal_rep02,val_epoch_task,val,cycle4,,51,,,,,,,,,4000,1100.0,64.0,2830.0,6.0,0.9450171821305842,0.9945750452079566,0.9691630005836487,0.9691630005836487,0.9691630005836487,1106.0,0.27649998664855957
local,local,,,0,90,data_4000_4_2.5_chordal_rep02,val_epoch_task,val,cycle5,,51,,,,,,,,,4000,1034.0,91.0,2852.0,23.0,0.9191111111111111,0.978240302743614,0.9477543234825134,0.9477543234825134,0.9477543234825134,1057.0,0.2642500102519989
local,local,,,0,90,data_4000_4_2.5_chordal_rep02,val_epoch_task,val,cycle6,,51,,,,,,,,,4000,822.0,265.0,2863.0,50.0,0.7562097516099356,0.9426605504587156,0.8392036557197571,0.8392036557197571,0.8392036557197571,872.0,0.21799999475479126
local,local,,,0,90,data_4000_4_2.5_chordal_rep02,train_epoch,train,,,52,0.10081239157915116,,,,,,,,4000,,,,,,,,,,,
local,local,,,0,90,data_4000_4_2.5_chordal_rep02,val_epoch,val,,,52,,0.11491691267490386,0.97305,0.8865000009536743,0.9533857995329932,0.9465047121047974,0.9465047121047974,0.9465047121047974,4000,,,,,,,,,,,
local,local,,,0,90,data_4000_4_2.5_chordal_rep02,val_epoch_task,val,cycle2,,52,,,,,,,,,4000,1315.0,8.0,2675.0,2.0,0.9939531368102796,0.9984813971146546,0.9962121248245239,0.9962121248245239,0.9962121248245239,1317.0,0.3292500078678131
local,local,,,0,90,data_4000_4_2.5_chordal_rep02,val_epoch_task,val,cycle3,,52,,,,,,,,,4000,1296.0,24.0,2678.0,2.0,0.9818181818181818,0.9984591679506933,0.990068793296814,0.990068793296814,0.990068793296814,1298.0,0.3244999945163727
local,local,,,0,90,data_4000_4_2.5_chordal_rep02,val_epoch_task,val,cycle4,,52,,,,,,,,,4000,1091.0,74.0,2820.0,15.0,0.936480686695279,0.9864376130198915,0.9608102440834045,0.9608102440834045,0.9608102440834045,1106.0,0.27649998664855957
local,local,,,0,90,data_4000_4_2.5_chordal_rep02,val_epoch_task,val,cycle5,,52,,,,,,,,,4000,1046.0,133.0,2810.0,11.0,0.8871925360474979,0.9895931882686849,0.9355993270874023,0.9355993270874023,0.9355993270874023,1057.0,0.2642500102519989
local,local,,,0,90,data_4000_4_2.5_chordal_rep02,val_epoch_task,val,cycle6,,52,,,,,,,,,4000,764.0,162.0,2966.0,108.0,0.8250539956803455,0.8761467889908257,0.8498331308364868,0.8498331308364868,0.8498331308364868,872.0,0.21799999475479126
local,local,,,0,90,data_4000_4_2.5_chordal_rep02,train_epoch,train,,,53,0.09356005716323852,,,,,,,,4000,,,,,,,,,,,
local,local,,,0,90,data_4000_4_2.5_chordal_rep02,val_epoch,val,,,53,,0.12574863982200624,0.97135,0.8822500109672546,0.9501088376142796,0.9434035420417786,0.9434035420417786,0.9434035420417786,4000,,,,,,,,,,,
local,local,,,0,90,data_4000_4_2.5_chordal_rep02,val_epoch_task,val,cycle2,,53,,,,,,,,,4000,1314.0,10.0,2673.0,3.0,0.9924471299093656,0.9977220956719818,0.9950776100158691,0.9950776100158691,0.9950776100158691,1317.0,0.3292500078678131
local,local,,,0,90,data_4000_4_2.5_chordal_rep02,val_epoch_task,val,cycle3,,53,,,,,,,,,4000,1294.0,18.0,2684.0,4.0,0.9862804878048781,0.9969183359013868,0.9915708303451538,0.9915708303451538,0.9915708303451538,1298.0,0.3244999945163727
local,local,,,0,90,data_4000_4_2.5_chordal_rep02,val_epoch_task,val,cycle4,,53,,,,,,,,,4000,1076.0,54.0,2840.0,30.0,0.952212389380531,0.972875226039783,0.962432861328125,0.962432861328125,0.962432861328125,1106.0,0.27649998664855957
local,local,,,0,90,data_4000_4_2.5_chordal_rep02,val_epoch_task,val,cycle5,,53,,,,,,,,,4000,982.0,44.0,2899.0,75.0,0.9571150097465887,0.9290444654683065,0.9428709149360657,0.9428709149360657,0.9428709149360657,1057.0,0.2642500102519989
local,local,,,0,90,data_4000_4_2.5_chordal_rep02,val_epoch_task,val,cycle6,,53,,,,,,,,,4000,790.0,253.0,2875.0,82.0,0.7574304889741131,0.9059633027522935,0.8250653147697449,0.8250653147697449,0.8250653147697449,872.0,0.21799999475479126
local,local,,,0,90,data_4000_4_2.5_chordal_rep02,train_epoch,train,,,54,0.0994042016863823,,,,,,,,4000,,,,,,,,,,,
local,local,,,0,90,data_4000_4_2.5_chordal_rep02,val_epoch,val,,,54,,0.10476841551065445,0.9726,0.8815000057220459,0.9527178602243312,0.9475376009941101,0.9475376009941101,0.9475376009941101,4000,,,,,,,,,,,
local,local,,,0,90,data_4000_4_2.5_chordal_rep02,val_epoch_task,val,cycle2,,54,,,,,,,,,4000,1315.0,10.0,2673.0,2.0,0.9924528301886792,0.9984813971146546,0.9954580068588257,0.9954580068588257,0.9954580068588257,1317.0,0.3292500078678131
local,local,,,0,90,data_4000_4_2.5_chordal_rep02,val_epoch_task,val,cycle3,,54,,,,,,,,,4000,1288.0,20.0,2682.0,10.0,0.9847094801223242,0.9922958397534669,0.9884880781173706,0.9884880781173706,0.9884880781173706,1298.0,0.3244999945163727
local,local,,,0,90,data_4000_4_2.5_chordal_rep02,val_epoch_task,val,cycle4,,54,,,,,,,,,4000,1077.0,23.0,2871.0,29.0,0.9790909090909091,0.9737793851717902,0.9764279127120972,0.9764279127120972,0.9764279127120972,1106.0,0.27649998664855957
local,local,,,0,90,data_4000_4_2.5_chordal_rep02,val_epoch_task,val,cycle5,,54,,,,,,,,,4000,1011.0,49.0,2894.0,46.0,0.9537735849056603,0.956480605487228,0.955125093460083,0.955125093460083,0.955125093460083,1057.0,0.2642500102519989
local,local,,,0,90,data_4000_4_2.5_chordal_rep02,val_epoch_task,val,cycle6,,54,,,,,,,,,4000,830.0,317.0,2811.0,42.0,0.7236268526591108,0.9518348623853211,0.822189211845398,0.822189211845398,0.822189211845398,872.0,0.21799999475479126
local,local,,,0,90,data_4000_4_2.5_chordal_rep02,train_epoch,train,,,55,0.09906144678592682,,,,,,,,4000,,,,,,,,,,,
local,local,,,0,90,data_4000_4_2.5_chordal_rep02,val_epoch,val,,,55,,0.1303680728673935,0.96205,0.8442500233650208,0.9361702127659575,0.9302024841308594,0.9302024841308594,0.9302024841308594,4000,,,,,,,,,,,
local,local,,,0,90,data_4000_4_2.5_chordal_rep02,val_epoch_task,val,cycle2,,55,,,,,,,,,4000,1317.0,9.0,2674.0,0.0,0.9932126696832579,1.0,0.9965947270393372,0.9965947270393372,0.9965947270393372,1317.0,0.3292500078678131
local,local,,,0,90,data_4000_4_2.5_chordal_rep02,val_epoch_task,val,cycle3,,55,,,,,,,,,4000,1297.0,40.0,2662.0,1.0,0.9700822737471952,0.9992295839753467,0.9844402074813843,0.9844402074813843,0.9844402074813843,1298.0,0.3244999945163727
local,local,,,0,90,data_4000_4_2.5_chordal_rep02,val_epoch_task,val,cycle4,,55,,,,,,,,,4000,1103.0,204.0,2690.0,3.0,0.8439173680183627,0.9972875226039783,0.9142146706581116,0.9142146706581116,0.9142146706581116,1106.0,0.27649998664855957
local,local,,,0,90,data_4000_4_2.5_chordal_rep02,val_epoch_task,val,cycle5,,55,,,,,,,,,4000,1025.0,124.0,2819.0,32.0,0.8920800696257616,0.9697256385998108,0.9292837977409363,0.9292837977409363,0.9292837977409363,1057.0,0.2642500102519989
local,local,,,0,90,data_4000_4_2.5_chordal_rep02,val_epoch_task,val,cycle6,,55,,,,,,,,,4000,824.0,298.0,2830.0,48.0,0.7344028520499108,0.944954128440367,0.8264793753623962,0.8264793753623962,0.8264793753623962,872.0,0.21799999475479126
local,local,,,0,90,data_4000_4_2.5_chordal_rep02,train_epoch,train,,,56,0.09699590879678727,,,,,,,,4000,,,,,,,,,,,
local,local,,,0,90,data_4000_4_2.5_chordal_rep02,val_epoch,val,,,56,,0.11063631522655487,0.9699,0.8755000233650208,0.9484853671059387,0.9429305195808411,0.9429305195808411,0.9429305195808411,4000,,,,,,,,,,,
local,local,,,0,90,data_4000_4_2.5_chordal_rep02,val_epoch_task,val,cycle2,,56,,,,,,,,,4000,1317.0,8.0,2675.0,0.0,0.9939622641509434,1.0,0.9969720244407654,0.9969720244407654,0.9969720244407654,1317.0,0.3292500078678131
local,local,,,0,90,data_4000_4_2.5_chordal_rep02,val_epoch_task,val,cycle3,,56,,,,,,,,,4000,1297.0,33.0,2669.0,1.0,0.975187969924812,0.9992295839753467,0.9870624542236328,0.9870624542236328,0.9870624542236328,1298.0,0.3244999945163727
local,local,,,0,90,data_4000_4_2.5_chordal_rep02,val_epoch_task,val,cycle4,,56,,,,,,,,,4000,1081.0,38.0,2856.0,25.0,0.966041108132261,0.9773960216998192,0.9716853499412537,0.9716853499412537,0.9716853499412537,1106.0,0.27649998664855957
local,local,,,0,90,data_4000_4_2.5_chordal_rep02,val_epoch_task,val,cycle5,,56,,,,,,,,,4000,1017.0,88.0,2855.0,40.0,0.9203619909502262,0.9621570482497634,0.9407956004142761,0.9407956004142761,0.9407956004142761,1057.0,0.2642500102519989
local,local,,,0,90,data_4000_4_2.5_chordal_rep02,val_epoch_task,val,cycle6,,56,,,,,,,,,4000,830.0,327.0,2801.0,42.0,0.7173725151253241,0.9518348623853211,0.8181370496749878,0.8181370496749878,0.8181370496749878,872.0,0.21799999475479126
local,local,,,0,90,data_4000_4_2.5_chordal_rep02,train_epoch,train,,,57,0.09328767889738084,,,,,,,,4000,,,,,,,,,,,
local,local,,,0,90,data_4000_4_2.5_chordal_rep02,val_epoch,val,,,57,,0.12575681501626967,0.96635,0.8634999990463257,0.9425130263944648,0.9353477358818054,0.9353477358818054,0.9353477358818054,4000,,,,,,,,,,,
local,local,,,0,90,data_4000_4_2.5_chordal_rep02,val_epoch_task,val,cycle2,,57,,,,,,,,,4000,1317.0,12.0,2671.0,0.0,0.9909706546275395,1.0,0.9954648613929749,0.9954648613929749,0.9954648613929749,1317.0,0.3292500078678131
local,local,,,0,90,data_4000_4_2.5_chordal_rep02,val_epoch_task,val,cycle3,,57,,,,,,,,,4000,1298.0,41.0,2661.0,0.0,0.9693801344286781,1.0,0.9844520092010498,0.9844520092010498,0.9844520092010498,1298.0,0.3244999945163727
local,local,,,0,90,data_4000_4_2.5_chordal_rep02,val_epoch_task,val,cycle4,,57,,,,,,,,,4000,1092.0,92.0,2802.0,14.0,0.9222972972972973,0.9873417721518988,0.953711748123169,0.953711748123169,0.953711748123169,1106.0,0.27649998664855957
local,local,,,0,90,data_4000_4_2.5_chordal_rep02,val_epoch_task,val,cycle5,,57,,,,,,,,,4000,1031.0,151.0,2792.0,26.0,0.8722504230118443,0.9754020813623463,0.9209468364715576,0.9209468364715576,0.9209468364715576,1057.0,0.2642500102519989
local,local,,,0,90,data_4000_4_2.5_chordal_rep02,val_epoch_task,val,cycle6,,57,,,,,,,,,4000,779.0,244.0,2884.0,93.0,0.761485826001955,0.893348623853211,0.8221635818481445,0.8221635818481445,0.8221635818481445,872.0,0.21799999475479126
local,local,,,0,90,data_4000_4_2.5_chordal_rep02,train_epoch,train,,,58,0.09776950457692146,,,,,,,,4000,,,,,,,,,,,
local,local,,,0,90,data_4000_4_2.5_chordal_rep02,val_epoch,val,,,58,,0.12988947653770447,0.974,0.890250027179718,0.9541688700863741,0.9473553895950317,0.9473553895950317,0.9473553895950317,4000,,,,,,,,,,,
local,local,,,0,90,data_4000_4_2.5_chordal_rep02,val_epoch_task,val,cycle2,,58,,,,,,,,,4000,1316.0,7.0,2676.0,1.0,0.9947089947089947,0.9992406985573272,0.9969696998596191,0.9969696998596191,0.9969696998596191,1317.0,0.3292500078678131
local,local,,,0,90,data_4000_4_2.5_chordal_rep02,val_epoch_task,val,cycle3,,58,,,,,,,,,4000,1289.0,19.0,2683.0,9.0,0.985474006116208,0.9930662557781201,0.9892556071281433,0.9892556071281433,0.9892556071281433,1298.0,0.3244999945163727
local,local,,,0,90,data_4000_4_2.5_chordal_rep02,val_epoch_task,val,cycle4,,58,,,,,,,,,4000,1062.0,28.0,2866.0,44.0,0.9743119266055046,0.9602169981916817,0.9672130942344666,0.9672130942344666,0.9672130942344666,1106.0,0.27649998664855957
local,local,,,0,90,data_4000_4_2.5_chordal_rep02,val_epoch_task,val,cycle5,,58,,,,,,,,,4000,971.0,45.0,2898.0,86.0,0.9557086614173228,0.9186376537369915,0.9368065595626831,0.9368065595626831,0.9368065595626831,1057.0,0.2642500102519989
local,local,,,0,90,data_4000_4_2.5_chordal_rep02,val_epoch_task,val,cycle6,,58,,,,,,,,,4000,775.0,184.0,2944.0,97.0,0.808133472367049,0.8887614678899083,0.8465319871902466,0.8465319871902466,0.8465319871902466,872.0,0.21799999475479126
local,local,,,0,90,data_4000_4_2.5_chordal_rep02,train_epoch,train,,,59,0.09236944350600243,,,,,,,,4000,,,,,,,,,,,
local,local,,,0,90,data_4000_4_2.5_chordal_rep02,val_epoch,val,,,59,,0.12246839380264282,0.97375,0.8884999752044678,0.9542084605320541,0.9473710060119629,0.9473710060119629,0.9473710060119629,4000,,,,,,,,,,,
local,local,,,0,90,data_4000_4_2.5_chordal_rep02,val_epoch_task,val,cycle2,,59,,,,,,,,,4000,1315.0,4.0,2679.0,2.0,0.9969673995451099,0.9984813971146546,0.9977237582206726,0.9977237582206726,0.9977237582206726,1317.0,0.3292500078678131
local,local,,,0,90,data_4000_4_2.5_chordal_rep02,val_epoch_task,val,cycle3,,59,,,,,,,,,4000,1297.0,19.0,2683.0,1.0,0.9855623100303952,0.9992295839753467,0.9923489093780518,0.9923489093780518,0.9923489093780518,1298.0,0.3244999945163727
local,local,,,0,90,data_4000_4_2.5_chordal_rep02,val_epoch_task,val,cycle4,,59,,,,,,,,,4000,1084.0,23.0,2871.0,22.0,0.979223125564589,0.9801084990958409,0.9796656370162964,0.9796656370162964,0.9796656370162964,1106.0,0.27649998664855957
local,local,,,0,90,data_4000_4_2.5_chordal_rep02,val_epoch_task,val,cycle5,,59,,,,,,,,,4000,990.0,69.0,2874.0,67.0,0.9348441926345609,0.9366130558183539,0.9357277750968933,0.9357277750968933,0.9357277750968933,1057.0,0.2642500102519989
local,local,,,0,90,data_4000_4_2.5_chordal_rep02,val_epoch_task,val,cycle6,,59,,,,,,,,,4000,784.0,230.0,2898.0,88.0,0.7731755424063116,0.8990825688073395,0.8313891887664795,0.8313891887664795,0.8313891887664795,872.0,0.21799999475479126
local,local,,,0,90,data_4000_4_2.5_chordal_rep02,train_epoch,train,,,60,0.09154037606716156,,,,,,,,4000,,,,,,,,,,,
local,local,,,0,90,data_4000_4_2.5_chordal_rep02,val_epoch,val,,,60,,0.12845557975769042,0.9734,0.8899999856948853,0.9533333333333333,0.9464427828788757,0.9464427828788757,0.9464427828788757,4000,,,,,,,,,,,
local,local,,,0,90,data_4000_4_2.5_chordal_rep02,val_epoch_task,val,cycle2,,60,,,,,,,,,4000,1317.0,15.0,2668.0,0.0,0.9887387387387387,1.0,0.9943374395370483,0.9943374395370483,0.9943374395370483,1317.0,0.3292500078678131
local,local,,,0,90,data_4000_4_2.5_chordal_rep02,val_epoch_task,val,cycle3,,60,,,,,,,,,4000,1283.0,13.0,2689.0,15.0,0.9899691358024691,0.9884437596302003,0.9892058372497559,0.9892058372497559,0.9892058372497559,1298.0,0.3244999945163727
local,local,,,0,90,data_4000_4_2.5_chordal_rep02,val_epoch_task,val,cycle4,,60,,,,,,,,,4000,1082.0,48.0,2846.0,24.0,0.9575221238938053,0.9783001808318263,0.9677996635437012,0.9677996635437012,0.9677996635437012,1106.0,0.27649998664855957
local,local,,,0,90,data_4000_4_2.5_chordal_rep02,val_epoch_task,val,cycle5,,60,,,,,,,,,4000,981.0,46.0,2897.0,76.0,0.9552093476144109,0.9280983916745507,0.9414587616920471,0.9414587616920471,0.9414587616920471,1057.0,0.2642500102519989
local,local,,,0,90,data_4000_4_2.5_chordal_rep02,val_epoch_task,val,cycle6,,60,,,,,,,,,4000,771.0,194.0,2934.0,101.0,0.7989637305699482,0.8841743119266054,0.8394120335578918,0.8394120335578918,0.8394120335578918,872.0,0.21799999475479126
local,local,,,0,90,data_4000_4_2.5_chordal_rep02,train_epoch,train,,,61,0.09107212921977043,,,,,,,,4000,,,,,,,,,,,
local,local,,,0,90,data_4000_4_2.5_chordal_rep02,val_epoch,val,,,61,,0.12018703162670136,0.97445,0.8957499861717224,0.9554684095860567,0.9492562413215637,0.9492562413215637,0.9492562413215637,4000,,,,,,,,,,,
local,local,,,0,90,data_4000_4_2.5_chordal_rep02,val_epoch_task,val,cycle2,,61,,,,,,,,,4000,1317.0,14.0,2669.0,0.0,0.9894815927873779,1.0,0.9947129487991333,0.9947129487991333,0.9947129487991333,1317.0,0.3292500078678131
local,local,,,0,90,data_4000_4_2.5_chordal_rep02,val_epoch_task,val,cycle3,,61,,,,,,,,,4000,1295.0,22.0,2680.0,3.0,0.9832953682611997,0.99768875192604,0.990439772605896,0.990439772605896,0.990439772605896,1298.0,0.3244999945163727
local,local,,,0,90,data_4000_4_2.5_chordal_rep02,val_epoch_task,val,cycle4,,61,,,,,,,,,4000,1069.0,28.0,2866.0,37.0,0.9744758432087511,0.9665461121157324,0.97049480676651,0.97049480676651,0.97049480676651,1106.0,0.27649998664855957
local,local,,,0,90,data_4000_4_2.5_chordal_rep02,val_epoch_task,val,cycle5,,61,,,,,,,,,4000,1009.0,82.0,2861.0,48.0,0.9248395967002749,0.9545884578997161,0.9394785761833191,0.9394785761833191,0.9394785761833191,1057.0,0.2642500102519989
local,local,,,0,90,data_4000_4_2.5_chordal_rep02,val_epoch_task,val,cycle6,,61,,,,,,,,,4000,792.0,197.0,2931.0,80.0,0.8008088978766431,0.908256880733945,0.8511553406715393,0.8511553406715393,0.8511553406715393,872.0,0.21799999475479126
local,local,,,0,90,data_4000_4_2.5_chordal_rep02,train_epoch,train,,,62,0.10093981772661209,,,,,,,,4000,,,,,,,,,,,
local,local,,,0,90,data_4000_4_2.5_chordal_rep02,val_epoch,val,,,62,,0.1217424707710743,0.96495,0.8602499961853027,0.940628440755484,0.9353412389755249,0.9353412389755249,0.9353412389755249,4000,,,,,,,,,,,
local,local,,,0,90,data_4000_4_2.5_chordal_rep02,val_epoch_task,val,cycle2,,62,,,,,,,,,4000,1310.0,15.0,2668.0,7.0,0.9886792452830189,0.9946848899012908,0.9916729927062988,0.9916729927062988,0.9916729927062988,1317.0,0.3292500078678131
local,local,,,0,90,data_4000_4_2.5_chordal_rep02,val_epoch_task,val,cycle3,,62,,,,,,,,,4000,1297.0,34.0,2668.0,1.0,0.9744552967693464,0.9992295839753467,0.9866869449615479,0.9866869449615479,0.9866869449615479,1298.0,0.3244999945163727
local,local,,,0,90,data_4000_4_2.5_chordal_rep02,val_epoch_task,val,cycle4,,62,,,,,,,,,4000,1087.0,59.0,2835.0,19.0,0.9485165794066318,0.9828209764918626,0.9653640985488892,0.9653640985488892,0.9653640985488892,1106.0,0.27649998664855957
local,local,,,0,90,data_4000_4_2.5_chordal_rep02,val_epoch_task,val,cycle5,,62,,,,,,,,,4000,1021.0,108.0,2835.0,36.0,0.9043401240035429,0.9659413434247871,0.9341263175010681,0.9341263175010681,0.9341263175010681,1057.0,0.2642500102519989
local,local,,,0,90,data_4000_4_2.5_chordal_rep02,val_epoch_task,val,cycle6,,62,,,,,,,,,4000,838.0,388.0,2740.0,34.0,0.6835236541598695,0.9610091743119266,0.7988560795783997,0.7988560795783997,0.7988560795783997,872.0,0.21799999475479126
local,local,,,0,90,data_4000_4_2.5_chordal_rep02,train_epoch,train,,,63,0.09082873302698136,,,,,,,,4000,,,,,,,,,,,
local,local,,,0,90,data_4000_4_2.5_chordal_rep02,val_epoch,val,,,63,,0.12745750731229782,0.96255,0.84375,0.9373693452629819,0.9332259893417358,0.9332259893417358,0.9332259893417358,4000,,,,,,,,,,,
local,local,,,0,90,data_4000_4_2.5_chordal_rep02,val_epoch_task,val,cycle2,,63,,,,,,,,,4000,1316.0,12.0,2671.0,1.0,0.9909638554216867,0.9992406985573272,0.9950850605964661,0.9950850605964661,0.9950850605964661,1317.0,0.3292500078678131
local,local,,,0,90,data_4000_4_2.5_chordal_rep02,val_epoch_task,val,cycle3,,63,,,,,,,,,4000,1293.0,21.0,2681.0,5.0,0.9840182648401826,0.9961479198767335,0.990045964717865,0.990045964717865,0.990045964717865,1298.0,0.3244999945163727
local,local,,,0,90,data_4000_4_2.5_chordal_rep02,val_epoch_task,val,cycle4,,63,,,,,,,,,4000,1101.0,65.0,2829.0,5.0,0.9442538593481989,0.9954792043399638,0.9691901803016663,0.9691901803016663,0.9691901803016663,1106.0,0.27649998664855957
local,local,,,0,90,data_4000_4_2.5_chordal_rep02,val_epoch_task,val,cycle5,,63,,,,,,,,,4000,1035.0,113.0,2830.0,22.0,0.9015679442508711,0.97918637653737,0.9387755393981934,0.9387755393981934,0.9387755393981934,1057.0,0.2642500102519989
local,local,,,0,90,data_4000_4_2.5_chordal_rep02,val_epoch_task,val,cycle6,,63,,,,,,,,,4000,860.0,493.0,2635.0,12.0,0.6356245380635624,0.9862385321100917,0.7730336785316467,0.7730336785316467,0.7730336785316467,872.0,0.21799999475479126
local,local,,,0,90,data_4000_4_2.5_chordal_rep02,train_epoch,train,,,64,0.08610149818658829,,,,,,,,4000,,,,,,,,,,,
local,local,,,0,90,data_4000_4_2.5_chordal_rep02,val_epoch,val,,,64,,0.12314679273962975,0.9644,0.8575000166893005,0.94006734006734,0.9344632029533386,0.9344632029533386,0.9344632029533386,4000,,,,,,,,,,,
local,local,,,0,90,data_4000_4_2.5_chordal_rep02,val_epoch_task,val,cycle2,,64,,,,,,,,,4000,1317.0,9.0,2674.0,0.0,0.9932126696832579,1.0,0.9965947270393372,0.9965947270393372,0.9965947270393372,1317.0,0.3292500078678131
local,local,,,0,90,data_4000_4_2.5_chordal_rep02,val_epoch_task,val,cycle3,,64,,,,,,,,,4000,1295.0,31.0,2671.0,3.0,0.9766214177978884,0.99768875192604,0.9870427250862122,0.9870427250862122,0.9870427250862122,1298.0,0.3244999945163727
local,local,,,0,90,data_4000_4_2.5_chordal_rep02,val_epoch_task,val,cycle4,,64,,,,,,,,,4000,1096.0,45.0,2849.0,10.0,0.9605609114811569,0.9909584086799277,0.9755229949951172,0.9755229949951172,0.9755229949951172,1106.0,0.27649998664855957
local,local,,,0,90,data_4000_4_2.5_chordal_rep02,val_epoch_task,val,cycle5,,64,,,,,,,,,4000,1045.0,215.0,2728.0,12.0,0.8293650793650794,0.988647114474929,0.9020284414291382,0.9020284414291382,0.9020284414291382,1057.0,0.2642500102519989
local,local,,,0,90,data_4000_4_2.5_chordal_rep02,val_epoch_task,val,cycle6,,64,,,,,,,,,4000,831.0,346.0,2782.0,41.0,0.7060322854715378,0.9529816513761468,0.8111273646354675,0.8111273646354675,0.8111273646354675,872.0,0.21799999475479126
local,local,,,0,90,data_4000_4_2.5_chordal_rep02,train_epoch,train,,,65,0.09204185900092125,,,,,,,,4000,,,,,,,,,,,
local,local,,,0,90,data_4000_4_2.5_chordal_rep02,val_epoch,val,,,65,,0.12930266904830934,0.97145,0.8809999823570251,0.9503780307638828,0.9442784190177917,0.9442784190177917,0.9442784190177917,4000,,,,,,,,,,,
local,local,,,0,90,data_4000_4_2.5_chordal_rep02,val_epoch_task,val,cycle2,,65,,,,,,,,,4000,1317.0,24.0,2659.0,0.0,0.9821029082774049,1.0,0.9909706711769104,0.9909706711769104,0.9909706711769104,1317.0,0.3292500078678131
local,local,,,0,90,data_4000_4_2.5_chordal_rep02,val_epoch_task,val,cycle3,,65,,,,,,,,,4000,1291.0,22.0,2680.0,7.0,0.9832444782939832,0.9946070878274268,0.9888930916786194,0.9888930916786194,0.9888930916786194,1298.0,0.3244999945163727
local,local,,,0,90,data_4000_4_2.5_chordal_rep02,val_epoch_task,val,cycle4,,65,,,,,,,,,4000,1055.0,15.0,2879.0,51.0,0.985981308411215,0.953887884267631,0.9696691036224365,0.9696691036224365,0.9696691036224365,1106.0,0.27649998664855957
local,local,,,0,90,data_4000_4_2.5_chordal_rep02,val_epoch_task,val,cycle5,,65,,,,,,,,,4000,1004.0,74.0,2869.0,53.0,0.9313543599257885,0.9498580889309366,0.9405152201652527,0.9405152201652527,0.9405152201652527,1057.0,0.2642500102519989
local,local,,,0,90,data_4000_4_2.5_chordal_rep02,val_epoch_task,val,cycle6,,65,,,,,,,,,4000,801.0,254.0,2874.0,71.0,0.7592417061611374,0.9185779816513762,0.8313440084457397,0.8313440084457397,0.8313440084457397,872.0,0.21799999475479126
local,local,,,0,90,data_4000_4_2.5_chordal_rep02,train_epoch,train,,,66,0.09559218895435333,,,,,,,,4000,,,,,,,,,,,
local,local,,,0,90,data_4000_4_2.5_chordal_rep02,val_epoch,val,,,66,,0.12429943397641181,0.9746,0.8947499990463257,0.9554542265871624,0.9477752447128296,0.9477752447128296,0.9477752447128296,4000,,,,,,,,,,,
local,local,,,0,90,data_4000_4_2.5_chordal_rep02,val_epoch_task,val,cycle2,,66,,,,,,,,,4000,1317.0,14.0,2669.0,0.0,0.9894815927873779,1.0,0.9947129487991333,0.9947129487991333,0.9947129487991333,1317.0,0.3292500078678131
local,local,,,0,90,data_4000_4_2.5_chordal_rep02,val_epoch_task,val,cycle3,,66,,,,,,,,,4000,1295.0,17.0,2685.0,3.0,0.9870426829268293,0.99768875192604,0.992337167263031,0.992337167263031,0.992337167263031,1298.0,0.3244999945163727
local,local,,,0,90,data_4000_4_2.5_chordal_rep02,val_epoch_task,val,cycle4,,66,,,,,,,,,4000,1083.0,38.0,2856.0,23.0,0.9661016949152542,0.9792043399638336,0.9726089239120483,0.9726089239120483,0.9726089239120483,1106.0,0.27649998664855957
local,local,,,0,90,data_4000_4_2.5_chordal_rep02,val_epoch_task,val,cycle5,,66,,,,,,,,,4000,1011.0,78.0,2865.0,46.0,0.928374655647383,0.956480605487228,0.9422180652618408,0.9422180652618408,0.9422180652618408,1057.0,0.2642500102519989
local,local,,,0,90,data_4000_4_2.5_chordal_rep02,val_epoch_task,val,cycle6,,66,,,,,,,,,4000,742.0,159.0,2969.0,130.0,0.8235294117647058,0.8509174311926605,0.8369994759559631,0.8369994759559631,0.8369994759559631,872.0,0.21799999475479126
local,local,,,0,90,data_4000_4_2.5_chordal_rep02,train_epoch,train,,,67,0.09551578721404076,,,,,,,,4000,,,,,,,,,,,
local,local,,,0,90,data_4000_4_2.5_chordal_rep02,val_epoch,val,,,67,,0.13536791867017747,0.97145,0.8849999904632568,0.9499693332165074,0.9418694376945496,0.9418694376945496,0.9418694376945496,4000,,,,,,,,,,,
local,local,,,0,90,data_4000_4_2.5_chordal_rep02,val_epoch_task,val,cycle2,,67,,,,,,,,,4000,1317.0,16.0,2667.0,0.0,0.9879969992498124,1.0,0.9939622282981873,0.9939622282981873,0.9939622282981873,1317.0,0.3292500078678131
local,local,,,0,90,data_4000_4_2.5_chordal_rep02,val_epoch_task,val,cycle3,,67,,,,,,,,,4000,1297.0,36.0,2666.0,1.0,0.972993248312078,0.9992295839753467,0.9859369397163391,0.9859369397163391,0.9859369397163391,1298.0,0.3244999945163727
local,local,,,0,90,data_4000_4_2.5_chordal_rep02,val_epoch_task,val,cycle4,,67,,,,,,,,,4000,1068.0,38.0,2856.0,38.0,0.9656419529837251,0.9656419529837251,0.965641975402832,0.965641975402832,0.965641975402832,1106.0,0.27649998664855957
local,local,,,0,90,data_4000_4_2.5_chordal_rep02,val_epoch_task,val,cycle5,,67,,,,,,,,,4000,1006.0,78.0,2865.0,51.0,0.9280442804428044,0.9517502365184485,0.9397477507591248,0.9397477507591248,0.9397477507591248,1057.0,0.2642500102519989
local,local,,,0,90,data_4000_4_2.5_chordal_rep02,val_epoch_task,val,cycle6,,67,,,,,,,,,4000,733.0,174.0,2954.0,139.0,0.8081587651598677,0.8405963302752294,0.824058473110199,0.824058473110199,0.824058473110199,872.0,0.21799999475479126
local,local,,,0,90,data_4000_4_2.5_chordal_rep02,train_epoch,train,,,68,0.09451940786838532,,,,,,,,4000,,,,,,,,,,,
local,local,,,0,90,data_4000_4_2.5_chordal_rep02,val_epoch,val,,,68,,0.1151673191189766,0.9688,0.8715000152587891,0.9467031089853093,0.9408875703811646,0.9408875703811646,0.9408875703811646,4000,,,,,,,,,,,
local,local,,,0,90,data_4000_4_2.5_chordal_rep02,val_epoch_task,val,cycle2,,68,,,,,,,,,4000,1317.0,12.0,2671.0,0.0,0.9909706546275395,1.0,0.9954648613929749,0.9954648613929749,0.9954648613929749,1317.0,0.3292500078678131
local,local,,,0,90,data_4000_4_2.5_chordal_rep02,val_epoch_task,val,cycle3,,68,,,,,,,,,4000,1298.0,53.0,2649.0,0.0,0.9607698001480385,1.0,0.9799924492835999,0.9799924492835999,0.9799924492835999,1298.0,0.3244999945163727
local,local,,,0,90,data_4000_4_2.5_chordal_rep02,val_epoch_task,val,cycle4,,68,,,,,,,,,4000,1079.0,35.0,2859.0,27.0,0.9685816876122083,0.9755877034358047,0.9720720648765564,0.9720720648765564,0.9720720648765564,1106.0,0.27649998664855957
local,local,,,0,90,data_4000_4_2.5_chordal_rep02,val_epoch_task,val,cycle5,,68,,,,,,,,,4000,1032.0,125.0,2818.0,25.0,0.891961970613656,0.9763481551561022,0.9322493076324463,0.9322493076324463,0.9322493076324463,1057.0,0.2642500102519989
local,local,,,0,90,data_4000_4_2.5_chordal_rep02,val_epoch_task,val,cycle6,,68,,,,,,,,,4000,816.0,291.0,2837.0,56.0,0.7371273712737128,0.9357798165137615,0.8246589303016663,0.8246589303016663,0.8246589303016663,872.0,0.21799999475479126
local,local,,,0,90,data_4000_4_2.5_chordal_rep02,train_epoch,train,,,69,0.07930559781193733,,,,,,,,4000,,,,,,,,,,,
local,local,,,0,90,data_4000_4_2.5_chordal_rep02,val_epoch,val,,,69,,0.12805406111478806,0.9705,0.878250002861023,0.9489354336160638,0.9424959421157837,0.9424959421157837,0.9424959421157837,4000,,,,,,,,,,,
local,local,,,0,90,data_4000_4_2.5_chordal_rep02,val_epoch_task,val,cycle2,,69,,,,,,,,,4000,1317.0,19.0,2664.0,0.0,0.9857784431137725,1.0,0.9928383231163025,0.9928383231163025,0.9928383231163025,1317.0,0.3292500078678131
local,local,,,0,90,data_4000_4_2.5_chordal_rep02,val_epoch_task,val,cycle3,,69,,,,,,,,,4000,1295.0,21.0,2681.0,3.0,0.9840425531914894,0.99768875192604,0.9908186793327332,0.9908186793327332,0.9908186793327332,1298.0,0.3244999945163727
local,local,,,0,90,data_4000_4_2.5_chordal_rep02,val_epoch_task,val,cycle4,,69,,,,,,,,,4000,1080.0,44.0,2850.0,26.0,0.9608540925266904,0.976491862567812,0.9686098694801331,0.9686098694801331,0.9686098694801331,1106.0,0.27649998664855957
local,local,,,0,90,data_4000_4_2.5_chordal_rep02,val_epoch_task,val,cycle5,,69,,,,,,,,,4000,990.0,61.0,2882.0,67.0,0.9419600380589914,0.9366130558183539,0.9392789006233215,0.9392789006233215,0.9392789006233215,1057.0,0.2642500102519989
local,local,,,0,90,data_4000_4_2.5_chordal_rep02,val_epoch_task,val,cycle6,,69,,,,,,,,,4000,800.0,277.0,2851.0,72.0,0.7428040854224698,0.9174311926605505,0.8209338188171387,0.8209338188171387,0.8209338188171387,872.0,0.21799999475479126
local,local,,,0,90,data_4000_4_2.5_chordal_rep02,train_epoch,train,,,70,0.10051578250527382,,,,,,,,4000,,,,,,,,,,,
local,local,,,0,90,data_4000_4_2.5_chordal_rep02,val_epoch,val,,,70,,0.1287941102683544,0.9616,0.8452500104904175,0.935309973045822,0.9287125468254089,0.9287125468254089,0.9287125468254089,4000,,,,,,,,,,,
local,local,,,0,90,data_4000_4_2.5_chordal_rep02,val_epoch_task,val,cycle2,,70,,,,,,,,,4000,1316.0,18.0,2665.0,1.0,0.9865067466266867,0.9992406985573272,0.9928328990936279,0.9928328990936279,0.9928328990936279,1317.0,0.3292500078678131
local,local,,,0,90,data_4000_4_2.5_chordal_rep02,val_epoch_task,val,cycle3,,70,,,,,,,,,4000,1297.0,29.0,2673.0,1.0,0.978129713423831,0.9992295839753467,0.9885671138763428,0.9885671138763428,0.9885671138763428,1298.0,0.3244999945163727
local,local,,,0,90,data_4000_4_2.5_chordal_rep02,val_epoch_task,val,cycle4,,70,,,,,,,,,4000,1100.0,153.0,2741.0,6.0,0.8778930566640064,0.9945750452079566,0.9325985908508301,0.9325985908508301,0.9325985908508301,1106.0,0.27649998664855957
local,local,,,0,90,data_4000_4_2.5_chordal_rep02,val_epoch_task,val,cycle5,,70,,,,,,,,,4000,1029.0,166.0,2777.0,28.0,0.8610878661087866,0.9735099337748344,0.9138543009757996,0.9138543009757996,0.9138543009757996,1057.0,0.2642500102519989
local,local,,,0,90,data_4000_4_2.5_chordal_rep02,val_epoch_task,val,cycle6,,70,,,,,,,,,4000,810.0,304.0,2824.0,62.0,0.7271095152603232,0.9288990825688074,0.8157099485397339,0.8157099485397339,0.8157099485397339,872.0,0.21799999475479126
local,local,,,0,90,data_4000_4_2.5_chordal_rep02,train_epoch,train,,,71,0.08726652301847934,,,,,,,,4000,,,,,,,,,,,
local,local,,,0,90,data_4000_4_2.5_chordal_rep02,val_epoch,val,,,71,,0.11016215997934341,0.9712,0.8837500214576721,0.950693374422188,0.9448663592338562,0.9448663592338562,0.9448663592338562,4000,,,,,,,,,,,
local,local,,,0,90,data_4000_4_2.5_chordal_rep02,val_epoch_task,val,cycle2,,71,,,,,,,,,4000,1313.0,10.0,2673.0,4.0,0.9924414210128496,0.996962794229309,0.9946969747543335,0.9946969747543335,0.9946969747543335,1317.0,0.3292500078678131
local,local,,,0,90,data_4000_4_2.5_chordal_rep02,val_epoch_task,val,cycle3,,71,,,,,,,,,4000,1297.0,30.0,2672.0,1.0,0.9773926149208741,0.9992295839753467,0.9881904721260071,0.9881904721260071,0.9881904721260071,1298.0,0.3244999945163727
local,local,,,0,90,data_4000_4_2.5_chordal_rep02,val_epoch_task,val,cycle4,,71,,,,,,,,,4000,1095.0,64.0,2830.0,11.0,0.9447799827437446,0.9900542495479204,0.9668874144554138,0.9668874144554138,0.9668874144554138,1106.0,0.27649998664855957
local,local,,,0,90,data_4000_4_2.5_chordal_rep02,val_epoch_task,val,cycle5,,71,,,,,,,,,4000,1030.0,123.0,2820.0,27.0,0.8933217692974849,0.9744560075685903,0.9321267008781433,0.9321267008781433,0.9321267008781433,1057.0,0.2642500102519989
local,local,,,0,90,data_4000_4_2.5_chordal_rep02,val_epoch_task,val,cycle6,,71,,,,,,,,,4000,818.0,252.0,2876.0,54.0,0.7644859813084112,0.9380733944954128,0.8424304723739624,0.8424304723739624,0.8424304723739624,872.0,0.21799999475479126
local,local,,,0,90,data_4000_4_2.5_chordal_rep02,train_epoch,train,,,72,0.08846328918635846,,,,,,,,4000,,,,,,,,,,,
local,local,,,0,90,data_4000_4_2.5_chordal_rep02,val_epoch,val,,,72,,0.12225827938318252,0.9693,0.8730000257492065,0.9473593964334706,0.9411016702651978,0.9411016702651978,0.9411016702651978,4000,,,,,,,,,,,
local,local,,,0,90,data_4000_4_2.5_chordal_rep02,val_epoch_task,val,cycle2,,72,,,,,,,,,4000,1317.0,11.0,2672.0,0.0,0.9917168674698795,1.0,0.9958412051200867,0.9958412051200867,0.9958412051200867,1317.0,0.3292500078678131
local,local,,,0,90,data_4000_4_2.5_chordal_rep02,val_epoch_task,val,cycle3,,72,,,,,,,,,4000,1296.0,30.0,2672.0,2.0,0.9773755656108597,0.9984591679506933,0.9878048896789551,0.9878048896789551,0.9878048896789551,1298.0,0.3244999945163727
local,local,,,0,90,data_4000_4_2.5_chordal_rep02,val_epoch_task,val,cycle4,,72,,,,,,,,,4000,1075.0,22.0,2872.0,31.0,0.9799453053783045,0.9719710669077758,0.9759418964385986,0.9759418964385986,0.9759418964385986,1106.0,0.27649998664855957
local,local,,,0,90,data_4000_4_2.5_chordal_rep02,val_epoch_task,val,cycle5,,72,,,,,,,,,4000,1035.0,119.0,2824.0,22.0,0.8968804159445407,0.97918637653737,0.9362279772758484,0.9362279772758484,0.9362279772758484,1057.0,0.2642500102519989
local,local,,,0,90,data_4000_4_2.5_chordal_rep02,val_epoch_task,val,cycle6,,72,,,,,,,,,4000,802.0,307.0,2821.0,70.0,0.7231740306582507,0.9197247706422018,0.8096920847892761,0.8096920847892761,0.8096920847892761,872.0,0.21799999475479126
local,local,,,0,90,data_4000_4_2.5_chordal_rep02,train_epoch,train,,,73,0.08933605366945267,,,,,,,,4000,,,,,,,,,,,
local,local,,,0,90,data_4000_4_2.5_chordal_rep02,val_epoch,val,,,73,,0.12091799375414848,0.9664,0.8634999990463257,0.9429735234215885,0.9373590350151062,0.9373590350151062,0.9373590350151062,4000,,,,,,,,,,,
local,local,,,0,90,data_4000_4_2.5_chordal_rep02,val_epoch_task,val,cycle2,,73,,,,,,,,,4000,1317.0,16.0,2667.0,0.0,0.9879969992498124,1.0,0.9939622282981873,0.9939622282981873,0.9939622282981873,1317.0,0.3292500078678131
local,local,,,0,90,data_4000_4_2.5_chordal_rep02,val_epoch_task,val,cycle3,,73,,,,,,,,,4000,1287.0,38.0,2664.0,11.0,0.9713207547169811,0.9915254237288136,0.9813191294670105,0.9813191294670105,0.9813191294670105,1298.0,0.3244999945163727
local,local,,,0,90,data_4000_4_2.5_chordal_rep02,val_epoch_task,val,cycle4,,73,,,,,,,,,4000,1090.0,60.0,2834.0,16.0,0.9478260869565217,0.9855334538878843,0.966312050819397,0.966312050819397,0.966312050819397,1106.0,0.27649998664855957
local,local,,,0,90,data_4000_4_2.5_chordal_rep02,val_epoch_task,val,cycle5,,73,,,,,,,,,4000,1034.0,134.0,2809.0,23.0,0.8852739726027398,0.978240302743614,0.9294382333755493,0.9294382333755493,0.9294382333755493,1057.0,0.2642500102519989
local,local,,,0,90,data_4000_4_2.5_chordal_rep02,val_epoch_task,val,cycle6,,73,,,,,,,,,4000,828.0,330.0,2798.0,44.0,0.7150259067357513,0.9495412844036697,0.815763533115387,0.815763533115387,0.815763533115387,872.0,0.21799999475479126
local,local,,,0,90,data_4000_4_2.5_chordal_rep02,train_epoch,train,,,74,0.0865903299152851,,,,,,,,4000,,,,,,,,,,,
local,local,,,0,90,data_4000_4_2.5_chordal_rep02,val_epoch,val,,,74,,0.10279195994138718,0.9723,0.8849999904632568,0.952413674626353,0.9470453262329102,0.9470453262329102,0.9470453262329102,4000,,,,,,,,,,,
local,local,,,0,90,data_4000_4_2.5_chordal_rep02,val_epoch_task,val,cycle2,,74,,,,,,,,,4000,1316.0,9.0,2674.0,1.0,0.9932075471698113,0.9992406985573272,0.9962149858474731,0.9962149858474731,0.9962149858474731,1317.0,0.3292500078678131
local,local,,,0,90,data_4000_4_2.5_chordal_rep02,val_epoch_task,val,cycle3,,74,,,,,,,,,4000,1292.0,23.0,2679.0,6.0,0.9825095057034221,0.9953775038520801,0.9889016151428223,0.9889016151428223,0.9889016151428223,1298.0,0.3244999945163727
local,local,,,0,90,data_4000_4_2.5_chordal_rep02,val_epoch_task,val,cycle4,,74,,,,,,,,,4000,1079.0,36.0,2858.0,27.0,0.967713004484305,0.9755877034358047,0.9716344475746155,0.9716344475746155,0.9716344475746155,1106.0,0.27649998664855957
local,local,,,0,90,data_4000_4_2.5_chordal_rep02,val_epoch_task,val,cycle5,,74,,,,,,,,,4000,1022.0,107.0,2836.0,35.0,0.9052258635961028,0.9668874172185431,0.9350412487983704,0.9350412487983704,0.9350412487983704,1057.0,0.2642500102519989
local,local,,,0,90,data_4000_4_2.5_chordal_rep02,val_epoch_task,val,cycle6,,74,,,,,,,,,4000,835.0,273.0,2855.0,37.0,0.7536101083032491,0.9575688073394495,0.8434343338012695,0.8434343338012695,0.8434343338012695,872.0,0.21799999475479126
local,local,,,0,90,data_4000_4_2.5_chordal_rep02,train_epoch,train,,,75,0.08386846405640244,,,,,,,,4000,,,,,,,,,,,
local,local,,,0,90,data_4000_4_2.5_chordal_rep02,val_epoch,val,,,75,,0.11360214281082154,0.9683,0.8659999966621399,0.9461250849762066,0.939978301525116,0.939978301525116,0.939978301525116,4000,,,,,,,,,,,
local,local,,,0,90,data_4000_4_2.5_chordal_rep02,val_epoch_task,val,cycle2,,75,,,,,,,,,4000,1317.0,13.0,2670.0,0.0,0.9902255639097745,1.0,0.9950887560844421,0.9950887560844421,0.9950887560844421,1317.0,0.3292500078678131
local,local,,,0,90,data_4000_4_2.5_chordal_rep02,val_epoch_task,val,cycle3,,75,,,,,,,,,4000,1298.0,19.0,2683.0,0.0,0.9855732725892179,1.0,0.9927342534065247,0.9927342534065247,0.9927342534065247,1298.0,0.3244999945163727
local,local,,,0,90,data_4000_4_2.5_chordal_rep02,val_epoch_task,val,cycle4,,75,,,,,,,,,4000,1098.0,90.0,2804.0,8.0,0.9242424242424242,0.9927667269439421,0.9572798609733582,0.9572798609733582,0.9572798609733582,1106.0,0.27649998664855957
local,local,,,0,90,data_4000_4_2.5_chordal_rep02,val_epoch_task,val,cycle5,,75,,,,,,,,,4000,1043.0,189.0,2754.0,14.0,0.8465909090909091,0.9867549668874173,0.9113150238990784,0.9113150238990784,0.9113150238990784,1057.0,0.2642500102519989
local,local,,,0,90,data_4000_4_2.5_chordal_rep02,val_epoch_task,val,cycle6,,75,,,,,,,,,4000,811.0,240.0,2888.0,61.0,0.7716460513796385,0.930045871559633,0.8434736728668213,0.8434736728668213,0.8434736728668213,872.0,0.21799999475479126
local,local,,,0,90,data_4000_4_2.5_chordal_rep02,train_epoch,train,,,76,0.09184084746241569,,,,,,,,4000,,,,,,,,,,,
local,local,,,0,90,data_4000_4_2.5_chordal_rep02,val_epoch,val,,,76,,0.10683596621453761,0.9734,0.8880000114440918,0.9540110650069156,0.9483081698417664,0.9483081698417664,0.9483081698417664,4000,,,,,,,,,,,
local,local,,,0,90,data_4000_4_2.5_chordal_rep02,val_epoch_task,val,cycle2,,76,,,,,,,,,4000,1315.0,9.0,2674.0,2.0,0.993202416918429,0.9984813971146546,0.9958348870277405,0.9958348870277405,0.9958348870277405,1317.0,0.3292500078678131
local,local,,,0,90,data_4000_4_2.5_chordal_rep02,val_epoch_task,val,cycle3,,76,,,,,,,,,4000,1291.0,21.0,2681.0,7.0,0.9839939024390244,0.9946070878274268,0.9892719984054565,0.9892719984054565,0.9892719984054565,1298.0,0.3244999945163727
local,local,,,0,90,data_4000_4_2.5_chordal_rep02,val_epoch_task,val,cycle4,,76,,,,,,,,,4000,1092.0,38.0,2856.0,14.0,0.9663716814159292,0.9873417721518988,0.9767441749572754,0.9767441749572754,0.9767441749572754,1106.0,0.27649998664855957
local,local,,,0,90,data_4000_4_2.5_chordal_rep02,val_epoch_task,val,cycle5,,76,,,,,,,,,4000,1001.0,59.0,2884.0,56.0,0.9443396226415094,0.9470198675496688,0.9456778168678284,0.9456778168678284,0.9456778168678284,1057.0,0.2642500102519989
local,local,,,0,90,data_4000_4_2.5_chordal_rep02,val_epoch_task,val,cycle6,,76,,,,,,,,,4000,819.0,273.0,2855.0,53.0,0.75,0.9392201834862385,0.8340122103691101,0.8340122103691101,0.8340122103691101,872.0,0.21799999475479126
local,local,,,0,90,data_4000_4_2.5_chordal_rep02,train_epoch,train,,,77,0.09639191088080407,,,,,,,,4000,,,,,,,,,,,
local,local,,,0,90,data_4000_4_2.5_chordal_rep02,val_epoch,val,,,77,,0.15032127487659455,0.97045,0.8755000233650208,0.9484967320261438,0.9410589337348938,0.9410589337348938,0.9410589337348938,4000,,,,,,,,,,,
local,local,,,0,90,data_4000_4_2.5_chordal_rep02,val_epoch_task,val,cycle2,,77,,,,,,,,,4000,1317.0,15.0,2668.0,0.0,0.9887387387387387,1.0,0.9943374395370483,0.9943374395370483,0.9943374395370483,1317.0,0.3292500078678131
local,local,,,0,90,data_4000_4_2.5_chordal_rep02,val_epoch_task,val,cycle3,,77,,,,,,,,,4000,1291.0,19.0,2683.0,7.0,0.9854961832061069,0.9946070878274268,0.9900306463241577,0.9900306463241577,0.9900306463241577,1298.0,0.3244999945163727
local,local,,,0,90,data_4000_4_2.5_chordal_rep02,val_epoch_task,val,cycle4,,77,,,,,,,,,4000,1092.0,51.0,2843.0,14.0,0.9553805774278216,0.9873417721518988,0.9710982441902161,0.9710982441902161,0.9710982441902161,1106.0,0.27649998664855957
local,local,,,0,90,data_4000_4_2.5_chordal_rep02,val_epoch_task,val,cycle5,,77,,,,,,,,,4000,971.0,63.0,2880.0,86.0,0.9390715667311412,0.9186376537369915,0.9287422299385071,0.9287422299385071,0.9287422299385071,1057.0,0.2642500102519989
local,local,,,0,90,data_4000_4_2.5_chordal_rep02,val_epoch_task,val,cycle6,,77,,,,,,,,,4000,771.0,235.0,2893.0,101.0,0.7664015904572564,0.8841743119266054,0.8210862278938293,0.8210862278938293,0.8210862278938293,872.0,0.21799999475479126
local,local,,,0,90,data_4000_4_2.5_chordal_rep02,train_epoch,train,,,78,0.08678106836974621,,,,,,,,4000,,,,,,,,,,,
local,local,,,0,90,data_4000_4_2.5_chordal_rep02,val_epoch,val,,,78,,0.11246589228510856,0.9725,0.8865000009536743,0.9526188835286009,0.9463378190994263,0.9463378190994263,0.9463378190994263,4000,,,,,,,,,,,
local,local,,,0,90,data_4000_4_2.5_chordal_rep02,val_epoch_task,val,cycle2,,78,,,,,,,,,4000,1317.0,12.0,2671.0,0.0,0.9909706546275395,1.0,0.9954648613929749,0.9954648613929749,0.9954648613929749,1317.0,0.3292500078678131
local,local,,,0,90,data_4000_4_2.5_chordal_rep02,val_epoch_task,val,cycle3,,78,,,,,,,,,4000,1296.0,26.0,2676.0,2.0,0.9803328290468987,0.9984591679506933,0.989313006401062,0.989313006401062,0.989313006401062,1298.0,0.3244999945163727
local,local,,,0,90,data_4000_4_2.5_chordal_rep02,val_epoch_task,val,cycle4,,78,,,,,,,,,4000,1092.0,43.0,2851.0,14.0,0.9621145374449339,0.9873417721518988,0.9745649695396423,0.9745649695396423,0.9745649695396423,1106.0,0.27649998664855957
local,local,,,0,90,data_4000_4_2.5_chordal_rep02,val_epoch_task,val,cycle5,,78,,,,,,,,,4000,1025.0,113.0,2830.0,32.0,0.9007029876977153,0.9697256385998108,0.9339408278465271,0.9339408278465271,0.9339408278465271,1057.0,0.2642500102519989
local,local,,,0,90,data_4000_4_2.5_chordal_rep02,val_epoch_task,val,cycle6,,78,,,,,,,,,4000,799.0,235.0,2893.0,73.0,0.7727272727272727,0.9162844036697247,0.8384050726890564,0.8384050726890564,0.8384050726890564,872.0,0.21799999475479126
local,local,,,0,90,data_4000_4_2.5_chordal_rep02,train_epoch,train,,,79,0.08472670349478721,,,,,,,,4000,,,,,,,,,,,
local,local,,,0,90,data_4000_4_2.5_chordal_rep02,val_epoch,val,,,79,,0.10852017039060592,0.97325,0.8847500085830688,0.9539150658971487,0.9479516744613647,0.9479516744613647,0.9479516744613647,4000,,,,,,,,,,,
local,local,,,0,90,data_4000_4_2.5_chordal_rep02,val_epoch_task,val,cycle2,,79,,,,,,,,,4000,1315.0,8.0,2675.0,2.0,0.9939531368102796,0.9984813971146546,0.9962121248245239,0.9962121248245239,0.9962121248245239,1317.0,0.3292500078678131
local,local,,,0,90,data_4000_4_2.5_chordal_rep02,val_epoch_task,val,cycle3,,79,,,,,,,,,4000,1297.0,22.0,2680.0,1.0,0.9833206974981046,0.9992295839753467,0.9912113547325134,0.9912113547325134,0.9912113547325134,1298.0,0.3244999945163727
local,local,,,0,90,data_4000_4_2.5_chordal_rep02,val_epoch_task,val,cycle4,,79,,,,,,,,,4000,1091.0,38.0,2856.0,15.0,0.9663418954827281,0.9864376130198915,0.9762864112854004,0.9762864112854004,0.9762864112854004,1106.0,0.27649998664855957
local,local,,,0,90,data_4000_4_2.5_chordal_rep02,val_epoch_task,val,cycle5,,79,,,,,,,,,4000,1022.0,106.0,2837.0,35.0,0.9060283687943262,0.9668874172185431,0.9354691505432129,0.9354691505432129,0.9354691505432129,1057.0,0.2642500102519989
local,local,,,0,90,data_4000_4_2.5_chordal_rep02,val_epoch_task,val,cycle6,,79,,,,,,,,,4000,812.0,248.0,2880.0,60.0,0.7660377358490567,0.9311926605504587,0.8405797481536865,0.8405797481536865,0.8405797481536865,872.0,0.21799999475479126
local,local,,,0,90,data_4000_4_2.5_chordal_rep02,train_epoch,train,,,80,0.0828783595263958,,,,,,,,4000,,,,,,,,,,,
local,local,,,0,90,data_4000_4_2.5_chordal_rep02,val_epoch,val,,,80,,0.10783380502462388,0.9707,0.8790000081062317,0.9500170590242238,0.9442839622497559,0.9442839622497559,0.9442839622497559,4000,,,,,,,,,,,
local,local,,,0,90,data_4000_4_2.5_chordal_rep02,val_epoch_task,val,cycle2,,80,,,,,,,,,4000,1317.0,6.0,2677.0,0.0,0.9954648526077098,1.0,0.9977273344993591,0.9977273344993591,0.9977273344993591,1317.0,0.3292500078678131
local,local,,,0,90,data_4000_4_2.5_chordal_rep02,val_epoch_task,val,cycle3,,80,,,,,,,,,4000,1295.0,30.0,2672.0,3.0,0.9773584905660377,0.99768875192604,0.9874190092086792,0.9874190092086792,0.9874190092086792,1298.0,0.3244999945163727
local,local,,,0,90,data_4000_4_2.5_chordal_rep02,val_epoch_task,val,cycle4,,80,,,,,,,,,4000,1089.0,51.0,2843.0,17.0,0.9552631578947368,0.984629294755877,0.9697239398956299,0.9697239398956299,0.9697239398956299,1106.0,0.27649998664855957
local,local,,,0,90,data_4000_4_2.5_chordal_rep02,val_epoch_task,val,cycle5,,80,,,,,,,,,4000,1044.0,133.0,2810.0,13.0,0.887000849617672,0.9877010406811731,0.9346463084220886,0.9346463084220886,0.9346463084220886,1057.0,0.2642500102519989
local,local,,,0,90,data_4000_4_2.5_chordal_rep02,val_epoch_task,val,cycle6,,80,,,,,,,,,4000,824.0,285.0,2843.0,48.0,0.7430117222723174,0.944954128440367,0.8319031000137329,0.8319031000137329,0.8319031000137329,872.0,0.21799999475479126
local,local,,,0,90,data_4000_4_2.5_chordal_rep02,best_local_train,train,,,51,,0.07373233117163182,0.9814,0.921999990940094,0.966696508504924,0.9627531170845032,0.9627531170845032,0.9627531170845032,4000,,,,,,,,,,,
local,local,,,0,90,data_4000_4_2.5_chordal_rep02,best_local_train_task,train,cycle2,,51,,,,,,,,,4000,1263.0,18.0,2719.0,0.0,0.9859484777517564,1.0,0.9929245114326477,0.9929245114326477,0.9929245114326477,1263.0,0.31575000286102295
local,local,,,0,90,data_4000_4_2.5_chordal_rep02,best_local_train_task,train,cycle3,,51,,,,,,,,,4000,1228.0,17.0,2754.0,1.0,0.9863453815261044,0.9991863303498779,0.9927242994308472,0.9927242994308472,0.9927242994308472,1229.0,0.3072499930858612
local,local,,,0,90,data_4000_4_2.5_chordal_rep02,best_local_train_task,train,cycle4,,51,,,,,,,,,4000,1103.0,53.0,2828.0,16.0,0.9541522491349481,0.9857015192135835,0.969670295715332,0.969670295715332,0.969670295715332,1119.0,0.2797499895095825
local,local,,,0,90,data_4000_4_2.5_chordal_rep02,best_local_train_task,train,cycle5,,51,,,,,,,,,4000,985.0,58.0,2945.0,12.0,0.9443911792905082,0.9879638916750251,0.9656862616539001,0.9656862616539001,0.9656862616539001,997.0,0.24924999475479126
local,local,,,0,90,data_4000_4_2.5_chordal_rep02,best_local_train_task,train,cycle6,,51,,,,,,,,,4000,820.0,177.0,2983.0,20.0,0.8224674022066198,0.9761904761904762,0.8927599191665649,0.8927599191665649,0.8927599191665649,840.0,0.20999999344348907
local,local,,,0,90,data_4000_4_2.5_chordal_rep02,best_local_val,val,,,51,,0.10902591276168823,0.97235,0.8824999928474426,0.9525281140012019,0.9466017484664917,0.9466017484664917,0.9466017484664917,4000,,,,,,,,,,,
local,local,,,0,90,data_4000_4_2.5_chordal_rep02,best_local_val_task,val,cycle2,,51,,,,,,,,,4000,1316.0,16.0,2667.0,1.0,0.987987987987988,0.9992406985573272,0.9935824871063232,0.9935824871063232,0.9935824871063232,1317.0,0.3292500078678131
local,local,,,0,90,data_4000_4_2.5_chordal_rep02,best_local_val_task,val,cycle3,,51,,,,,,,,,4000,1295.0,18.0,2684.0,3.0,0.9862909367859863,0.99768875192604,0.9919571280479431,0.9919571280479431,0.9919571280479431,1298.0,0.3244999945163727
local,local,,,0,90,data_4000_4_2.5_chordal_rep02,best_local_val_task,val,cycle4,,51,,,,,,,,,4000,1093.0,55.0,2839.0,13.0,0.9520905923344948,0.9882459312839059,0.9698314666748047,0.9698314666748047,0.9698314666748047,1106.0,0.27649998664855957
local,local,,,0,90,data_4000_4_2.5_chordal_rep02,best_local_val_task,val,cycle5,,51,,,,,,,,,4000,1031.0,87.0,2856.0,26.0,0.9221824686940966,0.9754020813623463,0.9480459690093994,0.9480459690093994,0.9480459690093994,1057.0,0.2642500102519989
local,local,,,0,90,data_4000_4_2.5_chordal_rep02,best_local_val_task,val,cycle6,,51,,,,,,,,,4000,813.0,275.0,2853.0,59.0,0.7472426470588235,0.9323394495412844,0.8295918107032776,0.8295918107032776,0.8295918107032776,872.0,0.21799999475479126
local,local,,,0,90,data_4000_4_2.5_chordal_rep02,best_local_test,test,,,51,,0.10612104991078376,0.9731,0.8867499828338623,0.9542127659574468,0.950433611869812,0.950433611869812,0.950433611869812,4000,,,,,,,,,,,
local,local,,,0,90,data_4000_4_2.5_chordal_rep02,best_local_test_task,test,cycle2,,51,,,,,,,,,4000,1265.0,14.0,2721.0,0.0,0.9890539483971853,1.0,0.9944968819618225,0.9944968819618225,0.9944968819618225,1265.0,0.3162499964237213
local,local,,,0,90,data_4000_4_2.5_chordal_rep02,best_local_test_task,test,cycle3,,51,,,,,,,,,4000,1261.0,29.0,2709.0,1.0,0.9775193798449613,0.9992076069730587,0.9882445335388184,0.9882445335388184,0.9882445335388184,1262.0,0.3154999911785126
local,local,,,0,90,data_4000_4_2.5_chordal_rep02,best_local_test_task,test,cycle4,,51,,,,,,,,,4000,1176.0,38.0,2781.0,5.0,0.9686985172981878,0.995766299745978,0.9820458889007568,0.9820458889007568,0.9820458889007568,1181.0,0.2952499985694885
local,local,,,0,90,data_4000_4_2.5_chordal_rep02,best_local_test_task,test,cycle5,,51,,,,,,,,,4000,1004.0,110.0,2852.0,34.0,0.9012567324955116,0.9672447013487476,0.9330855011940002,0.9330855011940002,0.9330855011940002,1038.0,0.25949999690055847
local,local,,,0,90,data_4000_4_2.5_chordal_rep02,best_local_test_task,test,cycle6,,51,,,,,,,,,4000,900.0,246.0,2793.0,61.0,0.7853403141361257,0.9365244536940687,0.8542951941490173,0.8542951941490173,0.8542951941490173,961.0,0.24025000631809235
