run_type,algorithm,subset_id,subset_clients,seed,graph_id,dataset_id,phase,split,task,round,local_epoch,train_loss,eval_loss,pair_acc,subset_acc,micro_f1,macro_f1,macro_pos_f1,macro_minority_f1,num_nodes,tp,fp,tn,fn,precision,recall,f1,positive_f1,minority_f1,pos_cnt,pos_rate
local,local,,,2,166,data_4200_4_2.0_chordal_rep02,train_epoch,train,,,1,0.7315191069103423,,,,,,,,4200,,,,,,,,,,,
local,local,,,2,166,data_4200_4_2.0_chordal_rep02,val_epoch,val,,,1,,0.6215118191355751,0.7769047619047619,0.46071428060531616,0.6716658490433807,0.6434624195098877,0.6434624195098877,0.6434624195098877,4200,,,,,,,,,,,
local,local,,,2,166,data_4200_4_2.0_chordal_rep02,val_epoch_task,val,cycle2,,1,,,,,,,,,4200,1453.0,773.0,1859.0,115.0,0.6527403414195867,0.9266581632653061,0.7659462094306946,0.7659462094306946,0.7659462094306946,1568.0,0.3733333349227905
local,local,,,2,166,data_4200_4_2.0_chordal_rep02,val_epoch_task,val,cycle3,,1,,,,,,,,,4200,1308.0,642.0,2085.0,165.0,0.6707692307692308,0.8879837067209776,0.7642418742179871,0.7642418742179871,0.7642418742179871,1473.0,0.3507142961025238
local,local,,,2,166,data_4200_4_2.0_chordal_rep02,val_epoch_task,val,cycle4,,1,,,,,,,,,4200,955.0,778.0,2299.0,168.0,0.5510675129832661,0.8504007123775601,0.6687674522399902,0.6687674522399902,0.6687674522399902,1123.0,0.267380952835083
local,local,,,2,166,data_4200_4_2.0_chordal_rep02,val_epoch_task,val,cycle5,,1,,,,,,,,,4200,629.0,856.0,2558.0,157.0,0.4235690235690236,0.8002544529262087,0.5539409518241882,0.5539409518241882,0.5539409518241882,786.0,0.18714286386966705
local,local,,,2,166,data_4200_4_2.0_chordal_rep02,val_epoch_task,val,cycle6,,1,,,,,,,,,4200,447.0,879.0,2722.0,152.0,0.33710407239819007,0.7462437395659433,0.464415580034256,0.464415580034256,0.464415580034256,599.0,0.1426190435886383
local,local,,,2,166,data_4200_4_2.0_chordal_rep02,train_epoch,train,,,2,0.5036318935666766,,,,,,,,4200,,,,,,,,,,,
local,local,,,2,166,data_4200_4_2.0_chordal_rep02,val_epoch,val,,,2,,0.6494903906186422,0.7663333333333333,0.49238094687461853,0.6877505567928731,0.6766378879547119,0.6766378879547119,0.6766378879547119,4200,,,,,,,,,,,
local,local,,,2,166,data_4200_4_2.0_chordal_rep02,val_epoch_task,val,cycle2,,2,,,,,,,,,4200,1455.0,10.0,2622.0,113.0,0.9931740614334471,0.9279336734693877,0.959446132183075,0.959446132183075,0.959446132183075,1568.0,0.3733333349227905
local,local,,,2,166,data_4200_4_2.0_chordal_rep02,val_epoch_task,val,cycle3,,2,,,,,,,,,4200,1473.0,765.0,1962.0,0.0,0.6581769436997319,1.0,0.793856143951416,0.793856143951416,0.793856143951416,1473.0,0.3507142961025238
local,local,,,2,166,data_4200_4_2.0_chordal_rep02,val_epoch_task,val,cycle4,,2,,,,,,,,,4200,1123.0,1034.0,2043.0,0.0,0.5206305053314789,1.0,0.6847561001777649,0.6847561001777649,0.6847561001777649,1123.0,0.267380952835083
local,local,,,2,166,data_4200_4_2.0_chordal_rep02,val_epoch_task,val,cycle5,,2,,,,,,,,,4200,786.0,1445.0,1969.0,0.0,0.35230838189152847,1.0,0.5210474133491516,0.5210474133491516,0.5210474133491516,786.0,0.18714286386966705
local,local,,,2,166,data_4200_4_2.0_chordal_rep02,val_epoch_task,val,cycle6,,2,,,,,,,,,4200,567.0,1508.0,2093.0,32.0,0.27325301204819274,0.9465776293823038,0.42408376932144165,0.42408376932144165,0.42408376932144165,599.0,0.1426190435886383
local,local,,,2,166,data_4200_4_2.0_chordal_rep02,train_epoch,train,,,3,0.34775682531651997,,,,,,,,4200,,,,,,,,,,,
local,local,,,2,166,data_4200_4_2.0_chordal_rep02,val_epoch,val,,,3,,0.3181473660469055,0.8756666666666667,0.6371428370475769,0.8078592979615866,0.7825281023979187,0.7825281023979187,0.7825281023979187,4200,,,,,,,,,,,
local,local,,,2,166,data_4200_4_2.0_chordal_rep02,val_epoch_task,val,cycle2,,3,,,,,,,,,4200,1566.0,101.0,2531.0,2.0,0.9394121175764847,0.9987244897959183,0.9681607484817505,0.9681607484817505,0.9681607484817505,1568.0,0.3733333349227905
local,local,,,2,166,data_4200_4_2.0_chordal_rep02,val_epoch_task,val,cycle3,,3,,,,,,,,,4200,1466.0,198.0,2529.0,7.0,0.8810096153846154,0.9952477936184657,0.9346509575843811,0.9346509575843811,0.9346509575843811,1473.0,0.3507142961025238
local,local,,,2,166,data_4200_4_2.0_chordal_rep02,val_epoch_task,val,cycle4,,3,,,,,,,,,4200,1110.0,502.0,2575.0,13.0,0.6885856079404467,0.9884238646482636,0.811700165271759,0.811700165271759,0.811700165271759,1123.0,0.267380952835083
local,local,,,2,166,data_4200_4_2.0_chordal_rep02,val_epoch_task,val,cycle5,,3,,,,,,,,,4200,762.0,770.0,2644.0,24.0,0.49738903394255873,0.9694656488549618,0.6574633717536926,0.6574633717536926,0.6574633717536926,786.0,0.18714286386966705
local,local,,,2,166,data_4200_4_2.0_chordal_rep02,val_epoch_task,val,cycle6,,3,,,,,,,,,4200,585.0,980.0,2621.0,14.0,0.3738019169329074,0.9766277128547579,0.5406653881072998,0.5406653881072998,0.5406653881072998,599.0,0.1426190435886383
local,local,,,2,166,data_4200_4_2.0_chordal_rep02,train_epoch,train,,,4,0.267135685199783,,,,,,,,4200,,,,,,,,,,,
local,local,,,2,166,data_4200_4_2.0_chordal_rep02,val_epoch,val,,,4,,0.3005753231048584,0.9068571428571428,0.7047619223594666,0.8419010669253152,0.8187100291252136,0.8187100291252136,0.8187100291252136,4200,,,,,,,,,,,
local,local,,,2,166,data_4200_4_2.0_chordal_rep02,val_epoch_task,val,cycle2,,4,,,,,,,,,4200,1557.0,24.0,2608.0,11.0,0.9848197343453511,0.9929846938775511,0.9888854026794434,0.9888854026794434,0.9888854026794434,1568.0,0.3733333349227905
local,local,,,2,166,data_4200_4_2.0_chordal_rep02,val_epoch_task,val,cycle3,,4,,,,,,,,,4200,1351.0,24.0,2703.0,122.0,0.9825454545454545,0.9171758316361168,0.9487359523773193,0.9487359523773193,0.9487359523773193,1473.0,0.3507142961025238
local,local,,,2,166,data_4200_4_2.0_chordal_rep02,val_epoch_task,val,cycle4,,4,,,,,,,,,4200,976.0,50.0,3027.0,147.0,0.9512670565302144,0.8691006233303651,0.9083294868469238,0.9083294868469238,0.9083294868469238,1123.0,0.267380952835083
local,local,,,2,166,data_4200_4_2.0_chordal_rep02,val_epoch_task,val,cycle5,,4,,,,,,,,,4200,757.0,666.0,2748.0,29.0,0.5319747013352073,0.9631043256997456,0.6853779554367065,0.6853779554367065,0.6853779554367065,786.0,0.18714286386966705
local,local,,,2,166,data_4200_4_2.0_chordal_rep02,val_epoch_task,val,cycle6,,4,,,,,,,,,4200,567.0,851.0,2750.0,32.0,0.3998589562764457,0.9465776293823038,0.5622211694717407,0.5622211694717407,0.5622211694717407,599.0,0.1426190435886383
local,local,,,2,166,data_4200_4_2.0_chordal_rep02,train_epoch,train,,,5,0.2630666475636618,,,,,,,,4200,,,,,,,,,,,
local,local,,,2,166,data_4200_4_2.0_chordal_rep02,val_epoch,val,,,5,,0.22054099409353164,0.9304761904761905,0.7621428370475769,0.8813201105511299,0.8529379963874817,0.8529379963874817,0.8529379963874817,4200,,,,,,,,,,,
local,local,,,2,166,data_4200_4_2.0_chordal_rep02,val_epoch_task,val,cycle2,,5,,,,,,,,,4200,1566.0,37.0,2595.0,2.0,0.9769182782283219,0.9987244897959183,0.9877010583877563,0.9877010583877563,0.9877010583877563,1568.0,0.3733333349227905
local,local,,,2,166,data_4200_4_2.0_chordal_rep02,val_epoch_task,val,cycle3,,5,,,,,,,,,4200,1460.0,41.0,2686.0,13.0,0.9726848767488341,0.991174473862865,0.981842577457428,0.981842577457428,0.981842577457428,1473.0,0.3507142961025238
local,local,,,2,166,data_4200_4_2.0_chordal_rep02,val_epoch_task,val,cycle4,,5,,,,,,,,,4200,1096.0,125.0,2952.0,27.0,0.8976248976248976,0.9759572573463936,0.935153603553772,0.935153603553772,0.935153603553772,1123.0,0.267380952835083
local,local,,,2,166,data_4200_4_2.0_chordal_rep02,val_epoch_task,val,cycle5,,5,,,,,,,,,4200,728.0,430.0,2984.0,58.0,0.6286701208981001,0.926208651399491,0.748971164226532,0.748971164226532,0.748971164226532,786.0,0.18714286386966705
local,local,,,2,166,data_4200_4_2.0_chordal_rep02,val_epoch_task,val,cycle6,,5,,,,,,,,,4200,571.0,699.0,2902.0,28.0,0.4496062992125984,0.9532554257095158,0.6110219359397888,0.6110219359397888,0.6110219359397888,599.0,0.1426190435886383
local,local,,,2,166,data_4200_4_2.0_chordal_rep02,train_epoch,train,,,6,0.21855105805964697,,,,,,,,4200,,,,,,,,,,,
local,local,,,2,166,data_4200_4_2.0_chordal_rep02,val_epoch,val,,,6,,0.2108413011970974,0.9417142857142857,0.7845237851142883,0.8981188613284502,0.8663641214370728,0.8663641214370728,0.8663641214370728,4200,,,,,,,,,,,
local,local,,,2,166,data_4200_4_2.0_chordal_rep02,val_epoch_task,val,cycle2,,6,,,,,,,,,4200,1568.0,23.0,2609.0,0.0,0.9855436832181018,1.0,0.9927191734313965,0.9927191734313965,0.9927191734313965,1568.0,0.3733333349227905
local,local,,,2,166,data_4200_4_2.0_chordal_rep02,val_epoch_task,val,cycle3,,6,,,,,,,,,4200,1465.0,27.0,2700.0,8.0,0.9819034852546917,0.9945689069925322,0.9881955981254578,0.9881955981254578,0.9881955981254578,1473.0,0.3507142961025238
local,local,,,2,166,data_4200_4_2.0_chordal_rep02,val_epoch_task,val,cycle4,,6,,,,,,,,,4200,1094.0,107.0,2970.0,29.0,0.9109075770191507,0.9741763134461264,0.9414801597595215,0.9414801597595215,0.9414801597595215,1123.0,0.267380952835083
local,local,,,2,166,data_4200_4_2.0_chordal_rep02,val_epoch_task,val,cycle5,,6,,,,,,,,,4200,761.0,358.0,3056.0,25.0,0.680071492403932,0.9681933842239185,0.7989501357078552,0.7989501357078552,0.7989501357078552,786.0,0.18714286386966705
local,local,,,2,166,data_4200_4_2.0_chordal_rep02,val_epoch_task,val,cycle6,,6,,,,,,,,,4200,507.0,555.0,3046.0,92.0,0.4774011299435028,0.8464106844741235,0.6104756593704224,0.6104756593704224,0.6104756593704224,599.0,0.1426190435886383
local,local,,,2,166,data_4200_4_2.0_chordal_rep02,train_epoch,train,,,7,0.21639117121696472,,,,,,,,4200,,,,,,,,,,,
local,local,,,2,166,data_4200_4_2.0_chordal_rep02,val_epoch,val,,,7,,0.1975259894984109,0.9363809523809524,0.7688094973564148,0.8907068062827225,0.8633545637130737,0.8633545637130737,0.8633545637130737,4200,,,,,,,,,,,
local,local,,,2,166,data_4200_4_2.0_chordal_rep02,val_epoch_task,val,cycle2,,7,,,,,,,,,4200,1560.0,11.0,2621.0,8.0,0.9929980903882877,0.9948979591836735,0.9939470887184143,0.9939470887184143,0.9939470887184143,1568.0,0.3733333349227905
local,local,,,2,166,data_4200_4_2.0_chordal_rep02,val_epoch_task,val,cycle3,,7,,,,,,,,,4200,1459.0,43.0,2684.0,14.0,0.9713715046604527,0.9904955872369314,0.9808403253555298,0.9808403253555298,0.9808403253555298,1473.0,0.3507142961025238
local,local,,,2,166,data_4200_4_2.0_chordal_rep02,val_epoch_task,val,cycle4,,7,,,,,,,,,4200,1103.0,141.0,2936.0,20.0,0.8866559485530546,0.9821905609973286,0.9319813847541809,0.9319813847541809,0.9319813847541809,1123.0,0.267380952835083
local,local,,,2,166,data_4200_4_2.0_chordal_rep02,val_epoch_task,val,cycle5,,7,,,,,,,,,4200,749.0,368.0,3046.0,37.0,0.6705461056401074,0.9529262086513995,0.7871781587600708,0.7871781587600708,0.7871781587600708,786.0,0.18714286386966705
local,local,,,2,166,data_4200_4_2.0_chordal_rep02,val_epoch_task,val,cycle6,,7,,,,,,,,,4200,573.0,668.0,2933.0,26.0,0.46172441579371476,0.9565943238731218,0.6228261590003967,0.6228261590003967,0.6228261590003967,599.0,0.1426190435886383
local,local,,,2,166,data_4200_4_2.0_chordal_rep02,train_epoch,train,,,8,0.20680198232332866,,,,,,,,4200,,,,,,,,,,,
local,local,,,2,166,data_4200_4_2.0_chordal_rep02,val_epoch,val,,,8,,0.1875873198111852,0.9470952380952381,0.7995238304138184,0.9068968406938741,0.8789003491401672,0.8789003491401672,0.8789003491401672,4200,,,,,,,,,,,
local,local,,,2,166,data_4200_4_2.0_chordal_rep02,val_epoch_task,val,cycle2,,8,,,,,,,,,4200,1564.0,34.0,2598.0,4.0,0.9787234042553191,0.9974489795918368,0.9879974722862244,0.9879974722862244,0.9879974722862244,1568.0,0.3733333349227905
local,local,,,2,166,data_4200_4_2.0_chordal_rep02,val_epoch_task,val,cycle3,,8,,,,,,,,,4200,1466.0,37.0,2690.0,7.0,0.9753825681969395,0.9952477936184657,0.9852150082588196,0.9852150082588196,0.9852150082588196,1473.0,0.3507142961025238
local,local,,,2,166,data_4200_4_2.0_chordal_rep02,val_epoch_task,val,cycle4,,8,,,,,,,,,4200,1102.0,81.0,2996.0,21.0,0.9315300084530854,0.981300089047195,0.9557675719261169,0.9557675719261169,0.9557675719261169,1123.0,0.267380952835083
local,local,,,2,166,data_4200_4_2.0_chordal_rep02,val_epoch_task,val,cycle5,,8,,,,,,,,,4200,739.0,238.0,3176.0,47.0,0.7563971340839304,0.9402035623409669,0.8383437395095825,0.8383437395095825,0.8383437395095825,786.0,0.18714286386966705
local,local,,,2,166,data_4200_4_2.0_chordal_rep02,val_epoch_task,val,cycle6,,8,,,,,,,,,4200,540.0,583.0,3018.0,59.0,0.4808548530721282,0.9015025041736227,0.6271776556968689,0.6271776556968689,0.6271776556968689,599.0,0.1426190435886383
local,local,,,2,166,data_4200_4_2.0_chordal_rep02,train_epoch,train,,,9,0.20170223423412867,,,,,,,,4200,,,,,,,,,,,
local,local,,,2,166,data_4200_4_2.0_chordal_rep02,val_epoch,val,,,9,,0.21169144812084378,0.9228095238095239,0.7369047403335571,0.8710524222416673,0.8467754125595093,0.8467754125595093,0.8467754125595093,4200,,,,,,,,,,,
local,local,,,2,166,data_4200_4_2.0_chordal_rep02,val_epoch_task,val,cycle2,,9,,,,,,,,,4200,1550.0,11.0,2621.0,18.0,0.9929532351057014,0.9885204081632653,0.9907318353652954,0.9907318353652954,0.9907318353652954,1568.0,0.3733333349227905
local,local,,,2,166,data_4200_4_2.0_chordal_rep02,val_epoch_task,val,cycle3,,9,,,,,,,,,4200,1458.0,40.0,2687.0,15.0,0.9732977303070761,0.9898167006109979,0.9814876914024353,0.9814876914024353,0.9814876914024353,1473.0,0.3507142961025238
local,local,,,2,166,data_4200_4_2.0_chordal_rep02,val_epoch_task,val,cycle4,,9,,,,,,,,,4200,1104.0,114.0,2963.0,19.0,0.9064039408866995,0.9830810329474622,0.9431867003440857,0.9431867003440857,0.9431867003440857,1123.0,0.267380952835083
local,local,,,2,166,data_4200_4_2.0_chordal_rep02,val_epoch_task,val,cycle5,,9,,,,,,,,,4200,779.0,519.0,2895.0,7.0,0.6001540832049307,0.9910941475826972,0.747600793838501,0.747600793838501,0.747600793838501,786.0,0.18714286386966705
local,local,,,2,166,data_4200_4_2.0_chordal_rep02,val_epoch_task,val,cycle6,,9,,,,,,,,,4200,584.0,863.0,2738.0,15.0,0.4035936420179682,0.9749582637729549,0.5708699822425842,0.5708699822425842,0.5708699822425842,599.0,0.1426190435886383
local,local,,,2,166,data_4200_4_2.0_chordal_rep02,train_epoch,train,,,10,0.19361365596453348,,,,,,,,4200,,,,,,,,,,,
local,local,,,2,166,data_4200_4_2.0_chordal_rep02,val_epoch,val,,,10,,0.20299606133074988,0.9555238095238096,0.8230952620506287,0.9195382494831151,0.8911765217781067,0.8911765217781067,0.8911765217781067,4200,,,,,,,,,,,
local,local,,,2,166,data_4200_4_2.0_chordal_rep02,val_epoch_task,val,cycle2,,10,,,,,,,,,4200,1568.0,39.0,2593.0,0.0,0.9757311761045426,1.0,0.987716555595398,0.987716555595398,0.987716555595398,1568.0,0.3733333349227905
local,local,,,2,166,data_4200_4_2.0_chordal_rep02,val_epoch_task,val,cycle3,,10,,,,,,,,,4200,1469.0,41.0,2686.0,4.0,0.9728476821192052,0.9972844534962662,0.9849145412445068,0.9849145412445068,0.9849145412445068,1473.0,0.3507142961025238
local,local,,,2,166,data_4200_4_2.0_chordal_rep02,val_epoch_task,val,cycle4,,10,,,,,,,,,4200,1078.0,50.0,3027.0,45.0,0.9556737588652482,0.9599287622439893,0.957796573638916,0.957796573638916,0.957796573638916,1123.0,0.267380952835083
local,local,,,2,166,data_4200_4_2.0_chordal_rep02,val_epoch_task,val,cycle5,,10,,,,,,,,,4200,684.0,155.0,3259.0,102.0,0.8152562574493445,0.8702290076335878,0.8418461084365845,0.8418461084365845,0.8418461084365845,786.0,0.18714286386966705
local,local,,,2,166,data_4200_4_2.0_chordal_rep02,val_epoch_task,val,cycle6,,10,,,,,,,,,4200,538.0,437.0,3164.0,61.0,0.5517948717948717,0.8981636060100167,0.6836086511611938,0.6836086511611938,0.6836086511611938,599.0,0.1426190435886383
local,local,,,2,166,data_4200_4_2.0_chordal_rep02,train_epoch,train,,,11,0.17689803286677316,,,,,,,,4200,,,,,,,,,,,
local,local,,,2,166,data_4200_4_2.0_chordal_rep02,val_epoch,val,,,11,,0.18360797703266143,0.9417142857142857,0.7854762077331543,0.8993255469649614,0.8712419271469116,0.8712419271469116,0.8712419271469116,4200,,,,,,,,,,,
local,local,,,2,166,data_4200_4_2.0_chordal_rep02,val_epoch_task,val,cycle2,,11,,,,,,,,,4200,1567.0,9.0,2623.0,1.0,0.9942893401015228,0.9993622448979592,0.9968193173408508,0.9968193173408508,0.9968193173408508,1568.0,0.3733333349227905
local,local,,,2,166,data_4200_4_2.0_chordal_rep02,val_epoch_task,val,cycle3,,11,,,,,,,,,4200,1470.0,24.0,2703.0,3.0,0.9839357429718876,0.9979633401221996,0.990899920463562,0.990899920463562,0.990899920463562,1473.0,0.3507142961025238
local,local,,,2,166,data_4200_4_2.0_chordal_rep02,val_epoch_task,val,cycle4,,11,,,,,,,,,4200,1112.0,83.0,2994.0,11.0,0.9305439330543933,0.9902048085485308,0.9594478607177734,0.9594478607177734,0.9594478607177734,1123.0,0.267380952835083
local,local,,,2,166,data_4200_4_2.0_chordal_rep02,val_epoch_task,val,cycle5,,11,,,,,,,,,4200,764.0,361.0,3053.0,22.0,0.6791111111111111,0.9720101781170484,0.7995814085006714,0.7995814085006714,0.7995814085006714,786.0,0.18714286386966705
local,local,,,2,166,data_4200_4_2.0_chordal_rep02,val_epoch_task,val,cycle6,,11,,,,,,,,,4200,554.0,665.0,2936.0,45.0,0.45447087776866285,0.9248747913188647,0.6094609498977661,0.6094609498977661,0.6094609498977661,599.0,0.1426190435886383
local,local,,,2,166,data_4200_4_2.0_chordal_rep02,train_epoch,train,,,12,0.1943082515682493,,,,,,,,4200,,,,,,,,,,,
local,local,,,2,166,data_4200_4_2.0_chordal_rep02,val_epoch,val,,,12,,0.1780514545667739,0.9484285714285714,0.8073809742927551,0.9096370463078849,0.8816058039665222,0.8816058039665222,0.8816058039665222,4200,,,,,,,,,,,
local,local,,,2,166,data_4200_4_2.0_chordal_rep02,val_epoch_task,val,cycle2,,12,,,,,,,,,4200,1567.0,16.0,2616.0,1.0,0.9898926089703095,0.9993622448979592,0.9946048855781555,0.9946048855781555,0.9946048855781555,1568.0,0.3733333349227905
local,local,,,2,166,data_4200_4_2.0_chordal_rep02,val_epoch_task,val,cycle3,,12,,,,,,,,,4200,1473.0,46.0,2681.0,0.0,0.9697169190256748,1.0,0.9846256375312805,0.9846256375312805,0.9846256375312805,1473.0,0.3507142961025238
local,local,,,2,166,data_4200_4_2.0_chordal_rep02,val_epoch_task,val,cycle4,,12,,,,,,,,,4200,1109.0,114.0,2963.0,14.0,0.9067865903515945,0.98753339269813,0.9454389810562134,0.9454389810562134,0.9454389810562134,1123.0,0.267380952835083
local,local,,,2,166,data_4200_4_2.0_chordal_rep02,val_epoch_task,val,cycle5,,12,,,,,,,,,4200,755.0,266.0,3148.0,31.0,0.7394711067580804,0.960559796437659,0.8356391787528992,0.8356391787528992,0.8356391787528992,786.0,0.18714286386966705
local,local,,,2,166,data_4200_4_2.0_chordal_rep02,val_epoch_task,val,cycle6,,12,,,,,,,,,4200,547.0,543.0,3058.0,52.0,0.501834862385321,0.9131886477462438,0.6477205157279968,0.6477205157279968,0.6477205157279968,599.0,0.1426190435886383
local,local,,,2,166,data_4200_4_2.0_chordal_rep02,train_epoch,train,,,13,0.1876209628298169,,,,,,,,4200,,,,,,,,,,,
local,local,,,2,166,data_4200_4_2.0_chordal_rep02,val_epoch,val,,,13,,0.2208751367671149,0.9588571428571429,0.8307142853736877,0.9232272969610805,0.8900144696235657,0.8900144696235657,0.8900144696235657,4200,,,,,,,,,,,
local,local,,,2,166,data_4200_4_2.0_chordal_rep02,val_epoch_task,val,cycle2,,13,,,,,,,,,4200,1565.0,8.0,2624.0,3.0,0.9949141767323586,0.9980867346938775,0.9964978694915771,0.9964978694915771,0.9964978694915771,1568.0,0.3733333349227905
local,local,,,2,166,data_4200_4_2.0_chordal_rep02,val_epoch_task,val,cycle3,,13,,,,,,,,,4200,1451.0,22.0,2705.0,22.0,0.9850644942294636,0.9850644942294636,0.9850645065307617,0.9850645065307617,0.9850645065307617,1473.0,0.3507142961025238
local,local,,,2,166,data_4200_4_2.0_chordal_rep02,val_epoch_task,val,cycle4,,13,,,,,,,,,4200,1058.0,40.0,3037.0,65.0,0.9635701275045537,0.9421193232413179,0.9527239203453064,0.9527239203453064,0.9527239203453064,1123.0,0.267380952835083
local,local,,,2,166,data_4200_4_2.0_chordal_rep02,val_epoch_task,val,cycle5,,13,,,,,,,,,4200,636.0,120.0,3294.0,150.0,0.8412698412698413,0.8091603053435115,0.8249027132987976,0.8249027132987976,0.8249027132987976,786.0,0.18714286386966705
local,local,,,2,166,data_4200_4_2.0_chordal_rep02,val_epoch_task,val,cycle6,,13,,,,,,,,,4200,485.0,320.0,3281.0,114.0,0.6024844720496895,0.8096828046744574,0.6908831596374512,0.6908831596374512,0.6908831596374512,599.0,0.1426190435886383
local,local,,,2,166,data_4200_4_2.0_chordal_rep02,train_epoch,train,,,14,0.18511104487237476,,,,,,,,4200,,,,,,,,,,,
local,local,,,2,166,data_4200_4_2.0_chordal_rep02,val_epoch,val,,,14,,0.1718960604213533,0.949,0.8019047379493713,0.9102187945343281,0.8819122314453125,0.8819122314453125,0.8819122314453125,4200,,,,,,,,,,,
local,local,,,2,166,data_4200_4_2.0_chordal_rep02,val_epoch_task,val,cycle2,,14,,,,,,,,,4200,1568.0,32.0,2600.0,0.0,0.98,1.0,0.9898989796638489,0.9898989796638489,0.9898989796638489,1568.0,0.3733333349227905
local,local,,,2,166,data_4200_4_2.0_chordal_rep02,val_epoch_task,val,cycle3,,14,,,,,,,,,4200,1467.0,24.0,2703.0,6.0,0.9839034205231388,0.9959266802443992,0.9898785352706909,0.9898785352706909,0.9898785352706909,1473.0,0.3507142961025238
local,local,,,2,166,data_4200_4_2.0_chordal_rep02,val_epoch_task,val,cycle4,,14,,,,,,,,,4200,1098.0,55.0,3022.0,25.0,0.9522983521248916,0.9777382012466608,0.9648506045341492,0.9648506045341492,0.9648506045341492,1123.0,0.267380952835083
local,local,,,2,166,data_4200_4_2.0_chordal_rep02,val_epoch_task,val,cycle5,,14,,,,,,,,,4200,752.0,297.0,3117.0,34.0,0.7168732125834127,0.9567430025445293,0.8196185827255249,0.8196185827255249,0.8196185827255249,786.0,0.18714286386966705
local,local,,,2,166,data_4200_4_2.0_chordal_rep02,val_epoch_task,val,cycle6,,14,,,,,,,,,4200,544.0,543.0,3058.0,55.0,0.500459981600736,0.9081803005008348,0.6453143358230591,0.6453143358230591,0.6453143358230591,599.0,0.1426190435886383
local,local,,,2,166,data_4200_4_2.0_chordal_rep02,train_epoch,train,,,15,0.17406857107366835,,,,,,,,4200,,,,,,,,,,,
local,local,,,2,166,data_4200_4_2.0_chordal_rep02,val_epoch,val,,,15,,0.18289829000121072,0.9605238095238096,0.8397619128227234,0.9280818946820509,0.8994698524475098,0.8994698524475098,0.8994698524475098,4200,,,,,,,,,,,
local,local,,,2,166,data_4200_4_2.0_chordal_rep02,val_epoch_task,val,cycle2,,15,,,,,,,,,4200,1568.0,20.0,2612.0,0.0,0.9874055415617129,1.0,0.9936628341674805,0.9936628341674805,0.9936628341674805,1568.0,0.3733333349227905
local,local,,,2,166,data_4200_4_2.0_chordal_rep02,val_epoch_task,val,cycle3,,15,,,,,,,,,4200,1467.0,23.0,2704.0,6.0,0.9845637583892617,0.9959266802443992,0.990212619304657,0.990212619304657,0.990212619304657,1473.0,0.3507142961025238
local,local,,,2,166,data_4200_4_2.0_chordal_rep02,val_epoch_task,val,cycle4,,15,,,,,,,,,4200,1101.0,52.0,3025.0,22.0,0.9549002601908065,0.9804096170970614,0.9674867987632751,0.9674867987632751,0.9674867987632751,1123.0,0.267380952835083
local,local,,,2,166,data_4200_4_2.0_chordal_rep02,val_epoch_task,val,cycle5,,15,,,,,,,,,4200,685.0,124.0,3290.0,101.0,0.8467243510506799,0.871501272264631,0.8589341640472412,0.8589341640472412,0.8589341640472412,786.0,0.18714286386966705
local,local,,,2,166,data_4200_4_2.0_chordal_rep02,val_epoch_task,val,cycle6,,15,,,,,,,,,4200,528.0,410.0,3191.0,71.0,0.5628997867803838,0.8814691151919867,0.6870527267456055,0.6870527267456055,0.6870527267456055,599.0,0.1426190435886383
local,local,,,2,166,data_4200_4_2.0_chordal_rep02,train_epoch,train,,,16,0.19477942412807828,,,,,,,,4200,,,,,,,,,,,
local,local,,,2,166,data_4200_4_2.0_chordal_rep02,val_epoch,val,,,16,,0.1725411236569995,0.9456190476190476,0.7969047427177429,0.9054635761589404,0.8775007128715515,0.8775007128715515,0.8775007128715515,4200,,,,,,,,,,,
local,local,,,2,166,data_4200_4_2.0_chordal_rep02,val_epoch_task,val,cycle2,,16,,,,,,,,,4200,1568.0,15.0,2617.0,0.0,0.9905243209096652,1.0,0.9952396154403687,0.9952396154403687,0.9952396154403687,1568.0,0.3733333349227905
local,local,,,2,166,data_4200_4_2.0_chordal_rep02,val_epoch_task,val,cycle3,,16,,,,,,,,,4200,1472.0,23.0,2704.0,1.0,0.9846153846153847,0.9993211133740665,0.9919136762619019,0.9919136762619019,0.9919136762619019,1473.0,0.3507142961025238
local,local,,,2,166,data_4200_4_2.0_chordal_rep02,val_epoch_task,val,cycle4,,16,,,,,,,,,4200,1104.0,83.0,2994.0,19.0,0.9300758213984835,0.9830810329474622,0.9558441638946533,0.9558441638946533,0.9558441638946533,1123.0,0.267380952835083
local,local,,,2,166,data_4200_4_2.0_chordal_rep02,val_epoch_task,val,cycle5,,16,,,,,,,,,4200,764.0,359.0,3055.0,22.0,0.680320569902048,0.9720101781170484,0.8004190921783447,0.8004190921783447,0.8004190921783447,786.0,0.18714286386966705
local,local,,,2,166,data_4200_4_2.0_chordal_rep02,val_epoch_task,val,cycle6,,16,,,,,,,,,4200,561.0,582.0,3019.0,38.0,0.49081364829396323,0.9365609348914858,0.6440872550010681,0.6440872550010681,0.6440872550010681,599.0,0.1426190435886383
local,local,,,2,166,data_4200_4_2.0_chordal_rep02,train_epoch,train,,,17,0.1859231908548446,,,,,,,,4200,,,,,,,,,,,
local,local,,,2,166,data_4200_4_2.0_chordal_rep02,val_epoch,val,,,17,,0.1796685876732781,0.9440952380952381,0.791190505027771,0.902621101526211,0.874809741973877,0.874809741973877,0.874809741973877,4200,,,,,,,,,,,
local,local,,,2,166,data_4200_4_2.0_chordal_rep02,val_epoch_task,val,cycle2,,17,,,,,,,,,4200,1568.0,19.0,2613.0,0.0,0.9880277252678009,1.0,0.9939777851104736,0.9939777851104736,0.9939777851104736,1568.0,0.3733333349227905
local,local,,,2,166,data_4200_4_2.0_chordal_rep02,val_epoch_task,val,cycle3,,17,,,,,,,,,4200,1468.0,16.0,2711.0,5.0,0.9892183288409704,0.9966055668703326,0.9928982257843018,0.9928982257843018,0.9928982257843018,1473.0,0.3507142961025238
local,local,,,2,166,data_4200_4_2.0_chordal_rep02,val_epoch_task,val,cycle4,,17,,,,,,,,,4200,1089.0,87.0,2990.0,34.0,0.9260204081632653,0.9697239536954586,0.9473684430122375,0.9473684430122375,0.9473684430122375,1123.0,0.267380952835083
local,local,,,2,166,data_4200_4_2.0_chordal_rep02,val_epoch_task,val,cycle5,,17,,,,,,,,,4200,764.0,312.0,3102.0,22.0,0.7100371747211895,0.9720101781170484,0.820622980594635,0.820622980594635,0.820622980594635,786.0,0.18714286386966705
local,local,,,2,166,data_4200_4_2.0_chordal_rep02,val_epoch_task,val,cycle6,,17,,,,,,,,,4200,552.0,632.0,2969.0,47.0,0.46621621621621623,0.9215358931552587,0.619181215763092,0.619181215763092,0.619181215763092,599.0,0.1426190435886383
local,local,,,2,166,data_4200_4_2.0_chordal_rep02,train_epoch,train,,,18,0.17275483006522768,,,,,,,,4200,,,,,,,,,,,
local,local,,,2,166,data_4200_4_2.0_chordal_rep02,val_epoch,val,,,18,,0.22654154760496956,0.9205238095238095,0.7285714149475098,0.8683650130136448,0.8446917533874512,0.8446917533874512,0.8446917533874512,4200,,,,,,,,,,,
local,local,,,2,166,data_4200_4_2.0_chordal_rep02,val_epoch_task,val,cycle2,,18,,,,,,,,,4200,1568.0,23.0,2609.0,0.0,0.9855436832181018,1.0,0.9927191734313965,0.9927191734313965,0.9927191734313965,1568.0,0.3733333349227905
local,local,,,2,166,data_4200_4_2.0_chordal_rep02,val_epoch_task,val,cycle3,,18,,,,,,,,,4200,1468.0,27.0,2700.0,5.0,0.9819397993311036,0.9966055668703326,0.9892183542251587,0.9892183542251587,0.9892183542251587,1473.0,0.3507142961025238
local,local,,,2,166,data_4200_4_2.0_chordal_rep02,val_epoch_task,val,cycle4,,18,,,,,,,,,4200,1103.0,69.0,3008.0,20.0,0.9411262798634812,0.9821905609973286,0.9612200260162354,0.9612200260162354,0.9612200260162354,1123.0,0.267380952835083
local,local,,,2,166,data_4200_4_2.0_chordal_rep02,val_epoch_task,val,cycle5,,18,,,,,,,,,4200,774.0,617.0,2797.0,12.0,0.5564342199856218,0.9847328244274809,0.7110702395439148,0.7110702395439148,0.7110702395439148,786.0,0.18714286386966705
local,local,,,2,166,data_4200_4_2.0_chordal_rep02,val_epoch_task,val,cycle6,,18,,,,,,,,,4200,592.0,889.0,2712.0,7.0,0.399729912221472,0.988313856427379,0.5692307353019714,0.5692307353019714,0.5692307353019714,599.0,0.1426190435886383
local,local,,,2,166,data_4200_4_2.0_chordal_rep02,train_epoch,train,,,19,0.17936468025048574,,,,,,,,4200,,,,,,,,,,,
local,local,,,2,166,data_4200_4_2.0_chordal_rep02,val_epoch,val,,,19,,0.1804126504205522,0.9404285714285714,0.7840476036071777,0.8973833155606594,0.8695873022079468,0.8695873022079468,0.8695873022079468,4200,,,,,,,,,,,
local,local,,,2,166,data_4200_4_2.0_chordal_rep02,val_epoch_task,val,cycle2,,19,,,,,,,,,4200,1568.0,23.0,2609.0,0.0,0.9855436832181018,1.0,0.9927191734313965,0.9927191734313965,0.9927191734313965,1568.0,0.3733333349227905
local,local,,,2,166,data_4200_4_2.0_chordal_rep02,val_epoch_task,val,cycle3,,19,,,,,,,,,4200,1469.0,21.0,2706.0,4.0,0.9859060402684564,0.9972844534962662,0.9915626049041748,0.9915626049041748,0.9915626049041748,1473.0,0.3507142961025238
local,local,,,2,166,data_4200_4_2.0_chordal_rep02,val_epoch_task,val,cycle4,,19,,,,,,,,,4200,1111.0,139.0,2938.0,12.0,0.8888,0.9893143365983972,0.9363674521446228,0.9363674521446228,0.9363674521446228,1123.0,0.267380952835083
local,local,,,2,166,data_4200_4_2.0_chordal_rep02,val_epoch_task,val,cycle5,,19,,,,,,,,,4200,762.0,333.0,3081.0,24.0,0.6958904109589041,0.9694656488549618,0.8102073669433594,0.8102073669433594,0.8102073669433594,786.0,0.18714286386966705
local,local,,,2,166,data_4200_4_2.0_chordal_rep02,val_epoch_task,val,cycle6,,19,,,,,,,,,4200,560.0,656.0,2945.0,39.0,0.4605263157894737,0.9348914858096828,0.6170798540115356,0.6170798540115356,0.6170798540115356,599.0,0.1426190435886383
local,local,,,2,166,data_4200_4_2.0_chordal_rep02,train_epoch,train,,,20,0.16457806177792095,,,,,,,,4200,,,,,,,,,,,
local,local,,,2,166,data_4200_4_2.0_chordal_rep02,val_epoch,val,,,20,,0.234499287321454,0.9593333333333334,0.833809494972229,0.9246514910887594,0.8916295170783997,0.8916295170783997,0.8916295170783997,4200,,,,,,,,,,,
local,local,,,2,166,data_4200_4_2.0_chordal_rep02,val_epoch_task,val,cycle2,,20,,,,,,,,,4200,1568.0,20.0,2612.0,0.0,0.9874055415617129,1.0,0.9936628341674805,0.9936628341674805,0.9936628341674805,1568.0,0.3733333349227905
local,local,,,2,166,data_4200_4_2.0_chordal_rep02,val_epoch_task,val,cycle3,,20,,,,,,,,,4200,1467.0,23.0,2704.0,6.0,0.9845637583892617,0.9959266802443992,0.990212619304657,0.990212619304657,0.990212619304657,1473.0,0.3507142961025238
local,local,,,2,166,data_4200_4_2.0_chordal_rep02,val_epoch_task,val,cycle4,,20,,,,,,,,,4200,1075.0,45.0,3032.0,48.0,0.9598214285714286,0.9572573463935886,0.9585376381874084,0.9585376381874084,0.9585376381874084,1123.0,0.267380952835083
local,local,,,2,166,data_4200_4_2.0_chordal_rep02,val_epoch_task,val,cycle5,,20,,,,,,,,,4200,646.0,98.0,3316.0,140.0,0.8682795698924731,0.821882951653944,0.8444444537162781,0.8444444537162781,0.8444444537162781,786.0,0.18714286386966705
local,local,,,2,166,data_4200_4_2.0_chordal_rep02,val_epoch_task,val,cycle6,,20,,,,,,,,,4200,484.0,359.0,3242.0,115.0,0.5741399762752076,0.8080133555926544,0.67128986120224,0.67128986120224,0.67128986120224,599.0,0.1426190435886383
local,local,,,2,166,data_4200_4_2.0_chordal_rep02,train_epoch,train,,,21,0.16282743916625067,,,,,,,,4200,,,,,,,,,,,
local,local,,,2,166,data_4200_4_2.0_chordal_rep02,val_epoch,val,,,21,,0.1772238116037278,0.9483809523809524,0.8064285516738892,0.9090298757972474,0.8824805021286011,0.8824805021286011,0.8824805021286011,4200,,,,,,,,,,,
local,local,,,2,166,data_4200_4_2.0_chordal_rep02,val_epoch_task,val,cycle2,,21,,,,,,,,,4200,1567.0,15.0,2617.0,1.0,0.9905183312262958,0.9993622448979592,0.9949206113815308,0.9949206113815308,0.9949206113815308,1568.0,0.3733333349227905
local,local,,,2,166,data_4200_4_2.0_chordal_rep02,val_epoch_task,val,cycle3,,21,,,,,,,,,4200,1454.0,12.0,2715.0,19.0,0.9918144611186903,0.9871011541072641,0.9894521236419678,0.9894521236419678,0.9894521236419678,1473.0,0.3507142961025238
local,local,,,2,166,data_4200_4_2.0_chordal_rep02,val_epoch_task,val,cycle4,,21,,,,,,,,,4200,1077.0,48.0,3029.0,46.0,0.9573333333333334,0.9590382902938558,0.9581851363182068,0.9581851363182068,0.9581851363182068,1123.0,0.267380952835083
local,local,,,2,166,data_4200_4_2.0_chordal_rep02,val_epoch_task,val,cycle5,,21,,,,,,,,,4200,754.0,280.0,3134.0,32.0,0.7292069632495164,0.9592875318066157,0.8285714387893677,0.8285714387893677,0.8285714387893677,786.0,0.18714286386966705
local,local,,,2,166,data_4200_4_2.0_chordal_rep02,val_epoch_task,val,cycle6,,21,,,,,,,,,4200,564.0,596.0,3005.0,35.0,0.4862068965517241,0.9415692821368948,0.6412734985351562,0.6412734985351562,0.6412734985351562,599.0,0.1426190435886383
local,local,,,2,166,data_4200_4_2.0_chordal_rep02,train_epoch,train,,,22,0.16215061179229193,,,,,,,,4200,,,,,,,,,,,
local,local,,,2,166,data_4200_4_2.0_chordal_rep02,val_epoch,val,,,22,,0.18916525366760437,0.9375714285714286,0.773809552192688,0.8927431890697864,0.8658378720283508,0.8658378720283508,0.8658378720283508,4200,,,,,,,,,,,
local,local,,,2,166,data_4200_4_2.0_chordal_rep02,val_epoch_task,val,cycle2,,22,,,,,,,,,4200,1561.0,17.0,2615.0,7.0,0.9892268694550064,0.9955357142857143,0.9923712611198425,0.9923712611198425,0.9923712611198425,1568.0,0.3733333349227905
local,local,,,2,166,data_4200_4_2.0_chordal_rep02,val_epoch_task,val,cycle3,,22,,,,,,,,,4200,1461.0,37.0,2690.0,12.0,0.9753004005340454,0.9918533604887984,0.9835072159767151,0.9835072159767151,0.9835072159767151,1473.0,0.3507142961025238
local,local,,,2,166,data_4200_4_2.0_chordal_rep02,val_epoch_task,val,cycle4,,22,,,,,,,,,4200,1102.0,101.0,2976.0,21.0,0.9160432252701579,0.981300089047195,0.9475494027137756,0.9475494027137756,0.9475494027137756,1123.0,0.267380952835083
local,local,,,2,166,data_4200_4_2.0_chordal_rep02,val_epoch_task,val,cycle5,,22,,,,,,,,,4200,754.0,397.0,3017.0,32.0,0.6550825369244135,0.9592875318066157,0.7785234451293945,0.7785234451293945,0.7785234451293945,786.0,0.18714286386966705
local,local,,,2,166,data_4200_4_2.0_chordal_rep02,val_epoch_task,val,cycle6,,22,,,,,,,,,4200,578.0,666.0,2935.0,21.0,0.4646302250803859,0.9649415692821369,0.6272382140159607,0.6272382140159607,0.6272382140159607,599.0,0.1426190435886383
local,local,,,2,166,data_4200_4_2.0_chordal_rep02,train_epoch,train,,,23,0.17288023627939678,,,,,,,,4200,,,,,,,,,,,
local,local,,,2,166,data_4200_4_2.0_chordal_rep02,val_epoch,val,,,23,,0.1741987820750191,0.9408571428571428,0.7861904501914978,0.8979122143679106,0.8712339401245117,0.8712339401245117,0.8712339401245117,4200,,,,,,,,,,,
local,local,,,2,166,data_4200_4_2.0_chordal_rep02,val_epoch_task,val,cycle2,,23,,,,,,,,,4200,1568.0,15.0,2617.0,0.0,0.9905243209096652,1.0,0.9952396154403687,0.9952396154403687,0.9952396154403687,1568.0,0.3733333349227905
local,local,,,2,166,data_4200_4_2.0_chordal_rep02,val_epoch_task,val,cycle3,,23,,,,,,,,,4200,1468.0,33.0,2694.0,5.0,0.978014656895403,0.9966055668703326,0.9872226119041443,0.9872226119041443,0.9872226119041443,1473.0,0.3507142961025238
local,local,,,2,166,data_4200_4_2.0_chordal_rep02,val_epoch_task,val,cycle4,,23,,,,,,,,,4200,1099.0,80.0,2997.0,24.0,0.9321458863443596,0.9786286731967943,0.9548218846321106,0.9548218846321106,0.9548218846321106,1123.0,0.267380952835083
local,local,,,2,166,data_4200_4_2.0_chordal_rep02,val_epoch_task,val,cycle5,,23,,,,,,,,,4200,753.0,338.0,3076.0,33.0,0.69019248395967,0.9580152671755725,0.8023441433906555,0.8023441433906555,0.8023441433906555,786.0,0.18714286386966705
local,local,,,2,166,data_4200_4_2.0_chordal_rep02,val_epoch_task,val,cycle6,,23,,,,,,,,,4200,574.0,689.0,2912.0,25.0,0.45447347585114806,0.9582637729549248,0.61654132604599,0.61654132604599,0.61654132604599,599.0,0.1426190435886383
local,local,,,2,166,data_4200_4_2.0_chordal_rep02,train_epoch,train,,,24,0.16446591754754383,,,,,,,,4200,,,,,,,,,,,
local,local,,,2,166,data_4200_4_2.0_chordal_rep02,val_epoch,val,,,24,,0.17251964256876992,0.9495238095238095,0.8071428537368774,0.9114008692744903,0.8841260671615601,0.8841260671615601,0.8841260671615601,4200,,,,,,,,,,,
local,local,,,2,166,data_4200_4_2.0_chordal_rep02,val_epoch_task,val,cycle2,,24,,,,,,,,,4200,1568.0,12.0,2620.0,0.0,0.9924050632911392,1.0,0.9961880445480347,0.9961880445480347,0.9961880445480347,1568.0,0.3733333349227905
local,local,,,2,166,data_4200_4_2.0_chordal_rep02,val_epoch_task,val,cycle3,,24,,,,,,,,,4200,1471.0,37.0,2690.0,2.0,0.9754641909814323,0.9986422267481331,0.9869171380996704,0.9869171380996704,0.9869171380996704,1473.0,0.3507142961025238
local,local,,,2,166,data_4200_4_2.0_chordal_rep02,val_epoch_task,val,cycle4,,24,,,,,,,,,4200,1112.0,150.0,2927.0,11.0,0.8811410459587956,0.9902048085485308,0.9324947595596313,0.9324947595596313,0.9324947595596313,1123.0,0.267380952835083
local,local,,,2,166,data_4200_4_2.0_chordal_rep02,val_epoch_task,val,cycle5,,24,,,,,,,,,4200,741.0,230.0,3184.0,45.0,0.7631307929969104,0.9427480916030534,0.8434832096099854,0.8434832096099854,0.8434832096099854,786.0,0.18714286386966705
local,local,,,2,166,data_4200_4_2.0_chordal_rep02,val_epoch_task,val,cycle6,,24,,,,,,,,,4200,560.0,534.0,3067.0,39.0,0.5118829981718465,0.9348914858096828,0.6615475416183472,0.6615475416183472,0.6615475416183472,599.0,0.1426190435886383
local,local,,,2,166,data_4200_4_2.0_chordal_rep02,train_epoch,train,,,25,0.15077204375039963,,,,,,,,4200,,,,,,,,,,,
local,local,,,2,166,data_4200_4_2.0_chordal_rep02,val_epoch,val,,,25,,0.17189833212466468,0.9454761904761905,0.7976190447807312,0.9050973891421467,0.8780890703201294,0.8780890703201294,0.8780890703201294,4200,,,,,,,,,,,
local,local,,,2,166,data_4200_4_2.0_chordal_rep02,val_epoch_task,val,cycle2,,25,,,,,,,,,4200,1565.0,33.0,2599.0,3.0,0.9793491864831039,0.9980867346938775,0.9886292219161987,0.9886292219161987,0.9886292219161987,1568.0,0.3733333349227905
local,local,,,2,166,data_4200_4_2.0_chordal_rep02,val_epoch_task,val,cycle3,,25,,,,,,,,,4200,1464.0,26.0,2701.0,9.0,0.9825503355704698,0.9938900203665988,0.9881876111030579,0.9881876111030579,0.9881876111030579,1473.0,0.3507142961025238
local,local,,,2,166,data_4200_4_2.0_chordal_rep02,val_epoch_task,val,cycle4,,25,,,,,,,,,4200,1102.0,122.0,2955.0,21.0,0.9003267973856209,0.981300089047195,0.9390712380409241,0.9390712380409241,0.9390712380409241,1123.0,0.267380952835083
local,local,,,2,166,data_4200_4_2.0_chordal_rep02,val_epoch_task,val,cycle5,,25,,,,,,,,,4200,761.0,327.0,3087.0,25.0,0.6994485294117647,0.9681933842239185,0.8121665120124817,0.8121665120124817,0.8121665120124817,786.0,0.18714286386966705
local,local,,,2,166,data_4200_4_2.0_chordal_rep02,val_epoch_task,val,cycle6,,25,,,,,,,,,4200,568.0,548.0,3053.0,31.0,0.5089605734767025,0.9482470784641068,0.6623906493186951,0.6623906493186951,0.6623906493186951,599.0,0.1426190435886383
local,local,,,2,166,data_4200_4_2.0_chordal_rep02,train_epoch,train,,,26,0.16169848007815224,,,,,,,,4200,,,,,,,,,,,
local,local,,,2,166,data_4200_4_2.0_chordal_rep02,val_epoch,val,,,26,,0.173185027440389,0.9529047619047619,0.8169047832489014,0.9160084925690022,0.8892728686332703,0.8892728686332703,0.8892728686332703,4200,,,,,,,,,,,
local,local,,,2,166,data_4200_4_2.0_chordal_rep02,val_epoch_task,val,cycle2,,26,,,,,,,,,4200,1566.0,27.0,2605.0,2.0,0.9830508474576272,0.9987244897959183,0.9908256530761719,0.9908256530761719,0.9908256530761719,1568.0,0.3733333349227905
local,local,,,2,166,data_4200_4_2.0_chordal_rep02,val_epoch_task,val,cycle3,,26,,,,,,,,,4200,1470.0,68.0,2659.0,3.0,0.9557867360208062,0.9979633401221996,0.9764198660850525,0.9764198660850525,0.9764198660850525,1473.0,0.3507142961025238
local,local,,,2,166,data_4200_4_2.0_chordal_rep02,val_epoch_task,val,cycle4,,26,,,,,,,,,4200,1066.0,39.0,3038.0,57.0,0.9647058823529412,0.9492430988423864,0.9569120407104492,0.9569120407104492,0.9569120407104492,1123.0,0.267380952835083
local,local,,,2,166,data_4200_4_2.0_chordal_rep02,val_epoch_task,val,cycle5,,26,,,,,,,,,4200,739.0,266.0,3148.0,47.0,0.7353233830845771,0.9402035623409669,0.8252372741699219,0.8252372741699219,0.8252372741699219,786.0,0.18714286386966705
local,local,,,2,166,data_4200_4_2.0_chordal_rep02,val_epoch_task,val,cycle6,,26,,,,,,,,,4200,552.0,433.0,3168.0,47.0,0.5604060913705584,0.9215358931552587,0.6969696879386902,0.6969696879386902,0.6969696879386902,599.0,0.1426190435886383
local,local,,,2,166,data_4200_4_2.0_chordal_rep02,train_epoch,train,,,27,0.15535527771427518,,,,,,,,4200,,,,,,,,,,,
local,local,,,2,166,data_4200_4_2.0_chordal_rep02,val_epoch,val,,,27,,0.17333158915951138,0.9567619047619048,0.8273809552192688,0.9220065280879574,0.8925685882568359,0.8925685882568359,0.8925685882568359,4200,,,,,,,,,,,
local,local,,,2,166,data_4200_4_2.0_chordal_rep02,val_epoch_task,val,cycle2,,27,,,,,,,,,4200,1567.0,23.0,2609.0,1.0,0.9855345911949686,0.9993622448979592,0.9924002289772034,0.9924002289772034,0.9924002289772034,1568.0,0.3733333349227905
local,local,,,2,166,data_4200_4_2.0_chordal_rep02,val_epoch_task,val,cycle3,,27,,,,,,,,,4200,1463.0,11.0,2716.0,10.0,0.9925373134328358,0.9932111337406653,0.9928740859031677,0.9928740859031677,0.9928740859031677,1473.0,0.3507142961025238
local,local,,,2,166,data_4200_4_2.0_chordal_rep02,val_epoch_task,val,cycle4,,27,,,,,,,,,4200,1105.0,99.0,2978.0,18.0,0.9177740863787376,0.9839715048975958,0.9497206807136536,0.9497206807136536,0.9497206807136536,1123.0,0.267380952835083
local,local,,,2,166,data_4200_4_2.0_chordal_rep02,val_epoch_task,val,cycle5,,27,,,,,,,,,4200,703.0,206.0,3208.0,83.0,0.7733773377337734,0.8944020356234097,0.8294985294342041,0.8294985294342041,0.8294985294342041,786.0,0.18714286386966705
local,local,,,2,166,data_4200_4_2.0_chordal_rep02,val_epoch_task,val,cycle6,,27,,,,,,,,,4200,529.0,387.0,3214.0,70.0,0.5775109170305677,0.8831385642737897,0.6983497738838196,0.6983497738838196,0.6983497738838196,599.0,0.1426190435886383
local,local,,,2,166,data_4200_4_2.0_chordal_rep02,train_epoch,train,,,28,0.15243684952457745,,,,,,,,4200,,,,,,,,,,,
local,local,,,2,166,data_4200_4_2.0_chordal_rep02,val_epoch,val,,,28,,0.16291629339967456,0.9478571428571428,0.8052380681037903,0.9090456017941688,0.8818964958190918,0.8818964958190918,0.8818964958190918,4200,,,,,,,,,,,
local,local,,,2,166,data_4200_4_2.0_chordal_rep02,val_epoch_task,val,cycle2,,28,,,,,,,,,4200,1566.0,10.0,2622.0,2.0,0.9936548223350253,0.9987244897959183,0.9961832165718079,0.9961832165718079,0.9961832165718079,1568.0,0.3733333349227905
local,local,,,2,166,data_4200_4_2.0_chordal_rep02,val_epoch_task,val,cycle3,,28,,,,,,,,,4200,1473.0,38.0,2689.0,0.0,0.9748510919920582,1.0,0.9872653484344482,0.9872653484344482,0.9872653484344482,1473.0,0.3507142961025238
local,local,,,2,166,data_4200_4_2.0_chordal_rep02,val_epoch_task,val,cycle4,,28,,,,,,,,,4200,1106.0,94.0,2983.0,17.0,0.9216666666666666,0.9848619768477292,0.9522169828414917,0.9522169828414917,0.9522169828414917,1123.0,0.267380952835083
local,local,,,2,166,data_4200_4_2.0_chordal_rep02,val_epoch_task,val,cycle5,,28,,,,,,,,,4200,764.0,300.0,3114.0,22.0,0.7180451127819549,0.9720101781170484,0.8259459137916565,0.8259459137916565,0.8259459137916565,786.0,0.18714286386966705
local,local,,,2,166,data_4200_4_2.0_chordal_rep02,val_epoch_task,val,cycle6,,28,,,,,,,,,4200,563.0,576.0,3025.0,36.0,0.4942932396839333,0.9398998330550918,0.6478710770606995,0.6478710770606995,0.6478710770606995,599.0,0.1426190435886383
local,local,,,2,166,data_4200_4_2.0_chordal_rep02,train_epoch,train,,,29,0.15918104887008666,,,,,,,,4200,,,,,,,,,,,
local,local,,,2,166,data_4200_4_2.0_chordal_rep02,val_epoch,val,,,29,,0.1731791106859843,0.9511428571428572,0.8183333277702332,0.9134031060094531,0.8853908777236938,0.8853908777236938,0.8853908777236938,4200,,,,,,,,,,,
local,local,,,2,166,data_4200_4_2.0_chordal_rep02,val_epoch_task,val,cycle2,,29,,,,,,,,,4200,1568.0,15.0,2617.0,0.0,0.9905243209096652,1.0,0.9952396154403687,0.9952396154403687,0.9952396154403687,1568.0,0.3733333349227905
local,local,,,2,166,data_4200_4_2.0_chordal_rep02,val_epoch_task,val,cycle3,,29,,,,,,,,,4200,1444.0,29.0,2698.0,29.0,0.9803122878479293,0.9803122878479293,0.9803122878074646,0.9803122878074646,0.9803122878074646,1473.0,0.3507142961025238
local,local,,,2,166,data_4200_4_2.0_chordal_rep02,val_epoch_task,val,cycle4,,29,,,,,,,,,4200,1109.0,72.0,3005.0,14.0,0.939034716342083,0.98753339269813,0.9626736044883728,0.9626736044883728,0.9626736044883728,1123.0,0.267380952835083
local,local,,,2,166,data_4200_4_2.0_chordal_rep02,val_epoch_task,val,cycle5,,29,,,,,,,,,4200,754.0,259.0,3155.0,32.0,0.7443237907206318,0.9592875318066157,0.8382434844970703,0.8382434844970703,0.8382434844970703,786.0,0.18714286386966705
local,local,,,2,166,data_4200_4_2.0_chordal_rep02,val_epoch_task,val,cycle6,,29,,,,,,,,,4200,536.0,513.0,3088.0,63.0,0.5109628217349858,0.8948247078464107,0.6504854559898376,0.6504854559898376,0.6504854559898376,599.0,0.1426190435886383
local,local,,,2,166,data_4200_4_2.0_chordal_rep02,train_epoch,train,,,30,0.15371512086618513,,,,,,,,4200,,,,,,,,,,,
local,local,,,2,166,data_4200_4_2.0_chordal_rep02,val_epoch,val,,,30,,0.17972645867438544,0.9415238095238095,0.784761905670166,0.8990795529257066,0.8717889785766602,0.8717889785766602,0.8717889785766602,4200,,,,,,,,,,,
local,local,,,2,166,data_4200_4_2.0_chordal_rep02,val_epoch_task,val,cycle2,,30,,,,,,,,,4200,1566.0,19.0,2613.0,2.0,0.98801261829653,0.9987244897959183,0.9933397173881531,0.9933397173881531,0.9933397173881531,1568.0,0.3733333349227905
local,local,,,2,166,data_4200_4_2.0_chordal_rep02,val_epoch_task,val,cycle3,,30,,,,,,,,,4200,1469.0,31.0,2696.0,4.0,0.9793333333333333,0.9972844534962662,0.9882274270057678,0.9882274270057678,0.9882274270057678,1473.0,0.3507142961025238
local,local,,,2,166,data_4200_4_2.0_chordal_rep02,val_epoch_task,val,cycle4,,30,,,,,,,,,4200,1103.0,127.0,2950.0,20.0,0.8967479674796748,0.9821905609973286,0.9375265836715698,0.9375265836715698,0.9375265836715698,1123.0,0.267380952835083
local,local,,,2,166,data_4200_4_2.0_chordal_rep02,val_epoch_task,val,cycle5,,30,,,,,,,,,4200,764.0,341.0,3073.0,22.0,0.6914027149321267,0.9720101781170484,0.808038055896759,0.808038055896759,0.808038055896759,786.0,0.18714286386966705
local,local,,,2,166,data_4200_4_2.0_chordal_rep02,val_epoch_task,val,cycle6,,30,,,,,,,,,4200,568.0,631.0,2970.0,31.0,0.4737281067556297,0.9482470784641068,0.6318131685256958,0.6318131685256958,0.6318131685256958,599.0,0.1426190435886383
local,local,,,2,166,data_4200_4_2.0_chordal_rep02,train_epoch,train,,,31,0.15668549266599474,,,,,,,,4200,,,,,,,,,,,
local,local,,,2,166,data_4200_4_2.0_chordal_rep02,val_epoch,val,,,31,,0.15270131441808882,0.9563809523809523,0.8269047737121582,0.9223728813559322,0.8948158025741577,0.8948158025741577,0.8948158025741577,4200,,,,,,,,,,,
local,local,,,2,166,data_4200_4_2.0_chordal_rep02,val_epoch_task,val,cycle2,,31,,,,,,,,,4200,1568.0,18.0,2614.0,0.0,0.9886506935687264,1.0,0.9942929744720459,0.9942929744720459,0.9942929744720459,1568.0,0.3733333349227905
local,local,,,2,166,data_4200_4_2.0_chordal_rep02,val_epoch_task,val,cycle3,,31,,,,,,,,,4200,1464.0,19.0,2708.0,9.0,0.9871881321645314,0.9938900203665988,0.9905277490615845,0.9905277490615845,0.9905277490615845,1473.0,0.3507142961025238
local,local,,,2,166,data_4200_4_2.0_chordal_rep02,val_epoch_task,val,cycle4,,31,,,,,,,,,4200,1115.0,81.0,2996.0,8.0,0.9322742474916388,0.9928762243989314,0.9616214036941528,0.9616214036941528,0.9616214036941528,1123.0,0.267380952835083
local,local,,,2,166,data_4200_4_2.0_chordal_rep02,val_epoch_task,val,cycle5,,31,,,,,,,,,4200,749.0,253.0,3161.0,37.0,0.7475049900199601,0.9529262086513995,0.8378075957298279,0.8378075957298279,0.8378075957298279,786.0,0.18714286386966705
local,local,,,2,166,data_4200_4_2.0_chordal_rep02,val_epoch_task,val,cycle6,,31,,,,,,,,,4200,546.0,438.0,3163.0,53.0,0.5548780487804879,0.9115191986644408,0.689829409122467,0.689829409122467,0.689829409122467,599.0,0.1426190435886383
local,local,,,2,166,data_4200_4_2.0_chordal_rep02,train_epoch,train,,,32,0.1578121928090141,,,,,,,,4200,,,,,,,,,,,
local,local,,,2,166,data_4200_4_2.0_chordal_rep02,val_epoch,val,,,32,,0.19162507769607362,0.9309047619047619,0.7542856931686401,0.8835380046552693,0.8564335107803345,0.8564335107803345,0.8564335107803345,4200,,,,,,,,,,,
local,local,,,2,166,data_4200_4_2.0_chordal_rep02,val_epoch_task,val,cycle2,,32,,,,,,,,,4200,1567.0,16.0,2616.0,1.0,0.9898926089703095,0.9993622448979592,0.9946048855781555,0.9946048855781555,0.9946048855781555,1568.0,0.3733333349227905
local,local,,,2,166,data_4200_4_2.0_chordal_rep02,val_epoch_task,val,cycle3,,32,,,,,,,,,4200,1467.0,17.0,2710.0,6.0,0.988544474393531,0.9959266802443992,0.9922218918800354,0.9922218918800354,0.9922218918800354,1473.0,0.3507142961025238
local,local,,,2,166,data_4200_4_2.0_chordal_rep02,val_epoch_task,val,cycle4,,32,,,,,,,,,4200,1117.0,158.0,2919.0,6.0,0.876078431372549,0.9946571682991986,0.9316096305847168,0.9316096305847168,0.9316096305847168,1123.0,0.267380952835083
local,local,,,2,166,data_4200_4_2.0_chordal_rep02,val_epoch_task,val,cycle5,,32,,,,,,,,,4200,777.0,481.0,2933.0,9.0,0.6176470588235294,0.9885496183206107,0.7602739334106445,0.7602739334106445,0.7602739334106445,786.0,0.18714286386966705
local,local,,,2,166,data_4200_4_2.0_chordal_rep02,val_epoch_task,val,cycle6,,32,,,,,,,,,4200,576.0,734.0,2867.0,23.0,0.4396946564885496,0.9616026711185309,0.6034572720527649,0.6034572720527649,0.6034572720527649,599.0,0.1426190435886383
local,local,,,2,166,data_4200_4_2.0_chordal_rep02,train_epoch,train,,,33,0.15622461943399338,,,,,,,,4200,,,,,,,,,,,
local,local,,,2,166,data_4200_4_2.0_chordal_rep02,val_epoch,val,,,33,,0.16006422823383695,0.9523809523809523,0.8121428489685059,0.9159381304640215,0.8885035514831543,0.8885035514831543,0.8885035514831543,4200,,,,,,,,,,,
local,local,,,2,166,data_4200_4_2.0_chordal_rep02,val_epoch_task,val,cycle2,,33,,,,,,,,,4200,1566.0,10.0,2622.0,2.0,0.9936548223350253,0.9987244897959183,0.9961832165718079,0.9961832165718079,0.9961832165718079,1568.0,0.3733333349227905
local,local,,,2,166,data_4200_4_2.0_chordal_rep02,val_epoch_task,val,cycle3,,33,,,,,,,,,4200,1468.0,24.0,2703.0,5.0,0.9839142091152815,0.9966055668703326,0.990219235420227,0.990219235420227,0.990219235420227,1473.0,0.3507142961025238
local,local,,,2,166,data_4200_4_2.0_chordal_rep02,val_epoch_task,val,cycle4,,33,,,,,,,,,4200,1104.0,72.0,3005.0,19.0,0.9387755102040817,0.9830810329474622,0.9604175686836243,0.9604175686836243,0.9604175686836243,1123.0,0.267380952835083
local,local,,,2,166,data_4200_4_2.0_chordal_rep02,val_epoch_task,val,cycle5,,33,,,,,,,,,4200,751.0,280.0,3134.0,35.0,0.7284190106692532,0.955470737913486,0.826637327671051,0.826637327671051,0.826637327671051,786.0,0.18714286386966705
local,local,,,2,166,data_4200_4_2.0_chordal_rep02,val_epoch_task,val,cycle6,,33,,,,,,,,,4200,559.0,513.0,3088.0,40.0,0.5214552238805971,0.9332220367278798,0.6690604090690613,0.6690604090690613,0.6690604090690613,599.0,0.1426190435886383
local,local,,,2,166,data_4200_4_2.0_chordal_rep02,train_epoch,train,,,34,0.1525266214069866,,,,,,,,4200,,,,,,,,,,,
local,local,,,2,166,data_4200_4_2.0_chordal_rep02,val_epoch,val,,,34,,0.16410975874889464,0.9545238095238096,0.8161904811859131,0.9190472153937441,0.8910520672798157,0.8910520672798157,0.8910520672798157,4200,,,,,,,,,,,
local,local,,,2,166,data_4200_4_2.0_chordal_rep02,val_epoch_task,val,cycle2,,34,,,,,,,,,4200,1567.0,7.0,2625.0,1.0,0.9955527318932655,0.9993622448979592,0.9974538087844849,0.9974538087844849,0.9974538087844849,1568.0,0.3733333349227905
local,local,,,2,166,data_4200_4_2.0_chordal_rep02,val_epoch_task,val,cycle3,,34,,,,,,,,,4200,1471.0,24.0,2703.0,2.0,0.9839464882943144,0.9986422267481331,0.9912399053573608,0.9912399053573608,0.9912399053573608,1473.0,0.3507142961025238
local,local,,,2,166,data_4200_4_2.0_chordal_rep02,val_epoch_task,val,cycle4,,34,,,,,,,,,4200,1110.0,90.0,2987.0,13.0,0.925,0.9884238646482636,0.9556608200073242,0.9556608200073242,0.9556608200073242,1123.0,0.267380952835083
local,local,,,2,166,data_4200_4_2.0_chordal_rep02,val_epoch_task,val,cycle5,,34,,,,,,,,,4200,717.0,207.0,3207.0,69.0,0.775974025974026,0.9122137404580153,0.8385964632034302,0.8385964632034302,0.8385964632034302,786.0,0.18714286386966705
local,local,,,2,166,data_4200_4_2.0_chordal_rep02,val_epoch_task,val,cycle6,,34,,,,,,,,,4200,556.0,499.0,3102.0,43.0,0.5270142180094787,0.9282136894824707,0.6723095774650574,0.6723095774650574,0.6723095774650574,599.0,0.1426190435886383
local,local,,,2,166,data_4200_4_2.0_chordal_rep02,train_epoch,train,,,35,0.14787936179410843,,,,,,,,4200,,,,,,,,,,,
local,local,,,2,166,data_4200_4_2.0_chordal_rep02,val_epoch,val,,,35,,0.16601122390656245,0.9509047619047619,0.807619035243988,0.913528474377254,0.8852252960205078,0.8852252960205078,0.8852252960205078,4200,,,,,,,,,,,
local,local,,,2,166,data_4200_4_2.0_chordal_rep02,val_epoch_task,val,cycle2,,35,,,,,,,,,4200,1568.0,11.0,2621.0,0.0,0.9930335655478151,1.0,0.9965046048164368,0.9965046048164368,0.9965046048164368,1568.0,0.3733333349227905
local,local,,,2,166,data_4200_4_2.0_chordal_rep02,val_epoch_task,val,cycle3,,35,,,,,,,,,4200,1464.0,17.0,2710.0,9.0,0.9885212694125591,0.9938900203665988,0.9911983609199524,0.9911983609199524,0.9911983609199524,1473.0,0.3507142961025238
local,local,,,2,166,data_4200_4_2.0_chordal_rep02,val_epoch_task,val,cycle4,,35,,,,,,,,,4200,1105.0,71.0,3006.0,18.0,0.939625850340136,0.9839715048975958,0.9612874984741211,0.9612874984741211,0.9612874984741211,1123.0,0.267380952835083
local,local,,,2,166,data_4200_4_2.0_chordal_rep02,val_epoch_task,val,cycle5,,35,,,,,,,,,4200,757.0,345.0,3069.0,29.0,0.6869328493647913,0.9631043256997456,0.8019068241119385,0.8019068241119385,0.8019068241119385,786.0,0.18714286386966705
local,local,,,2,166,data_4200_4_2.0_chordal_rep02,val_epoch_task,val,cycle6,,35,,,,,,,,,4200,552.0,484.0,3117.0,47.0,0.5328185328185329,0.9215358931552587,0.6752293705940247,0.6752293705940247,0.6752293705940247,599.0,0.1426190435886383
local,local,,,2,166,data_4200_4_2.0_chordal_rep02,train_epoch,train,,,36,0.15764318994113377,,,,,,,,4200,,,,,,,,,,,
local,local,,,2,166,data_4200_4_2.0_chordal_rep02,val_epoch,val,,,36,,0.18731129847821734,0.9321428571428572,0.7583333253860474,0.8852934073895193,0.8604829907417297,0.8604829907417297,0.8604829907417297,4200,,,,,,,,,,,
local,local,,,2,166,data_4200_4_2.0_chordal_rep02,val_epoch_task,val,cycle2,,36,,,,,,,,,4200,1567.0,26.0,2606.0,1.0,0.9836785938480854,0.9993622448979592,0.9914584159851074,0.9914584159851074,0.9914584159851074,1568.0,0.3733333349227905
local,local,,,2,166,data_4200_4_2.0_chordal_rep02,val_epoch_task,val,cycle3,,36,,,,,,,,,4200,1468.0,34.0,2693.0,5.0,0.9773635153129161,0.9966055668703326,0.9868907332420349,0.9868907332420349,0.9868907332420349,1473.0,0.3507142961025238
local,local,,,2,166,data_4200_4_2.0_chordal_rep02,val_epoch_task,val,cycle4,,36,,,,,,,,,4200,1099.0,59.0,3018.0,24.0,0.9490500863557858,0.9786286731967943,0.96361243724823,0.96361243724823,0.96361243724823,1123.0,0.267380952835083
local,local,,,2,166,data_4200_4_2.0_chordal_rep02,val_epoch_task,val,cycle5,,36,,,,,,,,,4200,774.0,474.0,2940.0,12.0,0.6201923076923077,0.9847328244274809,0.7610618472099304,0.7610618472099304,0.7610618472099304,786.0,0.18714286386966705
local,local,,,2,166,data_4200_4_2.0_chordal_rep02,val_epoch_task,val,cycle6,,36,,,,,,,,,4200,591.0,782.0,2819.0,8.0,0.4304442825928623,0.986644407345576,0.5993914604187012,0.5993914604187012,0.5993914604187012,599.0,0.1426190435886383
local,local,,,2,166,data_4200_4_2.0_chordal_rep02,train_epoch,train,,,37,0.15085611508006141,,,,,,,,4200,,,,,,,,,,,
local,local,,,2,166,data_4200_4_2.0_chordal_rep02,val_epoch,val,,,37,,0.1793254404408591,0.9464285714285714,0.8014285564422607,0.9062421868489041,0.8771905899047852,0.8771905899047852,0.8771905899047852,4200,,,,,,,,,,,
local,local,,,2,166,data_4200_4_2.0_chordal_rep02,val_epoch_task,val,cycle2,,37,,,,,,,,,4200,1567.0,23.0,2609.0,1.0,0.9855345911949686,0.9993622448979592,0.9924002289772034,0.9924002289772034,0.9924002289772034,1568.0,0.3733333349227905
local,local,,,2,166,data_4200_4_2.0_chordal_rep02,val_epoch_task,val,cycle3,,37,,,,,,,,,4200,1473.0,18.0,2709.0,0.0,0.9879275653923542,1.0,0.9939271211624146,0.9939271211624146,0.9939271211624146,1473.0,0.3507142961025238
local,local,,,2,166,data_4200_4_2.0_chordal_rep02,val_epoch_task,val,cycle4,,37,,,,,,,,,4200,1116.0,125.0,2952.0,7.0,0.8992747784045125,0.993766696349065,0.9441624879837036,0.9441624879837036,0.9441624879837036,1123.0,0.267380952835083
local,local,,,2,166,data_4200_4_2.0_chordal_rep02,val_epoch_task,val,cycle5,,37,,,,,,,,,4200,738.0,260.0,3154.0,48.0,0.7394789579158316,0.9389312977099237,0.8273541927337646,0.8273541927337646,0.8273541927337646,786.0,0.18714286386966705
local,local,,,2,166,data_4200_4_2.0_chordal_rep02,val_epoch_task,val,cycle6,,37,,,,,,,,,4200,543.0,587.0,3014.0,56.0,0.48053097345132745,0.9065108514190318,0.6281087398529053,0.6281087398529053,0.6281087398529053,599.0,0.1426190435886383
local,local,,,2,166,data_4200_4_2.0_chordal_rep02,train_epoch,train,,,38,0.1389899324235462,,,,,,,,4200,,,,,,,,,,,
local,local,,,2,166,data_4200_4_2.0_chordal_rep02,val_epoch,val,,,38,,0.201749480565389,0.9637142857142857,0.8507142663002014,0.9329343425453265,0.9014434814453125,0.9014434814453125,0.9014434814453125,4200,,,,,,,,,,,
local,local,,,2,166,data_4200_4_2.0_chordal_rep02,val_epoch_task,val,cycle2,,38,,,,,,,,,4200,1560.0,7.0,2625.0,8.0,0.9955328653477984,0.9948979591836735,0.9952152967453003,0.9952152967453003,0.9952152967453003,1568.0,0.3733333349227905
local,local,,,2,166,data_4200_4_2.0_chordal_rep02,val_epoch_task,val,cycle3,,38,,,,,,,,,4200,1471.0,17.0,2710.0,2.0,0.9885752688172043,0.9986422267481331,0.9935832619667053,0.9935832619667053,0.9935832619667053,1473.0,0.3507142961025238
local,local,,,2,166,data_4200_4_2.0_chordal_rep02,val_epoch_task,val,cycle4,,38,,,,,,,,,4200,1099.0,36.0,3041.0,24.0,0.9682819383259912,0.9786286731967943,0.9734278321266174,0.9734278321266174,0.9734278321266174,1123.0,0.267380952835083
local,local,,,2,166,data_4200_4_2.0_chordal_rep02,val_epoch_task,val,cycle5,,38,,,,,,,,,4200,688.0,120.0,3294.0,98.0,0.8514851485148515,0.8753180661577609,0.8632371425628662,0.8632371425628662,0.8632371425628662,786.0,0.18714286386966705
local,local,,,2,166,data_4200_4_2.0_chordal_rep02,val_epoch_task,val,cycle6,,38,,,,,,,,,4200,482.0,333.0,3268.0,117.0,0.5914110429447853,0.8046744574290484,0.6817538738250732,0.6817538738250732,0.6817538738250732,599.0,0.1426190435886383
local,local,,,2,166,data_4200_4_2.0_chordal_rep02,train_epoch,train,,,39,0.13446042558976581,,,,,,,,4200,,,,,,,,,,,
local,local,,,2,166,data_4200_4_2.0_chordal_rep02,val_epoch,val,,,39,,0.1911882059347062,0.9630952380952381,0.8485714197158813,0.931820181226357,0.9013004302978516,0.9013004302978516,0.9013004302978516,4200,,,,,,,,,,,
local,local,,,2,166,data_4200_4_2.0_chordal_rep02,val_epoch_task,val,cycle2,,39,,,,,,,,,4200,1567.0,15.0,2617.0,1.0,0.9905183312262958,0.9993622448979592,0.9949206113815308,0.9949206113815308,0.9949206113815308,1568.0,0.3733333349227905
local,local,,,2,166,data_4200_4_2.0_chordal_rep02,val_epoch_task,val,cycle3,,39,,,,,,,,,4200,1470.0,21.0,2706.0,3.0,0.9859154929577465,0.9979633401221996,0.9919028282165527,0.9919028282165527,0.9919028282165527,1473.0,0.3507142961025238
local,local,,,2,166,data_4200_4_2.0_chordal_rep02,val_epoch_task,val,cycle4,,39,,,,,,,,,4200,1077.0,39.0,3038.0,46.0,0.9650537634408602,0.9590382902938558,0.9620366096496582,0.9620366096496582,0.9620366096496582,1123.0,0.267380952835083
local,local,,,2,166,data_4200_4_2.0_chordal_rep02,val_epoch_task,val,cycle5,,39,,,,,,,,,4200,690.0,150.0,3264.0,96.0,0.8214285714285714,0.8778625954198473,0.84870845079422,0.84870845079422,0.84870845079422,786.0,0.18714286386966705
local,local,,,2,166,data_4200_4_2.0_chordal_rep02,val_epoch_task,val,cycle6,,39,,,,,,,,,4200,492.0,297.0,3304.0,107.0,0.623574144486692,0.8213689482470785,0.7089337110519409,0.7089337110519409,0.7089337110519409,599.0,0.1426190435886383
local,local,,,2,166,data_4200_4_2.0_chordal_rep02,train_epoch,train,,,40,0.14064590925262088,,,,,,,,4200,,,,,,,,,,,
local,local,,,2,166,data_4200_4_2.0_chordal_rep02,val_epoch,val,,,40,,0.15579280299799783,0.9634761904761905,0.851190447807312,0.9337708315344099,0.9063897132873535,0.9063897132873535,0.9063897132873535,4200,,,,,,,,,,,
local,local,,,2,166,data_4200_4_2.0_chordal_rep02,val_epoch_task,val,cycle2,,40,,,,,,,,,4200,1568.0,16.0,2616.0,0.0,0.98989898989899,1.0,0.9949238896369934,0.9949238896369934,0.9949238896369934,1568.0,0.3733333349227905
local,local,,,2,166,data_4200_4_2.0_chordal_rep02,val_epoch_task,val,cycle3,,40,,,,,,,,,4200,1469.0,11.0,2716.0,4.0,0.9925675675675676,0.9972844534962662,0.9949204921722412,0.9949204921722412,0.9949204921722412,1473.0,0.3507142961025238
local,local,,,2,166,data_4200_4_2.0_chordal_rep02,val_epoch_task,val,cycle4,,40,,,,,,,,,4200,1094.0,34.0,3043.0,29.0,0.9698581560283688,0.9741763134461264,0.972012460231781,0.972012460231781,0.972012460231781,1123.0,0.267380952835083
local,local,,,2,166,data_4200_4_2.0_chordal_rep02,val_epoch_task,val,cycle5,,40,,,,,,,,,4200,752.0,202.0,3212.0,34.0,0.7882599580712788,0.9567430025445293,0.8643678426742554,0.8643678426742554,0.8643678426742554,786.0,0.18714286386966705
local,local,,,2,166,data_4200_4_2.0_chordal_rep02,val_epoch_task,val,cycle6,,40,,,,,,,,,4200,524.0,362.0,3239.0,75.0,0.5914221218961625,0.8747913188647746,0.7057238817214966,0.7057238817214966,0.7057238817214966,599.0,0.1426190435886383
local,local,,,2,166,data_4200_4_2.0_chordal_rep02,train_epoch,train,,,41,0.13886531558774767,,,,,,,,4200,,,,,,,,,,,
local,local,,,2,166,data_4200_4_2.0_chordal_rep02,val_epoch,val,,,41,,0.15951529965514227,0.9454285714285714,0.7916666865348816,0.9056013179571664,0.8785604238510132,0.8785604238510132,0.8785604238510132,4200,,,,,,,,,,,
local,local,,,2,166,data_4200_4_2.0_chordal_rep02,val_epoch_task,val,cycle2,,41,,,,,,,,,4200,1568.0,14.0,2618.0,0.0,0.9911504424778761,1.0,0.995555579662323,0.995555579662323,0.995555579662323,1568.0,0.3733333349227905
local,local,,,2,166,data_4200_4_2.0_chordal_rep02,val_epoch_task,val,cycle3,,41,,,,,,,,,4200,1473.0,26.0,2701.0,0.0,0.9826551034022681,1.0,0.9912517070770264,0.9912517070770264,0.9912517070770264,1473.0,0.3507142961025238
local,local,,,2,166,data_4200_4_2.0_chordal_rep02,val_epoch_task,val,cycle4,,41,,,,,,,,,4200,1111.0,128.0,2949.0,12.0,0.8966908797417272,0.9893143365983972,0.9407282471656799,0.9407282471656799,0.9407282471656799,1123.0,0.267380952835083
local,local,,,2,166,data_4200_4_2.0_chordal_rep02,val_epoch_task,val,cycle5,,41,,,,,,,,,4200,770.0,347.0,3067.0,16.0,0.6893464637421666,0.9796437659033079,0.8092485666275024,0.8092485666275024,0.8092485666275024,786.0,0.18714286386966705
local,local,,,2,166,data_4200_4_2.0_chordal_rep02,val_epoch_task,val,cycle6,,41,,,,,,,,,4200,575.0,579.0,3022.0,24.0,0.4982668977469671,0.9599332220367279,0.6560182571411133,0.6560182571411133,0.6560182571411133,599.0,0.1426190435886383
local,local,,,2,166,data_4200_4_2.0_chordal_rep02,train_epoch,train,,,42,0.13210731707868123,,,,,,,,4200,,,,,,,,,,,
local,local,,,2,166,data_4200_4_2.0_chordal_rep02,val_epoch,val,,,42,,0.1733840883487747,0.9461428571428572,0.7945238351821899,0.90621112861763,0.8795507550239563,0.8795507550239563,0.8795507550239563,4200,,,,,,,,,,,
local,local,,,2,166,data_4200_4_2.0_chordal_rep02,val_epoch_task,val,cycle2,,42,,,,,,,,,4200,1566.0,6.0,2626.0,2.0,0.9961832061068703,0.9987244897959183,0.9974522590637207,0.9974522590637207,0.9974522590637207,1568.0,0.3733333349227905
local,local,,,2,166,data_4200_4_2.0_chordal_rep02,val_epoch_task,val,cycle3,,42,,,,,,,,,4200,1472.0,29.0,2698.0,1.0,0.9806795469686875,0.9993211133740665,0.9899125695228577,0.9899125695228577,0.9899125695228577,1473.0,0.3507142961025238
local,local,,,2,166,data_4200_4_2.0_chordal_rep02,val_epoch_task,val,cycle4,,42,,,,,,,,,4200,1105.0,111.0,2966.0,18.0,0.9087171052631579,0.9839715048975958,0.9448482394218445,0.9448482394218445,0.9448482394218445,1123.0,0.267380952835083
local,local,,,2,166,data_4200_4_2.0_chordal_rep02,val_epoch_task,val,cycle5,,42,,,,,,,,,4200,743.0,272.0,3142.0,43.0,0.7320197044334975,0.94529262086514,0.8250970840454102,0.8250970840454102,0.8250970840454102,786.0,0.18714286386966705
local,local,,,2,166,data_4200_4_2.0_chordal_rep02,val_epoch_task,val,cycle6,,42,,,,,,,,,4200,578.0,628.0,2973.0,21.0,0.4792703150912106,0.9649415692821369,0.6404432058334351,0.6404432058334351,0.6404432058334351,599.0,0.1426190435886383
local,local,,,2,166,data_4200_4_2.0_chordal_rep02,train_epoch,train,,,43,0.13880773703257243,,,,,,,,4200,,,,,,,,,,,
local,local,,,2,166,data_4200_4_2.0_chordal_rep02,val_epoch,val,,,43,,0.15510883998303188,0.9464285714285714,0.791190505027771,0.9069709749441826,0.8801664113998413,0.8801664113998413,0.8801664113998413,4200,,,,,,,,,,,
local,local,,,2,166,data_4200_4_2.0_chordal_rep02,val_epoch_task,val,cycle2,,43,,,,,,,,,4200,1567.0,9.0,2623.0,1.0,0.9942893401015228,0.9993622448979592,0.9968193173408508,0.9968193173408508,0.9968193173408508,1568.0,0.3733333349227905
local,local,,,2,166,data_4200_4_2.0_chordal_rep02,val_epoch_task,val,cycle3,,43,,,,,,,,,4200,1469.0,25.0,2702.0,4.0,0.9832663989290495,0.9972844534962662,0.9902257919311523,0.9902257919311523,0.9902257919311523,1473.0,0.3507142961025238
local,local,,,2,166,data_4200_4_2.0_chordal_rep02,val_epoch_task,val,cycle4,,43,,,,,,,,,4200,1102.0,52.0,3025.0,21.0,0.9549393414211439,0.981300089047195,0.9679402709007263,0.9679402709007263,0.9679402709007263,1123.0,0.267380952835083
local,local,,,2,166,data_4200_4_2.0_chordal_rep02,val_epoch_task,val,cycle5,,43,,,,,,,,,4200,773.0,390.0,3024.0,13.0,0.6646603611349957,0.9834605597964376,0.7932272553443909,0.7932272553443909,0.7932272553443909,786.0,0.18714286386966705
local,local,,,2,166,data_4200_4_2.0_chordal_rep02,val_epoch_task,val,cycle6,,43,,,,,,,,,4200,573.0,584.0,3017.0,26.0,0.49524632670700086,0.9565943238731218,0.6526196002960205,0.6526196002960205,0.6526196002960205,599.0,0.1426190435886383
local,local,,,2,166,data_4200_4_2.0_chordal_rep02,train_epoch,train,,,44,0.11962048837116786,,,,,,,,4200,,,,,,,,,,,
local,local,,,2,166,data_4200_4_2.0_chordal_rep02,val_epoch,val,,,44,,0.20113774759428843,0.9318095238095238,0.755476176738739,0.8850537807031625,0.8586149215698242,0.8586149215698242,0.8586149215698242,4200,,,,,,,,,,,
local,local,,,2,166,data_4200_4_2.0_chordal_rep02,val_epoch_task,val,cycle2,,44,,,,,,,,,4200,1564.0,13.0,2619.0,4.0,0.9917564996829423,0.9974489795918368,0.9945946335792542,0.9945946335792542,0.9945946335792542,1568.0,0.3733333349227905
local,local,,,2,166,data_4200_4_2.0_chordal_rep02,val_epoch_task,val,cycle3,,44,,,,,,,,,4200,1470.0,43.0,2684.0,3.0,0.9715796430931923,0.9979633401221996,0.9845948219299316,0.9845948219299316,0.9845948219299316,1473.0,0.3507142961025238
local,local,,,2,166,data_4200_4_2.0_chordal_rep02,val_epoch_task,val,cycle4,,44,,,,,,,,,4200,1113.0,159.0,2918.0,10.0,0.875,0.9910952804986642,0.9294363260269165,0.9294363260269165,0.9294363260269165,1123.0,0.267380952835083
local,local,,,2,166,data_4200_4_2.0_chordal_rep02,val_epoch_task,val,cycle5,,44,,,,,,,,,4200,778.0,473.0,2941.0,8.0,0.6219024780175859,0.989821882951654,0.7638684511184692,0.7638684511184692,0.7638684511184692,786.0,0.18714286386966705
local,local,,,2,166,data_4200_4_2.0_chordal_rep02,val_epoch_task,val,cycle6,,44,,,,,,,,,4200,588.0,708.0,2893.0,11.0,0.4537037037037037,0.9816360601001669,0.6205804944038391,0.6205804944038391,0.6205804944038391,599.0,0.1426190435886383
local,local,,,2,166,data_4200_4_2.0_chordal_rep02,train_epoch,train,,,45,0.13736485641627086,,,,,,,,4200,,,,,,,,,,,
local,local,,,2,166,data_4200_4_2.0_chordal_rep02,val_epoch,val,,,45,,0.19087074052719843,0.963,0.8550000190734863,0.9313300927971719,0.9034250974655151,0.9034250974655151,0.9034250974655151,4200,,,,,,,,,,,
local,local,,,2,166,data_4200_4_2.0_chordal_rep02,val_epoch_task,val,cycle2,,45,,,,,,,,,4200,1551.0,12.0,2620.0,17.0,0.9923224568138196,0.9891581632653061,0.990737795829773,0.990737795829773,0.990737795829773,1568.0,0.3733333349227905
local,local,,,2,166,data_4200_4_2.0_chordal_rep02,val_epoch_task,val,cycle3,,45,,,,,,,,,4200,1470.0,52.0,2675.0,3.0,0.9658344283837057,0.9979633401221996,0.9816360473632812,0.9816360473632812,0.9816360473632812,1473.0,0.3507142961025238
local,local,,,2,166,data_4200_4_2.0_chordal_rep02,val_epoch_task,val,cycle4,,45,,,,,,,,,4200,1061.0,58.0,3019.0,62.0,0.9481680071492404,0.9447907390917186,0.946476399898529,0.946476399898529,0.946476399898529,1123.0,0.267380952835083
local,local,,,2,166,data_4200_4_2.0_chordal_rep02,val_epoch_task,val,cycle5,,45,,,,,,,,,4200,711.0,188.0,3226.0,75.0,0.7908787541713015,0.9045801526717557,0.8439169526100159,0.8439169526100159,0.8439169526100159,786.0,0.18714286386966705
local,local,,,2,166,data_4200_4_2.0_chordal_rep02,val_epoch_task,val,cycle6,,45,,,,,,,,,4200,476.0,187.0,3414.0,123.0,0.717948717948718,0.7946577629382304,0.754358172416687,0.754358172416687,0.754358172416687,599.0,0.1426190435886383
local,local,,,2,166,data_4200_4_2.0_chordal_rep02,train_epoch,train,,,46,0.1281275132724217,,,,,,,,4200,,,,,,,,,,,
local,local,,,2,166,data_4200_4_2.0_chordal_rep02,val_epoch,val,,,46,,0.14494422654310862,0.9613809523809523,0.8461904525756836,0.9307843304600154,0.9047168493270874,0.9047168493270874,0.9047168493270874,4200,,,,,,,,,,,
local,local,,,2,166,data_4200_4_2.0_chordal_rep02,val_epoch_task,val,cycle2,,46,,,,,,,,,4200,1568.0,11.0,2621.0,0.0,0.9930335655478151,1.0,0.9965046048164368,0.9965046048164368,0.9965046048164368,1568.0,0.3733333349227905
local,local,,,2,166,data_4200_4_2.0_chordal_rep02,val_epoch_task,val,cycle3,,46,,,,,,,,,4200,1471.0,25.0,2702.0,2.0,0.9832887700534759,0.9986422267481331,0.9909060597419739,0.9909060597419739,0.9909060597419739,1473.0,0.3507142961025238
local,local,,,2,166,data_4200_4_2.0_chordal_rep02,val_epoch_task,val,cycle4,,46,,,,,,,,,4200,1102.0,52.0,3025.0,21.0,0.9549393414211439,0.981300089047195,0.9679402709007263,0.9679402709007263,0.9679402709007263,1123.0,0.267380952835083
local,local,,,2,166,data_4200_4_2.0_chordal_rep02,val_epoch_task,val,cycle5,,46,,,,,,,,,4200,765.0,276.0,3138.0,21.0,0.7348703170028819,0.9732824427480916,0.8374384045600891,0.8374384045600891,0.8374384045600891,786.0,0.18714286386966705
local,local,,,2,166,data_4200_4_2.0_chordal_rep02,val_epoch_task,val,cycle6,,46,,,,,,,,,4200,547.0,351.0,3250.0,52.0,0.60913140311804,0.9131886477462438,0.7307949066162109,0.7307949066162109,0.7307949066162109,599.0,0.1426190435886383
local,local,,,2,166,data_4200_4_2.0_chordal_rep02,train_epoch,train,,,47,0.13878269658202216,,,,,,,,4200,,,,,,,,,,,
local,local,,,2,166,data_4200_4_2.0_chordal_rep02,val_epoch,val,,,47,,0.2039090661207835,0.9280952380952381,0.7495238184928894,0.879623724489796,0.8535947799682617,0.8535947799682617,0.8535947799682617,4200,,,,,,,,,,,
local,local,,,2,166,data_4200_4_2.0_chordal_rep02,val_epoch_task,val,cycle2,,47,,,,,,,,,4200,1568.0,30.0,2602.0,0.0,0.981226533166458,1.0,0.9905243515968323,0.9905243515968323,0.9905243515968323,1568.0,0.3733333349227905
local,local,,,2,166,data_4200_4_2.0_chordal_rep02,val_epoch_task,val,cycle3,,47,,,,,,,,,4200,1473.0,33.0,2694.0,0.0,0.9780876494023905,1.0,0.9889224767684937,0.9889224767684937,0.9889224767684937,1473.0,0.3507142961025238
local,local,,,2,166,data_4200_4_2.0_chordal_rep02,val_epoch_task,val,cycle4,,47,,,,,,,,,4200,1109.0,117.0,2960.0,14.0,0.9045676998368679,0.98753339269813,0.9442316293716431,0.9442316293716431,0.9442316293716431,1123.0,0.267380952835083
local,local,,,2,166,data_4200_4_2.0_chordal_rep02,val_epoch_task,val,cycle5,,47,,,,,,,,,4200,778.0,557.0,2857.0,8.0,0.5827715355805243,0.989821882951654,0.7336162328720093,0.7336162328720093,0.7336162328720093,786.0,0.18714286386966705
local,local,,,2,166,data_4200_4_2.0_chordal_rep02,val_epoch_task,val,cycle6,,47,,,,,,,,,4200,589.0,741.0,2860.0,10.0,0.44285714285714284,0.9833055091819699,0.6106790900230408,0.6106790900230408,0.6106790900230408,599.0,0.1426190435886383
local,local,,,2,166,data_4200_4_2.0_chordal_rep02,train_epoch,train,,,48,0.12693481890928177,,,,,,,,4200,,,,,,,,,,,
local,local,,,2,166,data_4200_4_2.0_chordal_rep02,val_epoch,val,,,48,,0.15786290671144212,0.953,0.8235714435577393,0.917051853096899,0.8912867307662964,0.8912867307662964,0.8912867307662964,4200,,,,,,,,,,,
local,local,,,2,166,data_4200_4_2.0_chordal_rep02,val_epoch_task,val,cycle2,,48,,,,,,,,,4200,1564.0,18.0,2614.0,4.0,0.988621997471555,0.9974489795918368,0.9930158853530884,0.9930158853530884,0.9930158853530884,1568.0,0.3733333349227905
local,local,,,2,166,data_4200_4_2.0_chordal_rep02,val_epoch_task,val,cycle3,,48,,,,,,,,,4200,1468.0,24.0,2703.0,5.0,0.9839142091152815,0.9966055668703326,0.990219235420227,0.990219235420227,0.990219235420227,1473.0,0.3507142961025238
local,local,,,2,166,data_4200_4_2.0_chordal_rep02,val_epoch_task,val,cycle4,,48,,,,,,,,,4200,1086.0,59.0,3018.0,37.0,0.948471615720524,0.9670525378450578,0.9576719403266907,0.9576719403266907,0.9576719403266907,1123.0,0.267380952835083
local,local,,,2,166,data_4200_4_2.0_chordal_rep02,val_epoch_task,val,cycle5,,48,,,,,,,,,4200,766.0,281.0,3133.0,20.0,0.731614135625597,0.9745547073791349,0.8357882499694824,0.8357882499694824,0.8357882499694824,786.0,0.18714286386966705
local,local,,,2,166,data_4200_4_2.0_chordal_rep02,val_epoch_task,val,cycle6,,48,,,,,,,,,4200,572.0,512.0,3089.0,27.0,0.5276752767527675,0.9549248747913188,0.6797385215759277,0.6797385215759277,0.6797385215759277,599.0,0.1426190435886383
local,local,,,2,166,data_4200_4_2.0_chordal_rep02,train_epoch,train,,,49,0.12180979114203226,,,,,,,,4200,,,,,,,,,,,
local,local,,,2,166,data_4200_4_2.0_chordal_rep02,val_epoch,val,,,49,,0.17672230242263703,0.9677619047619047,0.8688095211982727,0.9398596428888693,0.9083379507064819,0.9083379507064819,0.9083379507064819,4200,,,,,,,,,,,
local,local,,,2,166,data_4200_4_2.0_chordal_rep02,val_epoch_task,val,cycle2,,49,,,,,,,,,4200,1567.0,23.0,2609.0,1.0,0.9855345911949686,0.9993622448979592,0.9924002289772034,0.9924002289772034,0.9924002289772034,1568.0,0.3733333349227905
local,local,,,2,166,data_4200_4_2.0_chordal_rep02,val_epoch_task,val,cycle3,,49,,,,,,,,,4200,1468.0,22.0,2705.0,5.0,0.9852348993288591,0.9966055668703326,0.9908876419067383,0.9908876419067383,0.9908876419067383,1473.0,0.3507142961025238
local,local,,,2,166,data_4200_4_2.0_chordal_rep02,val_epoch_task,val,cycle4,,49,,,,,,,,,4200,1093.0,65.0,3012.0,30.0,0.9438687392055267,0.9732858414959928,0.9583516120910645,0.9583516120910645,0.9583516120910645,1123.0,0.267380952835083
local,local,,,2,166,data_4200_4_2.0_chordal_rep02,val_epoch_task,val,cycle5,,49,,,,,,,,,4200,736.0,143.0,3271.0,50.0,0.8373151308304891,0.9363867684478372,0.8840841054916382,0.8840841054916382,0.8840841054916382,786.0,0.18714286386966705
local,local,,,2,166,data_4200_4_2.0_chordal_rep02,val_epoch_task,val,cycle6,,49,,,,,,,,,4200,426.0,165.0,3436.0,173.0,0.7208121827411168,0.7111853088480802,0.7159664034843445,0.7159664034843445,0.7159664034843445,599.0,0.1426190435886383
local,local,,,2,166,data_4200_4_2.0_chordal_rep02,train_epoch,train,,,50,0.1299238208645866,,,,,,,,4200,,,,,,,,,,,
local,local,,,2,166,data_4200_4_2.0_chordal_rep02,val_epoch,val,,,50,,0.14329182457356227,0.9703333333333334,0.8830952644348145,0.945269261178951,0.9226301908493042,0.9226301908493042,0.9226301908493042,4200,,,,,,,,,,,
local,local,,,2,166,data_4200_4_2.0_chordal_rep02,val_epoch_task,val,cycle2,,50,,,,,,,,,4200,1563.0,15.0,2617.0,5.0,0.9904942965779467,0.9968112244897959,0.9936427474021912,0.9936427474021912,0.9936427474021912,1568.0,0.3733333349227905
local,local,,,2,166,data_4200_4_2.0_chordal_rep02,val_epoch_task,val,cycle3,,50,,,,,,,,,4200,1471.0,21.0,2706.0,2.0,0.9859249329758714,0.9986422267481331,0.9922428727149963,0.9922428727149963,0.9922428727149963,1473.0,0.3507142961025238
local,local,,,2,166,data_4200_4_2.0_chordal_rep02,val_epoch_task,val,cycle4,,50,,,,,,,,,4200,1070.0,38.0,3039.0,53.0,0.9657039711191335,0.9528049866429208,0.9592111110687256,0.9592111110687256,0.9592111110687256,1123.0,0.267380952835083
local,local,,,2,166,data_4200_4_2.0_chordal_rep02,val_epoch_task,val,cycle5,,50,,,,,,,,,4200,738.0,123.0,3291.0,48.0,0.8571428571428571,0.9389312977099237,0.8961748480796814,0.8961748480796814,0.8961748480796814,786.0,0.18714286386966705
local,local,,,2,166,data_4200_4_2.0_chordal_rep02,val_epoch_task,val,cycle6,,50,,,,,,,,,4200,538.0,257.0,3344.0,61.0,0.6767295597484276,0.8981636060100167,0.7718794941902161,0.7718794941902161,0.7718794941902161,599.0,0.1426190435886383
local,local,,,2,166,data_4200_4_2.0_chordal_rep02,train_epoch,train,,,51,0.1186351848216284,,,,,,,,4200,,,,,,,,,,,
local,local,,,2,166,data_4200_4_2.0_chordal_rep02,val_epoch,val,,,51,,0.18092786150319234,0.9373333333333334,0.767380952835083,0.893406771423943,0.8683834075927734,0.8683834075927734,0.8683834075927734,4200,,,,,,,,,,,
local,local,,,2,166,data_4200_4_2.0_chordal_rep02,val_epoch_task,val,cycle2,,51,,,,,,,,,4200,1568.0,19.0,2613.0,0.0,0.9880277252678009,1.0,0.9939777851104736,0.9939777851104736,0.9939777851104736,1568.0,0.3733333349227905
local,local,,,2,166,data_4200_4_2.0_chordal_rep02,val_epoch_task,val,cycle3,,51,,,,,,,,,4200,1471.0,17.0,2710.0,2.0,0.9885752688172043,0.9986422267481331,0.9935832619667053,0.9935832619667053,0.9935832619667053,1473.0,0.3507142961025238
local,local,,,2,166,data_4200_4_2.0_chordal_rep02,val_epoch_task,val,cycle4,,51,,,,,,,,,4200,1110.0,117.0,2960.0,13.0,0.9046454767726161,0.9884238646482636,0.9446808695793152,0.9446808695793152,0.9446808695793152,1123.0,0.267380952835083
local,local,,,2,166,data_4200_4_2.0_chordal_rep02,val_epoch_task,val,cycle5,,51,,,,,,,,,4200,774.0,366.0,3048.0,12.0,0.6789473684210526,0.9847328244274809,0.8037383556365967,0.8037383556365967,0.8037383556365967,786.0,0.18714286386966705
local,local,,,2,166,data_4200_4_2.0_chordal_rep02,val_epoch_task,val,cycle6,,51,,,,,,,,,4200,592.0,763.0,2838.0,7.0,0.43690036900369006,0.988313856427379,0.6059365272521973,0.6059365272521973,0.6059365272521973,599.0,0.1426190435886383
local,local,,,2,166,data_4200_4_2.0_chordal_rep02,train_epoch,train,,,52,0.1264449600662504,,,,,,,,4200,,,,,,,,,,,
local,local,,,2,166,data_4200_4_2.0_chordal_rep02,val_epoch,val,,,52,,0.1394459053022521,0.9676666666666667,0.869523823261261,0.9410129441403875,0.9160898923873901,0.9160898923873901,0.9160898923873901,4200,,,,,,,,,,,
local,local,,,2,166,data_4200_4_2.0_chordal_rep02,val_epoch_task,val,cycle2,,52,,,,,,,,,4200,1568.0,13.0,2619.0,0.0,0.9917773561037319,1.0,0.9958716630935669,0.9958716630935669,0.9958716630935669,1568.0,0.3733333349227905
local,local,,,2,166,data_4200_4_2.0_chordal_rep02,val_epoch_task,val,cycle3,,52,,,,,,,,,4200,1472.0,19.0,2708.0,1.0,0.9872568745808182,0.9993211133740665,0.9932523369789124,0.9932523369789124,0.9932523369789124,1473.0,0.3507142961025238
local,local,,,2,166,data_4200_4_2.0_chordal_rep02,val_epoch_task,val,cycle4,,52,,,,,,,,,4200,1091.0,35.0,3042.0,32.0,0.9689165186500888,0.9715048975957258,0.970209002494812,0.970209002494812,0.970209002494812,1123.0,0.267380952835083
local,local,,,2,166,data_4200_4_2.0_chordal_rep02,val_epoch_task,val,cycle5,,52,,,,,,,,,4200,767.0,256.0,3158.0,19.0,0.7497556207233627,0.9758269720101781,0.8479822874069214,0.8479822874069214,0.8479822874069214,786.0,0.18714286386966705
local,local,,,2,166,data_4200_4_2.0_chordal_rep02,val_epoch_task,val,cycle6,,52,,,,,,,,,4200,518.0,223.0,3378.0,81.0,0.699055330634278,0.8647746243739566,0.7731343507766724,0.7731343507766724,0.7731343507766724,599.0,0.1426190435886383
local,local,,,2,166,data_4200_4_2.0_chordal_rep02,train_epoch,train,,,53,0.12741889150369734,,,,,,,,4200,,,,,,,,,,,
local,local,,,2,166,data_4200_4_2.0_chordal_rep02,val_epoch,val,,,53,,0.1413277991896584,0.9527619047619048,0.819523811340332,0.9172367762389454,0.8909772038459778,0.8909772038459778,0.8909772038459778,4200,,,,,,,,,,,
local,local,,,2,166,data_4200_4_2.0_chordal_rep02,val_epoch_task,val,cycle2,,53,,,,,,,,,4200,1568.0,22.0,2610.0,0.0,0.9861635220125786,1.0,0.9930335283279419,0.9930335283279419,0.9930335283279419,1568.0,0.3733333349227905
local,local,,,2,166,data_4200_4_2.0_chordal_rep02,val_epoch_task,val,cycle3,,53,,,,,,,,,4200,1473.0,17.0,2710.0,0.0,0.9885906040268456,1.0,0.9942625761032104,0.9942625761032104,0.9942625761032104,1473.0,0.3507142961025238
local,local,,,2,166,data_4200_4_2.0_chordal_rep02,val_epoch_task,val,cycle4,,53,,,,,,,,,4200,1114.0,128.0,2949.0,9.0,0.8969404186795491,0.9919857524487978,0.9420718550682068,0.9420718550682068,0.9420718550682068,1123.0,0.267380952835083
local,local,,,2,166,data_4200_4_2.0_chordal_rep02,val_epoch_task,val,cycle5,,53,,,,,,,,,4200,770.0,304.0,3110.0,16.0,0.7169459962756052,0.9796437659033079,0.827957034111023,0.827957034111023,0.827957034111023,786.0,0.18714286386966705
local,local,,,2,166,data_4200_4_2.0_chordal_rep02,val_epoch_task,val,cycle6,,53,,,,,,,,,4200,572.0,469.0,3132.0,27.0,0.5494716618635928,0.9549248747913188,0.6975609660148621,0.6975609660148621,0.6975609660148621,599.0,0.1426190435886383
local,local,,,2,166,data_4200_4_2.0_chordal_rep02,train_epoch,train,,,54,0.12078769170102618,,,,,,,,4200,,,,,,,,,,,
local,local,,,2,166,data_4200_4_2.0_chordal_rep02,val_epoch,val,,,54,,0.1445998008904003,0.9743333333333334,0.8914285898208618,0.9521186817091587,0.9301239252090454,0.9301239252090454,0.9301239252090454,4200,,,,,,,,,,,
local,local,,,2,166,data_4200_4_2.0_chordal_rep02,val_epoch_task,val,cycle2,,54,,,,,,,,,4200,1565.0,12.0,2620.0,3.0,0.9923906150919467,0.9980867346938775,0.9952305555343628,0.9952305555343628,0.9952305555343628,1568.0,0.3733333349227905
local,local,,,2,166,data_4200_4_2.0_chordal_rep02,val_epoch_task,val,cycle3,,54,,,,,,,,,4200,1468.0,12.0,2715.0,5.0,0.9918918918918919,0.9966055668703326,0.9942432045936584,0.9942432045936584,0.9942432045936584,1473.0,0.3507142961025238
local,local,,,2,166,data_4200_4_2.0_chordal_rep02,val_epoch_task,val,cycle4,,54,,,,,,,,,4200,1091.0,44.0,3033.0,32.0,0.9612334801762115,0.9715048975957258,0.9663419127464294,0.9663419127464294,0.9663419127464294,1123.0,0.267380952835083
local,local,,,2,166,data_4200_4_2.0_chordal_rep02,val_epoch_task,val,cycle5,,54,,,,,,,,,4200,704.0,83.0,3331.0,82.0,0.8945362134688691,0.8956743002544529,0.8951048851013184,0.8951048851013184,0.8951048851013184,786.0,0.18714286386966705
local,local,,,2,166,data_4200_4_2.0_chordal_rep02,val_epoch_task,val,cycle6,,54,,,,,,,,,4200,531.0,198.0,3403.0,68.0,0.7283950617283951,0.8864774624373957,0.7996988296508789,0.7996988296508789,0.7996988296508789,599.0,0.1426190435886383
local,local,,,2,166,data_4200_4_2.0_chordal_rep02,train_epoch,train,,,55,0.12441576514925276,,,,,,,,4200,,,,,,,,,,,
local,local,,,2,166,data_4200_4_2.0_chordal_rep02,val_epoch,val,,,55,,0.13434703307492393,0.9646190476190476,0.8616666793823242,0.936294263911515,0.9131500124931335,0.9131500124931335,0.9131500124931335,4200,,,,,,,,,,,
local,local,,,2,166,data_4200_4_2.0_chordal_rep02,val_epoch_task,val,cycle2,,55,,,,,,,,,4200,1566.0,10.0,2622.0,2.0,0.9936548223350253,0.9987244897959183,0.9961832165718079,0.9961832165718079,0.9961832165718079,1568.0,0.3733333349227905
local,local,,,2,166,data_4200_4_2.0_chordal_rep02,val_epoch_task,val,cycle3,,55,,,,,,,,,4200,1470.0,33.0,2694.0,3.0,0.9780439121756487,0.9979633401221996,0.9879032373428345,0.9879032373428345,0.9879032373428345,1473.0,0.3507142961025238
local,local,,,2,166,data_4200_4_2.0_chordal_rep02,val_epoch_task,val,cycle4,,55,,,,,,,,,4200,1111.0,96.0,2981.0,12.0,0.9204639602319801,0.9893143365983972,0.953648030757904,0.953648030757904,0.953648030757904,1123.0,0.267380952835083
local,local,,,2,166,data_4200_4_2.0_chordal_rep02,val_epoch_task,val,cycle5,,55,,,,,,,,,4200,746.0,144.0,3270.0,40.0,0.8382022471910112,0.9491094147582697,0.8902148008346558,0.8902148008346558,0.8902148008346558,786.0,0.18714286386966705
local,local,,,2,166,data_4200_4_2.0_chordal_rep02,val_epoch_task,val,cycle6,,55,,,,,,,,,4200,567.0,371.0,3230.0,32.0,0.6044776119402985,0.9465776293823038,0.7378008365631104,0.7378008365631104,0.7378008365631104,599.0,0.1426190435886383
local,local,,,2,166,data_4200_4_2.0_chordal_rep02,train_epoch,train,,,56,0.10335426209937959,,,,,,,,4200,,,,,,,,,,,
local,local,,,2,166,data_4200_4_2.0_chordal_rep02,val_epoch,val,,,56,,0.13822390337785084,0.9731428571428572,0.8933333158493042,0.9505002632964719,0.9287233352661133,0.9287233352661133,0.9287233352661133,4200,,,,,,,,,,,
local,local,,,2,166,data_4200_4_2.0_chordal_rep02,val_epoch_task,val,cycle2,,56,,,,,,,,,4200,1567.0,8.0,2624.0,1.0,0.9949206349206349,0.9993622448979592,0.9971364736557007,0.9971364736557007,0.9971364736557007,1568.0,0.3733333349227905
local,local,,,2,166,data_4200_4_2.0_chordal_rep02,val_epoch_task,val,cycle3,,56,,,,,,,,,4200,1471.0,20.0,2707.0,2.0,0.9865861837692823,0.9986422267481331,0.9925776124000549,0.9925776124000549,0.9925776124000549,1473.0,0.3507142961025238
local,local,,,2,166,data_4200_4_2.0_chordal_rep02,val_epoch_task,val,cycle4,,56,,,,,,,,,4200,1106.0,67.0,3010.0,17.0,0.9428815004262575,0.9848619768477292,0.9634146690368652,0.9634146690368652,0.9634146690368652,1123.0,0.267380952835083
local,local,,,2,166,data_4200_4_2.0_chordal_rep02,val_epoch_task,val,cycle5,,56,,,,,,,,,4200,740.0,148.0,3266.0,46.0,0.8333333333333334,0.9414758269720102,0.8841099143028259,0.8841099143028259,0.8841099143028259,786.0,0.18714286386966705
local,local,,,2,166,data_4200_4_2.0_chordal_rep02,val_epoch_task,val,cycle6,,56,,,,,,,,,4200,531.0,187.0,3414.0,68.0,0.7395543175487466,0.8864774624373957,0.8063781261444092,0.8063781261444092,0.8063781261444092,599.0,0.1426190435886383
local,local,,,2,166,data_4200_4_2.0_chordal_rep02,train_epoch,train,,,57,0.12441630823271616,,,,,,,,4200,,,,,,,,,,,
local,local,,,2,166,data_4200_4_2.0_chordal_rep02,val_epoch,val,,,57,,0.1413890332976977,0.959952380952381,0.8399999737739563,0.9283584632421842,0.9043706059455872,0.9043706059455872,0.9043706059455872,4200,,,,,,,,,,,
local,local,,,2,166,data_4200_4_2.0_chordal_rep02,val_epoch_task,val,cycle2,,57,,,,,,,,,4200,1564.0,6.0,2626.0,4.0,0.9961783439490446,0.9974489795918368,0.9968132972717285,0.9968132972717285,0.9968132972717285,1568.0,0.3733333349227905
local,local,,,2,166,data_4200_4_2.0_chordal_rep02,val_epoch_task,val,cycle3,,57,,,,,,,,,4200,1461.0,14.0,2713.0,12.0,0.9905084745762712,0.9918533604887984,0.9911804795265198,0.9911804795265198,0.9911804795265198,1473.0,0.3507142961025238
local,local,,,2,166,data_4200_4_2.0_chordal_rep02,val_epoch_task,val,cycle4,,57,,,,,,,,,4200,1099.0,66.0,3011.0,24.0,0.9433476394849786,0.9786286731967943,0.9606643319129944,0.9606643319129944,0.9606643319129944,1123.0,0.267380952835083
local,local,,,2,166,data_4200_4_2.0_chordal_rep02,val_epoch_task,val,cycle5,,57,,,,,,,,,4200,748.0,165.0,3249.0,38.0,0.8192771084337349,0.9516539440203562,0.8805180191993713,0.8805180191993713,0.8805180191993713,786.0,0.18714286386966705
local,local,,,2,166,data_4200_4_2.0_chordal_rep02,val_epoch_task,val,cycle6,,57,,,,,,,,,4200,577.0,490.0,3111.0,22.0,0.5407685098406748,0.9632721202003339,0.6926770806312561,0.6926770806312561,0.6926770806312561,599.0,0.1426190435886383
local,local,,,2,166,data_4200_4_2.0_chordal_rep02,train_epoch,train,,,58,0.1179715898774919,,,,,,,,4200,,,,,,,,,,,
local,local,,,2,166,data_4200_4_2.0_chordal_rep02,val_epoch,val,,,58,,0.13979581878298805,0.9586666666666667,0.8404762148857117,0.9266644136532611,0.9014506340026855,0.9014506340026855,0.9014506340026855,4200,,,,,,,,,,,
local,local,,,2,166,data_4200_4_2.0_chordal_rep02,val_epoch_task,val,cycle2,,58,,,,,,,,,4200,1567.0,15.0,2617.0,1.0,0.9905183312262958,0.9993622448979592,0.9949206113815308,0.9949206113815308,0.9949206113815308,1568.0,0.3733333349227905
local,local,,,2,166,data_4200_4_2.0_chordal_rep02,val_epoch_task,val,cycle3,,58,,,,,,,,,4200,1470.0,17.0,2710.0,3.0,0.9885675857431069,0.9979633401221996,0.9932432770729065,0.9932432770729065,0.9932432770729065,1473.0,0.3507142961025238
local,local,,,2,166,data_4200_4_2.0_chordal_rep02,val_epoch_task,val,cycle4,,58,,,,,,,,,4200,1108.0,98.0,2979.0,15.0,0.9187396351575456,0.9866429207479964,0.951481282711029,0.951481282711029,0.951481282711029,1123.0,0.267380952835083
local,local,,,2,166,data_4200_4_2.0_chordal_rep02,val_epoch_task,val,cycle5,,58,,,,,,,,,4200,771.0,263.0,3151.0,15.0,0.7456479690522244,0.9809160305343512,0.8472527265548706,0.8472527265548706,0.8472527265548706,786.0,0.18714286386966705
local,local,,,2,166,data_4200_4_2.0_chordal_rep02,val_epoch_task,val,cycle6,,58,,,,,,,,,4200,568.0,410.0,3191.0,31.0,0.5807770961145194,0.9482470784641068,0.7203551530838013,0.7203551530838013,0.7203551530838013,599.0,0.1426190435886383
local,local,,,2,166,data_4200_4_2.0_chordal_rep02,train_epoch,train,,,59,0.11745105496474675,,,,,,,,4200,,,,,,,,,,,
local,local,,,2,166,data_4200_4_2.0_chordal_rep02,val_epoch,val,,,59,,0.17371731701351348,0.9406190476190476,0.7811904549598694,0.8984114052953156,0.8724380731582642,0.8724380731582642,0.8724380731582642,4200,,,,,,,,,,,
local,local,,,2,166,data_4200_4_2.0_chordal_rep02,val_epoch_task,val,cycle2,,59,,,,,,,,,4200,1563.0,6.0,2626.0,5.0,0.9961759082217974,0.9968112244897959,0.9964934587478638,0.9964934587478638,0.9964934587478638,1568.0,0.3733333349227905
local,local,,,2,166,data_4200_4_2.0_chordal_rep02,val_epoch_task,val,cycle3,,59,,,,,,,,,4200,1468.0,19.0,2708.0,5.0,0.9872225958305313,0.9966055668703326,0.9918919205665588,0.9918919205665588,0.9918919205665588,1473.0,0.3507142961025238
local,local,,,2,166,data_4200_4_2.0_chordal_rep02,val_epoch_task,val,cycle4,,59,,,,,,,,,4200,1120.0,145.0,2932.0,3.0,0.8853754940711462,0.9973285841495992,0.9380234479904175,0.9380234479904175,0.9380234479904175,1123.0,0.267380952835083
local,local,,,2,166,data_4200_4_2.0_chordal_rep02,val_epoch_task,val,cycle5,,59,,,,,,,,,4200,772.0,368.0,3046.0,14.0,0.6771929824561403,0.9821882951653944,0.801661491394043,0.801661491394043,0.801661491394043,786.0,0.18714286386966705
local,local,,,2,166,data_4200_4_2.0_chordal_rep02,val_epoch_task,val,cycle6,,59,,,,,,,,,4200,591.0,674.0,2927.0,8.0,0.4671936758893281,0.986644407345576,0.6341201663017273,0.6341201663017273,0.6341201663017273,599.0,0.1426190435886383
local,local,,,2,166,data_4200_4_2.0_chordal_rep02,train_epoch,train,,,60,0.11801575107233865,,,,,,,,4200,,,,,,,,,,,
local,local,,,2,166,data_4200_4_2.0_chordal_rep02,val_epoch,val,,,60,,0.14160239651799203,0.9740952380952381,0.8938094973564148,0.9517302573203195,0.9288102388381958,0.9288102388381958,0.9288102388381958,4200,,,,,,,,,,,
local,local,,,2,166,data_4200_4_2.0_chordal_rep02,val_epoch_task,val,cycle2,,60,,,,,,,,,4200,1561.0,7.0,2625.0,7.0,0.9955357142857143,0.9955357142857143,0.9955357313156128,0.9955357313156128,0.9955357313156128,1568.0,0.3733333349227905
local,local,,,2,166,data_4200_4_2.0_chordal_rep02,val_epoch_task,val,cycle3,,60,,,,,,,,,4200,1468.0,15.0,2712.0,5.0,0.9898853674983142,0.9966055668703326,0.9932340979576111,0.9932340979576111,0.9932340979576111,1473.0,0.3507142961025238
local,local,,,2,166,data_4200_4_2.0_chordal_rep02,val_epoch_task,val,cycle4,,60,,,,,,,,,4200,1097.0,32.0,3045.0,26.0,0.9716563330380869,0.9768477292965272,0.9742451310157776,0.9742451310157776,0.9742451310157776,1123.0,0.267380952835083
local,local,,,2,166,data_4200_4_2.0_chordal_rep02,val_epoch_task,val,cycle5,,60,,,,,,,,,4200,718.0,113.0,3301.0,68.0,0.8640192539109507,0.9134860050890585,0.8880643248558044,0.8880643248558044,0.8880643248558044,786.0,0.18714286386966705
local,local,,,2,166,data_4200_4_2.0_chordal_rep02,val_epoch_task,val,cycle6,,60,,,,,,,,,4200,519.0,191.0,3410.0,80.0,0.7309859154929578,0.8664440734557596,0.7929717302322388,0.7929717302322388,0.7929717302322388,599.0,0.1426190435886383
local,local,,,2,166,data_4200_4_2.0_chordal_rep02,train_epoch,train,,,61,0.10604185141268231,,,,,,,,4200,,,,,,,,,,,
local,local,,,2,166,data_4200_4_2.0_chordal_rep02,val_epoch,val,,,61,,0.16483444574333372,0.9739523809523809,0.8959524035453796,0.9513215270979799,0.9251503944396973,0.9251503944396973,0.9251503944396973,4200,,,,,,,,,,,
local,local,,,2,166,data_4200_4_2.0_chordal_rep02,val_epoch_task,val,cycle2,,61,,,,,,,,,4200,1568.0,7.0,2625.0,0.0,0.9955555555555555,1.0,0.9977728128433228,0.9977728128433228,0.9977728128433228,1568.0,0.3733333349227905
local,local,,,2,166,data_4200_4_2.0_chordal_rep02,val_epoch_task,val,cycle3,,61,,,,,,,,,4200,1472.0,11.0,2716.0,1.0,0.9925826028320971,0.9993211133740665,0.9959403872489929,0.9959403872489929,0.9959403872489929,1473.0,0.3507142961025238
local,local,,,2,166,data_4200_4_2.0_chordal_rep02,val_epoch_task,val,cycle4,,61,,,,,,,,,4200,1102.0,46.0,3031.0,21.0,0.9599303135888502,0.981300089047195,0.9704975485801697,0.9704975485801697,0.9704975485801697,1123.0,0.267380952835083
local,local,,,2,166,data_4200_4_2.0_chordal_rep02,val_epoch_task,val,cycle5,,61,,,,,,,,,4200,731.0,131.0,3283.0,55.0,0.8480278422273781,0.9300254452926209,0.887135922908783,0.887135922908783,0.887135922908783,786.0,0.18714286386966705
local,local,,,2,166,data_4200_4_2.0_chordal_rep02,val_epoch_task,val,cycle6,,61,,,,,,,,,4200,472.0,148.0,3453.0,127.0,0.7612903225806451,0.7879799666110183,0.7744052410125732,0.7744052410125732,0.7744052410125732,599.0,0.1426190435886383
local,local,,,2,166,data_4200_4_2.0_chordal_rep02,train_epoch,train,,,62,0.10358976816847211,,,,,,,,4200,,,,,,,,,,,
local,local,,,2,166,data_4200_4_2.0_chordal_rep02,val_epoch,val,,,62,,0.12423457625366392,0.9720952380952381,0.8904761672019958,0.9488209606986899,0.9253724813461304,0.9253724813461304,0.9253724813461304,4200,,,,,,,,,,,
local,local,,,2,166,data_4200_4_2.0_chordal_rep02,val_epoch_task,val,cycle2,,62,,,,,,,,,4200,1567.0,9.0,2623.0,1.0,0.9942893401015228,0.9993622448979592,0.9968193173408508,0.9968193173408508,0.9968193173408508,1568.0,0.3733333349227905
local,local,,,2,166,data_4200_4_2.0_chordal_rep02,val_epoch_task,val,cycle3,,62,,,,,,,,,4200,1473.0,12.0,2715.0,0.0,0.9919191919191919,1.0,0.9959431886672974,0.9959431886672974,0.9959431886672974,1473.0,0.3507142961025238
local,local,,,2,166,data_4200_4_2.0_chordal_rep02,val_epoch_task,val,cycle4,,62,,,,,,,,,4200,1109.0,46.0,3031.0,14.0,0.9601731601731601,0.98753339269813,0.9736611247062683,0.9736611247062683,0.9736611247062683,1123.0,0.267380952835083
local,local,,,2,166,data_4200_4_2.0_chordal_rep02,val_epoch_task,val,cycle5,,62,,,,,,,,,4200,747.0,144.0,3270.0,39.0,0.8383838383838383,0.950381679389313,0.8908765316009521,0.8908765316009521,0.8908765316009521,786.0,0.18714286386966705
local,local,,,2,166,data_4200_4_2.0_chordal_rep02,val_epoch_task,val,cycle6,,62,,,,,,,,,4200,536.0,258.0,3343.0,63.0,0.6750629722921915,0.8948247078464107,0.7695620656013489,0.7695620656013489,0.7695620656013489,599.0,0.1426190435886383
local,local,,,2,166,data_4200_4_2.0_chordal_rep02,train_epoch,train,,,63,0.10187853119203022,,,,,,,,4200,,,,,,,,,,,
local,local,,,2,166,data_4200_4_2.0_chordal_rep02,val_epoch,val,,,63,,0.12416310509045919,0.9614285714285714,0.848809540271759,0.9312510609404177,0.9059690237045288,0.9059690237045288,0.9059690237045288,4200,,,,,,,,,,,
local,local,,,2,166,data_4200_4_2.0_chordal_rep02,val_epoch_task,val,cycle2,,63,,,,,,,,,4200,1567.0,7.0,2625.0,1.0,0.9955527318932655,0.9993622448979592,0.9974538087844849,0.9974538087844849,0.9974538087844849,1568.0,0.3733333349227905
local,local,,,2,166,data_4200_4_2.0_chordal_rep02,val_epoch_task,val,cycle3,,63,,,,,,,,,4200,1472.0,24.0,2703.0,1.0,0.983957219251337,0.9993211133740665,0.9915797114372253,0.9915797114372253,0.9915797114372253,1473.0,0.3507142961025238
local,local,,,2,166,data_4200_4_2.0_chordal_rep02,val_epoch_task,val,cycle4,,63,,,,,,,,,4200,1116.0,81.0,2996.0,7.0,0.9323308270676691,0.993766696349065,0.9620689749717712,0.9620689749717712,0.9620689749717712,1123.0,0.267380952835083
local,local,,,2,166,data_4200_4_2.0_chordal_rep02,val_epoch_task,val,cycle5,,63,,,,,,,,,4200,771.0,256.0,3158.0,15.0,0.750730282375852,0.9809160305343512,0.8505239486694336,0.8505239486694336,0.8505239486694336,786.0,0.18714286386966705
local,local,,,2,166,data_4200_4_2.0_chordal_rep02,val_epoch_task,val,cycle6,,63,,,,,,,,,4200,560.0,379.0,3222.0,39.0,0.5963791267305645,0.9348914858096828,0.7282184362411499,0.7282184362411499,0.7282184362411499,599.0,0.1426190435886383
local,local,,,2,166,data_4200_4_2.0_chordal_rep02,train_epoch,train,,,64,0.10593758218345188,,,,,,,,4200,,,,,,,,,,,
local,local,,,2,166,data_4200_4_2.0_chordal_rep02,val_epoch,val,,,64,,0.1479225387175878,0.97,0.8757143020629883,0.9447659126775382,0.9211389422416687,0.9211389422416687,0.9211389422416687,4200,,,,,,,,,,,
local,local,,,2,166,data_4200_4_2.0_chordal_rep02,val_epoch_task,val,cycle2,,64,,,,,,,,,4200,1567.0,10.0,2622.0,1.0,0.9936588459099556,0.9993622448979592,0.9965023994445801,0.9965023994445801,0.9965023994445801,1568.0,0.3733333349227905
local,local,,,2,166,data_4200_4_2.0_chordal_rep02,val_epoch_task,val,cycle3,,64,,,,,,,,,4200,1471.0,15.0,2712.0,2.0,0.9899057873485868,0.9986422267481331,0.9942547678947449,0.9942547678947449,0.9942547678947449,1473.0,0.3507142961025238
local,local,,,2,166,data_4200_4_2.0_chordal_rep02,val_epoch_task,val,cycle4,,64,,,,,,,,,4200,1085.0,18.0,3059.0,38.0,0.9836808703535811,0.9661620658949243,0.9748427271842957,0.9748427271842957,0.9748427271842957,1123.0,0.267380952835083
local,local,,,2,166,data_4200_4_2.0_chordal_rep02,val_epoch_task,val,cycle5,,64,,,,,,,,,4200,705.0,108.0,3306.0,81.0,0.8671586715867159,0.8969465648854962,0.8818011283874512,0.8818011283874512,0.8818011283874512,786.0,0.18714286386966705
local,local,,,2,166,data_4200_4_2.0_chordal_rep02,val_epoch_task,val,cycle6,,64,,,,,,,,,4200,560.0,318.0,3283.0,39.0,0.6378132118451025,0.9348914858096828,0.7582938075065613,0.7582938075065613,0.7582938075065613,599.0,0.1426190435886383
local,local,,,2,166,data_4200_4_2.0_chordal_rep02,train_epoch,train,,,65,0.10970326156843277,,,,,,,,4200,,,,,,,,,,,
local,local,,,2,166,data_4200_4_2.0_chordal_rep02,val_epoch,val,,,65,,0.13751595104024525,0.9564761904761905,0.8321428298950195,0.9230898687310669,0.8976973295211792,0.8976973295211792,0.8976973295211792,4200,,,,,,,,,,,
local,local,,,2,166,data_4200_4_2.0_chordal_rep02,val_epoch_task,val,cycle2,,65,,,,,,,,,4200,1563.0,16.0,2616.0,5.0,0.9898670044331855,0.9968112244897959,0.9933269619941711,0.9933269619941711,0.9933269619941711,1568.0,0.3733333349227905
local,local,,,2,166,data_4200_4_2.0_chordal_rep02,val_epoch_task,val,cycle3,,65,,,,,,,,,4200,1473.0,20.0,2707.0,0.0,0.9866041527126591,1.0,0.9932568669319153,0.9932568669319153,0.9932568669319153,1473.0,0.3507142961025238
local,local,,,2,166,data_4200_4_2.0_chordal_rep02,val_epoch_task,val,cycle4,,65,,,,,,,,,4200,1104.0,69.0,3008.0,19.0,0.9411764705882353,0.9830810329474622,0.9616724848747253,0.9616724848747253,0.9616724848747253,1123.0,0.267380952835083
local,local,,,2,166,data_4200_4_2.0_chordal_rep02,val_epoch_task,val,cycle5,,65,,,,,,,,,4200,772.0,276.0,3138.0,14.0,0.7366412213740458,0.9821882951653944,0.8418756723403931,0.8418756723403931,0.8418756723403931,786.0,0.18714286386966705
local,local,,,2,166,data_4200_4_2.0_chordal_rep02,val_epoch_task,val,cycle6,,65,,,,,,,,,4200,573.0,469.0,3132.0,26.0,0.5499040307101728,0.9565943238731218,0.6983547210693359,0.6983547210693359,0.6983547210693359,599.0,0.1426190435886383
local,local,,,2,166,data_4200_4_2.0_chordal_rep02,train_epoch,train,,,66,0.10518067101637522,,,,,,,,4200,,,,,,,,,,,
local,local,,,2,166,data_4200_4_2.0_chordal_rep02,val_epoch,val,,,66,,0.13068411120346615,0.9696190476190476,0.875,0.944608438965098,0.9203399419784546,0.9203399419784546,0.9203399419784546,4200,,,,,,,,,,,
local,local,,,2,166,data_4200_4_2.0_chordal_rep02,val_epoch_task,val,cycle2,,66,,,,,,,,,4200,1568.0,4.0,2628.0,0.0,0.9974554707379135,1.0,0.9987261295318604,0.9987261295318604,0.9987261295318604,1568.0,0.3733333349227905
local,local,,,2,166,data_4200_4_2.0_chordal_rep02,val_epoch_task,val,cycle3,,66,,,,,,,,,4200,1470.0,20.0,2707.0,3.0,0.9865771812080537,0.9979633401221996,0.9922376275062561,0.9922376275062561,0.9922376275062561,1473.0,0.3507142961025238
local,local,,,2,166,data_4200_4_2.0_chordal_rep02,val_epoch_task,val,cycle4,,66,,,,,,,,,4200,1119.0,78.0,2999.0,4.0,0.9348370927318296,0.9964381121994658,0.9646552205085754,0.9646552205085754,0.9646552205085754,1123.0,0.267380952835083
local,local,,,2,166,data_4200_4_2.0_chordal_rep02,val_epoch_task,val,cycle5,,66,,,,,,,,,4200,768.0,225.0,3189.0,18.0,0.7734138972809668,0.9770992366412213,0.8634064197540283,0.8634064197540283,0.8634064197540283,786.0,0.18714286386966705
local,local,,,2,166,data_4200_4_2.0_chordal_rep02,val_epoch_task,val,cycle6,,66,,,,,,,,,4200,515.0,202.0,3399.0,84.0,0.7182705718270572,0.8597662771285476,0.7826747894287109,0.7826747894287109,0.7826747894287109,599.0,0.1426190435886383
local,local,,,2,166,data_4200_4_2.0_chordal_rep02,train_epoch,train,,,67,0.09816377716405052,,,,,,,,4200,,,,,,,,,,,
local,local,,,2,166,data_4200_4_2.0_chordal_rep02,val_epoch,val,,,67,,0.14105777862526123,0.9583333333333334,0.8426190614700317,0.9260292501479416,0.8998124003410339,0.8998124003410339,0.8998124003410339,4200,,,,,,,,,,,
local,local,,,2,166,data_4200_4_2.0_chordal_rep02,val_epoch_task,val,cycle2,,67,,,,,,,,,4200,1568.0,14.0,2618.0,0.0,0.9911504424778761,1.0,0.995555579662323,0.995555579662323,0.995555579662323,1568.0,0.3733333349227905
local,local,,,2,166,data_4200_4_2.0_chordal_rep02,val_epoch_task,val,cycle3,,67,,,,,,,,,4200,1472.0,19.0,2708.0,1.0,0.9872568745808182,0.9993211133740665,0.9932523369789124,0.9932523369789124,0.9932523369789124,1473.0,0.3507142961025238
local,local,,,2,166,data_4200_4_2.0_chordal_rep02,val_epoch_task,val,cycle4,,67,,,,,,,,,4200,1111.0,72.0,3005.0,12.0,0.9391377852916315,0.9893143365983972,0.9635732769966125,0.9635732769966125,0.9635732769966125,1123.0,0.267380952835083
local,local,,,2,166,data_4200_4_2.0_chordal_rep02,val_epoch_task,val,cycle5,,67,,,,,,,,,4200,770.0,330.0,3084.0,16.0,0.7,0.9796437659033079,0.81654292345047,0.81654292345047,0.81654292345047,786.0,0.18714286386966705
local,local,,,2,166,data_4200_4_2.0_chordal_rep02,val_epoch_task,val,cycle6,,67,,,,,,,,,4200,556.0,368.0,3233.0,43.0,0.6017316017316018,0.9282136894824707,0.730137825012207,0.730137825012207,0.730137825012207,599.0,0.1426190435886383
local,local,,,2,166,data_4200_4_2.0_chordal_rep02,train_epoch,train,,,68,0.11223224111965724,,,,,,,,4200,,,,,,,,,,,
local,local,,,2,166,data_4200_4_2.0_chordal_rep02,val_epoch,val,,,68,,0.13675132395256134,0.9573333333333334,0.8349999785423279,0.9245410139801247,0.8986412882804871,0.8986412882804871,0.8986412882804871,4200,,,,,,,,,,,
local,local,,,2,166,data_4200_4_2.0_chordal_rep02,val_epoch_task,val,cycle2,,68,,,,,,,,,4200,1562.0,6.0,2626.0,6.0,0.9961734693877551,0.9961734693877551,0.9961734414100647,0.9961734414100647,0.9961734414100647,1568.0,0.3733333349227905
local,local,,,2,166,data_4200_4_2.0_chordal_rep02,val_epoch_task,val,cycle3,,68,,,,,,,,,4200,1473.0,17.0,2710.0,0.0,0.9885906040268456,1.0,0.9942625761032104,0.9942625761032104,0.9942625761032104,1473.0,0.3507142961025238
local,local,,,2,166,data_4200_4_2.0_chordal_rep02,val_epoch_task,val,cycle4,,68,,,,,,,,,4200,1112.0,83.0,2994.0,11.0,0.9305439330543933,0.9902048085485308,0.9594478607177734,0.9594478607177734,0.9594478607177734,1123.0,0.267380952835083
local,local,,,2,166,data_4200_4_2.0_chordal_rep02,val_epoch_task,val,cycle5,,68,,,,,,,,,4200,776.0,289.0,3125.0,10.0,0.7286384976525822,0.9872773536895675,0.8384656310081482,0.8384656310081482,0.8384656310081482,786.0,0.18714286386966705
local,local,,,2,166,data_4200_4_2.0_chordal_rep02,val_epoch_task,val,cycle6,,68,,,,,,,,,4200,566.0,441.0,3160.0,33.0,0.5620655412115194,0.9449081803005008,0.704856812953949,0.704856812953949,0.704856812953949,599.0,0.1426190435886383
local,local,,,2,166,data_4200_4_2.0_chordal_rep02,train_epoch,train,,,69,0.10315060223851885,,,,,,,,4200,,,,,,,,,,,
local,local,,,2,166,data_4200_4_2.0_chordal_rep02,val_epoch,val,,,69,,0.1321725656872704,0.9637619047619047,0.8600000143051147,0.9350072593731319,0.9104055166244507,0.9104055166244507,0.9104055166244507,4200,,,,,,,,,,,
local,local,,,2,166,data_4200_4_2.0_chordal_rep02,val_epoch_task,val,cycle2,,69,,,,,,,,,4200,1568.0,19.0,2613.0,0.0,0.9880277252678009,1.0,0.9939777851104736,0.9939777851104736,0.9939777851104736,1568.0,0.3733333349227905
local,local,,,2,166,data_4200_4_2.0_chordal_rep02,val_epoch_task,val,cycle3,,69,,,,,,,,,4200,1472.0,19.0,2708.0,1.0,0.9872568745808182,0.9993211133740665,0.9932523369789124,0.9932523369789124,0.9932523369789124,1473.0,0.3507142961025238
local,local,,,2,166,data_4200_4_2.0_chordal_rep02,val_epoch_task,val,cycle4,,69,,,,,,,,,4200,1114.0,58.0,3019.0,9.0,0.9505119453924915,0.9919857524487978,0.9708060622215271,0.9708060622215271,0.9708060622215271,1123.0,0.267380952835083
local,local,,,2,166,data_4200_4_2.0_chordal_rep02,val_epoch_task,val,cycle5,,69,,,,,,,,,4200,758.0,199.0,3215.0,28.0,0.7920585161964472,0.9643765903307888,0.8697647452354431,0.8697647452354431,0.8697647452354431,786.0,0.18714286386966705
local,local,,,2,166,data_4200_4_2.0_chordal_rep02,val_epoch_task,val,cycle6,,69,,,,,,,,,4200,562.0,391.0,3210.0,37.0,0.5897166841552991,0.9382303839732888,0.7242268323898315,0.7242268323898315,0.7242268323898315,599.0,0.1426190435886383
local,local,,,2,166,data_4200_4_2.0_chordal_rep02,train_epoch,train,,,70,0.10505244060641243,,,,,,,,4200,,,,,,,,,,,
local,local,,,2,166,data_4200_4_2.0_chordal_rep02,val_epoch,val,,,70,,0.13544521250895092,0.9617142857142857,0.8585714101791382,0.9315511663545037,0.9057552218437195,0.9057552218437195,0.9057552218437195,4200,,,,,,,,,,,
local,local,,,2,166,data_4200_4_2.0_chordal_rep02,val_epoch_task,val,cycle2,,70,,,,,,,,,4200,1567.0,11.0,2621.0,1.0,0.9930291508238276,0.9993622448979592,0.9961857199668884,0.9961857199668884,0.9961857199668884,1568.0,0.3733333349227905
local,local,,,2,166,data_4200_4_2.0_chordal_rep02,val_epoch_task,val,cycle3,,70,,,,,,,,,4200,1469.0,11.0,2716.0,4.0,0.9925675675675676,0.9972844534962662,0.9949204921722412,0.9949204921722412,0.9949204921722412,1473.0,0.3507142961025238
local,local,,,2,166,data_4200_4_2.0_chordal_rep02,val_epoch_task,val,cycle4,,70,,,,,,,,,4200,1109.0,57.0,3020.0,14.0,0.951114922813036,0.98753339269813,0.9689821004867554,0.9689821004867554,0.9689821004867554,1123.0,0.267380952835083
local,local,,,2,166,data_4200_4_2.0_chordal_rep02,val_epoch_task,val,cycle5,,70,,,,,,,,,4200,773.0,275.0,3139.0,13.0,0.7375954198473282,0.9834605597964376,0.8429662585258484,0.8429662585258484,0.8429662585258484,786.0,0.18714286386966705
local,local,,,2,166,data_4200_4_2.0_chordal_rep02,val_epoch_task,val,cycle6,,70,,,,,,,,,4200,553.0,372.0,3229.0,46.0,0.5978378378378378,0.9232053422370617,0.7257217764854431,0.7257217764854431,0.7257217764854431,599.0,0.1426190435886383
local,local,,,2,166,data_4200_4_2.0_chordal_rep02,train_epoch,train,,,71,0.10444265765803201,,,,,,,,4200,,,,,,,,,,,
local,local,,,2,166,data_4200_4_2.0_chordal_rep02,val_epoch,val,,,71,,0.14134737341176895,0.9608095238095238,0.8438095450401306,0.9300229572315278,0.9063689112663269,0.9063689112663269,0.9063689112663269,4200,,,,,,,,,,,
local,local,,,2,166,data_4200_4_2.0_chordal_rep02,val_epoch_task,val,cycle2,,71,,,,,,,,,4200,1556.0,7.0,2625.0,12.0,0.9955214331413947,0.9923469387755102,0.9939316511154175,0.9939316511154175,0.9939316511154175,1568.0,0.3733333349227905
local,local,,,2,166,data_4200_4_2.0_chordal_rep02,val_epoch_task,val,cycle3,,71,,,,,,,,,4200,1472.0,22.0,2705.0,1.0,0.9852744310575636,0.9993211133740665,0.9922480583190918,0.9922480583190918,0.9922480583190918,1473.0,0.3507142961025238
local,local,,,2,166,data_4200_4_2.0_chordal_rep02,val_epoch_task,val,cycle4,,71,,,,,,,,,4200,1117.0,175.0,2902.0,6.0,0.8645510835913313,0.9946571682991986,0.925051748752594,0.925051748752594,0.925051748752594,1123.0,0.267380952835083
local,local,,,2,166,data_4200_4_2.0_chordal_rep02,val_epoch_task,val,cycle5,,71,,,,,,,,,4200,778.0,269.0,3145.0,8.0,0.7430754536771729,0.989821882951654,0.8488816022872925,0.8488816022872925,0.8488816022872925,786.0,0.18714286386966705
local,local,,,2,166,data_4200_4_2.0_chordal_rep02,val_epoch_task,val,cycle6,,71,,,,,,,,,4200,546.0,270.0,3331.0,53.0,0.6691176470588235,0.9115191986644408,0.771731436252594,0.771731436252594,0.771731436252594,599.0,0.1426190435886383
local,local,,,2,166,data_4200_4_2.0_chordal_rep02,train_epoch,train,,,72,0.10625312627071426,,,,,,,,4200,,,,,,,,,,,
local,local,,,2,166,data_4200_4_2.0_chordal_rep02,val_epoch,val,,,72,,0.13243880670695077,0.9744285714285714,0.8964285850524902,0.9526413263956257,0.9307999610900879,0.9307999610900879,0.9307999610900879,4200,,,,,,,,,,,
local,local,,,2,166,data_4200_4_2.0_chordal_rep02,val_epoch_task,val,cycle2,,72,,,,,,,,,4200,1568.0,10.0,2622.0,0.0,0.9936628643852978,1.0,0.996821403503418,0.996821403503418,0.996821403503418,1568.0,0.3733333349227905
local,local,,,2,166,data_4200_4_2.0_chordal_rep02,val_epoch_task,val,cycle3,,72,,,,,,,,,4200,1472.0,19.0,2708.0,1.0,0.9872568745808182,0.9993211133740665,0.9932523369789124,0.9932523369789124,0.9932523369789124,1473.0,0.3507142961025238
local,local,,,2,166,data_4200_4_2.0_chordal_rep02,val_epoch_task,val,cycle4,,72,,,,,,,,,4200,1089.0,34.0,3043.0,34.0,0.9697239536954586,0.9697239536954586,0.9697239398956299,0.9697239398956299,0.9697239398956299,1123.0,0.267380952835083
local,local,,,2,166,data_4200_4_2.0_chordal_rep02,val_epoch_task,val,cycle5,,72,,,,,,,,,4200,765.0,183.0,3231.0,21.0,0.8069620253164557,0.9732824427480916,0.8823529481887817,0.8823529481887817,0.8823529481887817,786.0,0.18714286386966705
local,local,,,2,166,data_4200_4_2.0_chordal_rep02,val_epoch_task,val,cycle6,,72,,,,,,,,,4200,507.0,143.0,3458.0,92.0,0.78,0.8464106844741235,0.8118494153022766,0.8118494153022766,0.8118494153022766,599.0,0.1426190435886383
local,local,,,2,166,data_4200_4_2.0_chordal_rep02,train_epoch,train,,,73,0.10705444702080318,,,,,,,,4200,,,,,,,,,,,
local,local,,,2,166,data_4200_4_2.0_chordal_rep02,val_epoch,val,,,73,,0.1417027580454236,0.9622857142857143,0.8530952334403992,0.9324347380993004,0.9080193638801575,0.9080193638801575,0.9080193638801575,4200,,,,,,,,,,,
local,local,,,2,166,data_4200_4_2.0_chordal_rep02,val_epoch_task,val,cycle2,,73,,,,,,,,,4200,1568.0,12.0,2620.0,0.0,0.9924050632911392,1.0,0.9961880445480347,0.9961880445480347,0.9961880445480347,1568.0,0.3733333349227905
local,local,,,2,166,data_4200_4_2.0_chordal_rep02,val_epoch_task,val,cycle3,,73,,,,,,,,,4200,1471.0,21.0,2706.0,2.0,0.9859249329758714,0.9986422267481331,0.9922428727149963,0.9922428727149963,0.9922428727149963,1473.0,0.3507142961025238
local,local,,,2,166,data_4200_4_2.0_chordal_rep02,val_epoch_task,val,cycle4,,73,,,,,,,,,4200,1090.0,36.0,3041.0,33.0,0.9680284191829485,0.9706144256455922,0.9693197011947632,0.9693197011947632,0.9693197011947632,1123.0,0.267380952835083
local,local,,,2,166,data_4200_4_2.0_chordal_rep02,val_epoch_task,val,cycle5,,73,,,,,,,,,4200,768.0,214.0,3200.0,18.0,0.7820773930753564,0.9770992366412213,0.8687782287597656,0.8687782287597656,0.8687782287597656,786.0,0.18714286386966705
local,local,,,2,166,data_4200_4_2.0_chordal_rep02,val_epoch_task,val,cycle6,,73,,,,,,,,,4200,568.0,425.0,3176.0,31.0,0.5720040281973817,0.9482470784641068,0.713567852973938,0.713567852973938,0.713567852973938,599.0,0.1426190435886383
local,local,,,2,166,data_4200_4_2.0_chordal_rep02,train_epoch,train,,,74,0.10241011278969901,,,,,,,,4200,,,,,,,,,,,
local,local,,,2,166,data_4200_4_2.0_chordal_rep02,val_epoch,val,,,74,,0.12443237152837572,0.9728571428571429,0.8895238041877747,0.9500087703911594,0.9276992082595825,0.9276992082595825,0.9276992082595825,4200,,,,,,,,,,,
local,local,,,2,166,data_4200_4_2.0_chordal_rep02,val_epoch_task,val,cycle2,,74,,,,,,,,,4200,1565.0,12.0,2620.0,3.0,0.9923906150919467,0.9980867346938775,0.9952305555343628,0.9952305555343628,0.9952305555343628,1568.0,0.3733333349227905
local,local,,,2,166,data_4200_4_2.0_chordal_rep02,val_epoch_task,val,cycle3,,74,,,,,,,,,4200,1473.0,14.0,2713.0,0.0,0.9905850706119704,1.0,0.9952702522277832,0.9952702522277832,0.9952702522277832,1473.0,0.3507142961025238
local,local,,,2,166,data_4200_4_2.0_chordal_rep02,val_epoch_task,val,cycle4,,74,,,,,,,,,4200,1093.0,31.0,3046.0,30.0,0.9724199288256228,0.9732858414959928,0.9728527069091797,0.9728527069091797,0.9728527069091797,1123.0,0.267380952835083
local,local,,,2,166,data_4200_4_2.0_chordal_rep02,val_epoch_task,val,cycle5,,74,,,,,,,,,4200,747.0,156.0,3258.0,39.0,0.8272425249169435,0.950381679389313,0.8845470547676086,0.8845470547676086,0.8845470547676086,786.0,0.18714286386966705
local,local,,,2,166,data_4200_4_2.0_chordal_rep02,val_epoch_task,val,cycle6,,74,,,,,,,,,4200,538.0,224.0,3377.0,61.0,0.7060367454068242,0.8981636060100167,0.7905951142311096,0.7905951142311096,0.7905951142311096,599.0,0.1426190435886383
local,local,,,2,166,data_4200_4_2.0_chordal_rep02,train_epoch,train,,,75,0.10579850818429674,,,,,,,,4200,,,,,,,,,,,
local,local,,,2,166,data_4200_4_2.0_chordal_rep02,val_epoch,val,,,75,,0.11947588886533465,0.9711904761904762,0.8857142925262451,0.9473958786192506,0.9244192242622375,0.9244192242622375,0.9244192242622375,4200,,,,,,,,,,,
local,local,,,2,166,data_4200_4_2.0_chordal_rep02,val_epoch_task,val,cycle2,,75,,,,,,,,,4200,1567.0,9.0,2623.0,1.0,0.9942893401015228,0.9993622448979592,0.9968193173408508,0.9968193173408508,0.9968193173408508,1568.0,0.3733333349227905
local,local,,,2,166,data_4200_4_2.0_chordal_rep02,val_epoch_task,val,cycle3,,75,,,,,,,,,4200,1468.0,12.0,2715.0,5.0,0.9918918918918919,0.9966055668703326,0.9942432045936584,0.9942432045936584,0.9942432045936584,1473.0,0.3507142961025238
local,local,,,2,166,data_4200_4_2.0_chordal_rep02,val_epoch_task,val,cycle4,,75,,,,,,,,,4200,1116.0,63.0,3014.0,7.0,0.9465648854961832,0.993766696349065,0.9695916771888733,0.9695916771888733,0.9695916771888733,1123.0,0.267380952835083
local,local,,,2,166,data_4200_4_2.0_chordal_rep02,val_epoch_task,val,cycle5,,75,,,,,,,,,4200,766.0,204.0,3210.0,20.0,0.7896907216494845,0.9745547073791349,0.8724372982978821,0.8724372982978821,0.8724372982978821,786.0,0.18714286386966705
local,local,,,2,166,data_4200_4_2.0_chordal_rep02,val_epoch_task,val,cycle6,,75,,,,,,,,,4200,531.0,216.0,3385.0,68.0,0.7108433734939759,0.8864774624373957,0.7890044450759888,0.7890044450759888,0.7890044450759888,599.0,0.1426190435886383
local,local,,,2,166,data_4200_4_2.0_chordal_rep02,train_epoch,train,,,76,0.10604599731309074,,,,,,,,4200,,,,,,,,,,,
local,local,,,2,166,data_4200_4_2.0_chordal_rep02,val_epoch,val,,,76,,0.1387794979697182,0.9743333333333334,0.8971428275108337,0.952245946664304,0.930679440498352,0.930679440498352,0.930679440498352,4200,,,,,,,,,,,
local,local,,,2,166,data_4200_4_2.0_chordal_rep02,val_epoch_task,val,cycle2,,76,,,,,,,,,4200,1568.0,8.0,2624.0,0.0,0.9949238578680203,1.0,0.9974554777145386,0.9974554777145386,0.9974554777145386,1568.0,0.3733333349227905
local,local,,,2,166,data_4200_4_2.0_chordal_rep02,val_epoch_task,val,cycle3,,76,,,,,,,,,4200,1466.0,20.0,2707.0,7.0,0.9865410497981157,0.9952477936184657,0.990875244140625,0.990875244140625,0.990875244140625,1473.0,0.3507142961025238
local,local,,,2,166,data_4200_4_2.0_chordal_rep02,val_epoch_task,val,cycle4,,76,,,,,,,,,4200,1096.0,46.0,3031.0,27.0,0.9597197898423818,0.9759572573463936,0.9677704572677612,0.9677704572677612,0.9677704572677612,1123.0,0.267380952835083
local,local,,,2,166,data_4200_4_2.0_chordal_rep02,val_epoch_task,val,cycle5,,76,,,,,,,,,4200,707.0,94.0,3320.0,79.0,0.8826466916354557,0.8994910941475827,0.8909892439842224,0.8909892439842224,0.8909892439842224,786.0,0.18714286386966705
local,local,,,2,166,data_4200_4_2.0_chordal_rep02,val_epoch_task,val,cycle6,,76,,,,,,,,,4200,537.0,196.0,3405.0,62.0,0.732605729877217,0.8964941569282137,0.8063063621520996,0.8063063621520996,0.8063063621520996,599.0,0.1426190435886383
local,local,,,2,166,data_4200_4_2.0_chordal_rep02,train_epoch,train,,,77,0.09791822674018996,,,,,,,,4200,,,,,,,,,,,
local,local,,,2,166,data_4200_4_2.0_chordal_rep02,val_epoch,val,,,77,,0.1706920020778974,0.977,0.904285728931427,0.956427604871448,0.9331533312797546,0.9331533312797546,0.9331533312797546,4200,,,,,,,,,,,
local,local,,,2,166,data_4200_4_2.0_chordal_rep02,val_epoch_task,val,cycle2,,77,,,,,,,,,4200,1568.0,8.0,2624.0,0.0,0.9949238578680203,1.0,0.9974554777145386,0.9974554777145386,0.9974554777145386,1568.0,0.3733333349227905
local,local,,,2,166,data_4200_4_2.0_chordal_rep02,val_epoch_task,val,cycle3,,77,,,,,,,,,4200,1461.0,15.0,2712.0,12.0,0.9898373983739838,0.9918533604887984,0.9908443689346313,0.9908443689346313,0.9908443689346313,1473.0,0.3507142961025238
local,local,,,2,166,data_4200_4_2.0_chordal_rep02,val_epoch_task,val,cycle4,,77,,,,,,,,,4200,1105.0,42.0,3035.0,18.0,0.963382737576286,0.9839715048975958,0.9735682606697083,0.9735682606697083,0.9735682606697083,1123.0,0.267380952835083
local,local,,,2,166,data_4200_4_2.0_chordal_rep02,val_epoch_task,val,cycle5,,77,,,,,,,,,4200,684.0,53.0,3361.0,102.0,0.9280868385345997,0.8702290076335878,0.8982272148132324,0.8982272148132324,0.8982272148132324,786.0,0.18714286386966705
local,local,,,2,166,data_4200_4_2.0_chordal_rep02,val_epoch_task,val,cycle6,,77,,,,,,,,,4200,483.0,117.0,3484.0,116.0,0.805,0.8063439065108514,0.8056714534759521,0.8056714534759521,0.8056714534759521,599.0,0.1426190435886383
local,local,,,2,166,data_4200_4_2.0_chordal_rep02,train_epoch,train,,,78,0.0935446455790883,,,,,,,,4200,,,,,,,,,,,
local,local,,,2,166,data_4200_4_2.0_chordal_rep02,val_epoch,val,,,78,,0.11916524540810358,0.965952380952381,0.8700000047683716,0.9387894872014382,0.9159045219421387,0.9159045219421387,0.9159045219421387,4200,,,,,,,,,,,
local,local,,,2,166,data_4200_4_2.0_chordal_rep02,val_epoch_task,val,cycle2,,78,,,,,,,,,4200,1568.0,11.0,2621.0,0.0,0.9930335655478151,1.0,0.9965046048164368,0.9965046048164368,0.9965046048164368,1568.0,0.3733333349227905
local,local,,,2,166,data_4200_4_2.0_chordal_rep02,val_epoch_task,val,cycle3,,78,,,,,,,,,4200,1469.0,22.0,2705.0,4.0,0.9852448021462106,0.9972844534962662,0.9912280440330505,0.9912280440330505,0.9912280440330505,1473.0,0.3507142961025238
local,local,,,2,166,data_4200_4_2.0_chordal_rep02,val_epoch_task,val,cycle4,,78,,,,,,,,,4200,1114.0,75.0,3002.0,9.0,0.9369217830109335,0.9919857524487978,0.9636678099632263,0.9636678099632263,0.9636678099632263,1123.0,0.267380952835083
local,local,,,2,166,data_4200_4_2.0_chordal_rep02,val_epoch_task,val,cycle5,,78,,,,,,,,,4200,761.0,156.0,3258.0,25.0,0.8298800436205016,0.9681933842239185,0.8937169313430786,0.8937169313430786,0.8937169313430786,786.0,0.18714286386966705
local,local,,,2,166,data_4200_4_2.0_chordal_rep02,val_epoch_task,val,cycle6,,78,,,,,,,,,4200,571.0,385.0,3216.0,28.0,0.5972803347280334,0.9532554257095158,0.7344051003456116,0.7344051003456116,0.7344051003456116,599.0,0.1426190435886383
local,local,,,2,166,data_4200_4_2.0_chordal_rep02,train_epoch,train,,,79,0.09608560079619997,,,,,,,,4200,,,,,,,,,,,
local,local,,,2,166,data_4200_4_2.0_chordal_rep02,val_epoch,val,,,79,,0.12448808366344088,0.9621428571428572,0.8535714149475098,0.9324037071677579,0.9080815315246582,0.9080815315246582,0.9080815315246582,4200,,,,,,,,,,,
local,local,,,2,166,data_4200_4_2.0_chordal_rep02,val_epoch_task,val,cycle2,,79,,,,,,,,,4200,1565.0,15.0,2617.0,3.0,0.990506329113924,0.9980867346938775,0.9942821264266968,0.9942821264266968,0.9942821264266968,1568.0,0.3733333349227905
local,local,,,2,166,data_4200_4_2.0_chordal_rep02,val_epoch_task,val,cycle3,,79,,,,,,,,,4200,1473.0,19.0,2708.0,0.0,0.9872654155495979,1.0,0.9935919046401978,0.9935919046401978,0.9935919046401978,1473.0,0.3507142961025238
local,local,,,2,166,data_4200_4_2.0_chordal_rep02,val_epoch_task,val,cycle4,,79,,,,,,,,,4200,1108.0,76.0,3001.0,15.0,0.9358108108108109,0.9866429207479964,0.960554838180542,0.960554838180542,0.960554838180542,1123.0,0.267380952835083
local,local,,,2,166,data_4200_4_2.0_chordal_rep02,val_epoch_task,val,cycle5,,79,,,,,,,,,4200,768.0,224.0,3190.0,18.0,0.7741935483870968,0.9770992366412213,0.8638920187950134,0.8638920187950134,0.8638920187950134,786.0,0.18714286386966705
local,local,,,2,166,data_4200_4_2.0_chordal_rep02,val_epoch_task,val,cycle6,,79,,,,,,,,,4200,569.0,395.0,3206.0,30.0,0.5902489626556017,0.9499165275459098,0.7280870676040649,0.7280870676040649,0.7280870676040649,599.0,0.1426190435886383
local,local,,,2,166,data_4200_4_2.0_chordal_rep02,train_epoch,train,,,80,0.09874487133253189,,,,,,,,4200,,,,,,,,,,,
local,local,,,2,166,data_4200_4_2.0_chordal_rep02,val_epoch,val,,,80,,0.110709090644405,0.9735238095238096,0.8904761672019958,0.9515595051402684,0.9307495355606079,0.9307495355606079,0.9307495355606079,4200,,,,,,,,,,,
local,local,,,2,166,data_4200_4_2.0_chordal_rep02,val_epoch_task,val,cycle2,,80,,,,,,,,,4200,1568.0,10.0,2622.0,0.0,0.9936628643852978,1.0,0.996821403503418,0.996821403503418,0.996821403503418,1568.0,0.3733333349227905
local,local,,,2,166,data_4200_4_2.0_chordal_rep02,val_epoch_task,val,cycle3,,80,,,,,,,,,4200,1470.0,18.0,2709.0,3.0,0.9879032258064516,0.9979633401221996,0.9929078221321106,0.9929078221321106,0.9929078221321106,1473.0,0.3507142961025238
local,local,,,2,166,data_4200_4_2.0_chordal_rep02,val_epoch_task,val,cycle4,,80,,,,,,,,,4200,1110.0,41.0,3036.0,13.0,0.9643788010425717,0.9884238646482636,0.9762532711029053,0.9762532711029053,0.9762532711029053,1123.0,0.267380952835083
local,local,,,2,166,data_4200_4_2.0_chordal_rep02,val_epoch_task,val,cycle5,,80,,,,,,,,,4200,753.0,164.0,3250.0,33.0,0.8211559432933478,0.9580152671755725,0.8843217492103577,0.8843217492103577,0.8843217492103577,786.0,0.18714286386966705
local,local,,,2,166,data_4200_4_2.0_chordal_rep02,val_epoch_task,val,cycle6,,80,,,,,,,,,4200,560.0,235.0,3366.0,39.0,0.7044025157232704,0.9348914858096828,0.8034433722496033,0.8034433722496033,0.8034433722496033,599.0,0.1426190435886383
local,local,,,2,166,data_4200_4_2.0_chordal_rep02,best_local_train,train,,,80,,0.07355725492749896,0.9830476190476191,0.9307143092155457,0.9677536231884057,0.9577999114990234,0.9577999114990234,0.9577999114990234,4200,,,,,,,,,,,
local,local,,,2,166,data_4200_4_2.0_chordal_rep02,best_local_train_task,train,cycle2,,80,,,,,,,,,4200,1492.0,9.0,2699.0,0.0,0.9940039973351099,1.0,0.9969930052757263,0.9969930052757263,0.9969930052757263,1492.0,0.3552381098270416
local,local,,,2,166,data_4200_4_2.0_chordal_rep02,best_local_train_task,train,cycle3,,80,,,,,,,,,4200,1328.0,19.0,2849.0,4.0,0.985894580549369,0.996996996996997,0.9914147257804871,0.9914147257804871,0.9914147257804871,1332.0,0.3171428442001343
local,local,,,2,166,data_4200_4_2.0_chordal_rep02,best_local_train_task,train,cycle4,,80,,,,,,,,,4200,1072.0,36.0,3080.0,12.0,0.9675090252707581,0.988929889298893,0.9781021475791931,0.9781021475791931,0.9781021475791931,1084.0,0.25809523463249207
local,local,,,2,166,data_4200_4_2.0_chordal_rep02,best_local_train_task,train,cycle5,,80,,,,,,,,,4200,798.0,91.0,3294.0,17.0,0.8976377952755905,0.9791411042944785,0.936619758605957,0.936619758605957,0.936619758605957,815.0,0.19404761493206024
local,local,,,2,166,data_4200_4_2.0_chordal_rep02,best_local_train_task,train,cycle6,,80,,,,,,,,,4200,652.0,150.0,3380.0,18.0,0.8129675810473815,0.9731343283582089,0.885869562625885,0.885869562625885,0.885869562625885,670.0,0.15952381491661072
local,local,,,2,166,data_4200_4_2.0_chordal_rep02,best_local_val,val,,,80,,0.12599627291872387,0.9703333333333334,0.8830952644348145,0.9458684507776522,0.9235448837280273,0.9235448837280273,0.9235448837280273,4200,,,,,,,,,,,
local,local,,,2,166,data_4200_4_2.0_chordal_rep02,best_local_val_task,val,cycle2,,80,,,,,,,,,4200,1567.0,21.0,2611.0,1.0,0.9867758186397985,0.9993622448979592,0.9930290579795837,0.9930290579795837,0.9930290579795837,1568.0,0.3733333349227905
local,local,,,2,166,data_4200_4_2.0_chordal_rep02,best_local_val_task,val,cycle3,,80,,,,,,,,,4200,1471.0,17.0,2710.0,2.0,0.9885752688172043,0.9986422267481331,0.9935832619667053,0.9935832619667053,0.9935832619667053,1473.0,0.3507142961025238
local,local,,,2,166,data_4200_4_2.0_chordal_rep02,best_local_val_task,val,cycle4,,80,,,,,,,,,4200,1106.0,53.0,3024.0,17.0,0.9542709232096636,0.9848619768477292,0.9693251252174377,0.9693251252174377,0.9693251252174377,1123.0,0.267380952835083
local,local,,,2,166,data_4200_4_2.0_chordal_rep02,best_local_val_task,val,cycle5,,80,,,,,,,,,4200,750.0,180.0,3234.0,36.0,0.8064516129032258,0.9541984732824428,0.8741258382797241,0.8741258382797241,0.8741258382797241,786.0,0.18714286386966705
local,local,,,2,166,data_4200_4_2.0_chordal_rep02,best_local_val_task,val,cycle6,,80,,,,,,,,,4200,549.0,246.0,3355.0,50.0,0.690566037735849,0.9165275459098498,0.7876614332199097,0.7876614332199097,0.7876614332199097,599.0,0.1426190435886383
local,local,,,2,166,data_4200_4_2.0_chordal_rep02,best_local_test,test,,,80,,0.12034509084054403,0.9734761904761905,0.8938094973564148,0.9521683125805067,0.9348760843276978,0.9348760843276978,0.9348760843276978,4200,,,,,,,,,,,
local,local,,,2,166,data_4200_4_2.0_chordal_rep02,best_local_test_task,test,cycle2,,80,,,,,,,,,4200,1553.0,16.0,2631.0,0.0,0.9898024219247928,1.0,0.9948751330375671,0.9948751330375671,0.9948751330375671,1553.0,0.3697619140148163
local,local,,,2,166,data_4200_4_2.0_chordal_rep02,best_local_test_task,test,cycle3,,80,,,,,,,,,4200,1410.0,13.0,2774.0,3.0,0.9908643710470836,0.9978768577494692,0.994358241558075,0.994358241558075,0.994358241558075,1413.0,0.33642858266830444
local,local,,,2,166,data_4200_4_2.0_chordal_rep02,best_local_test_task,test,cycle4,,80,,,,,,,,,4200,1127.0,39.0,3022.0,12.0,0.9665523156089194,0.9894644424934153,0.977874219417572,0.977874219417572,0.977874219417572,1139.0,0.27119046449661255
local,local,,,2,166,data_4200_4_2.0_chordal_rep02,best_local_test_task,test,cycle5,,80,,,,,,,,,4200,863.0,151.0,3145.0,41.0,0.8510848126232742,0.9546460176991151,0.8998957276344299,0.8998957276344299,0.8998957276344299,904.0,0.21523809432983398
local,local,,,2,166,data_4200_4_2.0_chordal_rep02,best_local_test_task,test,cycle6,,80,,,,,,,,,4200,591.0,225.0,3327.0,57.0,0.7242647058823529,0.9120370370370371,0.8073769807815552,0.8073769807815552,0.8073769807815552,648.0,0.1542857140302658
