run_type,algorithm,subset_id,subset_clients,seed,graph_id,dataset_id,phase,split,task,round,local_epoch,train_loss,eval_loss,pair_acc,subset_acc,micro_f1,macro_f1,macro_pos_f1,macro_minority_f1,num_nodes,tp,fp,tn,fn,precision,recall,f1,positive_f1,minority_f1,pos_cnt,pos_rate
local,local,,,2,89,data_4000_4_2.5_chordal_rep01,train_epoch,train,,,1,0.6908485493659973,,,,,,,,4000,,,,,,,,,,,
local,local,,,2,89,data_4000_4_2.5_chordal_rep01,val_epoch,val,,,1,,0.6114650082588196,0.7947,0.47749999165534973,0.7127867935086737,0.7063661813735962,0.7063661813735962,0.7063661813735962,4000,,,,,,,,,,,
local,local,,,2,89,data_4000_4_2.5_chordal_rep01,val_epoch_task,val,cycle2,,1,,,,,,,,,4000,1201.0,807.0,1863.0,129.0,0.5981075697211156,0.9030075187969925,0.7195925712585449,0.7195925712585449,0.7195925712585449,1330.0,0.33250001072883606
local,local,,,2,89,data_4000_4_2.5_chordal_rep01,val_epoch_task,val,cycle3,,1,,,,,,,,,4000,1196.0,623.0,2055.0,126.0,0.657504123144585,0.9046898638426626,0.7615408897399902,0.7615408897399902,0.7615408897399902,1322.0,0.3305000066757202
local,local,,,2,89,data_4000_4_2.5_chordal_rep01,val_epoch_task,val,cycle4,,1,,,,,,,,,4000,1125.0,585.0,2170.0,120.0,0.6578947368421053,0.9036144578313253,0.7614213228225708,0.7614213228225708,0.7614213228225708,1245.0,0.3112500011920929
local,local,,,2,89,data_4000_4_2.5_chordal_rep01,val_epoch_task,val,cycle5,,1,,,,,,,,,4000,883.0,608.0,2317.0,192.0,0.5922199865861838,0.8213953488372093,0.6882307529449463,0.6882307529449463,0.6882307529449463,1075.0,0.26875001192092896
local,local,,,2,89,data_4000_4_2.5_chordal_rep01,val_epoch_task,val,cycle6,,1,,,,,,,,,4000,690.0,714.0,2394.0,202.0,0.49145299145299143,0.773542600896861,0.6010453104972839,0.6010453104972839,0.6010453104972839,892.0,0.22300000488758087
local,local,,,2,89,data_4000_4_2.5_chordal_rep01,train_epoch,train,,,2,0.4143287680149078,,,,,,,,4000,,,,,,,,,,,
local,local,,,2,89,data_4000_4_2.5_chordal_rep01,val_epoch,val,,,2,,0.5381396818161011,0.7888,0.48475000262260437,0.7350062735257215,0.7447345852851868,0.7447345852851868,0.7447345852851868,4000,,,,,,,,,,,
local,local,,,2,89,data_4000_4_2.5_chordal_rep01,val_epoch_task,val,cycle2,,2,,,,,,,,,4000,1327.0,30.0,2640.0,3.0,0.9778924097273397,0.9977443609022556,0.9877187013626099,0.9877187013626099,0.9877187013626099,1330.0,0.33250001072883606
local,local,,,2,89,data_4000_4_2.5_chordal_rep01,val_epoch_task,val,cycle3,,2,,,,,,,,,4000,1322.0,570.0,2108.0,0.0,0.6987315010570825,1.0,0.8226509094238281,0.8226509094238281,0.8226509094238281,1322.0,0.3305000066757202
local,local,,,2,89,data_4000_4_2.5_chordal_rep01,val_epoch_task,val,cycle4,,2,,,,,,,,,4000,1245.0,963.0,1792.0,0.0,0.563858695652174,1.0,0.7211120128631592,0.7211120128631592,0.7211120128631592,1245.0,0.3112500011920929
local,local,,,2,89,data_4000_4_2.5_chordal_rep01,val_epoch_task,val,cycle5,,2,,,,,,,,,4000,1075.0,1163.0,1762.0,0.0,0.4803395889186774,1.0,0.648958683013916,0.648958683013916,0.648958683013916,1075.0,0.26875001192092896
local,local,,,2,89,data_4000_4_2.5_chordal_rep01,val_epoch_task,val,cycle6,,2,,,,,,,,,4000,889.0,1492.0,1616.0,3.0,0.373372532549349,0.9966367713004485,0.5432325005531311,0.5432325005531311,0.5432325005531311,892.0,0.22300000488758087
local,local,,,2,89,data_4000_4_2.5_chordal_rep01,train_epoch,train,,,3,0.2773341724872589,,,,,,,,4000,,,,,,,,,,,
local,local,,,2,89,data_4000_4_2.5_chordal_rep01,val_epoch,val,,,3,,0.26668594813346863,0.9206,0.7085000276565552,0.8752748978950675,0.8706045150756836,0.8706045150756836,0.8706045150756836,4000,,,,,,,,,,,
local,local,,,2,89,data_4000_4_2.5_chordal_rep01,val_epoch_task,val,cycle2,,3,,,,,,,,,4000,1330.0,70.0,2600.0,0.0,0.95,1.0,0.9743589162826538,0.9743589162826538,0.9743589162826538,1330.0,0.33250001072883606
local,local,,,2,89,data_4000_4_2.5_chordal_rep01,val_epoch_task,val,cycle3,,3,,,,,,,,,4000,1306.0,54.0,2624.0,16.0,0.9602941176470589,0.9878971255673222,0.9739000797271729,0.9739000797271729,0.9739000797271729,1322.0,0.3305000066757202
local,local,,,2,89,data_4000_4_2.5_chordal_rep01,val_epoch_task,val,cycle4,,3,,,,,,,,,4000,1141.0,89.0,2666.0,104.0,0.9276422764227642,0.9164658634538153,0.9220202565193176,0.9220202565193176,0.9220202565193176,1245.0,0.3112500011920929
local,local,,,2,89,data_4000_4_2.5_chordal_rep01,val_epoch_task,val,cycle5,,3,,,,,,,,,4000,1018.0,320.0,2605.0,57.0,0.7608370702541106,0.9469767441860465,0.8437629342079163,0.8437629342079163,0.8437629342079163,1075.0,0.26875001192092896
local,local,,,2,89,data_4000_4_2.5_chordal_rep01,val_epoch_task,val,cycle6,,3,,,,,,,,,4000,777.0,763.0,2345.0,115.0,0.5045454545454545,0.8710762331838565,0.6389802694320679,0.6389802694320679,0.6389802694320679,892.0,0.22300000488758087
local,local,,,2,89,data_4000_4_2.5_chordal_rep01,train_epoch,train,,,4,0.22529585552215575,,,,,,,,4000,,,,,,,,,,,
local,local,,,2,89,data_4000_4_2.5_chordal_rep01,val_epoch,val,,,4,,0.2317870764732361,0.9399,0.7584999799728394,0.9021491370888961,0.893096923828125,0.893096923828125,0.893096923828125,4000,,,,,,,,,,,
local,local,,,2,89,data_4000_4_2.5_chordal_rep01,val_epoch_task,val,cycle2,,4,,,,,,,,,4000,1328.0,55.0,2615.0,2.0,0.9602313810556761,0.9984962406015038,0.9789900183677673,0.9789900183677673,0.9789900183677673,1330.0,0.33250001072883606
local,local,,,2,89,data_4000_4_2.5_chordal_rep01,val_epoch_task,val,cycle3,,4,,,,,,,,,4000,1317.0,72.0,2606.0,5.0,0.9481641468682506,0.9962178517397882,0.9715971946716309,0.9715971946716309,0.9715971946716309,1322.0,0.3305000066757202
local,local,,,2,89,data_4000_4_2.5_chordal_rep01,val_epoch_task,val,cycle4,,4,,,,,,,,,4000,1182.0,52.0,2703.0,63.0,0.9578606158833063,0.9493975903614458,0.9536103010177612,0.9536103010177612,0.9536103010177612,1245.0,0.3112500011920929
local,local,,,2,89,data_4000_4_2.5_chordal_rep01,val_epoch_task,val,cycle5,,4,,,,,,,,,4000,981.0,175.0,2750.0,94.0,0.8486159169550173,0.9125581395348837,0.8794263005256653,0.8794263005256653,0.8794263005256653,1075.0,0.26875001192092896
local,local,,,2,89,data_4000_4_2.5_chordal_rep01,val_epoch_task,val,cycle6,,4,,,,,,,,,4000,733.0,525.0,2583.0,159.0,0.5826709062003179,0.8217488789237668,0.6818605065345764,0.6818605065345764,0.6818605065345764,892.0,0.22300000488758087
local,local,,,2,89,data_4000_4_2.5_chordal_rep01,train_epoch,train,,,5,0.21628804779052735,,,,,,,,4000,,,,,,,,,,,
local,local,,,2,89,data_4000_4_2.5_chordal_rep01,val_epoch,val,,,5,,0.2431675865650177,0.93305,0.7365000247955322,0.8922507443469865,0.8849035501480103,0.8849035501480103,0.8849035501480103,4000,,,,,,,,,,,
local,local,,,2,89,data_4000_4_2.5_chordal_rep01,val_epoch_task,val,cycle2,,5,,,,,,,,,4000,1330.0,74.0,2596.0,0.0,0.9472934472934473,1.0,0.9729334115982056,0.9729334115982056,0.9729334115982056,1330.0,0.33250001072883606
local,local,,,2,89,data_4000_4_2.5_chordal_rep01,val_epoch_task,val,cycle3,,5,,,,,,,,,4000,1283.0,29.0,2649.0,39.0,0.9778963414634146,0.970499243570348,0.9741837382316589,0.9741837382316589,0.9741837382316589,1322.0,0.3305000066757202
local,local,,,2,89,data_4000_4_2.5_chordal_rep01,val_epoch_task,val,cycle4,,5,,,,,,,,,4000,1192.0,68.0,2687.0,53.0,0.946031746031746,0.957429718875502,0.9516966342926025,0.9516966342926025,0.9516966342926025,1245.0,0.3112500011920929
local,local,,,2,89,data_4000_4_2.5_chordal_rep01,val_epoch_task,val,cycle5,,5,,,,,,,,,4000,1009.0,210.0,2715.0,66.0,0.8277276456111566,0.9386046511627907,0.8796861171722412,0.8796861171722412,0.8796861171722412,1075.0,0.26875001192092896
local,local,,,2,89,data_4000_4_2.5_chordal_rep01,val_epoch_task,val,cycle6,,5,,,,,,,,,4000,730.0,638.0,2470.0,162.0,0.533625730994152,0.8183856502242153,0.6460176706314087,0.6460176706314087,0.6460176706314087,892.0,0.22300000488758087
local,local,,,2,89,data_4000_4_2.5_chordal_rep01,train_epoch,train,,,6,0.20414862430095673,,,,,,,,4000,,,,,,,,,,,
local,local,,,2,89,data_4000_4_2.5_chordal_rep01,val_epoch,val,,,6,,0.22623379945755004,0.93645,0.7527499794960022,0.8981652111209038,0.8900089263916016,0.8900089263916016,0.8900089263916016,4000,,,,,,,,,,,
local,local,,,2,89,data_4000_4_2.5_chordal_rep01,val_epoch_task,val,cycle2,,6,,,,,,,,,4000,1330.0,27.0,2643.0,0.0,0.9801031687546058,1.0,0.9899516105651855,0.9899516105651855,0.9899516105651855,1330.0,0.33250001072883606
local,local,,,2,89,data_4000_4_2.5_chordal_rep01,val_epoch_task,val,cycle3,,6,,,,,,,,,4000,1315.0,47.0,2631.0,7.0,0.9654919236417033,0.9947049924357034,0.9798808097839355,0.9798808097839355,0.9798808097839355,1322.0,0.3305000066757202
local,local,,,2,89,data_4000_4_2.5_chordal_rep01,val_epoch_task,val,cycle4,,6,,,,,,,,,4000,1209.0,82.0,2673.0,36.0,0.9364833462432223,0.9710843373493976,0.95346999168396,0.95346999168396,0.95346999168396,1245.0,0.3112500011920929
local,local,,,2,89,data_4000_4_2.5_chordal_rep01,val_epoch_task,val,cycle5,,6,,,,,,,,,4000,1017.0,243.0,2682.0,58.0,0.8071428571428572,0.946046511627907,0.8710920810699463,0.8710920810699463,0.8710920810699463,1075.0,0.26875001192092896
local,local,,,2,89,data_4000_4_2.5_chordal_rep01,val_epoch_task,val,cycle6,,6,,,,,,,,,4000,734.0,613.0,2495.0,158.0,0.5449146250927989,0.8228699551569507,0.6556498408317566,0.6556498408317566,0.6556498408317566,892.0,0.22300000488758087
local,local,,,2,89,data_4000_4_2.5_chordal_rep01,train_epoch,train,,,7,0.20136025965213775,,,,,,,,4000,,,,,,,,,,,
local,local,,,2,89,data_4000_4_2.5_chordal_rep01,val_epoch,val,,,7,,0.2388700292110443,0.91115,0.6704999804496765,0.8672394471423235,0.8672313690185547,0.8672313690185547,0.8672313690185547,4000,,,,,,,,,,,
local,local,,,2,89,data_4000_4_2.5_chordal_rep01,val_epoch_task,val,cycle2,,7,,,,,,,,,4000,1330.0,47.0,2623.0,0.0,0.9658678286129266,1.0,0.9826376438140869,0.9826376438140869,0.9826376438140869,1330.0,0.33250001072883606
local,local,,,2,89,data_4000_4_2.5_chordal_rep01,val_epoch_task,val,cycle3,,7,,,,,,,,,4000,1320.0,54.0,2624.0,2.0,0.9606986899563319,0.9984871406959153,0.9792284369468689,0.9792284369468689,0.9792284369468689,1322.0,0.3305000066757202
local,local,,,2,89,data_4000_4_2.5_chordal_rep01,val_epoch_task,val,cycle4,,7,,,,,,,,,4000,1227.0,172.0,2583.0,18.0,0.8770550393137956,0.9855421686746988,0.9281392097473145,0.9281392097473145,0.9281392097473145,1245.0,0.3112500011920929
local,local,,,2,89,data_4000_4_2.5_chordal_rep01,val_epoch_task,val,cycle5,,7,,,,,,,,,4000,1061.0,498.0,2427.0,14.0,0.6805644644002565,0.9869767441860465,0.8056188225746155,0.8056188225746155,0.8056188225746155,1075.0,0.26875001192092896
local,local,,,2,89,data_4000_4_2.5_chordal_rep01,val_epoch_task,val,cycle6,,7,,,,,,,,,4000,866.0,946.0,2162.0,26.0,0.47792494481236203,0.9708520179372198,0.6405325531959534,0.6405325531959534,0.6405325531959534,892.0,0.22300000488758087
local,local,,,2,89,data_4000_4_2.5_chordal_rep01,train_epoch,train,,,8,0.19645320749282838,,,,,,,,4000,,,,,,,,,,,
local,local,,,2,89,data_4000_4_2.5_chordal_rep01,val_epoch,val,,,8,,0.2508842622041702,0.94355,0.7754999995231628,0.9049743287602054,0.8902610540390015,0.8902610540390015,0.8902610540390015,4000,,,,,,,,,,,
local,local,,,2,89,data_4000_4_2.5_chordal_rep01,val_epoch_task,val,cycle2,,8,,,,,,,,,4000,1330.0,36.0,2634.0,0.0,0.9736456808199122,1.0,0.9866468906402588,0.9866468906402588,0.9866468906402588,1330.0,0.33250001072883606
local,local,,,2,89,data_4000_4_2.5_chordal_rep01,val_epoch_task,val,cycle3,,8,,,,,,,,,4000,1319.0,40.0,2638.0,3.0,0.9705665930831494,0.9977307110438729,0.983961284160614,0.983961284160614,0.983961284160614,1322.0,0.3305000066757202
local,local,,,2,89,data_4000_4_2.5_chordal_rep01,val_epoch_task,val,cycle4,,8,,,,,,,,,4000,1185.0,65.0,2690.0,60.0,0.948,0.9518072289156626,0.9498997926712036,0.9498997926712036,0.9498997926712036,1245.0,0.3112500011920929
local,local,,,2,89,data_4000_4_2.5_chordal_rep01,val_epoch_task,val,cycle5,,8,,,,,,,,,4000,906.0,96.0,2829.0,169.0,0.9041916167664671,0.8427906976744186,0.8724121451377869,0.8724121451377869,0.8724121451377869,1075.0,0.26875001192092896
local,local,,,2,89,data_4000_4_2.5_chordal_rep01,val_epoch_task,val,cycle6,,8,,,,,,,,,4000,636.0,404.0,2704.0,256.0,0.6115384615384616,0.7130044843049327,0.6583850979804993,0.6583850979804993,0.6583850979804993,892.0,0.22300000488758087
local,local,,,2,89,data_4000_4_2.5_chordal_rep01,train_epoch,train,,,9,0.1885493438243866,,,,,,,,4000,,,,,,,,,,,
local,local,,,2,89,data_4000_4_2.5_chordal_rep01,val_epoch,val,,,9,,0.19050008153915404,0.9384,0.7527499794960022,0.9029768467475193,0.8976434469223022,0.8976434469223022,0.8976434469223022,4000,,,,,,,,,,,
local,local,,,2,89,data_4000_4_2.5_chordal_rep01,val_epoch_task,val,cycle2,,9,,,,,,,,,4000,1330.0,3.0,2667.0,0.0,0.9977494373593399,1.0,0.9988734722137451,0.9988734722137451,0.9988734722137451,1330.0,0.33250001072883606
local,local,,,2,89,data_4000_4_2.5_chordal_rep01,val_epoch_task,val,cycle3,,9,,,,,,,,,4000,1319.0,26.0,2652.0,3.0,0.9806691449814127,0.9977307110438729,0.9891263842582703,0.9891263842582703,0.9891263842582703,1322.0,0.3305000066757202
local,local,,,2,89,data_4000_4_2.5_chordal_rep01,val_epoch_task,val,cycle4,,9,,,,,,,,,4000,1236.0,79.0,2676.0,9.0,0.9399239543726235,0.9927710843373494,0.965624988079071,0.965624988079071,0.965624988079071,1245.0,0.3112500011920929
local,local,,,2,89,data_4000_4_2.5_chordal_rep01,val_epoch_task,val,cycle5,,9,,,,,,,,,4000,1052.0,313.0,2612.0,23.0,0.7706959706959707,0.9786046511627907,0.8622950911521912,0.8622950911521912,0.8622950911521912,1075.0,0.26875001192092896
local,local,,,2,89,data_4000_4_2.5_chordal_rep01,val_epoch_task,val,cycle6,,9,,,,,,,,,4000,796.0,680.0,2428.0,96.0,0.5392953929539296,0.8923766816143498,0.6722972393035889,0.6722972393035889,0.6722972393035889,892.0,0.22300000488758087
local,local,,,2,89,data_4000_4_2.5_chordal_rep01,train_epoch,train,,,10,0.17590142571926118,,,,,,,,4000,,,,,,,,,,,
local,local,,,2,89,data_4000_4_2.5_chordal_rep01,val_epoch,val,,,10,,0.23756542897224425,0.9101,0.6747499704360962,0.866080738864889,0.865920901298523,0.865920901298523,0.865920901298523,4000,,,,,,,,,,,
local,local,,,2,89,data_4000_4_2.5_chordal_rep01,val_epoch_task,val,cycle2,,10,,,,,,,,,4000,1327.0,48.0,2622.0,3.0,0.9650909090909091,0.9977443609022556,0.9811460375785828,0.9811460375785828,0.9811460375785828,1330.0,0.33250001072883606
local,local,,,2,89,data_4000_4_2.5_chordal_rep01,val_epoch_task,val,cycle3,,10,,,,,,,,,4000,1318.0,45.0,2633.0,4.0,0.966984592809978,0.9969742813918305,0.98175048828125,0.98175048828125,0.98175048828125,1322.0,0.3305000066757202
local,local,,,2,89,data_4000_4_2.5_chordal_rep01,val_epoch_task,val,cycle4,,10,,,,,,,,,4000,1237.0,196.0,2559.0,8.0,0.8632240055826936,0.993574297188755,0.9238237142562866,0.9238237142562866,0.9238237142562866,1245.0,0.3112500011920929
local,local,,,2,89,data_4000_4_2.5_chordal_rep01,val_epoch_task,val,cycle5,,10,,,,,,,,,4000,1062.0,532.0,2393.0,13.0,0.6662484316185696,0.987906976744186,0.7958036661148071,0.7958036661148071,0.7958036661148071,1075.0,0.26875001192092896
local,local,,,2,89,data_4000_4_2.5_chordal_rep01,val_epoch_task,val,cycle6,,10,,,,,,,,,4000,870.0,927.0,2181.0,22.0,0.48414023372287146,0.9753363228699552,0.647080659866333,0.647080659866333,0.647080659866333,892.0,0.22300000488758087
local,local,,,2,89,data_4000_4_2.5_chordal_rep01,train_epoch,train,,,11,0.1857609041929245,,,,,,,,4000,,,,,,,,,,,
local,local,,,2,89,data_4000_4_2.5_chordal_rep01,val_epoch,val,,,11,,0.2178881230354309,0.9389,0.7597500085830688,0.9010686528497409,0.8944000005722046,0.8944000005722046,0.8944000005722046,4000,,,,,,,,,,,
local,local,,,2,89,data_4000_4_2.5_chordal_rep01,val_epoch_task,val,cycle2,,11,,,,,,,,,4000,1325.0,12.0,2658.0,5.0,0.9910246821241586,0.9962406015037594,0.9936257600784302,0.9936257600784302,0.9936257600784302,1330.0,0.33250001072883606
local,local,,,2,89,data_4000_4_2.5_chordal_rep01,val_epoch_task,val,cycle3,,11,,,,,,,,,4000,1308.0,32.0,2646.0,14.0,0.9761194029850746,0.989409984871407,0.9827197194099426,0.9827197194099426,0.9827197194099426,1322.0,0.3305000066757202
local,local,,,2,89,data_4000_4_2.5_chordal_rep01,val_epoch_task,val,cycle4,,11,,,,,,,,,4000,1157.0,59.0,2696.0,88.0,0.9514802631578947,0.9293172690763052,0.9402682185173035,0.9402682185173035,0.9402682185173035,1245.0,0.3112500011920929
local,local,,,2,89,data_4000_4_2.5_chordal_rep01,val_epoch_task,val,cycle5,,11,,,,,,,,,4000,995.0,223.0,2702.0,80.0,0.8169129720853858,0.9255813953488372,0.8678587079048157,0.8678587079048157,0.8678587079048157,1075.0,0.26875001192092896
local,local,,,2,89,data_4000_4_2.5_chordal_rep01,val_epoch_task,val,cycle6,,11,,,,,,,,,4000,780.0,597.0,2511.0,112.0,0.5664488017429193,0.874439461883408,0.6875275373458862,0.6875275373458862,0.6875275373458862,892.0,0.22300000488758087
local,local,,,2,89,data_4000_4_2.5_chordal_rep01,train_epoch,train,,,12,0.17718908840417863,,,,,,,,4000,,,,,,,,,,,
local,local,,,2,89,data_4000_4_2.5_chordal_rep01,val_epoch,val,,,12,,0.23458061695098878,0.9426,0.7684999704360962,0.905467720685112,0.8956672549247742,0.8956672549247742,0.8956672549247742,4000,,,,,,,,,,,
local,local,,,2,89,data_4000_4_2.5_chordal_rep01,val_epoch_task,val,cycle2,,12,,,,,,,,,4000,1328.0,26.0,2644.0,2.0,0.9807976366322009,0.9984962406015038,0.9895678162574768,0.9895678162574768,0.9895678162574768,1330.0,0.33250001072883606
local,local,,,2,89,data_4000_4_2.5_chordal_rep01,val_epoch_task,val,cycle3,,12,,,,,,,,,4000,1319.0,48.0,2630.0,3.0,0.9648866130212144,0.9977307110438729,0.9810338020324707,0.9810338020324707,0.9810338020324707,1322.0,0.3305000066757202
local,local,,,2,89,data_4000_4_2.5_chordal_rep01,val_epoch_task,val,cycle4,,12,,,,,,,,,4000,1204.0,72.0,2683.0,41.0,0.9435736677115988,0.9670682730923694,0.9551765322685242,0.9551765322685242,0.9551765322685242,1245.0,0.3112500011920929
local,local,,,2,89,data_4000_4_2.5_chordal_rep01,val_epoch_task,val,cycle5,,12,,,,,,,,,4000,924.0,101.0,2824.0,151.0,0.9014634146341464,0.8595348837209302,0.8799999952316284,0.8799999952316284,0.8799999952316284,1075.0,0.26875001192092896
local,local,,,2,89,data_4000_4_2.5_chordal_rep01,val_epoch_task,val,cycle6,,12,,,,,,,,,4000,723.0,535.0,2573.0,169.0,0.5747217806041336,0.8105381165919282,0.6725581288337708,0.6725581288337708,0.6725581288337708,892.0,0.22300000488758087
local,local,,,2,89,data_4000_4_2.5_chordal_rep01,train_epoch,train,,,13,0.1853485505580902,,,,,,,,4000,,,,,,,,,,,
local,local,,,2,89,data_4000_4_2.5_chordal_rep01,val_epoch,val,,,13,,0.20329955542087555,0.93725,0.7447500228881836,0.9006098043874238,0.8956185579299927,0.8956185579299927,0.8956185579299927,4000,,,,,,,,,,,
local,local,,,2,89,data_4000_4_2.5_chordal_rep01,val_epoch_task,val,cycle2,,13,,,,,,,,,4000,1330.0,36.0,2634.0,0.0,0.9736456808199122,1.0,0.9866468906402588,0.9866468906402588,0.9866468906402588,1330.0,0.33250001072883606
local,local,,,2,89,data_4000_4_2.5_chordal_rep01,val_epoch_task,val,cycle3,,13,,,,,,,,,4000,1318.0,19.0,2659.0,4.0,0.9857890800299177,0.9969742813918305,0.9913501143455505,0.9913501143455505,0.9913501143455505,1322.0,0.3305000066757202
local,local,,,2,89,data_4000_4_2.5_chordal_rep01,val_epoch_task,val,cycle4,,13,,,,,,,,,4000,1211.0,72.0,2683.0,34.0,0.9438815276695246,0.9726907630522088,0.9580695629119873,0.9580695629119873,0.9580695629119873,1245.0,0.3112500011920929
local,local,,,2,89,data_4000_4_2.5_chordal_rep01,val_epoch_task,val,cycle5,,13,,,,,,,,,4000,1028.0,251.0,2674.0,47.0,0.8037529319781079,0.9562790697674418,0.8734070062637329,0.8734070062637329,0.8734070062637329,1075.0,0.26875001192092896
local,local,,,2,89,data_4000_4_2.5_chordal_rep01,val_epoch_task,val,cycle6,,13,,,,,,,,,4000,799.0,699.0,2409.0,93.0,0.5333778371161548,0.8957399103139013,0.6686192750930786,0.6686192750930786,0.6686192750930786,892.0,0.22300000488758087
local,local,,,2,89,data_4000_4_2.5_chordal_rep01,train_epoch,train,,,14,0.16900910484790801,,,,,,,,4000,,,,,,,,,,,
local,local,,,2,89,data_4000_4_2.5_chordal_rep01,val_epoch,val,,,14,,0.196578430891037,0.946,0.7777500152587891,0.9119947848761408,0.9046908617019653,0.9046908617019653,0.9046908617019653,4000,,,,,,,,,,,
local,local,,,2,89,data_4000_4_2.5_chordal_rep01,val_epoch_task,val,cycle2,,14,,,,,,,,,4000,1324.0,10.0,2660.0,6.0,0.992503748125937,0.9954887218045113,0.9939939379692078,0.9939939379692078,0.9939939379692078,1330.0,0.33250001072883606
local,local,,,2,89,data_4000_4_2.5_chordal_rep01,val_epoch_task,val,cycle3,,14,,,,,,,,,4000,1318.0,32.0,2646.0,4.0,0.9762962962962963,0.9969742813918305,0.9865269064903259,0.9865269064903259,0.9865269064903259,1322.0,0.3305000066757202
local,local,,,2,89,data_4000_4_2.5_chordal_rep01,val_epoch_task,val,cycle4,,14,,,,,,,,,4000,1220.0,99.0,2656.0,25.0,0.9249431387414708,0.9799196787148594,0.9516380429267883,0.9516380429267883,0.9516380429267883,1245.0,0.3112500011920929
local,local,,,2,89,data_4000_4_2.5_chordal_rep01,val_epoch_task,val,cycle5,,14,,,,,,,,,4000,960.0,100.0,2825.0,115.0,0.9056603773584906,0.8930232558139535,0.8992974162101746,0.8992974162101746,0.8992974162101746,1075.0,0.26875001192092896
local,local,,,2,89,data_4000_4_2.5_chordal_rep01,val_epoch_task,val,cycle6,,14,,,,,,,,,4000,774.0,571.0,2537.0,118.0,0.5754646840148699,0.8677130044843049,0.6919981837272644,0.6919981837272644,0.6919981837272644,892.0,0.22300000488758087
local,local,,,2,89,data_4000_4_2.5_chordal_rep01,train_epoch,train,,,15,0.15361081838607787,,,,,,,,4000,,,,,,,,,,,
local,local,,,2,89,data_4000_4_2.5_chordal_rep01,val_epoch,val,,,15,,0.20537823021411897,0.94475,0.7737500071525574,0.9105335600356247,0.9022672772407532,0.9022672772407532,0.9022672772407532,4000,,,,,,,,,,,
local,local,,,2,89,data_4000_4_2.5_chordal_rep01,val_epoch_task,val,cycle2,,15,,,,,,,,,4000,1328.0,15.0,2655.0,2.0,0.9888309754281459,0.9984962406015038,0.993640124797821,0.993640124797821,0.993640124797821,1330.0,0.33250001072883606
local,local,,,2,89,data_4000_4_2.5_chordal_rep01,val_epoch_task,val,cycle3,,15,,,,,,,,,4000,1310.0,24.0,2654.0,12.0,0.9820089955022488,0.9909228441754917,0.9864457845687866,0.9864457845687866,0.9864457845687866,1322.0,0.3305000066757202
local,local,,,2,89,data_4000_4_2.5_chordal_rep01,val_epoch_task,val,cycle4,,15,,,,,,,,,4000,1213.0,75.0,2680.0,32.0,0.9417701863354038,0.97429718875502,0.9577575922012329,0.9577575922012329,0.9577575922012329,1245.0,0.3112500011920929
local,local,,,2,89,data_4000_4_2.5_chordal_rep01,val_epoch_task,val,cycle5,,15,,,,,,,,,4000,1036.0,187.0,2738.0,39.0,0.8470973017170891,0.9637209302325581,0.9016535878181458,0.9016535878181458,0.9016535878181458,1075.0,0.26875001192092896
local,local,,,2,89,data_4000_4_2.5_chordal_rep01,val_epoch_task,val,cycle6,,15,,,,,,,,,4000,736.0,563.0,2545.0,156.0,0.5665896843725943,0.8251121076233184,0.6718393564224243,0.6718393564224243,0.6718393564224243,892.0,0.22300000488758087
local,local,,,2,89,data_4000_4_2.5_chordal_rep01,train_epoch,train,,,16,0.1575835553407669,,,,,,,,4000,,,,,,,,,,,
local,local,,,2,89,data_4000_4_2.5_chordal_rep01,val_epoch,val,,,16,,0.25747534096241,0.9459,0.7835000157356262,0.9077264199215419,0.8920791745185852,0.8920791745185852,0.8920791745185852,4000,,,,,,,,,,,
local,local,,,2,89,data_4000_4_2.5_chordal_rep01,val_epoch_task,val,cycle2,,16,,,,,,,,,4000,1330.0,25.0,2645.0,0.0,0.981549815498155,1.0,0.9906890392303467,0.9906890392303467,0.9906890392303467,1330.0,0.33250001072883606
local,local,,,2,89,data_4000_4_2.5_chordal_rep01,val_epoch_task,val,cycle3,,16,,,,,,,,,4000,1321.0,29.0,2649.0,1.0,0.9785185185185186,0.9992435703479576,0.9887725114822388,0.9887725114822388,0.9887725114822388,1322.0,0.3305000066757202
local,local,,,2,89,data_4000_4_2.5_chordal_rep01,val_epoch_task,val,cycle4,,16,,,,,,,,,4000,1149.0,38.0,2717.0,96.0,0.9679865206402696,0.9228915662650602,0.9449013471603394,0.9449013471603394,0.9449013471603394,1245.0,0.3112500011920929
local,local,,,2,89,data_4000_4_2.5_chordal_rep01,val_epoch_task,val,cycle5,,16,,,,,,,,,4000,901.0,90.0,2835.0,174.0,0.9091826437941474,0.838139534883721,0.8722168803215027,0.8722168803215027,0.8722168803215027,1075.0,0.26875001192092896
local,local,,,2,89,data_4000_4_2.5_chordal_rep01,val_epoch_task,val,cycle6,,16,,,,,,,,,4000,621.0,358.0,2750.0,271.0,0.634320735444331,0.6961883408071748,0.6638161540031433,0.6638161540031433,0.6638161540031433,892.0,0.22300000488758087
local,local,,,2,89,data_4000_4_2.5_chordal_rep01,train_epoch,train,,,17,0.1683215899467468,,,,,,,,4000,,,,,,,,,,,
local,local,,,2,89,data_4000_4_2.5_chordal_rep01,val_epoch,val,,,17,,0.19920839381217956,0.94465,0.7787500023841858,0.9106321143133931,0.9027730226516724,0.9027730226516724,0.9027730226516724,4000,,,,,,,,,,,
local,local,,,2,89,data_4000_4_2.5_chordal_rep01,val_epoch_task,val,cycle2,,17,,,,,,,,,4000,1325.0,17.0,2653.0,5.0,0.9873323397913562,0.9962406015037594,0.9917664527893066,0.9917664527893066,0.9917664527893066,1330.0,0.33250001072883606
local,local,,,2,89,data_4000_4_2.5_chordal_rep01,val_epoch_task,val,cycle3,,17,,,,,,,,,4000,1319.0,31.0,2647.0,3.0,0.977037037037037,0.9977307110438729,0.9872754812240601,0.9872754812240601,0.9872754812240601,1322.0,0.3305000066757202
local,local,,,2,89,data_4000_4_2.5_chordal_rep01,val_epoch_task,val,cycle4,,17,,,,,,,,,4000,1216.0,55.0,2700.0,29.0,0.956726986624705,0.976706827309237,0.9666136503219604,0.9666136503219604,0.9666136503219604,1245.0,0.3112500011920929
local,local,,,2,89,data_4000_4_2.5_chordal_rep01,val_epoch_task,val,cycle5,,17,,,,,,,,,4000,1024.0,216.0,2709.0,51.0,0.8258064516129032,0.9525581395348838,0.8846651911735535,0.8846651911735535,0.8846651911735535,1075.0,0.26875001192092896
local,local,,,2,89,data_4000_4_2.5_chordal_rep01,val_epoch_task,val,cycle6,,17,,,,,,,,,4000,756.0,564.0,2544.0,136.0,0.5727272727272728,0.8475336322869955,0.6835442781448364,0.6835442781448364,0.6835442781448364,892.0,0.22300000488758087
local,local,,,2,89,data_4000_4_2.5_chordal_rep01,train_epoch,train,,,18,0.16651842892169952,,,,,,,,4000,,,,,,,,,,,
local,local,,,2,89,data_4000_4_2.5_chordal_rep01,val_epoch,val,,,18,,0.18651530361175536,0.9406,0.7684999704360962,0.9057442081878768,0.8997179269790649,0.8997179269790649,0.8997179269790649,4000,,,,,,,,,,,
local,local,,,2,89,data_4000_4_2.5_chordal_rep01,val_epoch_task,val,cycle2,,18,,,,,,,,,4000,1330.0,22.0,2648.0,0.0,0.9837278106508875,1.0,0.991797149181366,0.991797149181366,0.991797149181366,1330.0,0.33250001072883606
local,local,,,2,89,data_4000_4_2.5_chordal_rep01,val_epoch_task,val,cycle3,,18,,,,,,,,,4000,1319.0,37.0,2641.0,3.0,0.9727138643067846,0.9977307110438729,0.9850634932518005,0.9850634932518005,0.9850634932518005,1322.0,0.3305000066757202
local,local,,,2,89,data_4000_4_2.5_chordal_rep01,val_epoch_task,val,cycle4,,18,,,,,,,,,4000,1227.0,92.0,2663.0,18.0,0.9302501895375285,0.9855421686746988,0.9570983052253723,0.9570983052253723,0.9570983052253723,1245.0,0.3112500011920929
local,local,,,2,89,data_4000_4_2.5_chordal_rep01,val_epoch_task,val,cycle5,,18,,,,,,,,,4000,1037.0,242.0,2683.0,38.0,0.8107896794370602,0.9646511627906976,0.8810535073280334,0.8810535073280334,0.8810535073280334,1075.0,0.26875001192092896
local,local,,,2,89,data_4000_4_2.5_chordal_rep01,val_epoch_task,val,cycle6,,18,,,,,,,,,4000,795.0,639.0,2469.0,97.0,0.5543933054393305,0.8912556053811659,0.6835769414901733,0.6835769414901733,0.6835769414901733,892.0,0.22300000488758087
local,local,,,2,89,data_4000_4_2.5_chordal_rep01,train_epoch,train,,,19,0.16703518450260163,,,,,,,,4000,,,,,,,,,,,
local,local,,,2,89,data_4000_4_2.5_chordal_rep01,val_epoch,val,,,19,,0.20107249081134795,0.9473,0.7825000286102295,0.9135498687664041,0.9067904353141785,0.9067904353141785,0.9067904353141785,4000,,,,,,,,,,,
local,local,,,2,89,data_4000_4_2.5_chordal_rep01,val_epoch_task,val,cycle2,,19,,,,,,,,,4000,1329.0,26.0,2644.0,1.0,0.9808118081180812,0.9992481203007518,0.9899441599845886,0.9899441599845886,0.9899441599845886,1330.0,0.33250001072883606
local,local,,,2,89,data_4000_4_2.5_chordal_rep01,val_epoch_task,val,cycle3,,19,,,,,,,,,4000,1287.0,23.0,2655.0,35.0,0.982442748091603,0.9735249621785174,0.9779635667800903,0.9779635667800903,0.9779635667800903,1322.0,0.3305000066757202
local,local,,,2,89,data_4000_4_2.5_chordal_rep01,val_epoch_task,val,cycle4,,19,,,,,,,,,4000,1163.0,62.0,2693.0,82.0,0.9493877551020408,0.934136546184739,0.9417003989219666,0.9417003989219666,0.9417003989219666,1245.0,0.3112500011920929
local,local,,,2,89,data_4000_4_2.5_chordal_rep01,val_epoch_task,val,cycle5,,19,,,,,,,,,4000,1005.0,135.0,2790.0,70.0,0.881578947368421,0.9348837209302325,0.9074491858482361,0.9074491858482361,0.9074491858482361,1075.0,0.26875001192092896
local,local,,,2,89,data_4000_4_2.5_chordal_rep01,val_epoch_task,val,cycle6,,19,,,,,,,,,4000,785.0,513.0,2595.0,107.0,0.6047765793528506,0.8800448430493274,0.7168949842453003,0.7168949842453003,0.7168949842453003,892.0,0.22300000488758087
local,local,,,2,89,data_4000_4_2.5_chordal_rep01,train_epoch,train,,,20,0.170686319231987,,,,,,,,4000,,,,,,,,,,,
local,local,,,2,89,data_4000_4_2.5_chordal_rep01,val_epoch,val,,,20,,0.18621457087993623,0.94305,0.7697499990463257,0.9093802211790915,0.9025300741195679,0.9025300741195679,0.9025300741195679,4000,,,,,,,,,,,
local,local,,,2,89,data_4000_4_2.5_chordal_rep01,val_epoch_task,val,cycle2,,20,,,,,,,,,4000,1329.0,50.0,2620.0,1.0,0.9637418419144308,0.9992481203007518,0.9811738133430481,0.9811738133430481,0.9811738133430481,1330.0,0.33250001072883606
local,local,,,2,89,data_4000_4_2.5_chordal_rep01,val_epoch_task,val,cycle3,,20,,,,,,,,,4000,1322.0,29.0,2649.0,0.0,0.9785344189489267,1.0,0.9891507029533386,0.9891507029533386,0.9891507029533386,1322.0,0.3305000066757202
local,local,,,2,89,data_4000_4_2.5_chordal_rep01,val_epoch_task,val,cycle4,,20,,,,,,,,,4000,1238.0,174.0,2581.0,7.0,0.876770538243626,0.9943775100401606,0.9318780303001404,0.9318780303001404,0.9318780303001404,1245.0,0.3112500011920929
local,local,,,2,89,data_4000_4_2.5_chordal_rep01,val_epoch_task,val,cycle5,,20,,,,,,,,,4000,1029.0,184.0,2741.0,46.0,0.8483099752679307,0.9572093023255814,0.8994755148887634,0.8994755148887634,0.8994755148887634,1075.0,0.26875001192092896
local,local,,,2,89,data_4000_4_2.5_chordal_rep01,val_epoch_task,val,cycle6,,20,,,,,,,,,4000,797.0,553.0,2555.0,95.0,0.5903703703703703,0.8934977578475336,0.7109723687171936,0.7109723687171936,0.7109723687171936,892.0,0.22300000488758087
local,local,,,2,89,data_4000_4_2.5_chordal_rep01,train_epoch,train,,,21,0.15096539068222045,,,,,,,,4000,,,,,,,,,,,
local,local,,,2,89,data_4000_4_2.5_chordal_rep01,val_epoch,val,,,21,,0.2000140287876129,0.9448,0.7792500257492065,0.9102000976085896,0.9032502174377441,0.9032502174377441,0.9032502174377441,4000,,,,,,,,,,,
local,local,,,2,89,data_4000_4_2.5_chordal_rep01,val_epoch_task,val,cycle2,,21,,,,,,,,,4000,1330.0,13.0,2657.0,0.0,0.9903201787043932,1.0,0.995136559009552,0.995136559009552,0.995136559009552,1330.0,0.33250001072883606
local,local,,,2,89,data_4000_4_2.5_chordal_rep01,val_epoch_task,val,cycle3,,21,,,,,,,,,4000,1320.0,61.0,2617.0,2.0,0.9558291093410572,0.9984871406959153,0.9766925573348999,0.9766925573348999,0.9766925573348999,1322.0,0.3305000066757202
local,local,,,2,89,data_4000_4_2.5_chordal_rep01,val_epoch_task,val,cycle4,,21,,,,,,,,,4000,1164.0,41.0,2714.0,81.0,0.9659751037344398,0.9349397590361446,0.9502040147781372,0.9502040147781372,0.9502040147781372,1245.0,0.3112500011920929
local,local,,,2,89,data_4000_4_2.5_chordal_rep01,val_epoch_task,val,cycle5,,21,,,,,,,,,4000,988.0,174.0,2751.0,87.0,0.8502581755593803,0.9190697674418604,0.8833259344100952,0.8833259344100952,0.8833259344100952,1075.0,0.26875001192092896
local,local,,,2,89,data_4000_4_2.5_chordal_rep01,val_epoch_task,val,cycle6,,21,,,,,,,,,4000,793.0,546.0,2562.0,99.0,0.5922330097087378,0.8890134529147982,0.7108919620513916,0.7108919620513916,0.7108919620513916,892.0,0.22300000488758087
local,local,,,2,89,data_4000_4_2.5_chordal_rep01,train_epoch,train,,,22,0.15878841841220856,,,,,,,,4000,,,,,,,,,,,
local,local,,,2,89,data_4000_4_2.5_chordal_rep01,val_epoch,val,,,22,,0.18353668010234833,0.94745,0.7879999876022339,0.915043246301835,0.9067424535751343,0.9067424535751343,0.9067424535751343,4000,,,,,,,,,,,
local,local,,,2,89,data_4000_4_2.5_chordal_rep01,val_epoch_task,val,cycle2,,22,,,,,,,,,4000,1329.0,13.0,2657.0,1.0,0.9903129657228018,0.9992481203007518,0.9947605133056641,0.9947605133056641,0.9947605133056641,1330.0,0.33250001072883606
local,local,,,2,89,data_4000_4_2.5_chordal_rep01,val_epoch_task,val,cycle3,,22,,,,,,,,,4000,1315.0,20.0,2658.0,7.0,0.9850187265917603,0.9947049924357034,0.9898382425308228,0.9898382425308228,0.9898382425308228,1322.0,0.3305000066757202
local,local,,,2,89,data_4000_4_2.5_chordal_rep01,val_epoch_task,val,cycle4,,22,,,,,,,,,4000,1227.0,86.0,2669.0,18.0,0.9345011424219345,0.9855421686746988,0.9593433141708374,0.9593433141708374,0.9593433141708374,1245.0,0.3112500011920929
local,local,,,2,89,data_4000_4_2.5_chordal_rep01,val_epoch_task,val,cycle5,,22,,,,,,,,,4000,1026.0,217.0,2708.0,49.0,0.825422365245374,0.9544186046511628,0.8852459192276001,0.8852459192276001,0.8852459192276001,1075.0,0.26875001192092896
local,local,,,2,89,data_4000_4_2.5_chordal_rep01,val_epoch_task,val,cycle6,,22,,,,,,,,,4000,763.0,511.0,2597.0,129.0,0.5989010989010989,0.8553811659192825,0.7045245170593262,0.7045245170593262,0.7045245170593262,892.0,0.22300000488758087
local,local,,,2,89,data_4000_4_2.5_chordal_rep01,train_epoch,train,,,23,0.14470264130830765,,,,,,,,4000,,,,,,,,,,,
local,local,,,2,89,data_4000_4_2.5_chordal_rep01,val_epoch,val,,,23,,0.18340980076789856,0.94965,0.7987499833106995,0.9186919660880096,0.9105401039123535,0.9105401039123535,0.9105401039123535,4000,,,,,,,,,,,
local,local,,,2,89,data_4000_4_2.5_chordal_rep01,val_epoch_task,val,cycle2,,23,,,,,,,,,4000,1328.0,22.0,2648.0,2.0,0.9837037037037037,0.9984962406015038,0.991044819355011,0.991044819355011,0.991044819355011,1330.0,0.33250001072883606
local,local,,,2,89,data_4000_4_2.5_chordal_rep01,val_epoch_task,val,cycle3,,23,,,,,,,,,4000,1316.0,38.0,2640.0,6.0,0.9719350073855244,0.9954614220877458,0.9835575222969055,0.9835575222969055,0.9835575222969055,1322.0,0.3305000066757202
local,local,,,2,89,data_4000_4_2.5_chordal_rep01,val_epoch_task,val,cycle4,,23,,,,,,,,,4000,1225.0,93.0,2662.0,20.0,0.9294385432473444,0.9839357429718876,0.9559110403060913,0.9559110403060913,0.9559110403060913,1245.0,0.3112500011920929
local,local,,,2,89,data_4000_4_2.5_chordal_rep01,val_epoch_task,val,cycle5,,23,,,,,,,,,4000,1037.0,263.0,2662.0,38.0,0.7976923076923077,0.9646511627906976,0.8732632398605347,0.8732632398605347,0.8732632398605347,1075.0,0.26875001192092896
local,local,,,2,89,data_4000_4_2.5_chordal_rep01,val_epoch_task,val,cycle6,,23,,,,,,,,,4000,783.0,416.0,2692.0,109.0,0.6530442035029191,0.8778026905829597,0.7489240169525146,0.7489240169525146,0.7489240169525146,892.0,0.22300000488758087
local,local,,,2,89,data_4000_4_2.5_chordal_rep01,train_epoch,train,,,24,0.1526860671043396,,,,,,,,4000,,,,,,,,,,,
local,local,,,2,89,data_4000_4_2.5_chordal_rep01,val_epoch,val,,,24,,0.17232790678739549,0.94625,0.7795000076293945,0.9138000160372063,0.9072715640068054,0.9072715640068054,0.9072715640068054,4000,,,,,,,,,,,
local,local,,,2,89,data_4000_4_2.5_chordal_rep01,val_epoch_task,val,cycle2,,24,,,,,,,,,4000,1320.0,11.0,2659.0,10.0,0.9917355371900827,0.9924812030075187,0.9921082854270935,0.9921082854270935,0.9921082854270935,1330.0,0.33250001072883606
local,local,,,2,89,data_4000_4_2.5_chordal_rep01,val_epoch_task,val,cycle3,,24,,,,,,,,,4000,1318.0,25.0,2653.0,4.0,0.9813849590469099,0.9969742813918305,0.989118218421936,0.989118218421936,0.989118218421936,1322.0,0.3305000066757202
local,local,,,2,89,data_4000_4_2.5_chordal_rep01,val_epoch_task,val,cycle4,,24,,,,,,,,,4000,1223.0,56.0,2699.0,22.0,0.9562157935887412,0.9823293172690764,0.9690966606140137,0.9690966606140137,0.9690966606140137,1245.0,0.3112500011920929
local,local,,,2,89,data_4000_4_2.5_chordal_rep01,val_epoch_task,val,cycle5,,24,,,,,,,,,4000,1034.0,261.0,2664.0,41.0,0.7984555984555984,0.9618604651162791,0.8725737929344177,0.8725737929344177,0.8725737929344177,1075.0,0.26875001192092896
local,local,,,2,89,data_4000_4_2.5_chordal_rep01,val_epoch_task,val,cycle6,,24,,,,,,,,,4000,803.0,556.0,2552.0,89.0,0.5908756438557763,0.9002242152466368,0.7134606838226318,0.7134606838226318,0.7134606838226318,892.0,0.22300000488758087
local,local,,,2,89,data_4000_4_2.5_chordal_rep01,train_epoch,train,,,25,0.1419920285344124,,,,,,,,4000,,,,,,,,,,,
local,local,,,2,89,data_4000_4_2.5_chordal_rep01,val_epoch,val,,,25,,0.1855712900161743,0.95305,0.8077499866485596,0.9229380385720148,0.9147509336471558,0.9147509336471558,0.9147509336471558,4000,,,,,,,,,,,
local,local,,,2,89,data_4000_4_2.5_chordal_rep01,val_epoch_task,val,cycle2,,25,,,,,,,,,4000,1330.0,19.0,2651.0,0.0,0.9859154929577465,1.0,0.9929078221321106,0.9929078221321106,0.9929078221321106,1330.0,0.33250001072883606
local,local,,,2,89,data_4000_4_2.5_chordal_rep01,val_epoch_task,val,cycle3,,25,,,,,,,,,4000,1319.0,35.0,2643.0,3.0,0.9741506646971935,0.9977307110438729,0.9857996702194214,0.9857996702194214,0.9857996702194214,1322.0,0.3305000066757202
local,local,,,2,89,data_4000_4_2.5_chordal_rep01,val_epoch_task,val,cycle4,,25,,,,,,,,,4000,1212.0,73.0,2682.0,33.0,0.9431906614785992,0.9734939759036144,0.9581027626991272,0.9581027626991272,0.9581027626991272,1245.0,0.3112500011920929
local,local,,,2,89,data_4000_4_2.5_chordal_rep01,val_epoch_task,val,cycle5,,25,,,,,,,,,4000,983.0,119.0,2806.0,92.0,0.8920145190562614,0.9144186046511628,0.9030776619911194,0.9030776619911194,0.9030776619911194,1075.0,0.26875001192092896
local,local,,,2,89,data_4000_4_2.5_chordal_rep01,val_epoch_task,val,cycle6,,25,,,,,,,,,4000,779.0,452.0,2656.0,113.0,0.6328188464662876,0.8733183856502242,0.7338671684265137,0.7338671684265137,0.7338671684265137,892.0,0.22300000488758087
local,local,,,2,89,data_4000_4_2.5_chordal_rep01,train_epoch,train,,,26,0.15018064016103744,,,,,,,,4000,,,,,,,,,,,
local,local,,,2,89,data_4000_4_2.5_chordal_rep01,val_epoch,val,,,26,,0.1814179590344429,0.95225,0.8080000281333923,0.9221742319289382,0.9130153656005859,0.9130153656005859,0.9130153656005859,4000,,,,,,,,,,,
local,local,,,2,89,data_4000_4_2.5_chordal_rep01,val_epoch_task,val,cycle2,,26,,,,,,,,,4000,1327.0,9.0,2661.0,3.0,0.9932634730538922,0.9977443609022556,0.9954988956451416,0.9954988956451416,0.9954988956451416,1330.0,0.33250001072883606
local,local,,,2,89,data_4000_4_2.5_chordal_rep01,val_epoch_task,val,cycle3,,26,,,,,,,,,4000,1305.0,21.0,2657.0,17.0,0.9841628959276018,0.9871406959152799,0.985649585723877,0.985649585723877,0.985649585723877,1322.0,0.3305000066757202
local,local,,,2,89,data_4000_4_2.5_chordal_rep01,val_epoch_task,val,cycle4,,26,,,,,,,,,4000,1226.0,91.0,2664.0,19.0,0.9309035687167806,0.9847389558232932,0.9570647478103638,0.9570647478103638,0.9570647478103638,1245.0,0.3112500011920929
local,local,,,2,89,data_4000_4_2.5_chordal_rep01,val_epoch_task,val,cycle5,,26,,,,,,,,,4000,1051.0,230.0,2695.0,24.0,0.8204527712724434,0.9776744186046512,0.8921900987625122,0.8921900987625122,0.8921900987625122,1075.0,0.26875001192092896
local,local,,,2,89,data_4000_4_2.5_chordal_rep01,val_epoch_task,val,cycle6,,26,,,,,,,,,4000,749.0,398.0,2710.0,143.0,0.6530078465562337,0.8396860986547086,0.7346738576889038,0.7346738576889038,0.7346738576889038,892.0,0.22300000488758087
local,local,,,2,89,data_4000_4_2.5_chordal_rep01,train_epoch,train,,,27,0.1344449915587902,,,,,,,,4000,,,,,,,,,,,
local,local,,,2,89,data_4000_4_2.5_chordal_rep01,val_epoch,val,,,27,,0.1922668394446373,0.9583,0.8297500014305115,0.930267558528428,0.9193841218948364,0.9193841218948364,0.9193841218948364,4000,,,,,,,,,,,
local,local,,,2,89,data_4000_4_2.5_chordal_rep01,val_epoch_task,val,cycle2,,27,,,,,,,,,4000,1330.0,17.0,2653.0,0.0,0.9873793615441723,1.0,0.9936496615409851,0.9936496615409851,0.9936496615409851,1330.0,0.33250001072883606
local,local,,,2,89,data_4000_4_2.5_chordal_rep01,val_epoch_task,val,cycle3,,27,,,,,,,,,4000,1319.0,25.0,2653.0,3.0,0.9813988095238095,0.9977307110438729,0.9894973635673523,0.9894973635673523,0.9894973635673523,1322.0,0.3305000066757202
local,local,,,2,89,data_4000_4_2.5_chordal_rep01,val_epoch_task,val,cycle4,,27,,,,,,,,,4000,1208.0,53.0,2702.0,37.0,0.9579698651863601,0.970281124497992,0.96408611536026,0.96408611536026,0.96408611536026,1245.0,0.3112500011920929
local,local,,,2,89,data_4000_4_2.5_chordal_rep01,val_epoch_task,val,cycle5,,27,,,,,,,,,4000,988.0,133.0,2792.0,87.0,0.8813559322033898,0.9190697674418604,0.8998178243637085,0.8998178243637085,0.8998178243637085,1075.0,0.26875001192092896
local,local,,,2,89,data_4000_4_2.5_chordal_rep01,val_epoch_task,val,cycle6,,27,,,,,,,,,4000,718.0,305.0,2803.0,174.0,0.7018572825024438,0.804932735426009,0.7498695254325867,0.7498695254325867,0.7498695254325867,892.0,0.22300000488758087
local,local,,,2,89,data_4000_4_2.5_chordal_rep01,train_epoch,train,,,28,0.1348097128868103,,,,,,,,4000,,,,,,,,,,,
local,local,,,2,89,data_4000_4_2.5_chordal_rep01,val_epoch,val,,,28,,0.17630871897935868,0.95045,0.800000011920929,0.9199838514331853,0.9123700261116028,0.9123700261116028,0.9123700261116028,4000,,,,,,,,,,,
local,local,,,2,89,data_4000_4_2.5_chordal_rep01,val_epoch_task,val,cycle2,,28,,,,,,,,,4000,1329.0,12.0,2658.0,1.0,0.9910514541387024,0.9992481203007518,0.9951329231262207,0.9951329231262207,0.9951329231262207,1330.0,0.33250001072883606
local,local,,,2,89,data_4000_4_2.5_chordal_rep01,val_epoch_task,val,cycle3,,28,,,,,,,,,4000,1322.0,33.0,2645.0,0.0,0.9756457564575646,1.0,0.9876728057861328,0.9876728057861328,0.9876728057861328,1322.0,0.3305000066757202
local,local,,,2,89,data_4000_4_2.5_chordal_rep01,val_epoch_task,val,cycle4,,28,,,,,,,,,4000,1226.0,88.0,2667.0,19.0,0.9330289193302892,0.9847389558232932,0.9581868052482605,0.9581868052482605,0.9581868052482605,1245.0,0.3112500011920929
local,local,,,2,89,data_4000_4_2.5_chordal_rep01,val_epoch_task,val,cycle5,,28,,,,,,,,,4000,1036.0,188.0,2737.0,39.0,0.8464052287581699,0.9637209302325581,0.9012613892555237,0.9012613892555237,0.9012613892555237,1075.0,0.26875001192092896
local,local,,,2,89,data_4000_4_2.5_chordal_rep01,val_epoch_task,val,cycle6,,28,,,,,,,,,4000,784.0,503.0,2605.0,108.0,0.6091686091686092,0.8789237668161435,0.7195960879325867,0.7195960879325867,0.7195960879325867,892.0,0.22300000488758087
local,local,,,2,89,data_4000_4_2.5_chordal_rep01,train_epoch,train,,,29,0.13817086559534072,,,,,,,,4000,,,,,,,,,,,
local,local,,,2,89,data_4000_4_2.5_chordal_rep01,val_epoch,val,,,29,,0.1839236051440239,0.95225,0.8047500252723694,0.9220980504119423,0.9147881269454956,0.9147881269454956,0.9147881269454956,4000,,,,,,,,,,,
local,local,,,2,89,data_4000_4_2.5_chordal_rep01,val_epoch_task,val,cycle2,,29,,,,,,,,,4000,1330.0,27.0,2643.0,0.0,0.9801031687546058,1.0,0.9899516105651855,0.9899516105651855,0.9899516105651855,1330.0,0.33250001072883606
local,local,,,2,89,data_4000_4_2.5_chordal_rep01,val_epoch_task,val,cycle3,,29,,,,,,,,,4000,1318.0,34.0,2644.0,4.0,0.9748520710059172,0.9969742813918305,0.9857891201972961,0.9857891201972961,0.9857891201972961,1322.0,0.3305000066757202
local,local,,,2,89,data_4000_4_2.5_chordal_rep01,val_epoch_task,val,cycle4,,29,,,,,,,,,4000,1206.0,89.0,2666.0,39.0,0.9312741312741313,0.9686746987951808,0.9496062994003296,0.9496062994003296,0.9496062994003296,1245.0,0.3112500011920929
local,local,,,2,89,data_4000_4_2.5_chordal_rep01,val_epoch_task,val,cycle5,,29,,,,,,,,,4000,1004.0,121.0,2804.0,71.0,0.8924444444444445,0.933953488372093,0.9127272367477417,0.9127272367477417,0.9127272367477417,1075.0,0.26875001192092896
local,local,,,2,89,data_4000_4_2.5_chordal_rep01,val_epoch_task,val,cycle6,,29,,,,,,,,,4000,794.0,472.0,2636.0,98.0,0.627172195892575,0.8901345291479821,0.7358665466308594,0.7358665466308594,0.7358665466308594,892.0,0.22300000488758087
local,local,,,2,89,data_4000_4_2.5_chordal_rep01,train_epoch,train,,,30,0.1465647388100624,,,,,,,,4000,,,,,,,,,,,
local,local,,,2,89,data_4000_4_2.5_chordal_rep01,val_epoch,val,,,30,,0.1727247428894043,0.94745,0.7940000295639038,0.9156974412448864,0.9081047773361206,0.9081047773361206,0.9081047773361206,4000,,,,,,,,,,,
local,local,,,2,89,data_4000_4_2.5_chordal_rep01,val_epoch_task,val,cycle2,,30,,,,,,,,,4000,1329.0,23.0,2647.0,1.0,0.9829881656804734,0.9992481203007518,0.9910514950752258,0.9910514950752258,0.9910514950752258,1330.0,0.33250001072883606
local,local,,,2,89,data_4000_4_2.5_chordal_rep01,val_epoch_task,val,cycle3,,30,,,,,,,,,4000,1322.0,39.0,2639.0,0.0,0.9713445995591476,1.0,0.9854640364646912,0.9854640364646912,0.9854640364646912,1322.0,0.3305000066757202
local,local,,,2,89,data_4000_4_2.5_chordal_rep01,val_epoch_task,val,cycle4,,30,,,,,,,,,4000,1230.0,117.0,2638.0,15.0,0.9131403118040089,0.9879518072289156,0.9490740895271301,0.9490740895271301,0.9490740895271301,1245.0,0.3112500011920929
local,local,,,2,89,data_4000_4_2.5_chordal_rep01,val_epoch_task,val,cycle5,,30,,,,,,,,,4000,1029.0,237.0,2688.0,46.0,0.8127962085308057,0.9572093023255814,0.8791115283966064,0.8791115283966064,0.8791115283966064,1075.0,0.26875001192092896
local,local,,,2,89,data_4000_4_2.5_chordal_rep01,val_epoch_task,val,cycle6,,30,,,,,,,,,4000,798.0,479.0,2629.0,94.0,0.624902114330462,0.8946188340807175,0.7358229160308838,0.7358229160308838,0.7358229160308838,892.0,0.22300000488758087
local,local,,,2,89,data_4000_4_2.5_chordal_rep01,train_epoch,train,,,31,0.13253387624025345,,,,,,,,4000,,,,,,,,,,,
local,local,,,2,89,data_4000_4_2.5_chordal_rep01,val_epoch,val,,,31,,0.16528559279441835,0.94525,0.7904999852180481,0.9134455774247096,0.9077275991439819,0.9077275991439819,0.9077275991439819,4000,,,,,,,,,,,
local,local,,,2,89,data_4000_4_2.5_chordal_rep01,val_epoch_task,val,cycle2,,31,,,,,,,,,4000,1330.0,17.0,2653.0,0.0,0.9873793615441723,1.0,0.9936496615409851,0.9936496615409851,0.9936496615409851,1330.0,0.33250001072883606
local,local,,,2,89,data_4000_4_2.5_chordal_rep01,val_epoch_task,val,cycle3,,31,,,,,,,,,4000,1321.0,64.0,2614.0,1.0,0.9537906137184116,0.9992435703479576,0.9759881496429443,0.9759881496429443,0.9759881496429443,1322.0,0.3305000066757202
local,local,,,2,89,data_4000_4_2.5_chordal_rep01,val_epoch_task,val,cycle4,,31,,,,,,,,,4000,1231.0,123.0,2632.0,14.0,0.9091580502215657,0.9887550200803212,0.9472874402999878,0.9472874402999878,0.9472874402999878,1245.0,0.3112500011920929
local,local,,,2,89,data_4000_4_2.5_chordal_rep01,val_epoch_task,val,cycle5,,31,,,,,,,,,4000,1053.0,253.0,2672.0,22.0,0.8062787136294027,0.9795348837209302,0.8845022916793823,0.8845022916793823,0.8845022916793823,1075.0,0.26875001192092896
local,local,,,2,89,data_4000_4_2.5_chordal_rep01,val_epoch_task,val,cycle6,,31,,,,,,,,,4000,843.0,552.0,2556.0,49.0,0.6043010752688172,0.945067264573991,0.7372103333473206,0.7372103333473206,0.7372103333473206,892.0,0.22300000488758087
local,local,,,2,89,data_4000_4_2.5_chordal_rep01,train_epoch,train,,,32,0.1316844025552273,,,,,,,,4000,,,,,,,,,,,
local,local,,,2,89,data_4000_4_2.5_chordal_rep01,val_epoch,val,,,32,,0.21025035524368285,0.95345,0.8065000176429749,0.9222027241581015,0.9118726849555969,0.9118726849555969,0.9118726849555969,4000,,,,,,,,,,,
local,local,,,2,89,data_4000_4_2.5_chordal_rep01,val_epoch_task,val,cycle2,,32,,,,,,,,,4000,1329.0,18.0,2652.0,1.0,0.9866369710467706,0.9992481203007518,0.9929025769233704,0.9929025769233704,0.9929025769233704,1330.0,0.33250001072883606
local,local,,,2,89,data_4000_4_2.5_chordal_rep01,val_epoch_task,val,cycle3,,32,,,,,,,,,4000,1318.0,30.0,2648.0,4.0,0.9777448071216617,0.9969742813918305,0.987265944480896,0.987265944480896,0.987265944480896,1322.0,0.3305000066757202
local,local,,,2,89,data_4000_4_2.5_chordal_rep01,val_epoch_task,val,cycle4,,32,,,,,,,,,4000,1214.0,65.0,2690.0,31.0,0.9491790461297889,0.9751004016064257,0.9619651436805725,0.9619651436805725,0.9619651436805725,1245.0,0.3112500011920929
local,local,,,2,89,data_4000_4_2.5_chordal_rep01,val_epoch_task,val,cycle5,,32,,,,,,,,,4000,915.0,70.0,2855.0,160.0,0.9289340101522843,0.8511627906976744,0.8883495330810547,0.8883495330810547,0.8883495330810547,1075.0,0.26875001192092896
local,local,,,2,89,data_4000_4_2.5_chordal_rep01,val_epoch_task,val,cycle6,,32,,,,,,,,,4000,742.0,402.0,2706.0,150.0,0.6486013986013986,0.8318385650224215,0.7288801670074463,0.7288801670074463,0.7288801670074463,892.0,0.22300000488758087
local,local,,,2,89,data_4000_4_2.5_chordal_rep01,train_epoch,train,,,33,0.13624380347132684,,,,,,,,4000,,,,,,,,,,,
local,local,,,2,89,data_4000_4_2.5_chordal_rep01,val_epoch,val,,,33,,0.19154720431566238,0.95655,0.8222500085830688,0.9273350614599885,0.9164531826972961,0.9164531826972961,0.9164531826972961,4000,,,,,,,,,,,
local,local,,,2,89,data_4000_4_2.5_chordal_rep01,val_epoch_task,val,cycle2,,33,,,,,,,,,4000,1330.0,15.0,2655.0,0.0,0.9888475836431226,1.0,0.9943925142288208,0.9943925142288208,0.9943925142288208,1330.0,0.33250001072883606
local,local,,,2,89,data_4000_4_2.5_chordal_rep01,val_epoch_task,val,cycle3,,33,,,,,,,,,4000,1321.0,41.0,2637.0,1.0,0.9698972099853157,0.9992435703479576,0.9843516945838928,0.9843516945838928,0.9843516945838928,1322.0,0.3305000066757202
local,local,,,2,89,data_4000_4_2.5_chordal_rep01,val_epoch_task,val,cycle4,,33,,,,,,,,,4000,1201.0,50.0,2705.0,44.0,0.9600319744204636,0.9646586345381526,0.9623396992683411,0.9623396992683411,0.9623396992683411,1245.0,0.3112500011920929
local,local,,,2,89,data_4000_4_2.5_chordal_rep01,val_epoch_task,val,cycle5,,33,,,,,,,,,4000,975.0,118.0,2807.0,100.0,0.8920402561756633,0.9069767441860465,0.8994465470314026,0.8994465470314026,0.8994465470314026,1075.0,0.26875001192092896
local,local,,,2,89,data_4000_4_2.5_chordal_rep01,val_epoch_task,val,cycle6,,33,,,,,,,,,4000,718.0,326.0,2782.0,174.0,0.6877394636015326,0.804932735426009,0.741735577583313,0.741735577583313,0.741735577583313,892.0,0.22300000488758087
local,local,,,2,89,data_4000_4_2.5_chordal_rep01,train_epoch,train,,,34,0.13198192262649536,,,,,,,,4000,,,,,,,,,,,
local,local,,,2,89,data_4000_4_2.5_chordal_rep01,val_epoch,val,,,34,,0.1670301533937454,0.9568,0.8240000009536743,0.9288888888888889,0.9194362759590149,0.9194362759590149,0.9194362759590149,4000,,,,,,,,,,,
local,local,,,2,89,data_4000_4_2.5_chordal_rep01,val_epoch_task,val,cycle2,,34,,,,,,,,,4000,1328.0,15.0,2655.0,2.0,0.9888309754281459,0.9984962406015038,0.993640124797821,0.993640124797821,0.993640124797821,1330.0,0.33250001072883606
local,local,,,2,89,data_4000_4_2.5_chordal_rep01,val_epoch_task,val,cycle3,,34,,,,,,,,,4000,1316.0,21.0,2657.0,6.0,0.9842931937172775,0.9954614220877458,0.9898458123207092,0.9898458123207092,0.9898458123207092,1322.0,0.3305000066757202
local,local,,,2,89,data_4000_4_2.5_chordal_rep01,val_epoch_task,val,cycle4,,34,,,,,,,,,4000,1224.0,64.0,2691.0,21.0,0.9503105590062112,0.983132530120482,0.9664430022239685,0.9664430022239685,0.9664430022239685,1245.0,0.3112500011920929
local,local,,,2,89,data_4000_4_2.5_chordal_rep01,val_epoch_task,val,cycle5,,34,,,,,,,,,4000,1025.0,180.0,2745.0,50.0,0.8506224066390041,0.9534883720930233,0.8991228342056274,0.8991228342056274,0.8991228342056274,1075.0,0.26875001192092896
local,local,,,2,89,data_4000_4_2.5_chordal_rep01,val_epoch_task,val,cycle6,,34,,,,,,,,,4000,750.0,363.0,2745.0,142.0,0.6738544474393531,0.8408071748878924,0.748129665851593,0.748129665851593,0.748129665851593,892.0,0.22300000488758087
local,local,,,2,89,data_4000_4_2.5_chordal_rep01,train_epoch,train,,,35,0.12488488948345185,,,,,,,,4000,,,,,,,,,,,
local,local,,,2,89,data_4000_4_2.5_chordal_rep01,val_epoch,val,,,35,,0.201086435765028,0.9558,0.8205000162124634,0.9252620899560365,0.9145334959030151,0.9145334959030151,0.9145334959030151,4000,,,,,,,,,,,
local,local,,,2,89,data_4000_4_2.5_chordal_rep01,val_epoch_task,val,cycle2,,35,,,,,,,,,4000,1323.0,14.0,2656.0,7.0,0.9895287958115183,0.9947368421052631,0.9921260476112366,0.9921260476112366,0.9921260476112366,1330.0,0.33250001072883606
local,local,,,2,89,data_4000_4_2.5_chordal_rep01,val_epoch_task,val,cycle3,,35,,,,,,,,,4000,1282.0,22.0,2656.0,40.0,0.9831288343558282,0.9697428139183056,0.9763899445533752,0.9763899445533752,0.9763899445533752,1322.0,0.3305000066757202
local,local,,,2,89,data_4000_4_2.5_chordal_rep01,val_epoch_task,val,cycle4,,35,,,,,,,,,4000,1152.0,46.0,2709.0,93.0,0.9616026711185309,0.9253012048192771,0.9431027173995972,0.9431027173995972,0.9431027173995972,1245.0,0.3112500011920929
local,local,,,2,89,data_4000_4_2.5_chordal_rep01,val_epoch_task,val,cycle5,,35,,,,,,,,,4000,1022.0,168.0,2757.0,53.0,0.8588235294117647,0.9506976744186046,0.9024282693862915,0.9024282693862915,0.9024282693862915,1075.0,0.26875001192092896
local,local,,,2,89,data_4000_4_2.5_chordal_rep01,val_epoch_task,val,cycle6,,35,,,,,,,,,4000,693.0,242.0,2866.0,199.0,0.7411764705882353,0.7769058295964125,0.7586206197738647,0.7586206197738647,0.7586206197738647,892.0,0.22300000488758087
local,local,,,2,89,data_4000_4_2.5_chordal_rep01,train_epoch,train,,,36,0.11843616104125977,,,,,,,,4000,,,,,,,,,,,
local,local,,,2,89,data_4000_4_2.5_chordal_rep01,val_epoch,val,,,36,,0.2030087138414383,0.96125,0.8417500257492065,0.9339919938676433,0.9197782278060913,0.9197782278060913,0.9197782278060913,4000,,,,,,,,,,,
local,local,,,2,89,data_4000_4_2.5_chordal_rep01,val_epoch_task,val,cycle2,,36,,,,,,,,,4000,1330.0,20.0,2650.0,0.0,0.9851851851851852,1.0,0.9925373792648315,0.9925373792648315,0.9925373792648315,1330.0,0.33250001072883606
local,local,,,2,89,data_4000_4_2.5_chordal_rep01,val_epoch_task,val,cycle3,,36,,,,,,,,,4000,1314.0,15.0,2663.0,8.0,0.9887133182844243,0.9939485627836612,0.9913240075111389,0.9913240075111389,0.9913240075111389,1322.0,0.3305000066757202
local,local,,,2,89,data_4000_4_2.5_chordal_rep01,val_epoch_task,val,cycle4,,36,,,,,,,,,4000,1211.0,55.0,2700.0,34.0,0.9565560821484992,0.9726907630522088,0.9645559191703796,0.9645559191703796,0.9645559191703796,1245.0,0.3112500011920929
local,local,,,2,89,data_4000_4_2.5_chordal_rep01,val_epoch_task,val,cycle5,,36,,,,,,,,,4000,990.0,109.0,2816.0,85.0,0.9008189262966333,0.9209302325581395,0.9107635617256165,0.9107635617256165,0.9107635617256165,1075.0,0.26875001192092896
local,local,,,2,89,data_4000_4_2.5_chordal_rep01,val_epoch_task,val,cycle6,,36,,,,,,,,,4000,638.0,195.0,2913.0,254.0,0.765906362545018,0.7152466367713004,0.7397100925445557,0.7397100925445557,0.7397100925445557,892.0,0.22300000488758087
local,local,,,2,89,data_4000_4_2.5_chordal_rep01,train_epoch,train,,,37,0.13284567242860795,,,,,,,,4000,,,,,,,,,,,
local,local,,,2,89,data_4000_4_2.5_chordal_rep01,val_epoch,val,,,37,,0.20940343308448792,0.95235,0.8059999942779541,0.9200972583214555,0.9102481603622437,0.9102481603622437,0.9102481603622437,4000,,,,,,,,,,,
local,local,,,2,89,data_4000_4_2.5_chordal_rep01,val_epoch_task,val,cycle2,,37,,,,,,,,,4000,1330.0,21.0,2649.0,0.0,0.9844559585492227,1.0,0.9921671152114868,0.9921671152114868,0.9921671152114868,1330.0,0.33250001072883606
local,local,,,2,89,data_4000_4_2.5_chordal_rep01,val_epoch_task,val,cycle3,,37,,,,,,,,,4000,1322.0,40.0,2638.0,0.0,0.9706314243759178,1.0,0.9850968718528748,0.9850968718528748,0.9850968718528748,1322.0,0.3305000066757202
local,local,,,2,89,data_4000_4_2.5_chordal_rep01,val_epoch_task,val,cycle4,,37,,,,,,,,,4000,1169.0,36.0,2719.0,76.0,0.9701244813278008,0.9389558232931727,0.954285740852356,0.954285740852356,0.954285740852356,1245.0,0.3112500011920929
local,local,,,2,89,data_4000_4_2.5_chordal_rep01,val_epoch_task,val,cycle5,,37,,,,,,,,,4000,901.0,96.0,2829.0,174.0,0.9037111334002006,0.838139534883721,0.8696911334991455,0.8696911334991455,0.8696911334991455,1075.0,0.26875001192092896
local,local,,,2,89,data_4000_4_2.5_chordal_rep01,val_epoch_task,val,cycle6,,37,,,,,,,,,4000,765.0,383.0,2725.0,127.0,0.6663763066202091,0.8576233183856502,0.75,0.75,0.75,892.0,0.22300000488758087
local,local,,,2,89,data_4000_4_2.5_chordal_rep01,train_epoch,train,,,38,0.1320429688692093,,,,,,,,4000,,,,,,,,,,,
local,local,,,2,89,data_4000_4_2.5_chordal_rep01,val_epoch,val,,,38,,0.15474957299232484,0.95905,0.8324999809265137,0.9326535646739578,0.9246318936347961,0.9246318936347961,0.9246318936347961,4000,,,,,,,,,,,
local,local,,,2,89,data_4000_4_2.5_chordal_rep01,val_epoch_task,val,cycle2,,38,,,,,,,,,4000,1330.0,14.0,2656.0,0.0,0.9895833333333334,1.0,0.9947644472122192,0.9947644472122192,0.9947644472122192,1330.0,0.33250001072883606
local,local,,,2,89,data_4000_4_2.5_chordal_rep01,val_epoch_task,val,cycle3,,38,,,,,,,,,4000,1315.0,22.0,2656.0,7.0,0.9835452505609573,0.9947049924357034,0.9890936613082886,0.9890936613082886,0.9890936613082886,1322.0,0.3305000066757202
local,local,,,2,89,data_4000_4_2.5_chordal_rep01,val_epoch_task,val,cycle4,,38,,,,,,,,,4000,1219.0,68.0,2687.0,26.0,0.9471639471639471,0.9791164658634538,0.9628751873970032,0.9628751873970032,0.9628751873970032,1245.0,0.3112500011920929
local,local,,,2,89,data_4000_4_2.5_chordal_rep01,val_epoch_task,val,cycle5,,38,,,,,,,,,4000,1019.0,144.0,2781.0,56.0,0.8761822871883062,0.947906976744186,0.910634458065033,0.910634458065033,0.910634458065033,1075.0,0.26875001192092896
local,local,,,2,89,data_4000_4_2.5_chordal_rep01,val_epoch_task,val,cycle6,,38,,,,,,,,,4000,788.0,378.0,2730.0,104.0,0.6758147512864494,0.8834080717488789,0.7657920122146606,0.7657920122146606,0.7657920122146606,892.0,0.22300000488758087
local,local,,,2,89,data_4000_4_2.5_chordal_rep01,train_epoch,train,,,39,0.13218190610408784,,,,,,,,4000,,,,,,,,,,,
local,local,,,2,89,data_4000_4_2.5_chordal_rep01,val_epoch,val,,,39,,0.16126163518428802,0.9496,0.796999990940094,0.919565911267156,0.9147432446479797,0.9147432446479797,0.9147432446479797,4000,,,,,,,,,,,
local,local,,,2,89,data_4000_4_2.5_chordal_rep01,val_epoch_task,val,cycle2,,39,,,,,,,,,4000,1330.0,18.0,2652.0,0.0,0.9866468842729971,1.0,0.9932785630226135,0.9932785630226135,0.9932785630226135,1330.0,0.33250001072883606
local,local,,,2,89,data_4000_4_2.5_chordal_rep01,val_epoch_task,val,cycle3,,39,,,,,,,,,4000,1317.0,7.0,2671.0,5.0,0.9947129909365559,0.9962178517397882,0.9954648613929749,0.9954648613929749,0.9954648613929749,1322.0,0.3305000066757202
local,local,,,2,89,data_4000_4_2.5_chordal_rep01,val_epoch_task,val,cycle4,,39,,,,,,,,,4000,1217.0,70.0,2685.0,28.0,0.9456099456099456,0.9775100401606426,0.9612953662872314,0.9612953662872314,0.9612953662872314,1245.0,0.3112500011920929
local,local,,,2,89,data_4000_4_2.5_chordal_rep01,val_epoch_task,val,cycle5,,39,,,,,,,,,4000,1041.0,221.0,2704.0,34.0,0.8248811410459588,0.9683720930232558,0.8908857703208923,0.8908857703208923,0.8908857703208923,1075.0,0.26875001192092896
local,local,,,2,89,data_4000_4_2.5_chordal_rep01,val_epoch_task,val,cycle6,,39,,,,,,,,,4000,857.0,590.0,2518.0,35.0,0.5922598479612993,0.9607623318385651,0.7327917814254761,0.7327917814254761,0.7327917814254761,892.0,0.22300000488758087
local,local,,,2,89,data_4000_4_2.5_chordal_rep01,train_epoch,train,,,40,0.11425801545381546,,,,,,,,4000,,,,,,,,,,,
local,local,,,2,89,data_4000_4_2.5_chordal_rep01,val_epoch,val,,,40,,0.19626473113894463,0.9623,0.8420000076293945,0.9355004277159966,0.9196578860282898,0.9196578860282898,0.9196578860282898,4000,,,,,,,,,,,
local,local,,,2,89,data_4000_4_2.5_chordal_rep01,val_epoch_task,val,cycle2,,40,,,,,,,,,4000,1329.0,8.0,2662.0,1.0,0.994016454749439,0.9992481203007518,0.9966253638267517,0.9966253638267517,0.9966253638267517,1330.0,0.33250001072883606
local,local,,,2,89,data_4000_4_2.5_chordal_rep01,val_epoch_task,val,cycle3,,40,,,,,,,,,4000,1315.0,20.0,2658.0,7.0,0.9850187265917603,0.9947049924357034,0.9898382425308228,0.9898382425308228,0.9898382425308228,1322.0,0.3305000066757202
local,local,,,2,89,data_4000_4_2.5_chordal_rep01,val_epoch_task,val,cycle4,,40,,,,,,,,,4000,1218.0,61.0,2694.0,27.0,0.9523064894448788,0.9783132530120482,0.9651347398757935,0.9651347398757935,0.9651347398757935,1245.0,0.3112500011920929
local,local,,,2,89,data_4000_4_2.5_chordal_rep01,val_epoch_task,val,cycle5,,40,,,,,,,,,4000,1000.0,106.0,2819.0,75.0,0.9041591320072333,0.9302325581395349,0.9170105457305908,0.9170105457305908,0.9170105457305908,1075.0,0.26875001192092896
local,local,,,2,89,data_4000_4_2.5_chordal_rep01,val_epoch_task,val,cycle6,,40,,,,,,,,,4000,606.0,163.0,2945.0,286.0,0.788036410923277,0.679372197309417,0.7296808362007141,0.7296808362007141,0.7296808362007141,892.0,0.22300000488758087
local,local,,,2,89,data_4000_4_2.5_chordal_rep01,train_epoch,train,,,41,0.12269622492790222,,,,,,,,4000,,,,,,,,,,,
local,local,,,2,89,data_4000_4_2.5_chordal_rep01,val_epoch,val,,,41,,0.18947015249729157,0.96015,0.8372499942779541,0.9328729049103007,0.9208194017410278,0.9208194017410278,0.9208194017410278,4000,,,,,,,,,,,
local,local,,,2,89,data_4000_4_2.5_chordal_rep01,val_epoch_task,val,cycle2,,41,,,,,,,,,4000,1327.0,11.0,2659.0,3.0,0.9917787742899851,0.9977443609022556,0.9947526454925537,0.9947526454925537,0.9947526454925537,1330.0,0.33250001072883606
local,local,,,2,89,data_4000_4_2.5_chordal_rep01,val_epoch_task,val,cycle3,,41,,,,,,,,,4000,1322.0,26.0,2652.0,0.0,0.9807121661721068,1.0,0.9902621507644653,0.9902621507644653,0.9902621507644653,1322.0,0.3305000066757202
local,local,,,2,89,data_4000_4_2.5_chordal_rep01,val_epoch_task,val,cycle4,,41,,,,,,,,,4000,1213.0,57.0,2698.0,32.0,0.9551181102362205,0.97429718875502,0.9646123647689819,0.9646123647689819,0.9646123647689819,1245.0,0.3112500011920929
local,local,,,2,89,data_4000_4_2.5_chordal_rep01,val_epoch_task,val,cycle5,,41,,,,,,,,,4000,987.0,113.0,2812.0,88.0,0.8972727272727272,0.9181395348837209,0.9075861573219299,0.9075861573219299,0.9075861573219299,1075.0,0.26875001192092896
local,local,,,2,89,data_4000_4_2.5_chordal_rep01,val_epoch_task,val,cycle6,,41,,,,,,,,,4000,689.0,264.0,2844.0,203.0,0.7229800629590766,0.7724215246636771,0.7468835115432739,0.7468835115432739,0.7468835115432739,892.0,0.22300000488758087
local,local,,,2,89,data_4000_4_2.5_chordal_rep01,train_epoch,train,,,42,0.12126775878667831,,,,,,,,4000,,,,,,,,,,,
local,local,,,2,89,data_4000_4_2.5_chordal_rep01,val_epoch,val,,,42,,0.17110705918073654,0.9601,0.8337500095367432,0.9337539432176656,0.9232931137084961,0.9232931137084961,0.9232931137084961,4000,,,,,,,,,,,
local,local,,,2,89,data_4000_4_2.5_chordal_rep01,val_epoch_task,val,cycle2,,42,,,,,,,,,4000,1330.0,7.0,2663.0,0.0,0.9947643979057592,1.0,0.9973753690719604,0.9973753690719604,0.9973753690719604,1330.0,0.33250001072883606
local,local,,,2,89,data_4000_4_2.5_chordal_rep01,val_epoch_task,val,cycle3,,42,,,,,,,,,4000,1322.0,47.0,2631.0,0.0,0.9656683710737765,1.0,0.9825343489646912,0.9825343489646912,0.9825343489646912,1322.0,0.3305000066757202
local,local,,,2,89,data_4000_4_2.5_chordal_rep01,val_epoch_task,val,cycle4,,42,,,,,,,,,4000,1231.0,89.0,2666.0,14.0,0.9325757575757576,0.9887550200803212,0.9598440527915955,0.9598440527915955,0.9598440527915955,1245.0,0.3112500011920929
local,local,,,2,89,data_4000_4_2.5_chordal_rep01,val_epoch_task,val,cycle5,,42,,,,,,,,,4000,1019.0,136.0,2789.0,56.0,0.8822510822510823,0.947906976744186,0.9139013886451721,0.9139013886451721,0.9139013886451721,1075.0,0.26875001192092896
local,local,,,2,89,data_4000_4_2.5_chordal_rep01,val_epoch_task,val,cycle6,,42,,,,,,,,,4000,722.0,279.0,2829.0,170.0,0.7212787212787213,0.8094170403587444,0.7628104090690613,0.7628104090690613,0.7628104090690613,892.0,0.22300000488758087
local,local,,,2,89,data_4000_4_2.5_chordal_rep01,train_epoch,train,,,43,0.12136048144102096,,,,,,,,4000,,,,,,,,,,,
local,local,,,2,89,data_4000_4_2.5_chordal_rep01,val_epoch,val,,,43,,0.15953240203857422,0.9632,0.8462499976158142,0.938358458961474,0.9288951754570007,0.9288951754570007,0.9288951754570007,4000,,,,,,,,,,,
local,local,,,2,89,data_4000_4_2.5_chordal_rep01,val_epoch_task,val,cycle2,,43,,,,,,,,,4000,1330.0,8.0,2662.0,0.0,0.9940209267563528,1.0,0.9970015287399292,0.9970015287399292,0.9970015287399292,1330.0,0.33250001072883606
local,local,,,2,89,data_4000_4_2.5_chordal_rep01,val_epoch_task,val,cycle3,,43,,,,,,,,,4000,1321.0,32.0,2646.0,1.0,0.9763488543976349,0.9992435703479576,0.9876635670661926,0.9876635670661926,0.9876635670661926,1322.0,0.3305000066757202
local,local,,,2,89,data_4000_4_2.5_chordal_rep01,val_epoch_task,val,cycle4,,43,,,,,,,,,4000,1222.0,54.0,2701.0,23.0,0.957680250783699,0.9815261044176706,0.9694565534591675,0.9694565534591675,0.9694565534591675,1245.0,0.3112500011920929
local,local,,,2,89,data_4000_4_2.5_chordal_rep01,val_epoch_task,val,cycle5,,43,,,,,,,,,4000,975.0,82.0,2843.0,100.0,0.9224219489120151,0.9069767441860465,0.9146341681480408,0.9146341681480408,0.9146341681480408,1075.0,0.26875001192092896
local,local,,,2,89,data_4000_4_2.5_chordal_rep01,val_epoch_task,val,cycle6,,43,,,,,,,,,4000,754.0,298.0,2810.0,138.0,0.7167300380228137,0.8452914798206278,0.7757201790809631,0.7757201790809631,0.7757201790809631,892.0,0.22300000488758087
local,local,,,2,89,data_4000_4_2.5_chordal_rep01,train_epoch,train,,,44,0.11248159253597259,,,,,,,,4000,,,,,,,,,,,
local,local,,,2,89,data_4000_4_2.5_chordal_rep01,val_epoch,val,,,44,,0.1708175369501114,0.9534,0.8125,0.9249959761789796,0.9183338284492493,0.9183338284492493,0.9183338284492493,4000,,,,,,,,,,,
local,local,,,2,89,data_4000_4_2.5_chordal_rep01,val_epoch_task,val,cycle2,,44,,,,,,,,,4000,1330.0,15.0,2655.0,0.0,0.9888475836431226,1.0,0.9943925142288208,0.9943925142288208,0.9943925142288208,1330.0,0.33250001072883606
local,local,,,2,89,data_4000_4_2.5_chordal_rep01,val_epoch_task,val,cycle3,,44,,,,,,,,,4000,1316.0,20.0,2658.0,6.0,0.9850299401197605,0.9954614220877458,0.9902181625366211,0.9902181625366211,0.9902181625366211,1322.0,0.3305000066757202
local,local,,,2,89,data_4000_4_2.5_chordal_rep01,val_epoch_task,val,cycle4,,44,,,,,,,,,4000,1234.0,101.0,2654.0,11.0,0.9243445692883895,0.9911646586345382,0.9565891623497009,0.9565891623497009,0.9565891623497009,1245.0,0.3112500011920929
local,local,,,2,89,data_4000_4_2.5_chordal_rep01,val_epoch_task,val,cycle5,,44,,,,,,,,,4000,1048.0,195.0,2730.0,27.0,0.8431214802896219,0.9748837209302326,0.9042277932167053,0.9042277932167053,0.9042277932167053,1075.0,0.26875001192092896
local,local,,,2,89,data_4000_4_2.5_chordal_rep01,val_epoch_task,val,cycle6,,44,,,,,,,,,4000,819.0,484.0,2624.0,73.0,0.6285495011511896,0.9181614349775785,0.7462414503097534,0.7462414503097534,0.7462414503097534,892.0,0.22300000488758087
local,local,,,2,89,data_4000_4_2.5_chordal_rep01,train_epoch,train,,,45,0.10603030049800873,,,,,,,,4000,,,,,,,,,,,
local,local,,,2,89,data_4000_4_2.5_chordal_rep01,val_epoch,val,,,45,,0.19420512461662293,0.94185,0.7722499966621399,0.908848655850772,0.9043323397636414,0.9043323397636414,0.9043323397636414,4000,,,,,,,,,,,
local,local,,,2,89,data_4000_4_2.5_chordal_rep01,val_epoch_task,val,cycle2,,45,,,,,,,,,4000,1330.0,16.0,2654.0,0.0,0.9881129271916791,1.0,0.994020938873291,0.994020938873291,0.994020938873291,1330.0,0.33250001072883606
local,local,,,2,89,data_4000_4_2.5_chordal_rep01,val_epoch_task,val,cycle3,,45,,,,,,,,,4000,1322.0,42.0,2636.0,0.0,0.969208211143695,1.0,0.9843633770942688,0.9843633770942688,0.9843633770942688,1322.0,0.3305000066757202
local,local,,,2,89,data_4000_4_2.5_chordal_rep01,val_epoch_task,val,cycle4,,45,,,,,,,,,4000,1237.0,168.0,2587.0,8.0,0.8804270462633452,0.993574297188755,0.9335849285125732,0.9335849285125732,0.9335849285125732,1245.0,0.3112500011920929
local,local,,,2,89,data_4000_4_2.5_chordal_rep01,val_epoch_task,val,cycle5,,45,,,,,,,,,4000,1048.0,235.0,2690.0,27.0,0.8168355416991426,0.9748837209302326,0.8888888955116272,0.8888888955116272,0.8888888955116272,1075.0,0.26875001192092896
local,local,,,2,89,data_4000_4_2.5_chordal_rep01,val_epoch_task,val,cycle6,,45,,,,,,,,,4000,861.0,636.0,2472.0,31.0,0.5751503006012024,0.9652466367713004,0.7208036780357361,0.7208036780357361,0.7208036780357361,892.0,0.22300000488758087
local,local,,,2,89,data_4000_4_2.5_chordal_rep01,train_epoch,train,,,46,0.1108704543709755,,,,,,,,4000,,,,,,,,,,,
local,local,,,2,89,data_4000_4_2.5_chordal_rep01,val_epoch,val,,,46,,0.18657470560073852,0.9626,0.8477500081062317,0.9366531165311652,0.924280047416687,0.924280047416687,0.924280047416687,4000,,,,,,,,,,,
local,local,,,2,89,data_4000_4_2.5_chordal_rep01,val_epoch_task,val,cycle2,,46,,,,,,,,,4000,1330.0,16.0,2654.0,0.0,0.9881129271916791,1.0,0.994020938873291,0.994020938873291,0.994020938873291,1330.0,0.33250001072883606
local,local,,,2,89,data_4000_4_2.5_chordal_rep01,val_epoch_task,val,cycle3,,46,,,,,,,,,4000,1322.0,25.0,2653.0,0.0,0.9814402375649591,1.0,0.9906331896781921,0.9906331896781921,0.9906331896781921,1322.0,0.3305000066757202
local,local,,,2,89,data_4000_4_2.5_chordal_rep01,val_epoch_task,val,cycle4,,46,,,,,,,,,4000,1219.0,76.0,2679.0,26.0,0.9413127413127413,0.9791164658634538,0.9598424434661865,0.9598424434661865,0.9598424434661865,1245.0,0.3112500011920929
local,local,,,2,89,data_4000_4_2.5_chordal_rep01,val_epoch_task,val,cycle5,,46,,,,,,,,,4000,987.0,128.0,2797.0,88.0,0.885201793721973,0.9181395348837209,0.9013698697090149,0.9013698697090149,0.9013698697090149,1075.0,0.26875001192092896
local,local,,,2,89,data_4000_4_2.5_chordal_rep01,val_epoch_task,val,cycle6,,46,,,,,,,,,4000,672.0,169.0,2939.0,220.0,0.7990487514863258,0.7533632286995515,0.7755337357521057,0.7755337357521057,0.7755337357521057,892.0,0.22300000488758087
local,local,,,2,89,data_4000_4_2.5_chordal_rep01,train_epoch,train,,,47,0.10687682220339775,,,,,,,,4000,,,,,,,,,,,
local,local,,,2,89,data_4000_4_2.5_chordal_rep01,val_epoch,val,,,47,,0.16013924235105514,0.9654,0.8634999990463257,0.941829186281103,0.9321775436401367,0.9321775436401367,0.9321775436401367,4000,,,,,,,,,,,
local,local,,,2,89,data_4000_4_2.5_chordal_rep01,val_epoch_task,val,cycle2,,47,,,,,,,,,4000,1328.0,13.0,2657.0,2.0,0.9903057419835943,0.9984962406015038,0.9943841099739075,0.9943841099739075,0.9943841099739075,1330.0,0.33250001072883606
local,local,,,2,89,data_4000_4_2.5_chordal_rep01,val_epoch_task,val,cycle3,,47,,,,,,,,,4000,1321.0,49.0,2629.0,1.0,0.9642335766423358,0.9992435703479576,0.981426477432251,0.981426477432251,0.981426477432251,1322.0,0.3305000066757202
local,local,,,2,89,data_4000_4_2.5_chordal_rep01,val_epoch_task,val,cycle4,,47,,,,,,,,,4000,1210.0,51.0,2704.0,35.0,0.9595559080095163,0.9718875502008032,0.965682327747345,0.965682327747345,0.965682327747345,1245.0,0.3112500011920929
local,local,,,2,89,data_4000_4_2.5_chordal_rep01,val_epoch_task,val,cycle5,,47,,,,,,,,,4000,1017.0,114.0,2811.0,58.0,0.8992042440318302,0.946046511627907,0.9220308065414429,0.9220308065414429,0.9220308065414429,1075.0,0.26875001192092896
local,local,,,2,89,data_4000_4_2.5_chordal_rep01,val_epoch_task,val,cycle6,,47,,,,,,,,,4000,726.0,203.0,2905.0,166.0,0.7814854682454252,0.8139013452914798,0.7973641157150269,0.7973641157150269,0.7973641157150269,892.0,0.22300000488758087
local,local,,,2,89,data_4000_4_2.5_chordal_rep01,train_epoch,train,,,48,0.10640664368867875,,,,,,,,4000,,,,,,,,,,,
local,local,,,2,89,data_4000_4_2.5_chordal_rep01,val_epoch,val,,,48,,0.14733644771575927,0.95685,0.8267499804496765,0.9300591620066456,0.9240330457687378,0.9240330457687378,0.9240330457687378,4000,,,,,,,,,,,
local,local,,,2,89,data_4000_4_2.5_chordal_rep01,val_epoch_task,val,cycle2,,48,,,,,,,,,4000,1330.0,21.0,2649.0,0.0,0.9844559585492227,1.0,0.9921671152114868,0.9921671152114868,0.9921671152114868,1330.0,0.33250001072883606
local,local,,,2,89,data_4000_4_2.5_chordal_rep01,val_epoch_task,val,cycle3,,48,,,,,,,,,4000,1315.0,19.0,2659.0,7.0,0.9857571214392804,0.9947049924357034,0.9902108907699585,0.9902108907699585,0.9902108907699585,1322.0,0.3305000066757202
local,local,,,2,89,data_4000_4_2.5_chordal_rep01,val_epoch_task,val,cycle4,,48,,,,,,,,,4000,1212.0,42.0,2713.0,33.0,0.9665071770334929,0.9734939759036144,0.9699879884719849,0.9699879884719849,0.9699879884719849,1245.0,0.3112500011920929
local,local,,,2,89,data_4000_4_2.5_chordal_rep01,val_epoch_task,val,cycle5,,48,,,,,,,,,4000,1035.0,196.0,2729.0,40.0,0.8407798537774167,0.9627906976744186,0.8976582288742065,0.8976582288742065,0.8976582288742065,1075.0,0.26875001192092896
local,local,,,2,89,data_4000_4_2.5_chordal_rep01,val_epoch_task,val,cycle6,,48,,,,,,,,,4000,846.0,459.0,2649.0,46.0,0.6482758620689655,0.9484304932735426,0.770141065120697,0.770141065120697,0.770141065120697,892.0,0.22300000488758087
local,local,,,2,89,data_4000_4_2.5_chordal_rep01,train_epoch,train,,,49,0.10470993369817734,,,,,,,,4000,,,,,,,,,,,
local,local,,,2,89,data_4000_4_2.5_chordal_rep01,val_epoch,val,,,49,,0.21214255118370057,0.9632,0.8489999771118164,0.9364091930188353,0.9199365377426147,0.9199365377426147,0.9199365377426147,4000,,,,,,,,,,,
local,local,,,2,89,data_4000_4_2.5_chordal_rep01,val_epoch_task,val,cycle2,,49,,,,,,,,,4000,1330.0,16.0,2654.0,0.0,0.9881129271916791,1.0,0.994020938873291,0.994020938873291,0.994020938873291,1330.0,0.33250001072883606
local,local,,,2,89,data_4000_4_2.5_chordal_rep01,val_epoch_task,val,cycle3,,49,,,,,,,,,4000,1322.0,24.0,2654.0,0.0,0.9821693907875185,1.0,0.9910045266151428,0.9910045266151428,0.9910045266151428,1322.0,0.3305000066757202
local,local,,,2,89,data_4000_4_2.5_chordal_rep01,val_epoch_task,val,cycle4,,49,,,,,,,,,4000,1203.0,51.0,2704.0,42.0,0.9593301435406698,0.9662650602409638,0.9627850651741028,0.9627850651741028,0.9627850651741028,1245.0,0.3112500011920929
local,local,,,2,89,data_4000_4_2.5_chordal_rep01,val_epoch_task,val,cycle5,,49,,,,,,,,,4000,974.0,89.0,2836.0,101.0,0.916274694261524,0.906046511627907,0.9111318588256836,0.9111318588256836,0.9111318588256836,1075.0,0.26875001192092896
local,local,,,2,89,data_4000_4_2.5_chordal_rep01,val_epoch_task,val,cycle6,,49,,,,,,,,,4000,590.0,111.0,2997.0,302.0,0.8416547788873039,0.6614349775784754,0.7407407164573669,0.7407407164573669,0.7407407164573669,892.0,0.22300000488758087
local,local,,,2,89,data_4000_4_2.5_chordal_rep01,train_epoch,train,,,50,0.11241560757160186,,,,,,,,4000,,,,,,,,,,,
local,local,,,2,89,data_4000_4_2.5_chordal_rep01,val_epoch,val,,,50,,0.18598540782928466,0.96335,0.8477500081062317,0.9377706087104168,0.9265845417976379,0.9265845417976379,0.9265845417976379,4000,,,,,,,,,,,
local,local,,,2,89,data_4000_4_2.5_chordal_rep01,val_epoch_task,val,cycle2,,50,,,,,,,,,4000,1330.0,20.0,2650.0,0.0,0.9851851851851852,1.0,0.9925373792648315,0.9925373792648315,0.9925373792648315,1330.0,0.33250001072883606
local,local,,,2,89,data_4000_4_2.5_chordal_rep01,val_epoch_task,val,cycle3,,50,,,,,,,,,4000,1320.0,31.0,2647.0,2.0,0.9770540340488527,0.9984871406959153,0.9876543283462524,0.9876543283462524,0.9876543283462524,1322.0,0.3305000066757202
local,local,,,2,89,data_4000_4_2.5_chordal_rep01,val_epoch_task,val,cycle4,,50,,,,,,,,,4000,1191.0,48.0,2707.0,54.0,0.9612590799031477,0.9566265060240964,0.9589372277259827,0.9589372277259827,0.9589372277259827,1245.0,0.3112500011920929
local,local,,,2,89,data_4000_4_2.5_chordal_rep01,val_epoch_task,val,cycle5,,50,,,,,,,,,4000,988.0,102.0,2823.0,87.0,0.9064220183486239,0.9190697674418604,0.9127020835876465,0.9127020835876465,0.9127020835876465,1075.0,0.26875001192092896
local,local,,,2,89,data_4000_4_2.5_chordal_rep01,val_epoch_task,val,cycle6,,50,,,,,,,,,4000,694.0,191.0,2917.0,198.0,0.784180790960452,0.7780269058295964,0.7810916900634766,0.7810916900634766,0.7810916900634766,892.0,0.22300000488758087
local,local,,,2,89,data_4000_4_2.5_chordal_rep01,train_epoch,train,,,51,0.10556102502346039,,,,,,,,4000,,,,,,,,,,,
local,local,,,2,89,data_4000_4_2.5_chordal_rep01,val_epoch,val,,,51,,0.16210035210847853,0.9595,0.8357499837875366,0.9332674246169056,0.924501895904541,0.924501895904541,0.924501895904541,4000,,,,,,,,,,,
local,local,,,2,89,data_4000_4_2.5_chordal_rep01,val_epoch_task,val,cycle2,,51,,,,,,,,,4000,1330.0,29.0,2641.0,0.0,0.9786607799852833,1.0,0.9892152547836304,0.9892152547836304,0.9892152547836304,1330.0,0.33250001072883606
local,local,,,2,89,data_4000_4_2.5_chordal_rep01,val_epoch_task,val,cycle3,,51,,,,,,,,,4000,1321.0,35.0,2643.0,1.0,0.974188790560472,0.9992435703479576,0.9865571856498718,0.9865571856498718,0.9865571856498718,1322.0,0.3305000066757202
local,local,,,2,89,data_4000_4_2.5_chordal_rep01,val_epoch_task,val,cycle4,,51,,,,,,,,,4000,1228.0,115.0,2640.0,17.0,0.9143708116157856,0.9863453815261044,0.9489953517913818,0.9489953517913818,0.9489953517913818,1245.0,0.3112500011920929
local,local,,,2,89,data_4000_4_2.5_chordal_rep01,val_epoch_task,val,cycle5,,51,,,,,,,,,4000,1023.0,151.0,2774.0,52.0,0.8713798977853492,0.9516279069767442,0.9097377061843872,0.9097377061843872,0.9097377061843872,1075.0,0.26875001192092896
local,local,,,2,89,data_4000_4_2.5_chordal_rep01,val_epoch_task,val,cycle6,,51,,,,,,,,,4000,762.0,280.0,2828.0,130.0,0.7312859884836852,0.8542600896860987,0.7880041599273682,0.7880041599273682,0.7880041599273682,892.0,0.22300000488758087
local,local,,,2,89,data_4000_4_2.5_chordal_rep01,train_epoch,train,,,52,0.11545803064107894,,,,,,,,4000,,,,,,,,,,,
local,local,,,2,89,data_4000_4_2.5_chordal_rep01,val_epoch,val,,,52,,0.16575267487764359,0.96225,0.8477500081062317,0.937411920749399,0.9298273324966431,0.9298273324966431,0.9298273324966431,4000,,,,,,,,,,,
local,local,,,2,89,data_4000_4_2.5_chordal_rep01,val_epoch_task,val,cycle2,,52,,,,,,,,,4000,1330.0,17.0,2653.0,0.0,0.9873793615441723,1.0,0.9936496615409851,0.9936496615409851,0.9936496615409851,1330.0,0.33250001072883606
local,local,,,2,89,data_4000_4_2.5_chordal_rep01,val_epoch_task,val,cycle3,,52,,,,,,,,,4000,1321.0,31.0,2647.0,1.0,0.9770710059171598,0.9992435703479576,0.988032877445221,0.988032877445221,0.988032877445221,1322.0,0.3305000066757202
local,local,,,2,89,data_4000_4_2.5_chordal_rep01,val_epoch_task,val,cycle4,,52,,,,,,,,,4000,1188.0,36.0,2719.0,57.0,0.9705882352941176,0.9542168674698795,0.9623329043388367,0.9623329043388367,0.9623329043388367,1245.0,0.3112500011920929
local,local,,,2,89,data_4000_4_2.5_chordal_rep01,val_epoch_task,val,cycle5,,52,,,,,,,,,4000,1017.0,129.0,2796.0,58.0,0.887434554973822,0.946046511627907,0.9158036708831787,0.9158036708831787,0.9158036708831787,1075.0,0.26875001192092896
local,local,,,2,89,data_4000_4_2.5_chordal_rep01,val_epoch_task,val,cycle6,,52,,,,,,,,,4000,798.0,332.0,2776.0,94.0,0.7061946902654868,0.8946188340807175,0.7893175482749939,0.7893175482749939,0.7893175482749939,892.0,0.22300000488758087
local,local,,,2,89,data_4000_4_2.5_chordal_rep01,train_epoch,train,,,53,0.09884472525119782,,,,,,,,4000,,,,,,,,,,,
local,local,,,2,89,data_4000_4_2.5_chordal_rep01,val_epoch,val,,,53,,0.15907342702150346,0.9649,0.8569999933242798,0.9414121181772659,0.9330043792724609,0.9330043792724609,0.9330043792724609,4000,,,,,,,,,,,
local,local,,,2,89,data_4000_4_2.5_chordal_rep01,val_epoch_task,val,cycle2,,53,,,,,,,,,4000,1329.0,20.0,2650.0,1.0,0.9851742031134173,0.9992481203007518,0.9921612739562988,0.9921612739562988,0.9921612739562988,1330.0,0.33250001072883606
local,local,,,2,89,data_4000_4_2.5_chordal_rep01,val_epoch_task,val,cycle3,,53,,,,,,,,,4000,1322.0,83.0,2595.0,0.0,0.9409252669039145,1.0,0.9695636034011841,0.9695636034011841,0.9695636034011841,1322.0,0.3305000066757202
local,local,,,2,89,data_4000_4_2.5_chordal_rep01,val_epoch_task,val,cycle4,,53,,,,,,,,,4000,1205.0,35.0,2720.0,40.0,0.9717741935483871,0.9678714859437751,0.9698188900947571,0.9698188900947571,0.9698188900947571,1245.0,0.3112500011920929
local,local,,,2,89,data_4000_4_2.5_chordal_rep01,val_epoch_task,val,cycle5,,53,,,,,,,,,4000,1038.0,148.0,2777.0,37.0,0.8752107925801011,0.9655813953488372,0.9181778430938721,0.9181778430938721,0.9181778430938721,1075.0,0.26875001192092896
local,local,,,2,89,data_4000_4_2.5_chordal_rep01,val_epoch_task,val,cycle6,,53,,,,,,,,,4000,746.0,192.0,2916.0,146.0,0.7953091684434968,0.8363228699551569,0.8153005242347717,0.8153005242347717,0.8153005242347717,892.0,0.22300000488758087
local,local,,,2,89,data_4000_4_2.5_chordal_rep01,train_epoch,train,,,54,0.10252292394638061,,,,,,,,4000,,,,,,,,,,,
local,local,,,2,89,data_4000_4_2.5_chordal_rep01,val_epoch,val,,,54,,0.23094366562366486,0.96315,0.8457499742507935,0.9365257083799845,0.9204344749450684,0.9204344749450684,0.9204344749450684,4000,,,,,,,,,,,
local,local,,,2,89,data_4000_4_2.5_chordal_rep01,val_epoch_task,val,cycle2,,54,,,,,,,,,4000,1329.0,7.0,2663.0,1.0,0.9947604790419161,0.9992481203007518,0.9969992637634277,0.9969992637634277,0.9969992637634277,1330.0,0.33250001072883606
local,local,,,2,89,data_4000_4_2.5_chordal_rep01,val_epoch_task,val,cycle3,,54,,,,,,,,,4000,1321.0,21.0,2657.0,1.0,0.9843517138599106,0.9992435703479576,0.9917417764663696,0.9917417764663696,0.9917417764663696,1322.0,0.3305000066757202
local,local,,,2,89,data_4000_4_2.5_chordal_rep01,val_epoch_task,val,cycle4,,54,,,,,,,,,4000,1213.0,67.0,2688.0,32.0,0.94765625,0.97429718875502,0.9607921242713928,0.9607921242713928,0.9607921242713928,1245.0,0.3112500011920929
local,local,,,2,89,data_4000_4_2.5_chordal_rep01,val_epoch_task,val,cycle5,,54,,,,,,,,,4000,974.0,84.0,2841.0,101.0,0.9206049149338374,0.906046511627907,0.9132677316665649,0.9132677316665649,0.9132677316665649,1075.0,0.26875001192092896
local,local,,,2,89,data_4000_4_2.5_chordal_rep01,val_epoch_task,val,cycle6,,54,,,,,,,,,4000,600.0,131.0,2977.0,292.0,0.8207934336525308,0.672645739910314,0.7393715381622314,0.7393715381622314,0.7393715381622314,892.0,0.22300000488758087
local,local,,,2,89,data_4000_4_2.5_chordal_rep01,train_epoch,train,,,55,0.09327178213000298,,,,,,,,4000,,,,,,,,,,,
local,local,,,2,89,data_4000_4_2.5_chordal_rep01,val_epoch,val,,,55,,0.17562777388095857,0.963,0.846750020980835,0.9380545789385568,0.9269489049911499,0.9269489049911499,0.9269489049911499,4000,,,,,,,,,,,
local,local,,,2,89,data_4000_4_2.5_chordal_rep01,val_epoch_task,val,cycle2,,55,,,,,,,,,4000,1329.0,9.0,2661.0,1.0,0.9932735426008968,0.9992481203007518,0.9962518811225891,0.9962518811225891,0.9962518811225891,1330.0,0.33250001072883606
local,local,,,2,89,data_4000_4_2.5_chordal_rep01,val_epoch_task,val,cycle3,,55,,,,,,,,,4000,1320.0,20.0,2658.0,2.0,0.9850746268656716,0.9984871406959153,0.9917355179786682,0.9917355179786682,0.9917355179786682,1322.0,0.3305000066757202
local,local,,,2,89,data_4000_4_2.5_chordal_rep01,val_epoch_task,val,cycle4,,55,,,,,,,,,4000,1231.0,69.0,2686.0,14.0,0.946923076923077,0.9887550200803212,0.9673870205879211,0.9673870205879211,0.9673870205879211,1245.0,0.3112500011920929
local,local,,,2,89,data_4000_4_2.5_chordal_rep01,val_epoch_task,val,cycle5,,55,,,,,,,,,4000,1018.0,164.0,2761.0,57.0,0.8612521150592216,0.9469767441860465,0.9020824432373047,0.9020824432373047,0.9020824432373047,1075.0,0.26875001192092896
local,local,,,2,89,data_4000_4_2.5_chordal_rep01,val_epoch_task,val,cycle6,,55,,,,,,,,,4000,705.0,217.0,2891.0,187.0,0.764642082429501,0.7903587443946188,0.7772877216339111,0.7772877216339111,0.7772877216339111,892.0,0.22300000488758087
local,local,,,2,89,data_4000_4_2.5_chordal_rep01,train_epoch,train,,,56,0.1036209699511528,,,,,,,,4000,,,,,,,,,,,
local,local,,,2,89,data_4000_4_2.5_chordal_rep01,val_epoch,val,,,56,,0.15470536476373672,0.9627,0.8517500162124634,0.938387842748596,0.9299018979072571,0.9299018979072571,0.9299018979072571,4000,,,,,,,,,,,
local,local,,,2,89,data_4000_4_2.5_chordal_rep01,val_epoch_task,val,cycle2,,56,,,,,,,,,4000,1328.0,12.0,2658.0,2.0,0.991044776119403,0.9984962406015038,0.9947565197944641,0.9947565197944641,0.9947565197944641,1330.0,0.33250001072883606
local,local,,,2,89,data_4000_4_2.5_chordal_rep01,val_epoch_task,val,cycle3,,56,,,,,,,,,4000,1320.0,27.0,2651.0,2.0,0.9799554565701559,0.9984871406959153,0.9891344904899597,0.9891344904899597,0.9891344904899597,1322.0,0.3305000066757202
local,local,,,2,89,data_4000_4_2.5_chordal_rep01,val_epoch_task,val,cycle4,,56,,,,,,,,,4000,1217.0,48.0,2707.0,28.0,0.9620553359683794,0.9775100401606426,0.9697210788726807,0.9697210788726807,0.9697210788726807,1245.0,0.3112500011920929
local,local,,,2,89,data_4000_4_2.5_chordal_rep01,val_epoch_task,val,cycle5,,56,,,,,,,,,4000,1045.0,187.0,2738.0,30.0,0.8482142857142857,0.9720930232558139,0.905938446521759,0.905938446521759,0.905938446521759,1075.0,0.26875001192092896
local,local,,,2,89,data_4000_4_2.5_chordal_rep01,val_epoch_task,val,cycle6,,56,,,,,,,,,4000,771.0,289.0,2819.0,121.0,0.7273584905660377,0.8643497757847534,0.7899590134620667,0.7899590134620667,0.7899590134620667,892.0,0.22300000488758087
local,local,,,2,89,data_4000_4_2.5_chordal_rep01,train_epoch,train,,,57,0.09290169057250022,,,,,,,,4000,,,,,,,,,,,
local,local,,,2,89,data_4000_4_2.5_chordal_rep01,val_epoch,val,,,57,,0.15610272151231766,0.9556,0.8199999928474426,0.9281669632745511,0.9220110774040222,0.9220110774040222,0.9220110774040222,4000,,,,,,,,,,,
local,local,,,2,89,data_4000_4_2.5_chordal_rep01,val_epoch_task,val,cycle2,,57,,,,,,,,,4000,1328.0,12.0,2658.0,2.0,0.991044776119403,0.9984962406015038,0.9947565197944641,0.9947565197944641,0.9947565197944641,1330.0,0.33250001072883606
local,local,,,2,89,data_4000_4_2.5_chordal_rep01,val_epoch_task,val,cycle3,,57,,,,,,,,,4000,1319.0,24.0,2654.0,3.0,0.9821295606850335,0.9977307110438729,0.9898686408996582,0.9898686408996582,0.9898686408996582,1322.0,0.3305000066757202
local,local,,,2,89,data_4000_4_2.5_chordal_rep01,val_epoch_task,val,cycle4,,57,,,,,,,,,4000,1215.0,61.0,2694.0,30.0,0.9521943573667712,0.9759036144578314,0.9639031887054443,0.9639031887054443,0.9639031887054443,1245.0,0.3112500011920929
local,local,,,2,89,data_4000_4_2.5_chordal_rep01,val_epoch_task,val,cycle5,,57,,,,,,,,,4000,1040.0,182.0,2743.0,35.0,0.851063829787234,0.9674418604651163,0.9055289030075073,0.9055289030075073,0.9055289030075073,1075.0,0.26875001192092896
local,local,,,2,89,data_4000_4_2.5_chordal_rep01,val_epoch_task,val,cycle6,,57,,,,,,,,,4000,835.0,482.0,2626.0,57.0,0.6340167046317388,0.9360986547085202,0.7559981942176819,0.7559981942176819,0.7559981942176819,892.0,0.22300000488758087
local,local,,,2,89,data_4000_4_2.5_chordal_rep01,train_epoch,train,,,58,0.10163642728328705,,,,,,,,4000,,,,,,,,,,,
local,local,,,2,89,data_4000_4_2.5_chordal_rep01,val_epoch,val,,,58,,0.15901156640052796,0.96195,0.8454999923706055,0.9369667853888843,0.9278340339660645,0.9278340339660645,0.9278340339660645,4000,,,,,,,,,,,
local,local,,,2,89,data_4000_4_2.5_chordal_rep01,val_epoch_task,val,cycle2,,58,,,,,,,,,4000,1330.0,16.0,2654.0,0.0,0.9881129271916791,1.0,0.994020938873291,0.994020938873291,0.994020938873291,1330.0,0.33250001072883606
local,local,,,2,89,data_4000_4_2.5_chordal_rep01,val_epoch_task,val,cycle3,,58,,,,,,,,,4000,1321.0,46.0,2632.0,1.0,0.9663496708119971,0.9992435703479576,0.9825213551521301,0.9825213551521301,0.9825213551521301,1322.0,0.3305000066757202
local,local,,,2,89,data_4000_4_2.5_chordal_rep01,val_epoch_task,val,cycle4,,58,,,,,,,,,4000,1224.0,91.0,2664.0,21.0,0.9307984790874525,0.983132530120482,0.956250011920929,0.956250011920929,0.956250011920929,1245.0,0.3112500011920929
local,local,,,2,89,data_4000_4_2.5_chordal_rep01,val_epoch_task,val,cycle5,,58,,,,,,,,,4000,1035.0,161.0,2764.0,40.0,0.8653846153846154,0.9627906976744186,0.9114927053451538,0.9114927053451538,0.9114927053451538,1075.0,0.26875001192092896
local,local,,,2,89,data_4000_4_2.5_chordal_rep01,val_epoch_task,val,cycle6,,58,,,,,,,,,4000,746.0,239.0,2869.0,146.0,0.7573604060913706,0.8363228699551569,0.7948854565620422,0.7948854565620422,0.7948854565620422,892.0,0.22300000488758087
local,local,,,2,89,data_4000_4_2.5_chordal_rep01,train_epoch,train,,,59,0.10069775357842445,,,,,,,,4000,,,,,,,,,,,
local,local,,,2,89,data_4000_4_2.5_chordal_rep01,val_epoch,val,,,59,,0.13916310971975326,0.96325,0.8510000109672546,0.9395807644882861,0.9315948486328125,0.9315948486328125,0.9315948486328125,4000,,,,,,,,,,,
local,local,,,2,89,data_4000_4_2.5_chordal_rep01,val_epoch_task,val,cycle2,,59,,,,,,,,,4000,1329.0,10.0,2660.0,1.0,0.9925317401045557,0.9992481203007518,0.9958786368370056,0.9958786368370056,0.9958786368370056,1330.0,0.33250001072883606
local,local,,,2,89,data_4000_4_2.5_chordal_rep01,val_epoch_task,val,cycle3,,59,,,,,,,,,4000,1322.0,31.0,2647.0,0.0,0.9770879526977088,1.0,0.9884112477302551,0.9884112477302551,0.9884112477302551,1322.0,0.3305000066757202
local,local,,,2,89,data_4000_4_2.5_chordal_rep01,val_epoch_task,val,cycle4,,59,,,,,,,,,4000,1236.0,84.0,2671.0,9.0,0.9363636363636364,0.9927710843373494,0.9637426733970642,0.9637426733970642,0.9637426733970642,1245.0,0.3112500011920929
local,local,,,2,89,data_4000_4_2.5_chordal_rep01,val_epoch_task,val,cycle5,,59,,,,,,,,,4000,1043.0,197.0,2728.0,32.0,0.8411290322580646,0.9702325581395349,0.9010798931121826,0.9010798931121826,0.9010798931121826,1075.0,0.26875001192092896
local,local,,,2,89,data_4000_4_2.5_chordal_rep01,val_epoch_task,val,cycle6,,59,,,,,,,,,4000,785.0,264.0,2844.0,107.0,0.7483317445185891,0.8800448430493274,0.8088614344596863,0.8088614344596863,0.8088614344596863,892.0,0.22300000488758087
local,local,,,2,89,data_4000_4_2.5_chordal_rep01,train_epoch,train,,,60,0.11006483453512192,,,,,,,,4000,,,,,,,,,,,
local,local,,,2,89,data_4000_4_2.5_chordal_rep01,val_epoch,val,,,60,,0.15346650171279907,0.9624,0.8532500267028809,0.9380049464138499,0.930529773235321,0.930529773235321,0.930529773235321,4000,,,,,,,,,,,
local,local,,,2,89,data_4000_4_2.5_chordal_rep01,val_epoch_task,val,cycle2,,60,,,,,,,,,4000,1324.0,13.0,2657.0,6.0,0.9902767389678384,0.9954887218045113,0.992875874042511,0.992875874042511,0.992875874042511,1330.0,0.33250001072883606
local,local,,,2,89,data_4000_4_2.5_chordal_rep01,val_epoch_task,val,cycle3,,60,,,,,,,,,4000,1319.0,30.0,2648.0,3.0,0.977761304670126,0.9977307110438729,0.987645149230957,0.987645149230957,0.987645149230957,1322.0,0.3305000066757202
local,local,,,2,89,data_4000_4_2.5_chordal_rep01,val_epoch_task,val,cycle4,,60,,,,,,,,,4000,1209.0,51.0,2704.0,36.0,0.9595238095238096,0.9710843373493976,0.9652694463729858,0.9652694463729858,0.9652694463729858,1245.0,0.3112500011920929
local,local,,,2,89,data_4000_4_2.5_chordal_rep01,val_epoch_task,val,cycle5,,60,,,,,,,,,4000,1037.0,168.0,2757.0,38.0,0.8605809128630706,0.9646511627906976,0.909649133682251,0.909649133682251,0.909649133682251,1075.0,0.26875001192092896
local,local,,,2,89,data_4000_4_2.5_chordal_rep01,val_epoch_task,val,cycle6,,60,,,,,,,,,4000,800.0,315.0,2793.0,92.0,0.7174887892376681,0.8968609865470852,0.7972096800804138,0.7972096800804138,0.7972096800804138,892.0,0.22300000488758087
local,local,,,2,89,data_4000_4_2.5_chordal_rep01,train_epoch,train,,,61,0.09546735057234765,,,,,,,,4000,,,,,,,,,,,
local,local,,,2,89,data_4000_4_2.5_chordal_rep01,val_epoch,val,,,61,,0.13876979780197143,0.96355,0.8525000214576721,0.940201788204413,0.9329850077629089,0.9329850077629089,0.9329850077629089,4000,,,,,,,,,,,
local,local,,,2,89,data_4000_4_2.5_chordal_rep01,val_epoch_task,val,cycle2,,61,,,,,,,,,4000,1330.0,10.0,2660.0,0.0,0.9925373134328358,1.0,0.9962547421455383,0.9962547421455383,0.9962547421455383,1330.0,0.33250001072883606
local,local,,,2,89,data_4000_4_2.5_chordal_rep01,val_epoch_task,val,cycle3,,61,,,,,,,,,4000,1321.0,23.0,2655.0,1.0,0.9828869047619048,0.9992435703479576,0.9909977316856384,0.9909977316856384,0.9909977316856384,1322.0,0.3305000066757202
local,local,,,2,89,data_4000_4_2.5_chordal_rep01,val_epoch_task,val,cycle4,,61,,,,,,,,,4000,1238.0,123.0,2632.0,7.0,0.9096252755326966,0.9943775100401606,0.9501151442527771,0.9501151442527771,0.9501151442527771,1245.0,0.3112500011920929
local,local,,,2,89,data_4000_4_2.5_chordal_rep01,val_epoch_task,val,cycle5,,61,,,,,,,,,4000,1036.0,174.0,2751.0,39.0,0.856198347107438,0.9637209302325581,0.906783401966095,0.906783401966095,0.906783401966095,1075.0,0.26875001192092896
local,local,,,2,89,data_4000_4_2.5_chordal_rep01,val_epoch_task,val,cycle6,,61,,,,,,,,,4000,806.0,266.0,2842.0,86.0,0.7518656716417911,0.9035874439461884,0.8207739591598511,0.8207739591598511,0.8207739591598511,892.0,0.22300000488758087
local,local,,,2,89,data_4000_4_2.5_chordal_rep01,train_epoch,train,,,62,0.09364092639088631,,,,,,,,4000,,,,,,,,,,,
local,local,,,2,89,data_4000_4_2.5_chordal_rep01,val_epoch,val,,,62,,0.15111935502290727,0.9631,0.8500000238418579,0.9388161167302271,0.9304232597351074,0.9304232597351074,0.9304232597351074,4000,,,,,,,,,,,
local,local,,,2,89,data_4000_4_2.5_chordal_rep01,val_epoch_task,val,cycle2,,62,,,,,,,,,4000,1329.0,13.0,2657.0,1.0,0.9903129657228018,0.9992481203007518,0.9947605133056641,0.9947605133056641,0.9947605133056641,1330.0,0.33250001072883606
local,local,,,2,89,data_4000_4_2.5_chordal_rep01,val_epoch_task,val,cycle3,,62,,,,,,,,,4000,1322.0,35.0,2643.0,0.0,0.974207811348563,1.0,0.9869353771209717,0.9869353771209717,0.9869353771209717,1322.0,0.3305000066757202
local,local,,,2,89,data_4000_4_2.5_chordal_rep01,val_epoch_task,val,cycle4,,62,,,,,,,,,4000,1231.0,88.0,2667.0,14.0,0.9332827899924185,0.9887550200803212,0.9602184295654297,0.9602184295654297,0.9602184295654297,1245.0,0.3112500011920929
local,local,,,2,89,data_4000_4_2.5_chordal_rep01,val_epoch_task,val,cycle5,,62,,,,,,,,,4000,1002.0,145.0,2780.0,73.0,0.8735832606800349,0.932093023255814,0.901890218257904,0.901890218257904,0.901890218257904,1075.0,0.26875001192092896
local,local,,,2,89,data_4000_4_2.5_chordal_rep01,val_epoch_task,val,cycle6,,62,,,,,,,,,4000,778.0,255.0,2853.0,114.0,0.7531461761858664,0.8721973094170403,0.8083116412162781,0.8083116412162781,0.8083116412162781,892.0,0.22300000488758087
local,local,,,2,89,data_4000_4_2.5_chordal_rep01,train_epoch,train,,,63,0.1025152822136879,,,,,,,,4000,,,,,,,,,,,
local,local,,,2,89,data_4000_4_2.5_chordal_rep01,val_epoch,val,,,63,,0.14312023133039475,0.9617,0.840499997138977,0.9373978424321674,0.9298622012138367,0.9298622012138367,0.9298622012138367,4000,,,,,,,,,,,
local,local,,,2,89,data_4000_4_2.5_chordal_rep01,val_epoch_task,val,cycle2,,63,,,,,,,,,4000,1330.0,15.0,2655.0,0.0,0.9888475836431226,1.0,0.9943925142288208,0.9943925142288208,0.9943925142288208,1330.0,0.33250001072883606
local,local,,,2,89,data_4000_4_2.5_chordal_rep01,val_epoch_task,val,cycle3,,63,,,,,,,,,4000,1321.0,24.0,2654.0,1.0,0.9821561338289962,0.9992435703479576,0.9906260967254639,0.9906260967254639,0.9906260967254639,1322.0,0.3305000066757202
local,local,,,2,89,data_4000_4_2.5_chordal_rep01,val_epoch_task,val,cycle4,,63,,,,,,,,,4000,1233.0,84.0,2671.0,12.0,0.9362186788154897,0.9903614457831326,0.9625292420387268,0.9625292420387268,0.9625292420387268,1245.0,0.3112500011920929
local,local,,,2,89,data_4000_4_2.5_chordal_rep01,val_epoch_task,val,cycle5,,63,,,,,,,,,4000,1050.0,220.0,2705.0,25.0,0.8267716535433071,0.9767441860465116,0.8955223560333252,0.8955223560333252,0.8955223560333252,1075.0,0.26875001192092896
local,local,,,2,89,data_4000_4_2.5_chordal_rep01,val_epoch_task,val,cycle6,,63,,,,,,,,,4000,801.0,294.0,2814.0,91.0,0.7315068493150685,0.897982062780269,0.8062405586242676,0.8062405586242676,0.8062405586242676,892.0,0.22300000488758087
local,local,,,2,89,data_4000_4_2.5_chordal_rep01,train_epoch,train,,,64,0.10108900165557862,,,,,,,,4000,,,,,,,,,,,
local,local,,,2,89,data_4000_4_2.5_chordal_rep01,val_epoch,val,,,64,,0.14732142317295074,0.96595,0.8607500195503235,0.943235808952238,0.9343215227127075,0.9343215227127075,0.9343215227127075,4000,,,,,,,,,,,
local,local,,,2,89,data_4000_4_2.5_chordal_rep01,val_epoch_task,val,cycle2,,64,,,,,,,,,4000,1329.0,16.0,2654.0,1.0,0.9881040892193309,0.9992481203007518,0.9936448931694031,0.9936448931694031,0.9936448931694031,1330.0,0.33250001072883606
local,local,,,2,89,data_4000_4_2.5_chordal_rep01,val_epoch_task,val,cycle3,,64,,,,,,,,,4000,1320.0,23.0,2655.0,2.0,0.9828741623231572,0.9984871406959153,0.9906191229820251,0.9906191229820251,0.9906191229820251,1322.0,0.3305000066757202
local,local,,,2,89,data_4000_4_2.5_chordal_rep01,val_epoch_task,val,cycle4,,64,,,,,,,,,4000,1227.0,84.0,2671.0,18.0,0.9359267734553776,0.9855421686746988,0.9600939154624939,0.9600939154624939,0.9600939154624939,1245.0,0.3112500011920929
local,local,,,2,89,data_4000_4_2.5_chordal_rep01,val_epoch_task,val,cycle5,,64,,,,,,,,,4000,1038.0,158.0,2767.0,37.0,0.8678929765886287,0.9655813953488372,0.9141347408294678,0.9141347408294678,0.9141347408294678,1075.0,0.26875001192092896
local,local,,,2,89,data_4000_4_2.5_chordal_rep01,val_epoch_task,val,cycle6,,64,,,,,,,,,4000,744.0,194.0,2914.0,148.0,0.7931769722814499,0.8340807174887892,0.8131147623062134,0.8131147623062134,0.8131147623062134,892.0,0.22300000488758087
local,local,,,2,89,data_4000_4_2.5_chordal_rep01,train_epoch,train,,,65,0.09195340755581856,,,,,,,,4000,,,,,,,,,,,
local,local,,,2,89,data_4000_4_2.5_chordal_rep01,val_epoch,val,,,65,,0.14771108651161194,0.95485,0.8220000267028809,0.9277195229328423,0.9219585657119751,0.9219585657119751,0.9219585657119751,4000,,,,,,,,,,,
local,local,,,2,89,data_4000_4_2.5_chordal_rep01,val_epoch_task,val,cycle2,,65,,,,,,,,,4000,1329.0,7.0,2663.0,1.0,0.9947604790419161,0.9992481203007518,0.9969992637634277,0.9969992637634277,0.9969992637634277,1330.0,0.33250001072883606
local,local,,,2,89,data_4000_4_2.5_chordal_rep01,val_epoch_task,val,cycle3,,65,,,,,,,,,4000,1318.0,27.0,2651.0,4.0,0.9799256505576208,0.9969742813918305,0.9883764982223511,0.9883764982223511,0.9883764982223511,1322.0,0.3305000066757202
local,local,,,2,89,data_4000_4_2.5_chordal_rep01,val_epoch_task,val,cycle4,,65,,,,,,,,,4000,1231.0,73.0,2682.0,14.0,0.9440184049079755,0.9887550200803212,0.9658689498901367,0.9658689498901367,0.9658689498901367,1245.0,0.3112500011920929
local,local,,,2,89,data_4000_4_2.5_chordal_rep01,val_epoch_task,val,cycle5,,65,,,,,,,,,4000,1060.0,265.0,2660.0,15.0,0.8,0.986046511627907,0.8833333253860474,0.8833333253860474,0.8833333253860474,1075.0,0.26875001192092896
local,local,,,2,89,data_4000_4_2.5_chordal_rep01,val_epoch_task,val,cycle6,,65,,,,,,,,,4000,857.0,462.0,2646.0,35.0,0.6497346474601972,0.9607623318385651,0.7752148509025574,0.7752148509025574,0.7752148509025574,892.0,0.22300000488758087
local,local,,,2,89,data_4000_4_2.5_chordal_rep01,train_epoch,train,,,66,0.09387291026115417,,,,,,,,4000,,,,,,,,,,,
local,local,,,2,89,data_4000_4_2.5_chordal_rep01,val_epoch,val,,,66,,0.1418146453499794,0.9664,0.8675000071525574,0.9439906651108518,0.9361541867256165,0.9361541867256165,0.9361541867256165,4000,,,,,,,,,,,
local,local,,,2,89,data_4000_4_2.5_chordal_rep01,val_epoch_task,val,cycle2,,66,,,,,,,,,4000,1329.0,13.0,2657.0,1.0,0.9903129657228018,0.9992481203007518,0.9947605133056641,0.9947605133056641,0.9947605133056641,1330.0,0.33250001072883606
local,local,,,2,89,data_4000_4_2.5_chordal_rep01,val_epoch_task,val,cycle3,,66,,,,,,,,,4000,1319.0,37.0,2641.0,3.0,0.9727138643067846,0.9977307110438729,0.9850634932518005,0.9850634932518005,0.9850634932518005,1322.0,0.3305000066757202
local,local,,,2,89,data_4000_4_2.5_chordal_rep01,val_epoch_task,val,cycle4,,66,,,,,,,,,4000,1215.0,61.0,2694.0,30.0,0.9521943573667712,0.9759036144578314,0.9639031887054443,0.9639031887054443,0.9639031887054443,1245.0,0.3112500011920929
local,local,,,2,89,data_4000_4_2.5_chordal_rep01,val_epoch_task,val,cycle5,,66,,,,,,,,,4000,1025.0,154.0,2771.0,50.0,0.8693808312128923,0.9534883720930233,0.9094942212104797,0.9094942212104797,0.9094942212104797,1075.0,0.26875001192092896
local,local,,,2,89,data_4000_4_2.5_chordal_rep01,val_epoch_task,val,cycle6,,66,,,,,,,,,4000,775.0,206.0,2902.0,117.0,0.7900101936799184,0.8688340807174888,0.827549397945404,0.827549397945404,0.827549397945404,892.0,0.22300000488758087
local,local,,,2,89,data_4000_4_2.5_chordal_rep01,train_epoch,train,,,67,0.08939106059074402,,,,,,,,4000,,,,,,,,,,,
local,local,,,2,89,data_4000_4_2.5_chordal_rep01,val_epoch,val,,,67,,0.14101075983047484,0.9663,0.8604999780654907,0.9439081225033289,0.9358305931091309,0.9358305931091309,0.9358305931091309,4000,,,,,,,,,,,
local,local,,,2,89,data_4000_4_2.5_chordal_rep01,val_epoch_task,val,cycle2,,67,,,,,,,,,4000,1328.0,6.0,2664.0,2.0,0.9955022488755623,0.9984962406015038,0.9969969391822815,0.9969969391822815,0.9969969391822815,1330.0,0.33250001072883606
local,local,,,2,89,data_4000_4_2.5_chordal_rep01,val_epoch_task,val,cycle3,,67,,,,,,,,,4000,1318.0,13.0,2665.0,4.0,0.9902329075882795,0.9969742813918305,0.9935921430587769,0.9935921430587769,0.9935921430587769,1322.0,0.3305000066757202
local,local,,,2,89,data_4000_4_2.5_chordal_rep01,val_epoch_task,val,cycle4,,67,,,,,,,,,4000,1218.0,64.0,2691.0,27.0,0.9500780031201248,0.9783132530120482,0.9639889597892761,0.9639889597892761,0.9639889597892761,1245.0,0.3112500011920929
local,local,,,2,89,data_4000_4_2.5_chordal_rep01,val_epoch_task,val,cycle5,,67,,,,,,,,,4000,1031.0,171.0,2754.0,44.0,0.8577371048252912,0.9590697674418605,0.905577540397644,0.905577540397644,0.905577540397644,1075.0,0.26875001192092896
local,local,,,2,89,data_4000_4_2.5_chordal_rep01,val_epoch_task,val,cycle6,,67,,,,,,,,,4000,776.0,227.0,2881.0,116.0,0.773678963110668,0.8699551569506726,0.8189973831176758,0.8189973831176758,0.8189973831176758,892.0,0.22300000488758087
local,local,,,2,89,data_4000_4_2.5_chordal_rep01,train_epoch,train,,,68,0.09326140734553337,,,,,,,,4000,,,,,,,,,,,
local,local,,,2,89,data_4000_4_2.5_chordal_rep01,val_epoch,val,,,68,,0.15084993827342988,0.96725,0.8672500252723694,0.9451561584191577,0.9368375539779663,0.9368375539779663,0.9368375539779663,4000,,,,,,,,,,,
local,local,,,2,89,data_4000_4_2.5_chordal_rep01,val_epoch_task,val,cycle2,,68,,,,,,,,,4000,1325.0,10.0,2660.0,5.0,0.9925093632958801,0.9962406015037594,0.9943714737892151,0.9943714737892151,0.9943714737892151,1330.0,0.33250001072883606
local,local,,,2,89,data_4000_4_2.5_chordal_rep01,val_epoch_task,val,cycle3,,68,,,,,,,,,4000,1320.0,12.0,2666.0,2.0,0.990990990990991,0.9984871406959153,0.9947249293327332,0.9947249293327332,0.9947249293327332,1322.0,0.3305000066757202
local,local,,,2,89,data_4000_4_2.5_chordal_rep01,val_epoch_task,val,cycle4,,68,,,,,,,,,4000,1224.0,100.0,2655.0,21.0,0.9244712990936556,0.983132530120482,0.9528999924659729,0.9528999924659729,0.9528999924659729,1245.0,0.3112500011920929
local,local,,,2,89,data_4000_4_2.5_chordal_rep01,val_epoch_task,val,cycle5,,68,,,,,,,,,4000,1016.0,118.0,2807.0,59.0,0.8959435626102292,0.9451162790697675,0.9198732376098633,0.9198732376098633,0.9198732376098633,1075.0,0.26875001192092896
local,local,,,2,89,data_4000_4_2.5_chordal_rep01,val_epoch_task,val,cycle6,,68,,,,,,,,,4000,759.0,195.0,2913.0,133.0,0.7955974842767296,0.850896860986547,0.8223184943199158,0.8223184943199158,0.8223184943199158,892.0,0.22300000488758087
local,local,,,2,89,data_4000_4_2.5_chordal_rep01,train_epoch,train,,,69,0.0944712114930153,,,,,,,,4000,,,,,,,,,,,
local,local,,,2,89,data_4000_4_2.5_chordal_rep01,val_epoch,val,,,69,,0.14987678503990173,0.96295,0.8510000109672546,0.9389268935959779,0.9318891763687134,0.9318891763687134,0.9318891763687134,4000,,,,,,,,,,,
local,local,,,2,89,data_4000_4_2.5_chordal_rep01,val_epoch_task,val,cycle2,,69,,,,,,,,,4000,1329.0,15.0,2655.0,1.0,0.9888392857142857,0.9992481203007518,0.9940164685249329,0.9940164685249329,0.9940164685249329,1330.0,0.33250001072883606
local,local,,,2,89,data_4000_4_2.5_chordal_rep01,val_epoch_task,val,cycle3,,69,,,,,,,,,4000,1313.0,25.0,2653.0,9.0,0.9813153961136024,0.9931921331316188,0.9872180223464966,0.9872180223464966,0.9872180223464966,1322.0,0.3305000066757202
local,local,,,2,89,data_4000_4_2.5_chordal_rep01,val_epoch_task,val,cycle4,,69,,,,,,,,,4000,1202.0,53.0,2702.0,43.0,0.9577689243027888,0.9654618473895582,0.9616000056266785,0.9616000056266785,0.9616000056266785,1245.0,0.3112500011920929
local,local,,,2,89,data_4000_4_2.5_chordal_rep01,val_epoch_task,val,cycle5,,69,,,,,,,,,4000,1041.0,183.0,2742.0,34.0,0.8504901960784313,0.9683720930232558,0.9056111574172974,0.9056111574172974,0.9056111574172974,1075.0,0.26875001192092896
local,local,,,2,89,data_4000_4_2.5_chordal_rep01,val_epoch_task,val,cycle6,,69,,,,,,,,,4000,811.0,297.0,2811.0,81.0,0.7319494584837545,0.9091928251121076,0.8109999895095825,0.8109999895095825,0.8109999895095825,892.0,0.22300000488758087
local,local,,,2,89,data_4000_4_2.5_chordal_rep01,train_epoch,train,,,70,0.08670643442869186,,,,,,,,4000,,,,,,,,,,,
local,local,,,2,89,data_4000_4_2.5_chordal_rep01,val_epoch,val,,,70,,0.13535637912154197,0.96675,0.8629999756813049,0.9448910251098037,0.93804931640625,0.93804931640625,0.93804931640625,4000,,,,,,,,,,,
local,local,,,2,89,data_4000_4_2.5_chordal_rep01,val_epoch_task,val,cycle2,,70,,,,,,,,,4000,1330.0,10.0,2660.0,0.0,0.9925373134328358,1.0,0.9962547421455383,0.9962547421455383,0.9962547421455383,1330.0,0.33250001072883606
local,local,,,2,89,data_4000_4_2.5_chordal_rep01,val_epoch_task,val,cycle3,,70,,,,,,,,,4000,1320.0,10.0,2668.0,2.0,0.9924812030075187,0.9984871406959153,0.9954751133918762,0.9954751133918762,0.9954751133918762,1322.0,0.3305000066757202
local,local,,,2,89,data_4000_4_2.5_chordal_rep01,val_epoch_task,val,cycle4,,70,,,,,,,,,4000,1223.0,55.0,2700.0,22.0,0.956964006259781,0.9823293172690764,0.9694807529449463,0.9694807529449463,0.9694807529449463,1245.0,0.3112500011920929
local,local,,,2,89,data_4000_4_2.5_chordal_rep01,val_epoch_task,val,cycle5,,70,,,,,,,,,4000,999.0,87.0,2838.0,76.0,0.919889502762431,0.9293023255813954,0.9245719313621521,0.9245719313621521,0.9245719313621521,1075.0,0.26875001192092896
local,local,,,2,89,data_4000_4_2.5_chordal_rep01,val_epoch_task,val,cycle6,,70,,,,,,,,,4000,829.0,340.0,2768.0,63.0,0.7091531223267751,0.929372197309417,0.8044639229774475,0.8044639229774475,0.8044639229774475,892.0,0.22300000488758087
local,local,,,2,89,data_4000_4_2.5_chordal_rep01,train_epoch,train,,,71,0.08739643332362175,,,,,,,,4000,,,,,,,,,,,
local,local,,,2,89,data_4000_4_2.5_chordal_rep01,val_epoch,val,,,71,,0.1460516656637192,0.9585,0.8374999761581421,0.9321673749591368,0.9249314069747925,0.9249314069747925,0.9249314069747925,4000,,,,,,,,,,,
local,local,,,2,89,data_4000_4_2.5_chordal_rep01,val_epoch_task,val,cycle2,,71,,,,,,,,,4000,1325.0,12.0,2658.0,5.0,0.9910246821241586,0.9962406015037594,0.9936257600784302,0.9936257600784302,0.9936257600784302,1330.0,0.33250001072883606
local,local,,,2,89,data_4000_4_2.5_chordal_rep01,val_epoch_task,val,cycle3,,71,,,,,,,,,4000,1318.0,28.0,2650.0,4.0,0.9791976225854383,0.9969742813918305,0.9880059957504272,0.9880059957504272,0.9880059957504272,1322.0,0.3305000066757202
local,local,,,2,89,data_4000_4_2.5_chordal_rep01,val_epoch_task,val,cycle4,,71,,,,,,,,,4000,1218.0,91.0,2664.0,27.0,0.93048128342246,0.9783132530120482,0.9537979364395142,0.9537979364395142,0.9537979364395142,1245.0,0.3112500011920929
local,local,,,2,89,data_4000_4_2.5_chordal_rep01,val_epoch_task,val,cycle5,,71,,,,,,,,,4000,1037.0,252.0,2673.0,38.0,0.804499612102405,0.9646511627906976,0.8773265480995178,0.8773265480995178,0.8773265480995178,1075.0,0.26875001192092896
local,local,,,2,89,data_4000_4_2.5_chordal_rep01,val_epoch_task,val,cycle6,,71,,,,,,,,,4000,805.0,286.0,2822.0,87.0,0.7378551787351054,0.9024663677130045,0.8119012117385864,0.8119012117385864,0.8119012117385864,892.0,0.22300000488758087
local,local,,,2,89,data_4000_4_2.5_chordal_rep01,train_epoch,train,,,72,0.08345833775401115,,,,,,,,4000,,,,,,,,,,,
local,local,,,2,89,data_4000_4_2.5_chordal_rep01,val_epoch,val,,,72,,0.14084884130954742,0.96395,0.8560000061988831,0.9405948751750844,0.9334744215011597,0.9334744215011597,0.9334744215011597,4000,,,,,,,,,,,
local,local,,,2,89,data_4000_4_2.5_chordal_rep01,val_epoch_task,val,cycle2,,72,,,,,,,,,4000,1329.0,11.0,2659.0,1.0,0.9917910447761195,0.9992481203007518,0.9955056309700012,0.9955056309700012,0.9955056309700012,1330.0,0.33250001072883606
local,local,,,2,89,data_4000_4_2.5_chordal_rep01,val_epoch_task,val,cycle3,,72,,,,,,,,,4000,1315.0,35.0,2643.0,7.0,0.9740740740740741,0.9947049924357034,0.9842814207077026,0.9842814207077026,0.9842814207077026,1322.0,0.3305000066757202
local,local,,,2,89,data_4000_4_2.5_chordal_rep01,val_epoch_task,val,cycle4,,72,,,,,,,,,4000,1217.0,65.0,2690.0,28.0,0.9492979719188768,0.9775100401606426,0.9631974697113037,0.9631974697113037,0.9631974697113037,1245.0,0.3112500011920929
local,local,,,2,89,data_4000_4_2.5_chordal_rep01,val_epoch_task,val,cycle5,,72,,,,,,,,,4000,1038.0,143.0,2782.0,37.0,0.8789161727349704,0.9655813953488372,0.9202128052711487,0.9202128052711487,0.9202128052711487,1075.0,0.26875001192092896
local,local,,,2,89,data_4000_4_2.5_chordal_rep01,val_epoch_task,val,cycle6,,72,,,,,,,,,4000,809.0,311.0,2797.0,83.0,0.7223214285714286,0.9069506726457399,0.8041749000549316,0.8041749000549316,0.8041749000549316,892.0,0.22300000488758087
local,local,,,2,89,data_4000_4_2.5_chordal_rep01,train_epoch,train,,,73,0.07591852870583535,,,,,,,,4000,,,,,,,,,,,
local,local,,,2,89,data_4000_4_2.5_chordal_rep01,val_epoch,val,,,73,,0.15120683085918427,0.9688,0.874750018119812,0.9478783828934179,0.9402874112129211,0.9402874112129211,0.9402874112129211,4000,,,,,,,,,,,
local,local,,,2,89,data_4000_4_2.5_chordal_rep01,val_epoch_task,val,cycle2,,73,,,,,,,,,4000,1330.0,8.0,2662.0,0.0,0.9940209267563528,1.0,0.9970015287399292,0.9970015287399292,0.9970015287399292,1330.0,0.33250001072883606
local,local,,,2,89,data_4000_4_2.5_chordal_rep01,val_epoch_task,val,cycle3,,73,,,,,,,,,4000,1319.0,31.0,2647.0,3.0,0.977037037037037,0.9977307110438729,0.9872754812240601,0.9872754812240601,0.9872754812240601,1322.0,0.3305000066757202
local,local,,,2,89,data_4000_4_2.5_chordal_rep01,val_epoch_task,val,cycle4,,73,,,,,,,,,4000,1222.0,71.0,2684.0,23.0,0.9450889404485692,0.9815261044176706,0.9629629254341125,0.9629629254341125,0.9629629254341125,1245.0,0.3112500011920929
local,local,,,2,89,data_4000_4_2.5_chordal_rep01,val_epoch_task,val,cycle5,,73,,,,,,,,,4000,1019.0,103.0,2822.0,56.0,0.9081996434937611,0.947906976744186,0.9276285767555237,0.9276285767555237,0.9276285767555237,1075.0,0.26875001192092896
local,local,,,2,89,data_4000_4_2.5_chordal_rep01,val_epoch_task,val,cycle6,,73,,,,,,,,,4000,784.0,221.0,2887.0,108.0,0.7800995024875622,0.8789237668161435,0.8265683054924011,0.8265683054924011,0.8265683054924011,892.0,0.22300000488758087
local,local,,,2,89,data_4000_4_2.5_chordal_rep01,train_epoch,train,,,74,0.07986668764054775,,,,,,,,4000,,,,,,,,,,,
local,local,,,2,89,data_4000_4_2.5_chordal_rep01,val_epoch,val,,,74,,0.14171956098079683,0.96265,0.8504999876022339,0.939045287637699,0.9328635931015015,0.9328635931015015,0.9328635931015015,4000,,,,,,,,,,,
local,local,,,2,89,data_4000_4_2.5_chordal_rep01,val_epoch_task,val,cycle2,,74,,,,,,,,,4000,1330.0,12.0,2658.0,0.0,0.9910581222056631,1.0,0.9955089688301086,0.9955089688301086,0.9955089688301086,1330.0,0.33250001072883606
local,local,,,2,89,data_4000_4_2.5_chordal_rep01,val_epoch_task,val,cycle3,,74,,,,,,,,,4000,1319.0,22.0,2656.0,3.0,0.9835943325876212,0.9977307110438729,0.9906120896339417,0.9906120896339417,0.9906120896339417,1322.0,0.3305000066757202
local,local,,,2,89,data_4000_4_2.5_chordal_rep01,val_epoch_task,val,cycle4,,74,,,,,,,,,4000,1221.0,66.0,2689.0,24.0,0.9487179487179487,0.980722891566265,0.9644549489021301,0.9644549489021301,0.9644549489021301,1245.0,0.3112500011920929
local,local,,,2,89,data_4000_4_2.5_chordal_rep01,val_epoch_task,val,cycle5,,74,,,,,,,,,4000,1033.0,161.0,2764.0,42.0,0.8651591289782244,0.9609302325581396,0.9105333089828491,0.9105333089828491,0.9105333089828491,1075.0,0.26875001192092896
local,local,,,2,89,data_4000_4_2.5_chordal_rep01,val_epoch_task,val,cycle6,,74,,,,,,,,,4000,851.0,376.0,2732.0,41.0,0.6935615321923391,0.9540358744394619,0.8032090663909912,0.8032090663909912,0.8032090663909912,892.0,0.22300000488758087
local,local,,,2,89,data_4000_4_2.5_chordal_rep01,train_epoch,train,,,75,0.08266087087988853,,,,,,,,4000,,,,,,,,,,,
local,local,,,2,89,data_4000_4_2.5_chordal_rep01,val_epoch,val,,,75,,0.15766559374332428,0.96895,0.8709999918937683,0.9473684210526315,0.9373986124992371,0.9373986124992371,0.9373986124992371,4000,,,,,,,,,,,
local,local,,,2,89,data_4000_4_2.5_chordal_rep01,val_epoch_task,val,cycle2,,75,,,,,,,,,4000,1320.0,7.0,2663.0,10.0,0.9947249434815373,0.9924812030075187,0.9936017394065857,0.9936017394065857,0.9936017394065857,1330.0,0.33250001072883606
local,local,,,2,89,data_4000_4_2.5_chordal_rep01,val_epoch_task,val,cycle3,,75,,,,,,,,,4000,1320.0,13.0,2665.0,2.0,0.9902475618904726,0.9984871406959153,0.994350254535675,0.994350254535675,0.994350254535675,1322.0,0.3305000066757202
local,local,,,2,89,data_4000_4_2.5_chordal_rep01,val_epoch_task,val,cycle4,,75,,,,,,,,,4000,1215.0,43.0,2712.0,30.0,0.965818759936407,0.9759036144578314,0.9708349704742432,0.9708349704742432,0.9708349704742432,1245.0,0.3112500011920929
local,local,,,2,89,data_4000_4_2.5_chordal_rep01,val_epoch_task,val,cycle5,,75,,,,,,,,,4000,1029.0,152.0,2773.0,46.0,0.8712955122777307,0.9572093023255814,0.9122340083122253,0.9122340083122253,0.9122340083122253,1075.0,0.26875001192092896
local,local,,,2,89,data_4000_4_2.5_chordal_rep01,val_epoch_task,val,cycle6,,75,,,,,,,,,4000,705.0,131.0,2977.0,187.0,0.8433014354066986,0.7903587443946188,0.8159722685813904,0.8159722685813904,0.8159722685813904,892.0,0.22300000488758087
local,local,,,2,89,data_4000_4_2.5_chordal_rep01,train_epoch,train,,,76,0.08746956661343575,,,,,,,,4000,,,,,,,,,,,
local,local,,,2,89,data_4000_4_2.5_chordal_rep01,val_epoch,val,,,76,,0.17132911056280137,0.94915,0.7977499961853027,0.9188542248464054,0.912342369556427,0.912342369556427,0.912342369556427,4000,,,,,,,,,,,
local,local,,,2,89,data_4000_4_2.5_chordal_rep01,val_epoch_task,val,cycle2,,76,,,,,,,,,4000,1326.0,16.0,2654.0,4.0,0.9880774962742176,0.9969924812030075,0.9925150275230408,0.9925150275230408,0.9925150275230408,1330.0,0.33250001072883606
local,local,,,2,89,data_4000_4_2.5_chordal_rep01,val_epoch_task,val,cycle3,,76,,,,,,,,,4000,1321.0,38.0,2640.0,1.0,0.9720382634289919,0.9992435703479576,0.9854532480239868,0.9854532480239868,0.9854532480239868,1322.0,0.3305000066757202
local,local,,,2,89,data_4000_4_2.5_chordal_rep01,val_epoch_task,val,cycle4,,76,,,,,,,,,4000,1228.0,85.0,2670.0,17.0,0.9352627570449352,0.9863453815261044,0.9601250290870667,0.9601250290870667,0.9601250290870667,1245.0,0.3112500011920929
local,local,,,2,89,data_4000_4_2.5_chordal_rep01,val_epoch_task,val,cycle5,,76,,,,,,,,,4000,1056.0,306.0,2619.0,19.0,0.775330396475771,0.9823255813953489,0.8666393160820007,0.8666393160820007,0.8666393160820007,1075.0,0.26875001192092896
local,local,,,2,89,data_4000_4_2.5_chordal_rep01,val_epoch_task,val,cycle6,,76,,,,,,,,,4000,827.0,466.0,2642.0,65.0,0.6395978344934261,0.9271300448430493,0.7569793462753296,0.7569793462753296,0.7569793462753296,892.0,0.22300000488758087
local,local,,,2,89,data_4000_4_2.5_chordal_rep01,train_epoch,train,,,77,0.09273923501372337,,,,,,,,4000,,,,,,,,,,,
local,local,,,2,89,data_4000_4_2.5_chordal_rep01,val_epoch,val,,,77,,0.13573265847563742,0.9655,0.862500011920929,0.9429846306395637,0.9352615475654602,0.9352615475654602,0.9352615475654602,4000,,,,,,,,,,,
local,local,,,2,89,data_4000_4_2.5_chordal_rep01,val_epoch_task,val,cycle2,,77,,,,,,,,,4000,1330.0,6.0,2664.0,0.0,0.9955089820359282,1.0,0.9977494478225708,0.9977494478225708,0.9977494478225708,1330.0,0.33250001072883606
local,local,,,2,89,data_4000_4_2.5_chordal_rep01,val_epoch_task,val,cycle3,,77,,,,,,,,,4000,1318.0,31.0,2647.0,4.0,0.9770200148257969,0.9969742813918305,0.9868963360786438,0.9868963360786438,0.9868963360786438,1322.0,0.3305000066757202
local,local,,,2,89,data_4000_4_2.5_chordal_rep01,val_epoch_task,val,cycle4,,77,,,,,,,,,4000,1229.0,62.0,2693.0,16.0,0.9519752130131681,0.98714859437751,0.9692428708076477,0.9692428708076477,0.9692428708076477,1245.0,0.3112500011920929
local,local,,,2,89,data_4000_4_2.5_chordal_rep01,val_epoch_task,val,cycle5,,77,,,,,,,,,4000,1035.0,146.0,2779.0,40.0,0.8763759525825572,0.9627906976744186,0.917553186416626,0.917553186416626,0.917553186416626,1075.0,0.26875001192092896
local,local,,,2,89,data_4000_4_2.5_chordal_rep01,val_epoch_task,val,cycle6,,77,,,,,,,,,4000,794.0,287.0,2821.0,98.0,0.7345050878815911,0.8901345291479821,0.8048657178878784,0.8048657178878784,0.8048657178878784,892.0,0.22300000488758087
local,local,,,2,89,data_4000_4_2.5_chordal_rep01,train_epoch,train,,,78,0.07290419274568558,,,,,,,,4000,,,,,,,,,,,
local,local,,,2,89,data_4000_4_2.5_chordal_rep01,val_epoch,val,,,78,,0.13242780739068985,0.9694,0.8742499947547913,0.94881231180997,0.9418928027153015,0.9418928027153015,0.9418928027153015,4000,,,,,,,,,,,
local,local,,,2,89,data_4000_4_2.5_chordal_rep01,val_epoch_task,val,cycle2,,78,,,,,,,,,4000,1329.0,19.0,2651.0,1.0,0.9859050445103857,0.9992481203007518,0.9925317764282227,0.9925317764282227,0.9925317764282227,1330.0,0.33250001072883606
local,local,,,2,89,data_4000_4_2.5_chordal_rep01,val_epoch_task,val,cycle3,,78,,,,,,,,,4000,1318.0,25.0,2653.0,4.0,0.9813849590469099,0.9969742813918305,0.989118218421936,0.989118218421936,0.989118218421936,1322.0,0.3305000066757202
local,local,,,2,89,data_4000_4_2.5_chordal_rep01,val_epoch_task,val,cycle4,,78,,,,,,,,,4000,1208.0,46.0,2709.0,37.0,0.9633173843700159,0.970281124497992,0.9667867422103882,0.9667867422103882,0.9667867422103882,1245.0,0.3112500011920929
local,local,,,2,89,data_4000_4_2.5_chordal_rep01,val_epoch_task,val,cycle5,,78,,,,,,,,,4000,1012.0,105.0,2820.0,63.0,0.9059982094897046,0.9413953488372093,0.9233577251434326,0.9233577251434326,0.9233577251434326,1075.0,0.26875001192092896
local,local,,,2,89,data_4000_4_2.5_chordal_rep01,val_epoch_task,val,cycle6,,78,,,,,,,,,4000,805.0,225.0,2883.0,87.0,0.7815533980582524,0.9024663677130045,0.8376690745353699,0.8376690745353699,0.8376690745353699,892.0,0.22300000488758087
local,local,,,2,89,data_4000_4_2.5_chordal_rep01,train_epoch,train,,,79,0.07961642515659333,,,,,,,,4000,,,,,,,,,,,
local,local,,,2,89,data_4000_4_2.5_chordal_rep01,val_epoch,val,,,79,,0.14181416273117065,0.96435,0.859000027179718,0.9414084970005753,0.9346793293952942,0.9346793293952942,0.9346793293952942,4000,,,,,,,,,,,
local,local,,,2,89,data_4000_4_2.5_chordal_rep01,val_epoch_task,val,cycle2,,79,,,,,,,,,4000,1330.0,10.0,2660.0,0.0,0.9925373134328358,1.0,0.9962547421455383,0.9962547421455383,0.9962547421455383,1330.0,0.33250001072883606
local,local,,,2,89,data_4000_4_2.5_chordal_rep01,val_epoch_task,val,cycle3,,79,,,,,,,,,4000,1312.0,18.0,2660.0,10.0,0.9864661654135338,0.9924357034795764,0.9894419312477112,0.9894419312477112,0.9894419312477112,1322.0,0.3305000066757202
local,local,,,2,89,data_4000_4_2.5_chordal_rep01,val_epoch_task,val,cycle4,,79,,,,,,,,,4000,1215.0,34.0,2721.0,30.0,0.9727782225780625,0.9759036144578314,0.9743384122848511,0.9743384122848511,0.9743384122848511,1245.0,0.3112500011920929
local,local,,,2,89,data_4000_4_2.5_chordal_rep01,val_epoch_task,val,cycle5,,79,,,,,,,,,4000,1047.0,209.0,2716.0,28.0,0.8335987261146497,0.9739534883720931,0.8983268737792969,0.8983268737792969,0.8983268737792969,1075.0,0.26875001192092896
local,local,,,2,89,data_4000_4_2.5_chordal_rep01,val_epoch_task,val,cycle6,,79,,,,,,,,,4000,824.0,306.0,2802.0,68.0,0.7292035398230089,0.9237668161434978,0.8150346279144287,0.8150346279144287,0.8150346279144287,892.0,0.22300000488758087
local,local,,,2,89,data_4000_4_2.5_chordal_rep01,train_epoch,train,,,80,0.09461175601184368,,,,,,,,4000,,,,,,,,,,,
local,local,,,2,89,data_4000_4_2.5_chordal_rep01,val_epoch,val,,,80,,0.13682761633396148,0.96275,0.8485000133514404,0.9391190651303424,0.9320887327194214,0.9320887327194214,0.9320887327194214,4000,,,,,,,,,,,
local,local,,,2,89,data_4000_4_2.5_chordal_rep01,val_epoch_task,val,cycle2,,80,,,,,,,,,4000,1329.0,12.0,2658.0,1.0,0.9910514541387024,0.9992481203007518,0.9951329231262207,0.9951329231262207,0.9951329231262207,1330.0,0.33250001072883606
local,local,,,2,89,data_4000_4_2.5_chordal_rep01,val_epoch_task,val,cycle3,,80,,,,,,,,,4000,1322.0,46.0,2632.0,0.0,0.966374269005848,1.0,0.9828996062278748,0.9828996062278748,0.9828996062278748,1322.0,0.3305000066757202
local,local,,,2,89,data_4000_4_2.5_chordal_rep01,val_epoch_task,val,cycle4,,80,,,,,,,,,4000,1228.0,58.0,2697.0,17.0,0.9548989113530326,0.9863453815261044,0.970367431640625,0.970367431640625,0.970367431640625,1245.0,0.3112500011920929
local,local,,,2,89,data_4000_4_2.5_chordal_rep01,val_epoch_task,val,cycle5,,80,,,,,,,,,4000,1056.0,229.0,2696.0,19.0,0.8217898832684825,0.9823255813953489,0.8949152231216431,0.8949152231216431,0.8949152231216431,1075.0,0.26875001192092896
local,local,,,2,89,data_4000_4_2.5_chordal_rep01,val_epoch_task,val,cycle6,,80,,,,,,,,,4000,811.0,282.0,2826.0,81.0,0.7419945105215004,0.9091928251121076,0.8171284198760986,0.8171284198760986,0.8171284198760986,892.0,0.22300000488758087
local,local,,,2,89,data_4000_4_2.5_chordal_rep01,best_local_train,train,,,78,,0.06660628873854875,0.9853,0.9430000185966492,0.9734081041968162,0.9698505401611328,0.9698505401611328,0.9698505401611328,4000,,,,,,,,,,,
local,local,,,2,89,data_4000_4_2.5_chordal_rep01,best_local_train_task,train,cycle2,,78,,,,,,,,,4000,1252.0,15.0,2733.0,0.0,0.9881610102604578,1.0,0.9940452575683594,0.9940452575683594,0.9940452575683594,1252.0,0.31299999356269836
local,local,,,2,89,data_4000_4_2.5_chordal_rep01,best_local_train_task,train,cycle3,,78,,,,,,,,,4000,1199.0,16.0,2784.0,1.0,0.9868312757201646,0.9991666666666666,0.9929606318473816,0.9929606318473816,0.9929606318473816,1200.0,0.30000001192092896
local,local,,,2,89,data_4000_4_2.5_chordal_rep01,best_local_train_task,train,cycle4,,78,,,,,,,,,4000,1123.0,20.0,2836.0,21.0,0.9825021872265967,0.9816433566433567,0.9820725917816162,0.9820725917816162,0.9820725917816162,1144.0,0.28600001335144043
local,local,,,2,89,data_4000_4_2.5_chordal_rep01,best_local_train_task,train,cycle5,,78,,,,,,,,,4000,1013.0,49.0,2911.0,27.0,0.9538606403013182,0.9740384615384615,0.9638440012931824,0.9638440012931824,0.9638440012931824,1040.0,0.25999999046325684
local,local,,,2,89,data_4000_4_2.5_chordal_rep01,best_local_train_task,train,cycle6,,78,,,,,,,,,4000,794.0,112.0,3061.0,33.0,0.8763796909492274,0.9600967351874244,0.916330099105835,0.916330099105835,0.916330099105835,827.0,0.20675000548362732
local,local,,,2,89,data_4000_4_2.5_chordal_rep01,best_local_val,val,,,78,,0.14125886857509612,0.96825,0.871999979019165,0.946928541579607,0.9394659996032715,0.9394659996032715,0.9394659996032715,4000,,,,,,,,,,,
local,local,,,2,89,data_4000_4_2.5_chordal_rep01,best_local_val_task,val,cycle2,,78,,,,,,,,,4000,1330.0,17.0,2653.0,0.0,0.9873793615441723,1.0,0.9936496615409851,0.9936496615409851,0.9936496615409851,1330.0,0.33250001072883606
local,local,,,2,89,data_4000_4_2.5_chordal_rep01,best_local_val_task,val,cycle3,,78,,,,,,,,,4000,1317.0,12.0,2666.0,5.0,0.9909706546275395,0.9962178517397882,0.99358731508255,0.99358731508255,0.99358731508255,1322.0,0.3305000066757202
local,local,,,2,89,data_4000_4_2.5_chordal_rep01,best_local_val_task,val,cycle4,,78,,,,,,,,,4000,1208.0,41.0,2714.0,37.0,0.967173738991193,0.970281124497992,0.9687249064445496,0.9687249064445496,0.9687249064445496,1245.0,0.3112500011920929
local,local,,,2,89,data_4000_4_2.5_chordal_rep01,best_local_val_task,val,cycle5,,78,,,,,,,,,4000,1014.0,130.0,2795.0,61.0,0.8863636363636364,0.9432558139534883,0.9139252305030823,0.9139252305030823,0.9139252305030823,1075.0,0.26875001192092896
local,local,,,2,89,data_4000_4_2.5_chordal_rep01,best_local_val_task,val,cycle6,,78,,,,,,,,,4000,796.0,236.0,2872.0,96.0,0.7713178294573644,0.8923766816143498,0.8274428248405457,0.8274428248405457,0.8274428248405457,892.0,0.22300000488758087
local,local,,,2,89,data_4000_4_2.5_chordal_rep01,best_local_test,test,,,78,,0.09240002271533013,0.97695,0.9049999713897705,0.9582314034610854,0.9500148892402649,0.9500148892402649,0.9500148892402649,4000,,,,,,,,,,,
local,local,,,2,89,data_4000_4_2.5_chordal_rep01,best_local_test_task,test,cycle2,,78,,,,,,,,,4000,1221.0,15.0,2763.0,1.0,0.9878640776699029,0.9991816693944353,0.9934906959533691,0.9934906959533691,0.9934906959533691,1222.0,0.30550000071525574
local,local,,,2,89,data_4000_4_2.5_chordal_rep01,best_local_test_task,test,cycle3,,78,,,,,,,,,4000,1292.0,9.0,2696.0,3.0,0.9930822444273636,0.9976833976833976,0.9953775405883789,0.9953775405883789,0.9953775405883789,1295.0,0.32374998927116394
local,local,,,2,89,data_4000_4_2.5_chordal_rep01,best_local_test_task,test,cycle4,,78,,,,,,,,,4000,1139.0,34.0,2800.0,27.0,0.9710144927536232,0.9768439108061749,0.9739205241203308,0.9739205241203308,0.9739205241203308,1166.0,0.2915000021457672
local,local,,,2,89,data_4000_4_2.5_chordal_rep01,best_local_test_task,test,cycle5,,78,,,,,,,,,4000,933.0,73.0,2956.0,38.0,0.9274353876739563,0.96086508753862,0.9438543319702148,0.9438543319702148,0.9438543319702148,971.0,0.24275000393390656
local,local,,,2,89,data_4000_4_2.5_chordal_rep01,best_local_test_task,test,cycle6,,78,,,,,,,,,4000,703.0,220.0,3036.0,41.0,0.761646803900325,0.9448924731182796,0.8434313535690308,0.8434313535690308,0.8434313535690308,744.0,0.1860000044107437
