run_type,algorithm,subset_id,subset_clients,seed,graph_id,dataset_id,phase,split,task,round,local_epoch,train_loss,eval_loss,pair_acc,subset_acc,micro_f1,macro_f1,macro_pos_f1,macro_minority_f1,num_nodes,tp,fp,tn,fn,precision,recall,f1,positive_f1,minority_f1,pos_cnt,pos_rate
local,local,,,1,0,data_4100_4_6.5_chordal,train_epoch,train,,,1,0.7243281296549774,,,,,,,,4100,,,,,,,,,,,
local,local,,,1,0,data_4100_4_6.5_chordal,val_epoch,val,,,1,,0.4594395101651913,0.8319512195121951,0.5299999713897705,0.7091599831152385,0.7308958768844604,0.7308958768844604,0.7308958768844604,4100,,,,,,,,,,,
local,local,,,1,0,data_4100_4_6.5_chordal,val_epoch_task,val,cycle2,,1,,,,,,,,,4100,598.0,118.0,3384.0,0.0,0.835195530726257,1.0,0.9101978540420532,0.9101978540420532,0.9101978540420532,598.0,0.145853653550148
local,local,,,1,0,data_4100_4_6.5_chordal,val_epoch_task,val,cycle3,,1,,,,,,,,,4100,689.0,532.0,2808.0,71.0,0.5642915642915642,0.906578947368421,0.6956081986427307,0.6956081986427307,0.6956081986427307,760.0,0.18536585569381714
local,local,,,1,0,data_4100_4_6.5_chordal,val_epoch_task,val,cycle4,,1,,,,,,,,,4100,830.0,630.0,2588.0,52.0,0.5684931506849316,0.9410430839002267,0.7087959051132202,0.7087959051132202,0.7087959051132202,882.0,0.21512195467948914
local,local,,,1,0,data_4100_4_6.5_chordal,val_epoch_task,val,cycle5,,1,,,,,,,,,4100,945.0,919.0,2152.0,84.0,0.5069742489270386,0.9183673469387755,0.6533010005950928,0.6533010005950928,0.6533010005950928,1029.0,0.2509756088256836
local,local,,,1,0,data_4100_4_6.5_chordal,val_epoch_task,val,cycle6,,1,,,,,,,,,4100,1138.0,924.0,1923.0,115.0,0.5518913676042677,0.9082202713487629,0.6865761876106262,0.6865761876106262,0.6865761876106262,1253.0,0.3056097626686096
local,local,,,1,0,data_4100_4_6.5_chordal,train_epoch,train,,,2,0.38221063846495096,,,,,,,,4100,,,,,,,,,,,
local,local,,,1,0,data_4100_4_6.5_chordal,val_epoch,val,,,2,,0.3837237070391818,0.8503414634146341,0.5653658509254456,0.7420548175550697,0.7762070298194885,0.7762070298194885,0.7762070298194885,4100,,,,,,,,,,,
local,local,,,1,0,data_4100_4_6.5_chordal,val_epoch_task,val,cycle2,,2,,,,,,,,,4100,598.0,48.0,3454.0,0.0,0.9256965944272446,1.0,0.9614148139953613,0.9614148139953613,0.9614148139953613,598.0,0.145853653550148
local,local,,,1,0,data_4100_4_6.5_chordal,val_epoch_task,val,cycle3,,2,,,,,,,,,4100,755.0,247.0,3093.0,5.0,0.7534930139720559,0.993421052631579,0.8569806218147278,0.8569806218147278,0.8569806218147278,760.0,0.18536585569381714
local,local,,,1,0,data_4100_4_6.5_chordal,val_epoch_task,val,cycle4,,2,,,,,,,,,4100,880.0,840.0,2378.0,2.0,0.5116279069767442,0.9977324263038548,0.6764028072357178,0.6764028072357178,0.6764028072357178,882.0,0.21512195467948914
local,local,,,1,0,data_4100_4_6.5_chordal,val_epoch_task,val,cycle5,,2,,,,,,,,,4100,1022.0,942.0,2129.0,7.0,0.5203665987780041,0.9931972789115646,0.6829268336296082,0.6829268336296082,0.6829268336296082,1029.0,0.2509756088256836
local,local,,,1,0,data_4100_4_6.5_chordal,val_epoch_task,val,cycle6,,2,,,,,,,,,4100,1158.0,882.0,1965.0,95.0,0.5676470588235294,0.9241819632881085,0.7033100724220276,0.7033100724220276,0.7033100724220276,1253.0,0.3056097626686096
local,local,,,1,0,data_4100_4_6.5_chordal,train_epoch,train,,,3,0.3245132616555273,,,,,,,,4100,,,,,,,,,,,
local,local,,,1,0,data_4100_4_6.5_chordal,val_epoch,val,,,3,,0.3501102909373074,0.8993170731707317,0.6619512438774109,0.8023367171040031,0.8254338502883911,0.8254338502883911,0.8254338502883911,4100,,,,,,,,,,,
local,local,,,1,0,data_4100_4_6.5_chordal,val_epoch_task,val,cycle2,,3,,,,,,,,,4100,597.0,119.0,3383.0,1.0,0.8337988826815642,0.9983277591973244,0.9086757898330688,0.9086757898330688,0.9086757898330688,598.0,0.145853653550148
local,local,,,1,0,data_4100_4_6.5_chordal,val_epoch_task,val,cycle3,,3,,,,,,,,,4100,758.0,145.0,3195.0,2.0,0.8394241417497231,0.9973684210526316,0.9116055965423584,0.9116055965423584,0.9116055965423584,760.0,0.18536585569381714
local,local,,,1,0,data_4100_4_6.5_chordal,val_epoch_task,val,cycle4,,3,,,,,,,,,4100,803.0,213.0,3005.0,79.0,0.7903543307086615,0.9104308390022676,0.8461538553237915,0.8461538553237915,0.8461538553237915,882.0,0.21512195467948914
local,local,,,1,0,data_4100_4_6.5_chordal,val_epoch_task,val,cycle5,,3,,,,,,,,,4100,956.0,598.0,2473.0,73.0,0.6151866151866152,0.9290573372206026,0.7402245402336121,0.7402245402336121,0.7402245402336121,1029.0,0.2509756088256836
local,local,,,1,0,data_4100_4_6.5_chordal,val_epoch_task,val,cycle6,,3,,,,,,,,,4100,1075.0,656.0,2191.0,178.0,0.6210283073367996,0.8579409417398244,0.7205093502998352,0.7205093502998352,0.7205093502998352,1253.0,0.3056097626686096
local,local,,,1,0,data_4100_4_6.5_chordal,train_epoch,train,,,4,0.28570397778255185,,,,,,,,4100,,,,,,,,,,,
local,local,,,1,0,data_4100_4_6.5_chordal,val_epoch,val,,,4,,0.29898911932619604,0.9101951219512195,0.6887804865837097,0.8220740311201316,0.852503776550293,0.852503776550293,0.852503776550293,4100,,,,,,,,,,,
local,local,,,1,0,data_4100_4_6.5_chordal,val_epoch_task,val,cycle2,,4,,,,,,,,,4100,589.0,25.0,3477.0,9.0,0.9592833876221498,0.9849498327759197,0.9719472527503967,0.9719472527503967,0.9719472527503967,598.0,0.145853653550148
local,local,,,1,0,data_4100_4_6.5_chordal,val_epoch_task,val,cycle3,,4,,,,,,,,,4100,753.0,106.0,3234.0,7.0,0.8766006984866124,0.9907894736842106,0.9302038550376892,0.9302038550376892,0.9302038550376892,760.0,0.18536585569381714
local,local,,,1,0,data_4100_4_6.5_chordal,val_epoch_task,val,cycle4,,4,,,,,,,,,4100,852.0,190.0,3028.0,30.0,0.817658349328215,0.9659863945578231,0.8856549263000488,0.8856549263000488,0.8856549263000488,882.0,0.21512195467948914
local,local,,,1,0,data_4100_4_6.5_chordal,val_epoch_task,val,cycle5,,4,,,,,,,,,4100,978.0,597.0,2474.0,51.0,0.6209523809523809,0.9504373177842566,0.7511520385742188,0.7511520385742188,0.7511520385742188,1029.0,0.2509756088256836
local,local,,,1,0,data_4100_4_6.5_chordal,val_epoch_task,val,cycle6,,4,,,,,,,,,4100,1081.0,654.0,2193.0,172.0,0.6230547550432277,0.8627294493216281,0.7235609292984009,0.7235609292984009,0.7235609292984009,1253.0,0.3056097626686096
local,local,,,1,0,data_4100_4_6.5_chordal,train_epoch,train,,,5,0.26734667582627636,,,,,,,,4100,,,,,,,,,,,
local,local,,,1,0,data_4100_4_6.5_chordal,val_epoch,val,,,5,,0.2227229606814501,0.931219512195122,0.7463414669036865,0.8597852028639619,0.8818815350532532,0.8818815350532532,0.8818815350532532,4100,,,,,,,,,,,
local,local,,,1,0,data_4100_4_6.5_chordal,val_epoch_task,val,cycle2,,5,,,,,,,,,4100,598.0,21.0,3481.0,0.0,0.9660743134087237,1.0,0.9827444553375244,0.9827444553375244,0.9827444553375244,598.0,0.145853653550148
local,local,,,1,0,data_4100_4_6.5_chordal,val_epoch_task,val,cycle3,,5,,,,,,,,,4100,753.0,89.0,3251.0,7.0,0.8942992874109263,0.9907894736842106,0.9400749206542969,0.9400749206542969,0.9400749206542969,760.0,0.18536585569381714
local,local,,,1,0,data_4100_4_6.5_chordal,val_epoch_task,val,cycle4,,5,,,,,,,,,4100,872.0,179.0,3039.0,10.0,0.829686013320647,0.9886621315192744,0.9022244811058044,0.9022244811058044,0.9022244811058044,882.0,0.21512195467948914
local,local,,,1,0,data_4100_4_6.5_chordal,val_epoch_task,val,cycle5,,5,,,,,,,,,4100,935.0,388.0,2683.0,94.0,0.7067271352985639,0.9086491739552964,0.795068085193634,0.795068085193634,0.795068085193634,1029.0,0.2509756088256836
local,local,,,1,0,data_4100_4_6.5_chordal,val_epoch_task,val,cycle6,,5,,,,,,,,,4100,1165.0,534.0,2313.0,88.0,0.6856974690994703,0.9297685554668795,0.7892953753471375,0.7892953753471375,0.7892953753471375,1253.0,0.3056097626686096
local,local,,,1,0,data_4100_4_6.5_chordal,train_epoch,train,,,6,0.23636081497843672,,,,,,,,4100,,,,,,,,,,,
local,local,,,1,0,data_4100_4_6.5_chordal,val_epoch,val,,,6,,0.2109826427407381,0.9383414634146341,0.7626829147338867,0.8704918032786885,0.8905342221260071,0.8905342221260071,0.8905342221260071,4100,,,,,,,,,,,
local,local,,,1,0,data_4100_4_6.5_chordal,val_epoch_task,val,cycle2,,6,,,,,,,,,4100,595.0,22.0,3480.0,3.0,0.9643435980551054,0.9949832775919732,0.9794238805770874,0.9794238805770874,0.9794238805770874,598.0,0.145853653550148
local,local,,,1,0,data_4100_4_6.5_chordal,val_epoch_task,val,cycle3,,6,,,,,,,,,4100,759.0,98.0,3242.0,1.0,0.8856476079346558,0.9986842105263158,0.9387754797935486,0.9387754797935486,0.9387754797935486,760.0,0.18536585569381714
local,local,,,1,0,data_4100_4_6.5_chordal,val_epoch_task,val,cycle4,,6,,,,,,,,,4100,874.0,163.0,3055.0,8.0,0.8428158148505304,0.9909297052154195,0.9108911156654358,0.9108911156654358,0.9108911156654358,882.0,0.21512195467948914
local,local,,,1,0,data_4100_4_6.5_chordal,val_epoch_task,val,cycle5,,6,,,,,,,,,4100,978.0,253.0,2818.0,51.0,0.7944760357432982,0.9504373177842566,0.865486741065979,0.865486741065979,0.865486741065979,1029.0,0.2509756088256836
local,local,,,1,0,data_4100_4_6.5_chordal,val_epoch_task,val,cycle6,,6,,,,,,,,,4100,1042.0,454.0,2393.0,211.0,0.696524064171123,0.8316041500399042,0.7580938339233398,0.7580938339233398,0.7580938339233398,1253.0,0.3056097626686096
local,local,,,1,0,data_4100_4_6.5_chordal,train_epoch,train,,,7,0.20763741640056052,,,,,,,,4100,,,,,,,,,,,
local,local,,,1,0,data_4100_4_6.5_chordal,val_epoch,val,,,7,,0.2224589498886248,0.9334146341463415,0.7539024353027344,0.864192617649985,0.8864595293998718,0.8864595293998718,0.8864595293998718,4100,,,,,,,,,,,
local,local,,,1,0,data_4100_4_6.5_chordal,val_epoch_task,val,cycle2,,7,,,,,,,,,4100,592.0,21.0,3481.0,6.0,0.965742251223491,0.9899665551839465,0.9777044057846069,0.9777044057846069,0.9777044057846069,598.0,0.145853653550148
local,local,,,1,0,data_4100_4_6.5_chordal,val_epoch_task,val,cycle3,,7,,,,,,,,,4100,759.0,94.0,3246.0,1.0,0.8898007033997656,0.9986842105263158,0.9411035776138306,0.9411035776138306,0.9411035776138306,760.0,0.18536585569381714
local,local,,,1,0,data_4100_4_6.5_chordal,val_epoch_task,val,cycle4,,7,,,,,,,,,4100,878.0,185.0,3033.0,4.0,0.825964252116651,0.9954648526077098,0.902827799320221,0.902827799320221,0.902827799320221,882.0,0.21512195467948914
local,local,,,1,0,data_4100_4_6.5_chordal,val_epoch_task,val,cycle5,,7,,,,,,,,,4100,1010.0,330.0,2741.0,19.0,0.753731343283582,0.9815354713313897,0.8526804447174072,0.8526804447174072,0.8526804447174072,1029.0,0.2509756088256836
local,local,,,1,0,data_4100_4_6.5_chordal,val_epoch_task,val,cycle6,,7,,,,,,,,,4100,1104.0,556.0,2291.0,149.0,0.6650602409638554,0.8810853950518756,0.7579814791679382,0.7579814791679382,0.7579814791679382,1253.0,0.3056097626686096
local,local,,,1,0,data_4100_4_6.5_chordal,train_epoch,train,,,8,0.2212007249637348,,,,,,,,4100,,,,,,,,,,,
local,local,,,1,0,data_4100_4_6.5_chordal,val_epoch,val,,,8,,0.18911813359145394,0.9355609756097562,0.7534146308898926,0.8705028918733457,0.8916497230529785,0.8916497230529785,0.8916497230529785,4100,,,,,,,,,,,
local,local,,,1,0,data_4100_4_6.5_chordal,val_epoch_task,val,cycle2,,8,,,,,,,,,4100,598.0,24.0,3478.0,0.0,0.9614147909967846,1.0,0.9803279042243958,0.9803279042243958,0.9803279042243958,598.0,0.145853653550148
local,local,,,1,0,data_4100_4_6.5_chordal,val_epoch_task,val,cycle3,,8,,,,,,,,,4100,758.0,73.0,3267.0,2.0,0.9121540312876053,0.9973684210526316,0.9528597593307495,0.9528597593307495,0.9528597593307495,760.0,0.18536585569381714
local,local,,,1,0,data_4100_4_6.5_chordal,val_epoch_task,val,cycle4,,8,,,,,,,,,4100,880.0,216.0,3002.0,2.0,0.8029197080291971,0.9977324263038548,0.8897876739501953,0.8897876739501953,0.8897876739501953,882.0,0.21512195467948914
local,local,,,1,0,data_4100_4_6.5_chordal,val_epoch_task,val,cycle5,,8,,,,,,,,,4100,1013.0,355.0,2716.0,16.0,0.7404970760233918,0.9844509232264335,0.8452232480049133,0.8452232480049133,0.8452232480049133,1029.0,0.2509756088256836
local,local,,,1,0,data_4100_4_6.5_chordal,val_epoch_task,val,cycle6,,8,,,,,,,,,4100,1191.0,571.0,2276.0,62.0,0.6759364358683314,0.9505187549880287,0.7900497913360596,0.7900497913360596,0.7900497913360596,1253.0,0.3056097626686096
local,local,,,1,0,data_4100_4_6.5_chordal,train_epoch,train,,,9,0.2045389755033865,,,,,,,,4100,,,,,,,,,,,
local,local,,,1,0,data_4100_4_6.5_chordal,val_epoch,val,,,9,,0.2094131872566735,0.9369756097560976,0.7521951198577881,0.8680286006128703,0.8902196884155273,0.8902196884155273,0.8902196884155273,4100,,,,,,,,,,,
local,local,,,1,0,data_4100_4_6.5_chordal,val_epoch_task,val,cycle2,,9,,,,,,,,,4100,598.0,41.0,3461.0,0.0,0.9358372456964006,1.0,0.9668552875518799,0.9668552875518799,0.9668552875518799,598.0,0.145853653550148
local,local,,,1,0,data_4100_4_6.5_chordal,val_epoch_task,val,cycle3,,9,,,,,,,,,4100,758.0,60.0,3280.0,2.0,0.9266503667481663,0.9973684210526316,0.9607096910476685,0.9607096910476685,0.9607096910476685,760.0,0.18536585569381714
local,local,,,1,0,data_4100_4_6.5_chordal,val_epoch_task,val,cycle4,,9,,,,,,,,,4100,869.0,166.0,3052.0,13.0,0.8396135265700483,0.9852607709750567,0.9066249132156372,0.9066249132156372,0.9066249132156372,882.0,0.21512195467948914
local,local,,,1,0,data_4100_4_6.5_chordal,val_epoch_task,val,cycle5,,9,,,,,,,,,4100,953.0,210.0,2861.0,76.0,0.819432502149613,0.9261418853255587,0.8695254921913147,0.8695254921913147,0.8695254921913147,1029.0,0.2509756088256836
local,local,,,1,0,data_4100_4_6.5_chordal,val_epoch_task,val,cycle6,,9,,,,,,,,,4100,1071.0,542.0,2305.0,182.0,0.6639801611903285,0.8547486033519553,0.7473831176757812,0.7473831176757812,0.7473831176757812,1253.0,0.3056097626686096
local,local,,,1,0,data_4100_4_6.5_chordal,train_epoch,train,,,10,0.20497835045907556,,,,,,,,4100,,,,,,,,,,,
local,local,,,1,0,data_4100_4_6.5_chordal,val_epoch,val,,,10,,0.19647893521843887,0.9378048780487804,0.761951208114624,0.8703345876131394,0.8891318440437317,0.8891318440437317,0.8891318440437317,4100,,,,,,,,,,,
local,local,,,1,0,data_4100_4_6.5_chordal,val_epoch_task,val,cycle2,,10,,,,,,,,,4100,598.0,36.0,3466.0,0.0,0.943217665615142,1.0,0.9707791805267334,0.9707791805267334,0.9707791805267334,598.0,0.145853653550148
local,local,,,1,0,data_4100_4_6.5_chordal,val_epoch_task,val,cycle3,,10,,,,,,,,,4100,755.0,136.0,3204.0,5.0,0.8473625140291807,0.993421052631579,0.9145972728729248,0.9145972728729248,0.9145972728729248,760.0,0.18536585569381714
local,local,,,1,0,data_4100_4_6.5_chordal,val_epoch_task,val,cycle4,,10,,,,,,,,,4100,870.0,157.0,3061.0,12.0,0.8471275559883155,0.9863945578231292,0.9114720225334167,0.9114720225334167,0.9114720225334167,882.0,0.21512195467948914
local,local,,,1,0,data_4100_4_6.5_chordal,val_epoch_task,val,cycle5,,10,,,,,,,,,4100,974.0,185.0,2886.0,55.0,0.8403796376186368,0.9465500485908649,0.8903108239173889,0.8903108239173889,0.8903108239173889,1029.0,0.2509756088256836
local,local,,,1,0,data_4100_4_6.5_chordal,val_epoch_task,val,cycle6,,10,,,,,,,,,4100,1082.0,518.0,2329.0,171.0,0.67625,0.8635275339185954,0.758499801158905,0.758499801158905,0.758499801158905,1253.0,0.3056097626686096
local,local,,,1,0,data_4100_4_6.5_chordal,train_epoch,train,,,11,0.20061696700933504,,,,,,,,4100,,,,,,,,,,,
local,local,,,1,0,data_4100_4_6.5_chordal,val_epoch,val,,,11,,0.18483198290917932,0.9329756097560976,0.7448780536651611,0.8666278392545136,0.8909246325492859,0.8909246325492859,0.8909246325492859,4100,,,,,,,,,,,
local,local,,,1,0,data_4100_4_6.5_chordal,val_epoch_task,val,cycle2,,11,,,,,,,,,4100,598.0,32.0,3470.0,0.0,0.9492063492063492,1.0,0.9739413857460022,0.9739413857460022,0.9739413857460022,598.0,0.145853653550148
local,local,,,1,0,data_4100_4_6.5_chordal,val_epoch_task,val,cycle3,,11,,,,,,,,,4100,757.0,47.0,3293.0,3.0,0.9415422885572139,0.9960526315789474,0.9680306315422058,0.9680306315422058,0.9680306315422058,760.0,0.18536585569381714
local,local,,,1,0,data_4100_4_6.5_chordal,val_epoch_task,val,cycle4,,11,,,,,,,,,4100,868.0,164.0,3054.0,14.0,0.8410852713178295,0.9841269841269841,0.9070010781288147,0.9070010781288147,0.9070010781288147,882.0,0.21512195467948914
local,local,,,1,0,data_4100_4_6.5_chordal,val_epoch_task,val,cycle5,,11,,,,,,,,,4100,1020.0,439.0,2632.0,9.0,0.6991089787525703,0.9912536443148688,0.8199356198310852,0.8199356198310852,0.8199356198310852,1029.0,0.2509756088256836
local,local,,,1,0,data_4100_4_6.5_chordal,val_epoch_task,val,cycle6,,11,,,,,,,,,4100,1221.0,634.0,2213.0,32.0,0.6582210242587601,0.9744612928970471,0.7857142686843872,0.7857142686843872,0.7857142686843872,1253.0,0.3056097626686096
local,local,,,1,0,data_4100_4_6.5_chordal,train_epoch,train,,,12,0.19075486554605206,,,,,,,,4100,,,,,,,,,,,
local,local,,,1,0,data_4100_4_6.5_chordal,val_epoch,val,,,12,,0.16571193683438185,0.9424390243902439,0.7690243721008301,0.8827969805323798,0.9057369232177734,0.9057369232177734,0.9057369232177734,4100,,,,,,,,,,,
local,local,,,1,0,data_4100_4_6.5_chordal,val_epoch_task,val,cycle2,,12,,,,,,,,,4100,598.0,15.0,3487.0,0.0,0.9755301794453507,1.0,0.9876135587692261,0.9876135587692261,0.9876135587692261,598.0,0.145853653550148
local,local,,,1,0,data_4100_4_6.5_chordal,val_epoch_task,val,cycle3,,12,,,,,,,,,4100,760.0,57.0,3283.0,0.0,0.9302325581395349,1.0,0.9638554453849792,0.9638554453849792,0.9638554453849792,760.0,0.18536585569381714
local,local,,,1,0,data_4100_4_6.5_chordal,val_epoch_task,val,cycle4,,12,,,,,,,,,4100,874.0,150.0,3068.0,8.0,0.853515625,0.9909297052154195,0.9171038866043091,0.9171038866043091,0.9171038866043091,882.0,0.21512195467948914
local,local,,,1,0,data_4100_4_6.5_chordal,val_epoch_task,val,cycle5,,12,,,,,,,,,4100,996.0,252.0,2819.0,33.0,0.7980769230769231,0.967930029154519,0.8748353123664856,0.8748353123664856,0.8748353123664856,1029.0,0.2509756088256836
local,local,,,1,0,data_4100_4_6.5_chordal,val_epoch_task,val,cycle6,,12,,,,,,,,,4100,1216.0,628.0,2219.0,37.0,0.6594360086767896,0.9704708699122107,0.7852759957313538,0.7852759957313538,0.7852759957313538,1253.0,0.3056097626686096
local,local,,,1,0,data_4100_4_6.5_chordal,train_epoch,train,,,13,0.18993347942283967,,,,,,,,4100,,,,,,,,,,,
local,local,,,1,0,data_4100_4_6.5_chordal,val_epoch,val,,,13,,0.17596824791373275,0.9493658536585365,0.7956097722053528,0.8918524692644301,0.9103412628173828,0.9103412628173828,0.9103412628173828,4100,,,,,,,,,,,
local,local,,,1,0,data_4100_4_6.5_chordal,val_epoch_task,val,cycle2,,13,,,,,,,,,4100,598.0,45.0,3457.0,0.0,0.9300155520995335,1.0,0.9637389183044434,0.9637389183044434,0.9637389183044434,598.0,0.145853653550148
local,local,,,1,0,data_4100_4_6.5_chordal,val_epoch_task,val,cycle3,,13,,,,,,,,,4100,759.0,44.0,3296.0,1.0,0.9452054794520548,0.9986842105263158,0.9712092876434326,0.9712092876434326,0.9712092876434326,760.0,0.18536585569381714
local,local,,,1,0,data_4100_4_6.5_chordal,val_epoch_task,val,cycle4,,13,,,,,,,,,4100,869.0,98.0,3120.0,13.0,0.8986556359875905,0.9852607709750567,0.9399676322937012,0.9399676322937012,0.9399676322937012,882.0,0.21512195467948914
local,local,,,1,0,data_4100_4_6.5_chordal,val_epoch_task,val,cycle5,,13,,,,,,,,,4100,953.0,150.0,2921.0,76.0,0.8640072529465095,0.9261418853255587,0.8939961791038513,0.8939961791038513,0.8939961791038513,1029.0,0.2509756088256836
local,local,,,1,0,data_4100_4_6.5_chordal,val_epoch_task,val,cycle6,,13,,,,,,,,,4100,1101.0,459.0,2388.0,152.0,0.7057692307692308,0.8786911412609737,0.782794177532196,0.782794177532196,0.782794177532196,1253.0,0.3056097626686096
local,local,,,1,0,data_4100_4_6.5_chordal,train_epoch,train,,,14,0.18234132409095763,,,,,,,,4100,,,,,,,,,,,
local,local,,,1,0,data_4100_4_6.5_chordal,val_epoch,val,,,14,,0.16964184942768842,0.9485853658536585,0.7875609993934631,0.8917419884963025,0.9137119054794312,0.9137119054794312,0.9137119054794312,4100,,,,,,,,,,,
local,local,,,1,0,data_4100_4_6.5_chordal,val_epoch_task,val,cycle2,,14,,,,,,,,,4100,598.0,27.0,3475.0,0.0,0.9568,1.0,0.9779231548309326,0.9779231548309326,0.9779231548309326,598.0,0.145853653550148
local,local,,,1,0,data_4100_4_6.5_chordal,val_epoch_task,val,cycle3,,14,,,,,,,,,4100,760.0,31.0,3309.0,0.0,0.9608091024020228,1.0,0.9800128936767578,0.9800128936767578,0.9800128936767578,760.0,0.18536585569381714
local,local,,,1,0,data_4100_4_6.5_chordal,val_epoch_task,val,cycle4,,14,,,,,,,,,4100,866.0,87.0,3131.0,16.0,0.9087093389296957,0.981859410430839,0.9438691735267639,0.9438691735267639,0.9438691735267639,882.0,0.21512195467948914
local,local,,,1,0,data_4100_4_6.5_chordal,val_epoch_task,val,cycle5,,14,,,,,,,,,4100,964.0,188.0,2883.0,65.0,0.8368055555555556,0.9368318756073858,0.8839981555938721,0.8839981555938721,0.8839981555938721,1029.0,0.2509756088256836
local,local,,,1,0,data_4100_4_6.5_chordal,val_epoch_task,val,cycle6,,14,,,,,,,,,4100,1153.0,540.0,2307.0,100.0,0.681039574719433,0.9201915403032721,0.7827563285827637,0.7827563285827637,0.7827563285827637,1253.0,0.3056097626686096
local,local,,,1,0,data_4100_4_6.5_chordal,train_epoch,train,,,15,0.18369343346575412,,,,,,,,4100,,,,,,,,,,,
local,local,,,1,0,data_4100_4_6.5_chordal,val_epoch,val,,,15,,0.16215911580295098,0.9463414634146341,0.7829268574714661,0.8896247240618101,0.9118448495864868,0.9118448495864868,0.9118448495864868,4100,,,,,,,,,,,
local,local,,,1,0,data_4100_4_6.5_chordal,val_epoch_task,val,cycle2,,15,,,,,,,,,4100,598.0,13.0,3489.0,0.0,0.9787234042553191,1.0,0.9892473220825195,0.9892473220825195,0.9892473220825195,598.0,0.145853653550148
local,local,,,1,0,data_4100_4_6.5_chordal,val_epoch_task,val,cycle3,,15,,,,,,,,,4100,759.0,59.0,3281.0,1.0,0.9278728606356969,0.9986842105263158,0.9619771838188171,0.9619771838188171,0.9619771838188171,760.0,0.18536585569381714
local,local,,,1,0,data_4100_4_6.5_chordal,val_epoch_task,val,cycle4,,15,,,,,,,,,4100,877.0,131.0,3087.0,5.0,0.8700396825396826,0.9943310657596371,0.9280422925949097,0.9280422925949097,0.9280422925949097,882.0,0.21512195467948914
local,local,,,1,0,data_4100_4_6.5_chordal,val_epoch_task,val,cycle5,,15,,,,,,,,,4100,989.0,199.0,2872.0,40.0,0.8324915824915825,0.9611273080660836,0.8921965956687927,0.8921965956687927,0.8921965956687927,1029.0,0.2509756088256836
local,local,,,1,0,data_4100_4_6.5_chordal,val_epoch_task,val,cycle6,,15,,,,,,,,,4100,1210.0,609.0,2238.0,43.0,0.6652006597031336,0.965682362330407,0.7877604365348816,0.7877604365348816,0.7877604365348816,1253.0,0.3056097626686096
local,local,,,1,0,data_4100_4_6.5_chordal,train_epoch,train,,,16,0.1703759651903699,,,,,,,,4100,,,,,,,,,,,
local,local,,,1,0,data_4100_4_6.5_chordal,val_epoch,val,,,16,,0.1811407470005325,0.9542926829268292,0.809512197971344,0.8996895407343968,0.9171290397644043,0.9171290397644043,0.9171290397644043,4100,,,,,,,,,,,
local,local,,,1,0,data_4100_4_6.5_chordal,val_epoch_task,val,cycle2,,16,,,,,,,,,4100,598.0,27.0,3475.0,0.0,0.9568,1.0,0.9779231548309326,0.9779231548309326,0.9779231548309326,598.0,0.145853653550148
local,local,,,1,0,data_4100_4_6.5_chordal,val_epoch_task,val,cycle3,,16,,,,,,,,,4100,754.0,38.0,3302.0,6.0,0.952020202020202,0.9921052631578947,0.9716495275497437,0.9716495275497437,0.9716495275497437,760.0,0.18536585569381714
local,local,,,1,0,data_4100_4_6.5_chordal,val_epoch_task,val,cycle4,,16,,,,,,,,,4100,861.0,66.0,3152.0,21.0,0.9288025889967637,0.9761904761904762,0.9519070982933044,0.9519070982933044,0.9519070982933044,882.0,0.21512195467948914
local,local,,,1,0,data_4100_4_6.5_chordal,val_epoch_task,val,cycle5,,16,,,,,,,,,4100,982.0,154.0,2917.0,47.0,0.8644366197183099,0.9543245869776482,0.9071593880653381,0.9071593880653381,0.9071593880653381,1029.0,0.2509756088256836
local,local,,,1,0,data_4100_4_6.5_chordal,val_epoch_task,val,cycle6,,16,,,,,,,,,4100,1007.0,332.0,2515.0,246.0,0.7520537714712472,0.8036711891460495,0.777006208896637,0.777006208896637,0.777006208896637,1253.0,0.3056097626686096
local,local,,,1,0,data_4100_4_6.5_chordal,train_epoch,train,,,17,0.17171462861503042,,,,,,,,4100,,,,,,,,,,,
local,local,,,1,0,data_4100_4_6.5_chordal,val_epoch,val,,,17,,0.1565649659749938,0.9420975609756097,0.7743902206420898,0.8829965500246427,0.9047914743423462,0.9047914743423462,0.9047914743423462,4100,,,,,,,,,,,
local,local,,,1,0,data_4100_4_6.5_chordal,val_epoch_task,val,cycle2,,17,,,,,,,,,4100,598.0,22.0,3480.0,0.0,0.964516129032258,1.0,0.9819375872612,0.9819375872612,0.9819375872612,598.0,0.145853653550148
local,local,,,1,0,data_4100_4_6.5_chordal,val_epoch_task,val,cycle3,,17,,,,,,,,,4100,760.0,46.0,3294.0,0.0,0.9429280397022333,1.0,0.9706257581710815,0.9706257581710815,0.9706257581710815,760.0,0.18536585569381714
local,local,,,1,0,data_4100_4_6.5_chordal,val_epoch_task,val,cycle4,,17,,,,,,,,,4100,876.0,144.0,3074.0,6.0,0.8588235294117647,0.9931972789115646,0.9211357235908508,0.9211357235908508,0.9211357235908508,882.0,0.21512195467948914
local,local,,,1,0,data_4100_4_6.5_chordal,val_epoch_task,val,cycle5,,17,,,,,,,,,4100,1026.0,364.0,2707.0,3.0,0.7381294964028777,0.9970845481049563,0.8482844829559326,0.8482844829559326,0.8482844829559326,1029.0,0.2509756088256836
local,local,,,1,0,data_4100_4_6.5_chordal,val_epoch_task,val,cycle6,,17,,,,,,,,,4100,1219.0,568.0,2279.0,34.0,0.6821488528259653,0.9728651237031125,0.8019736409187317,0.8019736409187317,0.8019736409187317,1253.0,0.3056097626686096
local,local,,,1,0,data_4100_4_6.5_chordal,train_epoch,train,,,18,0.16795457507052072,,,,,,,,4100,,,,,,,,,,,
local,local,,,1,0,data_4100_4_6.5_chordal,val_epoch,val,,,18,,0.16850258593879094,0.9394146341463414,0.7690243721008301,0.8781636256621541,0.9016766548156738,0.9016766548156738,0.9016766548156738,4100,,,,,,,,,,,
local,local,,,1,0,data_4100_4_6.5_chordal,val_epoch_task,val,cycle2,,18,,,,,,,,,4100,598.0,18.0,3484.0,0.0,0.9707792207792207,1.0,0.9851730465888977,0.9851730465888977,0.9851730465888977,598.0,0.145853653550148
local,local,,,1,0,data_4100_4_6.5_chordal,val_epoch_task,val,cycle3,,18,,,,,,,,,4100,759.0,39.0,3301.0,1.0,0.9511278195488722,0.9986842105263158,0.9743260741233826,0.9743260741233826,0.9743260741233826,760.0,0.18536585569381714
local,local,,,1,0,data_4100_4_6.5_chordal,val_epoch_task,val,cycle4,,18,,,,,,,,,4100,877.0,161.0,3057.0,5.0,0.8448940269749519,0.9943310657596371,0.9135417342185974,0.9135417342185974,0.9135417342185974,882.0,0.21512195467948914
local,local,,,1,0,data_4100_4_6.5_chordal,val_epoch_task,val,cycle5,,18,,,,,,,,,4100,1019.0,377.0,2694.0,10.0,0.7299426934097422,0.9902818270165209,0.8404123187065125,0.8404123187065125,0.8404123187065125,1029.0,0.2509756088256836
local,local,,,1,0,data_4100_4_6.5_chordal,val_epoch_task,val,cycle6,,18,,,,,,,,,4100,1223.0,601.0,2246.0,30.0,0.6705043859649122,0.9760574620909817,0.7949301600456238,0.7949301600456238,0.7949301600456238,1253.0,0.3056097626686096
local,local,,,1,0,data_4100_4_6.5_chordal,train_epoch,train,,,19,0.17517427867505608,,,,,,,,4100,,,,,,,,,,,
local,local,,,1,0,data_4100_4_6.5_chordal,val_epoch,val,,,19,,0.18723044825763238,0.9475121951219512,0.7892683148384094,0.887518293957767,0.9065950512886047,0.9065950512886047,0.9065950512886047,4100,,,,,,,,,,,
local,local,,,1,0,data_4100_4_6.5_chordal,val_epoch_task,val,cycle2,,19,,,,,,,,,4100,598.0,23.0,3479.0,0.0,0.9629629629629629,1.0,0.9811320900917053,0.9811320900917053,0.9811320900917053,598.0,0.145853653550148
local,local,,,1,0,data_4100_4_6.5_chordal,val_epoch_task,val,cycle3,,19,,,,,,,,,4100,759.0,41.0,3299.0,1.0,0.94875,0.9986842105263158,0.9730769395828247,0.9730769395828247,0.9730769395828247,760.0,0.18536585569381714
local,local,,,1,0,data_4100_4_6.5_chordal,val_epoch_task,val,cycle4,,19,,,,,,,,,4100,872.0,185.0,3033.0,10.0,0.8249763481551561,0.9886621315192744,0.8994327187538147,0.8994327187538147,0.8994327187538147,882.0,0.21512195467948914
local,local,,,1,0,data_4100_4_6.5_chordal,val_epoch_task,val,cycle5,,19,,,,,,,,,4100,938.0,123.0,2948.0,91.0,0.884071630537229,0.9115646258503401,0.897607684135437,0.897607684135437,0.897607684135437,1029.0,0.2509756088256836
local,local,,,1,0,data_4100_4_6.5_chordal,val_epoch_task,val,cycle6,,19,,,,,,,,,4100,1078.0,427.0,2420.0,175.0,0.7162790697674418,0.8603351955307262,0.7817258834838867,0.7817258834838867,0.7817258834838867,1253.0,0.3056097626686096
local,local,,,1,0,data_4100_4_6.5_chordal,train_epoch,train,,,20,0.16588990397478748,,,,,,,,4100,,,,,,,,,,,
local,local,,,1,0,data_4100_4_6.5_chordal,val_epoch,val,,,20,,0.16470033771381146,0.9410243902439024,0.7641463279724121,0.880757471151001,0.9071065783500671,0.9071065783500671,0.9071065783500671,4100,,,,,,,,,,,
local,local,,,1,0,data_4100_4_6.5_chordal,val_epoch_task,val,cycle2,,20,,,,,,,,,4100,592.0,15.0,3487.0,6.0,0.9752883031301482,0.9899665551839465,0.9825726747512817,0.9825726747512817,0.9825726747512817,598.0,0.145853653550148
local,local,,,1,0,data_4100_4_6.5_chordal,val_epoch_task,val,cycle3,,20,,,,,,,,,4100,754.0,28.0,3312.0,6.0,0.9641943734015346,0.9921052631578947,0.9779507517814636,0.9779507517814636,0.9779507517814636,760.0,0.18536585569381714
local,local,,,1,0,data_4100_4_6.5_chordal,val_epoch_task,val,cycle4,,20,,,,,,,,,4100,867.0,98.0,3120.0,15.0,0.8984455958549222,0.9829931972789115,0.9388197064399719,0.9388197064399719,0.9388197064399719,882.0,0.21512195467948914
local,local,,,1,0,data_4100_4_6.5_chordal,val_epoch_task,val,cycle5,,20,,,,,,,,,4100,1022.0,328.0,2743.0,7.0,0.7570370370370371,0.9931972789115646,0.8591845035552979,0.8591845035552979,0.8591845035552979,1029.0,0.2509756088256836
local,local,,,1,0,data_4100_4_6.5_chordal,val_epoch_task,val,cycle6,,20,,,,,,,,,4100,1230.0,683.0,2164.0,23.0,0.6429691583899634,0.9816440542697525,0.777005672454834,0.777005672454834,0.777005672454834,1253.0,0.3056097626686096
local,local,,,1,0,data_4100_4_6.5_chordal,train_epoch,train,,,21,0.17018587225230367,,,,,,,,4100,,,,,,,,,,,
local,local,,,1,0,data_4100_4_6.5_chordal,val_epoch,val,,,21,,0.15205982559484077,0.9553170731707317,0.8187804818153381,0.9054305182737972,0.9233396649360657,0.9233396649360657,0.9233396649360657,4100,,,,,,,,,,,
local,local,,,1,0,data_4100_4_6.5_chordal,val_epoch_task,val,cycle2,,21,,,,,,,,,4100,598.0,21.0,3481.0,0.0,0.9660743134087237,1.0,0.9827444553375244,0.9827444553375244,0.9827444553375244,598.0,0.145853653550148
local,local,,,1,0,data_4100_4_6.5_chordal,val_epoch_task,val,cycle3,,21,,,,,,,,,4100,760.0,41.0,3299.0,0.0,0.9488139825218477,1.0,0.9737347960472107,0.9737347960472107,0.9737347960472107,760.0,0.18536585569381714
local,local,,,1,0,data_4100_4_6.5_chordal,val_epoch_task,val,cycle4,,21,,,,,,,,,4100,861.0,88.0,3130.0,21.0,0.9072708113804004,0.9761904761904762,0.9404696226119995,0.9404696226119995,0.9404696226119995,882.0,0.21512195467948914
local,local,,,1,0,data_4100_4_6.5_chordal,val_epoch_task,val,cycle5,,21,,,,,,,,,4100,976.0,154.0,2917.0,53.0,0.863716814159292,0.9484936831875608,0.9041222929954529,0.9041222929954529,0.9041222929954529,1029.0,0.2509756088256836
local,local,,,1,0,data_4100_4_6.5_chordal,val_epoch_task,val,cycle6,,21,,,,,,,,,4100,1190.0,475.0,2372.0,63.0,0.7147147147147147,0.9497206703910615,0.8156271576881409,0.8156271576881409,0.8156271576881409,1253.0,0.3056097626686096
local,local,,,1,0,data_4100_4_6.5_chordal,train_epoch,train,,,22,0.16652994662523268,,,,,,,,4100,,,,,,,,,,,
local,local,,,1,0,data_4100_4_6.5_chordal,val_epoch,val,,,22,,0.14685120395770887,0.9548780487804878,0.816829264163971,0.9042740349787851,0.9230745434761047,0.9230745434761047,0.9230745434761047,4100,,,,,,,,,,,
local,local,,,1,0,data_4100_4_6.5_chordal,val_epoch_task,val,cycle2,,22,,,,,,,,,4100,598.0,15.0,3487.0,0.0,0.9755301794453507,1.0,0.9876135587692261,0.9876135587692261,0.9876135587692261,598.0,0.145853653550148
local,local,,,1,0,data_4100_4_6.5_chordal,val_epoch_task,val,cycle3,,22,,,,,,,,,4100,759.0,39.0,3301.0,1.0,0.9511278195488722,0.9986842105263158,0.9743260741233826,0.9743260741233826,0.9743260741233826,760.0,0.18536585569381714
local,local,,,1,0,data_4100_4_6.5_chordal,val_epoch_task,val,cycle4,,22,,,,,,,,,4100,878.0,91.0,3127.0,4.0,0.9060887512899897,0.9954648526077098,0.9486764073371887,0.9486764073371887,0.9486764073371887,882.0,0.21512195467948914
local,local,,,1,0,data_4100_4_6.5_chordal,val_epoch_task,val,cycle5,,22,,,,,,,,,4100,982.0,176.0,2895.0,47.0,0.8480138169257341,0.9543245869776482,0.898033857345581,0.898033857345581,0.898033857345581,1029.0,0.2509756088256836
local,local,,,1,0,data_4100_4_6.5_chordal,val_epoch_task,val,cycle6,,22,,,,,,,,,4100,1152.0,451.0,2396.0,101.0,0.7186525265127885,0.9193934557063048,0.8067227005958557,0.8067227005958557,0.8067227005958557,1253.0,0.3056097626686096
local,local,,,1,0,data_4100_4_6.5_chordal,train_epoch,train,,,23,0.17212661128218582,,,,,,,,4100,,,,,,,,,,,
local,local,,,1,0,data_4100_4_6.5_chordal,val_epoch,val,,,23,,0.15792200388704858,0.9461463414634146,0.7860975861549377,0.8894230769230769,0.9113712310791016,0.9113712310791016,0.9113712310791016,4100,,,,,,,,,,,
local,local,,,1,0,data_4100_4_6.5_chordal,val_epoch_task,val,cycle2,,23,,,,,,,,,4100,598.0,15.0,3487.0,0.0,0.9755301794453507,1.0,0.9876135587692261,0.9876135587692261,0.9876135587692261,598.0,0.145853653550148
local,local,,,1,0,data_4100_4_6.5_chordal,val_epoch_task,val,cycle3,,23,,,,,,,,,4100,760.0,33.0,3307.0,0.0,0.9583858764186634,1.0,0.9787507653236389,0.9787507653236389,0.9787507653236389,760.0,0.18536585569381714
local,local,,,1,0,data_4100_4_6.5_chordal,val_epoch_task,val,cycle4,,23,,,,,,,,,4100,877.0,125.0,3093.0,5.0,0.875249500998004,0.9943310657596371,0.930997908115387,0.930997908115387,0.930997908115387,882.0,0.21512195467948914
local,local,,,1,0,data_4100_4_6.5_chordal,val_epoch_task,val,cycle5,,23,,,,,,,,,4100,1010.0,316.0,2755.0,19.0,0.7616892911010558,0.9815354713313897,0.8577494621276855,0.8577494621276855,0.8577494621276855,1029.0,0.2509756088256836
local,local,,,1,0,data_4100_4_6.5_chordal,val_epoch_task,val,cycle6,,23,,,,,,,,,4100,1195.0,533.0,2314.0,58.0,0.6915509259259259,0.9537110933758979,0.8017443418502808,0.8017443418502808,0.8017443418502808,1253.0,0.3056097626686096
local,local,,,1,0,data_4100_4_6.5_chordal,train_epoch,train,,,24,0.16004187536312312,,,,,,,,4100,,,,,,,,,,,
local,local,,,1,0,data_4100_4_6.5_chordal,val_epoch,val,,,24,,0.14379175359156074,0.9560487804878048,0.8151219487190247,0.9073331276355034,0.9264057278633118,0.9264057278633118,0.9264057278633118,4100,,,,,,,,,,,
local,local,,,1,0,data_4100_4_6.5_chordal,val_epoch_task,val,cycle2,,24,,,,,,,,,4100,598.0,22.0,3480.0,0.0,0.964516129032258,1.0,0.9819375872612,0.9819375872612,0.9819375872612,598.0,0.145853653550148
local,local,,,1,0,data_4100_4_6.5_chordal,val_epoch_task,val,cycle3,,24,,,,,,,,,4100,753.0,19.0,3321.0,7.0,0.9753886010362695,0.9907894736842106,0.9830287098884583,0.9830287098884583,0.9830287098884583,760.0,0.18536585569381714
local,local,,,1,0,data_4100_4_6.5_chordal,val_epoch_task,val,cycle4,,24,,,,,,,,,4100,865.0,71.0,3147.0,17.0,0.9241452991452992,0.9807256235827665,0.95159512758255,0.95159512758255,0.95159512758255,882.0,0.21512195467948914
local,local,,,1,0,data_4100_4_6.5_chordal,val_epoch_task,val,cycle5,,24,,,,,,,,,4100,989.0,181.0,2890.0,40.0,0.8452991452991453,0.9611273080660836,0.8994997143745422,0.8994997143745422,0.8994997143745422,1029.0,0.2509756088256836
local,local,,,1,0,data_4100_4_6.5_chordal,val_epoch_task,val,cycle6,,24,,,,,,,,,4100,1206.0,497.0,2350.0,47.0,0.708162066940693,0.9624900239425379,0.8159674406051636,0.8159674406051636,0.8159674406051636,1253.0,0.3056097626686096
local,local,,,1,0,data_4100_4_6.5_chordal,train_epoch,train,,,25,0.16042563322658945,,,,,,,,4100,,,,,,,,,,,
local,local,,,1,0,data_4100_4_6.5_chordal,val_epoch,val,,,25,,0.1556872645383928,0.9555121951219512,0.8219512104988098,0.9054334301119867,0.9201900362968445,0.9201900362968445,0.9201900362968445,4100,,,,,,,,,,,
local,local,,,1,0,data_4100_4_6.5_chordal,val_epoch_task,val,cycle2,,25,,,,,,,,,4100,598.0,15.0,3487.0,0.0,0.9755301794453507,1.0,0.9876135587692261,0.9876135587692261,0.9876135587692261,598.0,0.145853653550148
local,local,,,1,0,data_4100_4_6.5_chordal,val_epoch_task,val,cycle3,,25,,,,,,,,,4100,760.0,73.0,3267.0,0.0,0.9123649459783914,1.0,0.9541745185852051,0.9541745185852051,0.9541745185852051,760.0,0.18536585569381714
local,local,,,1,0,data_4100_4_6.5_chordal,val_epoch_task,val,cycle4,,25,,,,,,,,,4100,867.0,99.0,3119.0,15.0,0.8975155279503105,0.9829931972789115,0.938311755657196,0.938311755657196,0.938311755657196,882.0,0.21512195467948914
local,local,,,1,0,data_4100_4_6.5_chordal,val_epoch_task,val,cycle5,,25,,,,,,,,,4100,996.0,221.0,2850.0,33.0,0.8184059161873459,0.967930029154519,0.886910080909729,0.886910080909729,0.886910080909729,1029.0,0.2509756088256836
local,local,,,1,0,data_4100_4_6.5_chordal,val_epoch_task,val,cycle6,,25,,,,,,,,,4100,1145.0,348.0,2499.0,108.0,0.7669122572002679,0.9138068635275339,0.833940327167511,0.833940327167511,0.833940327167511,1253.0,0.3056097626686096
local,local,,,1,0,data_4100_4_6.5_chordal,train_epoch,train,,,26,0.1581135303072813,,,,,,,,4100,,,,,,,,,,,
local,local,,,1,0,data_4100_4_6.5_chordal,val_epoch,val,,,26,,0.14052179867174566,0.9568292682926829,0.828780472278595,0.909333060137281,0.9254363179206848,0.9254363179206848,0.9254363179206848,4100,,,,,,,,,,,
local,local,,,1,0,data_4100_4_6.5_chordal,val_epoch_task,val,cycle2,,26,,,,,,,,,4100,598.0,26.0,3476.0,0.0,0.9583333333333334,1.0,0.978723406791687,0.978723406791687,0.978723406791687,598.0,0.145853653550148
local,local,,,1,0,data_4100_4_6.5_chordal,val_epoch_task,val,cycle3,,26,,,,,,,,,4100,758.0,33.0,3307.0,2.0,0.9582806573957017,0.9973684210526316,0.9774338603019714,0.9774338603019714,0.9774338603019714,760.0,0.18536585569381714
local,local,,,1,0,data_4100_4_6.5_chordal,val_epoch_task,val,cycle4,,26,,,,,,,,,4100,861.0,91.0,3127.0,21.0,0.9044117647058824,0.9761904761904762,0.9389312863349915,0.9389312863349915,0.9389312863349915,882.0,0.21512195467948914
local,local,,,1,0,data_4100_4_6.5_chordal,val_epoch_task,val,cycle5,,26,,,,,,,,,4100,1002.0,202.0,2869.0,27.0,0.8322259136212624,0.9737609329446064,0.897447407245636,0.897447407245636,0.897447407245636,1029.0,0.2509756088256836
local,local,,,1,0,data_4100_4_6.5_chordal,val_epoch_task,val,cycle6,,26,,,,,,,,,4100,1219.0,449.0,2398.0,34.0,0.7308153477218226,0.9728651237031125,0.8346456289291382,0.8346456289291382,0.8346456289291382,1253.0,0.3056097626686096
local,local,,,1,0,data_4100_4_6.5_chordal,train_epoch,train,,,27,0.1538986124861531,,,,,,,,4100,,,,,,,,,,,
local,local,,,1,0,data_4100_4_6.5_chordal,val_epoch,val,,,27,,0.15051821300896204,0.9568292682926829,0.8299999833106995,0.9080137199875273,0.9230655431747437,0.9230655431747437,0.9230655431747437,4100,,,,,,,,,,,
local,local,,,1,0,data_4100_4_6.5_chordal,val_epoch_task,val,cycle2,,27,,,,,,,,,4100,598.0,16.0,3486.0,0.0,0.9739413680781759,1.0,0.9867987036705017,0.9867987036705017,0.9867987036705017,598.0,0.145853653550148
local,local,,,1,0,data_4100_4_6.5_chordal,val_epoch_task,val,cycle3,,27,,,,,,,,,4100,759.0,59.0,3281.0,1.0,0.9278728606356969,0.9986842105263158,0.9619771838188171,0.9619771838188171,0.9619771838188171,760.0,0.18536585569381714
local,local,,,1,0,data_4100_4_6.5_chordal,val_epoch_task,val,cycle4,,27,,,,,,,,,4100,875.0,115.0,3103.0,7.0,0.8838383838383839,0.9920634920634921,0.9348289966583252,0.9348289966583252,0.9348289966583252,882.0,0.21512195467948914
local,local,,,1,0,data_4100_4_6.5_chordal,val_epoch_task,val,cycle5,,27,,,,,,,,,4100,957.0,147.0,2924.0,72.0,0.8668478260869565,0.9300291545189504,0.897327721118927,0.897327721118927,0.897327721118927,1029.0,0.2509756088256836
local,local,,,1,0,data_4100_4_6.5_chordal,val_epoch_task,val,cycle6,,27,,,,,,,,,4100,1179.0,394.0,2453.0,74.0,0.7495232040686586,0.9409417398244214,0.8343949317932129,0.8343949317932129,0.8343949317932129,1253.0,0.3056097626686096
local,local,,,1,0,data_4100_4_6.5_chordal,train_epoch,train,,,28,0.15590844373877455,,,,,,,,4100,,,,,,,,,,,
local,local,,,1,0,data_4100_4_6.5_chordal,val_epoch,val,,,28,,0.15887543014636854,0.9515121951219512,0.8051219582557678,0.8978627209206741,0.9142333269119263,0.9142333269119263,0.9142333269119263,4100,,,,,,,,,,,
local,local,,,1,0,data_4100_4_6.5_chordal,val_epoch_task,val,cycle2,,28,,,,,,,,,4100,598.0,5.0,3497.0,0.0,0.9917081260364843,1.0,0.9958367943763733,0.9958367943763733,0.9958367943763733,598.0,0.145853653550148
local,local,,,1,0,data_4100_4_6.5_chordal,val_epoch_task,val,cycle3,,28,,,,,,,,,4100,760.0,92.0,3248.0,0.0,0.892018779342723,1.0,0.9429280757904053,0.9429280757904053,0.9429280757904053,760.0,0.18536585569381714
local,local,,,1,0,data_4100_4_6.5_chordal,val_epoch_task,val,cycle4,,28,,,,,,,,,4100,881.0,144.0,3074.0,1.0,0.8595121951219512,0.9988662131519275,0.9239643216133118,0.9239643216133118,0.9239643216133118,882.0,0.21512195467948914
local,local,,,1,0,data_4100_4_6.5_chordal,val_epoch_task,val,cycle5,,28,,,,,,,,,4100,969.0,186.0,2885.0,60.0,0.8389610389610389,0.9416909620991254,0.8873626589775085,0.8873626589775085,0.8873626589775085,1029.0,0.2509756088256836
local,local,,,1,0,data_4100_4_6.5_chordal,val_epoch_task,val,cycle6,,28,,,,,,,,,4100,1161.0,414.0,2433.0,92.0,0.7371428571428571,0.9265762170790104,0.8210749626159668,0.8210749626159668,0.8210749626159668,1253.0,0.3056097626686096
local,local,,,1,0,data_4100_4_6.5_chordal,train_epoch,train,,,29,0.16805121575822918,,,,,,,,4100,,,,,,,,,,,
local,local,,,1,0,data_4100_4_6.5_chordal,val_epoch,val,,,29,,0.1523719868354681,0.9499512195121951,0.7995122075080872,0.8971325446160017,0.9171058535575867,0.9171058535575867,0.9171058535575867,4100,,,,,,,,,,,
local,local,,,1,0,data_4100_4_6.5_chordal,val_epoch_task,val,cycle2,,29,,,,,,,,,4100,598.0,26.0,3476.0,0.0,0.9583333333333334,1.0,0.978723406791687,0.978723406791687,0.978723406791687,598.0,0.145853653550148
local,local,,,1,0,data_4100_4_6.5_chordal,val_epoch_task,val,cycle3,,29,,,,,,,,,4100,759.0,31.0,3309.0,1.0,0.9607594936708861,0.9986842105263158,0.9793547987937927,0.9793547987937927,0.9793547987937927,760.0,0.18536585569381714
local,local,,,1,0,data_4100_4_6.5_chordal,val_epoch_task,val,cycle4,,29,,,,,,,,,4100,871.0,106.0,3112.0,11.0,0.8915046059365405,0.9875283446712018,0.9370629787445068,0.9370629787445068,0.9370629787445068,882.0,0.21512195467948914
local,local,,,1,0,data_4100_4_6.5_chordal,val_epoch_task,val,cycle5,,29,,,,,,,,,4100,1010.0,263.0,2808.0,19.0,0.793401413982718,0.9815354713313897,0.8774978518486023,0.8774978518486023,0.8774978518486023,1029.0,0.2509756088256836
local,local,,,1,0,data_4100_4_6.5_chordal,val_epoch_task,val,cycle6,,29,,,,,,,,,4100,1236.0,552.0,2295.0,17.0,0.6912751677852349,0.9864325618515563,0.8128905296325684,0.8128905296325684,0.8128905296325684,1253.0,0.3056097626686096
local,local,,,1,0,data_4100_4_6.5_chordal,train_epoch,train,,,30,0.1469529926904091,,,,,,,,4100,,,,,,,,,,,
local,local,,,1,0,data_4100_4_6.5_chordal,val_epoch,val,,,30,,0.15607487677800946,0.9579024390243902,0.826341450214386,0.9089374274559459,0.9261531829833984,0.9261531829833984,0.9261531829833984,4100,,,,,,,,,,,
local,local,,,1,0,data_4100_4_6.5_chordal,val_epoch_task,val,cycle2,,30,,,,,,,,,4100,598.0,16.0,3486.0,0.0,0.9739413680781759,1.0,0.9867987036705017,0.9867987036705017,0.9867987036705017,598.0,0.145853653550148
local,local,,,1,0,data_4100_4_6.5_chordal,val_epoch_task,val,cycle3,,30,,,,,,,,,4100,754.0,29.0,3311.0,6.0,0.9629629629629629,0.9921052631578947,0.9773169159889221,0.9773169159889221,0.9773169159889221,760.0,0.18536585569381714
local,local,,,1,0,data_4100_4_6.5_chordal,val_epoch_task,val,cycle4,,30,,,,,,,,,4100,867.0,64.0,3154.0,15.0,0.9312567132116004,0.9829931972789115,0.9564257860183716,0.9564257860183716,0.9564257860183716,882.0,0.21512195467948914
local,local,,,1,0,data_4100_4_6.5_chordal,val_epoch_task,val,cycle5,,30,,,,,,,,,4100,996.0,188.0,2883.0,33.0,0.8412162162162162,0.967930029154519,0.9001355767250061,0.9001355767250061,0.9001355767250061,1029.0,0.2509756088256836
local,local,,,1,0,data_4100_4_6.5_chordal,val_epoch_task,val,cycle6,,30,,,,,,,,,4100,1092.0,351.0,2496.0,161.0,0.7567567567567568,0.8715083798882681,0.8100889921188354,0.8100889921188354,0.8100889921188354,1253.0,0.3056097626686096
local,local,,,1,0,data_4100_4_6.5_chordal,train_epoch,train,,,31,0.14684300303180906,,,,,,,,4100,,,,,,,,,,,
local,local,,,1,0,data_4100_4_6.5_chordal,val_epoch,val,,,31,,0.14762900009387878,0.9585365853658536,0.8304877877235413,0.9110692613517472,0.9281719923019409,0.9281719923019409,0.9281719923019409,4100,,,,,,,,,,,
local,local,,,1,0,data_4100_4_6.5_chordal,val_epoch_task,val,cycle2,,31,,,,,,,,,4100,593.0,16.0,3486.0,5.0,0.9737274220032841,0.9916387959866221,0.9826014637947083,0.9826014637947083,0.9826014637947083,598.0,0.145853653550148
local,local,,,1,0,data_4100_4_6.5_chordal,val_epoch_task,val,cycle3,,31,,,,,,,,,4100,758.0,21.0,3319.0,2.0,0.9730423620025674,0.9973684210526316,0.9850552082061768,0.9850552082061768,0.9850552082061768,760.0,0.18536585569381714
local,local,,,1,0,data_4100_4_6.5_chordal,val_epoch_task,val,cycle4,,31,,,,,,,,,4100,864.0,81.0,3137.0,18.0,0.9142857142857143,0.9795918367346939,0.9458128809928894,0.9458128809928894,0.9458128809928894,882.0,0.21512195467948914
local,local,,,1,0,data_4100_4_6.5_chordal,val_epoch_task,val,cycle5,,31,,,,,,,,,4100,984.0,158.0,2913.0,45.0,0.861646234676007,0.956268221574344,0.9064947366714478,0.9064947366714478,0.9064947366714478,1029.0,0.2509756088256836
local,local,,,1,0,data_4100_4_6.5_chordal,val_epoch_task,val,cycle6,,31,,,,,,,,,4100,1155.0,406.0,2441.0,98.0,0.7399103139013453,0.9217877094972067,0.8208955526351929,0.8208955526351929,0.8208955526351929,1253.0,0.3056097626686096
local,local,,,1,0,data_4100_4_6.5_chordal,train_epoch,train,,,32,0.14812293848613414,,,,,,,,4100,,,,,,,,,,,
local,local,,,1,0,data_4100_4_6.5_chordal,val_epoch,val,,,32,,0.1595130835787007,0.9436585365853658,0.7770731449127197,0.8857001484413658,0.9075075387954712,0.9075075387954712,0.9075075387954712,4100,,,,,,,,,,,
local,local,,,1,0,data_4100_4_6.5_chordal,val_epoch_task,val,cycle2,,32,,,,,,,,,4100,598.0,4.0,3498.0,0.0,0.9933554817275747,1.0,0.9966666102409363,0.9966666102409363,0.9966666102409363,598.0,0.145853653550148
local,local,,,1,0,data_4100_4_6.5_chordal,val_epoch_task,val,cycle3,,32,,,,,,,,,4100,760.0,97.0,3243.0,0.0,0.8868144690781797,1.0,0.9400123953819275,0.9400123953819275,0.9400123953819275,760.0,0.18536585569381714
local,local,,,1,0,data_4100_4_6.5_chordal,val_epoch_task,val,cycle4,,32,,,,,,,,,4100,880.0,101.0,3117.0,2.0,0.8970438328236493,0.9977324263038548,0.9447128176689148,0.9447128176689148,0.9447128176689148,882.0,0.21512195467948914
local,local,,,1,0,data_4100_4_6.5_chordal,val_epoch_task,val,cycle5,,32,,,,,,,,,4100,1015.0,330.0,2741.0,14.0,0.7546468401486989,0.9863945578231292,0.8550969362258911,0.8550969362258911,0.8550969362258911,1029.0,0.2509756088256836
local,local,,,1,0,data_4100_4_6.5_chordal,val_epoch_task,val,cycle6,,32,,,,,,,,,4100,1222.0,576.0,2271.0,31.0,0.6796440489432704,0.9752593774940144,0.8010488152503967,0.8010488152503967,0.8010488152503967,1253.0,0.3056097626686096
local,local,,,1,0,data_4100_4_6.5_chordal,train_epoch,train,,,33,0.15611631591145586,,,,,,,,4100,,,,,,,,,,,
local,local,,,1,0,data_4100_4_6.5_chordal,val_epoch,val,,,33,,0.14726350120291476,0.9612195121951219,0.8468292951583862,0.9158284806776072,0.9294111132621765,0.9294111132621765,0.9294111132621765,4100,,,,,,,,,,,
local,local,,,1,0,data_4100_4_6.5_chordal,val_epoch_task,val,cycle2,,33,,,,,,,,,4100,598.0,19.0,3483.0,0.0,0.9692058346839546,1.0,0.9843621253967285,0.9843621253967285,0.9843621253967285,598.0,0.145853653550148
local,local,,,1,0,data_4100_4_6.5_chordal,val_epoch_task,val,cycle3,,33,,,,,,,,,4100,760.0,37.0,3303.0,0.0,0.9535759096612296,1.0,0.9762364029884338,0.9762364029884338,0.9762364029884338,760.0,0.18536585569381714
local,local,,,1,0,data_4100_4_6.5_chordal,val_epoch_task,val,cycle4,,33,,,,,,,,,4100,866.0,93.0,3125.0,16.0,0.9030239833159541,0.981859410430839,0.9407930374145508,0.9407930374145508,0.9407930374145508,882.0,0.21512195467948914
local,local,,,1,0,data_4100_4_6.5_chordal,val_epoch_task,val,cycle5,,33,,,,,,,,,4100,953.0,138.0,2933.0,76.0,0.8735105407882676,0.9261418853255587,0.899056613445282,0.899056613445282,0.899056613445282,1029.0,0.2509756088256836
local,local,,,1,0,data_4100_4_6.5_chordal,val_epoch_task,val,cycle6,,33,,,,,,,,,4100,1148.0,311.0,2536.0,105.0,0.7868403015764222,0.9162011173184358,0.8466076850891113,0.8466076850891113,0.8466076850891113,1253.0,0.3056097626686096
local,local,,,1,0,data_4100_4_6.5_chordal,train_epoch,train,,,34,0.14184733470947278,,,,,,,,4100,,,,,,,,,,,
local,local,,,1,0,data_4100_4_6.5_chordal,val_epoch,val,,,34,,0.13592580921766234,0.958390243902439,0.8302438855171204,0.9127901032614252,0.929635226726532,0.929635226726532,0.929635226726532,4100,,,,,,,,,,,
local,local,,,1,0,data_4100_4_6.5_chordal,val_epoch_task,val,cycle2,,34,,,,,,,,,4100,598.0,23.0,3479.0,0.0,0.9629629629629629,1.0,0.9811320900917053,0.9811320900917053,0.9811320900917053,598.0,0.145853653550148
local,local,,,1,0,data_4100_4_6.5_chordal,val_epoch_task,val,cycle3,,34,,,,,,,,,4100,758.0,29.0,3311.0,2.0,0.963151207115629,0.9973684210526316,0.9799612164497375,0.9799612164497375,0.9799612164497375,760.0,0.18536585569381714
local,local,,,1,0,data_4100_4_6.5_chordal,val_epoch_task,val,cycle4,,34,,,,,,,,,4100,872.0,54.0,3164.0,10.0,0.9416846652267818,0.9886621315192744,0.9646018147468567,0.9646018147468567,0.9646018147468567,882.0,0.21512195467948914
local,local,,,1,0,data_4100_4_6.5_chordal,val_epoch_task,val,cycle5,,34,,,,,,,,,4100,1012.0,255.0,2816.0,17.0,0.7987371744277821,0.9834791059280855,0.8815330862998962,0.8815330862998962,0.8815330862998962,1029.0,0.2509756088256836
local,local,,,1,0,data_4100_4_6.5_chordal,val_epoch_task,val,cycle6,,34,,,,,,,,,4100,1224.0,434.0,2413.0,29.0,0.738238841978287,0.9768555466879489,0.8409481644630432,0.8409481644630432,0.8409481644630432,1253.0,0.3056097626686096
local,local,,,1,0,data_4100_4_6.5_chordal,train_epoch,train,,,35,0.14975843094834468,,,,,,,,4100,,,,,,,,,,,
local,local,,,1,0,data_4100_4_6.5_chordal,val_epoch,val,,,35,,0.15925577070654892,0.9488780487804878,0.8026829361915588,0.8937981353871098,0.8987525701522827,0.8987525701522827,0.8987525701522827,4100,,,,,,,,,,,
local,local,,,1,0,data_4100_4_6.5_chordal,val_epoch_task,val,cycle2,,35,,,,,,,,,4100,598.0,158.0,3344.0,0.0,0.791005291005291,1.0,0.8833087086677551,0.8833087086677551,0.8833087086677551,598.0,0.145853653550148
local,local,,,1,0,data_4100_4_6.5_chordal,val_epoch_task,val,cycle3,,35,,,,,,,,,4100,760.0,47.0,3293.0,0.0,0.9417596034696406,1.0,0.9700063467025757,0.9700063467025757,0.9700063467025757,760.0,0.18536585569381714
local,local,,,1,0,data_4100_4_6.5_chordal,val_epoch_task,val,cycle4,,35,,,,,,,,,4100,882.0,208.0,3010.0,0.0,0.8091743119266055,1.0,0.8945233225822449,0.8945233225822449,0.8945233225822449,882.0,0.21512195467948914
local,local,,,1,0,data_4100_4_6.5_chordal,val_epoch_task,val,cycle5,,35,,,,,,,,,4100,1017.0,262.0,2809.0,12.0,0.7951524628616107,0.9883381924198251,0.8812825083732605,0.8812825083732605,0.8812825083732605,1029.0,0.2509756088256836
local,local,,,1,0,data_4100_4_6.5_chordal,val_epoch_task,val,cycle6,,35,,,,,,,,,4100,1153.0,261.0,2586.0,100.0,0.8154172560113154,0.9201915403032721,0.8646419048309326,0.8646419048309326,0.8646419048309326,1253.0,0.3056097626686096
local,local,,,1,0,data_4100_4_6.5_chordal,train_epoch,train,,,36,0.14658346565031424,,,,,,,,4100,,,,,,,,,,,
local,local,,,1,0,data_4100_4_6.5_chordal,val_epoch,val,,,36,,0.14286450394189337,0.9530731707317073,0.8146341443061829,0.9018166972851603,0.9183777570724487,0.9183777570724487,0.9183777570724487,4100,,,,,,,,,,,
local,local,,,1,0,data_4100_4_6.5_chordal,val_epoch_task,val,cycle2,,36,,,,,,,,,4100,598.0,26.0,3476.0,0.0,0.9583333333333334,1.0,0.978723406791687,0.978723406791687,0.978723406791687,598.0,0.145853653550148
local,local,,,1,0,data_4100_4_6.5_chordal,val_epoch_task,val,cycle3,,36,,,,,,,,,4100,760.0,43.0,3297.0,0.0,0.9464508094645081,1.0,0.9724888205528259,0.9724888205528259,0.9724888205528259,760.0,0.18536585569381714
local,local,,,1,0,data_4100_4_6.5_chordal,val_epoch_task,val,cycle4,,36,,,,,,,,,4100,874.0,126.0,3092.0,8.0,0.874,0.9909297052154195,0.9287992119789124,0.9287992119789124,0.9287992119789124,882.0,0.21512195467948914
local,local,,,1,0,data_4100_4_6.5_chordal,val_epoch_task,val,cycle5,,36,,,,,,,,,4100,1005.0,228.0,2843.0,24.0,0.8150851581508516,0.9766763848396501,0.8885941505432129,0.8885941505432129,0.8885941505432129,1029.0,0.2509756088256836
local,local,,,1,0,data_4100_4_6.5_chordal,val_epoch_task,val,cycle6,,36,,,,,,,,,4100,1181.0,435.0,2412.0,72.0,0.7308168316831684,0.942537909018356,0.8232833743095398,0.8232833743095398,0.8232833743095398,1253.0,0.3056097626686096
local,local,,,1,0,data_4100_4_6.5_chordal,train_epoch,train,,,37,0.15379055125536625,,,,,,,,4100,,,,,,,,,,,
local,local,,,1,0,data_4100_4_6.5_chordal,val_epoch,val,,,37,,0.12574386693355513,0.9614634146341463,0.8446341753005981,0.9179646936656282,0.9318703413009644,0.9318703413009644,0.9318703413009644,4100,,,,,,,,,,,
local,local,,,1,0,data_4100_4_6.5_chordal,val_epoch_task,val,cycle2,,37,,,,,,,,,4100,598.0,20.0,3482.0,0.0,0.9676375404530745,1.0,0.9835526347160339,0.9835526347160339,0.9835526347160339,598.0,0.145853653550148
local,local,,,1,0,data_4100_4_6.5_chordal,val_epoch_task,val,cycle3,,37,,,,,,,,,4100,760.0,32.0,3308.0,0.0,0.9595959595959596,1.0,0.9793815016746521,0.9793815016746521,0.9793815016746521,760.0,0.18536585569381714
local,local,,,1,0,data_4100_4_6.5_chordal,val_epoch_task,val,cycle4,,37,,,,,,,,,4100,871.0,103.0,3115.0,11.0,0.8942505133470225,0.9875283446712018,0.9385775923728943,0.9385775923728943,0.9385775923728943,882.0,0.21512195467948914
local,local,,,1,0,data_4100_4_6.5_chordal,val_epoch_task,val,cycle5,,37,,,,,,,,,4100,986.0,161.0,2910.0,43.0,0.8596338273757629,0.9582118561710399,0.90625,0.90625,0.90625,1029.0,0.2509756088256836
local,local,,,1,0,data_4100_4_6.5_chordal,val_epoch_task,val,cycle6,,37,,,,,,,,,4100,1205.0,372.0,2475.0,48.0,0.7641090678503487,0.9616919393455706,0.851590096950531,0.851590096950531,0.851590096950531,1253.0,0.3056097626686096
local,local,,,1,0,data_4100_4_6.5_chordal,train_epoch,train,,,38,0.1384800320645658,,,,,,,,4100,,,,,,,,,,,
local,local,,,1,0,data_4100_4_6.5_chordal,val_epoch,val,,,38,,0.13974668117739805,0.9572195121951219,0.8353658318519592,0.9097643790513427,0.919347882270813,0.919347882270813,0.919347882270813,4100,,,,,,,,,,,
local,local,,,1,0,data_4100_4_6.5_chordal,val_epoch_task,val,cycle2,,38,,,,,,,,,4100,598.0,63.0,3439.0,0.0,0.9046898638426626,1.0,0.9499602913856506,0.9499602913856506,0.9499602913856506,598.0,0.145853653550148
local,local,,,1,0,data_4100_4_6.5_chordal,val_epoch_task,val,cycle3,,38,,,,,,,,,4100,760.0,55.0,3285.0,0.0,0.9325153374233128,1.0,0.9650793075561523,0.9650793075561523,0.9650793075561523,760.0,0.18536585569381714
local,local,,,1,0,data_4100_4_6.5_chordal,val_epoch_task,val,cycle4,,38,,,,,,,,,4100,877.0,120.0,3098.0,5.0,0.8796389167502507,0.9943310657596371,0.9334751963615417,0.9334751963615417,0.9334751963615417,882.0,0.21512195467948914
local,local,,,1,0,data_4100_4_6.5_chordal,val_epoch_task,val,cycle5,,38,,,,,,,,,4100,1017.0,256.0,2815.0,12.0,0.7989002356637863,0.9883381924198251,0.8835795521736145,0.8835795521736145,0.8835795521736145,1029.0,0.2509756088256836
local,local,,,1,0,data_4100_4_6.5_chordal,val_epoch_task,val,cycle6,,38,,,,,,,,,4100,1169.0,282.0,2565.0,84.0,0.8056512749827704,0.9329608938547486,0.8646449446678162,0.8646449446678162,0.8646449446678162,1253.0,0.3056097626686096
local,local,,,1,0,data_4100_4_6.5_chordal,train_epoch,train,,,39,0.1527188484188987,,,,,,,,4100,,,,,,,,,,,
local,local,,,1,0,data_4100_4_6.5_chordal,val_epoch,val,,,39,,0.13775825429980348,0.9630731707317073,0.8551219701766968,0.9200549160418205,0.9318358302116394,0.9318358302116394,0.9318358302116394,4100,,,,,,,,,,,
local,local,,,1,0,data_4100_4_6.5_chordal,val_epoch_task,val,cycle2,,39,,,,,,,,,4100,598.0,19.0,3483.0,0.0,0.9692058346839546,1.0,0.9843621253967285,0.9843621253967285,0.9843621253967285,598.0,0.145853653550148
local,local,,,1,0,data_4100_4_6.5_chordal,val_epoch_task,val,cycle3,,39,,,,,,,,,4100,758.0,38.0,3302.0,2.0,0.9522613065326633,0.9973684210526316,0.974293053150177,0.974293053150177,0.974293053150177,760.0,0.18536585569381714
local,local,,,1,0,data_4100_4_6.5_chordal,val_epoch_task,val,cycle4,,39,,,,,,,,,4100,870.0,108.0,3110.0,12.0,0.8895705521472392,0.9863945578231292,0.9354838728904724,0.9354838728904724,0.9354838728904724,882.0,0.21512195467948914
local,local,,,1,0,data_4100_4_6.5_chordal,val_epoch_task,val,cycle5,,39,,,,,,,,,4100,969.0,154.0,2917.0,60.0,0.8628673196794301,0.9416909620991254,0.9005576372146606,0.9005576372146606,0.9005576372146606,1029.0,0.2509756088256836
local,local,,,1,0,data_4100_4_6.5_chordal,val_epoch_task,val,cycle6,,39,,,,,,,,,4100,1161.0,272.0,2575.0,92.0,0.8101884159106769,0.9265762170790104,0.8644824624061584,0.8644824624061584,0.8644824624061584,1253.0,0.3056097626686096
local,local,,,1,0,data_4100_4_6.5_chordal,train_epoch,train,,,40,0.1422120383309155,,,,,,,,4100,,,,,,,,,,,
local,local,,,1,0,data_4100_4_6.5_chordal,val_epoch,val,,,40,,0.1556641873208488,0.9588780487804878,0.8424389958381653,0.9124883213952039,0.9240848422050476,0.9240848422050476,0.9240848422050476,4100,,,,,,,,,,,
local,local,,,1,0,data_4100_4_6.5_chordal,val_epoch_task,val,cycle2,,40,,,,,,,,,4100,598.0,21.0,3481.0,0.0,0.9660743134087237,1.0,0.9827444553375244,0.9827444553375244,0.9827444553375244,598.0,0.145853653550148
local,local,,,1,0,data_4100_4_6.5_chordal,val_epoch_task,val,cycle3,,40,,,,,,,,,4100,760.0,57.0,3283.0,0.0,0.9302325581395349,1.0,0.9638554453849792,0.9638554453849792,0.9638554453849792,760.0,0.18536585569381714
local,local,,,1,0,data_4100_4_6.5_chordal,val_epoch_task,val,cycle4,,40,,,,,,,,,4100,814.0,74.0,3144.0,68.0,0.9166666666666666,0.9229024943310657,0.919774055480957,0.919774055480957,0.919774055480957,882.0,0.21512195467948914
local,local,,,1,0,data_4100_4_6.5_chordal,val_epoch_task,val,cycle5,,40,,,,,,,,,4100,1009.0,265.0,2806.0,20.0,0.7919937205651492,0.9805636540330418,0.8762483596801758,0.8762483596801758,0.8762483596801758,1029.0,0.2509756088256836
local,local,,,1,0,data_4100_4_6.5_chordal,val_epoch_task,val,cycle6,,40,,,,,,,,,4100,1214.0,299.0,2548.0,39.0,0.8023793787177792,0.9688747007182761,0.8778018951416016,0.8778018951416016,0.8778018951416016,1253.0,0.3056097626686096
local,local,,,1,0,data_4100_4_6.5_chordal,train_epoch,train,,,41,0.14606455967375417,,,,,,,,4100,,,,,,,,,,,
local,local,,,1,0,data_4100_4_6.5_chordal,val_epoch,val,,,41,,0.14252678437349414,0.9602439024390244,0.8414633870124817,0.9152189743056278,0.9251239895820618,0.9251239895820618,0.9251239895820618,4100,,,,,,,,,,,
local,local,,,1,0,data_4100_4_6.5_chordal,val_epoch_task,val,cycle2,,41,,,,,,,,,4100,598.0,28.0,3474.0,0.0,0.9552715654952076,1.0,0.9771242141723633,0.9771242141723633,0.9771242141723633,598.0,0.145853653550148
local,local,,,1,0,data_4100_4_6.5_chordal,val_epoch_task,val,cycle3,,41,,,,,,,,,4100,760.0,94.0,3246.0,0.0,0.8899297423887588,1.0,0.9417596459388733,0.9417596459388733,0.9417596459388733,760.0,0.18536585569381714
local,local,,,1,0,data_4100_4_6.5_chordal,val_epoch_task,val,cycle4,,41,,,,,,,,,4100,867.0,77.0,3141.0,15.0,0.9184322033898306,0.9829931972789115,0.9496166706085205,0.9496166706085205,0.9496166706085205,882.0,0.21512195467948914
local,local,,,1,0,data_4100_4_6.5_chordal,val_epoch_task,val,cycle5,,41,,,,,,,,,4100,1009.0,259.0,2812.0,20.0,0.7957413249211357,0.9805636540330418,0.8785371780395508,0.8785371780395508,0.8785371780395508,1029.0,0.2509756088256836
local,local,,,1,0,data_4100_4_6.5_chordal,val_epoch_task,val,cycle6,,41,,,,,,,,,4100,1165.0,234.0,2613.0,88.0,0.8327376697641172,0.9297685554668795,0.8785821795463562,0.8785821795463562,0.8785821795463562,1253.0,0.3056097626686096
local,local,,,1,0,data_4100_4_6.5_chordal,train_epoch,train,,,42,0.12853481506429068,,,,,,,,4100,,,,,,,,,,,
local,local,,,1,0,data_4100_4_6.5_chordal,val_epoch,val,,,42,,0.15415234768100186,0.9631219512195122,0.8478049039840698,0.9186396900559621,0.9302964210510254,0.9302964210510254,0.9302964210510254,4100,,,,,,,,,,,
local,local,,,1,0,data_4100_4_6.5_chordal,val_epoch_task,val,cycle2,,42,,,,,,,,,4100,598.0,12.0,3490.0,0.0,0.980327868852459,1.0,0.9900662302970886,0.9900662302970886,0.9900662302970886,598.0,0.145853653550148
local,local,,,1,0,data_4100_4_6.5_chordal,val_epoch_task,val,cycle3,,42,,,,,,,,,4100,760.0,53.0,3287.0,0.0,0.9348093480934809,1.0,0.9663063883781433,0.9663063883781433,0.9663063883781433,760.0,0.18536585569381714
local,local,,,1,0,data_4100_4_6.5_chordal,val_epoch_task,val,cycle4,,42,,,,,,,,,4100,879.0,104.0,3114.0,3.0,0.8942014242115972,0.9965986394557823,0.9426273703575134,0.9426273703575134,0.9426273703575134,882.0,0.21512195467948914
local,local,,,1,0,data_4100_4_6.5_chordal,val_epoch_task,val,cycle5,,42,,,,,,,,,4100,906.0,97.0,2974.0,123.0,0.9032901296111665,0.880466472303207,0.8917322754859924,0.8917322754859924,0.8917322754859924,1029.0,0.2509756088256836
local,local,,,1,0,data_4100_4_6.5_chordal,val_epoch_task,val,cycle6,,42,,,,,,,,,4100,1125.0,236.0,2611.0,128.0,0.8265980896399706,0.8978451715881883,0.8607498407363892,0.8607498407363892,0.8607498407363892,1253.0,0.3056097626686096
local,local,,,1,0,data_4100_4_6.5_chordal,train_epoch,train,,,43,0.16331580170407528,,,,,,,,4100,,,,,,,,,,,
local,local,,,1,0,data_4100_4_6.5_chordal,val_epoch,val,,,43,,0.13769118467345834,0.9588292682926829,0.8399999737739563,0.9131508540852027,0.9240371584892273,0.9240371584892273,0.9240371584892273,4100,,,,,,,,,,,
local,local,,,1,0,data_4100_4_6.5_chordal,val_epoch_task,val,cycle2,,43,,,,,,,,,4100,598.0,15.0,3487.0,0.0,0.9755301794453507,1.0,0.9876135587692261,0.9876135587692261,0.9876135587692261,598.0,0.145853653550148
local,local,,,1,0,data_4100_4_6.5_chordal,val_epoch_task,val,cycle3,,43,,,,,,,,,4100,759.0,86.0,3254.0,1.0,0.8982248520710059,0.9986842105263158,0.9457944631576538,0.9457944631576538,0.9457944631576538,760.0,0.18536585569381714
local,local,,,1,0,data_4100_4_6.5_chordal,val_epoch_task,val,cycle4,,43,,,,,,,,,4100,875.0,124.0,3094.0,7.0,0.8758758758758759,0.9920634920634921,0.9303561449050903,0.9303561449050903,0.9303561449050903,882.0,0.21512195467948914
local,local,,,1,0,data_4100_4_6.5_chordal,val_epoch_task,val,cycle5,,43,,,,,,,,,4100,1009.0,263.0,2808.0,20.0,0.7932389937106918,0.9805636540330418,0.8770099878311157,0.8770099878311157,0.8770099878311157,1029.0,0.2509756088256836
local,local,,,1,0,data_4100_4_6.5_chordal,val_epoch_task,val,cycle6,,43,,,,,,,,,4100,1196.0,271.0,2576.0,57.0,0.8152692569870484,0.9545091779728652,0.8794116973876953,0.8794116973876953,0.8794116973876953,1253.0,0.3056097626686096
local,local,,,1,0,data_4100_4_6.5_chordal,train_epoch,train,,,44,0.1259039101553172,,,,,,,,4100,,,,,,,,,,,
local,local,,,1,0,data_4100_4_6.5_chordal,val_epoch,val,,,44,,0.11780439739547124,0.9650731707317073,0.859268307685852,0.9254632521340828,0.9367591142654419,0.9367591142654419,0.9367591142654419,4100,,,,,,,,,,,
local,local,,,1,0,data_4100_4_6.5_chordal,val_epoch_task,val,cycle2,,44,,,,,,,,,4100,598.0,18.0,3484.0,0.0,0.9707792207792207,1.0,0.9851730465888977,0.9851730465888977,0.9851730465888977,598.0,0.145853653550148
local,local,,,1,0,data_4100_4_6.5_chordal,val_epoch_task,val,cycle3,,44,,,,,,,,,4100,760.0,36.0,3304.0,0.0,0.9547738693467337,1.0,0.97686368227005,0.97686368227005,0.97686368227005,760.0,0.18536585569381714
local,local,,,1,0,data_4100_4_6.5_chordal,val_epoch_task,val,cycle4,,44,,,,,,,,,4100,875.0,107.0,3111.0,7.0,0.8910386965376782,0.9920634920634921,0.9388412237167358,0.9388412237167358,0.9388412237167358,882.0,0.21512195467948914
local,local,,,1,0,data_4100_4_6.5_chordal,val_epoch_task,val,cycle5,,44,,,,,,,,,4100,1019.0,195.0,2876.0,10.0,0.8393739703459637,0.9902818270165209,0.9086045026779175,0.9086045026779175,0.9086045026779175,1029.0,0.2509756088256836
local,local,,,1,0,data_4100_4_6.5_chordal,val_epoch_task,val,cycle6,,44,,,,,,,,,4100,1193.0,283.0,2564.0,60.0,0.8082655826558266,0.9521149241819633,0.8743129372596741,0.8743129372596741,0.8743129372596741,1253.0,0.3056097626686096
local,local,,,1,0,data_4100_4_6.5_chordal,train_epoch,train,,,45,0.13582360604005617,,,,,,,,4100,,,,,,,,,,,
local,local,,,1,0,data_4100_4_6.5_chordal,val_epoch,val,,,45,,0.12232782160590698,0.966780487804878,0.8675609827041626,0.928141817030706,0.9380276799201965,0.9380276799201965,0.9380276799201965,4100,,,,,,,,,,,
local,local,,,1,0,data_4100_4_6.5_chordal,val_epoch_task,val,cycle2,,45,,,,,,,,,4100,598.0,27.0,3475.0,0.0,0.9568,1.0,0.9779231548309326,0.9779231548309326,0.9779231548309326,598.0,0.145853653550148
local,local,,,1,0,data_4100_4_6.5_chordal,val_epoch_task,val,cycle3,,45,,,,,,,,,4100,760.0,31.0,3309.0,0.0,0.9608091024020228,1.0,0.9800128936767578,0.9800128936767578,0.9800128936767578,760.0,0.18536585569381714
local,local,,,1,0,data_4100_4_6.5_chordal,val_epoch_task,val,cycle4,,45,,,,,,,,,4100,855.0,73.0,3145.0,27.0,0.9213362068965517,0.9693877551020408,0.9447514414787292,0.9447514414787292,0.9447514414787292,882.0,0.21512195467948914
local,local,,,1,0,data_4100_4_6.5_chordal,val_epoch_task,val,cycle5,,45,,,,,,,,,4100,1017.0,210.0,2861.0,12.0,0.8288508557457213,0.9883381924198251,0.9015957713127136,0.9015957713127136,0.9015957713127136,1029.0,0.2509756088256836
local,local,,,1,0,data_4100_4_6.5_chordal,val_epoch_task,val,cycle6,,45,,,,,,,,,4100,1168.0,216.0,2631.0,85.0,0.8439306358381503,0.9321628092577813,0.8858551383018494,0.8858551383018494,0.8858551383018494,1253.0,0.3056097626686096
local,local,,,1,0,data_4100_4_6.5_chordal,train_epoch,train,,,46,0.1233862628650329,,,,,,,,4100,,,,,,,,,,,
local,local,,,1,0,data_4100_4_6.5_chordal,val_epoch,val,,,46,,0.1062085194922075,0.9683414634146341,0.8673170804977417,0.9323606044815008,0.9435386657714844,0.9435386657714844,0.9435386657714844,4100,,,,,,,,,,,
local,local,,,1,0,data_4100_4_6.5_chordal,val_epoch_task,val,cycle2,,46,,,,,,,,,4100,596.0,14.0,3488.0,2.0,0.9770491803278688,0.9966555183946488,0.9867549538612366,0.9867549538612366,0.9867549538612366,598.0,0.145853653550148
local,local,,,1,0,data_4100_4_6.5_chordal,val_epoch_task,val,cycle3,,46,,,,,,,,,4100,755.0,19.0,3321.0,5.0,0.975452196382429,0.993421052631579,0.9843546152114868,0.9843546152114868,0.9843546152114868,760.0,0.18536585569381714
local,local,,,1,0,data_4100_4_6.5_chordal,val_epoch_task,val,cycle4,,46,,,,,,,,,4100,875.0,84.0,3134.0,7.0,0.9124087591240876,0.9920634920634921,0.9505703449249268,0.9505703449249268,0.9505703449249268,882.0,0.21512195467948914
local,local,,,1,0,data_4100_4_6.5_chordal,val_epoch_task,val,cycle5,,46,,,,,,,,,4100,1009.0,180.0,2891.0,20.0,0.8486122792262405,0.9805636540330418,0.9098287224769592,0.9098287224769592,0.9098287224769592,1029.0,0.2509756088256836
local,local,,,1,0,data_4100_4_6.5_chordal,val_epoch_task,val,cycle6,,46,,,,,,,,,4100,1238.0,303.0,2544.0,15.0,0.8033744321868916,0.9880287310454908,0.8861846923828125,0.8861846923828125,0.8861846923828125,1253.0,0.3056097626686096
local,local,,,1,0,data_4100_4_6.5_chordal,train_epoch,train,,,47,0.12634980640760282,,,,,,,,4100,,,,,,,,,,,
local,local,,,1,0,data_4100_4_6.5_chordal,val_epoch,val,,,47,,0.13527931103437413,0.9556097560975609,0.8278048634529114,0.9080436540016169,0.9187747240066528,0.9187747240066528,0.9187747240066528,4100,,,,,,,,,,,
local,local,,,1,0,data_4100_4_6.5_chordal,val_epoch_task,val,cycle2,,47,,,,,,,,,4100,598.0,52.0,3450.0,0.0,0.92,1.0,0.9583333134651184,0.9583333134651184,0.9583333134651184,598.0,0.145853653550148
local,local,,,1,0,data_4100_4_6.5_chordal,val_epoch_task,val,cycle3,,47,,,,,,,,,4100,760.0,76.0,3264.0,0.0,0.9090909090909091,1.0,0.9523809552192688,0.9523809552192688,0.9523809552192688,760.0,0.18536585569381714
local,local,,,1,0,data_4100_4_6.5_chordal,val_epoch_task,val,cycle4,,47,,,,,,,,,4100,866.0,91.0,3127.0,16.0,0.9049111807732497,0.981859410430839,0.9418162107467651,0.9418162107467651,0.9418162107467651,882.0,0.21512195467948914
local,local,,,1,0,data_4100_4_6.5_chordal,val_epoch_task,val,cycle5,,47,,,,,,,,,4100,1028.0,300.0,2771.0,1.0,0.7740963855421686,0.9990281827016521,0.8722952604293823,0.8722952604293823,0.8722952604293823,1029.0,0.2509756088256836
local,local,,,1,0,data_4100_4_6.5_chordal,val_epoch_task,val,cycle6,,47,,,,,,,,,4100,1241.0,362.0,2485.0,12.0,0.7741734248284466,0.9904229848363927,0.8690475821495056,0.8690475821495056,0.8690475821495056,1253.0,0.3056097626686096
local,local,,,1,0,data_4100_4_6.5_chordal,train_epoch,train,,,48,0.1827210440795596,,,,,,,,4100,,,,,,,,,,,
local,local,,,1,0,data_4100_4_6.5_chordal,val_epoch,val,,,48,,0.12829195568110885,0.9640975609756097,0.859268307685852,0.9225752156532716,0.9325908422470093,0.9325908422470093,0.9325908422470093,4100,,,,,,,,,,,
local,local,,,1,0,data_4100_4_6.5_chordal,val_epoch_task,val,cycle2,,48,,,,,,,,,4100,598.0,16.0,3486.0,0.0,0.9739413680781759,1.0,0.9867987036705017,0.9867987036705017,0.9867987036705017,598.0,0.145853653550148
local,local,,,1,0,data_4100_4_6.5_chordal,val_epoch_task,val,cycle3,,48,,,,,,,,,4100,760.0,69.0,3271.0,0.0,0.916767189384801,1.0,0.9565764665603638,0.9565764665603638,0.9565764665603638,760.0,0.18536585569381714
local,local,,,1,0,data_4100_4_6.5_chordal,val_epoch_task,val,cycle4,,48,,,,,,,,,4100,868.0,83.0,3135.0,14.0,0.9127234490010515,0.9841269841269841,0.9470812678337097,0.9470812678337097,0.9470812678337097,882.0,0.21512195467948914
local,local,,,1,0,data_4100_4_6.5_chordal,val_epoch_task,val,cycle5,,48,,,,,,,,,4100,996.0,224.0,2847.0,33.0,0.8163934426229508,0.967930029154519,0.8857269883155823,0.8857269883155823,0.8857269883155823,1029.0,0.2509756088256836
local,local,,,1,0,data_4100_4_6.5_chordal,val_epoch_task,val,cycle6,,48,,,,,,,,,4100,1163.0,207.0,2640.0,90.0,0.8489051094890511,0.928172386272945,0.8867708444595337,0.8867708444595337,0.8867708444595337,1253.0,0.3056097626686096
local,local,,,1,0,data_4100_4_6.5_chordal,train_epoch,train,,,49,0.13881186879444413,,,,,,,,4100,,,,,,,,,,,
local,local,,,1,0,data_4100_4_6.5_chordal,val_epoch,val,,,49,,0.141038553002404,0.9673658536585366,0.8685365915298462,0.92777717802008,0.9361015558242798,0.9361015558242798,0.9361015558242798,4100,,,,,,,,,,,
local,local,,,1,0,data_4100_4_6.5_chordal,val_epoch_task,val,cycle2,,49,,,,,,,,,4100,598.0,33.0,3469.0,0.0,0.9477020602218701,1.0,0.9731488823890686,0.9731488823890686,0.9731488823890686,598.0,0.145853653550148
local,local,,,1,0,data_4100_4_6.5_chordal,val_epoch_task,val,cycle3,,49,,,,,,,,,4100,757.0,48.0,3292.0,3.0,0.9403726708074535,0.9960526315789474,0.9674121737480164,0.9674121737480164,0.9674121737480164,760.0,0.18536585569381714
local,local,,,1,0,data_4100_4_6.5_chordal,val_epoch_task,val,cycle4,,49,,,,,,,,,4100,856.0,64.0,3154.0,26.0,0.9304347826086956,0.9705215419501134,0.9500554800033569,0.9500554800033569,0.9500554800033569,882.0,0.21512195467948914
local,local,,,1,0,data_4100_4_6.5_chordal,val_epoch_task,val,cycle5,,49,,,,,,,,,4100,985.0,153.0,2918.0,44.0,0.8655536028119508,0.9572400388726919,0.9090908765792847,0.9090908765792847,0.9090908765792847,1029.0,0.2509756088256836
local,local,,,1,0,data_4100_4_6.5_chordal,val_epoch_task,val,cycle6,,49,,,,,,,,,4100,1101.0,146.0,2701.0,152.0,0.8829190056134724,0.8786911412609737,0.8808000087738037,0.8808000087738037,0.8808000087738037,1253.0,0.3056097626686096
local,local,,,1,0,data_4100_4_6.5_chordal,train_epoch,train,,,50,0.140415385567197,,,,,,,,4100,,,,,,,,,,,
local,local,,,1,0,data_4100_4_6.5_chordal,val_epoch,val,,,50,,0.11452405327703895,0.969609756097561,0.8734146356582642,0.9340112276241923,0.9445518255233765,0.9445518255233765,0.9445518255233765,4100,,,,,,,,,,,
local,local,,,1,0,data_4100_4_6.5_chordal,val_epoch_task,val,cycle2,,50,,,,,,,,,4100,598.0,16.0,3486.0,0.0,0.9739413680781759,1.0,0.9867987036705017,0.9867987036705017,0.9867987036705017,598.0,0.145853653550148
local,local,,,1,0,data_4100_4_6.5_chordal,val_epoch_task,val,cycle3,,50,,,,,,,,,4100,760.0,35.0,3305.0,0.0,0.9559748427672956,1.0,0.9774919748306274,0.9774919748306274,0.9774919748306274,760.0,0.18536585569381714
local,local,,,1,0,data_4100_4_6.5_chordal,val_epoch_task,val,cycle4,,50,,,,,,,,,4100,865.0,46.0,3172.0,17.0,0.9495060373216246,0.9807256235827665,0.9648633599281311,0.9648633599281311,0.9648633599281311,882.0,0.21512195467948914
local,local,,,1,0,data_4100_4_6.5_chordal,val_epoch_task,val,cycle5,,50,,,,,,,,,4100,1015.0,188.0,2883.0,14.0,0.8437240232751455,0.9863945578231292,0.9094982147216797,0.9094982147216797,0.9094982147216797,1029.0,0.2509756088256836
local,local,,,1,0,data_4100_4_6.5_chordal,val_epoch_task,val,cycle6,,50,,,,,,,,,4100,1171.0,225.0,2622.0,82.0,0.8388252148997135,0.9345570630486831,0.884107232093811,0.884107232093811,0.884107232093811,1253.0,0.3056097626686096
local,local,,,1,0,data_4100_4_6.5_chordal,train_epoch,train,,,51,0.11797235645535516,,,,,,,,4100,,,,,,,,,,,
local,local,,,1,0,data_4100_4_6.5_chordal,val_epoch,val,,,51,,0.11178133066834472,0.9656585365853658,0.8636585474014282,0.9270012442969722,0.9375724792480469,0.9375724792480469,0.9375724792480469,4100,,,,,,,,,,,
local,local,,,1,0,data_4100_4_6.5_chordal,val_epoch_task,val,cycle2,,51,,,,,,,,,4100,598.0,12.0,3490.0,0.0,0.980327868852459,1.0,0.9900662302970886,0.9900662302970886,0.9900662302970886,598.0,0.145853653550148
local,local,,,1,0,data_4100_4_6.5_chordal,val_epoch_task,val,cycle3,,51,,,,,,,,,4100,759.0,26.0,3314.0,1.0,0.9668789808917198,0.9986842105263158,0.9825242757797241,0.9825242757797241,0.9825242757797241,760.0,0.18536585569381714
local,local,,,1,0,data_4100_4_6.5_chordal,val_epoch_task,val,cycle4,,51,,,,,,,,,4100,875.0,132.0,3086.0,7.0,0.8689175769612711,0.9920634920634921,0.9264160990715027,0.9264160990715027,0.9264160990715027,882.0,0.21512195467948914
local,local,,,1,0,data_4100_4_6.5_chordal,val_epoch_task,val,cycle5,,51,,,,,,,,,4100,1021.0,246.0,2825.0,8.0,0.8058405682715075,0.9922254616132167,0.8893728256225586,0.8893728256225586,0.8893728256225586,1029.0,0.2509756088256836
local,local,,,1,0,data_4100_4_6.5_chordal,val_epoch_task,val,cycle6,,51,,,,,,,,,4100,1217.0,236.0,2611.0,36.0,0.8375774260151411,0.9712689545091779,0.8994826078414917,0.8994826078414917,0.8994826078414917,1253.0,0.3056097626686096
local,local,,,1,0,data_4100_4_6.5_chordal,train_epoch,train,,,52,0.12718866486667382,,,,,,,,4100,,,,,,,,,,,
local,local,,,1,0,data_4100_4_6.5_chordal,val_epoch,val,,,52,,0.17302889257487727,0.9576097560975609,0.8390243649482727,0.9067496512501341,0.9136037826538086,0.9136037826538086,0.9136037826538086,4100,,,,,,,,,,,
local,local,,,1,0,data_4100_4_6.5_chordal,val_epoch_task,val,cycle2,,52,,,,,,,,,4100,598.0,69.0,3433.0,0.0,0.896551724137931,1.0,0.9454545378684998,0.9454545378684998,0.9454545378684998,598.0,0.145853653550148
local,local,,,1,0,data_4100_4_6.5_chordal,val_epoch_task,val,cycle3,,52,,,,,,,,,4100,760.0,76.0,3264.0,0.0,0.9090909090909091,1.0,0.9523809552192688,0.9523809552192688,0.9523809552192688,760.0,0.18536585569381714
local,local,,,1,0,data_4100_4_6.5_chordal,val_epoch_task,val,cycle4,,52,,,,,,,,,4100,866.0,122.0,3096.0,16.0,0.8765182186234818,0.981859410430839,0.926203191280365,0.926203191280365,0.926203191280365,882.0,0.21512195467948914
local,local,,,1,0,data_4100_4_6.5_chordal,val_epoch_task,val,cycle5,,52,,,,,,,,,4100,894.0,134.0,2937.0,135.0,0.8696498054474708,0.8688046647230321,0.8692270517349243,0.8692270517349243,0.8692270517349243,1029.0,0.2509756088256836
local,local,,,1,0,data_4100_4_6.5_chordal,val_epoch_task,val,cycle6,,52,,,,,,,,,4100,1107.0,171.0,2676.0,146.0,0.8661971830985915,0.8834796488427773,0.8747530579566956,0.8747530579566956,0.8747530579566956,1253.0,0.3056097626686096
local,local,,,1,0,data_4100_4_6.5_chordal,train_epoch,train,,,53,0.1335048927911898,,,,,,,,4100,,,,,,,,,,,
local,local,,,1,0,data_4100_4_6.5_chordal,val_epoch,val,,,53,,0.1319853238034539,0.9650243902439024,0.8639024496078491,0.9240707402308589,0.9303600192070007,0.9303600192070007,0.9303600192070007,4100,,,,,,,,,,,
local,local,,,1,0,data_4100_4_6.5_chordal,val_epoch_task,val,cycle2,,53,,,,,,,,,4100,598.0,23.0,3479.0,0.0,0.9629629629629629,1.0,0.9811320900917053,0.9811320900917053,0.9811320900917053,598.0,0.145853653550148
local,local,,,1,0,data_4100_4_6.5_chordal,val_epoch_task,val,cycle3,,53,,,,,,,,,4100,760.0,125.0,3215.0,0.0,0.8587570621468926,1.0,0.9240121841430664,0.9240121841430664,0.9240121841430664,760.0,0.18536585569381714
local,local,,,1,0,data_4100_4_6.5_chordal,val_epoch_task,val,cycle4,,53,,,,,,,,,4100,871.0,106.0,3112.0,11.0,0.8915046059365405,0.9875283446712018,0.9370629787445068,0.9370629787445068,0.9370629787445068,882.0,0.21512195467948914
local,local,,,1,0,data_4100_4_6.5_chordal,val_epoch_task,val,cycle5,,53,,,,,,,,,4100,1009.0,171.0,2900.0,20.0,0.8550847457627119,0.9805636540330418,0.9135355353355408,0.9135355353355408,0.9135355353355408,1029.0,0.2509756088256836
local,local,,,1,0,data_4100_4_6.5_chordal,val_epoch_task,val,cycle6,,53,,,,,,,,,4100,1125.0,133.0,2714.0,128.0,0.8942766295707473,0.8978451715881883,0.8960573673248291,0.8960573673248291,0.8960573673248291,1253.0,0.3056097626686096
local,local,,,1,0,data_4100_4_6.5_chordal,train_epoch,train,,,54,0.1360550370794244,,,,,,,,4100,,,,,,,,,,,
local,local,,,1,0,data_4100_4_6.5_chordal,val_epoch,val,,,54,,0.13299381174306135,0.9725365853658536,0.8865853548049927,0.9390626691200346,0.9465221166610718,0.9465221166610718,0.9465221166610718,4100,,,,,,,,,,,
local,local,,,1,0,data_4100_4_6.5_chordal,val_epoch_task,val,cycle2,,54,,,,,,,,,4100,598.0,30.0,3472.0,0.0,0.9522292993630573,1.0,0.975530207157135,0.975530207157135,0.975530207157135,598.0,0.145853653550148
local,local,,,1,0,data_4100_4_6.5_chordal,val_epoch_task,val,cycle3,,54,,,,,,,,,4100,760.0,25.0,3315.0,0.0,0.9681528662420382,1.0,0.983818769454956,0.983818769454956,0.983818769454956,760.0,0.18536585569381714
local,local,,,1,0,data_4100_4_6.5_chordal,val_epoch_task,val,cycle4,,54,,,,,,,,,4100,858.0,52.0,3166.0,24.0,0.9428571428571428,0.9727891156462585,0.9575892686843872,0.9575892686843872,0.9575892686843872,882.0,0.21512195467948914
local,local,,,1,0,data_4100_4_6.5_chordal,val_epoch_task,val,cycle5,,54,,,,,,,,,4100,937.0,94.0,2977.0,92.0,0.9088263821532493,0.9105928085519922,0.9097087979316711,0.9097087979316711,0.9097087979316711,1029.0,0.2509756088256836
local,local,,,1,0,data_4100_4_6.5_chordal,val_epoch_task,val,cycle6,,54,,,,,,,,,4100,1185.0,178.0,2669.0,68.0,0.8694057226705796,0.945730247406225,0.9059633016586304,0.9059633016586304,0.9059633016586304,1253.0,0.3056097626686096
local,local,,,1,0,data_4100_4_6.5_chordal,train_epoch,train,,,55,0.11743635696608845,,,,,,,,4100,,,,,,,,,,,
local,local,,,1,0,data_4100_4_6.5_chordal,val_epoch,val,,,55,,0.11202948573885894,0.9659024390243902,0.8612195253372192,0.9276771857216762,0.9392760992050171,0.9392760992050171,0.9392760992050171,4100,,,,,,,,,,,
local,local,,,1,0,data_4100_4_6.5_chordal,val_epoch_task,val,cycle2,,55,,,,,,,,,4100,597.0,15.0,3487.0,1.0,0.9754901960784313,0.9983277591973244,0.9867768883705139,0.9867768883705139,0.9867768883705139,598.0,0.145853653550148
local,local,,,1,0,data_4100_4_6.5_chordal,val_epoch_task,val,cycle3,,55,,,,,,,,,4100,760.0,51.0,3289.0,0.0,0.93711467324291,1.0,0.9675365686416626,0.9675365686416626,0.9675365686416626,760.0,0.18536585569381714
local,local,,,1,0,data_4100_4_6.5_chordal,val_epoch_task,val,cycle4,,55,,,,,,,,,4100,875.0,59.0,3159.0,7.0,0.936830835117773,0.9920634920634921,0.9636563658714294,0.9636563658714294,0.9636563658714294,882.0,0.21512195467948914
local,local,,,1,0,data_4100_4_6.5_chordal,val_epoch_task,val,cycle5,,55,,,,,,,,,4100,1016.0,219.0,2852.0,13.0,0.8226720647773279,0.9873663751214772,0.8975265026092529,0.8975265026092529,0.8975265026092529,1029.0,0.2509756088256836
local,local,,,1,0,data_4100_4_6.5_chordal,val_epoch_task,val,cycle6,,55,,,,,,,,,4100,1235.0,316.0,2531.0,18.0,0.7962604771115409,0.985634477254589,0.8808845281600952,0.8808845281600952,0.8808845281600952,1253.0,0.3056097626686096
local,local,,,1,0,data_4100_4_6.5_chordal,train_epoch,train,,,56,0.12713846155056138,,,,,,,,4100,,,,,,,,,,,
local,local,,,1,0,data_4100_4_6.5_chordal,val_epoch,val,,,56,,0.12464276894836164,0.9612195121951219,0.8502439260482788,0.918268736506631,0.9296771287918091,0.9296771287918091,0.9296771287918091,4100,,,,,,,,,,,
local,local,,,1,0,data_4100_4_6.5_chordal,val_epoch_task,val,cycle2,,56,,,,,,,,,4100,597.0,23.0,3479.0,1.0,0.9629032258064516,0.9983277591973244,0.9802955389022827,0.9802955389022827,0.9802955389022827,598.0,0.145853653550148
local,local,,,1,0,data_4100_4_6.5_chordal,val_epoch_task,val,cycle3,,56,,,,,,,,,4100,759.0,46.0,3294.0,1.0,0.9428571428571428,0.9986842105263158,0.9699680209159851,0.9699680209159851,0.9699680209159851,760.0,0.18536585569381714
local,local,,,1,0,data_4100_4_6.5_chordal,val_epoch_task,val,cycle4,,56,,,,,,,,,4100,864.0,94.0,3124.0,18.0,0.9018789144050104,0.9795918367346939,0.9391304850578308,0.9391304850578308,0.9391304850578308,882.0,0.21512195467948914
local,local,,,1,0,data_4100_4_6.5_chordal,val_epoch_task,val,cycle5,,56,,,,,,,,,4100,1017.0,285.0,2786.0,12.0,0.7811059907834101,0.9883381924198251,0.8725868463516235,0.8725868463516235,0.8725868463516235,1029.0,0.2509756088256836
local,local,,,1,0,data_4100_4_6.5_chordal,val_epoch_task,val,cycle6,,56,,,,,,,,,4100,1229.0,291.0,2556.0,24.0,0.8085526315789474,0.9808459696727854,0.8864045739173889,0.8864045739173889,0.8864045739173889,1253.0,0.3056097626686096
local,local,,,1,0,data_4100_4_6.5_chordal,train_epoch,train,,,57,0.12320334033268254,,,,,,,,4100,,,,,,,,,,,
local,local,,,1,0,data_4100_4_6.5_chordal,val_epoch,val,,,57,,0.10337235478655912,0.9711219512195122,0.8839024305343628,0.9380753138075314,0.9457478523254395,0.9457478523254395,0.9457478523254395,4100,,,,,,,,,,,
local,local,,,1,0,data_4100_4_6.5_chordal,val_epoch_task,val,cycle2,,57,,,,,,,,,4100,598.0,15.0,3487.0,0.0,0.9755301794453507,1.0,0.9876135587692261,0.9876135587692261,0.9876135587692261,598.0,0.145853653550148
local,local,,,1,0,data_4100_4_6.5_chordal,val_epoch_task,val,cycle3,,57,,,,,,,,,4100,760.0,55.0,3285.0,0.0,0.9325153374233128,1.0,0.9650793075561523,0.9650793075561523,0.9650793075561523,760.0,0.18536585569381714
local,local,,,1,0,data_4100_4_6.5_chordal,val_epoch_task,val,cycle4,,57,,,,,,,,,4100,874.0,86.0,3132.0,8.0,0.9104166666666667,0.9909297052154195,0.9489684700965881,0.9489684700965881,0.9489684700965881,882.0,0.21512195467948914
local,local,,,1,0,data_4100_4_6.5_chordal,val_epoch_task,val,cycle5,,57,,,,,,,,,4100,1019.0,175.0,2896.0,10.0,0.8534338358458962,0.9902818270165209,0.9167791604995728,0.9167791604995728,0.9167791604995728,1029.0,0.2509756088256836
local,local,,,1,0,data_4100_4_6.5_chordal,val_epoch_task,val,cycle6,,57,,,,,,,,,4100,1233.0,223.0,2624.0,20.0,0.8468406593406593,0.9840383080606544,0.9102990031242371,0.9102990031242371,0.9102990031242371,1253.0,0.3056097626686096
local,local,,,1,0,data_4100_4_6.5_chordal,train_epoch,train,,,58,0.10905572882694442,,,,,,,,4100,,,,,,,,,,,
local,local,,,1,0,data_4100_4_6.5_chordal,val_epoch,val,,,58,,0.09100608567639094,0.9758536585365853,0.8995121717453003,0.9473907960463386,0.9551493525505066,0.9551493525505066,0.9551493525505066,4100,,,,,,,,,,,
local,local,,,1,0,data_4100_4_6.5_chordal,val_epoch_task,val,cycle2,,58,,,,,,,,,4100,598.0,9.0,3493.0,0.0,0.985172981878089,1.0,0.9925311207771301,0.9925311207771301,0.9925311207771301,598.0,0.145853653550148
local,local,,,1,0,data_4100_4_6.5_chordal,val_epoch_task,val,cycle3,,58,,,,,,,,,4100,760.0,28.0,3312.0,0.0,0.9644670050761421,1.0,0.9819121360778809,0.9819121360778809,0.9819121360778809,760.0,0.18536585569381714
local,local,,,1,0,data_4100_4_6.5_chordal,val_epoch_task,val,cycle4,,58,,,,,,,,,4100,878.0,85.0,3133.0,4.0,0.9117341640706127,0.9954648526077098,0.9517615437507629,0.9517615437507629,0.9517615437507629,882.0,0.21512195467948914
local,local,,,1,0,data_4100_4_6.5_chordal,val_epoch_task,val,cycle5,,58,,,,,,,,,4100,997.0,101.0,2970.0,32.0,0.9080145719489982,0.9689018464528668,0.9374706149101257,0.9374706149101257,0.9374706149101257,1029.0,0.2509756088256836
local,local,,,1,0,data_4100_4_6.5_chordal,val_epoch_task,val,cycle6,,58,,,,,,,,,4100,1224.0,207.0,2640.0,29.0,0.8553459119496856,0.9768555466879489,0.9120715260505676,0.9120715260505676,0.9120715260505676,1253.0,0.3056097626686096
local,local,,,1,0,data_4100_4_6.5_chordal,train_epoch,train,,,59,0.11861224391111513,,,,,,,,4100,,,,,,,,,,,
local,local,,,1,0,data_4100_4_6.5_chordal,val_epoch,val,,,59,,0.10378679042909203,0.9745853658536585,0.8982926607131958,0.9442959478242274,0.9513640403747559,0.9513640403747559,0.9513640403747559,4100,,,,,,,,,,,
local,local,,,1,0,data_4100_4_6.5_chordal,val_epoch_task,val,cycle2,,59,,,,,,,,,4100,597.0,25.0,3477.0,1.0,0.9598070739549839,0.9983277591973244,0.9786885380744934,0.9786885380744934,0.9786885380744934,598.0,0.145853653550148
local,local,,,1,0,data_4100_4_6.5_chordal,val_epoch_task,val,cycle3,,59,,,,,,,,,4100,758.0,26.0,3314.0,2.0,0.9668367346938775,0.9973684210526316,0.9818652868270874,0.9818652868270874,0.9818652868270874,760.0,0.18536585569381714
local,local,,,1,0,data_4100_4_6.5_chordal,val_epoch_task,val,cycle4,,59,,,,,,,,,4100,854.0,47.0,3171.0,28.0,0.9478357380688124,0.9682539682539683,0.9579360485076904,0.9579360485076904,0.9579360485076904,882.0,0.21512195467948914
local,local,,,1,0,data_4100_4_6.5_chordal,val_epoch_task,val,cycle5,,59,,,,,,,,,4100,1000.0,130.0,2941.0,29.0,0.8849557522123894,0.9718172983479106,0.9263547658920288,0.9263547658920288,0.9263547658920288,1029.0,0.2509756088256836
local,local,,,1,0,data_4100_4_6.5_chordal,val_epoch_task,val,cycle6,,59,,,,,,,,,4100,1207.0,187.0,2660.0,46.0,0.8658536585365854,0.9632881085395052,0.9119758009910583,0.9119758009910583,0.9119758009910583,1253.0,0.3056097626686096
local,local,,,1,0,data_4100_4_6.5_chordal,train_epoch,train,,,60,0.11900018714550065,,,,,,,,4100,,,,,,,,,,,
local,local,,,1,0,data_4100_4_6.5_chordal,val_epoch,val,,,60,,0.11462383714536306,0.975170731707317,0.8980487585067749,0.9446076830993579,0.9519184231758118,0.9519184231758118,0.9519184231758118,4100,,,,,,,,,,,
local,local,,,1,0,data_4100_4_6.5_chordal,val_epoch_task,val,cycle2,,60,,,,,,,,,4100,598.0,14.0,3488.0,0.0,0.9771241830065359,1.0,0.9884297251701355,0.9884297251701355,0.9884297251701355,598.0,0.145853653550148
local,local,,,1,0,data_4100_4_6.5_chordal,val_epoch_task,val,cycle3,,60,,,,,,,,,4100,758.0,31.0,3309.0,2.0,0.9607097591888466,0.9973684210526316,0.9786959290504456,0.9786959290504456,0.9786959290504456,760.0,0.18536585569381714
local,local,,,1,0,data_4100_4_6.5_chordal,val_epoch_task,val,cycle4,,60,,,,,,,,,4100,872.0,54.0,3164.0,10.0,0.9416846652267818,0.9886621315192744,0.9646018147468567,0.9646018147468567,0.9646018147468567,882.0,0.21512195467948914
local,local,,,1,0,data_4100_4_6.5_chordal,val_epoch_task,val,cycle5,,60,,,,,,,,,4100,939.0,86.0,2985.0,90.0,0.9160975609756098,0.9125364431486881,0.914313554763794,0.914313554763794,0.914313554763794,1029.0,0.2509756088256836
local,local,,,1,0,data_4100_4_6.5_chordal,val_epoch_task,val,cycle6,,60,,,,,,,,,4100,1173.0,142.0,2705.0,80.0,0.8920152091254753,0.9361532322426177,0.9135514497756958,0.9135514497756958,0.9135514497756958,1253.0,0.3056097626686096
local,local,,,1,0,data_4100_4_6.5_chordal,train_epoch,train,,,61,0.13085082171602663,,,,,,,,4100,,,,,,,,,,,
local,local,,,1,0,data_4100_4_6.5_chordal,val_epoch,val,,,61,,0.09652133943394846,0.9712195121951219,0.8839024305343628,0.9382845188284518,0.9472774267196655,0.9472774267196655,0.9472774267196655,4100,,,,,,,,,,,
local,local,,,1,0,data_4100_4_6.5_chordal,val_epoch_task,val,cycle2,,61,,,,,,,,,4100,598.0,12.0,3490.0,0.0,0.980327868852459,1.0,0.9900662302970886,0.9900662302970886,0.9900662302970886,598.0,0.145853653550148
local,local,,,1,0,data_4100_4_6.5_chordal,val_epoch_task,val,cycle3,,61,,,,,,,,,4100,760.0,34.0,3306.0,0.0,0.9571788413098237,1.0,0.9781209826469421,0.9781209826469421,0.9781209826469421,760.0,0.18536585569381714
local,local,,,1,0,data_4100_4_6.5_chordal,val_epoch_task,val,cycle4,,61,,,,,,,,,4100,878.0,81.0,3137.0,4.0,0.9155370177267987,0.9954648526077098,0.9538294076919556,0.9538294076919556,0.9538294076919556,882.0,0.21512195467948914
local,local,,,1,0,data_4100_4_6.5_chordal,val_epoch_task,val,cycle5,,61,,,,,,,,,4100,1021.0,207.0,2864.0,8.0,0.8314332247557004,0.9922254616132167,0.9047408103942871,0.9047408103942871,0.9047408103942871,1029.0,0.2509756088256836
local,local,,,1,0,data_4100_4_6.5_chordal,val_epoch_task,val,cycle6,,61,,,,,,,,,4100,1228.0,219.0,2628.0,25.0,0.848652384243262,0.9800478850758181,0.9096295833587646,0.9096295833587646,0.9096295833587646,1253.0,0.3056097626686096
local,local,,,1,0,data_4100_4_6.5_chordal,train_epoch,train,,,62,0.09854962133779759,,,,,,,,4100,,,,,,,,,,,
local,local,,,1,0,data_4100_4_6.5_chordal,val_epoch,val,,,62,,0.10625192573884638,0.9745365853658536,0.8926829099655151,0.9436528497409327,0.9511391520500183,0.9511391520500183,0.9511391520500183,4100,,,,,,,,,,,
local,local,,,1,0,data_4100_4_6.5_chordal,val_epoch_task,val,cycle2,,62,,,,,,,,,4100,598.0,20.0,3482.0,0.0,0.9676375404530745,1.0,0.9835526347160339,0.9835526347160339,0.9835526347160339,598.0,0.145853653550148
local,local,,,1,0,data_4100_4_6.5_chordal,val_epoch_task,val,cycle3,,62,,,,,,,,,4100,758.0,32.0,3308.0,2.0,0.959493670886076,0.9973684210526316,0.9780644774436951,0.9780644774436951,0.9780644774436951,760.0,0.18536585569381714
local,local,,,1,0,data_4100_4_6.5_chordal,val_epoch_task,val,cycle4,,62,,,,,,,,,4100,869.0,43.0,3175.0,13.0,0.9528508771929824,0.9852607709750567,0.9687848091125488,0.9687848091125488,0.9687848091125488,882.0,0.21512195467948914
local,local,,,1,0,data_4100_4_6.5_chordal,val_epoch_task,val,cycle5,,62,,,,,,,,,4100,993.0,147.0,2924.0,36.0,0.8710526315789474,0.9650145772594753,0.9156293272972107,0.9156293272972107,0.9156293272972107,1029.0,0.2509756088256836
local,local,,,1,0,data_4100_4_6.5_chordal,val_epoch_task,val,cycle6,,62,,,,,,,,,4100,1153.0,129.0,2718.0,100.0,0.8993759750390016,0.9201915403032721,0.9096647500991821,0.9096647500991821,0.9096647500991821,1253.0,0.3056097626686096
local,local,,,1,0,data_4100_4_6.5_chordal,train_epoch,train,,,63,0.12516809818221303,,,,,,,,4100,,,,,,,,,,,
local,local,,,1,0,data_4100_4_6.5_chordal,val_epoch,val,,,63,,0.11609144924617396,0.9666341463414634,0.8743902444839478,0.9288833437305054,0.9373708963394165,0.9373708963394165,0.9373708963394165,4100,,,,,,,,,,,
local,local,,,1,0,data_4100_4_6.5_chordal,val_epoch_task,val,cycle2,,63,,,,,,,,,4100,598.0,22.0,3480.0,0.0,0.964516129032258,1.0,0.9819375872612,0.9819375872612,0.9819375872612,598.0,0.145853653550148
local,local,,,1,0,data_4100_4_6.5_chordal,val_epoch_task,val,cycle3,,63,,,,,,,,,4100,760.0,64.0,3276.0,0.0,0.9223300970873787,1.0,0.9595959186553955,0.9595959186553955,0.9595959186553955,760.0,0.18536585569381714
local,local,,,1,0,data_4100_4_6.5_chordal,val_epoch_task,val,cycle4,,63,,,,,,,,,4100,870.0,86.0,3132.0,12.0,0.9100418410041841,0.9863945578231292,0.9466812014579773,0.9466812014579773,0.9466812014579773,882.0,0.21512195467948914
local,local,,,1,0,data_4100_4_6.5_chordal,val_epoch_task,val,cycle5,,63,,,,,,,,,4100,1012.0,216.0,2855.0,17.0,0.8241042345276873,0.9834791059280855,0.8967656493186951,0.8967656493186951,0.8967656493186951,1029.0,0.2509756088256836
local,local,,,1,0,data_4100_4_6.5_chordal,val_epoch_task,val,cycle6,,63,,,,,,,,,4100,1227.0,241.0,2606.0,26.0,0.8358310626702997,0.9792498004788508,0.9018742442131042,0.9018742442131042,0.9018742442131042,1253.0,0.3056097626686096
local,local,,,1,0,data_4100_4_6.5_chordal,train_epoch,train,,,64,0.11732693282569327,,,,,,,,4100,,,,,,,,,,,
local,local,,,1,0,data_4100_4_6.5_chordal,val_epoch,val,,,64,,0.09643965295992973,0.973170731707317,0.8873170614242554,0.941749629315823,0.9508154988288879,0.9508154988288879,0.9508154988288879,4100,,,,,,,,,,,
local,local,,,1,0,data_4100_4_6.5_chordal,val_epoch_task,val,cycle2,,64,,,,,,,,,4100,598.0,12.0,3490.0,0.0,0.980327868852459,1.0,0.9900662302970886,0.9900662302970886,0.9900662302970886,598.0,0.145853653550148
local,local,,,1,0,data_4100_4_6.5_chordal,val_epoch_task,val,cycle3,,64,,,,,,,,,4100,760.0,34.0,3306.0,0.0,0.9571788413098237,1.0,0.9781209826469421,0.9781209826469421,0.9781209826469421,760.0,0.18536585569381714
local,local,,,1,0,data_4100_4_6.5_chordal,val_epoch_task,val,cycle4,,64,,,,,,,,,4100,875.0,56.0,3162.0,7.0,0.9398496240601504,0.9920634920634921,0.9652509093284607,0.9652509093284607,0.9652509093284607,882.0,0.21512195467948914
local,local,,,1,0,data_4100_4_6.5_chordal,val_epoch_task,val,cycle5,,64,,,,,,,,,4100,1011.0,158.0,2913.0,18.0,0.864841745081266,0.9825072886297376,0.919927179813385,0.919927179813385,0.919927179813385,1029.0,0.2509756088256836
local,local,,,1,0,data_4100_4_6.5_chordal,val_epoch_task,val,cycle6,,64,,,,,,,,,4100,1202.0,214.0,2633.0,51.0,0.8488700564971752,0.9592976855546688,0.9007118344306946,0.9007118344306946,0.9007118344306946,1253.0,0.3056097626686096
local,local,,,1,0,data_4100_4_6.5_chordal,train_epoch,train,,,65,0.11283590842220115,,,,,,,,4100,,,,,,,,,,,
local,local,,,1,0,data_4100_4_6.5_chordal,val_epoch,val,,,65,,0.10078674877005651,0.9710731707317073,0.8841463327407837,0.9378862469885829,0.947182297706604,0.947182297706604,0.947182297706604,4100,,,,,,,,,,,
local,local,,,1,0,data_4100_4_6.5_chordal,val_epoch_task,val,cycle2,,65,,,,,,,,,4100,598.0,18.0,3484.0,0.0,0.9707792207792207,1.0,0.9851730465888977,0.9851730465888977,0.9851730465888977,598.0,0.145853653550148
local,local,,,1,0,data_4100_4_6.5_chordal,val_epoch_task,val,cycle3,,65,,,,,,,,,4100,760.0,38.0,3302.0,0.0,0.9523809523809523,1.0,0.9756097793579102,0.9756097793579102,0.9756097793579102,760.0,0.18536585569381714
local,local,,,1,0,data_4100_4_6.5_chordal,val_epoch_task,val,cycle4,,65,,,,,,,,,4100,871.0,57.0,3161.0,11.0,0.9385775862068966,0.9875283446712018,0.9624308943748474,0.9624308943748474,0.9624308943748474,882.0,0.21512195467948914
local,local,,,1,0,data_4100_4_6.5_chordal,val_epoch_task,val,cycle5,,65,,,,,,,,,4100,1017.0,179.0,2892.0,12.0,0.8503344481605352,0.9883381924198251,0.9141573309898376,0.9141573309898376,0.9141573309898376,1029.0,0.2509756088256836
local,local,,,1,0,data_4100_4_6.5_chordal,val_epoch_task,val,cycle6,,65,,,,,,,,,4100,1231.0,256.0,2591.0,22.0,0.827841291190316,0.9824421388667198,0.8985401391983032,0.8985401391983032,0.8985401391983032,1253.0,0.3056097626686096
local,local,,,1,0,data_4100_4_6.5_chordal,train_epoch,train,,,66,0.10340069982482308,,,,,,,,4100,,,,,,,,,,,
local,local,,,1,0,data_4100_4_6.5_chordal,val_epoch,val,,,66,,0.09744886886782762,0.9745853658536585,0.8973170518875122,0.9444740488116807,0.950872540473938,0.950872540473938,0.950872540473938,4100,,,,,,,,,,,
local,local,,,1,0,data_4100_4_6.5_chordal,val_epoch_task,val,cycle2,,66,,,,,,,,,4100,598.0,20.0,3482.0,0.0,0.9676375404530745,1.0,0.9835526347160339,0.9835526347160339,0.9835526347160339,598.0,0.145853653550148
local,local,,,1,0,data_4100_4_6.5_chordal,val_epoch_task,val,cycle3,,66,,,,,,,,,4100,760.0,53.0,3287.0,0.0,0.9348093480934809,1.0,0.9663063883781433,0.9663063883781433,0.9663063883781433,760.0,0.18536585569381714
local,local,,,1,0,data_4100_4_6.5_chordal,val_epoch_task,val,cycle4,,66,,,,,,,,,4100,872.0,62.0,3156.0,10.0,0.9336188436830836,0.9886621315192744,0.9603524208068848,0.9603524208068848,0.9603524208068848,882.0,0.21512195467948914
local,local,,,1,0,data_4100_4_6.5_chordal,val_epoch_task,val,cycle5,,66,,,,,,,,,4100,1001.0,123.0,2948.0,28.0,0.8905693950177936,0.9727891156462585,0.929865300655365,0.929865300655365,0.929865300655365,1029.0,0.2509756088256836
local,local,,,1,0,data_4100_4_6.5_chordal,val_epoch_task,val,cycle6,,66,,,,,,,,,4100,1200.0,172.0,2675.0,53.0,0.8746355685131195,0.9577015163607342,0.9142856597900391,0.9142856597900391,0.9142856597900391,1253.0,0.3056097626686096
local,local,,,1,0,data_4100_4_6.5_chordal,train_epoch,train,,,67,0.10096684803731922,,,,,,,,4100,,,,,,,,,,,
local,local,,,1,0,data_4100_4_6.5_chordal,val_epoch,val,,,67,,0.10466886795148617,0.9681951219512195,0.871463418006897,0.9321963394342763,0.9402064085006714,0.9402064085006714,0.9402064085006714,4100,,,,,,,,,,,
local,local,,,1,0,data_4100_4_6.5_chordal,val_epoch_task,val,cycle2,,67,,,,,,,,,4100,598.0,18.0,3484.0,0.0,0.9707792207792207,1.0,0.9851730465888977,0.9851730465888977,0.9851730465888977,598.0,0.145853653550148
local,local,,,1,0,data_4100_4_6.5_chordal,val_epoch_task,val,cycle3,,67,,,,,,,,,4100,760.0,54.0,3286.0,0.0,0.9336609336609336,1.0,0.9656924605369568,0.9656924605369568,0.9656924605369568,760.0,0.18536585569381714
local,local,,,1,0,data_4100_4_6.5_chordal,val_epoch_task,val,cycle4,,67,,,,,,,,,4100,873.0,107.0,3111.0,9.0,0.8908163265306123,0.9897959183673469,0.937701404094696,0.937701404094696,0.937701404094696,882.0,0.21512195467948914
local,local,,,1,0,data_4100_4_6.5_chordal,val_epoch_task,val,cycle5,,67,,,,,,,,,4100,1019.0,210.0,2861.0,10.0,0.8291293734743694,0.9902818270165209,0.9025685787200928,0.9025685787200928,0.9025685787200928,1029.0,0.2509756088256836
local,local,,,1,0,data_4100_4_6.5_chordal,val_epoch_task,val,cycle6,,67,,,,,,,,,4100,1232.0,223.0,2624.0,21.0,0.8467353951890034,0.9832402234636871,0.9098966121673584,0.9098966121673584,0.9098966121673584,1253.0,0.3056097626686096
local,local,,,1,0,data_4100_4_6.5_chordal,train_epoch,train,,,68,0.11809125804683057,,,,,,,,4100,,,,,,,,,,,
local,local,,,1,0,data_4100_4_6.5_chordal,val_epoch,val,,,68,,0.11495384941013848,0.9712682926829268,0.8773170709609985,0.9363862188141268,0.9453500509262085,0.9453500509262085,0.9453500509262085,4100,,,,,,,,,,,
local,local,,,1,0,data_4100_4_6.5_chordal,val_epoch_task,val,cycle2,,68,,,,,,,,,4100,594.0,9.0,3493.0,4.0,0.9850746268656716,0.9933110367892977,0.9891756772994995,0.9891756772994995,0.9891756772994995,598.0,0.145853653550148
local,local,,,1,0,data_4100_4_6.5_chordal,val_epoch_task,val,cycle3,,68,,,,,,,,,4100,758.0,39.0,3301.0,2.0,0.9510664993726474,0.9973684210526316,0.973667323589325,0.973667323589325,0.973667323589325,760.0,0.18536585569381714
local,local,,,1,0,data_4100_4_6.5_chordal,val_epoch_task,val,cycle4,,68,,,,,,,,,4100,859.0,51.0,3167.0,23.0,0.9439560439560439,0.9739229024943311,0.9587053656578064,0.9587053656578064,0.9587053656578064,882.0,0.21512195467948914
local,local,,,1,0,data_4100_4_6.5_chordal,val_epoch_task,val,cycle5,,68,,,,,,,,,4100,1018.0,185.0,2886.0,11.0,0.8462177888611804,0.989310009718173,0.9121863842010498,0.9121863842010498,0.9121863842010498,1029.0,0.2509756088256836
local,local,,,1,0,data_4100_4_6.5_chordal,val_epoch_task,val,cycle6,,68,,,,,,,,,4100,1106.0,118.0,2729.0,147.0,0.9035947712418301,0.88268156424581,0.8930157423019409,0.8930157423019409,0.8930157423019409,1253.0,0.3056097626686096
local,local,,,1,0,data_4100_4_6.5_chordal,train_epoch,train,,,69,0.10533555545253542,,,,,,,,4100,,,,,,,,,,,
local,local,,,1,0,data_4100_4_6.5_chordal,val_epoch,val,,,69,,0.09856331843246774,0.9767317073170732,0.9034146070480347,0.9484602917341978,0.9556882977485657,0.9556882977485657,0.9556882977485657,4100,,,,,,,,,,,
local,local,,,1,0,data_4100_4_6.5_chordal,val_epoch_task,val,cycle2,,69,,,,,,,,,4100,598.0,16.0,3486.0,0.0,0.9739413680781759,1.0,0.9867987036705017,0.9867987036705017,0.9867987036705017,598.0,0.145853653550148
local,local,,,1,0,data_4100_4_6.5_chordal,val_epoch_task,val,cycle3,,69,,,,,,,,,4100,760.0,26.0,3314.0,0.0,0.9669211195928753,1.0,0.9831823706626892,0.9831823706626892,0.9831823706626892,760.0,0.18536585569381714
local,local,,,1,0,data_4100_4_6.5_chordal,val_epoch_task,val,cycle4,,69,,,,,,,,,4100,873.0,58.0,3160.0,9.0,0.9377013963480129,0.9897959183673469,0.9630446434020996,0.9630446434020996,0.9630446434020996,882.0,0.21512195467948914
local,local,,,1,0,data_4100_4_6.5_chordal,val_epoch_task,val,cycle5,,69,,,,,,,,,4100,1002.0,107.0,2964.0,27.0,0.9035166816952209,0.9737609329446064,0.9373247027397156,0.9373247027397156,0.9373247027397156,1029.0,0.2509756088256836
local,local,,,1,0,data_4100_4_6.5_chordal,val_epoch_task,val,cycle6,,69,,,,,,,,,4100,1156.0,137.0,2710.0,97.0,0.8940448569218871,0.922585794094174,0.9080911874771118,0.9080911874771118,0.9080911874771118,1253.0,0.3056097626686096
local,local,,,1,0,data_4100_4_6.5_chordal,train_epoch,train,,,70,0.10189444579729219,,,,,,,,4100,,,,,,,,,,,
local,local,,,1,0,data_4100_4_6.5_chordal,val_epoch,val,,,70,,0.10295469329124543,0.9759024390243902,0.9012194871902466,0.9467901766479966,0.9537035226821899,0.9537035226821899,0.9537035226821899,4100,,,,,,,,,,,
local,local,,,1,0,data_4100_4_6.5_chordal,val_epoch_task,val,cycle2,,70,,,,,,,,,4100,598.0,16.0,3486.0,0.0,0.9739413680781759,1.0,0.9867987036705017,0.9867987036705017,0.9867987036705017,598.0,0.145853653550148
local,local,,,1,0,data_4100_4_6.5_chordal,val_epoch_task,val,cycle3,,70,,,,,,,,,4100,759.0,34.0,3306.0,1.0,0.957124842370744,0.9986842105263158,0.9774629473686218,0.9774629473686218,0.9774629473686218,760.0,0.18536585569381714
local,local,,,1,0,data_4100_4_6.5_chordal,val_epoch_task,val,cycle4,,70,,,,,,,,,4100,870.0,61.0,3157.0,12.0,0.9344790547798066,0.9863945578231292,0.9597352743148804,0.9597352743148804,0.9597352743148804,882.0,0.21512195467948914
local,local,,,1,0,data_4100_4_6.5_chordal,val_epoch_task,val,cycle5,,70,,,,,,,,,4100,976.0,93.0,2978.0,53.0,0.9130028063610851,0.9484936831875608,0.9304099082946777,0.9304099082946777,0.9304099082946777,1029.0,0.2509756088256836
local,local,,,1,0,data_4100_4_6.5_chordal,val_epoch_task,val,cycle6,,70,,,,,,,,,4100,1192.0,163.0,2684.0,61.0,0.8797047970479704,0.951316839584996,0.9141104221343994,0.9141104221343994,0.9141104221343994,1253.0,0.3056097626686096
local,local,,,1,0,data_4100_4_6.5_chordal,train_epoch,train,,,71,0.1126250556511123,,,,,,,,4100,,,,,,,,,,,
local,local,,,1,0,data_4100_4_6.5_chordal,val_epoch,val,,,71,,0.10933098809623228,0.9677073170731707,0.8709756135940552,0.9311850311850312,0.942790150642395,0.942790150642395,0.942790150642395,4100,,,,,,,,,,,
local,local,,,1,0,data_4100_4_6.5_chordal,val_epoch_task,val,cycle2,,71,,,,,,,,,4100,598.0,13.0,3489.0,0.0,0.9787234042553191,1.0,0.9892473220825195,0.9892473220825195,0.9892473220825195,598.0,0.145853653550148
local,local,,,1,0,data_4100_4_6.5_chordal,val_epoch_task,val,cycle3,,71,,,,,,,,,4100,758.0,37.0,3303.0,2.0,0.9534591194968554,0.9973684210526316,0.9749196171760559,0.9749196171760559,0.9749196171760559,760.0,0.18536585569381714
local,local,,,1,0,data_4100_4_6.5_chordal,val_epoch_task,val,cycle4,,71,,,,,,,,,4100,860.0,40.0,3178.0,22.0,0.9555555555555556,0.9750566893424036,0.9652076363563538,0.9652076363563538,0.9652076363563538,882.0,0.21512195467948914
local,local,,,1,0,data_4100_4_6.5_chordal,val_epoch_task,val,cycle5,,71,,,,,,,,,4100,1026.0,237.0,2834.0,3.0,0.8123515439429929,0.9970845481049563,0.8952879309654236,0.8952879309654236,0.8952879309654236,1029.0,0.2509756088256836
local,local,,,1,0,data_4100_4_6.5_chordal,val_epoch_task,val,cycle6,,71,,,,,,,,,4100,1237.0,292.0,2555.0,16.0,0.8090255068672335,0.9872306464485235,0.8892883062362671,0.8892883062362671,0.8892883062362671,1253.0,0.3056097626686096
local,local,,,1,0,data_4100_4_6.5_chordal,train_epoch,train,,,72,0.1227764474168965,,,,,,,,4100,,,,,,,,,,,
local,local,,,1,0,data_4100_4_6.5_chordal,val_epoch,val,,,72,,0.10537084077189608,0.9736585365853658,0.8936585187911987,0.9422459893048128,0.9493721723556519,0.9493721723556519,0.9493721723556519,4100,,,,,,,,,,,
local,local,,,1,0,data_4100_4_6.5_chordal,val_epoch_task,val,cycle2,,72,,,,,,,,,4100,598.0,24.0,3478.0,0.0,0.9614147909967846,1.0,0.9803279042243958,0.9803279042243958,0.9803279042243958,598.0,0.145853653550148
local,local,,,1,0,data_4100_4_6.5_chordal,val_epoch_task,val,cycle3,,72,,,,,,,,,4100,760.0,42.0,3298.0,0.0,0.9476309226932669,1.0,0.9731114506721497,0.9731114506721497,0.9731114506721497,760.0,0.18536585569381714
local,local,,,1,0,data_4100_4_6.5_chordal,val_epoch_task,val,cycle4,,72,,,,,,,,,4100,869.0,56.0,3162.0,13.0,0.9394594594594594,0.9852607709750567,0.9618151783943176,0.9618151783943176,0.9618151783943176,882.0,0.21512195467948914
local,local,,,1,0,data_4100_4_6.5_chordal,val_epoch_task,val,cycle5,,72,,,,,,,,,4100,963.0,95.0,2976.0,66.0,0.9102079395085066,0.9358600583090378,0.922855794429779,0.922855794429779,0.922855794429779,1029.0,0.2509756088256836
local,local,,,1,0,data_4100_4_6.5_chordal,val_epoch_task,val,cycle6,,72,,,,,,,,,4100,1215.0,206.0,2641.0,38.0,0.8550316678395496,0.9696727853152434,0.9087510108947754,0.9087510108947754,0.9087510108947754,1253.0,0.3056097626686096
local,local,,,1,0,data_4100_4_6.5_chordal,train_epoch,train,,,73,0.10056589905172586,,,,,,,,4100,,,,,,,,,,,
local,local,,,1,0,data_4100_4_6.5_chordal,val_epoch,val,,,73,,0.09263856646752484,0.9740975609756097,0.8902438879013062,0.9440876066126145,0.9538730382919312,0.9538730382919312,0.9538730382919312,4100,,,,,,,,,,,
local,local,,,1,0,data_4100_4_6.5_chordal,val_epoch_task,val,cycle2,,73,,,,,,,,,4100,598.0,13.0,3489.0,0.0,0.9787234042553191,1.0,0.9892473220825195,0.9892473220825195,0.9892473220825195,598.0,0.145853653550148
local,local,,,1,0,data_4100_4_6.5_chordal,val_epoch_task,val,cycle3,,73,,,,,,,,,4100,758.0,15.0,3325.0,2.0,0.9805950840879689,0.9973684210526316,0.9889106750488281,0.9889106750488281,0.9889106750488281,760.0,0.18536585569381714
local,local,,,1,0,data_4100_4_6.5_chordal,val_epoch_task,val,cycle4,,73,,,,,,,,,4100,869.0,57.0,3161.0,13.0,0.9384449244060475,0.9852607709750567,0.9612832069396973,0.9612832069396973,0.9612832069396973,882.0,0.21512195467948914
local,local,,,1,0,data_4100_4_6.5_chordal,val_epoch_task,val,cycle5,,73,,,,,,,,,4100,1017.0,135.0,2936.0,12.0,0.8828125,0.9883381924198251,0.932599663734436,0.932599663734436,0.932599663734436,1029.0,0.2509756088256836
local,local,,,1,0,data_4100_4_6.5_chordal,val_epoch_task,val,cycle6,,73,,,,,,,,,4100,1241.0,272.0,2575.0,12.0,0.8202247191011236,0.9904229848363927,0.8973246216773987,0.8973246216773987,0.8973246216773987,1253.0,0.3056097626686096
local,local,,,1,0,data_4100_4_6.5_chordal,train_epoch,train,,,74,0.10774557657358123,,,,,,,,4100,,,,,,,,,,,
local,local,,,1,0,data_4100_4_6.5_chordal,val_epoch,val,,,74,,0.10455803913768472,0.9737073170731707,0.8919512033462524,0.9424575637877655,0.9492325782775879,0.9492325782775879,0.9492325782775879,4100,,,,,,,,,,,
local,local,,,1,0,data_4100_4_6.5_chordal,val_epoch_task,val,cycle2,,74,,,,,,,,,4100,598.0,16.0,3486.0,0.0,0.9739413680781759,1.0,0.9867987036705017,0.9867987036705017,0.9867987036705017,598.0,0.145853653550148
local,local,,,1,0,data_4100_4_6.5_chordal,val_epoch_task,val,cycle3,,74,,,,,,,,,4100,760.0,37.0,3303.0,0.0,0.9535759096612296,1.0,0.9762364029884338,0.9762364029884338,0.9762364029884338,760.0,0.18536585569381714
local,local,,,1,0,data_4100_4_6.5_chordal,val_epoch_task,val,cycle4,,74,,,,,,,,,4100,874.0,112.0,3106.0,8.0,0.8864097363083164,0.9909297052154195,0.9357601404190063,0.9357601404190063,0.9357601404190063,882.0,0.21512195467948914
local,local,,,1,0,data_4100_4_6.5_chordal,val_epoch_task,val,cycle5,,74,,,,,,,,,4100,991.0,102.0,2969.0,38.0,0.9066788655077768,0.9630709426627794,0.9340245127677917,0.9340245127677917,0.9340245127677917,1029.0,0.2509756088256836
local,local,,,1,0,data_4100_4_6.5_chordal,val_epoch_task,val,cycle6,,74,,,,,,,,,4100,1191.0,164.0,2683.0,62.0,0.8789667896678967,0.9505187549880287,0.9133435487747192,0.9133435487747192,0.9133435487747192,1253.0,0.3056097626686096
local,local,,,1,0,data_4100_4_6.5_chordal,train_epoch,train,,,75,0.10581908077047002,,,,,,,,4100,,,,,,,,,,,
local,local,,,1,0,data_4100_4_6.5_chordal,val_epoch,val,,,75,,0.0919463783482703,0.9750731707317073,0.8917073011398315,0.9454351308061932,0.9525273442268372,0.9525273442268372,0.9525273442268372,4100,,,,,,,,,,,
local,local,,,1,0,data_4100_4_6.5_chordal,val_epoch_task,val,cycle2,,75,,,,,,,,,4100,598.0,19.0,3483.0,0.0,0.9692058346839546,1.0,0.9843621253967285,0.9843621253967285,0.9843621253967285,598.0,0.145853653550148
local,local,,,1,0,data_4100_4_6.5_chordal,val_epoch_task,val,cycle3,,75,,,,,,,,,4100,759.0,29.0,3311.0,1.0,0.9631979695431472,0.9986842105263158,0.9806201457977295,0.9806201457977295,0.9806201457977295,760.0,0.18536585569381714
local,local,,,1,0,data_4100_4_6.5_chordal,val_epoch_task,val,cycle4,,75,,,,,,,,,4100,870.0,62.0,3156.0,12.0,0.9334763948497854,0.9863945578231292,0.959206223487854,0.959206223487854,0.959206223487854,882.0,0.21512195467948914
local,local,,,1,0,data_4100_4_6.5_chordal,val_epoch_task,val,cycle5,,75,,,,,,,,,4100,1019.0,161.0,2910.0,10.0,0.8635593220338983,0.9902818270165209,0.9225894212722778,0.9225894212722778,0.9225894212722778,1029.0,0.2509756088256836
local,local,,,1,0,data_4100_4_6.5_chordal,val_epoch_task,val,cycle6,,75,,,,,,,,,4100,1181.0,145.0,2702.0,72.0,0.8906485671191554,0.942537909018356,0.9158588647842407,0.9158588647842407,0.9158588647842407,1253.0,0.3056097626686096
local,local,,,1,0,data_4100_4_6.5_chordal,train_epoch,train,,,76,0.09995672458146766,,,,,,,,4100,,,,,,,,,,,
local,local,,,1,0,data_4100_4_6.5_chordal,val_epoch,val,,,76,,0.09531602059195682,0.9742439024390244,0.8943902254104614,0.9441151566469094,0.9526561498641968,0.9526561498641968,0.9526561498641968,4100,,,,,,,,,,,
local,local,,,1,0,data_4100_4_6.5_chordal,val_epoch_task,val,cycle2,,76,,,,,,,,,4100,598.0,18.0,3484.0,0.0,0.9707792207792207,1.0,0.9851730465888977,0.9851730465888977,0.9851730465888977,598.0,0.145853653550148
local,local,,,1,0,data_4100_4_6.5_chordal,val_epoch_task,val,cycle3,,76,,,,,,,,,4100,756.0,27.0,3313.0,4.0,0.9655172413793104,0.9947368421052631,0.9799092411994934,0.9799092411994934,0.9799092411994934,760.0,0.18536585569381714
local,local,,,1,0,data_4100_4_6.5_chordal,val_epoch_task,val,cycle4,,76,,,,,,,,,4100,872.0,62.0,3156.0,10.0,0.9336188436830836,0.9886621315192744,0.9603524208068848,0.9603524208068848,0.9603524208068848,882.0,0.21512195467948914
local,local,,,1,0,data_4100_4_6.5_chordal,val_epoch_task,val,cycle5,,76,,,,,,,,,4100,1012.0,113.0,2958.0,17.0,0.8995555555555556,0.9834791059280855,0.9396471381187439,0.9396471381187439,0.9396471381187439,1029.0,0.2509756088256836
local,local,,,1,0,data_4100_4_6.5_chordal,val_epoch_task,val,cycle6,,76,,,,,,,,,4100,1222.0,246.0,2601.0,31.0,0.832425068119891,0.9752593774940144,0.898199200630188,0.898199200630188,0.898199200630188,1253.0,0.3056097626686096
local,local,,,1,0,data_4100_4_6.5_chordal,train_epoch,train,,,77,0.1007181791706783,,,,,,,,4100,,,,,,,,,,,
local,local,,,1,0,data_4100_4_6.5_chordal,val_epoch,val,,,77,,0.10430317476391793,0.9702926829268292,0.8787804841995239,0.9360361306585442,0.9453821182250977,0.9453821182250977,0.9453821182250977,4100,,,,,,,,,,,
local,local,,,1,0,data_4100_4_6.5_chordal,val_epoch_task,val,cycle2,,77,,,,,,,,,4100,598.0,16.0,3486.0,0.0,0.9739413680781759,1.0,0.9867987036705017,0.9867987036705017,0.9867987036705017,598.0,0.145853653550148
local,local,,,1,0,data_4100_4_6.5_chordal,val_epoch_task,val,cycle3,,77,,,,,,,,,4100,755.0,36.0,3304.0,5.0,0.95448798988622,0.993421052631579,0.973565399646759,0.973565399646759,0.973565399646759,760.0,0.18536585569381714
local,local,,,1,0,data_4100_4_6.5_chordal,val_epoch_task,val,cycle4,,77,,,,,,,,,4100,864.0,49.0,3169.0,18.0,0.9463307776560789,0.9795918367346939,0.962674081325531,0.962674081325531,0.962674081325531,882.0,0.21512195467948914
local,local,,,1,0,data_4100_4_6.5_chordal,val_epoch_task,val,cycle5,,77,,,,,,,,,4100,1023.0,227.0,2844.0,6.0,0.8184,0.9941690962099126,0.8977621793746948,0.8977621793746948,0.8977621793746948,1029.0,0.2509756088256836
local,local,,,1,0,data_4100_4_6.5_chordal,val_epoch_task,val,cycle6,,77,,,,,,,,,4100,1216.0,215.0,2632.0,37.0,0.8497554157931516,0.9704708699122107,0.9061102867126465,0.9061102867126465,0.9061102867126465,1253.0,0.3056097626686096
local,local,,,1,0,data_4100_4_6.5_chordal,train_epoch,train,,,78,0.10574670949814523,,,,,,,,4100,,,,,,,,,,,
local,local,,,1,0,data_4100_4_6.5_chordal,val_epoch,val,,,78,,0.09410695242082201,0.974,0.8924390077590942,0.9436515487895126,0.9515874981880188,0.9515874981880188,0.9515874981880188,4100,,,,,,,,,,,
local,local,,,1,0,data_4100_4_6.5_chordal,val_epoch_task,val,cycle2,,78,,,,,,,,,4100,598.0,16.0,3486.0,0.0,0.9739413680781759,1.0,0.9867987036705017,0.9867987036705017,0.9867987036705017,598.0,0.145853653550148
local,local,,,1,0,data_4100_4_6.5_chordal,val_epoch_task,val,cycle3,,78,,,,,,,,,4100,760.0,40.0,3300.0,0.0,0.95,1.0,0.9743589162826538,0.9743589162826538,0.9743589162826538,760.0,0.18536585569381714
local,local,,,1,0,data_4100_4_6.5_chordal,val_epoch_task,val,cycle4,,78,,,,,,,,,4100,869.0,48.0,3170.0,13.0,0.9476553980370774,0.9852607709750567,0.9660922884941101,0.9660922884941101,0.9660922884941101,882.0,0.21512195467948914
local,local,,,1,0,data_4100_4_6.5_chordal,val_epoch_task,val,cycle5,,78,,,,,,,,,4100,1008.0,155.0,2916.0,21.0,0.8667239896818573,0.9795918367346939,0.9197080731391907,0.9197080731391907,0.9197080731391907,1029.0,0.2509756088256836
local,local,,,1,0,data_4100_4_6.5_chordal,val_epoch_task,val,cycle6,,78,,,,,,,,,4100,1228.0,215.0,2632.0,25.0,0.851004851004851,0.9800478850758181,0.9109792113304138,0.9109792113304138,0.9109792113304138,1253.0,0.3056097626686096
local,local,,,1,0,data_4100_4_6.5_chordal,train_epoch,train,,,79,0.10825195242173788,,,,,,,,4100,,,,,,,,,,,
local,local,,,1,0,data_4100_4_6.5_chordal,val_epoch,val,,,79,,0.10532344217792654,0.9749268292682927,0.9009755849838257,0.9447786850021487,0.9514668583869934,0.9514668583869934,0.9514668583869934,4100,,,,,,,,,,,
local,local,,,1,0,data_4100_4_6.5_chordal,val_epoch_task,val,cycle2,,79,,,,,,,,,4100,598.0,29.0,3473.0,0.0,0.9537480063795853,1.0,0.9763265252113342,0.9763265252113342,0.9763265252113342,598.0,0.145853653550148
local,local,,,1,0,data_4100_4_6.5_chordal,val_epoch_task,val,cycle3,,79,,,,,,,,,4100,757.0,22.0,3318.0,3.0,0.9717586649550706,0.9960526315789474,0.9837556481361389,0.9837556481361389,0.9837556481361389,760.0,0.18536585569381714
local,local,,,1,0,data_4100_4_6.5_chordal,val_epoch_task,val,cycle4,,79,,,,,,,,,4100,858.0,45.0,3173.0,24.0,0.9501661129568106,0.9727891156462585,0.9613444805145264,0.9613444805145264,0.9613444805145264,882.0,0.21512195467948914
local,local,,,1,0,data_4100_4_6.5_chordal,val_epoch_task,val,cycle5,,79,,,,,,,,,4100,989.0,134.0,2937.0,40.0,0.8806767586821015,0.9611273080660836,0.9191449880599976,0.9191449880599976,0.9191449880599976,1029.0,0.2509756088256836
local,local,,,1,0,data_4100_4_6.5_chordal,val_epoch_task,val,cycle6,,79,,,,,,,,,4100,1195.0,159.0,2688.0,58.0,0.8825701624815362,0.9537110933758979,0.9167625308036804,0.9167625308036804,0.9167625308036804,1253.0,0.3056097626686096
local,local,,,1,0,data_4100_4_6.5_chordal,train_epoch,train,,,80,0.09761966256742798,,,,,,,,4100,,,,,,,,,,,
local,local,,,1,0,data_4100_4_6.5_chordal,val_epoch,val,,,80,,0.08730258903852323,0.9784878048780488,0.9085366129875183,0.9524528301886792,0.9594359397888184,0.9594359397888184,0.9594359397888184,4100,,,,,,,,,,,
local,local,,,1,0,data_4100_4_6.5_chordal,val_epoch_task,val,cycle2,,80,,,,,,,,,4100,598.0,7.0,3495.0,0.0,0.9884297520661157,1.0,0.9941811561584473,0.9941811561584473,0.9941811561584473,598.0,0.145853653550148
local,local,,,1,0,data_4100_4_6.5_chordal,val_epoch_task,val,cycle3,,80,,,,,,,,,4100,757.0,35.0,3305.0,3.0,0.9558080808080808,0.9960526315789474,0.9755155444145203,0.9755155444145203,0.9755155444145203,760.0,0.18536585569381714
local,local,,,1,0,data_4100_4_6.5_chordal,val_epoch_task,val,cycle4,,80,,,,,,,,,4100,876.0,49.0,3169.0,6.0,0.947027027027027,0.9931972789115646,0.969562828540802,0.969562828540802,0.969562828540802,882.0,0.21512195467948914
local,local,,,1,0,data_4100_4_6.5_chordal,val_epoch_task,val,cycle5,,80,,,,,,,,,4100,1012.0,104.0,2967.0,17.0,0.9068100358422939,0.9834791059280855,0.9435897469520569,0.9435897469520569,0.9435897469520569,1029.0,0.2509756088256836
local,local,,,1,0,data_4100_4_6.5_chordal,val_epoch_task,val,cycle6,,80,,,,,,,,,4100,1174.0,141.0,2706.0,79.0,0.8927756653992396,0.936951316839585,0.914330244064331,0.914330244064331,0.914330244064331,1253.0,0.3056097626686096
local,local,,,1,0,data_4100_4_6.5_chordal,best_local_train,train,,,80,,0.08594768870894502,0.9792682926829268,0.9163414835929871,0.9552018551702329,0.9606491327285767,0.9606491327285767,0.9606491327285767,4100,,,,,,,,,,,
local,local,,,1,0,data_4100_4_6.5_chordal,best_local_train_task,train,cycle2,,80,,,,,,,,,4100,570.0,21.0,3509.0,0.0,0.9644670050761421,1.0,0.9819121360778809,0.9819121360778809,0.9819121360778809,570.0,0.13902439177036285
local,local,,,1,0,data_4100_4_6.5_chordal,best_local_train_task,train,cycle3,,80,,,,,,,,,4100,842.0,27.0,3231.0,0.0,0.9689298043728424,1.0,0.9842197895050049,0.9842197895050049,0.9842197895050049,842.0,0.205365851521492
local,local,,,1,0,data_4100_4_6.5_chordal,best_local_train_task,train,cycle4,,80,,,,,,,,,4100,855.0,41.0,3190.0,14.0,0.9542410714285714,0.9838895281933256,0.9688385128974915,0.9688385128974915,0.9688385128974915,869.0,0.21195122599601746
local,local,,,1,0,data_4100_4_6.5_chordal,best_local_train_task,train,cycle5,,80,,,,,,,,,4100,1099.0,116.0,2877.0,8.0,0.9045267489711935,0.992773261065944,0.9465977549552917,0.9465977549552917,0.9465977549552917,1107.0,0.27000001072883606
local,local,,,1,0,data_4100_4_6.5_chordal,best_local_train_task,train,cycle6,,80,,,,,,,,,4100,1165.0,147.0,2737.0,51.0,0.8879573170731707,0.9580592105263158,0.9216772317886353,0.9216772317886353,0.9216772317886353,1216.0,0.296585351228714
local,local,,,1,0,data_4100_4_6.5_chordal,best_local_val,val,,,80,,0.09328135040565962,0.9779512195121951,0.9085366129875183,0.9513350559862188,0.958142101764679,0.958142101764679,0.958142101764679,4100,,,,,,,,,,,
local,local,,,1,0,data_4100_4_6.5_chordal,best_local_val_task,val,cycle2,,80,,,,,,,,,4100,598.0,12.0,3490.0,0.0,0.980327868852459,1.0,0.9900662302970886,0.9900662302970886,0.9900662302970886,598.0,0.145853653550148
local,local,,,1,0,data_4100_4_6.5_chordal,best_local_val_task,val,cycle3,,80,,,,,,,,,4100,759.0,39.0,3301.0,1.0,0.9511278195488722,0.9986842105263158,0.9743260741233826,0.9743260741233826,0.9743260741233826,760.0,0.18536585569381714
local,local,,,1,0,data_4100_4_6.5_chordal,best_local_val_task,val,cycle4,,80,,,,,,,,,4100,871.0,33.0,3185.0,11.0,0.963495575221239,0.9875283446712018,0.9753639101982117,0.9753639101982117,0.9753639101982117,882.0,0.21512195467948914
local,local,,,1,0,data_4100_4_6.5_chordal,best_local_val_task,val,cycle5,,80,,,,,,,,,4100,1011.0,127.0,2944.0,18.0,0.8884007029876977,0.9825072886297376,0.933087170124054,0.933087170124054,0.933087170124054,1029.0,0.2509756088256836
local,local,,,1,0,data_4100_4_6.5_chordal,best_local_val_task,val,cycle6,,80,,,,,,,,,4100,1179.0,137.0,2710.0,74.0,0.8958966565349544,0.9409417398244214,0.9178668856620789,0.9178668856620789,0.9178668856620789,1253.0,0.3056097626686096
local,local,,,1,0,data_4100_4_6.5_chordal,best_local_test,test,,,80,,0.11304253133331857,0.9740487804878049,0.8958536386489868,0.9450299648687746,0.9513626098632812,0.9513626098632812,0.9513626098632812,4100,,,,,,,,,,,
local,local,,,1,0,data_4100_4_6.5_chordal,best_local_test_task,test,cycle2,,80,,,,,,,,,4100,598.0,37.0,3465.0,0.0,0.9417322834645669,1.0,0.9699918627738953,0.9699918627738953,0.9699918627738953,598.0,0.145853653550148
local,local,,,1,0,data_4100_4_6.5_chordal,best_local_test_task,test,cycle3,,80,,,,,,,,,4100,785.0,29.0,3285.0,1.0,0.9643734643734644,0.9987277353689568,0.981249988079071,0.981249988079071,0.981249988079071,786.0,0.1917073130607605
local,local,,,1,0,data_4100_4_6.5_chordal,best_local_test_task,test,cycle4,,80,,,,,,,,,4100,947.0,39.0,3093.0,21.0,0.960446247464503,0.9783057851239669,0.9692937731742859,0.9692937731742859,0.9692937731742859,968.0,0.2360975593328476
local,local,,,1,0,data_4100_4_6.5_chordal,best_local_test_task,test,cycle5,,80,,,,,,,,,4100,1070.0,135.0,2877.0,18.0,0.8879668049792531,0.9834558823529411,0.9332751631736755,0.9332751631736755,0.9332751631736755,1088.0,0.2653658390045166
local,local,,,1,0,data_4100_4_6.5_chordal,best_local_test_task,test,cycle6,,80,,,,,,,,,4100,1173.0,182.0,2675.0,70.0,0.8656826568265683,0.9436846339501207,0.9030023217201233,0.9030023217201233,0.9030023217201233,1243.0,0.30317074060440063
