run_type,algorithm,subset_id,subset_clients,seed,graph_id,dataset_id,phase,split,task,round,local_epoch,train_loss,eval_loss,pair_acc,subset_acc,micro_f1,macro_f1,macro_pos_f1,macro_minority_f1,num_nodes,tp,fp,tn,fn,precision,recall,f1,positive_f1,minority_f1,pos_cnt,pos_rate
local,local,,,1,410,data_2000_5_8.5_chordal,train_epoch,train,,,1,0.6708124649524688,,,,,,,,2000,,,,,,,,,,,
local,local,,,1,410,data_2000_5_8.5_chordal,val_epoch,val,,,1,,0.6080450012683868,0.7657,0.3695000112056732,0.7236702441325628,0.7173787355422974,0.7173787355422974,0.7022297382354736,2000,,,,,,,,,,,
local,local,,,1,410,data_2000_5_8.5_chordal,val_epoch_task,val,cycle2,,1,,,,,,,,,2000,362.0,242.0,1395.0,1.0,0.5993377483443708,0.9972451790633609,0.7487074136734009,0.7487074136734009,0.7487074136734009,363.0,0.18150000274181366
local,local,,,1,410,data_2000_5_8.5_chordal,val_epoch_task,val,cycle3,,1,,,,,,,,,2000,518.0,500.0,930.0,52.0,0.5088408644400786,0.9087719298245615,0.6523929238319397,0.6523929238319397,0.6523929238319397,570.0,0.2849999964237213
local,local,,,1,410,data_2000_5_8.5_chordal,val_epoch_task,val,cycle4,,1,,,,,,,,,2000,532.0,386.0,875.0,207.0,0.579520697167756,0.7198917456021651,0.6421242952346802,0.6421242952346802,0.6421242952346802,739.0,0.3695000112056732
local,local,,,1,410,data_2000_5_8.5_chordal,val_epoch_task,val,cycle5,,1,,,,,,,,,2000,700.0,290.0,775.0,235.0,0.7070707070707071,0.7486631016042781,0.7272728085517883,0.7272728085517883,0.7272728085517883,935.0,0.4675000011920929
local,local,,,1,410,data_2000_5_8.5_chordal,val_epoch_task,val,cycle6,,1,,,,,,,,,2000,956.0,256.0,614.0,174.0,0.7887788778877888,0.8460176991150442,0.8163962364196777,0.8163962364196777,0.7406513690948486,1130.0,0.5649999976158142
local,local,,,1,410,data_2000_5_8.5_chordal,train_epoch,train,,,2,0.4609702260494232,,,,,,,,2000,,,,,,,,,,,
local,local,,,1,410,data_2000_5_8.5_chordal,val_epoch,val,,,2,,0.513569878578186,0.8153,0.453000009059906,0.7535690460306872,0.7573637366294861,0.7573637366294861,0.7501155138015747,2000,,,,,,,,,,,
local,local,,,1,410,data_2000_5_8.5_chordal,val_epoch_task,val,cycle2,,2,,,,,,,,,2000,362.0,178.0,1459.0,1.0,0.6703703703703704,0.9972451790633609,0.801771879196167,0.801771879196167,0.801771879196167,363.0,0.18150000274181366
local,local,,,1,410,data_2000_5_8.5_chordal,val_epoch_task,val,cycle3,,2,,,,,,,,,2000,461.0,112.0,1318.0,109.0,0.8045375218150087,0.8087719298245614,0.8066491484642029,0.8066491484642029,0.8066491484642029,570.0,0.2849999964237213
local,local,,,1,410,data_2000_5_8.5_chordal,val_epoch_task,val,cycle4,,2,,,,,,,,,2000,508.0,294.0,967.0,231.0,0.6334164588528678,0.6874154262516915,0.6593121290206909,0.6593121290206909,0.6593121290206909,739.0,0.3695000112056732
local,local,,,1,410,data_2000_5_8.5_chordal,val_epoch_task,val,cycle5,,2,,,,,,,,,2000,625.0,181.0,884.0,310.0,0.7754342431761787,0.6684491978609626,0.7179782390594482,0.7179782390594482,0.7179782390594482,935.0,0.4675000011920929
local,local,,,1,410,data_2000_5_8.5_chordal,val_epoch_task,val,cycle6,,2,,,,,,,,,2000,868.0,169.0,701.0,262.0,0.837029893924783,0.768141592920354,0.8011075258255005,0.8011075258255005,0.7648663520812988,1130.0,0.5649999976158142
local,local,,,1,410,data_2000_5_8.5_chordal,train_epoch,train,,,3,0.3936330318450928,,,,,,,,2000,,,,,,,,,,,
local,local,,,1,410,data_2000_5_8.5_chordal,val_epoch,val,,,3,,0.40285656857490537,0.8325,0.4740000069141388,0.8111399255834931,0.8202915191650391,0.8202915191650391,0.7997485399246216,2000,,,,,,,,,,,
local,local,,,1,410,data_2000_5_8.5_chordal,val_epoch_task,val,cycle2,,3,,,,,,,,,2000,363.0,69.0,1568.0,0.0,0.8402777777777778,1.0,0.9132075309753418,0.9132075309753418,0.9132075309753418,363.0,0.18150000274181366
local,local,,,1,410,data_2000_5_8.5_chordal,val_epoch_task,val,cycle3,,3,,,,,,,,,2000,566.0,293.0,1137.0,4.0,0.6589057043073341,0.9929824561403509,0.7921623587608337,0.7921623587608337,0.7921623587608337,570.0,0.2849999964237213
local,local,,,1,410,data_2000_5_8.5_chordal,val_epoch_task,val,cycle4,,3,,,,,,,,,2000,714.0,441.0,820.0,25.0,0.6181818181818182,0.9661705006765899,0.7539599537849426,0.7539599537849426,0.7539599537849426,739.0,0.3695000112056732
local,local,,,1,410,data_2000_5_8.5_chordal,val_epoch_task,val,cycle5,,3,,,,,,,,,2000,891.0,419.0,646.0,44.0,0.6801526717557251,0.9529411764705882,0.7937639355659485,0.7937639355659485,0.7937639355659485,935.0,0.4675000011920929
local,local,,,1,410,data_2000_5_8.5_chordal,val_epoch_task,val,cycle6,,3,,,,,,,,,2000,1063.0,313.0,557.0,67.0,0.7725290697674418,0.9407079646017699,0.8483639359474182,0.8483639359474182,0.7456492185592651,1130.0,0.5649999976158142
local,local,,,1,410,data_2000_5_8.5_chordal,train_epoch,train,,,4,0.3433591377735138,,,,,,,,2000,,,,,,,,,,,
local,local,,,1,410,data_2000_5_8.5_chordal,val_epoch,val,,,4,,0.3369048866033554,0.8606,0.5299999713897705,0.8208226221079693,0.8379190564155579,0.8379190564155579,0.8283243179321289,2000,,,,,,,,,,,
local,local,,,1,410,data_2000_5_8.5_chordal,val_epoch_task,val,cycle2,,4,,,,,,,,,2000,340.0,31.0,1606.0,23.0,0.9164420485175202,0.9366391184573003,0.9264305233955383,0.9264305233955383,0.9264305233955383,363.0,0.18150000274181366
local,local,,,1,410,data_2000_5_8.5_chordal,val_epoch_task,val,cycle3,,4,,,,,,,,,2000,542.0,101.0,1329.0,28.0,0.8429237947122862,0.9508771929824561,0.893652081489563,0.893652081489563,0.893652081489563,570.0,0.2849999964237213
local,local,,,1,410,data_2000_5_8.5_chordal,val_epoch_task,val,cycle4,,4,,,,,,,,,2000,643.0,304.0,957.0,96.0,0.6789862724392819,0.8700947225981055,0.7627520561218262,0.7627520561218262,0.7627520561218262,739.0,0.3695000112056732
local,local,,,1,410,data_2000_5_8.5_chordal,val_epoch_task,val,cycle5,,4,,,,,,,,,2000,756.0,224.0,841.0,179.0,0.7714285714285715,0.8085561497326204,0.7895561456680298,0.7895561456680298,0.7895561456680298,935.0,0.4675000011920929
local,local,,,1,410,data_2000_5_8.5_chordal,val_epoch_task,val,cycle6,,4,,,,,,,,,2000,912.0,190.0,680.0,218.0,0.8275862068965517,0.8070796460176991,0.8172042965888977,0.8172042965888977,0.7692307829856873,1130.0,0.5649999976158142
local,local,,,1,410,data_2000_5_8.5_chordal,train_epoch,train,,,5,0.3202171022891998,,,,,,,,2000,,,,,,,,,,,
local,local,,,1,410,data_2000_5_8.5_chordal,val_epoch,val,,,5,,0.3294878648519516,0.8581,0.5339999794960022,0.8323289613612194,0.8443614840507507,0.8443614840507507,0.8279986381530762,2000,,,,,,,,,,,
local,local,,,1,410,data_2000_5_8.5_chordal,val_epoch_task,val,cycle2,,5,,,,,,,,,2000,359.0,56.0,1581.0,4.0,0.8650602409638555,0.9889807162534435,0.9228792190551758,0.9228792190551758,0.9228792190551758,363.0,0.18150000274181366
local,local,,,1,410,data_2000_5_8.5_chordal,val_epoch_task,val,cycle3,,5,,,,,,,,,2000,565.0,170.0,1260.0,5.0,0.7687074829931972,0.9912280701754386,0.8659003376960754,0.8659003376960754,0.8659003376960754,570.0,0.2849999964237213
local,local,,,1,410,data_2000_5_8.5_chordal,val_epoch_task,val,cycle4,,5,,,,,,,,,2000,702.0,344.0,917.0,37.0,0.6711281070745698,0.9499323410013532,0.7865546345710754,0.7865546345710754,0.7865546345710754,739.0,0.3695000112056732
local,local,,,1,410,data_2000_5_8.5_chordal,val_epoch_task,val,cycle5,,5,,,,,,,,,2000,852.0,367.0,698.0,83.0,0.6989335520918786,0.9112299465240642,0.7910863161087036,0.7910863161087036,0.7910863161087036,935.0,0.4675000011920929
local,local,,,1,410,data_2000_5_8.5_chordal,val_epoch_task,val,cycle6,,5,,,,,,,,,2000,1044.0,267.0,603.0,86.0,0.7963386727688787,0.9238938053097345,0.8553871512413025,0.8553871512413025,0.7735728621482849,1130.0,0.5649999976158142
local,local,,,1,410,data_2000_5_8.5_chordal,train_epoch,train,,,6,0.30248762941360474,,,,,,,,2000,,,,,,,,,,,
local,local,,,1,410,data_2000_5_8.5_chordal,val_epoch,val,,,6,,0.30203448081016543,0.8757,0.5709999799728394,0.8405797101449275,0.8550242185592651,0.8550242185592651,0.846993625164032,2000,,,,,,,,,,,
local,local,,,1,410,data_2000_5_8.5_chordal,val_epoch_task,val,cycle2,,6,,,,,,,,,2000,352.0,40.0,1597.0,11.0,0.8979591836734694,0.9696969696969697,0.9324503540992737,0.9324503540992737,0.9324503540992737,363.0,0.18150000274181366
local,local,,,1,410,data_2000_5_8.5_chordal,val_epoch_task,val,cycle3,,6,,,,,,,,,2000,549.0,121.0,1309.0,21.0,0.8194029850746268,0.9631578947368421,0.8854838609695435,0.8854838609695435,0.8854838609695435,570.0,0.2849999964237213
local,local,,,1,410,data_2000_5_8.5_chordal,val_epoch_task,val,cycle4,,6,,,,,,,,,2000,696.0,225.0,1036.0,43.0,0.755700325732899,0.9418132611637348,0.8385542631149292,0.8385542631149292,0.8385542631149292,739.0,0.3695000112056732
local,local,,,1,410,data_2000_5_8.5_chordal,val_epoch_task,val,cycle5,,6,,,,,,,,,2000,753.0,236.0,829.0,182.0,0.7613751263902933,0.8053475935828877,0.782744288444519,0.782744288444519,0.782744288444519,935.0,0.4675000011920929
local,local,,,1,410,data_2000_5_8.5_chordal,val_epoch_task,val,cycle6,,6,,,,,,,,,2000,927.0,161.0,709.0,203.0,0.8520220588235294,0.820353982300885,0.8358882069587708,0.8358882069587708,0.7957351803779602,1130.0,0.5649999976158142
local,local,,,1,410,data_2000_5_8.5_chordal,train_epoch,train,,,7,0.2945040983557701,,,,,,,,2000,,,,,,,,,,,
local,local,,,1,410,data_2000_5_8.5_chordal,val_epoch,val,,,7,,0.2936363019943237,0.8798,0.5715000033378601,0.8504603135108237,0.8635795712471008,0.8635795712471008,0.8490907549858093,2000,,,,,,,,,,,
local,local,,,1,410,data_2000_5_8.5_chordal,val_epoch_task,val,cycle2,,7,,,,,,,,,2000,363.0,46.0,1591.0,0.0,0.8875305623471883,1.0,0.9404144883155823,0.9404144883155823,0.9404144883155823,363.0,0.18150000274181366
local,local,,,1,410,data_2000_5_8.5_chordal,val_epoch_task,val,cycle3,,7,,,,,,,,,2000,570.0,130.0,1300.0,0.0,0.8142857142857143,1.0,0.8976377248764038,0.8976377248764038,0.8976377248764038,570.0,0.2849999964237213
local,local,,,1,410,data_2000_5_8.5_chordal,val_epoch_task,val,cycle4,,7,,,,,,,,,2000,644.0,184.0,1077.0,95.0,0.7777777777777778,0.871447902571042,0.8219528198242188,0.8219528198242188,0.8219528198242188,739.0,0.3695000112056732
local,local,,,1,410,data_2000_5_8.5_chordal,val_epoch_task,val,cycle5,,7,,,,,,,,,2000,811.0,279.0,786.0,124.0,0.7440366972477064,0.8673796791443851,0.8009876012802124,0.8009876012802124,0.8009876012802124,935.0,0.4675000011920929
local,local,,,1,410,data_2000_5_8.5_chordal,val_epoch_task,val,cycle6,,7,,,,,,,,,2000,1030.0,244.0,626.0,100.0,0.8084772370486656,0.911504424778761,0.8569051623344421,0.8569051623344421,0.7844611406326294,1130.0,0.5649999976158142
local,local,,,1,410,data_2000_5_8.5_chordal,train_epoch,train,,,8,0.2886022741794586,,,,,,,,2000,,,,,,,,,,,
local,local,,,1,410,data_2000_5_8.5_chordal,val_epoch,val,,,8,,0.31892015528678896,0.8586,0.5270000100135803,0.8342709798406001,0.8414403796195984,0.8414403796195984,0.8274067044258118,2000,,,,,,,,,,,
local,local,,,1,410,data_2000_5_8.5_chordal,val_epoch_task,val,cycle2,,8,,,,,,,,,2000,362.0,75.0,1562.0,1.0,0.8283752860411899,0.9972451790633609,0.9050000309944153,0.9050000309944153,0.9050000309944153,363.0,0.18150000274181366
local,local,,,1,410,data_2000_5_8.5_chordal,val_epoch_task,val,cycle3,,8,,,,,,,,,2000,570.0,241.0,1189.0,0.0,0.7028360049321825,1.0,0.8254887461662292,0.8254887461662292,0.8254887461662292,570.0,0.2849999964237213
local,local,,,1,410,data_2000_5_8.5_chordal,val_epoch_task,val,cycle4,,8,,,,,,,,,2000,728.0,331.0,930.0,11.0,0.6874409820585458,0.9851150202976996,0.809788703918457,0.809788703918457,0.809788703918457,739.0,0.3695000112056732
local,local,,,1,410,data_2000_5_8.5_chordal,val_epoch_task,val,cycle5,,8,,,,,,,,,2000,889.0,351.0,714.0,46.0,0.7169354838709677,0.9508021390374332,0.8174712061882019,0.8174712061882019,0.8174712061882019,935.0,0.4675000011920929
local,local,,,1,410,data_2000_5_8.5_chordal,val_epoch_task,val,cycle6,,8,,,,,,,,,2000,1010.0,238.0,632.0,120.0,0.8092948717948718,0.8938053097345132,0.849453330039978,0.849453330039978,0.7792848944664001,1130.0,0.5649999976158142
local,local,,,1,410,data_2000_5_8.5_chordal,train_epoch,train,,,9,0.2816007511615753,,,,,,,,2000,,,,,,,,,,,
local,local,,,1,410,data_2000_5_8.5_chordal,val_epoch,val,,,9,,0.2722179136276245,0.8833,0.5845000147819519,0.8492053236852305,0.8640086054801941,0.8640086054801941,0.8544992208480835,2000,,,,,,,,,,,
local,local,,,1,410,data_2000_5_8.5_chordal,val_epoch_task,val,cycle2,,9,,,,,,,,,2000,357.0,31.0,1606.0,6.0,0.9201030927835051,0.9834710743801653,0.9507322907447815,0.9507322907447815,0.9507322907447815,363.0,0.18150000274181366
local,local,,,1,410,data_2000_5_8.5_chordal,val_epoch_task,val,cycle3,,9,,,,,,,,,2000,569.0,146.0,1284.0,1.0,0.7958041958041958,0.9982456140350877,0.885603129863739,0.885603129863739,0.885603129863739,570.0,0.2849999964237213
local,local,,,1,410,data_2000_5_8.5_chordal,val_epoch_task,val,cycle4,,9,,,,,,,,,2000,621.0,121.0,1140.0,118.0,0.8369272237196765,0.8403247631935047,0.8386225700378418,0.8386225700378418,0.8386225700378418,739.0,0.3695000112056732
local,local,,,1,410,data_2000_5_8.5_chordal,val_epoch_task,val,cycle5,,9,,,,,,,,,2000,790.0,238.0,827.0,145.0,0.7684824902723736,0.8449197860962567,0.8048904538154602,0.8048904538154602,0.8048904538154602,935.0,0.4675000011920929
local,local,,,1,410,data_2000_5_8.5_chordal,val_epoch_task,val,cycle6,,9,,,,,,,,,2000,949.0,180.0,690.0,181.0,0.8405668733392383,0.8398230088495575,0.8401947617530823,0.8401947617530823,0.7926478385925293,1130.0,0.5649999976158142
local,local,,,1,410,data_2000_5_8.5_chordal,train_epoch,train,,,10,0.26340468084812163,,,,,,,,2000,,,,,,,,,,,
local,local,,,1,410,data_2000_5_8.5_chordal,val_epoch,val,,,10,,0.27747941720485686,0.8884,0.6004999876022339,0.8501611170784104,0.86445152759552,0.86445152759552,0.8596960306167603,2000,,,,,,,,,,,
local,local,,,1,410,data_2000_5_8.5_chordal,val_epoch_task,val,cycle2,,10,,,,,,,,,2000,352.0,36.0,1601.0,11.0,0.9072164948453608,0.9696969696969697,0.9374167323112488,0.9374167323112488,0.9374167323112488,363.0,0.18150000274181366
local,local,,,1,410,data_2000_5_8.5_chordal,val_epoch_task,val,cycle3,,10,,,,,,,,,2000,522.0,81.0,1349.0,48.0,0.8656716417910447,0.9157894736842105,0.8900256156921387,0.8900256156921387,0.8900256156921387,570.0,0.2849999964237213
local,local,,,1,410,data_2000_5_8.5_chordal,val_epoch_task,val,cycle4,,10,,,,,,,,,2000,651.0,132.0,1129.0,88.0,0.8314176245210728,0.8809201623815968,0.8554534316062927,0.8554534316062927,0.8554534316062927,739.0,0.3695000112056732
local,local,,,1,410,data_2000_5_8.5_chordal,val_epoch_task,val,cycle5,,10,,,,,,,,,2000,762.0,177.0,888.0,173.0,0.8115015974440895,0.8149732620320855,0.8132337331771851,0.8132337331771851,0.8132337331771851,935.0,0.4675000011920929
local,local,,,1,410,data_2000_5_8.5_chordal,val_epoch_task,val,cycle6,,10,,,,,,,,,2000,879.0,119.0,751.0,251.0,0.8807615230460922,0.7778761061946903,0.826127827167511,0.826127827167511,0.8023504614830017,1130.0,0.5649999976158142
local,local,,,1,410,data_2000_5_8.5_chordal,train_epoch,train,,,11,0.2565483260154724,,,,,,,,2000,,,,,,,,,,,
local,local,,,1,410,data_2000_5_8.5_chordal,val_epoch,val,,,11,,0.25976233023405076,0.891,0.6129999756813049,0.8669758359775445,0.882785439491272,0.882785439491272,0.8683639764785767,2000,,,,,,,,,,,
local,local,,,1,410,data_2000_5_8.5_chordal,val_epoch_task,val,cycle2,,11,,,,,,,,,2000,363.0,38.0,1599.0,0.0,0.9052369077306733,1.0,0.9502617716789246,0.9502617716789246,0.9502617716789246,363.0,0.18150000274181366
local,local,,,1,410,data_2000_5_8.5_chordal,val_epoch_task,val,cycle3,,11,,,,,,,,,2000,565.0,80.0,1350.0,5.0,0.875968992248062,0.9912280701754386,0.9300411939620972,0.9300411939620972,0.9300411939620972,570.0,0.2849999964237213
local,local,,,1,410,data_2000_5_8.5_chordal,val_epoch_task,val,cycle4,,11,,,,,,,,,2000,714.0,223.0,1038.0,25.0,0.7620064034151548,0.9661705006765899,0.8520286679267883,0.8520286679267883,0.8520286679267883,739.0,0.3695000112056732
local,local,,,1,410,data_2000_5_8.5_chordal,val_epoch_task,val,cycle5,,11,,,,,,,,,2000,885.0,321.0,744.0,50.0,0.7338308457711443,0.946524064171123,0.8267165422439575,0.8267165422439575,0.8267165422439575,935.0,0.4675000011920929
local,local,,,1,410,data_2000_5_8.5_chordal,val_epoch_task,val,cycle6,,11,,,,,,,,,2000,1025.0,243.0,627.0,105.0,0.8083596214511041,0.9070796460176991,0.8548790216445923,0.8548790216445923,0.7827715277671814,1130.0,0.5649999976158142
local,local,,,1,410,data_2000_5_8.5_chordal,train_epoch,train,,,12,0.2577189292907715,,,,,,,,2000,,,,,,,,,,,
local,local,,,1,410,data_2000_5_8.5_chordal,val_epoch,val,,,12,,0.2983034694194794,0.8775,0.5649999976158142,0.8382838283828383,0.846784234046936,0.846784234046936,0.8371587991714478,2000,,,,,,,,,,,
local,local,,,1,410,data_2000_5_8.5_chordal,val_epoch_task,val,cycle2,,12,,,,,,,,,2000,362.0,82.0,1555.0,1.0,0.8153153153153153,0.9972451790633609,0.897149920463562,0.897149920463562,0.897149920463562,363.0,0.18150000274181366
local,local,,,1,410,data_2000_5_8.5_chordal,val_epoch_task,val,cycle3,,12,,,,,,,,,2000,561.0,95.0,1335.0,9.0,0.8551829268292683,0.9842105263157894,0.9151712656021118,0.9151712656021118,0.9151712656021118,570.0,0.2849999964237213
local,local,,,1,410,data_2000_5_8.5_chordal,val_epoch_task,val,cycle4,,12,,,,,,,,,2000,524.0,85.0,1176.0,215.0,0.8604269293924466,0.7090663058186739,0.7774479985237122,0.7774479985237122,0.7774479985237122,739.0,0.3695000112056732
local,local,,,1,410,data_2000_5_8.5_chordal,val_epoch_task,val,cycle5,,12,,,,,,,,,2000,768.0,221.0,844.0,167.0,0.7765419615773509,0.8213903743315508,0.7983368039131165,0.7983368039131165,0.7983368039131165,935.0,0.4675000011920929
local,local,,,1,410,data_2000_5_8.5_chordal,val_epoch_task,val,cycle6,,12,,,,,,,,,2000,960.0,180.0,690.0,170.0,0.8421052631578947,0.8495575221238938,0.8458149433135986,0.8458149433135986,0.7976878881454468,1130.0,0.5649999976158142
local,local,,,1,410,data_2000_5_8.5_chordal,train_epoch,train,,,13,0.25622199702262877,,,,,,,,2000,,,,,,,,,,,
local,local,,,1,410,data_2000_5_8.5_chordal,val_epoch,val,,,13,,0.2541194925308228,0.8916,0.6054999828338623,0.8626457171819565,0.8737767338752747,0.8737767338752747,0.8626928329467773,2000,,,,,,,,,,,
local,local,,,1,410,data_2000_5_8.5_chordal,val_epoch_task,val,cycle2,,13,,,,,,,,,2000,362.0,59.0,1578.0,1.0,0.8598574821852731,0.9972451790633609,0.9234694242477417,0.9234694242477417,0.9234694242477417,363.0,0.18150000274181366
local,local,,,1,410,data_2000_5_8.5_chordal,val_epoch_task,val,cycle3,,13,,,,,,,,,2000,550.0,86.0,1344.0,20.0,0.8647798742138365,0.9649122807017544,0.9121062159538269,0.9121062159538269,0.9121062159538269,570.0,0.2849999964237213
local,local,,,1,410,data_2000_5_8.5_chordal,val_epoch_task,val,cycle4,,13,,,,,,,,,2000,694.0,195.0,1066.0,45.0,0.7806524184476941,0.939106901217862,0.8525798320770264,0.8525798320770264,0.8525798320770264,739.0,0.3695000112056732
local,local,,,1,410,data_2000_5_8.5_chordal,val_epoch_task,val,cycle5,,13,,,,,,,,,2000,811.0,212.0,853.0,124.0,0.7927663734115347,0.8673796791443851,0.8283963799476624,0.8283963799476624,0.8283963799476624,935.0,0.4675000011920929
local,local,,,1,410,data_2000_5_8.5_chordal,val_epoch_task,val,cycle6,,13,,,,,,,,,2000,987.0,199.0,671.0,143.0,0.8322091062394603,0.8734513274336283,0.8523316383361816,0.8523316383361816,0.7969121336936951,1130.0,0.5649999976158142
local,local,,,1,410,data_2000_5_8.5_chordal,train_epoch,train,,,14,0.2545988788604736,,,,,,,,2000,,,,,,,,,,,
local,local,,,1,410,data_2000_5_8.5_chordal,val_epoch,val,,,14,,0.26686070573329923,0.8909,0.6129999756813049,0.8684749849306812,0.8821887969970703,0.8821887969970703,0.8654859662055969,2000,,,,,,,,,,,
local,local,,,1,410,data_2000_5_8.5_chordal,val_epoch_task,val,cycle2,,14,,,,,,,,,2000,362.0,37.0,1600.0,1.0,0.9072681704260651,0.9972451790633609,0.9501312375068665,0.9501312375068665,0.9501312375068665,363.0,0.18150000274181366
local,local,,,1,410,data_2000_5_8.5_chordal,val_epoch_task,val,cycle3,,14,,,,,,,,,2000,555.0,103.0,1327.0,15.0,0.8434650455927052,0.9736842105263158,0.9039087891578674,0.9039087891578674,0.9039087891578674,570.0,0.2849999964237213
local,local,,,1,410,data_2000_5_8.5_chordal,val_epoch_task,val,cycle4,,14,,,,,,,,,2000,723.0,217.0,1044.0,16.0,0.7691489361702127,0.9783491204330176,0.8612269759178162,0.8612269759178162,0.8612269759178162,739.0,0.3695000112056732
local,local,,,1,410,data_2000_5_8.5_chordal,val_epoch_task,val,cycle5,,14,,,,,,,,,2000,916.0,328.0,737.0,19.0,0.7363344051446945,0.9796791443850268,0.8407526612281799,0.8407526612281799,0.8407526612281799,935.0,0.4675000011920929
local,local,,,1,410,data_2000_5_8.5_chordal,val_epoch_task,val,cycle6,,14,,,,,,,,,2000,1046.0,271.0,599.0,84.0,0.7942293090356871,0.9256637168141593,0.8549244403839111,0.8549244403839111,0.7714102268218994,1130.0,0.5649999976158142
local,local,,,1,410,data_2000_5_8.5_chordal,train_epoch,train,,,15,0.24556889402866364,,,,,,,,2000,,,,,,,,,,,
local,local,,,1,410,data_2000_5_8.5_chordal,val_epoch,val,,,15,,0.2589756817817688,0.898,0.628000020980835,0.8691301000769823,0.8819090127944946,0.8819090127944946,0.8735209703445435,2000,,,,,,,,,,,
local,local,,,1,410,data_2000_5_8.5_chordal,val_epoch_task,val,cycle2,,15,,,,,,,,,2000,361.0,37.0,1600.0,2.0,0.907035175879397,0.9944903581267218,0.94875168800354,0.94875168800354,0.94875168800354,363.0,0.18150000274181366
local,local,,,1,410,data_2000_5_8.5_chordal,val_epoch_task,val,cycle3,,15,,,,,,,,,2000,527.0,64.0,1366.0,43.0,0.8917089678510999,0.9245614035087719,0.9078381061553955,0.9078381061553955,0.9078381061553955,570.0,0.2849999964237213
local,local,,,1,410,data_2000_5_8.5_chordal,val_epoch_task,val,cycle4,,15,,,,,,,,,2000,695.0,211.0,1050.0,44.0,0.7671081677704195,0.9404600811907984,0.8449848294258118,0.8449848294258118,0.8449848294258118,739.0,0.3695000112056732
local,local,,,1,410,data_2000_5_8.5_chordal,val_epoch_task,val,cycle5,,15,,,,,,,,,2000,855.0,196.0,869.0,80.0,0.813510941960038,0.9144385026737968,0.8610272407531738,0.8610272407531738,0.8610272407531738,935.0,0.4675000011920929
local,local,,,1,410,data_2000_5_8.5_chordal,val_epoch_task,val,cycle6,,15,,,,,,,,,2000,949.0,162.0,708.0,181.0,0.8541854185418541,0.8398230088495575,0.8469433188438416,0.8469433188438416,0.8050028681755066,1130.0,0.5649999976158142
local,local,,,1,410,data_2000_5_8.5_chordal,train_epoch,train,,,16,0.23269223254919053,,,,,,,,2000,,,,,,,,,,,
local,local,,,1,410,data_2000_5_8.5_chordal,val_epoch,val,,,16,,0.268683611869812,0.8884,0.597000002861023,0.8670795616960456,0.8793824911117554,0.8793824911117554,0.8610743284225464,2000,,,,,,,,,,,
local,local,,,1,410,data_2000_5_8.5_chordal,val_epoch_task,val,cycle2,,16,,,,,,,,,2000,363.0,28.0,1609.0,0.0,0.928388746803069,1.0,0.9628646969795227,0.9628646969795227,0.9628646969795227,363.0,0.18150000274181366
local,local,,,1,410,data_2000_5_8.5_chordal,val_epoch_task,val,cycle3,,16,,,,,,,,,2000,570.0,174.0,1256.0,0.0,0.7661290322580645,1.0,0.8675798773765564,0.8675798773765564,0.8675798773765564,570.0,0.2849999964237213
local,local,,,1,410,data_2000_5_8.5_chordal,val_epoch_task,val,cycle4,,16,,,,,,,,,2000,719.0,218.0,1043.0,20.0,0.767342582710779,0.972936400541272,0.8579952716827393,0.8579952716827393,0.8579952716827393,739.0,0.3695000112056732
local,local,,,1,410,data_2000_5_8.5_chordal,val_epoch_task,val,cycle5,,16,,,,,,,,,2000,915.0,308.0,757.0,20.0,0.7481602616516762,0.9786096256684492,0.8480073809623718,0.8480073809623718,0.8480073809623718,935.0,0.4675000011920929
local,local,,,1,410,data_2000_5_8.5_chordal,val_epoch_task,val,cycle6,,16,,,,,,,,,2000,1073.0,291.0,579.0,57.0,0.7866568914956011,0.9495575221238938,0.8604651689529419,0.8604651689529419,0.768924355506897,1130.0,0.5649999976158142
local,local,,,1,410,data_2000_5_8.5_chordal,train_epoch,train,,,17,0.2232426676750183,,,,,,,,2000,,,,,,,,,,,
local,local,,,1,410,data_2000_5_8.5_chordal,val_epoch,val,,,17,,0.2152927719950676,0.912,0.6579999923706055,0.8879266428935303,0.9014689326286316,0.9014689326286316,0.8922861218452454,2000,,,,,,,,,,,
local,local,,,1,410,data_2000_5_8.5_chordal,val_epoch_task,val,cycle2,,17,,,,,,,,,2000,363.0,29.0,1608.0,0.0,0.9260204081632653,1.0,0.9615893959999084,0.9615893959999084,0.9615893959999084,363.0,0.18150000274181366
local,local,,,1,410,data_2000_5_8.5_chordal,val_epoch_task,val,cycle3,,17,,,,,,,,,2000,566.0,87.0,1343.0,4.0,0.8667687595712098,0.9929824561403509,0.925592839717865,0.925592839717865,0.925592839717865,570.0,0.2849999964237213
local,local,,,1,410,data_2000_5_8.5_chordal,val_epoch_task,val,cycle4,,17,,,,,,,,,2000,703.0,129.0,1132.0,36.0,0.8449519230769231,0.9512855209742895,0.8949713706970215,0.8949713706970215,0.8949713706970215,739.0,0.3695000112056732
local,local,,,1,410,data_2000_5_8.5_chordal,val_epoch_task,val,cycle5,,17,,,,,,,,,2000,900.0,210.0,855.0,35.0,0.8108108108108109,0.9625668449197861,0.8801955580711365,0.8801955580711365,0.8801955580711365,935.0,0.4675000011920929
local,local,,,1,410,data_2000_5_8.5_chordal,val_epoch_task,val,cycle6,,17,,,,,,,,,2000,954.0,174.0,696.0,176.0,0.8457446808510638,0.8442477876106195,0.8449955582618713,0.8449955582618713,0.7990815043449402,1130.0,0.5649999976158142
local,local,,,1,410,data_2000_5_8.5_chordal,train_epoch,train,,,18,0.2182106009721756,,,,,,,,2000,,,,,,,,,,,
local,local,,,1,410,data_2000_5_8.5_chordal,val_epoch,val,,,18,,0.2336588461995125,0.9034,0.6345000267028809,0.8778761061946903,0.8879979252815247,0.8879979252815247,0.8779628872871399,2000,,,,,,,,,,,
local,local,,,1,410,data_2000_5_8.5_chordal,val_epoch_task,val,cycle2,,18,,,,,,,,,2000,363.0,51.0,1586.0,0.0,0.8768115942028986,1.0,0.9343629479408264,0.9343629479408264,0.9343629479408264,363.0,0.18150000274181366
local,local,,,1,410,data_2000_5_8.5_chordal,val_epoch_task,val,cycle3,,18,,,,,,,,,2000,568.0,120.0,1310.0,2.0,0.8255813953488372,0.9964912280701754,0.9030206799507141,0.9030206799507141,0.9030206799507141,570.0,0.2849999964237213
local,local,,,1,410,data_2000_5_8.5_chordal,val_epoch_task,val,cycle4,,18,,,,,,,,,2000,706.0,145.0,1116.0,33.0,0.8296122209165687,0.9553450608930988,0.8880503177642822,0.8880503177642822,0.8880503177642822,739.0,0.3695000112056732
local,local,,,1,410,data_2000_5_8.5_chordal,val_epoch_task,val,cycle5,,18,,,,,,,,,2000,873.0,199.0,866.0,62.0,0.8143656716417911,0.9336898395721925,0.8699551820755005,0.8699551820755005,0.8699551820755005,935.0,0.4675000011920929
local,local,,,1,410,data_2000_5_8.5_chordal,val_epoch_task,val,cycle6,,18,,,,,,,,,2000,962.0,186.0,684.0,168.0,0.837979094076655,0.8513274336283185,0.8446005582809448,0.8446005582809448,0.7944251298904419,1130.0,0.5649999976158142
local,local,,,1,410,data_2000_5_8.5_chordal,train_epoch,train,,,19,0.21567003428936005,,,,,,,,2000,,,,,,,,,,,
local,local,,,1,410,data_2000_5_8.5_chordal,val_epoch,val,,,19,,0.23535479736328124,0.9007,0.6194999814033508,0.8740966146823889,0.8828493356704712,0.8828493356704712,0.8723289370536804,2000,,,,,,,,,,,
local,local,,,1,410,data_2000_5_8.5_chordal,val_epoch_task,val,cycle2,,19,,,,,,,,,2000,363.0,60.0,1577.0,0.0,0.8581560283687943,1.0,0.9236641526222229,0.9236641526222229,0.9236641526222229,363.0,0.18150000274181366
local,local,,,1,410,data_2000_5_8.5_chordal,val_epoch_task,val,cycle3,,19,,,,,,,,,2000,569.0,138.0,1292.0,1.0,0.8048090523338048,0.9982456140350877,0.8911511301994324,0.8911511301994324,0.8911511301994324,570.0,0.2849999964237213
local,local,,,1,410,data_2000_5_8.5_chordal,val_epoch_task,val,cycle4,,19,,,,,,,,,2000,716.0,158.0,1103.0,23.0,0.8192219679633868,0.9688768606224628,0.8877867460250854,0.8877867460250854,0.8877867460250854,739.0,0.3695000112056732
local,local,,,1,410,data_2000_5_8.5_chordal,val_epoch_task,val,cycle5,,19,,,,,,,,,2000,842.0,153.0,912.0,93.0,0.8462311557788945,0.9005347593582887,0.8725389242172241,0.8725389242172241,0.8725389242172241,935.0,0.4675000011920929
local,local,,,1,410,data_2000_5_8.5_chordal,val_epoch_task,val,cycle6,,19,,,,,,,,,2000,957.0,194.0,676.0,173.0,0.8314509122502172,0.8469026548672567,0.8391056656837463,0.8391056656837463,0.7865037322044373,1130.0,0.5649999976158142
local,local,,,1,410,data_2000_5_8.5_chordal,train_epoch,train,,,20,0.2150782366991043,,,,,,,,2000,,,,,,,,,,,
local,local,,,1,410,data_2000_5_8.5_chordal,val_epoch,val,,,20,,0.21388485312461852,0.9145,0.6635000109672546,0.8897769756349103,0.9016736745834351,0.9016736745834351,0.8915593028068542,2000,,,,,,,,,,,
local,local,,,1,410,data_2000_5_8.5_chordal,val_epoch_task,val,cycle2,,20,,,,,,,,,2000,363.0,34.0,1603.0,0.0,0.9143576826196473,1.0,0.9552631378173828,0.9552631378173828,0.9552631378173828,363.0,0.18150000274181366
local,local,,,1,410,data_2000_5_8.5_chordal,val_epoch_task,val,cycle3,,20,,,,,,,,,2000,566.0,91.0,1339.0,4.0,0.8614916286149162,0.9929824561403509,0.9225753545761108,0.9225753545761108,0.9225753545761108,570.0,0.2849999964237213
local,local,,,1,410,data_2000_5_8.5_chordal,val_epoch_task,val,cycle4,,20,,,,,,,,,2000,698.0,102.0,1159.0,41.0,0.8725,0.9445196211096076,0.9070824980735779,0.9070824980735779,0.9070824980735779,739.0,0.3695000112056732
local,local,,,1,410,data_2000_5_8.5_chordal,val_epoch_task,val,cycle5,,20,,,,,,,,,2000,819.0,158.0,907.0,116.0,0.8382804503582395,0.8759358288770054,0.8566945791244507,0.8566945791244507,0.8566945791244507,935.0,0.4675000011920929
local,local,,,1,410,data_2000_5_8.5_chordal,val_epoch_task,val,cycle6,,20,,,,,,,,,2000,1005.0,184.0,686.0,125.0,0.8452481076534903,0.8893805309734514,0.8667528629302979,0.8667528629302979,0.8161808252334595,1130.0,0.5649999976158142
local,local,,,1,410,data_2000_5_8.5_chordal,train_epoch,train,,,21,0.21116567707061767,,,,,,,,2000,,,,,,,,,,,
local,local,,,1,410,data_2000_5_8.5_chordal,val_epoch,val,,,21,,0.27774914014339447,0.8926,0.5910000205039978,0.8547470922369489,0.864604115486145,0.864604115486145,0.8541020154953003,2000,,,,,,,,,,,
local,local,,,1,410,data_2000_5_8.5_chordal,val_epoch_task,val,cycle2,,21,,,,,,,,,2000,363.0,57.0,1580.0,0.0,0.8642857142857143,1.0,0.9272030591964722,0.9272030591964722,0.9272030591964722,363.0,0.18150000274181366
local,local,,,1,410,data_2000_5_8.5_chordal,val_epoch_task,val,cycle3,,21,,,,,,,,,2000,548.0,75.0,1355.0,22.0,0.8796147672552167,0.9614035087719298,0.9186923503875732,0.9186923503875732,0.9186923503875732,570.0,0.2849999964237213
local,local,,,1,410,data_2000_5_8.5_chordal,val_epoch_task,val,cycle4,,21,,,,,,,,,2000,542.0,73.0,1188.0,197.0,0.8813008130081301,0.7334235453315291,0.8005908131599426,0.8005908131599426,0.8005908131599426,739.0,0.3695000112056732
local,local,,,1,410,data_2000_5_8.5_chordal,val_epoch_task,val,cycle5,,21,,,,,,,,,2000,727.0,101.0,964.0,208.0,0.8780193236714976,0.7775401069518717,0.8247305154800415,0.8247305154800415,0.8247305154800415,935.0,0.4675000011920929
local,local,,,1,410,data_2000_5_8.5_chordal,val_epoch_task,val,cycle6,,21,,,,,,,,,2000,980.0,191.0,679.0,150.0,0.8368915456874466,0.8672566371681416,0.8518035411834717,0.8518035411834717,0.7992936968803406,1130.0,0.5649999976158142
local,local,,,1,410,data_2000_5_8.5_chordal,train_epoch,train,,,22,0.2082766876220703,,,,,,,,2000,,,,,,,,,,,
local,local,,,1,410,data_2000_5_8.5_chordal,val_epoch,val,,,22,,0.2168882520198822,0.9107,0.6579999923706055,0.8884168436836187,0.9018993377685547,0.9018993377685547,0.8902767300605774,2000,,,,,,,,,,,
local,local,,,1,410,data_2000_5_8.5_chordal,val_epoch_task,val,cycle2,,22,,,,,,,,,2000,363.0,22.0,1615.0,0.0,0.9428571428571428,1.0,0.9705882668495178,0.9705882668495178,0.9705882668495178,363.0,0.18150000274181366
local,local,,,1,410,data_2000_5_8.5_chordal,val_epoch_task,val,cycle3,,22,,,,,,,,,2000,569.0,101.0,1329.0,1.0,0.8492537313432836,0.9982456140350877,0.9177418947219849,0.9177418947219849,0.9177418947219849,570.0,0.2849999964237213
local,local,,,1,410,data_2000_5_8.5_chordal,val_epoch_task,val,cycle4,,22,,,,,,,,,2000,736.0,187.0,1074.0,3.0,0.7973997833152763,0.9959404600811907,0.8856799006462097,0.8856799006462097,0.8856799006462097,739.0,0.3695000112056732
local,local,,,1,410,data_2000_5_8.5_chordal,val_epoch_task,val,cycle5,,22,,,,,,,,,2000,884.0,195.0,870.0,51.0,0.8192771084337349,0.9454545454545454,0.8778550028800964,0.8778550028800964,0.8778550028800964,935.0,0.4675000011920929
local,local,,,1,410,data_2000_5_8.5_chordal,val_epoch_task,val,cycle6,,22,,,,,,,,,2000,1003.0,206.0,664.0,127.0,0.8296112489660876,0.8876106194690265,0.8576314449310303,0.8576314449310303,0.7995184063911438,1130.0,0.5649999976158142
local,local,,,1,410,data_2000_5_8.5_chordal,train_epoch,train,,,23,0.20308611142635347,,,,,,,,2000,,,,,,,,,,,
local,local,,,1,410,data_2000_5_8.5_chordal,val_epoch,val,,,23,,0.20560389429330825,0.9116,0.6629999876022339,0.8871008939974456,0.8993152379989624,0.8993152379989624,0.890731155872345,2000,,,,,,,,,,,
local,local,,,1,410,data_2000_5_8.5_chordal,val_epoch_task,val,cycle2,,23,,,,,,,,,2000,363.0,41.0,1596.0,0.0,0.8985148514851485,1.0,0.9465450048446655,0.9465450048446655,0.9465450048446655,363.0,0.18150000274181366
local,local,,,1,410,data_2000_5_8.5_chordal,val_epoch_task,val,cycle3,,23,,,,,,,,,2000,568.0,77.0,1353.0,2.0,0.8806201550387597,0.9964912280701754,0.9349794983863831,0.9349794983863831,0.9349794983863831,570.0,0.2849999964237213
local,local,,,1,410,data_2000_5_8.5_chordal,val_epoch_task,val,cycle4,,23,,,,,,,,,2000,717.0,151.0,1110.0,22.0,0.826036866359447,0.9702300405953992,0.8923459649085999,0.8923459649085999,0.8923459649085999,739.0,0.3695000112056732
local,local,,,1,410,data_2000_5_8.5_chordal,val_epoch_task,val,cycle5,,23,,,,,,,,,2000,869.0,187.0,878.0,66.0,0.8229166666666666,0.9294117647058824,0.8729282021522522,0.8729282021522522,0.8729282021522522,935.0,0.4675000011920929
local,local,,,1,410,data_2000_5_8.5_chordal,val_epoch_task,val,cycle6,,23,,,,,,,,,2000,956.0,164.0,706.0,174.0,0.8535714285714285,0.8460176991150442,0.8497778177261353,0.8497778177261353,0.806857168674469,1130.0,0.5649999976158142
local,local,,,1,410,data_2000_5_8.5_chordal,train_epoch,train,,,24,0.2154014863371849,,,,,,,,2000,,,,,,,,,,,
local,local,,,1,410,data_2000_5_8.5_chordal,val_epoch,val,,,24,,0.20950667893886565,0.9108,0.6554999947547913,0.8847247350736626,0.8990182876586914,0.8990182876586914,0.8881456255912781,2000,,,,,,,,,,,
local,local,,,1,410,data_2000_5_8.5_chordal,val_epoch_task,val,cycle2,,24,,,,,,,,,2000,363.0,36.0,1601.0,0.0,0.9097744360902256,1.0,0.952755868434906,0.952755868434906,0.952755868434906,363.0,0.18150000274181366
local,local,,,1,410,data_2000_5_8.5_chordal,val_epoch_task,val,cycle3,,24,,,,,,,,,2000,568.0,64.0,1366.0,2.0,0.8987341772151899,0.9964912280701754,0.9450914859771729,0.9450914859771729,0.9450914859771729,570.0,0.2849999964237213
local,local,,,1,410,data_2000_5_8.5_chordal,val_epoch_task,val,cycle4,,24,,,,,,,,,2000,713.0,136.0,1125.0,26.0,0.839811542991755,0.9648173207036536,0.8979849219322205,0.8979849219322205,0.8979849219322205,739.0,0.3695000112056732
local,local,,,1,410,data_2000_5_8.5_chordal,val_epoch_task,val,cycle5,,24,,,,,,,,,2000,793.0,146.0,919.0,142.0,0.8445154419595314,0.8481283422459893,0.8463180065155029,0.8463180065155029,0.8463180065155029,935.0,0.4675000011920929
local,local,,,1,410,data_2000_5_8.5_chordal,val_epoch_task,val,cycle6,,24,,,,,,,,,2000,986.0,196.0,674.0,144.0,0.8341793570219966,0.8725663716814159,0.8529412150382996,0.8529412150382996,0.798578143119812,1130.0,0.5649999976158142
local,local,,,1,410,data_2000_5_8.5_chordal,train_epoch,train,,,25,0.23021652454137803,,,,,,,,2000,,,,,,,,,,,
local,local,,,1,410,data_2000_5_8.5_chordal,val_epoch,val,,,25,,0.24037903833389282,0.9009,0.6315000057220459,0.8773666625417645,0.8879688382148743,0.8879688382148743,0.87281334400177,2000,,,,,,,,,,,
local,local,,,1,410,data_2000_5_8.5_chordal,val_epoch_task,val,cycle2,,25,,,,,,,,,2000,358.0,42.0,1595.0,5.0,0.895,0.9862258953168044,0.9384011030197144,0.9384011030197144,0.9384011030197144,363.0,0.18150000274181366
local,local,,,1,410,data_2000_5_8.5_chordal,val_epoch_task,val,cycle3,,25,,,,,,,,,2000,566.0,116.0,1314.0,4.0,0.8299120234604106,0.9929824561403509,0.9041533470153809,0.9041533470153809,0.9041533470153809,570.0,0.2849999964237213
local,local,,,1,410,data_2000_5_8.5_chordal,val_epoch_task,val,cycle4,,25,,,,,,,,,2000,714.0,175.0,1086.0,25.0,0.8031496062992126,0.9661705006765899,0.8771498799324036,0.8771498799324036,0.8771498799324036,739.0,0.3695000112056732
local,local,,,1,410,data_2000_5_8.5_chordal,val_epoch_task,val,cycle5,,25,,,,,,,,,2000,881.0,214.0,851.0,54.0,0.8045662100456621,0.9422459893048128,0.8679803013801575,0.8679803013801575,0.8679803013801575,935.0,0.4675000011920929
local,local,,,1,410,data_2000_5_8.5_chordal,val_epoch_task,val,cycle6,,25,,,,,,,,,2000,1026.0,252.0,618.0,104.0,0.8028169014084507,0.9079646017699115,0.8521594405174255,0.8521594405174255,0.7763819098472595,1130.0,0.5649999976158142
local,local,,,1,410,data_2000_5_8.5_chordal,train_epoch,train,,,26,0.20022936832904817,,,,,,,,2000,,,,,,,,,,,
local,local,,,1,410,data_2000_5_8.5_chordal,val_epoch,val,,,26,,0.21340489542484284,0.9122,0.6700000166893005,0.888804457953394,0.900098443031311,0.900098443031311,0.8889752626419067,2000,,,,,,,,,,,
local,local,,,1,410,data_2000_5_8.5_chordal,val_epoch_task,val,cycle2,,26,,,,,,,,,2000,363.0,40.0,1597.0,0.0,0.9007444168734491,1.0,0.9477806687355042,0.9477806687355042,0.9477806687355042,363.0,0.18150000274181366
local,local,,,1,410,data_2000_5_8.5_chordal,val_epoch_task,val,cycle3,,26,,,,,,,,,2000,560.0,83.0,1347.0,10.0,0.8709175738724728,0.9824561403508771,0.923330545425415,0.923330545425415,0.923330545425415,570.0,0.2849999964237213
local,local,,,1,410,data_2000_5_8.5_chordal,val_epoch_task,val,cycle4,,26,,,,,,,,,2000,708.0,134.0,1127.0,31.0,0.8408551068883611,0.9580514208389715,0.8956356644630432,0.8956356644630432,0.8956356644630432,739.0,0.3695000112056732
local,local,,,1,410,data_2000_5_8.5_chordal,val_epoch_task,val,cycle5,,26,,,,,,,,,2000,879.0,194.0,871.0,56.0,0.8191985088536813,0.9401069518716577,0.8754979372024536,0.8754979372024536,0.8754979372024536,935.0,0.4675000011920929
local,local,,,1,410,data_2000_5_8.5_chordal,val_epoch_task,val,cycle6,,26,,,,,,,,,2000,999.0,199.0,671.0,131.0,0.833889816360601,0.8840707964601769,0.8582474589347839,0.8582474589347839,0.8026315569877625,1130.0,0.5649999976158142
local,local,,,1,410,data_2000_5_8.5_chordal,train_epoch,train,,,27,0.20517396199703217,,,,,,,,2000,,,,,,,,,,,
local,local,,,1,410,data_2000_5_8.5_chordal,val_epoch,val,,,27,,0.23224573582410812,0.9087,0.656000018119812,0.8879617130936311,0.8973731994628906,0.8973731994628906,0.8820382356643677,2000,,,,,,,,,,,
local,local,,,1,410,data_2000_5_8.5_chordal,val_epoch_task,val,cycle2,,27,,,,,,,,,2000,357.0,54.0,1583.0,6.0,0.8686131386861314,0.9834710743801653,0.9224806427955627,0.9224806427955627,0.9224806427955627,363.0,0.18150000274181366
local,local,,,1,410,data_2000_5_8.5_chordal,val_epoch_task,val,cycle3,,27,,,,,,,,,2000,558.0,60.0,1370.0,12.0,0.9029126213592233,0.9789473684210527,0.939393937587738,0.939393937587738,0.939393937587738,570.0,0.2849999964237213
local,local,,,1,410,data_2000_5_8.5_chordal,val_epoch_task,val,cycle4,,27,,,,,,,,,2000,729.0,181.0,1080.0,10.0,0.8010989010989011,0.986468200270636,0.8841722011566162,0.8841722011566162,0.8841722011566162,739.0,0.3695000112056732
local,local,,,1,410,data_2000_5_8.5_chordal,val_epoch_task,val,cycle5,,27,,,,,,,,,2000,918.0,243.0,822.0,17.0,0.7906976744186046,0.9818181818181818,0.875954270362854,0.875954270362854,0.875954270362854,935.0,0.4675000011920929
local,local,,,1,410,data_2000_5_8.5_chordal,val_epoch_task,val,cycle6,,27,,,,,,,,,2000,1056.0,256.0,614.0,74.0,0.8048780487804879,0.9345132743362832,0.8648648858070374,0.8648648858070374,0.7881900072097778,1130.0,0.5649999976158142
local,local,,,1,410,data_2000_5_8.5_chordal,train_epoch,train,,,28,0.21312061476707458,,,,,,,,2000,,,,,,,,,,,
local,local,,,1,410,data_2000_5_8.5_chordal,val_epoch,val,,,28,,0.22708151519298553,0.9082,0.6489999890327454,0.8825786646201075,0.8938738703727722,0.8938738703727722,0.8837132453918457,2000,,,,,,,,,,,
local,local,,,1,410,data_2000_5_8.5_chordal,val_epoch_task,val,cycle2,,28,,,,,,,,,2000,363.0,43.0,1594.0,0.0,0.8940886699507389,1.0,0.9440832138061523,0.9440832138061523,0.9440832138061523,363.0,0.18150000274181366
local,local,,,1,410,data_2000_5_8.5_chordal,val_epoch_task,val,cycle3,,28,,,,,,,,,2000,551.0,90.0,1340.0,19.0,0.859594383775351,0.9666666666666667,0.9099917411804199,0.9099917411804199,0.9099917411804199,570.0,0.2849999964237213
local,local,,,1,410,data_2000_5_8.5_chordal,val_epoch_task,val,cycle4,,28,,,,,,,,,2000,708.0,132.0,1129.0,31.0,0.8428571428571429,0.9580514208389715,0.8967701196670532,0.8967701196670532,0.8967701196670532,739.0,0.3695000112056732
local,local,,,1,410,data_2000_5_8.5_chordal,val_epoch_task,val,cycle5,,28,,,,,,,,,2000,859.0,179.0,886.0,76.0,0.8275529865125241,0.9187165775401069,0.8707551956176758,0.8707551956176758,0.8707551956176758,935.0,0.4675000011920929
local,local,,,1,410,data_2000_5_8.5_chordal,val_epoch_task,val,cycle6,,28,,,,,,,,,2000,969.0,187.0,683.0,161.0,0.8382352941176471,0.8575221238938053,0.847769021987915,0.847769021987915,0.7969661951065063,1130.0,0.5649999976158142
local,local,,,1,410,data_2000_5_8.5_chordal,train_epoch,train,,,29,0.20254635429382326,,,,,,,,2000,,,,,,,,,,,
local,local,,,1,410,data_2000_5_8.5_chordal,val_epoch,val,,,29,,0.22661216819286348,0.908,0.6449999809265137,0.8867831651489047,0.8983314633369446,0.8983314633369446,0.8780685663223267,2000,,,,,,,,,,,
local,local,,,1,410,data_2000_5_8.5_chordal,val_epoch_task,val,cycle2,,29,,,,,,,,,2000,361.0,50.0,1587.0,2.0,0.878345498783455,0.9944903581267218,0.9328165054321289,0.9328165054321289,0.9328165054321289,363.0,0.18150000274181366
local,local,,,1,410,data_2000_5_8.5_chordal,val_epoch_task,val,cycle3,,29,,,,,,,,,2000,570.0,78.0,1352.0,0.0,0.8796296296296297,1.0,0.935960590839386,0.935960590839386,0.935960590839386,570.0,0.2849999964237213
local,local,,,1,410,data_2000_5_8.5_chordal,val_epoch_task,val,cycle4,,29,,,,,,,,,2000,697.0,125.0,1136.0,42.0,0.8479318734793188,0.9431664411366711,0.8930172324180603,0.8930172324180603,0.8930172324180603,739.0,0.3695000112056732
local,local,,,1,410,data_2000_5_8.5_chordal,val_epoch_task,val,cycle5,,29,,,,,,,,,2000,903.0,222.0,843.0,32.0,0.8026666666666666,0.9657754010695188,0.8766989707946777,0.8766989707946777,0.8766989707946777,935.0,0.4675000011920929
local,local,,,1,410,data_2000_5_8.5_chordal,val_epoch_task,val,cycle6,,29,,,,,,,,,2000,1072.0,311.0,559.0,58.0,0.7751265365148229,0.9486725663716814,0.8531635999679565,0.8531635999679565,0.751849353313446,1130.0,0.5649999976158142
local,local,,,1,410,data_2000_5_8.5_chordal,train_epoch,train,,,30,0.21525945115089418,,,,,,,,2000,,,,,,,,,,,
local,local,,,1,410,data_2000_5_8.5_chordal,val_epoch,val,,,30,,0.21158836579322815,0.9133,0.6614999771118164,0.8915843441290484,0.9038933515548706,0.9038933515548706,0.8886550068855286,2000,,,,,,,,,,,
local,local,,,1,410,data_2000_5_8.5_chordal,val_epoch_task,val,cycle2,,30,,,,,,,,,2000,362.0,37.0,1600.0,1.0,0.9072681704260651,0.9972451790633609,0.9501312375068665,0.9501312375068665,0.9501312375068665,363.0,0.18150000274181366
local,local,,,1,410,data_2000_5_8.5_chordal,val_epoch_task,val,cycle3,,30,,,,,,,,,2000,565.0,75.0,1355.0,5.0,0.8828125,0.9912280701754386,0.9338842034339905,0.9338842034339905,0.9338842034339905,570.0,0.2849999964237213
local,local,,,1,410,data_2000_5_8.5_chordal,val_epoch_task,val,cycle4,,30,,,,,,,,,2000,702.0,120.0,1141.0,37.0,0.8540145985401459,0.9499323410013532,0.8994234204292297,0.8994234204292297,0.8994234204292297,739.0,0.3695000112056732
local,local,,,1,410,data_2000_5_8.5_chordal,val_epoch_task,val,cycle5,,30,,,,,,,,,2000,890.0,209.0,856.0,45.0,0.8098271155595996,0.9518716577540107,0.8751229047775269,0.8751229047775269,0.8751229047775269,935.0,0.4675000011920929
local,local,,,1,410,data_2000_5_8.5_chordal,val_epoch_task,val,cycle6,,30,,,,,,,,,2000,1046.0,254.0,616.0,84.0,0.8046153846153846,0.9256637168141593,0.8609053492546082,0.8609053492546082,0.7847133278846741,1130.0,0.5649999976158142
local,local,,,1,410,data_2000_5_8.5_chordal,train_epoch,train,,,31,0.2068205822110176,,,,,,,,2000,,,,,,,,,,,
local,local,,,1,410,data_2000_5_8.5_chordal,val_epoch,val,,,31,,0.21120777118206024,0.9069,0.640999972820282,0.8766397243937988,0.8893936276435852,0.8893936276435852,0.8837253451347351,2000,,,,,,,,,,,
local,local,,,1,410,data_2000_5_8.5_chordal,val_epoch_task,val,cycle2,,31,,,,,,,,,2000,363.0,41.0,1596.0,0.0,0.8985148514851485,1.0,0.9465450048446655,0.9465450048446655,0.9465450048446655,363.0,0.18150000274181366
local,local,,,1,410,data_2000_5_8.5_chordal,val_epoch_task,val,cycle3,,31,,,,,,,,,2000,570.0,98.0,1332.0,0.0,0.8532934131736527,1.0,0.9208400845527649,0.9208400845527649,0.9208400845527649,570.0,0.2849999964237213
local,local,,,1,410,data_2000_5_8.5_chordal,val_epoch_task,val,cycle4,,31,,,,,,,,,2000,723.0,146.0,1115.0,16.0,0.8319907940161104,0.9783491204330176,0.8992537260055542,0.8992537260055542,0.8992537260055542,739.0,0.3695000112056732
local,local,,,1,410,data_2000_5_8.5_chordal,val_epoch_task,val,cycle5,,31,,,,,,,,,2000,748.0,91.0,974.0,187.0,0.8915375446960667,0.8,0.8432919979095459,0.8432919979095459,0.8432919979095459,935.0,0.4675000011920929
local,local,,,1,410,data_2000_5_8.5_chordal,val_epoch_task,val,cycle6,,31,,,,,,,,,2000,904.0,126.0,744.0,226.0,0.8776699029126214,0.8,0.8370370268821716,0.8370370268821716,0.8086956143379211,1130.0,0.5649999976158142
local,local,,,1,410,data_2000_5_8.5_chordal,train_epoch,train,,,32,0.18218121004104615,,,,,,,,2000,,,,,,,,,,,
local,local,,,1,410,data_2000_5_8.5_chordal,val_epoch,val,,,32,,0.21586429205536842,0.9111,0.6604999899864197,0.8864188066947745,0.8976360559463501,0.8976360559463501,0.8886085748672485,2000,,,,,,,,,,,
local,local,,,1,410,data_2000_5_8.5_chordal,val_epoch_task,val,cycle2,,32,,,,,,,,,2000,359.0,37.0,1600.0,4.0,0.9065656565656566,0.9889807162534435,0.945981502532959,0.945981502532959,0.945981502532959,363.0,0.18150000274181366
local,local,,,1,410,data_2000_5_8.5_chordal,val_epoch_task,val,cycle3,,32,,,,,,,,,2000,567.0,88.0,1342.0,3.0,0.8656488549618321,0.9947368421052631,0.9257143139839172,0.9257143139839172,0.9257143139839172,570.0,0.2849999964237213
local,local,,,1,410,data_2000_5_8.5_chordal,val_epoch_task,val,cycle4,,32,,,,,,,,,2000,716.0,160.0,1101.0,23.0,0.817351598173516,0.9688768606224628,0.8866872787475586,0.8866872787475586,0.8866872787475586,739.0,0.3695000112056732
local,local,,,1,410,data_2000_5_8.5_chordal,val_epoch_task,val,cycle5,,32,,,,,,,,,2000,855.0,167.0,898.0,80.0,0.8365949119373777,0.9144385026737968,0.8737863898277283,0.8737863898277283,0.8737863898277283,935.0,0.4675000011920929
local,local,,,1,410,data_2000_5_8.5_chordal,val_epoch_task,val,cycle6,,32,,,,,,,,,2000,972.0,169.0,701.0,158.0,0.8518843120070114,0.8601769911504424,0.8560105562210083,0.8560105562210083,0.8108733892440796,1130.0,0.5649999976158142
local,local,,,1,410,data_2000_5_8.5_chordal,train_epoch,train,,,33,0.19881286013126373,,,,,,,,2000,,,,,,,,,,,
local,local,,,1,410,data_2000_5_8.5_chordal,val_epoch,val,,,33,,0.22099704349040986,0.9114,0.6575000286102295,0.8905632411067194,0.9032579660415649,0.9032579660415649,0.8868597745895386,2000,,,,,,,,,,,
local,local,,,1,410,data_2000_5_8.5_chordal,val_epoch_task,val,cycle2,,33,,,,,,,,,2000,363.0,40.0,1597.0,0.0,0.9007444168734491,1.0,0.9477806687355042,0.9477806687355042,0.9477806687355042,363.0,0.18150000274181366
local,local,,,1,410,data_2000_5_8.5_chordal,val_epoch_task,val,cycle3,,33,,,,,,,,,2000,565.0,66.0,1364.0,5.0,0.8954041204437401,0.9912280701754386,0.9408825039863586,0.9408825039863586,0.9408825039863586,570.0,0.2849999964237213
local,local,,,1,410,data_2000_5_8.5_chordal,val_epoch_task,val,cycle4,,33,,,,,,,,,2000,704.0,131.0,1130.0,35.0,0.8431137724550898,0.952638700947226,0.8945361375808716,0.8945361375808716,0.8945361375808716,739.0,0.3695000112056732
local,local,,,1,410,data_2000_5_8.5_chordal,val_epoch_task,val,cycle5,,33,,,,,,,,,2000,910.0,248.0,817.0,25.0,0.7858376511226253,0.9732620320855615,0.8695651888847351,0.8695651888847351,0.8695651888847351,935.0,0.4675000011920929
local,local,,,1,410,data_2000_5_8.5_chordal,val_epoch_task,val,cycle6,,33,,,,,,,,,2000,1063.0,269.0,601.0,67.0,0.7980480480480481,0.9407079646017699,0.8635256290435791,0.8635256290435791,0.7815344929695129,1130.0,0.5649999976158142
local,local,,,1,410,data_2000_5_8.5_chordal,train_epoch,train,,,34,0.1940636930465698,,,,,,,,2000,,,,,,,,,,,
local,local,,,1,410,data_2000_5_8.5_chordal,val_epoch,val,,,34,,0.2230259152650833,0.9161,0.6735000014305115,0.8896778435239975,0.8999460339546204,0.8999460339546204,0.8923028111457825,2000,,,,,,,,,,,
local,local,,,1,410,data_2000_5_8.5_chordal,val_epoch_task,val,cycle2,,34,,,,,,,,,2000,351.0,30.0,1607.0,12.0,0.9212598425196851,0.9669421487603306,0.9435483813285828,0.9435483813285828,0.9435483813285828,363.0,0.18150000274181366
local,local,,,1,410,data_2000_5_8.5_chordal,val_epoch_task,val,cycle3,,34,,,,,,,,,2000,535.0,57.0,1373.0,35.0,0.9037162162162162,0.9385964912280702,0.9208261966705322,0.9208261966705322,0.9208261966705322,570.0,0.2849999964237213
local,local,,,1,410,data_2000_5_8.5_chordal,val_epoch_task,val,cycle4,,34,,,,,,,,,2000,706.0,123.0,1138.0,33.0,0.8516284680337757,0.9553450608930988,0.9005102515220642,0.9005102515220642,0.9005102515220642,739.0,0.3695000112056732
local,local,,,1,410,data_2000_5_8.5_chordal,val_epoch_task,val,cycle5,,34,,,,,,,,,2000,821.0,129.0,936.0,114.0,0.8642105263157894,0.8780748663101604,0.8710874915122986,0.8710874915122986,0.8710874915122986,935.0,0.4675000011920929
local,local,,,1,410,data_2000_5_8.5_chordal,val_epoch_task,val,cycle6,,34,,,,,,,,,2000,970.0,146.0,724.0,160.0,0.8691756272401434,0.8584070796460177,0.8637577891349792,0.8637577891349792,0.825541615486145,1130.0,0.5649999976158142
local,local,,,1,410,data_2000_5_8.5_chordal,train_epoch,train,,,35,0.1912147090435028,,,,,,,,2000,,,,,,,,,,,
local,local,,,1,410,data_2000_5_8.5_chordal,val_epoch,val,,,35,,0.19816037333011627,0.9169,0.6690000295639038,0.8910735351946519,0.9065796732902527,0.9065796732902527,0.900877833366394,2000,,,,,,,,,,,
local,local,,,1,410,data_2000_5_8.5_chordal,val_epoch_task,val,cycle2,,35,,,,,,,,,2000,363.0,13.0,1624.0,0.0,0.9654255319148937,1.0,0.9824087023735046,0.9824087023735046,0.9824087023735046,363.0,0.18150000274181366
local,local,,,1,410,data_2000_5_8.5_chordal,val_epoch_task,val,cycle3,,35,,,,,,,,,2000,569.0,84.0,1346.0,1.0,0.8713629402756509,0.9982456140350877,0.9304987192153931,0.9304987192153931,0.9304987192153931,570.0,0.2849999964237213
local,local,,,1,410,data_2000_5_8.5_chordal,val_epoch_task,val,cycle4,,35,,,,,,,,,2000,721.0,141.0,1120.0,18.0,0.8364269141531323,0.9756427604871448,0.9006870985031128,0.9006870985031128,0.9006870985031128,739.0,0.3695000112056732
local,local,,,1,410,data_2000_5_8.5_chordal,val_epoch_task,val,cycle5,,35,,,,,,,,,2000,826.0,134.0,931.0,109.0,0.8604166666666667,0.8834224598930481,0.8717678189277649,0.8717678189277649,0.8717678189277649,935.0,0.4675000011920929
local,local,,,1,410,data_2000_5_8.5_chordal,val_epoch_task,val,cycle6,,35,,,,,,,,,2000,920.0,121.0,749.0,210.0,0.8837656099903939,0.8141592920353983,0.8475357294082642,0.8475357294082642,0.8190268278121948,1130.0,0.5649999976158142
local,local,,,1,410,data_2000_5_8.5_chordal,train_epoch,train,,,36,0.18904196321964264,,,,,,,,2000,,,,,,,,,,,
local,local,,,1,410,data_2000_5_8.5_chordal,val_epoch,val,,,36,,0.20251375871896743,0.9171,0.6694999933242798,0.8932938602136697,0.9049959182739258,0.9049959182739258,0.8968421220779419,2000,,,,,,,,,,,
local,local,,,1,410,data_2000_5_8.5_chordal,val_epoch_task,val,cycle2,,36,,,,,,,,,2000,363.0,34.0,1603.0,0.0,0.9143576826196473,1.0,0.9552631378173828,0.9552631378173828,0.9552631378173828,363.0,0.18150000274181366
local,local,,,1,410,data_2000_5_8.5_chordal,val_epoch_task,val,cycle3,,36,,,,,,,,,2000,570.0,87.0,1343.0,0.0,0.867579908675799,1.0,0.9290953874588013,0.9290953874588013,0.9290953874588013,570.0,0.2849999964237213
local,local,,,1,410,data_2000_5_8.5_chordal,val_epoch_task,val,cycle4,,36,,,,,,,,,2000,706.0,125.0,1136.0,33.0,0.8495788206979543,0.9553450608930988,0.8993630409240723,0.8993630409240723,0.8993630409240723,739.0,0.3695000112056732
local,local,,,1,410,data_2000_5_8.5_chordal,val_epoch_task,val,cycle5,,36,,,,,,,,,2000,876.0,159.0,906.0,59.0,0.8463768115942029,0.9368983957219251,0.8893401026725769,0.8893401026725769,0.8893401026725769,935.0,0.4675000011920929
local,local,,,1,410,data_2000_5_8.5_chordal,val_epoch_task,val,cycle6,,36,,,,,,,,,2000,955.0,157.0,713.0,175.0,0.8588129496402878,0.8451327433628318,0.8519179821014404,0.8519179821014404,0.811149001121521,1130.0,0.5649999976158142
local,local,,,1,410,data_2000_5_8.5_chordal,train_epoch,train,,,37,0.20742361575365068,,,,,,,,2000,,,,,,,,,,,
local,local,,,1,410,data_2000_5_8.5_chordal,val_epoch,val,,,37,,0.22491142815351486,0.9068,0.6489999890327454,0.8754010695187167,0.8890298008918762,0.8890298008918762,0.8828431963920593,2000,,,,,,,,,,,
local,local,,,1,410,data_2000_5_8.5_chordal,val_epoch_task,val,cycle2,,37,,,,,,,,,2000,363.0,44.0,1593.0,0.0,0.8918918918918919,1.0,0.9428570866584778,0.9428570866584778,0.9428570866584778,363.0,0.18150000274181366
local,local,,,1,410,data_2000_5_8.5_chordal,val_epoch_task,val,cycle3,,37,,,,,,,,,2000,565.0,53.0,1377.0,5.0,0.9142394822006472,0.9912280701754386,0.9511784315109253,0.9511784315109253,0.9511784315109253,570.0,0.2849999964237213
local,local,,,1,410,data_2000_5_8.5_chordal,val_epoch_task,val,cycle4,,37,,,,,,,,,2000,643.0,121.0,1140.0,96.0,0.8416230366492147,0.8700947225981055,0.8556221127510071,0.8556221127510071,0.8556221127510071,739.0,0.3695000112056732
local,local,,,1,410,data_2000_5_8.5_chordal,val_epoch_task,val,cycle5,,37,,,,,,,,,2000,782.0,121.0,944.0,153.0,0.8660022148394242,0.8363636363636363,0.8509249091148376,0.8509249091148376,0.8509249091148376,935.0,0.4675000011920929
local,local,,,1,410,data_2000_5_8.5_chordal,val_epoch_task,val,cycle6,,37,,,,,,,,,2000,921.0,130.0,740.0,209.0,0.8763082778306375,0.8150442477876106,0.8445667028427124,0.8445667028427124,0.8136338591575623,1130.0,0.5649999976158142
local,local,,,1,410,data_2000_5_8.5_chordal,train_epoch,train,,,38,0.19121689915657045,,,,,,,,2000,,,,,,,,,,,
local,local,,,1,410,data_2000_5_8.5_chordal,val_epoch,val,,,38,,0.19889941734075547,0.9186,0.6859999895095825,0.8962793068297655,0.9114802479743958,0.9114802479743958,0.901984691619873,2000,,,,,,,,,,,
local,local,,,1,410,data_2000_5_8.5_chordal,val_epoch_task,val,cycle2,,38,,,,,,,,,2000,362.0,20.0,1617.0,1.0,0.9476439790575916,0.9972451790633609,0.9718121290206909,0.9718121290206909,0.9718121290206909,363.0,0.18150000274181366
local,local,,,1,410,data_2000_5_8.5_chordal,val_epoch_task,val,cycle3,,38,,,,,,,,,2000,563.0,50.0,1380.0,7.0,0.9184339314845025,0.987719298245614,0.9518174529075623,0.9518174529075623,0.9518174529075623,570.0,0.2849999964237213
local,local,,,1,410,data_2000_5_8.5_chordal,val_epoch_task,val,cycle4,,38,,,,,,,,,2000,726.0,148.0,1113.0,13.0,0.8306636155606407,0.9824086603518268,0.9001860022544861,0.9001860022544861,0.9001860022544861,739.0,0.3695000112056732
local,local,,,1,410,data_2000_5_8.5_chordal,val_epoch_task,val,cycle5,,38,,,,,,,,,2000,877.0,201.0,864.0,58.0,0.813543599257885,0.9379679144385027,0.8713362812995911,0.8713362812995911,0.8713362812995911,935.0,0.4675000011920929
local,local,,,1,410,data_2000_5_8.5_chordal,val_epoch_task,val,cycle6,,38,,,,,,,,,2000,989.0,175.0,695.0,141.0,0.8496563573883161,0.8752212389380531,0.8622493147850037,0.8622493147850037,0.8147713541984558,1130.0,0.5649999976158142
local,local,,,1,410,data_2000_5_8.5_chordal,train_epoch,train,,,39,0.18052629661560057,,,,,,,,2000,,,,,,,,,,,
local,local,,,1,410,data_2000_5_8.5_chordal,val_epoch,val,,,39,,0.2051441290974617,0.9136,0.6679999828338623,0.8925105747698432,0.9065951108932495,0.9065951108932495,0.8908258676528931,2000,,,,,,,,,,,
local,local,,,1,410,data_2000_5_8.5_chordal,val_epoch_task,val,cycle2,,39,,,,,,,,,2000,362.0,27.0,1610.0,1.0,0.9305912596401028,0.9972451790633609,0.9627659916877747,0.9627659916877747,0.9627659916877747,363.0,0.18150000274181366
local,local,,,1,410,data_2000_5_8.5_chordal,val_epoch_task,val,cycle3,,39,,,,,,,,,2000,564.0,67.0,1363.0,6.0,0.8938193343898574,0.9894736842105263,0.9392173290252686,0.9392173290252686,0.9392173290252686,570.0,0.2849999964237213
local,local,,,1,410,data_2000_5_8.5_chordal,val_epoch_task,val,cycle4,,39,,,,,,,,,2000,718.0,152.0,1109.0,21.0,0.825287356321839,0.9715832205683356,0.8924797773361206,0.8924797773361206,0.8924797773361206,739.0,0.3695000112056732
local,local,,,1,410,data_2000_5_8.5_chordal,val_epoch_task,val,cycle5,,39,,,,,,,,,2000,901.0,208.0,857.0,34.0,0.8124436429215509,0.9636363636363636,0.8816047310829163,0.8816047310829163,0.8816047310829163,935.0,0.4675000011920929
local,local,,,1,410,data_2000_5_8.5_chordal,val_epoch_task,val,cycle6,,39,,,,,,,,,2000,1042.0,260.0,610.0,88.0,0.8003072196620584,0.9221238938053097,0.856907844543457,0.856907844543457,0.7780612707138062,1130.0,0.5649999976158142
local,local,,,1,410,data_2000_5_8.5_chordal,train_epoch,train,,,40,0.18453610467910767,,,,,,,,2000,,,,,,,,,,,
local,local,,,1,410,data_2000_5_8.5_chordal,val_epoch,val,,,40,,0.19716341763734818,0.9189,0.6754999756813049,0.8976656151419559,0.9126147031784058,0.9126147031784058,0.8998969793319702,2000,,,,,,,,,,,
local,local,,,1,410,data_2000_5_8.5_chordal,val_epoch_task,val,cycle2,,40,,,,,,,,,2000,362.0,21.0,1616.0,1.0,0.9451697127937336,0.9972451790633609,0.9705093502998352,0.9705093502998352,0.9705093502998352,363.0,0.18150000274181366
local,local,,,1,410,data_2000_5_8.5_chordal,val_epoch_task,val,cycle3,,40,,,,,,,,,2000,564.0,50.0,1380.0,6.0,0.9185667752442996,0.9894736842105263,0.9527026414871216,0.9527026414871216,0.9527026414871216,570.0,0.2849999964237213
local,local,,,1,410,data_2000_5_8.5_chordal,val_epoch_task,val,cycle4,,40,,,,,,,,,2000,721.0,150.0,1111.0,18.0,0.8277841561423651,0.9756427604871448,0.8956521153450012,0.8956521153450012,0.8956521153450012,739.0,0.3695000112056732
local,local,,,1,410,data_2000_5_8.5_chordal,val_epoch_task,val,cycle5,,40,,,,,,,,,2000,890.0,189.0,876.0,45.0,0.82483781278962,0.9518716577540107,0.8838132619857788,0.8838132619857788,0.8838132619857788,935.0,0.4675000011920929
local,local,,,1,410,data_2000_5_8.5_chordal,val_epoch_task,val,cycle6,,40,,,,,,,,,2000,1020.0,221.0,649.0,110.0,0.821917808219178,0.9026548672566371,0.8603965044021606,0.8603965044021606,0.7968078255653381,1130.0,0.5649999976158142
local,local,,,1,410,data_2000_5_8.5_chordal,train_epoch,train,,,41,0.18260823231935502,,,,,,,,2000,,,,,,,,,,,
local,local,,,1,410,data_2000_5_8.5_chordal,val_epoch,val,,,41,,0.19479651671648027,0.9189,0.6819999814033508,0.8985616010006253,0.9128556251525879,0.9128556251525879,0.8985189199447632,2000,,,,,,,,,,,
local,local,,,1,410,data_2000_5_8.5_chordal,val_epoch_task,val,cycle2,,41,,,,,,,,,2000,360.0,18.0,1619.0,3.0,0.9523809523809523,0.9917355371900827,0.9716599583625793,0.9716599583625793,0.9716599583625793,363.0,0.18150000274181366
local,local,,,1,410,data_2000_5_8.5_chordal,val_epoch_task,val,cycle3,,41,,,,,,,,,2000,569.0,67.0,1363.0,1.0,0.8946540880503144,0.9982456140350877,0.9436152577400208,0.9436152577400208,0.9436152577400208,570.0,0.2849999964237213
local,local,,,1,410,data_2000_5_8.5_chordal,val_epoch_task,val,cycle4,,41,,,,,,,,,2000,715.0,130.0,1131.0,24.0,0.8461538461538461,0.9675236806495264,0.9027777910232544,0.9027777910232544,0.9027777910232544,739.0,0.3695000112056732
local,local,,,1,410,data_2000_5_8.5_chordal,val_epoch_task,val,cycle5,,41,,,,,,,,,2000,892.0,207.0,858.0,43.0,0.8116469517743403,0.9540106951871657,0.8770894408226013,0.8770894408226013,0.8770894408226013,935.0,0.4675000011920929
local,local,,,1,410,data_2000_5_8.5_chordal,val_epoch_task,val,cycle6,,41,,,,,,,,,2000,1056.0,244.0,626.0,74.0,0.8123076923076923,0.9345132743362832,0.869135856628418,0.869135856628418,0.7974522113800049,1130.0,0.5649999976158142
local,local,,,1,410,data_2000_5_8.5_chordal,train_epoch,train,,,42,0.1839063796401024,,,,,,,,2000,,,,,,,,,,,
local,local,,,1,410,data_2000_5_8.5_chordal,val_epoch,val,,,42,,0.21288188540935515,0.9165,0.6729999780654907,0.8911484812931821,0.9050737619400024,0.9050737619400024,0.8962658643722534,2000,,,,,,,,,,,
local,local,,,1,410,data_2000_5_8.5_chordal,val_epoch_task,val,cycle2,,42,,,,,,,,,2000,362.0,23.0,1614.0,1.0,0.9402597402597402,0.9972451790633609,0.9679144024848938,0.9679144024848938,0.9679144024848938,363.0,0.18150000274181366
local,local,,,1,410,data_2000_5_8.5_chordal,val_epoch_task,val,cycle3,,42,,,,,,,,,2000,555.0,43.0,1387.0,15.0,0.9280936454849499,0.9736842105263158,0.9503424763679504,0.9503424763679504,0.9503424763679504,570.0,0.2849999964237213
local,local,,,1,410,data_2000_5_8.5_chordal,val_epoch_task,val,cycle4,,42,,,,,,,,,2000,630.0,85.0,1176.0,109.0,0.8811188811188811,0.8525033829499323,0.8665749430656433,0.8665749430656433,0.8665749430656433,739.0,0.3695000112056732
local,local,,,1,410,data_2000_5_8.5_chordal,val_epoch_task,val,cycle5,,42,,,,,,,,,2000,882.0,201.0,864.0,53.0,0.814404432132964,0.9433155080213904,0.8741327524185181,0.8741327524185181,0.8741327524185181,935.0,0.4675000011920929
local,local,,,1,410,data_2000_5_8.5_chordal,val_epoch_task,val,cycle6,,42,,,,,,,,,2000,989.0,164.0,706.0,141.0,0.8577623590633131,0.8752212389380531,0.8664038777351379,0.8664038777351379,0.8223646283149719,1130.0,0.5649999976158142
local,local,,,1,410,data_2000_5_8.5_chordal,train_epoch,train,,,43,0.1870800313949585,,,,,,,,2000,,,,,,,,,,,
local,local,,,1,410,data_2000_5_8.5_chordal,val_epoch,val,,,43,,0.20416467487812043,0.9119,0.6589999794960022,0.8832648734596529,0.8957502245903015,0.8957502245903015,0.8913934826850891,2000,,,,,,,,,,,
local,local,,,1,410,data_2000_5_8.5_chordal,val_epoch_task,val,cycle2,,43,,,,,,,,,2000,363.0,42.0,1595.0,0.0,0.8962962962962963,1.0,0.9453125596046448,0.9453125596046448,0.9453125596046448,363.0,0.18150000274181366
local,local,,,1,410,data_2000_5_8.5_chordal,val_epoch_task,val,cycle3,,43,,,,,,,,,2000,566.0,75.0,1355.0,4.0,0.8829953198127926,0.9929824561403509,0.9347646832466125,0.9347646832466125,0.9347646832466125,570.0,0.2849999964237213
local,local,,,1,410,data_2000_5_8.5_chordal,val_epoch_task,val,cycle4,,43,,,,,,,,,2000,705.0,138.0,1123.0,34.0,0.8362989323843416,0.9539918809201624,0.8912768959999084,0.8912768959999084,0.8912768959999084,739.0,0.3695000112056732
local,local,,,1,410,data_2000_5_8.5_chordal,val_epoch_task,val,cycle5,,43,,,,,,,,,2000,812.0,115.0,950.0,123.0,0.8759439050701187,0.8684491978609625,0.8721804618835449,0.8721804618835449,0.8721804618835449,935.0,0.4675000011920929
local,local,,,1,410,data_2000_5_8.5_chordal,val_epoch_task,val,cycle6,,43,,,,,,,,,2000,887.0,107.0,763.0,243.0,0.892354124748491,0.7849557522123893,0.8352165818214417,0.8352165818214417,0.8134328126907349,1130.0,0.5649999976158142
local,local,,,1,410,data_2000_5_8.5_chordal,train_epoch,train,,,44,0.19027911454439164,,,,,,,,2000,,,,,,,,,,,
local,local,,,1,410,data_2000_5_8.5_chordal,val_epoch,val,,,44,,0.23450046730041504,0.907,0.6504999995231628,0.8758675920982382,0.8861730694770813,0.8861730694770813,0.8794680833816528,2000,,,,,,,,,,,
local,local,,,1,410,data_2000_5_8.5_chordal,val_epoch_task,val,cycle2,,44,,,,,,,,,2000,363.0,60.0,1577.0,0.0,0.8581560283687943,1.0,0.9236641526222229,0.9236641526222229,0.9236641526222229,363.0,0.18150000274181366
local,local,,,1,410,data_2000_5_8.5_chordal,val_epoch_task,val,cycle3,,44,,,,,,,,,2000,549.0,65.0,1365.0,21.0,0.8941368078175895,0.9631578947368421,0.9273648858070374,0.9273648858070374,0.9273648858070374,570.0,0.2849999964237213
local,local,,,1,410,data_2000_5_8.5_chordal,val_epoch_task,val,cycle4,,44,,,,,,,,,2000,659.0,112.0,1149.0,80.0,0.85473411154345,0.8917456021650879,0.8728477358818054,0.8728477358818054,0.8728477358818054,739.0,0.3695000112056732
local,local,,,1,410,data_2000_5_8.5_chordal,val_epoch_task,val,cycle5,,44,,,,,,,,,2000,787.0,98.0,967.0,148.0,0.8892655367231639,0.841711229946524,0.8648350834846497,0.8648350834846497,0.8648350834846497,935.0,0.4675000011920929
local,local,,,1,410,data_2000_5_8.5_chordal,val_epoch_task,val,cycle6,,44,,,,,,,,,2000,923.0,139.0,731.0,207.0,0.8691148775894538,0.8168141592920354,0.8421533107757568,0.8421533107757568,0.8086283206939697,1130.0,0.5649999976158142
local,local,,,1,410,data_2000_5_8.5_chordal,train_epoch,train,,,45,0.18444309675693513,,,,,,,,2000,,,,,,,,,,,
local,local,,,1,410,data_2000_5_8.5_chordal,val_epoch,val,,,45,,0.20293279832601546,0.9183,0.6790000200271606,0.8968304078797827,0.9103978872299194,0.9103978872299194,0.9006783366203308,2000,,,,,,,,,,,
local,local,,,1,410,data_2000_5_8.5_chordal,val_epoch_task,val,cycle2,,45,,,,,,,,,2000,361.0,23.0,1614.0,2.0,0.9401041666666666,0.9944903581267218,0.966532826423645,0.966532826423645,0.966532826423645,363.0,0.18150000274181366
local,local,,,1,410,data_2000_5_8.5_chordal,val_epoch_task,val,cycle3,,45,,,,,,,,,2000,566.0,62.0,1368.0,4.0,0.9012738853503185,0.9929824561403509,0.9449082016944885,0.9449082016944885,0.9449082016944885,570.0,0.2849999964237213
local,local,,,1,410,data_2000_5_8.5_chordal,val_epoch_task,val,cycle4,,45,,,,,,,,,2000,727.0,156.0,1105.0,12.0,0.8233295583238958,0.9837618403247632,0.8964241743087769,0.8964241743087769,0.8964241743087769,739.0,0.3695000112056732
local,local,,,1,410,data_2000_5_8.5_chordal,val_epoch_task,val,cycle5,,45,,,,,,,,,2000,895.0,212.0,853.0,40.0,0.8084914182475158,0.9572192513368984,0.8765916228294373,0.8765916228294373,0.8765916228294373,935.0,0.4675000011920929
local,local,,,1,410,data_2000_5_8.5_chordal,val_epoch_task,val,cycle6,,45,,,,,,,,,2000,1002.0,178.0,692.0,128.0,0.8491525423728814,0.8867256637168142,0.86753249168396,0.86753249168396,0.8189349174499512,1130.0,0.5649999976158142
local,local,,,1,410,data_2000_5_8.5_chordal,train_epoch,train,,,46,0.1778260958790779,,,,,,,,2000,,,,,,,,,,,
local,local,,,1,410,data_2000_5_8.5_chordal,val_epoch,val,,,46,,0.18249931740760802,0.9222,0.6859999895095825,0.897415611814346,0.9141562581062317,0.9141562581062317,0.9090689420700073,2000,,,,,,,,,,,
local,local,,,1,410,data_2000_5_8.5_chordal,val_epoch_task,val,cycle2,,46,,,,,,,,,2000,363.0,16.0,1621.0,0.0,0.9577836411609498,1.0,0.9784366488456726,0.9784366488456726,0.9784366488456726,363.0,0.18150000274181366
local,local,,,1,410,data_2000_5_8.5_chordal,val_epoch_task,val,cycle3,,46,,,,,,,,,2000,568.0,47.0,1383.0,2.0,0.9235772357723577,0.9964912280701754,0.9586498141288757,0.9586498141288757,0.9586498141288757,570.0,0.2849999964237213
local,local,,,1,410,data_2000_5_8.5_chordal,val_epoch_task,val,cycle4,,46,,,,,,,,,2000,707.0,104.0,1157.0,32.0,0.8717632552404438,0.9566982408660352,0.9122580885887146,0.9122580885887146,0.9122580885887146,739.0,0.3695000112056732
local,local,,,1,410,data_2000_5_8.5_chordal,val_epoch_task,val,cycle5,,46,,,,,,,,,2000,874.0,157.0,908.0,61.0,0.8477206595538312,0.9347593582887701,0.8891149759292603,0.8891149759292603,0.8891149759292603,935.0,0.4675000011920929
local,local,,,1,410,data_2000_5_8.5_chordal,val_epoch_task,val,cycle6,,46,,,,,,,,,2000,891.0,120.0,750.0,239.0,0.8813056379821959,0.7884955752212389,0.8323214054107666,0.8323214054107666,0.8068853616714478,1130.0,0.5649999976158142
local,local,,,1,410,data_2000_5_8.5_chordal,train_epoch,train,,,47,0.17866814289987087,,,,,,,,2000,,,,,,,,,,,
local,local,,,1,410,data_2000_5_8.5_chordal,val_epoch,val,,,47,,0.18660938996076584,0.923,0.6899999976158142,0.9010028284906145,0.9141309857368469,0.9141309857368469,0.9059656858444214,2000,,,,,,,,,,,
local,local,,,1,410,data_2000_5_8.5_chordal,val_epoch_task,val,cycle2,,47,,,,,,,,,2000,362.0,26.0,1611.0,1.0,0.9329896907216495,0.9972451790633609,0.9640479683876038,0.9640479683876038,0.9640479683876038,363.0,0.18150000274181366
local,local,,,1,410,data_2000_5_8.5_chordal,val_epoch_task,val,cycle3,,47,,,,,,,,,2000,568.0,54.0,1376.0,2.0,0.9131832797427653,0.9964912280701754,0.9530201554298401,0.9530201554298401,0.9530201554298401,570.0,0.2849999964237213
local,local,,,1,410,data_2000_5_8.5_chordal,val_epoch_task,val,cycle4,,47,,,,,,,,,2000,730.0,149.0,1112.0,9.0,0.8304891922639362,0.9878213802435724,0.9023485779762268,0.9023485779762268,0.9023485779762268,739.0,0.3695000112056732
local,local,,,1,410,data_2000_5_8.5_chordal,val_epoch_task,val,cycle5,,47,,,,,,,,,2000,874.0,153.0,912.0,61.0,0.8510223953261928,0.9347593582887701,0.8909276127815247,0.8909276127815247,0.8909276127815247,935.0,0.4675000011920929
local,local,,,1,410,data_2000_5_8.5_chordal,val_epoch_task,val,cycle6,,47,,,,,,,,,2000,970.0,155.0,715.0,160.0,0.8622222222222222,0.8584070796460177,0.860310435295105,0.860310435295105,0.8194842338562012,1130.0,0.5649999976158142
local,local,,,1,410,data_2000_5_8.5_chordal,train_epoch,train,,,48,0.18051985001564025,,,,,,,,2000,,,,,,,,,,,
local,local,,,1,410,data_2000_5_8.5_chordal,val_epoch,val,,,48,,0.1979366502761841,0.9183,0.6769999861717224,0.8942120937459537,0.9080864787101746,0.9080864787101746,0.9013946652412415,2000,,,,,,,,,,,
local,local,,,1,410,data_2000_5_8.5_chordal,val_epoch_task,val,cycle2,,48,,,,,,,,,2000,361.0,18.0,1619.0,2.0,0.9525065963060686,0.9944903581267218,0.9730458855628967,0.9730458855628967,0.9730458855628967,363.0,0.18150000274181366
local,local,,,1,410,data_2000_5_8.5_chordal,val_epoch_task,val,cycle3,,48,,,,,,,,,2000,566.0,84.0,1346.0,4.0,0.8707692307692307,0.9929824561403509,0.9278688430786133,0.9278688430786133,0.9278688430786133,570.0,0.2849999964237213
local,local,,,1,410,data_2000_5_8.5_chordal,val_epoch_task,val,cycle4,,48,,,,,,,,,2000,718.0,126.0,1135.0,21.0,0.8507109004739336,0.9715832205683356,0.9071383476257324,0.9071383476257324,0.9071383476257324,739.0,0.3695000112056732
local,local,,,1,410,data_2000_5_8.5_chordal,val_epoch_task,val,cycle5,,48,,,,,,,,,2000,867.0,171.0,894.0,68.0,0.8352601156069365,0.9272727272727272,0.8788646459579468,0.8788646459579468,0.8788646459579468,935.0,0.4675000011920929
local,local,,,1,410,data_2000_5_8.5_chordal,val_epoch_task,val,cycle6,,48,,,,,,,,,2000,941.0,134.0,736.0,189.0,0.8753488372093023,0.8327433628318585,0.8535147905349731,0.8535147905349731,0.8200557231903076,1130.0,0.5649999976158142
local,local,,,1,410,data_2000_5_8.5_chordal,train_epoch,train,,,49,0.17889716351032256,,,,,,,,2000,,,,,,,,,,,
local,local,,,1,410,data_2000_5_8.5_chordal,val_epoch,val,,,49,,0.22248307049274443,0.9085,0.6485000252723694,0.8844259189086775,0.8982225656509399,0.8982225656509399,0.8854231834411621,2000,,,,,,,,,,,
local,local,,,1,410,data_2000_5_8.5_chordal,val_epoch_task,val,cycle2,,49,,,,,,,,,2000,363.0,40.0,1597.0,0.0,0.9007444168734491,1.0,0.9477806687355042,0.9477806687355042,0.9477806687355042,363.0,0.18150000274181366
local,local,,,1,410,data_2000_5_8.5_chordal,val_epoch_task,val,cycle3,,49,,,,,,,,,2000,562.0,54.0,1376.0,8.0,0.9123376623376623,0.9859649122807017,0.9477234482765198,0.9477234482765198,0.9477234482765198,570.0,0.2849999964237213
local,local,,,1,410,data_2000_5_8.5_chordal,val_epoch_task,val,cycle4,,49,,,,,,,,,2000,710.0,167.0,1094.0,29.0,0.8095781071835804,0.9607577807848444,0.8787128925323486,0.8787128925323486,0.8787128925323486,739.0,0.3695000112056732
local,local,,,1,410,data_2000_5_8.5_chordal,val_epoch_task,val,cycle5,,49,,,,,,,,,2000,857.0,196.0,869.0,78.0,0.8138651471984806,0.9165775401069519,0.8621730208396912,0.8621730208396912,0.8621730208396912,935.0,0.4675000011920929
local,local,,,1,410,data_2000_5_8.5_chordal,val_epoch_task,val,cycle6,,49,,,,,,,,,2000,1009.0,222.0,648.0,121.0,0.8196588139723802,0.8929203539823009,0.8547225594520569,0.8547225594520569,0.7907260656356812,1130.0,0.5649999976158142
local,local,,,1,410,data_2000_5_8.5_chordal,train_epoch,train,,,50,0.18461799454689026,,,,,,,,2000,,,,,,,,,,,
local,local,,,1,410,data_2000_5_8.5_chordal,val_epoch,val,,,50,,0.19340125238895417,0.9173,0.6754999756813049,0.8923036853756999,0.9052050709724426,0.9052050709724426,0.8984063863754272,2000,,,,,,,,,,,
local,local,,,1,410,data_2000_5_8.5_chordal,val_epoch_task,val,cycle2,,50,,,,,,,,,2000,363.0,35.0,1602.0,0.0,0.9120603015075377,1.0,0.9540079236030579,0.9540079236030579,0.9540079236030579,363.0,0.18150000274181366
local,local,,,1,410,data_2000_5_8.5_chordal,val_epoch_task,val,cycle3,,50,,,,,,,,,2000,566.0,68.0,1362.0,4.0,0.8927444794952681,0.9929824561403509,0.9401993751525879,0.9401993751525879,0.9401993751525879,570.0,0.2849999964237213
local,local,,,1,410,data_2000_5_8.5_chordal,val_epoch_task,val,cycle4,,50,,,,,,,,,2000,714.0,123.0,1138.0,25.0,0.8530465949820788,0.9661705006765899,0.9060913920402527,0.9060913920402527,0.9060913920402527,739.0,0.3695000112056732
local,local,,,1,410,data_2000_5_8.5_chordal,val_epoch_task,val,cycle5,,50,,,,,,,,,2000,854.0,151.0,914.0,81.0,0.8497512437810946,0.9133689839572192,0.8804123997688293,0.8804123997688293,0.8804123997688293,935.0,0.4675000011920929
local,local,,,1,410,data_2000_5_8.5_chordal,val_epoch_task,val,cycle6,,50,,,,,,,,,2000,929.0,139.0,731.0,201.0,0.8698501872659176,0.8221238938053097,0.8453139066696167,0.8453139066696167,0.8113207221031189,1130.0,0.5649999976158142
local,local,,,1,410,data_2000_5_8.5_chordal,train_epoch,train,,,51,0.1718423711657524,,,,,,,,2000,,,,,,,,,,,
local,local,,,1,410,data_2000_5_8.5_chordal,val_epoch,val,,,51,,0.19105471670627594,0.9215,0.6875,0.8967241152479937,0.9097339510917664,0.9097339510917664,0.9035800099372864,2000,,,,,,,,,,,
local,local,,,1,410,data_2000_5_8.5_chordal,val_epoch_task,val,cycle2,,51,,,,,,,,,2000,363.0,31.0,1606.0,0.0,0.9213197969543148,1.0,0.9590489268302917,0.9590489268302917,0.9590489268302917,363.0,0.18150000274181366
local,local,,,1,410,data_2000_5_8.5_chordal,val_epoch_task,val,cycle3,,51,,,,,,,,,2000,568.0,57.0,1373.0,2.0,0.9088,0.9964912280701754,0.9506276249885559,0.9506276249885559,0.9506276249885559,570.0,0.2849999964237213
local,local,,,1,410,data_2000_5_8.5_chordal,val_epoch_task,val,cycle4,,51,,,,,,,,,2000,682.0,97.0,1164.0,57.0,0.8754813863928113,0.9228687415426252,0.8985506892204285,0.8985506892204285,0.8985506892204285,739.0,0.3695000112056732
local,local,,,1,410,data_2000_5_8.5_chordal,val_epoch_task,val,cycle5,,51,,,,,,,,,2000,866.0,144.0,921.0,69.0,0.8574257425742574,0.9262032085561497,0.8904884457588196,0.8904884457588196,0.8904884457588196,935.0,0.4675000011920929
local,local,,,1,410,data_2000_5_8.5_chordal,val_epoch_task,val,cycle6,,51,,,,,,,,,2000,929.0,127.0,743.0,201.0,0.8797348484848485,0.8221238938053097,0.8499542474746704,0.8499542474746704,0.8191841840744019,1130.0,0.5649999976158142
local,local,,,1,410,data_2000_5_8.5_chordal,train_epoch,train,,,52,0.17369056582450867,,,,,,,,2000,,,,,,,,,,,
local,local,,,1,410,data_2000_5_8.5_chordal,val_epoch,val,,,52,,0.1929836128950119,0.9202,0.6869999766349792,0.898679532757745,0.9121726751327515,0.9121726751327515,0.902606189250946,2000,,,,,,,,,,,
local,local,,,1,410,data_2000_5_8.5_chordal,val_epoch_task,val,cycle2,,52,,,,,,,,,2000,363.0,26.0,1611.0,0.0,0.9331619537275064,1.0,0.9654255509376526,0.9654255509376526,0.9654255509376526,363.0,0.18150000274181366
local,local,,,1,410,data_2000_5_8.5_chordal,val_epoch_task,val,cycle3,,52,,,,,,,,,2000,569.0,65.0,1365.0,1.0,0.8974763406940063,0.9982456140350877,0.945182740688324,0.945182740688324,0.945182740688324,570.0,0.2849999964237213
local,local,,,1,410,data_2000_5_8.5_chordal,val_epoch_task,val,cycle4,,52,,,,,,,,,2000,721.0,130.0,1131.0,18.0,0.8472385428907168,0.9756427604871448,0.9069182872772217,0.9069182872772217,0.9069182872772217,739.0,0.3695000112056732
local,local,,,1,410,data_2000_5_8.5_chordal,val_epoch_task,val,cycle5,,52,,,,,,,,,2000,895.0,203.0,862.0,40.0,0.8151183970856102,0.9572192513368984,0.8804721236228943,0.8804721236228943,0.8804721236228943,935.0,0.4675000011920929
local,local,,,1,410,data_2000_5_8.5_chordal,val_epoch_task,val,cycle6,,52,,,,,,,,,2000,991.0,176.0,694.0,139.0,0.8491859468723222,0.8769911504424779,0.86286461353302,0.86286461353302,0.8150323629379272,1130.0,0.5649999976158142
local,local,,,1,410,data_2000_5_8.5_chordal,train_epoch,train,,,53,0.16723796719312667,,,,,,,,2000,,,,,,,,,,,
local,local,,,1,410,data_2000_5_8.5_chordal,val_epoch,val,,,53,,0.1879530672430992,0.918,0.6700000166893005,0.8933680104031209,0.9076606035232544,0.9076606035232544,0.8998648524284363,2000,,,,,,,,,,,
local,local,,,1,410,data_2000_5_8.5_chordal,val_epoch_task,val,cycle2,,53,,,,,,,,,2000,363.0,27.0,1610.0,0.0,0.9307692307692308,1.0,0.9641433954238892,0.9641433954238892,0.9641433954238892,363.0,0.18150000274181366
local,local,,,1,410,data_2000_5_8.5_chordal,val_epoch_task,val,cycle3,,53,,,,,,,,,2000,565.0,62.0,1368.0,5.0,0.9011164274322169,0.9912280701754386,0.94402676820755,0.94402676820755,0.94402676820755,570.0,0.2849999964237213
local,local,,,1,410,data_2000_5_8.5_chordal,val_epoch_task,val,cycle4,,53,,,,,,,,,2000,711.0,123.0,1138.0,28.0,0.8525179856115108,0.9621109607577808,0.9040050506591797,0.9040050506591797,0.9040050506591797,739.0,0.3695000112056732
local,local,,,1,410,data_2000_5_8.5_chordal,val_epoch_task,val,cycle5,,53,,,,,,,,,2000,852.0,153.0,912.0,83.0,0.8477611940298507,0.9112299465240642,0.8783504962921143,0.8783504962921143,0.8783504962921143,935.0,0.4675000011920929
local,local,,,1,410,data_2000_5_8.5_chordal,val_epoch_task,val,cycle6,,53,,,,,,,,,2000,944.0,153.0,717.0,186.0,0.8605287146763901,0.8353982300884956,0.8477773070335388,0.8477773070335388,0.808798611164093,1130.0,0.5649999976158142
local,local,,,1,410,data_2000_5_8.5_chordal,train_epoch,train,,,54,0.16848952126502992,,,,,,,,2000,,,,,,,,,,,
local,local,,,1,410,data_2000_5_8.5_chordal,val_epoch,val,,,54,,0.1952593470811844,0.9195,0.6840000152587891,0.8979850462552276,0.911888599395752,0.911888599395752,0.903035044670105,2000,,,,,,,,,,,
local,local,,,1,410,data_2000_5_8.5_chordal,val_epoch_task,val,cycle2,,54,,,,,,,,,2000,363.0,24.0,1613.0,0.0,0.937984496124031,1.0,0.9679999947547913,0.9679999947547913,0.9679999947547913,363.0,0.18150000274181366
local,local,,,1,410,data_2000_5_8.5_chordal,val_epoch_task,val,cycle3,,54,,,,,,,,,2000,569.0,57.0,1373.0,1.0,0.9089456869009584,0.9982456140350877,0.9515050053596497,0.9515050053596497,0.9515050053596497,570.0,0.2849999964237213
local,local,,,1,410,data_2000_5_8.5_chordal,val_epoch_task,val,cycle4,,54,,,,,,,,,2000,713.0,145.0,1116.0,26.0,0.831002331002331,0.9648173207036536,0.8929242491722107,0.8929242491722107,0.8929242491722107,739.0,0.3695000112056732
local,local,,,1,410,data_2000_5_8.5_chordal,val_epoch_task,val,cycle5,,54,,,,,,,,,2000,913.0,220.0,845.0,22.0,0.8058252427184466,0.9764705882352941,0.8829787373542786,0.8829787373542786,0.8829787373542786,935.0,0.4675000011920929
local,local,,,1,410,data_2000_5_8.5_chordal,val_epoch_task,val,cycle6,,54,,,,,,,,,2000,985.0,165.0,705.0,145.0,0.8565217391304348,0.8716814159292036,0.8640350699424744,0.8640350699424744,0.819767415523529,1130.0,0.5649999976158142
local,local,,,1,410,data_2000_5_8.5_chordal,train_epoch,train,,,55,0.16553919053077698,,,,,,,,2000,,,,,,,,,,,
local,local,,,1,410,data_2000_5_8.5_chordal,val_epoch,val,,,55,,0.24149734616279603,0.9041,0.6309999823570251,0.8838279830405814,0.8997229337692261,0.8997229337692261,0.8804678916931152,2000,,,,,,,,,,,
local,local,,,1,410,data_2000_5_8.5_chordal,val_epoch_task,val,cycle2,,55,,,,,,,,,2000,363.0,24.0,1613.0,0.0,0.937984496124031,1.0,0.9679999947547913,0.9679999947547913,0.9679999947547913,363.0,0.18150000274181366
local,local,,,1,410,data_2000_5_8.5_chordal,val_epoch_task,val,cycle3,,55,,,,,,,,,2000,567.0,82.0,1348.0,3.0,0.8736517719568567,0.9947368421052631,0.9302706718444824,0.9302706718444824,0.9302706718444824,570.0,0.2849999964237213
local,local,,,1,410,data_2000_5_8.5_chordal,val_epoch_task,val,cycle4,,55,,,,,,,,,2000,732.0,187.0,1074.0,7.0,0.7965179542981502,0.9905277401894452,0.8829915523529053,0.8829915523529053,0.8829915523529053,739.0,0.3695000112056732
local,local,,,1,410,data_2000_5_8.5_chordal,val_epoch_task,val,cycle5,,55,,,,,,,,,2000,922.0,277.0,788.0,13.0,0.7689741451209341,0.986096256684492,0.8641048669815063,0.8641048669815063,0.8641048669815063,935.0,0.4675000011920929
local,local,,,1,410,data_2000_5_8.5_chordal,val_epoch_task,val,cycle6,,55,,,,,,,,,2000,1064.0,300.0,570.0,66.0,0.7800586510263929,0.9415929203539823,0.8532477617263794,0.8532477617263794,0.7569721341133118,1130.0,0.5649999976158142
local,local,,,1,410,data_2000_5_8.5_chordal,train_epoch,train,,,56,0.20645876055955886,,,,,,,,2000,,,,,,,,,,,
local,local,,,1,410,data_2000_5_8.5_chordal,val_epoch,val,,,56,,0.19993519562482834,0.9175,0.6794999837875366,0.8946225571592797,0.9048465490341187,0.9048465490341187,0.8953378796577454,2000,,,,,,,,,,,
local,local,,,1,410,data_2000_5_8.5_chordal,val_epoch_task,val,cycle2,,56,,,,,,,,,2000,362.0,46.0,1591.0,1.0,0.8872549019607843,0.9972451790633609,0.9390402436256409,0.9390402436256409,0.9390402436256409,363.0,0.18150000274181366
local,local,,,1,410,data_2000_5_8.5_chordal,val_epoch_task,val,cycle3,,56,,,,,,,,,2000,565.0,62.0,1368.0,5.0,0.9011164274322169,0.9912280701754386,0.94402676820755,0.94402676820755,0.94402676820755,570.0,0.2849999964237213
local,local,,,1,410,data_2000_5_8.5_chordal,val_epoch_task,val,cycle4,,56,,,,,,,,,2000,712.0,144.0,1117.0,27.0,0.8317757009345794,0.9634641407307172,0.892789900302887,0.892789900302887,0.892789900302887,739.0,0.3695000112056732
local,local,,,1,410,data_2000_5_8.5_chordal,val_epoch_task,val,cycle5,,56,,,,,,,,,2000,870.0,163.0,902.0,65.0,0.8422071636011617,0.93048128342246,0.8841463923454285,0.8841463923454285,0.8841463923454285,935.0,0.4675000011920929
local,local,,,1,410,data_2000_5_8.5_chordal,val_epoch_task,val,cycle6,,56,,,,,,,,,2000,993.0,175.0,695.0,137.0,0.8501712328767124,0.8787610619469026,0.8642297983169556,0.8642297983169556,0.81668621301651,1130.0,0.5649999976158142
local,local,,,1,410,data_2000_5_8.5_chordal,train_epoch,train,,,57,0.1816822109222412,,,,,,,,2000,,,,,,,,,,,
local,local,,,1,410,data_2000_5_8.5_chordal,val_epoch,val,,,57,,0.1907979330420494,0.9195,0.6694999933242798,0.8992364501189134,0.9137462377548218,0.9137462377548218,0.8986364603042603,2000,,,,,,,,,,,
local,local,,,1,410,data_2000_5_8.5_chordal,val_epoch_task,val,cycle2,,57,,,,,,,,,2000,362.0,22.0,1615.0,1.0,0.9427083333333334,0.9972451790633609,0.969210147857666,0.969210147857666,0.969210147857666,363.0,0.18150000274181366
local,local,,,1,410,data_2000_5_8.5_chordal,val_epoch_task,val,cycle3,,57,,,,,,,,,2000,570.0,59.0,1371.0,0.0,0.9062003179650239,1.0,0.9507923126220703,0.9507923126220703,0.9507923126220703,570.0,0.2849999964237213
local,local,,,1,410,data_2000_5_8.5_chordal,val_epoch_task,val,cycle4,,57,,,,,,,,,2000,731.0,161.0,1100.0,8.0,0.8195067264573991,0.9891745602165088,0.8963825702667236,0.8963825702667236,0.8963825702667236,739.0,0.3695000112056732
local,local,,,1,410,data_2000_5_8.5_chordal,val_epoch_task,val,cycle5,,57,,,,,,,,,2000,890.0,166.0,899.0,45.0,0.8428030303030303,0.9518716577540107,0.894023060798645,0.894023060798645,0.894023060798645,935.0,0.4675000011920929
local,local,,,1,410,data_2000_5_8.5_chordal,val_epoch_task,val,cycle6,,57,,,,,,,,,2000,1039.0,252.0,618.0,91.0,0.8048024786986832,0.9194690265486726,0.8583229780197144,0.8583229780197144,0.7827739119529724,1130.0,0.5649999976158142
local,local,,,1,410,data_2000_5_8.5_chordal,train_epoch,train,,,58,0.17735551869869232,,,,,,,,2000,,,,,,,,,,,
local,local,,,1,410,data_2000_5_8.5_chordal,val_epoch,val,,,58,,0.1979869076013565,0.9157,0.671500027179718,0.8956295654327101,0.9118614196777344,0.9118614196777344,0.8958894610404968,2000,,,,,,,,,,,
local,local,,,1,410,data_2000_5_8.5_chordal,val_epoch_task,val,cycle2,,58,,,,,,,,,2000,363.0,18.0,1619.0,0.0,0.952755905511811,1.0,0.975806474685669,0.975806474685669,0.975806474685669,363.0,0.18150000274181366
local,local,,,1,410,data_2000_5_8.5_chordal,val_epoch_task,val,cycle3,,58,,,,,,,,,2000,566.0,53.0,1377.0,4.0,0.9143780290791599,0.9929824561403509,0.9520605206489563,0.9520605206489563,0.9520605206489563,570.0,0.2849999964237213
local,local,,,1,410,data_2000_5_8.5_chordal,val_epoch_task,val,cycle4,,58,,,,,,,,,2000,727.0,163.0,1098.0,12.0,0.8168539325842696,0.9837618403247632,0.8925721645355225,0.8925721645355225,0.8925721645355225,739.0,0.3695000112056732
local,local,,,1,410,data_2000_5_8.5_chordal,val_epoch_task,val,cycle5,,58,,,,,,,,,2000,910.0,226.0,839.0,25.0,0.801056338028169,0.9732620320855615,0.878802478313446,0.878802478313446,0.878802478313446,935.0,0.4675000011920929
local,local,,,1,410,data_2000_5_8.5_chordal,val_epoch_task,val,cycle6,,58,,,,,,,,,2000,1051.0,263.0,607.0,79.0,0.799847792998478,0.9300884955752212,0.8600654602050781,0.8600654602050781,0.7802057266235352,1130.0,0.5649999976158142
local,local,,,1,410,data_2000_5_8.5_chordal,train_epoch,train,,,59,0.17636595797538757,,,,,,,,2000,,,,,,,,,,,
local,local,,,1,410,data_2000_5_8.5_chordal,val_epoch,val,,,59,,0.20139360344409943,0.9176,0.6759999990463257,0.8942505133470225,0.9050217866897583,0.9050217866897583,0.895810604095459,2000,,,,,,,,,,,
local,local,,,1,410,data_2000_5_8.5_chordal,val_epoch_task,val,cycle2,,59,,,,,,,,,2000,363.0,38.0,1599.0,0.0,0.9052369077306733,1.0,0.9502617716789246,0.9502617716789246,0.9502617716789246,363.0,0.18150000274181366
local,local,,,1,410,data_2000_5_8.5_chordal,val_epoch_task,val,cycle3,,59,,,,,,,,,2000,568.0,74.0,1356.0,2.0,0.8847352024922118,0.9964912280701754,0.9372937083244324,0.9372937083244324,0.9372937083244324,570.0,0.2849999964237213
local,local,,,1,410,data_2000_5_8.5_chordal,val_epoch_task,val,cycle4,,59,,,,,,,,,2000,695.0,126.0,1135.0,44.0,0.8465286236297198,0.9404600811907984,0.8910256624221802,0.8910256624221802,0.8910256624221802,739.0,0.3695000112056732
local,local,,,1,410,data_2000_5_8.5_chordal,val_epoch_task,val,cycle5,,59,,,,,,,,,2000,854.0,163.0,902.0,81.0,0.839724680432645,0.9133689839572192,0.875,0.875,0.875,935.0,0.4675000011920929
local,local,,,1,410,data_2000_5_8.5_chordal,val_epoch_task,val,cycle6,,59,,,,,,,,,2000,1004.0,170.0,700.0,126.0,0.8551959114139693,0.8884955752212389,0.8715278506278992,0.8715278506278992,0.8254717588424683,1130.0,0.5649999976158142
local,local,,,1,410,data_2000_5_8.5_chordal,train_epoch,train,,,60,0.17864888867735862,,,,,,,,2000,,,,,,,,,,,
local,local,,,1,410,data_2000_5_8.5_chordal,val_epoch,val,,,60,,0.20040980350971221,0.9167,0.6664999723434448,0.8929443516257551,0.9065521955490112,0.9065521955490112,0.896928608417511,2000,,,,,,,,,,,
local,local,,,1,410,data_2000_5_8.5_chordal,val_epoch_task,val,cycle2,,60,,,,,,,,,2000,363.0,20.0,1617.0,0.0,0.9477806788511749,1.0,0.9731903672218323,0.9731903672218323,0.9731903672218323,363.0,0.18150000274181366
local,local,,,1,410,data_2000_5_8.5_chordal,val_epoch_task,val,cycle3,,60,,,,,,,,,2000,569.0,84.0,1346.0,1.0,0.8713629402756509,0.9982456140350877,0.9304987192153931,0.9304987192153931,0.9304987192153931,570.0,0.2849999964237213
local,local,,,1,410,data_2000_5_8.5_chordal,val_epoch_task,val,cycle4,,60,,,,,,,,,2000,673.0,106.0,1155.0,66.0,0.8639281129653402,0.9106901217861976,0.886693000793457,0.886693000793457,0.886693000793457,739.0,0.3695000112056732
local,local,,,1,410,data_2000_5_8.5_chordal,val_epoch_task,val,cycle5,,60,,,,,,,,,2000,880.0,183.0,882.0,55.0,0.8278457196613358,0.9411764705882353,0.8808808326721191,0.8808808326721191,0.8808808326721191,935.0,0.4675000011920929
local,local,,,1,410,data_2000_5_8.5_chordal,val_epoch_task,val,cycle6,,60,,,,,,,,,2000,989.0,177.0,693.0,141.0,0.8481989708404802,0.8752212389380531,0.861498236656189,0.861498236656189,0.813380241394043,1130.0,0.5649999976158142
local,local,,,1,410,data_2000_5_8.5_chordal,train_epoch,train,,,61,0.16257161474227905,,,,,,,,2000,,,,,,,,,,,
local,local,,,1,410,data_2000_5_8.5_chordal,val_epoch,val,,,61,,0.21448028457164764,0.9139,0.6635000109672546,0.8938740293356341,0.9066840410232544,0.9066840410232544,0.8934401273727417,2000,,,,,,,,,,,
local,local,,,1,410,data_2000_5_8.5_chordal,val_epoch_task,val,cycle2,,61,,,,,,,,,2000,363.0,37.0,1600.0,0.0,0.9075,1.0,0.9515072107315063,0.9515072107315063,0.9515072107315063,363.0,0.18150000274181366
local,local,,,1,410,data_2000_5_8.5_chordal,val_epoch_task,val,cycle3,,61,,,,,,,,,2000,570.0,54.0,1376.0,0.0,0.9134615384615384,1.0,0.9547739028930664,0.9547739028930664,0.9547739028930664,570.0,0.2849999964237213
local,local,,,1,410,data_2000_5_8.5_chordal,val_epoch_task,val,cycle4,,61,,,,,,,,,2000,727.0,178.0,1083.0,12.0,0.8033149171270718,0.9837618403247632,0.8844282627105713,0.8844282627105713,0.8844282627105713,739.0,0.3695000112056732
local,local,,,1,410,data_2000_5_8.5_chordal,val_epoch_task,val,cycle5,,61,,,,,,,,,2000,913.0,251.0,814.0,22.0,0.7843642611683849,0.9764705882352941,0.86993807554245,0.86993807554245,0.86993807554245,935.0,0.4675000011920929
local,local,,,1,410,data_2000_5_8.5_chordal,val_epoch_task,val,cycle6,,61,,,,,,,,,2000,1053.0,230.0,640.0,77.0,0.8207326578332035,0.9318584070796461,0.8727724552154541,0.8727724552154541,0.8065531849861145,1130.0,0.5649999976158142
local,local,,,1,410,data_2000_5_8.5_chordal,train_epoch,train,,,62,0.16449442583322524,,,,,,,,2000,,,,,,,,,,,
local,local,,,1,410,data_2000_5_8.5_chordal,val_epoch,val,,,62,,0.18940020245313643,0.9255,0.7055000066757202,0.9042785558268019,0.9181023836135864,0.9181023836135864,0.9085466265678406,2000,,,,,,,,,,,
local,local,,,1,410,data_2000_5_8.5_chordal,val_epoch_task,val,cycle2,,62,,,,,,,,,2000,362.0,24.0,1613.0,1.0,0.9378238341968912,0.9972451790633609,0.9666221737861633,0.9666221737861633,0.9666221737861633,363.0,0.18150000274181366
local,local,,,1,410,data_2000_5_8.5_chordal,val_epoch_task,val,cycle3,,62,,,,,,,,,2000,556.0,37.0,1393.0,14.0,0.9376053962900506,0.9754385964912281,0.9561479091644287,0.9561479091644287,0.9561479091644287,570.0,0.2849999964237213
local,local,,,1,410,data_2000_5_8.5_chordal,val_epoch_task,val,cycle4,,62,,,,,,,,,2000,711.0,107.0,1154.0,28.0,0.8691931540342298,0.9621109607577808,0.9132947325706482,0.9132947325706482,0.9132947325706482,739.0,0.3695000112056732
local,local,,,1,410,data_2000_5_8.5_chordal,val_epoch_task,val,cycle5,,62,,,,,,,,,2000,902.0,183.0,882.0,33.0,0.8313364055299539,0.9647058823529412,0.893069326877594,0.893069326877594,0.893069326877594,935.0,0.4675000011920929
local,local,,,1,410,data_2000_5_8.5_chordal,val_epoch_task,val,cycle6,,62,,,,,,,,,2000,988.0,176.0,694.0,142.0,0.8487972508591065,0.8743362831858407,0.8613775372505188,0.8613775372505188,0.8135990500450134,1130.0,0.5649999976158142
local,local,,,1,410,data_2000_5_8.5_chordal,train_epoch,train,,,63,0.16525797617435456,,,,,,,,2000,,,,,,,,,,,
local,local,,,1,410,data_2000_5_8.5_chordal,val_epoch,val,,,63,,0.18692303436994553,0.9219,0.6899999976158142,0.9003445195865765,0.911877453327179,0.911877453327179,0.9031757116317749,2000,,,,,,,,,,,
local,local,,,1,410,data_2000_5_8.5_chordal,val_epoch_task,val,cycle2,,63,,,,,,,,,2000,363.0,36.0,1601.0,0.0,0.9097744360902256,1.0,0.952755868434906,0.952755868434906,0.952755868434906,363.0,0.18150000274181366
local,local,,,1,410,data_2000_5_8.5_chordal,val_epoch_task,val,cycle3,,63,,,,,,,,,2000,570.0,68.0,1362.0,0.0,0.8934169278996865,1.0,0.9437086582183838,0.9437086582183838,0.9437086582183838,570.0,0.2849999964237213
local,local,,,1,410,data_2000_5_8.5_chordal,val_epoch_task,val,cycle4,,63,,,,,,,,,2000,724.0,122.0,1139.0,15.0,0.8557919621749409,0.979702300405954,0.9135646224021912,0.9135646224021912,0.9135646224021912,739.0,0.3695000112056732
local,local,,,1,410,data_2000_5_8.5_chordal,val_epoch_task,val,cycle5,,63,,,,,,,,,2000,892.0,183.0,882.0,43.0,0.8297674418604651,0.9540106951871657,0.8875621557235718,0.8875621557235718,0.8875621557235718,935.0,0.4675000011920929
local,local,,,1,410,data_2000_5_8.5_chordal,val_epoch_task,val,cycle6,,63,,,,,,,,,2000,979.0,163.0,707.0,151.0,0.8572679509632224,0.8663716814159292,0.8617957234382629,0.8617957234382629,0.8182870745658875,1130.0,0.5649999976158142
local,local,,,1,410,data_2000_5_8.5_chordal,train_epoch,train,,,64,0.1716542629003525,,,,,,,,2000,,,,,,,,,,,
local,local,,,1,410,data_2000_5_8.5_chordal,val_epoch,val,,,64,,0.18908893060684204,0.925,0.6984999775886536,0.9040675364543361,0.9173736572265625,0.9173736572265625,0.9068778157234192,2000,,,,,,,,,,,
local,local,,,1,410,data_2000_5_8.5_chordal,val_epoch_task,val,cycle2,,64,,,,,,,,,2000,363.0,17.0,1620.0,0.0,0.9552631578947368,1.0,0.9771198034286499,0.9771198034286499,0.9771198034286499,363.0,0.18150000274181366
local,local,,,1,410,data_2000_5_8.5_chordal,val_epoch_task,val,cycle3,,64,,,,,,,,,2000,567.0,65.0,1365.0,3.0,0.8971518987341772,0.9947368421052631,0.9434276223182678,0.9434276223182678,0.9434276223182678,570.0,0.2849999964237213
local,local,,,1,410,data_2000_5_8.5_chordal,val_epoch_task,val,cycle4,,64,,,,,,,,,2000,697.0,108.0,1153.0,42.0,0.8658385093167702,0.9431664411366711,0.9028497338294983,0.9028497338294983,0.9028497338294983,739.0,0.3695000112056732
local,local,,,1,410,data_2000_5_8.5_chordal,val_epoch_task,val,cycle5,,64,,,,,,,,,2000,884.0,167.0,898.0,51.0,0.8411037107516651,0.9454545454545454,0.8902316093444824,0.8902316093444824,0.8902316093444824,935.0,0.4675000011920929
local,local,,,1,410,data_2000_5_8.5_chordal,val_epoch_task,val,cycle6,,64,,,,,,,,,2000,1023.0,190.0,680.0,107.0,0.843363561417972,0.9053097345132743,0.8732394576072693,0.8732394576072693,0.8207604289054871,1130.0,0.5649999976158142
local,local,,,1,410,data_2000_5_8.5_chordal,train_epoch,train,,,65,0.16265893065929413,,,,,,,,2000,,,,,,,,,,,
local,local,,,1,410,data_2000_5_8.5_chordal,val_epoch,val,,,65,,0.17973024988174438,0.9202,0.6819999814033508,0.8945560253699788,0.9106335639953613,0.9106335639953613,0.9044725298881531,2000,,,,,,,,,,,
local,local,,,1,410,data_2000_5_8.5_chordal,val_epoch_task,val,cycle2,,65,,,,,,,,,2000,362.0,20.0,1617.0,1.0,0.9476439790575916,0.9972451790633609,0.9718121290206909,0.9718121290206909,0.9718121290206909,363.0,0.18150000274181366
local,local,,,1,410,data_2000_5_8.5_chordal,val_epoch_task,val,cycle3,,65,,,,,,,,,2000,565.0,40.0,1390.0,5.0,0.9338842975206612,0.9912280701754386,0.9617021083831787,0.9617021083831787,0.9617021083831787,570.0,0.2849999964237213
local,local,,,1,410,data_2000_5_8.5_chordal,val_epoch_task,val,cycle4,,65,,,,,,,,,2000,718.0,135.0,1126.0,21.0,0.8417350527549824,0.9715832205683356,0.9020100831985474,0.9020100831985474,0.9020100831985474,739.0,0.3695000112056732
local,local,,,1,410,data_2000_5_8.5_chordal,val_epoch_task,val,cycle5,,65,,,,,,,,,2000,814.0,123.0,942.0,121.0,0.8687299893276414,0.8705882352941177,0.8696581125259399,0.8696581125259399,0.8696581125259399,935.0,0.4675000011920929
local,local,,,1,410,data_2000_5_8.5_chordal,val_epoch_task,val,cycle6,,65,,,,,,,,,2000,926.0,128.0,742.0,204.0,0.8785578747628083,0.8194690265486726,0.8479853868484497,0.8479853868484497,0.8171806335449219,1130.0,0.5649999976158142
local,local,,,1,410,data_2000_5_8.5_chordal,train_epoch,train,,,66,0.15921602529287338,,,,,,,,2000,,,,,,,,,,,
local,local,,,1,410,data_2000_5_8.5_chordal,val_epoch,val,,,66,,0.18973302406072617,0.9213,0.6875,0.8984385081946058,0.9142134785652161,0.9142134785652161,0.903011679649353,2000,,,,,,,,,,,
local,local,,,1,410,data_2000_5_8.5_chordal,val_epoch_task,val,cycle2,,66,,,,,,,,,2000,363.0,18.0,1619.0,0.0,0.952755905511811,1.0,0.975806474685669,0.975806474685669,0.975806474685669,363.0,0.18150000274181366
local,local,,,1,410,data_2000_5_8.5_chordal,val_epoch_task,val,cycle3,,66,,,,,,,,,2000,556.0,38.0,1392.0,14.0,0.936026936026936,0.9754385964912281,0.955326497554779,0.955326497554779,0.955326497554779,570.0,0.2849999964237213
local,local,,,1,410,data_2000_5_8.5_chordal,val_epoch_task,val,cycle4,,66,,,,,,,,,2000,720.0,125.0,1136.0,19.0,0.8520710059171598,0.9742895805142084,0.9090908765792847,0.9090908765792847,0.9090908765792847,739.0,0.3695000112056732
local,local,,,1,410,data_2000_5_8.5_chordal,val_epoch_task,val,cycle5,,66,,,,,,,,,2000,828.0,150.0,915.0,107.0,0.8466257668711656,0.8855614973262033,0.8656560182571411,0.8656560182571411,0.8656560182571411,935.0,0.4675000011920929
local,local,,,1,410,data_2000_5_8.5_chordal,val_epoch_task,val,cycle6,,66,,,,,,,,,2000,1014.0,200.0,670.0,116.0,0.8352553542009885,0.8973451327433628,0.8651877045631409,0.8651877045631409,0.8091787695884705,1130.0,0.5649999976158142
local,local,,,1,410,data_2000_5_8.5_chordal,train_epoch,train,,,67,0.16041973555088043,,,,,,,,2000,,,,,,,,,,,
local,local,,,1,410,data_2000_5_8.5_chordal,val_epoch,val,,,67,,0.22759804248809815,0.8982,0.6269999742507935,0.857781503213188,0.87635338306427,0.87635338306427,0.8751901388168335,2000,,,,,,,,,,,
local,local,,,1,410,data_2000_5_8.5_chordal,val_epoch_task,val,cycle2,,67,,,,,,,,,2000,363.0,24.0,1613.0,0.0,0.937984496124031,1.0,0.9679999947547913,0.9679999947547913,0.9679999947547913,363.0,0.18150000274181366
local,local,,,1,410,data_2000_5_8.5_chordal,val_epoch_task,val,cycle3,,67,,,,,,,,,2000,569.0,89.0,1341.0,1.0,0.8647416413373861,0.9982456140350877,0.9267100095748901,0.9267100095748901,0.9267100095748901,570.0,0.2849999964237213
local,local,,,1,410,data_2000_5_8.5_chordal,val_epoch_task,val,cycle4,,67,,,,,,,,,2000,657.0,97.0,1164.0,82.0,0.8713527851458885,0.8890392422192152,0.8801071643829346,0.8801071643829346,0.8801071643829346,739.0,0.3695000112056732
local,local,,,1,410,data_2000_5_8.5_chordal,val_epoch_task,val,cycle5,,67,,,,,,,,,2000,667.0,56.0,1009.0,268.0,0.9225449515905948,0.7133689839572193,0.8045838475227356,0.8045838475227356,0.8045838475227356,935.0,0.4675000011920929
local,local,,,1,410,data_2000_5_8.5_chordal,val_epoch_task,val,cycle6,,67,,,,,,,,,2000,814.0,85.0,785.0,316.0,0.9054505005561735,0.720353982300885,0.8023657202720642,0.8023657202720642,0.7965499758720398,1130.0,0.5649999976158142
local,local,,,1,410,data_2000_5_8.5_chordal,train_epoch,train,,,68,0.18196805500984192,,,,,,,,2000,,,,,,,,,,,
local,local,,,1,410,data_2000_5_8.5_chordal,val_epoch,val,,,68,,0.2044124709367752,0.91,0.6524999737739563,0.8862774829416223,0.89915531873703,0.89915531873703,0.8876053094863892,2000,,,,,,,,,,,
local,local,,,1,410,data_2000_5_8.5_chordal,val_epoch_task,val,cycle2,,68,,,,,,,,,2000,361.0,26.0,1611.0,2.0,0.9328165374677002,0.9944903581267218,0.9626666903495789,0.9626666903495789,0.9626666903495789,363.0,0.18150000274181366
local,local,,,1,410,data_2000_5_8.5_chordal,val_epoch_task,val,cycle3,,68,,,,,,,,,2000,570.0,97.0,1333.0,0.0,0.8545727136431784,1.0,0.92158442735672,0.92158442735672,0.92158442735672,570.0,0.2849999964237213
local,local,,,1,410,data_2000_5_8.5_chordal,val_epoch_task,val,cycle4,,68,,,,,,,,,2000,737.0,201.0,1060.0,2.0,0.7857142857142857,0.9972936400541272,0.8789505362510681,0.8789505362510681,0.8789505362510681,739.0,0.3695000112056732
local,local,,,1,410,data_2000_5_8.5_chordal,val_epoch_task,val,cycle5,,68,,,,,,,,,2000,837.0,141.0,924.0,98.0,0.8558282208588958,0.895187165775401,0.875065267086029,0.875065267086029,0.875065267086029,935.0,0.4675000011920929
local,local,,,1,410,data_2000_5_8.5_chordal,val_epoch_task,val,cycle6,,68,,,,,,,,,2000,1002.0,205.0,665.0,128.0,0.8301574150787076,0.8867256637168142,0.8575096726417542,0.8575096726417542,0.7997595071792603,1130.0,0.5649999976158142
local,local,,,1,410,data_2000_5_8.5_chordal,train_epoch,train,,,69,0.1585316557586193,,,,,,,,2000,,,,,,,,,,,
local,local,,,1,410,data_2000_5_8.5_chordal,val_epoch,val,,,69,,0.18230942475795747,0.9231,0.6934999823570251,0.9005045930909562,0.9156088829040527,0.9156088829040527,0.9065209627151489,2000,,,,,,,,,,,
local,local,,,1,410,data_2000_5_8.5_chordal,val_epoch_task,val,cycle2,,69,,,,,,,,,2000,363.0,21.0,1616.0,0.0,0.9453125,1.0,0.9718875288963318,0.9718875288963318,0.9718875288963318,363.0,0.18150000274181366
local,local,,,1,410,data_2000_5_8.5_chordal,val_epoch_task,val,cycle3,,69,,,,,,,,,2000,569.0,48.0,1382.0,1.0,0.9222042139384117,0.9982456140350877,0.9587194919586182,0.9587194919586182,0.9587194919586182,570.0,0.2849999964237213
local,local,,,1,410,data_2000_5_8.5_chordal,val_epoch_task,val,cycle4,,69,,,,,,,,,2000,707.0,122.0,1139.0,32.0,0.8528347406513872,0.9566982408660352,0.9017857313156128,0.9017857313156128,0.9017857313156128,739.0,0.3695000112056732
local,local,,,1,410,data_2000_5_8.5_chordal,val_epoch_task,val,cycle5,,69,,,,,,,,,2000,884.0,149.0,916.0,51.0,0.8557599225556631,0.9454545454545454,0.8983739614486694,0.8983739614486694,0.8983739614486694,935.0,0.4675000011920929
local,local,,,1,410,data_2000_5_8.5_chordal,val_epoch_task,val,cycle6,,69,,,,,,,,,2000,957.0,172.0,698.0,173.0,0.8476527900797166,0.8469026548672567,0.8472775220870972,0.8472775220870972,0.8018379807472229,1130.0,0.5649999976158142
local,local,,,1,410,data_2000_5_8.5_chordal,train_epoch,train,,,70,0.15897054433822633,,,,,,,,2000,,,,,,,,,,,
local,local,,,1,410,data_2000_5_8.5_chordal,val_epoch,val,,,70,,0.1934909968972206,0.922,0.6909999847412109,0.8979858749673032,0.9114652872085571,0.9114652872085571,0.9034808874130249,2000,,,,,,,,,,,
local,local,,,1,410,data_2000_5_8.5_chordal,val_epoch_task,val,cycle2,,70,,,,,,,,,2000,362.0,25.0,1612.0,1.0,0.9354005167958657,0.9972451790633609,0.9653333425521851,0.9653333425521851,0.9653333425521851,363.0,0.18150000274181366
local,local,,,1,410,data_2000_5_8.5_chordal,val_epoch_task,val,cycle3,,70,,,,,,,,,2000,546.0,43.0,1387.0,24.0,0.9269949066213922,0.9578947368421052,0.9421915411949158,0.9421915411949158,0.9421915411949158,570.0,0.2849999964237213
local,local,,,1,410,data_2000_5_8.5_chordal,val_epoch_task,val,cycle4,,70,,,,,,,,,2000,707.0,112.0,1149.0,32.0,0.8632478632478633,0.9566982408660352,0.9075738191604614,0.9075738191604614,0.9075738191604614,739.0,0.3695000112056732
local,local,,,1,410,data_2000_5_8.5_chordal,val_epoch_task,val,cycle5,,70,,,,,,,,,2000,856.0,143.0,922.0,79.0,0.8568568568568569,0.9155080213903743,0.8852120637893677,0.8852120637893677,0.8852120637893677,935.0,0.4675000011920929
local,local,,,1,410,data_2000_5_8.5_chordal,val_epoch_task,val,cycle6,,70,,,,,,,,,2000,962.0,153.0,717.0,168.0,0.862780269058296,0.8513274336283185,0.8570155501365662,0.8570155501365662,0.8170940279960632,1130.0,0.5649999976158142
local,local,,,1,410,data_2000_5_8.5_chordal,train_epoch,train,,,71,0.15239353108406067,,,,,,,,2000,,,,,,,,,,,
local,local,,,1,410,data_2000_5_8.5_chordal,val_epoch,val,,,71,,0.20685867935419083,0.9179,0.6804999709129333,0.8965864718478398,0.9097394943237305,0.9097394943237305,0.8936395645141602,2000,,,,,,,,,,,
local,local,,,1,410,data_2000_5_8.5_chordal,val_epoch_task,val,cycle2,,71,,,,,,,,,2000,361.0,23.0,1614.0,2.0,0.9401041666666666,0.9944903581267218,0.966532826423645,0.966532826423645,0.966532826423645,363.0,0.18150000274181366
local,local,,,1,410,data_2000_5_8.5_chordal,val_epoch_task,val,cycle3,,71,,,,,,,,,2000,559.0,62.0,1368.0,11.0,0.9001610305958132,0.980701754385965,0.9387069940567017,0.9387069940567017,0.9387069940567017,570.0,0.2849999964237213
local,local,,,1,410,data_2000_5_8.5_chordal,val_epoch_task,val,cycle4,,71,,,,,,,,,2000,674.0,111.0,1150.0,65.0,0.8585987261146497,0.912043301759134,0.8845143914222717,0.8845143914222717,0.8845143914222717,739.0,0.3695000112056732
local,local,,,1,410,data_2000_5_8.5_chordal,val_epoch_task,val,cycle5,,71,,,,,,,,,2000,908.0,182.0,883.0,27.0,0.8330275229357799,0.9711229946524064,0.896790087223053,0.896790087223053,0.896790087223053,935.0,0.4675000011920929
local,local,,,1,410,data_2000_5_8.5_chordal,val_epoch_task,val,cycle6,,71,,,,,,,,,2000,1057.0,265.0,605.0,73.0,0.7995461422087746,0.9353982300884955,0.8621533513069153,0.8621533513069153,0.7816537618637085,1130.0,0.5649999976158142
local,local,,,1,410,data_2000_5_8.5_chordal,train_epoch,train,,,72,0.1609502158164978,,,,,,,,2000,,,,,,,,,,,
local,local,,,1,410,data_2000_5_8.5_chordal,val_epoch,val,,,72,,0.19156590980291366,0.9281,0.7020000219345093,0.9078795643818065,0.91962730884552,0.91962730884552,0.90948885679245,2000,,,,,,,,,,,
local,local,,,1,410,data_2000_5_8.5_chordal,val_epoch_task,val,cycle2,,72,,,,,,,,,2000,363.0,22.0,1615.0,0.0,0.9428571428571428,1.0,0.9705882668495178,0.9705882668495178,0.9705882668495178,363.0,0.18150000274181366
local,local,,,1,410,data_2000_5_8.5_chordal,val_epoch_task,val,cycle3,,72,,,,,,,,,2000,562.0,53.0,1377.0,8.0,0.9138211382113821,0.9859649122807017,0.9485232830047607,0.9485232830047607,0.9485232830047607,570.0,0.2849999964237213
local,local,,,1,410,data_2000_5_8.5_chordal,val_epoch_task,val,cycle4,,72,,,,,,,,,2000,682.0,97.0,1164.0,57.0,0.8754813863928113,0.9228687415426252,0.8985506892204285,0.8985506892204285,0.8985506892204285,739.0,0.3695000112056732
local,local,,,1,410,data_2000_5_8.5_chordal,val_epoch_task,val,cycle5,,72,,,,,,,,,2000,907.0,168.0,897.0,28.0,0.8437209302325581,0.9700534759358289,0.9024876356124878,0.9024876356124878,0.9024876356124878,935.0,0.4675000011920929
local,local,,,1,410,data_2000_5_8.5_chordal,val_epoch_task,val,cycle6,,72,,,,,,,,,2000,1029.0,185.0,685.0,101.0,0.8476112026359144,0.9106194690265487,0.8779863715171814,0.8779863715171814,0.827294647693634,1130.0,0.5649999976158142
local,local,,,1,410,data_2000_5_8.5_chordal,train_epoch,train,,,73,0.16223379456996917,,,,,,,,2000,,,,,,,,,,,
local,local,,,1,410,data_2000_5_8.5_chordal,val_epoch,val,,,73,,0.21007944363355638,0.9179,0.6779999732971191,0.8978728697599204,0.910897433757782,0.910897433757782,0.8975697755813599,2000,,,,,,,,,,,
local,local,,,1,410,data_2000_5_8.5_chordal,val_epoch_task,val,cycle2,,73,,,,,,,,,2000,361.0,18.0,1619.0,2.0,0.9525065963060686,0.9944903581267218,0.9730458855628967,0.9730458855628967,0.9730458855628967,363.0,0.18150000274181366
local,local,,,1,410,data_2000_5_8.5_chordal,val_epoch_task,val,cycle3,,73,,,,,,,,,2000,565.0,77.0,1353.0,5.0,0.8800623052959502,0.9912280701754386,0.9323431849479675,0.9323431849479675,0.9323431849479675,570.0,0.2849999964237213
local,local,,,1,410,data_2000_5_8.5_chordal,val_epoch_task,val,cycle4,,73,,,,,,,,,2000,729.0,176.0,1085.0,10.0,0.8055248618784531,0.986468200270636,0.8868613243103027,0.8868613243103027,0.8868613243103027,739.0,0.3695000112056732
local,local,,,1,410,data_2000_5_8.5_chordal,val_epoch_task,val,cycle5,,73,,,,,,,,,2000,913.0,192.0,873.0,22.0,0.8262443438914027,0.9764705882352941,0.8950980305671692,0.8950980305671692,0.8950980305671692,935.0,0.4675000011920929
local,local,,,1,410,data_2000_5_8.5_chordal,val_epoch_task,val,cycle6,,73,,,,,,,,,2000,1041.0,230.0,640.0,89.0,0.8190401258851299,0.9212389380530973,0.8671387434005737,0.8671387434005737,0.8005003929138184,1130.0,0.5649999976158142
local,local,,,1,410,data_2000_5_8.5_chordal,train_epoch,train,,,74,0.16177469354867935,,,,,,,,2000,,,,,,,,,,,
local,local,,,1,410,data_2000_5_8.5_chordal,val_epoch,val,,,74,,0.19178844398260117,0.923,0.6909999847412109,0.901231400718317,0.9114978909492493,0.9114978909492493,0.9012015461921692,2000,,,,,,,,,,,
local,local,,,1,410,data_2000_5_8.5_chordal,val_epoch_task,val,cycle2,,74,,,,,,,,,2000,363.0,37.0,1600.0,0.0,0.9075,1.0,0.9515072107315063,0.9515072107315063,0.9515072107315063,363.0,0.18150000274181366
local,local,,,1,410,data_2000_5_8.5_chordal,val_epoch_task,val,cycle3,,74,,,,,,,,,2000,566.0,73.0,1357.0,4.0,0.8857589984350548,0.9929824561403509,0.9363109469413757,0.9363109469413757,0.9363109469413757,570.0,0.2849999964237213
local,local,,,1,410,data_2000_5_8.5_chordal,val_epoch_task,val,cycle4,,74,,,,,,,,,2000,714.0,112.0,1149.0,25.0,0.864406779661017,0.9661705006765899,0.9124600291252136,0.9124600291252136,0.9124600291252136,739.0,0.3695000112056732
local,local,,,1,410,data_2000_5_8.5_chordal,val_epoch_task,val,cycle5,,74,,,,,,,,,2000,848.0,137.0,928.0,87.0,0.8609137055837564,0.906951871657754,0.8833333253860474,0.8833333253860474,0.8833333253860474,935.0,0.4675000011920929
local,local,,,1,410,data_2000_5_8.5_chordal,val_epoch_task,val,cycle6,,74,,,,,,,,,2000,1022.0,187.0,683.0,108.0,0.8453267162944582,0.904424778761062,0.8738776445388794,0.8738776445388794,0.8223962187767029,1130.0,0.5649999976158142
local,local,,,1,410,data_2000_5_8.5_chordal,train_epoch,train,,,75,0.17306679356098176,,,,,,,,2000,,,,,,,,,,,
local,local,,,1,410,data_2000_5_8.5_chordal,val_epoch,val,,,75,,0.20175784707069397,0.9141,0.656000018119812,0.8856344028757822,0.9018975496292114,0.9018975496292114,0.8947864770889282,2000,,,,,,,,,,,
local,local,,,1,410,data_2000_5_8.5_chordal,val_epoch_task,val,cycle2,,75,,,,,,,,,2000,360.0,17.0,1620.0,3.0,0.9549071618037135,0.9917355371900827,0.9729729890823364,0.9729729890823364,0.9729729890823364,363.0,0.18150000274181366
local,local,,,1,410,data_2000_5_8.5_chordal,val_epoch_task,val,cycle3,,75,,,,,,,,,2000,562.0,68.0,1362.0,8.0,0.8920634920634921,0.9859649122807017,0.9366666674613953,0.9366666674613953,0.9366666674613953,570.0,0.2849999964237213
local,local,,,1,410,data_2000_5_8.5_chordal,val_epoch_task,val,cycle4,,75,,,,,,,,,2000,689.0,103.0,1158.0,50.0,0.8699494949494949,0.93234100135318,0.9000653624534607,0.9000653624534607,0.9000653624534607,739.0,0.3695000112056732
local,local,,,1,410,data_2000_5_8.5_chordal,val_epoch_task,val,cycle5,,75,,,,,,,,,2000,791.0,114.0,951.0,144.0,0.8740331491712707,0.8459893048128342,0.8597825765609741,0.8597825765609741,0.8597825765609741,935.0,0.4675000011920929
local,local,,,1,410,data_2000_5_8.5_chordal,val_epoch_task,val,cycle6,,75,,,,,,,,,2000,924.0,146.0,724.0,206.0,0.8635514018691589,0.8176991150442477,0.8399999737739563,0.8399999737739563,0.8044444918632507,1130.0,0.5649999976158142
local,local,,,1,410,data_2000_5_8.5_chordal,train_epoch,train,,,76,0.1638160340189934,,,,,,,,2000,,,,,,,,,,,
local,local,,,1,410,data_2000_5_8.5_chordal,val_epoch,val,,,76,,0.17438651674985886,0.9261,0.7064999938011169,0.905365603790498,0.9210954904556274,0.9210954904556274,0.9101760983467102,2000,,,,,,,,,,,
local,local,,,1,410,data_2000_5_8.5_chordal,val_epoch_task,val,cycle2,,76,,,,,,,,,2000,363.0,16.0,1621.0,0.0,0.9577836411609498,1.0,0.9784366488456726,0.9784366488456726,0.9784366488456726,363.0,0.18150000274181366
local,local,,,1,410,data_2000_5_8.5_chordal,val_epoch_task,val,cycle3,,76,,,,,,,,,2000,567.0,43.0,1387.0,3.0,0.9295081967213115,0.9947368421052631,0.9610168933868408,0.9610168933868408,0.9610168933868408,570.0,0.2849999964237213
local,local,,,1,410,data_2000_5_8.5_chordal,val_epoch_task,val,cycle4,,76,,,,,,,,,2000,729.0,119.0,1142.0,10.0,0.8596698113207547,0.986468200270636,0.9187145829200745,0.9187145829200745,0.9187145829200745,739.0,0.3695000112056732
local,local,,,1,410,data_2000_5_8.5_chordal,val_epoch_task,val,cycle5,,76,,,,,,,,,2000,875.0,163.0,902.0,60.0,0.8429672447013488,0.9358288770053476,0.8869740962982178,0.8869740962982178,0.8869740962982178,935.0,0.4675000011920929
local,local,,,1,410,data_2000_5_8.5_chordal,val_epoch_task,val,cycle6,,76,,,,,,,,,2000,1001.0,196.0,674.0,129.0,0.8362573099415205,0.8858407079646018,0.8603351712226868,0.8603351712226868,0.8057382106781006,1130.0,0.5649999976158142
local,local,,,1,410,data_2000_5_8.5_chordal,train_epoch,train,,,77,0.16290988832712172,,,,,,,,2000,,,,,,,,,,,
local,local,,,1,410,data_2000_5_8.5_chordal,val_epoch,val,,,77,,0.18950277853012085,0.9253,0.6949999928474426,0.9048771170253407,0.9207696914672852,0.9207696914672852,0.9083545804023743,2000,,,,,,,,,,,
local,local,,,1,410,data_2000_5_8.5_chordal,val_epoch_task,val,cycle2,,77,,,,,,,,,2000,363.0,13.0,1624.0,0.0,0.9654255319148937,1.0,0.9824087023735046,0.9824087023735046,0.9824087023735046,363.0,0.18150000274181366
local,local,,,1,410,data_2000_5_8.5_chordal,val_epoch_task,val,cycle3,,77,,,,,,,,,2000,568.0,53.0,1377.0,2.0,0.9146537842190016,0.9964912280701754,0.9538203477859497,0.9538203477859497,0.9538203477859497,570.0,0.2849999964237213
local,local,,,1,410,data_2000_5_8.5_chordal,val_epoch_task,val,cycle4,,77,,,,,,,,,2000,709.0,97.0,1164.0,30.0,0.8796526054590571,0.959404600811908,0.9177993535995483,0.9177993535995483,0.9177993535995483,739.0,0.3695000112056732
local,local,,,1,410,data_2000_5_8.5_chordal,val_epoch_task,val,cycle5,,77,,,,,,,,,2000,891.0,183.0,882.0,44.0,0.8296089385474861,0.9529411764705882,0.8870084285736084,0.8870084285736084,0.8870084285736084,935.0,0.4675000011920929
local,local,,,1,410,data_2000_5_8.5_chordal,val_epoch_task,val,cycle6,,77,,,,,,,,,2000,1022.0,217.0,653.0,108.0,0.8248587570621468,0.904424778761062,0.8628113269805908,0.8628113269805908,0.8007357120513916,1130.0,0.5649999976158142
local,local,,,1,410,data_2000_5_8.5_chordal,train_epoch,train,,,78,0.1603758738040924,,,,,,,,2000,,,,,,,,,,,
local,local,,,1,410,data_2000_5_8.5_chordal,val_epoch,val,,,78,,0.18074069273471832,0.9265,0.7009999752044678,0.9053688682889146,0.9202362298965454,0.9202362298965454,0.910260796546936,2000,,,,,,,,,,,
local,local,,,1,410,data_2000_5_8.5_chordal,val_epoch_task,val,cycle2,,78,,,,,,,,,2000,363.0,14.0,1623.0,0.0,0.9628647214854111,1.0,0.9810810685157776,0.9810810685157776,0.9810810685157776,363.0,0.18150000274181366
local,local,,,1,410,data_2000_5_8.5_chordal,val_epoch_task,val,cycle3,,78,,,,,,,,,2000,568.0,59.0,1371.0,2.0,0.9059011164274322,0.9964912280701754,0.9490392804145813,0.9490392804145813,0.9490392804145813,570.0,0.2849999964237213
local,local,,,1,410,data_2000_5_8.5_chordal,val_epoch_task,val,cycle4,,78,,,,,,,,,2000,721.0,107.0,1154.0,18.0,0.8707729468599034,0.9756427604871448,0.9202296733856201,0.9202296733856201,0.9202296733856201,739.0,0.3695000112056732
local,local,,,1,410,data_2000_5_8.5_chordal,val_epoch_task,val,cycle5,,78,,,,,,,,,2000,865.0,152.0,913.0,70.0,0.8505408062930186,0.9251336898395722,0.8862704634666443,0.8862704634666443,0.8862704634666443,935.0,0.4675000011920929
local,local,,,1,410,data_2000_5_8.5_chordal,val_epoch_task,val,cycle6,,78,,,,,,,,,2000,999.0,182.0,688.0,131.0,0.8458933107535986,0.8840707964601769,0.8645608425140381,0.8645608425140381,0.8146832585334778,1130.0,0.5649999976158142
local,local,,,1,410,data_2000_5_8.5_chordal,train_epoch,train,,,79,0.1633598200082779,,,,,,,,2000,,,,,,,,,,,
local,local,,,1,410,data_2000_5_8.5_chordal,val_epoch,val,,,79,,0.211861811876297,0.9105,0.6510000228881836,0.8778823850457089,0.8943468332290649,0.8943468332290649,0.8944677114486694,2000,,,,,,,,,,,
local,local,,,1,410,data_2000_5_8.5_chordal,val_epoch_task,val,cycle2,,79,,,,,,,,,2000,363.0,34.0,1603.0,0.0,0.9143576826196473,1.0,0.9552631378173828,0.9552631378173828,0.9552631378173828,363.0,0.18150000274181366
local,local,,,1,410,data_2000_5_8.5_chordal,val_epoch_task,val,cycle3,,79,,,,,,,,,2000,553.0,37.0,1393.0,17.0,0.9372881355932203,0.9701754385964912,0.9534482955932617,0.9534482955932617,0.9534482955932617,570.0,0.2849999964237213
local,local,,,1,410,data_2000_5_8.5_chordal,val_epoch_task,val,cycle4,,79,,,,,,,,,2000,684.0,113.0,1148.0,55.0,0.8582183186951067,0.925575101488498,0.890625,0.890625,0.890625,739.0,0.3695000112056732
local,local,,,1,410,data_2000_5_8.5_chordal,val_epoch_task,val,cycle5,,79,,,,,,,,,2000,820.0,121.0,944.0,115.0,0.871413390010627,0.8770053475935828,0.8742003440856934,0.8742003440856934,0.8742003440856934,935.0,0.4675000011920929
local,local,,,1,410,data_2000_5_8.5_chordal,val_epoch_task,val,cycle6,,79,,,,,,,,,2000,797.0,70.0,800.0,333.0,0.9192618223760092,0.7053097345132744,0.7981972694396973,0.7981972694396973,0.7988017797470093,1130.0,0.5649999976158142
local,local,,,1,410,data_2000_5_8.5_chordal,train_epoch,train,,,80,0.16604079961776733,,,,,,,,2000,,,,,,,,,,,
local,local,,,1,410,data_2000_5_8.5_chordal,val_epoch,val,,,80,,0.181831245303154,0.924,0.690500020980835,0.9003670686942843,0.91759192943573,0.91759192943573,0.9102206230163574,2000,,,,,,,,,,,
local,local,,,1,410,data_2000_5_8.5_chordal,val_epoch_task,val,cycle2,,80,,,,,,,,,2000,363.0,6.0,1631.0,0.0,0.983739837398374,1.0,0.9918032884597778,0.9918032884597778,0.9918032884597778,363.0,0.18150000274181366
local,local,,,1,410,data_2000_5_8.5_chordal,val_epoch_task,val,cycle3,,80,,,,,,,,,2000,559.0,44.0,1386.0,11.0,0.9270315091210614,0.980701754385965,0.9531117081642151,0.9531117081642151,0.9531117081642151,570.0,0.2849999964237213
local,local,,,1,410,data_2000_5_8.5_chordal,val_epoch_task,val,cycle4,,80,,,,,,,,,2000,702.0,105.0,1156.0,37.0,0.8698884758364313,0.9499323410013532,0.9081500172615051,0.9081500172615051,0.9081500172615051,739.0,0.3695000112056732
local,local,,,1,410,data_2000_5_8.5_chordal,val_epoch_task,val,cycle5,,80,,,,,,,,,2000,858.0,158.0,907.0,77.0,0.844488188976378,0.9176470588235294,0.8795489072799683,0.8795489072799683,0.8795489072799683,935.0,0.4675000011920929
local,local,,,1,410,data_2000_5_8.5_chordal,val_epoch_task,val,cycle6,,80,,,,,,,,,2000,952.0,144.0,726.0,178.0,0.8686131386861314,0.8424778761061947,0.8553458452224731,0.8553458452224731,0.8184892535209656,1130.0,0.5649999976158142
local,local,,,1,410,data_2000_5_8.5_chordal,best_local_train,train,,,76,,0.14815778875350952,0.9415,0.7559999823570251,0.9271028037383177,0.9336608648300171,0.9336608648300171,0.9234189987182617,2000,,,,,,,,,,,
local,local,,,1,410,data_2000_5_8.5_chordal,best_local_train_task,train,cycle2,,76,,,,,,,,,2000,398.0,35.0,1567.0,0.0,0.9191685912240185,1.0,0.9578820466995239,0.9578820466995239,0.9578820466995239,398.0,0.19900000095367432
local,local,,,1,410,data_2000_5_8.5_chordal,best_local_train_task,train,cycle3,,76,,,,,,,,,2000,538.0,52.0,1407.0,3.0,0.911864406779661,0.9944547134935305,0.9513704776763916,0.9513704776763916,0.9513704776763916,541.0,0.2705000042915344
local,local,,,1,410,data_2000_5_8.5_chordal,best_local_train_task,train,cycle4,,76,,,,,,,,,2000,747.0,111.0,1130.0,12.0,0.8706293706293706,0.9841897233201581,0.9239332675933838,0.9239332675933838,0.9239332675933838,759.0,0.37950000166893005
local,local,,,1,410,data_2000_5_8.5_chordal,best_local_train_task,train,cycle5,,76,,,,,,,,,2000,967.0,98.0,899.0,36.0,0.907981220657277,0.9641076769690927,0.9352030754089355,0.9352030754089355,0.9306418299674988,1003.0,0.5015000104904175
local,local,,,1,410,data_2000_5_8.5_chordal,best_local_train_task,train,cycle6,,76,,,,,,,,,2000,1070.0,115.0,692.0,123.0,0.9029535864978903,0.8968985750209556,0.8999159336090088,0.8999159336090088,0.8532676100730896,1193.0,0.5964999794960022
local,local,,,1,410,data_2000_5_8.5_chordal,best_local_val,val,,,76,,0.17955019490420818,0.9268,0.7005000114440918,0.9061538461538461,0.9198092222213745,0.9198092222213745,0.9094316363334656,2000,,,,,,,,,,,
local,local,,,1,410,data_2000_5_8.5_chordal,best_local_val_task,val,cycle2,,76,,,,,,,,,2000,363.0,25.0,1612.0,0.0,0.9355670103092784,1.0,0.9667110443115234,0.9667110443115234,0.9667110443115234,363.0,0.18150000274181366
local,local,,,1,410,data_2000_5_8.5_chordal,best_local_val_task,val,cycle3,,76,,,,,,,,,2000,564.0,40.0,1390.0,6.0,0.9337748344370861,0.9894736842105263,0.9608176946640015,0.9608176946640015,0.9608176946640015,570.0,0.2849999964237213
local,local,,,1,410,data_2000_5_8.5_chordal,best_local_val_task,val,cycle4,,76,,,,,,,,,2000,721.0,121.0,1140.0,18.0,0.8562945368171021,0.9756427604871448,0.9120809435844421,0.9120809435844421,0.9120809435844421,739.0,0.3695000112056732
local,local,,,1,410,data_2000_5_8.5_chordal,best_local_val_task,val,cycle5,,76,,,,,,,,,2000,884.0,155.0,910.0,51.0,0.8508180943214629,0.9454545454545454,0.8956433534622192,0.8956433534622192,0.8956433534622192,935.0,0.4675000011920929
local,local,,,1,410,data_2000_5_8.5_chordal,best_local_val_task,val,cycle6,,76,,,,,,,,,2000,1002.0,188.0,682.0,128.0,0.8420168067226891,0.8867256637168142,0.863793134689331,0.863793134689331,0.8119048476219177,1130.0,0.5649999976158142
local,local,,,1,410,data_2000_5_8.5_chordal,best_local_test,test,,,76,,0.1882199608683586,0.9214,0.6794999837875366,0.9036055923473143,0.9158061742782593,0.9158061742782593,0.9002410769462585,2000,,,,,,,,,,,
local,local,,,1,410,data_2000_5_8.5_chordal,best_local_test_task,test,cycle2,,76,,,,,,,,,2000,358.0,31.0,1611.0,0.0,0.9203084832904884,1.0,0.9585006833076477,0.9585006833076477,0.9585006833076477,358.0,0.17900000512599945
local,local,,,1,410,data_2000_5_8.5_chordal,best_local_test_task,test,cycle3,,76,,,,,,,,,2000,532.0,67.0,1397.0,4.0,0.8881469115191987,0.9925373134328358,0.9374449253082275,0.9374449253082275,0.9374449253082275,536.0,0.2680000066757202
local,local,,,1,410,data_2000_5_8.5_chordal,best_local_test_task,test,cycle4,,76,,,,,,,,,2000,811.0,113.0,1061.0,15.0,0.8777056277056277,0.9818401937046005,0.9268571734428406,0.9268571734428406,0.9268571734428406,826.0,0.4129999876022339
local,local,,,1,410,data_2000_5_8.5_chordal,best_local_test_task,test,cycle5,,76,,,,,,,,,2000,924.0,168.0,850.0,58.0,0.8461538461538461,0.9409368635437881,0.8910317420959473,0.8910317420959473,0.8910317420959473,982.0,0.4909999966621399
local,local,,,1,410,data_2000_5_8.5_chordal,best_local_test_task,test,cycle6,,76,,,,,,,,,2000,1059.0,177.0,611.0,153.0,0.8567961165048543,0.8737623762376238,0.8651961088180542,0.8651961088180542,0.7873711585998535,1212.0,0.6060000061988831
