run_type,algorithm,subset_id,subset_clients,seed,graph_id,dataset_id,phase,split,task,round,local_epoch,train_loss,eval_loss,pair_acc,subset_acc,micro_f1,macro_f1,macro_pos_f1,macro_minority_f1,num_nodes,tp,fp,tn,fn,precision,recall,f1,positive_f1,minority_f1,pos_cnt,pos_rate
local,local,,,1,96,data_4000_4_3.5_chordal_rep00,train_epoch,train,,,1,0.6917905669212341,,,,,,,,4000,,,,,,,,,,,
local,local,,,1,96,data_4000_4_3.5_chordal_rep00,val_epoch,val,,,1,,1.0014900770187378,0.76625,0.4832499921321869,0.4747781148185597,0.42316192388534546,0.42316192388534546,0.42316192388534546,4000,,,,,,,,,,,
local,local,,,1,96,data_4000_4_3.5_chordal_rep00,val_epoch_task,val,cycle2,,1,,,,,,,,,4000,967.0,1282.0,1751.0,0.0,0.42996887505558024,1.0,0.6013681888580322,0.6013681888580322,0.6013681888580322,967.0,0.24175000190734863
local,local,,,1,96,data_4000_4_3.5_chordal_rep00,val_epoch_task,val,cycle3,,1,,,,,,,,,4000,582.0,82.0,2798.0,538.0,0.8765060240963856,0.5196428571428572,0.652466356754303,0.652466356754303,0.652466356754303,1120.0,0.2800000011920929
local,local,,,1,96,data_4000_4_3.5_chordal_rep00,val_epoch_task,val,cycle4,,1,,,,,,,,,4000,110.0,19.0,2860.0,1011.0,0.8527131782945736,0.09812667261373774,0.17599999904632568,0.17599999904632568,0.17599999904632568,1121.0,0.28025001287460327
local,local,,,1,96,data_4000_4_3.5_chordal_rep00,val_epoch_task,val,cycle5,,1,,,,,,,,,4000,215.0,34.0,2864.0,887.0,0.8634538152610441,0.19509981851179672,0.3182827830314636,0.3182827830314636,0.3182827830314636,1102.0,0.27549999952316284
local,local,,,1,96,data_4000_4_3.5_chordal_rep00,val_epoch_task,val,cycle6,,1,,,,,,,,,4000,239.0,74.0,2939.0,748.0,0.7635782747603834,0.24214792299898683,0.36769232153892517,0.36769232153892517,0.36769232153892517,987.0,0.24674999713897705
local,local,,,1,96,data_4000_4_3.5_chordal_rep00,train_epoch,train,,,2,0.4020485154390335,,,,,,,,4000,,,,,,,,,,,
local,local,,,1,96,data_4000_4_3.5_chordal_rep00,val_epoch,val,,,2,,0.30216971290111544,0.89095,0.6607499718666077,0.8260071798962904,0.8381306529045105,0.8381306529045105,0.8381306529045105,4000,,,,,,,,,,,
local,local,,,1,96,data_4000_4_3.5_chordal_rep00,val_epoch_task,val,cycle2,,2,,,,,,,,,4000,962.0,37.0,2996.0,5.0,0.9629629629629629,0.9948293691830403,0.9786368608474731,0.9786368608474731,0.9786368608474731,967.0,0.24175000190734863
local,local,,,1,96,data_4000_4_3.5_chordal_rep00,val_epoch_task,val,cycle3,,2,,,,,,,,,4000,1104.0,87.0,2793.0,16.0,0.9269521410579346,0.9857142857142858,0.9554305672645569,0.9554305672645569,0.9554305672645569,1120.0,0.2800000011920929
local,local,,,1,96,data_4000_4_3.5_chordal_rep00,val_epoch_task,val,cycle4,,2,,,,,,,,,4000,1103.0,624.0,2255.0,18.0,0.6386797915460336,0.983942908117752,0.7745786309242249,0.7745786309242249,0.7745786309242249,1121.0,0.28025001287460327
local,local,,,1,96,data_4000_4_3.5_chordal_rep00,val_epoch_task,val,cycle5,,2,,,,,,,,,4000,1091.0,603.0,2295.0,11.0,0.6440377804014168,0.9900181488203267,0.7804005742073059,0.7804005742073059,0.7804005742073059,1102.0,0.27549999952316284
local,local,,,1,96,data_4000_4_3.5_chordal_rep00,val_epoch_task,val,cycle6,,2,,,,,,,,,4000,917.0,710.0,2303.0,70.0,0.5636140135218193,0.9290780141843972,0.7016067504882812,0.7016067504882812,0.7016067504882812,987.0,0.24674999713897705
local,local,,,1,96,data_4000_4_3.5_chordal_rep00,train_epoch,train,,,3,0.27990014100074767,,,,,,,,4000,,,,,,,,,,,
local,local,,,1,96,data_4000_4_3.5_chordal_rep00,val_epoch,val,,,3,,0.21816714131832124,0.92785,0.7325000166893005,0.8773480662983425,0.8839548826217651,0.8839548826217651,0.8839548826217651,4000,,,,,,,,,,,
local,local,,,1,96,data_4000_4_3.5_chordal_rep00,val_epoch_task,val,cycle2,,3,,,,,,,,,4000,964.0,45.0,2988.0,3.0,0.9554013875123885,0.9968976215098242,0.9757084846496582,0.9757084846496582,0.9757084846496582,967.0,0.24175000190734863
local,local,,,1,96,data_4000_4_3.5_chordal_rep00,val_epoch_task,val,cycle3,,3,,,,,,,,,4000,1117.0,55.0,2825.0,3.0,0.9530716723549488,0.9973214285714286,0.9746946096420288,0.9746946096420288,0.9746946096420288,1120.0,0.2800000011920929
local,local,,,1,96,data_4000_4_3.5_chordal_rep00,val_epoch_task,val,cycle4,,3,,,,,,,,,4000,1102.0,210.0,2669.0,19.0,0.8399390243902439,0.9830508474576272,0.9058774709701538,0.9058774709701538,0.9058774709701538,1121.0,0.28025001287460327
local,local,,,1,96,data_4000_4_3.5_chordal_rep00,val_epoch_task,val,cycle5,,3,,,,,,,,,4000,1060.0,348.0,2550.0,42.0,0.7528409090909091,0.9618874773139746,0.8446215391159058,0.8446215391159058,0.8446215391159058,1102.0,0.27549999952316284
local,local,,,1,96,data_4000_4_3.5_chordal_rep00,val_epoch_task,val,cycle6,,3,,,,,,,,,4000,918.0,649.0,2364.0,69.0,0.585832801531589,0.9300911854103343,0.7188723087310791,0.7188723087310791,0.7188723087310791,987.0,0.24674999713897705
local,local,,,1,96,data_4000_4_3.5_chordal_rep00,train_epoch,train,,,4,0.22130461955070496,,,,,,,,4000,,,,,,,,,,,
local,local,,,1,96,data_4000_4_3.5_chordal_rep00,val_epoch,val,,,4,,0.20635692715644838,0.9424,0.7745000123977661,0.8977817213842059,0.9025627374649048,0.9025627374649048,0.9025627374649048,4000,,,,,,,,,,,
local,local,,,1,96,data_4000_4_3.5_chordal_rep00,val_epoch_task,val,cycle2,,4,,,,,,,,,4000,962.0,21.0,3012.0,5.0,0.9786368260427264,0.9948293691830403,0.9866666197776794,0.9866666197776794,0.9866666197776794,967.0,0.24175000190734863
local,local,,,1,96,data_4000_4_3.5_chordal_rep00,val_epoch_task,val,cycle3,,4,,,,,,,,,4000,1119.0,76.0,2804.0,1.0,0.9364016736401674,0.9991071428571429,0.9667387008666992,0.9667387008666992,0.9667387008666992,1120.0,0.2800000011920929
local,local,,,1,96,data_4000_4_3.5_chordal_rep00,val_epoch_task,val,cycle4,,4,,,,,,,,,4000,1065.0,68.0,2811.0,56.0,0.9399823477493381,0.9500446030330062,0.9449867010116577,0.9449867010116577,0.9449867010116577,1121.0,0.28025001287460327
local,local,,,1,96,data_4000_4_3.5_chordal_rep00,val_epoch_task,val,cycle5,,4,,,,,,,,,4000,1021.0,192.0,2706.0,81.0,0.841714756801319,0.926497277676951,0.8820734024047852,0.8820734024047852,0.8820734024047852,1102.0,0.27549999952316284
local,local,,,1,96,data_4000_4_3.5_chordal_rep00,val_epoch_task,val,cycle6,,4,,,,,,,,,4000,892.0,557.0,2456.0,95.0,0.6155969634230504,0.9037487335359676,0.7323480844497681,0.7323480844497681,0.7323480844497681,987.0,0.24674999713897705
local,local,,,1,96,data_4000_4_3.5_chordal_rep00,train_epoch,train,,,5,0.20115818881988526,,,,,,,,4000,,,,,,,,,,,
local,local,,,1,96,data_4000_4_3.5_chordal_rep00,val_epoch,val,,,5,,0.20911963963508606,0.9412,0.7727500200271606,0.895485247067188,0.8993611335754395,0.8993611335754395,0.8993611335754395,4000,,,,,,,,,,,
local,local,,,1,96,data_4000_4_3.5_chordal_rep00,val_epoch_task,val,cycle2,,5,,,,,,,,,4000,966.0,46.0,2987.0,1.0,0.9545454545454546,0.9989658738366081,0.9762506484985352,0.9762506484985352,0.9762506484985352,967.0,0.24175000190734863
local,local,,,1,96,data_4000_4_3.5_chordal_rep00,val_epoch_task,val,cycle3,,5,,,,,,,,,4000,1113.0,43.0,2837.0,7.0,0.96280276816609,0.99375,0.978031575679779,0.978031575679779,0.978031575679779,1120.0,0.2800000011920929
local,local,,,1,96,data_4000_4_3.5_chordal_rep00,val_epoch_task,val,cycle4,,5,,,,,,,,,4000,1073.0,77.0,2802.0,48.0,0.9330434782608695,0.9571810883140054,0.9449581503868103,0.9449581503868103,0.9449581503868103,1121.0,0.28025001287460327
local,local,,,1,96,data_4000_4_3.5_chordal_rep00,val_epoch_task,val,cycle5,,5,,,,,,,,,4000,1025.0,216.0,2682.0,77.0,0.8259468170829976,0.9301270417422868,0.874946653842926,0.874946653842926,0.874946653842926,1102.0,0.27549999952316284
local,local,,,1,96,data_4000_4_3.5_chordal_rep00,val_epoch_task,val,cycle6,,5,,,,,,,,,4000,861.0,535.0,2478.0,126.0,0.6167621776504298,0.8723404255319149,0.7226185202598572,0.7226185202598572,0.7226185202598572,987.0,0.24674999713897705
local,local,,,1,96,data_4000_4_3.5_chordal_rep00,train_epoch,train,,,6,0.20483882415294646,,,,,,,,4000,,,,,,,,,,,
local,local,,,1,96,data_4000_4_3.5_chordal_rep00,val_epoch,val,,,6,,0.18161613953113556,0.94225,0.7742499709129333,0.8993990070551346,0.9057472944259644,0.9057472944259644,0.9057472944259644,4000,,,,,,,,,,,
local,local,,,1,96,data_4000_4_3.5_chordal_rep00,val_epoch_task,val,cycle2,,6,,,,,,,,,4000,963.0,31.0,3002.0,4.0,0.9688128772635815,0.9958634953464323,0.9821519255638123,0.9821519255638123,0.9821519255638123,967.0,0.24175000190734863
local,local,,,1,96,data_4000_4_3.5_chordal_rep00,val_epoch_task,val,cycle3,,6,,,,,,,,,4000,1089.0,22.0,2858.0,31.0,0.9801980198019802,0.9723214285714286,0.9762438535690308,0.9762438535690308,0.9762438535690308,1120.0,0.2800000011920929
local,local,,,1,96,data_4000_4_3.5_chordal_rep00,val_epoch_task,val,cycle4,,6,,,,,,,,,4000,1108.0,102.0,2777.0,13.0,0.915702479338843,0.9884032114183765,0.9506649374961853,0.9506649374961853,0.9506649374961853,1121.0,0.28025001287460327
local,local,,,1,96,data_4000_4_3.5_chordal_rep00,val_epoch_task,val,cycle5,,6,,,,,,,,,4000,1074.0,244.0,2654.0,28.0,0.8148710166919575,0.9745916515426497,0.8876033425331116,0.8876033425331116,0.8876033425331116,1102.0,0.27549999952316284
local,local,,,1,96,data_4000_4_3.5_chordal_rep00,val_epoch_task,val,cycle6,,6,,,,,,,,,4000,929.0,622.0,2391.0,58.0,0.5989684074790458,0.9412360688956434,0.7320724725723267,0.7320724725723267,0.7320724725723267,987.0,0.24674999713897705
local,local,,,1,96,data_4000_4_3.5_chordal_rep00,train_epoch,train,,,7,0.1838237612247467,,,,,,,,4000,,,,,,,,,,,
local,local,,,1,96,data_4000_4_3.5_chordal_rep00,val_epoch,val,,,7,,0.18984572887420653,0.9395,0.7639999985694885,0.8951291384988732,0.9010287523269653,0.9010287523269653,0.9010287523269653,4000,,,,,,,,,,,
local,local,,,1,96,data_4000_4_3.5_chordal_rep00,val_epoch_task,val,cycle2,,7,,,,,,,,,4000,967.0,24.0,3009.0,0.0,0.9757820383451059,1.0,0.9877426028251648,0.9877426028251648,0.9877426028251648,967.0,0.24175000190734863
local,local,,,1,96,data_4000_4_3.5_chordal_rep00,val_epoch_task,val,cycle3,,7,,,,,,,,,4000,1120.0,81.0,2799.0,0.0,0.93255620316403,1.0,0.9651013016700745,0.9651013016700745,0.9651013016700745,1120.0,0.2800000011920929
local,local,,,1,96,data_4000_4_3.5_chordal_rep00,val_epoch_task,val,cycle4,,7,,,,,,,,,4000,1079.0,90.0,2789.0,42.0,0.9230111206159111,0.9625334522747547,0.942358136177063,0.942358136177063,0.942358136177063,1121.0,0.28025001287460327
local,local,,,1,96,data_4000_4_3.5_chordal_rep00,val_epoch_task,val,cycle5,,7,,,,,,,,,4000,1076.0,279.0,2619.0,26.0,0.7940959409594096,0.9764065335753176,0.8758648633956909,0.8758648633956909,0.8758648633956909,1102.0,0.27549999952316284
local,local,,,1,96,data_4000_4_3.5_chordal_rep00,val_epoch_task,val,cycle6,,7,,,,,,,,,4000,922.0,603.0,2410.0,65.0,0.6045901639344262,0.9341438703140831,0.7340764999389648,0.7340764999389648,0.7340764999389648,987.0,0.24674999713897705
local,local,,,1,96,data_4000_4_3.5_chordal_rep00,train_epoch,train,,,8,0.1845382739305496,,,,,,,,4000,,,,,,,,,,,
local,local,,,1,96,data_4000_4_3.5_chordal_rep00,val_epoch,val,,,8,,0.18090117609500886,0.9469,0.7822499871253967,0.9055832147937412,0.9098209142684937,0.9098209142684937,0.9098209142684937,4000,,,,,,,,,,,
local,local,,,1,96,data_4000_4_3.5_chordal_rep00,val_epoch_task,val,cycle2,,8,,,,,,,,,4000,966.0,22.0,3011.0,1.0,0.9777327935222672,0.9989658738366081,0.9882352352142334,0.9882352352142334,0.9882352352142334,967.0,0.24175000190734863
local,local,,,1,96,data_4000_4_3.5_chordal_rep00,val_epoch_task,val,cycle3,,8,,,,,,,,,4000,1110.0,21.0,2859.0,10.0,0.9814323607427056,0.9910714285714286,0.9862282872200012,0.9862282872200012,0.9862282872200012,1120.0,0.2800000011920929
local,local,,,1,96,data_4000_4_3.5_chordal_rep00,val_epoch_task,val,cycle4,,8,,,,,,,,,4000,1094.0,91.0,2788.0,27.0,0.9232067510548523,0.975914362176628,0.9488291144371033,0.9488291144371033,0.9488291144371033,1121.0,0.28025001287460327
local,local,,,1,96,data_4000_4_3.5_chordal_rep00,val_epoch_task,val,cycle5,,8,,,,,,,,,4000,1076.0,171.0,2727.0,26.0,0.8628708901363272,0.9764065335753176,0.9161344766616821,0.9161344766616821,0.9161344766616821,1102.0,0.27549999952316284
local,local,,,1,96,data_4000_4_3.5_chordal_rep00,val_epoch_task,val,cycle6,,8,,,,,,,,,4000,847.0,553.0,2460.0,140.0,0.605,0.8581560283687943,0.7096774578094482,0.7096774578094482,0.7096774578094482,987.0,0.24674999713897705
local,local,,,1,96,data_4000_4_3.5_chordal_rep00,train_epoch,train,,,9,0.17246707904338837,,,,,,,,4000,,,,,,,,,,,
local,local,,,1,96,data_4000_4_3.5_chordal_rep00,val_epoch,val,,,9,,0.1877657641172409,0.93405,0.7512500286102295,0.887925907043929,0.896323561668396,0.896323561668396,0.896323561668396,4000,,,,,,,,,,,
local,local,,,1,96,data_4000_4_3.5_chordal_rep00,val_epoch_task,val,cycle2,,9,,,,,,,,,4000,967.0,45.0,2988.0,0.0,0.9555335968379447,1.0,0.9772612452507019,0.9772612452507019,0.9772612452507019,967.0,0.24175000190734863
local,local,,,1,96,data_4000_4_3.5_chordal_rep00,val_epoch_task,val,cycle3,,9,,,,,,,,,4000,1119.0,71.0,2809.0,1.0,0.9403361344537815,0.9991071428571429,0.9688311815261841,0.9688311815261841,0.9688311815261841,1120.0,0.2800000011920929
local,local,,,1,96,data_4000_4_3.5_chordal_rep00,val_epoch_task,val,cycle4,,9,,,,,,,,,4000,1102.0,89.0,2790.0,19.0,0.9252728799328296,0.9830508474576272,0.9532871246337891,0.9532871246337891,0.9532871246337891,1121.0,0.28025001287460327
local,local,,,1,96,data_4000_4_3.5_chordal_rep00,val_epoch_task,val,cycle5,,9,,,,,,,,,4000,1087.0,305.0,2593.0,15.0,0.7808908045977011,0.9863883847549909,0.8716921210289001,0.8716921210289001,0.8716921210289001,1102.0,0.27549999952316284
local,local,,,1,96,data_4000_4_3.5_chordal_rep00,val_epoch_task,val,cycle6,,9,,,,,,,,,4000,950.0,737.0,2276.0,37.0,0.5631298162418494,0.9625126646403243,0.7105460166931152,0.7105460166931152,0.7105460166931152,987.0,0.24674999713897705
local,local,,,1,96,data_4000_4_3.5_chordal_rep00,train_epoch,train,,,10,0.184131329536438,,,,,,,,4000,,,,,,,,,,,
local,local,,,1,96,data_4000_4_3.5_chordal_rep00,val_epoch,val,,,10,,0.17222104835510255,0.94005,0.7574999928474426,0.8974950842096263,0.9054688215255737,0.9054688215255737,0.9054688215255737,4000,,,,,,,,,,,
local,local,,,1,96,data_4000_4_3.5_chordal_rep00,val_epoch_task,val,cycle2,,10,,,,,,,,,4000,967.0,23.0,3010.0,0.0,0.9767676767676767,1.0,0.9882473349571228,0.9882473349571228,0.9882473349571228,967.0,0.24175000190734863
local,local,,,1,96,data_4000_4_3.5_chordal_rep00,val_epoch_task,val,cycle3,,10,,,,,,,,,4000,1120.0,44.0,2836.0,0.0,0.9621993127147767,1.0,0.9807355403900146,0.9807355403900146,0.9807355403900146,1120.0,0.2800000011920929
local,local,,,1,96,data_4000_4_3.5_chordal_rep00,val_epoch_task,val,cycle4,,10,,,,,,,,,4000,1110.0,135.0,2744.0,11.0,0.891566265060241,0.9901873327386262,0.9382924437522888,0.9382924437522888,0.9382924437522888,1121.0,0.28025001287460327
local,local,,,1,96,data_4000_4_3.5_chordal_rep00,val_epoch_task,val,cycle5,,10,,,,,,,,,4000,1089.0,242.0,2656.0,13.0,0.8181818181818182,0.9882032667876588,0.8951911926269531,0.8951911926269531,0.8951911926269531,1102.0,0.27549999952316284
local,local,,,1,96,data_4000_4_3.5_chordal_rep00,val_epoch_task,val,cycle6,,10,,,,,,,,,4000,963.0,707.0,2306.0,24.0,0.5766467065868264,0.9756838905775076,0.7248777151107788,0.7248777151107788,0.7248777151107788,987.0,0.24674999713897705
local,local,,,1,96,data_4000_4_3.5_chordal_rep00,train_epoch,train,,,11,0.1685035892724991,,,,,,,,4000,,,,,,,,,,,
local,local,,,1,96,data_4000_4_3.5_chordal_rep00,val_epoch,val,,,11,,0.17971171963214874,0.94135,0.7745000123977661,0.8980266017560637,0.9044114947319031,0.9044114947319031,0.9044114947319031,4000,,,,,,,,,,,
local,local,,,1,96,data_4000_4_3.5_chordal_rep00,val_epoch_task,val,cycle2,,11,,,,,,,,,4000,967.0,21.0,3012.0,0.0,0.978744939271255,1.0,0.9892582893371582,0.9892582893371582,0.9892582893371582,967.0,0.24175000190734863
local,local,,,1,96,data_4000_4_3.5_chordal_rep00,val_epoch_task,val,cycle3,,11,,,,,,,,,4000,1117.0,59.0,2821.0,3.0,0.9498299319727891,0.9973214285714286,0.9729965329170227,0.9729965329170227,0.9729965329170227,1120.0,0.2800000011920929
local,local,,,1,96,data_4000_4_3.5_chordal_rep00,val_epoch_task,val,cycle4,,11,,,,,,,,,4000,1079.0,79.0,2800.0,42.0,0.9317789291882557,0.9625334522747547,0.946906566619873,0.946906566619873,0.946906566619873,1121.0,0.28025001287460327
local,local,,,1,96,data_4000_4_3.5_chordal_rep00,val_epoch_task,val,cycle5,,11,,,,,,,,,4000,1071.0,268.0,2630.0,31.0,0.7998506348020911,0.9718693284936479,0.8775092363357544,0.8775092363357544,0.8775092363357544,1102.0,0.27549999952316284
local,local,,,1,96,data_4000_4_3.5_chordal_rep00,val_epoch_task,val,cycle6,,11,,,,,,,,,4000,931.0,614.0,2399.0,56.0,0.602588996763754,0.9432624113475178,0.7353870272636414,0.7353870272636414,0.7353870272636414,987.0,0.24674999713897705
local,local,,,1,96,data_4000_4_3.5_chordal_rep00,train_epoch,train,,,12,0.17461529010534285,,,,,,,,4000,,,,,,,,,,,
local,local,,,1,96,data_4000_4_3.5_chordal_rep00,val_epoch,val,,,12,,0.16112212646007537,0.94595,0.7894999980926514,0.9057459237945767,0.9115835428237915,0.9115835428237915,0.9115835428237915,4000,,,,,,,,,,,
local,local,,,1,96,data_4000_4_3.5_chordal_rep00,val_epoch_task,val,cycle2,,12,,,,,,,,,4000,966.0,11.0,3022.0,1.0,0.9887410440122825,0.9989658738366081,0.9938271045684814,0.9938271045684814,0.9938271045684814,967.0,0.24175000190734863
local,local,,,1,96,data_4000_4_3.5_chordal_rep00,val_epoch_task,val,cycle3,,12,,,,,,,,,4000,1118.0,40.0,2840.0,2.0,0.9654576856649395,0.9982142857142857,0.9815627932548523,0.9815627932548523,0.9815627932548523,1120.0,0.2800000011920929
local,local,,,1,96,data_4000_4_3.5_chordal_rep00,val_epoch_task,val,cycle4,,12,,,,,,,,,4000,1099.0,86.0,2793.0,22.0,0.9274261603375528,0.9803746654772525,0.9531656503677368,0.9531656503677368,0.9531656503677368,1121.0,0.28025001287460327
local,local,,,1,96,data_4000_4_3.5_chordal_rep00,val_epoch_task,val,cycle5,,12,,,,,,,,,4000,1088.0,258.0,2640.0,14.0,0.8083209509658247,0.9872958257713249,0.8888888955116272,0.8888888955116272,0.8888888955116272,1102.0,0.27549999952316284
local,local,,,1,96,data_4000_4_3.5_chordal_rep00,val_epoch_task,val,cycle6,,12,,,,,,,,,4000,923.0,583.0,2430.0,64.0,0.6128818061088978,0.9351570415400202,0.7404733300209045,0.7404733300209045,0.7404733300209045,987.0,0.24674999713897705
local,local,,,1,96,data_4000_4_3.5_chordal_rep00,train_epoch,train,,,13,0.15497393476963042,,,,,,,,4000,,,,,,,,,,,
local,local,,,1,96,data_4000_4_3.5_chordal_rep00,val_epoch,val,,,13,,0.15453329640626906,0.9511,0.7962499856948853,0.9136500088292425,0.9194842576980591,0.9194842576980591,0.9194842576980591,4000,,,,,,,,,,,
local,local,,,1,96,data_4000_4_3.5_chordal_rep00,val_epoch_task,val,cycle2,,13,,,,,,,,,4000,967.0,17.0,3016.0,0.0,0.9827235772357723,1.0,0.9912865161895752,0.9912865161895752,0.9912865161895752,967.0,0.24175000190734863
local,local,,,1,96,data_4000_4_3.5_chordal_rep00,val_epoch_task,val,cycle3,,13,,,,,,,,,4000,1116.0,29.0,2851.0,4.0,0.9746724890829694,0.9964285714285714,0.9854304790496826,0.9854304790496826,0.9854304790496826,1120.0,0.2800000011920929
local,local,,,1,96,data_4000_4_3.5_chordal_rep00,val_epoch_task,val,cycle4,,13,,,,,,,,,4000,1109.0,87.0,2792.0,12.0,0.927257525083612,0.9892952720785013,0.9572722911834717,0.9572722911834717,0.9572722911834717,1121.0,0.28025001287460327
local,local,,,1,96,data_4000_4_3.5_chordal_rep00,val_epoch_task,val,cycle5,,13,,,,,,,,,4000,1051.0,122.0,2776.0,51.0,0.8959931798806479,0.9537205081669692,0.923956036567688,0.923956036567688,0.923956036567688,1102.0,0.27549999952316284
local,local,,,1,96,data_4000_4_3.5_chordal_rep00,val_epoch_task,val,cycle6,,13,,,,,,,,,4000,931.0,600.0,2413.0,56.0,0.6080992815153494,0.9432624113475178,0.7394757866859436,0.7394757866859436,0.7394757866859436,987.0,0.24674999713897705
local,local,,,1,96,data_4000_4_3.5_chordal_rep00,train_epoch,train,,,14,0.15496152353286743,,,,,,,,4000,,,,,,,,,,,
local,local,,,1,96,data_4000_4_3.5_chordal_rep00,val_epoch,val,,,14,,0.16442390155792236,0.94845,0.7882500290870667,0.9097592997811815,0.9151554107666016,0.9151554107666016,0.9151554107666016,4000,,,,,,,,,,,
local,local,,,1,96,data_4000_4_3.5_chordal_rep00,val_epoch_task,val,cycle2,,14,,,,,,,,,4000,967.0,28.0,3005.0,0.0,0.9718592964824121,1.0,0.9857288599014282,0.9857288599014282,0.9857288599014282,967.0,0.24175000190734863
local,local,,,1,96,data_4000_4_3.5_chordal_rep00,val_epoch_task,val,cycle3,,14,,,,,,,,,4000,1119.0,36.0,2844.0,1.0,0.9688311688311688,0.9991071428571429,0.9837362766265869,0.9837362766265869,0.9837362766265869,1120.0,0.2800000011920929
local,local,,,1,96,data_4000_4_3.5_chordal_rep00,val_epoch_task,val,cycle4,,14,,,,,,,,,4000,1093.0,80.0,2799.0,28.0,0.9317988064791134,0.9750223015165032,0.95292067527771,0.95292067527771,0.95292067527771,1121.0,0.28025001287460327
local,local,,,1,96,data_4000_4_3.5_chordal_rep00,val_epoch_task,val,cycle5,,14,,,,,,,,,4000,1073.0,206.0,2692.0,29.0,0.8389366692728695,0.9736842105263158,0.901301920413971,0.901301920413971,0.901301920413971,1102.0,0.27549999952316284
local,local,,,1,96,data_4000_4_3.5_chordal_rep00,val_epoch_task,val,cycle6,,14,,,,,,,,,4000,945.0,581.0,2432.0,42.0,0.6192660550458715,0.9574468085106383,0.7520891427993774,0.7520891427993774,0.7520891427993774,987.0,0.24674999713897705
local,local,,,1,96,data_4000_4_3.5_chordal_rep00,train_epoch,train,,,15,0.15326665848493576,,,,,,,,4000,,,,,,,,,,,
local,local,,,1,96,data_4000_4_3.5_chordal_rep00,val_epoch,val,,,15,,0.14986002200841902,0.953,0.8032500147819519,0.9166518886327364,0.92046719789505,0.92046719789505,0.92046719789505,4000,,,,,,,,,,,
local,local,,,1,96,data_4000_4_3.5_chordal_rep00,val_epoch_task,val,cycle2,,15,,,,,,,,,4000,967.0,9.0,3024.0,0.0,0.9907786885245902,1.0,0.9953680038452148,0.9953680038452148,0.9953680038452148,967.0,0.24175000190734863
local,local,,,1,96,data_4000_4_3.5_chordal_rep00,val_epoch_task,val,cycle3,,15,,,,,,,,,4000,1120.0,52.0,2828.0,0.0,0.9556313993174061,1.0,0.9773123860359192,0.9773123860359192,0.9773123860359192,1120.0,0.2800000011920929
local,local,,,1,96,data_4000_4_3.5_chordal_rep00,val_epoch_task,val,cycle4,,15,,,,,,,,,4000,1110.0,85.0,2794.0,11.0,0.9288702928870293,0.9901873327386262,0.9585492610931396,0.9585492610931396,0.9585492610931396,1121.0,0.28025001287460327
local,local,,,1,96,data_4000_4_3.5_chordal_rep00,val_epoch_task,val,cycle5,,15,,,,,,,,,4000,1079.0,151.0,2747.0,23.0,0.8772357723577235,0.9791288566243194,0.9253858923912048,0.9253858923912048,0.9253858923912048,1102.0,0.27549999952316284
local,local,,,1,96,data_4000_4_3.5_chordal_rep00,val_epoch_task,val,cycle6,,15,,,,,,,,,4000,893.0,515.0,2498.0,94.0,0.6342329545454546,0.9047619047619048,0.7457203269004822,0.7457203269004822,0.7457203269004822,987.0,0.24674999713897705
local,local,,,1,96,data_4000_4_3.5_chordal_rep00,train_epoch,train,,,16,0.15466981482505798,,,,,,,,4000,,,,,,,,,,,
local,local,,,1,96,data_4000_4_3.5_chordal_rep00,val_epoch,val,,,16,,0.18449866139888763,0.942,0.7647500038146973,0.8987076493188964,0.9050308465957642,0.9050308465957642,0.9050308465957642,4000,,,,,,,,,,,
local,local,,,1,96,data_4000_4_3.5_chordal_rep00,val_epoch_task,val,cycle2,,16,,,,,,,,,4000,965.0,36.0,2997.0,2.0,0.964035964035964,0.9979317476732161,0.9806910753250122,0.9806910753250122,0.9806910753250122,967.0,0.24175000190734863
local,local,,,1,96,data_4000_4_3.5_chordal_rep00,val_epoch_task,val,cycle3,,16,,,,,,,,,4000,1119.0,46.0,2834.0,1.0,0.9605150214592275,0.9991071428571429,0.9794310331344604,0.9794310331344604,0.9794310331344604,1120.0,0.2800000011920929
local,local,,,1,96,data_4000_4_3.5_chordal_rep00,val_epoch_task,val,cycle4,,16,,,,,,,,,4000,1103.0,102.0,2777.0,18.0,0.9153526970954357,0.983942908117752,0.9484093189239502,0.9484093189239502,0.9484093189239502,1121.0,0.28025001287460327
local,local,,,1,96,data_4000_4_3.5_chordal_rep00,val_epoch_task,val,cycle5,,16,,,,,,,,,4000,1056.0,172.0,2726.0,46.0,0.8599348534201955,0.9582577132486388,0.9064377546310425,0.9064377546310425,0.9064377546310425,1102.0,0.27549999952316284
local,local,,,1,96,data_4000_4_3.5_chordal_rep00,val_epoch_task,val,cycle6,,16,,,,,,,,,4000,903.0,653.0,2360.0,84.0,0.5803341902313625,0.9148936170212766,0.7101848125457764,0.7101848125457764,0.7101848125457764,987.0,0.24674999713897705
local,local,,,1,96,data_4000_4_3.5_chordal_rep00,train_epoch,train,,,17,0.16509935969114303,,,,,,,,4000,,,,,,,,,,,
local,local,,,1,96,data_4000_4_3.5_chordal_rep00,val_epoch,val,,,17,,0.16363650238513947,0.9441,0.7757499814033508,0.9032537210107303,0.9108079075813293,0.9108079075813293,0.9108079075813293,4000,,,,,,,,,,,
local,local,,,1,96,data_4000_4_3.5_chordal_rep00,val_epoch_task,val,cycle2,,17,,,,,,,,,4000,965.0,16.0,3017.0,2.0,0.9836901121304791,0.9979317476732161,0.9907597303390503,0.9907597303390503,0.9907597303390503,967.0,0.24175000190734863
local,local,,,1,96,data_4000_4_3.5_chordal_rep00,val_epoch_task,val,cycle3,,17,,,,,,,,,4000,1114.0,36.0,2844.0,6.0,0.9686956521739131,0.9946428571428572,0.9814978241920471,0.9814978241920471,0.9814978241920471,1120.0,0.2800000011920929
local,local,,,1,96,data_4000_4_3.5_chordal_rep00,val_epoch_task,val,cycle4,,17,,,,,,,,,4000,1106.0,92.0,2787.0,15.0,0.9232053422370617,0.9866190900981266,0.9538594484329224,0.9538594484329224,0.9538594484329224,1121.0,0.28025001287460327
local,local,,,1,96,data_4000_4_3.5_chordal_rep00,val_epoch_task,val,cycle5,,17,,,,,,,,,4000,1081.0,224.0,2674.0,21.0,0.828352490421456,0.9809437386569873,0.8982135653495789,0.8982135653495789,0.8982135653495789,1102.0,0.27549999952316284
local,local,,,1,96,data_4000_4_3.5_chordal_rep00,val_epoch_task,val,cycle6,,17,,,,,,,,,4000,953.0,672.0,2341.0,34.0,0.5864615384615385,0.9655521783181358,0.7297090888023376,0.7297090888023376,0.7297090888023376,987.0,0.24674999713897705
local,local,,,1,96,data_4000_4_3.5_chordal_rep00,train_epoch,train,,,18,0.1488250070810318,,,,,,,,4000,,,,,,,,,,,
local,local,,,1,96,data_4000_4_3.5_chordal_rep00,val_epoch,val,,,18,,0.18548715138435365,0.9378,0.7492499947547913,0.8937115516062885,0.9024437665939331,0.9024437665939331,0.9024437665939331,4000,,,,,,,,,,,
local,local,,,1,96,data_4000_4_3.5_chordal_rep00,val_epoch_task,val,cycle2,,18,,,,,,,,,4000,966.0,18.0,3015.0,1.0,0.9817073170731707,0.9989658738366081,0.9902613759040833,0.9902613759040833,0.9902613759040833,967.0,0.24175000190734863
local,local,,,1,96,data_4000_4_3.5_chordal_rep00,val_epoch_task,val,cycle3,,18,,,,,,,,,4000,1118.0,50.0,2830.0,2.0,0.9571917808219178,0.9982142857142857,0.9772726893424988,0.9772726893424988,0.9772726893424988,1120.0,0.2800000011920929
local,local,,,1,96,data_4000_4_3.5_chordal_rep00,val_epoch_task,val,cycle4,,18,,,,,,,,,4000,1111.0,200.0,2679.0,10.0,0.84744469870328,0.9910793933987511,0.9136513471603394,0.9136513471603394,0.9136513471603394,1121.0,0.28025001287460327
local,local,,,1,96,data_4000_4_3.5_chordal_rep00,val_epoch_task,val,cycle5,,18,,,,,,,,,4000,1062.0,170.0,2728.0,40.0,0.862012987012987,0.9637023593466425,0.9100257158279419,0.9100257158279419,0.9100257158279419,1102.0,0.27549999952316284
local,local,,,1,96,data_4000_4_3.5_chordal_rep00,val_epoch_task,val,cycle6,,18,,,,,,,,,4000,973.0,739.0,2274.0,14.0,0.5683411214953271,0.9858156028368794,0.721007764339447,0.721007764339447,0.721007764339447,987.0,0.24674999713897705
local,local,,,1,96,data_4000_4_3.5_chordal_rep00,train_epoch,train,,,19,0.153169981777668,,,,,,,,4000,,,,,,,,,,,
local,local,,,1,96,data_4000_4_3.5_chordal_rep00,val_epoch,val,,,19,,0.14411499869823455,0.955,0.8080000281333923,0.920042643923241,0.9242250323295593,0.9242250323295593,0.9242250323295593,4000,,,,,,,,,,,
local,local,,,1,96,data_4000_4_3.5_chordal_rep00,val_epoch_task,val,cycle2,,19,,,,,,,,,4000,965.0,13.0,3020.0,2.0,0.9867075664621677,0.9979317476732161,0.9922878742218018,0.9922878742218018,0.9922878742218018,967.0,0.24175000190734863
local,local,,,1,96,data_4000_4_3.5_chordal_rep00,val_epoch_task,val,cycle3,,19,,,,,,,,,4000,1120.0,29.0,2851.0,0.0,0.9747606614447345,1.0,0.9872190356254578,0.9872190356254578,0.9872190356254578,1120.0,0.2800000011920929
local,local,,,1,96,data_4000_4_3.5_chordal_rep00,val_epoch_task,val,cycle4,,19,,,,,,,,,4000,1108.0,72.0,2807.0,13.0,0.9389830508474576,0.9884032114183765,0.9630595445632935,0.9630595445632935,0.9630595445632935,1121.0,0.28025001287460327
local,local,,,1,96,data_4000_4_3.5_chordal_rep00,val_epoch_task,val,cycle5,,19,,,,,,,,,4000,1070.0,145.0,2753.0,32.0,0.8806584362139918,0.9709618874773139,0.923608124256134,0.923608124256134,0.923608124256134,1102.0,0.27549999952316284
local,local,,,1,96,data_4000_4_3.5_chordal_rep00,val_epoch_task,val,cycle6,,19,,,,,,,,,4000,915.0,522.0,2491.0,72.0,0.6367432150313153,0.9270516717325228,0.7549504637718201,0.7549504637718201,0.7549504637718201,987.0,0.24674999713897705
local,local,,,1,96,data_4000_4_3.5_chordal_rep00,train_epoch,train,,,20,0.1523015455007553,,,,,,,,4000,,,,,,,,,,,
local,local,,,1,96,data_4000_4_3.5_chordal_rep00,val_epoch,val,,,20,,0.16345851385593416,0.94085,0.7580000162124634,0.8988802461748867,0.907844066619873,0.907844066619873,0.907844066619873,4000,,,,,,,,,,,
local,local,,,1,96,data_4000_4_3.5_chordal_rep00,val_epoch_task,val,cycle2,,20,,,,,,,,,4000,967.0,15.0,3018.0,0.0,0.984725050916497,1.0,0.9923037886619568,0.9923037886619568,0.9923037886619568,967.0,0.24175000190734863
local,local,,,1,96,data_4000_4_3.5_chordal_rep00,val_epoch_task,val,cycle3,,20,,,,,,,,,4000,1120.0,46.0,2834.0,0.0,0.9605488850771869,1.0,0.9798775315284729,0.9798775315284729,0.9798775315284729,1120.0,0.2800000011920929
local,local,,,1,96,data_4000_4_3.5_chordal_rep00,val_epoch_task,val,cycle4,,20,,,,,,,,,4000,1115.0,63.0,2816.0,6.0,0.9465195246179966,0.9946476360392507,0.9699869751930237,0.9699869751930237,0.9699869751930237,1121.0,0.28025001287460327
local,local,,,1,96,data_4000_4_3.5_chordal_rep00,val_epoch_task,val,cycle5,,20,,,,,,,,,4000,1092.0,306.0,2592.0,10.0,0.7811158798283262,0.9909255898366606,0.8736000061035156,0.8736000061035156,0.8736000061035156,1102.0,0.27549999952316284
local,local,,,1,96,data_4000_4_3.5_chordal_rep00,val_epoch_task,val,cycle6,,20,,,,,,,,,4000,964.0,714.0,2299.0,23.0,0.5744934445768772,0.9766970618034447,0.7234521508216858,0.7234521508216858,0.7234521508216858,987.0,0.24674999713897705
local,local,,,1,96,data_4000_4_3.5_chordal_rep00,train_epoch,train,,,21,0.1322057217359543,,,,,,,,4000,,,,,,,,,,,
local,local,,,1,96,data_4000_4_3.5_chordal_rep00,val_epoch,val,,,21,,0.14136930507421494,0.9583,0.8224999904632568,0.9253624485412565,0.9284494519233704,0.9284494519233704,0.9284494519233704,4000,,,,,,,,,,,
local,local,,,1,96,data_4000_4_3.5_chordal_rep00,val_epoch_task,val,cycle2,,21,,,,,,,,,4000,967.0,24.0,3009.0,0.0,0.9757820383451059,1.0,0.9877426028251648,0.9877426028251648,0.9877426028251648,967.0,0.24175000190734863
local,local,,,1,96,data_4000_4_3.5_chordal_rep00,val_epoch_task,val,cycle3,,21,,,,,,,,,4000,1119.0,31.0,2849.0,1.0,0.9730434782608696,0.9991071428571429,0.9859031438827515,0.9859031438827515,0.9859031438827515,1120.0,0.2800000011920929
local,local,,,1,96,data_4000_4_3.5_chordal_rep00,val_epoch_task,val,cycle4,,21,,,,,,,,,4000,1101.0,66.0,2813.0,20.0,0.9434447300771208,0.9821587867975022,0.9624125361442566,0.9624125361442566,0.9624125361442566,1121.0,0.28025001287460327
local,local,,,1,96,data_4000_4_3.5_chordal_rep00,val_epoch_task,val,cycle5,,21,,,,,,,,,4000,1060.0,117.0,2781.0,42.0,0.9005947323704333,0.9618874773139746,0.9302325248718262,0.9302325248718262,0.9302325248718262,1102.0,0.27549999952316284
local,local,,,1,96,data_4000_4_3.5_chordal_rep00,val_epoch_task,val,cycle6,,21,,,,,,,,,4000,923.0,469.0,2544.0,64.0,0.6630747126436781,0.9351570415400202,0.7759563326835632,0.7759563326835632,0.7759563326835632,987.0,0.24674999713897705
local,local,,,1,96,data_4000_4_3.5_chordal_rep00,train_epoch,train,,,22,0.13952154898643493,,,,,,,,4000,,,,,,,,,,,
local,local,,,1,96,data_4000_4_3.5_chordal_rep00,val_epoch,val,,,22,,0.164023853123188,0.93875,0.762499988079071,0.8958421902899413,0.9039408564567566,0.9039408564567566,0.9039408564567566,4000,,,,,,,,,,,
local,local,,,1,96,data_4000_4_3.5_chordal_rep00,val_epoch_task,val,cycle2,,22,,,,,,,,,4000,966.0,23.0,3010.0,1.0,0.9767441860465116,0.9989658738366081,0.9877300262451172,0.9877300262451172,0.9877300262451172,967.0,0.24175000190734863
local,local,,,1,96,data_4000_4_3.5_chordal_rep00,val_epoch_task,val,cycle3,,22,,,,,,,,,4000,1119.0,32.0,2848.0,1.0,0.9721980886185926,0.9991071428571429,0.9854689240455627,0.9854689240455627,0.9854689240455627,1120.0,0.2800000011920929
local,local,,,1,96,data_4000_4_3.5_chordal_rep00,val_epoch_task,val,cycle4,,22,,,,,,,,,4000,1106.0,126.0,2753.0,15.0,0.8977272727272727,0.9866190900981266,0.9400765299797058,0.9400765299797058,0.9400765299797058,1121.0,0.28025001287460327
local,local,,,1,96,data_4000_4_3.5_chordal_rep00,val_epoch_task,val,cycle5,,22,,,,,,,,,4000,1094.0,334.0,2564.0,8.0,0.7661064425770309,0.9927404718693285,0.8648220896720886,0.8648220896720886,0.8648220896720886,1102.0,0.27549999952316284
local,local,,,1,96,data_4000_4_3.5_chordal_rep00,val_epoch_task,val,cycle6,,22,,,,,,,,,4000,983.0,681.0,2332.0,4.0,0.5907451923076923,0.9959473150962512,0.7416068911552429,0.7416068911552429,0.7416068911552429,987.0,0.24674999713897705
local,local,,,1,96,data_4000_4_3.5_chordal_rep00,train_epoch,train,,,23,0.13934874624013902,,,,,,,,4000,,,,,,,,,,,
local,local,,,1,96,data_4000_4_3.5_chordal_rep00,val_epoch,val,,,23,,0.15435560226440428,0.96035,0.8335000276565552,0.9272143184947222,0.9292806386947632,0.9292806386947632,0.9292806386947632,4000,,,,,,,,,,,
local,local,,,1,96,data_4000_4_3.5_chordal_rep00,val_epoch_task,val,cycle2,,23,,,,,,,,,4000,967.0,13.0,3020.0,0.0,0.986734693877551,1.0,0.9933230876922607,0.9933230876922607,0.9933230876922607,967.0,0.24175000190734863
local,local,,,1,96,data_4000_4_3.5_chordal_rep00,val_epoch_task,val,cycle3,,23,,,,,,,,,4000,1120.0,35.0,2845.0,0.0,0.9696969696969697,1.0,0.9846153855323792,0.9846153855323792,0.9846153855323792,1120.0,0.2800000011920929
local,local,,,1,96,data_4000_4_3.5_chordal_rep00,val_epoch_task,val,cycle4,,23,,,,,,,,,4000,1068.0,34.0,2845.0,53.0,0.969147005444646,0.9527207850133809,0.9608636498451233,0.9608636498451233,0.9608636498451233,1121.0,0.28025001287460327
local,local,,,1,96,data_4000_4_3.5_chordal_rep00,val_epoch_task,val,cycle5,,23,,,,,,,,,4000,1018.0,59.0,2839.0,84.0,0.9452181987000928,0.9237749546279492,0.9343735575675964,0.9343735575675964,0.9343735575675964,1102.0,0.27549999952316284
local,local,,,1,96,data_4000_4_3.5_chordal_rep00,val_epoch_task,val,cycle6,,23,,,,,,,,,4000,878.0,406.0,2607.0,109.0,0.6838006230529595,0.889564336372847,0.7732276320457458,0.7732276320457458,0.7732276320457458,987.0,0.24674999713897705
local,local,,,1,96,data_4000_4_3.5_chordal_rep00,train_epoch,train,,,24,0.13516313356161117,,,,,,,,4000,,,,,,,,,,,
local,local,,,1,96,data_4000_4_3.5_chordal_rep00,val_epoch,val,,,24,,0.1930079385638237,0.9547,0.8167499899864197,0.9163434903047091,0.91876620054245,0.91876620054245,0.91876620054245,4000,,,,,,,,,,,
local,local,,,1,96,data_4000_4_3.5_chordal_rep00,val_epoch_task,val,cycle2,,24,,,,,,,,,4000,967.0,43.0,2990.0,0.0,0.9574257425742574,1.0,0.9782498478889465,0.9782498478889465,0.9782498478889465,967.0,0.24175000190734863
local,local,,,1,96,data_4000_4_3.5_chordal_rep00,val_epoch_task,val,cycle3,,24,,,,,,,,,4000,1065.0,22.0,2858.0,55.0,0.9797608095676172,0.9508928571428571,0.9651110172271729,0.9651110172271729,0.9651110172271729,1120.0,0.2800000011920929
local,local,,,1,96,data_4000_4_3.5_chordal_rep00,val_epoch_task,val,cycle4,,24,,,,,,,,,4000,1059.0,43.0,2836.0,62.0,0.9609800362976406,0.944692239072257,0.9527665376663208,0.9527665376663208,0.9527665376663208,1121.0,0.28025001287460327
local,local,,,1,96,data_4000_4_3.5_chordal_rep00,val_epoch_task,val,cycle5,,24,,,,,,,,,4000,951.0,48.0,2850.0,151.0,0.9519519519519519,0.8629764065335753,0.9052832126617432,0.9052832126617432,0.9052832126617432,1102.0,0.27549999952316284
local,local,,,1,96,data_4000_4_3.5_chordal_rep00,val_epoch_task,val,cycle6,,24,,,,,,,,,4000,920.0,415.0,2598.0,67.0,0.6891385767790262,0.9321175278622087,0.7924203872680664,0.7924203872680664,0.7924203872680664,987.0,0.24674999713897705
local,local,,,1,96,data_4000_4_3.5_chordal_rep00,train_epoch,train,,,25,0.13452742666006087,,,,,,,,4000,,,,,,,,,,,
local,local,,,1,96,data_4000_4_3.5_chordal_rep00,val_epoch,val,,,25,,0.1313526443243027,0.9587,0.8222500085830688,0.9261444921316165,0.9291903376579285,0.9291903376579285,0.9291903376579285,4000,,,,,,,,,,,
local,local,,,1,96,data_4000_4_3.5_chordal_rep00,val_epoch_task,val,cycle2,,25,,,,,,,,,4000,964.0,13.0,3020.0,3.0,0.9866939611054247,0.9968976215098242,0.9917696118354797,0.9917696118354797,0.9917696118354797,967.0,0.24175000190734863
local,local,,,1,96,data_4000_4_3.5_chordal_rep00,val_epoch_task,val,cycle3,,25,,,,,,,,,4000,1117.0,30.0,2850.0,3.0,0.97384481255449,0.9973214285714286,0.9854432940483093,0.9854432940483093,0.9854432940483093,1120.0,0.2800000011920929
local,local,,,1,96,data_4000_4_3.5_chordal_rep00,val_epoch_task,val,cycle4,,25,,,,,,,,,4000,1114.0,89.0,2790.0,7.0,0.9260182876142976,0.9937555753791257,0.9586919546127319,0.9586919546127319,0.9586919546127319,1121.0,0.28025001287460327
local,local,,,1,96,data_4000_4_3.5_chordal_rep00,val_epoch_task,val,cycle5,,25,,,,,,,,,4000,1062.0,115.0,2783.0,40.0,0.9022939677145284,0.9637023593466425,0.9319877028465271,0.9319877028465271,0.9319877028465271,1102.0,0.27549999952316284
local,local,,,1,96,data_4000_4_3.5_chordal_rep00,val_epoch_task,val,cycle6,,25,,,,,,,,,4000,922.0,461.0,2552.0,65.0,0.6666666666666666,0.9341438703140831,0.7780590653419495,0.7780590653419495,0.7780590653419495,987.0,0.24674999713897705
local,local,,,1,96,data_4000_4_3.5_chordal_rep00,train_epoch,train,,,26,0.13695798790454863,,,,,,,,4000,,,,,,,,,,,
local,local,,,1,96,data_4000_4_3.5_chordal_rep00,val_epoch,val,,,26,,0.13484279173612596,0.95935,0.828499972820282,0.9271570647791417,0.9307419061660767,0.9307419061660767,0.9307419061660767,4000,,,,,,,,,,,
local,local,,,1,96,data_4000_4_3.5_chordal_rep00,val_epoch_task,val,cycle2,,26,,,,,,,,,4000,967.0,24.0,3009.0,0.0,0.9757820383451059,1.0,0.9877426028251648,0.9877426028251648,0.9877426028251648,967.0,0.24175000190734863
local,local,,,1,96,data_4000_4_3.5_chordal_rep00,val_epoch_task,val,cycle3,,26,,,,,,,,,4000,1120.0,37.0,2843.0,0.0,0.9680207433016422,1.0,0.983750581741333,0.983750581741333,0.983750581741333,1120.0,0.2800000011920929
local,local,,,1,96,data_4000_4_3.5_chordal_rep00,val_epoch_task,val,cycle4,,26,,,,,,,,,4000,1101.0,56.0,2823.0,20.0,0.9515989628349178,0.9821587867975022,0.966637372970581,0.966637372970581,0.966637372970581,1121.0,0.28025001287460327
local,local,,,1,96,data_4000_4_3.5_chordal_rep00,val_epoch_task,val,cycle5,,26,,,,,,,,,4000,1036.0,85.0,2813.0,66.0,0.9241748438893844,0.9401088929219601,0.9320737719535828,0.9320737719535828,0.9320737719535828,1102.0,0.27549999952316284
local,local,,,1,96,data_4000_4_3.5_chordal_rep00,val_epoch_task,val,cycle6,,26,,,,,,,,,4000,950.0,488.0,2525.0,37.0,0.6606397774687065,0.9625126646403243,0.7835051417350769,0.7835051417350769,0.7835051417350769,987.0,0.24674999713897705
local,local,,,1,96,data_4000_4_3.5_chordal_rep00,train_epoch,train,,,27,0.124217905908823,,,,,,,,4000,,,,,,,,,,,
local,local,,,1,96,data_4000_4_3.5_chordal_rep00,val_epoch,val,,,27,,0.1380658068060875,0.96255,0.840749979019165,0.9312402460295603,0.9319064021110535,0.9319064021110535,0.9319064021110535,4000,,,,,,,,,,,
local,local,,,1,96,data_4000_4_3.5_chordal_rep00,val_epoch_task,val,cycle2,,27,,,,,,,,,4000,967.0,17.0,3016.0,0.0,0.9827235772357723,1.0,0.9912865161895752,0.9912865161895752,0.9912865161895752,967.0,0.24175000190734863
local,local,,,1,96,data_4000_4_3.5_chordal_rep00,val_epoch_task,val,cycle3,,27,,,,,,,,,4000,1119.0,27.0,2853.0,1.0,0.9764397905759162,0.9991071428571429,0.9876434206962585,0.9876434206962585,0.9876434206962585,1120.0,0.2800000011920929
local,local,,,1,96,data_4000_4_3.5_chordal_rep00,val_epoch_task,val,cycle4,,27,,,,,,,,,4000,1088.0,39.0,2840.0,33.0,0.9653948535936113,0.9705619982158786,0.9679715037345886,0.9679715037345886,0.9679715037345886,1121.0,0.28025001287460327
local,local,,,1,96,data_4000_4_3.5_chordal_rep00,val_epoch_task,val,cycle5,,27,,,,,,,,,4000,1040.0,102.0,2796.0,62.0,0.9106830122591943,0.9437386569872959,0.926916241645813,0.926916241645813,0.926916241645813,1102.0,0.27549999952316284
local,local,,,1,96,data_4000_4_3.5_chordal_rep00,val_epoch_task,val,cycle6,,27,,,,,,,,,4000,858.0,339.0,2674.0,129.0,0.7167919799498746,0.8693009118541033,0.7857142686843872,0.7857142686843872,0.7857142686843872,987.0,0.24674999713897705
local,local,,,1,96,data_4000_4_3.5_chordal_rep00,train_epoch,train,,,28,0.13951526057720184,,,,,,,,4000,,,,,,,,,,,
local,local,,,1,96,data_4000_4_3.5_chordal_rep00,val_epoch,val,,,28,,0.1415385386943817,0.95985,0.8297500014305115,0.9272447222977259,0.9287667274475098,0.9287667274475098,0.9287667274475098,4000,,,,,,,,,,,
local,local,,,1,96,data_4000_4_3.5_chordal_rep00,val_epoch_task,val,cycle2,,28,,,,,,,,,4000,967.0,14.0,3019.0,0.0,0.9857288481141692,1.0,0.9928131699562073,0.9928131699562073,0.9928131699562073,967.0,0.24175000190734863
local,local,,,1,96,data_4000_4_3.5_chordal_rep00,val_epoch_task,val,cycle3,,28,,,,,,,,,4000,1115.0,30.0,2850.0,5.0,0.9737991266375546,0.9955357142857143,0.9845474362373352,0.9845474362373352,0.9845474362373352,1120.0,0.2800000011920929
local,local,,,1,96,data_4000_4_3.5_chordal_rep00,val_epoch_task,val,cycle4,,28,,,,,,,,,4000,1104.0,85.0,2794.0,17.0,0.928511354079058,0.9848349687778769,0.9558442234992981,0.9558442234992981,0.9558442234992981,1121.0,0.28025001287460327
local,local,,,1,96,data_4000_4_3.5_chordal_rep00,val_epoch_task,val,cycle5,,28,,,,,,,,,4000,1058.0,104.0,2794.0,44.0,0.9104991394148021,0.9600725952813067,0.934628963470459,0.934628963470459,0.934628963470459,1102.0,0.27549999952316284
local,local,,,1,96,data_4000_4_3.5_chordal_rep00,val_epoch_task,val,cycle6,,28,,,,,,,,,4000,873.0,390.0,2623.0,114.0,0.6912114014251781,0.8844984802431611,0.7760000228881836,0.7760000228881836,0.7760000228881836,987.0,0.24674999713897705
local,local,,,1,96,data_4000_4_3.5_chordal_rep00,train_epoch,train,,,29,0.12829889363050462,,,,,,,,4000,,,,,,,,,,,
local,local,,,1,96,data_4000_4_3.5_chordal_rep00,val_epoch,val,,,29,,0.12375844621658325,0.96595,0.859250009059906,0.9380740201873239,0.9387315511703491,0.9387315511703491,0.9387315511703491,4000,,,,,,,,,,,
local,local,,,1,96,data_4000_4_3.5_chordal_rep00,val_epoch_task,val,cycle2,,29,,,,,,,,,4000,966.0,18.0,3015.0,1.0,0.9817073170731707,0.9989658738366081,0.9902613759040833,0.9902613759040833,0.9902613759040833,967.0,0.24175000190734863
local,local,,,1,96,data_4000_4_3.5_chordal_rep00,val_epoch_task,val,cycle3,,29,,,,,,,,,4000,1120.0,36.0,2844.0,0.0,0.9688581314878892,1.0,0.9841827750205994,0.9841827750205994,0.9841827750205994,1120.0,0.2800000011920929
local,local,,,1,96,data_4000_4_3.5_chordal_rep00,val_epoch_task,val,cycle4,,29,,,,,,,,,4000,1094.0,48.0,2831.0,27.0,0.957968476357268,0.975914362176628,0.9668582081794739,0.9668582081794739,0.9668582081794739,1121.0,0.28025001287460327
local,local,,,1,96,data_4000_4_3.5_chordal_rep00,val_epoch_task,val,cycle5,,29,,,,,,,,,4000,1078.0,140.0,2758.0,24.0,0.8850574712643678,0.9782214156079855,0.9293103218078613,0.9293103218078613,0.9293103218078613,1102.0,0.27549999952316284
local,local,,,1,96,data_4000_4_3.5_chordal_rep00,val_epoch_task,val,cycle6,,29,,,,,,,,,4000,900.0,300.0,2713.0,87.0,0.75,0.9118541033434651,0.8230453133583069,0.8230453133583069,0.8230453133583069,987.0,0.24674999713897705
local,local,,,1,96,data_4000_4_3.5_chordal_rep00,train_epoch,train,,,30,0.12071490523219108,,,,,,,,4000,,,,,,,,,,,
local,local,,,1,96,data_4000_4_3.5_chordal_rep00,val_epoch,val,,,30,,0.12337851333618165,0.96535,0.8514999747276306,0.9366371034104416,0.9380935430526733,0.9380935430526733,0.9380935430526733,4000,,,,,,,,,,,
local,local,,,1,96,data_4000_4_3.5_chordal_rep00,val_epoch_task,val,cycle2,,30,,,,,,,,,4000,966.0,11.0,3022.0,1.0,0.9887410440122825,0.9989658738366081,0.9938271045684814,0.9938271045684814,0.9938271045684814,967.0,0.24175000190734863
local,local,,,1,96,data_4000_4_3.5_chordal_rep00,val_epoch_task,val,cycle3,,30,,,,,,,,,4000,1119.0,24.0,2856.0,1.0,0.979002624671916,0.9991071428571429,0.9889526963233948,0.9889526963233948,0.9889526963233948,1120.0,0.2800000011920929
local,local,,,1,96,data_4000_4_3.5_chordal_rep00,val_epoch_task,val,cycle4,,30,,,,,,,,,4000,1107.0,41.0,2838.0,14.0,0.9642857142857143,0.9875111507582516,0.9757602214813232,0.9757602214813232,0.9757602214813232,1121.0,0.28025001287460327
local,local,,,1,96,data_4000_4_3.5_chordal_rep00,val_epoch_task,val,cycle5,,30,,,,,,,,,4000,1021.0,82.0,2816.0,81.0,0.9256572982774252,0.926497277676951,0.9260770678520203,0.9260770678520203,0.9260770678520203,1102.0,0.27549999952316284
local,local,,,1,96,data_4000_4_3.5_chordal_rep00,val_epoch_task,val,cycle6,,30,,,,,,,,,4000,909.0,360.0,2653.0,78.0,0.7163120567375887,0.9209726443768997,0.8058510422706604,0.8058510422706604,0.8058510422706604,987.0,0.24674999713897705
local,local,,,1,96,data_4000_4_3.5_chordal_rep00,train_epoch,train,,,31,0.136271203905344,,,,,,,,4000,,,,,,,,,,,
local,local,,,1,96,data_4000_4_3.5_chordal_rep00,val_epoch,val,,,31,,0.1537330720424652,0.9648,0.8542500138282776,0.9339091250469397,0.933210015296936,0.933210015296936,0.933210015296936,4000,,,,,,,,,,,
local,local,,,1,96,data_4000_4_3.5_chordal_rep00,val_epoch_task,val,cycle2,,31,,,,,,,,,4000,966.0,15.0,3018.0,1.0,0.9847094801223242,0.9989658738366081,0.9917864203453064,0.9917864203453064,0.9917864203453064,967.0,0.24175000190734863
local,local,,,1,96,data_4000_4_3.5_chordal_rep00,val_epoch_task,val,cycle3,,31,,,,,,,,,4000,1120.0,28.0,2852.0,0.0,0.975609756097561,1.0,0.9876543283462524,0.9876543283462524,0.9876543283462524,1120.0,0.2800000011920929
local,local,,,1,96,data_4000_4_3.5_chordal_rep00,val_epoch_task,val,cycle4,,31,,,,,,,,,4000,1074.0,26.0,2853.0,47.0,0.9763636363636363,0.9580731489741302,0.9671319127082825,0.9671319127082825,0.9671319127082825,1121.0,0.28025001287460327
local,local,,,1,96,data_4000_4_3.5_chordal_rep00,val_epoch_task,val,cycle5,,31,,,,,,,,,4000,986.0,54.0,2844.0,116.0,0.948076923076923,0.8947368421052632,0.9206348657608032,0.9206348657608032,0.9206348657608032,1102.0,0.27549999952316284
local,local,,,1,96,data_4000_4_3.5_chordal_rep00,val_epoch_task,val,cycle6,,31,,,,,,,,,4000,828.0,258.0,2755.0,159.0,0.7624309392265194,0.8389057750759878,0.7988422513008118,0.7988422513008118,0.7988422513008118,987.0,0.24674999713897705
local,local,,,1,96,data_4000_4_3.5_chordal_rep00,train_epoch,train,,,32,0.12805921924114227,,,,,,,,4000,,,,,,,,,,,
local,local,,,1,96,data_4000_4_3.5_chordal_rep00,val_epoch,val,,,32,,0.1416799482703209,0.95815,0.8259999752044678,0.9243834131357846,0.9267368316650391,0.9267368316650391,0.9267368316650391,4000,,,,,,,,,,,
local,local,,,1,96,data_4000_4_3.5_chordal_rep00,val_epoch_task,val,cycle2,,32,,,,,,,,,4000,965.0,12.0,3021.0,2.0,0.9877175025588536,0.9979317476732161,0.9927983283996582,0.9927983283996582,0.9927983283996582,967.0,0.24175000190734863
local,local,,,1,96,data_4000_4_3.5_chordal_rep00,val_epoch_task,val,cycle3,,32,,,,,,,,,4000,1111.0,48.0,2832.0,9.0,0.9585849870578085,0.9919642857142857,0.9749889969825745,0.9749889969825745,0.9749889969825745,1120.0,0.2800000011920929
local,local,,,1,96,data_4000_4_3.5_chordal_rep00,val_epoch_task,val,cycle4,,32,,,,,,,,,4000,1087.0,54.0,2825.0,34.0,0.9526730937773883,0.9696699375557538,0.9610963463783264,0.9610963463783264,0.9610963463783264,1121.0,0.28025001287460327
local,local,,,1,96,data_4000_4_3.5_chordal_rep00,val_epoch_task,val,cycle5,,32,,,,,,,,,4000,1062.0,119.0,2779.0,40.0,0.8992379339542761,0.9637023593466425,0.9303547739982605,0.9303547739982605,0.9303547739982605,1102.0,0.27549999952316284
local,local,,,1,96,data_4000_4_3.5_chordal_rep00,val_epoch_task,val,cycle6,,32,,,,,,,,,4000,891.0,423.0,2590.0,96.0,0.678082191780822,0.9027355623100304,0.7744459509849548,0.7744459509849548,0.7744459509849548,987.0,0.24674999713897705
local,local,,,1,96,data_4000_4_3.5_chordal_rep00,train_epoch,train,,,33,0.11834235203266144,,,,,,,,4000,,,,,,,,,,,
local,local,,,1,96,data_4000_4_3.5_chordal_rep00,val_epoch,val,,,33,,0.12374874538183213,0.9645,0.8514999747276306,0.9356534348377741,0.9372638463973999,0.9372638463973999,0.9372638463973999,4000,,,,,,,,,,,
local,local,,,1,96,data_4000_4_3.5_chordal_rep00,val_epoch_task,val,cycle2,,33,,,,,,,,,4000,967.0,14.0,3019.0,0.0,0.9857288481141692,1.0,0.9928131699562073,0.9928131699562073,0.9928131699562073,967.0,0.24175000190734863
local,local,,,1,96,data_4000_4_3.5_chordal_rep00,val_epoch_task,val,cycle3,,33,,,,,,,,,4000,1118.0,29.0,2851.0,2.0,0.974716652136007,0.9982142857142857,0.9863255620002747,0.9863255620002747,0.9863255620002747,1120.0,0.2800000011920929
local,local,,,1,96,data_4000_4_3.5_chordal_rep00,val_epoch_task,val,cycle4,,33,,,,,,,,,4000,1107.0,59.0,2820.0,14.0,0.9493996569468267,0.9875111507582516,0.9680804014205933,0.9680804014205933,0.9680804014205933,1121.0,0.28025001287460327
local,local,,,1,96,data_4000_4_3.5_chordal_rep00,val_epoch_task,val,cycle5,,33,,,,,,,,,4000,1058.0,100.0,2798.0,44.0,0.9136442141623489,0.9600725952813067,0.9362831115722656,0.9362831115722656,0.9362831115722656,1102.0,0.27549999952316284
local,local,,,1,96,data_4000_4_3.5_chordal_rep00,val_epoch_task,val,cycle6,,33,,,,,,,,,4000,912.0,373.0,2640.0,75.0,0.709727626459144,0.9240121580547113,0.8028169274330139,0.8028169274330139,0.8028169274330139,987.0,0.24674999713897705
local,local,,,1,96,data_4000_4_3.5_chordal_rep00,train_epoch,train,,,34,0.12369916388392449,,,,,,,,4000,,,,,,,,,,,
local,local,,,1,96,data_4000_4_3.5_chordal_rep00,val_epoch,val,,,34,,0.2228092323541641,0.94785,0.7950000166893005,0.9026234711978339,0.9059827923774719,0.9059827923774719,0.9059827923774719,4000,,,,,,,,,,,
local,local,,,1,96,data_4000_4_3.5_chordal_rep00,val_epoch_task,val,cycle2,,34,,,,,,,,,4000,967.0,36.0,2997.0,0.0,0.9641076769690927,1.0,0.9817258715629578,0.9817258715629578,0.9817258715629578,967.0,0.24175000190734863
local,local,,,1,96,data_4000_4_3.5_chordal_rep00,val_epoch_task,val,cycle3,,34,,,,,,,,,4000,989.0,12.0,2868.0,131.0,0.988011988011988,0.8830357142857143,0.932578980922699,0.932578980922699,0.932578980922699,1120.0,0.2800000011920929
local,local,,,1,96,data_4000_4_3.5_chordal_rep00,val_epoch_task,val,cycle4,,34,,,,,,,,,4000,1013.0,39.0,2840.0,108.0,0.9629277566539924,0.903657448706512,0.9323515295982361,0.9323515295982361,0.9323515295982361,1121.0,0.28025001287460327
local,local,,,1,96,data_4000_4_3.5_chordal_rep00,val_epoch_task,val,cycle5,,34,,,,,,,,,4000,950.0,61.0,2837.0,152.0,0.9396636993076162,0.8620689655172413,0.8991954326629639,0.8991954326629639,0.8991954326629639,1102.0,0.27549999952316284
local,local,,,1,96,data_4000_4_3.5_chordal_rep00,val_epoch_task,val,cycle6,,34,,,,,,,,,4000,915.0,432.0,2581.0,72.0,0.6792873051224945,0.9270516717325228,0.7840617299079895,0.7840617299079895,0.7840617299079895,987.0,0.24674999713897705
local,local,,,1,96,data_4000_4_3.5_chordal_rep00,train_epoch,train,,,35,0.1226853129863739,,,,,,,,4000,,,,,,,,,,,
local,local,,,1,96,data_4000_4_3.5_chordal_rep00,val_epoch,val,,,35,,0.11887143594026565,0.96555,0.8552500009536743,0.9373123464652897,0.9373040199279785,0.9373040199279785,0.9373040199279785,4000,,,,,,,,,,,
local,local,,,1,96,data_4000_4_3.5_chordal_rep00,val_epoch_task,val,cycle2,,35,,,,,,,,,4000,967.0,21.0,3012.0,0.0,0.978744939271255,1.0,0.9892582893371582,0.9892582893371582,0.9892582893371582,967.0,0.24175000190734863
local,local,,,1,96,data_4000_4_3.5_chordal_rep00,val_epoch_task,val,cycle3,,35,,,,,,,,,4000,1120.0,25.0,2855.0,0.0,0.9781659388646288,1.0,0.9889624714851379,0.9889624714851379,0.9889624714851379,1120.0,0.2800000011920929
local,local,,,1,96,data_4000_4_3.5_chordal_rep00,val_epoch_task,val,cycle4,,35,,,,,,,,,4000,1110.0,47.0,2832.0,11.0,0.9593777009507347,0.9901873327386262,0.9745391011238098,0.9745391011238098,0.9745391011238098,1121.0,0.28025001287460327
local,local,,,1,96,data_4000_4_3.5_chordal_rep00,val_epoch_task,val,cycle5,,35,,,,,,,,,4000,1090.0,182.0,2716.0,12.0,0.8569182389937107,0.9891107078039928,0.9182813763618469,0.9182813763618469,0.9182813763618469,1102.0,0.27549999952316284
local,local,,,1,96,data_4000_4_3.5_chordal_rep00,val_epoch_task,val,cycle6,,35,,,,,,,,,4000,864.0,268.0,2745.0,123.0,0.7632508833922261,0.8753799392097265,0.8154789805412292,0.8154789805412292,0.8154789805412292,987.0,0.24674999713897705
local,local,,,1,96,data_4000_4_3.5_chordal_rep00,train_epoch,train,,,36,0.11540079861879349,,,,,,,,4000,,,,,,,,,,,
local,local,,,1,96,data_4000_4_3.5_chordal_rep00,val_epoch,val,,,36,,0.11686668506264687,0.96415,0.8482499718666077,0.9354112242140348,0.9381282925605774,0.9381282925605774,0.9381282925605774,4000,,,,,,,,,,,
local,local,,,1,96,data_4000_4_3.5_chordal_rep00,val_epoch_task,val,cycle2,,36,,,,,,,,,4000,967.0,15.0,3018.0,0.0,0.984725050916497,1.0,0.9923037886619568,0.9923037886619568,0.9923037886619568,967.0,0.24175000190734863
local,local,,,1,96,data_4000_4_3.5_chordal_rep00,val_epoch_task,val,cycle3,,36,,,,,,,,,4000,1119.0,25.0,2855.0,1.0,0.9781468531468531,0.9991071428571429,0.9885159134864807,0.9885159134864807,0.9885159134864807,1120.0,0.2800000011920929
local,local,,,1,96,data_4000_4_3.5_chordal_rep00,val_epoch_task,val,cycle4,,36,,,,,,,,,4000,1112.0,35.0,2844.0,9.0,0.969485614646905,0.991971454058876,0.9805996417999268,0.9805996417999268,0.9805996417999268,1121.0,0.28025001287460327
local,local,,,1,96,data_4000_4_3.5_chordal_rep00,val_epoch_task,val,cycle5,,36,,,,,,,,,4000,1061.0,102.0,2796.0,41.0,0.9122957867583835,0.9627949183303085,0.9368653893470764,0.9368653893470764,0.9368653893470764,1102.0,0.27549999952316284
local,local,,,1,96,data_4000_4_3.5_chordal_rep00,val_epoch_task,val,cycle6,,36,,,,,,,,,4000,933.0,435.0,2578.0,54.0,0.6820175438596491,0.9452887537993921,0.7923567295074463,0.7923567295074463,0.7923567295074463,987.0,0.24674999713897705
local,local,,,1,96,data_4000_4_3.5_chordal_rep00,train_epoch,train,,,37,0.1223920497894287,,,,,,,,4000,,,,,,,,,,,
local,local,,,1,96,data_4000_4_3.5_chordal_rep00,val_epoch,val,,,37,,0.14676169580221177,0.94885,0.7940000295639038,0.9113133940182054,0.9160724878311157,0.9160724878311157,0.9160724878311157,4000,,,,,,,,,,,
local,local,,,1,96,data_4000_4_3.5_chordal_rep00,val_epoch_task,val,cycle2,,37,,,,,,,,,4000,967.0,29.0,3004.0,0.0,0.9708835341365462,1.0,0.9852266907691956,0.9852266907691956,0.9852266907691956,967.0,0.24175000190734863
local,local,,,1,96,data_4000_4_3.5_chordal_rep00,val_epoch_task,val,cycle3,,37,,,,,,,,,4000,1120.0,60.0,2820.0,0.0,0.9491525423728814,1.0,0.9739130735397339,0.9739130735397339,0.9739130735397339,1120.0,0.2800000011920929
local,local,,,1,96,data_4000_4_3.5_chordal_rep00,val_epoch_task,val,cycle4,,37,,,,,,,,,4000,1112.0,59.0,2820.0,9.0,0.9496157130657558,0.991971454058876,0.9703315496444702,0.9703315496444702,0.9703315496444702,1121.0,0.28025001287460327
local,local,,,1,96,data_4000_4_3.5_chordal_rep00,val_epoch_task,val,cycle5,,37,,,,,,,,,4000,1099.0,326.0,2572.0,3.0,0.7712280701754386,0.9972776769509982,0.8698061108589172,0.8698061108589172,0.8698061108589172,1102.0,0.27549999952316284
local,local,,,1,96,data_4000_4_3.5_chordal_rep00,val_epoch_task,val,cycle6,,37,,,,,,,,,4000,958.0,508.0,2505.0,29.0,0.6534788540245566,0.9706180344478217,0.781084418296814,0.781084418296814,0.781084418296814,987.0,0.24674999713897705
local,local,,,1,96,data_4000_4_3.5_chordal_rep00,train_epoch,train,,,38,0.12673023247718812,,,,,,,,4000,,,,,,,,,,,
local,local,,,1,96,data_4000_4_3.5_chordal_rep00,val_epoch,val,,,38,,0.1414736642241478,0.9658,0.8585000038146973,0.9367252543940795,0.9351931810379028,0.9351931810379028,0.9351931810379028,4000,,,,,,,,,,,
local,local,,,1,96,data_4000_4_3.5_chordal_rep00,val_epoch_task,val,cycle2,,38,,,,,,,,,4000,965.0,29.0,3004.0,2.0,0.9708249496981891,0.9979317476732161,0.9841917157173157,0.9841917157173157,0.9841917157173157,967.0,0.24175000190734863
local,local,,,1,96,data_4000_4_3.5_chordal_rep00,val_epoch_task,val,cycle3,,38,,,,,,,,,4000,1120.0,69.0,2811.0,0.0,0.9419680403700589,1.0,0.9701169729232788,0.9701169729232788,0.9701169729232788,1120.0,0.2800000011920929
local,local,,,1,96,data_4000_4_3.5_chordal_rep00,val_epoch_task,val,cycle4,,38,,,,,,,,,4000,1094.0,42.0,2837.0,27.0,0.9630281690140845,0.975914362176628,0.9694284796714783,0.9694284796714783,0.9694284796714783,1121.0,0.28025001287460327
local,local,,,1,96,data_4000_4_3.5_chordal_rep00,val_epoch_task,val,cycle5,,38,,,,,,,,,4000,1063.0,117.0,2781.0,39.0,0.9008474576271186,0.9646098003629764,0.9316388964653015,0.9316388964653015,0.9316388964653015,1102.0,0.27549999952316284
local,local,,,1,96,data_4000_4_3.5_chordal_rep00,val_epoch_task,val,cycle6,,38,,,,,,,,,4000,821.0,193.0,2820.0,166.0,0.8096646942800789,0.8318135764944276,0.8205896615982056,0.8205896615982056,0.8205896615982056,987.0,0.24674999713897705
local,local,,,1,96,data_4000_4_3.5_chordal_rep00,train_epoch,train,,,39,0.11498766869306565,,,,,,,,4000,,,,,,,,,,,
local,local,,,1,96,data_4000_4_3.5_chordal_rep00,val_epoch,val,,,39,,0.12466949248313904,0.96705,0.8632500171661377,0.9394245794650243,0.9392216801643372,0.9392216801643372,0.9392216801643372,4000,,,,,,,,,,,
local,local,,,1,96,data_4000_4_3.5_chordal_rep00,val_epoch_task,val,cycle2,,39,,,,,,,,,4000,967.0,27.0,3006.0,0.0,0.9728370221327968,1.0,0.9862315654754639,0.9862315654754639,0.9862315654754639,967.0,0.24175000190734863
local,local,,,1,96,data_4000_4_3.5_chordal_rep00,val_epoch_task,val,cycle3,,39,,,,,,,,,4000,1119.0,27.0,2853.0,1.0,0.9764397905759162,0.9991071428571429,0.9876434206962585,0.9876434206962585,0.9876434206962585,1120.0,0.2800000011920929
local,local,,,1,96,data_4000_4_3.5_chordal_rep00,val_epoch_task,val,cycle4,,39,,,,,,,,,4000,1099.0,36.0,2843.0,22.0,0.9682819383259912,0.9803746654772525,0.9742907881736755,0.9742907881736755,0.9742907881736755,1121.0,0.28025001287460327
local,local,,,1,96,data_4000_4_3.5_chordal_rep00,val_epoch_task,val,cycle5,,39,,,,,,,,,4000,1060.0,99.0,2799.0,42.0,0.91458153580673,0.9618874773139746,0.9376381635665894,0.9376381635665894,0.9376381635665894,1102.0,0.27549999952316284
local,local,,,1,96,data_4000_4_3.5_chordal_rep00,val_epoch_task,val,cycle6,,39,,,,,,,,,4000,865.0,283.0,2730.0,122.0,0.7534843205574913,0.8763931104356636,0.8103044629096985,0.8103044629096985,0.8103044629096985,987.0,0.24674999713897705
local,local,,,1,96,data_4000_4_3.5_chordal_rep00,train_epoch,train,,,40,0.11375293725728988,,,,,,,,4000,,,,,,,,,,,
local,local,,,1,96,data_4000_4_3.5_chordal_rep00,val_epoch,val,,,40,,0.1576463628411293,0.9652,0.8547499775886536,0.934463276836158,0.9328842163085938,0.9328842163085938,0.9328842163085938,4000,,,,,,,,,,,
local,local,,,1,96,data_4000_4_3.5_chordal_rep00,val_epoch_task,val,cycle2,,40,,,,,,,,,4000,967.0,32.0,3001.0,0.0,0.9679679679679679,1.0,0.9837232828140259,0.9837232828140259,0.9837232828140259,967.0,0.24175000190734863
local,local,,,1,96,data_4000_4_3.5_chordal_rep00,val_epoch_task,val,cycle3,,40,,,,,,,,,4000,1110.0,20.0,2860.0,10.0,0.9823008849557522,0.9910714285714286,0.9866666793823242,0.9866666793823242,0.9866666793823242,1120.0,0.2800000011920929
local,local,,,1,96,data_4000_4_3.5_chordal_rep00,val_epoch_task,val,cycle4,,40,,,,,,,,,4000,1062.0,22.0,2857.0,59.0,0.9797047970479705,0.9473684210526315,0.9632652997970581,0.9632652997970581,0.9632652997970581,1121.0,0.28025001287460327
local,local,,,1,96,data_4000_4_3.5_chordal_rep00,val_epoch_task,val,cycle5,,40,,,,,,,,,4000,1019.0,79.0,2819.0,83.0,0.9280510018214936,0.9246823956442831,0.9263635873794556,0.9263635873794556,0.9263635873794556,1102.0,0.27549999952316284
local,local,,,1,96,data_4000_4_3.5_chordal_rep00,val_epoch_task,val,cycle6,,40,,,,,,,,,4000,804.0,208.0,2805.0,183.0,0.7944664031620553,0.8145896656534954,0.804402232170105,0.804402232170105,0.804402232170105,987.0,0.24674999713897705
local,local,,,1,96,data_4000_4_3.5_chordal_rep00,train_epoch,train,,,41,0.11666188418865203,,,,,,,,4000,,,,,,,,,,,
local,local,,,1,96,data_4000_4_3.5_chordal_rep00,val_epoch,val,,,41,,0.13116734570264815,0.95555,0.8182500004768372,0.9216118508068071,0.925258994102478,0.925258994102478,0.925258994102478,4000,,,,,,,,,,,
local,local,,,1,96,data_4000_4_3.5_chordal_rep00,val_epoch_task,val,cycle2,,41,,,,,,,,,4000,967.0,22.0,3011.0,0.0,0.9777553083923155,1.0,0.988752543926239,0.988752543926239,0.988752543926239,967.0,0.24175000190734863
local,local,,,1,96,data_4000_4_3.5_chordal_rep00,val_epoch_task,val,cycle3,,41,,,,,,,,,4000,1119.0,34.0,2846.0,1.0,0.9705117085862967,0.9991071428571429,0.9846019148826599,0.9846019148826599,0.9846019148826599,1120.0,0.2800000011920929
local,local,,,1,96,data_4000_4_3.5_chordal_rep00,val_epoch_task,val,cycle4,,41,,,,,,,,,4000,1113.0,76.0,2803.0,8.0,0.936080740117746,0.9928635147190009,0.9636363387107849,0.9636363387107849,0.9636363387107849,1121.0,0.28025001287460327
local,local,,,1,96,data_4000_4_3.5_chordal_rep00,val_epoch_task,val,cycle5,,41,,,,,,,,,4000,1088.0,196.0,2702.0,14.0,0.8473520249221184,0.9872958257713249,0.9119865894317627,0.9119865894317627,0.9119865894317627,1102.0,0.27549999952316284
local,local,,,1,96,data_4000_4_3.5_chordal_rep00,val_epoch_task,val,cycle6,,41,,,,,,,,,4000,939.0,490.0,2523.0,48.0,0.6571028691392582,0.9513677811550152,0.7773178815841675,0.7773178815841675,0.7773178815841675,987.0,0.24674999713897705
local,local,,,1,96,data_4000_4_3.5_chordal_rep00,train_epoch,train,,,42,0.11468198961019516,,,,,,,,4000,,,,,,,,,,,
local,local,,,1,96,data_4000_4_3.5_chordal_rep00,val_epoch,val,,,42,,0.12527401512861253,0.9706,0.8767499923706055,0.9454444238263128,0.9446064233779907,0.9446064233779907,0.9446064233779907,4000,,,,,,,,,,,
local,local,,,1,96,data_4000_4_3.5_chordal_rep00,val_epoch_task,val,cycle2,,42,,,,,,,,,4000,967.0,29.0,3004.0,0.0,0.9708835341365462,1.0,0.9852266907691956,0.9852266907691956,0.9852266907691956,967.0,0.24175000190734863
local,local,,,1,96,data_4000_4_3.5_chordal_rep00,val_epoch_task,val,cycle3,,42,,,,,,,,,4000,1119.0,28.0,2852.0,1.0,0.9755884917175239,0.9991071428571429,0.9872077703475952,0.9872077703475952,0.9872077703475952,1120.0,0.2800000011920929
local,local,,,1,96,data_4000_4_3.5_chordal_rep00,val_epoch_task,val,cycle4,,42,,,,,,,,,4000,1085.0,17.0,2862.0,36.0,0.984573502722323,0.967885816235504,0.9761583209037781,0.9761583209037781,0.9761583209037781,1121.0,0.28025001287460327
local,local,,,1,96,data_4000_4_3.5_chordal_rep00,val_epoch_task,val,cycle5,,42,,,,,,,,,4000,1065.0,93.0,2805.0,37.0,0.9196891191709845,0.9664246823956443,0.942477822303772,0.942477822303772,0.942477822303772,1102.0,0.27549999952316284
local,local,,,1,96,data_4000_4_3.5_chordal_rep00,val_epoch_task,val,cycle6,,42,,,,,,,,,4000,859.0,219.0,2794.0,128.0,0.7968460111317254,0.8703140830800405,0.8319612741470337,0.8319612741470337,0.8319612741470337,987.0,0.24674999713897705
local,local,,,1,96,data_4000_4_3.5_chordal_rep00,train_epoch,train,,,43,0.10573388969898224,,,,,,,,4000,,,,,,,,,,,
local,local,,,1,96,data_4000_4_3.5_chordal_rep00,val_epoch,val,,,43,,0.1237003054022789,0.97245,0.8817499876022339,0.9486630019565824,0.9481459856033325,0.9481459856033325,0.9481459856033325,4000,,,,,,,,,,,
local,local,,,1,96,data_4000_4_3.5_chordal_rep00,val_epoch_task,val,cycle2,,43,,,,,,,,,4000,967.0,11.0,3022.0,0.0,0.9887525562372188,1.0,0.9943444132804871,0.9943444132804871,0.9943444132804871,967.0,0.24175000190734863
local,local,,,1,96,data_4000_4_3.5_chordal_rep00,val_epoch_task,val,cycle3,,43,,,,,,,,,4000,1117.0,15.0,2865.0,3.0,0.9867491166077739,0.9973214285714286,0.9920070767402649,0.9920070767402649,0.9920070767402649,1120.0,0.2800000011920929
local,local,,,1,96,data_4000_4_3.5_chordal_rep00,val_epoch_task,val,cycle4,,43,,,,,,,,,4000,1102.0,25.0,2854.0,19.0,0.9778172138420586,0.9830508474576272,0.9804270267486572,0.9804270267486572,0.9804270267486572,1121.0,0.28025001287460327
local,local,,,1,96,data_4000_4_3.5_chordal_rep00,val_epoch_task,val,cycle5,,43,,,,,,,,,4000,1037.0,68.0,2830.0,65.0,0.9384615384615385,0.941016333938294,0.9397371411323547,0.9397371411323547,0.9397371411323547,1102.0,0.27549999952316284
local,local,,,1,96,data_4000_4_3.5_chordal_rep00,val_epoch_task,val,cycle6,,43,,,,,,,,,4000,868.0,226.0,2787.0,119.0,0.793418647166362,0.8794326241134752,0.8342143297195435,0.8342143297195435,0.8342143297195435,987.0,0.24674999713897705
local,local,,,1,96,data_4000_4_3.5_chordal_rep00,train_epoch,train,,,44,0.1047440013885498,,,,,,,,4000,,,,,,,,,,,
local,local,,,1,96,data_4000_4_3.5_chordal_rep00,val_epoch,val,,,44,,0.1560136706829071,0.95115,0.7957500219345093,0.9149325206791467,0.9204589128494263,0.9204589128494263,0.9204589128494263,4000,,,,,,,,,,,
local,local,,,1,96,data_4000_4_3.5_chordal_rep00,val_epoch_task,val,cycle2,,44,,,,,,,,,4000,967.0,21.0,3012.0,0.0,0.978744939271255,1.0,0.9892582893371582,0.9892582893371582,0.9892582893371582,967.0,0.24175000190734863
local,local,,,1,96,data_4000_4_3.5_chordal_rep00,val_epoch_task,val,cycle3,,44,,,,,,,,,4000,1120.0,57.0,2823.0,0.0,0.9515717926932881,1.0,0.9751850366592407,0.9751850366592407,0.9751850366592407,1120.0,0.2800000011920929
local,local,,,1,96,data_4000_4_3.5_chordal_rep00,val_epoch_task,val,cycle4,,44,,,,,,,,,4000,1109.0,81.0,2798.0,12.0,0.9319327731092437,0.9892952720785013,0.9597576856613159,0.9597576856613159,0.9597576856613159,1121.0,0.28025001287460327
local,local,,,1,96,data_4000_4_3.5_chordal_rep00,val_epoch_task,val,cycle5,,44,,,,,,,,,4000,1090.0,182.0,2716.0,12.0,0.8569182389937107,0.9891107078039928,0.9182813763618469,0.9182813763618469,0.9182813763618469,1102.0,0.27549999952316284
local,local,,,1,96,data_4000_4_3.5_chordal_rep00,val_epoch_task,val,cycle6,,44,,,,,,,,,4000,968.0,593.0,2420.0,19.0,0.6201153106982703,0.9807497467071935,0.7598116397857666,0.7598116397857666,0.7598116397857666,987.0,0.24674999713897705
local,local,,,1,96,data_4000_4_3.5_chordal_rep00,train_epoch,train,,,45,0.10702356630563736,,,,,,,,4000,,,,,,,,,,,
local,local,,,1,96,data_4000_4_3.5_chordal_rep00,val_epoch,val,,,45,,0.12389630845189095,0.96965,0.8740000128746033,0.9440604552575799,0.9435556530952454,0.9435556530952454,0.9435556530952454,4000,,,,,,,,,,,
local,local,,,1,96,data_4000_4_3.5_chordal_rep00,val_epoch_task,val,cycle2,,45,,,,,,,,,4000,967.0,21.0,3012.0,0.0,0.978744939271255,1.0,0.9892582893371582,0.9892582893371582,0.9892582893371582,967.0,0.24175000190734863
local,local,,,1,96,data_4000_4_3.5_chordal_rep00,val_epoch_task,val,cycle3,,45,,,,,,,,,4000,1119.0,14.0,2866.0,1.0,0.9876434245366285,0.9991071428571429,0.9933421611785889,0.9933421611785889,0.9933421611785889,1120.0,0.2800000011920929
local,local,,,1,96,data_4000_4_3.5_chordal_rep00,val_epoch_task,val,cycle4,,45,,,,,,,,,4000,1100.0,54.0,2825.0,21.0,0.9532062391681109,0.9812667261373773,0.9670329689979553,0.9670329689979553,0.9670329689979553,1121.0,0.28025001287460327
local,local,,,1,96,data_4000_4_3.5_chordal_rep00,val_epoch_task,val,cycle5,,45,,,,,,,,,4000,1070.0,105.0,2793.0,32.0,0.9106382978723404,0.9709618874773139,0.9398331046104431,0.9398331046104431,0.9398331046104431,1102.0,0.27549999952316284
local,local,,,1,96,data_4000_4_3.5_chordal_rep00,val_epoch_task,val,cycle6,,45,,,,,,,,,4000,866.0,238.0,2775.0,121.0,0.7844202898550725,0.8774062816616008,0.8283118009567261,0.8283118009567261,0.8283118009567261,987.0,0.24674999713897705
local,local,,,1,96,data_4000_4_3.5_chordal_rep00,train_epoch,train,,,46,0.11443768632411956,,,,,,,,4000,,,,,,,,,,,
local,local,,,1,96,data_4000_4_3.5_chordal_rep00,val_epoch,val,,,46,,0.12504540085792543,0.96365,0.843500018119812,0.9342973339358337,0.9363006353378296,0.9363006353378296,0.9363006353378296,4000,,,,,,,,,,,
local,local,,,1,96,data_4000_4_3.5_chordal_rep00,val_epoch_task,val,cycle2,,46,,,,,,,,,4000,967.0,17.0,3016.0,0.0,0.9827235772357723,1.0,0.9912865161895752,0.9912865161895752,0.9912865161895752,967.0,0.24175000190734863
local,local,,,1,96,data_4000_4_3.5_chordal_rep00,val_epoch_task,val,cycle3,,46,,,,,,,,,4000,1119.0,38.0,2842.0,1.0,0.9671564390665515,0.9991071428571429,0.9828721880912781,0.9828721880912781,0.9828721880912781,1120.0,0.2800000011920929
local,local,,,1,96,data_4000_4_3.5_chordal_rep00,val_epoch_task,val,cycle4,,46,,,,,,,,,4000,1103.0,49.0,2830.0,18.0,0.9574652777777778,0.983942908117752,0.9705235958099365,0.9705235958099365,0.9705235958099365,1121.0,0.28025001287460327
local,local,,,1,96,data_4000_4_3.5_chordal_rep00,val_epoch_task,val,cycle5,,46,,,,,,,,,4000,1061.0,95.0,2803.0,41.0,0.9178200692041523,0.9627949183303085,0.9397697448730469,0.9397697448730469,0.9397697448730469,1102.0,0.27549999952316284
local,local,,,1,96,data_4000_4_3.5_chordal_rep00,val_epoch_task,val,cycle6,,46,,,,,,,,,4000,919.0,400.0,2613.0,68.0,0.6967399545109931,0.9311043566362716,0.797051191329956,0.797051191329956,0.797051191329956,987.0,0.24674999713897705
local,local,,,1,96,data_4000_4_3.5_chordal_rep00,train_epoch,train,,,47,0.12568822252750397,,,,,,,,4000,,,,,,,,,,,
local,local,,,1,96,data_4000_4_3.5_chordal_rep00,val_epoch,val,,,47,,0.15910771214962005,0.96725,0.8640000224113464,0.9372785598008235,0.933837890625,0.933837890625,0.933837890625,4000,,,,,,,,,,,
local,local,,,1,96,data_4000_4_3.5_chordal_rep00,val_epoch_task,val,cycle2,,47,,,,,,,,,4000,965.0,17.0,3016.0,2.0,0.9826883910386965,0.9979317476732161,0.990251362323761,0.990251362323761,0.990251362323761,967.0,0.24175000190734863
local,local,,,1,96,data_4000_4_3.5_chordal_rep00,val_epoch_task,val,cycle3,,47,,,,,,,,,4000,1109.0,18.0,2862.0,11.0,0.9840283939662822,0.9901785714285715,0.987093985080719,0.987093985080719,0.987093985080719,1120.0,0.2800000011920929
local,local,,,1,96,data_4000_4_3.5_chordal_rep00,val_epoch_task,val,cycle4,,47,,,,,,,,,4000,1061.0,35.0,2844.0,60.0,0.968065693430657,0.9464763603925067,0.9571492671966553,0.9571492671966553,0.9571492671966553,1121.0,0.28025001287460327
local,local,,,1,96,data_4000_4_3.5_chordal_rep00,val_epoch_task,val,cycle5,,47,,,,,,,,,4000,1020.0,55.0,2843.0,82.0,0.9488372093023256,0.925589836660617,0.9370693564414978,0.9370693564414978,0.9370693564414978,1102.0,0.27549999952316284
local,local,,,1,96,data_4000_4_3.5_chordal_rep00,val_epoch_task,val,cycle6,,47,,,,,,,,,4000,739.0,127.0,2886.0,248.0,0.8533487297921478,0.7487335359675785,0.7976254820823669,0.7976254820823669,0.7976254820823669,987.0,0.24674999713897705
local,local,,,1,96,data_4000_4_3.5_chordal_rep00,train_epoch,train,,,48,0.11825359684228898,,,,,,,,4000,,,,,,,,,,,
local,local,,,1,96,data_4000_4_3.5_chordal_rep00,val_epoch,val,,,48,,0.11448701870441437,0.9625,0.8477500081062317,0.9328318108543794,0.9348809123039246,0.9348809123039246,0.9348809123039246,4000,,,,,,,,,,,
local,local,,,1,96,data_4000_4_3.5_chordal_rep00,val_epoch_task,val,cycle2,,48,,,,,,,,,4000,967.0,14.0,3019.0,0.0,0.9857288481141692,1.0,0.9928131699562073,0.9928131699562073,0.9928131699562073,967.0,0.24175000190734863
local,local,,,1,96,data_4000_4_3.5_chordal_rep00,val_epoch_task,val,cycle3,,48,,,,,,,,,4000,1120.0,27.0,2853.0,0.0,0.976460331299041,1.0,0.9880899786949158,0.9880899786949158,0.9880899786949158,1120.0,0.2800000011920929
local,local,,,1,96,data_4000_4_3.5_chordal_rep00,val_epoch_task,val,cycle4,,48,,,,,,,,,4000,1111.0,64.0,2815.0,10.0,0.945531914893617,0.9910793933987511,0.9677700400352478,0.9677700400352478,0.9677700400352478,1121.0,0.28025001287460327
local,local,,,1,96,data_4000_4_3.5_chordal_rep00,val_epoch_task,val,cycle5,,48,,,,,,,,,4000,1084.0,171.0,2727.0,18.0,0.8637450199203187,0.9836660617059891,0.9198132753372192,0.9198132753372192,0.9198132753372192,1102.0,0.27549999952316284
local,local,,,1,96,data_4000_4_3.5_chordal_rep00,val_epoch_task,val,cycle6,,48,,,,,,,,,4000,926.0,385.0,2628.0,61.0,0.7063310450038138,0.9381965552178319,0.8059181571006775,0.8059181571006775,0.8059181571006775,987.0,0.24674999713897705
local,local,,,1,96,data_4000_4_3.5_chordal_rep00,train_epoch,train,,,49,0.10845587718486786,,,,,,,,4000,,,,,,,,,,,
local,local,,,1,96,data_4000_4_3.5_chordal_rep00,val_epoch,val,,,49,,0.1262945721745491,0.967,0.8607500195503235,0.9394717534849597,0.9385730624198914,0.9385730624198914,0.9385730624198914,4000,,,,,,,,,,,
local,local,,,1,96,data_4000_4_3.5_chordal_rep00,val_epoch_task,val,cycle2,,49,,,,,,,,,4000,967.0,11.0,3022.0,0.0,0.9887525562372188,1.0,0.9943444132804871,0.9943444132804871,0.9943444132804871,967.0,0.24175000190734863
local,local,,,1,96,data_4000_4_3.5_chordal_rep00,val_epoch_task,val,cycle3,,49,,,,,,,,,4000,1120.0,25.0,2855.0,0.0,0.9781659388646288,1.0,0.9889624714851379,0.9889624714851379,0.9889624714851379,1120.0,0.2800000011920929
local,local,,,1,96,data_4000_4_3.5_chordal_rep00,val_epoch_task,val,cycle4,,49,,,,,,,,,4000,1113.0,99.0,2780.0,8.0,0.9183168316831684,0.9928635147190009,0.954136312007904,0.954136312007904,0.954136312007904,1121.0,0.28025001287460327
local,local,,,1,96,data_4000_4_3.5_chordal_rep00,val_epoch_task,val,cycle5,,49,,,,,,,,,4000,1087.0,154.0,2744.0,15.0,0.8759065269943593,0.9863883847549909,0.9278702735900879,0.9278702735900879,0.9278702735900879,1102.0,0.27549999952316284
local,local,,,1,96,data_4000_4_3.5_chordal_rep00,val_epoch_task,val,cycle6,,49,,,,,,,,,4000,835.0,196.0,2817.0,152.0,0.8098933074684772,0.8459979736575481,0.8275520205497742,0.8275520205497742,0.8275520205497742,987.0,0.24674999713897705
local,local,,,1,96,data_4000_4_3.5_chordal_rep00,train_epoch,train,,,50,0.11855334684252739,,,,,,,,4000,,,,,,,,,,,
local,local,,,1,96,data_4000_4_3.5_chordal_rep00,val_epoch,val,,,50,,0.12827373433113098,0.96045,0.8389999866485596,0.9296200729602279,0.9327491521835327,0.9327491521835327,0.9327491521835327,4000,,,,,,,,,,,
local,local,,,1,96,data_4000_4_3.5_chordal_rep00,val_epoch_task,val,cycle2,,50,,,,,,,,,4000,967.0,13.0,3020.0,0.0,0.986734693877551,1.0,0.9933230876922607,0.9933230876922607,0.9933230876922607,967.0,0.24175000190734863
local,local,,,1,96,data_4000_4_3.5_chordal_rep00,val_epoch_task,val,cycle3,,50,,,,,,,,,4000,1114.0,27.0,2853.0,6.0,0.9763365468886941,0.9946428571428572,0.9854046702384949,0.9854046702384949,0.9854046702384949,1120.0,0.2800000011920929
local,local,,,1,96,data_4000_4_3.5_chordal_rep00,val_epoch_task,val,cycle4,,50,,,,,,,,,4000,1104.0,61.0,2818.0,17.0,0.9476394849785408,0.9848349687778769,0.9658792614936829,0.9658792614936829,0.9658792614936829,1121.0,0.28025001287460327
local,local,,,1,96,data_4000_4_3.5_chordal_rep00,val_epoch_task,val,cycle5,,50,,,,,,,,,4000,1088.0,177.0,2721.0,14.0,0.8600790513833992,0.9872958257713249,0.9193071126937866,0.9193071126937866,0.9193071126937866,1102.0,0.27549999952316284
local,local,,,1,96,data_4000_4_3.5_chordal_rep00,val_epoch_task,val,cycle6,,50,,,,,,,,,4000,951.0,440.0,2573.0,36.0,0.6836808051761323,0.9635258358662614,0.7998318076133728,0.7998318076133728,0.7998318076133728,987.0,0.24674999713897705
local,local,,,1,96,data_4000_4_3.5_chordal_rep00,train_epoch,train,,,51,0.10694692569971084,,,,,,,,4000,,,,,,,,,,,
local,local,,,1,96,data_4000_4_3.5_chordal_rep00,val_epoch,val,,,51,,0.12547334188222886,0.97,0.874750018119812,0.9443723345076953,0.9430972337722778,0.9430972337722778,0.9430972337722778,4000,,,,,,,,,,,
local,local,,,1,96,data_4000_4_3.5_chordal_rep00,val_epoch_task,val,cycle2,,51,,,,,,,,,4000,967.0,18.0,3015.0,0.0,0.9817258883248731,1.0,0.9907786250114441,0.9907786250114441,0.9907786250114441,967.0,0.24175000190734863
local,local,,,1,96,data_4000_4_3.5_chordal_rep00,val_epoch_task,val,cycle3,,51,,,,,,,,,4000,1117.0,15.0,2865.0,3.0,0.9867491166077739,0.9973214285714286,0.9920070767402649,0.9920070767402649,0.9920070767402649,1120.0,0.2800000011920929
local,local,,,1,96,data_4000_4_3.5_chordal_rep00,val_epoch_task,val,cycle4,,51,,,,,,,,,4000,1108.0,63.0,2816.0,13.0,0.946199829205807,0.9884032114183765,0.9668411612510681,0.9668411612510681,0.9668411612510681,1121.0,0.28025001287460327
local,local,,,1,96,data_4000_4_3.5_chordal_rep00,val_epoch_task,val,cycle5,,51,,,,,,,,,4000,1067.0,119.0,2779.0,35.0,0.8996627318718381,0.9682395644283122,0.932692289352417,0.932692289352417,0.932692289352417,1102.0,0.27549999952316284
local,local,,,1,96,data_4000_4_3.5_chordal_rep00,val_epoch_task,val,cycle6,,51,,,,,,,,,4000,834.0,181.0,2832.0,153.0,0.8216748768472907,0.8449848024316109,0.8331668376922607,0.8331668376922607,0.8331668376922607,987.0,0.24674999713897705
local,local,,,1,96,data_4000_4_3.5_chordal_rep00,train_epoch,train,,,52,0.09906566400825978,,,,,,,,4000,,,,,,,,,,,
local,local,,,1,96,data_4000_4_3.5_chordal_rep00,val_epoch,val,,,52,,0.11340331861376762,0.9746,0.887499988079071,0.9526207797052788,0.9520336389541626,0.9520336389541626,0.9520336389541626,4000,,,,,,,,,,,
local,local,,,1,96,data_4000_4_3.5_chordal_rep00,val_epoch_task,val,cycle2,,52,,,,,,,,,4000,967.0,11.0,3022.0,0.0,0.9887525562372188,1.0,0.9943444132804871,0.9943444132804871,0.9943444132804871,967.0,0.24175000190734863
local,local,,,1,96,data_4000_4_3.5_chordal_rep00,val_epoch_task,val,cycle3,,52,,,,,,,,,4000,1119.0,23.0,2857.0,1.0,0.9798598949211909,0.9991071428571429,0.989389955997467,0.989389955997467,0.989389955997467,1120.0,0.2800000011920929
local,local,,,1,96,data_4000_4_3.5_chordal_rep00,val_epoch_task,val,cycle4,,52,,,,,,,,,4000,1094.0,21.0,2858.0,27.0,0.9811659192825112,0.975914362176628,0.9785330891609192,0.9785330891609192,0.9785330891609192,1121.0,0.28025001287460327
local,local,,,1,96,data_4000_4_3.5_chordal_rep00,val_epoch_task,val,cycle5,,52,,,,,,,,,4000,1052.0,54.0,2844.0,50.0,0.9511754068716094,0.9546279491833031,0.9528985023498535,0.9528985023498535,0.9528985023498535,1102.0,0.27549999952316284
local,local,,,1,96,data_4000_4_3.5_chordal_rep00,val_epoch_task,val,cycle6,,52,,,,,,,,,4000,875.0,209.0,2804.0,112.0,0.8071955719557196,0.8865248226950354,0.8450024127960205,0.8450024127960205,0.8450024127960205,987.0,0.24674999713897705
local,local,,,1,96,data_4000_4_3.5_chordal_rep00,train_epoch,train,,,53,0.10469309461116791,,,,,,,,4000,,,,,,,,,,,
local,local,,,1,96,data_4000_4_3.5_chordal_rep00,val_epoch,val,,,53,,0.10675910848379135,0.9709,0.8772500157356262,0.9467910038398245,0.9468401670455933,0.9468401670455933,0.9468401670455933,4000,,,,,,,,,,,
local,local,,,1,96,data_4000_4_3.5_chordal_rep00,val_epoch_task,val,cycle2,,53,,,,,,,,,4000,967.0,12.0,3021.0,0.0,0.9877425944841676,1.0,0.9938334822654724,0.9938334822654724,0.9938334822654724,967.0,0.24175000190734863
local,local,,,1,96,data_4000_4_3.5_chordal_rep00,val_epoch_task,val,cycle3,,53,,,,,,,,,4000,1120.0,36.0,2844.0,0.0,0.9688581314878892,1.0,0.9841827750205994,0.9841827750205994,0.9841827750205994,1120.0,0.2800000011920929
local,local,,,1,96,data_4000_4_3.5_chordal_rep00,val_epoch_task,val,cycle4,,53,,,,,,,,,4000,1117.0,34.0,2845.0,4.0,0.9704604691572546,0.9964317573595004,0.9832746386528015,0.9832746386528015,0.9832746386528015,1121.0,0.28025001287460327
local,local,,,1,96,data_4000_4_3.5_chordal_rep00,val_epoch_task,val,cycle5,,53,,,,,,,,,4000,1079.0,145.0,2753.0,23.0,0.8815359477124183,0.9791288566243194,0.9277729392051697,0.9277729392051697,0.9277729392051697,1102.0,0.27549999952316284
local,local,,,1,96,data_4000_4_3.5_chordal_rep00,val_epoch_task,val,cycle6,,53,,,,,,,,,4000,895.0,236.0,2777.0,92.0,0.7913351016799293,0.9067882472137792,0.8451368808746338,0.8451368808746338,0.8451368808746338,987.0,0.24674999713897705
local,local,,,1,96,data_4000_4_3.5_chordal_rep00,train_epoch,train,,,54,0.11410464668273926,,,,,,,,4000,,,,,,,,,,,
local,local,,,1,96,data_4000_4_3.5_chordal_rep00,val_epoch,val,,,54,,0.14469894558191299,0.94925,0.8062499761581421,0.9120221894773339,0.9170063734054565,0.9170063734054565,0.9170063734054565,4000,,,,,,,,,,,
local,local,,,1,96,data_4000_4_3.5_chordal_rep00,val_epoch_task,val,cycle2,,54,,,,,,,,,4000,967.0,21.0,3012.0,0.0,0.978744939271255,1.0,0.9892582893371582,0.9892582893371582,0.9892582893371582,967.0,0.24175000190734863
local,local,,,1,96,data_4000_4_3.5_chordal_rep00,val_epoch_task,val,cycle3,,54,,,,,,,,,4000,1120.0,40.0,2840.0,0.0,0.9655172413793104,1.0,0.9824560880661011,0.9824560880661011,0.9824560880661011,1120.0,0.2800000011920929
local,local,,,1,96,data_4000_4_3.5_chordal_rep00,val_epoch_task,val,cycle4,,54,,,,,,,,,4000,1108.0,100.0,2779.0,13.0,0.9172185430463576,0.9884032114183765,0.9514813423156738,0.9514813423156738,0.9514813423156738,1121.0,0.28025001287460327
local,local,,,1,96,data_4000_4_3.5_chordal_rep00,val_epoch_task,val,cycle5,,54,,,,,,,,,4000,1097.0,286.0,2612.0,5.0,0.7932031814895155,0.9954627949183303,0.8828973770141602,0.8828973770141602,0.8828973770141602,1102.0,0.27549999952316284
local,local,,,1,96,data_4000_4_3.5_chordal_rep00,val_epoch_task,val,cycle6,,54,,,,,,,,,4000,969.0,532.0,2481.0,18.0,0.6455696202531646,0.9817629179331308,0.778938889503479,0.778938889503479,0.778938889503479,987.0,0.24674999713897705
local,local,,,1,96,data_4000_4_3.5_chordal_rep00,train_epoch,train,,,55,0.1099701378941536,,,,,,,,4000,,,,,,,,,,,
local,local,,,1,96,data_4000_4_3.5_chordal_rep00,val_epoch,val,,,55,,0.14411705207824707,0.96915,0.8702499866485596,0.9420711670265703,0.9404481053352356,0.9404481053352356,0.9404481053352356,4000,,,,,,,,,,,
local,local,,,1,96,data_4000_4_3.5_chordal_rep00,val_epoch_task,val,cycle2,,55,,,,,,,,,4000,967.0,20.0,3013.0,0.0,0.9797365754812564,1.0,0.9897645711898804,0.9897645711898804,0.9897645711898804,967.0,0.24175000190734863
local,local,,,1,96,data_4000_4_3.5_chordal_rep00,val_epoch_task,val,cycle3,,55,,,,,,,,,4000,1120.0,43.0,2837.0,0.0,0.9630266552020637,1.0,0.9811651110649109,0.9811651110649109,0.9811651110649109,1120.0,0.2800000011920929
local,local,,,1,96,data_4000_4_3.5_chordal_rep00,val_epoch_task,val,cycle4,,55,,,,,,,,,4000,1083.0,33.0,2846.0,38.0,0.9704301075268817,0.9661016949152542,0.9682611227035522,0.9682611227035522,0.9682611227035522,1121.0,0.28025001287460327
local,local,,,1,96,data_4000_4_3.5_chordal_rep00,val_epoch_task,val,cycle5,,55,,,,,,,,,4000,1029.0,61.0,2837.0,73.0,0.9440366972477064,0.9337568058076225,0.9388686418533325,0.9388686418533325,0.9388686418533325,1102.0,0.27549999952316284
local,local,,,1,96,data_4000_4_3.5_chordal_rep00,val_epoch_task,val,cycle6,,55,,,,,,,,,4000,818.0,180.0,2833.0,169.0,0.8196392785571143,0.828774062816616,0.824181318283081,0.824181318283081,0.824181318283081,987.0,0.24674999713897705
local,local,,,1,96,data_4000_4_3.5_chordal_rep00,train_epoch,train,,,56,0.10691878831386566,,,,,,,,4000,,,,,,,,,,,
local,local,,,1,96,data_4000_4_3.5_chordal_rep00,val_epoch,val,,,56,,0.10558980917930604,0.97325,0.8865000009536743,0.9509669141233617,0.9508864283561707,0.9508864283561707,0.9508864283561707,4000,,,,,,,,,,,
local,local,,,1,96,data_4000_4_3.5_chordal_rep00,val_epoch_task,val,cycle2,,56,,,,,,,,,4000,967.0,24.0,3009.0,0.0,0.9757820383451059,1.0,0.9877426028251648,0.9877426028251648,0.9877426028251648,967.0,0.24175000190734863
local,local,,,1,96,data_4000_4_3.5_chordal_rep00,val_epoch_task,val,cycle3,,56,,,,,,,,,4000,1116.0,20.0,2860.0,4.0,0.9823943661971831,0.9964285714285714,0.9893616437911987,0.9893616437911987,0.9893616437911987,1120.0,0.2800000011920929
local,local,,,1,96,data_4000_4_3.5_chordal_rep00,val_epoch_task,val,cycle4,,56,,,,,,,,,4000,1102.0,41.0,2838.0,19.0,0.9641294838145232,0.9830508474576272,0.9734982848167419,0.9734982848167419,0.9734982848167419,1121.0,0.28025001287460327
local,local,,,1,96,data_4000_4_3.5_chordal_rep00,val_epoch_task,val,cycle5,,56,,,,,,,,,4000,1090.0,128.0,2770.0,12.0,0.8949096880131363,0.9891107078039928,0.9396551847457886,0.9396551847457886,0.9396551847457886,1102.0,0.27549999952316284
local,local,,,1,96,data_4000_4_3.5_chordal_rep00,val_epoch_task,val,cycle6,,56,,,,,,,,,4000,913.0,213.0,2800.0,74.0,0.8108348134991119,0.9250253292806484,0.8641741871833801,0.8641741871833801,0.8641741871833801,987.0,0.24674999713897705
local,local,,,1,96,data_4000_4_3.5_chordal_rep00,train_epoch,train,,,57,0.09984294666349888,,,,,,,,4000,,,,,,,,,,,
local,local,,,1,96,data_4000_4_3.5_chordal_rep00,val_epoch,val,,,57,,0.11097350351512432,0.963,0.8497499823570251,0.9341754136274684,0.936911404132843,0.936911404132843,0.936911404132843,4000,,,,,,,,,,,
local,local,,,1,96,data_4000_4_3.5_chordal_rep00,val_epoch_task,val,cycle2,,57,,,,,,,,,4000,967.0,13.0,3020.0,0.0,0.986734693877551,1.0,0.9933230876922607,0.9933230876922607,0.9933230876922607,967.0,0.24175000190734863
local,local,,,1,96,data_4000_4_3.5_chordal_rep00,val_epoch_task,val,cycle3,,57,,,,,,,,,4000,1116.0,18.0,2862.0,4.0,0.9841269841269841,0.9964285714285714,0.9902395606040955,0.9902395606040955,0.9902395606040955,1120.0,0.2800000011920929
local,local,,,1,96,data_4000_4_3.5_chordal_rep00,val_epoch_task,val,cycle4,,57,,,,,,,,,4000,1117.0,90.0,2789.0,4.0,0.9254349627174814,0.9964317573595004,0.9596220254898071,0.9596220254898071,0.9596220254898071,1121.0,0.28025001287460327
local,local,,,1,96,data_4000_4_3.5_chordal_rep00,val_epoch_task,val,cycle5,,57,,,,,,,,,4000,1087.0,154.0,2744.0,15.0,0.8759065269943593,0.9863883847549909,0.9278702735900879,0.9278702735900879,0.9278702735900879,1102.0,0.27549999952316284
local,local,,,1,96,data_4000_4_3.5_chordal_rep00,val_epoch_task,val,cycle6,,57,,,,,,,,,4000,964.0,419.0,2594.0,23.0,0.6970354302241504,0.9766970618034447,0.8135020732879639,0.8135020732879639,0.8135020732879639,987.0,0.24674999713897705
local,local,,,1,96,data_4000_4_3.5_chordal_rep00,train_epoch,train,,,58,0.0969867867231369,,,,,,,,4000,,,,,,,,,,,
local,local,,,1,96,data_4000_4_3.5_chordal_rep00,val_epoch,val,,,58,,0.12324688714742661,0.96345,0.8512499928474426,0.9344570967452702,0.9357113838195801,0.9357113838195801,0.9357113838195801,4000,,,,,,,,,,,
local,local,,,1,96,data_4000_4_3.5_chordal_rep00,val_epoch_task,val,cycle2,,58,,,,,,,,,4000,967.0,22.0,3011.0,0.0,0.9777553083923155,1.0,0.988752543926239,0.988752543926239,0.988752543926239,967.0,0.24175000190734863
local,local,,,1,96,data_4000_4_3.5_chordal_rep00,val_epoch_task,val,cycle3,,58,,,,,,,,,4000,1109.0,17.0,2863.0,11.0,0.9849023090586145,0.9901785714285715,0.9875333905220032,0.9875333905220032,0.9875333905220032,1120.0,0.2800000011920929
local,local,,,1,96,data_4000_4_3.5_chordal_rep00,val_epoch_task,val,cycle4,,58,,,,,,,,,4000,1116.0,98.0,2781.0,5.0,0.9192751235584844,0.9955396966993756,0.9558886885643005,0.9558886885643005,0.9558886885643005,1121.0,0.28025001287460327
local,local,,,1,96,data_4000_4_3.5_chordal_rep00,val_epoch_task,val,cycle5,,58,,,,,,,,,4000,1098.0,233.0,2665.0,4.0,0.8249436513899324,0.9963702359346642,0.9025894403457642,0.9025894403457642,0.9025894403457642,1102.0,0.27549999952316284
local,local,,,1,96,data_4000_4_3.5_chordal_rep00,val_epoch_task,val,cycle6,,58,,,,,,,,,4000,921.0,275.0,2738.0,66.0,0.770066889632107,0.9331306990881459,0.8437929749488831,0.8437929749488831,0.8437929749488831,987.0,0.24674999713897705
local,local,,,1,96,data_4000_4_3.5_chordal_rep00,train_epoch,train,,,59,0.10129274314641952,,,,,,,,4000,,,,,,,,,,,
local,local,,,1,96,data_4000_4_3.5_chordal_rep00,val_epoch,val,,,59,,0.11355189961194992,0.96655,0.859749972820282,0.9392094502498864,0.9413648843765259,0.9413648843765259,0.9413648843765259,4000,,,,,,,,,,,
local,local,,,1,96,data_4000_4_3.5_chordal_rep00,val_epoch_task,val,cycle2,,59,,,,,,,,,4000,967.0,6.0,3027.0,0.0,0.9938335046248715,1.0,0.9969071745872498,0.9969071745872498,0.9969071745872498,967.0,0.24175000190734863
local,local,,,1,96,data_4000_4_3.5_chordal_rep00,val_epoch_task,val,cycle3,,59,,,,,,,,,4000,1120.0,29.0,2851.0,0.0,0.9747606614447345,1.0,0.9872190356254578,0.9872190356254578,0.9872190356254578,1120.0,0.2800000011920929
local,local,,,1,96,data_4000_4_3.5_chordal_rep00,val_epoch_task,val,cycle4,,59,,,,,,,,,4000,1095.0,39.0,2840.0,26.0,0.9656084656084656,0.9768064228367529,0.9711751937866211,0.9711751937866211,0.9711751937866211,1121.0,0.28025001287460327
local,local,,,1,96,data_4000_4_3.5_chordal_rep00,val_epoch_task,val,cycle5,,59,,,,,,,,,4000,1043.0,85.0,2813.0,59.0,0.924645390070922,0.9464609800362976,0.9354259371757507,0.9354259371757507,0.9354259371757507,1102.0,0.27549999952316284
local,local,,,1,96,data_4000_4_3.5_chordal_rep00,val_epoch_task,val,cycle6,,59,,,,,,,,,4000,943.0,381.0,2632.0,44.0,0.7122356495468278,0.955420466058764,0.8160969018936157,0.8160969018936157,0.8160969018936157,987.0,0.24674999713897705
local,local,,,1,96,data_4000_4_3.5_chordal_rep00,train_epoch,train,,,60,0.10581326848268509,,,,,,,,4000,,,,,,,,,,,
local,local,,,1,96,data_4000_4_3.5_chordal_rep00,val_epoch,val,,,60,,0.1163885507285595,0.9737,0.8889999985694885,0.9510697674418606,0.9503682851791382,0.9503682851791382,0.9503682851791382,4000,,,,,,,,,,,
local,local,,,1,96,data_4000_4_3.5_chordal_rep00,val_epoch_task,val,cycle2,,60,,,,,,,,,4000,967.0,17.0,3016.0,0.0,0.9827235772357723,1.0,0.9912865161895752,0.9912865161895752,0.9912865161895752,967.0,0.24175000190734863
local,local,,,1,96,data_4000_4_3.5_chordal_rep00,val_epoch_task,val,cycle3,,60,,,,,,,,,4000,1119.0,36.0,2844.0,1.0,0.9688311688311688,0.9991071428571429,0.9837362766265869,0.9837362766265869,0.9837362766265869,1120.0,0.2800000011920929
local,local,,,1,96,data_4000_4_3.5_chordal_rep00,val_epoch_task,val,cycle4,,60,,,,,,,,,4000,1101.0,32.0,2847.0,20.0,0.971756398940865,0.9821587867975022,0.9769299030303955,0.9769299030303955,0.9769299030303955,1121.0,0.28025001287460327
local,local,,,1,96,data_4000_4_3.5_chordal_rep00,val_epoch_task,val,cycle5,,60,,,,,,,,,4000,1048.0,59.0,2839.0,54.0,0.9467028003613369,0.9509981851179673,0.9488455653190613,0.9488455653190613,0.9488455653190613,1102.0,0.27549999952316284
local,local,,,1,96,data_4000_4_3.5_chordal_rep00,val_epoch_task,val,cycle6,,60,,,,,,,,,4000,877.0,197.0,2816.0,110.0,0.8165735567970205,0.8885511651469098,0.851043164730072,0.851043164730072,0.851043164730072,987.0,0.24674999713897705
local,local,,,1,96,data_4000_4_3.5_chordal_rep00,train_epoch,train,,,61,0.08968869417905807,,,,,,,,4000,,,,,,,,,,,
local,local,,,1,96,data_4000_4_3.5_chordal_rep00,val_epoch,val,,,61,,0.11620534494519234,0.9665,0.8607500195503235,0.9397265203310543,0.9416282773017883,0.9416282773017883,0.9416282773017883,4000,,,,,,,,,,,
local,local,,,1,96,data_4000_4_3.5_chordal_rep00,val_epoch_task,val,cycle2,,61,,,,,,,,,4000,967.0,20.0,3013.0,0.0,0.9797365754812564,1.0,0.9897645711898804,0.9897645711898804,0.9897645711898804,967.0,0.24175000190734863
local,local,,,1,96,data_4000_4_3.5_chordal_rep00,val_epoch_task,val,cycle3,,61,,,,,,,,,4000,1118.0,27.0,2853.0,2.0,0.9764192139737992,0.9982142857142857,0.9871965050697327,0.9871965050697327,0.9871965050697327,1120.0,0.2800000011920929
local,local,,,1,96,data_4000_4_3.5_chordal_rep00,val_epoch_task,val,cycle4,,61,,,,,,,,,4000,1103.0,35.0,2844.0,18.0,0.9692442882249561,0.983942908117752,0.9765383005142212,0.9765383005142212,0.9765383005142212,1121.0,0.28025001287460327
local,local,,,1,96,data_4000_4_3.5_chordal_rep00,val_epoch_task,val,cycle5,,61,,,,,,,,,4000,1079.0,148.0,2750.0,23.0,0.8793806030969845,0.9791288566243194,0.9265779256820679,0.9265779256820679,0.9265779256820679,1102.0,0.27549999952316284
local,local,,,1,96,data_4000_4_3.5_chordal_rep00,val_epoch_task,val,cycle6,,61,,,,,,,,,4000,956.0,366.0,2647.0,31.0,0.7231467473524962,0.9685916919959473,0.8280640840530396,0.8280640840530396,0.8280640840530396,987.0,0.24674999713897705
local,local,,,1,96,data_4000_4_3.5_chordal_rep00,train_epoch,train,,,62,0.10208546607196331,,,,,,,,4000,,,,,,,,,,,
local,local,,,1,96,data_4000_4_3.5_chordal_rep00,val_epoch,val,,,62,,0.1063393886089325,0.96855,0.8700000047683716,0.9429788777082767,0.9434294700622559,0.9434294700622559,0.9434294700622559,4000,,,,,,,,,,,
local,local,,,1,96,data_4000_4_3.5_chordal_rep00,val_epoch_task,val,cycle2,,62,,,,,,,,,4000,967.0,26.0,3007.0,0.0,0.973816717019134,1.0,0.9867346882820129,0.9867346882820129,0.9867346882820129,967.0,0.24175000190734863
local,local,,,1,96,data_4000_4_3.5_chordal_rep00,val_epoch_task,val,cycle3,,62,,,,,,,,,4000,1120.0,33.0,2847.0,0.0,0.971379011274935,1.0,0.9854816794395447,0.9854816794395447,0.9854816794395447,1120.0,0.2800000011920929
local,local,,,1,96,data_4000_4_3.5_chordal_rep00,val_epoch_task,val,cycle4,,62,,,,,,,,,4000,1116.0,78.0,2801.0,5.0,0.9346733668341709,0.9955396966993756,0.9641468524932861,0.9641468524932861,0.9641468524932861,1121.0,0.28025001287460327
local,local,,,1,96,data_4000_4_3.5_chordal_rep00,val_epoch_task,val,cycle5,,62,,,,,,,,,4000,1070.0,120.0,2778.0,32.0,0.8991596638655462,0.9709618874773139,0.933682382106781,0.933682382106781,0.933682382106781,1102.0,0.27549999952316284
local,local,,,1,96,data_4000_4_3.5_chordal_rep00,val_epoch_task,val,cycle6,,62,,,,,,,,,4000,928.0,276.0,2737.0,59.0,0.770764119601329,0.9402228976697061,0.8471017479896545,0.8471017479896545,0.8471017479896545,987.0,0.24674999713897705
local,local,,,1,96,data_4000_4_3.5_chordal_rep00,train_epoch,train,,,63,0.10589844614267349,,,,,,,,4000,,,,,,,,,,,
local,local,,,1,96,data_4000_4_3.5_chordal_rep00,val_epoch,val,,,63,,0.11072292995452881,0.9729,0.8870000243186951,0.9498983176187836,0.9496080279350281,0.9496080279350281,0.9496080279350281,4000,,,,,,,,,,,
local,local,,,1,96,data_4000_4_3.5_chordal_rep00,val_epoch_task,val,cycle2,,63,,,,,,,,,4000,965.0,17.0,3016.0,2.0,0.9826883910386965,0.9979317476732161,0.990251362323761,0.990251362323761,0.990251362323761,967.0,0.24175000190734863
local,local,,,1,96,data_4000_4_3.5_chordal_rep00,val_epoch_task,val,cycle3,,63,,,,,,,,,4000,1115.0,25.0,2855.0,5.0,0.9780701754385965,0.9955357142857143,0.9867256879806519,0.9867256879806519,0.9867256879806519,1120.0,0.2800000011920929
local,local,,,1,96,data_4000_4_3.5_chordal_rep00,val_epoch_task,val,cycle4,,63,,,,,,,,,4000,1102.0,36.0,2843.0,19.0,0.968365553602812,0.9830508474576272,0.9756529331207275,0.9756529331207275,0.9756529331207275,1121.0,0.28025001287460327
local,local,,,1,96,data_4000_4_3.5_chordal_rep00,val_epoch_task,val,cycle5,,63,,,,,,,,,4000,1064.0,78.0,2820.0,38.0,0.9316987740805605,0.9655172413793104,0.9483065605163574,0.9483065605163574,0.9483065605163574,1102.0,0.27549999952316284
local,local,,,1,96,data_4000_4_3.5_chordal_rep00,val_epoch_task,val,cycle6,,63,,,,,,,,,4000,892.0,227.0,2786.0,95.0,0.7971403038427167,0.9037487335359676,0.8471035361289978,0.8471035361289978,0.8471035361289978,987.0,0.24674999713897705
local,local,,,1,96,data_4000_4_3.5_chordal_rep00,train_epoch,train,,,64,0.09396559584140778,,,,,,,,4000,,,,,,,,,,,
local,local,,,1,96,data_4000_4_3.5_chordal_rep00,val_epoch,val,,,64,,0.11101038643717766,0.96795,0.8740000128746033,0.9419857000633541,0.9425135850906372,0.9425135850906372,0.9425135850906372,4000,,,,,,,,,,,
local,local,,,1,96,data_4000_4_3.5_chordal_rep00,val_epoch_task,val,cycle2,,64,,,,,,,,,4000,967.0,12.0,3021.0,0.0,0.9877425944841676,1.0,0.9938334822654724,0.9938334822654724,0.9938334822654724,967.0,0.24175000190734863
local,local,,,1,96,data_4000_4_3.5_chordal_rep00,val_epoch_task,val,cycle3,,64,,,,,,,,,4000,1120.0,38.0,2842.0,0.0,0.9671848013816926,1.0,0.9833186864852905,0.9833186864852905,0.9833186864852905,1120.0,0.2800000011920929
local,local,,,1,96,data_4000_4_3.5_chordal_rep00,val_epoch_task,val,cycle4,,64,,,,,,,,,4000,1115.0,93.0,2786.0,6.0,0.9230132450331126,0.9946476360392507,0.957492470741272,0.957492470741272,0.957492470741272,1121.0,0.28025001287460327
local,local,,,1,96,data_4000_4_3.5_chordal_rep00,val_epoch_task,val,cycle5,,64,,,,,,,,,4000,1086.0,154.0,2744.0,16.0,0.8758064516129033,0.985480943738657,0.9274125099182129,0.9274125099182129,0.9274125099182129,1102.0,0.27549999952316284
local,local,,,1,96,data_4000_4_3.5_chordal_rep00,val_epoch_task,val,cycle6,,64,,,,,,,,,4000,916.0,251.0,2762.0,71.0,0.7849185946872322,0.92806484295846,0.8505107164382935,0.8505107164382935,0.8505107164382935,987.0,0.24674999713897705
local,local,,,1,96,data_4000_4_3.5_chordal_rep00,train_epoch,train,,,65,0.09201616394519806,,,,,,,,4000,,,,,,,,,,,
local,local,,,1,96,data_4000_4_3.5_chordal_rep00,val_epoch,val,,,65,,0.109082603931427,0.96635,0.8604999780654907,0.9394729741883262,0.9415134191513062,0.9415134191513062,0.9415134191513062,4000,,,,,,,,,,,
local,local,,,1,96,data_4000_4_3.5_chordal_rep00,val_epoch_task,val,cycle2,,65,,,,,,,,,4000,967.0,28.0,3005.0,0.0,0.9718592964824121,1.0,0.9857288599014282,0.9857288599014282,0.9857288599014282,967.0,0.24175000190734863
local,local,,,1,96,data_4000_4_3.5_chordal_rep00,val_epoch_task,val,cycle3,,65,,,,,,,,,4000,1120.0,24.0,2856.0,0.0,0.9790209790209791,1.0,0.989399254322052,0.989399254322052,0.989399254322052,1120.0,0.2800000011920929
local,local,,,1,96,data_4000_4_3.5_chordal_rep00,val_epoch_task,val,cycle4,,65,,,,,,,,,4000,1100.0,45.0,2834.0,21.0,0.9606986899563319,0.9812667261373773,0.9708737730979919,0.9708737730979919,0.9708737730979919,1121.0,0.28025001287460327
local,local,,,1,96,data_4000_4_3.5_chordal_rep00,val_epoch_task,val,cycle5,,65,,,,,,,,,4000,1077.0,107.0,2791.0,25.0,0.9096283783783784,0.9773139745916516,0.9422572255134583,0.9422572255134583,0.9422572255134583,1102.0,0.27549999952316284
local,local,,,1,96,data_4000_4_3.5_chordal_rep00,val_epoch_task,val,cycle6,,65,,,,,,,,,4000,959.0,395.0,2618.0,28.0,0.7082717872968981,0.9716312056737588,0.8193080425262451,0.8193080425262451,0.8193080425262451,987.0,0.24674999713897705
local,local,,,1,96,data_4000_4_3.5_chordal_rep00,train_epoch,train,,,66,0.08448105949163437,,,,,,,,4000,,,,,,,,,,,
local,local,,,1,96,data_4000_4_3.5_chordal_rep00,val_epoch,val,,,66,,0.10169144093990326,0.9698,0.8682500123977661,0.9452997645354103,0.9472579956054688,0.9472579956054688,0.9472579956054688,4000,,,,,,,,,,,
local,local,,,1,96,data_4000_4_3.5_chordal_rep00,val_epoch_task,val,cycle2,,66,,,,,,,,,4000,967.0,9.0,3024.0,0.0,0.9907786885245902,1.0,0.9953680038452148,0.9953680038452148,0.9953680038452148,967.0,0.24175000190734863
local,local,,,1,96,data_4000_4_3.5_chordal_rep00,val_epoch_task,val,cycle3,,66,,,,,,,,,4000,1120.0,39.0,2841.0,0.0,0.9663503019844694,1.0,0.9828872680664062,0.9828872680664062,0.9828872680664062,1120.0,0.2800000011920929
local,local,,,1,96,data_4000_4_3.5_chordal_rep00,val_epoch_task,val,cycle4,,66,,,,,,,,,4000,1108.0,29.0,2850.0,13.0,0.9744942832014072,0.9884032114183765,0.981399416923523,0.981399416923523,0.981399416923523,1121.0,0.28025001287460327
local,local,,,1,96,data_4000_4_3.5_chordal_rep00,val_epoch_task,val,cycle5,,66,,,,,,,,,4000,1065.0,77.0,2821.0,37.0,0.9325744308231173,0.9664246823956443,0.9491978883743286,0.9491978883743286,0.9491978883743286,1102.0,0.27549999952316284
local,local,,,1,96,data_4000_4_3.5_chordal_rep00,val_epoch_task,val,cycle6,,66,,,,,,,,,4000,959.0,372.0,2641.0,28.0,0.7205108940646131,0.9716312056737588,0.8274374604225159,0.8274374604225159,0.8274374604225159,987.0,0.24674999713897705
local,local,,,1,96,data_4000_4_3.5_chordal_rep00,train_epoch,train,,,67,0.09349025562405586,,,,,,,,4000,,,,,,,,,,,
local,local,,,1,96,data_4000_4_3.5_chordal_rep00,val_epoch,val,,,67,,0.09398401540517808,0.9721,0.8805000185966492,0.9492542742815568,0.9500333666801453,0.9500333666801453,0.9500333666801453,4000,,,,,,,,,,,
local,local,,,1,96,data_4000_4_3.5_chordal_rep00,val_epoch_task,val,cycle2,,67,,,,,,,,,4000,967.0,21.0,3012.0,0.0,0.978744939271255,1.0,0.9892582893371582,0.9892582893371582,0.9892582893371582,967.0,0.24175000190734863
local,local,,,1,96,data_4000_4_3.5_chordal_rep00,val_epoch_task,val,cycle3,,67,,,,,,,,,4000,1119.0,28.0,2852.0,1.0,0.9755884917175239,0.9991071428571429,0.9872077703475952,0.9872077703475952,0.9872077703475952,1120.0,0.2800000011920929
local,local,,,1,96,data_4000_4_3.5_chordal_rep00,val_epoch_task,val,cycle4,,67,,,,,,,,,4000,1107.0,32.0,2847.0,14.0,0.9719051799824407,0.9875111507582516,0.9796460270881653,0.9796460270881653,0.9796460270881653,1121.0,0.28025001287460327
local,local,,,1,96,data_4000_4_3.5_chordal_rep00,val_epoch_task,val,cycle5,,67,,,,,,,,,4000,1076.0,112.0,2786.0,26.0,0.9057239057239057,0.9764065335753176,0.9397380352020264,0.9397380352020264,0.9397380352020264,1102.0,0.27549999952316284
local,local,,,1,96,data_4000_4_3.5_chordal_rep00,val_epoch_task,val,cycle6,,67,,,,,,,,,4000,950.0,287.0,2726.0,37.0,0.7679870654810024,0.9625126646403243,0.8543165922164917,0.8543165922164917,0.8543165922164917,987.0,0.24674999713897705
local,local,,,1,96,data_4000_4_3.5_chordal_rep00,train_epoch,train,,,68,0.09072635450959206,,,,,,,,4000,,,,,,,,,,,
local,local,,,1,96,data_4000_4_3.5_chordal_rep00,val_epoch,val,,,68,,0.11200823321938515,0.9727,0.8859999775886536,0.949180938198064,0.9484497308731079,0.9484497308731079,0.9484497308731079,4000,,,,,,,,,,,
local,local,,,1,96,data_4000_4_3.5_chordal_rep00,val_epoch_task,val,cycle2,,68,,,,,,,,,4000,967.0,11.0,3022.0,0.0,0.9887525562372188,1.0,0.9943444132804871,0.9943444132804871,0.9943444132804871,967.0,0.24175000190734863
local,local,,,1,96,data_4000_4_3.5_chordal_rep00,val_epoch_task,val,cycle3,,68,,,,,,,,,4000,1119.0,37.0,2843.0,1.0,0.9679930795847751,0.9991071428571429,0.9833040237426758,0.9833040237426758,0.9833040237426758,1120.0,0.2800000011920929
local,local,,,1,96,data_4000_4_3.5_chordal_rep00,val_epoch_task,val,cycle4,,68,,,,,,,,,4000,1113.0,41.0,2838.0,8.0,0.9644714038128249,0.9928635147190009,0.978461503982544,0.978461503982544,0.978461503982544,1121.0,0.28025001287460327
local,local,,,1,96,data_4000_4_3.5_chordal_rep00,val_epoch_task,val,cycle5,,68,,,,,,,,,4000,1028.0,67.0,2831.0,74.0,0.9388127853881278,0.9328493647912885,0.9358215928077698,0.9358215928077698,0.9358215928077698,1102.0,0.27549999952316284
local,local,,,1,96,data_4000_4_3.5_chordal_rep00,val_epoch_task,val,cycle6,,68,,,,,,,,,4000,872.0,192.0,2821.0,115.0,0.8195488721804511,0.8834853090172239,0.8503168821334839,0.8503168821334839,0.8503168821334839,987.0,0.24674999713897705
local,local,,,1,96,data_4000_4_3.5_chordal_rep00,train_epoch,train,,,69,0.08736923745274544,,,,,,,,4000,,,,,,,,,,,
local,local,,,1,96,data_4000_4_3.5_chordal_rep00,val_epoch,val,,,69,,0.09761204078793526,0.9756,0.8942499756813049,0.9549483013293945,0.954952597618103,0.954952597618103,0.954952597618103,4000,,,,,,,,,,,
local,local,,,1,96,data_4000_4_3.5_chordal_rep00,val_epoch_task,val,cycle2,,69,,,,,,,,,4000,967.0,11.0,3022.0,0.0,0.9887525562372188,1.0,0.9943444132804871,0.9943444132804871,0.9943444132804871,967.0,0.24175000190734863
local,local,,,1,96,data_4000_4_3.5_chordal_rep00,val_epoch_task,val,cycle3,,69,,,,,,,,,4000,1120.0,19.0,2861.0,0.0,0.9833187006145742,1.0,0.9915891885757446,0.9915891885757446,0.9915891885757446,1120.0,0.2800000011920929
local,local,,,1,96,data_4000_4_3.5_chordal_rep00,val_epoch_task,val,cycle4,,69,,,,,,,,,4000,1107.0,29.0,2850.0,14.0,0.9744718309859155,0.9875111507582516,0.9809481501579285,0.9809481501579285,0.9809481501579285,1121.0,0.28025001287460327
local,local,,,1,96,data_4000_4_3.5_chordal_rep00,val_epoch_task,val,cycle5,,69,,,,,,,,,4000,1064.0,71.0,2827.0,38.0,0.9374449339207048,0.9655172413793104,0.9512739777565002,0.9512739777565002,0.9512739777565002,1102.0,0.27549999952316284
local,local,,,1,96,data_4000_4_3.5_chordal_rep00,val_epoch_task,val,cycle6,,69,,,,,,,,,4000,914.0,233.0,2780.0,73.0,0.7968613775065388,0.9260385005065856,0.8566072583198547,0.8566072583198547,0.8566072583198547,987.0,0.24674999713897705
local,local,,,1,96,data_4000_4_3.5_chordal_rep00,train_epoch,train,,,70,0.09053868380188942,,,,,,,,4000,,,,,,,,,,,
local,local,,,1,96,data_4000_4_3.5_chordal_rep00,val_epoch,val,,,70,,0.11298235630989074,0.96755,0.8684999942779541,0.9411658054573475,0.9423470497131348,0.9423470497131348,0.9423470497131348,4000,,,,,,,,,,,
local,local,,,1,96,data_4000_4_3.5_chordal_rep00,val_epoch_task,val,cycle2,,70,,,,,,,,,4000,965.0,15.0,3018.0,2.0,0.9846938775510204,0.9979317476732161,0.9912685751914978,0.9912685751914978,0.9912685751914978,967.0,0.24175000190734863
local,local,,,1,96,data_4000_4_3.5_chordal_rep00,val_epoch_task,val,cycle3,,70,,,,,,,,,4000,1087.0,11.0,2869.0,33.0,0.9899817850637522,0.9705357142857143,0.9801623225212097,0.9801623225212097,0.9801623225212097,1120.0,0.2800000011920929
local,local,,,1,96,data_4000_4_3.5_chordal_rep00,val_epoch_task,val,cycle4,,70,,,,,,,,,4000,1115.0,66.0,2813.0,6.0,0.9441151566469094,0.9946476360392507,0.9687228202819824,0.9687228202819824,0.9687228202819824,1121.0,0.28025001287460327
local,local,,,1,96,data_4000_4_3.5_chordal_rep00,val_epoch_task,val,cycle5,,70,,,,,,,,,4000,1092.0,141.0,2757.0,10.0,0.8856447688564477,0.9909255898366606,0.9353319406509399,0.9353319406509399,0.9353319406509399,1102.0,0.27549999952316284
local,local,,,1,96,data_4000_4_3.5_chordal_rep00,val_epoch_task,val,cycle6,,70,,,,,,,,,4000,932.0,310.0,2703.0,55.0,0.750402576489533,0.9442755825734549,0.8362494707107544,0.8362494707107544,0.8362494707107544,987.0,0.24674999713897705
local,local,,,1,96,data_4000_4_3.5_chordal_rep00,train_epoch,train,,,71,0.09494308370351791,,,,,,,,4000,,,,,,,,,,,
local,local,,,1,96,data_4000_4_3.5_chordal_rep00,val_epoch,val,,,71,,0.10626818326115609,0.97145,0.8759999871253967,0.947782350251486,0.9496129751205444,0.9496129751205444,0.9496129751205444,4000,,,,,,,,,,,
local,local,,,1,96,data_4000_4_3.5_chordal_rep00,val_epoch_task,val,cycle2,,71,,,,,,,,,4000,966.0,7.0,3026.0,1.0,0.9928057553956835,0.9989658738366081,0.9958762526512146,0.9958762526512146,0.9958762526512146,967.0,0.24175000190734863
local,local,,,1,96,data_4000_4_3.5_chordal_rep00,val_epoch_task,val,cycle3,,71,,,,,,,,,4000,1119.0,12.0,2868.0,1.0,0.9893899204244032,0.9991071428571429,0.9942247867584229,0.9942247867584229,0.9942247867584229,1120.0,0.2800000011920929
local,local,,,1,96,data_4000_4_3.5_chordal_rep00,val_epoch_task,val,cycle4,,71,,,,,,,,,4000,1111.0,36.0,2843.0,10.0,0.9686137750653879,0.9910793933987511,0.9797177910804749,0.9797177910804749,0.9797177910804749,1121.0,0.28025001287460327
local,local,,,1,96,data_4000_4_3.5_chordal_rep00,val_epoch_task,val,cycle5,,71,,,,,,,,,4000,1032.0,40.0,2858.0,70.0,0.9626865671641791,0.9364791288566243,0.9494020342826843,0.9494020342826843,0.9494020342826843,1102.0,0.27549999952316284
local,local,,,1,96,data_4000_4_3.5_chordal_rep00,val_epoch_task,val,cycle6,,71,,,,,,,,,4000,954.0,361.0,2652.0,33.0,0.7254752851711027,0.9665653495440729,0.8288444876670837,0.8288444876670837,0.8288444876670837,987.0,0.24674999713897705
local,local,,,1,96,data_4000_4_3.5_chordal_rep00,train_epoch,train,,,72,0.08515056410431862,,,,,,,,4000,,,,,,,,,,,
local,local,,,1,96,data_4000_4_3.5_chordal_rep00,val_epoch,val,,,72,,0.11892148607969284,0.96795,0.8637499809265137,0.9414772208527343,0.9429951906204224,0.9429951906204224,0.9429951906204224,4000,,,,,,,,,,,
local,local,,,1,96,data_4000_4_3.5_chordal_rep00,val_epoch_task,val,cycle2,,72,,,,,,,,,4000,967.0,20.0,3013.0,0.0,0.9797365754812564,1.0,0.9897645711898804,0.9897645711898804,0.9897645711898804,967.0,0.24175000190734863
local,local,,,1,96,data_4000_4_3.5_chordal_rep00,val_epoch_task,val,cycle3,,72,,,,,,,,,4000,1110.0,23.0,2857.0,10.0,0.9796999117387467,0.9910714285714286,0.9853528738021851,0.9853528738021851,0.9853528738021851,1120.0,0.2800000011920929
local,local,,,1,96,data_4000_4_3.5_chordal_rep00,val_epoch_task,val,cycle4,,72,,,,,,,,,4000,1102.0,47.0,2832.0,19.0,0.959094865100087,0.9830508474576272,0.9709250926971436,0.9709250926971436,0.9709250926971436,1121.0,0.28025001287460327
local,local,,,1,96,data_4000_4_3.5_chordal_rep00,val_epoch_task,val,cycle5,,72,,,,,,,,,4000,1031.0,61.0,2837.0,71.0,0.9441391941391941,0.9355716878402904,0.9398359060287476,0.9398359060287476,0.9398359060287476,1102.0,0.27549999952316284
local,local,,,1,96,data_4000_4_3.5_chordal_rep00,val_epoch_task,val,cycle6,,72,,,,,,,,,4000,946.0,349.0,2664.0,41.0,0.7305019305019305,0.9584599797365755,0.8290972709655762,0.8290972709655762,0.8290972709655762,987.0,0.24674999713897705
local,local,,,1,96,data_4000_4_3.5_chordal_rep00,train_epoch,train,,,73,0.07470286539196969,,,,,,,,4000,,,,,,,,,,,
local,local,,,1,96,data_4000_4_3.5_chordal_rep00,val_epoch,val,,,73,,0.10399515479803086,0.97695,0.9004999995231628,0.9569279641222086,0.9560001492500305,0.9560001492500305,0.9560001492500305,4000,,,,,,,,,,,
local,local,,,1,96,data_4000_4_3.5_chordal_rep00,val_epoch_task,val,cycle2,,73,,,,,,,,,4000,966.0,10.0,3023.0,1.0,0.9897540983606558,0.9989658738366081,0.9943386316299438,0.9943386316299438,0.9943386316299438,967.0,0.24175000190734863
local,local,,,1,96,data_4000_4_3.5_chordal_rep00,val_epoch_task,val,cycle3,,73,,,,,,,,,4000,1117.0,16.0,2864.0,3.0,0.9858781994704324,0.9973214285714286,0.9915668964385986,0.9915668964385986,0.9915668964385986,1120.0,0.2800000011920929
local,local,,,1,96,data_4000_4_3.5_chordal_rep00,val_epoch_task,val,cycle4,,73,,,,,,,,,4000,1109.0,37.0,2842.0,12.0,0.9677137870855148,0.9892952720785013,0.9783854484558105,0.9783854484558105,0.9783854484558105,1121.0,0.28025001287460327
local,local,,,1,96,data_4000_4_3.5_chordal_rep00,val_epoch_task,val,cycle5,,73,,,,,,,,,4000,1056.0,65.0,2833.0,46.0,0.9420160570918823,0.9582577132486388,0.9500674605369568,0.9500674605369568,0.9500674605369568,1102.0,0.27549999952316284
local,local,,,1,96,data_4000_4_3.5_chordal_rep00,val_epoch_task,val,cycle6,,73,,,,,,,,,4000,873.0,157.0,2856.0,114.0,0.8475728155339806,0.8844984802431611,0.8656420707702637,0.8656420707702637,0.8656420707702637,987.0,0.24674999713897705
local,local,,,1,96,data_4000_4_3.5_chordal_rep00,train_epoch,train,,,74,0.09018859034776687,,,,,,,,4000,,,,,,,,,,,
local,local,,,1,96,data_4000_4_3.5_chordal_rep00,val_epoch,val,,,74,,0.12916338348388673,0.97545,0.8977500200271606,0.9534993844114027,0.9508145451545715,0.9508145451545715,0.9508145451545715,4000,,,,,,,,,,,
local,local,,,1,96,data_4000_4_3.5_chordal_rep00,val_epoch_task,val,cycle2,,74,,,,,,,,,4000,967.0,12.0,3021.0,0.0,0.9877425944841676,1.0,0.9938334822654724,0.9938334822654724,0.9938334822654724,967.0,0.24175000190734863
local,local,,,1,96,data_4000_4_3.5_chordal_rep00,val_epoch_task,val,cycle3,,74,,,,,,,,,4000,1118.0,19.0,2861.0,2.0,0.9832893579595426,0.9982142857142857,0.990695595741272,0.990695595741272,0.990695595741272,1120.0,0.2800000011920929
local,local,,,1,96,data_4000_4_3.5_chordal_rep00,val_epoch_task,val,cycle4,,74,,,,,,,,,4000,1106.0,21.0,2858.0,15.0,0.9813664596273292,0.9866190900981266,0.9839857220649719,0.9839857220649719,0.9839857220649719,1121.0,0.28025001287460327
local,local,,,1,96,data_4000_4_3.5_chordal_rep00,val_epoch_task,val,cycle5,,74,,,,,,,,,4000,1055.0,80.0,2818.0,47.0,0.9295154185022027,0.957350272232305,0.9432275891304016,0.9432275891304016,0.9432275891304016,1102.0,0.27549999952316284
local,local,,,1,96,data_4000_4_3.5_chordal_rep00,val_epoch_task,val,cycle6,,74,,,,,,,,,4000,788.0,96.0,2917.0,199.0,0.8914027149321267,0.7983789260385005,0.842330276966095,0.842330276966095,0.842330276966095,987.0,0.24674999713897705
local,local,,,1,96,data_4000_4_3.5_chordal_rep00,train_epoch,train,,,75,0.08787238782644272,,,,,,,,4000,,,,,,,,,,,
local,local,,,1,96,data_4000_4_3.5_chordal_rep00,val_epoch,val,,,75,,0.1109631953239441,0.9676,0.8652499914169312,0.9413362303096142,0.9427171945571899,0.9427171945571899,0.9427171945571899,4000,,,,,,,,,,,
local,local,,,1,96,data_4000_4_3.5_chordal_rep00,val_epoch_task,val,cycle2,,75,,,,,,,,,4000,966.0,14.0,3019.0,1.0,0.9857142857142858,0.9989658738366081,0.9922958016395569,0.9922958016395569,0.9922958016395569,967.0,0.24175000190734863
local,local,,,1,96,data_4000_4_3.5_chordal_rep00,val_epoch_task,val,cycle3,,75,,,,,,,,,4000,1115.0,19.0,2861.0,5.0,0.9832451499118166,0.9955357142857143,0.989352285861969,0.989352285861969,0.989352285861969,1120.0,0.2800000011920929
local,local,,,1,96,data_4000_4_3.5_chordal_rep00,val_epoch_task,val,cycle4,,75,,,,,,,,,4000,1100.0,65.0,2814.0,21.0,0.944206008583691,0.9812667261373773,0.9623797535896301,0.9623797535896301,0.9623797535896301,1121.0,0.28025001287460327
local,local,,,1,96,data_4000_4_3.5_chordal_rep00,val_epoch_task,val,cycle5,,75,,,,,,,,,4000,1075.0,126.0,2772.0,27.0,0.8950874271440467,0.9754990925589837,0.9335649013519287,0.9335649013519287,0.9335649013519287,1102.0,0.27549999952316284
local,local,,,1,96,data_4000_4_3.5_chordal_rep00,val_epoch_task,val,cycle6,,75,,,,,,,,,4000,943.0,326.0,2687.0,44.0,0.7431048069345941,0.955420466058764,0.8359929323196411,0.8359929323196411,0.8359929323196411,987.0,0.24674999713897705
local,local,,,1,96,data_4000_4_3.5_chordal_rep00,train_epoch,train,,,76,0.0807028876543045,,,,,,,,4000,,,,,,,,,,,
local,local,,,1,96,data_4000_4_3.5_chordal_rep00,val_epoch,val,,,76,,0.10050203025341034,0.97495,0.8934999704360962,0.9537950751637,0.9541093111038208,0.9541093111038208,0.9541093111038208,4000,,,,,,,,,,,
local,local,,,1,96,data_4000_4_3.5_chordal_rep00,val_epoch_task,val,cycle2,,76,,,,,,,,,4000,967.0,18.0,3015.0,0.0,0.9817258883248731,1.0,0.9907786250114441,0.9907786250114441,0.9907786250114441,967.0,0.24175000190734863
local,local,,,1,96,data_4000_4_3.5_chordal_rep00,val_epoch_task,val,cycle3,,76,,,,,,,,,4000,1119.0,18.0,2862.0,1.0,0.9841688654353562,0.9991071428571429,0.9915817379951477,0.9915817379951477,0.9915817379951477,1120.0,0.2800000011920929
local,local,,,1,96,data_4000_4_3.5_chordal_rep00,val_epoch_task,val,cycle4,,76,,,,,,,,,4000,1099.0,38.0,2841.0,22.0,0.9665787159190853,0.9803746654772525,0.9734278321266174,0.9734278321266174,0.9734278321266174,1121.0,0.28025001287460327
local,local,,,1,96,data_4000_4_3.5_chordal_rep00,val_epoch_task,val,cycle5,,76,,,,,,,,,4000,1045.0,57.0,2841.0,57.0,0.9482758620689655,0.9482758620689655,0.9482758641242981,0.9482758641242981,0.9482758641242981,1102.0,0.27549999952316284
local,local,,,1,96,data_4000_4_3.5_chordal_rep00,val_epoch_task,val,cycle6,,76,,,,,,,,,4000,941.0,244.0,2769.0,46.0,0.7940928270042195,0.9533941236068896,0.8664824962615967,0.8664824962615967,0.8664824962615967,987.0,0.24674999713897705
local,local,,,1,96,data_4000_4_3.5_chordal_rep00,train_epoch,train,,,77,0.08052817910909653,,,,,,,,4000,,,,,,,,,,,
local,local,,,1,96,data_4000_4_3.5_chordal_rep00,val_epoch,val,,,77,,0.11041492813825607,0.96535,0.8525000214576721,0.9380863039399625,0.9411760568618774,0.9411760568618774,0.9411760568618774,4000,,,,,,,,,,,
local,local,,,1,96,data_4000_4_3.5_chordal_rep00,val_epoch_task,val,cycle2,,77,,,,,,,,,4000,967.0,10.0,3023.0,0.0,0.9897645854657113,1.0,0.9948559403419495,0.9948559403419495,0.9948559403419495,967.0,0.24175000190734863
local,local,,,1,96,data_4000_4_3.5_chordal_rep00,val_epoch_task,val,cycle3,,77,,,,,,,,,4000,1120.0,23.0,2857.0,0.0,0.9798775153105862,1.0,0.9898365139961243,0.9898365139961243,0.9898365139961243,1120.0,0.2800000011920929
local,local,,,1,96,data_4000_4_3.5_chordal_rep00,val_epoch_task,val,cycle4,,77,,,,,,,,,4000,1108.0,41.0,2838.0,13.0,0.9643167972149695,0.9884032114183765,0.9762114882469177,0.9762114882469177,0.9762114882469177,1121.0,0.28025001287460327
local,local,,,1,96,data_4000_4_3.5_chordal_rep00,val_epoch_task,val,cycle5,,77,,,,,,,,,4000,1088.0,132.0,2766.0,14.0,0.8918032786885246,0.9872958257713249,0.9371231198310852,0.9371231198310852,0.9371231198310852,1102.0,0.27549999952316284
local,local,,,1,96,data_4000_4_3.5_chordal_rep00,val_epoch_task,val,cycle6,,77,,,,,,,,,4000,967.0,440.0,2573.0,20.0,0.6872778962331201,0.9797365754812564,0.8078529834747314,0.8078529834747314,0.8078529834747314,987.0,0.24674999713897705
local,local,,,1,96,data_4000_4_3.5_chordal_rep00,train_epoch,train,,,78,0.0817827530503273,,,,,,,,4000,,,,,,,,,,,
local,local,,,1,96,data_4000_4_3.5_chordal_rep00,val_epoch,val,,,78,,0.11725389578938485,0.97395,0.8974999785423279,0.9514037869601717,0.9505571126937866,0.9505571126937866,0.9505571126937866,4000,,,,,,,,,,,
local,local,,,1,96,data_4000_4_3.5_chordal_rep00,val_epoch_task,val,cycle2,,78,,,,,,,,,4000,967.0,28.0,3005.0,0.0,0.9718592964824121,1.0,0.9857288599014282,0.9857288599014282,0.9857288599014282,967.0,0.24175000190734863
local,local,,,1,96,data_4000_4_3.5_chordal_rep00,val_epoch_task,val,cycle3,,78,,,,,,,,,4000,1119.0,30.0,2850.0,1.0,0.9738903394255874,0.9991071428571429,0.9863376021385193,0.9863376021385193,0.9863376021385193,1120.0,0.2800000011920929
local,local,,,1,96,data_4000_4_3.5_chordal_rep00,val_epoch_task,val,cycle4,,78,,,,,,,,,4000,1103.0,41.0,2838.0,18.0,0.9641608391608392,0.983942908117752,0.9739514589309692,0.9739514589309692,0.9739514589309692,1121.0,0.28025001287460327
local,local,,,1,96,data_4000_4_3.5_chordal_rep00,val_epoch_task,val,cycle5,,78,,,,,,,,,4000,1026.0,65.0,2833.0,76.0,0.9404216315307058,0.9310344827586207,0.9357045292854309,0.9357045292854309,0.9357045292854309,1102.0,0.27549999952316284
local,local,,,1,96,data_4000_4_3.5_chordal_rep00,val_epoch_task,val,cycle6,,78,,,,,,,,,4000,885.0,160.0,2853.0,102.0,0.84688995215311,0.8966565349544073,0.8710629940032959,0.8710629940032959,0.8710629940032959,987.0,0.24674999713897705
local,local,,,1,96,data_4000_4_3.5_chordal_rep00,train_epoch,train,,,79,0.0933925123810768,,,,,,,,4000,,,,,,,,,,,
local,local,,,1,96,data_4000_4_3.5_chordal_rep00,val_epoch,val,,,79,,0.12076111102104187,0.96855,0.8709999918937683,0.942436167292029,0.9424654245376587,0.9424654245376587,0.9424654245376587,4000,,,,,,,,,,,
local,local,,,1,96,data_4000_4_3.5_chordal_rep00,val_epoch_task,val,cycle2,,79,,,,,,,,,4000,965.0,22.0,3011.0,2.0,0.977710233029382,0.9979317476732161,0.9877174496650696,0.9877174496650696,0.9877174496650696,967.0,0.24175000190734863
local,local,,,1,96,data_4000_4_3.5_chordal_rep00,val_epoch_task,val,cycle3,,79,,,,,,,,,4000,1116.0,12.0,2868.0,4.0,0.9893617021276596,0.9964285714285714,0.9928825497627258,0.9928825497627258,0.9928825497627258,1120.0,0.2800000011920929
local,local,,,1,96,data_4000_4_3.5_chordal_rep00,val_epoch_task,val,cycle4,,79,,,,,,,,,4000,1107.0,42.0,2837.0,14.0,0.9634464751958225,0.9875111507582516,0.9753304123878479,0.9753304123878479,0.9753304123878479,1121.0,0.28025001287460327
local,local,,,1,96,data_4000_4_3.5_chordal_rep00,val_epoch_task,val,cycle5,,79,,,,,,,,,4000,1092.0,223.0,2675.0,10.0,0.8304182509505703,0.9909255898366606,0.9035995006561279,0.9035995006561279,0.9035995006561279,1102.0,0.27549999952316284
local,local,,,1,96,data_4000_4_3.5_chordal_rep00,val_epoch_task,val,cycle6,,79,,,,,,,,,4000,869.0,182.0,2831.0,118.0,0.8268315889628924,0.8804457953394124,0.8527968525886536,0.8527968525886536,0.8527968525886536,987.0,0.24674999713897705
local,local,,,1,96,data_4000_4_3.5_chordal_rep00,train_epoch,train,,,80,0.08716196256875992,,,,,,,,4000,,,,,,,,,,,
local,local,,,1,96,data_4000_4_3.5_chordal_rep00,val_epoch,val,,,80,,0.1017702422440052,0.96945,0.8702499866485596,0.9449003516998827,0.9463373422622681,0.9463373422622681,0.9463373422622681,4000,,,,,,,,,,,
local,local,,,1,96,data_4000_4_3.5_chordal_rep00,val_epoch_task,val,cycle2,,80,,,,,,,,,4000,967.0,12.0,3021.0,0.0,0.9877425944841676,1.0,0.9938334822654724,0.9938334822654724,0.9938334822654724,967.0,0.24175000190734863
local,local,,,1,96,data_4000_4_3.5_chordal_rep00,val_epoch_task,val,cycle3,,80,,,,,,,,,4000,1120.0,34.0,2846.0,0.0,0.9705372616984402,1.0,0.9850484132766724,0.9850484132766724,0.9850484132766724,1120.0,0.2800000011920929
local,local,,,1,96,data_4000_4_3.5_chordal_rep00,val_epoch_task,val,cycle4,,80,,,,,,,,,4000,1115.0,59.0,2820.0,6.0,0.9497444633730835,0.9946476360392507,0.9716775417327881,0.9716775417327881,0.9716775417327881,1121.0,0.28025001287460327
local,local,,,1,96,data_4000_4_3.5_chordal_rep00,val_epoch_task,val,cycle5,,80,,,,,,,,,4000,1085.0,105.0,2793.0,17.0,0.9117647058823529,0.984573502722323,0.9467713832855225,0.9467713832855225,0.9467713832855225,1102.0,0.27549999952316284
local,local,,,1,96,data_4000_4_3.5_chordal_rep00,val_epoch_task,val,cycle6,,80,,,,,,,,,4000,952.0,343.0,2670.0,35.0,0.7351351351351352,0.9645390070921985,0.8343558311462402,0.8343558311462402,0.8343558311462402,987.0,0.24674999713897705
local,local,,,1,96,data_4000_4_3.5_chordal_rep00,best_local_train,train,,,67,,0.07039028419554233,0.9788,0.9129999876022339,0.9607334691609557,0.9616694450378418,0.9616694450378418,0.9616694450378418,4000,,,,,,,,,,,
local,local,,,1,96,data_4000_4_3.5_chordal_rep00,best_local_train_task,train,cycle2,,67,,,,,,,,,4000,1023.0,19.0,2958.0,0.0,0.9817658349328215,1.0,0.990799069404602,0.990799069404602,0.990799069404602,1023.0,0.25575000047683716
local,local,,,1,96,data_4000_4_3.5_chordal_rep00,best_local_train_task,train,cycle3,,67,,,,,,,,,4000,1033.0,20.0,2946.0,1.0,0.9810066476733144,0.9990328820116054,0.9899376630783081,0.9899376630783081,0.9899376630783081,1034.0,0.25850000977516174
local,local,,,1,96,data_4000_4_3.5_chordal_rep00,best_local_train_task,train,cycle4,,67,,,,,,,,,4000,1037.0,37.0,2903.0,23.0,0.9655493482309124,0.9783018867924528,0.9718837738037109,0.9718837738037109,0.9718837738037109,1060.0,0.26499998569488525
local,local,,,1,96,data_4000_4_3.5_chordal_rep00,best_local_train_task,train,cycle5,,67,,,,,,,,,4000,1092.0,78.0,2811.0,19.0,0.9333333333333333,0.9828982898289829,0.9574748277664185,0.9574748277664185,0.9574748277664185,1111.0,0.2777499854564667
local,local,,,1,96,data_4000_4_3.5_chordal_rep00,best_local_train_task,train,cycle6,,67,,,,,,,,,4000,1002.0,201.0,2771.0,26.0,0.8329177057356608,0.9747081712062257,0.8982518911361694,0.8982518911361694,0.8982518911361694,1028.0,0.25699999928474426
local,local,,,1,96,data_4000_4_3.5_chordal_rep00,best_local_val,val,,,67,,0.09611568775773048,0.9719,0.8817499876022339,0.9487973760932945,0.9494975805282593,0.9494975805282593,0.9494975805282593,4000,,,,,,,,,,,
local,local,,,1,96,data_4000_4_3.5_chordal_rep00,best_local_val_task,val,cycle2,,67,,,,,,,,,4000,967.0,25.0,3008.0,0.0,0.9747983870967742,1.0,0.987238347530365,0.987238347530365,0.987238347530365,967.0,0.24175000190734863
local,local,,,1,96,data_4000_4_3.5_chordal_rep00,best_local_val_task,val,cycle3,,67,,,,,,,,,4000,1120.0,23.0,2857.0,0.0,0.9798775153105862,1.0,0.9898365139961243,0.9898365139961243,0.9898365139961243,1120.0,0.2800000011920929
local,local,,,1,96,data_4000_4_3.5_chordal_rep00,best_local_val_task,val,cycle4,,67,,,,,,,,,4000,1100.0,26.0,2853.0,21.0,0.9769094138543517,0.9812667261373773,0.9790831804275513,0.9790831804275513,0.9790831804275513,1121.0,0.28025001287460327
local,local,,,1,96,data_4000_4_3.5_chordal_rep00,best_local_val_task,val,cycle5,,67,,,,,,,,,4000,1082.0,101.0,2797.0,20.0,0.9146238377007607,0.9818511796733213,0.9470459222793579,0.9470459222793579,0.9470459222793579,1102.0,0.27549999952316284
local,local,,,1,96,data_4000_4_3.5_chordal_rep00,best_local_val_task,val,cycle6,,67,,,,,,,,,4000,938.0,297.0,2716.0,49.0,0.7595141700404858,0.950354609929078,0.8442844152450562,0.8442844152450562,0.8442844152450562,987.0,0.24674999713897705
local,local,,,1,96,data_4000_4_3.5_chordal_rep00,best_local_test,test,,,67,,0.10033402699232101,0.97075,0.8767499923706055,0.9496860755138901,0.9521018862724304,0.9521018862724304,0.9521018862724304,4000,,,,,,,,,,,
local,local,,,1,96,data_4000_4_3.5_chordal_rep00,best_local_test_task,test,cycle2,,67,,,,,,,,,4000,987.0,18.0,2995.0,0.0,0.982089552238806,1.0,0.990963876247406,0.990963876247406,0.990963876247406,987.0,0.24674999713897705
local,local,,,1,96,data_4000_4_3.5_chordal_rep00,best_local_test_task,test,cycle3,,67,,,,,,,,,4000,1116.0,16.0,2866.0,2.0,0.9858657243816255,0.998211091234347,0.9919999837875366,0.9919999837875366,0.9919999837875366,1118.0,0.27950000762939453
local,local,,,1,96,data_4000_4_3.5_chordal_rep00,best_local_test_task,test,cycle4,,67,,,,,,,,,4000,1188.0,31.0,2759.0,22.0,0.9745693191140279,0.9818181818181818,0.9781802892684937,0.9781802892684937,0.9781802892684937,1210.0,0.30250000953674316
local,local,,,1,96,data_4000_4_3.5_chordal_rep00,best_local_test_task,test,cycle5,,67,,,,,,,,,4000,1181.0,110.0,2691.0,18.0,0.9147947327652982,0.9849874895746455,0.9485943913459778,0.9485943913459778,0.9485943913459778,1199.0,0.2997500002384186
local,local,,,1,96,data_4000_4_3.5_chordal_rep00,best_local_test_task,test,cycle6,,67,,,,,,,,,4000,1049.0,324.0,2583.0,44.0,0.7640203932993445,0.959743824336688,0.8507704734802246,0.8507704734802246,0.8507704734802246,1093.0,0.273250013589859
