run_type,algorithm,subset_id,subset_clients,seed,graph_id,dataset_id,phase,split,task,round,local_epoch,train_loss,eval_loss,pair_acc,subset_acc,micro_f1,macro_f1,macro_pos_f1,macro_minority_f1,num_nodes,tp,fp,tn,fn,precision,recall,f1,positive_f1,minority_f1,pos_cnt,pos_rate
local,local,,,2,190,data_4200_4_5.0_chordal_rep02,train_epoch,train,,,1,0.6389639530295418,,,,,,,,4200,,,,,,,,,,,
local,local,,,2,190,data_4200_4_5.0_chordal_rep02,val_epoch,val,,,1,,0.4817444862070538,0.8174285714285714,0.5383333563804626,0.7165039929015083,0.7226990461349487,0.7226990461349487,0.7226990461349487,4200,,,,,,,,,,,
local,local,,,2,190,data_4200_4_5.0_chordal_rep02,val_epoch_task,val,cycle2,,1,,,,,,,,,4200,794.0,373.0,3033.0,0.0,0.6803770351328192,1.0,0.8097909092903137,0.8097909092903137,0.8097909092903137,794.0,0.18904761970043182
local,local,,,2,190,data_4200_4_5.0_chordal_rep02,val_epoch_task,val,cycle3,,1,,,,,,,,,4200,881.0,739.0,2568.0,12.0,0.5438271604938272,0.986562150055991,0.7011539936065674,0.7011539936065674,0.7011539936065674,893.0,0.21261905133724213
local,local,,,2,190,data_4200_4_5.0_chordal_rep02,val_epoch_task,val,cycle4,,1,,,,,,,,,4200,1026.0,817.0,2349.0,8.0,0.5567010309278351,0.9922630560928434,0.7132429480552673,0.7132429480552673,0.7132429480552673,1034.0,0.24619047343730927
local,local,,,2,190,data_4200_4_5.0_chordal_rep02,val_epoch_task,val,cycle5,,1,,,,,,,,,4200,1092.0,815.0,2209.0,84.0,0.572627163083377,0.9285714285714286,0.7084009647369385,0.7084009647369385,0.7084009647369385,1176.0,0.2800000011920929
local,local,,,2,190,data_4200_4_5.0_chordal_rep02,val_epoch_task,val,cycle6,,1,,,,,,,,,4200,1052.0,805.0,2162.0,181.0,0.5665051157781368,0.8532035685320357,0.6809061765670776,0.6809061765670776,0.6809061765670776,1233.0,0.29357144236564636
local,local,,,2,190,data_4200_4_5.0_chordal_rep02,train_epoch,train,,,2,0.36233061699640184,,,,,,,,4200,,,,,,,,,,,
local,local,,,2,190,data_4200_4_5.0_chordal_rep02,val_epoch,val,,,2,,0.33487777744020736,0.8665714285714285,0.5833333134651184,0.7817076971019008,0.8057351112365723,0.8057351112365723,0.8057351112365723,4200,,,,,,,,,,,
local,local,,,2,190,data_4200_4_5.0_chordal_rep02,val_epoch_task,val,cycle2,,2,,,,,,,,,4200,788.0,23.0,3383.0,6.0,0.9716399506781751,0.9924433249370277,0.9819314479827881,0.9819314479827881,0.9819314479827881,794.0,0.18904761970043182
local,local,,,2,190,data_4200_4_5.0_chordal_rep02,val_epoch_task,val,cycle3,,2,,,,,,,,,4200,893.0,356.0,2951.0,0.0,0.7149719775820657,1.0,0.8338001370429993,0.8338001370429993,0.8338001370429993,893.0,0.21261905133724213
local,local,,,2,190,data_4200_4_5.0_chordal_rep02,val_epoch_task,val,cycle4,,2,,,,,,,,,4200,1027.0,628.0,2538.0,7.0,0.6205438066465256,0.9932301740812379,0.7638527154922485,0.7638527154922485,0.7638527154922485,1034.0,0.24619047343730927
local,local,,,2,190,data_4200_4_5.0_chordal_rep02,val_epoch_task,val,cycle5,,2,,,,,,,,,4200,1135.0,655.0,2369.0,41.0,0.6340782122905028,0.9651360544217688,0.7653405070304871,0.7653405070304871,0.7653405070304871,1176.0,0.2800000011920929
local,local,,,2,190,data_4200_4_5.0_chordal_rep02,val_epoch_task,val,cycle6,,2,,,,,,,,,4200,1174.0,1027.0,1940.0,59.0,0.5333939118582463,0.9521492295214923,0.6837507486343384,0.6837507486343384,0.6837507486343384,1233.0,0.29357144236564636
local,local,,,2,190,data_4200_4_5.0_chordal_rep02,train_epoch,train,,,3,0.302131804398128,,,,,,,,4200,,,,,,,,,,,
local,local,,,2,190,data_4200_4_5.0_chordal_rep02,val_epoch,val,,,3,,0.27818317708514984,0.9153333333333333,0.7057142853736877,0.8423199716211422,0.8653243780136108,0.8653243780136108,0.8653243780136108,4200,,,,,,,,,,,
local,local,,,2,190,data_4200_4_5.0_chordal_rep02,val_epoch_task,val,cycle2,,3,,,,,,,,,4200,792.0,30.0,3376.0,2.0,0.9635036496350365,0.9974811083123426,0.9801980257034302,0.9801980257034302,0.9801980257034302,794.0,0.18904761970043182
local,local,,,2,190,data_4200_4_5.0_chordal_rep02,val_epoch_task,val,cycle3,,3,,,,,,,,,4200,891.0,85.0,3222.0,2.0,0.9129098360655737,0.9977603583426652,0.9534509778022766,0.9534509778022766,0.9534509778022766,893.0,0.21261905133724213
local,local,,,2,190,data_4200_4_5.0_chordal_rep02,val_epoch_task,val,cycle4,,3,,,,,,,,,4200,1003.0,148.0,3018.0,31.0,0.8714161598609904,0.9700193423597679,0.918077826499939,0.918077826499939,0.918077826499939,1034.0,0.24619047343730927
local,local,,,2,190,data_4200_4_5.0_chordal_rep02,val_epoch_task,val,cycle5,,3,,,,,,,,,4200,1026.0,469.0,2555.0,150.0,0.6862876254180602,0.8724489795918368,0.7682515978813171,0.7682515978813171,0.7682515978813171,1176.0,0.2800000011920929
local,local,,,2,190,data_4200_4_5.0_chordal_rep02,val_epoch_task,val,cycle6,,3,,,,,,,,,4200,1037.0,665.0,2302.0,196.0,0.6092831962397179,0.8410381184103812,0.7066439390182495,0.7066439390182495,0.7066439390182495,1233.0,0.29357144236564636
local,local,,,2,190,data_4200_4_5.0_chordal_rep02,train_epoch,train,,,4,0.2698488350141616,,,,,,,,4200,,,,,,,,,,,
local,local,,,2,190,data_4200_4_5.0_chordal_rep02,val_epoch,val,,,4,,0.2690970757745561,0.9009047619047619,0.6728571653366089,0.8268862823392397,0.848919689655304,0.848919689655304,0.848919689655304,4200,,,,,,,,,,,
local,local,,,2,190,data_4200_4_5.0_chordal_rep02,val_epoch_task,val,cycle2,,4,,,,,,,,,4200,794.0,34.0,3372.0,0.0,0.9589371980676329,1.0,0.9790382981300354,0.9790382981300354,0.9790382981300354,794.0,0.18904761970043182
local,local,,,2,190,data_4200_4_5.0_chordal_rep02,val_epoch_task,val,cycle3,,4,,,,,,,,,4200,889.0,95.0,3212.0,4.0,0.9034552845528455,0.9955207166853304,0.9472562074661255,0.9472562074661255,0.9472562074661255,893.0,0.21261905133724213
local,local,,,2,190,data_4200_4_5.0_chordal_rep02,val_epoch_task,val,cycle4,,4,,,,,,,,,4200,1022.0,503.0,2663.0,12.0,0.6701639344262295,0.988394584139265,0.7987494468688965,0.7987494468688965,0.7987494468688965,1034.0,0.24619047343730927
local,local,,,2,190,data_4200_4_5.0_chordal_rep02,val_epoch_task,val,cycle5,,4,,,,,,,,,4200,1137.0,641.0,2383.0,39.0,0.6394825646794151,0.9668367346938775,0.7698036432266235,0.7698036432266235,0.7698036432266235,1176.0,0.2800000011920929
local,local,,,2,190,data_4200_4_5.0_chordal_rep02,val_epoch_task,val,cycle6,,4,,,,,,,,,4200,1128.0,648.0,2319.0,105.0,0.6351351351351351,0.9148418491484185,0.7497507333755493,0.7497507333755493,0.7497507333755493,1233.0,0.29357144236564636
local,local,,,2,190,data_4200_4_5.0_chordal_rep02,train_epoch,train,,,5,0.27276537722065336,,,,,,,,4200,,,,,,,,,,,
local,local,,,2,190,data_4200_4_5.0_chordal_rep02,val_epoch,val,,,5,,0.26955698353903634,0.9186666666666666,0.7147619128227234,0.847907390917186,0.8694040179252625,0.8694040179252625,0.8694040179252625,4200,,,,,,,,,,,
local,local,,,2,190,data_4200_4_5.0_chordal_rep02,val_epoch_task,val,cycle2,,5,,,,,,,,,4200,794.0,36.0,3370.0,0.0,0.9566265060240964,1.0,0.977832555770874,0.977832555770874,0.977832555770874,794.0,0.18904761970043182
local,local,,,2,190,data_4200_4_5.0_chordal_rep02,val_epoch_task,val,cycle3,,5,,,,,,,,,4200,886.0,56.0,3251.0,7.0,0.940552016985138,0.9921612541993281,0.9656675457954407,0.9656675457954407,0.9656675457954407,893.0,0.21261905133724213
local,local,,,2,190,data_4200_4_5.0_chordal_rep02,val_epoch_task,val,cycle4,,5,,,,,,,,,4200,1020.0,186.0,2980.0,14.0,0.845771144278607,0.9864603481624759,0.9107142090797424,0.9107142090797424,0.9107142090797424,1034.0,0.24619047343730927
local,local,,,2,190,data_4200_4_5.0_chordal_rep02,val_epoch_task,val,cycle5,,5,,,,,,,,,4200,1076.0,450.0,2574.0,100.0,0.7051114023591087,0.9149659863945578,0.7964470386505127,0.7964470386505127,0.7964470386505127,1176.0,0.2800000011920929
local,local,,,2,190,data_4200_4_5.0_chordal_rep02,val_epoch_task,val,cycle6,,5,,,,,,,,,4200,985.0,611.0,2356.0,248.0,0.6171679197994987,0.7988645579886455,0.6963591575622559,0.6963591575622559,0.6963591575622559,1233.0,0.29357144236564636
local,local,,,2,190,data_4200_4_5.0_chordal_rep02,train_epoch,train,,,6,0.24696893904890332,,,,,,,,4200,,,,,,,,,,,
local,local,,,2,190,data_4200_4_5.0_chordal_rep02,val_epoch,val,,,6,,0.2300785442477181,0.9326190476190476,0.7502381205558777,0.8736945461037222,0.8908706903457642,0.8908706903457642,0.8908706903457642,4200,,,,,,,,,,,
local,local,,,2,190,data_4200_4_5.0_chordal_rep02,val_epoch_task,val,cycle2,,6,,,,,,,,,4200,793.0,42.0,3364.0,1.0,0.9497005988023952,0.9987405541561712,0.9736034274101257,0.9736034274101257,0.9736034274101257,794.0,0.18904761970043182
local,local,,,2,190,data_4200_4_5.0_chordal_rep02,val_epoch_task,val,cycle3,,6,,,,,,,,,4200,879.0,54.0,3253.0,14.0,0.9421221864951769,0.9843225083986562,0.9627600908279419,0.9627600908279419,0.9627600908279419,893.0,0.21261905133724213
local,local,,,2,190,data_4200_4_5.0_chordal_rep02,val_epoch_task,val,cycle4,,6,,,,,,,,,4200,1018.0,139.0,3027.0,16.0,0.8798617113223854,0.9845261121856866,0.9292560815811157,0.9292560815811157,0.9292560815811157,1034.0,0.24619047343730927
local,local,,,2,190,data_4200_4_5.0_chordal_rep02,val_epoch_task,val,cycle5,,6,,,,,,,,,4200,1087.0,390.0,2634.0,89.0,0.7359512525389302,0.9243197278911565,0.8194497227668762,0.8194497227668762,0.8194497227668762,1176.0,0.2800000011920929
local,local,,,2,190,data_4200_4_5.0_chordal_rep02,val_epoch_task,val,cycle6,,6,,,,,,,,,4200,1117.0,554.0,2413.0,116.0,0.6684619988031119,0.9059205190592052,0.7692837119102478,0.7692837119102478,0.7692837119102478,1233.0,0.29357144236564636
local,local,,,2,190,data_4200_4_5.0_chordal_rep02,train_epoch,train,,,7,0.23739718198776244,,,,,,,,4200,,,,,,,,,,,
local,local,,,2,190,data_4200_4_5.0_chordal_rep02,val_epoch,val,,,7,,0.2256031137846765,0.919047619047619,0.7178571224212646,0.855072463768116,0.8762663006782532,0.8762663006782532,0.8762663006782532,4200,,,,,,,,,,,
local,local,,,2,190,data_4200_4_5.0_chordal_rep02,val_epoch_task,val,cycle2,,7,,,,,,,,,4200,793.0,26.0,3380.0,1.0,0.9682539682539683,0.9987405541561712,0.983260989189148,0.983260989189148,0.983260989189148,794.0,0.18904761970043182
local,local,,,2,190,data_4200_4_5.0_chordal_rep02,val_epoch_task,val,cycle3,,7,,,,,,,,,4200,893.0,67.0,3240.0,0.0,0.9302083333333333,1.0,0.9638423919677734,0.9638423919677734,0.9638423919677734,893.0,0.21261905133724213
local,local,,,2,190,data_4200_4_5.0_chordal_rep02,val_epoch_task,val,cycle4,,7,,,,,,,,,4200,1029.0,262.0,2904.0,5.0,0.7970565453137103,0.995164410058027,0.885161280632019,0.885161280632019,0.885161280632019,1034.0,0.24619047343730927
local,local,,,2,190,data_4200_4_5.0_chordal_rep02,val_epoch_task,val,cycle5,,7,,,,,,,,,4200,1161.0,636.0,2388.0,15.0,0.6460767946577629,0.9872448979591837,0.7810292840003967,0.7810292840003967,0.7810292840003967,1176.0,0.2800000011920929
local,local,,,2,190,data_4200_4_5.0_chordal_rep02,val_epoch_task,val,cycle6,,7,,,,,,,,,4200,1139.0,594.0,2373.0,94.0,0.6572417772648587,0.9237631792376317,0.768037736415863,0.768037736415863,0.768037736415863,1233.0,0.29357144236564636
local,local,,,2,190,data_4200_4_5.0_chordal_rep02,train_epoch,train,,,8,0.22367876827716826,,,,,,,,4200,,,,,,,,,,,
local,local,,,2,190,data_4200_4_5.0_chordal_rep02,val_epoch,val,,,8,,0.21339451313018798,0.9453809523809524,0.7873809337615967,0.8924317734221138,0.9054195284843445,0.9054195284843445,0.9054195284843445,4200,,,,,,,,,,,
local,local,,,2,190,data_4200_4_5.0_chordal_rep02,val_epoch_task,val,cycle2,,8,,,,,,,,,4200,794.0,23.0,3383.0,0.0,0.9718482252141983,1.0,0.9857231378555298,0.9857231378555298,0.9857231378555298,794.0,0.18904761970043182
local,local,,,2,190,data_4200_4_5.0_chordal_rep02,val_epoch_task,val,cycle3,,8,,,,,,,,,4200,887.0,60.0,3247.0,6.0,0.9366420274551215,0.9932810750279956,0.9641304612159729,0.9641304612159729,0.9641304612159729,893.0,0.21261905133724213
local,local,,,2,190,data_4200_4_5.0_chordal_rep02,val_epoch_task,val,cycle4,,8,,,,,,,,,4200,1000.0,86.0,3080.0,34.0,0.9208103130755064,0.9671179883945842,0.9433962106704712,0.9433962106704712,0.9433962106704712,1034.0,0.24619047343730927
local,local,,,2,190,data_4200_4_5.0_chordal_rep02,val_epoch_task,val,cycle5,,8,,,,,,,,,4200,1027.0,233.0,2791.0,149.0,0.8150793650793651,0.8732993197278912,0.843185544013977,0.843185544013977,0.843185544013977,1176.0,0.2800000011920929
local,local,,,2,190,data_4200_4_5.0_chordal_rep02,val_epoch_task,val,cycle6,,8,,,,,,,,,4200,1050.0,373.0,2594.0,183.0,0.7378777231201686,0.851581508515815,0.7906626462936401,0.7906626462936401,0.7906626462936401,1233.0,0.29357144236564636
local,local,,,2,190,data_4200_4_5.0_chordal_rep02,train_epoch,train,,,9,0.20363472972597393,,,,,,,,4200,,,,,,,,,,,
local,local,,,2,190,data_4200_4_5.0_chordal_rep02,val_epoch,val,,,9,,0.31469178443863277,0.9269047619047619,0.739047646522522,0.8498190000978378,0.861536979675293,0.861536979675293,0.861536979675293,4200,,,,,,,,,,,
local,local,,,2,190,data_4200_4_5.0_chordal_rep02,val_epoch_task,val,cycle2,,9,,,,,,,,,4200,793.0,57.0,3349.0,1.0,0.9329411764705883,0.9987405541561712,0.9647201895713806,0.9647201895713806,0.9647201895713806,794.0,0.18904761970043182
local,local,,,2,190,data_4200_4_5.0_chordal_rep02,val_epoch_task,val,cycle3,,9,,,,,,,,,4200,882.0,72.0,3235.0,11.0,0.9245283018867925,0.9876819708846585,0.9550622701644897,0.9550622701644897,0.9550622701644897,893.0,0.21261905133724213
local,local,,,2,190,data_4200_4_5.0_chordal_rep02,val_epoch_task,val,cycle4,,9,,,,,,,,,4200,982.0,126.0,3040.0,52.0,0.8862815884476535,0.9497098646034816,0.916900098323822,0.916900098323822,0.916900098323822,1034.0,0.24619047343730927
local,local,,,2,190,data_4200_4_5.0_chordal_rep02,val_epoch_task,val,cycle5,,9,,,,,,,,,4200,835.0,209.0,2815.0,341.0,0.7998084291187739,0.7100340136054422,0.7522522807121277,0.7522522807121277,0.7522522807121277,1176.0,0.2800000011920929
local,local,,,2,190,data_4200_4_5.0_chordal_rep02,val_epoch_task,val,cycle6,,9,,,,,,,,,4200,851.0,284.0,2683.0,382.0,0.7497797356828194,0.6901865369018654,0.7187500596046448,0.7187500596046448,0.7187500596046448,1233.0,0.29357144236564636
local,local,,,2,190,data_4200_4_5.0_chordal_rep02,train_epoch,train,,,10,0.21705523488067446,,,,,,,,4200,,,,,,,,,,,
local,local,,,2,190,data_4200_4_5.0_chordal_rep02,val_epoch,val,,,10,,0.18823682345095136,0.9299047619047619,0.738095223903656,0.8736914364166809,0.8969440460205078,0.8969440460205078,0.8969440460205078,4200,,,,,,,,,,,
local,local,,,2,190,data_4200_4_5.0_chordal_rep02,val_epoch_task,val,cycle2,,10,,,,,,,,,4200,793.0,13.0,3393.0,1.0,0.9838709677419355,0.9987405541561712,0.9912500381469727,0.9912500381469727,0.9912500381469727,794.0,0.18904761970043182
local,local,,,2,190,data_4200_4_5.0_chordal_rep02,val_epoch_task,val,cycle3,,10,,,,,,,,,4200,891.0,47.0,3260.0,2.0,0.9498933901918977,0.9977603583426652,0.9732387065887451,0.9732387065887451,0.9732387065887451,893.0,0.21261905133724213
local,local,,,2,190,data_4200_4_5.0_chordal_rep02,val_epoch_task,val,cycle4,,10,,,,,,,,,4200,1022.0,107.0,3059.0,12.0,0.9052258635961028,0.988394584139265,0.9449837803840637,0.9449837803840637,0.9449837803840637,1034.0,0.24619047343730927
local,local,,,2,190,data_4200_4_5.0_chordal_rep02,val_epoch_task,val,cycle5,,10,,,,,,,,,4200,1162.0,568.0,2456.0,14.0,0.6716763005780347,0.9880952380952381,0.7997247576713562,0.7997247576713562,0.7997247576713562,1176.0,0.2800000011920929
local,local,,,2,190,data_4200_4_5.0_chordal_rep02,val_epoch_task,val,cycle6,,10,,,,,,,,,4200,1223.0,698.0,2269.0,10.0,0.6366475793857366,0.991889699918897,0.7755231857299805,0.7755231857299805,0.7755231857299805,1233.0,0.29357144236564636
local,local,,,2,190,data_4200_4_5.0_chordal_rep02,train_epoch,train,,,11,0.19399178022430055,,,,,,,,4200,,,,,,,,,,,
local,local,,,2,190,data_4200_4_5.0_chordal_rep02,val_epoch,val,,,11,,0.20411588050070262,0.949,0.7971428632736206,0.8986467303870541,0.9101255536079407,0.9101255536079407,0.9101255536079407,4200,,,,,,,,,,,
local,local,,,2,190,data_4200_4_5.0_chordal_rep02,val_epoch_task,val,cycle2,,11,,,,,,,,,4200,794.0,18.0,3388.0,0.0,0.9778325123152709,1.0,0.9887920022010803,0.9887920022010803,0.9887920022010803,794.0,0.18904761970043182
local,local,,,2,190,data_4200_4_5.0_chordal_rep02,val_epoch_task,val,cycle3,,11,,,,,,,,,4200,892.0,60.0,3247.0,1.0,0.9369747899159664,0.9988801791713325,0.9669377207756042,0.9669377207756042,0.9669377207756042,893.0,0.21261905133724213
local,local,,,2,190,data_4200_4_5.0_chordal_rep02,val_epoch_task,val,cycle4,,11,,,,,,,,,4200,1018.0,105.0,3061.0,16.0,0.9065004452359751,0.9845261121856866,0.9439035654067993,0.9439035654067993,0.9439035654067993,1034.0,0.24619047343730927
local,local,,,2,190,data_4200_4_5.0_chordal_rep02,val_epoch_task,val,cycle5,,11,,,,,,,,,4200,1076.0,180.0,2844.0,100.0,0.856687898089172,0.9149659863945578,0.8848684430122375,0.8848684430122375,0.8848684430122375,1176.0,0.2800000011920929
local,local,,,2,190,data_4200_4_5.0_chordal_rep02,val_epoch_task,val,cycle6,,11,,,,,,,,,4200,968.0,326.0,2641.0,265.0,0.7480680061823802,0.7850770478507705,0.7661258578300476,0.7661258578300476,0.7661258578300476,1233.0,0.29357144236564636
local,local,,,2,190,data_4200_4_5.0_chordal_rep02,train_epoch,train,,,12,0.19510316036996386,,,,,,,,4200,,,,,,,,,,,
local,local,,,2,190,data_4200_4_5.0_chordal_rep02,val_epoch,val,,,12,,0.20686902588322048,0.9273809523809524,0.738095223903656,0.8692221936369093,0.8854780197143555,0.8854780197143555,0.8854780197143555,4200,,,,,,,,,,,
local,local,,,2,190,data_4200_4_5.0_chordal_rep02,val_epoch_task,val,cycle2,,12,,,,,,,,,4200,794.0,26.0,3380.0,0.0,0.9682926829268292,1.0,0.9838908910751343,0.9838908910751343,0.9838908910751343,794.0,0.18904761970043182
local,local,,,2,190,data_4200_4_5.0_chordal_rep02,val_epoch_task,val,cycle3,,12,,,,,,,,,4200,892.0,129.0,3178.0,1.0,0.8736532810969637,0.9988801791713325,0.9320794343948364,0.9320794343948364,0.9320794343948364,893.0,0.21261905133724213
local,local,,,2,190,data_4200_4_5.0_chordal_rep02,val_epoch_task,val,cycle4,,12,,,,,,,,,4200,1022.0,229.0,2937.0,12.0,0.8169464428457234,0.988394584139265,0.8945295214653015,0.8945295214653015,0.8945295214653015,1034.0,0.24619047343730927
local,local,,,2,190,data_4200_4_5.0_chordal_rep02,val_epoch_task,val,cycle5,,12,,,,,,,,,4200,1162.0,443.0,2581.0,14.0,0.7239875389408099,0.9880952380952381,0.8356706500053406,0.8356706500053406,0.8356706500053406,1176.0,0.2800000011920929
local,local,,,2,190,data_4200_4_5.0_chordal_rep02,val_epoch_task,val,cycle6,,12,,,,,,,,,4200,1198.0,636.0,2331.0,35.0,0.653217011995638,0.9716139497161395,0.781219482421875,0.781219482421875,0.781219482421875,1233.0,0.29357144236564636
local,local,,,2,190,data_4200_4_5.0_chordal_rep02,train_epoch,train,,,13,0.19184197749410356,,,,,,,,4200,,,,,,,,,,,
local,local,,,2,190,data_4200_4_5.0_chordal_rep02,val_epoch,val,,,13,,0.1752552946124758,0.9459047619047619,0.7885714173316956,0.8974173740292577,0.9120197296142578,0.9120197296142578,0.9120197296142578,4200,,,,,,,,,,,
local,local,,,2,190,data_4200_4_5.0_chordal_rep02,val_epoch_task,val,cycle2,,13,,,,,,,,,4200,792.0,15.0,3391.0,2.0,0.9814126394052045,0.9974811083123426,0.9893816709518433,0.9893816709518433,0.9893816709518433,794.0,0.18904761970043182
local,local,,,2,190,data_4200_4_5.0_chordal_rep02,val_epoch_task,val,cycle3,,13,,,,,,,,,4200,876.0,42.0,3265.0,17.0,0.954248366013072,0.9809630459126539,0.967421293258667,0.967421293258667,0.967421293258667,893.0,0.21261905133724213
local,local,,,2,190,data_4200_4_5.0_chordal_rep02,val_epoch_task,val,cycle4,,13,,,,,,,,,4200,1027.0,129.0,3037.0,7.0,0.8884083044982699,0.9932301740812379,0.9378994703292847,0.9378994703292847,0.9378994703292847,1034.0,0.24619047343730927
local,local,,,2,190,data_4200_4_5.0_chordal_rep02,val_epoch_task,val,cycle5,,13,,,,,,,,,4200,1134.0,304.0,2720.0,42.0,0.7885952712100139,0.9642857142857143,0.8676357865333557,0.8676357865333557,0.8676357865333557,1176.0,0.2800000011920929
local,local,,,2,190,data_4200_4_5.0_chordal_rep02,val_epoch_task,val,cycle6,,13,,,,,,,,,4200,1140.0,485.0,2482.0,93.0,0.7015384615384616,0.9245742092457421,0.7977606654167175,0.7977606654167175,0.7977606654167175,1233.0,0.29357144236564636
local,local,,,2,190,data_4200_4_5.0_chordal_rep02,train_epoch,train,,,14,0.18809679661478315,,,,,,,,4200,,,,,,,,,,,
local,local,,,2,190,data_4200_4_5.0_chordal_rep02,val_epoch,val,,,14,,0.19292021217800323,0.938047619047619,0.7664285898208618,0.8842629659282982,0.8998841047286987,0.8998841047286987,0.8998841047286987,4200,,,,,,,,,,,
local,local,,,2,190,data_4200_4_5.0_chordal_rep02,val_epoch_task,val,cycle2,,14,,,,,,,,,4200,793.0,28.0,3378.0,1.0,0.9658952496954933,0.9987405541561712,0.9820433259010315,0.9820433259010315,0.9820433259010315,794.0,0.18904761970043182
local,local,,,2,190,data_4200_4_5.0_chordal_rep02,val_epoch_task,val,cycle3,,14,,,,,,,,,4200,892.0,57.0,3250.0,1.0,0.9399367755532139,0.9988801791713325,0.9685124158859253,0.9685124158859253,0.9685124158859253,893.0,0.21261905133724213
local,local,,,2,190,data_4200_4_5.0_chordal_rep02,val_epoch_task,val,cycle4,,14,,,,,,,,,4200,1019.0,170.0,2996.0,15.0,0.8570227081581161,0.9854932301740812,0.916779100894928,0.916779100894928,0.916779100894928,1034.0,0.24619047343730927
local,local,,,2,190,data_4200_4_5.0_chordal_rep02,val_epoch_task,val,cycle5,,14,,,,,,,,,4200,1148.0,372.0,2652.0,28.0,0.7552631578947369,0.9761904761904762,0.8516319990158081,0.8516319990158081,0.8516319990158081,1176.0,0.2800000011920929
local,local,,,2,190,data_4200_4_5.0_chordal_rep02,val_epoch_task,val,cycle6,,14,,,,,,,,,4200,1118.0,514.0,2453.0,115.0,0.6850490196078431,0.9067315490673155,0.7804537415504456,0.7804537415504456,0.7804537415504456,1233.0,0.29357144236564636
local,local,,,2,190,data_4200_4_5.0_chordal_rep02,train_epoch,train,,,15,0.17427041215556008,,,,,,,,4200,,,,,,,,,,,
local,local,,,2,190,data_4200_4_5.0_chordal_rep02,val_epoch,val,,,15,,0.16587438569182442,0.9498571428571428,0.8071428537368774,0.9038268335007763,0.9162289500236511,0.9162289500236511,0.9162289500236511,4200,,,,,,,,,,,
local,local,,,2,190,data_4200_4_5.0_chordal_rep02,val_epoch_task,val,cycle2,,15,,,,,,,,,4200,794.0,8.0,3398.0,0.0,0.9900249376558603,1.0,0.9949874877929688,0.9949874877929688,0.9949874877929688,794.0,0.18904761970043182
local,local,,,2,190,data_4200_4_5.0_chordal_rep02,val_epoch_task,val,cycle3,,15,,,,,,,,,4200,893.0,65.0,3242.0,0.0,0.9321503131524008,1.0,0.9648838043212891,0.9648838043212891,0.9648838043212891,893.0,0.21261905133724213
local,local,,,2,190,data_4200_4_5.0_chordal_rep02,val_epoch_task,val,cycle4,,15,,,,,,,,,4200,1029.0,134.0,3032.0,5.0,0.884780739466896,0.995164410058027,0.9367319345474243,0.9367319345474243,0.9367319345474243,1034.0,0.24619047343730927
local,local,,,2,190,data_4200_4_5.0_chordal_rep02,val_epoch_task,val,cycle5,,15,,,,,,,,,4200,1106.0,276.0,2748.0,70.0,0.8002894356005789,0.9404761904761905,0.8647381067276001,0.8647381067276001,0.8647381067276001,1176.0,0.2800000011920929
local,local,,,2,190,data_4200_4_5.0_chordal_rep02,val_epoch_task,val,cycle6,,15,,,,,,,,,4200,1126.0,388.0,2579.0,107.0,0.7437252311756936,0.9132197891321979,0.8198034763336182,0.8198034763336182,0.8198034763336182,1233.0,0.29357144236564636
local,local,,,2,190,data_4200_4_5.0_chordal_rep02,train_epoch,train,,,16,0.16598339574677604,,,,,,,,4200,,,,,,,,,,,
local,local,,,2,190,data_4200_4_5.0_chordal_rep02,val_epoch,val,,,16,,0.1481810504481906,0.9506666666666667,0.8088095188140869,0.9071351738974542,0.9197314977645874,0.9197314977645874,0.9197314977645874,4200,,,,,,,,,,,
local,local,,,2,190,data_4200_4_5.0_chordal_rep02,val_epoch_task,val,cycle2,,16,,,,,,,,,4200,793.0,21.0,3385.0,1.0,0.9742014742014742,0.9987405541561712,0.9863184094429016,0.9863184094429016,0.9863184094429016,794.0,0.18904761970043182
local,local,,,2,190,data_4200_4_5.0_chordal_rep02,val_epoch_task,val,cycle3,,16,,,,,,,,,4200,892.0,58.0,3249.0,1.0,0.9389473684210526,0.9988801791713325,0.9679870009422302,0.9679870009422302,0.9679870009422302,893.0,0.21261905133724213
local,local,,,2,190,data_4200_4_5.0_chordal_rep02,val_epoch_task,val,cycle4,,16,,,,,,,,,4200,1019.0,110.0,3056.0,15.0,0.9025686448184234,0.9854932301740812,0.9422098994255066,0.9422098994255066,0.9422098994255066,1034.0,0.24619047343730927
local,local,,,2,190,data_4200_4_5.0_chordal_rep02,val_epoch_task,val,cycle5,,16,,,,,,,,,4200,1155.0,322.0,2702.0,21.0,0.7819905213270142,0.9821428571428571,0.870712399482727,0.870712399482727,0.870712399482727,1176.0,0.2800000011920929
local,local,,,2,190,data_4200_4_5.0_chordal_rep02,val_epoch_task,val,cycle6,,16,,,,,,,,,4200,1201.0,455.0,2512.0,32.0,0.7252415458937198,0.9740470397404704,0.8314296007156372,0.8314296007156372,0.8314296007156372,1233.0,0.29357144236564636
local,local,,,2,190,data_4200_4_5.0_chordal_rep02,train_epoch,train,,,17,0.16681060791015626,,,,,,,,4200,,,,,,,,,,,
local,local,,,2,190,data_4200_4_5.0_chordal_rep02,val_epoch,val,,,17,,0.15016080158097403,0.957,0.8245238065719604,0.9170418006430868,0.9281226396560669,0.9281226396560669,0.9281226396560669,4200,,,,,,,,,,,
local,local,,,2,190,data_4200_4_5.0_chordal_rep02,val_epoch_task,val,cycle2,,17,,,,,,,,,4200,794.0,15.0,3391.0,0.0,0.9814585908529048,1.0,0.9906425476074219,0.9906425476074219,0.9906425476074219,794.0,0.18904761970043182
local,local,,,2,190,data_4200_4_5.0_chordal_rep02,val_epoch_task,val,cycle3,,17,,,,,,,,,4200,892.0,49.0,3258.0,1.0,0.9479277364505845,0.9988801791713325,0.972737193107605,0.972737193107605,0.972737193107605,893.0,0.21261905133724213
local,local,,,2,190,data_4200_4_5.0_chordal_rep02,val_epoch_task,val,cycle4,,17,,,,,,,,,4200,1015.0,85.0,3081.0,19.0,0.9227272727272727,0.9816247582205029,0.951265275478363,0.951265275478363,0.951265275478363,1034.0,0.24619047343730927
local,local,,,2,190,data_4200_4_5.0_chordal_rep02,val_epoch_task,val,cycle5,,17,,,,,,,,,4200,1128.0,236.0,2788.0,48.0,0.8269794721407625,0.9591836734693877,0.8881890177726746,0.8881890177726746,0.8881890177726746,1176.0,0.2800000011920929
local,local,,,2,190,data_4200_4_5.0_chordal_rep02,val_epoch_task,val,cycle6,,17,,,,,,,,,4200,1162.0,379.0,2588.0,71.0,0.754055807916937,0.9424168694241687,0.8377793431282043,0.8377793431282043,0.8377793431282043,1233.0,0.29357144236564636
local,local,,,2,190,data_4200_4_5.0_chordal_rep02,train_epoch,train,,,18,0.17803199728329977,,,,,,,,4200,,,,,,,,,,,
local,local,,,2,190,data_4200_4_5.0_chordal_rep02,val_epoch,val,,,18,,0.1513993562828927,0.9521428571428572,0.8083333373069763,0.9091894822445107,0.9219555854797363,0.9219555854797363,0.9219555854797363,4200,,,,,,,,,,,
local,local,,,2,190,data_4200_4_5.0_chordal_rep02,val_epoch_task,val,cycle2,,18,,,,,,,,,4200,794.0,18.0,3388.0,0.0,0.9778325123152709,1.0,0.9887920022010803,0.9887920022010803,0.9887920022010803,794.0,0.18904761970043182
local,local,,,2,190,data_4200_4_5.0_chordal_rep02,val_epoch_task,val,cycle3,,18,,,,,,,,,4200,891.0,54.0,3253.0,2.0,0.9428571428571428,0.9977603583426652,0.9695320725440979,0.9695320725440979,0.9695320725440979,893.0,0.21261905133724213
local,local,,,2,190,data_4200_4_5.0_chordal_rep02,val_epoch_task,val,cycle4,,18,,,,,,,,,4200,1027.0,104.0,3062.0,7.0,0.9080459770114943,0.9932301740812379,0.9487297534942627,0.9487297534942627,0.9487297534942627,1034.0,0.24619047343730927
local,local,,,2,190,data_4200_4_5.0_chordal_rep02,val_epoch_task,val,cycle5,,18,,,,,,,,,4200,1134.0,267.0,2757.0,42.0,0.8094218415417559,0.9642857142857143,0.8800930976867676,0.8800930976867676,0.8800930976867676,1176.0,0.2800000011920929
local,local,,,2,190,data_4200_4_5.0_chordal_rep02,val_epoch_task,val,cycle6,,18,,,,,,,,,4200,1185.0,463.0,2504.0,48.0,0.7190533980582524,0.9610705596107056,0.8226310014724731,0.8226310014724731,0.8226310014724731,1233.0,0.29357144236564636
local,local,,,2,190,data_4200_4_5.0_chordal_rep02,train_epoch,train,,,19,0.16692185958226521,,,,,,,,4200,,,,,,,,,,,
local,local,,,2,190,data_4200_4_5.0_chordal_rep02,val_epoch,val,,,19,,0.15381158174503418,0.956,0.8235714435577393,0.9145235892691953,0.9257293939590454,0.9257293939590454,0.9257293939590454,4200,,,,,,,,,,,
local,local,,,2,190,data_4200_4_5.0_chordal_rep02,val_epoch_task,val,cycle2,,19,,,,,,,,,4200,794.0,12.0,3394.0,0.0,0.9851116625310173,1.0,0.9924999475479126,0.9924999475479126,0.9924999475479126,794.0,0.18904761970043182
local,local,,,2,190,data_4200_4_5.0_chordal_rep02,val_epoch_task,val,cycle3,,19,,,,,,,,,4200,892.0,37.0,3270.0,1.0,0.9601722282023681,0.9988801791713325,0.9791437983512878,0.9791437983512878,0.9791437983512878,893.0,0.21261905133724213
local,local,,,2,190,data_4200_4_5.0_chordal_rep02,val_epoch_task,val,cycle4,,19,,,,,,,,,4200,1013.0,100.0,3066.0,21.0,0.9101527403414196,0.9796905222437138,0.9436423182487488,0.9436423182487488,0.9436423182487488,1034.0,0.24619047343730927
local,local,,,2,190,data_4200_4_5.0_chordal_rep02,val_epoch_task,val,cycle5,,19,,,,,,,,,4200,1095.0,256.0,2768.0,81.0,0.8105107327905255,0.9311224489795918,0.8666402697563171,0.8666402697563171,0.8666402697563171,1176.0,0.2800000011920929
local,local,,,2,190,data_4200_4_5.0_chordal_rep02,val_epoch_task,val,cycle6,,19,,,,,,,,,4200,1149.0,332.0,2635.0,84.0,0.7758271438217421,0.9318734793187348,0.8467206954956055,0.8467206954956055,0.8467206954956055,1233.0,0.29357144236564636
local,local,,,2,190,data_4200_4_5.0_chordal_rep02,train_epoch,train,,,20,0.15695907768749057,,,,,,,,4200,,,,,,,,,,,
local,local,,,2,190,data_4200_4_5.0_chordal_rep02,val_epoch,val,,,20,,0.15670044544197265,0.9455714285714286,0.791190505027771,0.8985172689336767,0.9129602313041687,0.9129602313041687,0.9129602313041687,4200,,,,,,,,,,,
local,local,,,2,190,data_4200_4_5.0_chordal_rep02,val_epoch_task,val,cycle2,,20,,,,,,,,,4200,793.0,21.0,3385.0,1.0,0.9742014742014742,0.9987405541561712,0.9863184094429016,0.9863184094429016,0.9863184094429016,794.0,0.18904761970043182
local,local,,,2,190,data_4200_4_5.0_chordal_rep02,val_epoch_task,val,cycle3,,20,,,,,,,,,4200,885.0,52.0,3255.0,8.0,0.9445037353255069,0.9910414333706606,0.9672130942344666,0.9672130942344666,0.9672130942344666,893.0,0.21261905133724213
local,local,,,2,190,data_4200_4_5.0_chordal_rep02,val_epoch_task,val,cycle4,,20,,,,,,,,,4200,1019.0,129.0,3037.0,15.0,0.8876306620209059,0.9854932301740812,0.9340054988861084,0.9340054988861084,0.9340054988861084,1034.0,0.24619047343730927
local,local,,,2,190,data_4200_4_5.0_chordal_rep02,val_epoch_task,val,cycle5,,20,,,,,,,,,4200,1158.0,352.0,2672.0,18.0,0.766887417218543,0.9846938775510204,0.8622487187385559,0.8622487187385559,0.8622487187385559,1176.0,0.2800000011920929
local,local,,,2,190,data_4200_4_5.0_chordal_rep02,val_epoch_task,val,cycle6,,20,,,,,,,,,4200,1205.0,519.0,2448.0,28.0,0.6989559164733179,0.9772911597729116,0.8150151968002319,0.8150151968002319,0.8150151968002319,1233.0,0.29357144236564636
local,local,,,2,190,data_4200_4_5.0_chordal_rep02,train_epoch,train,,,21,0.15944015400750297,,,,,,,,4200,,,,,,,,,,,
local,local,,,2,190,data_4200_4_5.0_chordal_rep02,val_epoch,val,,,21,,0.1387333240111669,0.9605238095238096,0.8440476059913635,0.9235733382502075,0.9328258633613586,0.9328258633613586,0.9328258633613586,4200,,,,,,,,,,,
local,local,,,2,190,data_4200_4_5.0_chordal_rep02,val_epoch_task,val,cycle2,,21,,,,,,,,,4200,794.0,19.0,3387.0,0.0,0.976629766297663,1.0,0.9881767630577087,0.9881767630577087,0.9881767630577087,794.0,0.18904761970043182
local,local,,,2,190,data_4200_4_5.0_chordal_rep02,val_epoch_task,val,cycle3,,21,,,,,,,,,4200,890.0,43.0,3264.0,3.0,0.9539121114683816,0.9966405375139977,0.974808394908905,0.974808394908905,0.974808394908905,893.0,0.21261905133724213
local,local,,,2,190,data_4200_4_5.0_chordal_rep02,val_epoch_task,val,cycle4,,21,,,,,,,,,4200,1002.0,82.0,3084.0,32.0,0.9243542435424354,0.9690522243713733,0.9461756944656372,0.9461756944656372,0.9461756944656372,1034.0,0.24619047343730927
local,local,,,2,190,data_4200_4_5.0_chordal_rep02,val_epoch_task,val,cycle5,,21,,,,,,,,,4200,1146.0,263.0,2761.0,30.0,0.8133427963094393,0.9744897959183674,0.8866537809371948,0.8866537809371948,0.8866537809371948,1176.0,0.2800000011920929
local,local,,,2,190,data_4200_4_5.0_chordal_rep02,val_epoch_task,val,cycle6,,21,,,,,,,,,4200,1177.0,301.0,2666.0,56.0,0.7963464140730717,0.9545823195458232,0.868314266204834,0.868314266204834,0.868314266204834,1233.0,0.29357144236564636
local,local,,,2,190,data_4200_4_5.0_chordal_rep02,train_epoch,train,,,22,0.1496662619284221,,,,,,,,4200,,,,,,,,,,,
local,local,,,2,190,data_4200_4_5.0_chordal_rep02,val_epoch,val,,,22,,0.16378980242070698,0.9593333333333334,0.8361904621124268,0.9203358208955226,0.9294356107711792,0.9294356107711792,0.9294356107711792,4200,,,,,,,,,,,
local,local,,,2,190,data_4200_4_5.0_chordal_rep02,val_epoch_task,val,cycle2,,22,,,,,,,,,4200,794.0,28.0,3378.0,0.0,0.9659367396593674,1.0,0.9826732873916626,0.9826732873916626,0.9826732873916626,794.0,0.18904761970043182
local,local,,,2,190,data_4200_4_5.0_chordal_rep02,val_epoch_task,val,cycle3,,22,,,,,,,,,4200,883.0,24.0,3283.0,10.0,0.9735391400220507,0.9888017917133258,0.9811111092567444,0.9811111092567444,0.9811111092567444,893.0,0.21261905133724213
local,local,,,2,190,data_4200_4_5.0_chordal_rep02,val_epoch_task,val,cycle4,,22,,,,,,,,,4200,975.0,78.0,3088.0,59.0,0.9259259259259259,0.9429400386847195,0.9343555569648743,0.9343555569648743,0.9343555569648743,1034.0,0.24619047343730927
local,local,,,2,190,data_4200_4_5.0_chordal_rep02,val_epoch_task,val,cycle5,,22,,,,,,,,,4200,1119.0,255.0,2769.0,57.0,0.8144104803493449,0.951530612244898,0.8776471018791199,0.8776471018791199,0.8776471018791199,1176.0,0.2800000011920929
local,local,,,2,190,data_4200_4_5.0_chordal_rep02,val_epoch_task,val,cycle6,,22,,,,,,,,,4200,1162.0,272.0,2695.0,71.0,0.810320781032078,0.9424168694241687,0.8713910579681396,0.8713910579681396,0.8713910579681396,1233.0,0.29357144236564636
local,local,,,2,190,data_4200_4_5.0_chordal_rep02,train_epoch,train,,,23,0.15306158387944813,,,,,,,,4200,,,,,,,,,,,
local,local,,,2,190,data_4200_4_5.0_chordal_rep02,val_epoch,val,,,23,,0.14772269500153407,0.9635238095238096,0.851190447807312,0.9280210486750611,0.9357465505599976,0.9357465505599976,0.9357465505599976,4200,,,,,,,,,,,
local,local,,,2,190,data_4200_4_5.0_chordal_rep02,val_epoch_task,val,cycle2,,23,,,,,,,,,4200,794.0,25.0,3381.0,0.0,0.9694749694749695,1.0,0.9845008850097656,0.9845008850097656,0.9845008850097656,794.0,0.18904761970043182
local,local,,,2,190,data_4200_4_5.0_chordal_rep02,val_epoch_task,val,cycle3,,23,,,,,,,,,4200,892.0,36.0,3271.0,1.0,0.9612068965517241,0.9988801791713325,0.9796815514564514,0.9796815514564514,0.9796815514564514,893.0,0.21261905133724213
local,local,,,2,190,data_4200_4_5.0_chordal_rep02,val_epoch_task,val,cycle4,,23,,,,,,,,,4200,986.0,74.0,3092.0,48.0,0.930188679245283,0.9535783365570599,0.9417383074760437,0.9417383074760437,0.9417383074760437,1034.0,0.24619047343730927
local,local,,,2,190,data_4200_4_5.0_chordal_rep02,val_epoch_task,val,cycle5,,23,,,,,,,,,4200,1104.0,193.0,2831.0,72.0,0.851195065535852,0.9387755102040817,0.8928426504135132,0.8928426504135132,0.8928426504135132,1176.0,0.2800000011920929
local,local,,,2,190,data_4200_4_5.0_chordal_rep02,val_epoch_task,val,cycle6,,23,,,,,,,,,4200,1162.0,246.0,2721.0,71.0,0.8252840909090909,0.9424168694241687,0.8799696564674377,0.8799696564674377,0.8799696564674377,1233.0,0.29357144236564636
local,local,,,2,190,data_4200_4_5.0_chordal_rep02,train_epoch,train,,,24,0.14180861251694815,,,,,,,,4200,,,,,,,,,,,
local,local,,,2,190,data_4200_4_5.0_chordal_rep02,val_epoch,val,,,24,,0.15513426573503586,0.9630952380952381,0.854285717010498,0.9263797853139545,0.9325042963027954,0.9325042963027954,0.9325042963027954,4200,,,,,,,,,,,
local,local,,,2,190,data_4200_4_5.0_chordal_rep02,val_epoch_task,val,cycle2,,24,,,,,,,,,4200,794.0,29.0,3377.0,0.0,0.9647630619684082,1.0,0.9820655584335327,0.9820655584335327,0.9820655584335327,794.0,0.18904761970043182
local,local,,,2,190,data_4200_4_5.0_chordal_rep02,val_epoch_task,val,cycle3,,24,,,,,,,,,4200,886.0,47.0,3260.0,7.0,0.9496248660235799,0.9921612541993281,0.9704272150993347,0.9704272150993347,0.9704272150993347,893.0,0.21261905133724213
local,local,,,2,190,data_4200_4_5.0_chordal_rep02,val_epoch_task,val,cycle4,,24,,,,,,,,,4200,1025.0,162.0,3004.0,9.0,0.8635214827295703,0.9912959381044487,0.9230076670646667,0.9230076670646667,0.9230076670646667,1034.0,0.24619047343730927
local,local,,,2,190,data_4200_4_5.0_chordal_rep02,val_epoch_task,val,cycle5,,24,,,,,,,,,4200,1074.0,102.0,2922.0,102.0,0.9132653061224489,0.9132653061224489,0.9132652282714844,0.9132652282714844,0.9132652282714844,1176.0,0.2800000011920929
local,local,,,2,190,data_4200_4_5.0_chordal_rep02,val_epoch_task,val,cycle6,,24,,,,,,,,,4200,1097.0,181.0,2786.0,136.0,0.8583724569640062,0.8896999188969992,0.8737555146217346,0.8737555146217346,0.8737555146217346,1233.0,0.29357144236564636
local,local,,,2,190,data_4200_4_5.0_chordal_rep02,train_epoch,train,,,25,0.14648090872026626,,,,,,,,4200,,,,,,,,,,,
local,local,,,2,190,data_4200_4_5.0_chordal_rep02,val_epoch,val,,,25,,0.12781609837497984,0.9628571428571429,0.8535714149475098,0.9280310020298947,0.9361978769302368,0.9361978769302368,0.9361978769302368,4200,,,,,,,,,,,
local,local,,,2,190,data_4200_4_5.0_chordal_rep02,val_epoch_task,val,cycle2,,25,,,,,,,,,4200,794.0,18.0,3388.0,0.0,0.9778325123152709,1.0,0.9887920022010803,0.9887920022010803,0.9887920022010803,794.0,0.18904761970043182
local,local,,,2,190,data_4200_4_5.0_chordal_rep02,val_epoch_task,val,cycle3,,25,,,,,,,,,4200,893.0,54.0,3253.0,0.0,0.9429778247096093,1.0,0.970652163028717,0.970652163028717,0.970652163028717,893.0,0.21261905133724213
local,local,,,2,190,data_4200_4_5.0_chordal_rep02,val_epoch_task,val,cycle4,,25,,,,,,,,,4200,1000.0,81.0,3085.0,34.0,0.9250693802035153,0.9671179883945842,0.9456264972686768,0.9456264972686768,0.9456264972686768,1034.0,0.24619047343730927
local,local,,,2,190,data_4200_4_5.0_chordal_rep02,val_epoch_task,val,cycle5,,25,,,,,,,,,4200,1133.0,220.0,2804.0,43.0,0.8373983739837398,0.9634353741496599,0.8960062861442566,0.8960062861442566,0.8960062861442566,1176.0,0.2800000011920929
local,local,,,2,190,data_4200_4_5.0_chordal_rep02,val_epoch_task,val,cycle6,,25,,,,,,,,,4200,1209.0,306.0,2661.0,24.0,0.7980198019801981,0.9805352798053528,0.8799126148223877,0.8799126148223877,0.8799126148223877,1233.0,0.29357144236564636
local,local,,,2,190,data_4200_4_5.0_chordal_rep02,train_epoch,train,,,26,0.14509393948884236,,,,,,,,4200,,,,,,,,,,,
local,local,,,2,190,data_4200_4_5.0_chordal_rep02,val_epoch,val,,,26,,0.1499746289423534,0.9478571428571428,0.7964285612106323,0.9028652532600018,0.9141690135002136,0.9141690135002136,0.9141690135002136,4200,,,,,,,,,,,
local,local,,,2,190,data_4200_4_5.0_chordal_rep02,val_epoch_task,val,cycle2,,26,,,,,,,,,4200,791.0,32.0,3374.0,3.0,0.9611178614823815,0.9962216624685138,0.9783549904823303,0.9783549904823303,0.9783549904823303,794.0,0.18904761970043182
local,local,,,2,190,data_4200_4_5.0_chordal_rep02,val_epoch_task,val,cycle3,,26,,,,,,,,,4200,888.0,26.0,3281.0,5.0,0.9715536105032823,0.9944008958566629,0.9828444719314575,0.9828444719314575,0.9828444719314575,893.0,0.21261905133724213
local,local,,,2,190,data_4200_4_5.0_chordal_rep02,val_epoch_task,val,cycle4,,26,,,,,,,,,4200,1021.0,252.0,2914.0,13.0,0.8020424194815396,0.9874274661508704,0.8851321935653687,0.8851321935653687,0.8851321935653687,1034.0,0.24619047343730927
local,local,,,2,190,data_4200_4_5.0_chordal_rep02,val_epoch_task,val,cycle5,,26,,,,,,,,,4200,1170.0,354.0,2670.0,6.0,0.7677165354330708,0.9948979591836735,0.8666666746139526,0.8666666746139526,0.8666666746139526,1176.0,0.2800000011920929
local,local,,,2,190,data_4200_4_5.0_chordal_rep02,val_epoch_task,val,cycle6,,26,,,,,,,,,4200,1219.0,390.0,2577.0,14.0,0.7576134244872592,0.9886455798864558,0.8578466176986694,0.8578466176986694,0.8578466176986694,1233.0,0.29357144236564636
local,local,,,2,190,data_4200_4_5.0_chordal_rep02,train_epoch,train,,,27,0.13178898256449473,,,,,,,,4200,,,,,,,,,,,
local,local,,,2,190,data_4200_4_5.0_chordal_rep02,val_epoch,val,,,27,,0.1276515886471385,0.9642380952380952,0.8564285635948181,0.9304307549791571,0.938694179058075,0.938694179058075,0.938694179058075,4200,,,,,,,,,,,
local,local,,,2,190,data_4200_4_5.0_chordal_rep02,val_epoch_task,val,cycle2,,27,,,,,,,,,4200,794.0,20.0,3386.0,0.0,0.9754299754299754,1.0,0.9875621199607849,0.9875621199607849,0.9875621199607849,794.0,0.18904761970043182
local,local,,,2,190,data_4200_4_5.0_chordal_rep02,val_epoch_task,val,cycle3,,27,,,,,,,,,4200,854.0,20.0,3287.0,39.0,0.977116704805492,0.9563269876819709,0.9666100740432739,0.9666100740432739,0.9666100740432739,893.0,0.21261905133724213
local,local,,,2,190,data_4200_4_5.0_chordal_rep02,val_epoch_task,val,cycle4,,27,,,,,,,,,4200,1006.0,72.0,3094.0,28.0,0.9332096474953617,0.9729206963249516,0.9526515603065491,0.9526515603065491,0.9526515603065491,1034.0,0.24619047343730927
local,local,,,2,190,data_4200_4_5.0_chordal_rep02,val_epoch_task,val,cycle5,,27,,,,,,,,,4200,1154.0,192.0,2832.0,22.0,0.8573551263001485,0.9812925170068028,0.9151467084884644,0.9151467084884644,0.9151467084884644,1176.0,0.2800000011920929
local,local,,,2,190,data_4200_4_5.0_chordal_rep02,val_epoch_task,val,cycle6,,27,,,,,,,,,4200,1214.0,339.0,2628.0,19.0,0.7817128139085641,0.9845904298459043,0.8715003728866577,0.8715003728866577,0.8715003728866577,1233.0,0.29357144236564636
local,local,,,2,190,data_4200_4_5.0_chordal_rep02,train_epoch,train,,,28,0.13631635258595148,,,,,,,,4200,,,,,,,,,,,
local,local,,,2,190,data_4200_4_5.0_chordal_rep02,val_epoch,val,,,28,,0.13657233260926746,0.9563333333333334,0.8364285826683044,0.9174245835209365,0.9270282983779907,0.9270282983779907,0.9270282983779907,4200,,,,,,,,,,,
local,local,,,2,190,data_4200_4_5.0_chordal_rep02,val_epoch_task,val,cycle2,,28,,,,,,,,,4200,794.0,31.0,3375.0,0.0,0.9624242424242424,1.0,0.9808523654937744,0.9808523654937744,0.9808523654937744,794.0,0.18904761970043182
local,local,,,2,190,data_4200_4_5.0_chordal_rep02,val_epoch_task,val,cycle3,,28,,,,,,,,,4200,890.0,51.0,3256.0,3.0,0.9458023379383634,0.9966405375139977,0.9705561995506287,0.9705561995506287,0.9705561995506287,893.0,0.21261905133724213
local,local,,,2,190,data_4200_4_5.0_chordal_rep02,val_epoch_task,val,cycle4,,28,,,,,,,,,4200,1020.0,133.0,3033.0,14.0,0.8846487424111015,0.9864603481624759,0.9327846765518188,0.9327846765518188,0.9327846765518188,1034.0,0.24619047343730927
local,local,,,2,190,data_4200_4_5.0_chordal_rep02,val_epoch_task,val,cycle5,,28,,,,,,,,,4200,1165.0,267.0,2757.0,11.0,0.8135474860335196,0.9906462585034014,0.8934049010276794,0.8934049010276794,0.8934049010276794,1176.0,0.2800000011920929
local,local,,,2,190,data_4200_4_5.0_chordal_rep02,val_epoch_task,val,cycle6,,28,,,,,,,,,4200,1225.0,399.0,2568.0,8.0,0.7543103448275862,0.9935117599351176,0.8575429320335388,0.8575429320335388,0.8575429320335388,1233.0,0.29357144236564636
local,local,,,2,190,data_4200_4_5.0_chordal_rep02,train_epoch,train,,,29,0.12838492675196556,,,,,,,,4200,,,,,,,,,,,
local,local,,,2,190,data_4200_4_5.0_chordal_rep02,val_epoch,val,,,29,,0.12482102013769604,0.9715238095238096,0.8899999856948853,0.9436168206675467,0.9493327140808105,0.9493327140808105,0.9493327140808105,4200,,,,,,,,,,,
local,local,,,2,190,data_4200_4_5.0_chordal_rep02,val_epoch_task,val,cycle2,,29,,,,,,,,,4200,794.0,29.0,3377.0,0.0,0.9647630619684082,1.0,0.9820655584335327,0.9820655584335327,0.9820655584335327,794.0,0.18904761970043182
local,local,,,2,190,data_4200_4_5.0_chordal_rep02,val_epoch_task,val,cycle3,,29,,,,,,,,,4200,889.0,25.0,3282.0,4.0,0.9726477024070022,0.9955207166853304,0.9839513301849365,0.9839513301849365,0.9839513301849365,893.0,0.21261905133724213
local,local,,,2,190,data_4200_4_5.0_chordal_rep02,val_epoch_task,val,cycle4,,29,,,,,,,,,4200,1009.0,74.0,3092.0,25.0,0.9316712834718375,0.9758220502901354,0.9532356858253479,0.9532356858253479,0.9532356858253479,1034.0,0.24619047343730927
local,local,,,2,190,data_4200_4_5.0_chordal_rep02,val_epoch_task,val,cycle5,,29,,,,,,,,,4200,1132.0,120.0,2904.0,44.0,0.9041533546325878,0.9625850340136054,0.9324547052383423,0.9324547052383423,0.9324547052383423,1176.0,0.2800000011920929
local,local,,,2,190,data_4200_4_5.0_chordal_rep02,val_epoch_task,val,cycle6,,29,,,,,,,,,4200,1180.0,224.0,2743.0,53.0,0.8404558404558404,0.9570154095701541,0.8949563503265381,0.8949563503265381,0.8949563503265381,1233.0,0.29357144236564636
local,local,,,2,190,data_4200_4_5.0_chordal_rep02,train_epoch,train,,,30,0.11771287139682543,,,,,,,,4200,,,,,,,,,,,
local,local,,,2,190,data_4200_4_5.0_chordal_rep02,val_epoch,val,,,30,,0.11214950046369007,0.9751904761904762,0.8980952501296997,0.9499471611105774,0.9545484781265259,0.9545484781265259,0.9545484781265259,4200,,,,,,,,,,,
local,local,,,2,190,data_4200_4_5.0_chordal_rep02,val_epoch_task,val,cycle2,,30,,,,,,,,,4200,793.0,15.0,3391.0,1.0,0.9814356435643564,0.9987405541561712,0.9900124669075012,0.9900124669075012,0.9900124669075012,794.0,0.18904761970043182
local,local,,,2,190,data_4200_4_5.0_chordal_rep02,val_epoch_task,val,cycle3,,30,,,,,,,,,4200,892.0,36.0,3271.0,1.0,0.9612068965517241,0.9988801791713325,0.9796815514564514,0.9796815514564514,0.9796815514564514,893.0,0.21261905133724213
local,local,,,2,190,data_4200_4_5.0_chordal_rep02,val_epoch_task,val,cycle4,,30,,,,,,,,,4200,1012.0,61.0,3105.0,22.0,0.9431500465983225,0.9787234042553191,0.9606074690818787,0.9606074690818787,0.9606074690818787,1034.0,0.24619047343730927
local,local,,,2,190,data_4200_4_5.0_chordal_rep02,val_epoch_task,val,cycle5,,30,,,,,,,,,4200,1128.0,111.0,2913.0,48.0,0.910411622276029,0.9591836734693877,0.9341614842414856,0.9341614842414856,0.9341614842414856,1176.0,0.2800000011920929
local,local,,,2,190,data_4200_4_5.0_chordal_rep02,val_epoch_task,val,cycle6,,30,,,,,,,,,4200,1119.0,112.0,2855.0,114.0,0.909017059301381,0.9075425790754258,0.9082792401313782,0.9082792401313782,0.9082792401313782,1233.0,0.29357144236564636
local,local,,,2,190,data_4200_4_5.0_chordal_rep02,train_epoch,train,,,31,0.13178824343851633,,,,,,,,4200,,,,,,,,,,,
local,local,,,2,190,data_4200_4_5.0_chordal_rep02,val_epoch,val,,,31,,0.11102018794843128,0.9750952380952381,0.8973809480667114,0.9503182293150945,0.9548022150993347,0.9548022150993347,0.9548022150993347,4200,,,,,,,,,,,
local,local,,,2,190,data_4200_4_5.0_chordal_rep02,val_epoch_task,val,cycle2,,31,,,,,,,,,4200,794.0,22.0,3384.0,0.0,0.9730392156862745,1.0,0.9863354563713074,0.9863354563713074,0.9863354563713074,794.0,0.18904761970043182
local,local,,,2,190,data_4200_4_5.0_chordal_rep02,val_epoch_task,val,cycle3,,31,,,,,,,,,4200,893.0,34.0,3273.0,0.0,0.9633225458468176,1.0,0.9813186526298523,0.9813186526298523,0.9813186526298523,893.0,0.21261905133724213
local,local,,,2,190,data_4200_4_5.0_chordal_rep02,val_epoch_task,val,cycle4,,31,,,,,,,,,4200,1027.0,83.0,3083.0,7.0,0.9252252252252252,0.9932301740812379,0.9580223560333252,0.9580223560333252,0.9580223560333252,1034.0,0.24619047343730927
local,local,,,2,190,data_4200_4_5.0_chordal_rep02,val_epoch_task,val,cycle5,,31,,,,,,,,,4200,1129.0,109.0,2915.0,47.0,0.9119547657512116,0.9600340136054422,0.9353769421577454,0.9353769421577454,0.9353769421577454,1176.0,0.2800000011920929
local,local,,,2,190,data_4200_4_5.0_chordal_rep02,val_epoch_task,val,cycle6,,31,,,,,,,,,4200,1159.0,147.0,2820.0,74.0,0.8874425727411945,0.9399837793998378,0.9129578471183777,0.9129578471183777,0.9129578471183777,1233.0,0.29357144236564636
local,local,,,2,190,data_4200_4_5.0_chordal_rep02,train_epoch,train,,,32,0.12083683429729371,,,,,,,,4200,,,,,,,,,,,
local,local,,,2,190,data_4200_4_5.0_chordal_rep02,val_epoch,val,,,32,,0.10346117834250132,0.9748571428571429,0.9019047617912292,0.9499905285091873,0.954727053642273,0.954727053642273,0.954727053642273,4200,,,,,,,,,,,
local,local,,,2,190,data_4200_4_5.0_chordal_rep02,val_epoch_task,val,cycle2,,32,,,,,,,,,4200,793.0,23.0,3383.0,1.0,0.9718137254901961,0.9987405541561712,0.9850931763648987,0.9850931763648987,0.9850931763648987,794.0,0.18904761970043182
local,local,,,2,190,data_4200_4_5.0_chordal_rep02,val_epoch_task,val,cycle3,,32,,,,,,,,,4200,890.0,26.0,3281.0,3.0,0.9716157205240175,0.9966405375139977,0.9839690923690796,0.9839690923690796,0.9839690923690796,893.0,0.21261905133724213
local,local,,,2,190,data_4200_4_5.0_chordal_rep02,val_epoch_task,val,cycle4,,32,,,,,,,,,4200,1016.0,73.0,3093.0,18.0,0.9329660238751147,0.9825918762088974,0.9571361541748047,0.9571361541748047,0.9571361541748047,1034.0,0.24619047343730927
local,local,,,2,190,data_4200_4_5.0_chordal_rep02,val_epoch_task,val,cycle5,,32,,,,,,,,,4200,1133.0,121.0,2903.0,43.0,0.9035087719298246,0.9634353741496599,0.9325103163719177,0.9325103163719177,0.9325103163719177,1176.0,0.2800000011920929
local,local,,,2,190,data_4200_4_5.0_chordal_rep02,val_epoch_task,val,cycle6,,32,,,,,,,,,4200,1183.0,170.0,2797.0,50.0,0.8743532889874354,0.959448499594485,0.9149265885353088,0.9149265885353088,0.9149265885353088,1233.0,0.29357144236564636
local,local,,,2,190,data_4200_4_5.0_chordal_rep02,train_epoch,train,,,33,0.11184720936275663,,,,,,,,4200,,,,,,,,,,,
local,local,,,2,190,data_4200_4_5.0_chordal_rep02,val_epoch,val,,,33,,0.09985359493465651,0.9724285714285714,0.8897619247436523,0.9459535144217307,0.9521709680557251,0.9521709680557251,0.9521709680557251,4200,,,,,,,,,,,
local,local,,,2,190,data_4200_4_5.0_chordal_rep02,val_epoch_task,val,cycle2,,33,,,,,,,,,4200,794.0,19.0,3387.0,0.0,0.976629766297663,1.0,0.9881767630577087,0.9881767630577087,0.9881767630577087,794.0,0.18904761970043182
local,local,,,2,190,data_4200_4_5.0_chordal_rep02,val_epoch_task,val,cycle3,,33,,,,,,,,,4200,891.0,33.0,3274.0,2.0,0.9642857142857143,0.9977603583426652,0.9807374477386475,0.9807374477386475,0.9807374477386475,893.0,0.21261905133724213
local,local,,,2,190,data_4200_4_5.0_chordal_rep02,val_epoch_task,val,cycle4,,33,,,,,,,,,4200,1008.0,48.0,3118.0,26.0,0.9545454545454546,0.9748549323017408,0.9645932912826538,0.9645932912826538,0.9645932912826538,1034.0,0.24619047343730927
local,local,,,2,190,data_4200_4_5.0_chordal_rep02,val_epoch_task,val,cycle5,,33,,,,,,,,,4200,1162.0,172.0,2852.0,14.0,0.8710644677661169,0.9880952380952381,0.925896406173706,0.925896406173706,0.925896406173706,1176.0,0.2800000011920929
local,local,,,2,190,data_4200_4_5.0_chordal_rep02,val_epoch_task,val,cycle6,,33,,,,,,,,,4200,1212.0,244.0,2723.0,21.0,0.8324175824175825,0.9829683698296837,0.9014503359794617,0.9014503359794617,0.9014503359794617,1233.0,0.29357144236564636
local,local,,,2,190,data_4200_4_5.0_chordal_rep02,train_epoch,train,,,34,0.1096742736016001,,,,,,,,4200,,,,,,,,,,,
local,local,,,2,190,data_4200_4_5.0_chordal_rep02,val_epoch,val,,,34,,0.10142610408010937,0.977,0.9061904549598694,0.9538020086083213,0.9582786560058594,0.9582786560058594,0.9582786560058594,4200,,,,,,,,,,,
local,local,,,2,190,data_4200_4_5.0_chordal_rep02,val_epoch_task,val,cycle2,,34,,,,,,,,,4200,791.0,10.0,3396.0,3.0,0.9875156054931336,0.9962216624685138,0.9918495416641235,0.9918495416641235,0.9918495416641235,794.0,0.18904761970043182
local,local,,,2,190,data_4200_4_5.0_chordal_rep02,val_epoch_task,val,cycle3,,34,,,,,,,,,4200,892.0,40.0,3267.0,1.0,0.9570815450643777,0.9988801791713325,0.977534294128418,0.977534294128418,0.977534294128418,893.0,0.21261905133724213
local,local,,,2,190,data_4200_4_5.0_chordal_rep02,val_epoch_task,val,cycle4,,34,,,,,,,,,4200,1027.0,52.0,3114.0,7.0,0.9518072289156626,0.9932301740812379,0.9720776081085205,0.9720776081085205,0.9720776081085205,1034.0,0.24619047343730927
local,local,,,2,190,data_4200_4_5.0_chordal_rep02,val_epoch_task,val,cycle5,,34,,,,,,,,,4200,1130.0,115.0,2909.0,46.0,0.9076305220883534,0.9608843537414966,0.9334985613822937,0.9334985613822937,0.9334985613822937,1176.0,0.2800000011920929
local,local,,,2,190,data_4200_4_5.0_chordal_rep02,val_epoch_task,val,cycle6,,34,,,,,,,,,4200,1146.0,122.0,2845.0,87.0,0.9037854889589906,0.9294403892944039,0.9164333939552307,0.9164333939552307,0.9164333939552307,1233.0,0.29357144236564636
local,local,,,2,190,data_4200_4_5.0_chordal_rep02,train_epoch,train,,,35,0.10697927557286763,,,,,,,,4200,,,,,,,,,,,
local,local,,,2,190,data_4200_4_5.0_chordal_rep02,val_epoch,val,,,35,,0.1134943469223522,0.9744761904761905,0.8971428275108337,0.9490397413957026,0.953419029712677,0.953419029712677,0.953419029712677,4200,,,,,,,,,,,
local,local,,,2,190,data_4200_4_5.0_chordal_rep02,val_epoch_task,val,cycle2,,35,,,,,,,,,4200,794.0,27.0,3379.0,0.0,0.9671132764920828,1.0,0.9832817316055298,0.9832817316055298,0.9832817316055298,794.0,0.18904761970043182
local,local,,,2,190,data_4200_4_5.0_chordal_rep02,val_epoch_task,val,cycle3,,35,,,,,,,,,4200,891.0,36.0,3271.0,2.0,0.9611650485436893,0.9977603583426652,0.9791208505630493,0.9791208505630493,0.9791208505630493,893.0,0.21261905133724213
local,local,,,2,190,data_4200_4_5.0_chordal_rep02,val_epoch_task,val,cycle4,,35,,,,,,,,,4200,1012.0,65.0,3101.0,22.0,0.9396471680594243,0.9787234042553191,0.9587873220443726,0.9587873220443726,0.9587873220443726,1034.0,0.24619047343730927
local,local,,,2,190,data_4200_4_5.0_chordal_rep02,val_epoch_task,val,cycle5,,35,,,,,,,,,4200,1134.0,124.0,2900.0,42.0,0.9014308426073132,0.9642857142857143,0.9317994713783264,0.9317994713783264,0.9317994713783264,1176.0,0.2800000011920929
local,local,,,2,190,data_4200_4_5.0_chordal_rep02,val_epoch_task,val,cycle6,,35,,,,,,,,,4200,1160.0,145.0,2822.0,73.0,0.8888888888888888,0.9407948094079481,0.9141055345535278,0.9141055345535278,0.9141055345535278,1233.0,0.29357144236564636
local,local,,,2,190,data_4200_4_5.0_chordal_rep02,train_epoch,train,,,36,0.11458359529574712,,,,,,,,4200,,,,,,,,,,,
local,local,,,2,190,data_4200_4_5.0_chordal_rep02,val_epoch,val,,,36,,0.09529367476701736,0.9761904761904762,0.9047619104385376,0.9527499527499527,0.9573408365249634,0.9573408365249634,0.9573408365249634,4200,,,,,,,,,,,
local,local,,,2,190,data_4200_4_5.0_chordal_rep02,val_epoch_task,val,cycle2,,36,,,,,,,,,4200,793.0,16.0,3390.0,1.0,0.9802224969097652,0.9987405541561712,0.9893949031829834,0.9893949031829834,0.9893949031829834,794.0,0.18904761970043182
local,local,,,2,190,data_4200_4_5.0_chordal_rep02,val_epoch_task,val,cycle3,,36,,,,,,,,,4200,893.0,28.0,3279.0,0.0,0.9695982627578719,1.0,0.984564483165741,0.984564483165741,0.984564483165741,893.0,0.21261905133724213
local,local,,,2,190,data_4200_4_5.0_chordal_rep02,val_epoch_task,val,cycle4,,36,,,,,,,,,4200,1027.0,85.0,3081.0,7.0,0.9235611510791367,0.9932301740812379,0.9571295380592346,0.9571295380592346,0.9571295380592346,1034.0,0.24619047343730927
local,local,,,2,190,data_4200_4_5.0_chordal_rep02,val_epoch_task,val,cycle5,,36,,,,,,,,,4200,1147.0,133.0,2891.0,29.0,0.89609375,0.9753401360544217,0.9340391159057617,0.9340391159057617,0.9340391159057617,1176.0,0.2800000011920929
local,local,,,2,190,data_4200_4_5.0_chordal_rep02,val_epoch_task,val,cycle6,,36,,,,,,,,,4200,1181.0,149.0,2818.0,52.0,0.8879699248120301,0.9578264395782644,0.9215762615203857,0.9215762615203857,0.9215762615203857,1233.0,0.29357144236564636
local,local,,,2,190,data_4200_4_5.0_chordal_rep02,train_epoch,train,,,37,0.10500912924607594,,,,,,,,4200,,,,,,,,,,,
local,local,,,2,190,data_4200_4_5.0_chordal_rep02,val_epoch,val,,,37,,0.09297208175772713,0.9789047619047619,0.9171428680419922,0.9580134584399582,0.9621286392211914,0.9621286392211914,0.9621286392211914,4200,,,,,,,,,,,
local,local,,,2,190,data_4200_4_5.0_chordal_rep02,val_epoch_task,val,cycle2,,37,,,,,,,,,4200,794.0,16.0,3390.0,0.0,0.980246913580247,1.0,0.9900249242782593,0.9900249242782593,0.9900249242782593,794.0,0.18904761970043182
local,local,,,2,190,data_4200_4_5.0_chordal_rep02,val_epoch_task,val,cycle3,,37,,,,,,,,,4200,892.0,30.0,3277.0,1.0,0.9674620390455532,0.9988801791713325,0.9829201698303223,0.9829201698303223,0.9829201698303223,893.0,0.21261905133724213
local,local,,,2,190,data_4200_4_5.0_chordal_rep02,val_epoch_task,val,cycle4,,37,,,,,,,,,4200,1022.0,62.0,3104.0,12.0,0.9428044280442804,0.988394584139265,0.9650613069534302,0.9650613069534302,0.9650613069534302,1034.0,0.24619047343730927
local,local,,,2,190,data_4200_4_5.0_chordal_rep02,val_epoch_task,val,cycle5,,37,,,,,,,,,4200,1147.0,90.0,2934.0,29.0,0.9272433306386418,0.9753401360544217,0.9506837725639343,0.9506837725639343,0.9506837725639343,1176.0,0.2800000011920929
local,local,,,2,190,data_4200_4_5.0_chordal_rep02,val_epoch_task,val,cycle6,,37,,,,,,,,,4200,1199.0,169.0,2798.0,34.0,0.8764619883040936,0.9724249797242498,0.9219531416893005,0.9219531416893005,0.9219531416893005,1233.0,0.29357144236564636
local,local,,,2,190,data_4200_4_5.0_chordal_rep02,train_epoch,train,,,38,0.1063357313048272,,,,,,,,4200,,,,,,,,,,,
local,local,,,2,190,data_4200_4_5.0_chordal_rep02,val_epoch,val,,,38,,0.10209874358915147,0.9749523809523809,0.898809552192688,0.9501705191360363,0.9549832344055176,0.9549832344055176,0.9549832344055176,4200,,,,,,,,,,,
local,local,,,2,190,data_4200_4_5.0_chordal_rep02,val_epoch_task,val,cycle2,,38,,,,,,,,,4200,794.0,22.0,3384.0,0.0,0.9730392156862745,1.0,0.9863354563713074,0.9863354563713074,0.9863354563713074,794.0,0.18904761970043182
local,local,,,2,190,data_4200_4_5.0_chordal_rep02,val_epoch_task,val,cycle3,,38,,,,,,,,,4200,883.0,14.0,3293.0,10.0,0.9843924191750278,0.9888017917133258,0.986592173576355,0.986592173576355,0.986592173576355,893.0,0.21261905133724213
local,local,,,2,190,data_4200_4_5.0_chordal_rep02,val_epoch_task,val,cycle4,,38,,,,,,,,,4200,1007.0,73.0,3093.0,27.0,0.9324074074074075,0.9738878143133463,0.9526963233947754,0.9526963233947754,0.9526963233947754,1034.0,0.24619047343730927
local,local,,,2,190,data_4200_4_5.0_chordal_rep02,val_epoch_task,val,cycle5,,38,,,,,,,,,4200,1169.0,190.0,2834.0,7.0,0.8601913171449596,0.9940476190476191,0.9222880005836487,0.9222880005836487,0.9222880005836487,1176.0,0.2800000011920929
local,local,,,2,190,data_4200_4_5.0_chordal_rep02,val_epoch_task,val,cycle6,,38,,,,,,,,,4200,1162.0,112.0,2855.0,71.0,0.9120879120879121,0.9424168694241687,0.9270043969154358,0.9270043969154358,0.9270043969154358,1233.0,0.29357144236564636
local,local,,,2,190,data_4200_4_5.0_chordal_rep02,train_epoch,train,,,39,0.10715905128845146,,,,,,,,4200,,,,,,,,,,,
local,local,,,2,190,data_4200_4_5.0_chordal_rep02,val_epoch,val,,,39,,0.09634683628877004,0.9747619047619047,0.9007142782211304,0.9501223414266893,0.954988956451416,0.954988956451416,0.954988956451416,4200,,,,,,,,,,,
local,local,,,2,190,data_4200_4_5.0_chordal_rep02,val_epoch_task,val,cycle2,,39,,,,,,,,,4200,794.0,14.0,3392.0,0.0,0.9826732673267327,1.0,0.9912609457969666,0.9912609457969666,0.9912609457969666,794.0,0.18904761970043182
local,local,,,2,190,data_4200_4_5.0_chordal_rep02,val_epoch_task,val,cycle3,,39,,,,,,,,,4200,893.0,41.0,3266.0,0.0,0.9561027837259101,1.0,0.9775587916374207,0.9775587916374207,0.9775587916374207,893.0,0.21261905133724213
local,local,,,2,190,data_4200_4_5.0_chordal_rep02,val_epoch_task,val,cycle4,,39,,,,,,,,,4200,1018.0,84.0,3082.0,16.0,0.9237749546279492,0.9845261121856866,0.9531835317611694,0.9531835317611694,0.9531835317611694,1034.0,0.24619047343730927
local,local,,,2,190,data_4200_4_5.0_chordal_rep02,val_epoch_task,val,cycle5,,39,,,,,,,,,4200,1143.0,111.0,2913.0,33.0,0.9114832535885168,0.9719387755102041,0.9407407641410828,0.9407407641410828,0.9407407641410828,1176.0,0.2800000011920929
local,local,,,2,190,data_4200_4_5.0_chordal_rep02,val_epoch_task,val,cycle6,,39,,,,,,,,,4200,1200.0,198.0,2769.0,33.0,0.8583690987124464,0.9732360097323601,0.9122006893157959,0.9122006893157959,0.9122006893157959,1233.0,0.29357144236564636
local,local,,,2,190,data_4200_4_5.0_chordal_rep02,train_epoch,train,,,40,0.10712172813358761,,,,,,,,4200,,,,,,,,,,,
local,local,,,2,190,data_4200_4_5.0_chordal_rep02,val_epoch,val,,,40,,0.10994856266748337,0.9757619047619047,0.9038095474243164,0.9511750599520384,0.9552559852600098,0.9552559852600098,0.9552559852600098,4200,,,,,,,,,,,
local,local,,,2,190,data_4200_4_5.0_chordal_rep02,val_epoch_task,val,cycle2,,40,,,,,,,,,4200,794.0,10.0,3396.0,0.0,0.9875621890547264,1.0,0.9937421679496765,0.9937421679496765,0.9937421679496765,794.0,0.18904761970043182
local,local,,,2,190,data_4200_4_5.0_chordal_rep02,val_epoch_task,val,cycle3,,40,,,,,,,,,4200,893.0,60.0,3247.0,0.0,0.9370409233997902,1.0,0.9674972891807556,0.9674972891807556,0.9674972891807556,893.0,0.21261905133724213
local,local,,,2,190,data_4200_4_5.0_chordal_rep02,val_epoch_task,val,cycle4,,40,,,,,,,,,4200,990.0,41.0,3125.0,44.0,0.9602327837051406,0.9574468085106383,0.9588378071784973,0.9588378071784973,0.9588378071784973,1034.0,0.24619047343730927
local,local,,,2,190,data_4200_4_5.0_chordal_rep02,val_epoch_task,val,cycle5,,40,,,,,,,,,4200,1129.0,111.0,2913.0,47.0,0.910483870967742,0.9600340136054422,0.9346026182174683,0.9346026182174683,0.9346026182174683,1176.0,0.2800000011920929
local,local,,,2,190,data_4200_4_5.0_chordal_rep02,val_epoch_task,val,cycle6,,40,,,,,,,,,4200,1152.0,115.0,2852.0,81.0,0.909234411996843,0.9343065693430657,0.9216000437736511,0.9216000437736511,0.9216000437736511,1233.0,0.29357144236564636
local,local,,,2,190,data_4200_4_5.0_chordal_rep02,train_epoch,train,,,41,0.1252291765809059,,,,,,,,4200,,,,,,,,,,,
local,local,,,2,190,data_4200_4_5.0_chordal_rep02,val_epoch,val,,,41,,0.09206400082224891,0.9788571428571429,0.9176190495491028,0.9576174112256586,0.9609557390213013,0.9609557390213013,0.9609557390213013,4200,,,,,,,,,,,
local,local,,,2,190,data_4200_4_5.0_chordal_rep02,val_epoch_task,val,cycle2,,41,,,,,,,,,4200,794.0,18.0,3388.0,0.0,0.9778325123152709,1.0,0.9887920022010803,0.9887920022010803,0.9887920022010803,794.0,0.18904761970043182
local,local,,,2,190,data_4200_4_5.0_chordal_rep02,val_epoch_task,val,cycle3,,41,,,,,,,,,4200,893.0,46.0,3261.0,0.0,0.9510117145899893,1.0,0.9748908877372742,0.9748908877372742,0.9748908877372742,893.0,0.21261905133724213
local,local,,,2,190,data_4200_4_5.0_chordal_rep02,val_epoch_task,val,cycle4,,41,,,,,,,,,4200,1021.0,60.0,3106.0,13.0,0.9444958371877891,0.9874274661508704,0.965484619140625,0.965484619140625,0.965484619140625,1034.0,0.24619047343730927
local,local,,,2,190,data_4200_4_5.0_chordal_rep02,val_epoch_task,val,cycle5,,41,,,,,,,,,4200,1149.0,98.0,2926.0,27.0,0.921411387329591,0.9770408163265306,0.9484110474586487,0.9484110474586487,0.9484110474586487,1176.0,0.2800000011920929
local,local,,,2,190,data_4200_4_5.0_chordal_rep02,val_epoch_task,val,cycle6,,41,,,,,,,,,4200,1159.0,108.0,2859.0,74.0,0.914759273875296,0.9399837793998378,0.9272000193595886,0.9272000193595886,0.9272000193595886,1233.0,0.29357144236564636
local,local,,,2,190,data_4200_4_5.0_chordal_rep02,train_epoch,train,,,42,0.10227951449297723,,,,,,,,4200,,,,,,,,,,,
local,local,,,2,190,data_4200_4_5.0_chordal_rep02,val_epoch,val,,,42,,0.08435825312421436,0.9757619047619047,0.9007142782211304,0.9522558859394054,0.957394003868103,0.957394003868103,0.957394003868103,4200,,,,,,,,,,,
local,local,,,2,190,data_4200_4_5.0_chordal_rep02,val_epoch_task,val,cycle2,,42,,,,,,,,,4200,793.0,18.0,3388.0,1.0,0.9778051787916153,0.9987405541561712,0.9881619811058044,0.9881619811058044,0.9881619811058044,794.0,0.18904761970043182
local,local,,,2,190,data_4200_4_5.0_chordal_rep02,val_epoch_task,val,cycle3,,42,,,,,,,,,4200,893.0,32.0,3275.0,0.0,0.9654054054054054,1.0,0.9823982119560242,0.9823982119560242,0.9823982119560242,893.0,0.21261905133724213
local,local,,,2,190,data_4200_4_5.0_chordal_rep02,val_epoch_task,val,cycle4,,42,,,,,,,,,4200,1023.0,67.0,3099.0,11.0,0.9385321100917431,0.9893617021276596,0.9632768034934998,0.9632768034934998,0.9632768034934998,1034.0,0.24619047343730927
local,local,,,2,190,data_4200_4_5.0_chordal_rep02,val_epoch_task,val,cycle5,,42,,,,,,,,,4200,1153.0,110.0,2914.0,23.0,0.9129057798891528,0.9804421768707483,0.9454694390296936,0.9454694390296936,0.9454694390296936,1176.0,0.2800000011920929
local,local,,,2,190,data_4200_4_5.0_chordal_rep02,val_epoch_task,val,cycle6,,42,,,,,,,,,4200,1214.0,228.0,2739.0,19.0,0.841886269070735,0.9845904298459043,0.9076635241508484,0.9076635241508484,0.9076635241508484,1233.0,0.29357144236564636
local,local,,,2,190,data_4200_4_5.0_chordal_rep02,train_epoch,train,,,43,0.0928054227573531,,,,,,,,4200,,,,,,,,,,,
local,local,,,2,190,data_4200_4_5.0_chordal_rep02,val_epoch,val,,,43,,0.10499389821574802,0.9701904761904762,0.8830952644348145,0.9418431809736157,0.9480928182601929,0.9480928182601929,0.9480928182601929,4200,,,,,,,,,,,
local,local,,,2,190,data_4200_4_5.0_chordal_rep02,val_epoch_task,val,cycle2,,43,,,,,,,,,4200,794.0,21.0,3385.0,0.0,0.9742331288343559,1.0,0.9869484305381775,0.9869484305381775,0.9869484305381775,794.0,0.18904761970043182
local,local,,,2,190,data_4200_4_5.0_chordal_rep02,val_epoch_task,val,cycle3,,43,,,,,,,,,4200,887.0,34.0,3273.0,6.0,0.9630836047774158,0.9932810750279956,0.977949321269989,0.977949321269989,0.977949321269989,893.0,0.21261905133724213
local,local,,,2,190,data_4200_4_5.0_chordal_rep02,val_epoch_task,val,cycle4,,43,,,,,,,,,4200,1018.0,79.0,3087.0,16.0,0.9279854147675478,0.9845261121856866,0.9554199576377869,0.9554199576377869,0.9554199576377869,1034.0,0.24619047343730927
local,local,,,2,190,data_4200_4_5.0_chordal_rep02,val_epoch_task,val,cycle5,,43,,,,,,,,,4200,1165.0,191.0,2833.0,11.0,0.8591445427728613,0.9906462585034014,0.9202211499214172,0.9202211499214172,0.9202211499214172,1176.0,0.2800000011920929
local,local,,,2,190,data_4200_4_5.0_chordal_rep02,val_epoch_task,val,cycle6,,43,,,,,,,,,4200,1205.0,240.0,2727.0,28.0,0.8339100346020761,0.9772911597729116,0.8999253511428833,0.8999253511428833,0.8999253511428833,1233.0,0.29357144236564636
local,local,,,2,190,data_4200_4_5.0_chordal_rep02,train_epoch,train,,,44,0.10745337488395827,,,,,,,,4200,,,,,,,,,,,
local,local,,,2,190,data_4200_4_5.0_chordal_rep02,val_epoch,val,,,44,,0.10407990634086586,0.9776190476190476,0.9138095378875732,0.954946319018405,0.9587291479110718,0.9587291479110718,0.9587291479110718,4200,,,,,,,,,,,
local,local,,,2,190,data_4200_4_5.0_chordal_rep02,val_epoch_task,val,cycle2,,44,,,,,,,,,4200,794.0,21.0,3385.0,0.0,0.9742331288343559,1.0,0.9869484305381775,0.9869484305381775,0.9869484305381775,794.0,0.18904761970043182
local,local,,,2,190,data_4200_4_5.0_chordal_rep02,val_epoch_task,val,cycle3,,44,,,,,,,,,4200,893.0,30.0,3277.0,0.0,0.9674972914409534,1.0,0.9834801554679871,0.9834801554679871,0.9834801554679871,893.0,0.21261905133724213
local,local,,,2,190,data_4200_4_5.0_chordal_rep02,val_epoch_task,val,cycle4,,44,,,,,,,,,4200,1018.0,74.0,3092.0,16.0,0.9322344322344323,0.9845261121856866,0.9576669931411743,0.9576669931411743,0.9576669931411743,1034.0,0.24619047343730927
local,local,,,2,190,data_4200_4_5.0_chordal_rep02,val_epoch_task,val,cycle5,,44,,,,,,,,,4200,1098.0,69.0,2955.0,78.0,0.9408740359897172,0.9336734693877551,0.9372599124908447,0.9372599124908447,0.9372599124908447,1176.0,0.2800000011920929
local,local,,,2,190,data_4200_4_5.0_chordal_rep02,val_epoch_task,val,cycle6,,44,,,,,,,,,4200,1178.0,127.0,2840.0,55.0,0.9026819923371647,0.9553933495539335,0.9282900094985962,0.9282900094985962,0.9282900094985962,1233.0,0.29357144236564636
local,local,,,2,190,data_4200_4_5.0_chordal_rep02,train_epoch,train,,,45,0.10312987783125468,,,,,,,,4200,,,,,,,,,,,
local,local,,,2,190,data_4200_4_5.0_chordal_rep02,val_epoch,val,,,45,,0.09959952313275565,0.9744285714285714,0.9004762172698975,0.9494302665034372,0.9541842341423035,0.9541842341423035,0.9541842341423035,4200,,,,,,,,,,,
local,local,,,2,190,data_4200_4_5.0_chordal_rep02,val_epoch_task,val,cycle2,,45,,,,,,,,,4200,794.0,24.0,3382.0,0.0,0.9706601466992665,1.0,0.985111653804779,0.985111653804779,0.985111653804779,794.0,0.18904761970043182
local,local,,,2,190,data_4200_4_5.0_chordal_rep02,val_epoch_task,val,cycle3,,45,,,,,,,,,4200,892.0,23.0,3284.0,1.0,0.9748633879781421,0.9988801791713325,0.9867256283760071,0.9867256283760071,0.9867256283760071,893.0,0.21261905133724213
local,local,,,2,190,data_4200_4_5.0_chordal_rep02,val_epoch_task,val,cycle4,,45,,,,,,,,,4200,1025.0,95.0,3071.0,9.0,0.9151785714285714,0.9912959381044487,0.9517176747322083,0.9517176747322083,0.9517176747322083,1034.0,0.24619047343730927
local,local,,,2,190,data_4200_4_5.0_chordal_rep02,val_epoch_task,val,cycle5,,45,,,,,,,,,4200,1170.0,184.0,2840.0,6.0,0.8641063515509602,0.9948979591836735,0.9249011874198914,0.9249011874198914,0.9249011874198914,1176.0,0.2800000011920929
local,local,,,2,190,data_4200_4_5.0_chordal_rep02,val_epoch_task,val,cycle6,,45,,,,,,,,,4200,1160.0,122.0,2845.0,73.0,0.9048361934477379,0.9407948094079481,0.9224652051925659,0.9224652051925659,0.9224652051925659,1233.0,0.29357144236564636
local,local,,,2,190,data_4200_4_5.0_chordal_rep02,train_epoch,train,,,46,0.1004436831956818,,,,,,,,4200,,,,,,,,,,,
local,local,,,2,190,data_4200_4_5.0_chordal_rep02,val_epoch,val,,,46,,0.09527629202320462,0.9788095238095238,0.9164285659790039,0.9573387019461221,0.960671603679657,0.960671603679657,0.960671603679657,4200,,,,,,,,,,,
local,local,,,2,190,data_4200_4_5.0_chordal_rep02,val_epoch_task,val,cycle2,,46,,,,,,,,,4200,794.0,22.0,3384.0,0.0,0.9730392156862745,1.0,0.9863354563713074,0.9863354563713074,0.9863354563713074,794.0,0.18904761970043182
local,local,,,2,190,data_4200_4_5.0_chordal_rep02,val_epoch_task,val,cycle3,,46,,,,,,,,,4200,892.0,33.0,3274.0,1.0,0.9643243243243244,0.9988801791713325,0.9812980890274048,0.9812980890274048,0.9812980890274048,893.0,0.21261905133724213
local,local,,,2,190,data_4200_4_5.0_chordal_rep02,val_epoch_task,val,cycle4,,46,,,,,,,,,4200,1012.0,62.0,3104.0,22.0,0.9422718808193669,0.9787234042553191,0.9601518511772156,0.9601518511772156,0.9601518511772156,1034.0,0.24619047343730927
local,local,,,2,190,data_4200_4_5.0_chordal_rep02,val_epoch_task,val,cycle5,,46,,,,,,,,,4200,1141.0,98.0,2926.0,35.0,0.9209039548022598,0.9702380952380952,0.9449275135993958,0.9449275135993958,0.9449275135993958,1176.0,0.2800000011920929
local,local,,,2,190,data_4200_4_5.0_chordal_rep02,val_epoch_task,val,cycle6,,46,,,,,,,,,4200,1154.0,93.0,2874.0,79.0,0.92542101042502,0.9359286293592863,0.930645227432251,0.930645227432251,0.930645227432251,1233.0,0.29357144236564636
local,local,,,2,190,data_4200_4_5.0_chordal_rep02,train_epoch,train,,,47,0.09334711586435636,,,,,,,,4200,,,,,,,,,,,
local,local,,,2,190,data_4200_4_5.0_chordal_rep02,val_epoch,val,,,47,,0.10992046515146892,0.9756190476190476,0.9064285755157471,0.9510141599693839,0.9545345306396484,0.9545345306396484,0.9545345306396484,4200,,,,,,,,,,,
local,local,,,2,190,data_4200_4_5.0_chordal_rep02,val_epoch_task,val,cycle2,,47,,,,,,,,,4200,794.0,20.0,3386.0,0.0,0.9754299754299754,1.0,0.9875621199607849,0.9875621199607849,0.9875621199607849,794.0,0.18904761970043182
local,local,,,2,190,data_4200_4_5.0_chordal_rep02,val_epoch_task,val,cycle3,,47,,,,,,,,,4200,892.0,49.0,3258.0,1.0,0.9479277364505845,0.9988801791713325,0.972737193107605,0.972737193107605,0.972737193107605,893.0,0.21261905133724213
local,local,,,2,190,data_4200_4_5.0_chordal_rep02,val_epoch_task,val,cycle4,,47,,,,,,,,,4200,1026.0,101.0,3065.0,8.0,0.9103815439219166,0.9922630560928434,0.9495604038238525,0.9495604038238525,0.9495604038238525,1034.0,0.24619047343730927
local,local,,,2,190,data_4200_4_5.0_chordal_rep02,val_epoch_task,val,cycle5,,47,,,,,,,,,4200,1137.0,96.0,2928.0,39.0,0.9221411192214112,0.9668367346938775,0.9439601898193359,0.9439601898193359,0.9439601898193359,1176.0,0.2800000011920929
local,local,,,2,190,data_4200_4_5.0_chordal_rep02,val_epoch_task,val,cycle6,,47,,,,,,,,,4200,1121.0,86.0,2881.0,112.0,0.9287489643744822,0.9091646390916464,0.9188524484634399,0.9188524484634399,0.9188524484634399,1233.0,0.29357144236564636
local,local,,,2,190,data_4200_4_5.0_chordal_rep02,train_epoch,train,,,48,0.08929339333659127,,,,,,,,4200,,,,,,,,,,,
local,local,,,2,190,data_4200_4_5.0_chordal_rep02,val_epoch,val,,,48,,0.09089367743758928,0.9767142857142858,0.9047619104385376,0.953941791466516,0.958655059337616,0.958655059337616,0.958655059337616,4200,,,,,,,,,,,
local,local,,,2,190,data_4200_4_5.0_chordal_rep02,val_epoch_task,val,cycle2,,48,,,,,,,,,4200,794.0,18.0,3388.0,0.0,0.9778325123152709,1.0,0.9887920022010803,0.9887920022010803,0.9887920022010803,794.0,0.18904761970043182
local,local,,,2,190,data_4200_4_5.0_chordal_rep02,val_epoch_task,val,cycle3,,48,,,,,,,,,4200,892.0,35.0,3272.0,1.0,0.9622437971952535,0.9988801791713325,0.9802197813987732,0.9802197813987732,0.9802197813987732,893.0,0.21261905133724213
local,local,,,2,190,data_4200_4_5.0_chordal_rep02,val_epoch_task,val,cycle4,,48,,,,,,,,,4200,1016.0,52.0,3114.0,18.0,0.951310861423221,0.9825918762088974,0.9666983485221863,0.9666983485221863,0.9666983485221863,1034.0,0.24619047343730927
local,local,,,2,190,data_4200_4_5.0_chordal_rep02,val_epoch_task,val,cycle5,,48,,,,,,,,,4200,1150.0,117.0,2907.0,26.0,0.9076558800315706,0.9778911564625851,0.941465437412262,0.941465437412262,0.941465437412262,1176.0,0.2800000011920929
local,local,,,2,190,data_4200_4_5.0_chordal_rep02,val_epoch_task,val,cycle6,,48,,,,,,,,,4200,1212.0,201.0,2766.0,21.0,0.8577494692144374,0.9829683698296837,0.9160997867584229,0.9160997867584229,0.9160997867584229,1233.0,0.29357144236564636
local,local,,,2,190,data_4200_4_5.0_chordal_rep02,train_epoch,train,,,49,0.09382566870323249,,,,,,,,4200,,,,,,,,,,,
local,local,,,2,190,data_4200_4_5.0_chordal_rep02,val_epoch,val,,,49,,0.08605054020526863,0.9804761904761905,0.9211905002593994,0.9608927890118275,0.9645261764526367,0.9645261764526367,0.9645261764526367,4200,,,,,,,,,,,
local,local,,,2,190,data_4200_4_5.0_chordal_rep02,val_epoch_task,val,cycle2,,49,,,,,,,,,4200,794.0,12.0,3394.0,0.0,0.9851116625310173,1.0,0.9924999475479126,0.9924999475479126,0.9924999475479126,794.0,0.18904761970043182
local,local,,,2,190,data_4200_4_5.0_chordal_rep02,val_epoch_task,val,cycle3,,49,,,,,,,,,4200,893.0,29.0,3278.0,0.0,0.9685466377440347,1.0,0.9840220212936401,0.9840220212936401,0.9840220212936401,893.0,0.21261905133724213
local,local,,,2,190,data_4200_4_5.0_chordal_rep02,val_epoch_task,val,cycle4,,49,,,,,,,,,4200,1023.0,63.0,3103.0,11.0,0.9419889502762431,0.9893617021276596,0.9650943279266357,0.9650943279266357,0.9650943279266357,1034.0,0.24619047343730927
local,local,,,2,190,data_4200_4_5.0_chordal_rep02,val_epoch_task,val,cycle5,,49,,,,,,,,,4200,1156.0,106.0,2918.0,20.0,0.9160063391442155,0.9829931972789115,0.948318362236023,0.948318362236023,0.948318362236023,1176.0,0.2800000011920929
local,local,,,2,190,data_4200_4_5.0_chordal_rep02,val_epoch_task,val,cycle6,,49,,,,,,,,,4200,1171.0,107.0,2860.0,62.0,0.9162754303599374,0.9497161394971614,0.9326961636543274,0.9326961636543274,0.9326961636543274,1233.0,0.29357144236564636
local,local,,,2,190,data_4200_4_5.0_chordal_rep02,train_epoch,train,,,50,0.09497783318871543,,,,,,,,4200,,,,,,,,,,,
local,local,,,2,190,data_4200_4_5.0_chordal_rep02,val_epoch,val,,,50,,0.09729899126149359,0.9771904761904762,0.9109523892402649,0.9544546924027764,0.9581936001777649,0.9581936001777649,0.9581936001777649,4200,,,,,,,,,,,
local,local,,,2,190,data_4200_4_5.0_chordal_rep02,val_epoch_task,val,cycle2,,50,,,,,,,,,4200,794.0,23.0,3383.0,0.0,0.9718482252141983,1.0,0.9857231378555298,0.9857231378555298,0.9857231378555298,794.0,0.18904761970043182
local,local,,,2,190,data_4200_4_5.0_chordal_rep02,val_epoch_task,val,cycle3,,50,,,,,,,,,4200,893.0,41.0,3266.0,0.0,0.9561027837259101,1.0,0.9775587916374207,0.9775587916374207,0.9775587916374207,893.0,0.21261905133724213
local,local,,,2,190,data_4200_4_5.0_chordal_rep02,val_epoch_task,val,cycle4,,50,,,,,,,,,4200,1025.0,68.0,3098.0,9.0,0.9377859103385179,0.9912959381044487,0.9637987613677979,0.9637987613677979,0.9637987613677979,1034.0,0.24619047343730927
local,local,,,2,190,data_4200_4_5.0_chordal_rep02,val_epoch_task,val,cycle5,,50,,,,,,,,,4200,1129.0,100.0,2924.0,47.0,0.9186330349877949,0.9600340136054422,0.938877284526825,0.938877284526825,0.938877284526825,1176.0,0.2800000011920929
local,local,,,2,190,data_4200_4_5.0_chordal_rep02,val_epoch_task,val,cycle6,,50,,,,,,,,,4200,1178.0,136.0,2831.0,55.0,0.8964992389649924,0.9553933495539335,0.9250097870826721,0.9250097870826721,0.9250097870826721,1233.0,0.29357144236564636
local,local,,,2,190,data_4200_4_5.0_chordal_rep02,train_epoch,train,,,51,0.09435751899367287,,,,,,,,4200,,,,,,,,,,,
local,local,,,2,190,data_4200_4_5.0_chordal_rep02,val_epoch,val,,,51,,0.09943721163130942,0.9778571428571429,0.9090476036071777,0.9554981337927074,0.9590344429016113,0.9590344429016113,0.9590344429016113,4200,,,,,,,,,,,
local,local,,,2,190,data_4200_4_5.0_chordal_rep02,val_epoch_task,val,cycle2,,51,,,,,,,,,4200,793.0,23.0,3383.0,1.0,0.9718137254901961,0.9987405541561712,0.9850931763648987,0.9850931763648987,0.9850931763648987,794.0,0.18904761970043182
local,local,,,2,190,data_4200_4_5.0_chordal_rep02,val_epoch_task,val,cycle3,,51,,,,,,,,,4200,890.0,32.0,3275.0,3.0,0.96529284164859,0.9966405375139977,0.9807162880897522,0.9807162880897522,0.9807162880897522,893.0,0.21261905133724213
local,local,,,2,190,data_4200_4_5.0_chordal_rep02,val_epoch_task,val,cycle4,,51,,,,,,,,,4200,1027.0,74.0,3092.0,7.0,0.932788374205268,0.9932301740812379,0.9620609283447266,0.9620609283447266,0.9620609283447266,1034.0,0.24619047343730927
local,local,,,2,190,data_4200_4_5.0_chordal_rep02,val_epoch_task,val,cycle5,,51,,,,,,,,,4200,1114.0,85.0,2939.0,62.0,0.9291075896580484,0.9472789115646258,0.9381052851676941,0.9381052851676941,0.9381052851676941,1176.0,0.2800000011920929
local,local,,,2,190,data_4200_4_5.0_chordal_rep02,val_epoch_task,val,cycle6,,51,,,,,,,,,4200,1168.0,113.0,2854.0,65.0,0.9117876658860266,0.9472830494728305,0.9291964769363403,0.9291964769363403,0.9291964769363403,1233.0,0.29357144236564636
local,local,,,2,190,data_4200_4_5.0_chordal_rep02,train_epoch,train,,,52,0.10565082542953037,,,,,,,,4200,,,,,,,,,,,
local,local,,,2,190,data_4200_4_5.0_chordal_rep02,val_epoch,val,,,52,,0.10192713135764712,0.9734761904761905,0.8885714411735535,0.9478415581983332,0.9539539217948914,0.9539539217948914,0.9539539217948914,4200,,,,,,,,,,,
local,local,,,2,190,data_4200_4_5.0_chordal_rep02,val_epoch_task,val,cycle2,,52,,,,,,,,,4200,794.0,19.0,3387.0,0.0,0.976629766297663,1.0,0.9881767630577087,0.9881767630577087,0.9881767630577087,794.0,0.18904761970043182
local,local,,,2,190,data_4200_4_5.0_chordal_rep02,val_epoch_task,val,cycle3,,52,,,,,,,,,4200,892.0,37.0,3270.0,1.0,0.9601722282023681,0.9988801791713325,0.9791437983512878,0.9791437983512878,0.9791437983512878,893.0,0.21261905133724213
local,local,,,2,190,data_4200_4_5.0_chordal_rep02,val_epoch_task,val,cycle4,,52,,,,,,,,,4200,1016.0,62.0,3104.0,18.0,0.9424860853432282,0.9825918762088974,0.962121307849884,0.962121307849884,0.962121307849884,1034.0,0.24619047343730927
local,local,,,2,190,data_4200_4_5.0_chordal_rep02,val_epoch_task,val,cycle5,,52,,,,,,,,,4200,1139.0,85.0,2939.0,37.0,0.9305555555555556,0.9685374149659864,0.9491667151451111,0.9491667151451111,0.9491667151451111,1176.0,0.2800000011920929
local,local,,,2,190,data_4200_4_5.0_chordal_rep02,val_epoch_task,val,cycle6,,52,,,,,,,,,4200,1220.0,285.0,2682.0,13.0,0.8106312292358804,0.9894566098945661,0.8911613821983337,0.8911613821983337,0.8911613821983337,1233.0,0.29357144236564636
local,local,,,2,190,data_4200_4_5.0_chordal_rep02,train_epoch,train,,,53,0.10567025610378811,,,,,,,,4200,,,,,,,,,,,
local,local,,,2,190,data_4200_4_5.0_chordal_rep02,val_epoch,val,,,53,,0.10716368108987809,0.9733809523809523,0.8921428322792053,0.9471694546829222,0.9515851736068726,0.9515851736068726,0.9515851736068726,4200,,,,,,,,,,,
local,local,,,2,190,data_4200_4_5.0_chordal_rep02,val_epoch_task,val,cycle2,,53,,,,,,,,,4200,794.0,20.0,3386.0,0.0,0.9754299754299754,1.0,0.9875621199607849,0.9875621199607849,0.9875621199607849,794.0,0.18904761970043182
local,local,,,2,190,data_4200_4_5.0_chordal_rep02,val_epoch_task,val,cycle3,,53,,,,,,,,,4200,893.0,34.0,3273.0,0.0,0.9633225458468176,1.0,0.9813186526298523,0.9813186526298523,0.9813186526298523,893.0,0.21261905133724213
local,local,,,2,190,data_4200_4_5.0_chordal_rep02,val_epoch_task,val,cycle4,,53,,,,,,,,,4200,1027.0,137.0,3029.0,7.0,0.8823024054982818,0.9932301740812379,0.9344858527183533,0.9344858527183533,0.9344858527183533,1034.0,0.24619047343730927
local,local,,,2,190,data_4200_4_5.0_chordal_rep02,val_epoch_task,val,cycle5,,53,,,,,,,,,4200,1119.0,107.0,2917.0,57.0,0.9127243066884176,0.951530612244898,0.9317235946655273,0.9317235946655273,0.9317235946655273,1176.0,0.2800000011920929
local,local,,,2,190,data_4200_4_5.0_chordal_rep02,val_epoch_task,val,cycle6,,53,,,,,,,,,4200,1178.0,142.0,2825.0,55.0,0.8924242424242425,0.9553933495539335,0.9228358268737793,0.9228358268737793,0.9228358268737793,1233.0,0.29357144236564636
local,local,,,2,190,data_4200_4_5.0_chordal_rep02,train_epoch,train,,,54,0.09829740107059479,,,,,,,,4200,,,,,,,,,,,
local,local,,,2,190,data_4200_4_5.0_chordal_rep02,val_epoch,val,,,54,,0.07530347852479843,0.9830476190476191,0.9283333420753479,0.9660370158366723,0.9692368507385254,0.9692368507385254,0.9692368507385254,4200,,,,,,,,,,,
local,local,,,2,190,data_4200_4_5.0_chordal_rep02,val_epoch_task,val,cycle2,,54,,,,,,,,,4200,794.0,10.0,3396.0,0.0,0.9875621890547264,1.0,0.9937421679496765,0.9937421679496765,0.9937421679496765,794.0,0.18904761970043182
local,local,,,2,190,data_4200_4_5.0_chordal_rep02,val_epoch_task,val,cycle3,,54,,,,,,,,,4200,893.0,26.0,3281.0,0.0,0.9717083786724701,1.0,0.9856512546539307,0.9856512546539307,0.9856512546539307,893.0,0.21261905133724213
local,local,,,2,190,data_4200_4_5.0_chordal_rep02,val_epoch_task,val,cycle4,,54,,,,,,,,,4200,1022.0,51.0,3115.0,12.0,0.9524697110904008,0.988394584139265,0.9700995683670044,0.9700995683670044,0.9700995683670044,1034.0,0.24619047343730927
local,local,,,2,190,data_4200_4_5.0_chordal_rep02,val_epoch_task,val,cycle5,,54,,,,,,,,,4200,1166.0,100.0,2924.0,10.0,0.9210110584518167,0.9914965986394558,0.954954981803894,0.954954981803894,0.954954981803894,1176.0,0.2800000011920929
local,local,,,2,190,data_4200_4_5.0_chordal_rep02,val_epoch_task,val,cycle6,,54,,,,,,,,,4200,1188.0,102.0,2865.0,45.0,0.9209302325581395,0.9635036496350365,0.9417360424995422,0.9417360424995422,0.9417360424995422,1233.0,0.29357144236564636
local,local,,,2,190,data_4200_4_5.0_chordal_rep02,train_epoch,train,,,55,0.08304718546924136,,,,,,,,4200,,,,,,,,,,,
local,local,,,2,190,data_4200_4_5.0_chordal_rep02,val_epoch,val,,,55,,0.08164252386916251,0.9796190476190476,0.9166666865348816,0.9593773728170083,0.9631606936454773,0.9631606936454773,0.9631606936454773,4200,,,,,,,,,,,
local,local,,,2,190,data_4200_4_5.0_chordal_rep02,val_epoch_task,val,cycle2,,55,,,,,,,,,4200,794.0,17.0,3389.0,0.0,0.9790382244143033,1.0,0.9894081354141235,0.9894081354141235,0.9894081354141235,794.0,0.18904761970043182
local,local,,,2,190,data_4200_4_5.0_chordal_rep02,val_epoch_task,val,cycle3,,55,,,,,,,,,4200,893.0,21.0,3286.0,0.0,0.9770240700218819,1.0,0.9883785247802734,0.9883785247802734,0.9883785247802734,893.0,0.21261905133724213
local,local,,,2,190,data_4200_4_5.0_chordal_rep02,val_epoch_task,val,cycle4,,55,,,,,,,,,4200,1032.0,87.0,3079.0,2.0,0.9222520107238605,0.9980657640232108,0.9586623311042786,0.9586623311042786,0.9586623311042786,1034.0,0.24619047343730927
local,local,,,2,190,data_4200_4_5.0_chordal_rep02,val_epoch_task,val,cycle5,,55,,,,,,,,,4200,1145.0,95.0,2929.0,31.0,0.9233870967741935,0.9736394557823129,0.9478477239608765,0.9478477239608765,0.9478477239608765,1176.0,0.2800000011920929
local,local,,,2,190,data_4200_4_5.0_chordal_rep02,val_epoch_task,val,cycle6,,55,,,,,,,,,4200,1190.0,132.0,2835.0,43.0,0.9001512859304085,0.9651257096512571,0.9315068125724792,0.9315068125724792,0.9315068125724792,1233.0,0.29357144236564636
local,local,,,2,190,data_4200_4_5.0_chordal_rep02,train_epoch,train,,,56,0.09538540241264161,,,,,,,,4200,,,,,,,,,,,
local,local,,,2,190,data_4200_4_5.0_chordal_rep02,val_epoch,val,,,56,,0.10375635081813449,0.9774285714285714,0.9142857193946838,0.9545280122793552,0.9580545425415039,0.9580545425415039,0.9580545425415039,4200,,,,,,,,,,,
local,local,,,2,190,data_4200_4_5.0_chordal_rep02,val_epoch_task,val,cycle2,,56,,,,,,,,,4200,794.0,18.0,3388.0,0.0,0.9778325123152709,1.0,0.9887920022010803,0.9887920022010803,0.9887920022010803,794.0,0.18904761970043182
local,local,,,2,190,data_4200_4_5.0_chordal_rep02,val_epoch_task,val,cycle3,,56,,,,,,,,,4200,892.0,52.0,3255.0,1.0,0.9449152542372882,0.9988801791713325,0.9711486101150513,0.9711486101150513,0.9711486101150513,893.0,0.21261905133724213
local,local,,,2,190,data_4200_4_5.0_chordal_rep02,val_epoch_task,val,cycle4,,56,,,,,,,,,4200,996.0,38.0,3128.0,38.0,0.9632495164410058,0.9632495164410058,0.9632495045661926,0.9632495045661926,0.9632495045661926,1034.0,0.24619047343730927
local,local,,,2,190,data_4200_4_5.0_chordal_rep02,val_epoch_task,val,cycle5,,56,,,,,,,,,4200,1126.0,99.0,2925.0,50.0,0.9191836734693878,0.9574829931972789,0.9379425644874573,0.9379425644874573,0.9379425644874573,1176.0,0.2800000011920929
local,local,,,2,190,data_4200_4_5.0_chordal_rep02,val_epoch_task,val,cycle6,,56,,,,,,,,,4200,1167.0,112.0,2855.0,66.0,0.9124315871774824,0.9464720194647201,0.9291401505470276,0.9291401505470276,0.9291401505470276,1233.0,0.29357144236564636
local,local,,,2,190,data_4200_4_5.0_chordal_rep02,train_epoch,train,,,57,0.09235383808612824,,,,,,,,4200,,,,,,,,,,,
local,local,,,2,190,data_4200_4_5.0_chordal_rep02,val_epoch,val,,,57,,0.0901225992895308,0.9790952380952381,0.9166666865348816,0.9583056320638237,0.9616886377334595,0.9616886377334595,0.9616886377334595,4200,,,,,,,,,,,
local,local,,,2,190,data_4200_4_5.0_chordal_rep02,val_epoch_task,val,cycle2,,57,,,,,,,,,4200,794.0,14.0,3392.0,0.0,0.9826732673267327,1.0,0.9912609457969666,0.9912609457969666,0.9912609457969666,794.0,0.18904761970043182
local,local,,,2,190,data_4200_4_5.0_chordal_rep02,val_epoch_task,val,cycle3,,57,,,,,,,,,4200,892.0,43.0,3264.0,1.0,0.9540106951871657,0.9988801791713325,0.9759299755096436,0.9759299755096436,0.9759299755096436,893.0,0.21261905133724213
local,local,,,2,190,data_4200_4_5.0_chordal_rep02,val_epoch_task,val,cycle4,,57,,,,,,,,,4200,1029.0,79.0,3087.0,5.0,0.9287003610108303,0.995164410058027,0.9607842564582825,0.9607842564582825,0.9607842564582825,1034.0,0.24619047343730927
local,local,,,2,190,data_4200_4_5.0_chordal_rep02,val_epoch_task,val,cycle5,,57,,,,,,,,,4200,1153.0,103.0,2921.0,23.0,0.9179936305732485,0.9804421768707483,0.9481906890869141,0.9481906890869141,0.9481906890869141,1176.0,0.2800000011920929
local,local,,,2,190,data_4200_4_5.0_chordal_rep02,val_epoch_task,val,cycle6,,57,,,,,,,,,4200,1177.0,115.0,2852.0,56.0,0.9109907120743034,0.9545823195458232,0.9322772026062012,0.9322772026062012,0.9322772026062012,1233.0,0.29357144236564636
local,local,,,2,190,data_4200_4_5.0_chordal_rep02,train_epoch,train,,,58,0.09523269644450574,,,,,,,,4200,,,,,,,,,,,
local,local,,,2,190,data_4200_4_5.0_chordal_rep02,val_epoch,val,,,58,,0.09537165178429513,0.9767619047619047,0.907619059085846,0.953656220322887,0.9579230546951294,0.9579230546951294,0.9579230546951294,4200,,,,,,,,,,,
local,local,,,2,190,data_4200_4_5.0_chordal_rep02,val_epoch_task,val,cycle2,,58,,,,,,,,,4200,794.0,13.0,3393.0,0.0,0.9838909541511772,1.0,0.9918800592422485,0.9918800592422485,0.9918800592422485,794.0,0.18904761970043182
local,local,,,2,190,data_4200_4_5.0_chordal_rep02,val_epoch_task,val,cycle3,,58,,,,,,,,,4200,891.0,35.0,3272.0,2.0,0.9622030237580994,0.9977603583426652,0.9796591401100159,0.9796591401100159,0.9796591401100159,893.0,0.21261905133724213
local,local,,,2,190,data_4200_4_5.0_chordal_rep02,val_epoch_task,val,cycle4,,58,,,,,,,,,4200,1016.0,75.0,3091.0,18.0,0.9312557286892759,0.9825918762088974,0.9562352299690247,0.9562352299690247,0.9562352299690247,1034.0,0.24619047343730927
local,local,,,2,190,data_4200_4_5.0_chordal_rep02,val_epoch_task,val,cycle5,,58,,,,,,,,,4200,1145.0,122.0,2902.0,31.0,0.9037095501183899,0.9736394557823129,0.937372088432312,0.937372088432312,0.937372088432312,1176.0,0.2800000011920929
local,local,,,2,190,data_4200_4_5.0_chordal_rep02,val_epoch_task,val,cycle6,,58,,,,,,,,,4200,1175.0,134.0,2833.0,58.0,0.8976317799847212,0.9529602595296026,0.9244689345359802,0.9244689345359802,0.9244689345359802,1233.0,0.29357144236564636
local,local,,,2,190,data_4200_4_5.0_chordal_rep02,train_epoch,train,,,59,0.09165918045810291,,,,,,,,4200,,,,,,,,,,,
local,local,,,2,190,data_4200_4_5.0_chordal_rep02,val_epoch,val,,,59,,0.08416608036274002,0.9810476190476191,0.9192857146263123,0.9617822162473593,0.9651738405227661,0.9651738405227661,0.9651738405227661,4200,,,,,,,,,,,
local,local,,,2,190,data_4200_4_5.0_chordal_rep02,val_epoch_task,val,cycle2,,59,,,,,,,,,4200,793.0,10.0,3396.0,1.0,0.987546699875467,0.9987405541561712,0.9931120872497559,0.9931120872497559,0.9931120872497559,794.0,0.18904761970043182
local,local,,,2,190,data_4200_4_5.0_chordal_rep02,val_epoch_task,val,cycle3,,59,,,,,,,,,4200,886.0,32.0,3275.0,7.0,0.9651416122004357,0.9921612541993281,0.9784649610519409,0.9784649610519409,0.9784649610519409,893.0,0.21261905133724213
local,local,,,2,190,data_4200_4_5.0_chordal_rep02,val_epoch_task,val,cycle4,,59,,,,,,,,,4200,1025.0,47.0,3119.0,9.0,0.9561567164179104,0.9912959381044487,0.9734092950820923,0.9734092950820923,0.9734092950820923,1034.0,0.24619047343730927
local,local,,,2,190,data_4200_4_5.0_chordal_rep02,val_epoch_task,val,cycle5,,59,,,,,,,,,4200,1163.0,104.0,2920.0,13.0,0.9179163378058406,0.9889455782312925,0.9521080255508423,0.9521080255508423,0.9521080255508423,1176.0,0.2800000011920929
local,local,,,2,190,data_4200_4_5.0_chordal_rep02,val_epoch_task,val,cycle6,,59,,,,,,,,,4200,1141.0,83.0,2884.0,92.0,0.9321895424836601,0.9253852392538524,0.9287749528884888,0.9287749528884888,0.9287749528884888,1233.0,0.29357144236564636
local,local,,,2,190,data_4200_4_5.0_chordal_rep02,train_epoch,train,,,60,0.10472661823743866,,,,,,,,4200,,,,,,,,,,,
local,local,,,2,190,data_4200_4_5.0_chordal_rep02,val_epoch,val,,,60,,0.09567540830089932,0.9772380952380952,0.9116666913032532,0.9545108488770461,0.9580133557319641,0.9580133557319641,0.9580133557319641,4200,,,,,,,,,,,
local,local,,,2,190,data_4200_4_5.0_chordal_rep02,val_epoch_task,val,cycle2,,60,,,,,,,,,4200,794.0,23.0,3383.0,0.0,0.9718482252141983,1.0,0.9857231378555298,0.9857231378555298,0.9857231378555298,794.0,0.18904761970043182
local,local,,,2,190,data_4200_4_5.0_chordal_rep02,val_epoch_task,val,cycle3,,60,,,,,,,,,4200,893.0,44.0,3263.0,0.0,0.9530416221985059,1.0,0.9759563207626343,0.9759563207626343,0.9759563207626343,893.0,0.21261905133724213
local,local,,,2,190,data_4200_4_5.0_chordal_rep02,val_epoch_task,val,cycle4,,60,,,,,,,,,4200,1023.0,76.0,3090.0,11.0,0.9308462238398544,0.9893617021276596,0.9592123627662659,0.9592123627662659,0.9592123627662659,1034.0,0.24619047343730927
local,local,,,2,190,data_4200_4_5.0_chordal_rep02,val_epoch_task,val,cycle5,,60,,,,,,,,,4200,1136.0,93.0,2931.0,40.0,0.9243287225386493,0.9659863945578231,0.9446985721588135,0.9446985721588135,0.9446985721588135,1176.0,0.2800000011920929
local,local,,,2,190,data_4200_4_5.0_chordal_rep02,val_epoch_task,val,cycle6,,60,,,,,,,,,4200,1169.0,127.0,2840.0,64.0,0.9020061728395061,0.9480940794809408,0.9244760274887085,0.9244760274887085,0.9244760274887085,1233.0,0.29357144236564636
local,local,,,2,190,data_4200_4_5.0_chordal_rep02,train_epoch,train,,,61,0.09427488439139865,,,,,,,,4200,,,,,,,,,,,
local,local,,,2,190,data_4200_4_5.0_chordal_rep02,val_epoch,val,,,61,,0.08592521794849918,0.9808095238095238,0.9259523749351501,0.9615053968860445,0.9648758769035339,0.9648758769035339,0.9648758769035339,4200,,,,,,,,,,,
local,local,,,2,190,data_4200_4_5.0_chordal_rep02,val_epoch_task,val,cycle2,,61,,,,,,,,,4200,794.0,11.0,3395.0,0.0,0.986335403726708,1.0,0.9931206703186035,0.9931206703186035,0.9931206703186035,794.0,0.18904761970043182
local,local,,,2,190,data_4200_4_5.0_chordal_rep02,val_epoch_task,val,cycle3,,61,,,,,,,,,4200,892.0,40.0,3267.0,1.0,0.9570815450643777,0.9988801791713325,0.977534294128418,0.977534294128418,0.977534294128418,893.0,0.21261905133724213
local,local,,,2,190,data_4200_4_5.0_chordal_rep02,val_epoch_task,val,cycle4,,61,,,,,,,,,4200,1026.0,54.0,3112.0,8.0,0.95,0.9922630560928434,0.9706716537475586,0.9706716537475586,0.9706716537475586,1034.0,0.24619047343730927
local,local,,,2,190,data_4200_4_5.0_chordal_rep02,val_epoch_task,val,cycle5,,61,,,,,,,,,4200,1157.0,99.0,2925.0,19.0,0.9211783439490446,0.983843537414966,0.9514802694320679,0.9514802694320679,0.9514802694320679,1176.0,0.2800000011920929
local,local,,,2,190,data_4200_4_5.0_chordal_rep02,val_epoch_task,val,cycle6,,61,,,,,,,,,4200,1164.0,102.0,2865.0,69.0,0.919431279620853,0.9440389294403893,0.9315726161003113,0.9315726161003113,0.9315726161003113,1233.0,0.29357144236564636
local,local,,,2,190,data_4200_4_5.0_chordal_rep02,train_epoch,train,,,62,0.08528992263334138,,,,,,,,4200,,,,,,,,,,,
local,local,,,2,190,data_4200_4_5.0_chordal_rep02,val_epoch,val,,,62,,0.0902559582960038,0.9785238095238096,0.9121428728103638,0.957230915125652,0.9612103700637817,0.9612103700637817,0.9612103700637817,4200,,,,,,,,,,,
local,local,,,2,190,data_4200_4_5.0_chordal_rep02,val_epoch_task,val,cycle2,,62,,,,,,,,,4200,794.0,9.0,3397.0,0.0,0.9887920298879203,1.0,0.9943644404411316,0.9943644404411316,0.9943644404411316,794.0,0.18904761970043182
local,local,,,2,190,data_4200_4_5.0_chordal_rep02,val_epoch_task,val,cycle3,,62,,,,,,,,,4200,890.0,43.0,3264.0,3.0,0.9539121114683816,0.9966405375139977,0.974808394908905,0.974808394908905,0.974808394908905,893.0,0.21261905133724213
local,local,,,2,190,data_4200_4_5.0_chordal_rep02,val_epoch_task,val,cycle4,,62,,,,,,,,,4200,1023.0,57.0,3109.0,11.0,0.9472222222222222,0.9893617021276596,0.9678334593772888,0.9678334593772888,0.9678334593772888,1034.0,0.24619047343730927
local,local,,,2,190,data_4200_4_5.0_chordal_rep02,val_epoch_task,val,cycle5,,62,,,,,,,,,4200,1160.0,142.0,2882.0,16.0,0.890937019969278,0.9863945578231292,0.9362389445304871,0.9362389445304871,0.9362389445304871,1176.0,0.2800000011920929
local,local,,,2,190,data_4200_4_5.0_chordal_rep02,val_epoch_task,val,cycle6,,62,,,,,,,,,4200,1180.0,117.0,2850.0,53.0,0.9097918272937549,0.9570154095701541,0.9328063130378723,0.9328063130378723,0.9328063130378723,1233.0,0.29357144236564636
local,local,,,2,190,data_4200_4_5.0_chordal_rep02,train_epoch,train,,,63,0.09517619389863241,,,,,,,,4200,,,,,,,,,,,
local,local,,,2,190,data_4200_4_5.0_chordal_rep02,val_epoch,val,,,63,,0.08041171950953348,0.9791428571428571,0.9166666865348816,0.9585148702405759,0.9627280235290527,0.9627280235290527,0.9627280235290527,4200,,,,,,,,,,,
local,local,,,2,190,data_4200_4_5.0_chordal_rep02,val_epoch_task,val,cycle2,,63,,,,,,,,,4200,794.0,16.0,3390.0,0.0,0.980246913580247,1.0,0.9900249242782593,0.9900249242782593,0.9900249242782593,794.0,0.18904761970043182
local,local,,,2,190,data_4200_4_5.0_chordal_rep02,val_epoch_task,val,cycle3,,63,,,,,,,,,4200,893.0,22.0,3285.0,0.0,0.9759562841530055,1.0,0.9878318905830383,0.9878318905830383,0.9878318905830383,893.0,0.21261905133724213
local,local,,,2,190,data_4200_4_5.0_chordal_rep02,val_epoch_task,val,cycle4,,63,,,,,,,,,4200,1026.0,70.0,3096.0,8.0,0.9361313868613139,0.9922630560928434,0.9633802771568298,0.9633802771568298,0.9633802771568298,1034.0,0.24619047343730927
local,local,,,2,190,data_4200_4_5.0_chordal_rep02,val_epoch_task,val,cycle5,,63,,,,,,,,,4200,1155.0,102.0,2922.0,21.0,0.918854415274463,0.9821428571428571,0.9494451284408569,0.9494451284408569,0.9494451284408569,1176.0,0.2800000011920929
local,local,,,2,190,data_4200_4_5.0_chordal_rep02,val_epoch_task,val,cycle6,,63,,,,,,,,,4200,1192.0,158.0,2809.0,41.0,0.882962962962963,0.9667477696674777,0.9229578375816345,0.9229578375816345,0.9229578375816345,1233.0,0.29357144236564636
local,local,,,2,190,data_4200_4_5.0_chordal_rep02,train_epoch,train,,,64,0.08823643484995479,,,,,,,,4200,,,,,,,,,,,
local,local,,,2,190,data_4200_4_5.0_chordal_rep02,val_epoch,val,,,64,,0.08049662619829177,0.9818571428571429,0.9261904954910278,0.9636276849642005,0.9666427373886108,0.9666427373886108,0.9666427373886108,4200,,,,,,,,,,,
local,local,,,2,190,data_4200_4_5.0_chordal_rep02,val_epoch_task,val,cycle2,,64,,,,,,,,,4200,794.0,23.0,3383.0,0.0,0.9718482252141983,1.0,0.9857231378555298,0.9857231378555298,0.9857231378555298,794.0,0.18904761970043182
local,local,,,2,190,data_4200_4_5.0_chordal_rep02,val_epoch_task,val,cycle3,,64,,,,,,,,,4200,890.0,30.0,3277.0,3.0,0.967391304347826,0.9966405375139977,0.9817981123924255,0.9817981123924255,0.9817981123924255,893.0,0.21261905133724213
local,local,,,2,190,data_4200_4_5.0_chordal_rep02,val_epoch_task,val,cycle4,,64,,,,,,,,,4200,1018.0,42.0,3124.0,16.0,0.960377358490566,0.9845261121856866,0.9723017811775208,0.9723017811775208,0.9723017811775208,1034.0,0.24619047343730927
local,local,,,2,190,data_4200_4_5.0_chordal_rep02,val_epoch_task,val,cycle5,,64,,,,,,,,,4200,1142.0,60.0,2964.0,34.0,0.9500831946755408,0.9710884353741497,0.9604709148406982,0.9604709148406982,0.9604709148406982,1176.0,0.2800000011920929
local,local,,,2,190,data_4200_4_5.0_chordal_rep02,val_epoch_task,val,cycle6,,64,,,,,,,,,4200,1203.0,143.0,2824.0,30.0,0.8937592867756315,0.975669099756691,0.9329197406768799,0.9329197406768799,0.9329197406768799,1233.0,0.29357144236564636
local,local,,,2,190,data_4200_4_5.0_chordal_rep02,train_epoch,train,,,65,0.0911949292251042,,,,,,,,4200,,,,,,,,,,,
local,local,,,2,190,data_4200_4_5.0_chordal_rep02,val_epoch,val,,,65,,0.08012063069712548,0.9785714285714285,0.9121428728103638,0.9575791855203619,0.9609244465827942,0.9609244465827942,0.9609244465827942,4200,,,,,,,,,,,
local,local,,,2,190,data_4200_4_5.0_chordal_rep02,val_epoch_task,val,cycle2,,65,,,,,,,,,4200,794.0,22.0,3384.0,0.0,0.9730392156862745,1.0,0.9863354563713074,0.9863354563713074,0.9863354563713074,794.0,0.18904761970043182
local,local,,,2,190,data_4200_4_5.0_chordal_rep02,val_epoch_task,val,cycle3,,65,,,,,,,,,4200,893.0,43.0,3264.0,0.0,0.9540598290598291,1.0,0.9764899015426636,0.9764899015426636,0.9764899015426636,893.0,0.21261905133724213
local,local,,,2,190,data_4200_4_5.0_chordal_rep02,val_epoch_task,val,cycle4,,65,,,,,,,,,4200,1024.0,80.0,3086.0,10.0,0.927536231884058,0.9903288201160542,0.9579046368598938,0.9579046368598938,0.9579046368598938,1034.0,0.24619047343730927
local,local,,,2,190,data_4200_4_5.0_chordal_rep02,val_epoch_task,val,cycle5,,65,,,,,,,,,4200,1159.0,86.0,2938.0,17.0,0.9309236947791165,0.9855442176870748,0.957455575466156,0.957455575466156,0.957455575466156,1176.0,0.2800000011920929
local,local,,,2,190,data_4200_4_5.0_chordal_rep02,val_epoch_task,val,cycle6,,65,,,,,,,,,4200,1209.0,168.0,2799.0,24.0,0.8779956427015251,0.9805352798053528,0.926436722278595,0.926436722278595,0.926436722278595,1233.0,0.29357144236564636
local,local,,,2,190,data_4200_4_5.0_chordal_rep02,train_epoch,train,,,66,0.09127883229227293,,,,,,,,4200,,,,,,,,,,,
local,local,,,2,190,data_4200_4_5.0_chordal_rep02,val_epoch,val,,,66,,0.0927712197814669,0.9785714285714285,0.9171428680419922,0.9571428571428571,0.9606479406356812,0.9606479406356812,0.9606479406356812,4200,,,,,,,,,,,
local,local,,,2,190,data_4200_4_5.0_chordal_rep02,val_epoch_task,val,cycle2,,66,,,,,,,,,4200,794.0,18.0,3388.0,0.0,0.9778325123152709,1.0,0.9887920022010803,0.9887920022010803,0.9887920022010803,794.0,0.18904761970043182
local,local,,,2,190,data_4200_4_5.0_chordal_rep02,val_epoch_task,val,cycle3,,66,,,,,,,,,4200,893.0,49.0,3258.0,0.0,0.9479830148619958,1.0,0.9732969999313354,0.9732969999313354,0.9732969999313354,893.0,0.21261905133724213
local,local,,,2,190,data_4200_4_5.0_chordal_rep02,val_epoch_task,val,cycle4,,66,,,,,,,,,4200,1009.0,51.0,3115.0,25.0,0.9518867924528301,0.9758220502901354,0.9637057781219482,0.9637057781219482,0.9637057781219482,1034.0,0.24619047343730927
local,local,,,2,190,data_4200_4_5.0_chordal_rep02,val_epoch_task,val,cycle5,,66,,,,,,,,,4200,1135.0,72.0,2952.0,41.0,0.9403479701739851,0.9651360544217688,0.9525808095932007,0.9525808095932007,0.9525808095932007,1176.0,0.2800000011920929
local,local,,,2,190,data_4200_4_5.0_chordal_rep02,val_epoch_task,val,cycle6,,66,,,,,,,,,4200,1194.0,155.0,2812.0,39.0,0.8851000741289844,0.9683698296836983,0.9248644709587097,0.9248644709587097,0.9248644709587097,1233.0,0.29357144236564636
local,local,,,2,190,data_4200_4_5.0_chordal_rep02,train_epoch,train,,,67,0.08883467130717777,,,,,,,,4200,,,,,,,,,,,
local,local,,,2,190,data_4200_4_5.0_chordal_rep02,val_epoch,val,,,67,,0.0903035694360733,0.9801904761904762,0.9235714077949524,0.9600153787004998,0.962646484375,0.962646484375,0.962646484375,4200,,,,,,,,,,,
local,local,,,2,190,data_4200_4_5.0_chordal_rep02,val_epoch_task,val,cycle2,,67,,,,,,,,,4200,794.0,26.0,3380.0,0.0,0.9682926829268292,1.0,0.9838908910751343,0.9838908910751343,0.9838908910751343,794.0,0.18904761970043182
local,local,,,2,190,data_4200_4_5.0_chordal_rep02,val_epoch_task,val,cycle3,,67,,,,,,,,,4200,892.0,36.0,3271.0,1.0,0.9612068965517241,0.9988801791713325,0.9796815514564514,0.9796815514564514,0.9796815514564514,893.0,0.21261905133724213
local,local,,,2,190,data_4200_4_5.0_chordal_rep02,val_epoch_task,val,cycle4,,67,,,,,,,,,4200,1009.0,63.0,3103.0,25.0,0.941231343283582,0.9758220502901354,0.9582145810127258,0.9582145810127258,0.9582145810127258,1034.0,0.24619047343730927
local,local,,,2,190,data_4200_4_5.0_chordal_rep02,val_epoch_task,val,cycle5,,67,,,,,,,,,4200,1142.0,68.0,2956.0,34.0,0.943801652892562,0.9710884353741497,0.9572505950927734,0.9572505950927734,0.9572505950927734,1176.0,0.2800000011920929
local,local,,,2,190,data_4200_4_5.0_chordal_rep02,val_epoch_task,val,cycle6,,67,,,,,,,,,4200,1157.0,87.0,2880.0,76.0,0.930064308681672,0.9383617193836172,0.9341945648193359,0.9341945648193359,0.9341945648193359,1233.0,0.29357144236564636
local,local,,,2,190,data_4200_4_5.0_chordal_rep02,train_epoch,train,,,68,0.09668011766104471,,,,,,,,4200,,,,,,,,,,,
local,local,,,2,190,data_4200_4_5.0_chordal_rep02,val_epoch,val,,,68,,0.09547566188233239,0.973047619047619,0.8904761672019958,0.9474466109563602,0.9529447555541992,0.9529447555541992,0.9529447555541992,4200,,,,,,,,,,,
local,local,,,2,190,data_4200_4_5.0_chordal_rep02,val_epoch_task,val,cycle2,,68,,,,,,,,,4200,794.0,19.0,3387.0,0.0,0.976629766297663,1.0,0.9881767630577087,0.9881767630577087,0.9881767630577087,794.0,0.18904761970043182
local,local,,,2,190,data_4200_4_5.0_chordal_rep02,val_epoch_task,val,cycle3,,68,,,,,,,,,4200,890.0,40.0,3267.0,3.0,0.956989247311828,0.9966405375139977,0.9764125347137451,0.9764125347137451,0.9764125347137451,893.0,0.21261905133724213
local,local,,,2,190,data_4200_4_5.0_chordal_rep02,val_epoch_task,val,cycle4,,68,,,,,,,,,4200,1029.0,85.0,3081.0,5.0,0.9236983842010772,0.995164410058027,0.9581004977226257,0.9581004977226257,0.9581004977226257,1034.0,0.24619047343730927
local,local,,,2,190,data_4200_4_5.0_chordal_rep02,val_epoch_task,val,cycle5,,68,,,,,,,,,4200,1169.0,144.0,2880.0,7.0,0.8903274942878904,0.9940476190476191,0.9393330812454224,0.9393330812454224,0.9393330812454224,1176.0,0.2800000011920929
local,local,,,2,190,data_4200_4_5.0_chordal_rep02,val_epoch_task,val,cycle6,,68,,,,,,,,,4200,1220.0,250.0,2717.0,13.0,0.8299319727891157,0.9894566098945661,0.902700662612915,0.902700662612915,0.902700662612915,1233.0,0.29357144236564636
local,local,,,2,190,data_4200_4_5.0_chordal_rep02,train_epoch,train,,,69,0.08789110755636578,,,,,,,,4200,,,,,,,,,,,
local,local,,,2,190,data_4200_4_5.0_chordal_rep02,val_epoch,val,,,69,,0.10997903733026414,0.9785714285714285,0.9128571152687073,0.9561488988501268,0.9599415063858032,0.9599415063858032,0.9599415063858032,4200,,,,,,,,,,,
local,local,,,2,190,data_4200_4_5.0_chordal_rep02,val_epoch_task,val,cycle2,,69,,,,,,,,,4200,794.0,13.0,3393.0,0.0,0.9838909541511772,1.0,0.9918800592422485,0.9918800592422485,0.9918800592422485,794.0,0.18904761970043182
local,local,,,2,190,data_4200_4_5.0_chordal_rep02,val_epoch_task,val,cycle3,,69,,,,,,,,,4200,893.0,40.0,3267.0,0.0,0.9571275455519829,1.0,0.978094220161438,0.978094220161438,0.978094220161438,893.0,0.21261905133724213
local,local,,,2,190,data_4200_4_5.0_chordal_rep02,val_epoch_task,val,cycle4,,69,,,,,,,,,4200,1027.0,46.0,3120.0,7.0,0.9571295433364398,0.9932301740812379,0.9748457074165344,0.9748457074165344,0.9748457074165344,1034.0,0.24619047343730927
local,local,,,2,190,data_4200_4_5.0_chordal_rep02,val_epoch_task,val,cycle5,,69,,,,,,,,,4200,1102.0,57.0,2967.0,74.0,0.9508196721311475,0.9370748299319728,0.9438971877098083,0.9438971877098083,0.9438971877098083,1176.0,0.2800000011920929
local,local,,,2,190,data_4200_4_5.0_chordal_rep02,val_epoch_task,val,cycle6,,69,,,,,,,,,4200,1090.0,70.0,2897.0,143.0,0.9396551724137931,0.884022708840227,0.9109903573989868,0.9109903573989868,0.9109903573989868,1233.0,0.29357144236564636
local,local,,,2,190,data_4200_4_5.0_chordal_rep02,train_epoch,train,,,70,0.08902331064144771,,,,,,,,4200,,,,,,,,,,,
local,local,,,2,190,data_4200_4_5.0_chordal_rep02,val_epoch,val,,,70,,0.09663443764050801,0.9802857142857143,0.9223809242248535,0.9600617403048428,0.9634262919425964,0.9634262919425964,0.9634262919425964,4200,,,,,,,,,,,
local,local,,,2,190,data_4200_4_5.0_chordal_rep02,val_epoch_task,val,cycle2,,70,,,,,,,,,4200,794.0,17.0,3389.0,0.0,0.9790382244143033,1.0,0.9894081354141235,0.9894081354141235,0.9894081354141235,794.0,0.18904761970043182
local,local,,,2,190,data_4200_4_5.0_chordal_rep02,val_epoch_task,val,cycle3,,70,,,,,,,,,4200,893.0,36.0,3271.0,0.0,0.961248654467169,1.0,0.9802414774894714,0.9802414774894714,0.9802414774894714,893.0,0.21261905133724213
local,local,,,2,190,data_4200_4_5.0_chordal_rep02,val_epoch_task,val,cycle4,,70,,,,,,,,,4200,1015.0,43.0,3123.0,19.0,0.9593572778827977,0.9816247582205029,0.9703633189201355,0.9703633189201355,0.9703633189201355,1034.0,0.24619047343730927
local,local,,,2,190,data_4200_4_5.0_chordal_rep02,val_epoch_task,val,cycle5,,70,,,,,,,,,4200,1135.0,71.0,2953.0,41.0,0.9411276948590381,0.9651360544217688,0.9529806971549988,0.9529806971549988,0.9529806971549988,1176.0,0.2800000011920929
local,local,,,2,190,data_4200_4_5.0_chordal_rep02,val_epoch_task,val,cycle6,,70,,,,,,,,,4200,1139.0,93.0,2874.0,94.0,0.924512987012987,0.9237631792376317,0.9241378903388977,0.9241378903388977,0.9241378903388977,1233.0,0.29357144236564636
local,local,,,2,190,data_4200_4_5.0_chordal_rep02,train_epoch,train,,,71,0.08537351578474045,,,,,,,,4200,,,,,,,,,,,
local,local,,,2,190,data_4200_4_5.0_chordal_rep02,val_epoch,val,,,71,,0.09519495123199054,0.9777619047619047,0.9142857193946838,0.9557220062577034,0.959490954875946,0.959490954875946,0.959490954875946,4200,,,,,,,,,,,
local,local,,,2,190,data_4200_4_5.0_chordal_rep02,val_epoch_task,val,cycle2,,71,,,,,,,,,4200,794.0,14.0,3392.0,0.0,0.9826732673267327,1.0,0.9912609457969666,0.9912609457969666,0.9912609457969666,794.0,0.18904761970043182
local,local,,,2,190,data_4200_4_5.0_chordal_rep02,val_epoch_task,val,cycle3,,71,,,,,,,,,4200,892.0,53.0,3254.0,1.0,0.9439153439153439,0.9988801791713325,0.970620334148407,0.970620334148407,0.970620334148407,893.0,0.21261905133724213
local,local,,,2,190,data_4200_4_5.0_chordal_rep02,val_epoch_task,val,cycle4,,71,,,,,,,,,4200,1017.0,57.0,3109.0,17.0,0.946927374301676,0.9835589941972921,0.9648956060409546,0.9648956060409546,0.9648956060409546,1034.0,0.24619047343730927
local,local,,,2,190,data_4200_4_5.0_chordal_rep02,val_epoch_task,val,cycle5,,71,,,,,,,,,4200,1142.0,97.0,2927.0,34.0,0.9217110573042776,0.9710884353741497,0.9457557201385498,0.9457557201385498,0.9457557201385498,1176.0,0.2800000011920929
local,local,,,2,190,data_4200_4_5.0_chordal_rep02,val_epoch_task,val,cycle6,,71,,,,,,,,,4200,1195.0,156.0,2811.0,38.0,0.8845299777942265,0.9691808596918086,0.9249225854873657,0.9249225854873657,0.9249225854873657,1233.0,0.29357144236564636
local,local,,,2,190,data_4200_4_5.0_chordal_rep02,train_epoch,train,,,72,0.09218416977496374,,,,,,,,4200,,,,,,,,,,,
local,local,,,2,190,data_4200_4_5.0_chordal_rep02,val_epoch,val,,,72,,0.07886844079409326,0.9760952380952381,0.9049999713897705,0.9530753411852683,0.9574495553970337,0.9574495553970337,0.9574495553970337,4200,,,,,,,,,,,
local,local,,,2,190,data_4200_4_5.0_chordal_rep02,val_epoch_task,val,cycle2,,72,,,,,,,,,4200,794.0,25.0,3381.0,0.0,0.9694749694749695,1.0,0.9845008850097656,0.9845008850097656,0.9845008850097656,794.0,0.18904761970043182
local,local,,,2,190,data_4200_4_5.0_chordal_rep02,val_epoch_task,val,cycle3,,72,,,,,,,,,4200,893.0,38.0,3269.0,0.0,0.9591836734693877,1.0,0.9791666865348816,0.9791666865348816,0.9791666865348816,893.0,0.21261905133724213
local,local,,,2,190,data_4200_4_5.0_chordal_rep02,val_epoch_task,val,cycle4,,72,,,,,,,,,4200,1031.0,87.0,3079.0,3.0,0.9221824686940966,0.9970986460348162,0.9581784605979919,0.9581784605979919,0.9581784605979919,1034.0,0.24619047343730927
local,local,,,2,190,data_4200_4_5.0_chordal_rep02,val_epoch_task,val,cycle5,,72,,,,,,,,,4200,1164.0,98.0,2926.0,12.0,0.9223454833597464,0.9897959183673469,0.9548810720443726,0.9548810720443726,0.9548810720443726,1176.0,0.2800000011920929
local,local,,,2,190,data_4200_4_5.0_chordal_rep02,val_epoch_task,val,cycle6,,72,,,,,,,,,4200,1216.0,222.0,2745.0,17.0,0.8456189151599444,0.986212489862125,0.9105203747749329,0.9105203747749329,0.9105203747749329,1233.0,0.29357144236564636
local,local,,,2,190,data_4200_4_5.0_chordal_rep02,train_epoch,train,,,73,0.08815540992078327,,,,,,,,4200,,,,,,,,,,,
local,local,,,2,190,data_4200_4_5.0_chordal_rep02,val_epoch,val,,,73,,0.09229805961960838,0.9786666666666667,0.9121428728103638,0.9573414587697582,0.9612947702407837,0.9612947702407837,0.9612947702407837,4200,,,,,,,,,,,
local,local,,,2,190,data_4200_4_5.0_chordal_rep02,val_epoch_task,val,cycle2,,73,,,,,,,,,4200,794.0,18.0,3388.0,0.0,0.9778325123152709,1.0,0.9887920022010803,0.9887920022010803,0.9887920022010803,794.0,0.18904761970043182
local,local,,,2,190,data_4200_4_5.0_chordal_rep02,val_epoch_task,val,cycle3,,73,,,,,,,,,4200,887.0,31.0,3276.0,6.0,0.9662309368191722,0.9932810750279956,0.9795693159103394,0.9795693159103394,0.9795693159103394,893.0,0.21261905133724213
local,local,,,2,190,data_4200_4_5.0_chordal_rep02,val_epoch_task,val,cycle4,,73,,,,,,,,,4200,1016.0,42.0,3124.0,18.0,0.9603024574669187,0.9825918762088974,0.971319317817688,0.971319317817688,0.971319317817688,1034.0,0.24619047343730927
local,local,,,2,190,data_4200_4_5.0_chordal_rep02,val_epoch_task,val,cycle5,,73,,,,,,,,,4200,1168.0,131.0,2893.0,8.0,0.8991531947652041,0.9931972789115646,0.943838357925415,0.943838357925415,0.943838357925415,1176.0,0.2800000011920929
local,local,,,2,190,data_4200_4_5.0_chordal_rep02,val_epoch_task,val,cycle6,,73,,,,,,,,,4200,1162.0,123.0,2844.0,71.0,0.9042801556420234,0.9424168694241687,0.9229547381401062,0.9229547381401062,0.9229547381401062,1233.0,0.29357144236564636
local,local,,,2,190,data_4200_4_5.0_chordal_rep02,train_epoch,train,,,74,0.08971005848475865,,,,,,,,4200,,,,,,,,,,,
local,local,,,2,190,data_4200_4_5.0_chordal_rep02,val_epoch,val,,,74,,0.09515126587379547,0.9793333333333333,0.9150000214576721,0.9582852748942713,0.9618299603462219,0.9618299603462219,0.9618299603462219,4200,,,,,,,,,,,
local,local,,,2,190,data_4200_4_5.0_chordal_rep02,val_epoch_task,val,cycle2,,74,,,,,,,,,4200,794.0,13.0,3393.0,0.0,0.9838909541511772,1.0,0.9918800592422485,0.9918800592422485,0.9918800592422485,794.0,0.18904761970043182
local,local,,,2,190,data_4200_4_5.0_chordal_rep02,val_epoch_task,val,cycle3,,74,,,,,,,,,4200,893.0,41.0,3266.0,0.0,0.9561027837259101,1.0,0.9775587916374207,0.9775587916374207,0.9775587916374207,893.0,0.21261905133724213
local,local,,,2,190,data_4200_4_5.0_chordal_rep02,val_epoch_task,val,cycle4,,74,,,,,,,,,4200,1023.0,66.0,3100.0,11.0,0.9393939393939394,0.9893617021276596,0.9637305736541748,0.9637305736541748,0.9637305736541748,1034.0,0.24619047343730927
local,local,,,2,190,data_4200_4_5.0_chordal_rep02,val_epoch_task,val,cycle5,,74,,,,,,,,,4200,1114.0,54.0,2970.0,62.0,0.9537671232876712,0.9472789115646258,0.9505119919776917,0.9505119919776917,0.9505119919776917,1176.0,0.2800000011920929
local,local,,,2,190,data_4200_4_5.0_chordal_rep02,val_epoch_task,val,cycle6,,74,,,,,,,,,4200,1161.0,115.0,2852.0,72.0,0.9098746081504702,0.9416058394160584,0.9254683256149292,0.9254683256149292,0.9254683256149292,1233.0,0.29357144236564636
local,local,,,2,190,data_4200_4_5.0_chordal_rep02,train_epoch,train,,,75,0.10083588926565079,,,,,,,,4200,,,,,,,,,,,
local,local,,,2,190,data_4200_4_5.0_chordal_rep02,val_epoch,val,,,75,,0.07950790833859217,0.9806666666666667,0.9245238304138184,0.9613038505528021,0.9652477502822876,0.9652477502822876,0.9652477502822876,4200,,,,,,,,,,,
local,local,,,2,190,data_4200_4_5.0_chordal_rep02,val_epoch_task,val,cycle2,,75,,,,,,,,,4200,794.0,16.0,3390.0,0.0,0.980246913580247,1.0,0.9900249242782593,0.9900249242782593,0.9900249242782593,794.0,0.18904761970043182
local,local,,,2,190,data_4200_4_5.0_chordal_rep02,val_epoch_task,val,cycle3,,75,,,,,,,,,4200,893.0,19.0,3288.0,0.0,0.9791666666666666,1.0,0.9894736409187317,0.9894736409187317,0.9894736409187317,893.0,0.21261905133724213
local,local,,,2,190,data_4200_4_5.0_chordal_rep02,val_epoch_task,val,cycle4,,75,,,,,,,,,4200,1028.0,55.0,3111.0,6.0,0.9492151431209603,0.9941972920696325,0.9711856245994568,0.9711856245994568,0.9711856245994568,1034.0,0.24619047343730927
local,local,,,2,190,data_4200_4_5.0_chordal_rep02,val_epoch_task,val,cycle5,,75,,,,,,,,,4200,1153.0,104.0,2920.0,23.0,0.9172633253778838,0.9804421768707483,0.9478010535240173,0.9478010535240173,0.9478010535240173,1176.0,0.2800000011920929
local,local,,,2,190,data_4200_4_5.0_chordal_rep02,val_epoch_task,val,cycle6,,75,,,,,,,,,4200,1175.0,125.0,2842.0,58.0,0.9038461538461539,0.9529602595296026,0.9277536273002625,0.9277536273002625,0.9277536273002625,1233.0,0.29357144236564636
local,local,,,2,190,data_4200_4_5.0_chordal_rep02,train_epoch,train,,,76,0.07827815622800872,,,,,,,,4200,,,,,,,,,,,
local,local,,,2,190,data_4200_4_5.0_chordal_rep02,val_epoch,val,,,76,,0.08428818764785925,0.9793333333333333,0.9204761981964111,0.9588235294117646,0.9624093174934387,0.9624093174934387,0.9624093174934387,4200,,,,,,,,,,,
local,local,,,2,190,data_4200_4_5.0_chordal_rep02,val_epoch_task,val,cycle2,,76,,,,,,,,,4200,794.0,20.0,3386.0,0.0,0.9754299754299754,1.0,0.9875621199607849,0.9875621199607849,0.9875621199607849,794.0,0.18904761970043182
local,local,,,2,190,data_4200_4_5.0_chordal_rep02,val_epoch_task,val,cycle3,,76,,,,,,,,,4200,893.0,42.0,3265.0,0.0,0.9550802139037433,1.0,0.9770240187644958,0.9770240187644958,0.9770240187644958,893.0,0.21261905133724213
local,local,,,2,190,data_4200_4_5.0_chordal_rep02,val_epoch_task,val,cycle4,,76,,,,,,,,,4200,1022.0,40.0,3126.0,12.0,0.9623352165725048,0.988394584139265,0.9751908183097839,0.9751908183097839,0.9751908183097839,1034.0,0.24619047343730927
local,local,,,2,190,data_4200_4_5.0_chordal_rep02,val_epoch_task,val,cycle5,,76,,,,,,,,,4200,1165.0,139.0,2885.0,11.0,0.8934049079754601,0.9906462585034014,0.9395161271095276,0.9395161271095276,0.9395161271095276,1176.0,0.2800000011920929
local,local,,,2,190,data_4200_4_5.0_chordal_rep02,val_epoch_task,val,cycle6,,76,,,,,,,,,4200,1179.0,116.0,2851.0,54.0,0.9104247104247104,0.9562043795620438,0.9327530860900879,0.9327530860900879,0.9327530860900879,1233.0,0.29357144236564636
local,local,,,2,190,data_4200_4_5.0_chordal_rep02,train_epoch,train,,,77,0.0860394634164515,,,,,,,,4200,,,,,,,,,,,
local,local,,,2,190,data_4200_4_5.0_chordal_rep02,val_epoch,val,,,77,,0.07996498323622205,0.9808095238095238,0.9223809242248535,0.9616007622677466,0.9651996493339539,0.9651996493339539,0.9651996493339539,4200,,,,,,,,,,,
local,local,,,2,190,data_4200_4_5.0_chordal_rep02,val_epoch_task,val,cycle2,,77,,,,,,,,,4200,794.0,22.0,3384.0,0.0,0.9730392156862745,1.0,0.9863354563713074,0.9863354563713074,0.9863354563713074,794.0,0.18904761970043182
local,local,,,2,190,data_4200_4_5.0_chordal_rep02,val_epoch_task,val,cycle3,,77,,,,,,,,,4200,892.0,18.0,3289.0,1.0,0.9802197802197802,0.9988801791713325,0.9894620180130005,0.9894620180130005,0.9894620180130005,893.0,0.21261905133724213
local,local,,,2,190,data_4200_4_5.0_chordal_rep02,val_epoch_task,val,cycle4,,77,,,,,,,,,4200,1023.0,52.0,3114.0,11.0,0.9516279069767442,0.9893617021276596,0.9701279997825623,0.9701279997825623,0.9701279997825623,1034.0,0.24619047343730927
local,local,,,2,190,data_4200_4_5.0_chordal_rep02,val_epoch_task,val,cycle5,,77,,,,,,,,,4200,1161.0,108.0,2916.0,15.0,0.9148936170212766,0.9872448979591837,0.9496932625770569,0.9496932625770569,0.9496932625770569,1176.0,0.2800000011920929
local,local,,,2,190,data_4200_4_5.0_chordal_rep02,val_epoch_task,val,cycle6,,77,,,,,,,,,4200,1176.0,119.0,2848.0,57.0,0.9081081081081082,0.9537712895377128,0.9303797483444214,0.9303797483444214,0.9303797483444214,1233.0,0.29357144236564636
local,local,,,2,190,data_4200_4_5.0_chordal_rep02,train_epoch,train,,,78,0.08533442888231504,,,,,,,,4200,,,,,,,,,,,
local,local,,,2,190,data_4200_4_5.0_chordal_rep02,val_epoch,val,,,78,,0.07526502920048578,0.9801904761904762,0.918571412563324,0.960643330179754,0.9642288088798523,0.9642288088798523,0.9642288088798523,4200,,,,,,,,,,,
local,local,,,2,190,data_4200_4_5.0_chordal_rep02,val_epoch_task,val,cycle2,,78,,,,,,,,,4200,794.0,18.0,3388.0,0.0,0.9778325123152709,1.0,0.9887920022010803,0.9887920022010803,0.9887920022010803,794.0,0.18904761970043182
local,local,,,2,190,data_4200_4_5.0_chordal_rep02,val_epoch_task,val,cycle3,,78,,,,,,,,,4200,893.0,25.0,3282.0,0.0,0.9727668845315904,1.0,0.98619544506073,0.98619544506073,0.98619544506073,893.0,0.21261905133724213
local,local,,,2,190,data_4200_4_5.0_chordal_rep02,val_epoch_task,val,cycle4,,78,,,,,,,,,4200,1026.0,85.0,3081.0,8.0,0.9234923492349235,0.9922630560928434,0.9566433429718018,0.9566433429718018,0.9566433429718018,1034.0,0.24619047343730927
local,local,,,2,190,data_4200_4_5.0_chordal_rep02,val_epoch_task,val,cycle5,,78,,,,,,,,,4200,1162.0,75.0,2949.0,14.0,0.9393694421988682,0.9880952380952381,0.9631164073944092,0.9631164073944092,0.9631164073944092,1176.0,0.2800000011920929
local,local,,,2,190,data_4200_4_5.0_chordal_rep02,val_epoch_task,val,cycle6,,78,,,,,,,,,4200,1202.0,160.0,2807.0,31.0,0.882525697503671,0.9748580697485807,0.926396906375885,0.926396906375885,0.926396906375885,1233.0,0.29357144236564636
local,local,,,2,190,data_4200_4_5.0_chordal_rep02,train_epoch,train,,,79,0.08889391508840379,,,,,,,,4200,,,,,,,,,,,
local,local,,,2,190,data_4200_4_5.0_chordal_rep02,val_epoch,val,,,79,,0.08930317974693719,0.9807142857142858,0.9233333468437195,0.9610089534995669,0.9648419618606567,0.9648419618606567,0.9648419618606567,4200,,,,,,,,,,,
local,local,,,2,190,data_4200_4_5.0_chordal_rep02,val_epoch_task,val,cycle2,,79,,,,,,,,,4200,794.0,14.0,3392.0,0.0,0.9826732673267327,1.0,0.9912609457969666,0.9912609457969666,0.9912609457969666,794.0,0.18904761970043182
local,local,,,2,190,data_4200_4_5.0_chordal_rep02,val_epoch_task,val,cycle3,,79,,,,,,,,,4200,893.0,23.0,3284.0,0.0,0.9748908296943232,1.0,0.9872857928276062,0.9872857928276062,0.9872857928276062,893.0,0.21261905133724213
local,local,,,2,190,data_4200_4_5.0_chordal_rep02,val_epoch_task,val,cycle4,,79,,,,,,,,,4200,1020.0,48.0,3118.0,14.0,0.9550561797752809,0.9864603481624759,0.9705042839050293,0.9705042839050293,0.9705042839050293,1034.0,0.24619047343730927
local,local,,,2,190,data_4200_4_5.0_chordal_rep02,val_epoch_task,val,cycle5,,79,,,,,,,,,4200,1131.0,69.0,2955.0,45.0,0.9425,0.9617346938775511,0.9520202279090881,0.9520202279090881,0.9520202279090881,1176.0,0.2800000011920929
local,local,,,2,190,data_4200_4_5.0_chordal_rep02,val_epoch_task,val,cycle6,,79,,,,,,,,,4200,1153.0,112.0,2855.0,80.0,0.9114624505928853,0.935117599351176,0.9231384992599487,0.9231384992599487,0.9231384992599487,1233.0,0.29357144236564636
local,local,,,2,190,data_4200_4_5.0_chordal_rep02,train_epoch,train,,,80,0.07558701936687742,,,,,,,,4200,,,,,,,,,,,
local,local,,,2,190,data_4200_4_5.0_chordal_rep02,val_epoch,val,,,80,,0.07888272763717742,0.9824761904761905,0.9292857050895691,0.9646697388632872,0.9676974415779114,0.9676974415779114,0.9676974415779114,4200,,,,,,,,,,,
local,local,,,2,190,data_4200_4_5.0_chordal_rep02,val_epoch_task,val,cycle2,,80,,,,,,,,,4200,794.0,7.0,3399.0,0.0,0.9912609238451935,1.0,0.9956112504005432,0.9956112504005432,0.9956112504005432,794.0,0.18904761970043182
local,local,,,2,190,data_4200_4_5.0_chordal_rep02,val_epoch_task,val,cycle3,,80,,,,,,,,,4200,893.0,35.0,3272.0,0.0,0.9622844827586207,1.0,0.980779767036438,0.980779767036438,0.980779767036438,893.0,0.21261905133724213
local,local,,,2,190,data_4200_4_5.0_chordal_rep02,val_epoch_task,val,cycle4,,80,,,,,,,,,4200,1022.0,64.0,3102.0,12.0,0.9410681399631676,0.988394584139265,0.9641509056091309,0.9641509056091309,0.9641509056091309,1034.0,0.24619047343730927
local,local,,,2,190,data_4200_4_5.0_chordal_rep02,val_epoch_task,val,cycle5,,80,,,,,,,,,4200,1148.0,69.0,2955.0,28.0,0.9433032046014791,0.9761904761904762,0.9594650864601135,0.9594650864601135,0.9594650864601135,1176.0,0.2800000011920929
local,local,,,2,190,data_4200_4_5.0_chordal_rep02,val_epoch_task,val,cycle6,,80,,,,,,,,,4200,1167.0,87.0,2880.0,66.0,0.930622009569378,0.9464720194647201,0.9384800791740417,0.9384800791740417,0.9384800791740417,1233.0,0.29357144236564636
local,local,,,2,190,data_4200_4_5.0_chordal_rep02,best_local_train,train,,,78,,0.07330974086409524,0.9804285714285714,0.9176190495491028,0.9619761310019428,0.9647988080978394,0.9647988080978394,0.9647988080978394,4200,,,,,,,,,,,
local,local,,,2,190,data_4200_4_5.0_chordal_rep02,best_local_train_task,train,cycle2,,78,,,,,,,,,4200,814.0,19.0,3367.0,0.0,0.9771908763505402,1.0,0.9884638786315918,0.9884638786315918,0.9884638786315918,814.0,0.19380952417850494
local,local,,,2,190,data_4200_4_5.0_chordal_rep02,best_local_train_task,train,cycle3,,78,,,,,,,,,4200,988.0,28.0,3184.0,0.0,0.9724409448818898,1.0,0.9860279560089111,0.9860279560089111,0.9860279560089111,988.0,0.23523809015750885
local,local,,,2,190,data_4200_4_5.0_chordal_rep02,best_local_train_task,train,cycle4,,78,,,,,,,,,4200,1065.0,83.0,3048.0,4.0,0.9277003484320557,0.9962581852198317,0.9607577919960022,0.9607577919960022,0.9607577919960022,1069.0,0.2545238137245178
local,local,,,2,190,data_4200_4_5.0_chordal_rep02,best_local_train_task,train,cycle5,,78,,,,,,,,,4200,1161.0,78.0,2949.0,12.0,0.937046004842615,0.989769820971867,0.9626865983009338,0.9626865983009338,0.9626865983009338,1173.0,0.279285728931427
local,local,,,2,190,data_4200_4_5.0_chordal_rep02,best_local_train_task,train,cycle6,,78,,,,,,,,,4200,1171.0,172.0,2842.0,15.0,0.8719285182427401,0.9873524451939292,0.926057755947113,0.926057755947113,0.926057755947113,1186.0,0.28238093852996826
local,local,,,2,190,data_4200_4_5.0_chordal_rep02,best_local_val,val,,,78,,0.07797869844096048,0.9782380952380952,0.9111904501914978,0.9569071192833569,0.9605323672294617,0.9605323672294617,0.9605323672294617,4200,,,,,,,,,,,
local,local,,,2,190,data_4200_4_5.0_chordal_rep02,best_local_val_task,val,cycle2,,78,,,,,,,,,4200,793.0,16.0,3390.0,1.0,0.9802224969097652,0.9987405541561712,0.9893949031829834,0.9893949031829834,0.9893949031829834,794.0,0.18904761970043182
local,local,,,2,190,data_4200_4_5.0_chordal_rep02,best_local_val_task,val,cycle3,,78,,,,,,,,,4200,893.0,36.0,3271.0,0.0,0.961248654467169,1.0,0.9802414774894714,0.9802414774894714,0.9802414774894714,893.0,0.21261905133724213
local,local,,,2,190,data_4200_4_5.0_chordal_rep02,best_local_val_task,val,cycle4,,78,,,,,,,,,4200,1030.0,104.0,3062.0,4.0,0.908289241622575,0.9961315280464217,0.9501844644546509,0.9501844644546509,0.9501844644546509,1034.0,0.24619047343730927
local,local,,,2,190,data_4200_4_5.0_chordal_rep02,best_local_val_task,val,cycle5,,78,,,,,,,,,4200,1156.0,88.0,2936.0,20.0,0.9292604501607717,0.9829931972789115,0.9553719162940979,0.9553719162940979,0.9553719162940979,1176.0,0.2800000011920929
local,local,,,2,190,data_4200_4_5.0_chordal_rep02,best_local_val_task,val,cycle6,,78,,,,,,,,,4200,1202.0,157.0,2810.0,31.0,0.8844738778513613,0.9748580697485807,0.9274691343307495,0.9274691343307495,0.9274691343307495,1233.0,0.29357144236564636
local,local,,,2,190,data_4200_4_5.0_chordal_rep02,best_local_test,test,,,78,,0.09015963001620202,0.9768095238095238,0.904285728931427,0.9533837465301044,0.9571939706802368,0.9571939706802368,0.9571939706802368,4200,,,,,,,,,,,
local,local,,,2,190,data_4200_4_5.0_chordal_rep02,best_local_test_task,test,cycle2,,78,,,,,,,,,4200,809.0,17.0,3374.0,0.0,0.9794188861985472,1.0,0.9896024465560913,0.9896024465560913,0.9896024465560913,809.0,0.19261904060840607
local,local,,,2,190,data_4200_4_5.0_chordal_rep02,best_local_test_task,test,cycle3,,78,,,,,,,,,4200,915.0,32.0,3253.0,0.0,0.9662090813093981,1.0,0.9828141927719116,0.9828141927719116,0.9828141927719116,915.0,0.21785713732242584
local,local,,,2,190,data_4200_4_5.0_chordal_rep02,best_local_test_task,test,cycle4,,78,,,,,,,,,4200,1058.0,85.0,3045.0,12.0,0.9256342957130359,0.9887850467289719,0.9561680555343628,0.9561680555343628,0.9561680555343628,1070.0,0.2547619044780731
local,local,,,2,190,data_4200_4_5.0_chordal_rep02,best_local_test_task,test,cycle5,,78,,,,,,,,,4200,1095.0,92.0,2995.0,18.0,0.9224936815501263,0.9838274932614556,0.9521739482879639,0.9521739482879639,0.9521739482879639,1113.0,0.26499998569488525
local,local,,,2,190,data_4200_4_5.0_chordal_rep02,best_local_test_task,test,cycle6,,78,,,,,,,,,4200,1103.0,203.0,2866.0,28.0,0.844563552833078,0.9752431476569408,0.905211329460144,0.905211329460144,0.905211329460144,1131.0,0.2692857086658478
