run_type,algorithm,subset_id,subset_clients,seed,graph_id,dataset_id,phase,split,task,round,local_epoch,train_loss,eval_loss,pair_acc,subset_acc,micro_f1,macro_f1,macro_pos_f1,macro_minority_f1,num_nodes,tp,fp,tn,fn,precision,recall,f1,positive_f1,minority_f1,pos_cnt,pos_rate
local,local,,,1,82,data_4000_4_1.5_chordal_rep02,train_epoch,train,,,1,0.7749752206802368,,,,,,,,4000,,,,,,,,,,,
local,local,,,1,82,data_4000_4_1.5_chordal_rep02,val_epoch,val,,,1,,0.6628517565727234,0.7145,0.4092499911785126,0.5937677859988616,0.5562428832054138,0.5562428832054138,0.5562428832054138,4000,,,,,,,,,,,
local,local,,,1,82,data_4000_4_1.5_chordal_rep02,val_epoch_task,val,cycle2,,1,,,,,,,,,4000,1350.0,640.0,1643.0,367.0,0.678391959798995,0.786255096097845,0.7283517718315125,0.7283517718315125,0.7283517718315125,1717.0,0.42925000190734863
local,local,,,1,82,data_4000_4_1.5_chordal_rep02,val_epoch_task,val,cycle3,,1,,,,,,,,,4000,1198.0,640.0,2035.0,127.0,0.6517954298150164,0.9041509433962264,0.7575087547302246,0.7575087547302246,0.7575087547302246,1325.0,0.33125001192092896
local,local,,,1,82,data_4000_4_1.5_chordal_rep02,val_epoch_task,val,cycle4,,1,,,,,,,,,4000,896.0,945.0,2090.0,69.0,0.4866920152091255,0.9284974093264249,0.6386314630508423,0.6386314630508423,0.6386314630508423,965.0,0.24124999344348907
local,local,,,1,82,data_4000_4_1.5_chordal_rep02,val_epoch_task,val,cycle5,,1,,,,,,,,,4000,481.0,1317.0,2181.0,21.0,0.2675194660734149,0.9581673306772909,0.4182608723640442,0.4182608723640442,0.4182608723640442,502.0,0.12549999356269836
local,local,,,1,82,data_4000_4_1.5_chordal_rep02,val_epoch_task,val,cycle6,,1,,,,,,,,,4000,248.0,1566.0,2168.0,18.0,0.13671444321940462,0.9323308270676691,0.23846152424812317,0.23846152424812317,0.23846152424812317,266.0,0.06650000065565109
local,local,,,1,82,data_4000_4_1.5_chordal_rep02,train_epoch,train,,,2,0.5480309433937073,,,,,,,,4000,,,,,,,,,,,
local,local,,,1,82,data_4000_4_1.5_chordal_rep02,val_epoch,val,,,2,,0.5556885051727295,0.75295,0.476500004529953,0.6495993191972201,0.6084409356117249,0.6084409356117249,0.6084409356117249,4000,,,,,,,,,,,
local,local,,,1,82,data_4000_4_1.5_chordal_rep02,val_epoch_task,val,cycle2,,2,,,,,,,,,4000,1542.0,24.0,2259.0,175.0,0.9846743295019157,0.8980780430984275,0.9393846392631531,0.9393846392631531,0.9393846392631531,1717.0,0.42925000190734863
local,local,,,1,82,data_4000_4_1.5_chordal_rep02,val_epoch_task,val,cycle3,,2,,,,,,,,,4000,1324.0,847.0,1828.0,1.0,0.6098572086596039,0.999245283018868,0.7574370503425598,0.7574370503425598,0.7574370503425598,1325.0,0.33125001192092896
local,local,,,1,82,data_4000_4_1.5_chordal_rep02,val_epoch_task,val,cycle4,,2,,,,,,,,,4000,959.0,950.0,2085.0,6.0,0.502357255107386,0.9937823834196892,0.6673625707626343,0.6673625707626343,0.6673625707626343,965.0,0.24124999344348907
local,local,,,1,82,data_4000_4_1.5_chordal_rep02,val_epoch_task,val,cycle5,,2,,,,,,,,,4000,495.0,1237.0,2261.0,7.0,0.28579676674364896,0.9860557768924303,0.4431513249874115,0.4431513249874115,0.4431513249874115,502.0,0.12549999356269836
local,local,,,1,82,data_4000_4_1.5_chordal_rep02,val_epoch_task,val,cycle6,,2,,,,,,,,,4000,260.0,1688.0,2046.0,6.0,0.13347022587268995,0.9774436090225563,0.23486901819705963,0.23486901819705963,0.23486901819705963,266.0,0.06650000065565109
local,local,,,1,82,data_4000_4_1.5_chordal_rep02,train_epoch,train,,,3,0.41649207067489624,,,,,,,,4000,,,,,,,,,,,
local,local,,,1,82,data_4000_4_1.5_chordal_rep02,val_epoch,val,,,3,,0.40320246958732603,0.8575,0.6387500166893005,0.765625,0.6994243860244751,0.6994243860244751,0.6994243860244751,4000,,,,,,,,,,,
local,local,,,1,82,data_4000_4_1.5_chordal_rep02,val_epoch_task,val,cycle2,,3,,,,,,,,,4000,1715.0,124.0,2159.0,2.0,0.9325720500271887,0.9988351776354106,0.9645670056343079,0.9645670056343079,0.9645670056343079,1717.0,0.42925000190734863
local,local,,,1,82,data_4000_4_1.5_chordal_rep02,val_epoch_task,val,cycle3,,3,,,,,,,,,4000,1312.0,348.0,2327.0,13.0,0.7903614457831325,0.990188679245283,0.8790619969367981,0.8790619969367981,0.8790619969367981,1325.0,0.33125001192092896
local,local,,,1,82,data_4000_4_1.5_chordal_rep02,val_epoch_task,val,cycle4,,3,,,,,,,,,4000,903.0,335.0,2700.0,62.0,0.7294022617124394,0.9357512953367876,0.8197911977767944,0.8197911977767944,0.8197911977767944,965.0,0.24124999344348907
local,local,,,1,82,data_4000_4_1.5_chordal_rep02,val_epoch_task,val,cycle5,,3,,,,,,,,,4000,477.0,855.0,2643.0,25.0,0.3581081081081081,0.950199203187251,0.520174503326416,0.520174503326416,0.520174503326416,502.0,0.12549999356269836
local,local,,,1,82,data_4000_4_1.5_chordal_rep02,val_epoch_task,val,cycle6,,3,,,,,,,,,4000,248.0,1068.0,2666.0,18.0,0.1884498480243161,0.9323308270676691,0.3135271966457367,0.3135271966457367,0.3135271966457367,266.0,0.06650000065565109
local,local,,,1,82,data_4000_4_1.5_chordal_rep02,train_epoch,train,,,4,0.3366042401790619,,,,,,,,4000,,,,,,,,,,,
local,local,,,1,82,data_4000_4_1.5_chordal_rep02,val_epoch,val,,,4,,0.3325427851676941,0.9011,0.6752499938011169,0.8231718219202574,0.7506359219551086,0.7506359219551086,0.7506359219551086,4000,,,,,,,,,,,
local,local,,,1,82,data_4000_4_1.5_chordal_rep02,val_epoch_task,val,cycle2,,4,,,,,,,,,4000,1715.0,56.0,2227.0,2.0,0.9683794466403162,0.9988351776354106,0.9833716154098511,0.9833716154098511,0.9833716154098511,1717.0,0.42925000190734863
local,local,,,1,82,data_4000_4_1.5_chordal_rep02,val_epoch_task,val,cycle3,,4,,,,,,,,,4000,1310.0,38.0,2637.0,15.0,0.9718100890207715,0.9886792452830189,0.9801720976829529,0.9801720976829529,0.9801720976829529,1325.0,0.33125001192092896
local,local,,,1,82,data_4000_4_1.5_chordal_rep02,val_epoch_task,val,cycle4,,4,,,,,,,,,4000,888.0,137.0,2898.0,77.0,0.8663414634146341,0.9202072538860103,0.8924623131752014,0.8924623131752014,0.8924623131752014,965.0,0.24124999344348907
local,local,,,1,82,data_4000_4_1.5_chordal_rep02,val_epoch_task,val,cycle5,,4,,,,,,,,,4000,468.0,621.0,2877.0,34.0,0.4297520661157025,0.9322709163346613,0.5883092284202576,0.5883092284202576,0.5883092284202576,502.0,0.12549999356269836
local,local,,,1,82,data_4000_4_1.5_chordal_rep02,val_epoch_task,val,cycle6,,4,,,,,,,,,4000,223.0,955.0,2779.0,43.0,0.18930390492359933,0.8383458646616542,0.3088642656803131,0.3088642656803131,0.3088642656803131,266.0,0.06650000065565109
local,local,,,1,82,data_4000_4_1.5_chordal_rep02,train_epoch,train,,,5,0.29848806619644164,,,,,,,,4000,,,,,,,,,,,
local,local,,,1,82,data_4000_4_1.5_chordal_rep02,val_epoch,val,,,5,,0.32531235718727114,0.861,0.6150000095367432,0.7736524995929003,0.7160024046897888,0.7160024046897888,0.7160024046897888,4000,,,,,,,,,,,
local,local,,,1,82,data_4000_4_1.5_chordal_rep02,val_epoch_task,val,cycle2,,5,,,,,,,,,4000,1717.0,116.0,2167.0,0.0,0.9367157665030006,1.0,0.967323899269104,0.967323899269104,0.967323899269104,1717.0,0.42925000190734863
local,local,,,1,82,data_4000_4_1.5_chordal_rep02,val_epoch_task,val,cycle3,,5,,,,,,,,,4000,1317.0,227.0,2448.0,8.0,0.852979274611399,0.9939622641509434,0.9180899858474731,0.9180899858474731,0.9180899858474731,1325.0,0.33125001192092896
local,local,,,1,82,data_4000_4_1.5_chordal_rep02,val_epoch_task,val,cycle4,,5,,,,,,,,,4000,956.0,276.0,2759.0,9.0,0.775974025974026,0.9906735751295337,0.8702777028083801,0.8702777028083801,0.8702777028083801,965.0,0.24124999344348907
local,local,,,1,82,data_4000_4_1.5_chordal_rep02,val_epoch_task,val,cycle5,,5,,,,,,,,,4000,502.0,874.0,2624.0,0.0,0.3648255813953488,1.0,0.5346112847328186,0.5346112847328186,0.5346112847328186,502.0,0.12549999356269836
local,local,,,1,82,data_4000_4_1.5_chordal_rep02,val_epoch_task,val,cycle6,,5,,,,,,,,,4000,259.0,1263.0,2471.0,7.0,0.17017082785808146,0.9736842105263158,0.2897091805934906,0.2897091805934906,0.2897091805934906,266.0,0.06650000065565109
local,local,,,1,82,data_4000_4_1.5_chordal_rep02,train_epoch,train,,,6,0.2586100620031357,,,,,,,,4000,,,,,,,,,,,
local,local,,,1,82,data_4000_4_1.5_chordal_rep02,val_epoch,val,,,6,,0.30723035252094266,0.86325,0.6205000281333923,0.7764609726195341,0.7179349660873413,0.7179349660873413,0.7179349660873413,4000,,,,,,,,,,,
local,local,,,1,82,data_4000_4_1.5_chordal_rep02,val_epoch_task,val,cycle2,,6,,,,,,,,,4000,1717.0,30.0,2253.0,0.0,0.9828277046365197,1.0,0.9913395047187805,0.9913395047187805,0.9913395047187805,1717.0,0.42925000190734863
local,local,,,1,82,data_4000_4_1.5_chordal_rep02,val_epoch_task,val,cycle3,,6,,,,,,,,,4000,1324.0,144.0,2531.0,1.0,0.9019073569482289,0.999245283018868,0.9480845332145691,0.9480845332145691,0.9480845332145691,1325.0,0.33125001192092896
local,local,,,1,82,data_4000_4_1.5_chordal_rep02,val_epoch_task,val,cycle4,,6,,,,,,,,,4000,953.0,357.0,2678.0,12.0,0.7274809160305343,0.9875647668393782,0.8378021121025085,0.8378021121025085,0.8378021121025085,965.0,0.24124999344348907
local,local,,,1,82,data_4000_4_1.5_chordal_rep02,val_epoch_task,val,cycle5,,6,,,,,,,,,4000,495.0,887.0,2611.0,7.0,0.3581765557163531,0.9860557768924303,0.5254777073860168,0.5254777073860168,0.5254777073860168,502.0,0.12549999356269836
local,local,,,1,82,data_4000_4_1.5_chordal_rep02,val_epoch_task,val,cycle6,,6,,,,,,,,,4000,261.0,1292.0,2442.0,5.0,0.16806181584030908,0.981203007518797,0.2869708836078644,0.2869708836078644,0.2869708836078644,266.0,0.06650000065565109
local,local,,,1,82,data_4000_4_1.5_chordal_rep02,train_epoch,train,,,7,0.2509477586746216,,,,,,,,4000,,,,,,,,,,,
local,local,,,1,82,data_4000_4_1.5_chordal_rep02,val_epoch,val,,,7,,0.3269203222990036,0.9448,0.7892500162124634,0.8883269269674287,0.8085064888000488,0.8085064888000488,0.8085064888000488,4000,,,,,,,,,,,
local,local,,,1,82,data_4000_4_1.5_chordal_rep02,val_epoch_task,val,cycle2,,7,,,,,,,,,4000,1711.0,15.0,2268.0,6.0,0.9913093858632677,0.9965055329062318,0.9939007759094238,0.9939007759094238,0.9939007759094238,1717.0,0.42925000190734863
local,local,,,1,82,data_4000_4_1.5_chordal_rep02,val_epoch_task,val,cycle3,,7,,,,,,,,,4000,1200.0,20.0,2655.0,125.0,0.9836065573770492,0.9056603773584906,0.9430255889892578,0.9430255889892578,0.9430255889892578,1325.0,0.33125001192092896
local,local,,,1,82,data_4000_4_1.5_chordal_rep02,val_epoch_task,val,cycle4,,7,,,,,,,,,4000,861.0,39.0,2996.0,104.0,0.9566666666666667,0.8922279792746114,0.923324465751648,0.923324465751648,0.923324465751648,965.0,0.24124999344348907
local,local,,,1,82,data_4000_4_1.5_chordal_rep02,val_epoch_task,val,cycle5,,7,,,,,,,,,4000,429.0,189.0,3309.0,73.0,0.6941747572815534,0.8545816733067729,0.7660714387893677,0.7660714387893677,0.7660714387893677,502.0,0.12549999356269836
local,local,,,1,82,data_4000_4_1.5_chordal_rep02,val_epoch_task,val,cycle6,,7,,,,,,,,,4000,190.0,457.0,3277.0,76.0,0.2936630602782071,0.7142857142857143,0.4162102937698364,0.4162102937698364,0.4162102937698364,266.0,0.06650000065565109
local,local,,,1,82,data_4000_4_1.5_chordal_rep02,train_epoch,train,,,8,0.24292782640457153,,,,,,,,4000,,,,,,,,,,,
local,local,,,1,82,data_4000_4_1.5_chordal_rep02,val_epoch,val,,,8,,0.36182426691055297,0.868,0.6032500267028809,0.7829304390725208,0.7265207171440125,0.7265207171440125,0.7265207171440125,4000,,,,,,,,,,,
local,local,,,1,82,data_4000_4_1.5_chordal_rep02,val_epoch_task,val,cycle2,,8,,,,,,,,,4000,1717.0,25.0,2258.0,0.0,0.9856486796785304,1.0,0.9927725195884705,0.9927725195884705,0.9927725195884705,1717.0,0.42925000190734863
local,local,,,1,82,data_4000_4_1.5_chordal_rep02,val_epoch_task,val,cycle3,,8,,,,,,,,,4000,1323.0,44.0,2631.0,2.0,0.9678127286027798,0.9984905660377359,0.9829123020172119,0.9829123020172119,0.9829123020172119,1325.0,0.33125001192092896
local,local,,,1,82,data_4000_4_1.5_chordal_rep02,val_epoch_task,val,cycle4,,8,,,,,,,,,4000,962.0,610.0,2425.0,3.0,0.6119592875318066,0.9968911917098445,0.7583760023117065,0.7583760023117065,0.7583760023117065,965.0,0.24124999344348907
local,local,,,1,82,data_4000_4_1.5_chordal_rep02,val_epoch_task,val,cycle5,,8,,,,,,,,,4000,500.0,610.0,2888.0,2.0,0.45045045045045046,0.9960159362549801,0.6203473806381226,0.6203473806381226,0.6203473806381226,502.0,0.12549999356269836
local,local,,,1,82,data_4000_4_1.5_chordal_rep02,val_epoch_task,val,cycle6,,8,,,,,,,,,4000,259.0,1337.0,2397.0,7.0,0.16228070175438597,0.9736842105263158,0.27819550037384033,0.27819550037384033,0.27819550037384033,266.0,0.06650000065565109
local,local,,,1,82,data_4000_4_1.5_chordal_rep02,train_epoch,train,,,9,0.24842506980895995,,,,,,,,4000,,,,,,,,,,,
local,local,,,1,82,data_4000_4_1.5_chordal_rep02,val_epoch,val,,,9,,0.32309360480308535,0.86425,0.5920000076293945,0.7774042797409199,0.7266294360160828,0.7266294360160828,0.7266294360160828,4000,,,,,,,,,,,
local,local,,,1,82,data_4000_4_1.5_chordal_rep02,val_epoch_task,val,cycle2,,9,,,,,,,,,4000,1713.0,26.0,2257.0,4.0,0.9850488786659,0.9976703552708212,0.991319477558136,0.991319477558136,0.991319477558136,1717.0,0.42925000190734863
local,local,,,1,82,data_4000_4_1.5_chordal_rep02,val_epoch_task,val,cycle3,,9,,,,,,,,,4000,1316.0,76.0,2599.0,9.0,0.9454022988505747,0.9932075471698113,0.9687155485153198,0.9687155485153198,0.9687155485153198,1325.0,0.33125001192092896
local,local,,,1,82,data_4000_4_1.5_chordal_rep02,val_epoch_task,val,cycle4,,9,,,,,,,,,4000,953.0,230.0,2805.0,12.0,0.8055790363482671,0.9875647668393782,0.8873370289802551,0.8873370289802551,0.8873370289802551,965.0,0.24124999344348907
local,local,,,1,82,data_4000_4_1.5_chordal_rep02,val_epoch_task,val,cycle5,,9,,,,,,,,,4000,499.0,918.0,2580.0,3.0,0.3521524347212421,0.9940239043824701,0.5200625061988831,0.5200625061988831,0.5200625061988831,502.0,0.12549999356269836
local,local,,,1,82,data_4000_4_1.5_chordal_rep02,val_epoch_task,val,cycle6,,9,,,,,,,,,4000,260.0,1431.0,2303.0,6.0,0.1537551744529864,0.9774436090225563,0.26571282744407654,0.26571282744407654,0.26571282744407654,266.0,0.06650000065565109
local,local,,,1,82,data_4000_4_1.5_chordal_rep02,train_epoch,train,,,10,0.24582881486415864,,,,,,,,4000,,,,,,,,,,,
local,local,,,1,82,data_4000_4_1.5_chordal_rep02,val_epoch,val,,,10,,0.2789345186948776,0.89375,0.6522499918937683,0.8154901450030388,0.7611106038093567,0.7611106038093567,0.7611106038093567,4000,,,,,,,,,,,
local,local,,,1,82,data_4000_4_1.5_chordal_rep02,val_epoch_task,val,cycle2,,10,,,,,,,,,4000,1711.0,28.0,2255.0,6.0,0.9838987924094307,0.9965055329062318,0.9901620745658875,0.9901620745658875,0.9901620745658875,1717.0,0.42925000190734863
local,local,,,1,82,data_4000_4_1.5_chordal_rep02,val_epoch_task,val,cycle3,,10,,,,,,,,,4000,1275.0,17.0,2658.0,50.0,0.9868421052631579,0.9622641509433962,0.9743981957435608,0.9743981957435608,0.9743981957435608,1325.0,0.33125001192092896
local,local,,,1,82,data_4000_4_1.5_chordal_rep02,val_epoch_task,val,cycle4,,10,,,,,,,,,4000,948.0,133.0,2902.0,17.0,0.8769657724329325,0.9823834196891191,0.9266862273216248,0.9266862273216248,0.9266862273216248,965.0,0.24124999344348907
local,local,,,1,82,data_4000_4_1.5_chordal_rep02,val_epoch_task,val,cycle5,,10,,,,,,,,,4000,501.0,607.0,2891.0,1.0,0.45216606498194944,0.99800796812749,0.6223602294921875,0.6223602294921875,0.6223602294921875,502.0,0.12549999356269836
local,local,,,1,82,data_4000_4_1.5_chordal_rep02,val_epoch_task,val,cycle6,,10,,,,,,,,,4000,261.0,1261.0,2473.0,5.0,0.17148488830486203,0.981203007518797,0.29194629192352295,0.29194629192352295,0.29194629192352295,266.0,0.06650000065565109
local,local,,,1,82,data_4000_4_1.5_chordal_rep02,train_epoch,train,,,11,0.2182391600012779,,,,,,,,4000,,,,,,,,,,,
local,local,,,1,82,data_4000_4_1.5_chordal_rep02,val_epoch,val,,,11,,0.25437376141548157,0.9555,0.8295000195503235,0.9113192506974891,0.8320295214653015,0.8320295214653015,0.8320295214653015,4000,,,,,,,,,,,
local,local,,,1,82,data_4000_4_1.5_chordal_rep02,val_epoch_task,val,cycle2,,11,,,,,,,,,4000,1714.0,11.0,2272.0,3.0,0.9936231884057971,0.9982527664531159,0.9959326386451721,0.9959326386451721,0.9959326386451721,1717.0,0.42925000190734863
local,local,,,1,82,data_4000_4_1.5_chordal_rep02,val_epoch_task,val,cycle3,,11,,,,,,,,,4000,1314.0,18.0,2657.0,11.0,0.9864864864864865,0.9916981132075472,0.9890854358673096,0.9890854358673096,0.9890854358673096,1325.0,0.33125001192092896
local,local,,,1,82,data_4000_4_1.5_chordal_rep02,val_epoch_task,val,cycle4,,11,,,,,,,,,4000,885.0,17.0,3018.0,80.0,0.9811529933481153,0.917098445595855,0.9480449557304382,0.9480449557304382,0.9480449557304382,965.0,0.24124999344348907
local,local,,,1,82,data_4000_4_1.5_chordal_rep02,val_epoch_task,val,cycle5,,11,,,,,,,,,4000,456.0,277.0,3221.0,46.0,0.6221009549795361,0.9083665338645418,0.7384615540504456,0.7384615540504456,0.7384615540504456,502.0,0.12549999356269836
local,local,,,1,82,data_4000_4_1.5_chordal_rep02,val_epoch_task,val,cycle6,,11,,,,,,,,,4000,204.0,365.0,3369.0,62.0,0.3585237258347979,0.7669172932330827,0.4886227250099182,0.4886227250099182,0.4886227250099182,266.0,0.06650000065565109
local,local,,,1,82,data_4000_4_1.5_chordal_rep02,train_epoch,train,,,12,0.2144394315481186,,,,,,,,4000,,,,,,,,,,,
local,local,,,1,82,data_4000_4_1.5_chordal_rep02,val_epoch,val,,,12,,0.25222311866283414,0.90255,0.6832500100135803,0.828417994541773,0.7659071087837219,0.7659071087837219,0.7659071087837219,4000,,,,,,,,,,,
local,local,,,1,82,data_4000_4_1.5_chordal_rep02,val_epoch_task,val,cycle2,,12,,,,,,,,,4000,1687.0,12.0,2271.0,30.0,0.9929370217775162,0.982527664531159,0.987704873085022,0.987704873085022,0.987704873085022,1717.0,0.42925000190734863
local,local,,,1,82,data_4000_4_1.5_chordal_rep02,val_epoch_task,val,cycle3,,12,,,,,,,,,4000,1321.0,56.0,2619.0,4.0,0.9593318809005084,0.9969811320754717,0.9777942299842834,0.9777942299842834,0.9777942299842834,1325.0,0.33125001192092896
local,local,,,1,82,data_4000_4_1.5_chordal_rep02,val_epoch_task,val,cycle4,,12,,,,,,,,,4000,950.0,204.0,2831.0,15.0,0.8232235701906413,0.9844559585492227,0.8966493606567383,0.8966493606567383,0.8966493606567383,965.0,0.24124999344348907
local,local,,,1,82,data_4000_4_1.5_chordal_rep02,val_epoch_task,val,cycle5,,12,,,,,,,,,4000,487.0,522.0,2976.0,15.0,0.48265609514370666,0.9701195219123506,0.6446062326431274,0.6446062326431274,0.6446062326431274,502.0,0.12549999356269836
local,local,,,1,82,data_4000_4_1.5_chordal_rep02,val_epoch_task,val,cycle6,,12,,,,,,,,,4000,260.0,1085.0,2649.0,6.0,0.19330855018587362,0.9774436090225563,0.32278087735176086,0.32278087735176086,0.32278087735176086,266.0,0.06650000065565109
local,local,,,1,82,data_4000_4_1.5_chordal_rep02,train_epoch,train,,,13,0.21380567049980165,,,,,,,,4000,,,,,,,,,,,
local,local,,,1,82,data_4000_4_1.5_chordal_rep02,val_epoch,val,,,13,,0.189698894739151,0.9413,0.784250020980835,0.8892661761931712,0.8176841735839844,0.8176841735839844,0.8176841735839844,4000,,,,,,,,,,,
local,local,,,1,82,data_4000_4_1.5_chordal_rep02,val_epoch_task,val,cycle2,,13,,,,,,,,,4000,1714.0,12.0,2271.0,3.0,0.9930475086906141,0.9982527664531159,0.9956433176994324,0.9956433176994324,0.9956433176994324,1717.0,0.42925000190734863
local,local,,,1,82,data_4000_4_1.5_chordal_rep02,val_epoch_task,val,cycle3,,13,,,,,,,,,4000,1324.0,45.0,2630.0,1.0,0.9671292914536158,0.999245283018868,0.9829249978065491,0.9829249978065491,0.9829249978065491,1325.0,0.33125001192092896
local,local,,,1,82,data_4000_4_1.5_chordal_rep02,val_epoch_task,val,cycle4,,13,,,,,,,,,4000,952.0,77.0,2958.0,13.0,0.9251700680272109,0.9865284974093265,0.9548646211624146,0.9548646211624146,0.9548646211624146,965.0,0.24124999344348907
local,local,,,1,82,data_4000_4_1.5_chordal_rep02,val_epoch_task,val,cycle5,,13,,,,,,,,,4000,480.0,319.0,3179.0,22.0,0.6007509386733417,0.9561752988047809,0.7378938794136047,0.7378938794136047,0.7378938794136047,502.0,0.12549999356269836
local,local,,,1,82,data_4000_4_1.5_chordal_rep02,val_epoch_task,val,cycle6,,13,,,,,,,,,4000,244.0,660.0,3074.0,22.0,0.26991150442477874,0.9172932330827067,0.41709402203559875,0.41709402203559875,0.41709402203559875,266.0,0.06650000065565109
local,local,,,1,82,data_4000_4_1.5_chordal_rep02,train_epoch,train,,,14,0.1919028515815735,,,,,,,,4000,,,,,,,,,,,
local,local,,,1,82,data_4000_4_1.5_chordal_rep02,val_epoch,val,,,14,,0.192675076007843,0.9477,0.7992500066757202,0.8993650182797768,0.8317052125930786,0.8317052125930786,0.8317052125930786,4000,,,,,,,,,,,
local,local,,,1,82,data_4000_4_1.5_chordal_rep02,val_epoch_task,val,cycle2,,14,,,,,,,,,4000,1715.0,11.0,2272.0,2.0,0.9936268829663963,0.9988351776354106,0.9962242245674133,0.9962242245674133,0.9962242245674133,1717.0,0.42925000190734863
local,local,,,1,82,data_4000_4_1.5_chordal_rep02,val_epoch_task,val,cycle3,,14,,,,,,,,,4000,1319.0,21.0,2654.0,6.0,0.9843283582089553,0.9954716981132076,0.989868700504303,0.989868700504303,0.989868700504303,1325.0,0.33125001192092896
local,local,,,1,82,data_4000_4_1.5_chordal_rep02,val_epoch_task,val,cycle4,,14,,,,,,,,,4000,916.0,56.0,2979.0,49.0,0.9423868312757202,0.9492227979274611,0.9457924365997314,0.9457924365997314,0.9457924365997314,965.0,0.24124999344348907
local,local,,,1,82,data_4000_4_1.5_chordal_rep02,val_epoch_task,val,cycle5,,14,,,,,,,,,4000,473.0,220.0,3278.0,29.0,0.6825396825396826,0.9422310756972112,0.791631817817688,0.791631817817688,0.791631817817688,502.0,0.12549999356269836
local,local,,,1,82,data_4000_4_1.5_chordal_rep02,val_epoch_task,val,cycle6,,14,,,,,,,,,4000,251.0,637.0,3097.0,15.0,0.28265765765765766,0.943609022556391,0.4350086450576782,0.4350086450576782,0.4350086450576782,266.0,0.06650000065565109
local,local,,,1,82,data_4000_4_1.5_chordal_rep02,train_epoch,train,,,15,0.18362266421318055,,,,,,,,4000,,,,,,,,,,,
local,local,,,1,82,data_4000_4_1.5_chordal_rep02,val_epoch,val,,,15,,0.19679534113407135,0.95995,0.8385000228881836,0.9198438907235064,0.8505338430404663,0.8505338430404663,0.8505338430404663,4000,,,,,,,,,,,
local,local,,,1,82,data_4000_4_1.5_chordal_rep02,val_epoch_task,val,cycle2,,15,,,,,,,,,4000,1708.0,4.0,2279.0,9.0,0.9976635514018691,0.9947582993593477,0.9962087869644165,0.9962087869644165,0.9962087869644165,1717.0,0.42925000190734863
local,local,,,1,82,data_4000_4_1.5_chordal_rep02,val_epoch_task,val,cycle3,,15,,,,,,,,,4000,1313.0,13.0,2662.0,12.0,0.9901960784313726,0.9909433962264151,0.9905695915222168,0.9905695915222168,0.9905695915222168,1325.0,0.33125001192092896
local,local,,,1,82,data_4000_4_1.5_chordal_rep02,val_epoch_task,val,cycle4,,15,,,,,,,,,4000,893.0,29.0,3006.0,72.0,0.9685466377440347,0.9253886010362694,0.9464758634567261,0.9464758634567261,0.9464758634567261,965.0,0.24124999344348907
local,local,,,1,82,data_4000_4_1.5_chordal_rep02,val_epoch_task,val,cycle5,,15,,,,,,,,,4000,455.0,135.0,3363.0,47.0,0.7711864406779662,0.9063745019920318,0.8333333730697632,0.8333333730697632,0.8333333730697632,502.0,0.12549999356269836
local,local,,,1,82,data_4000_4_1.5_chordal_rep02,val_epoch_task,val,cycle6,,15,,,,,,,,,4000,227.0,441.0,3293.0,39.0,0.3398203592814371,0.8533834586466166,0.4860813617706299,0.4860813617706299,0.4860813617706299,266.0,0.06650000065565109
local,local,,,1,82,data_4000_4_1.5_chordal_rep02,train_epoch,train,,,16,0.19895066583156587,,,,,,,,4000,,,,,,,,,,,
local,local,,,1,82,data_4000_4_1.5_chordal_rep02,val_epoch,val,,,16,,0.17398337578773498,0.938,0.7835000157356262,0.884263580362143,0.8161567449569702,0.8161567449569702,0.8161567449569702,4000,,,,,,,,,,,
local,local,,,1,82,data_4000_4_1.5_chordal_rep02,val_epoch_task,val,cycle2,,16,,,,,,,,,4000,1710.0,21.0,2262.0,7.0,0.9878682842287695,0.9959231217239372,0.991879403591156,0.991879403591156,0.991879403591156,1717.0,0.42925000190734863
local,local,,,1,82,data_4000_4_1.5_chordal_rep02,val_epoch_task,val,cycle3,,16,,,,,,,,,4000,1325.0,38.0,2637.0,0.0,0.9721203228173148,1.0,0.9858631491661072,0.9858631491661072,0.9858631491661072,1325.0,0.33125001192092896
local,local,,,1,82,data_4000_4_1.5_chordal_rep02,val_epoch_task,val,cycle4,,16,,,,,,,,,4000,949.0,93.0,2942.0,16.0,0.9107485604606526,0.983419689119171,0.9456900954246521,0.9456900954246521,0.9456900954246521,965.0,0.24124999344348907
local,local,,,1,82,data_4000_4_1.5_chordal_rep02,val_epoch_task,val,cycle5,,16,,,,,,,,,4000,495.0,346.0,3152.0,7.0,0.5885850178359097,0.9860557768924303,0.7371556162834167,0.7371556162834167,0.7371556162834167,502.0,0.12549999356269836
local,local,,,1,82,data_4000_4_1.5_chordal_rep02,val_epoch_task,val,cycle6,,16,,,,,,,,,4000,258.0,704.0,3030.0,8.0,0.2681912681912682,0.9699248120300752,0.42019546031951904,0.42019546031951904,0.42019546031951904,266.0,0.06650000065565109
local,local,,,1,82,data_4000_4_1.5_chordal_rep02,train_epoch,train,,,17,0.1839333608150482,,,,,,,,4000,,,,,,,,,,,
local,local,,,1,82,data_4000_4_1.5_chordal_rep02,val_epoch,val,,,17,,0.22105091059207915,0.94335,0.7785000205039978,0.8903300745329591,0.8249979019165039,0.8249979019165039,0.8249979019165039,4000,,,,,,,,,,,
local,local,,,1,82,data_4000_4_1.5_chordal_rep02,val_epoch_task,val,cycle2,,17,,,,,,,,,4000,1717.0,22.0,2261.0,0.0,0.9873490511788384,1.0,0.9936342239379883,0.9936342239379883,0.9936342239379883,1717.0,0.42925000190734863
local,local,,,1,82,data_4000_4_1.5_chordal_rep02,val_epoch_task,val,cycle3,,17,,,,,,,,,4000,1323.0,61.0,2614.0,2.0,0.9559248554913294,0.9984905660377359,0.9767441749572754,0.9767441749572754,0.9767441749572754,1325.0,0.33125001192092896
local,local,,,1,82,data_4000_4_1.5_chordal_rep02,val_epoch_task,val,cycle4,,17,,,,,,,,,4000,858.0,38.0,2997.0,107.0,0.9575892857142857,0.8891191709844559,0.9220848679542542,0.9220848679542542,0.9220848679542542,965.0,0.24124999344348907
local,local,,,1,82,data_4000_4_1.5_chordal_rep02,val_epoch_task,val,cycle5,,17,,,,,,,,,4000,448.0,155.0,3343.0,54.0,0.7429519071310116,0.8924302788844621,0.8108597993850708,0.8108597993850708,0.8108597993850708,502.0,0.12549999356269836
local,local,,,1,82,data_4000_4_1.5_chordal_rep02,val_epoch_task,val,cycle6,,17,,,,,,,,,4000,253.0,681.0,3053.0,13.0,0.2708779443254818,0.9511278195488722,0.4216666519641876,0.4216666519641876,0.4216666519641876,266.0,0.06650000065565109
local,local,,,1,82,data_4000_4_1.5_chordal_rep02,train_epoch,train,,,18,0.18432524439692496,,,,,,,,4000,,,,,,,,,,,
local,local,,,1,82,data_4000_4_1.5_chordal_rep02,val_epoch,val,,,18,,0.18619239461421966,0.95345,0.8192499876022339,0.9094446065557824,0.8393713235855103,0.8393713235855103,0.8393713235855103,4000,,,,,,,,,,,
local,local,,,1,82,data_4000_4_1.5_chordal_rep02,val_epoch_task,val,cycle2,,18,,,,,,,,,4000,1716.0,12.0,2271.0,1.0,0.9930555555555556,0.9994175888177053,0.9962264895439148,0.9962264895439148,0.9962264895439148,1717.0,0.42925000190734863
local,local,,,1,82,data_4000_4_1.5_chordal_rep02,val_epoch_task,val,cycle3,,18,,,,,,,,,4000,1311.0,19.0,2656.0,14.0,0.9857142857142858,0.9894339622641509,0.987570583820343,0.987570583820343,0.987570583820343,1325.0,0.33125001192092896
local,local,,,1,82,data_4000_4_1.5_chordal_rep02,val_epoch_task,val,cycle4,,18,,,,,,,,,4000,927.0,37.0,2998.0,38.0,0.9616182572614108,0.960621761658031,0.9611197113990784,0.9611197113990784,0.9611197113990784,965.0,0.24124999344348907
local,local,,,1,82,data_4000_4_1.5_chordal_rep02,val_epoch_task,val,cycle5,,18,,,,,,,,,4000,480.0,249.0,3249.0,22.0,0.6584362139917695,0.9561752988047809,0.7798537611961365,0.7798537611961365,0.7798537611961365,502.0,0.12549999356269836
local,local,,,1,82,data_4000_4_1.5_chordal_rep02,val_epoch_task,val,cycle6,,18,,,,,,,,,4000,241.0,514.0,3220.0,25.0,0.31920529801324504,0.9060150375939849,0.4720861613750458,0.4720861613750458,0.4720861613750458,266.0,0.06650000065565109
local,local,,,1,82,data_4000_4_1.5_chordal_rep02,train_epoch,train,,,19,0.17930473721027373,,,,,,,,4000,,,,,,,,,,,
local,local,,,1,82,data_4000_4_1.5_chordal_rep02,val_epoch,val,,,19,,0.20495514762401582,0.9377,0.7577499747276306,0.8827625141136621,0.815487265586853,0.815487265586853,0.815487265586853,4000,,,,,,,,,,,
local,local,,,1,82,data_4000_4_1.5_chordal_rep02,val_epoch_task,val,cycle2,,19,,,,,,,,,4000,1704.0,13.0,2270.0,13.0,0.9924286546301689,0.9924286546301689,0.9924286603927612,0.9924286603927612,0.9924286603927612,1717.0,0.42925000190734863
local,local,,,1,82,data_4000_4_1.5_chordal_rep02,val_epoch_task,val,cycle3,,19,,,,,,,,,4000,1324.0,28.0,2647.0,1.0,0.9792899408284024,0.999245283018868,0.9891669750213623,0.9891669750213623,0.9891669750213623,1325.0,0.33125001192092896
local,local,,,1,82,data_4000_4_1.5_chordal_rep02,val_epoch_task,val,cycle4,,19,,,,,,,,,4000,947.0,84.0,2951.0,18.0,0.918525703200776,0.9813471502590674,0.9488978385925293,0.9488978385925293,0.9488978385925293,965.0,0.24124999344348907
local,local,,,1,82,data_4000_4_1.5_chordal_rep02,val_epoch_task,val,cycle5,,19,,,,,,,,,4000,466.0,256.0,3242.0,36.0,0.6454293628808865,0.9282868525896414,0.7614379525184631,0.7614379525184631,0.7614379525184631,502.0,0.12549999356269836
local,local,,,1,82,data_4000_4_1.5_chordal_rep02,val_epoch_task,val,cycle6,,19,,,,,,,,,4000,250.0,781.0,2953.0,16.0,0.24248302618816683,0.9398496240601504,0.38550499081611633,0.38550499081611633,0.38550499081611633,266.0,0.06650000065565109
local,local,,,1,82,data_4000_4_1.5_chordal_rep02,train_epoch,train,,,20,0.19281916201114654,,,,,,,,4000,,,,,,,,,,,
local,local,,,1,82,data_4000_4_1.5_chordal_rep02,val_epoch,val,,,20,,0.17799319964647292,0.95195,0.8149999976158142,0.906635577576994,0.8354389071464539,0.8354389071464539,0.8354389071464539,4000,,,,,,,,,,,
local,local,,,1,82,data_4000_4_1.5_chordal_rep02,val_epoch_task,val,cycle2,,20,,,,,,,,,4000,1716.0,8.0,2275.0,1.0,0.9953596287703016,0.9994175888177053,0.9973844289779663,0.9973844289779663,0.9973844289779663,1717.0,0.42925000190734863
local,local,,,1,82,data_4000_4_1.5_chordal_rep02,val_epoch_task,val,cycle3,,20,,,,,,,,,4000,1298.0,18.0,2657.0,27.0,0.986322188449848,0.979622641509434,0.9829609990119934,0.9829609990119934,0.9829609990119934,1325.0,0.33125001192092896
local,local,,,1,82,data_4000_4_1.5_chordal_rep02,val_epoch_task,val,cycle4,,20,,,,,,,,,4000,933.0,45.0,2990.0,32.0,0.9539877300613497,0.966839378238342,0.9603705406188965,0.9603705406188965,0.9603705406188965,965.0,0.24124999344348907
local,local,,,1,82,data_4000_4_1.5_chordal_rep02,val_epoch_task,val,cycle5,,20,,,,,,,,,4000,476.0,293.0,3205.0,26.0,0.6189856957087126,0.9482071713147411,0.749016523361206,0.749016523361206,0.749016523361206,502.0,0.12549999356269836
local,local,,,1,82,data_4000_4_1.5_chordal_rep02,val_epoch_task,val,cycle6,,20,,,,,,,,,4000,243.0,488.0,3246.0,23.0,0.332421340629275,0.9135338345864662,0.4874623715877533,0.4874623715877533,0.4874623715877533,266.0,0.06650000065565109
local,local,,,1,82,data_4000_4_1.5_chordal_rep02,train_epoch,train,,,21,0.1589426429271698,,,,,,,,4000,,,,,,,,,,,
local,local,,,1,82,data_4000_4_1.5_chordal_rep02,val_epoch,val,,,21,,0.19795232099294663,0.9351,0.7664999961853027,0.8787369207772796,0.8076408505439758,0.8076408505439758,0.8076408505439758,4000,,,,,,,,,,,
local,local,,,1,82,data_4000_4_1.5_chordal_rep02,val_epoch_task,val,cycle2,,21,,,,,,,,,4000,1709.0,8.0,2275.0,8.0,0.9953407105416424,0.9953407105416424,0.9953407049179077,0.9953407049179077,0.9953407049179077,1717.0,0.42925000190734863
local,local,,,1,82,data_4000_4_1.5_chordal_rep02,val_epoch_task,val,cycle3,,21,,,,,,,,,4000,1319.0,26.0,2649.0,6.0,0.9806691449814127,0.9954716981132076,0.9880149960517883,0.9880149960517883,0.9880149960517883,1325.0,0.33125001192092896
local,local,,,1,82,data_4000_4_1.5_chordal_rep02,val_epoch_task,val,cycle4,,21,,,,,,,,,4000,936.0,67.0,2968.0,29.0,0.9332003988035892,0.9699481865284975,0.9512194395065308,0.9512194395065308,0.9512194395065308,965.0,0.24124999344348907
local,local,,,1,82,data_4000_4_1.5_chordal_rep02,val_epoch_task,val,cycle5,,21,,,,,,,,,4000,488.0,416.0,3082.0,14.0,0.5398230088495575,0.9721115537848606,0.6941678524017334,0.6941678524017334,0.6941678524017334,502.0,0.12549999356269836
local,local,,,1,82,data_4000_4_1.5_chordal_rep02,val_epoch_task,val,cycle6,,21,,,,,,,,,4000,251.0,709.0,3025.0,15.0,0.26145833333333335,0.943609022556391,0.40946164727211,0.40946164727211,0.40946164727211,266.0,0.06650000065565109
local,local,,,1,82,data_4000_4_1.5_chordal_rep02,train_epoch,train,,,22,0.1775852881669998,,,,,,,,4000,,,,,,,,,,,
local,local,,,1,82,data_4000_4_1.5_chordal_rep02,val_epoch,val,,,22,,0.20189273315668105,0.94485,0.7850000262260437,0.8941153883075742,0.8255821466445923,0.8255821466445923,0.8255821466445923,4000,,,,,,,,,,,
local,local,,,1,82,data_4000_4_1.5_chordal_rep02,val_epoch_task,val,cycle2,,22,,,,,,,,,4000,1717.0,15.0,2268.0,0.0,0.9913394919168591,1.0,0.9956509470939636,0.9956509470939636,0.9956509470939636,1717.0,0.42925000190734863
local,local,,,1,82,data_4000_4_1.5_chordal_rep02,val_epoch_task,val,cycle3,,22,,,,,,,,,4000,1322.0,39.0,2636.0,3.0,0.9713445995591476,0.9977358490566037,0.9843633770942688,0.9843633770942688,0.9843633770942688,1325.0,0.33125001192092896
local,local,,,1,82,data_4000_4_1.5_chordal_rep02,val_epoch_task,val,cycle4,,22,,,,,,,,,4000,939.0,93.0,2942.0,26.0,0.9098837209302325,0.9730569948186528,0.9404105544090271,0.9404105544090271,0.9404105544090271,965.0,0.24124999344348907
local,local,,,1,82,data_4000_4_1.5_chordal_rep02,val_epoch_task,val,cycle5,,22,,,,,,,,,4000,425.0,156.0,3342.0,77.0,0.7314974182444062,0.8466135458167331,0.7848568558692932,0.7848568558692932,0.7848568558692932,502.0,0.12549999356269836
local,local,,,1,82,data_4000_4_1.5_chordal_rep02,val_epoch_task,val,cycle6,,22,,,,,,,,,4000,254.0,682.0,3052.0,12.0,0.27136752136752135,0.9548872180451128,0.4226289689540863,0.4226289689540863,0.4226289689540863,266.0,0.06650000065565109
local,local,,,1,82,data_4000_4_1.5_chordal_rep02,train_epoch,train,,,23,0.15917109107971192,,,,,,,,4000,,,,,,,,,,,
local,local,,,1,82,data_4000_4_1.5_chordal_rep02,val_epoch,val,,,23,,0.19570957827568053,0.9633,0.8537499904632568,0.9268049461507778,0.8580046892166138,0.8580046892166138,0.8580046892166138,4000,,,,,,,,,,,
local,local,,,1,82,data_4000_4_1.5_chordal_rep02,val_epoch_task,val,cycle2,,23,,,,,,,,,4000,1717.0,16.0,2267.0,0.0,0.9907674552798615,1.0,0.9953623414039612,0.9953623414039612,0.9953623414039612,1717.0,0.42925000190734863
local,local,,,1,82,data_4000_4_1.5_chordal_rep02,val_epoch_task,val,cycle3,,23,,,,,,,,,4000,1322.0,58.0,2617.0,3.0,0.9579710144927536,0.9977358490566037,0.9774492383003235,0.9774492383003235,0.9774492383003235,1325.0,0.33125001192092896
local,local,,,1,82,data_4000_4_1.5_chordal_rep02,val_epoch_task,val,cycle4,,23,,,,,,,,,4000,936.0,70.0,2965.0,29.0,0.9304174950298211,0.9699481865284975,0.9497717618942261,0.9497717618942261,0.9497717618942261,965.0,0.24124999344348907
local,local,,,1,82,data_4000_4_1.5_chordal_rep02,val_epoch_task,val,cycle5,,23,,,,,,,,,4000,457.0,137.0,3361.0,45.0,0.7693602693602694,0.9103585657370518,0.833941638469696,0.833941638469696,0.833941638469696,502.0,0.12549999356269836
local,local,,,1,82,data_4000_4_1.5_chordal_rep02,val_epoch_task,val,cycle6,,23,,,,,,,,,4000,215.0,325.0,3409.0,51.0,0.39814814814814814,0.8082706766917294,0.5334987044334412,0.5334987044334412,0.5334987044334412,266.0,0.06650000065565109
local,local,,,1,82,data_4000_4_1.5_chordal_rep02,train_epoch,train,,,24,0.16774509897828102,,,,,,,,4000,,,,,,,,,,,
local,local,,,1,82,data_4000_4_1.5_chordal_rep02,val_epoch,val,,,24,,0.17031531763076782,0.96595,0.8569999933242798,0.9318795638691607,0.8655185699462891,0.8655185699462891,0.8655185699462891,4000,,,,,,,,,,,
local,local,,,1,82,data_4000_4_1.5_chordal_rep02,val_epoch_task,val,cycle2,,24,,,,,,,,,4000,1716.0,18.0,2265.0,1.0,0.9896193771626297,0.9994175888177053,0.9944943189620972,0.9944943189620972,0.9944943189620972,1717.0,0.42925000190734863
local,local,,,1,82,data_4000_4_1.5_chordal_rep02,val_epoch_task,val,cycle3,,24,,,,,,,,,4000,1320.0,29.0,2646.0,5.0,0.9785025945144552,0.9962264150943396,0.9872849583625793,0.9872849583625793,0.9872849583625793,1325.0,0.33125001192092896
local,local,,,1,82,data_4000_4_1.5_chordal_rep02,val_epoch_task,val,cycle4,,24,,,,,,,,,4000,944.0,44.0,2991.0,21.0,0.9554655870445344,0.9782383419689119,0.9667179584503174,0.9667179584503174,0.9667179584503174,965.0,0.24124999344348907
local,local,,,1,82,data_4000_4_1.5_chordal_rep02,val_epoch_task,val,cycle5,,24,,,,,,,,,4000,451.0,109.0,3389.0,51.0,0.8053571428571429,0.898406374501992,0.8493409156799316,0.8493409156799316,0.8493409156799316,502.0,0.12549999356269836
local,local,,,1,82,data_4000_4_1.5_chordal_rep02,val_epoch_task,val,cycle6,,24,,,,,,,,,4000,227.0,364.0,3370.0,39.0,0.3840947546531303,0.8533834586466166,0.5297549366950989,0.5297549366950989,0.5297549366950989,266.0,0.06650000065565109
local,local,,,1,82,data_4000_4_1.5_chordal_rep02,train_epoch,train,,,25,0.1641557337641716,,,,,,,,4000,,,,,,,,,,,
local,local,,,1,82,data_4000_4_1.5_chordal_rep02,val_epoch,val,,,25,,0.19722580540180207,0.92815,0.7440000176429749,0.868466819221968,0.7977157831192017,0.7977157831192017,0.7977157831192017,4000,,,,,,,,,,,
local,local,,,1,82,data_4000_4_1.5_chordal_rep02,val_epoch_task,val,cycle2,,25,,,,,,,,,4000,1717.0,10.0,2273.0,0.0,0.9942096120440069,1.0,0.9970964193344116,0.9970964193344116,0.9970964193344116,1717.0,0.42925000190734863
local,local,,,1,82,data_4000_4_1.5_chordal_rep02,val_epoch_task,val,cycle3,,25,,,,,,,,,4000,1324.0,28.0,2647.0,1.0,0.9792899408284024,0.999245283018868,0.9891669750213623,0.9891669750213623,0.9891669750213623,1325.0,0.33125001192092896
local,local,,,1,82,data_4000_4_1.5_chordal_rep02,val_epoch_task,val,cycle4,,25,,,,,,,,,4000,945.0,113.0,2922.0,20.0,0.8931947069943289,0.9792746113989638,0.9342560768127441,0.9342560768127441,0.9342560768127441,965.0,0.24124999344348907
local,local,,,1,82,data_4000_4_1.5_chordal_rep02,val_epoch_task,val,cycle5,,25,,,,,,,,,4000,498.0,516.0,2982.0,4.0,0.4911242603550296,0.9920318725099602,0.6569920778274536,0.6569920778274536,0.6569920778274536,502.0,0.12549999356269836
local,local,,,1,82,data_4000_4_1.5_chordal_rep02,val_epoch_task,val,cycle6,,25,,,,,,,,,4000,260.0,739.0,2995.0,6.0,0.2602602602602603,0.9774436090225563,0.4110671877861023,0.4110671877861023,0.4110671877861023,266.0,0.06650000065565109
local,local,,,1,82,data_4000_4_1.5_chordal_rep02,train_epoch,train,,,26,0.1544223963022232,,,,,,,,4000,,,,,,,,,,,
local,local,,,1,82,data_4000_4_1.5_chordal_rep02,val_epoch,val,,,26,,0.22383440726995468,0.96815,0.8672500252723694,0.9350066319763289,0.8661775588989258,0.8661775588989258,0.8661775588989258,4000,,,,,,,,,,,
local,local,,,1,82,data_4000_4_1.5_chordal_rep02,val_epoch_task,val,cycle2,,26,,,,,,,,,4000,1717.0,10.0,2273.0,0.0,0.9942096120440069,1.0,0.9970964193344116,0.9970964193344116,0.9970964193344116,1717.0,0.42925000190734863
local,local,,,1,82,data_4000_4_1.5_chordal_rep02,val_epoch_task,val,cycle3,,26,,,,,,,,,4000,1319.0,38.0,2637.0,6.0,0.971997052321297,0.9954716981132076,0.9835942983627319,0.9835942983627319,0.9835942983627319,1325.0,0.33125001192092896
local,local,,,1,82,data_4000_4_1.5_chordal_rep02,val_epoch_task,val,cycle4,,26,,,,,,,,,4000,909.0,45.0,2990.0,56.0,0.9528301886792453,0.9419689119170984,0.9473684430122375,0.9473684430122375,0.9473684430122375,965.0,0.24124999344348907
local,local,,,1,82,data_4000_4_1.5_chordal_rep02,val_epoch_task,val,cycle5,,26,,,,,,,,,4000,433.0,119.0,3379.0,69.0,0.7844202898550725,0.8625498007968128,0.821631908416748,0.821631908416748,0.821631908416748,502.0,0.12549999356269836
local,local,,,1,82,data_4000_4_1.5_chordal_rep02,val_epoch_task,val,cycle6,,26,,,,,,,,,4000,204.0,232.0,3502.0,62.0,0.46788990825688076,0.7669172932330827,0.5811965465545654,0.5811965465545654,0.5811965465545654,266.0,0.06650000065565109
local,local,,,1,82,data_4000_4_1.5_chordal_rep02,train_epoch,train,,,27,0.16076492476463317,,,,,,,,4000,,,,,,,,,,,
local,local,,,1,82,data_4000_4_1.5_chordal_rep02,val_epoch,val,,,27,,0.18472320729494096,0.96225,0.8417500257492065,0.9246431779618725,0.859809398651123,0.859809398651123,0.859809398651123,4000,,,,,,,,,,,
local,local,,,1,82,data_4000_4_1.5_chordal_rep02,val_epoch_task,val,cycle2,,27,,,,,,,,,4000,1716.0,10.0,2273.0,1.0,0.9942062572421785,0.9994175888177053,0.9968051314353943,0.9968051314353943,0.9968051314353943,1717.0,0.42925000190734863
local,local,,,1,82,data_4000_4_1.5_chordal_rep02,val_epoch_task,val,cycle3,,27,,,,,,,,,4000,1322.0,29.0,2646.0,3.0,0.9785344189489267,0.9977358490566037,0.988041877746582,0.988041877746582,0.988041877746582,1325.0,0.33125001192092896
local,local,,,1,82,data_4000_4_1.5_chordal_rep02,val_epoch_task,val,cycle4,,27,,,,,,,,,4000,904.0,26.0,3009.0,61.0,0.9720430107526882,0.9367875647668393,0.9540897011756897,0.9540897011756897,0.9540897011756897,965.0,0.24124999344348907
local,local,,,1,82,data_4000_4_1.5_chordal_rep02,val_epoch_task,val,cycle5,,27,,,,,,,,,4000,453.0,92.0,3406.0,49.0,0.8311926605504587,0.9023904382470119,0.8653295040130615,0.8653295040130615,0.8653295040130615,502.0,0.12549999356269836
local,local,,,1,82,data_4000_4_1.5_chordal_rep02,val_epoch_task,val,cycle6,,27,,,,,,,,,4000,237.0,455.0,3279.0,29.0,0.342485549132948,0.8909774436090225,0.4947807788848877,0.4947807788848877,0.4947807788848877,266.0,0.06650000065565109
local,local,,,1,82,data_4000_4_1.5_chordal_rep02,train_epoch,train,,,28,0.1407322368621826,,,,,,,,4000,,,,,,,,,,,
local,local,,,1,82,data_4000_4_1.5_chordal_rep02,val_epoch,val,,,28,,0.17673600283265115,0.9652,0.8572499752044678,0.9305111821086262,0.8638613820075989,0.8638613820075989,0.8638613820075989,4000,,,,,,,,,,,
local,local,,,1,82,data_4000_4_1.5_chordal_rep02,val_epoch_task,val,cycle2,,28,,,,,,,,,4000,1710.0,7.0,2276.0,7.0,0.9959231217239372,0.9959231217239372,0.9959231019020081,0.9959231019020081,0.9959231019020081,1717.0,0.42925000190734863
local,local,,,1,82,data_4000_4_1.5_chordal_rep02,val_epoch_task,val,cycle3,,28,,,,,,,,,4000,1324.0,27.0,2648.0,1.0,0.9800148038490007,0.999245283018868,0.9895366430282593,0.9895366430282593,0.9895366430282593,1325.0,0.33125001192092896
local,local,,,1,82,data_4000_4_1.5_chordal_rep02,val_epoch_task,val,cycle4,,28,,,,,,,,,4000,939.0,51.0,2984.0,26.0,0.9484848484848485,0.9730569948186528,0.9606137871742249,0.9606137871742249,0.9606137871742249,965.0,0.24124999344348907
local,local,,,1,82,data_4000_4_1.5_chordal_rep02,val_epoch_task,val,cycle5,,28,,,,,,,,,4000,455.0,137.0,3361.0,47.0,0.768581081081081,0.9063745019920318,0.8318098783493042,0.8318098783493042,0.8318098783493042,502.0,0.12549999356269836
local,local,,,1,82,data_4000_4_1.5_chordal_rep02,val_epoch_task,val,cycle6,,28,,,,,,,,,4000,232.0,359.0,3375.0,34.0,0.3925549915397631,0.8721804511278195,0.5414235591888428,0.5414235591888428,0.5414235591888428,266.0,0.06650000065565109
local,local,,,1,82,data_4000_4_1.5_chordal_rep02,train_epoch,train,,,29,0.130539415538311,,,,,,,,4000,,,,,,,,,,,
local,local,,,1,82,data_4000_4_1.5_chordal_rep02,val_epoch,val,,,29,,0.18852206063270568,0.9453,0.7864999771118164,0.8962049335863378,0.8241260647773743,0.8241260647773743,0.8241260647773743,4000,,,,,,,,,,,
local,local,,,1,82,data_4000_4_1.5_chordal_rep02,val_epoch_task,val,cycle2,,29,,,,,,,,,4000,1716.0,17.0,2266.0,1.0,0.9901904212348529,0.9994175888177053,0.9947826266288757,0.9947826266288757,0.9947826266288757,1717.0,0.42925000190734863
local,local,,,1,82,data_4000_4_1.5_chordal_rep02,val_epoch_task,val,cycle3,,29,,,,,,,,,4000,1317.0,29.0,2646.0,8.0,0.9784546805349182,0.9939622641509434,0.9861475229263306,0.9861475229263306,0.9861475229263306,1325.0,0.33125001192092896
local,local,,,1,82,data_4000_4_1.5_chordal_rep02,val_epoch_task,val,cycle4,,29,,,,,,,,,4000,952.0,82.0,2953.0,13.0,0.9206963249516441,0.9865284974093265,0.9524762034416199,0.9524762034416199,0.9524762034416199,965.0,0.24124999344348907
local,local,,,1,82,data_4000_4_1.5_chordal_rep02,val_epoch_task,val,cycle5,,29,,,,,,,,,4000,499.0,516.0,2982.0,3.0,0.4916256157635468,0.9940239043824701,0.6578773260116577,0.6578773260116577,0.6578773260116577,502.0,0.12549999356269836
local,local,,,1,82,data_4000_4_1.5_chordal_rep02,val_epoch_task,val,cycle6,,29,,,,,,,,,4000,239.0,398.0,3336.0,27.0,0.3751962323390895,0.8984962406015038,0.5293465852737427,0.5293465852737427,0.5293465852737427,266.0,0.06650000065565109
local,local,,,1,82,data_4000_4_1.5_chordal_rep02,train_epoch,train,,,30,0.15871974021196367,,,,,,,,4000,,,,,,,,,,,
local,local,,,1,82,data_4000_4_1.5_chordal_rep02,val_epoch,val,,,30,,0.23766194033622742,0.96545,0.8577499985694885,0.9291645310097386,0.8615365028381348,0.8615365028381348,0.8615365028381348,4000,,,,,,,,,,,
local,local,,,1,82,data_4000_4_1.5_chordal_rep02,val_epoch_task,val,cycle2,,30,,,,,,,,,4000,1714.0,11.0,2272.0,3.0,0.9936231884057971,0.9982527664531159,0.9959326386451721,0.9959326386451721,0.9959326386451721,1717.0,0.42925000190734863
local,local,,,1,82,data_4000_4_1.5_chordal_rep02,val_epoch_task,val,cycle3,,30,,,,,,,,,4000,1321.0,19.0,2656.0,4.0,0.985820895522388,0.9969811320754717,0.9913696050643921,0.9913696050643921,0.9913696050643921,1325.0,0.33125001192092896
local,local,,,1,82,data_4000_4_1.5_chordal_rep02,val_epoch_task,val,cycle4,,30,,,,,,,,,4000,840.0,17.0,3018.0,125.0,0.9801633605600933,0.8704663212435233,0.9220636487007141,0.9220636487007141,0.9220636487007141,965.0,0.24124999344348907
local,local,,,1,82,data_4000_4_1.5_chordal_rep02,val_epoch_task,val,cycle5,,30,,,,,,,,,4000,440.0,98.0,3400.0,62.0,0.8178438661710037,0.8764940239043825,0.8461538553237915,0.8461538553237915,0.8461538553237915,502.0,0.12549999356269836
local,local,,,1,82,data_4000_4_1.5_chordal_rep02,val_epoch_task,val,cycle6,,30,,,,,,,,,4000,217.0,303.0,3431.0,49.0,0.4173076923076923,0.8157894736842105,0.5521628856658936,0.5521628856658936,0.5521628856658936,266.0,0.06650000065565109
local,local,,,1,82,data_4000_4_1.5_chordal_rep02,train_epoch,train,,,31,0.1558866537809372,,,,,,,,4000,,,,,,,,,,,
local,local,,,1,82,data_4000_4_1.5_chordal_rep02,val_epoch,val,,,31,,0.19566892921924592,0.96645,0.8610000014305115,0.9328126564533894,0.8622422218322754,0.8622422218322754,0.8622422218322754,4000,,,,,,,,,,,
local,local,,,1,82,data_4000_4_1.5_chordal_rep02,val_epoch_task,val,cycle2,,31,,,,,,,,,4000,1717.0,8.0,2275.0,0.0,0.9953623188405797,1.0,0.9976758360862732,0.9976758360862732,0.9976758360862732,1717.0,0.42925000190734863
local,local,,,1,82,data_4000_4_1.5_chordal_rep02,val_epoch_task,val,cycle3,,31,,,,,,,,,4000,1324.0,32.0,2643.0,1.0,0.976401179941003,0.999245283018868,0.9876911044120789,0.9876911044120789,0.9876911044120789,1325.0,0.33125001192092896
local,local,,,1,82,data_4000_4_1.5_chordal_rep02,val_epoch_task,val,cycle4,,31,,,,,,,,,4000,942.0,55.0,2980.0,23.0,0.9448345035105316,0.9761658031088083,0.9602446556091309,0.9602446556091309,0.9602446556091309,965.0,0.24124999344348907
local,local,,,1,82,data_4000_4_1.5_chordal_rep02,val_epoch_task,val,cycle5,,31,,,,,,,,,4000,467.0,187.0,3311.0,35.0,0.7140672782874617,0.9302788844621513,0.8079584836959839,0.8079584836959839,0.8079584836959839,502.0,0.12549999356269836
local,local,,,1,82,data_4000_4_1.5_chordal_rep02,val_epoch_task,val,cycle6,,31,,,,,,,,,4000,208.0,272.0,3462.0,58.0,0.43333333333333335,0.7819548872180451,0.557640790939331,0.557640790939331,0.557640790939331,266.0,0.06650000065565109
local,local,,,1,82,data_4000_4_1.5_chordal_rep02,train_epoch,train,,,32,0.1418447767496109,,,,,,,,4000,,,,,,,,,,,
local,local,,,1,82,data_4000_4_1.5_chordal_rep02,val_epoch,val,,,32,,0.196262677192688,0.96825,0.8675000071525574,0.9358002224244262,0.8675998449325562,0.8675998449325562,0.8675998449325562,4000,,,,,,,,,,,
local,local,,,1,82,data_4000_4_1.5_chordal_rep02,val_epoch_task,val,cycle2,,32,,,,,,,,,4000,1717.0,18.0,2265.0,0.0,0.9896253602305476,1.0,0.9947856068611145,0.9947856068611145,0.9947856068611145,1717.0,0.42925000190734863
local,local,,,1,82,data_4000_4_1.5_chordal_rep02,val_epoch_task,val,cycle3,,32,,,,,,,,,4000,1323.0,18.0,2657.0,2.0,0.9865771812080537,0.9984905660377359,0.9924980998039246,0.9924980998039246,0.9924980998039246,1325.0,0.33125001192092896
local,local,,,1,82,data_4000_4_1.5_chordal_rep02,val_epoch_task,val,cycle4,,32,,,,,,,,,4000,925.0,51.0,2984.0,40.0,0.9477459016393442,0.9585492227979274,0.9531169533729553,0.9531169533729553,0.9531169533729553,965.0,0.24124999344348907
local,local,,,1,82,data_4000_4_1.5_chordal_rep02,val_epoch_task,val,cycle5,,32,,,,,,,,,4000,454.0,162.0,3336.0,48.0,0.737012987012987,0.9043824701195219,0.8121646046638489,0.8121646046638489,0.8121646046638489,502.0,0.12549999356269836
local,local,,,1,82,data_4000_4_1.5_chordal_rep02,val_epoch_task,val,cycle6,,32,,,,,,,,,4000,209.0,239.0,3495.0,57.0,0.46651785714285715,0.7857142857142857,0.5854341983795166,0.5854341983795166,0.5854341983795166,266.0,0.06650000065565109
local,local,,,1,82,data_4000_4_1.5_chordal_rep02,train_epoch,train,,,33,0.1383508219718933,,,,,,,,4000,,,,,,,,,,,
local,local,,,1,82,data_4000_4_1.5_chordal_rep02,val_epoch,val,,,33,,0.1732865413427353,0.95875,0.8297500014305115,0.9189507810197467,0.8491312265396118,0.8491312265396118,0.8491312265396118,4000,,,,,,,,,,,
local,local,,,1,82,data_4000_4_1.5_chordal_rep02,val_epoch_task,val,cycle2,,33,,,,,,,,,4000,1716.0,11.0,2272.0,1.0,0.9936305732484076,0.9994175888177053,0.996515691280365,0.996515691280365,0.996515691280365,1717.0,0.42925000190734863
local,local,,,1,82,data_4000_4_1.5_chordal_rep02,val_epoch_task,val,cycle3,,33,,,,,,,,,4000,1304.0,11.0,2664.0,21.0,0.9916349809885932,0.9841509433962264,0.9878787398338318,0.9878787398338318,0.9878787398338318,1325.0,0.33125001192092896
local,local,,,1,82,data_4000_4_1.5_chordal_rep02,val_epoch_task,val,cycle4,,33,,,,,,,,,4000,938.0,57.0,2978.0,27.0,0.942713567839196,0.9720207253886011,0.9571428298950195,0.9571428298950195,0.9571428298950195,965.0,0.24124999344348907
local,local,,,1,82,data_4000_4_1.5_chordal_rep02,val_epoch_task,val,cycle5,,33,,,,,,,,,4000,492.0,338.0,3160.0,10.0,0.5927710843373494,0.9800796812749004,0.7387387752532959,0.7387387752532959,0.7387387752532959,502.0,0.12549999356269836
local,local,,,1,82,data_4000_4_1.5_chordal_rep02,val_epoch_task,val,cycle6,,33,,,,,,,,,4000,227.0,310.0,3424.0,39.0,0.4227188081936685,0.8533834586466166,0.5653798580169678,0.5653798580169678,0.5653798580169678,266.0,0.06650000065565109
local,local,,,1,82,data_4000_4_1.5_chordal_rep02,train_epoch,train,,,34,0.13406745493412017,,,,,,,,4000,,,,,,,,,,,
local,local,,,1,82,data_4000_4_1.5_chordal_rep02,val_epoch,val,,,34,,0.2260996310710907,0.9662,0.8607500195503235,0.9322645290581162,0.859655499458313,0.859655499458313,0.859655499458313,4000,,,,,,,,,,,
local,local,,,1,82,data_4000_4_1.5_chordal_rep02,val_epoch_task,val,cycle2,,34,,,,,,,,,4000,1717.0,7.0,2276.0,0.0,0.9959396751740139,1.0,0.9979656934738159,0.9979656934738159,0.9979656934738159,1717.0,0.42925000190734863
local,local,,,1,82,data_4000_4_1.5_chordal_rep02,val_epoch_task,val,cycle3,,34,,,,,,,,,4000,1325.0,66.0,2609.0,0.0,0.9525521207764198,1.0,0.9756996035575867,0.9756996035575867,0.9756996035575867,1325.0,0.33125001192092896
local,local,,,1,82,data_4000_4_1.5_chordal_rep02,val_epoch_task,val,cycle4,,34,,,,,,,,,4000,954.0,95.0,2940.0,11.0,0.909437559580553,0.9886010362694301,0.947368323802948,0.947368323802948,0.947368323802948,965.0,0.24124999344348907
local,local,,,1,82,data_4000_4_1.5_chordal_rep02,val_epoch_task,val,cycle5,,34,,,,,,,,,4000,476.0,193.0,3305.0,26.0,0.7115097159940209,0.9482071713147411,0.8129803538322449,0.8129803538322449,0.8129803538322449,502.0,0.12549999356269836
local,local,,,1,82,data_4000_4_1.5_chordal_rep02,val_epoch_task,val,cycle6,,34,,,,,,,,,4000,180.0,192.0,3542.0,86.0,0.4838709677419355,0.6766917293233082,0.5642633438110352,0.5642633438110352,0.5642633438110352,266.0,0.06650000065565109
local,local,,,1,82,data_4000_4_1.5_chordal_rep02,train_epoch,train,,,35,0.11967199009656906,,,,,,,,4000,,,,,,,,,,,
local,local,,,1,82,data_4000_4_1.5_chordal_rep02,val_epoch,val,,,35,,0.19178987917304038,0.97195,0.8849999904632568,0.943224370003036,0.879102349281311,0.879102349281311,0.879102349281311,4000,,,,,,,,,,,
local,local,,,1,82,data_4000_4_1.5_chordal_rep02,val_epoch_task,val,cycle2,,35,,,,,,,,,4000,1717.0,19.0,2264.0,0.0,0.9890552995391705,1.0,0.994497537612915,0.994497537612915,0.994497537612915,1717.0,0.42925000190734863
local,local,,,1,82,data_4000_4_1.5_chordal_rep02,val_epoch_task,val,cycle3,,35,,,,,,,,,4000,1320.0,27.0,2648.0,5.0,0.9799554565701559,0.9962264150943396,0.9880239367485046,0.9880239367485046,0.9880239367485046,1325.0,0.33125001192092896
local,local,,,1,82,data_4000_4_1.5_chordal_rep02,val_epoch_task,val,cycle4,,35,,,,,,,,,4000,946.0,27.0,3008.0,19.0,0.9722507708119219,0.9803108808290155,0.9762641787528992,0.9762641787528992,0.9762641787528992,965.0,0.24124999344348907
local,local,,,1,82,data_4000_4_1.5_chordal_rep02,val_epoch_task,val,cycle5,,35,,,,,,,,,4000,470.0,176.0,3322.0,32.0,0.7275541795665634,0.9362549800796812,0.8188153505325317,0.8188153505325317,0.8188153505325317,502.0,0.12549999356269836
local,local,,,1,82,data_4000_4_1.5_chordal_rep02,val_epoch_task,val,cycle6,,35,,,,,,,,,4000,207.0,197.0,3537.0,59.0,0.5123762376237624,0.7781954887218046,0.6179104447364807,0.6179104447364807,0.6179104447364807,266.0,0.06650000065565109
local,local,,,1,82,data_4000_4_1.5_chordal_rep02,train_epoch,train,,,36,0.150981077671051,,,,,,,,4000,,,,,,,,,,,
local,local,,,1,82,data_4000_4_1.5_chordal_rep02,val_epoch,val,,,36,,0.1786831082701683,0.96565,0.8565000295639038,0.9311554263954303,0.8632017970085144,0.8632017970085144,0.8632017970085144,4000,,,,,,,,,,,
local,local,,,1,82,data_4000_4_1.5_chordal_rep02,val_epoch_task,val,cycle2,,36,,,,,,,,,4000,1713.0,11.0,2272.0,4.0,0.9936194895591647,0.9976703552708212,0.995640754699707,0.995640754699707,0.995640754699707,1717.0,0.42925000190734863
local,local,,,1,82,data_4000_4_1.5_chordal_rep02,val_epoch_task,val,cycle3,,36,,,,,,,,,4000,1315.0,32.0,2643.0,10.0,0.9762435040831478,0.9924528301886792,0.9842814207077026,0.9842814207077026,0.9842814207077026,1325.0,0.33125001192092896
local,local,,,1,82,data_4000_4_1.5_chordal_rep02,val_epoch_task,val,cycle4,,36,,,,,,,,,4000,940.0,49.0,2986.0,25.0,0.9504550050556118,0.9740932642487047,0.9621289372444153,0.9621289372444153,0.9621289372444153,965.0,0.24124999344348907
local,local,,,1,82,data_4000_4_1.5_chordal_rep02,val_epoch_task,val,cycle5,,36,,,,,,,,,4000,460.0,132.0,3366.0,42.0,0.777027027027027,0.9163346613545816,0.840950608253479,0.840950608253479,0.840950608253479,502.0,0.12549999356269836
local,local,,,1,82,data_4000_4_1.5_chordal_rep02,val_epoch_task,val,cycle6,,36,,,,,,,,,4000,218.0,334.0,3400.0,48.0,0.39492753623188404,0.8195488721804511,0.5330073237419128,0.5330073237419128,0.5330073237419128,266.0,0.06650000065565109
local,local,,,1,82,data_4000_4_1.5_chordal_rep02,train_epoch,train,,,37,0.1523405414223671,,,,,,,,4000,,,,,,,,,,,
local,local,,,1,82,data_4000_4_1.5_chordal_rep02,val_epoch,val,,,37,,0.1529689131975174,0.9671,0.8607500195503235,0.9342788653615661,0.8695162534713745,0.8695162534713745,0.8695162534713745,4000,,,,,,,,,,,
local,local,,,1,82,data_4000_4_1.5_chordal_rep02,val_epoch_task,val,cycle2,,37,,,,,,,,,4000,1711.0,3.0,2280.0,6.0,0.9982497082847142,0.9965055329062318,0.9973769187927246,0.9973769187927246,0.9973769187927246,1717.0,0.42925000190734863
local,local,,,1,82,data_4000_4_1.5_chordal_rep02,val_epoch_task,val,cycle3,,37,,,,,,,,,4000,1324.0,25.0,2650.0,1.0,0.9814677538917717,0.999245283018868,0.9902767539024353,0.9902767539024353,0.9902767539024353,1325.0,0.33125001192092896
local,local,,,1,82,data_4000_4_1.5_chordal_rep02,val_epoch_task,val,cycle4,,37,,,,,,,,,4000,940.0,41.0,2994.0,25.0,0.9582059123343527,0.9740932642487047,0.9660843014717102,0.9660843014717102,0.9660843014717102,965.0,0.24124999344348907
local,local,,,1,82,data_4000_4_1.5_chordal_rep02,val_epoch_task,val,cycle5,,37,,,,,,,,,4000,467.0,140.0,3358.0,35.0,0.7693574958813838,0.9302788844621513,0.8422002196311951,0.8422002196311951,0.8422002196311951,502.0,0.12549999356269836
local,local,,,1,82,data_4000_4_1.5_chordal_rep02,val_epoch_task,val,cycle6,,37,,,,,,,,,4000,235.0,351.0,3383.0,31.0,0.40102389078498296,0.8834586466165414,0.5516431927680969,0.5516431927680969,0.5516431927680969,266.0,0.06650000065565109
local,local,,,1,82,data_4000_4_1.5_chordal_rep02,train_epoch,train,,,38,0.13231195110082627,,,,,,,,4000,,,,,,,,,,,
local,local,,,1,82,data_4000_4_1.5_chordal_rep02,val_epoch,val,,,38,,0.2066628315448761,0.96115,0.8414999842643738,0.9224782999102066,0.853010356426239,0.853010356426239,0.853010356426239,4000,,,,,,,,,,,
local,local,,,1,82,data_4000_4_1.5_chordal_rep02,val_epoch_task,val,cycle2,,38,,,,,,,,,4000,1714.0,7.0,2276.0,3.0,0.9959325973271353,0.9982527664531159,0.9970912933349609,0.9970912933349609,0.9970912933349609,1717.0,0.42925000190734863
local,local,,,1,82,data_4000_4_1.5_chordal_rep02,val_epoch_task,val,cycle3,,38,,,,,,,,,4000,1305.0,13.0,2662.0,20.0,0.9901365705614568,0.9849056603773585,0.9875141978263855,0.9875141978263855,0.9875141978263855,1325.0,0.33125001192092896
local,local,,,1,82,data_4000_4_1.5_chordal_rep02,val_epoch_task,val,cycle4,,38,,,,,,,,,4000,905.0,49.0,2986.0,60.0,0.9486373165618449,0.9378238341968912,0.9431995749473572,0.9431995749473572,0.9431995749473572,965.0,0.24124999344348907
local,local,,,1,82,data_4000_4_1.5_chordal_rep02,val_epoch_task,val,cycle5,,38,,,,,,,,,4000,474.0,203.0,3295.0,28.0,0.7001477104874446,0.9442231075697212,0.8040712475776672,0.8040712475776672,0.8040712475776672,502.0,0.12549999356269836
local,local,,,1,82,data_4000_4_1.5_chordal_rep02,val_epoch_task,val,cycle6,,38,,,,,,,,,4000,225.0,353.0,3381.0,41.0,0.3892733564013841,0.8458646616541353,0.5331753492355347,0.5331753492355347,0.5331753492355347,266.0,0.06650000065565109
local,local,,,1,82,data_4000_4_1.5_chordal_rep02,train_epoch,train,,,39,0.12580252933502198,,,,,,,,4000,,,,,,,,,,,
local,local,,,1,82,data_4000_4_1.5_chordal_rep02,val_epoch,val,,,39,,0.1842937844991684,0.9467,0.8067499995231628,0.8985920852359209,0.8286533355712891,0.8286533355712891,0.8286533355712891,4000,,,,,,,,,,,
local,local,,,1,82,data_4000_4_1.5_chordal_rep02,val_epoch_task,val,cycle2,,39,,,,,,,,,4000,1717.0,13.0,2270.0,0.0,0.992485549132948,1.0,0.9962285757064819,0.9962285757064819,0.9962285757064819,1717.0,0.42925000190734863
local,local,,,1,82,data_4000_4_1.5_chordal_rep02,val_epoch_task,val,cycle3,,39,,,,,,,,,4000,1324.0,28.0,2647.0,1.0,0.9792899408284024,0.999245283018868,0.9891669750213623,0.9891669750213623,0.9891669750213623,1325.0,0.33125001192092896
local,local,,,1,82,data_4000_4_1.5_chordal_rep02,val_epoch_task,val,cycle4,,39,,,,,,,,,4000,954.0,118.0,2917.0,11.0,0.8899253731343284,0.9886010362694301,0.9366715550422668,0.9366715550422668,0.9366715550422668,965.0,0.24124999344348907
local,local,,,1,82,data_4000_4_1.5_chordal_rep02,val_epoch_task,val,cycle5,,39,,,,,,,,,4000,477.0,261.0,3237.0,25.0,0.6463414634146342,0.950199203187251,0.7693547606468201,0.7693547606468201,0.7693547606468201,502.0,0.12549999356269836
local,local,,,1,82,data_4000_4_1.5_chordal_rep02,val_epoch_task,val,cycle6,,39,,,,,,,,,4000,251.0,594.0,3140.0,15.0,0.29704142011834317,0.943609022556391,0.4518451988697052,0.4518451988697052,0.4518451988697052,266.0,0.06650000065565109
local,local,,,1,82,data_4000_4_1.5_chordal_rep02,train_epoch,train,,,40,0.11572026753425599,,,,,,,,4000,,,,,,,,,,,
local,local,,,1,82,data_4000_4_1.5_chordal_rep02,val_epoch,val,,,40,,0.2717212897837162,0.97485,0.8934999704360962,0.9477619690518225,0.8819548487663269,0.8819548487663269,0.8819548487663269,4000,,,,,,,,,,,
local,local,,,1,82,data_4000_4_1.5_chordal_rep02,val_epoch_task,val,cycle2,,40,,,,,,,,,4000,1714.0,11.0,2272.0,3.0,0.9936231884057971,0.9982527664531159,0.9959326386451721,0.9959326386451721,0.9959326386451721,1717.0,0.42925000190734863
local,local,,,1,82,data_4000_4_1.5_chordal_rep02,val_epoch_task,val,cycle3,,40,,,,,,,,,4000,1317.0,29.0,2646.0,8.0,0.9784546805349182,0.9939622641509434,0.9861475229263306,0.9861475229263306,0.9861475229263306,1325.0,0.33125001192092896
local,local,,,1,82,data_4000_4_1.5_chordal_rep02,val_epoch_task,val,cycle4,,40,,,,,,,,,4000,911.0,25.0,3010.0,54.0,0.9732905982905983,0.944041450777202,0.9584429264068604,0.9584429264068604,0.9584429264068604,965.0,0.24124999344348907
local,local,,,1,82,data_4000_4_1.5_chordal_rep02,val_epoch_task,val,cycle5,,40,,,,,,,,,4000,444.0,93.0,3405.0,58.0,0.8268156424581006,0.8844621513944223,0.8546679615974426,0.8546679615974426,0.8546679615974426,502.0,0.12549999356269836
local,local,,,1,82,data_4000_4_1.5_chordal_rep02,val_epoch_task,val,cycle6,,40,,,,,,,,,4000,177.0,133.0,3601.0,89.0,0.5709677419354838,0.6654135338345865,0.6145833134651184,0.6145833134651184,0.6145833134651184,266.0,0.06650000065565109
local,local,,,1,82,data_4000_4_1.5_chordal_rep02,train_epoch,train,,,41,0.1287846762537956,,,,,,,,4000,,,,,,,,,,,
local,local,,,1,82,data_4000_4_1.5_chordal_rep02,val_epoch,val,,,41,,0.16576281201839446,0.9486,0.7929999828338623,0.9021883920076119,0.8312209248542786,0.8312209248542786,0.8312209248542786,4000,,,,,,,,,,,
local,local,,,1,82,data_4000_4_1.5_chordal_rep02,val_epoch_task,val,cycle2,,41,,,,,,,,,4000,1715.0,21.0,2262.0,2.0,0.9879032258064516,0.9988351776354106,0.9933391213417053,0.9933391213417053,0.9933391213417053,1717.0,0.42925000190734863
local,local,,,1,82,data_4000_4_1.5_chordal_rep02,val_epoch_task,val,cycle3,,41,,,,,,,,,4000,1325.0,21.0,2654.0,0.0,0.9843982169390788,1.0,0.9921377897262573,0.9921377897262573,0.9921377897262573,1325.0,0.33125001192092896
local,local,,,1,82,data_4000_4_1.5_chordal_rep02,val_epoch_task,val,cycle4,,41,,,,,,,,,4000,959.0,126.0,2909.0,6.0,0.8838709677419355,0.9937823834196892,0.935609757900238,0.935609757900238,0.935609757900238,965.0,0.24124999344348907
local,local,,,1,82,data_4000_4_1.5_chordal_rep02,val_epoch_task,val,cycle5,,41,,,,,,,,,4000,495.0,339.0,3159.0,7.0,0.5935251798561151,0.9860557768924303,0.7410179376602173,0.7410179376602173,0.7410179376602173,502.0,0.12549999356269836
local,local,,,1,82,data_4000_4_1.5_chordal_rep02,val_epoch_task,val,cycle6,,41,,,,,,,,,4000,247.0,487.0,3247.0,19.0,0.33651226158038144,0.9285714285714286,0.49400001764297485,0.49400001764297485,0.49400001764297485,266.0,0.06650000065565109
local,local,,,1,82,data_4000_4_1.5_chordal_rep02,train_epoch,train,,,42,0.12479773622751236,,,,,,,,4000,,,,,,,,,,,
local,local,,,1,82,data_4000_4_1.5_chordal_rep02,val_epoch,val,,,42,,0.19404457622766494,0.97385,0.890999972820282,0.9467142129393785,0.8879410624504089,0.8879410624504089,0.8879410624504089,4000,,,,,,,,,,,
local,local,,,1,82,data_4000_4_1.5_chordal_rep02,val_epoch_task,val,cycle2,,42,,,,,,,,,4000,1716.0,14.0,2269.0,1.0,0.991907514450867,0.9994175888177053,0.9956483840942383,0.9956483840942383,0.9956483840942383,1717.0,0.42925000190734863
local,local,,,1,82,data_4000_4_1.5_chordal_rep02,val_epoch_task,val,cycle3,,42,,,,,,,,,4000,1319.0,28.0,2647.0,6.0,0.9792130660727543,0.9954716981132076,0.9872754812240601,0.9872754812240601,0.9872754812240601,1325.0,0.33125001192092896
local,local,,,1,82,data_4000_4_1.5_chordal_rep02,val_epoch_task,val,cycle4,,42,,,,,,,,,4000,941.0,46.0,2989.0,24.0,0.9533941236068896,0.9751295336787564,0.9641393423080444,0.9641393423080444,0.9641393423080444,965.0,0.24124999344348907
local,local,,,1,82,data_4000_4_1.5_chordal_rep02,val_epoch_task,val,cycle5,,42,,,,,,,,,4000,466.0,171.0,3327.0,36.0,0.7315541601255887,0.9282868525896414,0.8182616233825684,0.8182616233825684,0.8182616233825684,502.0,0.12549999356269836
local,local,,,1,82,data_4000_4_1.5_chordal_rep02,val_epoch_task,val,cycle6,,42,,,,,,,,,4000,204.0,135.0,3599.0,62.0,0.6017699115044248,0.7669172932330827,0.6743802428245544,0.6743802428245544,0.6743802428245544,266.0,0.06650000065565109
local,local,,,1,82,data_4000_4_1.5_chordal_rep02,train_epoch,train,,,43,0.11149592959880829,,,,,,,,4000,,,,,,,,,,,
local,local,,,1,82,data_4000_4_1.5_chordal_rep02,val_epoch,val,,,43,,0.17881343948841094,0.9719,0.8824999928474426,0.9430020283975659,0.879234790802002,0.879234790802002,0.879234790802002,4000,,,,,,,,,,,
local,local,,,1,82,data_4000_4_1.5_chordal_rep02,val_epoch_task,val,cycle2,,43,,,,,,,,,4000,1717.0,11.0,2272.0,0.0,0.9936342592592593,1.0,0.9968069791793823,0.9968069791793823,0.9968069791793823,1717.0,0.42925000190734863
local,local,,,1,82,data_4000_4_1.5_chordal_rep02,val_epoch_task,val,cycle3,,43,,,,,,,,,4000,1323.0,23.0,2652.0,2.0,0.9829123328380386,0.9984905660377359,0.9906402826309204,0.9906402826309204,0.9906402826309204,1325.0,0.33125001192092896
local,local,,,1,82,data_4000_4_1.5_chordal_rep02,val_epoch_task,val,cycle4,,43,,,,,,,,,4000,934.0,24.0,3011.0,31.0,0.9749478079331941,0.9678756476683937,0.9713988900184631,0.9713988900184631,0.9713988900184631,965.0,0.24124999344348907
local,local,,,1,82,data_4000_4_1.5_chordal_rep02,val_epoch_task,val,cycle5,,43,,,,,,,,,4000,454.0,127.0,3371.0,48.0,0.7814113597246127,0.9043824701195219,0.838411808013916,0.838411808013916,0.838411808013916,502.0,0.12549999356269836
local,local,,,1,82,data_4000_4_1.5_chordal_rep02,val_epoch_task,val,cycle6,,43,,,,,,,,,4000,221.0,251.0,3483.0,45.0,0.4682203389830508,0.8308270676691729,0.5989159345626831,0.5989159345626831,0.5989159345626831,266.0,0.06650000065565109
local,local,,,1,82,data_4000_4_1.5_chordal_rep02,train_epoch,train,,,44,0.11745442217588424,,,,,,,,4000,,,,,,,,,,,
local,local,,,1,82,data_4000_4_1.5_chordal_rep02,val_epoch,val,,,44,,0.1938328841328621,0.9432,0.7807499766349792,0.8929311969839774,0.8214958310127258,0.8214958310127258,0.8214958310127258,4000,,,,,,,,,,,
local,local,,,1,82,data_4000_4_1.5_chordal_rep02,val_epoch_task,val,cycle2,,44,,,,,,,,,4000,1717.0,41.0,2242.0,0.0,0.9766780432309442,1.0,0.9882014393806458,0.9882014393806458,0.9882014393806458,1717.0,0.42925000190734863
local,local,,,1,82,data_4000_4_1.5_chordal_rep02,val_epoch_task,val,cycle3,,44,,,,,,,,,4000,1324.0,42.0,2633.0,1.0,0.9692532942898975,0.999245283018868,0.9840207695960999,0.9840207695960999,0.9840207695960999,1325.0,0.33125001192092896
local,local,,,1,82,data_4000_4_1.5_chordal_rep02,val_epoch_task,val,cycle4,,44,,,,,,,,,4000,954.0,91.0,2944.0,11.0,0.9129186602870814,0.9886010362694301,0.9492537379264832,0.9492537379264832,0.9492537379264832,965.0,0.24124999344348907
local,local,,,1,82,data_4000_4_1.5_chordal_rep02,val_epoch_task,val,cycle5,,44,,,,,,,,,4000,494.0,392.0,3106.0,8.0,0.5575620767494357,0.9840637450199203,0.711815595626831,0.711815595626831,0.711815595626831,502.0,0.12549999356269836
local,local,,,1,82,data_4000_4_1.5_chordal_rep02,val_epoch_task,val,cycle6,,44,,,,,,,,,4000,248.0,532.0,3202.0,18.0,0.31794871794871793,0.9323308270676691,0.474187433719635,0.474187433719635,0.474187433719635,266.0,0.06650000065565109
local,local,,,1,82,data_4000_4_1.5_chordal_rep02,train_epoch,train,,,45,0.14323726862668992,,,,,,,,4000,,,,,,,,,,,
local,local,,,1,82,data_4000_4_1.5_chordal_rep02,val_epoch,val,,,45,,0.18437643909454346,0.95765,0.8262500166893005,0.9164282190429206,0.8476295471191406,0.8476295471191406,0.8476295471191406,4000,,,,,,,,,,,
local,local,,,1,82,data_4000_4_1.5_chordal_rep02,val_epoch_task,val,cycle2,,45,,,,,,,,,4000,1694.0,7.0,2276.0,23.0,0.9958847736625515,0.9866045428072219,0.9912229776382446,0.9912229776382446,0.9912229776382446,1717.0,0.42925000190734863
local,local,,,1,82,data_4000_4_1.5_chordal_rep02,val_epoch_task,val,cycle3,,45,,,,,,,,,4000,1320.0,42.0,2633.0,5.0,0.9691629955947136,0.9962264150943396,0.9825083613395691,0.9825083613395691,0.9825083613395691,1325.0,0.33125001192092896
local,local,,,1,82,data_4000_4_1.5_chordal_rep02,val_epoch_task,val,cycle4,,45,,,,,,,,,4000,917.0,33.0,3002.0,48.0,0.9652631578947368,0.950259067357513,0.9577023386955261,0.9577023386955261,0.9577023386955261,965.0,0.24124999344348907
local,local,,,1,82,data_4000_4_1.5_chordal_rep02,val_epoch_task,val,cycle5,,45,,,,,,,,,4000,480.0,265.0,3233.0,22.0,0.6442953020134228,0.9561752988047809,0.7698476314544678,0.7698476314544678,0.7698476314544678,502.0,0.12549999356269836
local,local,,,1,82,data_4000_4_1.5_chordal_rep02,val_epoch_task,val,cycle6,,45,,,,,,,,,4000,233.0,369.0,3365.0,33.0,0.38704318936877075,0.8759398496240601,0.536866307258606,0.536866307258606,0.536866307258606,266.0,0.06650000065565109
local,local,,,1,82,data_4000_4_1.5_chordal_rep02,train_epoch,train,,,46,0.11953497219085693,,,,,,,,4000,,,,,,,,,,,
local,local,,,1,82,data_4000_4_1.5_chordal_rep02,val_epoch,val,,,46,,0.18751698851585388,0.9743,0.890250027179718,0.9476898025646244,0.8850146532058716,0.8850146532058716,0.8850146532058716,4000,,,,,,,,,,,
local,local,,,1,82,data_4000_4_1.5_chordal_rep02,val_epoch_task,val,cycle2,,46,,,,,,,,,4000,1717.0,19.0,2264.0,0.0,0.9890552995391705,1.0,0.994497537612915,0.994497537612915,0.994497537612915,1717.0,0.42925000190734863
local,local,,,1,82,data_4000_4_1.5_chordal_rep02,val_epoch_task,val,cycle3,,46,,,,,,,,,4000,1323.0,23.0,2652.0,2.0,0.9829123328380386,0.9984905660377359,0.9906402826309204,0.9906402826309204,0.9906402826309204,1325.0,0.33125001192092896
local,local,,,1,82,data_4000_4_1.5_chordal_rep02,val_epoch_task,val,cycle4,,46,,,,,,,,,4000,955.0,55.0,2980.0,10.0,0.9455445544554455,0.9896373056994818,0.9670885801315308,0.9670885801315308,0.9670885801315308,965.0,0.24124999344348907
local,local,,,1,82,data_4000_4_1.5_chordal_rep02,val_epoch_task,val,cycle5,,46,,,,,,,,,4000,458.0,100.0,3398.0,44.0,0.8207885304659498,0.9123505976095617,0.8641509413719177,0.8641509413719177,0.8641509413719177,502.0,0.12549999356269836
local,local,,,1,82,data_4000_4_1.5_chordal_rep02,val_epoch_task,val,cycle6,,46,,,,,,,,,4000,203.0,198.0,3536.0,63.0,0.5062344139650873,0.7631578947368421,0.6086956858634949,0.6086956858634949,0.6086956858634949,266.0,0.06650000065565109
local,local,,,1,82,data_4000_4_1.5_chordal_rep02,train_epoch,train,,,47,0.125118538826704,,,,,,,,4000,,,,,,,,,,,
local,local,,,1,82,data_4000_4_1.5_chordal_rep02,val_epoch,val,,,47,,0.15433935642242433,0.95585,0.824999988079071,0.9145290872132417,0.8484014272689819,0.8484014272689819,0.8484014272689819,4000,,,,,,,,,,,
local,local,,,1,82,data_4000_4_1.5_chordal_rep02,val_epoch_task,val,cycle2,,47,,,,,,,,,4000,1714.0,15.0,2268.0,3.0,0.9913244650086755,0.9982527664531159,0.9947764873504639,0.9947764873504639,0.9947764873504639,1717.0,0.42925000190734863
local,local,,,1,82,data_4000_4_1.5_chordal_rep02,val_epoch_task,val,cycle3,,47,,,,,,,,,4000,1323.0,27.0,2648.0,2.0,0.98,0.9984905660377359,0.9891588687896729,0.9891588687896729,0.9891588687896729,1325.0,0.33125001192092896
local,local,,,1,82,data_4000_4_1.5_chordal_rep02,val_epoch_task,val,cycle4,,47,,,,,,,,,4000,954.0,69.0,2966.0,11.0,0.9325513196480938,0.9886010362694301,0.9597585201263428,0.9597585201263428,0.9597585201263428,965.0,0.24124999344348907
local,local,,,1,82,data_4000_4_1.5_chordal_rep02,val_epoch_task,val,cycle5,,47,,,,,,,,,4000,479.0,204.0,3294.0,23.0,0.7013177159590044,0.954183266932271,0.8084388375282288,0.8084388375282288,0.8084388375282288,502.0,0.12549999356269836
local,local,,,1,82,data_4000_4_1.5_chordal_rep02,val_epoch_task,val,cycle6,,47,,,,,,,,,4000,254.0,517.0,3217.0,12.0,0.32944228274967574,0.9548872180451128,0.48987463116645813,0.48987463116645813,0.48987463116645813,266.0,0.06650000065565109
local,local,,,1,82,data_4000_4_1.5_chordal_rep02,train_epoch,train,,,48,0.11324172121286392,,,,,,,,4000,,,,,,,,,,,
local,local,,,1,82,data_4000_4_1.5_chordal_rep02,val_epoch,val,,,48,,0.1754887929856777,0.9708,0.8730000257492065,0.9410934032681058,0.8753126263618469,0.8753126263618469,0.8753126263618469,4000,,,,,,,,,,,
local,local,,,1,82,data_4000_4_1.5_chordal_rep02,val_epoch_task,val,cycle2,,48,,,,,,,,,4000,1712.0,6.0,2277.0,5.0,0.9965075669383003,0.9970879440885265,0.9967976808547974,0.9967976808547974,0.9967976808547974,1717.0,0.42925000190734863
local,local,,,1,82,data_4000_4_1.5_chordal_rep02,val_epoch_task,val,cycle3,,48,,,,,,,,,4000,1323.0,14.0,2661.0,2.0,0.9895287958115183,0.9984905660377359,0.9939894676208496,0.9939894676208496,0.9939894676208496,1325.0,0.33125001192092896
local,local,,,1,82,data_4000_4_1.5_chordal_rep02,val_epoch_task,val,cycle4,,48,,,,,,,,,4000,943.0,29.0,3006.0,22.0,0.970164609053498,0.9772020725388602,0.9736706018447876,0.9736706018447876,0.9736706018447876,965.0,0.24124999344348907
local,local,,,1,82,data_4000_4_1.5_chordal_rep02,val_epoch_task,val,cycle5,,48,,,,,,,,,4000,468.0,154.0,3344.0,34.0,0.752411575562701,0.9322709163346613,0.8327401876449585,0.8327401876449585,0.8327401876449585,502.0,0.12549999356269836
local,local,,,1,82,data_4000_4_1.5_chordal_rep02,val_epoch_task,val,cycle6,,48,,,,,,,,,4000,219.0,271.0,3463.0,47.0,0.44693877551020406,0.8233082706766918,0.579365074634552,0.579365074634552,0.579365074634552,266.0,0.06650000065565109
local,local,,,1,82,data_4000_4_1.5_chordal_rep02,train_epoch,train,,,49,0.10370914191007614,,,,,,,,4000,,,,,,,,,,,
local,local,,,1,82,data_4000_4_1.5_chordal_rep02,val_epoch,val,,,49,,0.19777183732390405,0.96555,0.8577499985694885,0.931422315118941,0.8611165285110474,0.8611165285110474,0.8611165285110474,4000,,,,,,,,,,,
local,local,,,1,82,data_4000_4_1.5_chordal_rep02,val_epoch_task,val,cycle2,,49,,,,,,,,,4000,1716.0,1.0,2282.0,1.0,0.9994175888177053,0.9994175888177053,0.9994176030158997,0.9994176030158997,0.9994176030158997,1717.0,0.42925000190734863
local,local,,,1,82,data_4000_4_1.5_chordal_rep02,val_epoch_task,val,cycle3,,49,,,,,,,,,4000,1323.0,30.0,2645.0,2.0,0.9778270509977827,0.9984905660377359,0.9880508184432983,0.9880508184432983,0.9880508184432983,1325.0,0.33125001192092896
local,local,,,1,82,data_4000_4_1.5_chordal_rep02,val_epoch_task,val,cycle4,,49,,,,,,,,,4000,959.0,88.0,2947.0,6.0,0.9159503342884432,0.9937823834196892,0.9532803297042847,0.9532803297042847,0.9532803297042847,965.0,0.24124999344348907
local,local,,,1,82,data_4000_4_1.5_chordal_rep02,val_epoch_task,val,cycle5,,49,,,,,,,,,4000,479.0,262.0,3236.0,23.0,0.6464237516869096,0.954183266932271,0.7707160115242004,0.7707160115242004,0.7707160115242004,502.0,0.12549999356269836
local,local,,,1,82,data_4000_4_1.5_chordal_rep02,val_epoch_task,val,cycle6,,49,,,,,,,,,4000,202.0,212.0,3522.0,64.0,0.48792270531400966,0.7593984962406015,0.5941176414489746,0.5941176414489746,0.5941176414489746,266.0,0.06650000065565109
local,local,,,1,82,data_4000_4_1.5_chordal_rep02,train_epoch,train,,,50,0.11701732304692268,,,,,,,,4000,,,,,,,,,,,
local,local,,,1,82,data_4000_4_1.5_chordal_rep02,val_epoch,val,,,50,,0.18008913695812226,0.96925,0.8709999918937683,0.9379477348400767,0.8732132911682129,0.8732132911682129,0.8732132911682129,4000,,,,,,,,,,,
local,local,,,1,82,data_4000_4_1.5_chordal_rep02,val_epoch_task,val,cycle2,,50,,,,,,,,,4000,1713.0,11.0,2272.0,4.0,0.9936194895591647,0.9976703552708212,0.995640754699707,0.995640754699707,0.995640754699707,1717.0,0.42925000190734863
local,local,,,1,82,data_4000_4_1.5_chordal_rep02,val_epoch_task,val,cycle3,,50,,,,,,,,,4000,1321.0,24.0,2651.0,4.0,0.9821561338289962,0.9969811320754717,0.9895131587982178,0.9895131587982178,0.9895131587982178,1325.0,0.33125001192092896
local,local,,,1,82,data_4000_4_1.5_chordal_rep02,val_epoch_task,val,cycle4,,50,,,,,,,,,4000,935.0,29.0,3006.0,30.0,0.9699170124481328,0.9689119170984456,0.9694141745567322,0.9694141745567322,0.9694141745567322,965.0,0.24124999344348907
local,local,,,1,82,data_4000_4_1.5_chordal_rep02,val_epoch_task,val,cycle5,,50,,,,,,,,,4000,453.0,110.0,3388.0,49.0,0.8046181172291297,0.9023904382470119,0.8507041931152344,0.8507041931152344,0.8507041931152344,502.0,0.12549999356269836
local,local,,,1,82,data_4000_4_1.5_chordal_rep02,val_epoch_task,val,cycle6,,50,,,,,,,,,4000,226.0,314.0,3420.0,40.0,0.4185185185185185,0.849624060150376,0.5607940554618835,0.5607940554618835,0.5607940554618835,266.0,0.06650000065565109
local,local,,,1,82,data_4000_4_1.5_chordal_rep02,train_epoch,train,,,51,0.09953891378641129,,,,,,,,4000,,,,,,,,,,,
local,local,,,1,82,data_4000_4_1.5_chordal_rep02,val_epoch,val,,,51,,0.18191980257630347,0.9648,0.8567500114440918,0.9300754866905047,0.8634303212165833,0.8634303212165833,0.8634303212165833,4000,,,,,,,,,,,
local,local,,,1,82,data_4000_4_1.5_chordal_rep02,val_epoch_task,val,cycle2,,51,,,,,,,,,4000,1717.0,31.0,2252.0,0.0,0.9822654462242563,1.0,0.9910534024238586,0.9910534024238586,0.9910534024238586,1717.0,0.42925000190734863
local,local,,,1,82,data_4000_4_1.5_chordal_rep02,val_epoch_task,val,cycle3,,51,,,,,,,,,4000,1322.0,46.0,2629.0,3.0,0.966374269005848,0.9977358490566037,0.9818046689033508,0.9818046689033508,0.9818046689033508,1325.0,0.33125001192092896
local,local,,,1,82,data_4000_4_1.5_chordal_rep02,val_epoch_task,val,cycle4,,51,,,,,,,,,4000,946.0,51.0,2984.0,19.0,0.9488465396188566,0.9803108808290155,0.9643220901489258,0.9643220901489258,0.9643220901489258,965.0,0.24124999344348907
local,local,,,1,82,data_4000_4_1.5_chordal_rep02,val_epoch_task,val,cycle5,,51,,,,,,,,,4000,478.0,182.0,3316.0,24.0,0.7242424242424242,0.952191235059761,0.8227195143699646,0.8227195143699646,0.8227195143699646,502.0,0.12549999356269836
local,local,,,1,82,data_4000_4_1.5_chordal_rep02,val_epoch_task,val,cycle6,,51,,,,,,,,,4000,219.0,301.0,3433.0,47.0,0.42115384615384616,0.8233082706766918,0.5572518706321716,0.5572518706321716,0.5572518706321716,266.0,0.06650000065565109
local,local,,,1,82,data_4000_4_1.5_chordal_rep02,train_epoch,train,,,52,0.14141196677088738,,,,,,,,4000,,,,,,,,,,,
local,local,,,1,82,data_4000_4_1.5_chordal_rep02,val_epoch,val,,,52,,0.21686629492044449,0.9738,0.8895000219345093,0.9460905349794241,0.8844950795173645,0.8844950795173645,0.8844950795173645,4000,,,,,,,,,,,
local,local,,,1,82,data_4000_4_1.5_chordal_rep02,val_epoch_task,val,cycle2,,52,,,,,,,,,4000,1710.0,9.0,2274.0,7.0,0.9947643979057592,0.9959231217239372,0.9953433871269226,0.9953433871269226,0.9953433871269226,1717.0,0.42925000190734863
local,local,,,1,82,data_4000_4_1.5_chordal_rep02,val_epoch_task,val,cycle3,,52,,,,,,,,,4000,1318.0,21.0,2654.0,7.0,0.9843166542195668,0.9947169811320755,0.9894894361495972,0.9894894361495972,0.9894894361495972,1325.0,0.33125001192092896
local,local,,,1,82,data_4000_4_1.5_chordal_rep02,val_epoch_task,val,cycle4,,52,,,,,,,,,4000,921.0,36.0,2999.0,44.0,0.9623824451410659,0.9544041450777202,0.9583766460418701,0.9583766460418701,0.9583766460418701,965.0,0.24124999344348907
local,local,,,1,82,data_4000_4_1.5_chordal_rep02,val_epoch_task,val,cycle5,,52,,,,,,,,,4000,443.0,103.0,3395.0,59.0,0.8113553113553114,0.8824701195219123,0.8454198241233826,0.8454198241233826,0.8454198241233826,502.0,0.12549999356269836
local,local,,,1,82,data_4000_4_1.5_chordal_rep02,val_epoch_task,val,cycle6,,52,,,,,,,,,4000,206.0,178.0,3556.0,60.0,0.5364583333333334,0.7744360902255639,0.63384610414505,0.63384610414505,0.63384610414505,266.0,0.06650000065565109
local,local,,,1,82,data_4000_4_1.5_chordal_rep02,train_epoch,train,,,53,0.12046142691373825,,,,,,,,4000,,,,,,,,,,,
local,local,,,1,82,data_4000_4_1.5_chordal_rep02,val_epoch,val,,,53,,0.20903222554922105,0.962,0.8412500023841858,0.9242273180458623,0.8572571873664856,0.8572571873664856,0.8572571873664856,4000,,,,,,,,,,,
local,local,,,1,82,data_4000_4_1.5_chordal_rep02,val_epoch_task,val,cycle2,,53,,,,,,,,,4000,1703.0,11.0,2272.0,14.0,0.9935822637106184,0.9918462434478742,0.992713451385498,0.992713451385498,0.992713451385498,1717.0,0.42925000190734863
local,local,,,1,82,data_4000_4_1.5_chordal_rep02,val_epoch_task,val,cycle3,,53,,,,,,,,,4000,1316.0,12.0,2663.0,9.0,0.9909638554216867,0.9932075471698113,0.9920845031738281,0.9920845031738281,0.9920845031738281,1325.0,0.33125001192092896
local,local,,,1,82,data_4000_4_1.5_chordal_rep02,val_epoch_task,val,cycle4,,53,,,,,,,,,4000,929.0,47.0,2988.0,36.0,0.951844262295082,0.9626943005181348,0.957238495349884,0.957238495349884,0.957238495349884,965.0,0.24124999344348907
local,local,,,1,82,data_4000_4_1.5_chordal_rep02,val_epoch_task,val,cycle5,,53,,,,,,,,,4000,485.0,383.0,3115.0,17.0,0.5587557603686636,0.9661354581673307,0.7080292105674744,0.7080292105674744,0.7080292105674744,502.0,0.12549999356269836
local,local,,,1,82,data_4000_4_1.5_chordal_rep02,val_epoch_task,val,cycle6,,53,,,,,,,,,4000,202.0,167.0,3567.0,64.0,0.5474254742547425,0.7593984962406015,0.6362204551696777,0.6362204551696777,0.6362204551696777,266.0,0.06650000065565109
local,local,,,1,82,data_4000_4_1.5_chordal_rep02,train_epoch,train,,,54,0.1120451600253582,,,,,,,,4000,,,,,,,,,,,
local,local,,,1,82,data_4000_4_1.5_chordal_rep02,val_epoch,val,,,54,,0.2210826216340065,0.97465,0.8932499885559082,0.9474774681446183,0.8796912431716919,0.8796912431716919,0.8796912431716919,4000,,,,,,,,,,,
local,local,,,1,82,data_4000_4_1.5_chordal_rep02,val_epoch_task,val,cycle2,,54,,,,,,,,,4000,1713.0,6.0,2277.0,4.0,0.9965095986038395,0.9976703552708212,0.9970896244049072,0.9970896244049072,0.9970896244049072,1717.0,0.42925000190734863
local,local,,,1,82,data_4000_4_1.5_chordal_rep02,val_epoch_task,val,cycle3,,54,,,,,,,,,4000,1321.0,14.0,2661.0,4.0,0.9895131086142323,0.9969811320754717,0.9932330250740051,0.9932330250740051,0.9932330250740051,1325.0,0.33125001192092896
local,local,,,1,82,data_4000_4_1.5_chordal_rep02,val_epoch_task,val,cycle4,,54,,,,,,,,,4000,919.0,34.0,3001.0,46.0,0.9643231899265478,0.9523316062176166,0.9582898020744324,0.9582898020744324,0.9582898020744324,965.0,0.24124999344348907
local,local,,,1,82,data_4000_4_1.5_chordal_rep02,val_epoch_task,val,cycle5,,54,,,,,,,,,4000,439.0,105.0,3393.0,63.0,0.8069852941176471,0.8745019920318725,0.8393881916999817,0.8393881916999817,0.8393881916999817,502.0,0.12549999356269836
local,local,,,1,82,data_4000_4_1.5_chordal_rep02,val_epoch_task,val,cycle6,,54,,,,,,,,,4000,181.0,146.0,3588.0,85.0,0.5535168195718655,0.6804511278195489,0.6104552745819092,0.6104552745819092,0.6104552745819092,266.0,0.06650000065565109
local,local,,,1,82,data_4000_4_1.5_chordal_rep02,train_epoch,train,,,55,0.1044970037639141,,,,,,,,4000,,,,,,,,,,,
local,local,,,1,82,data_4000_4_1.5_chordal_rep02,val_epoch,val,,,55,,0.18129726958274842,0.96945,0.8694999814033508,0.9382765935953127,0.875751793384552,0.875751793384552,0.875751793384552,4000,,,,,,,,,,,
local,local,,,1,82,data_4000_4_1.5_chordal_rep02,val_epoch_task,val,cycle2,,55,,,,,,,,,4000,1716.0,15.0,2268.0,1.0,0.9913344887348353,0.9994175888177053,0.9953596591949463,0.9953596591949463,0.9953596591949463,1717.0,0.42925000190734863
local,local,,,1,82,data_4000_4_1.5_chordal_rep02,val_epoch_task,val,cycle3,,55,,,,,,,,,4000,1323.0,29.0,2646.0,2.0,0.9785502958579881,0.9984905660377359,0.9884198904037476,0.9884198904037476,0.9884198904037476,1325.0,0.33125001192092896
local,local,,,1,82,data_4000_4_1.5_chordal_rep02,val_epoch_task,val,cycle4,,55,,,,,,,,,4000,923.0,32.0,3003.0,42.0,0.9664921465968587,0.9564766839378238,0.9614583253860474,0.9614583253860474,0.9614583253860474,965.0,0.24124999344348907
local,local,,,1,82,data_4000_4_1.5_chordal_rep02,val_epoch_task,val,cycle5,,55,,,,,,,,,4000,453.0,87.0,3411.0,49.0,0.8388888888888889,0.9023904382470119,0.8694816827774048,0.8694816827774048,0.8694816827774048,502.0,0.12549999356269836
local,local,,,1,82,data_4000_4_1.5_chordal_rep02,val_epoch_task,val,cycle6,,55,,,,,,,,,4000,229.0,317.0,3417.0,37.0,0.4194139194139194,0.8609022556390977,0.564039409160614,0.564039409160614,0.564039409160614,266.0,0.06650000065565109
local,local,,,1,82,data_4000_4_1.5_chordal_rep02,train_epoch,train,,,56,0.1192873587012291,,,,,,,,4000,,,,,,,,,,,
local,local,,,1,82,data_4000_4_1.5_chordal_rep02,val_epoch,val,,,56,,0.17963676923513414,0.9709,0.878000020980835,0.9412477286493034,0.8777618408203125,0.8777618408203125,0.8777618408203125,4000,,,,,,,,,,,
local,local,,,1,82,data_4000_4_1.5_chordal_rep02,val_epoch_task,val,cycle2,,56,,,,,,,,,4000,1715.0,12.0,2271.0,2.0,0.9930515344528084,0.9988351776354106,0.9959349632263184,0.9959349632263184,0.9959349632263184,1717.0,0.42925000190734863
local,local,,,1,82,data_4000_4_1.5_chordal_rep02,val_epoch_task,val,cycle3,,56,,,,,,,,,4000,1322.0,17.0,2658.0,3.0,0.9873039581777446,0.9977358490566037,0.9924924969673157,0.9924924969673157,0.9924924969673157,1325.0,0.33125001192092896
local,local,,,1,82,data_4000_4_1.5_chordal_rep02,val_epoch_task,val,cycle4,,56,,,,,,,,,4000,937.0,51.0,2984.0,28.0,0.9483805668016194,0.9709844559585492,0.9595494270324707,0.9595494270324707,0.9595494270324707,965.0,0.24124999344348907
local,local,,,1,82,data_4000_4_1.5_chordal_rep02,val_epoch_task,val,cycle5,,56,,,,,,,,,4000,470.0,150.0,3348.0,32.0,0.7580645161290323,0.9362549800796812,0.8377896547317505,0.8377896547317505,0.8377896547317505,502.0,0.12549999356269836
local,local,,,1,82,data_4000_4_1.5_chordal_rep02,val_epoch_task,val,cycle6,,56,,,,,,,,,4000,218.0,239.0,3495.0,48.0,0.47702407002188185,0.8195488721804511,0.6030429005622864,0.6030429005622864,0.6030429005622864,266.0,0.06650000065565109
local,local,,,1,82,data_4000_4_1.5_chordal_rep02,train_epoch,train,,,57,0.11601630765199661,,,,,,,,4000,,,,,,,,,,,
local,local,,,1,82,data_4000_4_1.5_chordal_rep02,val_epoch,val,,,57,,0.20886903965473175,0.93265,0.7534999847412109,0.8756577125450014,0.8065422773361206,0.8065422773361206,0.8065422773361206,4000,,,,,,,,,,,
local,local,,,1,82,data_4000_4_1.5_chordal_rep02,val_epoch_task,val,cycle2,,57,,,,,,,,,4000,1713.0,16.0,2267.0,4.0,0.9907460960092539,0.9976703552708212,0.9941961765289307,0.9941961765289307,0.9941961765289307,1717.0,0.42925000190734863
local,local,,,1,82,data_4000_4_1.5_chordal_rep02,val_epoch_task,val,cycle3,,57,,,,,,,,,4000,1324.0,46.0,2629.0,1.0,0.9664233576642336,0.999245283018868,0.9825602173805237,0.9825602173805237,0.9825602173805237,1325.0,0.33125001192092896
local,local,,,1,82,data_4000_4_1.5_chordal_rep02,val_epoch_task,val,cycle4,,57,,,,,,,,,4000,954.0,131.0,2904.0,11.0,0.8792626728110599,0.9886010362694301,0.9307317137718201,0.9307317137718201,0.9307317137718201,965.0,0.24124999344348907
local,local,,,1,82,data_4000_4_1.5_chordal_rep02,val_epoch_task,val,cycle5,,57,,,,,,,,,4000,491.0,387.0,3111.0,11.0,0.5592255125284739,0.9780876494023905,0.7115941643714905,0.7115941643714905,0.7115941643714905,502.0,0.12549999356269836
local,local,,,1,82,data_4000_4_1.5_chordal_rep02,val_epoch_task,val,cycle6,,57,,,,,,,,,4000,261.0,735.0,2999.0,5.0,0.2620481927710843,0.981203007518797,0.4136291444301605,0.4136291444301605,0.4136291444301605,266.0,0.06650000065565109
local,local,,,1,82,data_4000_4_1.5_chordal_rep02,train_epoch,train,,,58,0.1138616932630539,,,,,,,,4000,,,,,,,,,,,
local,local,,,1,82,data_4000_4_1.5_chordal_rep02,val_epoch,val,,,58,,0.22178778591752052,0.97595,0.8995000123977661,0.9502842377260983,0.8899437189102173,0.8899437189102173,0.8899437189102173,4000,,,,,,,,,,,
local,local,,,1,82,data_4000_4_1.5_chordal_rep02,val_epoch_task,val,cycle2,,58,,,,,,,,,4000,1716.0,10.0,2273.0,1.0,0.9942062572421785,0.9994175888177053,0.9968051314353943,0.9968051314353943,0.9968051314353943,1717.0,0.42925000190734863
local,local,,,1,82,data_4000_4_1.5_chordal_rep02,val_epoch_task,val,cycle3,,58,,,,,,,,,4000,1315.0,17.0,2658.0,10.0,0.9872372372372372,0.9924528301886792,0.989838182926178,0.989838182926178,0.989838182926178,1325.0,0.33125001192092896
local,local,,,1,82,data_4000_4_1.5_chordal_rep02,val_epoch_task,val,cycle4,,58,,,,,,,,,4000,910.0,19.0,3016.0,55.0,0.9795479009687836,0.9430051813471503,0.9609293341636658,0.9609293341636658,0.9609293341636658,965.0,0.24124999344348907
local,local,,,1,82,data_4000_4_1.5_chordal_rep02,val_epoch_task,val,cycle5,,58,,,,,,,,,4000,460.0,111.0,3387.0,42.0,0.8056042031523643,0.9163346613545816,0.8574091792106628,0.8574091792106628,0.8574091792106628,502.0,0.12549999356269836
local,local,,,1,82,data_4000_4_1.5_chordal_rep02,val_epoch_task,val,cycle6,,58,,,,,,,,,4000,196.0,146.0,3588.0,70.0,0.5730994152046783,0.7368421052631579,0.6447368860244751,0.6447368860244751,0.6447368860244751,266.0,0.06650000065565109
local,local,,,1,82,data_4000_4_1.5_chordal_rep02,train_epoch,train,,,59,0.10901670554280281,,,,,,,,4000,,,,,,,,,,,
local,local,,,1,82,data_4000_4_1.5_chordal_rep02,val_epoch,val,,,59,,0.33411056315898896,0.97755,0.9037500023841858,0.9524716841325289,0.886151909828186,0.886151909828186,0.886151909828186,4000,,,,,,,,,,,
local,local,,,1,82,data_4000_4_1.5_chordal_rep02,val_epoch_task,val,cycle2,,59,,,,,,,,,4000,1708.0,10.0,2273.0,9.0,0.9941792782305006,0.9947582993593477,0.9944686889648438,0.9944686889648438,0.9944686889648438,1717.0,0.42925000190734863
local,local,,,1,82,data_4000_4_1.5_chordal_rep02,val_epoch_task,val,cycle3,,59,,,,,,,,,4000,1320.0,18.0,2657.0,5.0,0.9865470852017937,0.9962264150943396,0.9913631677627563,0.9913631677627563,0.9913631677627563,1325.0,0.33125001192092896
local,local,,,1,82,data_4000_4_1.5_chordal_rep02,val_epoch_task,val,cycle4,,59,,,,,,,,,4000,903.0,21.0,3014.0,62.0,0.9772727272727273,0.9357512953367876,0.9560614228248596,0.9560614228248596,0.9560614228248596,965.0,0.24124999344348907
local,local,,,1,82,data_4000_4_1.5_chordal_rep02,val_epoch_task,val,cycle5,,59,,,,,,,,,4000,409.0,51.0,3447.0,93.0,0.8891304347826087,0.8147410358565738,0.850311815738678,0.850311815738678,0.850311815738678,502.0,0.12549999356269836
local,local,,,1,82,data_4000_4_1.5_chordal_rep02,val_epoch_task,val,cycle6,,59,,,,,,,,,4000,159.0,73.0,3661.0,107.0,0.6853448275862069,0.5977443609022557,0.6385542154312134,0.6385542154312134,0.6385542154312134,266.0,0.06650000065565109
local,local,,,1,82,data_4000_4_1.5_chordal_rep02,train_epoch,train,,,60,0.10825043769180774,,,,,,,,4000,,,,,,,,,,,
local,local,,,1,82,data_4000_4_1.5_chordal_rep02,val_epoch,val,,,60,,0.17649716472625732,0.9726,0.8832499980926514,0.9444557064666531,0.8817008137702942,0.8817008137702942,0.8817008137702942,4000,,,,,,,,,,,
local,local,,,1,82,data_4000_4_1.5_chordal_rep02,val_epoch_task,val,cycle2,,60,,,,,,,,,4000,1716.0,8.0,2275.0,1.0,0.9953596287703016,0.9994175888177053,0.9973844289779663,0.9973844289779663,0.9973844289779663,1717.0,0.42925000190734863
local,local,,,1,82,data_4000_4_1.5_chordal_rep02,val_epoch_task,val,cycle3,,60,,,,,,,,,4000,1325.0,23.0,2652.0,0.0,0.9829376854599406,1.0,0.9913954138755798,0.9913954138755798,0.9913954138755798,1325.0,0.33125001192092896
local,local,,,1,82,data_4000_4_1.5_chordal_rep02,val_epoch_task,val,cycle4,,60,,,,,,,,,4000,940.0,45.0,2990.0,25.0,0.9543147208121827,0.9740932642487047,0.9641026258468628,0.9641026258468628,0.9641026258468628,965.0,0.24124999344348907
local,local,,,1,82,data_4000_4_1.5_chordal_rep02,val_epoch_task,val,cycle5,,60,,,,,,,,,4000,463.0,145.0,3353.0,39.0,0.7615131578947368,0.9223107569721115,0.8342342376708984,0.8342342376708984,0.8342342376708984,502.0,0.12549999356269836
local,local,,,1,82,data_4000_4_1.5_chordal_rep02,val_epoch_task,val,cycle6,,60,,,,,,,,,4000,215.0,211.0,3523.0,51.0,0.5046948356807511,0.8082706766917294,0.621387243270874,0.621387243270874,0.621387243270874,266.0,0.06650000065565109
local,local,,,1,82,data_4000_4_1.5_chordal_rep02,train_epoch,train,,,61,0.11919288438558578,,,,,,,,4000,,,,,,,,,,,
local,local,,,1,82,data_4000_4_1.5_chordal_rep02,val_epoch,val,,,61,,0.2068876267671585,0.971,0.8772500157356262,0.9410209477323571,0.869715690612793,0.869715690612793,0.869715690612793,4000,,,,,,,,,,,
local,local,,,1,82,data_4000_4_1.5_chordal_rep02,val_epoch_task,val,cycle2,,61,,,,,,,,,4000,1715.0,5.0,2278.0,2.0,0.997093023255814,0.9988351776354106,0.9979633092880249,0.9979633092880249,0.9979633092880249,1717.0,0.42925000190734863
local,local,,,1,82,data_4000_4_1.5_chordal_rep02,val_epoch_task,val,cycle3,,61,,,,,,,,,4000,1325.0,31.0,2644.0,0.0,0.9771386430678466,1.0,0.9884371757507324,0.9884371757507324,0.9884371757507324,1325.0,0.33125001192092896
local,local,,,1,82,data_4000_4_1.5_chordal_rep02,val_epoch_task,val,cycle4,,61,,,,,,,,,4000,938.0,35.0,3000.0,27.0,0.9640287769784173,0.9720207253886011,0.968008279800415,0.968008279800415,0.968008279800415,965.0,0.24124999344348907
local,local,,,1,82,data_4000_4_1.5_chordal_rep02,val_epoch_task,val,cycle5,,61,,,,,,,,,4000,464.0,175.0,3323.0,38.0,0.7261345852895149,0.9243027888446215,0.8133217096328735,0.8133217096328735,0.8133217096328735,502.0,0.12549999356269836
local,local,,,1,82,data_4000_4_1.5_chordal_rep02,val_epoch_task,val,cycle6,,61,,,,,,,,,4000,185.0,186.0,3548.0,81.0,0.49865229110512127,0.6954887218045113,0.5808477401733398,0.5808477401733398,0.5808477401733398,266.0,0.06650000065565109
local,local,,,1,82,data_4000_4_1.5_chordal_rep02,train_epoch,train,,,62,0.11431175172328949,,,,,,,,4000,,,,,,,,,,,
local,local,,,1,82,data_4000_4_1.5_chordal_rep02,val_epoch,val,,,62,,0.1982115619778633,0.96385,0.8565000295639038,0.9281954513854404,0.8559524416923523,0.8559524416923523,0.8559524416923523,4000,,,,,,,,,,,
local,local,,,1,82,data_4000_4_1.5_chordal_rep02,val_epoch_task,val,cycle2,,62,,,,,,,,,4000,1717.0,9.0,2274.0,0.0,0.9947856315179606,1.0,0.9973860383033752,0.9973860383033752,0.9973860383033752,1717.0,0.42925000190734863
local,local,,,1,82,data_4000_4_1.5_chordal_rep02,val_epoch_task,val,cycle3,,62,,,,,,,,,4000,1324.0,27.0,2648.0,1.0,0.9800148038490007,0.999245283018868,0.9895366430282593,0.9895366430282593,0.9895366430282593,1325.0,0.33125001192092896
local,local,,,1,82,data_4000_4_1.5_chordal_rep02,val_epoch_task,val,cycle4,,62,,,,,,,,,4000,945.0,73.0,2962.0,20.0,0.9282907662082515,0.9792746113989638,0.953101396560669,0.953101396560669,0.953101396560669,965.0,0.24124999344348907
local,local,,,1,82,data_4000_4_1.5_chordal_rep02,val_epoch_task,val,cycle5,,62,,,,,,,,,4000,488.0,281.0,3217.0,14.0,0.6345903771131339,0.9721115537848606,0.7678993344306946,0.7678993344306946,0.7678993344306946,502.0,0.12549999356269836
local,local,,,1,82,data_4000_4_1.5_chordal_rep02,val_epoch_task,val,cycle6,,62,,,,,,,,,4000,199.0,231.0,3503.0,67.0,0.4627906976744186,0.7481203007518797,0.5718390345573425,0.5718390345573425,0.5718390345573425,266.0,0.06650000065565109
local,local,,,1,82,data_4000_4_1.5_chordal_rep02,train_epoch,train,,,63,0.09674115639925003,,,,,,,,4000,,,,,,,,,,,
local,local,,,1,82,data_4000_4_1.5_chordal_rep02,val_epoch,val,,,63,,0.19047508227825166,0.9594,0.8362500071525574,0.9201730239874163,0.8505465388298035,0.8505465388298035,0.8505465388298035,4000,,,,,,,,,,,
local,local,,,1,82,data_4000_4_1.5_chordal_rep02,val_epoch_task,val,cycle2,,63,,,,,,,,,4000,1714.0,18.0,2265.0,3.0,0.9896073903002309,0.9982527664531159,0.9939112663269043,0.9939112663269043,0.9939112663269043,1717.0,0.42925000190734863
local,local,,,1,82,data_4000_4_1.5_chordal_rep02,val_epoch_task,val,cycle3,,63,,,,,,,,,4000,1322.0,30.0,2645.0,3.0,0.977810650887574,0.9977358490566037,0.987672746181488,0.987672746181488,0.987672746181488,1325.0,0.33125001192092896
local,local,,,1,82,data_4000_4_1.5_chordal_rep02,val_epoch_task,val,cycle4,,63,,,,,,,,,4000,937.0,67.0,2968.0,28.0,0.9332669322709163,0.9709844559585492,0.9517521858215332,0.9517521858215332,0.9517521858215332,965.0,0.24124999344348907
local,local,,,1,82,data_4000_4_1.5_chordal_rep02,val_epoch_task,val,cycle5,,63,,,,,,,,,4000,476.0,247.0,3251.0,26.0,0.6583679114799447,0.9482071713147411,0.7771428227424622,0.7771428227424622,0.7771428227424622,502.0,0.12549999356269836
local,local,,,1,82,data_4000_4_1.5_chordal_rep02,val_epoch_task,val,cycle6,,63,,,,,,,,,4000,231.0,355.0,3379.0,35.0,0.39419795221843,0.868421052631579,0.5422534942626953,0.5422534942626953,0.5422534942626953,266.0,0.06650000065565109
local,local,,,1,82,data_4000_4_1.5_chordal_rep02,train_epoch,train,,,64,0.10111734265089035,,,,,,,,4000,,,,,,,,,,,
local,local,,,1,82,data_4000_4_1.5_chordal_rep02,val_epoch,val,,,64,,0.2259122996032238,0.9787,0.9082499742507935,0.9555972482801751,0.8953577876091003,0.8953577876091003,0.8953577876091003,4000,,,,,,,,,,,
local,local,,,1,82,data_4000_4_1.5_chordal_rep02,val_epoch_task,val,cycle2,,64,,,,,,,,,4000,1716.0,9.0,2274.0,1.0,0.9947826086956522,0.9994175888177053,0.9970947504043579,0.9970947504043579,0.9970947504043579,1717.0,0.42925000190734863
local,local,,,1,82,data_4000_4_1.5_chordal_rep02,val_epoch_task,val,cycle3,,64,,,,,,,,,4000,1321.0,11.0,2664.0,4.0,0.9917417417417418,0.9969811320754717,0.9943545460700989,0.9943545460700989,0.9943545460700989,1325.0,0.33125001192092896
local,local,,,1,82,data_4000_4_1.5_chordal_rep02,val_epoch_task,val,cycle4,,64,,,,,,,,,4000,910.0,15.0,3020.0,55.0,0.9837837837837838,0.9430051813471503,0.9629629254341125,0.9629629254341125,0.9629629254341125,965.0,0.24124999344348907
local,local,,,1,82,data_4000_4_1.5_chordal_rep02,val_epoch_task,val,cycle5,,64,,,,,,,,,4000,450.0,71.0,3427.0,52.0,0.8637236084452975,0.896414342629482,0.8797653913497925,0.8797653913497925,0.8797653913497925,502.0,0.12549999356269836
local,local,,,1,82,data_4000_4_1.5_chordal_rep02,val_epoch_task,val,cycle6,,64,,,,,,,,,4000,187.0,129.0,3605.0,79.0,0.5917721518987342,0.7030075187969925,0.6426116824150085,0.6426116824150085,0.6426116824150085,266.0,0.06650000065565109
local,local,,,1,82,data_4000_4_1.5_chordal_rep02,train_epoch,train,,,65,0.12376937353610992,,,,,,,,4000,,,,,,,,,,,
local,local,,,1,82,data_4000_4_1.5_chordal_rep02,val_epoch,val,,,65,,0.14367748814821243,0.96315,0.8452500104904175,0.9276528909394325,0.8623002171516418,0.8623002171516418,0.8623002171516418,4000,,,,,,,,,,,
local,local,,,1,82,data_4000_4_1.5_chordal_rep02,val_epoch_task,val,cycle2,,65,,,,,,,,,4000,1711.0,7.0,2276.0,6.0,0.9959254947613504,0.9965055329062318,0.9962154626846313,0.9962154626846313,0.9962154626846313,1717.0,0.42925000190734863
local,local,,,1,82,data_4000_4_1.5_chordal_rep02,val_epoch_task,val,cycle3,,65,,,,,,,,,4000,1324.0,30.0,2645.0,1.0,0.9778434268833087,0.999245283018868,0.98842853307724,0.98842853307724,0.98842853307724,1325.0,0.33125001192092896
local,local,,,1,82,data_4000_4_1.5_chordal_rep02,val_epoch_task,val,cycle4,,65,,,,,,,,,4000,955.0,54.0,2981.0,10.0,0.9464816650148662,0.9896373056994818,0.9675785303115845,0.9675785303115845,0.9675785303115845,965.0,0.24124999344348907
local,local,,,1,82,data_4000_4_1.5_chordal_rep02,val_epoch_task,val,cycle5,,65,,,,,,,,,4000,492.0,243.0,3255.0,10.0,0.6693877551020408,0.9800796812749004,0.7954729199409485,0.7954729199409485,0.7954729199409485,502.0,0.12549999356269836
local,local,,,1,82,data_4000_4_1.5_chordal_rep02,val_epoch_task,val,cycle6,,65,,,,,,,,,4000,243.0,353.0,3381.0,23.0,0.4077181208053691,0.9135338345864662,0.5638051629066467,0.5638051629066467,0.5638051629066467,266.0,0.06650000065565109
local,local,,,1,82,data_4000_4_1.5_chordal_rep02,train_epoch,train,,,66,0.11234043535590171,,,,,,,,4000,,,,,,,,,,,
local,local,,,1,82,data_4000_4_1.5_chordal_rep02,val_epoch,val,,,66,,0.1353161746263504,0.9681,0.8652499914169312,0.9365805168986083,0.8746002316474915,0.8746002316474915,0.8746002316474915,4000,,,,,,,,,,,
local,local,,,1,82,data_4000_4_1.5_chordal_rep02,val_epoch_task,val,cycle2,,66,,,,,,,,,4000,1715.0,14.0,2269.0,2.0,0.9919028340080972,0.9988351776354106,0.9953569173812866,0.9953569173812866,0.9953569173812866,1717.0,0.42925000190734863
local,local,,,1,82,data_4000_4_1.5_chordal_rep02,val_epoch_task,val,cycle3,,66,,,,,,,,,4000,1325.0,29.0,2646.0,0.0,0.9785819793205317,1.0,0.9891750812530518,0.9891750812530518,0.9891750812530518,1325.0,0.33125001192092896
local,local,,,1,82,data_4000_4_1.5_chordal_rep02,val_epoch_task,val,cycle4,,66,,,,,,,,,4000,944.0,32.0,3003.0,21.0,0.9672131147540983,0.9782383419689119,0.9726943969726562,0.9726943969726562,0.9726943969726562,965.0,0.24124999344348907
local,local,,,1,82,data_4000_4_1.5_chordal_rep02,val_epoch_task,val,cycle5,,66,,,,,,,,,4000,486.0,176.0,3322.0,16.0,0.7341389728096677,0.9681274900398407,0.8350515365600586,0.8350515365600586,0.8350515365600586,502.0,0.12549999356269836
local,local,,,1,82,data_4000_4_1.5_chordal_rep02,val_epoch_task,val,cycle6,,66,,,,,,,,,4000,241.0,323.0,3411.0,25.0,0.42730496453900707,0.9060150375939849,0.5807228684425354,0.5807228684425354,0.5807228684425354,266.0,0.06650000065565109
local,local,,,1,82,data_4000_4_1.5_chordal_rep02,train_epoch,train,,,67,0.10912629263103009,,,,,,,,4000,,,,,,,,,,,
local,local,,,1,82,data_4000_4_1.5_chordal_rep02,val_epoch,val,,,67,,0.16015466076135634,0.9619,0.8492500185966492,0.9250295159386068,0.8576020002365112,0.8576020002365112,0.8576020002365112,4000,,,,,,,,,,,
local,local,,,1,82,data_4000_4_1.5_chordal_rep02,val_epoch_task,val,cycle2,,67,,,,,,,,,4000,1712.0,7.0,2276.0,5.0,0.9959278650378127,0.9970879440885265,0.9965075850486755,0.9965075850486755,0.9965075850486755,1717.0,0.42925000190734863
local,local,,,1,82,data_4000_4_1.5_chordal_rep02,val_epoch_task,val,cycle3,,67,,,,,,,,,4000,1318.0,24.0,2651.0,7.0,0.9821162444113264,0.9947169811320755,0.9883764386177063,0.9883764386177063,0.9883764386177063,1325.0,0.33125001192092896
local,local,,,1,82,data_4000_4_1.5_chordal_rep02,val_epoch_task,val,cycle4,,67,,,,,,,,,4000,950.0,71.0,2964.0,15.0,0.930460333006856,0.9844559585492227,0.9566968679428101,0.9566968679428101,0.9566968679428101,965.0,0.24124999344348907
local,local,,,1,82,data_4000_4_1.5_chordal_rep02,val_epoch_task,val,cycle5,,67,,,,,,,,,4000,486.0,232.0,3266.0,16.0,0.6768802228412256,0.9681274900398407,0.7967212796211243,0.7967212796211243,0.7967212796211243,502.0,0.12549999356269836
local,local,,,1,82,data_4000_4_1.5_chordal_rep02,val_epoch_task,val,cycle6,,67,,,,,,,,,4000,235.0,354.0,3380.0,31.0,0.398981324278438,0.8834586466165414,0.5497076511383057,0.5497076511383057,0.5497076511383057,266.0,0.06650000065565109
local,local,,,1,82,data_4000_4_1.5_chordal_rep02,train_epoch,train,,,68,0.11196497598290443,,,,,,,,4000,,,,,,,,,,,
local,local,,,1,82,data_4000_4_1.5_chordal_rep02,val_epoch,val,,,68,,0.18244872558116912,0.97345,0.8840000033378601,0.9459101558520933,0.88343745470047,0.88343745470047,0.88343745470047,4000,,,,,,,,,,,
local,local,,,1,82,data_4000_4_1.5_chordal_rep02,val_epoch_task,val,cycle2,,68,,,,,,,,,4000,1716.0,10.0,2273.0,1.0,0.9942062572421785,0.9994175888177053,0.9968051314353943,0.9968051314353943,0.9968051314353943,1717.0,0.42925000190734863
local,local,,,1,82,data_4000_4_1.5_chordal_rep02,val_epoch_task,val,cycle3,,68,,,,,,,,,4000,1319.0,12.0,2663.0,6.0,0.990984222389181,0.9954716981132076,0.9932228922843933,0.9932228922843933,0.9932228922843933,1325.0,0.33125001192092896
local,local,,,1,82,data_4000_4_1.5_chordal_rep02,val_epoch_task,val,cycle4,,68,,,,,,,,,4000,931.0,24.0,3011.0,34.0,0.974869109947644,0.9647668393782384,0.9697916507720947,0.9697916507720947,0.9697916507720947,965.0,0.24124999344348907
local,local,,,1,82,data_4000_4_1.5_chordal_rep02,val_epoch_task,val,cycle5,,68,,,,,,,,,4000,459.0,121.0,3377.0,43.0,0.7913793103448276,0.9143426294820717,0.8484288454055786,0.8484288454055786,0.8484288454055786,502.0,0.12549999356269836
local,local,,,1,82,data_4000_4_1.5_chordal_rep02,val_epoch_task,val,cycle6,,68,,,,,,,,,4000,218.0,232.0,3502.0,48.0,0.48444444444444446,0.8195488721804511,0.6089385747909546,0.6089385747909546,0.6089385747909546,266.0,0.06650000065565109
local,local,,,1,82,data_4000_4_1.5_chordal_rep02,train_epoch,train,,,69,0.09480391797423363,,,,,,,,4000,,,,,,,,,,,
local,local,,,1,82,data_4000_4_1.5_chordal_rep02,val_epoch,val,,,69,,0.23411127355694772,0.97635,0.8992499709129333,0.9511615900877647,0.8872526288032532,0.8872526288032532,0.8872526288032532,4000,,,,,,,,,,,
local,local,,,1,82,data_4000_4_1.5_chordal_rep02,val_epoch_task,val,cycle2,,69,,,,,,,,,4000,1716.0,8.0,2275.0,1.0,0.9953596287703016,0.9994175888177053,0.9973844289779663,0.9973844289779663,0.9973844289779663,1717.0,0.42925000190734863
local,local,,,1,82,data_4000_4_1.5_chordal_rep02,val_epoch_task,val,cycle3,,69,,,,,,,,,4000,1325.0,53.0,2622.0,0.0,0.9615384615384616,1.0,0.9803921580314636,0.9803921580314636,0.9803921580314636,1325.0,0.33125001192092896
local,local,,,1,82,data_4000_4_1.5_chordal_rep02,val_epoch_task,val,cycle4,,69,,,,,,,,,4000,950.0,64.0,2971.0,15.0,0.9368836291913215,0.9844559585492227,0.9600808620452881,0.9600808620452881,0.9600808620452881,965.0,0.24124999344348907
local,local,,,1,82,data_4000_4_1.5_chordal_rep02,val_epoch_task,val,cycle5,,69,,,,,,,,,4000,448.0,82.0,3416.0,54.0,0.8452830188679246,0.8924302788844621,0.8682171106338501,0.8682171106338501,0.8682171106338501,502.0,0.12549999356269836
local,local,,,1,82,data_4000_4_1.5_chordal_rep02,val_epoch_task,val,cycle6,,69,,,,,,,,,4000,167.0,97.0,3637.0,99.0,0.6325757575757576,0.6278195488721805,0.6301887035369873,0.6301887035369873,0.6301887035369873,266.0,0.06650000065565109
local,local,,,1,82,data_4000_4_1.5_chordal_rep02,train_epoch,train,,,70,0.11340985324978828,,,,,,,,4000,,,,,,,,,,,
local,local,,,1,82,data_4000_4_1.5_chordal_rep02,val_epoch,val,,,70,,0.2138048280477524,0.96605,0.8677499890327454,0.9316420014094433,0.8634079694747925,0.8634079694747925,0.8634079694747925,4000,,,,,,,,,,,
local,local,,,1,82,data_4000_4_1.5_chordal_rep02,val_epoch_task,val,cycle2,,70,,,,,,,,,4000,1708.0,12.0,2271.0,9.0,0.9930232558139535,0.9947582993593477,0.993890106678009,0.993890106678009,0.993890106678009,1717.0,0.42925000190734863
local,local,,,1,82,data_4000_4_1.5_chordal_rep02,val_epoch_task,val,cycle3,,70,,,,,,,,,4000,1309.0,26.0,2649.0,16.0,0.9805243445692884,0.9879245283018868,0.9842105507850647,0.9842105507850647,0.9842105507850647,1325.0,0.33125001192092896
local,local,,,1,82,data_4000_4_1.5_chordal_rep02,val_epoch_task,val,cycle4,,70,,,,,,,,,4000,954.0,125.0,2910.0,11.0,0.8841519925857275,0.9886010362694301,0.9334638118743896,0.9334638118743896,0.9334638118743896,965.0,0.24124999344348907
local,local,,,1,82,data_4000_4_1.5_chordal_rep02,val_epoch_task,val,cycle5,,70,,,,,,,,,4000,475.0,229.0,3269.0,27.0,0.6747159090909091,0.9462151394422311,0.7877280116081238,0.7877280116081238,0.7877280116081238,502.0,0.12549999356269836
local,local,,,1,82,data_4000_4_1.5_chordal_rep02,val_epoch_task,val,cycle6,,70,,,,,,,,,4000,181.0,139.0,3595.0,85.0,0.565625,0.6804511278195489,0.6177474856376648,0.6177474856376648,0.6177474856376648,266.0,0.06650000065565109
local,local,,,1,82,data_4000_4_1.5_chordal_rep02,train_epoch,train,,,71,0.10139018049836158,,,,,,,,4000,,,,,,,,,,,
local,local,,,1,82,data_4000_4_1.5_chordal_rep02,val_epoch,val,,,71,,0.3806768010258675,0.9772,0.8980000019073486,0.9519190215099114,0.8615849614143372,0.8615849614143372,0.8615849614143372,4000,,,,,,,,,,,
local,local,,,1,82,data_4000_4_1.5_chordal_rep02,val_epoch_task,val,cycle2,,71,,,,,,,,,4000,1717.0,4.0,2279.0,0.0,0.9976757699012202,1.0,0.9988365173339844,0.9988365173339844,0.9988365173339844,1717.0,0.42925000190734863
local,local,,,1,82,data_4000_4_1.5_chordal_rep02,val_epoch_task,val,cycle3,,71,,,,,,,,,4000,1322.0,10.0,2665.0,3.0,0.9924924924924925,0.9977358490566037,0.9951072335243225,0.9951072335243225,0.9951072335243225,1325.0,0.33125001192092896
local,local,,,1,82,data_4000_4_1.5_chordal_rep02,val_epoch_task,val,cycle4,,71,,,,,,,,,4000,919.0,30.0,3005.0,46.0,0.9683877766069547,0.9523316062176166,0.9602925777435303,0.9602925777435303,0.9602925777435303,965.0,0.24124999344348907
local,local,,,1,82,data_4000_4_1.5_chordal_rep02,val_epoch_task,val,cycle5,,71,,,,,,,,,4000,454.0,117.0,3381.0,48.0,0.7950963222416813,0.9043824701195219,0.8462255597114563,0.8462255597114563,0.8462255597114563,502.0,0.12549999356269836
local,local,,,1,82,data_4000_4_1.5_chordal_rep02,val_epoch_task,val,cycle6,,71,,,,,,,,,4000,102.0,34.0,3700.0,164.0,0.75,0.38345864661654133,0.507462739944458,0.507462739944458,0.507462739944458,266.0,0.06650000065565109
local,local,,,1,82,data_4000_4_1.5_chordal_rep02,train_epoch,train,,,72,0.09175443813204766,,,,,,,,4000,,,,,,,,,,,
local,local,,,1,82,data_4000_4_1.5_chordal_rep02,val_epoch,val,,,72,,0.18225275605916977,0.96045,0.843999981880188,0.9222604422604423,0.8532458543777466,0.8532458543777466,0.8532458543777466,4000,,,,,,,,,,,
local,local,,,1,82,data_4000_4_1.5_chordal_rep02,val_epoch_task,val,cycle2,,72,,,,,,,,,4000,1715.0,16.0,2267.0,2.0,0.9907567879838244,0.9988351776354106,0.9947795867919922,0.9947795867919922,0.9947795867919922,1717.0,0.42925000190734863
local,local,,,1,82,data_4000_4_1.5_chordal_rep02,val_epoch_task,val,cycle3,,72,,,,,,,,,4000,1323.0,57.0,2618.0,2.0,0.9586956521739131,0.9984905660377359,0.9781885147094727,0.9781885147094727,0.9781885147094727,1325.0,0.33125001192092896
local,local,,,1,82,data_4000_4_1.5_chordal_rep02,val_epoch_task,val,cycle4,,72,,,,,,,,,4000,950.0,73.0,2962.0,15.0,0.9286412512218963,0.9844559585492227,0.9557344317436218,0.9557344317436218,0.9557344317436218,965.0,0.24124999344348907
local,local,,,1,82,data_4000_4_1.5_chordal_rep02,val_epoch_task,val,cycle5,,72,,,,,,,,,4000,482.0,266.0,3232.0,20.0,0.6443850267379679,0.9601593625498008,0.7712000012397766,0.7712000012397766,0.7712000012397766,502.0,0.12549999356269836
local,local,,,1,82,data_4000_4_1.5_chordal_rep02,val_epoch_task,val,cycle6,,72,,,,,,,,,4000,222.0,296.0,3438.0,44.0,0.42857142857142855,0.8345864661654135,0.5663265585899353,0.5663265585899353,0.5663265585899353,266.0,0.06650000065565109
local,local,,,1,82,data_4000_4_1.5_chordal_rep02,train_epoch,train,,,73,0.0997033753991127,,,,,,,,4000,,,,,,,,,,,
local,local,,,1,82,data_4000_4_1.5_chordal_rep02,val_epoch,val,,,73,,0.1734228703379631,0.9685,0.8709999918937683,0.936670687575392,0.8733800649642944,0.8733800649642944,0.8733800649642944,4000,,,,,,,,,,,
local,local,,,1,82,data_4000_4_1.5_chordal_rep02,val_epoch_task,val,cycle2,,73,,,,,,,,,4000,1709.0,3.0,2280.0,8.0,0.9982476635514018,0.9953407105416424,0.9967920184135437,0.9967920184135437,0.9967920184135437,1717.0,0.42925000190734863
local,local,,,1,82,data_4000_4_1.5_chordal_rep02,val_epoch_task,val,cycle3,,73,,,,,,,,,4000,1319.0,11.0,2664.0,6.0,0.9917293233082707,0.9954716981132076,0.9935970306396484,0.9935970306396484,0.9935970306396484,1325.0,0.33125001192092896
local,local,,,1,82,data_4000_4_1.5_chordal_rep02,val_epoch_task,val,cycle4,,73,,,,,,,,,4000,928.0,34.0,3001.0,37.0,0.9646569646569647,0.9616580310880829,0.9631551504135132,0.9631551504135132,0.9631551504135132,965.0,0.24124999344348907
local,local,,,1,82,data_4000_4_1.5_chordal_rep02,val_epoch_task,val,cycle5,,73,,,,,,,,,4000,468.0,122.0,3376.0,34.0,0.7932203389830509,0.9322709163346613,0.8571428656578064,0.8571428656578064,0.8571428656578064,502.0,0.12549999356269836
local,local,,,1,82,data_4000_4_1.5_chordal_rep02,val_epoch_task,val,cycle6,,73,,,,,,,,,4000,235.0,344.0,3390.0,31.0,0.4058721934369603,0.8834586466165414,0.5562130808830261,0.5562130808830261,0.5562130808830261,266.0,0.06650000065565109
local,local,,,1,82,data_4000_4_1.5_chordal_rep02,train_epoch,train,,,74,0.11132273945212365,,,,,,,,4000,,,,,,,,,,,
local,local,,,1,82,data_4000_4_1.5_chordal_rep02,val_epoch,val,,,74,,0.18370450741052627,0.9639,0.8479999899864197,0.9285996835443038,0.8608881831169128,0.8608881831169128,0.8608881831169128,4000,,,,,,,,,,,
local,local,,,1,82,data_4000_4_1.5_chordal_rep02,val_epoch_task,val,cycle2,,74,,,,,,,,,4000,1717.0,5.0,2278.0,0.0,0.997096399535424,1.0,0.9985461235046387,0.9985461235046387,0.9985461235046387,1717.0,0.42925000190734863
local,local,,,1,82,data_4000_4_1.5_chordal_rep02,val_epoch_task,val,cycle3,,74,,,,,,,,,4000,1324.0,17.0,2658.0,1.0,0.9873228933631618,0.999245283018868,0.9932482838630676,0.9932482838630676,0.9932482838630676,1325.0,0.33125001192092896
local,local,,,1,82,data_4000_4_1.5_chordal_rep02,val_epoch_task,val,cycle4,,74,,,,,,,,,4000,955.0,101.0,2934.0,10.0,0.9043560606060606,0.9896373056994818,0.9450767040252686,0.9450767040252686,0.9450767040252686,965.0,0.24124999344348907
local,local,,,1,82,data_4000_4_1.5_chordal_rep02,val_epoch_task,val,cycle5,,74,,,,,,,,,4000,488.0,315.0,3183.0,14.0,0.6077210460772104,0.9721115537848606,0.7478927373886108,0.7478927373886108,0.7478927373886108,502.0,0.12549999356269836
local,local,,,1,82,data_4000_4_1.5_chordal_rep02,val_epoch_task,val,cycle6,,74,,,,,,,,,4000,211.0,204.0,3530.0,55.0,0.5084337349397591,0.793233082706767,0.619676947593689,0.619676947593689,0.619676947593689,266.0,0.06650000065565109
local,local,,,1,82,data_4000_4_1.5_chordal_rep02,train_epoch,train,,,75,0.09662521976232528,,,,,,,,4000,,,,,,,,,,,
local,local,,,1,82,data_4000_4_1.5_chordal_rep02,val_epoch,val,,,75,,0.19024658638238906,0.9647,0.8547499775886536,0.930029732408325,0.8600510358810425,0.8600510358810425,0.8600510358810425,4000,,,,,,,,,,,
local,local,,,1,82,data_4000_4_1.5_chordal_rep02,val_epoch_task,val,cycle2,,75,,,,,,,,,4000,1717.0,5.0,2278.0,0.0,0.997096399535424,1.0,0.9985461235046387,0.9985461235046387,0.9985461235046387,1717.0,0.42925000190734863
local,local,,,1,82,data_4000_4_1.5_chordal_rep02,val_epoch_task,val,cycle3,,75,,,,,,,,,4000,1322.0,12.0,2663.0,3.0,0.9910044977511244,0.9977358490566037,0.9943587779998779,0.9943587779998779,0.9943587779998779,1325.0,0.33125001192092896
local,local,,,1,82,data_4000_4_1.5_chordal_rep02,val_epoch_task,val,cycle4,,75,,,,,,,,,4000,956.0,68.0,2967.0,9.0,0.93359375,0.9906735751295337,0.9612871408462524,0.9612871408462524,0.9612871408462524,965.0,0.24124999344348907
local,local,,,1,82,data_4000_4_1.5_chordal_rep02,val_epoch_task,val,cycle5,,75,,,,,,,,,4000,492.0,327.0,3171.0,10.0,0.6007326007326007,0.9800796812749004,0.7448902726173401,0.7448902726173401,0.7448902726173401,502.0,0.12549999356269836
local,local,,,1,82,data_4000_4_1.5_chordal_rep02,val_epoch_task,val,cycle6,,75,,,,,,,,,4000,205.0,211.0,3523.0,61.0,0.49278846153846156,0.7706766917293233,0.6011729836463928,0.6011729836463928,0.6011729836463928,266.0,0.06650000065565109
local,local,,,1,82,data_4000_4_1.5_chordal_rep02,train_epoch,train,,,76,0.12113935908675194,,,,,,,,4000,,,,,,,,,,,
local,local,,,1,82,data_4000_4_1.5_chordal_rep02,val_epoch,val,,,76,,0.23697925001382827,0.97405,0.8884999752044678,0.947035411776712,0.8796944618225098,0.8796944618225098,0.8796944618225098,4000,,,,,,,,,,,
local,local,,,1,82,data_4000_4_1.5_chordal_rep02,val_epoch_task,val,cycle2,,76,,,,,,,,,4000,1710.0,3.0,2280.0,7.0,0.9982486865148862,0.9959231217239372,0.9970844984054565,0.9970844984054565,0.9970844984054565,1717.0,0.42925000190734863
local,local,,,1,82,data_4000_4_1.5_chordal_rep02,val_epoch_task,val,cycle3,,76,,,,,,,,,4000,1325.0,31.0,2644.0,0.0,0.9771386430678466,1.0,0.9884371757507324,0.9884371757507324,0.9884371757507324,1325.0,0.33125001192092896
local,local,,,1,82,data_4000_4_1.5_chordal_rep02,val_epoch_task,val,cycle4,,76,,,,,,,,,4000,945.0,29.0,3006.0,20.0,0.9702258726899384,0.9792746113989638,0.9747292399406433,0.9747292399406433,0.9747292399406433,965.0,0.24124999344348907
local,local,,,1,82,data_4000_4_1.5_chordal_rep02,val_epoch_task,val,cycle5,,76,,,,,,,,,4000,474.0,146.0,3352.0,28.0,0.7645161290322581,0.9442231075697212,0.844919741153717,0.844919741153717,0.844919741153717,502.0,0.12549999356269836
local,local,,,1,82,data_4000_4_1.5_chordal_rep02,val_epoch_task,val,cycle6,,76,,,,,,,,,4000,186.0,175.0,3559.0,80.0,0.5152354570637119,0.6992481203007519,0.5933014750480652,0.5933014750480652,0.5933014750480652,266.0,0.06650000065565109
local,local,,,1,82,data_4000_4_1.5_chordal_rep02,train_epoch,train,,,77,0.1209101212322712,,,,,,,,4000,,,,,,,,,,,
local,local,,,1,82,data_4000_4_1.5_chordal_rep02,val_epoch,val,,,77,,0.21828021442890166,0.96475,0.8502500057220459,0.9288669155483806,0.8544524312019348,0.8544524312019348,0.8544524312019348,4000,,,,,,,,,,,
local,local,,,1,82,data_4000_4_1.5_chordal_rep02,val_epoch_task,val,cycle2,,77,,,,,,,,,4000,1716.0,12.0,2271.0,1.0,0.9930555555555556,0.9994175888177053,0.9962264895439148,0.9962264895439148,0.9962264895439148,1717.0,0.42925000190734863
local,local,,,1,82,data_4000_4_1.5_chordal_rep02,val_epoch_task,val,cycle3,,77,,,,,,,,,4000,1310.0,14.0,2661.0,15.0,0.9894259818731118,0.9886792452830189,0.989052414894104,0.989052414894104,0.989052414894104,1325.0,0.33125001192092896
local,local,,,1,82,data_4000_4_1.5_chordal_rep02,val_epoch_task,val,cycle4,,77,,,,,,,,,4000,923.0,35.0,3000.0,42.0,0.9634655532359081,0.9564766839378238,0.9599583745002747,0.9599583745002747,0.9599583745002747,965.0,0.24124999344348907
local,local,,,1,82,data_4000_4_1.5_chordal_rep02,val_epoch_task,val,cycle5,,77,,,,,,,,,4000,456.0,149.0,3349.0,46.0,0.7537190082644628,0.9083665338645418,0.823848307132721,0.823848307132721,0.823848307132721,502.0,0.12549999356269836
local,local,,,1,82,data_4000_4_1.5_chordal_rep02,val_epoch_task,val,cycle6,,77,,,,,,,,,4000,198.0,323.0,3411.0,68.0,0.3800383877159309,0.7443609022556391,0.5031766295433044,0.5031766295433044,0.5031766295433044,266.0,0.06650000065565109
local,local,,,1,82,data_4000_4_1.5_chordal_rep02,train_epoch,train,,,78,0.0930827753841877,,,,,,,,4000,,,,,,,,,,,
local,local,,,1,82,data_4000_4_1.5_chordal_rep02,val_epoch,val,,,78,,0.15713095617294312,0.96405,0.856249988079071,0.9289455479790493,0.8648750185966492,0.8648750185966492,0.8648750185966492,4000,,,,,,,,,,,
local,local,,,1,82,data_4000_4_1.5_chordal_rep02,val_epoch_task,val,cycle2,,78,,,,,,,,,4000,1703.0,5.0,2278.0,14.0,0.997072599531616,0.9918462434478742,0.9944525361061096,0.9944525361061096,0.9944525361061096,1717.0,0.42925000190734863
local,local,,,1,82,data_4000_4_1.5_chordal_rep02,val_epoch_task,val,cycle3,,78,,,,,,,,,4000,1322.0,17.0,2658.0,3.0,0.9873039581777446,0.9977358490566037,0.9924924969673157,0.9924924969673157,0.9924924969673157,1325.0,0.33125001192092896
local,local,,,1,82,data_4000_4_1.5_chordal_rep02,val_epoch_task,val,cycle4,,78,,,,,,,,,4000,947.0,60.0,2975.0,18.0,0.9404170804369414,0.9813471502590674,0.9604462385177612,0.9604462385177612,0.9604462385177612,965.0,0.24124999344348907
local,local,,,1,82,data_4000_4_1.5_chordal_rep02,val_epoch_task,val,cycle5,,78,,,,,,,,,4000,483.0,191.0,3307.0,19.0,0.7166172106824926,0.9621513944223108,0.8214285373687744,0.8214285373687744,0.8214285373687744,502.0,0.12549999356269836
local,local,,,1,82,data_4000_4_1.5_chordal_rep02,val_epoch_task,val,cycle6,,78,,,,,,,,,4000,245.0,371.0,3363.0,21.0,0.3977272727272727,0.9210526315789473,0.5555555820465088,0.5555555820465088,0.5555555820465088,266.0,0.06650000065565109
local,local,,,1,82,data_4000_4_1.5_chordal_rep02,train_epoch,train,,,79,0.10738089588284493,,,,,,,,4000,,,,,,,,,,,
local,local,,,1,82,data_4000_4_1.5_chordal_rep02,val_epoch,val,,,79,,0.23701693287491798,0.97655,0.8992499709129333,0.9515745998967475,0.8840678334236145,0.8840678334236145,0.8840678334236145,4000,,,,,,,,,,,
local,local,,,1,82,data_4000_4_1.5_chordal_rep02,val_epoch_task,val,cycle2,,79,,,,,,,,,4000,1717.0,8.0,2275.0,0.0,0.9953623188405797,1.0,0.9976758360862732,0.9976758360862732,0.9976758360862732,1717.0,0.42925000190734863
local,local,,,1,82,data_4000_4_1.5_chordal_rep02,val_epoch_task,val,cycle3,,79,,,,,,,,,4000,1322.0,22.0,2653.0,3.0,0.9836309523809523,0.9977358490566037,0.9906331896781921,0.9906331896781921,0.9906331896781921,1325.0,0.33125001192092896
local,local,,,1,82,data_4000_4_1.5_chordal_rep02,val_epoch_task,val,cycle4,,79,,,,,,,,,4000,940.0,40.0,2995.0,25.0,0.9591836734693877,0.9740932642487047,0.9665810465812683,0.9665810465812683,0.9665810465812683,965.0,0.24124999344348907
local,local,,,1,82,data_4000_4_1.5_chordal_rep02,val_epoch_task,val,cycle5,,79,,,,,,,,,4000,458.0,101.0,3397.0,44.0,0.8193202146690519,0.9123505976095617,0.863336443901062,0.863336443901062,0.863336443901062,502.0,0.12549999356269836
local,local,,,1,82,data_4000_4_1.5_chordal_rep02,val_epoch_task,val,cycle6,,79,,,,,,,,,4000,171.0,131.0,3603.0,95.0,0.5662251655629139,0.6428571428571429,0.6021126508712769,0.6021126508712769,0.6021126508712769,266.0,0.06650000065565109
local,local,,,1,82,data_4000_4_1.5_chordal_rep02,train_epoch,train,,,80,0.09006584127247333,,,,,,,,4000,,,,,,,,,,,
local,local,,,1,82,data_4000_4_1.5_chordal_rep02,val_epoch,val,,,80,,0.22111601972579956,0.97295,0.8845000267028809,0.9447902847229309,0.8755791783332825,0.8755791783332825,0.8755791783332825,4000,,,,,,,,,,,
local,local,,,1,82,data_4000_4_1.5_chordal_rep02,val_epoch_task,val,cycle2,,80,,,,,,,,,4000,1717.0,8.0,2275.0,0.0,0.9953623188405797,1.0,0.9976758360862732,0.9976758360862732,0.9976758360862732,1717.0,0.42925000190734863
local,local,,,1,82,data_4000_4_1.5_chordal_rep02,val_epoch_task,val,cycle3,,80,,,,,,,,,4000,1319.0,22.0,2653.0,6.0,0.9835943325876212,0.9954716981132076,0.9894973635673523,0.9894973635673523,0.9894973635673523,1325.0,0.33125001192092896
local,local,,,1,82,data_4000_4_1.5_chordal_rep02,val_epoch_task,val,cycle4,,80,,,,,,,,,4000,950.0,54.0,2981.0,15.0,0.9462151394422311,0.9844559585492227,0.9649568200111389,0.9649568200111389,0.9649568200111389,965.0,0.24124999344348907
local,local,,,1,82,data_4000_4_1.5_chordal_rep02,val_epoch_task,val,cycle5,,80,,,,,,,,,4000,471.0,191.0,3307.0,31.0,0.7114803625377644,0.9382470119521913,0.8092784285545349,0.8092784285545349,0.8092784285545349,502.0,0.12549999356269836
local,local,,,1,82,data_4000_4_1.5_chordal_rep02,val_epoch_task,val,cycle6,,80,,,,,,,,,4000,172.0,120.0,3614.0,94.0,0.589041095890411,0.6466165413533834,0.616487443447113,0.616487443447113,0.616487443447113,266.0,0.06650000065565109
local,local,,,1,82,data_4000_4_1.5_chordal_rep02,best_local_train,train,,,66,,0.09070545663684607,0.97605,0.9002500176429749,0.9531173534305569,0.9101150631904602,0.9101150631904602,0.9101150631904602,4000,,,,,,,,,,,
local,local,,,1,82,data_4000_4_1.5_chordal_rep02,best_local_train_task,train,cycle2,,66,,,,,,,,,4000,1742.0,7.0,2251.0,0.0,0.9959977129788451,1.0,0.9979948997497559,0.9979948997497559,0.9979948997497559,1742.0,0.43549999594688416
local,local,,,1,82,data_4000_4_1.5_chordal_rep02,best_local_train_task,train,cycle3,,66,,,,,,,,,4000,1407.0,36.0,2556.0,1.0,0.975051975051975,0.9992897727272727,0.9870221018791199,0.9870221018791199,0.9870221018791199,1408.0,0.35199999809265137
local,local,,,1,82,data_4000_4_1.5_chordal_rep02,best_local_train_task,train,cycle4,,66,,,,,,,,,4000,874.0,48.0,3072.0,6.0,0.9479392624728851,0.9931818181818182,0.9700332880020142,0.9700332880020142,0.9700332880020142,880.0,0.2199999988079071
local,local,,,1,82,data_4000_4_1.5_chordal_rep02,best_local_train_task,train,cycle5,,66,,,,,,,,,4000,551.0,118.0,3324.0,7.0,0.8236173393124065,0.9874551971326165,0.8981254696846008,0.8981254696846008,0.8981254696846008,558.0,0.13950000703334808
local,local,,,1,82,data_4000_4_1.5_chordal_rep02,best_local_train_task,train,cycle6,,66,,,,,,,,,4000,295.0,245.0,3449.0,11.0,0.5462962962962963,0.9640522875816994,0.6973994970321655,0.6973994970321655,0.6973994970321655,306.0,0.07649999856948853
local,local,,,1,82,data_4000_4_1.5_chordal_rep02,best_local_val,val,,,66,,0.1428440746665001,0.96735,0.8629999756813049,0.9351474823716357,0.8722149729728699,0.8722149729728699,0.8722149729728699,4000,,,,,,,,,,,
local,local,,,1,82,data_4000_4_1.5_chordal_rep02,best_local_val_task,val,cycle2,,66,,,,,,,,,4000,1717.0,13.0,2270.0,0.0,0.992485549132948,1.0,0.9962285757064819,0.9962285757064819,0.9962285757064819,1717.0,0.42925000190734863
local,local,,,1,82,data_4000_4_1.5_chordal_rep02,best_local_val_task,val,cycle3,,66,,,,,,,,,4000,1325.0,34.0,2641.0,0.0,0.9749816041206769,1.0,0.9873323440551758,0.9873323440551758,0.9873323440551758,1325.0,0.33125001192092896
local,local,,,1,82,data_4000_4_1.5_chordal_rep02,best_local_val_task,val,cycle4,,66,,,,,,,,,4000,941.0,38.0,2997.0,24.0,0.9611848825331971,0.9751295336787564,0.9681070446968079,0.9681070446968079,0.9681070446968079,965.0,0.24124999344348907
local,local,,,1,82,data_4000_4_1.5_chordal_rep02,best_local_val_task,val,cycle5,,66,,,,,,,,,4000,488.0,182.0,3316.0,14.0,0.7283582089552239,0.9721115537848606,0.8327645063400269,0.8327645063400269,0.8327645063400269,502.0,0.12549999356269836
local,local,,,1,82,data_4000_4_1.5_chordal_rep02,best_local_val_task,val,cycle6,,66,,,,,,,,,4000,237.0,319.0,3415.0,29.0,0.4262589928057554,0.8909774436090225,0.5766423344612122,0.5766423344612122,0.5766423344612122,266.0,0.06650000065565109
local,local,,,1,82,data_4000_4_1.5_chordal_rep02,best_local_test,test,,,66,,0.15161850887537004,0.96885,0.871749997138977,0.9380530973451328,0.8648031949996948,0.8648031949996948,0.8648031949996948,4000,,,,,,,,,,,
local,local,,,1,82,data_4000_4_1.5_chordal_rep02,best_local_test_task,test,cycle2,,66,,,,,,,,,4000,1790.0,11.0,2199.0,0.0,0.9938922820655192,1.0,0.9969367980957031,0.9969367980957031,0.9969367980957031,1790.0,0.44749999046325684
local,local,,,1,82,data_4000_4_1.5_chordal_rep02,best_local_test_task,test,cycle3,,66,,,,,,,,,4000,1333.0,34.0,2633.0,0.0,0.9751280175566935,1.0,0.9874074459075928,0.9874074459075928,0.9874074459075928,1333.0,0.3332499861717224
local,local,,,1,82,data_4000_4_1.5_chordal_rep02,best_local_test_task,test,cycle4,,66,,,,,,,,,4000,951.0,36.0,2999.0,14.0,0.9635258358662614,0.9854922279792746,0.9743852615356445,0.9743852615356445,0.9743852615356445,965.0,0.24124999344348907
local,local,,,1,82,data_4000_4_1.5_chordal_rep02,best_local_test_task,test,cycle5,,66,,,,,,,,,4000,443.0,179.0,3358.0,20.0,0.7122186495176849,0.9568034557235421,0.8165898323059082,0.8165898323059082,0.8165898323059082,463.0,0.11574999988079071
local,local,,,1,82,data_4000_4_1.5_chordal_rep02,best_local_test_task,test,cycle6,,66,,,,,,,,,4000,200.0,289.0,3471.0,40.0,0.40899795501022496,0.8333333333333334,0.5486968159675598,0.5486968159675598,0.5486968159675598,240.0,0.05999999865889549
