run_type,algorithm,subset_id,subset_clients,seed,graph_id,dataset_id,phase,split,task,round,local_epoch,train_loss,eval_loss,pair_acc,subset_acc,micro_f1,macro_f1,macro_pos_f1,macro_minority_f1,num_nodes,tp,fp,tn,fn,precision,recall,f1,positive_f1,minority_f1,pos_cnt,pos_rate
local,local,,,2,95,data_4000_4_3.0_chordal_rep03,train_epoch,train,,,1,0.692670783996582,,,,,,,,4000,,,,,,,,,,,
local,local,,,2,95,data_4000_4_3.0_chordal_rep03,val_epoch,val,,,1,,0.4857496192455292,0.83065,0.5767499804496765,0.7470311449697512,0.7520893812179565,0.7520893812179565,0.7520893812179565,4000,,,,,,,,,,,
local,local,,,2,95,data_4000_4_3.0_chordal_rep03,val_epoch_task,val,cycle2,,1,,,,,,,,,4000,1092.0,95.0,2797.0,16.0,0.9199663016006739,0.9855595667870036,0.9516339898109436,0.9516339898109436,0.9516339898109436,1108.0,0.2770000100135803
local,local,,,2,95,data_4000_4_3.0_chordal_rep03,val_epoch_task,val,cycle3,,1,,,,,,,,,4000,1187.0,510.0,2274.0,29.0,0.699469652327637,0.9761513157894737,0.8149673938751221,0.8149673938751221,0.8149673938751221,1216.0,0.30399999022483826
local,local,,,2,95,data_4000_4_3.0_chordal_rep03,val_epoch_task,val,cycle4,,1,,,,,,,,,4000,980.0,711.0,2166.0,143.0,0.5795387344766411,0.8726625111308994,0.6965174078941345,0.6965174078941345,0.6965174078941345,1123.0,0.28075000643730164
local,local,,,2,95,data_4000_4_3.0_chordal_rep03,val_epoch_task,val,cycle5,,1,,,,,,,,,4000,919.0,780.0,2154.0,147.0,0.5409064155385521,0.8621013133208255,0.6647377610206604,0.6647377610206604,0.6647377610206604,1066.0,0.26649999618530273
local,local,,,2,95,data_4000_4_3.0_chordal_rep03,val_epoch_task,val,cycle6,,1,,,,,,,,,4000,823.0,837.0,2221.0,119.0,0.49578313253012046,0.8736730360934183,0.6325902938842773,0.6325902938842773,0.6325902938842773,942.0,0.23549999296665192
local,local,,,2,95,data_4000_4_3.0_chordal_rep03,train_epoch,train,,,2,0.4557862312793732,,,,,,,,4000,,,,,,,,,,,
local,local,,,2,95,data_4000_4_3.0_chordal_rep03,val_epoch,val,,,2,,0.3967699673175812,0.86615,0.6207500100135803,0.7903844648030695,0.7952871322631836,0.7952871322631836,0.7952871322631836,4000,,,,,,,,,,,
local,local,,,2,95,data_4000_4_3.0_chordal_rep03,val_epoch_task,val,cycle2,,2,,,,,,,,,4000,1101.0,49.0,2843.0,7.0,0.957391304347826,0.9936823104693141,0.975199282169342,0.975199282169342,0.975199282169342,1108.0,0.2770000100135803
local,local,,,2,95,data_4000_4_3.0_chordal_rep03,val_epoch_task,val,cycle3,,2,,,,,,,,,4000,1160.0,272.0,2512.0,56.0,0.8100558659217877,0.9539473684210527,0.8761328458786011,0.8761328458786011,0.8761328458786011,1216.0,0.30399999022483826
local,local,,,2,95,data_4000_4_3.0_chordal_rep03,val_epoch_task,val,cycle4,,2,,,,,,,,,4000,1036.0,498.0,2379.0,87.0,0.6753585397653195,0.9225289403383793,0.779826819896698,0.779826819896698,0.779826819896698,1123.0,0.28075000643730164
local,local,,,2,95,data_4000_4_3.0_chordal_rep03,val_epoch_task,val,cycle5,,2,,,,,,,,,4000,912.0,586.0,2348.0,154.0,0.6088117489986649,0.8555347091932458,0.7113885283470154,0.7113885283470154,0.7113885283470154,1066.0,0.26649999618530273
local,local,,,2,95,data_4000_4_3.0_chordal_rep03,val_epoch_task,val,cycle6,,2,,,,,,,,,4000,838.0,864.0,2194.0,104.0,0.49236192714453586,0.8895966029723992,0.6338880658149719,0.6338880658149719,0.6338880658149719,942.0,0.23549999296665192
local,local,,,2,95,data_4000_4_3.0_chordal_rep03,train_epoch,train,,,3,0.329168963432312,,,,,,,,4000,,,,,,,,,,,
local,local,,,2,95,data_4000_4_3.0_chordal_rep03,val_epoch,val,,,3,,0.2857487714290619,0.90105,0.6710000038146973,0.8439889633425305,0.8482400178909302,0.8482400178909302,0.8482400178909302,4000,,,,,,,,,,,
local,local,,,2,95,data_4000_4_3.0_chordal_rep03,val_epoch_task,val,cycle2,,3,,,,,,,,,4000,1106.0,48.0,2844.0,2.0,0.9584055459272097,0.9981949458483754,0.9778957366943359,0.9778957366943359,0.9778957366943359,1108.0,0.2770000100135803
local,local,,,2,95,data_4000_4_3.0_chordal_rep03,val_epoch_task,val,cycle3,,3,,,,,,,,,4000,1212.0,102.0,2682.0,4.0,0.9223744292237442,0.9967105263157895,0.9581027626991272,0.9581027626991272,0.9581027626991272,1216.0,0.30399999022483826
local,local,,,2,95,data_4000_4_3.0_chordal_rep03,val_epoch_task,val,cycle4,,3,,,,,,,,,4000,1099.0,421.0,2456.0,24.0,0.7230263157894737,0.9786286731967943,0.8316307067871094,0.8316307067871094,0.8316307067871094,1123.0,0.28075000643730164
local,local,,,2,95,data_4000_4_3.0_chordal_rep03,val_epoch_task,val,cycle5,,3,,,,,,,,,4000,1035.0,578.0,2356.0,31.0,0.6416615003099814,0.9709193245778611,0.772676408290863,0.772676408290863,0.772676408290863,1066.0,0.26649999618530273
local,local,,,2,95,data_4000_4_3.0_chordal_rep03,val_epoch_task,val,cycle6,,3,,,,,,,,,4000,901.0,728.0,2330.0,41.0,0.5531000613873542,0.9564755838641189,0.7008945941925049,0.7008945941925049,0.7008945941925049,942.0,0.23549999296665192
local,local,,,2,95,data_4000_4_3.0_chordal_rep03,train_epoch,train,,,4,0.2766553671360016,,,,,,,,4000,,,,,,,,,,,
local,local,,,2,95,data_4000_4_3.0_chordal_rep03,val_epoch,val,,,4,,0.2728428990840912,0.90395,0.6804999709129333,0.8469688520672349,0.8483240008354187,0.8483240008354187,0.8483240008354187,4000,,,,,,,,,,,
local,local,,,2,95,data_4000_4_3.0_chordal_rep03,val_epoch_task,val,cycle2,,4,,,,,,,,,4000,1107.0,76.0,2816.0,1.0,0.9357565511411665,0.9990974729241877,0.9663902521133423,0.9663902521133423,0.9663902521133423,1108.0,0.2770000100135803
local,local,,,2,95,data_4000_4_3.0_chordal_rep03,val_epoch_task,val,cycle3,,4,,,,,,,,,4000,1216.0,184.0,2600.0,0.0,0.8685714285714285,1.0,0.9296635985374451,0.9296635985374451,0.9296635985374451,1216.0,0.30399999022483826
local,local,,,2,95,data_4000_4_3.0_chordal_rep03,val_epoch_task,val,cycle4,,4,,,,,,,,,4000,1098.0,363.0,2514.0,25.0,0.7515400410677618,0.9777382012466608,0.8498452305793762,0.8498452305793762,0.8498452305793762,1123.0,0.28075000643730164
local,local,,,2,95,data_4000_4_3.0_chordal_rep03,val_epoch_task,val,cycle5,,4,,,,,,,,,4000,1021.0,494.0,2440.0,45.0,0.6739273927392739,0.9577861163227017,0.7911662459373474,0.7911662459373474,0.7911662459373474,1066.0,0.26649999618530273
local,local,,,2,95,data_4000_4_3.0_chordal_rep03,val_epoch_task,val,cycle6,,4,,,,,,,,,4000,874.0,665.0,2393.0,68.0,0.5679012345679012,0.9278131634819533,0.7045546174049377,0.7045546174049377,0.7045546174049377,942.0,0.23549999296665192
local,local,,,2,95,data_4000_4_3.0_chordal_rep03,train_epoch,train,,,5,0.22942462998628615,,,,,,,,4000,,,,,,,,,,,
local,local,,,2,95,data_4000_4_3.0_chordal_rep03,val_epoch,val,,,5,,0.20825670444965363,0.944,0.7839999794960022,0.902625630325161,0.8991289138793945,0.8991289138793945,0.8991289138793945,4000,,,,,,,,,,,
local,local,,,2,95,data_4000_4_3.0_chordal_rep03,val_epoch_task,val,cycle2,,5,,,,,,,,,4000,1108.0,39.0,2853.0,0.0,0.9659982563208369,1.0,0.9827051162719727,0.9827051162719727,0.9827051162719727,1108.0,0.2770000100135803
local,local,,,2,95,data_4000_4_3.0_chordal_rep03,val_epoch_task,val,cycle3,,5,,,,,,,,,4000,1216.0,62.0,2722.0,0.0,0.9514866979655712,1.0,0.9751403331756592,0.9751403331756592,0.9751403331756592,1216.0,0.30399999022483826
local,local,,,2,95,data_4000_4_3.0_chordal_rep03,val_epoch_task,val,cycle4,,5,,,,,,,,,4000,1095.0,104.0,2773.0,28.0,0.9132610508757297,0.97506678539626,0.9431524872779846,0.9431524872779846,0.9431524872779846,1123.0,0.28075000643730164
local,local,,,2,95,data_4000_4_3.0_chordal_rep03,val_epoch_task,val,cycle5,,5,,,,,,,,,4000,1001.0,219.0,2715.0,65.0,0.8204918032786885,0.9390243902439024,0.8757655024528503,0.8757655024528503,0.8757655024528503,1066.0,0.26649999618530273
local,local,,,2,95,data_4000_4_3.0_chordal_rep03,val_epoch_task,val,cycle6,,5,,,,,,,,,4000,771.0,432.0,2626.0,171.0,0.6408977556109726,0.8184713375796179,0.7188810706138611,0.7188810706138611,0.7188810706138611,942.0,0.23549999296665192
local,local,,,2,95,data_4000_4_3.0_chordal_rep03,train_epoch,train,,,6,0.21258344626426698,,,,,,,,4000,,,,,,,,,,,
local,local,,,2,95,data_4000_4_3.0_chordal_rep03,val_epoch,val,,,6,,0.19113756036758422,0.93735,0.7647500038146973,0.894856087941596,0.8962019085884094,0.8962019085884094,0.8962019085884094,4000,,,,,,,,,,,
local,local,,,2,95,data_4000_4_3.0_chordal_rep03,val_epoch_task,val,cycle2,,6,,,,,,,,,4000,1108.0,30.0,2862.0,0.0,0.9736379613356766,1.0,0.9866428971290588,0.9866428971290588,0.9866428971290588,1108.0,0.2770000100135803
local,local,,,2,95,data_4000_4_3.0_chordal_rep03,val_epoch_task,val,cycle3,,6,,,,,,,,,4000,1212.0,61.0,2723.0,4.0,0.9520816967792616,0.9967105263157895,0.9738851189613342,0.9738851189613342,0.9738851189613342,1216.0,0.30399999022483826
local,local,,,2,95,data_4000_4_3.0_chordal_rep03,val_epoch_task,val,cycle4,,6,,,,,,,,,4000,1099.0,108.0,2769.0,24.0,0.9105219552609777,0.9786286731967943,0.943347692489624,0.943347692489624,0.943347692489624,1123.0,0.28075000643730164
local,local,,,2,95,data_4000_4_3.0_chordal_rep03,val_epoch_task,val,cycle5,,6,,,,,,,,,4000,1033.0,326.0,2608.0,33.0,0.7601177336276674,0.9690431519699813,0.8519588112831116,0.8519588112831116,0.8519588112831116,1066.0,0.26649999618530273
local,local,,,2,95,data_4000_4_3.0_chordal_rep03,val_epoch_task,val,cycle6,,6,,,,,,,,,4000,880.0,605.0,2453.0,62.0,0.5925925925925926,0.9341825902335457,0.725175142288208,0.725175142288208,0.725175142288208,942.0,0.23549999296665192
local,local,,,2,95,data_4000_4_3.0_chordal_rep03,train_epoch,train,,,7,0.19844496655464172,,,,,,,,4000,,,,,,,,,,,
local,local,,,2,95,data_4000_4_3.0_chordal_rep03,val_epoch,val,,,7,,0.18571273171901703,0.9326,0.7465000152587891,0.8890717577353523,0.8932868838310242,0.8932868838310242,0.8932868838310242,4000,,,,,,,,,,,
local,local,,,2,95,data_4000_4_3.0_chordal_rep03,val_epoch_task,val,cycle2,,7,,,,,,,,,4000,1104.0,21.0,2871.0,4.0,0.9813333333333333,0.9963898916967509,0.9888043403625488,0.9888043403625488,0.9888043403625488,1108.0,0.2770000100135803
local,local,,,2,95,data_4000_4_3.0_chordal_rep03,val_epoch_task,val,cycle3,,7,,,,,,,,,4000,1212.0,23.0,2761.0,4.0,0.9813765182186235,0.9967105263157895,0.9889841079711914,0.9889841079711914,0.9889841079711914,1216.0,0.30399999022483826
local,local,,,2,95,data_4000_4_3.0_chordal_rep03,val_epoch_task,val,cycle4,,7,,,,,,,,,4000,1106.0,132.0,2745.0,17.0,0.8933764135702746,0.9848619768477292,0.9368911385536194,0.9368911385536194,0.9368911385536194,1123.0,0.28075000643730164
local,local,,,2,95,data_4000_4_3.0_chordal_rep03,val_epoch_task,val,cycle5,,7,,,,,,,,,4000,1057.0,410.0,2524.0,9.0,0.7205180640763463,0.9915572232645403,0.8345834612846375,0.8345834612846375,0.8345834612846375,1066.0,0.26649999618530273
local,local,,,2,95,data_4000_4_3.0_chordal_rep03,val_epoch_task,val,cycle6,,7,,,,,,,,,4000,923.0,709.0,2349.0,19.0,0.5655637254901961,0.9798301486199575,0.7171717286109924,0.7171717286109924,0.7171717286109924,942.0,0.23549999296665192
local,local,,,2,95,data_4000_4_3.0_chordal_rep03,train_epoch,train,,,8,0.1811048349738121,,,,,,,,4000,,,,,,,,,,,
local,local,,,2,95,data_4000_4_3.0_chordal_rep03,val_epoch,val,,,8,,0.17656805670261383,0.947,0.7879999876022339,0.9088877428227609,0.9084967374801636,0.9084967374801636,0.9084967374801636,4000,,,,,,,,,,,
local,local,,,2,95,data_4000_4_3.0_chordal_rep03,val_epoch_task,val,cycle2,,8,,,,,,,,,4000,1108.0,30.0,2862.0,0.0,0.9736379613356766,1.0,0.9866428971290588,0.9866428971290588,0.9866428971290588,1108.0,0.2770000100135803
local,local,,,2,95,data_4000_4_3.0_chordal_rep03,val_epoch_task,val,cycle3,,8,,,,,,,,,4000,1210.0,30.0,2754.0,6.0,0.9758064516129032,0.9950657894736842,0.9853420257568359,0.9853420257568359,0.9853420257568359,1216.0,0.30399999022483826
local,local,,,2,95,data_4000_4_3.0_chordal_rep03,val_epoch_task,val,cycle4,,8,,,,,,,,,4000,1099.0,86.0,2791.0,24.0,0.9274261603375528,0.9786286731967943,0.9523396492004395,0.9523396492004395,0.9523396492004395,1123.0,0.28075000643730164
local,local,,,2,95,data_4000_4_3.0_chordal_rep03,val_epoch_task,val,cycle5,,8,,,,,,,,,4000,1030.0,209.0,2725.0,36.0,0.831315577078289,0.9662288930581614,0.8937093019485474,0.8937093019485474,0.8937093019485474,1066.0,0.26649999618530273
local,local,,,2,95,data_4000_4_3.0_chordal_rep03,val_epoch_task,val,cycle6,,8,,,,,,,,,4000,840.0,537.0,2521.0,102.0,0.6100217864923747,0.89171974522293,0.7244501709938049,0.7244501709938049,0.7244501709938049,942.0,0.23549999296665192
local,local,,,2,95,data_4000_4_3.0_chordal_rep03,train_epoch,train,,,9,0.18126793003082275,,,,,,,,4000,,,,,,,,,,,
local,local,,,2,95,data_4000_4_3.0_chordal_rep03,val_epoch,val,,,9,,0.1536365683078766,0.9546,0.8115000128746033,0.9209747606614448,0.91998291015625,0.91998291015625,0.91998291015625,4000,,,,,,,,,,,
local,local,,,2,95,data_4000_4_3.0_chordal_rep03,val_epoch_task,val,cycle2,,9,,,,,,,,,4000,1107.0,12.0,2880.0,1.0,0.9892761394101877,0.9990974729241877,0.9941625595092773,0.9941625595092773,0.9941625595092773,1108.0,0.2770000100135803
local,local,,,2,95,data_4000_4_3.0_chordal_rep03,val_epoch_task,val,cycle3,,9,,,,,,,,,4000,1214.0,22.0,2762.0,2.0,0.982200647249191,0.9983552631578947,0.9902120232582092,0.9902120232582092,0.9902120232582092,1216.0,0.30399999022483826
local,local,,,2,95,data_4000_4_3.0_chordal_rep03,val_epoch_task,val,cycle4,,9,,,,,,,,,4000,1107.0,81.0,2796.0,16.0,0.9318181818181818,0.9857524487978628,0.9580268859863281,0.9580268859863281,0.9580268859863281,1123.0,0.28075000643730164
local,local,,,2,95,data_4000_4_3.0_chordal_rep03,val_epoch_task,val,cycle5,,9,,,,,,,,,4000,1014.0,149.0,2785.0,52.0,0.8718830610490111,0.9512195121951219,0.9098250269889832,0.9098250269889832,0.9098250269889832,1066.0,0.26649999618530273
local,local,,,2,95,data_4000_4_3.0_chordal_rep03,val_epoch_task,val,cycle6,,9,,,,,,,,,4000,849.0,480.0,2578.0,93.0,0.6388261851015802,0.9012738853503185,0.7476882934570312,0.7476882934570312,0.7476882934570312,942.0,0.23549999296665192
local,local,,,2,95,data_4000_4_3.0_chordal_rep03,train_epoch,train,,,10,0.17540266287326814,,,,,,,,4000,,,,,,,,,,,
local,local,,,2,95,data_4000_4_3.0_chordal_rep03,val_epoch,val,,,10,,0.16764933729171752,0.9509,0.8022500276565552,0.9149046793760832,0.9141371846199036,0.9141371846199036,0.9141371846199036,4000,,,,,,,,,,,
local,local,,,2,95,data_4000_4_3.0_chordal_rep03,val_epoch_task,val,cycle2,,10,,,,,,,,,4000,1108.0,19.0,2873.0,0.0,0.9831410825199645,1.0,0.9914988875389099,0.9914988875389099,0.9914988875389099,1108.0,0.2770000100135803
local,local,,,2,95,data_4000_4_3.0_chordal_rep03,val_epoch_task,val,cycle3,,10,,,,,,,,,4000,1216.0,61.0,2723.0,0.0,0.9522317932654659,1.0,0.9755314588546753,0.9755314588546753,0.9755314588546753,1216.0,0.30399999022483826
local,local,,,2,95,data_4000_4_3.0_chordal_rep03,val_epoch_task,val,cycle4,,10,,,,,,,,,4000,1101.0,71.0,2806.0,22.0,0.939419795221843,0.9804096170970614,0.9594771862030029,0.9594771862030029,0.9594771862030029,1123.0,0.28075000643730164
local,local,,,2,95,data_4000_4_3.0_chordal_rep03,val_epoch_task,val,cycle5,,10,,,,,,,,,4000,1014.0,148.0,2786.0,52.0,0.8726333907056799,0.9512195121951219,0.9102333784103394,0.9102333784103394,0.9102333784103394,1066.0,0.26649999618530273
local,local,,,2,95,data_4000_4_3.0_chordal_rep03,val_epoch_task,val,cycle6,,10,,,,,,,,,4000,840.0,507.0,2551.0,102.0,0.623608017817372,0.89171974522293,0.7339449524879456,0.7339449524879456,0.7339449524879456,942.0,0.23549999296665192
local,local,,,2,95,data_4000_4_3.0_chordal_rep03,train_epoch,train,,,11,0.17132896089553834,,,,,,,,4000,,,,,,,,,,,
local,local,,,2,95,data_4000_4_3.0_chordal_rep03,val_epoch,val,,,11,,0.25053928780555723,0.94945,0.7947499752044678,0.9069489185457891,0.9029121398925781,0.9029121398925781,0.9029121398925781,4000,,,,,,,,,,,
local,local,,,2,95,data_4000_4_3.0_chordal_rep03,val_epoch_task,val,cycle2,,11,,,,,,,,,4000,1100.0,24.0,2868.0,8.0,0.9786476868327402,0.9927797833935018,0.9856631755828857,0.9856631755828857,0.9856631755828857,1108.0,0.2770000100135803
local,local,,,2,95,data_4000_4_3.0_chordal_rep03,val_epoch_task,val,cycle3,,11,,,,,,,,,4000,1181.0,21.0,2763.0,35.0,0.9825291181364393,0.9712171052631579,0.9768403768539429,0.9768403768539429,0.9768403768539429,1216.0,0.30399999022483826
local,local,,,2,95,data_4000_4_3.0_chordal_rep03,val_epoch_task,val,cycle4,,11,,,,,,,,,4000,974.0,16.0,2861.0,149.0,0.9838383838383838,0.8673196794300979,0.9219119548797607,0.9219119548797607,0.9219119548797607,1123.0,0.28075000643730164
local,local,,,2,95,data_4000_4_3.0_chordal_rep03,val_epoch_task,val,cycle5,,11,,,,,,,,,4000,935.0,53.0,2881.0,131.0,0.9463562753036437,0.8771106941838649,0.910418689250946,0.910418689250946,0.910418689250946,1066.0,0.26649999618530273
local,local,,,2,95,data_4000_4_3.0_chordal_rep03,val_epoch_task,val,cycle6,,11,,,,,,,,,4000,737.0,369.0,2689.0,205.0,0.666365280289331,0.7823779193205945,0.7197265625,0.7197265625,0.7197265625,942.0,0.23549999296665192
local,local,,,2,95,data_4000_4_3.0_chordal_rep03,train_epoch,train,,,12,0.17485045778751374,,,,,,,,4000,,,,,,,,,,,
local,local,,,2,95,data_4000_4_3.0_chordal_rep03,val_epoch,val,,,12,,0.16207479137182235,0.955,0.8100000023841858,0.9216164431283749,0.9205581545829773,0.9205581545829773,0.9205581545829773,4000,,,,,,,,,,,
local,local,,,2,95,data_4000_4_3.0_chordal_rep03,val_epoch_task,val,cycle2,,12,,,,,,,,,4000,1108.0,18.0,2874.0,0.0,0.9840142095914742,1.0,0.9919427037239075,0.9919427037239075,0.9919427037239075,1108.0,0.2770000100135803
local,local,,,2,95,data_4000_4_3.0_chordal_rep03,val_epoch_task,val,cycle3,,12,,,,,,,,,4000,1216.0,50.0,2734.0,0.0,0.9605055292259084,1.0,0.9798550009727478,0.9798550009727478,0.9798550009727478,1216.0,0.30399999022483826
local,local,,,2,95,data_4000_4_3.0_chordal_rep03,val_epoch_task,val,cycle4,,12,,,,,,,,,4000,1108.0,80.0,2797.0,15.0,0.9326599326599326,0.9866429207479964,0.958892285823822,0.958892285823822,0.958892285823822,1123.0,0.28075000643730164
local,local,,,2,95,data_4000_4_3.0_chordal_rep03,val_epoch_task,val,cycle5,,12,,,,,,,,,4000,1015.0,110.0,2824.0,51.0,0.9022222222222223,0.9521575984990619,0.9265176057815552,0.9265176057815552,0.9265176057815552,1066.0,0.26649999618530273
local,local,,,2,95,data_4000_4_3.0_chordal_rep03,val_epoch_task,val,cycle6,,12,,,,,,,,,4000,844.0,478.0,2580.0,98.0,0.6384266263237519,0.8959660297239915,0.7455830574035645,0.7455830574035645,0.7455830574035645,942.0,0.23549999296665192
local,local,,,2,95,data_4000_4_3.0_chordal_rep03,train_epoch,train,,,13,0.1610997679233551,,,,,,,,4000,,,,,,,,,,,
local,local,,,2,95,data_4000_4_3.0_chordal_rep03,val_epoch,val,,,13,,0.1715143421292305,0.9565,0.8174999952316284,0.9231041187908785,0.9206997752189636,0.9206997752189636,0.9206997752189636,4000,,,,,,,,,,,
local,local,,,2,95,data_4000_4_3.0_chordal_rep03,val_epoch_task,val,cycle2,,13,,,,,,,,,4000,1107.0,9.0,2883.0,1.0,0.9919354838709677,0.9990974729241877,0.9955036044120789,0.9955036044120789,0.9955036044120789,1108.0,0.2770000100135803
local,local,,,2,95,data_4000_4_3.0_chordal_rep03,val_epoch_task,val,cycle3,,13,,,,,,,,,4000,1214.0,37.0,2747.0,2.0,0.9704236610711431,0.9983552631578947,0.984191358089447,0.984191358089447,0.984191358089447,1216.0,0.30399999022483826
local,local,,,2,95,data_4000_4_3.0_chordal_rep03,val_epoch_task,val,cycle4,,13,,,,,,,,,4000,1102.0,70.0,2807.0,21.0,0.9402730375426621,0.981300089047195,0.9603486061096191,0.9603486061096191,0.9603486061096191,1123.0,0.28075000643730164
local,local,,,2,95,data_4000_4_3.0_chordal_rep03,val_epoch_task,val,cycle5,,13,,,,,,,,,4000,999.0,90.0,2844.0,67.0,0.9173553719008265,0.9371482176360225,0.9271461367607117,0.9271461367607117,0.9271461367607117,1066.0,0.26649999618530273
local,local,,,2,95,data_4000_4_3.0_chordal_rep03,val_epoch_task,val,cycle6,,13,,,,,,,,,4000,800.0,431.0,2627.0,142.0,0.6498781478472786,0.8492569002123143,0.736309289932251,0.736309289932251,0.736309289932251,942.0,0.23549999296665192
local,local,,,2,95,data_4000_4_3.0_chordal_rep03,train_epoch,train,,,14,0.1675079228878021,,,,,,,,4000,,,,,,,,,,,
local,local,,,2,95,data_4000_4_3.0_chordal_rep03,val_epoch,val,,,14,,0.18007483553886414,0.95075,0.7994999885559082,0.9138609532138172,0.9123037457466125,0.9123037457466125,0.9123037457466125,4000,,,,,,,,,,,
local,local,,,2,95,data_4000_4_3.0_chordal_rep03,val_epoch_task,val,cycle2,,14,,,,,,,,,4000,1095.0,16.0,2876.0,13.0,0.9855985598559855,0.9882671480144405,0.9869310259819031,0.9869310259819031,0.9869310259819031,1108.0,0.2770000100135803
local,local,,,2,95,data_4000_4_3.0_chordal_rep03,val_epoch_task,val,cycle3,,14,,,,,,,,,4000,1215.0,51.0,2733.0,1.0,0.9597156398104265,0.9991776315789473,0.9790492057800293,0.9790492057800293,0.9790492057800293,1216.0,0.30399999022483826
local,local,,,2,95,data_4000_4_3.0_chordal_rep03,val_epoch_task,val,cycle4,,14,,,,,,,,,4000,1084.0,67.0,2810.0,39.0,0.9417897480451781,0.9652715939447908,0.953386127948761,0.953386127948761,0.953386127948761,1123.0,0.28075000643730164
local,local,,,2,95,data_4000_4_3.0_chordal_rep03,val_epoch_task,val,cycle5,,14,,,,,,,,,4000,1014.0,150.0,2784.0,52.0,0.8711340206185567,0.9512195121951219,0.9094170331954956,0.9094170331954956,0.9094170331954956,1066.0,0.26649999618530273
local,local,,,2,95,data_4000_4_3.0_chordal_rep03,val_epoch_task,val,cycle6,,14,,,,,,,,,4000,817.0,471.0,2587.0,125.0,0.6343167701863354,0.8673036093418259,0.7327354550361633,0.7327354550361633,0.7327354550361633,942.0,0.23549999296665192
local,local,,,2,95,data_4000_4_3.0_chordal_rep03,train_epoch,train,,,15,0.14350257861614227,,,,,,,,4000,,,,,,,,,,,
local,local,,,2,95,data_4000_4_3.0_chordal_rep03,val_epoch,val,,,15,,0.15673324769735336,0.9453,0.7724999785423279,0.9077882670262981,0.911164402961731,0.911164402961731,0.911164402961731,4000,,,,,,,,,,,
local,local,,,2,95,data_4000_4_3.0_chordal_rep03,val_epoch_task,val,cycle2,,15,,,,,,,,,4000,1108.0,3.0,2889.0,0.0,0.9972997299729973,1.0,0.9986480474472046,0.9986480474472046,0.9986480474472046,1108.0,0.2770000100135803
local,local,,,2,95,data_4000_4_3.0_chordal_rep03,val_epoch_task,val,cycle3,,15,,,,,,,,,4000,1216.0,59.0,2725.0,0.0,0.9537254901960784,1.0,0.9763147234916687,0.9763147234916687,0.9763147234916687,1216.0,0.30399999022483826
local,local,,,2,95,data_4000_4_3.0_chordal_rep03,val_epoch_task,val,cycle4,,15,,,,,,,,,4000,1103.0,52.0,2825.0,20.0,0.9549783549783549,0.9821905609973286,0.9683933258056641,0.9683933258056641,0.9683933258056641,1123.0,0.28075000643730164
local,local,,,2,95,data_4000_4_3.0_chordal_rep03,val_epoch_task,val,cycle5,,15,,,,,,,,,4000,1052.0,234.0,2700.0,14.0,0.8180404354587869,0.9868667917448405,0.8945578336715698,0.8945578336715698,0.8945578336715698,1066.0,0.26649999618530273
local,local,,,2,95,data_4000_4_3.0_chordal_rep03,val_epoch_task,val,cycle6,,15,,,,,,,,,4000,906.0,676.0,2382.0,36.0,0.572692793931732,0.9617834394904459,0.7179080843925476,0.7179080843925476,0.7179080843925476,942.0,0.23549999296665192
local,local,,,2,95,data_4000_4_3.0_chordal_rep03,train_epoch,train,,,16,0.15678942811489105,,,,,,,,4000,,,,,,,,,,,
local,local,,,2,95,data_4000_4_3.0_chordal_rep03,val_epoch,val,,,16,,0.1672990604043007,0.9428,0.7732499837875366,0.9040268456375838,0.9068077206611633,0.9068077206611633,0.9068077206611633,4000,,,,,,,,,,,
local,local,,,2,95,data_4000_4_3.0_chordal_rep03,val_epoch_task,val,cycle2,,16,,,,,,,,,4000,1107.0,16.0,2876.0,1.0,0.9857524487978628,0.9990974729241877,0.9923801422119141,0.9923801422119141,0.9923801422119141,1108.0,0.2770000100135803
local,local,,,2,95,data_4000_4_3.0_chordal_rep03,val_epoch_task,val,cycle3,,16,,,,,,,,,4000,1214.0,50.0,2734.0,2.0,0.9604430379746836,0.9983552631578947,0.9790322780609131,0.9790322780609131,0.9790322780609131,1216.0,0.30399999022483826
local,local,,,2,95,data_4000_4_3.0_chordal_rep03,val_epoch_task,val,cycle4,,16,,,,,,,,,4000,1101.0,65.0,2812.0,22.0,0.9442538593481989,0.9804096170970614,0.961992084980011,0.961992084980011,0.961992084980011,1123.0,0.28075000643730164
local,local,,,2,95,data_4000_4_3.0_chordal_rep03,val_epoch_task,val,cycle5,,16,,,,,,,,,4000,1050.0,303.0,2631.0,16.0,0.7760532150776053,0.9849906191369606,0.8681272864341736,0.8681272864341736,0.8681272864341736,1066.0,0.26649999618530273
local,local,,,2,95,data_4000_4_3.0_chordal_rep03,val_epoch_task,val,cycle6,,16,,,,,,,,,4000,916.0,643.0,2415.0,26.0,0.5875561257216164,0.9723991507430998,0.7325069308280945,0.7325069308280945,0.7325069308280945,942.0,0.23549999296665192
local,local,,,2,95,data_4000_4_3.0_chordal_rep03,train_epoch,train,,,17,0.1616529513001442,,,,,,,,4000,,,,,,,,,,,
local,local,,,2,95,data_4000_4_3.0_chordal_rep03,val_epoch,val,,,17,,0.1619998467564583,0.9433,0.7825000286102295,0.9048817312531454,0.9066675305366516,0.9066675305366516,0.9066675305366516,4000,,,,,,,,,,,
local,local,,,2,95,data_4000_4_3.0_chordal_rep03,val_epoch_task,val,cycle2,,17,,,,,,,,,4000,1108.0,17.0,2875.0,0.0,0.9848888888888889,1.0,0.9923869371414185,0.9923869371414185,0.9923869371414185,1108.0,0.2770000100135803
local,local,,,2,95,data_4000_4_3.0_chordal_rep03,val_epoch_task,val,cycle3,,17,,,,,,,,,4000,1215.0,50.0,2734.0,1.0,0.9604743083003953,0.9991776315789473,0.9794437289237976,0.9794437289237976,0.9794437289237976,1216.0,0.30399999022483826
local,local,,,2,95,data_4000_4_3.0_chordal_rep03,val_epoch_task,val,cycle4,,17,,,,,,,,,4000,1106.0,94.0,2783.0,17.0,0.9216666666666666,0.9848619768477292,0.9522169828414917,0.9522169828414917,0.9522169828414917,1123.0,0.28075000643730164
local,local,,,2,95,data_4000_4_3.0_chordal_rep03,val_epoch_task,val,cycle5,,17,,,,,,,,,4000,1057.0,314.0,2620.0,9.0,0.7709700948212983,0.9915572232645403,0.8674600124359131,0.8674600124359131,0.8674600124359131,1066.0,0.26649999618530273
local,local,,,2,95,data_4000_4_3.0_chordal_rep03,val_epoch_task,val,cycle6,,17,,,,,,,,,4000,908.0,598.0,2460.0,34.0,0.602921646746348,0.9639065817409767,0.7418301105499268,0.7418301105499268,0.7418301105499268,942.0,0.23549999296665192
local,local,,,2,95,data_4000_4_3.0_chordal_rep03,train_epoch,train,,,18,0.1549094502925873,,,,,,,,4000,,,,,,,,,,,
local,local,,,2,95,data_4000_4_3.0_chordal_rep03,val_epoch,val,,,18,,0.14722512638568877,0.95375,0.8050000071525574,0.9204027192152138,0.9212544560432434,0.9212544560432434,0.9212544560432434,4000,,,,,,,,,,,
local,local,,,2,95,data_4000_4_3.0_chordal_rep03,val_epoch_task,val,cycle2,,18,,,,,,,,,4000,1106.0,9.0,2883.0,2.0,0.9919282511210762,0.9981949458483754,0.9950516819953918,0.9950516819953918,0.9950516819953918,1108.0,0.2770000100135803
local,local,,,2,95,data_4000_4_3.0_chordal_rep03,val_epoch_task,val,cycle3,,18,,,,,,,,,4000,1215.0,35.0,2749.0,1.0,0.972,0.9991776315789473,0.985401451587677,0.985401451587677,0.985401451587677,1216.0,0.30399999022483826
local,local,,,2,95,data_4000_4_3.0_chordal_rep03,val_epoch_task,val,cycle4,,18,,,,,,,,,4000,1113.0,85.0,2792.0,10.0,0.9290484140233722,0.9910952804986642,0.9590693712234497,0.9590693712234497,0.9590693712234497,1123.0,0.28075000643730164
local,local,,,2,95,data_4000_4_3.0_chordal_rep03,val_epoch_task,val,cycle5,,18,,,,,,,,,4000,1022.0,133.0,2801.0,44.0,0.8848484848484849,0.9587242026266416,0.9203062057495117,0.9203062057495117,0.9203062057495117,1066.0,0.26649999618530273
local,local,,,2,95,data_4000_4_3.0_chordal_rep03,val_epoch_task,val,cycle6,,18,,,,,,,,,4000,892.0,556.0,2502.0,50.0,0.6160220994475138,0.9469214437367304,0.746443510055542,0.746443510055542,0.746443510055542,942.0,0.23549999296665192
local,local,,,2,95,data_4000_4_3.0_chordal_rep03,train_epoch,train,,,19,0.15100242114067078,,,,,,,,4000,,,,,,,,,,,
local,local,,,2,95,data_4000_4_3.0_chordal_rep03,val_epoch,val,,,19,,0.15079195845127105,0.94975,0.7979999780654907,0.9141832465203655,0.9147458076477051,0.9147458076477051,0.9147458076477051,4000,,,,,,,,,,,
local,local,,,2,95,data_4000_4_3.0_chordal_rep03,val_epoch_task,val,cycle2,,19,,,,,,,,,4000,1106.0,5.0,2887.0,2.0,0.9954995499549955,0.9981949458483754,0.9968453645706177,0.9968453645706177,0.9968453645706177,1108.0,0.2770000100135803
local,local,,,2,95,data_4000_4_3.0_chordal_rep03,val_epoch_task,val,cycle3,,19,,,,,,,,,4000,1214.0,59.0,2725.0,2.0,0.9536527886881383,0.9983552631578947,0.9754922389984131,0.9754922389984131,0.9754922389984131,1216.0,0.30399999022483826
local,local,,,2,95,data_4000_4_3.0_chordal_rep03,val_epoch_task,val,cycle4,,19,,,,,,,,,4000,1096.0,60.0,2817.0,27.0,0.9480968858131488,0.9759572573463936,0.9618253707885742,0.9618253707885742,0.9618253707885742,1123.0,0.28075000643730164
local,local,,,2,95,data_4000_4_3.0_chordal_rep03,val_epoch_task,val,cycle5,,19,,,,,,,,,4000,1052.0,254.0,2680.0,14.0,0.8055130168453293,0.9868667917448405,0.887015163898468,0.887015163898468,0.887015163898468,1066.0,0.26649999618530273
local,local,,,2,95,data_4000_4_3.0_chordal_rep03,val_epoch_task,val,cycle6,,19,,,,,,,,,4000,885.0,525.0,2533.0,57.0,0.6276595744680851,0.9394904458598726,0.7525509595870972,0.7525509595870972,0.7525509595870972,942.0,0.23549999296665192
local,local,,,2,95,data_4000_4_3.0_chordal_rep03,train_epoch,train,,,20,0.14659108674526214,,,,,,,,4000,,,,,,,,,,,
local,local,,,2,95,data_4000_4_3.0_chordal_rep03,val_epoch,val,,,20,,0.1523489806652069,0.9571,0.8209999799728394,0.9250131095962245,0.9242717623710632,0.9242717623710632,0.9242717623710632,4000,,,,,,,,,,,
local,local,,,2,95,data_4000_4_3.0_chordal_rep03,val_epoch_task,val,cycle2,,20,,,,,,,,,4000,1105.0,7.0,2885.0,3.0,0.9937050359712231,0.9972924187725631,0.9954954981803894,0.9954954981803894,0.9954954981803894,1108.0,0.2770000100135803
local,local,,,2,95,data_4000_4_3.0_chordal_rep03,val_epoch_task,val,cycle3,,20,,,,,,,,,4000,1216.0,57.0,2727.0,0.0,0.9552238805970149,1.0,0.9770992398262024,0.9770992398262024,0.9770992398262024,1216.0,0.30399999022483826
local,local,,,2,95,data_4000_4_3.0_chordal_rep03,val_epoch_task,val,cycle4,,20,,,,,,,,,4000,1107.0,55.0,2822.0,16.0,0.9526678141135972,0.9857524487978628,0.968927800655365,0.968927800655365,0.968927800655365,1123.0,0.28075000643730164
local,local,,,2,95,data_4000_4_3.0_chordal_rep03,val_epoch_task,val,cycle5,,20,,,,,,,,,4000,1004.0,106.0,2828.0,62.0,0.9045045045045045,0.9418386491557224,0.9227941036224365,0.9227941036224365,0.9227941036224365,1066.0,0.26649999618530273
local,local,,,2,95,data_4000_4_3.0_chordal_rep03,val_epoch_task,val,cycle6,,20,,,,,,,,,4000,860.0,470.0,2588.0,82.0,0.6466165413533834,0.9129511677282378,0.7570422291755676,0.7570422291755676,0.7570422291755676,942.0,0.23549999296665192
local,local,,,2,95,data_4000_4_3.0_chordal_rep03,train_epoch,train,,,21,0.15376973623037338,,,,,,,,4000,,,,,,,,,,,
local,local,,,2,95,data_4000_4_3.0_chordal_rep03,val_epoch,val,,,21,,0.18509037554264068,0.95725,0.8192499876022339,0.9230492304923049,0.9187101125717163,0.9187101125717163,0.9187101125717163,4000,,,,,,,,,,,
local,local,,,2,95,data_4000_4_3.0_chordal_rep03,val_epoch_task,val,cycle2,,21,,,,,,,,,4000,1108.0,15.0,2877.0,0.0,0.9866429207479964,1.0,0.9932765960693359,0.9932765960693359,0.9932765960693359,1108.0,0.2770000100135803
local,local,,,2,95,data_4000_4_3.0_chordal_rep03,val_epoch_task,val,cycle3,,21,,,,,,,,,4000,1216.0,36.0,2748.0,0.0,0.9712460063897763,1.0,0.9854133129119873,0.9854133129119873,0.9854133129119873,1216.0,0.30399999022483826
local,local,,,2,95,data_4000_4_3.0_chordal_rep03,val_epoch_task,val,cycle4,,21,,,,,,,,,4000,1106.0,52.0,2825.0,17.0,0.9550949913644214,0.9848619768477292,0.969750165939331,0.969750165939331,0.969750165939331,1123.0,0.28075000643730164
local,local,,,2,95,data_4000_4_3.0_chordal_rep03,val_epoch_task,val,cycle5,,21,,,,,,,,,4000,933.0,55.0,2879.0,133.0,0.944331983805668,0.875234521575985,0.9084712862968445,0.9084712862968445,0.9084712862968445,1066.0,0.26649999618530273
local,local,,,2,95,data_4000_4_3.0_chordal_rep03,val_epoch_task,val,cycle6,,21,,,,,,,,,4000,765.0,370.0,2688.0,177.0,0.6740088105726872,0.8121019108280255,0.7366393804550171,0.7366393804550171,0.7366393804550171,942.0,0.23549999296665192
local,local,,,2,95,data_4000_4_3.0_chordal_rep03,train_epoch,train,,,22,0.150767954826355,,,,,,,,4000,,,,,,,,,,,
local,local,,,2,95,data_4000_4_3.0_chordal_rep03,val_epoch,val,,,22,,0.1466596336364746,0.9544,0.8084999918937683,0.9212843086483687,0.921328067779541,0.921328067779541,0.921328067779541,4000,,,,,,,,,,,
local,local,,,2,95,data_4000_4_3.0_chordal_rep03,val_epoch_task,val,cycle2,,22,,,,,,,,,4000,1098.0,14.0,2878.0,10.0,0.987410071942446,0.9909747292418772,0.9891892075538635,0.9891892075538635,0.9891892075538635,1108.0,0.2770000100135803
local,local,,,2,95,data_4000_4_3.0_chordal_rep03,val_epoch_task,val,cycle3,,22,,,,,,,,,4000,1207.0,23.0,2761.0,9.0,0.9813008130081301,0.9925986842105263,0.9869174361228943,0.9869174361228943,0.9869174361228943,1216.0,0.30399999022483826
local,local,,,2,95,data_4000_4_3.0_chordal_rep03,val_epoch_task,val,cycle4,,22,,,,,,,,,4000,1109.0,65.0,2812.0,14.0,0.944633730834753,0.98753339269813,0.9656073451042175,0.9656073451042175,0.9656073451042175,1123.0,0.28075000643730164
local,local,,,2,95,data_4000_4_3.0_chordal_rep03,val_epoch_task,val,cycle5,,22,,,,,,,,,4000,1036.0,192.0,2742.0,30.0,0.8436482084690554,0.9718574108818011,0.9032257795333862,0.9032257795333862,0.9032257795333862,1066.0,0.26649999618530273
local,local,,,2,95,data_4000_4_3.0_chordal_rep03,val_epoch_task,val,cycle6,,22,,,,,,,,,4000,887.0,500.0,2558.0,55.0,0.6395097332372026,0.9416135881104034,0.7617002725601196,0.7617002725601196,0.7617002725601196,942.0,0.23549999296665192
local,local,,,2,95,data_4000_4_3.0_chordal_rep03,train_epoch,train,,,23,0.14598764330148697,,,,,,,,4000,,,,,,,,,,,
local,local,,,2,95,data_4000_4_3.0_chordal_rep03,val_epoch,val,,,23,,0.14298988515138625,0.95495,0.8112499713897705,0.9222135888802555,0.9221817851066589,0.9221817851066589,0.9221817851066589,4000,,,,,,,,,,,
local,local,,,2,95,data_4000_4_3.0_chordal_rep03,val_epoch_task,val,cycle2,,23,,,,,,,,,4000,1108.0,22.0,2870.0,0.0,0.9805309734513274,1.0,0.9901698231697083,0.9901698231697083,0.9901698231697083,1108.0,0.2770000100135803
local,local,,,2,95,data_4000_4_3.0_chordal_rep03,val_epoch_task,val,cycle3,,23,,,,,,,,,4000,1215.0,24.0,2760.0,1.0,0.9806295399515739,0.9991776315789473,0.9898167252540588,0.9898167252540588,0.9898167252540588,1216.0,0.30399999022483826
local,local,,,2,95,data_4000_4_3.0_chordal_rep03,val_epoch_task,val,cycle4,,23,,,,,,,,,4000,1110.0,87.0,2790.0,13.0,0.9273182957393483,0.9884238646482636,0.9568965435028076,0.9568965435028076,0.9568965435028076,1123.0,0.28075000643730164
local,local,,,2,95,data_4000_4_3.0_chordal_rep03,val_epoch_task,val,cycle5,,23,,,,,,,,,4000,1016.0,143.0,2791.0,50.0,0.8766177739430544,0.9530956848030019,0.9132583737373352,0.9132583737373352,0.9132583737373352,1066.0,0.26649999618530273
local,local,,,2,95,data_4000_4_3.0_chordal_rep03,val_epoch_task,val,cycle6,,23,,,,,,,,,4000,892.0,511.0,2547.0,50.0,0.6357804704205274,0.9469214437367304,0.7607675790786743,0.7607675790786743,0.7607675790786743,942.0,0.23549999296665192
local,local,,,2,95,data_4000_4_3.0_chordal_rep03,train_epoch,train,,,24,0.13688744899630548,,,,,,,,4000,,,,,,,,,,,
local,local,,,2,95,data_4000_4_3.0_chordal_rep03,val_epoch,val,,,24,,0.14947991991043091,0.9553,0.815750002861023,0.9222067525234946,0.9223071932792664,0.9223071932792664,0.9223071932792664,4000,,,,,,,,,,,
local,local,,,2,95,data_4000_4_3.0_chordal_rep03,val_epoch_task,val,cycle2,,24,,,,,,,,,4000,1108.0,17.0,2875.0,0.0,0.9848888888888889,1.0,0.9923869371414185,0.9923869371414185,0.9923869371414185,1108.0,0.2770000100135803
local,local,,,2,95,data_4000_4_3.0_chordal_rep03,val_epoch_task,val,cycle3,,24,,,,,,,,,4000,1207.0,21.0,2763.0,9.0,0.9828990228013029,0.9925986842105263,0.987725019454956,0.987725019454956,0.987725019454956,1216.0,0.30399999022483826
local,local,,,2,95,data_4000_4_3.0_chordal_rep03,val_epoch_task,val,cycle4,,24,,,,,,,,,4000,1071.0,28.0,2849.0,52.0,0.9745222929936306,0.9536954585930543,0.963996410369873,0.963996410369873,0.963996410369873,1123.0,0.28075000643730164
local,local,,,2,95,data_4000_4_3.0_chordal_rep03,val_epoch_task,val,cycle5,,24,,,,,,,,,4000,1019.0,186.0,2748.0,47.0,0.845643153526971,0.9559099437148217,0.8974020481109619,0.8974020481109619,0.8974020481109619,1066.0,0.26649999618530273
local,local,,,2,95,data_4000_4_3.0_chordal_rep03,val_epoch_task,val,cycle6,,24,,,,,,,,,4000,894.0,486.0,2572.0,48.0,0.6478260869565218,0.9490445859872612,0.7700258493423462,0.7700258493423462,0.7700258493423462,942.0,0.23549999296665192
local,local,,,2,95,data_4000_4_3.0_chordal_rep03,train_epoch,train,,,25,0.14479458993673325,,,,,,,,4000,,,,,,,,,,,
local,local,,,2,95,data_4000_4_3.0_chordal_rep03,val_epoch,val,,,25,,0.13882606279850007,0.9532,0.8025000095367432,0.9198492892618598,0.9201997518539429,0.9201997518539429,0.9201997518539429,4000,,,,,,,,,,,
local,local,,,2,95,data_4000_4_3.0_chordal_rep03,val_epoch_task,val,cycle2,,25,,,,,,,,,4000,1108.0,12.0,2880.0,0.0,0.9892857142857143,1.0,0.9946140050888062,0.9946140050888062,0.9946140050888062,1108.0,0.2770000100135803
local,local,,,2,95,data_4000_4_3.0_chordal_rep03,val_epoch_task,val,cycle3,,25,,,,,,,,,4000,1214.0,41.0,2743.0,2.0,0.9673306772908367,0.9983552631578947,0.9825981259346008,0.9825981259346008,0.9825981259346008,1216.0,0.30399999022483826
local,local,,,2,95,data_4000_4_3.0_chordal_rep03,val_epoch_task,val,cycle4,,25,,,,,,,,,4000,1106.0,52.0,2825.0,17.0,0.9550949913644214,0.9848619768477292,0.969750165939331,0.969750165939331,0.969750165939331,1123.0,0.28075000643730164
local,local,,,2,95,data_4000_4_3.0_chordal_rep03,val_epoch_task,val,cycle5,,25,,,,,,,,,4000,1052.0,236.0,2698.0,14.0,0.8167701863354038,0.9868667917448405,0.893797755241394,0.893797755241394,0.893797755241394,1066.0,0.26649999618530273
local,local,,,2,95,data_4000_4_3.0_chordal_rep03,val_epoch_task,val,cycle6,,25,,,,,,,,,4000,891.0,511.0,2547.0,51.0,0.6355206847360912,0.945859872611465,0.7602388858795166,0.7602388858795166,0.7602388858795166,942.0,0.23549999296665192
local,local,,,2,95,data_4000_4_3.0_chordal_rep03,train_epoch,train,,,26,0.13591500264406203,,,,,,,,4000,,,,,,,,,,,
local,local,,,2,95,data_4000_4_3.0_chordal_rep03,val_epoch,val,,,26,,0.1556258402466774,0.9509,0.7919999957084656,0.9160396716826266,0.9178892374038696,0.9178892374038696,0.9178892374038696,4000,,,,,,,,,,,
local,local,,,2,95,data_4000_4_3.0_chordal_rep03,val_epoch_task,val,cycle2,,26,,,,,,,,,4000,1108.0,36.0,2856.0,0.0,0.9685314685314685,1.0,0.9840142130851746,0.9840142130851746,0.9840142130851746,1108.0,0.2770000100135803
local,local,,,2,95,data_4000_4_3.0_chordal_rep03,val_epoch_task,val,cycle3,,26,,,,,,,,,4000,1210.0,21.0,2763.0,6.0,0.9829406986190089,0.9950657894736842,0.9889660477638245,0.9889660477638245,0.9889660477638245,1216.0,0.30399999022483826
local,local,,,2,95,data_4000_4_3.0_chordal_rep03,val_epoch_task,val,cycle4,,26,,,,,,,,,4000,1091.0,55.0,2822.0,32.0,0.9520069808027923,0.9715048975957258,0.9616571068763733,0.9616571068763733,0.9616571068763733,1123.0,0.28075000643730164
local,local,,,2,95,data_4000_4_3.0_chordal_rep03,val_epoch_task,val,cycle5,,26,,,,,,,,,4000,1037.0,168.0,2766.0,29.0,0.8605809128630706,0.9727954971857411,0.9132540822029114,0.9132540822029114,0.9132540822029114,1066.0,0.26649999618530273
local,local,,,2,95,data_4000_4_3.0_chordal_rep03,val_epoch_task,val,cycle6,,26,,,,,,,,,4000,911.0,604.0,2454.0,31.0,0.6013201320132013,0.9670912951167728,0.7415547966957092,0.7415547966957092,0.7415547966957092,942.0,0.23549999296665192
local,local,,,2,95,data_4000_4_3.0_chordal_rep03,train_epoch,train,,,27,0.13373642510175704,,,,,,,,4000,,,,,,,,,,,
local,local,,,2,95,data_4000_4_3.0_chordal_rep03,val_epoch,val,,,27,,0.13374036365747452,0.9601,0.8314999938011169,0.9303907885554781,0.9294716715812683,0.9294716715812683,0.9294716715812683,4000,,,,,,,,,,,
local,local,,,2,95,data_4000_4_3.0_chordal_rep03,val_epoch_task,val,cycle2,,27,,,,,,,,,4000,1108.0,20.0,2872.0,0.0,0.9822695035460993,1.0,0.9910554885864258,0.9910554885864258,0.9910554885864258,1108.0,0.2770000100135803
local,local,,,2,95,data_4000_4_3.0_chordal_rep03,val_epoch_task,val,cycle3,,27,,,,,,,,,4000,1212.0,19.0,2765.0,4.0,0.9845653939886271,0.9967105263157895,0.9906007647514343,0.9906007647514343,0.9906007647514343,1216.0,0.30399999022483826
local,local,,,2,95,data_4000_4_3.0_chordal_rep03,val_epoch_task,val,cycle4,,27,,,,,,,,,4000,1092.0,33.0,2844.0,31.0,0.9706666666666667,0.9723953695458593,0.9715301990509033,0.9715301990509033,0.9715301990509033,1123.0,0.28075000643730164
local,local,,,2,95,data_4000_4_3.0_chordal_rep03,val_epoch_task,val,cycle5,,27,,,,,,,,,4000,1051.0,164.0,2770.0,15.0,0.8650205761316873,0.9859287054409006,0.9215256571769714,0.9215256571769714,0.9215256571769714,1066.0,0.26649999618530273
local,local,,,2,95,data_4000_4_3.0_chordal_rep03,val_epoch_task,val,cycle6,,27,,,,,,,,,4000,870.0,440.0,2618.0,72.0,0.6641221374045801,0.9235668789808917,0.7726465463638306,0.7726465463638306,0.7726465463638306,942.0,0.23549999296665192
local,local,,,2,95,data_4000_4_3.0_chordal_rep03,train_epoch,train,,,28,0.13401426869630814,,,,,,,,4000,,,,,,,,,,,
local,local,,,2,95,data_4000_4_3.0_chordal_rep03,val_epoch,val,,,28,,0.1317408355474472,0.95585,0.8132500052452087,0.9243423871133579,0.9255993962287903,0.9255993962287903,0.9255993962287903,4000,,,,,,,,,,,
local,local,,,2,95,data_4000_4_3.0_chordal_rep03,val_epoch_task,val,cycle2,,28,,,,,,,,,4000,1108.0,12.0,2880.0,0.0,0.9892857142857143,1.0,0.9946140050888062,0.9946140050888062,0.9946140050888062,1108.0,0.2770000100135803
local,local,,,2,95,data_4000_4_3.0_chordal_rep03,val_epoch_task,val,cycle3,,28,,,,,,,,,4000,1214.0,35.0,2749.0,2.0,0.9719775820656525,0.9983552631578947,0.9849898219108582,0.9849898219108582,0.9849898219108582,1216.0,0.30399999022483826
local,local,,,2,95,data_4000_4_3.0_chordal_rep03,val_epoch_task,val,cycle4,,28,,,,,,,,,4000,1111.0,45.0,2832.0,12.0,0.9610726643598616,0.9893143365983972,0.9749890565872192,0.9749890565872192,0.9749890565872192,1123.0,0.28075000643730164
local,local,,,2,95,data_4000_4_3.0_chordal_rep03,val_epoch_task,val,cycle5,,28,,,,,,,,,4000,1049.0,174.0,2760.0,17.0,0.8577269010629599,0.9840525328330206,0.9165574312210083,0.9165574312210083,0.9165574312210083,1066.0,0.26649999618530273
local,local,,,2,95,data_4000_4_3.0_chordal_rep03,val_epoch_task,val,cycle6,,28,,,,,,,,,4000,912.0,556.0,2502.0,30.0,0.6212534059945504,0.9681528662420382,0.75684654712677,0.75684654712677,0.75684654712677,942.0,0.23549999296665192
local,local,,,2,95,data_4000_4_3.0_chordal_rep03,train_epoch,train,,,29,0.13204137444496156,,,,,,,,4000,,,,,,,,,,,
local,local,,,2,95,data_4000_4_3.0_chordal_rep03,val_epoch,val,,,29,,0.1544160341322422,0.95785,0.8292499780654907,0.9254576001414804,0.9229542016983032,0.9229542016983032,0.9229542016983032,4000,,,,,,,,,,,
local,local,,,2,95,data_4000_4_3.0_chordal_rep03,val_epoch_task,val,cycle2,,29,,,,,,,,,4000,1105.0,19.0,2873.0,3.0,0.9830960854092526,0.9972924187725631,0.990143358707428,0.990143358707428,0.990143358707428,1108.0,0.2770000100135803
local,local,,,2,95,data_4000_4_3.0_chordal_rep03,val_epoch_task,val,cycle3,,29,,,,,,,,,4000,1213.0,31.0,2753.0,3.0,0.97508038585209,0.9975328947368421,0.9861788153648376,0.9861788153648376,0.9861788153648376,1216.0,0.30399999022483826
local,local,,,2,95,data_4000_4_3.0_chordal_rep03,val_epoch_task,val,cycle4,,29,,,,,,,,,4000,1084.0,67.0,2810.0,39.0,0.9417897480451781,0.9652715939447908,0.953386127948761,0.953386127948761,0.953386127948761,1123.0,0.28075000643730164
local,local,,,2,95,data_4000_4_3.0_chordal_rep03,val_epoch_task,val,cycle5,,29,,,,,,,,,4000,1008.0,116.0,2818.0,58.0,0.896797153024911,0.9455909943714822,0.9205479621887207,0.9205479621887207,0.9205479621887207,1066.0,0.26649999618530273
local,local,,,2,95,data_4000_4_3.0_chordal_rep03,val_epoch_task,val,cycle6,,29,,,,,,,,,4000,823.0,388.0,2670.0,119.0,0.6796036333608588,0.8736730360934183,0.7645146250724792,0.7645146250724792,0.7645146250724792,942.0,0.23549999296665192
local,local,,,2,95,data_4000_4_3.0_chordal_rep03,train_epoch,train,,,30,0.13891945552825927,,,,,,,,4000,,,,,,,,,,,
local,local,,,2,95,data_4000_4_3.0_chordal_rep03,val_epoch,val,,,30,,0.1334611042737961,0.9605,0.8259999752044678,0.9306895946657308,0.9295080900192261,0.9295080900192261,0.9295080900192261,4000,,,,,,,,,,,
local,local,,,2,95,data_4000_4_3.0_chordal_rep03,val_epoch_task,val,cycle2,,30,,,,,,,,,4000,1108.0,13.0,2879.0,0.0,0.9884032114183765,1.0,0.9941678047180176,0.9941678047180176,0.9941678047180176,1108.0,0.2770000100135803
local,local,,,2,95,data_4000_4_3.0_chordal_rep03,val_epoch_task,val,cycle3,,30,,,,,,,,,4000,1213.0,18.0,2766.0,3.0,0.9853777416734363,0.9975328947368421,0.9914180636405945,0.9914180636405945,0.9914180636405945,1216.0,0.30399999022483826
local,local,,,2,95,data_4000_4_3.0_chordal_rep03,val_epoch_task,val,cycle4,,30,,,,,,,,,4000,1093.0,28.0,2849.0,30.0,0.9750223015165032,0.9732858414959928,0.9741532802581787,0.9741532802581787,0.9741532802581787,1123.0,0.28075000643730164
local,local,,,2,95,data_4000_4_3.0_chordal_rep03,val_epoch_task,val,cycle5,,30,,,,,,,,,4000,1042.0,137.0,2797.0,24.0,0.8837998303647159,0.9774859287054409,0.9282850623130798,0.9282850623130798,0.9282850623130798,1066.0,0.26649999618530273
local,local,,,2,95,data_4000_4_3.0_chordal_rep03,val_epoch_task,val,cycle6,,30,,,,,,,,,4000,848.0,443.0,2615.0,94.0,0.656855151045701,0.9002123142250531,0.7595163583755493,0.7595163583755493,0.7595163583755493,942.0,0.23549999296665192
local,local,,,2,95,data_4000_4_3.0_chordal_rep03,train_epoch,train,,,31,0.1256744322180748,,,,,,,,4000,,,,,,,,,,,
local,local,,,2,95,data_4000_4_3.0_chordal_rep03,val_epoch,val,,,31,,0.14581490832567215,0.9621,0.8360000252723694,0.9328966005665722,0.931708037853241,0.931708037853241,0.931708037853241,4000,,,,,,,,,,,
local,local,,,2,95,data_4000_4_3.0_chordal_rep03,val_epoch_task,val,cycle2,,31,,,,,,,,,4000,1108.0,16.0,2876.0,0.0,0.9857651245551602,1.0,0.9928315281867981,0.9928315281867981,0.9928315281867981,1108.0,0.2770000100135803
local,local,,,2,95,data_4000_4_3.0_chordal_rep03,val_epoch_task,val,cycle3,,31,,,,,,,,,4000,1214.0,25.0,2759.0,2.0,0.9798224374495561,0.9983552631578947,0.9890020489692688,0.9890020489692688,0.9890020489692688,1216.0,0.30399999022483826
local,local,,,2,95,data_4000_4_3.0_chordal_rep03,val_epoch_task,val,cycle4,,31,,,,,,,,,4000,1099.0,18.0,2859.0,24.0,0.9838854073410922,0.9786286731967943,0.981249988079071,0.981249988079071,0.981249988079071,1123.0,0.28075000643730164
local,local,,,2,95,data_4000_4_3.0_chordal_rep03,val_epoch_task,val,cycle5,,31,,,,,,,,,4000,973.0,88.0,2846.0,93.0,0.9170593779453345,0.9127579737335835,0.9149036407470703,0.9149036407470703,0.9149036407470703,1066.0,0.26649999618530273
local,local,,,2,95,data_4000_4_3.0_chordal_rep03,val_epoch_task,val,cycle6,,31,,,,,,,,,4000,875.0,425.0,2633.0,67.0,0.6730769230769231,0.9288747346072187,0.7805531024932861,0.7805531024932861,0.7805531024932861,942.0,0.23549999296665192
local,local,,,2,95,data_4000_4_3.0_chordal_rep03,train_epoch,train,,,32,0.11982944291830062,,,,,,,,4000,,,,,,,,,,,
local,local,,,2,95,data_4000_4_3.0_chordal_rep03,val_epoch,val,,,32,,0.13472524845600128,0.963,0.8377500176429749,0.9346289752650176,0.9331205487251282,0.9331205487251282,0.9331205487251282,4000,,,,,,,,,,,
local,local,,,2,95,data_4000_4_3.0_chordal_rep03,val_epoch_task,val,cycle2,,32,,,,,,,,,4000,1108.0,15.0,2877.0,0.0,0.9866429207479964,1.0,0.9932765960693359,0.9932765960693359,0.9932765960693359,1108.0,0.2770000100135803
local,local,,,2,95,data_4000_4_3.0_chordal_rep03,val_epoch_task,val,cycle3,,32,,,,,,,,,4000,1214.0,14.0,2770.0,2.0,0.988599348534202,0.9983552631578947,0.9934533834457397,0.9934533834457397,0.9934533834457397,1216.0,0.30399999022483826
local,local,,,2,95,data_4000_4_3.0_chordal_rep03,val_epoch_task,val,cycle4,,32,,,,,,,,,4000,1084.0,21.0,2856.0,39.0,0.9809954751131221,0.9652715939447908,0.973069965839386,0.973069965839386,0.973069965839386,1123.0,0.28075000643730164
local,local,,,2,95,data_4000_4_3.0_chordal_rep03,val_epoch_task,val,cycle5,,32,,,,,,,,,4000,1034.0,113.0,2821.0,32.0,0.9014821272885789,0.9699812382739212,0.9344781041145325,0.9344781041145325,0.9344781041145325,1066.0,0.26649999618530273
local,local,,,2,95,data_4000_4_3.0_chordal_rep03,val_epoch_task,val,cycle6,,32,,,,,,,,,4000,850.0,412.0,2646.0,92.0,0.6735340729001584,0.9023354564755839,0.771324872970581,0.771324872970581,0.771324872970581,942.0,0.23549999296665192
local,local,,,2,95,data_4000_4_3.0_chordal_rep03,train_epoch,train,,,33,0.11423229473829269,,,,,,,,4000,,,,,,,,,,,
local,local,,,2,95,data_4000_4_3.0_chordal_rep03,val_epoch,val,,,33,,0.1534543664455414,0.94455,0.7797499895095825,0.9069084193737933,0.9079529047012329,0.9079529047012329,0.9079529047012329,4000,,,,,,,,,,,
local,local,,,2,95,data_4000_4_3.0_chordal_rep03,val_epoch_task,val,cycle2,,33,,,,,,,,,4000,1108.0,36.0,2856.0,0.0,0.9685314685314685,1.0,0.9840142130851746,0.9840142130851746,0.9840142130851746,1108.0,0.2770000100135803
local,local,,,2,95,data_4000_4_3.0_chordal_rep03,val_epoch_task,val,cycle3,,33,,,,,,,,,4000,1215.0,109.0,2675.0,1.0,0.9176737160120846,0.9991776315789473,0.9566929340362549,0.9566929340362549,0.9566929340362549,1216.0,0.30399999022483826
local,local,,,2,95,data_4000_4_3.0_chordal_rep03,val_epoch_task,val,cycle4,,33,,,,,,,,,4000,1118.0,112.0,2765.0,5.0,0.9089430894308943,0.9955476402493322,0.9502763152122498,0.9502763152122498,0.9502763152122498,1123.0,0.28075000643730164
local,local,,,2,95,data_4000_4_3.0_chordal_rep03,val_epoch_task,val,cycle5,,33,,,,,,,,,4000,1044.0,215.0,2719.0,22.0,0.82922954725973,0.9793621013133208,0.8980645537376404,0.8980645537376404,0.8980645537376404,1066.0,0.26649999618530273
local,local,,,2,95,data_4000_4_3.0_chordal_rep03,val_epoch_task,val,cycle6,,33,,,,,,,,,4000,917.0,584.0,2474.0,25.0,0.6109260493004663,0.9734607218683652,0.7507162690162659,0.7507162690162659,0.7507162690162659,942.0,0.23549999296665192
local,local,,,2,95,data_4000_4_3.0_chordal_rep03,train_epoch,train,,,34,0.11597206455469132,,,,,,,,4000,,,,,,,,,,,
local,local,,,2,95,data_4000_4_3.0_chordal_rep03,val_epoch,val,,,34,,0.16350608611106873,0.9633,0.8445000052452087,0.9342882721575649,0.9319526553153992,0.9319526553153992,0.9319526553153992,4000,,,,,,,,,,,
local,local,,,2,95,data_4000_4_3.0_chordal_rep03,val_epoch_task,val,cycle2,,34,,,,,,,,,4000,1105.0,14.0,2878.0,3.0,0.9874888293118856,0.9972924187725631,0.9923663139343262,0.9923663139343262,0.9923663139343262,1108.0,0.2770000100135803
local,local,,,2,95,data_4000_4_3.0_chordal_rep03,val_epoch_task,val,cycle3,,34,,,,,,,,,4000,1204.0,25.0,2759.0,12.0,0.9796582587469488,0.9901315789473685,0.9848670959472656,0.9848670959472656,0.9848670959472656,1216.0,0.30399999022483826
local,local,,,2,95,data_4000_4_3.0_chordal_rep03,val_epoch_task,val,cycle4,,34,,,,,,,,,4000,1093.0,41.0,2836.0,30.0,0.9638447971781305,0.9732858414959928,0.9685422778129578,0.9685422778129578,0.9685422778129578,1123.0,0.28075000643730164
local,local,,,2,95,data_4000_4_3.0_chordal_rep03,val_epoch_task,val,cycle5,,34,,,,,,,,,4000,972.0,64.0,2870.0,94.0,0.9382239382239382,0.9118198874296435,0.9248335361480713,0.9248335361480713,0.9248335361480713,1066.0,0.26649999618530273
local,local,,,2,95,data_4000_4_3.0_chordal_rep03,val_epoch_task,val,cycle6,,34,,,,,,,,,4000,844.0,353.0,2705.0,98.0,0.7050960735171261,0.8959660297239915,0.7891538143157959,0.7891538143157959,0.7891538143157959,942.0,0.23549999296665192
local,local,,,2,95,data_4000_4_3.0_chordal_rep03,train_epoch,train,,,35,0.13283851873874664,,,,,,,,4000,,,,,,,,,,,
local,local,,,2,95,data_4000_4_3.0_chordal_rep03,val_epoch,val,,,35,,0.12675656190514564,0.9618,0.8372499942779541,0.9333682190825048,0.9319626092910767,0.9319626092910767,0.9319626092910767,4000,,,,,,,,,,,
local,local,,,2,95,data_4000_4_3.0_chordal_rep03,val_epoch_task,val,cycle2,,35,,,,,,,,,4000,1108.0,19.0,2873.0,0.0,0.9831410825199645,1.0,0.9914988875389099,0.9914988875389099,0.9914988875389099,1108.0,0.2770000100135803
local,local,,,2,95,data_4000_4_3.0_chordal_rep03,val_epoch_task,val,cycle3,,35,,,,,,,,,4000,1216.0,28.0,2756.0,0.0,0.977491961414791,1.0,0.9886178970336914,0.9886178970336914,0.9886178970336914,1216.0,0.30399999022483826
local,local,,,2,95,data_4000_4_3.0_chordal_rep03,val_epoch_task,val,cycle4,,35,,,,,,,,,4000,1105.0,49.0,2828.0,18.0,0.9575389948006933,0.9839715048975958,0.9705753326416016,0.9705753326416016,0.9705753326416016,1123.0,0.28075000643730164
local,local,,,2,95,data_4000_4_3.0_chordal_rep03,val_epoch_task,val,cycle5,,35,,,,,,,,,4000,1050.0,157.0,2777.0,16.0,0.8699254349627175,0.9849906191369606,0.9238891005516052,0.9238891005516052,0.9238891005516052,1066.0,0.26649999618530273
local,local,,,2,95,data_4000_4_3.0_chordal_rep03,val_epoch_task,val,cycle6,,35,,,,,,,,,4000,872.0,407.0,2651.0,70.0,0.6817826426896012,0.9256900212314225,0.7852318286895752,0.7852318286895752,0.7852318286895752,942.0,0.23549999296665192
local,local,,,2,95,data_4000_4_3.0_chordal_rep03,train_epoch,train,,,36,0.11052238529920579,,,,,,,,4000,,,,,,,,,,,
local,local,,,2,95,data_4000_4_3.0_chordal_rep03,val_epoch,val,,,36,,0.12873873549699782,0.9684,0.8654999732971191,0.9432063263838963,0.9384088516235352,0.9384088516235352,0.9384088516235352,4000,,,,,,,,,,,
local,local,,,2,95,data_4000_4_3.0_chordal_rep03,val_epoch_task,val,cycle2,,36,,,,,,,,,4000,1108.0,16.0,2876.0,0.0,0.9857651245551602,1.0,0.9928315281867981,0.9928315281867981,0.9928315281867981,1108.0,0.2770000100135803
local,local,,,2,95,data_4000_4_3.0_chordal_rep03,val_epoch_task,val,cycle3,,36,,,,,,,,,4000,1216.0,35.0,2749.0,0.0,0.9720223820943246,1.0,0.9858127236366272,0.9858127236366272,0.9858127236366272,1216.0,0.30399999022483826
local,local,,,2,95,data_4000_4_3.0_chordal_rep03,val_epoch_task,val,cycle4,,36,,,,,,,,,4000,1109.0,49.0,2828.0,14.0,0.957685664939551,0.98753339269813,0.972380518913269,0.972380518913269,0.972380518913269,1123.0,0.28075000643730164
local,local,,,2,95,data_4000_4_3.0_chordal_rep03,val_epoch_task,val,cycle5,,36,,,,,,,,,4000,1039.0,114.0,2820.0,27.0,0.9011274934952298,0.974671669793621,0.9364578723907471,0.9364578723907471,0.9364578723907471,1066.0,0.26649999618530273
local,local,,,2,95,data_4000_4_3.0_chordal_rep03,val_epoch_task,val,cycle6,,36,,,,,,,,,4000,776.0,211.0,2847.0,166.0,0.7862208713272543,0.8237791932059448,0.8045619130134583,0.8045619130134583,0.8045619130134583,942.0,0.23549999296665192
local,local,,,2,95,data_4000_4_3.0_chordal_rep03,train_epoch,train,,,37,0.1208703202009201,,,,,,,,4000,,,,,,,,,,,
local,local,,,2,95,data_4000_4_3.0_chordal_rep03,val_epoch,val,,,37,,0.1462363600730896,0.9608,0.8357499837875366,0.9308153900458878,0.9300483465194702,0.9300483465194702,0.9300483465194702,4000,,,,,,,,,,,
local,local,,,2,95,data_4000_4_3.0_chordal_rep03,val_epoch_task,val,cycle2,,37,,,,,,,,,4000,1108.0,19.0,2873.0,0.0,0.9831410825199645,1.0,0.9914988875389099,0.9914988875389099,0.9914988875389099,1108.0,0.2770000100135803
local,local,,,2,95,data_4000_4_3.0_chordal_rep03,val_epoch_task,val,cycle3,,37,,,,,,,,,4000,1185.0,23.0,2761.0,31.0,0.9809602649006622,0.9745065789473685,0.9777227640151978,0.9777227640151978,0.9777227640151978,1216.0,0.30399999022483826
local,local,,,2,95,data_4000_4_3.0_chordal_rep03,val_epoch_task,val,cycle4,,37,,,,,,,,,4000,1073.0,36.0,2841.0,50.0,0.9675383228133454,0.9554764024933214,0.9614695310592651,0.9614695310592651,0.9614695310592651,1123.0,0.28075000643730164
local,local,,,2,95,data_4000_4_3.0_chordal_rep03,val_epoch_task,val,cycle5,,37,,,,,,,,,4000,1023.0,115.0,2819.0,43.0,0.8989455184534271,0.9596622889305816,0.9283121824264526,0.9283121824264526,0.9283121824264526,1066.0,0.26649999618530273
local,local,,,2,95,data_4000_4_3.0_chordal_rep03,val_epoch_task,val,cycle6,,37,,,,,,,,,4000,885.0,410.0,2648.0,57.0,0.6833976833976834,0.9394904458598726,0.7912383079528809,0.7912383079528809,0.7912383079528809,942.0,0.23549999296665192
local,local,,,2,95,data_4000_4_3.0_chordal_rep03,train_epoch,train,,,38,0.12520319616794587,,,,,,,,4000,,,,,,,,,,,
local,local,,,2,95,data_4000_4_3.0_chordal_rep03,val_epoch,val,,,38,,0.1312038694024086,0.9552,0.8162500262260437,0.9232087761398696,0.9226128458976746,0.9226128458976746,0.9226128458976746,4000,,,,,,,,,,,
local,local,,,2,95,data_4000_4_3.0_chordal_rep03,val_epoch_task,val,cycle2,,38,,,,,,,,,4000,1108.0,22.0,2870.0,0.0,0.9805309734513274,1.0,0.9901698231697083,0.9901698231697083,0.9901698231697083,1108.0,0.2770000100135803
local,local,,,2,95,data_4000_4_3.0_chordal_rep03,val_epoch_task,val,cycle3,,38,,,,,,,,,4000,1216.0,43.0,2741.0,0.0,0.965845909451946,1.0,0.9826262593269348,0.9826262593269348,0.9826262593269348,1216.0,0.30399999022483826
local,local,,,2,95,data_4000_4_3.0_chordal_rep03,val_epoch_task,val,cycle4,,38,,,,,,,,,4000,1117.0,99.0,2778.0,6.0,0.9185855263157895,0.9946571682991986,0.9551090598106384,0.9551090598106384,0.9551090598106384,1123.0,0.28075000643730164
local,local,,,2,95,data_4000_4_3.0_chordal_rep03,val_epoch_task,val,cycle5,,38,,,,,,,,,4000,1050.0,197.0,2737.0,16.0,0.8420208500400962,0.9849906191369606,0.9079118371009827,0.9079118371009827,0.9079118371009827,1066.0,0.26649999618530273
local,local,,,2,95,data_4000_4_3.0_chordal_rep03,val_epoch_task,val,cycle6,,38,,,,,,,,,4000,895.0,466.0,2592.0,47.0,0.6576047024246877,0.9501061571125266,0.7772470116615295,0.7772470116615295,0.7772470116615295,942.0,0.23549999296665192
local,local,,,2,95,data_4000_4_3.0_chordal_rep03,train_epoch,train,,,39,0.11387589067220688,,,,,,,,4000,,,,,,,,,,,
local,local,,,2,95,data_4000_4_3.0_chordal_rep03,val_epoch,val,,,39,,0.11892291241884231,0.96195,0.8420000076293945,0.9338318407095036,0.9322221875190735,0.9322221875190735,0.9322221875190735,4000,,,,,,,,,,,
local,local,,,2,95,data_4000_4_3.0_chordal_rep03,val_epoch_task,val,cycle2,,39,,,,,,,,,4000,1108.0,15.0,2877.0,0.0,0.9866429207479964,1.0,0.9932765960693359,0.9932765960693359,0.9932765960693359,1108.0,0.2770000100135803
local,local,,,2,95,data_4000_4_3.0_chordal_rep03,val_epoch_task,val,cycle3,,39,,,,,,,,,4000,1215.0,28.0,2756.0,1.0,0.9774738535800482,0.9991776315789473,0.9882066249847412,0.9882066249847412,0.9882066249847412,1216.0,0.30399999022483826
local,local,,,2,95,data_4000_4_3.0_chordal_rep03,val_epoch_task,val,cycle4,,39,,,,,,,,,4000,1116.0,62.0,2815.0,7.0,0.9473684210526315,0.993766696349065,0.9700130820274353,0.9700130820274353,0.9700130820274353,1123.0,0.28075000643730164
local,local,,,2,95,data_4000_4_3.0_chordal_rep03,val_epoch_task,val,cycle5,,39,,,,,,,,,4000,1054.0,197.0,2737.0,12.0,0.8425259792166268,0.9887429643527205,0.9097971320152283,0.9097971320152283,0.9097971320152283,1066.0,0.26649999618530273
local,local,,,2,95,data_4000_4_3.0_chordal_rep03,val_epoch_task,val,cycle6,,39,,,,,,,,,4000,877.0,374.0,2684.0,65.0,0.701039168665068,0.9309978768577495,0.7998176217079163,0.7998176217079163,0.7998176217079163,942.0,0.23549999296665192
local,local,,,2,95,data_4000_4_3.0_chordal_rep03,train_epoch,train,,,40,0.11825622642040252,,,,,,,,4000,,,,,,,,,,,
local,local,,,2,95,data_4000_4_3.0_chordal_rep03,val_epoch,val,,,40,,0.11142775750160218,0.9657,0.8537499904632568,0.9400873362445415,0.9390646815299988,0.9390646815299988,0.9390646815299988,4000,,,,,,,,,,,
local,local,,,2,95,data_4000_4_3.0_chordal_rep03,val_epoch_task,val,cycle2,,40,,,,,,,,,4000,1108.0,11.0,2881.0,0.0,0.9901697944593387,1.0,0.9950606822967529,0.9950606822967529,0.9950606822967529,1108.0,0.2770000100135803
local,local,,,2,95,data_4000_4_3.0_chordal_rep03,val_epoch_task,val,cycle3,,40,,,,,,,,,4000,1215.0,26.0,2758.0,1.0,0.9790491539081386,0.9991776315789473,0.9890109896659851,0.9890109896659851,0.9890109896659851,1216.0,0.30399999022483826
local,local,,,2,95,data_4000_4_3.0_chordal_rep03,val_epoch_task,val,cycle4,,40,,,,,,,,,4000,1115.0,51.0,2826.0,8.0,0.9562607204116638,0.9928762243989314,0.9742245674133301,0.9742245674133301,0.9742245674133301,1123.0,0.28075000643730164
local,local,,,2,95,data_4000_4_3.0_chordal_rep03,val_epoch_task,val,cycle5,,40,,,,,,,,,4000,1046.0,124.0,2810.0,20.0,0.8940170940170941,0.9812382739212008,0.9355992674827576,0.9355992674827576,0.9355992674827576,1066.0,0.26649999618530273
local,local,,,2,95,data_4000_4_3.0_chordal_rep03,val_epoch_task,val,cycle6,,40,,,,,,,,,4000,898.0,401.0,2657.0,44.0,0.6913010007698229,0.9532908704883227,0.801427960395813,0.801427960395813,0.801427960395813,942.0,0.23549999296665192
local,local,,,2,95,data_4000_4_3.0_chordal_rep03,train_epoch,train,,,41,0.10117589813470841,,,,,,,,4000,,,,,,,,,,,
local,local,,,2,95,data_4000_4_3.0_chordal_rep03,val_epoch,val,,,41,,0.12509796863794326,0.9711,0.8784999847412109,0.9476923076923077,0.9446406364440918,0.9446406364440918,0.9446406364440918,4000,,,,,,,,,,,
local,local,,,2,95,data_4000_4_3.0_chordal_rep03,val_epoch_task,val,cycle2,,41,,,,,,,,,4000,1108.0,5.0,2887.0,0.0,0.995507637017071,1.0,0.9977487325668335,0.9977487325668335,0.9977487325668335,1108.0,0.2770000100135803
local,local,,,2,95,data_4000_4_3.0_chordal_rep03,val_epoch_task,val,cycle3,,41,,,,,,,,,4000,1211.0,11.0,2773.0,5.0,0.9909983633387889,0.9958881578947368,0.9934372901916504,0.9934372901916504,0.9934372901916504,1216.0,0.30399999022483826
local,local,,,2,95,data_4000_4_3.0_chordal_rep03,val_epoch_task,val,cycle4,,41,,,,,,,,,4000,1095.0,34.0,2843.0,28.0,0.9698848538529672,0.97506678539626,0.972468912601471,0.972468912601471,0.972468912601471,1123.0,0.28075000643730164
local,local,,,2,95,data_4000_4_3.0_chordal_rep03,val_epoch_task,val,cycle5,,41,,,,,,,,,4000,977.0,51.0,2883.0,89.0,0.9503891050583657,0.9165103189493433,0.9331422448158264,0.9331422448158264,0.9331422448158264,1066.0,0.26649999618530273
local,local,,,2,95,data_4000_4_3.0_chordal_rep03,val_epoch_task,val,cycle6,,41,,,,,,,,,4000,845.0,258.0,2800.0,97.0,0.7660924750679964,0.8970276008492569,0.8264058828353882,0.8264058828353882,0.8264058828353882,942.0,0.23549999296665192
local,local,,,2,95,data_4000_4_3.0_chordal_rep03,train_epoch,train,,,42,0.10880452209711075,,,,,,,,4000,,,,,,,,,,,
local,local,,,2,95,data_4000_4_3.0_chordal_rep03,val_epoch,val,,,42,,0.10955966943502427,0.97085,0.8757500052452087,0.9482007996446024,0.9459325671195984,0.9459325671195984,0.9459325671195984,4000,,,,,,,,,,,
local,local,,,2,95,data_4000_4_3.0_chordal_rep03,val_epoch_task,val,cycle2,,42,,,,,,,,,4000,1106.0,10.0,2882.0,2.0,0.9910394265232975,0.9981949458483754,0.9946042895317078,0.9946042895317078,0.9946042895317078,1108.0,0.2770000100135803
local,local,,,2,95,data_4000_4_3.0_chordal_rep03,val_epoch_task,val,cycle3,,42,,,,,,,,,4000,1211.0,15.0,2769.0,5.0,0.9877650897226754,0.9958881578947368,0.9918099641799927,0.9918099641799927,0.9918099641799927,1216.0,0.30399999022483826
local,local,,,2,95,data_4000_4_3.0_chordal_rep03,val_epoch_task,val,cycle4,,42,,,,,,,,,4000,1112.0,64.0,2813.0,11.0,0.9455782312925171,0.9902048085485308,0.9673770666122437,0.9673770666122437,0.9673770666122437,1123.0,0.28075000643730164
local,local,,,2,95,data_4000_4_3.0_chordal_rep03,val_epoch_task,val,cycle5,,42,,,,,,,,,4000,1035.0,84.0,2850.0,31.0,0.9249329758713136,0.9709193245778611,0.9473683834075928,0.9473683834075928,0.9473683834075928,1066.0,0.26649999618530273
local,local,,,2,95,data_4000_4_3.0_chordal_rep03,val_epoch_task,val,cycle6,,42,,,,,,,,,4000,872.0,291.0,2767.0,70.0,0.7497850386930353,0.9256900212314225,0.8285035490989685,0.8285035490989685,0.8285035490989685,942.0,0.23549999296665192
local,local,,,2,95,data_4000_4_3.0_chordal_rep03,train_epoch,train,,,43,0.10437219363451004,,,,,,,,4000,,,,,,,,,,,
local,local,,,2,95,data_4000_4_3.0_chordal_rep03,val_epoch,val,,,43,,0.10694000799953937,0.9688,0.8659999966621399,0.9450704225352113,0.943385899066925,0.943385899066925,0.943385899066925,4000,,,,,,,,,,,
local,local,,,2,95,data_4000_4_3.0_chordal_rep03,val_epoch_task,val,cycle2,,43,,,,,,,,,4000,1101.0,9.0,2883.0,7.0,0.9918918918918919,0.9936823104693141,0.9927862882614136,0.9927862882614136,0.9927862882614136,1108.0,0.2770000100135803
local,local,,,2,95,data_4000_4_3.0_chordal_rep03,val_epoch_task,val,cycle3,,43,,,,,,,,,4000,1212.0,24.0,2760.0,4.0,0.9805825242718447,0.9967105263157895,0.9885808229446411,0.9885808229446411,0.9885808229446411,1216.0,0.30399999022483826
local,local,,,2,95,data_4000_4_3.0_chordal_rep03,val_epoch_task,val,cycle4,,43,,,,,,,,,4000,1113.0,81.0,2796.0,10.0,0.9321608040201005,0.9910952804986642,0.9607250690460205,0.9607250690460205,0.9607250690460205,1123.0,0.28075000643730164
local,local,,,2,95,data_4000_4_3.0_chordal_rep03,val_epoch_task,val,cycle5,,43,,,,,,,,,4000,1044.0,107.0,2827.0,22.0,0.9070373588184187,0.9793621013133208,0.9418132901191711,0.9418132901191711,0.9418132901191711,1066.0,0.26649999618530273
local,local,,,2,95,data_4000_4_3.0_chordal_rep03,val_epoch_task,val,cycle6,,43,,,,,,,,,4000,898.0,316.0,2742.0,44.0,0.7397034596375618,0.9532908704883227,0.8330241441726685,0.8330241441726685,0.8330241441726685,942.0,0.23549999296665192
local,local,,,2,95,data_4000_4_3.0_chordal_rep03,train_epoch,train,,,44,0.0978779974579811,,,,,,,,4000,,,,,,,,,,,
local,local,,,2,95,data_4000_4_3.0_chordal_rep03,val_epoch,val,,,44,,0.13252233058214188,0.9649,0.8507500290870667,0.9381388790976383,0.9375120401382446,0.9375120401382446,0.9375120401382446,4000,,,,,,,,,,,
local,local,,,2,95,data_4000_4_3.0_chordal_rep03,val_epoch_task,val,cycle2,,44,,,,,,,,,4000,1107.0,12.0,2880.0,1.0,0.9892761394101877,0.9990974729241877,0.9941625595092773,0.9941625595092773,0.9941625595092773,1108.0,0.2770000100135803
local,local,,,2,95,data_4000_4_3.0_chordal_rep03,val_epoch_task,val,cycle3,,44,,,,,,,,,4000,1213.0,29.0,2755.0,3.0,0.9766505636070854,0.9975328947368421,0.9869812726974487,0.9869812726974487,0.9869812726974487,1216.0,0.30399999022483826
local,local,,,2,95,data_4000_4_3.0_chordal_rep03,val_epoch_task,val,cycle4,,44,,,,,,,,,4000,1102.0,44.0,2833.0,21.0,0.9616055846422339,0.981300089047195,0.9713531136512756,0.9713531136512756,0.9713531136512756,1123.0,0.28075000643730164
local,local,,,2,95,data_4000_4_3.0_chordal_rep03,val_epoch_task,val,cycle5,,44,,,,,,,,,4000,984.0,67.0,2867.0,82.0,0.9362511893434824,0.9230769230769231,0.9296174049377441,0.9296174049377441,0.9296174049377441,1066.0,0.26649999618530273
local,local,,,2,95,data_4000_4_3.0_chordal_rep03,val_epoch_task,val,cycle6,,44,,,,,,,,,4000,917.0,418.0,2640.0,25.0,0.6868913857677903,0.9734607218683652,0.8054457306861877,0.8054457306861877,0.8054457306861877,942.0,0.23549999296665192
local,local,,,2,95,data_4000_4_3.0_chordal_rep03,train_epoch,train,,,45,0.11805910724401474,,,,,,,,4000,,,,,,,,,,,
local,local,,,2,95,data_4000_4_3.0_chordal_rep03,val_epoch,val,,,45,,0.11823450845479966,0.97065,0.878250002861023,0.9473872904902751,0.943952202796936,0.943952202796936,0.943952202796936,4000,,,,,,,,,,,
local,local,,,2,95,data_4000_4_3.0_chordal_rep03,val_epoch_task,val,cycle2,,45,,,,,,,,,4000,1108.0,16.0,2876.0,0.0,0.9857651245551602,1.0,0.9928315281867981,0.9928315281867981,0.9928315281867981,1108.0,0.2770000100135803
local,local,,,2,95,data_4000_4_3.0_chordal_rep03,val_epoch_task,val,cycle3,,45,,,,,,,,,4000,1215.0,23.0,2761.0,1.0,0.981421647819063,0.9991776315789473,0.9902200102806091,0.9902200102806091,0.9902200102806091,1216.0,0.30399999022483826
local,local,,,2,95,data_4000_4_3.0_chordal_rep03,val_epoch_task,val,cycle4,,45,,,,,,,,,4000,1108.0,44.0,2833.0,15.0,0.9618055555555556,0.9866429207479964,0.9740659594535828,0.9740659594535828,0.9740659594535828,1123.0,0.28075000643730164
local,local,,,2,95,data_4000_4_3.0_chordal_rep03,val_epoch_task,val,cycle5,,45,,,,,,,,,4000,1026.0,91.0,2843.0,40.0,0.918531781557744,0.9624765478424016,0.939990758895874,0.939990758895874,0.939990758895874,1066.0,0.26649999618530273
local,local,,,2,95,data_4000_4_3.0_chordal_rep03,val_epoch_task,val,cycle6,,45,,,,,,,,,4000,828.0,243.0,2815.0,114.0,0.773109243697479,0.8789808917197452,0.8226528167724609,0.8226528167724609,0.8226528167724609,942.0,0.23549999296665192
local,local,,,2,95,data_4000_4_3.0_chordal_rep03,train_epoch,train,,,46,0.10154518246650696,,,,,,,,4000,,,,,,,,,,,
local,local,,,2,95,data_4000_4_3.0_chordal_rep03,val_epoch,val,,,46,,0.1260008088350296,0.9664,0.8610000014305115,0.9404677533664069,0.9377567172050476,0.9377567172050476,0.9377567172050476,4000,,,,,,,,,,,
local,local,,,2,95,data_4000_4_3.0_chordal_rep03,val_epoch_task,val,cycle2,,46,,,,,,,,,4000,1107.0,13.0,2879.0,1.0,0.9883928571428572,0.9990974729241877,0.9937163591384888,0.9937163591384888,0.9937163591384888,1108.0,0.2770000100135803
local,local,,,2,95,data_4000_4_3.0_chordal_rep03,val_epoch_task,val,cycle3,,46,,,,,,,,,4000,1214.0,23.0,2761.0,2.0,0.9814066289409863,0.9983552631578947,0.9898084402084351,0.9898084402084351,0.9898084402084351,1216.0,0.30399999022483826
local,local,,,2,95,data_4000_4_3.0_chordal_rep03,val_epoch_task,val,cycle4,,46,,,,,,,,,4000,1107.0,54.0,2823.0,16.0,0.9534883720930233,0.9857524487978628,0.9693520069122314,0.9693520069122314,0.9693520069122314,1123.0,0.28075000643730164
local,local,,,2,95,data_4000_4_3.0_chordal_rep03,val_epoch_task,val,cycle5,,46,,,,,,,,,4000,1037.0,118.0,2816.0,29.0,0.8978354978354979,0.9727954971857411,0.9338136315345764,0.9338136315345764,0.9338136315345764,1066.0,0.26649999618530273
local,local,,,2,95,data_4000_4_3.0_chordal_rep03,val_epoch_task,val,cycle6,,46,,,,,,,,,4000,843.0,317.0,2741.0,99.0,0.7267241379310345,0.8949044585987261,0.8020932674407959,0.8020932674407959,0.8020932674407959,942.0,0.23549999296665192
local,local,,,2,95,data_4000_4_3.0_chordal_rep03,train_epoch,train,,,47,0.11389061975479126,,,,,,,,4000,,,,,,,,,,,
local,local,,,2,95,data_4000_4_3.0_chordal_rep03,val_epoch,val,,,47,,0.11650437313318253,0.964,0.8485000133514404,0.9372822299651569,0.9361238479614258,0.9361238479614258,0.9361238479614258,4000,,,,,,,,,,,
local,local,,,2,95,data_4000_4_3.0_chordal_rep03,val_epoch_task,val,cycle2,,47,,,,,,,,,4000,1108.0,17.0,2875.0,0.0,0.9848888888888889,1.0,0.9923869371414185,0.9923869371414185,0.9923869371414185,1108.0,0.2770000100135803
local,local,,,2,95,data_4000_4_3.0_chordal_rep03,val_epoch_task,val,cycle3,,47,,,,,,,,,4000,1215.0,50.0,2734.0,1.0,0.9604743083003953,0.9991776315789473,0.9794437289237976,0.9794437289237976,0.9794437289237976,1216.0,0.30399999022483826
local,local,,,2,95,data_4000_4_3.0_chordal_rep03,val_epoch_task,val,cycle4,,47,,,,,,,,,4000,1107.0,43.0,2834.0,16.0,0.9626086956521739,0.9857524487978628,0.9740431308746338,0.9740431308746338,0.9740431308746338,1123.0,0.28075000643730164
local,local,,,2,95,data_4000_4_3.0_chordal_rep03,val_epoch_task,val,cycle5,,47,,,,,,,,,4000,1057.0,146.0,2788.0,9.0,0.8786367414796342,0.9915572232645403,0.9316880106925964,0.9316880106925964,0.9316880106925964,1066.0,0.26649999618530273
local,local,,,2,95,data_4000_4_3.0_chordal_rep03,val_epoch_task,val,cycle6,,47,,,,,,,,,4000,893.0,389.0,2669.0,49.0,0.6965678627145085,0.9479830148619958,0.8030575513839722,0.8030575513839722,0.8030575513839722,942.0,0.23549999296665192
local,local,,,2,95,data_4000_4_3.0_chordal_rep03,train_epoch,train,,,48,0.10954106122255325,,,,,,,,4000,,,,,,,,,,,
local,local,,,2,95,data_4000_4_3.0_chordal_rep03,val_epoch,val,,,48,,0.1300686255097389,0.958,0.8339999914169312,0.9275612280096585,0.9264545440673828,0.9264545440673828,0.9264545440673828,4000,,,,,,,,,,,
local,local,,,2,95,data_4000_4_3.0_chordal_rep03,val_epoch_task,val,cycle2,,48,,,,,,,,,4000,1108.0,21.0,2871.0,0.0,0.9813994685562445,1.0,0.9906123876571655,0.9906123876571655,0.9906123876571655,1108.0,0.2770000100135803
local,local,,,2,95,data_4000_4_3.0_chordal_rep03,val_epoch_task,val,cycle3,,48,,,,,,,,,4000,1216.0,26.0,2758.0,0.0,0.9790660225442834,1.0,0.9894222617149353,0.9894222617149353,0.9894222617149353,1216.0,0.30399999022483826
local,local,,,2,95,data_4000_4_3.0_chordal_rep03,val_epoch_task,val,cycle4,,48,,,,,,,,,4000,1109.0,102.0,2775.0,14.0,0.9157720891824938,0.98753339269813,0.9502999186515808,0.9502999186515808,0.9502999186515808,1123.0,0.28075000643730164
local,local,,,2,95,data_4000_4_3.0_chordal_rep03,val_epoch_task,val,cycle5,,48,,,,,,,,,4000,1050.0,200.0,2734.0,16.0,0.84,0.9849906191369606,0.9067357778549194,0.9067357778549194,0.9067357778549194,1066.0,0.26649999618530273
local,local,,,2,95,data_4000_4_3.0_chordal_rep03,val_epoch_task,val,cycle6,,48,,,,,,,,,4000,895.0,414.0,2644.0,47.0,0.6837280366692131,0.9501061571125266,0.7952021360397339,0.7952021360397339,0.7952021360397339,942.0,0.23549999296665192
local,local,,,2,95,data_4000_4_3.0_chordal_rep03,train_epoch,train,,,49,0.09808659601211547,,,,,,,,4000,,,,,,,,,,,
local,local,,,2,95,data_4000_4_3.0_chordal_rep03,val_epoch,val,,,49,,0.10894426989555359,0.97445,0.8939999938011169,0.9540508947037136,0.9509118795394897,0.9509118795394897,0.9509118795394897,4000,,,,,,,,,,,
local,local,,,2,95,data_4000_4_3.0_chordal_rep03,val_epoch_task,val,cycle2,,49,,,,,,,,,4000,1107.0,16.0,2876.0,1.0,0.9857524487978628,0.9990974729241877,0.9923801422119141,0.9923801422119141,0.9923801422119141,1108.0,0.2770000100135803
local,local,,,2,95,data_4000_4_3.0_chordal_rep03,val_epoch_task,val,cycle3,,49,,,,,,,,,4000,1213.0,10.0,2774.0,3.0,0.9918233851185609,0.9975328947368421,0.9946699142456055,0.9946699142456055,0.9946699142456055,1216.0,0.30399999022483826
local,local,,,2,95,data_4000_4_3.0_chordal_rep03,val_epoch_task,val,cycle4,,49,,,,,,,,,4000,1101.0,33.0,2844.0,22.0,0.9708994708994709,0.9804096170970614,0.9756314158439636,0.9756314158439636,0.9756314158439636,1123.0,0.28075000643730164
local,local,,,2,95,data_4000_4_3.0_chordal_rep03,val_epoch_task,val,cycle5,,49,,,,,,,,,4000,1041.0,99.0,2835.0,25.0,0.9131578947368421,0.9765478424015009,0.9437896609306335,0.9437896609306335,0.9437896609306335,1066.0,0.26649999618530273
local,local,,,2,95,data_4000_4_3.0_chordal_rep03,val_epoch_task,val,cycle6,,49,,,,,,,,,4000,843.0,203.0,2855.0,99.0,0.8059273422562141,0.8949044585987261,0.8480885028839111,0.8480885028839111,0.8480885028839111,942.0,0.23549999296665192
local,local,,,2,95,data_4000_4_3.0_chordal_rep03,train_epoch,train,,,50,0.09655389147996903,,,,,,,,4000,,,,,,,,,,,
local,local,,,2,95,data_4000_4_3.0_chordal_rep03,val_epoch,val,,,50,,0.1175304388999939,0.96345,0.8452500104904175,0.9365946742995924,0.9360953569412231,0.9360953569412231,0.9360953569412231,4000,,,,,,,,,,,
local,local,,,2,95,data_4000_4_3.0_chordal_rep03,val_epoch_task,val,cycle2,,50,,,,,,,,,4000,1108.0,15.0,2877.0,0.0,0.9866429207479964,1.0,0.9932765960693359,0.9932765960693359,0.9932765960693359,1108.0,0.2770000100135803
local,local,,,2,95,data_4000_4_3.0_chordal_rep03,val_epoch_task,val,cycle3,,50,,,,,,,,,4000,1216.0,17.0,2767.0,0.0,0.986212489862125,1.0,0.9930583834648132,0.9930583834648132,0.9930583834648132,1216.0,0.30399999022483826
local,local,,,2,95,data_4000_4_3.0_chordal_rep03,val_epoch_task,val,cycle4,,50,,,,,,,,,4000,1114.0,77.0,2800.0,9.0,0.9353484466834593,0.9919857524487978,0.962834894657135,0.962834894657135,0.962834894657135,1123.0,0.28075000643730164
local,local,,,2,95,data_4000_4_3.0_chordal_rep03,val_epoch_task,val,cycle5,,50,,,,,,,,,4000,1049.0,126.0,2808.0,17.0,0.8927659574468085,0.9840525328330206,0.9361892342567444,0.9361892342567444,0.9361892342567444,1066.0,0.26649999618530273
local,local,,,2,95,data_4000_4_3.0_chordal_rep03,val_epoch_task,val,cycle6,,50,,,,,,,,,4000,912.0,440.0,2618.0,30.0,0.6745562130177515,0.9681528662420382,0.7951177358627319,0.7951177358627319,0.7951177358627319,942.0,0.23549999296665192
local,local,,,2,95,data_4000_4_3.0_chordal_rep03,train_epoch,train,,,51,0.10994847083091736,,,,,,,,4000,,,,,,,,,,,
local,local,,,2,95,data_4000_4_3.0_chordal_rep03,val_epoch,val,,,51,,0.14859932678937912,0.9687,0.8697500228881836,0.9432354007979687,0.9384545087814331,0.9384545087814331,0.9384545087814331,4000,,,,,,,,,,,
local,local,,,2,95,data_4000_4_3.0_chordal_rep03,val_epoch_task,val,cycle2,,51,,,,,,,,,4000,1103.0,13.0,2879.0,5.0,0.9883512544802867,0.9954873646209387,0.9919065237045288,0.9919065237045288,0.9919065237045288,1108.0,0.2770000100135803
local,local,,,2,95,data_4000_4_3.0_chordal_rep03,val_epoch_task,val,cycle3,,51,,,,,,,,,4000,1216.0,23.0,2761.0,0.0,0.9814366424535916,1.0,0.9906313419342041,0.9906313419342041,0.9906313419342041,1216.0,0.30399999022483826
local,local,,,2,95,data_4000_4_3.0_chordal_rep03,val_epoch_task,val,cycle4,,51,,,,,,,,,4000,1086.0,51.0,2826.0,37.0,0.9551451187335093,0.9670525378450578,0.961061954498291,0.961061954498291,0.961061954498291,1123.0,0.28075000643730164
local,local,,,2,95,data_4000_4_3.0_chordal_rep03,val_epoch_task,val,cycle5,,51,,,,,,,,,4000,1021.0,88.0,2846.0,45.0,0.9206492335437331,0.9577861163227017,0.9388505816459656,0.9388505816459656,0.9388505816459656,1066.0,0.26649999618530273
local,local,,,2,95,data_4000_4_3.0_chordal_rep03,val_epoch_task,val,cycle6,,51,,,,,,,,,4000,775.0,197.0,2861.0,167.0,0.7973251028806584,0.8227176220806794,0.8098223209381104,0.8098223209381104,0.8098223209381104,942.0,0.23549999296665192
local,local,,,2,95,data_4000_4_3.0_chordal_rep03,train_epoch,train,,,52,0.09368824750185013,,,,,,,,4000,,,,,,,,,,,
local,local,,,2,95,data_4000_4_3.0_chordal_rep03,val_epoch,val,,,52,,0.10844310826063155,0.9722,0.8802499771118164,0.9506041222459132,0.9483827352523804,0.9483827352523804,0.9483827352523804,4000,,,,,,,,,,,
local,local,,,2,95,data_4000_4_3.0_chordal_rep03,val_epoch_task,val,cycle2,,52,,,,,,,,,4000,1108.0,21.0,2871.0,0.0,0.9813994685562445,1.0,0.9906123876571655,0.9906123876571655,0.9906123876571655,1108.0,0.2770000100135803
local,local,,,2,95,data_4000_4_3.0_chordal_rep03,val_epoch_task,val,cycle3,,52,,,,,,,,,4000,1207.0,20.0,2764.0,9.0,0.9837000814995925,0.9925986842105263,0.9881293773651123,0.9881293773651123,0.9881293773651123,1216.0,0.30399999022483826
local,local,,,2,95,data_4000_4_3.0_chordal_rep03,val_epoch_task,val,cycle4,,52,,,,,,,,,4000,1117.0,57.0,2820.0,6.0,0.9514480408858603,0.9946571682991986,0.9725728631019592,0.9725728631019592,0.9725728631019592,1123.0,0.28075000643730164
local,local,,,2,95,data_4000_4_3.0_chordal_rep03,val_epoch_task,val,cycle5,,52,,,,,,,,,4000,1036.0,86.0,2848.0,30.0,0.9233511586452763,0.9718574108818011,0.9469835758209229,0.9469835758209229,0.9469835758209229,1066.0,0.26649999618530273
local,local,,,2,95,data_4000_4_3.0_chordal_rep03,val_epoch_task,val,cycle6,,52,,,,,,,,,4000,882.0,267.0,2791.0,60.0,0.7676240208877284,0.9363057324840764,0.8436155319213867,0.8436155319213867,0.8436155319213867,942.0,0.23549999296665192
local,local,,,2,95,data_4000_4_3.0_chordal_rep03,train_epoch,train,,,53,0.10447918181121349,,,,,,,,4000,,,,,,,,,,,
local,local,,,2,95,data_4000_4_3.0_chordal_rep03,val_epoch,val,,,53,,0.13887256091833114,0.9611,0.8349999785423279,0.9314899612539627,0.9324550628662109,0.9324550628662109,0.9324550628662109,4000,,,,,,,,,,,
local,local,,,2,95,data_4000_4_3.0_chordal_rep03,val_epoch_task,val,cycle2,,53,,,,,,,,,4000,1105.0,9.0,2883.0,3.0,0.9919210053859964,0.9972924187725631,0.9945994019508362,0.9945994019508362,0.9945994019508362,1108.0,0.2770000100135803
local,local,,,2,95,data_4000_4_3.0_chordal_rep03,val_epoch_task,val,cycle3,,53,,,,,,,,,4000,1208.0,18.0,2766.0,8.0,0.9853181076672104,0.993421052631579,0.9893530011177063,0.9893530011177063,0.9893530011177063,1216.0,0.30399999022483826
local,local,,,2,95,data_4000_4_3.0_chordal_rep03,val_epoch_task,val,cycle4,,53,,,,,,,,,4000,1061.0,21.0,2856.0,62.0,0.9805914972273567,0.9447907390917186,0.962358295917511,0.962358295917511,0.962358295917511,1123.0,0.28075000643730164
local,local,,,2,95,data_4000_4_3.0_chordal_rep03,val_epoch_task,val,cycle5,,53,,,,,,,,,4000,992.0,60.0,2874.0,74.0,0.9429657794676806,0.9305816135084428,0.936732828617096,0.936732828617096,0.936732828617096,1066.0,0.26649999618530273
local,local,,,2,95,data_4000_4_3.0_chordal_rep03,val_epoch_task,val,cycle6,,53,,,,,,,,,4000,923.0,504.0,2554.0,19.0,0.6468114926419061,0.9798301486199575,0.7792317271232605,0.7792317271232605,0.7792317271232605,942.0,0.23549999296665192
local,local,,,2,95,data_4000_4_3.0_chordal_rep03,train_epoch,train,,,54,0.10141978496313095,,,,,,,,4000,,,,,,,,,,,
local,local,,,2,95,data_4000_4_3.0_chordal_rep03,val_epoch,val,,,54,,0.10983308544754981,0.9661,0.8535000085830688,0.9407963674467341,0.9404780268669128,0.9404780268669128,0.9404780268669128,4000,,,,,,,,,,,
local,local,,,2,95,data_4000_4_3.0_chordal_rep03,val_epoch_task,val,cycle2,,54,,,,,,,,,4000,1106.0,13.0,2879.0,2.0,0.9883824843610366,0.9981949458483754,0.9932644963264465,0.9932644963264465,0.9932644963264465,1108.0,0.2770000100135803
local,local,,,2,95,data_4000_4_3.0_chordal_rep03,val_epoch_task,val,cycle3,,54,,,,,,,,,4000,1216.0,25.0,2759.0,0.0,0.9798549556809025,1.0,0.9898250102996826,0.9898250102996826,0.9898250102996826,1216.0,0.30399999022483826
local,local,,,2,95,data_4000_4_3.0_chordal_rep03,val_epoch_task,val,cycle4,,54,,,,,,,,,4000,1100.0,32.0,2845.0,23.0,0.9717314487632509,0.9795191451469278,0.9756097197532654,0.9756097197532654,0.9756097197532654,1123.0,0.28075000643730164
local,local,,,2,95,data_4000_4_3.0_chordal_rep03,val_epoch_task,val,cycle5,,54,,,,,,,,,4000,1046.0,111.0,2823.0,20.0,0.9040622299049266,0.9812382739212008,0.9410706162452698,0.9410706162452698,0.9410706162452698,1066.0,0.26649999618530273
local,local,,,2,95,data_4000_4_3.0_chordal_rep03,val_epoch_task,val,cycle6,,54,,,,,,,,,4000,919.0,429.0,2629.0,23.0,0.6817507418397626,0.975583864118896,0.8026200532913208,0.8026200532913208,0.8026200532913208,942.0,0.23549999296665192
local,local,,,2,95,data_4000_4_3.0_chordal_rep03,train_epoch,train,,,55,0.09834067896008492,,,,,,,,4000,,,,,,,,,,,
local,local,,,2,95,data_4000_4_3.0_chordal_rep03,val_epoch,val,,,55,,0.11147169417142869,0.97235,0.8832499980926514,0.9505056833437752,0.9473848342895508,0.9473848342895508,0.9473848342895508,4000,,,,,,,,,,,
local,local,,,2,95,data_4000_4_3.0_chordal_rep03,val_epoch_task,val,cycle2,,55,,,,,,,,,4000,1106.0,9.0,2883.0,2.0,0.9919282511210762,0.9981949458483754,0.9950516819953918,0.9950516819953918,0.9950516819953918,1108.0,0.2770000100135803
local,local,,,2,95,data_4000_4_3.0_chordal_rep03,val_epoch_task,val,cycle3,,55,,,,,,,,,4000,1212.0,13.0,2771.0,4.0,0.9893877551020408,0.9967105263157895,0.9930356740951538,0.9930356740951538,0.9930356740951538,1216.0,0.30399999022483826
local,local,,,2,95,data_4000_4_3.0_chordal_rep03,val_epoch_task,val,cycle4,,55,,,,,,,,,4000,1109.0,77.0,2800.0,14.0,0.9350758853288365,0.98753339269813,0.9605889320373535,0.9605889320373535,0.9605889320373535,1123.0,0.28075000643730164
local,local,,,2,95,data_4000_4_3.0_chordal_rep03,val_epoch_task,val,cycle5,,55,,,,,,,,,4000,1042.0,114.0,2820.0,24.0,0.9013840830449827,0.9774859287054409,0.937893807888031,0.937893807888031,0.937893807888031,1066.0,0.26649999618530273
local,local,,,2,95,data_4000_4_3.0_chordal_rep03,val_epoch_task,val,cycle6,,55,,,,,,,,,4000,841.0,195.0,2863.0,101.0,0.8117760617760618,0.8927813163481954,0.8503538370132446,0.8503538370132446,0.8503538370132446,942.0,0.23549999296665192
local,local,,,2,95,data_4000_4_3.0_chordal_rep03,train_epoch,train,,,56,0.09601361590623855,,,,,,,,4000,,,,,,,,,,,
local,local,,,2,95,data_4000_4_3.0_chordal_rep03,val_epoch,val,,,56,,0.1336325443983078,0.9734,0.8877500295639038,0.9515659140568099,0.9475926160812378,0.9475926160812378,0.9475926160812378,4000,,,,,,,,,,,
local,local,,,2,95,data_4000_4_3.0_chordal_rep03,val_epoch_task,val,cycle2,,56,,,,,,,,,4000,1098.0,16.0,2876.0,10.0,0.9856373429084381,0.9909747292418772,0.9882988333702087,0.9882988333702087,0.9882988333702087,1108.0,0.2770000100135803
local,local,,,2,95,data_4000_4_3.0_chordal_rep03,val_epoch_task,val,cycle3,,56,,,,,,,,,4000,1215.0,21.0,2763.0,1.0,0.9830097087378641,0.9991776315789473,0.9910277128219604,0.9910277128219604,0.9910277128219604,1216.0,0.30399999022483826
local,local,,,2,95,data_4000_4_3.0_chordal_rep03,val_epoch_task,val,cycle4,,56,,,,,,,,,4000,1113.0,55.0,2822.0,10.0,0.9529109589041096,0.9910952804986642,0.9716281294822693,0.9716281294822693,0.9716281294822693,1123.0,0.28075000643730164
local,local,,,2,95,data_4000_4_3.0_chordal_rep03,val_epoch_task,val,cycle5,,56,,,,,,,,,4000,990.0,50.0,2884.0,76.0,0.9519230769230769,0.9287054409005628,0.94017094373703,0.94017094373703,0.94017094373703,1066.0,0.26649999618530273
local,local,,,2,95,data_4000_4_3.0_chordal_rep03,val_epoch_task,val,cycle6,,56,,,,,,,,,4000,810.0,161.0,2897.0,132.0,0.8341915550978373,0.8598726114649682,0.8468374609947205,0.8468374609947205,0.8468374609947205,942.0,0.23549999296665192
local,local,,,2,95,data_4000_4_3.0_chordal_rep03,train_epoch,train,,,57,0.09885426434129477,,,,,,,,4000,,,,,,,,,,,
local,local,,,2,95,data_4000_4_3.0_chordal_rep03,val_epoch,val,,,57,,0.11836437338590622,0.9742,0.8930000066757202,0.9531845400108874,0.9506000280380249,0.9506000280380249,0.9506000280380249,4000,,,,,,,,,,,
local,local,,,2,95,data_4000_4_3.0_chordal_rep03,val_epoch_task,val,cycle2,,57,,,,,,,,,4000,1107.0,14.0,2878.0,1.0,0.9875111507582516,0.9990974729241877,0.9932705163955688,0.9932705163955688,0.9932705163955688,1108.0,0.2770000100135803
local,local,,,2,95,data_4000_4_3.0_chordal_rep03,val_epoch_task,val,cycle3,,57,,,,,,,,,4000,1206.0,17.0,2767.0,10.0,0.9860997547015535,0.9917763157894737,0.9889299273490906,0.9889299273490906,0.9889299273490906,1216.0,0.30399999022483826
local,local,,,2,95,data_4000_4_3.0_chordal_rep03,val_epoch_task,val,cycle4,,57,,,,,,,,,4000,1088.0,20.0,2857.0,35.0,0.9819494584837545,0.968833481745325,0.9753473401069641,0.9753473401069641,0.9753473401069641,1123.0,0.28075000643730164
local,local,,,2,95,data_4000_4_3.0_chordal_rep03,val_epoch_task,val,cycle5,,57,,,,,,,,,4000,983.0,45.0,2889.0,83.0,0.9562256809338522,0.9221388367729831,0.9388729333877563,0.9388729333877563,0.9388729333877563,1066.0,0.26649999618530273
local,local,,,2,95,data_4000_4_3.0_chordal_rep03,val_epoch_task,val,cycle6,,57,,,,,,,,,4000,869.0,218.0,2840.0,73.0,0.7994480220791168,0.9225053078556263,0.856579601764679,0.856579601764679,0.856579601764679,942.0,0.23549999296665192
local,local,,,2,95,data_4000_4_3.0_chordal_rep03,train_epoch,train,,,58,0.09031206122040748,,,,,,,,4000,,,,,,,,,,,
local,local,,,2,95,data_4000_4_3.0_chordal_rep03,val_epoch,val,,,58,,0.10297247299551963,0.975,0.8930000066757202,0.9549792904736178,0.9528425931930542,0.9528425931930542,0.9528425931930542,4000,,,,,,,,,,,
local,local,,,2,95,data_4000_4_3.0_chordal_rep03,val_epoch_task,val,cycle2,,58,,,,,,,,,4000,1106.0,10.0,2882.0,2.0,0.9910394265232975,0.9981949458483754,0.9946042895317078,0.9946042895317078,0.9946042895317078,1108.0,0.2770000100135803
local,local,,,2,95,data_4000_4_3.0_chordal_rep03,val_epoch_task,val,cycle3,,58,,,,,,,,,4000,1214.0,20.0,2764.0,2.0,0.9837925445705025,0.9983552631578947,0.9910203814506531,0.9910203814506531,0.9910203814506531,1216.0,0.30399999022483826
local,local,,,2,95,data_4000_4_3.0_chordal_rep03,val_epoch_task,val,cycle4,,58,,,,,,,,,4000,1099.0,11.0,2866.0,24.0,0.9900900900900901,0.9786286731967943,0.9843260049819946,0.9843260049819946,0.9843260049819946,1123.0,0.28075000643730164
local,local,,,2,95,data_4000_4_3.0_chordal_rep03,val_epoch_task,val,cycle5,,58,,,,,,,,,4000,994.0,50.0,2884.0,72.0,0.9521072796934866,0.9324577861163227,0.9421800971031189,0.9421800971031189,0.9421800971031189,1066.0,0.26649999618530273
local,local,,,2,95,data_4000_4_3.0_chordal_rep03,val_epoch_task,val,cycle6,,58,,,,,,,,,4000,890.0,257.0,2801.0,52.0,0.7759372275501307,0.9447983014861996,0.8520823121070862,0.8520823121070862,0.8520823121070862,942.0,0.23549999296665192
local,local,,,2,95,data_4000_4_3.0_chordal_rep03,train_epoch,train,,,59,0.08845067711174488,,,,,,,,4000,,,,,,,,,,,
local,local,,,2,95,data_4000_4_3.0_chordal_rep03,val_epoch,val,,,59,,0.12028785634040833,0.97235,0.8859999775886536,0.9504968221287262,0.948228657245636,0.948228657245636,0.948228657245636,4000,,,,,,,,,,,
local,local,,,2,95,data_4000_4_3.0_chordal_rep03,val_epoch_task,val,cycle2,,59,,,,,,,,,4000,1108.0,14.0,2878.0,0.0,0.9875222816399287,1.0,0.9937219619750977,0.9937219619750977,0.9937219619750977,1108.0,0.2770000100135803
local,local,,,2,95,data_4000_4_3.0_chordal_rep03,val_epoch_task,val,cycle3,,59,,,,,,,,,4000,1209.0,25.0,2759.0,7.0,0.979740680713128,0.9942434210526315,0.9869388341903687,0.9869388341903687,0.9869388341903687,1216.0,0.30399999022483826
local,local,,,2,95,data_4000_4_3.0_chordal_rep03,val_epoch_task,val,cycle4,,59,,,,,,,,,4000,1097.0,38.0,2839.0,26.0,0.9665198237885463,0.9768477292965272,0.9716563820838928,0.9716563820838928,0.9716563820838928,1123.0,0.28075000643730164
local,local,,,2,95,data_4000_4_3.0_chordal_rep03,val_epoch_task,val,cycle5,,59,,,,,,,,,4000,1019.0,70.0,2864.0,47.0,0.9357208448117539,0.9559099437148217,0.9457076787948608,0.9457076787948608,0.9457076787948608,1066.0,0.26649999618530273
local,local,,,2,95,data_4000_4_3.0_chordal_rep03,val_epoch_task,val,cycle6,,59,,,,,,,,,4000,876.0,260.0,2798.0,66.0,0.7711267605633803,0.9299363057324841,0.84311842918396,0.84311842918396,0.84311842918396,942.0,0.23549999296665192
local,local,,,2,95,data_4000_4_3.0_chordal_rep03,train_epoch,train,,,60,0.09702832964062691,,,,,,,,4000,,,,,,,,,,,
local,local,,,2,95,data_4000_4_3.0_chordal_rep03,val_epoch,val,,,60,,0.12684989392757415,0.97445,0.8917499780654907,0.953405671560135,0.9497798085212708,0.9497798085212708,0.9497798085212708,4000,,,,,,,,,,,
local,local,,,2,95,data_4000_4_3.0_chordal_rep03,val_epoch_task,val,cycle2,,60,,,,,,,,,4000,1108.0,7.0,2885.0,0.0,0.9937219730941704,1.0,0.9968510866165161,0.9968510866165161,0.9968510866165161,1108.0,0.2770000100135803
local,local,,,2,95,data_4000_4_3.0_chordal_rep03,val_epoch_task,val,cycle3,,60,,,,,,,,,4000,1214.0,20.0,2764.0,2.0,0.9837925445705025,0.9983552631578947,0.9910203814506531,0.9910203814506531,0.9910203814506531,1216.0,0.30399999022483826
local,local,,,2,95,data_4000_4_3.0_chordal_rep03,val_epoch_task,val,cycle4,,60,,,,,,,,,4000,1106.0,46.0,2831.0,17.0,0.9600694444444444,0.9848619768477292,0.9723076820373535,0.9723076820373535,0.9723076820373535,1123.0,0.28075000643730164
local,local,,,2,95,data_4000_4_3.0_chordal_rep03,val_epoch_task,val,cycle5,,60,,,,,,,,,4000,971.0,45.0,2889.0,95.0,0.9557086614173228,0.9108818011257036,0.9327569603919983,0.9327569603919983,0.9327569603919983,1066.0,0.26649999618530273
local,local,,,2,95,data_4000_4_3.0_chordal_rep03,val_epoch_task,val,cycle6,,60,,,,,,,,,4000,829.0,166.0,2892.0,113.0,0.8331658291457287,0.8800424628450106,0.855962872505188,0.855962872505188,0.855962872505188,942.0,0.23549999296665192
local,local,,,2,95,data_4000_4_3.0_chordal_rep03,train_epoch,train,,,61,0.09898791468143463,,,,,,,,4000,,,,,,,,,,,
local,local,,,2,95,data_4000_4_3.0_chordal_rep03,val_epoch,val,,,61,,0.1249955064356327,0.97245,0.8855000138282776,0.9500679655641141,0.945775032043457,0.945775032043457,0.945775032043457,4000,,,,,,,,,,,
local,local,,,2,95,data_4000_4_3.0_chordal_rep03,val_epoch_task,val,cycle2,,61,,,,,,,,,4000,1108.0,13.0,2879.0,0.0,0.9884032114183765,1.0,0.9941678047180176,0.9941678047180176,0.9941678047180176,1108.0,0.2770000100135803
local,local,,,2,95,data_4000_4_3.0_chordal_rep03,val_epoch_task,val,cycle3,,61,,,,,,,,,4000,1216.0,45.0,2739.0,0.0,0.964314036478985,1.0,0.9818329215049744,0.9818329215049744,0.9818329215049744,1216.0,0.30399999022483826
local,local,,,2,95,data_4000_4_3.0_chordal_rep03,val_epoch_task,val,cycle4,,61,,,,,,,,,4000,1114.0,60.0,2817.0,9.0,0.948892674616695,0.9919857524487978,0.9699608087539673,0.9699608087539673,0.9699608087539673,1123.0,0.28075000643730164
local,local,,,2,95,data_4000_4_3.0_chordal_rep03,val_epoch_task,val,cycle5,,61,,,,,,,,,4000,1015.0,87.0,2847.0,51.0,0.9210526315789473,0.9521575984990619,0.9363468885421753,0.9363468885421753,0.9363468885421753,1066.0,0.26649999618530273
local,local,,,2,95,data_4000_4_3.0_chordal_rep03,val_epoch_task,val,cycle6,,61,,,,,,,,,4000,789.0,133.0,2925.0,153.0,0.8557483731019523,0.8375796178343949,0.8465664982795715,0.8465664982795715,0.8465664982795715,942.0,0.23549999296665192
local,local,,,2,95,data_4000_4_3.0_chordal_rep03,train_epoch,train,,,62,0.09404067540168762,,,,,,,,4000,,,,,,,,,,,
local,local,,,2,95,data_4000_4_3.0_chordal_rep03,val_epoch,val,,,62,,0.12914328384399415,0.9696,0.8702499866485596,0.9453237410071942,0.9432770609855652,0.9432770609855652,0.9432770609855652,4000,,,,,,,,,,,
local,local,,,2,95,data_4000_4_3.0_chordal_rep03,val_epoch_task,val,cycle2,,62,,,,,,,,,4000,1106.0,18.0,2874.0,2.0,0.9839857651245552,0.9981949458483754,0.9910394549369812,0.9910394549369812,0.9910394549369812,1108.0,0.2770000100135803
local,local,,,2,95,data_4000_4_3.0_chordal_rep03,val_epoch_task,val,cycle3,,62,,,,,,,,,4000,1208.0,12.0,2772.0,8.0,0.9901639344262295,0.993421052631579,0.9917898178100586,0.9917898178100586,0.9917898178100586,1216.0,0.30399999022483826
local,local,,,2,95,data_4000_4_3.0_chordal_rep03,val_epoch_task,val,cycle4,,62,,,,,,,,,4000,1082.0,18.0,2859.0,41.0,0.9836363636363636,0.9634906500445236,0.9734592437744141,0.9734592437744141,0.9734592437744141,1123.0,0.28075000643730164
local,local,,,2,95,data_4000_4_3.0_chordal_rep03,val_epoch_task,val,cycle5,,62,,,,,,,,,4000,978.0,54.0,2880.0,88.0,0.9476744186046512,0.9174484052532833,0.9323164820671082,0.9323164820671082,0.9323164820671082,1066.0,0.26649999618530273
local,local,,,2,95,data_4000_4_3.0_chordal_rep03,val_epoch_task,val,cycle6,,62,,,,,,,,,4000,882.0,307.0,2751.0,60.0,0.7417998317914214,0.9363057324840764,0.8277804255485535,0.8277804255485535,0.8277804255485535,942.0,0.23549999296665192
local,local,,,2,95,data_4000_4_3.0_chordal_rep03,train_epoch,train,,,63,0.09712816083431244,,,,,,,,4000,,,,,,,,,,,
local,local,,,2,95,data_4000_4_3.0_chordal_rep03,val_epoch,val,,,63,,0.11344073694944382,0.97065,0.8737499713897705,0.9476126729138777,0.9458136558532715,0.9458136558532715,0.9458136558532715,4000,,,,,,,,,,,
local,local,,,2,95,data_4000_4_3.0_chordal_rep03,val_epoch_task,val,cycle2,,63,,,,,,,,,4000,1105.0,16.0,2876.0,3.0,0.9857270294380018,0.9972924187725631,0.9914759993553162,0.9914759993553162,0.9914759993553162,1108.0,0.2770000100135803
local,local,,,2,95,data_4000_4_3.0_chordal_rep03,val_epoch_task,val,cycle3,,63,,,,,,,,,4000,1208.0,26.0,2758.0,8.0,0.9789303079416531,0.993421052631579,0.9861224889755249,0.9861224889755249,0.9861224889755249,1216.0,0.30399999022483826
local,local,,,2,95,data_4000_4_3.0_chordal_rep03,val_epoch_task,val,cycle4,,63,,,,,,,,,4000,1095.0,26.0,2851.0,28.0,0.9768064228367529,0.97506678539626,0.9759358167648315,0.9759358167648315,0.9759358167648315,1123.0,0.28075000643730164
local,local,,,2,95,data_4000_4_3.0_chordal_rep03,val_epoch_task,val,cycle5,,63,,,,,,,,,4000,1015.0,65.0,2869.0,51.0,0.9398148148148148,0.9521575984990619,0.9459459185600281,0.9459459185600281,0.9459459185600281,1066.0,0.26649999618530273
local,local,,,2,95,data_4000_4_3.0_chordal_rep03,val_epoch_task,val,cycle6,,63,,,,,,,,,4000,886.0,308.0,2750.0,56.0,0.7420435510887772,0.940552016985138,0.8295880556106567,0.8295880556106567,0.8295880556106567,942.0,0.23549999296665192
local,local,,,2,95,data_4000_4_3.0_chordal_rep03,train_epoch,train,,,64,0.09218644008040427,,,,,,,,4000,,,,,,,,,,,
local,local,,,2,95,data_4000_4_3.0_chordal_rep03,val_epoch,val,,,64,,0.13377068620920182,0.97575,0.8967499732971191,0.955451455864793,0.9510337710380554,0.9510337710380554,0.9510337710380554,4000,,,,,,,,,,,
local,local,,,2,95,data_4000_4_3.0_chordal_rep03,val_epoch_task,val,cycle2,,64,,,,,,,,,4000,1108.0,11.0,2881.0,0.0,0.9901697944593387,1.0,0.9950606822967529,0.9950606822967529,0.9950606822967529,1108.0,0.2770000100135803
local,local,,,2,95,data_4000_4_3.0_chordal_rep03,val_epoch_task,val,cycle3,,64,,,,,,,,,4000,1215.0,24.0,2760.0,1.0,0.9806295399515739,0.9991776315789473,0.9898167252540588,0.9898167252540588,0.9898167252540588,1216.0,0.30399999022483826
local,local,,,2,95,data_4000_4_3.0_chordal_rep03,val_epoch_task,val,cycle4,,64,,,,,,,,,4000,1109.0,29.0,2848.0,14.0,0.9745166959578208,0.98753339269813,0.9809818863868713,0.9809818863868713,0.9809818863868713,1123.0,0.28075000643730164
local,local,,,2,95,data_4000_4_3.0_chordal_rep03,val_epoch_task,val,cycle5,,64,,,,,,,,,4000,976.0,29.0,2905.0,90.0,0.9711442786069652,0.9155722326454033,0.9425398111343384,0.9425398111343384,0.9425398111343384,1066.0,0.26649999618530273
local,local,,,2,95,data_4000_4_3.0_chordal_rep03,val_epoch_task,val,cycle6,,64,,,,,,,,,4000,793.0,138.0,2920.0,149.0,0.8517722878625135,0.8418259023354565,0.8467698693275452,0.8467698693275452,0.8467698693275452,942.0,0.23549999296665192
local,local,,,2,95,data_4000_4_3.0_chordal_rep03,train_epoch,train,,,65,0.08609943798184395,,,,,,,,4000,,,,,,,,,,,
local,local,,,2,95,data_4000_4_3.0_chordal_rep03,val_epoch,val,,,65,,0.09965759778022766,0.9768,0.9014999866485596,0.9583258487515719,0.95598304271698,0.95598304271698,0.95598304271698,4000,,,,,,,,,,,
local,local,,,2,95,data_4000_4_3.0_chordal_rep03,val_epoch_task,val,cycle2,,65,,,,,,,,,4000,1105.0,6.0,2886.0,3.0,0.9945994599459946,0.9972924187725631,0.995944082736969,0.995944082736969,0.995944082736969,1108.0,0.2770000100135803
local,local,,,2,95,data_4000_4_3.0_chordal_rep03,val_epoch_task,val,cycle3,,65,,,,,,,,,4000,1212.0,15.0,2769.0,4.0,0.9877750611246944,0.9967105263157895,0.9922227263450623,0.9922227263450623,0.9922227263450623,1216.0,0.30399999022483826
local,local,,,2,95,data_4000_4_3.0_chordal_rep03,val_epoch_task,val,cycle4,,65,,,,,,,,,4000,1102.0,24.0,2853.0,21.0,0.9786856127886323,0.981300089047195,0.9799911379814148,0.9799911379814148,0.9799911379814148,1123.0,0.28075000643730164
local,local,,,2,95,data_4000_4_3.0_chordal_rep03,val_epoch_task,val,cycle5,,65,,,,,,,,,4000,1037.0,88.0,2846.0,29.0,0.9217777777777778,0.9727954971857411,0.9465997815132141,0.9465997815132141,0.9465997815132141,1066.0,0.26649999618530273
local,local,,,2,95,data_4000_4_3.0_chordal_rep03,val_epoch_task,val,cycle6,,65,,,,,,,,,4000,879.0,211.0,2847.0,63.0,0.8064220183486238,0.9331210191082803,0.8651574850082397,0.8651574850082397,0.8651574850082397,942.0,0.23549999296665192
local,local,,,2,95,data_4000_4_3.0_chordal_rep03,train_epoch,train,,,66,0.0879378705918789,,,,,,,,4000,,,,,,,,,,,
local,local,,,2,95,data_4000_4_3.0_chordal_rep03,val_epoch,val,,,66,,0.11229415035247803,0.9717,0.8815000057220459,0.9493738819320214,0.9459203481674194,0.9459203481674194,0.9459203481674194,4000,,,,,,,,,,,
local,local,,,2,95,data_4000_4_3.0_chordal_rep03,val_epoch_task,val,cycle2,,66,,,,,,,,,4000,1107.0,10.0,2882.0,1.0,0.991047448522829,0.9990974729241877,0.99505615234375,0.99505615234375,0.99505615234375,1108.0,0.2770000100135803
local,local,,,2,95,data_4000_4_3.0_chordal_rep03,val_epoch_task,val,cycle3,,66,,,,,,,,,4000,1215.0,16.0,2768.0,1.0,0.9870024370430545,0.9991776315789473,0.9930527210235596,0.9930527210235596,0.9930527210235596,1216.0,0.30399999022483826
local,local,,,2,95,data_4000_4_3.0_chordal_rep03,val_epoch_task,val,cycle4,,66,,,,,,,,,4000,1116.0,81.0,2796.0,7.0,0.9323308270676691,0.993766696349065,0.9620689749717712,0.9620689749717712,0.9620689749717712,1123.0,0.28075000643730164
local,local,,,2,95,data_4000_4_3.0_chordal_rep03,val_epoch_task,val,cycle5,,66,,,,,,,,,4000,1040.0,98.0,2836.0,26.0,0.9138840070298769,0.975609756097561,0.9437386989593506,0.9437386989593506,0.9437386989593506,1066.0,0.26649999618530273
local,local,,,2,95,data_4000_4_3.0_chordal_rep03,val_epoch_task,val,cycle6,,66,,,,,,,,,4000,829.0,213.0,2845.0,113.0,0.7955854126679462,0.8800424628450106,0.8356854319572449,0.8356854319572449,0.8356854319572449,942.0,0.23549999296665192
local,local,,,2,95,data_4000_4_3.0_chordal_rep03,train_epoch,train,,,67,0.09182036772370339,,,,,,,,4000,,,,,,,,,,,
local,local,,,2,95,data_4000_4_3.0_chordal_rep03,val_epoch,val,,,67,,0.12480109751224518,0.97275,0.8920000195503235,0.9508521958697808,0.9474126100540161,0.9474126100540161,0.9474126100540161,4000,,,,,,,,,,,
local,local,,,2,95,data_4000_4_3.0_chordal_rep03,val_epoch_task,val,cycle2,,67,,,,,,,,,4000,1107.0,28.0,2864.0,1.0,0.9753303964757709,0.9990974729241877,0.9870709180831909,0.9870709180831909,0.9870709180831909,1108.0,0.2770000100135803
local,local,,,2,95,data_4000_4_3.0_chordal_rep03,val_epoch_task,val,cycle3,,67,,,,,,,,,4000,1208.0,23.0,2761.0,8.0,0.9813160032493907,0.993421052631579,0.9873313903808594,0.9873313903808594,0.9873313903808594,1216.0,0.30399999022483826
local,local,,,2,95,data_4000_4_3.0_chordal_rep03,val_epoch_task,val,cycle4,,67,,,,,,,,,4000,1109.0,47.0,2830.0,14.0,0.9593425605536332,0.98753339269813,0.9732338786125183,0.9732338786125183,0.9732338786125183,1123.0,0.28075000643730164
local,local,,,2,95,data_4000_4_3.0_chordal_rep03,val_epoch_task,val,cycle5,,67,,,,,,,,,4000,1019.0,85.0,2849.0,47.0,0.9230072463768116,0.9559099437148217,0.9391705393791199,0.9391705393791199,0.9391705393791199,1066.0,0.26649999618530273
local,local,,,2,95,data_4000_4_3.0_chordal_rep03,val_epoch_task,val,cycle6,,67,,,,,,,,,4000,829.0,179.0,2879.0,113.0,0.8224206349206349,0.8800424628450106,0.8502563834190369,0.8502563834190369,0.8502563834190369,942.0,0.23549999296665192
local,local,,,2,95,data_4000_4_3.0_chordal_rep03,train_epoch,train,,,68,0.09078887808322907,,,,,,,,4000,,,,,,,,,,,
local,local,,,2,95,data_4000_4_3.0_chordal_rep03,val_epoch,val,,,68,,0.10988244992494584,0.97265,0.8852499723434448,0.9512608037066737,0.9483049511909485,0.9483049511909485,0.9483049511909485,4000,,,,,,,,,,,
local,local,,,2,95,data_4000_4_3.0_chordal_rep03,val_epoch_task,val,cycle2,,68,,,,,,,,,4000,1108.0,13.0,2879.0,0.0,0.9884032114183765,1.0,0.9941678047180176,0.9941678047180176,0.9941678047180176,1108.0,0.2770000100135803
local,local,,,2,95,data_4000_4_3.0_chordal_rep03,val_epoch_task,val,cycle3,,68,,,,,,,,,4000,1214.0,22.0,2762.0,2.0,0.982200647249191,0.9983552631578947,0.9902120232582092,0.9902120232582092,0.9902120232582092,1216.0,0.30399999022483826
local,local,,,2,95,data_4000_4_3.0_chordal_rep03,val_epoch_task,val,cycle4,,68,,,,,,,,,4000,1111.0,39.0,2838.0,12.0,0.9660869565217391,0.9893143365983972,0.9775627255439758,0.9775627255439758,0.9775627255439758,1123.0,0.28075000643730164
local,local,,,2,95,data_4000_4_3.0_chordal_rep03,val_epoch_task,val,cycle5,,68,,,,,,,,,4000,1058.0,146.0,2788.0,8.0,0.8787375415282392,0.9924953095684803,0.9321585893630981,0.9321585893630981,0.9321585893630981,1066.0,0.26649999618530273
local,local,,,2,95,data_4000_4_3.0_chordal_rep03,val_epoch_task,val,cycle6,,68,,,,,,,,,4000,847.0,210.0,2848.0,95.0,0.8013245033112583,0.8991507430997877,0.8474236726760864,0.8474236726760864,0.8474236726760864,942.0,0.23549999296665192
local,local,,,2,95,data_4000_4_3.0_chordal_rep03,train_epoch,train,,,69,0.0890806136727333,,,,,,,,4000,,,,,,,,,,,
local,local,,,2,95,data_4000_4_3.0_chordal_rep03,val_epoch,val,,,69,,0.11997221124172211,0.9758,0.9007499814033508,0.9561037547614729,0.9530054330825806,0.9530054330825806,0.9530054330825806,4000,,,,,,,,,,,
local,local,,,2,95,data_4000_4_3.0_chordal_rep03,val_epoch_task,val,cycle2,,69,,,,,,,,,4000,1099.0,9.0,2883.0,9.0,0.9918772563176895,0.9918772563176895,0.9918772578239441,0.9918772578239441,0.9918772578239441,1108.0,0.2770000100135803
local,local,,,2,95,data_4000_4_3.0_chordal_rep03,val_epoch_task,val,cycle3,,69,,,,,,,,,4000,1216.0,22.0,2762.0,0.0,0.9822294022617124,1.0,0.9910350441932678,0.9910350441932678,0.9910350441932678,1216.0,0.30399999022483826
local,local,,,2,95,data_4000_4_3.0_chordal_rep03,val_epoch_task,val,cycle4,,69,,,,,,,,,4000,1112.0,38.0,2839.0,11.0,0.9669565217391304,0.9902048085485308,0.9784425497055054,0.9784425497055054,0.9784425497055054,1123.0,0.28075000643730164
local,local,,,2,95,data_4000_4_3.0_chordal_rep03,val_epoch_task,val,cycle5,,69,,,,,,,,,4000,997.0,43.0,2891.0,69.0,0.9586538461538462,0.9352720450281425,0.9468185901641846,0.9468185901641846,0.9468185901641846,1066.0,0.26649999618530273
local,local,,,2,95,data_4000_4_3.0_chordal_rep03,val_epoch_task,val,cycle6,,69,,,,,,,,,4000,847.0,188.0,2870.0,95.0,0.8183574879227054,0.8991507430997877,0.8568538427352905,0.8568538427352905,0.8568538427352905,942.0,0.23549999296665192
local,local,,,2,95,data_4000_4_3.0_chordal_rep03,train_epoch,train,,,70,0.08023370653390885,,,,,,,,4000,,,,,,,,,,,
local,local,,,2,95,data_4000_4_3.0_chordal_rep03,val_epoch,val,,,70,,0.12838386204838753,0.97555,0.8992499709129333,0.9554441913439635,0.9519082307815552,0.9519082307815552,0.9519082307815552,4000,,,,,,,,,,,
local,local,,,2,95,data_4000_4_3.0_chordal_rep03,val_epoch_task,val,cycle2,,70,,,,,,,,,4000,1107.0,25.0,2867.0,1.0,0.9779151943462897,0.9990974729241877,0.9883928298950195,0.9883928298950195,0.9883928298950195,1108.0,0.2770000100135803
local,local,,,2,95,data_4000_4_3.0_chordal_rep03,val_epoch_task,val,cycle3,,70,,,,,,,,,4000,1216.0,33.0,2751.0,0.0,0.9735788630904724,1.0,0.9866125583648682,0.9866125583648682,0.9866125583648682,1216.0,0.30399999022483826
local,local,,,2,95,data_4000_4_3.0_chordal_rep03,val_epoch_task,val,cycle4,,70,,,,,,,,,4000,1093.0,28.0,2849.0,30.0,0.9750223015165032,0.9732858414959928,0.9741532802581787,0.9741532802581787,0.9741532802581787,1123.0,0.28075000643730164
local,local,,,2,95,data_4000_4_3.0_chordal_rep03,val_epoch_task,val,cycle5,,70,,,,,,,,,4000,1008.0,54.0,2880.0,58.0,0.9491525423728814,0.9455909943714822,0.9473684430122375,0.9473684430122375,0.9473684430122375,1066.0,0.26649999618530273
local,local,,,2,95,data_4000_4_3.0_chordal_rep03,val_epoch_task,val,cycle6,,70,,,,,,,,,4000,819.0,137.0,2921.0,123.0,0.856694560669456,0.8694267515923567,0.8630136847496033,0.8630136847496033,0.8630136847496033,942.0,0.23549999296665192
local,local,,,2,95,data_4000_4_3.0_chordal_rep03,train_epoch,train,,,71,0.08916992104053498,,,,,,,,4000,,,,,,,,,,,
local,local,,,2,95,data_4000_4_3.0_chordal_rep03,val_epoch,val,,,71,,0.10963388913869858,0.9753,0.8977500200271606,0.9553990610328638,0.9519171714782715,0.9519171714782715,0.9519171714782715,4000,,,,,,,,,,,
local,local,,,2,95,data_4000_4_3.0_chordal_rep03,val_epoch_task,val,cycle2,,71,,,,,,,,,4000,1107.0,10.0,2882.0,1.0,0.991047448522829,0.9990974729241877,0.99505615234375,0.99505615234375,0.99505615234375,1108.0,0.2770000100135803
local,local,,,2,95,data_4000_4_3.0_chordal_rep03,val_epoch_task,val,cycle3,,71,,,,,,,,,4000,1214.0,36.0,2748.0,2.0,0.9712,0.9983552631578947,0.984590470790863,0.984590470790863,0.984590470790863,1216.0,0.30399999022483826
local,local,,,2,95,data_4000_4_3.0_chordal_rep03,val_epoch_task,val,cycle4,,71,,,,,,,,,4000,1104.0,31.0,2846.0,19.0,0.9726872246696036,0.9830810329474622,0.9778565168380737,0.9778565168380737,0.9778565168380737,1123.0,0.28075000643730164
local,local,,,2,95,data_4000_4_3.0_chordal_rep03,val_epoch_task,val,cycle5,,71,,,,,,,,,4000,1045.0,87.0,2847.0,21.0,0.9231448763250883,0.9803001876172608,0.9508644342422485,0.9508644342422485,0.9508644342422485,1066.0,0.26649999618530273
local,local,,,2,95,data_4000_4_3.0_chordal_rep03,val_epoch_task,val,cycle6,,71,,,,,,,,,4000,821.0,166.0,2892.0,121.0,0.8318135764944276,0.8715498938428875,0.8512182831764221,0.8512182831764221,0.8512182831764221,942.0,0.23549999296665192
local,local,,,2,95,data_4000_4_3.0_chordal_rep03,train_epoch,train,,,72,0.08962462788820266,,,,,,,,4000,,,,,,,,,,,
local,local,,,2,95,data_4000_4_3.0_chordal_rep03,val_epoch,val,,,72,,0.10800296494364739,0.97405,0.8922500014305115,0.9532558767900569,0.9498330354690552,0.9498330354690552,0.9498330354690552,4000,,,,,,,,,,,
local,local,,,2,95,data_4000_4_3.0_chordal_rep03,val_epoch_task,val,cycle2,,72,,,,,,,,,4000,1108.0,9.0,2883.0,0.0,0.9919427036705462,1.0,0.9959551095962524,0.9959551095962524,0.9959551095962524,1108.0,0.2770000100135803
local,local,,,2,95,data_4000_4_3.0_chordal_rep03,val_epoch_task,val,cycle3,,72,,,,,,,,,4000,1213.0,18.0,2766.0,3.0,0.9853777416734363,0.9975328947368421,0.9914180636405945,0.9914180636405945,0.9914180636405945,1216.0,0.30399999022483826
local,local,,,2,95,data_4000_4_3.0_chordal_rep03,val_epoch_task,val,cycle4,,72,,,,,,,,,4000,1109.0,46.0,2831.0,14.0,0.9601731601731601,0.98753339269813,0.9736611247062683,0.9736611247062683,0.9736611247062683,1123.0,0.28075000643730164
local,local,,,2,95,data_4000_4_3.0_chordal_rep03,val_epoch_task,val,cycle5,,72,,,,,,,,,4000,1033.0,109.0,2825.0,33.0,0.9045534150612959,0.9690431519699813,0.9356883764266968,0.9356883764266968,0.9356883764266968,1066.0,0.26649999618530273
local,local,,,2,95,data_4000_4_3.0_chordal_rep03,val_epoch_task,val,cycle6,,72,,,,,,,,,4000,829.0,174.0,2884.0,113.0,0.8265204386839482,0.8800424628450106,0.8524421453475952,0.8524421453475952,0.8524421453475952,942.0,0.23549999296665192
local,local,,,2,95,data_4000_4_3.0_chordal_rep03,train_epoch,train,,,73,0.09136282414197922,,,,,,,,4000,,,,,,,,,,,
local,local,,,2,95,data_4000_4_3.0_chordal_rep03,val_epoch,val,,,73,,0.11523808866739273,0.9737,0.8872500061988831,0.9524412296564195,0.9502981305122375,0.9502981305122375,0.9502981305122375,4000,,,,,,,,,,,
local,local,,,2,95,data_4000_4_3.0_chordal_rep03,val_epoch_task,val,cycle2,,73,,,,,,,,,4000,1107.0,12.0,2880.0,1.0,0.9892761394101877,0.9990974729241877,0.9941625595092773,0.9941625595092773,0.9941625595092773,1108.0,0.2770000100135803
local,local,,,2,95,data_4000_4_3.0_chordal_rep03,val_epoch_task,val,cycle3,,73,,,,,,,,,4000,1196.0,10.0,2774.0,20.0,0.9917081260364843,0.9835526315789473,0.9876134991645813,0.9876134991645813,0.9876134991645813,1216.0,0.30399999022483826
local,local,,,2,95,data_4000_4_3.0_chordal_rep03,val_epoch_task,val,cycle4,,73,,,,,,,,,4000,1091.0,23.0,2854.0,32.0,0.9793536804308797,0.9715048975957258,0.9754135012626648,0.9754135012626648,0.9754135012626648,1123.0,0.28075000643730164
local,local,,,2,95,data_4000_4_3.0_chordal_rep03,val_epoch_task,val,cycle5,,73,,,,,,,,,4000,991.0,44.0,2890.0,75.0,0.957487922705314,0.9296435272045028,0.9433603286743164,0.9433603286743164,0.9433603286743164,1066.0,0.26649999618530273
local,local,,,2,95,data_4000_4_3.0_chordal_rep03,val_epoch_task,val,cycle6,,73,,,,,,,,,4000,882.0,249.0,2809.0,60.0,0.7798408488063661,0.9363057324840764,0.8509407043457031,0.8509407043457031,0.8509407043457031,942.0,0.23549999296665192
local,local,,,2,95,data_4000_4_3.0_chordal_rep03,train_epoch,train,,,74,0.08422542384266854,,,,,,,,4000,,,,,,,,,,,
local,local,,,2,95,data_4000_4_3.0_chordal_rep03,val_epoch,val,,,74,,0.10590657269954681,0.9727,0.8852499723434448,0.9514752932811944,0.9490416646003723,0.9490416646003723,0.9490416646003723,4000,,,,,,,,,,,
local,local,,,2,95,data_4000_4_3.0_chordal_rep03,val_epoch_task,val,cycle2,,74,,,,,,,,,4000,1108.0,21.0,2871.0,0.0,0.9813994685562445,1.0,0.9906123876571655,0.9906123876571655,0.9906123876571655,1108.0,0.2770000100135803
local,local,,,2,95,data_4000_4_3.0_chordal_rep03,val_epoch_task,val,cycle3,,74,,,,,,,,,4000,1215.0,21.0,2763.0,1.0,0.9830097087378641,0.9991776315789473,0.9910277128219604,0.9910277128219604,0.9910277128219604,1216.0,0.30399999022483826
local,local,,,2,95,data_4000_4_3.0_chordal_rep03,val_epoch_task,val,cycle4,,74,,,,,,,,,4000,1108.0,45.0,2832.0,15.0,0.9609713790112749,0.9866429207479964,0.9736379384994507,0.9736379384994507,0.9736379384994507,1123.0,0.28075000643730164
local,local,,,2,95,data_4000_4_3.0_chordal_rep03,val_epoch_task,val,cycle5,,74,,,,,,,,,4000,1047.0,104.0,2830.0,19.0,0.9096437880104257,0.9821763602251408,0.944519579410553,0.944519579410553,0.944519579410553,1066.0,0.26649999618530273
local,local,,,2,95,data_4000_4_3.0_chordal_rep03,val_epoch_task,val,cycle6,,74,,,,,,,,,4000,875.0,253.0,2805.0,67.0,0.775709219858156,0.9288747346072187,0.8454107046127319,0.8454107046127319,0.8454107046127319,942.0,0.23549999296665192
local,local,,,2,95,data_4000_4_3.0_chordal_rep03,train_epoch,train,,,75,0.08329363784193992,,,,,,,,4000,,,,,,,,,,,
local,local,,,2,95,data_4000_4_3.0_chordal_rep03,val_epoch,val,,,75,,0.23769468975067137,0.9666,0.859000027179718,0.9374414684397828,0.9211797714233398,0.9211797714233398,0.9211797714233398,4000,,,,,,,,,,,
local,local,,,2,95,data_4000_4_3.0_chordal_rep03,val_epoch_task,val,cycle2,,75,,,,,,,,,4000,1108.0,23.0,2869.0,0.0,0.9796640141467727,1.0,0.9897275567054749,0.9897275567054749,0.9897275567054749,1108.0,0.2770000100135803
local,local,,,2,95,data_4000_4_3.0_chordal_rep03,val_epoch_task,val,cycle3,,75,,,,,,,,,4000,1214.0,24.0,2760.0,2.0,0.9806138933764136,0.9983552631578947,0.98940509557724,0.98940509557724,0.98940509557724,1216.0,0.30399999022483826
local,local,,,2,95,data_4000_4_3.0_chordal_rep03,val_epoch_task,val,cycle4,,75,,,,,,,,,4000,1112.0,43.0,2834.0,11.0,0.9627705627705627,0.9902048085485308,0.976294994354248,0.976294994354248,0.976294994354248,1123.0,0.28075000643730164
local,local,,,2,95,data_4000_4_3.0_chordal_rep03,val_epoch_task,val,cycle5,,75,,,,,,,,,4000,1039.0,92.0,2842.0,27.0,0.918656056587091,0.974671669793621,0.9458352327346802,0.9458352327346802,0.9458352327346802,1066.0,0.26649999618530273
local,local,,,2,95,data_4000_4_3.0_chordal_rep03,val_epoch_task,val,cycle6,,75,,,,,,,,,4000,532.0,36.0,3022.0,410.0,0.9366197183098591,0.564755838641189,0.7046357989311218,0.7046357989311218,0.7046357989311218,942.0,0.23549999296665192
local,local,,,2,95,data_4000_4_3.0_chordal_rep03,train_epoch,train,,,76,0.08219030383229256,,,,,,,,4000,,,,,,,,,,,
local,local,,,2,95,data_4000_4_3.0_chordal_rep03,val_epoch,val,,,76,,0.159971142411232,0.9714,0.8820000290870667,0.9471251617674247,0.9393683671951294,0.9393683671951294,0.9393683671951294,4000,,,,,,,,,,,
local,local,,,2,95,data_4000_4_3.0_chordal_rep03,val_epoch_task,val,cycle2,,76,,,,,,,,,4000,1107.0,14.0,2878.0,1.0,0.9875111507582516,0.9990974729241877,0.9932705163955688,0.9932705163955688,0.9932705163955688,1108.0,0.2770000100135803
local,local,,,2,95,data_4000_4_3.0_chordal_rep03,val_epoch_task,val,cycle3,,76,,,,,,,,,4000,1211.0,19.0,2765.0,5.0,0.9845528455284552,0.9958881578947368,0.9901880621910095,0.9901880621910095,0.9901880621910095,1216.0,0.30399999022483826
local,local,,,2,95,data_4000_4_3.0_chordal_rep03,val_epoch_task,val,cycle4,,76,,,,,,,,,4000,1103.0,44.0,2833.0,20.0,0.9616390584132519,0.9821905609973286,0.9718061685562134,0.9718061685562134,0.9718061685562134,1123.0,0.28075000643730164
local,local,,,2,95,data_4000_4_3.0_chordal_rep03,val_epoch_task,val,cycle5,,76,,,,,,,,,4000,1018.0,87.0,2847.0,48.0,0.9212669683257918,0.9549718574108818,0.9378166794776917,0.9378166794776917,0.9378166794776917,1066.0,0.26649999618530273
local,local,,,2,95,data_4000_4_3.0_chordal_rep03,val_epoch_task,val,cycle6,,76,,,,,,,,,4000,684.0,76.0,2982.0,258.0,0.9,0.7261146496815286,0.803760290145874,0.803760290145874,0.803760290145874,942.0,0.23549999296665192
local,local,,,2,95,data_4000_4_3.0_chordal_rep03,train_epoch,train,,,77,0.07890889224410057,,,,,,,,4000,,,,,,,,,,,
local,local,,,2,95,data_4000_4_3.0_chordal_rep03,val_epoch,val,,,77,,0.16484349751472474,0.97235,0.8849999904632568,0.949018161703697,0.9446734189987183,0.9446734189987183,0.9446734189987183,4000,,,,,,,,,,,
local,local,,,2,95,data_4000_4_3.0_chordal_rep03,val_epoch_task,val,cycle2,,77,,,,,,,,,4000,1107.0,15.0,2877.0,1.0,0.9866310160427807,0.9990974729241877,0.9928250908851624,0.9928250908851624,0.9928250908851624,1108.0,0.2770000100135803
local,local,,,2,95,data_4000_4_3.0_chordal_rep03,val_epoch_task,val,cycle3,,77,,,,,,,,,4000,1215.0,26.0,2758.0,1.0,0.9790491539081386,0.9991776315789473,0.9890109896659851,0.9890109896659851,0.9890109896659851,1216.0,0.30399999022483826
local,local,,,2,95,data_4000_4_3.0_chordal_rep03,val_epoch_task,val,cycle4,,77,,,,,,,,,4000,1080.0,20.0,2857.0,43.0,0.9818181818181818,0.9617097061442564,0.9716598987579346,0.9716598987579346,0.9716598987579346,1123.0,0.28075000643730164
local,local,,,2,95,data_4000_4_3.0_chordal_rep03,val_epoch_task,val,cycle5,,77,,,,,,,,,4000,945.0,34.0,2900.0,121.0,0.965270684371808,0.8864915572232646,0.9242053627967834,0.9242053627967834,0.9242053627967834,1066.0,0.26649999618530273
local,local,,,2,95,data_4000_4_3.0_chordal_rep03,val_epoch_task,val,cycle6,,77,,,,,,,,,4000,800.0,150.0,2908.0,142.0,0.8421052631578947,0.8492569002123143,0.8456659913063049,0.8456659913063049,0.8456659913063049,942.0,0.23549999296665192
local,local,,,2,95,data_4000_4_3.0_chordal_rep03,train_epoch,train,,,78,0.08020330926775933,,,,,,,,4000,,,,,,,,,,,
local,local,,,2,95,data_4000_4_3.0_chordal_rep03,val_epoch,val,,,78,,0.09726266461610794,0.9759,0.8947499990463257,0.9566702624955052,0.9534941911697388,0.9534941911697388,0.9534941911697388,4000,,,,,,,,,,,
local,local,,,2,95,data_4000_4_3.0_chordal_rep03,val_epoch_task,val,cycle2,,78,,,,,,,,,4000,1108.0,16.0,2876.0,0.0,0.9857651245551602,1.0,0.9928315281867981,0.9928315281867981,0.9928315281867981,1108.0,0.2770000100135803
local,local,,,2,95,data_4000_4_3.0_chordal_rep03,val_epoch_task,val,cycle3,,78,,,,,,,,,4000,1214.0,10.0,2774.0,2.0,0.9918300653594772,0.9983552631578947,0.9950819611549377,0.9950819611549377,0.9950819611549377,1216.0,0.30399999022483826
local,local,,,2,95,data_4000_4_3.0_chordal_rep03,val_epoch_task,val,cycle4,,78,,,,,,,,,4000,1108.0,31.0,2846.0,15.0,0.9727831431079894,0.9866429207479964,0.9796639680862427,0.9796639680862427,0.9796639680862427,1123.0,0.28075000643730164
local,local,,,2,95,data_4000_4_3.0_chordal_rep03,val_epoch_task,val,cycle5,,78,,,,,,,,,4000,1052.0,126.0,2808.0,14.0,0.8930390492359932,0.9868667917448405,0.9376114010810852,0.9376114010810852,0.9376114010810852,1066.0,0.26649999618530273
local,local,,,2,95,data_4000_4_3.0_chordal_rep03,val_epoch_task,val,cycle6,,78,,,,,,,,,4000,839.0,165.0,2893.0,103.0,0.8356573705179283,0.8906581740976646,0.8622816801071167,0.8622816801071167,0.8622816801071167,942.0,0.23549999296665192
local,local,,,2,95,data_4000_4_3.0_chordal_rep03,train_epoch,train,,,79,0.07811570544913411,,,,,,,,4000,,,,,,,,,,,
local,local,,,2,95,data_4000_4_3.0_chordal_rep03,val_epoch,val,,,79,,0.14038855755329133,0.97685,0.902999997138977,0.9573861021629083,0.9522283673286438,0.9522283673286438,0.9522283673286438,4000,,,,,,,,,,,
local,local,,,2,95,data_4000_4_3.0_chordal_rep03,val_epoch_task,val,cycle2,,79,,,,,,,,,4000,1108.0,21.0,2871.0,0.0,0.9813994685562445,1.0,0.9906123876571655,0.9906123876571655,0.9906123876571655,1108.0,0.2770000100135803
local,local,,,2,95,data_4000_4_3.0_chordal_rep03,val_epoch_task,val,cycle3,,79,,,,,,,,,4000,1213.0,8.0,2776.0,3.0,0.9934479934479934,0.9975328947368421,0.995486319065094,0.995486319065094,0.995486319065094,1216.0,0.30399999022483826
local,local,,,2,95,data_4000_4_3.0_chordal_rep03,val_epoch_task,val,cycle4,,79,,,,,,,,,4000,1107.0,44.0,2833.0,16.0,0.9617723718505647,0.9857524487978628,0.9736148118972778,0.9736148118972778,0.9736148118972778,1123.0,0.28075000643730164
local,local,,,2,95,data_4000_4_3.0_chordal_rep03,val_epoch_task,val,cycle5,,79,,,,,,,,,4000,1015.0,50.0,2884.0,51.0,0.9530516431924883,0.9521575984990619,0.9526044130325317,0.9526044130325317,0.9526044130325317,1066.0,0.26649999618530273
local,local,,,2,95,data_4000_4_3.0_chordal_rep03,val_epoch_task,val,cycle6,,79,,,,,,,,,4000,758.0,86.0,2972.0,184.0,0.8981042654028436,0.8046709129511678,0.848824143409729,0.848824143409729,0.848824143409729,942.0,0.23549999296665192
local,local,,,2,95,data_4000_4_3.0_chordal_rep03,train_epoch,train,,,80,0.07310954603552819,,,,,,,,4000,,,,,,,,,,,
local,local,,,2,95,data_4000_4_3.0_chordal_rep03,val_epoch,val,,,80,,0.11515832206606864,0.9725,0.8865000009536743,0.9509803921568628,0.9479837417602539,0.9479837417602539,0.9479837417602539,4000,,,,,,,,,,,
local,local,,,2,95,data_4000_4_3.0_chordal_rep03,val_epoch_task,val,cycle2,,80,,,,,,,,,4000,1108.0,17.0,2875.0,0.0,0.9848888888888889,1.0,0.9923869371414185,0.9923869371414185,0.9923869371414185,1108.0,0.2770000100135803
local,local,,,2,95,data_4000_4_3.0_chordal_rep03,val_epoch_task,val,cycle3,,80,,,,,,,,,4000,1216.0,20.0,2764.0,0.0,0.9838187702265372,1.0,0.9918434023857117,0.9918434023857117,0.9918434023857117,1216.0,0.30399999022483826
local,local,,,2,95,data_4000_4_3.0_chordal_rep03,val_epoch_task,val,cycle4,,80,,,,,,,,,4000,1114.0,71.0,2806.0,9.0,0.940084388185654,0.9919857524487978,0.9653379321098328,0.9653379321098328,0.9653379321098328,1123.0,0.28075000643730164
local,local,,,2,95,data_4000_4_3.0_chordal_rep03,val_epoch_task,val,cycle5,,80,,,,,,,,,4000,1049.0,137.0,2797.0,17.0,0.8844856661045531,0.9840525328330206,0.9316163659095764,0.9316163659095764,0.9316163659095764,1066.0,0.26649999618530273
local,local,,,2,95,data_4000_4_3.0_chordal_rep03,val_epoch_task,val,cycle6,,80,,,,,,,,,4000,848.0,185.0,2873.0,94.0,0.8209099709583737,0.9002123142250531,0.858734130859375,0.858734130859375,0.858734130859375,942.0,0.23549999296665192
local,local,,,2,95,data_4000_4_3.0_chordal_rep03,best_local_train,train,,,78,,0.06189719778299332,0.98405,0.9355000257492065,0.9709286430328989,0.9692737460136414,0.9692737460136414,0.9692737460136414,4000,,,,,,,,,,,
local,local,,,2,95,data_4000_4_3.0_chordal_rep03,best_local_train_task,train,cycle2,,78,,,,,,,,,4000,1130.0,9.0,2861.0,0.0,0.9920983318700615,1.0,0.9960334897041321,0.9960334897041321,0.9960334897041321,1130.0,0.2824999988079071
local,local,,,2,95,data_4000_4_3.0_chordal_rep03,best_local_train_task,train,cycle3,,78,,,,,,,,,4000,1181.0,20.0,2792.0,7.0,0.9833472106577852,0.9941077441077442,0.9886982440948486,0.9886982440948486,0.9886982440948486,1188.0,0.296999990940094
local,local,,,2,95,data_4000_4_3.0_chordal_rep03,best_local_train_task,train,cycle4,,78,,,,,,,,,4000,1119.0,35.0,2837.0,9.0,0.9696707105719238,0.9920212765957447,0.9807186722755432,0.9807186722755432,0.9807186722755432,1128.0,0.28200000524520874
local,local,,,2,95,data_4000_4_3.0_chordal_rep03,best_local_train_task,train,cycle5,,78,,,,,,,,,4000,1001.0,107.0,2885.0,7.0,0.9034296028880866,0.9930555555555556,0.946124792098999,0.946124792098999,0.946124792098999,1008.0,0.25200000405311584
local,local,,,2,95,data_4000_4_3.0_chordal_rep03,best_local_train_task,train,cycle6,,78,,,,,,,,,4000,896.0,98.0,2979.0,27.0,0.9014084507042254,0.9707475622968581,0.9347939491271973,0.9347939491271973,0.9347939491271973,923.0,0.23074999451637268
local,local,,,2,95,data_4000_4_3.0_chordal_rep03,best_local_val,val,,,78,,0.09515973836183549,0.97645,0.8999999761581421,0.9577009429726088,0.9547950625419617,0.9547950625419617,0.9547950625419617,4000,,,,,,,,,,,
local,local,,,2,95,data_4000_4_3.0_chordal_rep03,best_local_val_task,val,cycle2,,78,,,,,,,,,4000,1107.0,6.0,2886.0,1.0,0.9946091644204852,0.9990974729241877,0.9968482851982117,0.9968482851982117,0.9968482851982117,1108.0,0.2770000100135803
local,local,,,2,95,data_4000_4_3.0_chordal_rep03,best_local_val_task,val,cycle3,,78,,,,,,,,,4000,1213.0,14.0,2770.0,3.0,0.9885900570497147,0.9975328947368421,0.9930413365364075,0.9930413365364075,0.9930413365364075,1216.0,0.30399999022483826
local,local,,,2,95,data_4000_4_3.0_chordal_rep03,best_local_val_task,val,cycle4,,78,,,,,,,,,4000,1112.0,26.0,2851.0,11.0,0.9771528998242531,0.9902048085485308,0.9836356043815613,0.9836356043815613,0.9836356043815613,1123.0,0.28075000643730164
local,local,,,2,95,data_4000_4_3.0_chordal_rep03,best_local_val_task,val,cycle5,,78,,,,,,,,,4000,1053.0,137.0,2797.0,13.0,0.8848739495798319,0.9878048780487805,0.9335106611251831,0.9335106611251831,0.9335106611251831,1066.0,0.26649999618530273
local,local,,,2,95,data_4000_4_3.0_chordal_rep03,best_local_val_task,val,cycle6,,78,,,,,,,,,4000,847.0,165.0,2893.0,95.0,0.8369565217391305,0.8991507430997877,0.8669396042823792,0.8669396042823792,0.8669396042823792,942.0,0.23549999296665192
local,local,,,2,95,data_4000_4_3.0_chordal_rep03,best_local_test,test,,,78,,0.09740074521303177,0.9744,0.893750011920929,0.9539070939863161,0.9517289996147156,0.9517289996147156,0.9517289996147156,4000,,,,,,,,,,,
local,local,,,2,95,data_4000_4_3.0_chordal_rep03,best_local_test_task,test,cycle2,,78,,,,,,,,,4000,1149.0,13.0,2838.0,0.0,0.9888123924268503,1.0,0.994374692440033,0.994374692440033,0.994374692440033,1149.0,0.28725001215934753
local,local,,,2,95,data_4000_4_3.0_chordal_rep03,best_local_test_task,test,cycle3,,78,,,,,,,,,4000,1169.0,19.0,2807.0,5.0,0.984006734006734,0.995741056218058,0.9898391962051392,0.9898391962051392,0.9898391962051392,1174.0,0.29350000619888306
local,local,,,2,95,data_4000_4_3.0_chordal_rep03,best_local_test_task,test,cycle4,,78,,,,,,,,,4000,1065.0,36.0,2879.0,20.0,0.9673024523160763,0.9815668202764977,0.9743824601173401,0.9743824601173401,0.9743824601173401,1085.0,0.27125000953674316
local,local,,,2,95,data_4000_4_3.0_chordal_rep03,best_local_test_task,test,cycle5,,78,,,,,,,,,4000,1032.0,123.0,2828.0,17.0,0.8935064935064935,0.9837940896091516,0.9364791512489319,0.9364791512489319,0.9364791512489319,1049.0,0.26225000619888306
local,local,,,2,95,data_4000_4_3.0_chordal_rep03,best_local_test_task,test,cycle6,,78,,,,,,,,,4000,883.0,188.0,2838.0,91.0,0.8244631185807656,0.9065708418891171,0.8635696768760681,0.8635696768760681,0.8635696768760681,974.0,0.2434999942779541
