run_type,algorithm,subset_id,subset_clients,seed,graph_id,dataset_id,phase,split,task,round,local_epoch,train_loss,eval_loss,pair_acc,subset_acc,micro_f1,macro_f1,macro_pos_f1,macro_minority_f1,num_nodes,tp,fp,tn,fn,precision,recall,f1,positive_f1,minority_f1,pos_cnt,pos_rate
local,local,,,0,632,data_4000_4_11_chordal,train_epoch,train,,,1,0.8380323567390442,,,,,,,,4000,,,,,,,,,,,
local,local,,,0,632,data_4000_4_11_chordal,val_epoch,val,,,1,,0.8590268859863281,0.6554,0.4242500066757202,0.5055954088952656,0.4900408685207367,0.4900408685207367,0.4900408685207367,4000,,,,,,,,,,,
local,local,,,0,632,data_4000_4_11_chordal,val_epoch_task,val,cycle2,,1,,,,,,,,,4000,374.0,1548.0,2078.0,0.0,0.19458896982310095,1.0,0.32578396797180176,0.32578396797180176,0.32578396797180176,374.0,0.09350000321865082
local,local,,,0,632,data_4000_4_11_chordal,val_epoch_task,val,cycle3,,1,,,,,,,,,4000,490.0,1359.0,2151.0,0.0,0.2650081124932396,1.0,0.41898250579833984,0.41898250579833984,0.41898250579833984,490.0,0.12250000238418579
local,local,,,0,632,data_4000_4_11_chordal,val_epoch_task,val,cycle4,,1,,,,,,,,,4000,725.0,1375.0,1900.0,0.0,0.34523809523809523,1.0,0.5132743120193481,0.5132743120193481,0.5132743120193481,725.0,0.18125000596046448
local,local,,,0,632,data_4000_4_11_chordal,val_epoch_task,val,cycle5,,1,,,,,,,,,4000,883.0,1302.0,1788.0,27.0,0.40411899313501143,0.9703296703296703,0.5705977082252502,0.5705977082252502,0.5705977082252502,910.0,0.22750000655651093
local,local,,,0,632,data_4000_4_11_chordal,val_epoch_task,val,cycle6,,1,,,,,,,,,4000,1052.0,1209.0,1667.0,72.0,0.465280849181778,0.9359430604982206,0.6215657591819763,0.6215657591819763,0.6215657591819763,1124.0,0.2809999883174896
local,local,,,0,632,data_4000_4_11_chordal,train_epoch,train,,,2,0.49603555560112,,,,,,,,4000,,,,,,,,,,,
local,local,,,0,632,data_4000_4_11_chordal,val_epoch,val,,,2,,0.4638875641822815,0.8828,0.624750018119812,0.7171132029930002,0.7318423986434937,0.7318423986434937,0.7318423986434937,4000,,,,,,,,,,,
local,local,,,0,632,data_4000_4_11_chordal,val_epoch_task,val,cycle2,,2,,,,,,,,,4000,368.0,150.0,3476.0,6.0,0.7104247104247104,0.983957219251337,0.8251121044158936,0.8251121044158936,0.8251121044158936,374.0,0.09350000321865082
local,local,,,0,632,data_4000_4_11_chordal,val_epoch_task,val,cycle3,,2,,,,,,,,,4000,386.0,301.0,3209.0,104.0,0.5618631732168851,0.7877551020408163,0.6559048295021057,0.6559048295021057,0.6559048295021057,490.0,0.12250000238418579
local,local,,,0,632,data_4000_4_11_chordal,val_epoch_task,val,cycle4,,2,,,,,,,,,4000,661.0,264.0,3011.0,64.0,0.7145945945945946,0.9117241379310345,0.8012121915817261,0.8012121915817261,0.8012121915817261,725.0,0.18125000596046448
local,local,,,0,632,data_4000_4_11_chordal,val_epoch_task,val,cycle5,,2,,,,,,,,,4000,714.0,317.0,2773.0,196.0,0.6925315227934045,0.7846153846153846,0.7357032895088196,0.7357032895088196,0.7357032895088196,910.0,0.22750000655651093
local,local,,,0,632,data_4000_4_11_chordal,val_epoch_task,val,cycle6,,2,,,,,,,,,4000,842.0,660.0,2216.0,282.0,0.5605858854860186,0.7491103202846975,0.6412794589996338,0.6412794589996338,0.6412794589996338,1124.0,0.2809999883174896
local,local,,,0,632,data_4000_4_11_chordal,train_epoch,train,,,3,0.3290410735607147,,,,,,,,4000,,,,,,,,,,,
local,local,,,0,632,data_4000_4_11_chordal,val_epoch,val,,,3,,0.2726551736593246,0.9082,0.6847500205039978,0.7896907216494846,0.8213076591491699,0.8213076591491699,0.8213076591491699,4000,,,,,,,,,,,
local,local,,,0,632,data_4000_4_11_chordal,val_epoch_task,val,cycle2,,3,,,,,,,,,4000,374.0,31.0,3595.0,0.0,0.9234567901234568,1.0,0.9602053761482239,0.9602053761482239,0.9602053761482239,374.0,0.09350000321865082
local,local,,,0,632,data_4000_4_11_chordal,val_epoch_task,val,cycle3,,3,,,,,,,,,4000,490.0,194.0,3316.0,0.0,0.716374269005848,1.0,0.8347529768943787,0.8347529768943787,0.8347529768943787,490.0,0.12250000238418579
local,local,,,0,632,data_4000_4_11_chordal,val_epoch_task,val,cycle4,,3,,,,,,,,,4000,725.0,370.0,2905.0,0.0,0.6621004566210046,1.0,0.7967032790184021,0.7967032790184021,0.7967032790184021,725.0,0.18125000596046448
local,local,,,0,632,data_4000_4_11_chordal,val_epoch_task,val,cycle5,,3,,,,,,,,,4000,891.0,371.0,2719.0,19.0,0.7060221870047544,0.9791208791208791,0.8204420208930969,0.8204420208930969,0.8204420208930969,910.0,0.22750000655651093
local,local,,,0,632,data_4000_4_11_chordal,val_epoch_task,val,cycle6,,3,,,,,,,,,4000,967.0,694.0,2182.0,157.0,0.5821794099939795,0.8603202846975089,0.6944344639778137,0.6944344639778137,0.6944344639778137,1124.0,0.2809999883174896
local,local,,,0,632,data_4000_4_11_chordal,train_epoch,train,,,4,0.2728630796670914,,,,,,,,4000,,,,,,,,,,,
local,local,,,0,632,data_4000_4_11_chordal,val_epoch,val,,,4,,0.23930709433555603,0.91695,0.6965000033378601,0.806882920590629,0.8459181785583496,0.8459181785583496,0.8459181785583496,4000,,,,,,,,,,,
local,local,,,0,632,data_4000_4_11_chordal,val_epoch_task,val,cycle2,,4,,,,,,,,,4000,374.0,17.0,3609.0,0.0,0.9565217391304348,1.0,0.9777777791023254,0.9777777791023254,0.9777777791023254,374.0,0.09350000321865082
local,local,,,0,632,data_4000_4_11_chordal,val_epoch_task,val,cycle3,,4,,,,,,,,,4000,490.0,105.0,3405.0,0.0,0.8235294117647058,1.0,0.9032257795333862,0.9032257795333862,0.9032257795333862,490.0,0.12250000238418579
local,local,,,0,632,data_4000_4_11_chordal,val_epoch_task,val,cycle4,,4,,,,,,,,,4000,724.0,267.0,3008.0,1.0,0.7305751765893037,0.9986206896551724,0.8438228964805603,0.8438228964805603,0.8438228964805603,725.0,0.18125000596046448
local,local,,,0,632,data_4000_4_11_chordal,val_epoch_task,val,cycle5,,4,,,,,,,,,4000,898.0,443.0,2647.0,12.0,0.6696495152870992,0.9868131868131869,0.7978676557540894,0.7978676557540894,0.7978676557540894,910.0,0.22750000655651093
local,local,,,0,632,data_4000_4_11_chordal,val_epoch_task,val,cycle6,,4,,,,,,,,,4000,984.0,676.0,2200.0,140.0,0.5927710843373494,0.8754448398576512,0.7068966031074524,0.7068966031074524,0.7068966031074524,1124.0,0.2809999883174896
local,local,,,0,632,data_4000_4_11_chordal,train_epoch,train,,,5,0.2531876072883606,,,,,,,,4000,,,,,,,,,,,
local,local,,,0,632,data_4000_4_11_chordal,val_epoch,val,,,5,,0.2321573187112808,0.9227,0.7114999890327454,0.8213955637707948,0.8603082895278931,0.8603082895278931,0.8603082895278931,4000,,,,,,,,,,,
local,local,,,0,632,data_4000_4_11_chordal,val_epoch_task,val,cycle2,,5,,,,,,,,,4000,371.0,21.0,3605.0,3.0,0.9464285714285714,0.9919786096256684,0.9686684012413025,0.9686684012413025,0.9686684012413025,374.0,0.09350000321865082
local,local,,,0,632,data_4000_4_11_chordal,val_epoch_task,val,cycle3,,5,,,,,,,,,4000,490.0,53.0,3457.0,0.0,0.9023941068139963,1.0,0.9486931562423706,0.9486931562423706,0.9486931562423706,490.0,0.12250000238418579
local,local,,,0,632,data_4000_4_11_chordal,val_epoch_task,val,cycle4,,5,,,,,,,,,4000,718.0,257.0,3018.0,7.0,0.7364102564102564,0.9903448275862069,0.8447058200836182,0.8447058200836182,0.8447058200836182,725.0,0.18125000596046448
local,local,,,0,632,data_4000_4_11_chordal,val_epoch_task,val,cycle5,,5,,,,,,,,,4000,895.0,443.0,2647.0,15.0,0.6689088191330343,0.9835164835164835,0.7962633967399597,0.7962633967399597,0.7962633967399597,910.0,0.22750000655651093
local,local,,,0,632,data_4000_4_11_chordal,val_epoch_task,val,cycle6,,5,,,,,,,,,4000,1081.0,704.0,2172.0,43.0,0.6056022408963585,0.9617437722419929,0.7432106733322144,0.7432106733322144,0.7432106733322144,1124.0,0.2809999883174896
local,local,,,0,632,data_4000_4_11_chordal,train_epoch,train,,,6,0.22560840094089507,,,,,,,,4000,,,,,,,,,,,
local,local,,,0,632,data_4000_4_11_chordal,val_epoch,val,,,6,,0.21777975606918334,0.93775,0.7645000219345093,0.8458967694021537,0.870257556438446,0.870257556438446,0.870257556438446,4000,,,,,,,,,,,
local,local,,,0,632,data_4000_4_11_chordal,val_epoch_task,val,cycle2,,6,,,,,,,,,4000,374.0,49.0,3577.0,0.0,0.8841607565011821,1.0,0.9385194778442383,0.9385194778442383,0.9385194778442383,374.0,0.09350000321865082
local,local,,,0,632,data_4000_4_11_chordal,val_epoch_task,val,cycle3,,6,,,,,,,,,4000,489.0,99.0,3411.0,1.0,0.8316326530612245,0.9979591836734694,0.9072356820106506,0.9072356820106506,0.9072356820106506,490.0,0.12250000238418579
local,local,,,0,632,data_4000_4_11_chordal,val_epoch_task,val,cycle4,,6,,,,,,,,,4000,710.0,164.0,3111.0,15.0,0.8123569794050344,0.9793103448275862,0.8880550861358643,0.8880550861358643,0.8880550861358643,725.0,0.18125000596046448
local,local,,,0,632,data_4000_4_11_chordal,val_epoch_task,val,cycle5,,6,,,,,,,,,4000,887.0,231.0,2859.0,23.0,0.7933810375670841,0.9747252747252747,0.874753475189209,0.874753475189209,0.874753475189209,910.0,0.22750000655651093
local,local,,,0,632,data_4000_4_11_chordal,val_epoch_task,val,cycle6,,6,,,,,,,,,4000,957.0,496.0,2380.0,167.0,0.6586373021335169,0.8514234875444839,0.7427241206169128,0.7427241206169128,0.7427241206169128,1124.0,0.2809999883174896
local,local,,,0,632,data_4000_4_11_chordal,train_epoch,train,,,7,0.2084258736371994,,,,,,,,4000,,,,,,,,,,,
local,local,,,0,632,data_4000_4_11_chordal,val_epoch,val,,,7,,0.19041664147377013,0.94035,0.778249979019165,0.8557610929754564,0.8846555948257446,0.8846555948257446,0.8846555948257446,4000,,,,,,,,,,,
local,local,,,0,632,data_4000_4_11_chordal,val_epoch_task,val,cycle2,,7,,,,,,,,,4000,374.0,19.0,3607.0,0.0,0.9516539440203562,1.0,0.9752281904220581,0.9752281904220581,0.9752281904220581,374.0,0.09350000321865082
local,local,,,0,632,data_4000_4_11_chordal,val_epoch_task,val,cycle3,,7,,,,,,,,,4000,488.0,62.0,3448.0,2.0,0.8872727272727273,0.9959183673469387,0.9384615421295166,0.9384615421295166,0.9384615421295166,490.0,0.12250000238418579
local,local,,,0,632,data_4000_4_11_chordal,val_epoch_task,val,cycle4,,7,,,,,,,,,4000,715.0,182.0,3093.0,10.0,0.7971014492753623,0.9862068965517241,0.8816276788711548,0.8816276788711548,0.8816276788711548,725.0,0.18125000596046448
local,local,,,0,632,data_4000_4_11_chordal,val_epoch_task,val,cycle5,,7,,,,,,,,,4000,898.0,321.0,2769.0,12.0,0.7366694011484823,0.9868131868131869,0.8435885906219482,0.8435885906219482,0.8435885906219482,910.0,0.22750000655651093
local,local,,,0,632,data_4000_4_11_chordal,val_epoch_task,val,cycle6,,7,,,,,,,,,4000,1064.0,525.0,2351.0,60.0,0.6696035242290749,0.9466192170818505,0.784371554851532,0.784371554851532,0.784371554851532,1124.0,0.2809999883174896
local,local,,,0,632,data_4000_4_11_chordal,train_epoch,train,,,8,0.21657023429870606,,,,,,,,4000,,,,,,,,,,,
local,local,,,0,632,data_4000_4_11_chordal,val_epoch,val,,,8,,0.18758238172531128,0.94105,0.7854999899864197,0.8570389232448163,0.885612964630127,0.885612964630127,0.885612964630127,4000,,,,,,,,,,,
local,local,,,0,632,data_4000_4_11_chordal,val_epoch_task,val,cycle2,,8,,,,,,,,,4000,373.0,12.0,3614.0,1.0,0.9688311688311688,0.9973262032085561,0.9828721880912781,0.9828721880912781,0.9828721880912781,374.0,0.09350000321865082
local,local,,,0,632,data_4000_4_11_chordal,val_epoch_task,val,cycle3,,8,,,,,,,,,4000,489.0,64.0,3446.0,1.0,0.8842676311030742,0.9979591836734694,0.9376798272132874,0.9376798272132874,0.9376798272132874,490.0,0.12250000238418579
local,local,,,0,632,data_4000_4_11_chordal,val_epoch_task,val,cycle4,,8,,,,,,,,,4000,725.0,208.0,3067.0,0.0,0.7770632368703109,1.0,0.8745476603507996,0.8745476603507996,0.8745476603507996,725.0,0.18125000596046448
local,local,,,0,632,data_4000_4_11_chordal,val_epoch_task,val,cycle5,,8,,,,,,,,,4000,901.0,323.0,2767.0,9.0,0.7361111111111112,0.9901098901098901,0.8444235920906067,0.8444235920906067,0.8444235920906067,910.0,0.22750000655651093
local,local,,,0,632,data_4000_4_11_chordal,val_epoch_task,val,cycle6,,8,,,,,,,,,4000,1046.0,483.0,2393.0,78.0,0.684107259646828,0.9306049822064056,0.788541316986084,0.788541316986084,0.788541316986084,1124.0,0.2809999883174896
local,local,,,0,632,data_4000_4_11_chordal,train_epoch,train,,,9,0.20329740327596665,,,,,,,,4000,,,,,,,,,,,
local,local,,,0,632,data_4000_4_11_chordal,val_epoch,val,,,9,,0.20596598434448243,0.9377,0.7670000195503235,0.8510994263862333,0.8814983367919922,0.8814983367919922,0.8814983367919922,4000,,,,,,,,,,,
local,local,,,0,632,data_4000_4_11_chordal,val_epoch_task,val,cycle2,,9,,,,,,,,,4000,367.0,25.0,3601.0,7.0,0.9362244897959183,0.9812834224598931,0.9582245349884033,0.9582245349884033,0.9582245349884033,374.0,0.09350000321865082
local,local,,,0,632,data_4000_4_11_chordal,val_epoch_task,val,cycle3,,9,,,,,,,,,4000,487.0,41.0,3469.0,3.0,0.9223484848484849,0.9938775510204082,0.9567779898643494,0.9567779898643494,0.9567779898643494,490.0,0.12250000238418579
local,local,,,0,632,data_4000_4_11_chordal,val_epoch_task,val,cycle4,,9,,,,,,,,,4000,713.0,189.0,3086.0,12.0,0.7904656319290465,0.983448275862069,0.8764597773551941,0.8764597773551941,0.8764597773551941,725.0,0.18125000596046448
local,local,,,0,632,data_4000_4_11_chordal,val_epoch_task,val,cycle5,,9,,,,,,,,,4000,900.0,346.0,2744.0,10.0,0.7223113964686998,0.989010989010989,0.8348793983459473,0.8348793983459473,0.8348793983459473,910.0,0.22750000655651093
local,local,,,0,632,data_4000_4_11_chordal,val_epoch_task,val,cycle6,,9,,,,,,,,,4000,1094.0,583.0,2293.0,30.0,0.652355396541443,0.9733096085409253,0.7811496257781982,0.7811496257781982,0.7811496257781982,1124.0,0.2809999883174896
local,local,,,0,632,data_4000_4_11_chordal,train_epoch,train,,,10,0.20555910521745682,,,,,,,,4000,,,,,,,,,,,
local,local,,,0,632,data_4000_4_11_chordal,val_epoch,val,,,10,,0.2077608596086502,0.9414,0.7820000052452087,0.8557005663629649,0.8721125721931458,0.8721125721931458,0.8721125721931458,4000,,,,,,,,,,,
local,local,,,0,632,data_4000_4_11_chordal,val_epoch_task,val,cycle2,,10,,,,,,,,,4000,374.0,47.0,3579.0,0.0,0.8883610451306413,1.0,0.940880537033081,0.940880537033081,0.940880537033081,374.0,0.09350000321865082
local,local,,,0,632,data_4000_4_11_chordal,val_epoch_task,val,cycle3,,10,,,,,,,,,4000,490.0,141.0,3369.0,0.0,0.7765451664025357,1.0,0.8742194175720215,0.8742194175720215,0.8742194175720215,490.0,0.12250000238418579
local,local,,,0,632,data_4000_4_11_chordal,val_epoch_task,val,cycle4,,10,,,,,,,,,4000,713.0,178.0,3097.0,12.0,0.8002244668911336,0.983448275862069,0.8824257254600525,0.8824257254600525,0.8824257254600525,725.0,0.18125000596046448
local,local,,,0,632,data_4000_4_11_chordal,val_epoch_task,val,cycle5,,10,,,,,,,,,4000,871.0,227.0,2863.0,39.0,0.7932604735883424,0.9571428571428572,0.8675298690795898,0.8675298690795898,0.8675298690795898,910.0,0.22750000655651093
local,local,,,0,632,data_4000_4_11_chordal,val_epoch_task,val,cycle6,,10,,,,,,,,,4000,1027.0,431.0,2445.0,97.0,0.7043895747599451,0.9137010676156584,0.7955073118209839,0.7955073118209839,0.7955073118209839,1124.0,0.2809999883174896
local,local,,,0,632,data_4000_4_11_chordal,train_epoch,train,,,11,0.18591079032421112,,,,,,,,4000,,,,,,,,,,,
local,local,,,0,632,data_4000_4_11_chordal,val_epoch,val,,,11,,0.17820547038316728,0.94915,0.7975000143051147,0.8741492389555748,0.8983556628227234,0.8983556628227234,0.8983556628227234,4000,,,,,,,,,,,
local,local,,,0,632,data_4000_4_11_chordal,val_epoch_task,val,cycle2,,11,,,,,,,,,4000,374.0,43.0,3583.0,0.0,0.8968824940047961,1.0,0.9456384181976318,0.9456384181976318,0.9456384181976318,374.0,0.09350000321865082
local,local,,,0,632,data_4000_4_11_chordal,val_epoch_task,val,cycle3,,11,,,,,,,,,4000,490.0,47.0,3463.0,0.0,0.9124767225325885,1.0,0.9542356133460999,0.9542356133460999,0.9542356133460999,490.0,0.12250000238418579
local,local,,,0,632,data_4000_4_11_chordal,val_epoch_task,val,cycle4,,11,,,,,,,,,4000,705.0,112.0,3163.0,20.0,0.8629130966952264,0.9724137931034482,0.9143968820571899,0.9143968820571899,0.9143968820571899,725.0,0.18125000596046448
local,local,,,0,632,data_4000_4_11_chordal,val_epoch_task,val,cycle5,,11,,,,,,,,,4000,885.0,204.0,2886.0,25.0,0.8126721763085399,0.9725274725274725,0.8854427337646484,0.8854427337646484,0.8854427337646484,910.0,0.22750000655651093
local,local,,,0,632,data_4000_4_11_chordal,val_epoch_task,val,cycle6,,11,,,,,,,,,4000,1078.0,520.0,2356.0,46.0,0.6745932415519399,0.9590747330960854,0.7920646667480469,0.7920646667480469,0.7920646667480469,1124.0,0.2809999883174896
local,local,,,0,632,data_4000_4_11_chordal,train_epoch,train,,,12,0.1967485213279724,,,,,,,,4000,,,,,,,,,,,
local,local,,,0,632,data_4000_4_11_chordal,val_epoch,val,,,12,,0.20824163901805878,0.927,0.7267500162124634,0.8312918881442106,0.8564814329147339,0.8564814329147339,0.8564814329147339,4000,,,,,,,,,,,
local,local,,,0,632,data_4000_4_11_chordal,val_epoch_task,val,cycle2,,12,,,,,,,,,4000,374.0,90.0,3536.0,0.0,0.8060344827586207,1.0,0.8926014304161072,0.8926014304161072,0.8926014304161072,374.0,0.09350000321865082
local,local,,,0,632,data_4000_4_11_chordal,val_epoch_task,val,cycle3,,12,,,,,,,,,4000,490.0,78.0,3432.0,0.0,0.8626760563380281,1.0,0.9262759685516357,0.9262759685516357,0.9262759685516357,490.0,0.12250000238418579
local,local,,,0,632,data_4000_4_11_chordal,val_epoch_task,val,cycle4,,12,,,,,,,,,4000,717.0,219.0,3056.0,8.0,0.7660256410256411,0.9889655172413793,0.8633353114128113,0.8633353114128113,0.8633353114128113,725.0,0.18125000596046448
local,local,,,0,632,data_4000_4_11_chordal,val_epoch_task,val,cycle5,,12,,,,,,,,,4000,904.0,304.0,2786.0,6.0,0.7483443708609272,0.9934065934065934,0.8536354899406433,0.8536354899406433,0.8536354899406433,910.0,0.22750000655651093
local,local,,,0,632,data_4000_4_11_chordal,val_epoch_task,val,cycle6,,12,,,,,,,,,4000,1112.0,743.0,2133.0,12.0,0.5994609164420485,0.9893238434163701,0.7465592622756958,0.7465592622756958,0.7465592622756958,1124.0,0.2809999883174896
local,local,,,0,632,data_4000_4_11_chordal,train_epoch,train,,,13,0.19176817297935486,,,,,,,,4000,,,,,,,,,,,
local,local,,,0,632,data_4000_4_11_chordal,val_epoch,val,,,13,,0.20832343852519988,0.9323,0.7544999718666077,0.8383862497015994,0.861748993396759,0.861748993396759,0.861748993396759,4000,,,,,,,,,,,
local,local,,,0,632,data_4000_4_11_chordal,val_epoch_task,val,cycle2,,13,,,,,,,,,4000,374.0,47.0,3579.0,0.0,0.8883610451306413,1.0,0.940880537033081,0.940880537033081,0.940880537033081,374.0,0.09350000321865082
local,local,,,0,632,data_4000_4_11_chordal,val_epoch_task,val,cycle3,,13,,,,,,,,,4000,490.0,107.0,3403.0,0.0,0.8207705192629816,1.0,0.9015639424324036,0.9015639424324036,0.9015639424324036,490.0,0.12250000238418579
local,local,,,0,632,data_4000_4_11_chordal,val_epoch_task,val,cycle4,,13,,,,,,,,,4000,723.0,225.0,3050.0,2.0,0.7626582278481012,0.9972413793103448,0.8643156290054321,0.8643156290054321,0.8643156290054321,725.0,0.18125000596046448
local,local,,,0,632,data_4000_4_11_chordal,val_epoch_task,val,cycle5,,13,,,,,,,,,4000,908.0,369.0,2721.0,2.0,0.7110415035238841,0.9978021978021978,0.8303612470626831,0.8303612470626831,0.8303612470626831,910.0,0.22750000655651093
local,local,,,0,632,data_4000_4_11_chordal,val_epoch_task,val,cycle6,,13,,,,,,,,,4000,1017.0,495.0,2381.0,107.0,0.6726190476190477,0.9048042704626335,0.7716236710548401,0.7716236710548401,0.7716236710548401,1124.0,0.2809999883174896
local,local,,,0,632,data_4000_4_11_chordal,train_epoch,train,,,14,0.20570092535018922,,,,,,,,4000,,,,,,,,,,,
local,local,,,0,632,data_4000_4_11_chordal,val_epoch,val,,,14,,0.24000128042697907,0.91815,0.7145000100135803,0.8119039411697115,0.8366181254386902,0.8366181254386902,0.8366181254386902,4000,,,,,,,,,,,
local,local,,,0,632,data_4000_4_11_chordal,val_epoch_task,val,cycle2,,14,,,,,,,,,4000,374.0,52.0,3574.0,0.0,0.8779342723004695,1.0,0.9350000619888306,0.9350000619888306,0.9350000619888306,374.0,0.09350000321865082
local,local,,,0,632,data_4000_4_11_chordal,val_epoch_task,val,cycle3,,14,,,,,,,,,4000,490.0,130.0,3380.0,0.0,0.7903225806451613,1.0,0.8828829526901245,0.8828829526901245,0.8828829526901245,490.0,0.12250000238418579
local,local,,,0,632,data_4000_4_11_chordal,val_epoch_task,val,cycle4,,14,,,,,,,,,4000,723.0,389.0,2886.0,2.0,0.6501798561151079,0.9972413793103448,0.7871529459953308,0.7871529459953308,0.7871529459953308,725.0,0.18125000596046448
local,local,,,0,632,data_4000_4_11_chordal,val_epoch_task,val,cycle5,,14,,,,,,,,,4000,899.0,381.0,2709.0,11.0,0.70234375,0.987912087912088,0.8210045099258423,0.8210045099258423,0.8210045099258423,910.0,0.22750000655651093
local,local,,,0,632,data_4000_4_11_chordal,val_epoch_task,val,cycle6,,14,,,,,,,,,4000,1047.0,595.0,2281.0,77.0,0.6376370280146163,0.9314946619217082,0.7570499181747437,0.7570499181747437,0.7570499181747437,1124.0,0.2809999883174896
local,local,,,0,632,data_4000_4_11_chordal,train_epoch,train,,,15,0.21291491556167602,,,,,,,,4000,,,,,,,,,,,
local,local,,,0,632,data_4000_4_11_chordal,val_epoch,val,,,15,,0.20765885949134827,0.94305,0.781499981880188,0.8589124241298154,0.8822277188301086,0.8822277188301086,0.8822277188301086,4000,,,,,,,,,,,
local,local,,,0,632,data_4000_4_11_chordal,val_epoch_task,val,cycle2,,15,,,,,,,,,4000,374.0,84.0,3542.0,0.0,0.8165938864628821,1.0,0.8990384340286255,0.8990384340286255,0.8990384340286255,374.0,0.09350000321865082
local,local,,,0,632,data_4000_4_11_chordal,val_epoch_task,val,cycle3,,15,,,,,,,,,4000,490.0,48.0,3462.0,0.0,0.9107806691449815,1.0,0.9533073902130127,0.9533073902130127,0.9533073902130127,490.0,0.12250000238418579
local,local,,,0,632,data_4000_4_11_chordal,val_epoch_task,val,cycle4,,15,,,,,,,,,4000,695.0,72.0,3203.0,30.0,0.9061277705345502,0.9586206896551724,0.931635320186615,0.931635320186615,0.931635320186615,725.0,0.18125000596046448
local,local,,,0,632,data_4000_4_11_chordal,val_epoch_task,val,cycle5,,15,,,,,,,,,4000,887.0,274.0,2816.0,23.0,0.7639965546942291,0.9747252747252747,0.856590986251831,0.856590986251831,0.856590986251831,910.0,0.22750000655651093
local,local,,,0,632,data_4000_4_11_chordal,val_epoch_task,val,cycle6,,15,,,,,,,,,4000,1021.0,505.0,2371.0,103.0,0.6690694626474443,0.9083629893238434,0.7705660462379456,0.7705660462379456,0.7705660462379456,1124.0,0.2809999883174896
local,local,,,0,632,data_4000_4_11_chordal,train_epoch,train,,,16,0.17806585347652434,,,,,,,,4000,,,,,,,,,,,
local,local,,,0,632,data_4000_4_11_chordal,val_epoch,val,,,16,,0.1937441841363907,0.9304,0.7437499761581421,0.8380642159143787,0.8685711622238159,0.8685711622238159,0.8685711622238159,4000,,,,,,,,,,,
local,local,,,0,632,data_4000_4_11_chordal,val_epoch_task,val,cycle2,,16,,,,,,,,,4000,370.0,21.0,3605.0,4.0,0.9462915601023018,0.9893048128342246,0.9673202633857727,0.9673202633857727,0.9673202633857727,374.0,0.09350000321865082
local,local,,,0,632,data_4000_4_11_chordal,val_epoch_task,val,cycle3,,16,,,,,,,,,4000,490.0,76.0,3434.0,0.0,0.8657243816254417,1.0,0.9280303120613098,0.9280303120613098,0.9280303120613098,490.0,0.12250000238418579
local,local,,,0,632,data_4000_4_11_chordal,val_epoch_task,val,cycle4,,16,,,,,,,,,4000,721.0,231.0,3044.0,4.0,0.7573529411764706,0.9944827586206897,0.8598687648773193,0.8598687648773193,0.8598687648773193,725.0,0.18125000596046448
local,local,,,0,632,data_4000_4_11_chordal,val_epoch_task,val,cycle5,,16,,,,,,,,,4000,907.0,444.0,2646.0,3.0,0.6713545521835678,0.9967032967032967,0.8022997975349426,0.8022997975349426,0.8022997975349426,910.0,0.22750000655651093
local,local,,,0,632,data_4000_4_11_chordal,val_epoch_task,val,cycle6,,16,,,,,,,,,4000,1114.0,599.0,2277.0,10.0,0.6503210741389376,0.9911032028469751,0.7853366136550903,0.7853366136550903,0.7853366136550903,1124.0,0.2809999883174896
local,local,,,0,632,data_4000_4_11_chordal,train_epoch,train,,,17,0.17947939825057985,,,,,,,,4000,,,,,,,,,,,
local,local,,,0,632,data_4000_4_11_chordal,val_epoch,val,,,17,,0.19213396048545836,0.93335,0.7484999895095825,0.8428621949781917,0.8691385984420776,0.8691385984420776,0.8691385984420776,4000,,,,,,,,,,,
local,local,,,0,632,data_4000_4_11_chordal,val_epoch_task,val,cycle2,,17,,,,,,,,,4000,374.0,53.0,3573.0,0.0,0.8758782201405152,1.0,0.9338327050209045,0.9338327050209045,0.9338327050209045,374.0,0.09350000321865082
local,local,,,0,632,data_4000_4_11_chordal,val_epoch_task,val,cycle3,,17,,,,,,,,,4000,490.0,81.0,3429.0,0.0,0.8581436077057794,1.0,0.9236569404602051,0.9236569404602051,0.9236569404602051,490.0,0.12250000238418579
local,local,,,0,632,data_4000_4_11_chordal,val_epoch_task,val,cycle4,,17,,,,,,,,,4000,724.0,227.0,3048.0,1.0,0.7613038906414301,0.9986206896551724,0.8639618158340454,0.8639618158340454,0.8639618158340454,725.0,0.18125000596046448
local,local,,,0,632,data_4000_4_11_chordal,val_epoch_task,val,cycle5,,17,,,,,,,,,4000,880.0,254.0,2836.0,30.0,0.7760141093474426,0.967032967032967,0.8610567450523376,0.8610567450523376,0.8610567450523376,910.0,0.22750000655651093
local,local,,,0,632,data_4000_4_11_chordal,val_epoch_task,val,cycle6,,17,,,,,,,,,4000,1107.0,670.0,2206.0,17.0,0.6229600450196962,0.9848754448398577,0.7631850838661194,0.7631850838661194,0.7631850838661194,1124.0,0.2809999883174896
local,local,,,0,632,data_4000_4_11_chordal,train_epoch,train,,,18,0.17132114881277086,,,,,,,,4000,,,,,,,,,,,
local,local,,,0,632,data_4000_4_11_chordal,val_epoch,val,,,18,,0.17992214572429657,0.9479,0.7935000061988831,0.8714849531327085,0.8848811388015747,0.8848811388015747,0.8848811388015747,4000,,,,,,,,,,,
local,local,,,0,632,data_4000_4_11_chordal,val_epoch_task,val,cycle2,,18,,,,,,,,,4000,374.0,112.0,3514.0,0.0,0.7695473251028807,1.0,0.869767427444458,0.869767427444458,0.869767427444458,374.0,0.09350000321865082
local,local,,,0,632,data_4000_4_11_chordal,val_epoch_task,val,cycle3,,18,,,,,,,,,4000,490.0,44.0,3466.0,0.0,0.9176029962546817,1.0,0.95703125,0.95703125,0.95703125,490.0,0.12250000238418579
local,local,,,0,632,data_4000_4_11_chordal,val_epoch_task,val,cycle4,,18,,,,,,,,,4000,709.0,116.0,3159.0,16.0,0.8593939393939394,0.9779310344827586,0.9148386716842651,0.9148386716842651,0.9148386716842651,725.0,0.18125000596046448
local,local,,,0,632,data_4000_4_11_chordal,val_epoch_task,val,cycle5,,18,,,,,,,,,4000,899.0,268.0,2822.0,11.0,0.7703513281919452,0.987912087912088,0.8656716346740723,0.8656716346740723,0.8656716346740723,910.0,0.22750000655651093
local,local,,,0,632,data_4000_4_11_chordal,val_epoch_task,val,cycle6,,18,,,,,,,,,4000,1061.0,412.0,2464.0,63.0,0.7202987101154107,0.943950177935943,0.8170966506004333,0.8170966506004333,0.8170966506004333,1124.0,0.2809999883174896
local,local,,,0,632,data_4000_4_11_chordal,train_epoch,train,,,19,0.1789685307741165,,,,,,,,4000,,,,,,,,,,,
local,local,,,0,632,data_4000_4_11_chordal,val_epoch,val,,,19,,0.1478620971441269,0.958,0.831250011920929,0.8943927583605733,0.9157699346542358,0.9157699346542358,0.9157699346542358,4000,,,,,,,,,,,
local,local,,,0,632,data_4000_4_11_chordal,val_epoch_task,val,cycle2,,19,,,,,,,,,4000,374.0,15.0,3611.0,0.0,0.961439588688946,1.0,0.9803407788276672,0.9803407788276672,0.9803407788276672,374.0,0.09350000321865082
local,local,,,0,632,data_4000_4_11_chordal,val_epoch_task,val,cycle3,,19,,,,,,,,,4000,490.0,43.0,3467.0,0.0,0.9193245778611632,1.0,0.9579667448997498,0.9579667448997498,0.9579667448997498,490.0,0.12250000238418579
local,local,,,0,632,data_4000_4_11_chordal,val_epoch_task,val,cycle4,,19,,,,,,,,,4000,719.0,127.0,3148.0,6.0,0.8498817966903073,0.9917241379310345,0.9153404831886292,0.9153404831886292,0.9153404831886292,725.0,0.18125000596046448
local,local,,,0,632,data_4000_4_11_chordal,val_epoch_task,val,cycle5,,19,,,,,,,,,4000,889.0,196.0,2894.0,21.0,0.8193548387096774,0.9769230769230769,0.8912280797958374,0.8912280797958374,0.8912280797958374,910.0,0.22750000655651093
local,local,,,0,632,data_4000_4_11_chordal,val_epoch_task,val,cycle6,,19,,,,,,,,,4000,1085.0,393.0,2483.0,39.0,0.7341001353179973,0.9653024911032029,0.8339739441871643,0.8339739441871643,0.8339739441871643,1124.0,0.2809999883174896
local,local,,,0,632,data_4000_4_11_chordal,train_epoch,train,,,20,0.1688689569234848,,,,,,,,4000,,,,,,,,,,,
local,local,,,0,632,data_4000_4_11_chordal,val_epoch,val,,,20,,0.15111710208654403,0.94985,0.8054999709129333,0.877248806755599,0.9031907320022583,0.9031907320022583,0.9031907320022583,4000,,,,,,,,,,,
local,local,,,0,632,data_4000_4_11_chordal,val_epoch_task,val,cycle2,,20,,,,,,,,,4000,374.0,9.0,3617.0,0.0,0.9765013054830287,1.0,0.9881109595298767,0.9881109595298767,0.9881109595298767,374.0,0.09350000321865082
local,local,,,0,632,data_4000_4_11_chordal,val_epoch_task,val,cycle3,,20,,,,,,,,,4000,490.0,53.0,3457.0,0.0,0.9023941068139963,1.0,0.9486931562423706,0.9486931562423706,0.9486931562423706,490.0,0.12250000238418579
local,local,,,0,632,data_4000_4_11_chordal,val_epoch_task,val,cycle4,,20,,,,,,,,,4000,723.0,143.0,3132.0,2.0,0.8348729792147807,0.9972413793103448,0.908862292766571,0.908862292766571,0.908862292766571,725.0,0.18125000596046448
local,local,,,0,632,data_4000_4_11_chordal,val_epoch_task,val,cycle5,,20,,,,,,,,,4000,905.0,321.0,2769.0,5.0,0.7381729200652528,0.9945054945054945,0.8473783135414124,0.8473783135414124,0.8473783135414124,910.0,0.22750000655651093
local,local,,,0,632,data_4000_4_11_chordal,val_epoch_task,val,cycle6,,20,,,,,,,,,4000,1092.0,438.0,2438.0,32.0,0.7137254901960784,0.9715302491103203,0.8229088187217712,0.8229088187217712,0.8229088187217712,1124.0,0.2809999883174896
local,local,,,0,632,data_4000_4_11_chordal,train_epoch,train,,,21,0.18769666469097138,,,,,,,,4000,,,,,,,,,,,
local,local,,,0,632,data_4000_4_11_chordal,val_epoch,val,,,21,,0.17688127279281615,0.9398,0.778249979019165,0.8563245823389022,0.87713623046875,0.87713623046875,0.87713623046875,4000,,,,,,,,,,,
local,local,,,0,632,data_4000_4_11_chordal,val_epoch_task,val,cycle2,,21,,,,,,,,,4000,374.0,32.0,3594.0,0.0,0.9211822660098522,1.0,0.9589743614196777,0.9589743614196777,0.9589743614196777,374.0,0.09350000321865082
local,local,,,0,632,data_4000_4_11_chordal,val_epoch_task,val,cycle3,,21,,,,,,,,,4000,490.0,90.0,3420.0,0.0,0.8448275862068966,1.0,0.9158878326416016,0.9158878326416016,0.9158878326416016,490.0,0.12250000238418579
local,local,,,0,632,data_4000_4_11_chordal,val_epoch_task,val,cycle4,,21,,,,,,,,,4000,723.0,279.0,2996.0,2.0,0.7215568862275449,0.9972413793103448,0.8372901082038879,0.8372901082038879,0.8372901082038879,725.0,0.18125000596046448
local,local,,,0,632,data_4000_4_11_chordal,val_epoch_task,val,cycle5,,21,,,,,,,,,4000,905.0,279.0,2811.0,5.0,0.7643581081081081,0.9945054945054945,0.8643743991851807,0.8643743991851807,0.8643743991851807,910.0,0.22750000655651093
local,local,,,0,632,data_4000_4_11_chordal,val_epoch_task,val,cycle6,,21,,,,,,,,,4000,1096.0,489.0,2387.0,28.0,0.6914826498422713,0.9750889679715302,0.8091546893119812,0.8091546893119812,0.8091546893119812,1124.0,0.2809999883174896
local,local,,,0,632,data_4000_4_11_chordal,train_epoch,train,,,22,0.17397570323944092,,,,,,,,4000,,,,,,,,,,,
local,local,,,0,632,data_4000_4_11_chordal,val_epoch,val,,,22,,0.14608636099100114,0.95735,0.8257499933242798,0.8914343897161767,0.9138656854629517,0.9138656854629517,0.9138656854629517,4000,,,,,,,,,,,
local,local,,,0,632,data_4000_4_11_chordal,val_epoch_task,val,cycle2,,22,,,,,,,,,4000,374.0,12.0,3614.0,0.0,0.9689119170984456,1.0,0.9842105507850647,0.9842105507850647,0.9842105507850647,374.0,0.09350000321865082
local,local,,,0,632,data_4000_4_11_chordal,val_epoch_task,val,cycle3,,22,,,,,,,,,4000,490.0,51.0,3459.0,0.0,0.9057301293900185,1.0,0.9505334496498108,0.9505334496498108,0.9505334496498108,490.0,0.12250000238418579
local,local,,,0,632,data_4000_4_11_chordal,val_epoch_task,val,cycle4,,22,,,,,,,,,4000,716.0,101.0,3174.0,9.0,0.8763769889840881,0.9875862068965517,0.9286640882492065,0.9286640882492065,0.9286640882492065,725.0,0.18125000596046448
local,local,,,0,632,data_4000_4_11_chordal,val_epoch_task,val,cycle5,,22,,,,,,,,,4000,904.0,226.0,2864.0,6.0,0.8,0.9934065934065934,0.886274516582489,0.886274516582489,0.886274516582489,910.0,0.22750000655651093
local,local,,,0,632,data_4000_4_11_chordal,val_epoch_task,val,cycle6,,22,,,,,,,,,4000,1018.0,342.0,2534.0,106.0,0.7485294117647059,0.905693950177936,0.8196457028388977,0.8196457028388977,0.8196457028388977,1124.0,0.2809999883174896
local,local,,,0,632,data_4000_4_11_chordal,train_epoch,train,,,23,0.1589758325815201,,,,,,,,4000,,,,,,,,,,,
local,local,,,0,632,data_4000_4_11_chordal,val_epoch,val,,,23,,0.1455046288371086,0.954,0.824999988079071,0.8862512363996045,0.907453179359436,0.907453179359436,0.907453179359436,4000,,,,,,,,,,,
local,local,,,0,632,data_4000_4_11_chordal,val_epoch_task,val,cycle2,,23,,,,,,,,,4000,374.0,18.0,3608.0,0.0,0.9540816326530612,1.0,0.9765013456344604,0.9765013456344604,0.9765013456344604,374.0,0.09350000321865082
local,local,,,0,632,data_4000_4_11_chordal,val_epoch_task,val,cycle3,,23,,,,,,,,,4000,490.0,49.0,3461.0,0.0,0.9090909090909091,1.0,0.9523809552192688,0.9523809552192688,0.9523809552192688,490.0,0.12250000238418579
local,local,,,0,632,data_4000_4_11_chordal,val_epoch_task,val,cycle4,,23,,,,,,,,,4000,718.0,156.0,3119.0,7.0,0.8215102974828375,0.9903448275862069,0.8980613350868225,0.8980613350868225,0.8980613350868225,725.0,0.18125000596046448
local,local,,,0,632,data_4000_4_11_chordal,val_epoch_task,val,cycle5,,23,,,,,,,,,4000,903.0,255.0,2835.0,7.0,0.7797927461139896,0.9923076923076923,0.873307466506958,0.873307466506958,0.873307466506958,910.0,0.22750000655651093
local,local,,,0,632,data_4000_4_11_chordal,val_epoch_task,val,cycle6,,23,,,,,,,,,4000,1099.0,403.0,2473.0,25.0,0.7316910785619174,0.9777580071174378,0.8370144367218018,0.8370144367218018,0.8370144367218018,1124.0,0.2809999883174896
local,local,,,0,632,data_4000_4_11_chordal,train_epoch,train,,,24,0.1574061404466629,,,,,,,,4000,,,,,,,,,,,
local,local,,,0,632,data_4000_4_11_chordal,val_epoch,val,,,24,,0.18467530870437623,0.9583,0.8297500014305115,0.8898282694848084,0.9125860929489136,0.9125860929489136,0.9125860929489136,4000,,,,,,,,,,,
local,local,,,0,632,data_4000_4_11_chordal,val_epoch_task,val,cycle2,,24,,,,,,,,,4000,374.0,16.0,3610.0,0.0,0.958974358974359,1.0,0.9790576100349426,0.9790576100349426,0.9790576100349426,374.0,0.09350000321865082
local,local,,,0,632,data_4000_4_11_chordal,val_epoch_task,val,cycle3,,24,,,,,,,,,4000,490.0,40.0,3470.0,0.0,0.9245283018867925,1.0,0.9607842564582825,0.9607842564582825,0.9607842564582825,490.0,0.12250000238418579
local,local,,,0,632,data_4000_4_11_chordal,val_epoch_task,val,cycle4,,24,,,,,,,,,4000,720.0,86.0,3189.0,5.0,0.8933002481389578,0.993103448275862,0.9405617117881775,0.9405617117881775,0.9405617117881775,725.0,0.18125000596046448
local,local,,,0,632,data_4000_4_11_chordal,val_epoch_task,val,cycle5,,24,,,,,,,,,4000,871.0,198.0,2892.0,39.0,0.8147801683816651,0.9571428571428572,0.8802424669265747,0.8802424669265747,0.8802424669265747,910.0,0.22750000655651093
local,local,,,0,632,data_4000_4_11_chordal,val_epoch_task,val,cycle6,,24,,,,,,,,,4000,913.0,239.0,2637.0,211.0,0.7925347222222222,0.8122775800711743,0.8022847175598145,0.8022847175598145,0.8022847175598145,1124.0,0.2809999883174896
local,local,,,0,632,data_4000_4_11_chordal,train_epoch,train,,,25,0.15728399801254273,,,,,,,,4000,,,,,,,,,,,
local,local,,,0,632,data_4000_4_11_chordal,val_epoch,val,,,25,,0.1422953353524208,0.95345,0.8212500214576721,0.8848769630270806,0.9099801778793335,0.9099801778793335,0.9099801778793335,4000,,,,,,,,,,,
local,local,,,0,632,data_4000_4_11_chordal,val_epoch_task,val,cycle2,,25,,,,,,,,,4000,374.0,18.0,3608.0,0.0,0.9540816326530612,1.0,0.9765013456344604,0.9765013456344604,0.9765013456344604,374.0,0.09350000321865082
local,local,,,0,632,data_4000_4_11_chordal,val_epoch_task,val,cycle3,,25,,,,,,,,,4000,489.0,32.0,3478.0,1.0,0.9385796545105566,0.9979591836734694,0.9673590660095215,0.9673590660095215,0.9673590660095215,490.0,0.12250000238418579
local,local,,,0,632,data_4000_4_11_chordal,val_epoch_task,val,cycle4,,25,,,,,,,,,4000,712.0,121.0,3154.0,13.0,0.8547418967587035,0.9820689655172414,0.9139922261238098,0.9139922261238098,0.9139922261238098,725.0,0.18125000596046448
local,local,,,0,632,data_4000_4_11_chordal,val_epoch_task,val,cycle5,,25,,,,,,,,,4000,905.0,265.0,2825.0,5.0,0.7735042735042735,0.9945054945054945,0.870192289352417,0.870192289352417,0.870192289352417,910.0,0.22750000655651093
local,local,,,0,632,data_4000_4_11_chordal,val_epoch_task,val,cycle6,,25,,,,,,,,,4000,1098.0,450.0,2426.0,26.0,0.7093023255813954,0.9768683274021353,0.8218562602996826,0.8218562602996826,0.8218562602996826,1124.0,0.2809999883174896
local,local,,,0,632,data_4000_4_11_chordal,train_epoch,train,,,26,0.15134111732244493,,,,,,,,4000,,,,,,,,,,,
local,local,,,0,632,data_4000_4_11_chordal,val_epoch,val,,,26,,0.1691522757411003,0.94985,0.812749981880188,0.8758816978096771,0.897363007068634,0.897363007068634,0.897363007068634,4000,,,,,,,,,,,
local,local,,,0,632,data_4000_4_11_chordal,val_epoch_task,val,cycle2,,26,,,,,,,,,4000,374.0,25.0,3601.0,0.0,0.9373433583959899,1.0,0.9676584601402283,0.9676584601402283,0.9676584601402283,374.0,0.09350000321865082
local,local,,,0,632,data_4000_4_11_chordal,val_epoch_task,val,cycle3,,26,,,,,,,,,4000,490.0,69.0,3441.0,0.0,0.8765652951699463,1.0,0.9342231154441833,0.9342231154441833,0.9342231154441833,490.0,0.12250000238418579
local,local,,,0,632,data_4000_4_11_chordal,val_epoch_task,val,cycle4,,26,,,,,,,,,4000,704.0,119.0,3156.0,21.0,0.8554070473876063,0.9710344827586207,0.9095607399940491,0.9095607399940491,0.9095607399940491,725.0,0.18125000596046448
local,local,,,0,632,data_4000_4_11_chordal,val_epoch_task,val,cycle5,,26,,,,,,,,,4000,909.0,325.0,2765.0,1.0,0.7366288492706645,0.9989010989010989,0.8479477763175964,0.8479477763175964,0.8479477763175964,910.0,0.22750000655651093
local,local,,,0,632,data_4000_4_11_chordal,val_epoch_task,val,cycle6,,26,,,,,,,,,4000,1062.0,381.0,2495.0,62.0,0.735966735966736,0.9448398576512456,0.827424943447113,0.827424943447113,0.827424943447113,1124.0,0.2809999883174896
local,local,,,0,632,data_4000_4_11_chordal,train_epoch,train,,,27,0.16324958017468452,,,,,,,,4000,,,,,,,,,,,
local,local,,,0,632,data_4000_4_11_chordal,val_epoch,val,,,27,,0.1439332332611084,0.9554,0.8187500238418579,0.8889442231075697,0.909652054309845,0.909652054309845,0.909652054309845,4000,,,,,,,,,,,
local,local,,,0,632,data_4000_4_11_chordal,val_epoch_task,val,cycle2,,27,,,,,,,,,4000,374.0,18.0,3608.0,0.0,0.9540816326530612,1.0,0.9765013456344604,0.9765013456344604,0.9765013456344604,374.0,0.09350000321865082
local,local,,,0,632,data_4000_4_11_chordal,val_epoch_task,val,cycle3,,27,,,,,,,,,4000,490.0,76.0,3434.0,0.0,0.8657243816254417,1.0,0.9280303120613098,0.9280303120613098,0.9280303120613098,490.0,0.12250000238418579
local,local,,,0,632,data_4000_4_11_chordal,val_epoch_task,val,cycle4,,27,,,,,,,,,4000,719.0,111.0,3164.0,6.0,0.8662650602409638,0.9917241379310345,0.9247588515281677,0.9247588515281677,0.9247588515281677,725.0,0.18125000596046448
local,local,,,0,632,data_4000_4_11_chordal,val_epoch_task,val,cycle5,,27,,,,,,,,,4000,882.0,175.0,2915.0,28.0,0.8344370860927153,0.9692307692307692,0.8967971801757812,0.8967971801757812,0.8967971801757812,910.0,0.22750000655651093
local,local,,,0,632,data_4000_4_11_chordal,val_epoch_task,val,cycle6,,27,,,,,,,,,4000,1105.0,459.0,2417.0,19.0,0.7065217391304348,0.9830960854092526,0.8221725821495056,0.8221725821495056,0.8221725821495056,1124.0,0.2809999883174896
local,local,,,0,632,data_4000_4_11_chordal,train_epoch,train,,,28,0.14976372683048247,,,,,,,,4000,,,,,,,,,,,
local,local,,,0,632,data_4000_4_11_chordal,val_epoch,val,,,28,,0.15536168026924133,0.9537,0.8215000033378601,0.8855659911023233,0.906886100769043,0.906886100769043,0.906886100769043,4000,,,,,,,,,,,
local,local,,,0,632,data_4000_4_11_chordal,val_epoch_task,val,cycle2,,28,,,,,,,,,4000,373.0,14.0,3612.0,1.0,0.9638242894056848,0.9973262032085561,0.980289101600647,0.980289101600647,0.980289101600647,374.0,0.09350000321865082
local,local,,,0,632,data_4000_4_11_chordal,val_epoch_task,val,cycle3,,28,,,,,,,,,4000,490.0,72.0,3438.0,0.0,0.8718861209964412,1.0,0.9315589666366577,0.9315589666366577,0.9315589666366577,490.0,0.12250000238418579
local,local,,,0,632,data_4000_4_11_chordal,val_epoch_task,val,cycle4,,28,,,,,,,,,4000,722.0,120.0,3155.0,3.0,0.8574821852731591,0.9958620689655172,0.9215061068534851,0.9215061068534851,0.9215061068534851,725.0,0.18125000596046448
local,local,,,0,632,data_4000_4_11_chordal,val_epoch_task,val,cycle5,,28,,,,,,,,,4000,899.0,256.0,2834.0,11.0,0.7783549783549784,0.987912087912088,0.8707022070884705,0.8707022070884705,0.8707022070884705,910.0,0.22750000655651093
local,local,,,0,632,data_4000_4_11_chordal,val_epoch_task,val,cycle6,,28,,,,,,,,,4000,1099.0,424.0,2452.0,25.0,0.721602101116218,0.9777580071174378,0.830374002456665,0.830374002456665,0.830374002456665,1124.0,0.2809999883174896
local,local,,,0,632,data_4000_4_11_chordal,train_epoch,train,,,29,0.1547903625369072,,,,,,,,4000,,,,,,,,,,,
local,local,,,0,632,data_4000_4_11_chordal,val_epoch,val,,,29,,0.1631769862174988,0.95105,0.8132500052452087,0.8790312615840851,0.8996105194091797,0.8996105194091797,0.8996105194091797,4000,,,,,,,,,,,
local,local,,,0,632,data_4000_4_11_chordal,val_epoch_task,val,cycle2,,29,,,,,,,,,4000,374.0,25.0,3601.0,0.0,0.9373433583959899,1.0,0.9676584601402283,0.9676584601402283,0.9676584601402283,374.0,0.09350000321865082
local,local,,,0,632,data_4000_4_11_chordal,val_epoch_task,val,cycle3,,29,,,,,,,,,4000,490.0,43.0,3467.0,0.0,0.9193245778611632,1.0,0.9579667448997498,0.9579667448997498,0.9579667448997498,490.0,0.12250000238418579
local,local,,,0,632,data_4000_4_11_chordal,val_epoch_task,val,cycle4,,29,,,,,,,,,4000,719.0,230.0,3045.0,6.0,0.7576396206533192,0.9917241379310345,0.8590203523635864,0.8590203523635864,0.8590203523635864,725.0,0.18125000596046448
local,local,,,0,632,data_4000_4_11_chordal,val_epoch_task,val,cycle5,,29,,,,,,,,,4000,907.0,241.0,2849.0,3.0,0.7900696864111498,0.9967032967032967,0.8814382553100586,0.8814382553100586,0.8814382553100586,910.0,0.22750000655651093
local,local,,,0,632,data_4000_4_11_chordal,val_epoch_task,val,cycle6,,29,,,,,,,,,4000,1067.0,374.0,2502.0,57.0,0.7404580152671756,0.949288256227758,0.8319688439369202,0.8319688439369202,0.8319688439369202,1124.0,0.2809999883174896
local,local,,,0,632,data_4000_4_11_chordal,train_epoch,train,,,30,0.15342659705877304,,,,,,,,4000,,,,,,,,,,,
local,local,,,0,632,data_4000_4_11_chordal,val_epoch,val,,,30,,0.1560796300172806,0.9547,0.8205000162124634,0.8863807373965387,0.9056286811828613,0.9056286811828613,0.9056286811828613,4000,,,,,,,,,,,
local,local,,,0,632,data_4000_4_11_chordal,val_epoch_task,val,cycle2,,30,,,,,,,,,4000,374.0,28.0,3598.0,0.0,0.9303482587064676,1.0,0.9639175534248352,0.9639175534248352,0.9639175534248352,374.0,0.09350000321865082
local,local,,,0,632,data_4000_4_11_chordal,val_epoch_task,val,cycle3,,30,,,,,,,,,4000,490.0,72.0,3438.0,0.0,0.8718861209964412,1.0,0.9315589666366577,0.9315589666366577,0.9315589666366577,490.0,0.12250000238418579
local,local,,,0,632,data_4000_4_11_chordal,val_epoch_task,val,cycle4,,30,,,,,,,,,4000,716.0,102.0,3173.0,9.0,0.8753056234718827,0.9875862068965517,0.9280622005462646,0.9280622005462646,0.9280622005462646,725.0,0.18125000596046448
local,local,,,0,632,data_4000_4_11_chordal,val_epoch_task,val,cycle5,,30,,,,,,,,,4000,888.0,222.0,2868.0,22.0,0.8,0.9758241758241758,0.879207968711853,0.879207968711853,0.879207968711853,910.0,0.22750000655651093
local,local,,,0,632,data_4000_4_11_chordal,val_epoch_task,val,cycle6,,30,,,,,,,,,4000,1066.0,393.0,2483.0,58.0,0.7306374228923921,0.9483985765124555,0.8253968358039856,0.8253968358039856,0.8253968358039856,1124.0,0.2809999883174896
local,local,,,0,632,data_4000_4_11_chordal,train_epoch,train,,,31,0.15089420300722123,,,,,,,,4000,,,,,,,,,,,
local,local,,,0,632,data_4000_4_11_chordal,val_epoch,val,,,31,,0.15129234021902085,0.9557,0.8305000066757202,0.8888331242158092,0.9045904874801636,0.9045904874801636,0.9045904874801636,4000,,,,,,,,,,,
local,local,,,0,632,data_4000_4_11_chordal,val_epoch_task,val,cycle2,,31,,,,,,,,,4000,374.0,36.0,3590.0,0.0,0.9121951219512195,1.0,0.9540815949440002,0.9540815949440002,0.9540815949440002,374.0,0.09350000321865082
local,local,,,0,632,data_4000_4_11_chordal,val_epoch_task,val,cycle3,,31,,,,,,,,,4000,490.0,77.0,3433.0,0.0,0.8641975308641975,1.0,0.9271523356437683,0.9271523356437683,0.9271523356437683,490.0,0.12250000238418579
local,local,,,0,632,data_4000_4_11_chordal,val_epoch_task,val,cycle4,,31,,,,,,,,,4000,717.0,119.0,3156.0,8.0,0.8576555023923444,0.9889655172413793,0.9186419248580933,0.9186419248580933,0.9186419248580933,725.0,0.18125000596046448
local,local,,,0,632,data_4000_4_11_chordal,val_epoch_task,val,cycle5,,31,,,,,,,,,4000,902.0,219.0,2871.0,8.0,0.8046387154326494,0.9912087912087912,0.888232409954071,0.888232409954071,0.888232409954071,910.0,0.22750000655651093
local,local,,,0,632,data_4000_4_11_chordal,val_epoch_task,val,cycle6,,31,,,,,,,,,4000,1059.0,354.0,2522.0,65.0,0.7494692144373672,0.9421708185053381,0.8348442912101746,0.8348442912101746,0.8348442912101746,1124.0,0.2809999883174896
local,local,,,0,632,data_4000_4_11_chordal,train_epoch,train,,,32,0.1478848458826542,,,,,,,,4000,,,,,,,,,,,
local,local,,,0,632,data_4000_4_11_chordal,val_epoch,val,,,32,,0.13788931581377983,0.9607,0.8387500047683716,0.9003296981993406,0.9205524325370789,0.9205524325370789,0.9205524325370789,4000,,,,,,,,,,,
local,local,,,0,632,data_4000_4_11_chordal,val_epoch_task,val,cycle2,,32,,,,,,,,,4000,374.0,13.0,3613.0,0.0,0.9664082687338501,1.0,0.9829171895980835,0.9829171895980835,0.9829171895980835,374.0,0.09350000321865082
local,local,,,0,632,data_4000_4_11_chordal,val_epoch_task,val,cycle3,,32,,,,,,,,,4000,490.0,42.0,3468.0,0.0,0.9210526315789473,1.0,0.9589040875434875,0.9589040875434875,0.9589040875434875,490.0,0.12250000238418579
local,local,,,0,632,data_4000_4_11_chordal,val_epoch_task,val,cycle4,,32,,,,,,,,,4000,716.0,117.0,3158.0,9.0,0.8595438175270108,0.9875862068965517,0.9191270470619202,0.9191270470619202,0.9191270470619202,725.0,0.18125000596046448
local,local,,,0,632,data_4000_4_11_chordal,val_epoch_task,val,cycle5,,32,,,,,,,,,4000,901.0,183.0,2907.0,9.0,0.8311808118081181,0.9901098901098901,0.9037110805511475,0.9037110805511475,0.9037110805511475,910.0,0.22750000655651093
local,local,,,0,632,data_4000_4_11_chordal,val_epoch_task,val,cycle6,,32,,,,,,,,,4000,1069.0,358.0,2518.0,55.0,0.7491240364400841,0.951067615658363,0.8381026387214661,0.8381026387214661,0.8381026387214661,1124.0,0.2809999883174896
local,local,,,0,632,data_4000_4_11_chordal,train_epoch,train,,,33,0.15394788789749145,,,,,,,,4000,,,,,,,,,,,
local,local,,,0,632,data_4000_4_11_chordal,val_epoch,val,,,33,,0.15954171139001846,0.95405,0.8297500014305115,0.8858810381224389,0.8967693448066711,0.8967693448066711,0.8967693448066711,4000,,,,,,,,,,,
local,local,,,0,632,data_4000_4_11_chordal,val_epoch_task,val,cycle2,,33,,,,,,,,,4000,374.0,60.0,3566.0,0.0,0.8617511520737328,1.0,0.9257426261901855,0.9257426261901855,0.9257426261901855,374.0,0.09350000321865082
local,local,,,0,632,data_4000_4_11_chordal,val_epoch_task,val,cycle3,,33,,,,,,,,,4000,490.0,88.0,3422.0,0.0,0.8477508650519031,1.0,0.9176029562950134,0.9176029562950134,0.9176029562950134,490.0,0.12250000238418579
local,local,,,0,632,data_4000_4_11_chordal,val_epoch_task,val,cycle4,,33,,,,,,,,,4000,714.0,145.0,3130.0,11.0,0.8311990686845169,0.9848275862068966,0.9015150666236877,0.9015150666236877,0.9015150666236877,725.0,0.18125000596046448
local,local,,,0,632,data_4000_4_11_chordal,val_epoch_task,val,cycle5,,33,,,,,,,,,4000,899.0,197.0,2893.0,11.0,0.8202554744525548,0.987912087912088,0.8963111042976379,0.8963111042976379,0.8963111042976379,910.0,0.22750000655651093
local,local,,,0,632,data_4000_4_11_chordal,val_epoch_task,val,cycle6,,33,,,,,,,,,4000,1090.0,373.0,2503.0,34.0,0.7450444292549556,0.9697508896797153,0.8426748514175415,0.8426748514175415,0.8426748514175415,1124.0,0.2809999883174896
local,local,,,0,632,data_4000_4_11_chordal,train_epoch,train,,,34,0.15896717047691344,,,,,,,,4000,,,,,,,,,,,
local,local,,,0,632,data_4000_4_11_chordal,val_epoch,val,,,34,,0.15070023745298386,0.9559,0.8335000276565552,0.8896396396396397,0.9029837846755981,0.9029837846755981,0.9029837846755981,4000,,,,,,,,,,,
local,local,,,0,632,data_4000_4_11_chordal,val_epoch_task,val,cycle2,,34,,,,,,,,,4000,374.0,23.0,3603.0,0.0,0.9420654911838791,1.0,0.9701685905456543,0.9701685905456543,0.9701685905456543,374.0,0.09350000321865082
local,local,,,0,632,data_4000_4_11_chordal,val_epoch_task,val,cycle3,,34,,,,,,,,,4000,490.0,115.0,3395.0,0.0,0.8099173553719008,1.0,0.8949771523475647,0.8949771523475647,0.8949771523475647,490.0,0.12250000238418579
local,local,,,0,632,data_4000_4_11_chordal,val_epoch_task,val,cycle4,,34,,,,,,,,,4000,720.0,147.0,3128.0,5.0,0.8304498269896193,0.993103448275862,0.9045225977897644,0.9045225977897644,0.9045225977897644,725.0,0.18125000596046448
local,local,,,0,632,data_4000_4_11_chordal,val_epoch_task,val,cycle5,,34,,,,,,,,,4000,897.0,188.0,2902.0,13.0,0.8267281105990784,0.9857142857142858,0.8992481231689453,0.8992481231689453,0.8992481231689453,910.0,0.22750000655651093
local,local,,,0,632,data_4000_4_11_chordal,val_epoch_task,val,cycle6,,34,,,,,,,,,4000,1074.0,341.0,2535.0,50.0,0.7590106007067138,0.9555160142348754,0.8460023403167725,0.8460023403167725,0.8460023403167725,1124.0,0.2809999883174896
local,local,,,0,632,data_4000_4_11_chordal,train_epoch,train,,,35,0.14901012670993805,,,,,,,,4000,,,,,,,,,,,
local,local,,,0,632,data_4000_4_11_chordal,val_epoch,val,,,35,,0.14114520943164827,0.9602,0.8387500047683716,0.8996975806451613,0.9195612668991089,0.9195612668991089,0.9195612668991089,4000,,,,,,,,,,,
local,local,,,0,632,data_4000_4_11_chordal,val_epoch_task,val,cycle2,,35,,,,,,,,,4000,374.0,14.0,3612.0,0.0,0.9639175257731959,1.0,0.981627345085144,0.981627345085144,0.981627345085144,374.0,0.09350000321865082
local,local,,,0,632,data_4000_4_11_chordal,val_epoch_task,val,cycle3,,35,,,,,,,,,4000,490.0,62.0,3448.0,0.0,0.8876811594202898,1.0,0.9404990077018738,0.9404990077018738,0.9404990077018738,490.0,0.12250000238418579
local,local,,,0,632,data_4000_4_11_chordal,val_epoch_task,val,cycle4,,35,,,,,,,,,4000,719.0,104.0,3171.0,6.0,0.8736330498177399,0.9917241379310345,0.9289405941963196,0.9289405941963196,0.9289405941963196,725.0,0.18125000596046448
local,local,,,0,632,data_4000_4_11_chordal,val_epoch_task,val,cycle5,,35,,,,,,,,,4000,889.0,143.0,2947.0,21.0,0.8614341085271318,0.9769230769230769,0.915550947189331,0.915550947189331,0.915550947189331,910.0,0.22750000655651093
local,local,,,0,632,data_4000_4_11_chordal,val_epoch_task,val,cycle6,,35,,,,,,,,,4000,1098.0,420.0,2456.0,26.0,0.7233201581027668,0.9768683274021353,0.8311884999275208,0.8311884999275208,0.8311884999275208,1124.0,0.2809999883174896
local,local,,,0,632,data_4000_4_11_chordal,train_epoch,train,,,36,0.13468882882595062,,,,,,,,4000,,,,,,,,,,,
local,local,,,0,632,data_4000_4_11_chordal,val_epoch,val,,,36,,0.13760705316066743,0.95405,0.8207499980926514,0.8869757717377937,0.9086372256278992,0.9086372256278992,0.9086372256278992,4000,,,,,,,,,,,
local,local,,,0,632,data_4000_4_11_chordal,val_epoch_task,val,cycle2,,36,,,,,,,,,4000,374.0,26.0,3600.0,0.0,0.935,1.0,0.9664083123207092,0.9664083123207092,0.9664083123207092,374.0,0.09350000321865082
local,local,,,0,632,data_4000_4_11_chordal,val_epoch_task,val,cycle3,,36,,,,,,,,,4000,490.0,39.0,3471.0,0.0,0.9262759924385633,1.0,0.9617271423339844,0.9617271423339844,0.9617271423339844,490.0,0.12250000238418579
local,local,,,0,632,data_4000_4_11_chordal,val_epoch_task,val,cycle4,,36,,,,,,,,,4000,720.0,150.0,3125.0,5.0,0.8275862068965517,0.993103448275862,0.9028213024139404,0.9028213024139404,0.9028213024139404,725.0,0.18125000596046448
local,local,,,0,632,data_4000_4_11_chordal,val_epoch_task,val,cycle5,,36,,,,,,,,,4000,906.0,238.0,2852.0,4.0,0.791958041958042,0.9956043956043956,0.8821811079978943,0.8821811079978943,0.8821811079978943,910.0,0.22750000655651093
local,local,,,0,632,data_4000_4_11_chordal,val_epoch_task,val,cycle6,,36,,,,,,,,,4000,1116.0,449.0,2427.0,8.0,0.7130990415335463,0.9928825622775801,0.8300483226776123,0.8300483226776123,0.8300483226776123,1124.0,0.2809999883174896
local,local,,,0,632,data_4000_4_11_chordal,train_epoch,train,,,37,0.14903493219614028,,,,,,,,4000,,,,,,,,,,,
local,local,,,0,632,data_4000_4_11_chordal,val_epoch,val,,,37,,0.1704254273176193,0.9406,0.7745000123977661,0.8581323143061859,0.8833869695663452,0.8833869695663452,0.8833869695663452,4000,,,,,,,,,,,
local,local,,,0,632,data_4000_4_11_chordal,val_epoch_task,val,cycle2,,37,,,,,,,,,4000,374.0,29.0,3597.0,0.0,0.9280397022332506,1.0,0.9626769423484802,0.9626769423484802,0.9626769423484802,374.0,0.09350000321865082
local,local,,,0,632,data_4000_4_11_chordal,val_epoch_task,val,cycle3,,37,,,,,,,,,4000,490.0,71.0,3439.0,0.0,0.8734402852049911,1.0,0.9324452877044678,0.9324452877044678,0.9324452877044678,490.0,0.12250000238418579
local,local,,,0,632,data_4000_4_11_chordal,val_epoch_task,val,cycle4,,37,,,,,,,,,4000,723.0,225.0,3050.0,2.0,0.7626582278481012,0.9972413793103448,0.8643156290054321,0.8643156290054321,0.8643156290054321,725.0,0.18125000596046448
local,local,,,0,632,data_4000_4_11_chordal,val_epoch_task,val,cycle5,,37,,,,,,,,,4000,900.0,269.0,2821.0,10.0,0.7698887938408896,0.989010989010989,0.8658008575439453,0.8658008575439453,0.8658008575439453,910.0,0.22750000655651093
local,local,,,0,632,data_4000_4_11_chordal,val_epoch_task,val,cycle6,,37,,,,,,,,,4000,1106.0,564.0,2312.0,18.0,0.6622754491017964,0.9839857651245552,0.7916964888572693,0.7916964888572693,0.7916964888572693,1124.0,0.2809999883174896
local,local,,,0,632,data_4000_4_11_chordal,train_epoch,train,,,38,0.1485802345275879,,,,,,,,4000,,,,,,,,,,,
local,local,,,0,632,data_4000_4_11_chordal,val_epoch,val,,,38,,0.14155538207292556,0.9612,0.8429999947547913,0.9008433427038078,0.9201791882514954,0.9201791882514954,0.9201791882514954,4000,,,,,,,,,,,
local,local,,,0,632,data_4000_4_11_chordal,val_epoch_task,val,cycle2,,38,,,,,,,,,4000,374.0,20.0,3606.0,0.0,0.949238578680203,1.0,0.9739583730697632,0.9739583730697632,0.9739583730697632,374.0,0.09350000321865082
local,local,,,0,632,data_4000_4_11_chordal,val_epoch_task,val,cycle3,,38,,,,,,,,,4000,489.0,44.0,3466.0,1.0,0.9174484052532833,0.9979591836734694,0.9560116529464722,0.9560116529464722,0.9560116529464722,490.0,0.12250000238418579
local,local,,,0,632,data_4000_4_11_chordal,val_epoch_task,val,cycle4,,38,,,,,,,,,4000,711.0,76.0,3199.0,14.0,0.9034307496823379,0.9806896551724138,0.9404761791229248,0.9404761791229248,0.9404761791229248,725.0,0.18125000596046448
local,local,,,0,632,data_4000_4_11_chordal,val_epoch_task,val,cycle5,,38,,,,,,,,,4000,906.0,219.0,2871.0,4.0,0.8053333333333333,0.9956043956043956,0.8904176950454712,0.8904176950454712,0.8904176950454712,910.0,0.22750000655651093
local,local,,,0,632,data_4000_4_11_chordal,val_epoch_task,val,cycle6,,38,,,,,,,,,4000,1045.0,319.0,2557.0,79.0,0.7661290322580645,0.9297153024911032,0.8400321006774902,0.8400321006774902,0.8400321006774902,1124.0,0.2809999883174896
local,local,,,0,632,data_4000_4_11_chordal,train_epoch,train,,,39,0.14003115105628966,,,,,,,,4000,,,,,,,,,,,
local,local,,,0,632,data_4000_4_11_chordal,val_epoch,val,,,39,,0.1548150601387024,0.95235,0.8184999823570251,0.8821565475454433,0.900554358959198,0.900554358959198,0.900554358959198,4000,,,,,,,,,,,
local,local,,,0,632,data_4000_4_11_chordal,val_epoch_task,val,cycle2,,39,,,,,,,,,4000,374.0,30.0,3596.0,0.0,0.9257425742574258,1.0,0.9614395499229431,0.9614395499229431,0.9614395499229431,374.0,0.09350000321865082
local,local,,,0,632,data_4000_4_11_chordal,val_epoch_task,val,cycle3,,39,,,,,,,,,4000,490.0,80.0,3430.0,0.0,0.8596491228070176,1.0,0.9245283007621765,0.9245283007621765,0.9245283007621765,490.0,0.12250000238418579
local,local,,,0,632,data_4000_4_11_chordal,val_epoch_task,val,cycle4,,39,,,,,,,,,4000,714.0,126.0,3149.0,11.0,0.85,0.9848275862068966,0.9124600887298584,0.9124600887298584,0.9124600887298584,725.0,0.18125000596046448
local,local,,,0,632,data_4000_4_11_chordal,val_epoch_task,val,cycle5,,39,,,,,,,,,4000,902.0,247.0,2843.0,8.0,0.7850304612706701,0.9912087912087912,0.8761534690856934,0.8761534690856934,0.8761534690856934,910.0,0.22750000655651093
local,local,,,0,632,data_4000_4_11_chordal,val_epoch_task,val,cycle6,,39,,,,,,,,,4000,1087.0,414.0,2462.0,37.0,0.7241838774150566,0.9670818505338078,0.8281904458999634,0.8281904458999634,0.8281904458999634,1124.0,0.2809999883174896
local,local,,,0,632,data_4000_4_11_chordal,train_epoch,train,,,40,0.14541000163555146,,,,,,,,4000,,,,,,,,,,,
local,local,,,0,632,data_4000_4_11_chordal,val_epoch,val,,,40,,0.12919575706124306,0.9594,0.8399999737739563,0.8983983983983984,0.9205363988876343,0.9205363988876343,0.9205363988876343,4000,,,,,,,,,,,
local,local,,,0,632,data_4000_4_11_chordal,val_epoch_task,val,cycle2,,40,,,,,,,,,4000,374.0,20.0,3606.0,0.0,0.949238578680203,1.0,0.9739583730697632,0.9739583730697632,0.9739583730697632,374.0,0.09350000321865082
local,local,,,0,632,data_4000_4_11_chordal,val_epoch_task,val,cycle3,,40,,,,,,,,,4000,490.0,38.0,3472.0,0.0,0.928030303030303,1.0,0.9626719355583191,0.9626719355583191,0.9626719355583191,490.0,0.12250000238418579
local,local,,,0,632,data_4000_4_11_chordal,val_epoch_task,val,cycle4,,40,,,,,,,,,4000,713.0,77.0,3198.0,12.0,0.9025316455696203,0.983448275862069,0.9412540793418884,0.9412540793418884,0.9412540793418884,725.0,0.18125000596046448
local,local,,,0,632,data_4000_4_11_chordal,val_epoch_task,val,cycle5,,40,,,,,,,,,4000,904.0,211.0,2879.0,6.0,0.810762331838565,0.9934065934065934,0.8928394913673401,0.8928394913673401,0.8928394913673401,910.0,0.22750000655651093
local,local,,,0,632,data_4000_4_11_chordal,val_epoch_task,val,cycle6,,40,,,,,,,,,4000,1109.0,433.0,2443.0,15.0,0.7191958495460441,0.9866548042704626,0.8319580554962158,0.8319580554962158,0.8319580554962158,1124.0,0.2809999883174896
local,local,,,0,632,data_4000_4_11_chordal,train_epoch,train,,,41,0.14123799586296082,,,,,,,,4000,,,,,,,,,,,
local,local,,,0,632,data_4000_4_11_chordal,val_epoch,val,,,41,,0.14920709562301634,0.96035,0.8447499871253967,0.8980064308681672,0.9155133962631226,0.9155133962631226,0.9155133962631226,4000,,,,,,,,,,,
local,local,,,0,632,data_4000_4_11_chordal,val_epoch_task,val,cycle2,,41,,,,,,,,,4000,374.0,24.0,3602.0,0.0,0.9396984924623115,1.0,0.9689119458198547,0.9689119458198547,0.9689119458198547,374.0,0.09350000321865082
local,local,,,0,632,data_4000_4_11_chordal,val_epoch_task,val,cycle3,,41,,,,,,,,,4000,490.0,52.0,3458.0,0.0,0.9040590405904059,1.0,0.9496124386787415,0.9496124386787415,0.9496124386787415,490.0,0.12250000238418579
local,local,,,0,632,data_4000_4_11_chordal,val_epoch_task,val,cycle4,,41,,,,,,,,,4000,717.0,107.0,3168.0,8.0,0.8701456310679612,0.9889655172413793,0.9257586002349854,0.9257586002349854,0.9257586002349854,725.0,0.18125000596046448
local,local,,,0,632,data_4000_4_11_chordal,val_epoch_task,val,cycle5,,41,,,,,,,,,4000,886.0,187.0,2903.0,24.0,0.825722273998136,0.9736263736263736,0.8935956358909607,0.8935956358909607,0.8935956358909607,910.0,0.22750000655651093
local,local,,,0,632,data_4000_4_11_chordal,val_epoch_task,val,cycle6,,41,,,,,,,,,4000,1024.0,291.0,2585.0,100.0,0.7787072243346007,0.9110320284697508,0.8396883606910706,0.8396883606910706,0.8396883606910706,1124.0,0.2809999883174896
local,local,,,0,632,data_4000_4_11_chordal,train_epoch,train,,,42,0.15227240052819252,,,,,,,,4000,,,,,,,,,,,
local,local,,,0,632,data_4000_4_11_chordal,val_epoch,val,,,42,,0.14814622914791106,0.95955,0.8402500152587891,0.897530082330589,0.9130908250808716,0.9130908250808716,0.9130908250808716,4000,,,,,,,,,,,
local,local,,,0,632,data_4000_4_11_chordal,val_epoch_task,val,cycle2,,42,,,,,,,,,4000,374.0,26.0,3600.0,0.0,0.935,1.0,0.9664083123207092,0.9664083123207092,0.9664083123207092,374.0,0.09350000321865082
local,local,,,0,632,data_4000_4_11_chordal,val_epoch_task,val,cycle3,,42,,,,,,,,,4000,490.0,70.0,3440.0,0.0,0.875,1.0,0.9333333373069763,0.9333333373069763,0.9333333373069763,490.0,0.12250000238418579
local,local,,,0,632,data_4000_4_11_chordal,val_epoch_task,val,cycle4,,42,,,,,,,,,4000,718.0,132.0,3143.0,7.0,0.8447058823529412,0.9903448275862069,0.9117460250854492,0.9117460250854492,0.9117460250854492,725.0,0.18125000596046448
local,local,,,0,632,data_4000_4_11_chordal,val_epoch_task,val,cycle5,,42,,,,,,,,,4000,887.0,149.0,2941.0,23.0,0.8561776061776062,0.9747252747252747,0.9116135835647583,0.9116135835647583,0.9116135835647583,910.0,0.22750000655651093
local,local,,,0,632,data_4000_4_11_chordal,val_epoch_task,val,cycle6,,42,,,,,,,,,4000,1074.0,352.0,2524.0,50.0,0.7531556802244039,0.9555160142348754,0.8423529267311096,0.8423529267311096,0.8423529267311096,1124.0,0.2809999883174896
local,local,,,0,632,data_4000_4_11_chordal,train_epoch,train,,,43,0.13933863353729248,,,,,,,,4000,,,,,,,,,,,
local,local,,,0,632,data_4000_4_11_chordal,val_epoch,val,,,43,,0.13887501239776612,0.9565,0.8309999704360962,0.8923267326732672,0.9138363003730774,0.9138363003730774,0.9138363003730774,4000,,,,,,,,,,,
local,local,,,0,632,data_4000_4_11_chordal,val_epoch_task,val,cycle2,,43,,,,,,,,,4000,374.0,12.0,3614.0,0.0,0.9689119170984456,1.0,0.9842105507850647,0.9842105507850647,0.9842105507850647,374.0,0.09350000321865082
local,local,,,0,632,data_4000_4_11_chordal,val_epoch_task,val,cycle3,,43,,,,,,,,,4000,490.0,50.0,3460.0,0.0,0.9074074074074074,1.0,0.9514563083648682,0.9514563083648682,0.9514563083648682,490.0,0.12250000238418579
local,local,,,0,632,data_4000_4_11_chordal,val_epoch_task,val,cycle4,,43,,,,,,,,,4000,722.0,144.0,3131.0,3.0,0.8337182448036952,0.9958620689655172,0.9076052904129028,0.9076052904129028,0.9076052904129028,725.0,0.18125000596046448
local,local,,,0,632,data_4000_4_11_chordal,val_epoch_task,val,cycle5,,43,,,,,,,,,4000,904.0,218.0,2872.0,6.0,0.8057040998217468,0.9934065934065934,0.8897638320922852,0.8897638320922852,0.8897638320922852,910.0,0.22750000655651093
local,local,,,0,632,data_4000_4_11_chordal,val_epoch_task,val,cycle6,,43,,,,,,,,,4000,1115.0,428.0,2448.0,9.0,0.7226182760855476,0.9919928825622776,0.8361455202102661,0.8361455202102661,0.8361455202102661,1124.0,0.2809999883174896
local,local,,,0,632,data_4000_4_11_chordal,train_epoch,train,,,44,0.1286982183456421,,,,,,,,4000,,,,,,,,,,,
local,local,,,0,632,data_4000_4_11_chordal,val_epoch,val,,,44,,0.1343796212375164,0.96115,0.8460000157356262,0.9021287315782845,0.9202288389205933,0.9202288389205933,0.9202288389205933,4000,,,,,,,,,,,
local,local,,,0,632,data_4000_4_11_chordal,val_epoch_task,val,cycle2,,44,,,,,,,,,4000,374.0,18.0,3608.0,0.0,0.9540816326530612,1.0,0.9765013456344604,0.9765013456344604,0.9765013456344604,374.0,0.09350000321865082
local,local,,,0,632,data_4000_4_11_chordal,val_epoch_task,val,cycle3,,44,,,,,,,,,4000,490.0,49.0,3461.0,0.0,0.9090909090909091,1.0,0.9523809552192688,0.9523809552192688,0.9523809552192688,490.0,0.12250000238418579
local,local,,,0,632,data_4000_4_11_chordal,val_epoch_task,val,cycle4,,44,,,,,,,,,4000,718.0,117.0,3158.0,7.0,0.859880239520958,0.9903448275862069,0.920512855052948,0.920512855052948,0.920512855052948,725.0,0.18125000596046448
local,local,,,0,632,data_4000_4_11_chordal,val_epoch_task,val,cycle5,,44,,,,,,,,,4000,905.0,185.0,2905.0,5.0,0.8302752293577982,0.9945054945054945,0.9050000309944153,0.9050000309944153,0.9050000309944153,910.0,0.22750000655651093
local,local,,,0,632,data_4000_4_11_chordal,val_epoch_task,val,cycle6,,44,,,,,,,,,4000,1094.0,366.0,2510.0,30.0,0.7493150684931507,0.9733096085409253,0.8467491865158081,0.8467491865158081,0.8467491865158081,1124.0,0.2809999883174896
local,local,,,0,632,data_4000_4_11_chordal,train_epoch,train,,,45,0.14440232157707214,,,,,,,,4000,,,,,,,,,,,
local,local,,,0,632,data_4000_4_11_chordal,val_epoch,val,,,45,,0.1244045866727829,0.966,0.8600000143051147,0.9125739264592441,0.9308620691299438,0.9308620691299438,0.9308620691299438,4000,,,,,,,,,,,
local,local,,,0,632,data_4000_4_11_chordal,val_epoch_task,val,cycle2,,45,,,,,,,,,4000,374.0,13.0,3613.0,0.0,0.9664082687338501,1.0,0.9829171895980835,0.9829171895980835,0.9829171895980835,374.0,0.09350000321865082
local,local,,,0,632,data_4000_4_11_chordal,val_epoch_task,val,cycle3,,45,,,,,,,,,4000,488.0,34.0,3476.0,2.0,0.9348659003831418,0.9959183673469387,0.9644268751144409,0.9644268751144409,0.9644268751144409,490.0,0.12250000238418579
local,local,,,0,632,data_4000_4_11_chordal,val_epoch_task,val,cycle4,,45,,,,,,,,,4000,717.0,70.0,3205.0,8.0,0.9110546378653113,0.9889655172413793,0.9484126567840576,0.9484126567840576,0.9484126567840576,725.0,0.18125000596046448
local,local,,,0,632,data_4000_4_11_chordal,val_epoch_task,val,cycle5,,45,,,,,,,,,4000,904.0,192.0,2898.0,6.0,0.8248175182481752,0.9934065934065934,0.9012961387634277,0.9012961387634277,0.9012961387634277,910.0,0.22750000655651093
local,local,,,0,632,data_4000_4_11_chordal,val_epoch_task,val,cycle6,,45,,,,,,,,,4000,1066.0,297.0,2579.0,58.0,0.7820983125458547,0.9483985765124555,0.8572577834129333,0.8572577834129333,0.8572577834129333,1124.0,0.2809999883174896
local,local,,,0,632,data_4000_4_11_chordal,train_epoch,train,,,46,0.14116519159078597,,,,,,,,4000,,,,,,,,,,,
local,local,,,0,632,data_4000_4_11_chordal,val_epoch,val,,,46,,0.16334131383895875,0.95105,0.8082500100135803,0.8800979791794245,0.9015118479728699,0.9015118479728699,0.9015118479728699,4000,,,,,,,,,,,
local,local,,,0,632,data_4000_4_11_chordal,val_epoch_task,val,cycle2,,46,,,,,,,,,4000,374.0,15.0,3611.0,0.0,0.961439588688946,1.0,0.9803407788276672,0.9803407788276672,0.9803407788276672,374.0,0.09350000321865082
local,local,,,0,632,data_4000_4_11_chordal,val_epoch_task,val,cycle3,,46,,,,,,,,,4000,490.0,59.0,3451.0,0.0,0.8925318761384335,1.0,0.9432146549224854,0.9432146549224854,0.9432146549224854,490.0,0.12250000238418579
local,local,,,0,632,data_4000_4_11_chordal,val_epoch_task,val,cycle4,,46,,,,,,,,,4000,722.0,200.0,3075.0,3.0,0.7830802603036876,0.9958620689655172,0.8767455816268921,0.8767455816268921,0.8767455816268921,725.0,0.18125000596046448
local,local,,,0,632,data_4000_4_11_chordal,val_epoch_task,val,cycle5,,46,,,,,,,,,4000,901.0,252.0,2838.0,9.0,0.7814397224631396,0.9901098901098901,0.8734851479530334,0.8734851479530334,0.8734851479530334,910.0,0.22750000655651093
local,local,,,0,632,data_4000_4_11_chordal,val_epoch_task,val,cycle6,,46,,,,,,,,,4000,1106.0,423.0,2453.0,18.0,0.723348593852191,0.9839857651245552,0.833773136138916,0.833773136138916,0.833773136138916,1124.0,0.2809999883174896
local,local,,,0,632,data_4000_4_11_chordal,train_epoch,train,,,47,0.13348454481363298,,,,,,,,4000,,,,,,,,,,,
local,local,,,0,632,data_4000_4_11_chordal,val_epoch,val,,,47,,0.149549844622612,0.95185,0.8184999823570251,0.8821153139919206,0.8890281915664673,0.8890281915664673,0.8890281915664673,4000,,,,,,,,,,,
local,local,,,0,632,data_4000_4_11_chordal,val_epoch_task,val,cycle2,,47,,,,,,,,,4000,374.0,122.0,3504.0,0.0,0.7540322580645161,1.0,0.8597701191902161,0.8597701191902161,0.8597701191902161,374.0,0.09350000321865082
local,local,,,0,632,data_4000_4_11_chordal,val_epoch_task,val,cycle3,,47,,,,,,,,,4000,490.0,65.0,3445.0,0.0,0.8828828828828829,1.0,0.9377990961074829,0.9377990961074829,0.9377990961074829,490.0,0.12250000238418579
local,local,,,0,632,data_4000_4_11_chordal,val_epoch_task,val,cycle4,,47,,,,,,,,,4000,721.0,131.0,3144.0,4.0,0.846244131455399,0.9944827586206897,0.9143944382667542,0.9143944382667542,0.9143944382667542,725.0,0.18125000596046448
local,local,,,0,632,data_4000_4_11_chordal,val_epoch_task,val,cycle5,,47,,,,,,,,,4000,906.0,211.0,2879.0,4.0,0.8111011638316921,0.9956043956043956,0.8939319849014282,0.8939319849014282,0.8939319849014282,910.0,0.22750000655651093
local,local,,,0,632,data_4000_4_11_chordal,val_epoch_task,val,cycle6,,47,,,,,,,,,4000,1112.0,414.0,2462.0,12.0,0.72870249017038,0.9893238434163701,0.8392452597618103,0.8392452597618103,0.8392452597618103,1124.0,0.2809999883174896
local,local,,,0,632,data_4000_4_11_chordal,train_epoch,train,,,48,0.15313726639747618,,,,,,,,4000,,,,,,,,,,,
local,local,,,0,632,data_4000_4_11_chordal,val_epoch,val,,,48,,0.14255510252714157,0.956,0.8267499804496765,0.8904927824788452,0.911102294921875,0.911102294921875,0.911102294921875,4000,,,,,,,,,,,
local,local,,,0,632,data_4000_4_11_chordal,val_epoch_task,val,cycle2,,48,,,,,,,,,4000,374.0,15.0,3611.0,0.0,0.961439588688946,1.0,0.9803407788276672,0.9803407788276672,0.9803407788276672,374.0,0.09350000321865082
local,local,,,0,632,data_4000_4_11_chordal,val_epoch_task,val,cycle3,,48,,,,,,,,,4000,490.0,52.0,3458.0,0.0,0.9040590405904059,1.0,0.9496124386787415,0.9496124386787415,0.9496124386787415,490.0,0.12250000238418579
local,local,,,0,632,data_4000_4_11_chordal,val_epoch_task,val,cycle4,,48,,,,,,,,,4000,721.0,158.0,3117.0,4.0,0.820250284414107,0.9944827586206897,0.8990024328231812,0.8990024328231812,0.8990024328231812,725.0,0.18125000596046448
local,local,,,0,632,data_4000_4_11_chordal,val_epoch_task,val,cycle5,,48,,,,,,,,,4000,898.0,207.0,2883.0,12.0,0.8126696832579186,0.9868131868131869,0.891315221786499,0.891315221786499,0.891315221786499,910.0,0.22750000655651093
local,local,,,0,632,data_4000_4_11_chordal,val_epoch_task,val,cycle6,,48,,,,,,,,,4000,1095.0,403.0,2473.0,29.0,0.7309746328437917,0.9741992882562278,0.8352401852607727,0.8352401852607727,0.8352401852607727,1124.0,0.2809999883174896
local,local,,,0,632,data_4000_4_11_chordal,train_epoch,train,,,49,0.1403106034398079,,,,,,,,4000,,,,,,,,,,,
local,local,,,0,632,data_4000_4_11_chordal,val_epoch,val,,,49,,0.141928393304348,0.95805,0.8355000019073486,0.893837783120334,0.9112265706062317,0.9112265706062317,0.9112265706062317,4000,,,,,,,,,,,
local,local,,,0,632,data_4000_4_11_chordal,val_epoch_task,val,cycle2,,49,,,,,,,,,4000,374.0,34.0,3592.0,0.0,0.9166666666666666,1.0,0.95652174949646,0.95652174949646,0.95652174949646,374.0,0.09350000321865082
local,local,,,0,632,data_4000_4_11_chordal,val_epoch_task,val,cycle3,,49,,,,,,,,,4000,489.0,46.0,3464.0,1.0,0.914018691588785,0.9979591836734694,0.9541463255882263,0.9541463255882263,0.9541463255882263,490.0,0.12250000238418579
local,local,,,0,632,data_4000_4_11_chordal,val_epoch_task,val,cycle4,,49,,,,,,,,,4000,717.0,115.0,3160.0,8.0,0.8617788461538461,0.9889655172413793,0.9210019707679749,0.9210019707679749,0.9210019707679749,725.0,0.18125000596046448
local,local,,,0,632,data_4000_4_11_chordal,val_epoch_task,val,cycle5,,49,,,,,,,,,4000,908.0,235.0,2855.0,2.0,0.7944006999125109,0.9978021978021978,0.884559154510498,0.884559154510498,0.884559154510498,910.0,0.22750000655651093
local,local,,,0,632,data_4000_4_11_chordal,val_epoch_task,val,cycle6,,49,,,,,,,,,4000,1044.0,318.0,2558.0,80.0,0.7665198237885462,0.9288256227758007,0.8399035334587097,0.8399035334587097,0.8399035334587097,1124.0,0.2809999883174896
local,local,,,0,632,data_4000_4_11_chordal,train_epoch,train,,,50,0.13290726637840272,,,,,,,,4000,,,,,,,,,,,
local,local,,,0,632,data_4000_4_11_chordal,val_epoch,val,,,50,,0.16276806849241257,0.95465,0.8234999775886536,0.8847668657095668,0.8977382779121399,0.8977382779121399,0.8977382779121399,4000,,,,,,,,,,,
local,local,,,0,632,data_4000_4_11_chordal,val_epoch_task,val,cycle2,,50,,,,,,,,,4000,374.0,22.0,3604.0,0.0,0.9444444444444444,1.0,0.9714285731315613,0.9714285731315613,0.9714285731315613,374.0,0.09350000321865082
local,local,,,0,632,data_4000_4_11_chordal,val_epoch_task,val,cycle3,,50,,,,,,,,,4000,490.0,112.0,3398.0,0.0,0.813953488372093,1.0,0.8974359035491943,0.8974359035491943,0.8974359035491943,490.0,0.12250000238418579
local,local,,,0,632,data_4000_4_11_chordal,val_epoch_task,val,cycle4,,50,,,,,,,,,4000,722.0,195.0,3080.0,3.0,0.787350054525627,0.9958620689655172,0.8794153332710266,0.8794153332710266,0.8794153332710266,725.0,0.18125000596046448
local,local,,,0,632,data_4000_4_11_chordal,val_epoch_task,val,cycle5,,50,,,,,,,,,4000,903.0,205.0,2885.0,7.0,0.8149819494584838,0.9923076923076923,0.894945502281189,0.894945502281189,0.894945502281189,910.0,0.22750000655651093
local,local,,,0,632,data_4000_4_11_chordal,val_epoch_task,val,cycle6,,50,,,,,,,,,4000,993.0,232.0,2644.0,131.0,0.8106122448979591,0.8834519572953736,0.8454661965370178,0.8454661965370178,0.8454661965370178,1124.0,0.2809999883174896
local,local,,,0,632,data_4000_4_11_chordal,train_epoch,train,,,51,0.13878942155838012,,,,,,,,4000,,,,,,,,,,,
local,local,,,0,632,data_4000_4_11_chordal,val_epoch,val,,,51,,0.1451668084859848,0.9547,0.8237500190734863,0.8881481481481482,0.9064874649047852,0.9064874649047852,0.9064874649047852,4000,,,,,,,,,,,
local,local,,,0,632,data_4000_4_11_chordal,val_epoch_task,val,cycle2,,51,,,,,,,,,4000,374.0,18.0,3608.0,0.0,0.9540816326530612,1.0,0.9765013456344604,0.9765013456344604,0.9765013456344604,374.0,0.09350000321865082
local,local,,,0,632,data_4000_4_11_chordal,val_epoch_task,val,cycle3,,51,,,,,,,,,4000,490.0,55.0,3455.0,0.0,0.8990825688073395,1.0,0.9468598961830139,0.9468598961830139,0.9468598961830139,490.0,0.12250000238418579
local,local,,,0,632,data_4000_4_11_chordal,val_epoch_task,val,cycle4,,51,,,,,,,,,4000,725.0,205.0,3070.0,0.0,0.7795698924731183,1.0,0.8761329054832458,0.8761329054832458,0.8761329054832458,725.0,0.18125000596046448
local,local,,,0,632,data_4000_4_11_chordal,val_epoch_task,val,cycle5,,51,,,,,,,,,4000,904.0,238.0,2852.0,6.0,0.7915936952714536,0.9934065934065934,0.8810915946960449,0.8810915946960449,0.8810915946960449,910.0,0.22750000655651093
local,local,,,0,632,data_4000_4_11_chordal,val_epoch_task,val,cycle6,,51,,,,,,,,,4000,1104.0,364.0,2512.0,20.0,0.7520435967302452,0.9822064056939501,0.8518518209457397,0.8518518209457397,0.8518518209457397,1124.0,0.2809999883174896
local,local,,,0,632,data_4000_4_11_chordal,train_epoch,train,,,52,0.13441442228853703,,,,,,,,4000,,,,,,,,,,,
local,local,,,0,632,data_4000_4_11_chordal,val_epoch,val,,,52,,0.13868877190351486,0.96375,0.8517500162124634,0.9064636821055349,0.9244233965873718,0.9244233965873718,0.9244233965873718,4000,,,,,,,,,,,
local,local,,,0,632,data_4000_4_11_chordal,val_epoch_task,val,cycle2,,52,,,,,,,,,4000,374.0,9.0,3617.0,0.0,0.9765013054830287,1.0,0.9881109595298767,0.9881109595298767,0.9881109595298767,374.0,0.09350000321865082
local,local,,,0,632,data_4000_4_11_chordal,val_epoch_task,val,cycle3,,52,,,,,,,,,4000,490.0,56.0,3454.0,0.0,0.8974358974358975,1.0,0.9459459781646729,0.9459459781646729,0.9459459781646729,490.0,0.12250000238418579
local,local,,,0,632,data_4000_4_11_chordal,val_epoch_task,val,cycle4,,52,,,,,,,,,4000,722.0,105.0,3170.0,3.0,0.8730350665054414,0.9958620689655172,0.9304123520851135,0.9304123520851135,0.9304123520851135,725.0,0.18125000596046448
local,local,,,0,632,data_4000_4_11_chordal,val_epoch_task,val,cycle5,,52,,,,,,,,,4000,871.0,133.0,2957.0,39.0,0.8675298804780877,0.9571428571428572,0.910135805606842,0.910135805606842,0.910135805606842,910.0,0.22750000655651093
local,local,,,0,632,data_4000_4_11_chordal,val_epoch_task,val,cycle6,,52,,,,,,,,,4000,1056.0,312.0,2564.0,68.0,0.7719298245614035,0.9395017793594306,0.8475120067596436,0.8475120067596436,0.8475120067596436,1124.0,0.2809999883174896
local,local,,,0,632,data_4000_4_11_chordal,train_epoch,train,,,53,0.1494309510588646,,,,,,,,4000,,,,,,,,,,,
local,local,,,0,632,data_4000_4_11_chordal,val_epoch,val,,,53,,0.12354783111810684,0.9648,0.8604999780654907,0.9100893997445721,0.9284788966178894,0.9284788966178894,0.9284788966178894,4000,,,,,,,,,,,
local,local,,,0,632,data_4000_4_11_chordal,val_epoch_task,val,cycle2,,53,,,,,,,,,4000,374.0,13.0,3613.0,0.0,0.9664082687338501,1.0,0.9829171895980835,0.9829171895980835,0.9829171895980835,374.0,0.09350000321865082
local,local,,,0,632,data_4000_4_11_chordal,val_epoch_task,val,cycle3,,53,,,,,,,,,4000,490.0,33.0,3477.0,0.0,0.9369024856596558,1.0,0.9674234390258789,0.9674234390258789,0.9674234390258789,490.0,0.12250000238418579
local,local,,,0,632,data_4000_4_11_chordal,val_epoch_task,val,cycle4,,53,,,,,,,,,4000,719.0,98.0,3177.0,6.0,0.8800489596083231,0.9917241379310345,0.9325551390647888,0.9325551390647888,0.9325551390647888,725.0,0.18125000596046448
local,local,,,0,632,data_4000_4_11_chordal,val_epoch_task,val,cycle5,,53,,,,,,,,,4000,908.0,194.0,2896.0,2.0,0.8239564428312159,0.9978021978021978,0.9025844931602478,0.9025844931602478,0.9025844931602478,910.0,0.22750000655651093
local,local,,,0,632,data_4000_4_11_chordal,val_epoch_task,val,cycle6,,53,,,,,,,,,4000,1072.0,306.0,2570.0,52.0,0.7779390420899854,0.9537366548042705,0.8569144606590271,0.8569144606590271,0.8569144606590271,1124.0,0.2809999883174896
local,local,,,0,632,data_4000_4_11_chordal,train_epoch,train,,,54,0.13235536351799965,,,,,,,,4000,,,,,,,,,,,
local,local,,,0,632,data_4000_4_11_chordal,val_epoch,val,,,54,,0.13294330424070358,0.9605,0.843500018119812,0.9008036162732296,0.920628547668457,0.920628547668457,0.920628547668457,4000,,,,,,,,,,,
local,local,,,0,632,data_4000_4_11_chordal,val_epoch_task,val,cycle2,,54,,,,,,,,,4000,374.0,15.0,3611.0,0.0,0.961439588688946,1.0,0.9803407788276672,0.9803407788276672,0.9803407788276672,374.0,0.09350000321865082
local,local,,,0,632,data_4000_4_11_chordal,val_epoch_task,val,cycle3,,54,,,,,,,,,4000,490.0,41.0,3469.0,0.0,0.9227871939736346,1.0,0.9598432779312134,0.9598432779312134,0.9598432779312134,490.0,0.12250000238418579
local,local,,,0,632,data_4000_4_11_chordal,val_epoch_task,val,cycle4,,54,,,,,,,,,4000,715.0,101.0,3174.0,10.0,0.8762254901960784,0.9862068965517241,0.9279688596725464,0.9279688596725464,0.9279688596725464,725.0,0.18125000596046448
local,local,,,0,632,data_4000_4_11_chordal,val_epoch_task,val,cycle5,,54,,,,,,,,,4000,909.0,239.0,2851.0,1.0,0.7918118466898955,0.9989010989010989,0.8833819031715393,0.8833819031715393,0.8833819031715393,910.0,0.22750000655651093
local,local,,,0,632,data_4000_4_11_chordal,val_epoch_task,val,cycle6,,54,,,,,,,,,4000,1099.0,358.0,2518.0,25.0,0.7542896362388469,0.9777580071174378,0.8516079187393188,0.8516079187393188,0.8516079187393188,1124.0,0.2809999883174896
local,local,,,0,632,data_4000_4_11_chordal,train_epoch,train,,,55,0.1459567905664444,,,,,,,,4000,,,,,,,,,,,
local,local,,,0,632,data_4000_4_11_chordal,val_epoch,val,,,55,,0.1366643046140671,0.9584,0.8414999842643738,0.8956347215253386,0.9122263789176941,0.9122263789176941,0.9122263789176941,4000,,,,,,,,,,,
local,local,,,0,632,data_4000_4_11_chordal,val_epoch_task,val,cycle2,,55,,,,,,,,,4000,374.0,14.0,3612.0,0.0,0.9639175257731959,1.0,0.981627345085144,0.981627345085144,0.981627345085144,374.0,0.09350000321865082
local,local,,,0,632,data_4000_4_11_chordal,val_epoch_task,val,cycle3,,55,,,,,,,,,4000,490.0,65.0,3445.0,0.0,0.8828828828828829,1.0,0.9377990961074829,0.9377990961074829,0.9377990961074829,490.0,0.12250000238418579
local,local,,,0,632,data_4000_4_11_chordal,val_epoch_task,val,cycle4,,55,,,,,,,,,4000,720.0,170.0,3105.0,5.0,0.8089887640449438,0.993103448275862,0.891640841960907,0.891640841960907,0.891640841960907,725.0,0.18125000596046448
local,local,,,0,632,data_4000_4_11_chordal,val_epoch_task,val,cycle5,,55,,,,,,,,,4000,905.0,210.0,2880.0,5.0,0.8116591928251121,0.9945054945054945,0.8938271403312683,0.8938271403312683,0.8938271403312683,910.0,0.22750000655651093
local,local,,,0,632,data_4000_4_11_chordal,val_epoch_task,val,cycle6,,55,,,,,,,,,4000,1081.0,320.0,2556.0,43.0,0.7715917201998572,0.9617437722419929,0.8562376499176025,0.8562376499176025,0.8562376499176025,1124.0,0.2809999883174896
local,local,,,0,632,data_4000_4_11_chordal,train_epoch,train,,,56,0.14764723855257034,,,,,,,,4000,,,,,,,,,,,
local,local,,,0,632,data_4000_4_11_chordal,val_epoch,val,,,56,,0.1487046844661236,0.95225,0.8217499852180481,0.8827213557656884,0.901026725769043,0.901026725769043,0.901026725769043,4000,,,,,,,,,,,
local,local,,,0,632,data_4000_4_11_chordal,val_epoch_task,val,cycle2,,56,,,,,,,,,4000,374.0,29.0,3597.0,0.0,0.9280397022332506,1.0,0.9626769423484802,0.9626769423484802,0.9626769423484802,374.0,0.09350000321865082
local,local,,,0,632,data_4000_4_11_chordal,val_epoch_task,val,cycle3,,56,,,,,,,,,4000,490.0,58.0,3452.0,0.0,0.8941605839416058,1.0,0.9441233277320862,0.9441233277320862,0.9441233277320862,490.0,0.12250000238418579
local,local,,,0,632,data_4000_4_11_chordal,val_epoch_task,val,cycle4,,56,,,,,,,,,4000,719.0,201.0,3074.0,6.0,0.7815217391304348,0.9917241379310345,0.8741641640663147,0.8741641640663147,0.8741641640663147,725.0,0.18125000596046448
local,local,,,0,632,data_4000_4_11_chordal,val_epoch_task,val,cycle5,,56,,,,,,,,,4000,906.0,226.0,2864.0,4.0,0.8003533568904594,0.9956043956043956,0.8873652815818787,0.8873652815818787,0.8873652815818787,910.0,0.22750000655651093
local,local,,,0,632,data_4000_4_11_chordal,val_epoch_task,val,cycle6,,56,,,,,,,,,4000,1105.0,412.0,2464.0,19.0,0.7284113381674358,0.9830960854092526,0.8368042707443237,0.8368042707443237,0.8368042707443237,1124.0,0.2809999883174896
local,local,,,0,632,data_4000_4_11_chordal,train_epoch,train,,,57,0.1386074156165123,,,,,,,,4000,,,,,,,,,,,
local,local,,,0,632,data_4000_4_11_chordal,val_epoch,val,,,57,,0.138337977707386,0.95675,0.8292499780654907,0.8922386944063785,0.9087775945663452,0.9087775945663452,0.9087775945663452,4000,,,,,,,,,,,
local,local,,,0,632,data_4000_4_11_chordal,val_epoch_task,val,cycle2,,57,,,,,,,,,4000,374.0,26.0,3600.0,0.0,0.935,1.0,0.9664083123207092,0.9664083123207092,0.9664083123207092,374.0,0.09350000321865082
local,local,,,0,632,data_4000_4_11_chordal,val_epoch_task,val,cycle3,,57,,,,,,,,,4000,490.0,64.0,3446.0,0.0,0.8844765342960289,1.0,0.938697338104248,0.938697338104248,0.938697338104248,490.0,0.12250000238418579
local,local,,,0,632,data_4000_4_11_chordal,val_epoch_task,val,cycle4,,57,,,,,,,,,4000,721.0,167.0,3108.0,4.0,0.8119369369369369,0.9944827586206897,0.8939864039421082,0.8939864039421082,0.8939864039421082,725.0,0.18125000596046448
local,local,,,0,632,data_4000_4_11_chordal,val_epoch_task,val,cycle5,,57,,,,,,,,,4000,898.0,185.0,2905.0,12.0,0.8291782086795937,0.9868131868131869,0.9011540412902832,0.9011540412902832,0.9011540412902832,910.0,0.22750000655651093
local,local,,,0,632,data_4000_4_11_chordal,val_epoch_task,val,cycle6,,57,,,,,,,,,4000,1098.0,381.0,2495.0,26.0,0.742393509127789,0.9768683274021353,0.8436418771743774,0.8436418771743774,0.8436418771743774,1124.0,0.2809999883174896
local,local,,,0,632,data_4000_4_11_chordal,train_epoch,train,,,58,0.12655539685487746,,,,,,,,4000,,,,,,,,,,,
local,local,,,0,632,data_4000_4_11_chordal,val_epoch,val,,,58,,0.13246842622756957,0.96345,0.8547499775886536,0.9066768798672284,0.9235246777534485,0.9235246777534485,0.9235246777534485,4000,,,,,,,,,,,
local,local,,,0,632,data_4000_4_11_chordal,val_epoch_task,val,cycle2,,58,,,,,,,,,4000,374.0,19.0,3607.0,0.0,0.9516539440203562,1.0,0.9752281904220581,0.9752281904220581,0.9752281904220581,374.0,0.09350000321865082
local,local,,,0,632,data_4000_4_11_chordal,val_epoch_task,val,cycle3,,58,,,,,,,,,4000,487.0,45.0,3465.0,3.0,0.9154135338345865,0.9938775510204082,0.9530333280563354,0.9530333280563354,0.9530333280563354,490.0,0.12250000238418579
local,local,,,0,632,data_4000_4_11_chordal,val_epoch_task,val,cycle4,,58,,,,,,,,,4000,713.0,91.0,3184.0,12.0,0.8868159203980099,0.983448275862069,0.9326356649398804,0.9326356649398804,0.9326356649398804,725.0,0.18125000596046448
local,local,,,0,632,data_4000_4_11_chordal,val_epoch_task,val,cycle5,,58,,,,,,,,,4000,897.0,185.0,2905.0,13.0,0.8290203327171903,0.9857142857142858,0.900602400302887,0.900602400302887,0.900602400302887,910.0,0.22750000655651093
local,local,,,0,632,data_4000_4_11_chordal,val_epoch_task,val,cycle6,,58,,,,,,,,,4000,1080.0,319.0,2557.0,44.0,0.7719799857040743,0.9608540925266904,0.856123685836792,0.856123685836792,0.856123685836792,1124.0,0.2809999883174896
local,local,,,0,632,data_4000_4_11_chordal,train_epoch,train,,,59,0.13941100014746188,,,,,,,,4000,,,,,,,,,,,
local,local,,,0,632,data_4000_4_11_chordal,val_epoch,val,,,59,,0.13772822827100753,0.96285,0.8529999852180481,0.9050236482167967,0.9198328256607056,0.9198328256607056,0.9198328256607056,4000,,,,,,,,,,,
local,local,,,0,632,data_4000_4_11_chordal,val_epoch_task,val,cycle2,,59,,,,,,,,,4000,374.0,41.0,3585.0,0.0,0.9012048192771084,1.0,0.948035478591919,0.948035478591919,0.948035478591919,374.0,0.09350000321865082
local,local,,,0,632,data_4000_4_11_chordal,val_epoch_task,val,cycle3,,59,,,,,,,,,4000,490.0,43.0,3467.0,0.0,0.9193245778611632,1.0,0.9579667448997498,0.9579667448997498,0.9579667448997498,490.0,0.12250000238418579
local,local,,,0,632,data_4000_4_11_chordal,val_epoch_task,val,cycle4,,59,,,,,,,,,4000,717.0,91.0,3184.0,8.0,0.8873762376237624,0.9889655172413793,0.9354207515716553,0.9354207515716553,0.9354207515716553,725.0,0.18125000596046448
local,local,,,0,632,data_4000_4_11_chordal,val_epoch_task,val,cycle5,,59,,,,,,,,,4000,886.0,153.0,2937.0,24.0,0.8527430221366699,0.9736263736263736,0.9091842174530029,0.9091842174530029,0.9091842174530029,910.0,0.22750000655651093
local,local,,,0,632,data_4000_4_11_chordal,val_epoch_task,val,cycle6,,59,,,,,,,,,4000,1073.0,332.0,2544.0,51.0,0.7637010676156584,0.9546263345195729,0.8485567569732666,0.8485567569732666,0.8485567569732666,1124.0,0.2809999883174896
local,local,,,0,632,data_4000_4_11_chordal,train_epoch,train,,,60,0.1361325803399086,,,,,,,,4000,,,,,,,,,,,
local,local,,,0,632,data_4000_4_11_chordal,val_epoch,val,,,60,,0.1377914278805256,0.9598,0.84375,0.89894419306184,0.9138798713684082,0.9138798713684082,0.9138798713684082,4000,,,,,,,,,,,
local,local,,,0,632,data_4000_4_11_chordal,val_epoch_task,val,cycle2,,60,,,,,,,,,4000,374.0,26.0,3600.0,0.0,0.935,1.0,0.9664083123207092,0.9664083123207092,0.9664083123207092,374.0,0.09350000321865082
local,local,,,0,632,data_4000_4_11_chordal,val_epoch_task,val,cycle3,,60,,,,,,,,,4000,490.0,64.0,3446.0,0.0,0.8844765342960289,1.0,0.938697338104248,0.938697338104248,0.938697338104248,490.0,0.12250000238418579
local,local,,,0,632,data_4000_4_11_chordal,val_epoch_task,val,cycle4,,60,,,,,,,,,4000,718.0,128.0,3147.0,7.0,0.8486997635933806,0.9903448275862069,0.9140675067901611,0.9140675067901611,0.9140675067901611,725.0,0.18125000596046448
local,local,,,0,632,data_4000_4_11_chordal,val_epoch_task,val,cycle5,,60,,,,,,,,,4000,904.0,213.0,2877.0,6.0,0.8093106535362579,0.9934065934065934,0.8919585943222046,0.8919585943222046,0.8919585943222046,910.0,0.22750000655651093
local,local,,,0,632,data_4000_4_11_chordal,val_epoch_task,val,cycle6,,60,,,,,,,,,4000,1090.0,326.0,2550.0,34.0,0.769774011299435,0.9697508896797153,0.8582677841186523,0.8582677841186523,0.8582677841186523,1124.0,0.2809999883174896
local,local,,,0,632,data_4000_4_11_chordal,train_epoch,train,,,61,0.14898074120283128,,,,,,,,4000,,,,,,,,,,,
local,local,,,0,632,data_4000_4_11_chordal,val_epoch,val,,,61,,0.13754382371902465,0.96105,0.8477500081062317,0.900523560209424,0.9123498797416687,0.9123498797416687,0.9123498797416687,4000,,,,,,,,,,,
local,local,,,0,632,data_4000_4_11_chordal,val_epoch_task,val,cycle2,,61,,,,,,,,,4000,374.0,31.0,3595.0,0.0,0.9234567901234568,1.0,0.9602053761482239,0.9602053761482239,0.9602053761482239,374.0,0.09350000321865082
local,local,,,0,632,data_4000_4_11_chordal,val_epoch_task,val,cycle3,,61,,,,,,,,,4000,490.0,86.0,3424.0,0.0,0.8506944444444444,1.0,0.9193245768547058,0.9193245768547058,0.9193245768547058,490.0,0.12250000238418579
local,local,,,0,632,data_4000_4_11_chordal,val_epoch_task,val,cycle4,,61,,,,,,,,,4000,719.0,112.0,3163.0,6.0,0.865222623345367,0.9917241379310345,0.9241645336151123,0.9241645336151123,0.9241645336151123,725.0,0.18125000596046448
local,local,,,0,632,data_4000_4_11_chordal,val_epoch_task,val,cycle5,,61,,,,,,,,,4000,906.0,199.0,2891.0,4.0,0.8199095022624434,0.9956043956043956,0.899255633354187,0.899255633354187,0.899255633354187,910.0,0.22750000655651093
local,local,,,0,632,data_4000_4_11_chordal,val_epoch_task,val,cycle6,,61,,,,,,,,,4000,1037.0,254.0,2622.0,87.0,0.8032532920216886,0.9225978647686833,0.8587992191314697,0.8587992191314697,0.8587992191314697,1124.0,0.2809999883174896
local,local,,,0,632,data_4000_4_11_chordal,train_epoch,train,,,62,0.12827290403842925,,,,,,,,4000,,,,,,,,,,,
local,local,,,0,632,data_4000_4_11_chordal,val_epoch,val,,,62,,0.13748964059352875,0.95835,0.8349999785423279,0.8958098811757348,0.9145201444625854,0.9145201444625854,0.9145201444625854,4000,,,,,,,,,,,
local,local,,,0,632,data_4000_4_11_chordal,val_epoch_task,val,cycle2,,62,,,,,,,,,4000,374.0,22.0,3604.0,0.0,0.9444444444444444,1.0,0.9714285731315613,0.9714285731315613,0.9714285731315613,374.0,0.09350000321865082
local,local,,,0,632,data_4000_4_11_chordal,val_epoch_task,val,cycle3,,62,,,,,,,,,4000,490.0,48.0,3462.0,0.0,0.9107806691449815,1.0,0.9533073902130127,0.9533073902130127,0.9533073902130127,490.0,0.12250000238418579
local,local,,,0,632,data_4000_4_11_chordal,val_epoch_task,val,cycle4,,62,,,,,,,,,4000,719.0,123.0,3152.0,6.0,0.8539192399049881,0.9917241379310345,0.917677104473114,0.917677104473114,0.917677104473114,725.0,0.18125000596046448
local,local,,,0,632,data_4000_4_11_chordal,val_epoch_task,val,cycle5,,62,,,,,,,,,4000,910.0,240.0,2850.0,0.0,0.7913043478260869,1.0,0.8834951519966125,0.8834951519966125,0.8834951519966125,910.0,0.22750000655651093
local,local,,,0,632,data_4000_4_11_chordal,val_epoch_task,val,cycle6,,62,,,,,,,,,4000,1088.0,358.0,2518.0,36.0,0.7524204702627939,0.9679715302491103,0.8466926217079163,0.8466926217079163,0.8466926217079163,1124.0,0.2809999883174896
local,local,,,0,632,data_4000_4_11_chordal,train_epoch,train,,,63,0.13629526370763778,,,,,,,,4000,,,,,,,,,,,
local,local,,,0,632,data_4000_4_11_chordal,val_epoch,val,,,63,,0.13024232652783393,0.9674,0.8667500019073486,0.9152586430985183,0.9295743703842163,0.9295743703842163,0.9295743703842163,4000,,,,,,,,,,,
local,local,,,0,632,data_4000_4_11_chordal,val_epoch_task,val,cycle2,,63,,,,,,,,,4000,374.0,25.0,3601.0,0.0,0.9373433583959899,1.0,0.9676584601402283,0.9676584601402283,0.9676584601402283,374.0,0.09350000321865082
local,local,,,0,632,data_4000_4_11_chordal,val_epoch_task,val,cycle3,,63,,,,,,,,,4000,488.0,29.0,3481.0,2.0,0.9439071566731141,0.9959183673469387,0.9692155122756958,0.9692155122756958,0.9692155122756958,490.0,0.12250000238418579
local,local,,,0,632,data_4000_4_11_chordal,val_epoch_task,val,cycle4,,63,,,,,,,,,4000,713.0,91.0,3184.0,12.0,0.8868159203980099,0.983448275862069,0.9326356649398804,0.9326356649398804,0.9326356649398804,725.0,0.18125000596046448
local,local,,,0,632,data_4000_4_11_chordal,val_epoch_task,val,cycle5,,63,,,,,,,,,4000,901.0,177.0,2913.0,9.0,0.8358070500927643,0.9901098901098901,0.9064385890960693,0.9064385890960693,0.9064385890960693,910.0,0.22750000655651093
local,local,,,0,632,data_4000_4_11_chordal,val_epoch_task,val,cycle6,,63,,,,,,,,,4000,1045.0,228.0,2648.0,79.0,0.8208955223880597,0.9297153024911032,0.8719232082366943,0.8719232082366943,0.8719232082366943,1124.0,0.2809999883174896
local,local,,,0,632,data_4000_4_11_chordal,train_epoch,train,,,64,0.1198008290529251,,,,,,,,4000,,,,,,,,,,,
local,local,,,0,632,data_4000_4_11_chordal,val_epoch,val,,,64,,0.13938694018125533,0.95795,0.8367499709129333,0.895202492211838,0.9142435789108276,0.9142435789108276,0.9142435789108276,4000,,,,,,,,,,,
local,local,,,0,632,data_4000_4_11_chordal,val_epoch_task,val,cycle2,,64,,,,,,,,,4000,374.0,26.0,3600.0,0.0,0.935,1.0,0.9664083123207092,0.9664083123207092,0.9664083123207092,374.0,0.09350000321865082
local,local,,,0,632,data_4000_4_11_chordal,val_epoch_task,val,cycle3,,64,,,,,,,,,4000,490.0,53.0,3457.0,0.0,0.9023941068139963,1.0,0.9486931562423706,0.9486931562423706,0.9486931562423706,490.0,0.12250000238418579
local,local,,,0,632,data_4000_4_11_chordal,val_epoch_task,val,cycle4,,64,,,,,,,,,4000,718.0,102.0,3173.0,7.0,0.875609756097561,0.9903448275862069,0.9294498562812805,0.9294498562812805,0.9294498562812805,725.0,0.18125000596046448
local,local,,,0,632,data_4000_4_11_chordal,val_epoch_task,val,cycle5,,64,,,,,,,,,4000,909.0,228.0,2862.0,1.0,0.7994722955145118,0.9989010989010989,0.888128936290741,0.888128936290741,0.888128936290741,910.0,0.22750000655651093
local,local,,,0,632,data_4000_4_11_chordal,val_epoch_task,val,cycle6,,64,,,,,,,,,4000,1101.0,401.0,2475.0,23.0,0.7330226364846871,0.9795373665480427,0.8385377526283264,0.8385377526283264,0.8385377526283264,1124.0,0.2809999883174896
local,local,,,0,632,data_4000_4_11_chordal,train_epoch,train,,,65,0.1397763710618019,,,,,,,,4000,,,,,,,,,,,
local,local,,,0,632,data_4000_4_11_chordal,val_epoch,val,,,65,,0.12457751196622849,0.96475,0.8587499856948853,0.9102025219717232,0.9289978742599487,0.9289978742599487,0.9289978742599487,4000,,,,,,,,,,,
local,local,,,0,632,data_4000_4_11_chordal,val_epoch_task,val,cycle2,,65,,,,,,,,,4000,374.0,12.0,3614.0,0.0,0.9689119170984456,1.0,0.9842105507850647,0.9842105507850647,0.9842105507850647,374.0,0.09350000321865082
local,local,,,0,632,data_4000_4_11_chordal,val_epoch_task,val,cycle3,,65,,,,,,,,,4000,487.0,27.0,3483.0,3.0,0.9474708171206225,0.9938775510204082,0.9701195955276489,0.9701195955276489,0.9701195955276489,490.0,0.12250000238418579
local,local,,,0,632,data_4000_4_11_chordal,val_epoch_task,val,cycle4,,65,,,,,,,,,4000,721.0,95.0,3180.0,4.0,0.883578431372549,0.9944827586206897,0.9357559680938721,0.9357559680938721,0.9357559680938721,725.0,0.18125000596046448
local,local,,,0,632,data_4000_4_11_chordal,val_epoch_task,val,cycle5,,65,,,,,,,,,4000,903.0,213.0,2877.0,7.0,0.8091397849462365,0.9923076923076923,0.8914116621017456,0.8914116621017456,0.8914116621017456,910.0,0.22750000655651093
local,local,,,0,632,data_4000_4_11_chordal,val_epoch_task,val,cycle6,,65,,,,,,,,,4000,1088.0,308.0,2568.0,36.0,0.7793696275071633,0.9679715302491103,0.8634920120239258,0.8634920120239258,0.8634920120239258,1124.0,0.2809999883174896
local,local,,,0,632,data_4000_4_11_chordal,train_epoch,train,,,66,0.1303537121117115,,,,,,,,4000,,,,,,,,,,,
local,local,,,0,632,data_4000_4_11_chordal,val_epoch,val,,,66,,0.14618735551834106,0.95865,0.8322499990463257,0.895382669196711,0.9114953875541687,0.9114953875541687,0.9114953875541687,4000,,,,,,,,,,,
local,local,,,0,632,data_4000_4_11_chordal,val_epoch_task,val,cycle2,,66,,,,,,,,,4000,373.0,17.0,3609.0,1.0,0.9564102564102565,0.9973262032085561,0.9764397740364075,0.9764397740364075,0.9764397740364075,374.0,0.09350000321865082
local,local,,,0,632,data_4000_4_11_chordal,val_epoch_task,val,cycle3,,66,,,,,,,,,4000,490.0,57.0,3453.0,0.0,0.8957952468007313,1.0,0.9450337290763855,0.9450337290763855,0.9450337290763855,490.0,0.12250000238418579
local,local,,,0,632,data_4000_4_11_chordal,val_epoch_task,val,cycle4,,66,,,,,,,,,4000,722.0,175.0,3100.0,3.0,0.8049052396878483,0.9958620689655172,0.8902589082717896,0.8902589082717896,0.8902589082717896,725.0,0.18125000596046448
local,local,,,0,632,data_4000_4_11_chordal,val_epoch_task,val,cycle5,,66,,,,,,,,,4000,906.0,234.0,2856.0,4.0,0.7947368421052632,0.9956043956043956,0.8839024305343628,0.8839024305343628,0.8839024305343628,910.0,0.22750000655651093
local,local,,,0,632,data_4000_4_11_chordal,val_epoch_task,val,cycle6,,66,,,,,,,,,4000,1048.0,260.0,2616.0,76.0,0.8012232415902141,0.9323843416370107,0.8618420958518982,0.8618420958518982,0.8618420958518982,1124.0,0.2809999883174896
local,local,,,0,632,data_4000_4_11_chordal,train_epoch,train,,,67,0.13231272047758103,,,,,,,,4000,,,,,,,,,,,
local,local,,,0,632,data_4000_4_11_chordal,val_epoch,val,,,67,,0.13936947083473206,0.9576,0.8342499732971191,0.8942907005734232,0.9108421206474304,0.9108421206474304,0.9108421206474304,4000,,,,,,,,,,,
local,local,,,0,632,data_4000_4_11_chordal,val_epoch_task,val,cycle2,,67,,,,,,,,,4000,374.0,32.0,3594.0,0.0,0.9211822660098522,1.0,0.9589743614196777,0.9589743614196777,0.9589743614196777,374.0,0.09350000321865082
local,local,,,0,632,data_4000_4_11_chordal,val_epoch_task,val,cycle3,,67,,,,,,,,,4000,490.0,56.0,3454.0,0.0,0.8974358974358975,1.0,0.9459459781646729,0.9459459781646729,0.9459459781646729,490.0,0.12250000238418579
local,local,,,0,632,data_4000_4_11_chordal,val_epoch_task,val,cycle4,,67,,,,,,,,,4000,721.0,132.0,3143.0,4.0,0.8452520515826495,0.9944827586206897,0.9138149619102478,0.9138149619102478,0.9138149619102478,725.0,0.18125000596046448
local,local,,,0,632,data_4000_4_11_chordal,val_epoch_task,val,cycle5,,67,,,,,,,,,4000,902.0,218.0,2872.0,8.0,0.8053571428571429,0.9912087912087912,0.8886699080467224,0.8886699080467224,0.8886699080467224,910.0,0.22750000655651093
local,local,,,0,632,data_4000_4_11_chordal,val_epoch_task,val,cycle6,,67,,,,,,,,,4000,1100.0,374.0,2502.0,24.0,0.746268656716418,0.9786476868327402,0.8468052744865417,0.8468052744865417,0.8468052744865417,1124.0,0.2809999883174896
local,local,,,0,632,data_4000_4_11_chordal,train_epoch,train,,,68,0.13345712742209434,,,,,,,,4000,,,,,,,,,,,
local,local,,,0,632,data_4000_4_11_chordal,val_epoch,val,,,68,,0.13427623614668846,0.95945,0.843999981880188,0.898179535467671,0.9161345362663269,0.9161345362663269,0.9161345362663269,4000,,,,,,,,,,,
local,local,,,0,632,data_4000_4_11_chordal,val_epoch_task,val,cycle2,,68,,,,,,,,,4000,373.0,12.0,3614.0,1.0,0.9688311688311688,0.9973262032085561,0.9828721880912781,0.9828721880912781,0.9828721880912781,374.0,0.09350000321865082
local,local,,,0,632,data_4000_4_11_chordal,val_epoch_task,val,cycle3,,68,,,,,,,,,4000,489.0,51.0,3459.0,1.0,0.9055555555555556,0.9979591836734694,0.9495145678520203,0.9495145678520203,0.9495145678520203,490.0,0.12250000238418579
local,local,,,0,632,data_4000_4_11_chordal,val_epoch_task,val,cycle4,,68,,,,,,,,,4000,724.0,150.0,3125.0,1.0,0.8283752860411899,0.9986206896551724,0.9055659770965576,0.9055659770965576,0.9055659770965576,725.0,0.18125000596046448
local,local,,,0,632,data_4000_4_11_chordal,val_epoch_task,val,cycle5,,68,,,,,,,,,4000,906.0,233.0,2857.0,4.0,0.7954345917471466,0.9956043956043956,0.8843338489532471,0.8843338489532471,0.8843338489532471,910.0,0.22750000655651093
local,local,,,0,632,data_4000_4_11_chordal,val_epoch_task,val,cycle6,,68,,,,,,,,,4000,1085.0,319.0,2557.0,39.0,0.7727920227920227,0.9653024911032029,0.8583860397338867,0.8583860397338867,0.8583860397338867,1124.0,0.2809999883174896
local,local,,,0,632,data_4000_4_11_chordal,train_epoch,train,,,69,0.14726300621032715,,,,,,,,4000,,,,,,,,,,,
local,local,,,0,632,data_4000_4_11_chordal,val_epoch,val,,,69,,0.15800728499889374,0.944,0.784250020980835,0.8656107511399088,0.8879922032356262,0.8879922032356262,0.8879922032356262,4000,,,,,,,,,,,
local,local,,,0,632,data_4000_4_11_chordal,val_epoch_task,val,cycle2,,69,,,,,,,,,4000,374.0,51.0,3575.0,0.0,0.88,1.0,0.936170220375061,0.936170220375061,0.936170220375061,374.0,0.09350000321865082
local,local,,,0,632,data_4000_4_11_chordal,val_epoch_task,val,cycle3,,69,,,,,,,,,4000,490.0,56.0,3454.0,0.0,0.8974358974358975,1.0,0.9459459781646729,0.9459459781646729,0.9459459781646729,490.0,0.12250000238418579
local,local,,,0,632,data_4000_4_11_chordal,val_epoch_task,val,cycle4,,69,,,,,,,,,4000,723.0,206.0,3069.0,2.0,0.7782561894510226,0.9972413793103448,0.8742442727088928,0.8742442727088928,0.8742442727088928,725.0,0.18125000596046448
local,local,,,0,632,data_4000_4_11_chordal,val_epoch_task,val,cycle5,,69,,,,,,,,,4000,910.0,220.0,2870.0,0.0,0.8053097345132744,1.0,0.8921568393707275,0.8921568393707275,0.8921568393707275,910.0,0.22750000655651093
local,local,,,0,632,data_4000_4_11_chordal,val_epoch_task,val,cycle6,,69,,,,,,,,,4000,1110.0,571.0,2305.0,14.0,0.6603212373587151,0.9875444839857651,0.7914437651634216,0.7914437651634216,0.7914437651634216,1124.0,0.2809999883174896
local,local,,,0,632,data_4000_4_11_chordal,train_epoch,train,,,70,0.13181001085042954,,,,,,,,4000,,,,,,,,,,,
local,local,,,0,632,data_4000_4_11_chordal,val_epoch,val,,,70,,0.12405082750320434,0.96525,0.8575000166893005,0.911476245064323,0.9278298616409302,0.9278298616409302,0.9278298616409302,4000,,,,,,,,,,,
local,local,,,0,632,data_4000_4_11_chordal,val_epoch_task,val,cycle2,,70,,,,,,,,,4000,374.0,23.0,3603.0,0.0,0.9420654911838791,1.0,0.9701685905456543,0.9701685905456543,0.9701685905456543,374.0,0.09350000321865082
local,local,,,0,632,data_4000_4_11_chordal,val_epoch_task,val,cycle3,,70,,,,,,,,,4000,490.0,40.0,3470.0,0.0,0.9245283018867925,1.0,0.9607842564582825,0.9607842564582825,0.9607842564582825,490.0,0.12250000238418579
local,local,,,0,632,data_4000_4_11_chordal,val_epoch_task,val,cycle4,,70,,,,,,,,,4000,713.0,76.0,3199.0,12.0,0.9036755386565273,0.983448275862069,0.9418758749961853,0.9418758749961853,0.9418758749961853,725.0,0.18125000596046448
local,local,,,0,632,data_4000_4_11_chordal,val_epoch_task,val,cycle5,,70,,,,,,,,,4000,904.0,181.0,2909.0,6.0,0.8331797235023042,0.9934065934065934,0.9062656760215759,0.9062656760215759,0.9062656760215759,910.0,0.22750000655651093
local,local,,,0,632,data_4000_4_11_chordal,val_epoch_task,val,cycle6,,70,,,,,,,,,4000,1097.0,330.0,2546.0,27.0,0.7687456201822004,0.9759786476868327,0.8600548505783081,0.8600548505783081,0.8600548505783081,1124.0,0.2809999883174896
local,local,,,0,632,data_4000_4_11_chordal,train_epoch,train,,,71,0.12447670096158982,,,,,,,,4000,,,,,,,,,,,
local,local,,,0,632,data_4000_4_11_chordal,val_epoch,val,,,71,,0.1362441806793213,0.95775,0.8332499861717224,0.8947827169717346,0.9142047166824341,0.9142047166824341,0.9142047166824341,4000,,,,,,,,,,,
local,local,,,0,632,data_4000_4_11_chordal,val_epoch_task,val,cycle2,,71,,,,,,,,,4000,374.0,19.0,3607.0,0.0,0.9516539440203562,1.0,0.9752281904220581,0.9752281904220581,0.9752281904220581,374.0,0.09350000321865082
local,local,,,0,632,data_4000_4_11_chordal,val_epoch_task,val,cycle3,,71,,,,,,,,,4000,489.0,51.0,3459.0,1.0,0.9055555555555556,0.9979591836734694,0.9495145678520203,0.9495145678520203,0.9495145678520203,490.0,0.12250000238418579
local,local,,,0,632,data_4000_4_11_chordal,val_epoch_task,val,cycle4,,71,,,,,,,,,4000,720.0,124.0,3151.0,5.0,0.8530805687203792,0.993103448275862,0.9177820086479187,0.9177820086479187,0.9177820086479187,725.0,0.18125000596046448
local,local,,,0,632,data_4000_4_11_chordal,val_epoch_task,val,cycle5,,71,,,,,,,,,4000,903.0,229.0,2861.0,7.0,0.7977031802120141,0.9923076923076923,0.884427011013031,0.884427011013031,0.884427011013031,910.0,0.22750000655651093
local,local,,,0,632,data_4000_4_11_chordal,val_epoch_task,val,cycle6,,71,,,,,,,,,4000,1107.0,392.0,2484.0,17.0,0.7384923282188125,0.9848754448398577,0.8440716862678528,0.8440716862678528,0.8440716862678528,1124.0,0.2809999883174896
local,local,,,0,632,data_4000_4_11_chordal,train_epoch,train,,,72,0.14844532406330108,,,,,,,,4000,,,,,,,,,,,
local,local,,,0,632,data_4000_4_11_chordal,val_epoch,val,,,72,,0.14723199167847634,0.9578,0.8429999947547913,0.8923194692523603,0.9055523872375488,0.9055523872375488,0.9055523872375488,4000,,,,,,,,,,,
local,local,,,0,632,data_4000_4_11_chordal,val_epoch_task,val,cycle2,,72,,,,,,,,,4000,374.0,29.0,3597.0,0.0,0.9280397022332506,1.0,0.9626769423484802,0.9626769423484802,0.9626769423484802,374.0,0.09350000321865082
local,local,,,0,632,data_4000_4_11_chordal,val_epoch_task,val,cycle3,,72,,,,,,,,,4000,490.0,82.0,3428.0,0.0,0.8566433566433567,1.0,0.9227871894836426,0.9227871894836426,0.9227871894836426,490.0,0.12250000238418579
local,local,,,0,632,data_4000_4_11_chordal,val_epoch_task,val,cycle4,,72,,,,,,,,,4000,719.0,160.0,3115.0,6.0,0.8179749715585893,0.9917241379310345,0.8965087532997131,0.8965087532997131,0.8965087532997131,725.0,0.18125000596046448
local,local,,,0,632,data_4000_4_11_chordal,val_epoch_task,val,cycle5,,72,,,,,,,,,4000,898.0,199.0,2891.0,12.0,0.8185961713764813,0.9868131868131869,0.8948678970336914,0.8948678970336914,0.8948678970336914,910.0,0.22750000655651093
local,local,,,0,632,data_4000_4_11_chordal,val_epoch_task,val,cycle6,,72,,,,,,,,,4000,1016.0,248.0,2628.0,108.0,0.8037974683544303,0.9039145907473309,0.8509212136268616,0.8509212136268616,0.8509212136268616,1124.0,0.2809999883174896
local,local,,,0,632,data_4000_4_11_chordal,train_epoch,train,,,73,0.1447230304479599,,,,,,,,4000,,,,,,,,,,,
local,local,,,0,632,data_4000_4_11_chordal,val_epoch,val,,,73,,0.14523683881759644,0.9594,0.8399999737739563,0.8973710819009101,0.9133082628250122,0.9133082628250122,0.9133082628250122,4000,,,,,,,,,,,
local,local,,,0,632,data_4000_4_11_chordal,val_epoch_task,val,cycle2,,73,,,,,,,,,4000,374.0,25.0,3601.0,0.0,0.9373433583959899,1.0,0.9676584601402283,0.9676584601402283,0.9676584601402283,374.0,0.09350000321865082
local,local,,,0,632,data_4000_4_11_chordal,val_epoch_task,val,cycle3,,73,,,,,,,,,4000,489.0,52.0,3458.0,1.0,0.9038817005545287,0.9979591836734694,0.9485936164855957,0.9485936164855957,0.9485936164855957,490.0,0.12250000238418579
local,local,,,0,632,data_4000_4_11_chordal,val_epoch_task,val,cycle4,,73,,,,,,,,,4000,714.0,143.0,3132.0,11.0,0.8331388564760793,0.9848275862068966,0.9026548862457275,0.9026548862457275,0.9026548862457275,725.0,0.18125000596046448
local,local,,,0,632,data_4000_4_11_chordal,val_epoch_task,val,cycle5,,73,,,,,,,,,4000,900.0,208.0,2882.0,10.0,0.8122743682310469,0.989010989010989,0.8919722437858582,0.8919722437858582,0.8919722437858582,910.0,0.22750000655651093
local,local,,,0,632,data_4000_4_11_chordal,val_epoch_task,val,cycle6,,73,,,,,,,,,4000,1073.0,311.0,2565.0,51.0,0.7752890173410405,0.9546263345195729,0.8556618690490723,0.8556618690490723,0.8556618690490723,1124.0,0.2809999883174896
local,local,,,0,632,data_4000_4_11_chordal,train_epoch,train,,,74,0.12403062576055526,,,,,,,,4000,,,,,,,,,,,
local,local,,,0,632,data_4000_4_11_chordal,val_epoch,val,,,74,,0.1586221010684967,0.95745,0.8317499756813049,0.8924282644419163,0.913144588470459,0.913144588470459,0.913144588470459,4000,,,,,,,,,,,
local,local,,,0,632,data_4000_4_11_chordal,val_epoch_task,val,cycle2,,74,,,,,,,,,4000,374.0,21.0,3605.0,0.0,0.9468354430379747,1.0,0.9726917743682861,0.9726917743682861,0.9726917743682861,374.0,0.09350000321865082
local,local,,,0,632,data_4000_4_11_chordal,val_epoch_task,val,cycle3,,74,,,,,,,,,4000,485.0,50.0,3460.0,5.0,0.9065420560747663,0.9897959183673469,0.9463415145874023,0.9463415145874023,0.9463415145874023,490.0,0.12250000238418579
local,local,,,0,632,data_4000_4_11_chordal,val_epoch_task,val,cycle4,,74,,,,,,,,,4000,681.0,59.0,3216.0,44.0,0.9202702702702703,0.9393103448275862,0.9296928644180298,0.9296928644180298,0.9296928644180298,725.0,0.18125000596046448
local,local,,,0,632,data_4000_4_11_chordal,val_epoch_task,val,cycle5,,74,,,,,,,,,4000,906.0,235.0,2855.0,4.0,0.7940403155127082,0.9956043956043956,0.8834714889526367,0.8834714889526367,0.8834714889526367,910.0,0.22750000655651093
local,local,,,0,632,data_4000_4_11_chordal,val_epoch_task,val,cycle6,,74,,,,,,,,,4000,1084.0,393.0,2483.0,40.0,0.7339201083276913,0.9644128113879004,0.833525538444519,0.833525538444519,0.833525538444519,1124.0,0.2809999883174896
local,local,,,0,632,data_4000_4_11_chordal,train_epoch,train,,,75,0.13931674273312092,,,,,,,,4000,,,,,,,,,,,
local,local,,,0,632,data_4000_4_11_chordal,val_epoch,val,,,75,,0.13492744636535645,0.96395,0.8539999723434448,0.9079065014688977,0.924366295337677,0.924366295337677,0.924366295337677,4000,,,,,,,,,,,
local,local,,,0,632,data_4000_4_11_chordal,val_epoch_task,val,cycle2,,75,,,,,,,,,4000,374.0,25.0,3601.0,0.0,0.9373433583959899,1.0,0.9676584601402283,0.9676584601402283,0.9676584601402283,374.0,0.09350000321865082
local,local,,,0,632,data_4000_4_11_chordal,val_epoch_task,val,cycle3,,75,,,,,,,,,4000,488.0,42.0,3468.0,2.0,0.9207547169811321,0.9959183673469387,0.95686274766922,0.95686274766922,0.95686274766922,490.0,0.12250000238418579
local,local,,,0,632,data_4000_4_11_chordal,val_epoch_task,val,cycle4,,75,,,,,,,,,4000,711.0,85.0,3190.0,14.0,0.8932160804020101,0.9806896551724138,0.9349112510681152,0.9349112510681152,0.9349112510681152,725.0,0.18125000596046448
local,local,,,0,632,data_4000_4_11_chordal,val_epoch_task,val,cycle5,,75,,,,,,,,,4000,897.0,164.0,2926.0,13.0,0.8454288407163054,0.9857142857142858,0.9101978540420532,0.9101978540420532,0.9101978540420532,910.0,0.22750000655651093
local,local,,,0,632,data_4000_4_11_chordal,val_epoch_task,val,cycle6,,75,,,,,,,,,4000,1084.0,336.0,2540.0,40.0,0.7633802816901408,0.9644128113879004,0.8522012829780579,0.8522012829780579,0.8522012829780579,1124.0,0.2809999883174896
local,local,,,0,632,data_4000_4_11_chordal,train_epoch,train,,,76,0.12018881279230118,,,,,,,,4000,,,,,,,,,,,
local,local,,,0,632,data_4000_4_11_chordal,val_epoch,val,,,76,,0.14061189943552016,0.96675,0.8644999861717224,0.9122575537669878,0.927187442779541,0.927187442779541,0.927187442779541,4000,,,,,,,,,,,
local,local,,,0,632,data_4000_4_11_chordal,val_epoch_task,val,cycle2,,76,,,,,,,,,4000,373.0,13.0,3613.0,1.0,0.966321243523316,0.9973262032085561,0.9815790057182312,0.9815790057182312,0.9815790057182312,374.0,0.09350000321865082
local,local,,,0,632,data_4000_4_11_chordal,val_epoch_task,val,cycle3,,76,,,,,,,,,4000,490.0,47.0,3463.0,0.0,0.9124767225325885,1.0,0.9542356133460999,0.9542356133460999,0.9542356133460999,490.0,0.12250000238418579
local,local,,,0,632,data_4000_4_11_chordal,val_epoch_task,val,cycle4,,76,,,,,,,,,4000,721.0,117.0,3158.0,4.0,0.860381861575179,0.9944827586206897,0.9225847721099854,0.9225847721099854,0.9225847721099854,725.0,0.18125000596046448
local,local,,,0,632,data_4000_4_11_chordal,val_epoch_task,val,cycle5,,76,,,,,,,,,4000,877.0,121.0,2969.0,33.0,0.8787575150300602,0.9637362637362638,0.9192872643470764,0.9192872643470764,0.9192872643470764,910.0,0.22750000655651093
local,local,,,0,632,data_4000_4_11_chordal,val_epoch_task,val,cycle6,,76,,,,,,,,,4000,996.0,201.0,2675.0,128.0,0.8320802005012531,0.8861209964412812,0.8582507371902466,0.8582507371902466,0.8582507371902466,1124.0,0.2809999883174896
local,local,,,0,632,data_4000_4_11_chordal,train_epoch,train,,,77,0.13370098412036896,,,,,,,,4000,,,,,,,,,,,
local,local,,,0,632,data_4000_4_11_chordal,val_epoch,val,,,77,,0.1321712346971035,0.9602,0.8460000157356262,0.9001254705144291,0.9192908406257629,0.9192908406257629,0.9192908406257629,4000,,,,,,,,,,,
local,local,,,0,632,data_4000_4_11_chordal,val_epoch_task,val,cycle2,,77,,,,,,,,,4000,374.0,15.0,3611.0,0.0,0.961439588688946,1.0,0.9803407788276672,0.9803407788276672,0.9803407788276672,374.0,0.09350000321865082
local,local,,,0,632,data_4000_4_11_chordal,val_epoch_task,val,cycle3,,77,,,,,,,,,4000,487.0,42.0,3468.0,3.0,0.9206049149338374,0.9938775510204082,0.9558390378952026,0.9558390378952026,0.9558390378952026,490.0,0.12250000238418579
local,local,,,0,632,data_4000_4_11_chordal,val_epoch_task,val,cycle4,,77,,,,,,,,,4000,719.0,121.0,3154.0,6.0,0.8559523809523809,0.9917241379310345,0.9188498258590698,0.9188498258590698,0.9188498258590698,725.0,0.18125000596046448
local,local,,,0,632,data_4000_4_11_chordal,val_epoch_task,val,cycle5,,77,,,,,,,,,4000,899.0,211.0,2879.0,11.0,0.80990990990991,0.987912087912088,0.8900989890098572,0.8900989890098572,0.8900989890098572,910.0,0.22750000655651093
local,local,,,0,632,data_4000_4_11_chordal,val_epoch_task,val,cycle6,,77,,,,,,,,,4000,1108.0,371.0,2505.0,16.0,0.7491548343475322,0.9857651245551602,0.8513253331184387,0.8513253331184387,0.8513253331184387,1124.0,0.2809999883174896
local,local,,,0,632,data_4000_4_11_chordal,train_epoch,train,,,78,0.13610001981258393,,,,,,,,4000,,,,,,,,,,,
local,local,,,0,632,data_4000_4_11_chordal,val_epoch,val,,,78,,0.13262679934501648,0.96105,0.8445000052452087,0.9015792798483891,0.9197786450386047,0.9197786450386047,0.9197786450386047,4000,,,,,,,,,,,
local,local,,,0,632,data_4000_4_11_chordal,val_epoch_task,val,cycle2,,78,,,,,,,,,4000,374.0,9.0,3617.0,0.0,0.9765013054830287,1.0,0.9881109595298767,0.9881109595298767,0.9881109595298767,374.0,0.09350000321865082
local,local,,,0,632,data_4000_4_11_chordal,val_epoch_task,val,cycle3,,78,,,,,,,,,4000,490.0,53.0,3457.0,0.0,0.9023941068139963,1.0,0.9486931562423706,0.9486931562423706,0.9486931562423706,490.0,0.12250000238418579
local,local,,,0,632,data_4000_4_11_chordal,val_epoch_task,val,cycle4,,78,,,,,,,,,4000,721.0,141.0,3134.0,4.0,0.8364269141531323,0.9944827586206897,0.9086326360702515,0.9086326360702515,0.9086326360702515,725.0,0.18125000596046448
local,local,,,0,632,data_4000_4_11_chordal,val_epoch_task,val,cycle5,,78,,,,,,,,,4000,905.0,194.0,2896.0,5.0,0.8234758871701547,0.9945054945054945,0.900945782661438,0.900945782661438,0.900945782661438,910.0,0.22750000655651093
local,local,,,0,632,data_4000_4_11_chordal,val_epoch_task,val,cycle6,,78,,,,,,,,,4000,1078.0,327.0,2549.0,46.0,0.7672597864768683,0.9590747330960854,0.8525108098983765,0.8525108098983765,0.8525108098983765,1124.0,0.2809999883174896
local,local,,,0,632,data_4000_4_11_chordal,train_epoch,train,,,79,0.14294743531942367,,,,,,,,4000,,,,,,,,,,,
local,local,,,0,632,data_4000_4_11_chordal,val_epoch,val,,,79,,0.13148098558187485,0.9621,0.8512499928474426,0.9035132382892057,0.9186870455741882,0.9186870455741882,0.9186870455741882,4000,,,,,,,,,,,
local,local,,,0,632,data_4000_4_11_chordal,val_epoch_task,val,cycle2,,79,,,,,,,,,4000,374.0,27.0,3599.0,0.0,0.9326683291770573,1.0,0.9651612639427185,0.9651612639427185,0.9651612639427185,374.0,0.09350000321865082
local,local,,,0,632,data_4000_4_11_chordal,val_epoch_task,val,cycle3,,79,,,,,,,,,4000,490.0,50.0,3460.0,0.0,0.9074074074074074,1.0,0.9514563083648682,0.9514563083648682,0.9514563083648682,490.0,0.12250000238418579
local,local,,,0,632,data_4000_4_11_chordal,val_epoch_task,val,cycle4,,79,,,,,,,,,4000,715.0,104.0,3171.0,10.0,0.873015873015873,0.9862068965517241,0.926165759563446,0.926165759563446,0.926165759563446,725.0,0.18125000596046448
local,local,,,0,632,data_4000_4_11_chordal,val_epoch_task,val,cycle5,,79,,,,,,,,,4000,905.0,225.0,2865.0,5.0,0.8008849557522124,0.9945054945054945,0.8872548937797546,0.8872548937797546,0.8872548937797546,910.0,0.22750000655651093
local,local,,,0,632,data_4000_4_11_chordal,val_epoch_task,val,cycle6,,79,,,,,,,,,4000,1065.0,278.0,2598.0,59.0,0.7930007446016382,0.947508896797153,0.8633968234062195,0.8633968234062195,0.8633968234062195,1124.0,0.2809999883174896
local,local,,,0,632,data_4000_4_11_chordal,train_epoch,train,,,80,0.13520797437429427,,,,,,,,4000,,,,,,,,,,,
local,local,,,0,632,data_4000_4_11_chordal,val_epoch,val,,,80,,0.13124235862493516,0.96185,0.8495000004768372,0.9030372347185157,0.9195759892463684,0.9195759892463684,0.9195759892463684,4000,,,,,,,,,,,
local,local,,,0,632,data_4000_4_11_chordal,val_epoch_task,val,cycle2,,80,,,,,,,,,4000,373.0,26.0,3600.0,1.0,0.9348370927318296,0.9973262032085561,0.9650712013244629,0.9650712013244629,0.9650712013244629,374.0,0.09350000321865082
local,local,,,0,632,data_4000_4_11_chordal,val_epoch_task,val,cycle3,,80,,,,,,,,,4000,490.0,45.0,3465.0,0.0,0.9158878504672897,1.0,0.9560975432395935,0.9560975432395935,0.9560975432395935,490.0,0.12250000238418579
local,local,,,0,632,data_4000_4_11_chordal,val_epoch_task,val,cycle4,,80,,,,,,,,,4000,713.0,113.0,3162.0,12.0,0.8631961259079903,0.983448275862069,0.9194068312644958,0.9194068312644958,0.9194068312644958,725.0,0.18125000596046448
local,local,,,0,632,data_4000_4_11_chordal,val_epoch_task,val,cycle5,,80,,,,,,,,,4000,898.0,167.0,2923.0,12.0,0.8431924882629108,0.9868131868131869,0.9093671441078186,0.9093671441078186,0.9093671441078186,910.0,0.22750000655651093
local,local,,,0,632,data_4000_4_11_chordal,val_epoch_task,val,cycle6,,80,,,,,,,,,4000,1079.0,342.0,2534.0,45.0,0.7593244194229416,0.9599644128113879,0.8479371070861816,0.8479371070861816,0.8479371070861816,1124.0,0.2809999883174896
local,local,,,0,632,data_4000_4_11_chordal,best_local_train,train,,,53,,0.1160473266094923,0.96675,0.8675000071525574,0.9146670088540998,0.9310171008110046,0.9310171008110046,0.9310171008110046,4000,,,,,,,,,,,
local,local,,,0,632,data_4000_4_11_chordal,best_local_train_task,train,cycle2,,53,,,,,,,,,4000,370.0,20.0,3610.0,0.0,0.9487179487179487,1.0,0.9736841917037964,0.9736841917037964,0.9736841917037964,370.0,0.0925000011920929
local,local,,,0,632,data_4000_4_11_chordal,best_local_train_task,train,cycle3,,53,,,,,,,,,4000,524.0,34.0,3442.0,0.0,0.9390681003584229,1.0,0.9685766696929932,0.9685766696929932,0.9685766696929932,524.0,0.13099999725818634
local,local,,,0,632,data_4000_4_11_chordal,best_local_train_task,train,cycle4,,53,,,,,,,,,4000,706.0,61.0,3220.0,13.0,0.9204693611473272,0.9819193324061196,0.9502018690109253,0.9502018690109253,0.9502018690109253,719.0,0.179749995470047
local,local,,,0,632,data_4000_4_11_chordal,best_local_train_task,train,cycle5,,53,,,,,,,,,4000,897.0,205.0,2896.0,2.0,0.8139745916515426,0.9977753058954394,0.8965517282485962,0.8965517282485962,0.8965517282485962,899.0,0.22474999725818634
local,local,,,0,632,data_4000_4_11_chordal,best_local_train_task,train,cycle6,,53,,,,,,,,,4000,1067.0,296.0,2603.0,34.0,0.7828319882611886,0.9691189827429609,0.8660714030265808,0.8660714030265808,0.8660714030265808,1101.0,0.27524998784065247
local,local,,,0,632,data_4000_4_11_chordal,best_local_val,val,,,53,,0.12907071888446808,0.963,0.8525000214576721,0.9059003051881994,0.9240795969963074,0.9240795969963074,0.9240795969963074,4000,,,,,,,,,,,
local,local,,,0,632,data_4000_4_11_chordal,best_local_val_task,val,cycle2,,53,,,,,,,,,4000,374.0,19.0,3607.0,0.0,0.9516539440203562,1.0,0.9752281904220581,0.9752281904220581,0.9752281904220581,374.0,0.09350000321865082
local,local,,,0,632,data_4000_4_11_chordal,best_local_val_task,val,cycle3,,53,,,,,,,,,4000,490.0,44.0,3466.0,0.0,0.9176029962546817,1.0,0.95703125,0.95703125,0.95703125,490.0,0.12250000238418579
local,local,,,0,632,data_4000_4_11_chordal,best_local_val_task,val,cycle4,,53,,,,,,,,,4000,718.0,78.0,3197.0,7.0,0.9020100502512562,0.9903448275862069,0.9441156983375549,0.9441156983375549,0.9441156983375549,725.0,0.18125000596046448
local,local,,,0,632,data_4000_4_11_chordal,best_local_val_task,val,cycle5,,53,,,,,,,,,4000,905.0,216.0,2874.0,5.0,0.8073148974130241,0.9945054945054945,0.8911865949630737,0.8911865949630737,0.8911865949630737,910.0,0.22750000655651093
local,local,,,0,632,data_4000_4_11_chordal,best_local_val_task,val,cycle6,,53,,,,,,,,,4000,1075.0,322.0,2554.0,49.0,0.7695060844667144,0.9564056939501779,0.8528361320495605,0.8528361320495605,0.8528361320495605,1124.0,0.2809999883174896
local,local,,,0,632,data_4000_4_11_chordal,best_local_test,test,,,53,,0.13155363595485686,0.9629,0.8492500185966492,0.9113076739182406,0.9291014671325684,0.9291014671325684,0.9291014671325684,4000,,,,,,,,,,,
local,local,,,0,632,data_4000_4_11_chordal,best_local_test_task,test,cycle2,,53,,,,,,,,,4000,412.0,17.0,3571.0,0.0,0.9603729603729604,1.0,0.9797860383987427,0.9797860383987427,0.9797860383987427,412.0,0.10300000011920929
local,local,,,0,632,data_4000_4_11_chordal,best_local_test_task,test,cycle3,,53,,,,,,,,,4000,523.0,45.0,3432.0,0.0,0.920774647887324,1.0,0.9587534070014954,0.9587534070014954,0.9587534070014954,523.0,0.13075000047683716
local,local,,,0,632,data_4000_4_11_chordal,best_local_test_task,test,cycle4,,53,,,,,,,,,4000,766.0,63.0,3163.0,8.0,0.9240048250904704,0.9896640826873385,0.9557080864906311,0.9557080864906311,0.9557080864906311,774.0,0.19349999725818634
local,local,,,0,632,data_4000_4_11_chordal,best_local_test_task,test,cycle5,,53,,,,,,,,,4000,1011.0,223.0,2764.0,2.0,0.8192868719611021,0.998025666337611,0.89986652135849,0.89986652135849,0.89986652135849,1013.0,0.25325000286102295
local,local,,,0,632,data_4000_4_11_chordal,best_local_test_task,test,cycle6,,53,,,,,,,,,4000,1100.0,343.0,2516.0,41.0,0.7623007623007623,0.9640666082383874,0.8513932228088379,0.8513932228088379,0.8513932228088379,1141.0,0.2852500081062317
