run_type,algorithm,subset_id,subset_clients,seed,graph_id,dataset_id,phase,split,task,round,local_epoch,train_loss,eval_loss,pair_acc,subset_acc,micro_f1,macro_f1,macro_pos_f1,macro_minority_f1,num_nodes,tp,fp,tn,fn,precision,recall,f1,positive_f1,minority_f1,pos_cnt,pos_rate
local,local,,,2,172,data_4200_4_3.0_chordal_rep00,train_epoch,train,,,1,0.6719313057263693,,,,,,,,4200,,,,,,,,,,,
local,local,,,2,172,data_4200_4_3.0_chordal_rep00,val_epoch,val,,,1,,0.6065708549817403,0.79,0.5276190638542175,0.7239954938039804,0.7308527827262878,0.7308527827262878,0.7308527827262878,4200,,,,,,,,,,,
local,local,,,2,172,data_4200_4_3.0_chordal_rep00,val_epoch_task,val,cycle2,,1,,,,,,,,,4200,1106.0,294.0,2798.0,2.0,0.79,0.9981949458483754,0.8819777369499207,0.8819777369499207,0.8819777369499207,1108.0,0.26380953192710876
local,local,,,2,172,data_4200_4_3.0_chordal_rep00,val_epoch_task,val,cycle3,,1,,,,,,,,,4200,1283.0,853.0,2036.0,28.0,0.6006554307116105,0.9786422578184591,0.7444154024124146,0.7444154024124146,0.7444154024124146,1311.0,0.31214284896850586
local,local,,,2,172,data_4200_4_3.0_chordal_rep00,val_epoch_task,val,cycle4,,1,,,,,,,,,4200,1232.0,977.0,1988.0,3.0,0.5577184246265279,0.9975708502024292,0.7154471278190613,0.7154471278190613,0.7154471278190613,1235.0,0.29404762387275696
local,local,,,2,172,data_4200_4_3.0_chordal_rep00,val_epoch_task,val,cycle5,,1,,,,,,,,,4200,1191.0,989.0,2011.0,9.0,0.5463302752293578,0.9925,0.7047337293624878,0.7047337293624878,0.7047337293624878,1200.0,0.2857142984867096
local,local,,,2,172,data_4200_4_3.0_chordal_rep00,val_epoch_task,val,cycle6,,1,,,,,,,,,4200,972.0,1222.0,1973.0,33.0,0.4430264357338195,0.9671641791044776,0.6076899170875549,0.6076899170875549,0.6076899170875549,1005.0,0.23928570747375488
local,local,,,2,172,data_4200_4_3.0_chordal_rep00,train_epoch,train,,,2,0.37385115368025645,,,,,,,,4200,,,,,,,,,,,
local,local,,,2,172,data_4200_4_3.0_chordal_rep00,val_epoch,val,,,2,,0.2826987567969731,0.915047619047619,0.7002381086349487,0.8624942192076461,0.8667014837265015,0.8667014837265015,0.8667014837265015,4200,,,,,,,,,,,
local,local,,,2,172,data_4200_4_3.0_chordal_rep00,val_epoch_task,val,cycle2,,2,,,,,,,,,4200,1090.0,18.0,3074.0,18.0,0.983754512635379,0.983754512635379,0.9837545156478882,0.9837545156478882,0.9837545156478882,1108.0,0.26380953192710876
local,local,,,2,172,data_4200_4_3.0_chordal_rep00,val_epoch_task,val,cycle3,,2,,,,,,,,,4200,1294.0,63.0,2826.0,17.0,0.9535740604274134,0.9870327993897788,0.9700149893760681,0.9700149893760681,0.9700149893760681,1311.0,0.31214284896850586
local,local,,,2,172,data_4200_4_3.0_chordal_rep00,val_epoch_task,val,cycle4,,2,,,,,,,,,4200,1143.0,273.0,2692.0,92.0,0.8072033898305084,0.9255060728744939,0.8623161315917969,0.8623161315917969,0.8623161315917969,1235.0,0.29404762387275696
local,local,,,2,172,data_4200_4_3.0_chordal_rep00,val_epoch_task,val,cycle5,,2,,,,,,,,,4200,1154.0,433.0,2567.0,46.0,0.7271581600504096,0.9616666666666667,0.8281306028366089,0.8281306028366089,0.8281306028366089,1200.0,0.2857142984867096
local,local,,,2,172,data_4200_4_3.0_chordal_rep00,val_epoch_task,val,cycle6,,2,,,,,,,,,4200,914.0,733.0,2462.0,91.0,0.5549483910139648,0.909452736318408,0.6892911195755005,0.6892911195755005,0.6892911195755005,1005.0,0.23928570747375488
local,local,,,2,172,data_4200_4_3.0_chordal_rep00,train_epoch,train,,,3,0.2526048945812952,,,,,,,,4200,,,,,,,,,,,
local,local,,,2,172,data_4200_4_3.0_chordal_rep00,val_epoch,val,,,3,,0.2530540316161655,0.9305714285714286,0.7383333444595337,0.8816558441558441,0.8814093470573425,0.8814093470573425,0.8814093470573425,4200,,,,,,,,,,,
local,local,,,2,172,data_4200_4_3.0_chordal_rep00,val_epoch_task,val,cycle2,,3,,,,,,,,,4200,1104.0,62.0,3030.0,4.0,0.9468267581475128,0.9963898916967509,0.9709762930870056,0.9709762930870056,0.9709762930870056,1108.0,0.26380953192710876
local,local,,,2,172,data_4200_4_3.0_chordal_rep00,val_epoch_task,val,cycle3,,3,,,,,,,,,4200,1295.0,66.0,2823.0,16.0,0.9515062454077884,0.9877955758962624,0.9693113565444946,0.9693113565444946,0.9693113565444946,1311.0,0.31214284896850586
local,local,,,2,172,data_4200_4_3.0_chordal_rep00,val_epoch_task,val,cycle4,,3,,,,,,,,,4200,1180.0,84.0,2881.0,55.0,0.9335443037974683,0.9554655870445344,0.9443777203559875,0.9443777203559875,0.9443777203559875,1235.0,0.29404762387275696
local,local,,,2,172,data_4200_4_3.0_chordal_rep00,val_epoch_task,val,cycle5,,3,,,,,,,,,4200,985.0,200.0,2800.0,215.0,0.8312236286919831,0.8208333333333333,0.8259958028793335,0.8259958028793335,0.8259958028793335,1200.0,0.2857142984867096
local,local,,,2,172,data_4200_4_3.0_chordal_rep00,val_epoch_task,val,cycle6,,3,,,,,,,,,4200,867.0,618.0,2577.0,138.0,0.5838383838383838,0.8626865671641791,0.6963855624198914,0.6963855624198914,0.6963855624198914,1005.0,0.23928570747375488
local,local,,,2,172,data_4200_4_3.0_chordal_rep00,train_epoch,train,,,4,0.21227276041394189,,,,,,,,4200,,,,,,,,,,,
local,local,,,2,172,data_4200_4_3.0_chordal_rep00,val_epoch,val,,,4,,0.22886575968492598,0.9311904761904762,0.7480952143669128,0.8872063070798533,0.8915611505508423,0.8915611505508423,0.8915611505508423,4200,,,,,,,,,,,
local,local,,,2,172,data_4200_4_3.0_chordal_rep00,val_epoch_task,val,cycle2,,4,,,,,,,,,4200,1108.0,39.0,3053.0,0.0,0.9659982563208369,1.0,0.9827051162719727,0.9827051162719727,0.9827051162719727,1108.0,0.26380953192710876
local,local,,,2,172,data_4200_4_3.0_chordal_rep00,val_epoch_task,val,cycle3,,4,,,,,,,,,4200,1289.0,44.0,2845.0,22.0,0.9669917479369843,0.9832189168573608,0.9750378131866455,0.9750378131866455,0.9750378131866455,1311.0,0.31214284896850586
local,local,,,2,172,data_4200_4_3.0_chordal_rep00,val_epoch_task,val,cycle4,,4,,,,,,,,,4200,1162.0,63.0,2902.0,73.0,0.9485714285714286,0.9408906882591093,0.9447154402732849,0.9447154402732849,0.9447154402732849,1235.0,0.29404762387275696
local,local,,,2,172,data_4200_4_3.0_chordal_rep00,val_epoch_task,val,cycle5,,4,,,,,,,,,4200,1180.0,404.0,2596.0,20.0,0.7449494949494949,0.9833333333333333,0.8477011322975159,0.8477011322975159,0.8477011322975159,1200.0,0.2857142984867096
local,local,,,2,172,data_4200_4_3.0_chordal_rep00,val_epoch_task,val,cycle6,,4,,,,,,,,,4200,944.0,719.0,2476.0,61.0,0.5676488274203247,0.9393034825870646,0.7076461315155029,0.7076461315155029,0.7076461315155029,1005.0,0.23928570747375488
local,local,,,2,172,data_4200_4_3.0_chordal_rep00,train_epoch,train,,,5,0.19616202939124333,,,,,,,,4200,,,,,,,,,,,
local,local,,,2,172,data_4200_4_3.0_chordal_rep00,val_epoch,val,,,5,,0.19840316106875738,0.9434285714285714,0.7776190638542175,0.9047466324567031,0.9070264101028442,0.9070264101028442,0.9070264101028442,4200,,,,,,,,,,,
local,local,,,2,172,data_4200_4_3.0_chordal_rep00,val_epoch_task,val,cycle2,,5,,,,,,,,,4200,1103.0,38.0,3054.0,5.0,0.9666958808063103,0.9954873646209387,0.9808804392814636,0.9808804392814636,0.9808804392814636,1108.0,0.26380953192710876
local,local,,,2,172,data_4200_4_3.0_chordal_rep00,val_epoch_task,val,cycle3,,5,,,,,,,,,4200,1303.0,28.0,2861.0,8.0,0.9789631855747558,0.9938977879481312,0.9863739609718323,0.9863739609718323,0.9863739609718323,1311.0,0.31214284896850586
local,local,,,2,172,data_4200_4_3.0_chordal_rep00,val_epoch_task,val,cycle4,,5,,,,,,,,,4200,1178.0,56.0,2909.0,57.0,0.9546191247974068,0.9538461538461539,0.9542324542999268,0.9542324542999268,0.9542324542999268,1235.0,0.29404762387275696
local,local,,,2,172,data_4200_4_3.0_chordal_rep00,val_epoch_task,val,cycle5,,5,,,,,,,,,4200,1099.0,199.0,2801.0,101.0,0.8466872110939908,0.9158333333333334,0.8799039125442505,0.8799039125442505,0.8799039125442505,1200.0,0.2857142984867096
local,local,,,2,172,data_4200_4_3.0_chordal_rep00,val_epoch_task,val,cycle6,,5,,,,,,,,,4200,959.0,650.0,2545.0,46.0,0.5960223741454319,0.954228855721393,0.7337414026260376,0.7337414026260376,0.7337414026260376,1005.0,0.23928570747375488
local,local,,,2,172,data_4200_4_3.0_chordal_rep00,train_epoch,train,,,6,0.1948328646875563,,,,,,,,4200,,,,,,,,,,,
local,local,,,2,172,data_4200_4_3.0_chordal_rep00,val_epoch,val,,,6,,0.19441524454525538,0.941,0.7745237946510315,0.9016900737919543,0.9042523503303528,0.9042523503303528,0.9042523503303528,4200,,,,,,,,,,,
local,local,,,2,172,data_4200_4_3.0_chordal_rep00,val_epoch_task,val,cycle2,,6,,,,,,,,,4200,1108.0,37.0,3055.0,0.0,0.9676855895196507,1.0,0.9835774302482605,0.9835774302482605,0.9835774302482605,1108.0,0.26380953192710876
local,local,,,2,172,data_4200_4_3.0_chordal_rep00,val_epoch_task,val,cycle3,,6,,,,,,,,,4200,1298.0,45.0,2844.0,13.0,0.9664929262844378,0.9900839054157132,0.9781462550163269,0.9781462550163269,0.9781462550163269,1311.0,0.31214284896850586
local,local,,,2,172,data_4200_4_3.0_chordal_rep00,val_epoch_task,val,cycle4,,6,,,,,,,,,4200,1201.0,58.0,2907.0,34.0,0.9539316918189039,0.9724696356275304,0.963111400604248,0.963111400604248,0.963111400604248,1235.0,0.29404762387275696
local,local,,,2,172,data_4200_4_3.0_chordal_rep00,val_epoch_task,val,cycle5,,6,,,,,,,,,4200,1139.0,248.0,2752.0,61.0,0.8211968276856525,0.9491666666666667,0.8805566430091858,0.8805566430091858,0.8805566430091858,1200.0,0.2857142984867096
local,local,,,2,172,data_4200_4_3.0_chordal_rep00,val_epoch_task,val,cycle6,,6,,,,,,,,,4200,936.0,674.0,2521.0,69.0,0.5813664596273292,0.9313432835820895,0.7158699631690979,0.7158699631690979,0.7158699631690979,1005.0,0.23928570747375488
local,local,,,2,172,data_4200_4_3.0_chordal_rep00,train_epoch,train,,,7,0.18522314179511298,,,,,,,,4200,,,,,,,,,,,
local,local,,,2,172,data_4200_4_3.0_chordal_rep00,val_epoch,val,,,7,,0.1936057521331878,0.948,0.7904762029647827,0.9114785992217899,0.9123152494430542,0.9123152494430542,0.9123152494430542,4200,,,,,,,,,,,
local,local,,,2,172,data_4200_4_3.0_chordal_rep00,val_epoch_task,val,cycle2,,7,,,,,,,,,4200,1108.0,25.0,3067.0,0.0,0.9779346866725508,1.0,0.9888442754745483,0.9888442754745483,0.9888442754745483,1108.0,0.26380953192710876
local,local,,,2,172,data_4200_4_3.0_chordal_rep00,val_epoch_task,val,cycle3,,7,,,,,,,,,4200,1280.0,16.0,2873.0,31.0,0.9876543209876543,0.9763539282990084,0.9819716215133667,0.9819716215133667,0.9819716215133667,1311.0,0.31214284896850586
local,local,,,2,172,data_4200_4_3.0_chordal_rep00,val_epoch_task,val,cycle4,,7,,,,,,,,,4200,1199.0,46.0,2919.0,36.0,0.9630522088353414,0.9708502024291498,0.9669354557991028,0.9669354557991028,0.9669354557991028,1235.0,0.29404762387275696
local,local,,,2,172,data_4200_4_3.0_chordal_rep00,val_epoch_task,val,cycle5,,7,,,,,,,,,4200,1117.0,215.0,2785.0,83.0,0.8385885885885885,0.9308333333333333,0.8823065161705017,0.8823065161705017,0.8823065161705017,1200.0,0.2857142984867096
local,local,,,2,172,data_4200_4_3.0_chordal_rep00,val_epoch_task,val,cycle6,,7,,,,,,,,,4200,918.0,553.0,2642.0,87.0,0.6240652617267165,0.9134328358208955,0.7415186166763306,0.7415186166763306,0.7415186166763306,1005.0,0.23928570747375488
local,local,,,2,172,data_4200_4_3.0_chordal_rep00,train_epoch,train,,,8,0.16920868277549744,,,,,,,,4200,,,,,,,,,,,
local,local,,,2,172,data_4200_4_3.0_chordal_rep00,val_epoch,val,,,8,,0.16956337017672402,0.9507142857142857,0.7964285612106323,0.9169275222730555,0.9181808233261108,0.9181808233261108,0.9181808233261108,4200,,,,,,,,,,,
local,local,,,2,172,data_4200_4_3.0_chordal_rep00,val_epoch_task,val,cycle2,,8,,,,,,,,,4200,1108.0,19.0,3073.0,0.0,0.9831410825199645,1.0,0.9914988875389099,0.9914988875389099,0.9914988875389099,1108.0,0.26380953192710876
local,local,,,2,172,data_4200_4_3.0_chordal_rep00,val_epoch_task,val,cycle3,,8,,,,,,,,,4200,1309.0,25.0,2864.0,2.0,0.9812593703148426,0.9984744469870328,0.9897921085357666,0.9897921085357666,0.9897921085357666,1311.0,0.31214284896850586
local,local,,,2,172,data_4200_4_3.0_chordal_rep00,val_epoch_task,val,cycle4,,8,,,,,,,,,4200,1208.0,48.0,2917.0,27.0,0.9617834394904459,0.9781376518218623,0.9698916077613831,0.9698916077613831,0.9698916077613831,1235.0,0.29404762387275696
local,local,,,2,172,data_4200_4_3.0_chordal_rep00,val_epoch_task,val,cycle5,,8,,,,,,,,,4200,1165.0,193.0,2807.0,35.0,0.8578792341678939,0.9708333333333333,0.9108678698539734,0.9108678698539734,0.9108678698539734,1200.0,0.2857142984867096
local,local,,,2,172,data_4200_4_3.0_chordal_rep00,val_epoch_task,val,cycle6,,8,,,,,,,,,4200,922.0,603.0,2592.0,83.0,0.6045901639344262,0.9174129353233831,0.728853702545166,0.728853702545166,0.728853702545166,1005.0,0.23928570747375488
local,local,,,2,172,data_4200_4_3.0_chordal_rep00,train_epoch,train,,,9,0.17090967868055615,,,,,,,,4200,,,,,,,,,,,
local,local,,,2,172,data_4200_4_3.0_chordal_rep00,val_epoch,val,,,9,,0.20913656300022487,0.9286666666666666,0.7364285588264465,0.8854214471470092,0.8909490704536438,0.8909490704536438,0.8909490704536438,4200,,,,,,,,,,,
local,local,,,2,172,data_4200_4_3.0_chordal_rep00,val_epoch_task,val,cycle2,,9,,,,,,,,,4200,1106.0,18.0,3074.0,2.0,0.9839857651245552,0.9981949458483754,0.9910394549369812,0.9910394549369812,0.9910394549369812,1108.0,0.26380953192710876
local,local,,,2,172,data_4200_4_3.0_chordal_rep00,val_epoch_task,val,cycle3,,9,,,,,,,,,4200,1300.0,30.0,2859.0,11.0,0.9774436090225563,0.9916094584286804,0.9844756126403809,0.9844756126403809,0.9844756126403809,1311.0,0.31214284896850586
local,local,,,2,172,data_4200_4_3.0_chordal_rep00,val_epoch_task,val,cycle4,,9,,,,,,,,,4200,1227.0,185.0,2780.0,8.0,0.8689801699716714,0.9935222672064777,0.9270873069763184,0.9270873069763184,0.9270873069763184,1235.0,0.29404762387275696
local,local,,,2,172,data_4200_4_3.0_chordal_rep00,val_epoch_task,val,cycle5,,9,,,,,,,,,4200,1181.0,394.0,2606.0,19.0,0.7498412698412699,0.9841666666666666,0.8511711955070496,0.8511711955070496,0.8511711955070496,1200.0,0.2857142984867096
local,local,,,2,172,data_4200_4_3.0_chordal_rep00,val_epoch_task,val,cycle6,,9,,,,,,,,,4200,974.0,800.0,2395.0,31.0,0.5490417136414881,0.9691542288557214,0.7009716033935547,0.7009716033935547,0.7009716033935547,1005.0,0.23928570747375488
local,local,,,2,172,data_4200_4_3.0_chordal_rep00,train_epoch,train,,,10,0.17850508408887045,,,,,,,,4200,,,,,,,,,,,
local,local,,,2,172,data_4200_4_3.0_chordal_rep00,val_epoch,val,,,10,,0.18050450404485066,0.9382380952380952,0.7640476226806641,0.8988062729187798,0.900973916053772,0.900973916053772,0.900973916053772,4200,,,,,,,,,,,
local,local,,,2,172,data_4200_4_3.0_chordal_rep00,val_epoch_task,val,cycle2,,10,,,,,,,,,4200,1107.0,27.0,3065.0,1.0,0.9761904761904762,0.9990974729241877,0.987511157989502,0.987511157989502,0.987511157989502,1108.0,0.26380953192710876
local,local,,,2,172,data_4200_4_3.0_chordal_rep00,val_epoch_task,val,cycle3,,10,,,,,,,,,4200,1310.0,35.0,2854.0,1.0,0.9739776951672863,0.9992372234935164,0.9864458441734314,0.9864458441734314,0.9864458441734314,1311.0,0.31214284896850586
local,local,,,2,172,data_4200_4_3.0_chordal_rep00,val_epoch_task,val,cycle4,,10,,,,,,,,,4200,1229.0,141.0,2824.0,6.0,0.897080291970803,0.9951417004048583,0.943570077419281,0.943570077419281,0.943570077419281,1235.0,0.29404762387275696
local,local,,,2,172,data_4200_4_3.0_chordal_rep00,val_epoch_task,val,cycle5,,10,,,,,,,,,4200,1180.0,351.0,2649.0,20.0,0.7707380796864794,0.9833333333333333,0.8641522526741028,0.8641522526741028,0.8641522526741028,1200.0,0.2857142984867096
local,local,,,2,172,data_4200_4_3.0_chordal_rep00,val_epoch_task,val,cycle6,,10,,,,,,,,,4200,934.0,644.0,2551.0,71.0,0.5918884664131813,0.9293532338308458,0.723190188407898,0.723190188407898,0.723190188407898,1005.0,0.23928570747375488
local,local,,,2,172,data_4200_4_3.0_chordal_rep00,train_epoch,train,,,11,0.17595800033637454,,,,,,,,4200,,,,,,,,,,,
local,local,,,2,172,data_4200_4_3.0_chordal_rep00,val_epoch,val,,,11,,0.207379698852698,0.932952380952381,0.7428571581840515,0.8906662525236838,0.8950091600418091,0.8950091600418091,0.8950091600418091,4200,,,,,,,,,,,
local,local,,,2,172,data_4200_4_3.0_chordal_rep00,val_epoch_task,val,cycle2,,11,,,,,,,,,4200,1105.0,26.0,3066.0,3.0,0.9770114942528736,0.9972924187725631,0.9870477318763733,0.9870477318763733,0.9870477318763733,1108.0,0.26380953192710876
local,local,,,2,172,data_4200_4_3.0_chordal_rep00,val_epoch_task,val,cycle3,,11,,,,,,,,,4200,1306.0,34.0,2855.0,5.0,0.9746268656716418,0.996186117467582,0.9852885603904724,0.9852885603904724,0.9852885603904724,1311.0,0.31214284896850586
local,local,,,2,172,data_4200_4_3.0_chordal_rep00,val_epoch_task,val,cycle4,,11,,,,,,,,,4200,1216.0,142.0,2823.0,19.0,0.8954344624447718,0.9846153846153847,0.9379097819328308,0.9379097819328308,0.9379097819328308,1235.0,0.29404762387275696
local,local,,,2,172,data_4200_4_3.0_chordal_rep00,val_epoch_task,val,cycle5,,11,,,,,,,,,4200,1167.0,303.0,2697.0,33.0,0.7938775510204081,0.9725,0.8741573095321655,0.8741573095321655,0.8741573095321655,1200.0,0.2857142984867096
local,local,,,2,172,data_4200_4_3.0_chordal_rep00,val_epoch_task,val,cycle6,,11,,,,,,,,,4200,941.0,779.0,2416.0,64.0,0.547093023255814,0.936318407960199,0.690642237663269,0.690642237663269,0.690642237663269,1005.0,0.23928570747375488
local,local,,,2,172,data_4200_4_3.0_chordal_rep00,train_epoch,train,,,12,0.1694907733939943,,,,,,,,4200,,,,,,,,,,,
local,local,,,2,172,data_4200_4_3.0_chordal_rep00,val_epoch,val,,,12,,0.17708760942731586,0.9507142857142857,0.8014285564422607,0.9159970781592404,0.915394127368927,0.915394127368927,0.915394127368927,4200,,,,,,,,,,,
local,local,,,2,172,data_4200_4_3.0_chordal_rep00,val_epoch_task,val,cycle2,,12,,,,,,,,,4200,1101.0,17.0,3075.0,7.0,0.9847942754919499,0.9936823104693141,0.9892183542251587,0.9892183542251587,0.9892183542251587,1108.0,0.26380953192710876
local,local,,,2,172,data_4200_4_3.0_chordal_rep00,val_epoch_task,val,cycle3,,12,,,,,,,,,4200,1286.0,13.0,2876.0,25.0,0.9899923017705927,0.9809305873379099,0.9854406118392944,0.9854406118392944,0.9854406118392944,1311.0,0.31214284896850586
local,local,,,2,172,data_4200_4_3.0_chordal_rep00,val_epoch_task,val,cycle4,,12,,,,,,,,,4200,1206.0,53.0,2912.0,29.0,0.9579030976965845,0.9765182186234818,0.9671210646629333,0.9671210646629333,0.9671210646629333,1235.0,0.29404762387275696
local,local,,,2,172,data_4200_4_3.0_chordal_rep00,val_epoch_task,val,cycle5,,12,,,,,,,,,4200,1167.0,278.0,2722.0,33.0,0.8076124567474049,0.9725,0.8824196457862854,0.8824196457862854,0.8824196457862854,1200.0,0.2857142984867096
local,local,,,2,172,data_4200_4_3.0_chordal_rep00,val_epoch_task,val,cycle6,,12,,,,,,,,,4200,883.0,458.0,2737.0,122.0,0.6584638329604773,0.8786069651741294,0.752770721912384,0.752770721912384,0.752770721912384,1005.0,0.23928570747375488
local,local,,,2,172,data_4200_4_3.0_chordal_rep00,train_epoch,train,,,13,0.1658726713770912,,,,,,,,4200,,,,,,,,,,,
local,local,,,2,172,data_4200_4_3.0_chordal_rep00,val_epoch,val,,,13,,0.17986201941967012,0.9381904761904762,0.7566666603088379,0.8985461935282163,0.9027279615402222,0.9027279615402222,0.9027279615402222,4200,,,,,,,,,,,
local,local,,,2,172,data_4200_4_3.0_chordal_rep00,val_epoch_task,val,cycle2,,13,,,,,,,,,4200,1108.0,20.0,3072.0,0.0,0.9822695035460993,1.0,0.9910554885864258,0.9910554885864258,0.9910554885864258,1108.0,0.26380953192710876
local,local,,,2,172,data_4200_4_3.0_chordal_rep00,val_epoch_task,val,cycle3,,13,,,,,,,,,4200,1307.0,28.0,2861.0,4.0,0.9790262172284644,0.9969488939740656,0.9879063367843628,0.9879063367843628,0.9879063367843628,1311.0,0.31214284896850586
local,local,,,2,172,data_4200_4_3.0_chordal_rep00,val_epoch_task,val,cycle4,,13,,,,,,,,,4200,1222.0,87.0,2878.0,13.0,0.93353705118411,0.9894736842105263,0.9606917500495911,0.9606917500495911,0.9606917500495911,1235.0,0.29404762387275696
local,local,,,2,172,data_4200_4_3.0_chordal_rep00,val_epoch_task,val,cycle5,,13,,,,,,,,,4200,1165.0,304.0,2696.0,35.0,0.7930565010211028,0.9708333333333333,0.8729861974716187,0.8729861974716187,0.8729861974716187,1200.0,0.2857142984867096
local,local,,,2,172,data_4200_4_3.0_chordal_rep00,val_epoch_task,val,cycle6,,13,,,,,,,,,4200,946.0,748.0,2447.0,59.0,0.5584415584415584,0.9412935323383085,0.7010003924369812,0.7010003924369812,0.7010003924369812,1005.0,0.23928570747375488
local,local,,,2,172,data_4200_4_3.0_chordal_rep00,train_epoch,train,,,14,0.15887871503829956,,,,,,,,4200,,,,,,,,,,,
local,local,,,2,172,data_4200_4_3.0_chordal_rep00,val_epoch,val,,,14,,0.2001661099138714,0.9279047619047619,0.7223809361457825,0.8835384615384616,0.892257809638977,0.892257809638977,0.892257809638977,4200,,,,,,,,,,,
local,local,,,2,172,data_4200_4_3.0_chordal_rep00,val_epoch_task,val,cycle2,,14,,,,,,,,,4200,1108.0,26.0,3066.0,0.0,0.9770723104056437,1.0,0.9884032607078552,0.9884032607078552,0.9884032607078552,1108.0,0.26380953192710876
local,local,,,2,172,data_4200_4_3.0_chordal_rep00,val_epoch_task,val,cycle3,,14,,,,,,,,,4200,1271.0,7.0,2882.0,40.0,0.9945226917057903,0.969488939740656,0.981846272945404,0.981846272945404,0.981846272945404,1311.0,0.31214284896850586
local,local,,,2,172,data_4200_4_3.0_chordal_rep00,val_epoch_task,val,cycle4,,14,,,,,,,,,4200,1197.0,57.0,2908.0,38.0,0.9545454545454546,0.9692307692307692,0.9618321061134338,0.9618321061134338,0.9618321061134338,1235.0,0.29404762387275696
local,local,,,2,172,data_4200_4_3.0_chordal_rep00,val_epoch_task,val,cycle5,,14,,,,,,,,,4200,1178.0,407.0,2593.0,22.0,0.7432176656151419,0.9816666666666667,0.8459605574607849,0.8459605574607849,0.8459605574607849,1200.0,0.2857142984867096
local,local,,,2,172,data_4200_4_3.0_chordal_rep00,val_epoch_task,val,cycle6,,14,,,,,,,,,4200,989.0,901.0,2294.0,16.0,0.5232804232804232,0.9840796019900497,0.6832470297813416,0.6832470297813416,0.6832470297813416,1005.0,0.23928570747375488
local,local,,,2,172,data_4200_4_3.0_chordal_rep00,train_epoch,train,,,15,0.1610116565795172,,,,,,,,4200,,,,,,,,,,,
local,local,,,2,172,data_4200_4_3.0_chordal_rep00,val_epoch,val,,,15,,0.17185159030414762,0.9499047619047619,0.7969047427177429,0.9153796653796654,0.916087806224823,0.916087806224823,0.916087806224823,4200,,,,,,,,,,,
local,local,,,2,172,data_4200_4_3.0_chordal_rep00,val_epoch_task,val,cycle2,,15,,,,,,,,,4200,1108.0,27.0,3065.0,0.0,0.9762114537444934,1.0,0.987962543964386,0.987962543964386,0.987962543964386,1108.0,0.26380953192710876
local,local,,,2,172,data_4200_4_3.0_chordal_rep00,val_epoch_task,val,cycle3,,15,,,,,,,,,4200,1308.0,43.0,2846.0,3.0,0.9681717246484086,0.9977116704805492,0.9827197790145874,0.9827197790145874,0.9827197790145874,1311.0,0.31214284896850586
local,local,,,2,172,data_4200_4_3.0_chordal_rep00,val_epoch_task,val,cycle4,,15,,,,,,,,,4200,1211.0,56.0,2909.0,24.0,0.9558011049723757,0.9805668016194332,0.9680255651473999,0.9680255651473999,0.9680255651473999,1235.0,0.29404762387275696
local,local,,,2,172,data_4200_4_3.0_chordal_rep00,val_epoch_task,val,cycle5,,15,,,,,,,,,4200,1131.0,189.0,2811.0,69.0,0.8568181818181818,0.9425,0.8976190686225891,0.8976190686225891,0.8976190686225891,1200.0,0.2857142984867096
local,local,,,2,172,data_4200_4_3.0_chordal_rep00,val_epoch_task,val,cycle6,,15,,,,,,,,,4200,932.0,568.0,2627.0,73.0,0.6213333333333333,0.9273631840796019,0.7441117763519287,0.7441117763519287,0.7441117763519287,1005.0,0.23928570747375488
local,local,,,2,172,data_4200_4_3.0_chordal_rep00,train_epoch,train,,,16,0.14384244169507707,,,,,,,,4200,,,,,,,,,,,
local,local,,,2,172,data_4200_4_3.0_chordal_rep00,val_epoch,val,,,16,,0.16753462623982202,0.9476666666666667,0.7938095331192017,0.9127985400301515,0.9142707586288452,0.9142707586288452,0.9142707586288452,4200,,,,,,,,,,,
local,local,,,2,172,data_4200_4_3.0_chordal_rep00,val_epoch_task,val,cycle2,,16,,,,,,,,,4200,1108.0,18.0,3074.0,0.0,0.9840142095914742,1.0,0.9919427037239075,0.9919427037239075,0.9919427037239075,1108.0,0.26380953192710876
local,local,,,2,172,data_4200_4_3.0_chordal_rep00,val_epoch_task,val,cycle3,,16,,,,,,,,,4200,1305.0,35.0,2854.0,6.0,0.9738805970149254,0.9954233409610984,0.9845342040061951,0.9845342040061951,0.9845342040061951,1311.0,0.31214284896850586
local,local,,,2,172,data_4200_4_3.0_chordal_rep00,val_epoch_task,val,cycle4,,16,,,,,,,,,4200,1222.0,79.0,2886.0,13.0,0.9392774788624135,0.9894736842105263,0.9637224078178406,0.9637224078178406,0.9637224078178406,1235.0,0.29404762387275696
local,local,,,2,172,data_4200_4_3.0_chordal_rep00,val_epoch_task,val,cycle5,,16,,,,,,,,,4200,1164.0,289.0,2711.0,36.0,0.8011011699931176,0.97,0.877497136592865,0.877497136592865,0.877497136592865,1200.0,0.2857142984867096
local,local,,,2,172,data_4200_4_3.0_chordal_rep00,val_epoch_task,val,cycle6,,16,,,,,,,,,4200,953.0,571.0,2624.0,52.0,0.6253280839895013,0.9482587064676616,0.7536575794219971,0.7536575794219971,0.7536575794219971,1005.0,0.23928570747375488
local,local,,,2,172,data_4200_4_3.0_chordal_rep00,train_epoch,train,,,17,0.15476325504836583,,,,,,,,4200,,,,,,,,,,,
local,local,,,2,172,data_4200_4_3.0_chordal_rep00,val_epoch,val,,,17,,0.15892071159113022,0.9548095238095238,0.8135714530944824,0.9228768793173505,0.9224979281425476,0.9224979281425476,0.9224979281425476,4200,,,,,,,,,,,
local,local,,,2,172,data_4200_4_3.0_chordal_rep00,val_epoch_task,val,cycle2,,17,,,,,,,,,4200,1108.0,20.0,3072.0,0.0,0.9822695035460993,1.0,0.9910554885864258,0.9910554885864258,0.9910554885864258,1108.0,0.26380953192710876
local,local,,,2,172,data_4200_4_3.0_chordal_rep00,val_epoch_task,val,cycle3,,17,,,,,,,,,4200,1311.0,19.0,2870.0,0.0,0.9857142857142858,1.0,0.9928057789802551,0.9928057789802551,0.9928057789802551,1311.0,0.31214284896850586
local,local,,,2,172,data_4200_4_3.0_chordal_rep00,val_epoch_task,val,cycle4,,17,,,,,,,,,4200,1220.0,52.0,2913.0,15.0,0.9591194968553459,0.9878542510121457,0.9732747673988342,0.9732747673988342,0.9732747673988342,1235.0,0.29404762387275696
local,local,,,2,172,data_4200_4_3.0_chordal_rep00,val_epoch_task,val,cycle5,,17,,,,,,,,,4200,1133.0,158.0,2842.0,67.0,0.8776142525174283,0.9441666666666667,0.9096748232841492,0.9096748232841492,0.9096748232841492,1200.0,0.2857142984867096
local,local,,,2,172,data_4200_4_3.0_chordal_rep00,val_epoch_task,val,cycle6,,17,,,,,,,,,4200,906.0,519.0,2676.0,99.0,0.6357894736842106,0.9014925373134328,0.7456790208816528,0.7456790208816528,0.7456790208816528,1005.0,0.23928570747375488
local,local,,,2,172,data_4200_4_3.0_chordal_rep00,train_epoch,train,,,18,0.15818828311704453,,,,,,,,4200,,,,,,,,,,,
local,local,,,2,172,data_4200_4_3.0_chordal_rep00,val_epoch,val,,,18,,0.16217777853920345,0.9494761904761905,0.800000011920929,0.915424471901156,0.9158719182014465,0.9158719182014465,0.9158719182014465,4200,,,,,,,,,,,
local,local,,,2,172,data_4200_4_3.0_chordal_rep00,val_epoch_task,val,cycle2,,18,,,,,,,,,4200,1108.0,39.0,3053.0,0.0,0.9659982563208369,1.0,0.9827051162719727,0.9827051162719727,0.9827051162719727,1108.0,0.26380953192710876
local,local,,,2,172,data_4200_4_3.0_chordal_rep00,val_epoch_task,val,cycle3,,18,,,,,,,,,4200,1307.0,29.0,2860.0,4.0,0.9782934131736527,0.9969488939740656,0.9875330328941345,0.9875330328941345,0.9875330328941345,1311.0,0.31214284896850586
local,local,,,2,172,data_4200_4_3.0_chordal_rep00,val_epoch_task,val,cycle4,,18,,,,,,,,,4200,1228.0,97.0,2868.0,7.0,0.9267924528301886,0.994331983805668,0.9593749642372131,0.9593749642372131,0.9593749642372131,1235.0,0.29404762387275696
local,local,,,2,172,data_4200_4_3.0_chordal_rep00,val_epoch_task,val,cycle5,,18,,,,,,,,,4200,1173.0,198.0,2802.0,27.0,0.8555798687089715,0.9775,0.9124854803085327,0.9124854803085327,0.9124854803085327,1200.0,0.2857142984867096
local,local,,,2,172,data_4200_4_3.0_chordal_rep00,val_epoch_task,val,cycle6,,18,,,,,,,,,4200,926.0,581.0,2614.0,79.0,0.6144658261446583,0.9213930348258706,0.737261176109314,0.737261176109314,0.737261176109314,1005.0,0.23928570747375488
local,local,,,2,172,data_4200_4_3.0_chordal_rep00,train_epoch,train,,,19,0.1452615880682355,,,,,,,,4200,,,,,,,,,,,
local,local,,,2,172,data_4200_4_3.0_chordal_rep00,val_epoch,val,,,19,,0.1795188991512571,0.9456666666666667,0.788095235824585,0.9096523873624198,0.911666750907898,0.911666750907898,0.911666750907898,4200,,,,,,,,,,,
local,local,,,2,172,data_4200_4_3.0_chordal_rep00,val_epoch_task,val,cycle2,,19,,,,,,,,,4200,1108.0,38.0,3054.0,0.0,0.9668411867364747,1.0,0.9831410646438599,0.9831410646438599,0.9831410646438599,1108.0,0.26380953192710876
local,local,,,2,172,data_4200_4_3.0_chordal_rep00,val_epoch_task,val,cycle3,,19,,,,,,,,,4200,1311.0,34.0,2855.0,0.0,0.9747211895910781,1.0,0.9871987700462341,0.9871987700462341,0.9871987700462341,1311.0,0.31214284896850586
local,local,,,2,172,data_4200_4_3.0_chordal_rep00,val_epoch_task,val,cycle4,,19,,,,,,,,,4200,1216.0,74.0,2891.0,19.0,0.9426356589147287,0.9846153846153847,0.9631682634353638,0.9631682634353638,0.9631682634353638,1235.0,0.29404762387275696
local,local,,,2,172,data_4200_4_3.0_chordal_rep00,val_epoch_task,val,cycle5,,19,,,,,,,,,4200,1159.0,228.0,2772.0,41.0,0.8356164383561644,0.9658333333333333,0.8960185050964355,0.8960185050964355,0.8960185050964355,1200.0,0.2857142984867096
local,local,,,2,172,data_4200_4_3.0_chordal_rep00,val_epoch_task,val,cycle6,,19,,,,,,,,,4200,950.0,652.0,2543.0,55.0,0.5930087390761548,0.945273631840796,0.7288070321083069,0.7288070321083069,0.7288070321083069,1005.0,0.23928570747375488
local,local,,,2,172,data_4200_4_3.0_chordal_rep00,train_epoch,train,,,20,0.15463518731650852,,,,,,,,4200,,,,,,,,,,,
local,local,,,2,172,data_4200_4_3.0_chordal_rep00,val_epoch,val,,,20,,0.1599523040794191,0.9477619047619048,0.7861904501914978,0.9132463424278371,0.9153982996940613,0.9153982996940613,0.9153982996940613,4200,,,,,,,,,,,
local,local,,,2,172,data_4200_4_3.0_chordal_rep00,val_epoch_task,val,cycle2,,20,,,,,,,,,4200,1107.0,19.0,3073.0,1.0,0.9831261101243339,0.9990974729241877,0.9910475015640259,0.9910475015640259,0.9910475015640259,1108.0,0.26380953192710876
local,local,,,2,172,data_4200_4_3.0_chordal_rep00,val_epoch_task,val,cycle3,,20,,,,,,,,,4200,1306.0,28.0,2861.0,5.0,0.9790104947526237,0.996186117467582,0.9875236749649048,0.9875236749649048,0.9875236749649048,1311.0,0.31214284896850586
local,local,,,2,172,data_4200_4_3.0_chordal_rep00,val_epoch_task,val,cycle4,,20,,,,,,,,,4200,1224.0,62.0,2903.0,11.0,0.9517884914463453,0.9910931174089069,0.9710432291030884,0.9710432291030884,0.9710432291030884,1235.0,0.29404762387275696
local,local,,,2,172,data_4200_4_3.0_chordal_rep00,val_epoch_task,val,cycle5,,20,,,,,,,,,4200,1178.0,289.0,2711.0,22.0,0.8029993183367417,0.9816666666666667,0.8833895921707153,0.8833895921707153,0.8833895921707153,1200.0,0.2857142984867096
local,local,,,2,172,data_4200_4_3.0_chordal_rep00,val_epoch_task,val,cycle6,,20,,,,,,,,,4200,959.0,614.0,2581.0,46.0,0.6096630642085188,0.954228855721393,0.7439876198768616,0.7439876198768616,0.7439876198768616,1005.0,0.23928570747375488
local,local,,,2,172,data_4200_4_3.0_chordal_rep00,train_epoch,train,,,21,0.14174763280720937,,,,,,,,4200,,,,,,,,,,,
local,local,,,2,172,data_4200_4_3.0_chordal_rep00,val_epoch,val,,,21,,0.16386073113906952,0.9495714285714286,0.79666668176651,0.9156108056418839,0.9165834188461304,0.9165834188461304,0.9165834188461304,4200,,,,,,,,,,,
local,local,,,2,172,data_4200_4_3.0_chordal_rep00,val_epoch_task,val,cycle2,,21,,,,,,,,,4200,1108.0,22.0,3070.0,0.0,0.9805309734513274,1.0,0.9901698231697083,0.9901698231697083,0.9901698231697083,1108.0,0.26380953192710876
local,local,,,2,172,data_4200_4_3.0_chordal_rep00,val_epoch_task,val,cycle3,,21,,,,,,,,,4200,1306.0,29.0,2860.0,5.0,0.9782771535580524,0.996186117467582,0.9871504306793213,0.9871504306793213,0.9871504306793213,1311.0,0.31214284896850586
local,local,,,2,172,data_4200_4_3.0_chordal_rep00,val_epoch_task,val,cycle4,,21,,,,,,,,,4200,1228.0,138.0,2827.0,7.0,0.8989751098096632,0.994331983805668,0.9442521929740906,0.9442521929740906,0.9442521929740906,1235.0,0.29404762387275696
local,local,,,2,172,data_4200_4_3.0_chordal_rep00,val_epoch_task,val,cycle5,,21,,,,,,,,,4200,1161.0,168.0,2832.0,39.0,0.873589164785553,0.9675,0.918149471282959,0.918149471282959,0.918149471282959,1200.0,0.2857142984867096
local,local,,,2,172,data_4200_4_3.0_chordal_rep00,val_epoch_task,val,cycle6,,21,,,,,,,,,4200,942.0,588.0,2607.0,63.0,0.615686274509804,0.9373134328358209,0.7431952953338623,0.7431952953338623,0.7431952953338623,1005.0,0.23928570747375488
local,local,,,2,172,data_4200_4_3.0_chordal_rep00,train_epoch,train,,,22,0.14278183959779286,,,,,,,,4200,,,,,,,,,,,
local,local,,,2,172,data_4200_4_3.0_chordal_rep00,val_epoch,val,,,22,,0.1702192169995535,0.957,0.8240476250648499,0.9258194364577345,0.9242942929267883,0.9242942929267883,0.9242942929267883,4200,,,,,,,,,,,
local,local,,,2,172,data_4200_4_3.0_chordal_rep00,val_epoch_task,val,cycle2,,22,,,,,,,,,4200,1100.0,3.0,3089.0,8.0,0.9972801450589301,0.9927797833935018,0.9950248599052429,0.9950248599052429,0.9950248599052429,1108.0,0.26380953192710876
local,local,,,2,172,data_4200_4_3.0_chordal_rep00,val_epoch_task,val,cycle3,,22,,,,,,,,,4200,1311.0,27.0,2862.0,0.0,0.9798206278026906,1.0,0.9898074865341187,0.9898074865341187,0.9898074865341187,1311.0,0.31214284896850586
local,local,,,2,172,data_4200_4_3.0_chordal_rep00,val_epoch_task,val,cycle4,,22,,,,,,,,,4200,1228.0,62.0,2903.0,7.0,0.951937984496124,0.994331983805668,0.9726731777191162,0.9726731777191162,0.9726731777191162,1235.0,0.29404762387275696
local,local,,,2,172,data_4200_4_3.0_chordal_rep00,val_epoch_task,val,cycle5,,22,,,,,,,,,4200,1113.0,136.0,2864.0,87.0,0.8911128903122498,0.9275,0.908942461013794,0.908942461013794,0.908942461013794,1200.0,0.2857142984867096
local,local,,,2,172,data_4200_4_3.0_chordal_rep00,val_epoch_task,val,cycle6,,22,,,,,,,,,4200,883.0,451.0,2744.0,122.0,0.6619190404797601,0.8786069651741294,0.7550235390663147,0.7550235390663147,0.7550235390663147,1005.0,0.23928570747375488
local,local,,,2,172,data_4200_4_3.0_chordal_rep00,train_epoch,train,,,23,0.14062087178939864,,,,,,,,4200,,,,,,,,,,,
local,local,,,2,172,data_4200_4_3.0_chordal_rep00,val_epoch,val,,,23,,0.1557896167039871,0.9559047619047619,0.8183333277702332,0.924947317231318,0.9252949953079224,0.9252949953079224,0.9252949953079224,4200,,,,,,,,,,,
local,local,,,2,172,data_4200_4_3.0_chordal_rep00,val_epoch_task,val,cycle2,,23,,,,,,,,,4200,1107.0,17.0,3075.0,1.0,0.9848754448398577,0.9990974729241877,0.9919354915618896,0.9919354915618896,0.9919354915618896,1108.0,0.26380953192710876
local,local,,,2,172,data_4200_4_3.0_chordal_rep00,val_epoch_task,val,cycle3,,23,,,,,,,,,4200,1308.0,16.0,2873.0,3.0,0.9879154078549849,0.9977116704805492,0.9927893877029419,0.9927893877029419,0.9927893877029419,1311.0,0.31214284896850586
local,local,,,2,172,data_4200_4_3.0_chordal_rep00,val_epoch_task,val,cycle4,,23,,,,,,,,,4200,1215.0,52.0,2913.0,20.0,0.9589581689029203,0.9838056680161943,0.971222996711731,0.971222996711731,0.971222996711731,1235.0,0.29404762387275696
local,local,,,2,172,data_4200_4_3.0_chordal_rep00,val_epoch_task,val,cycle5,,23,,,,,,,,,4200,1145.0,149.0,2851.0,55.0,0.884853168469861,0.9541666666666667,0.9182037115097046,0.9182037115097046,0.9182037115097046,1200.0,0.2857142984867096
local,local,,,2,172,data_4200_4_3.0_chordal_rep00,val_epoch_task,val,cycle6,,23,,,,,,,,,4200,931.0,539.0,2656.0,74.0,0.6333333333333333,0.9263681592039801,0.7523232698440552,0.7523232698440552,0.7523232698440552,1005.0,0.23928570747375488
local,local,,,2,172,data_4200_4_3.0_chordal_rep00,train_epoch,train,,,24,0.13916423590410323,,,,,,,,4200,,,,,,,,,,,
local,local,,,2,172,data_4200_4_3.0_chordal_rep00,val_epoch,val,,,24,,0.18551079366888318,0.9556666666666667,0.8166666626930237,0.9231150384011892,0.9200820922851562,0.9200820922851562,0.9200820922851562,4200,,,,,,,,,,,
local,local,,,2,172,data_4200_4_3.0_chordal_rep00,val_epoch_task,val,cycle2,,24,,,,,,,,,4200,1108.0,38.0,3054.0,0.0,0.9668411867364747,1.0,0.9831410646438599,0.9831410646438599,0.9831410646438599,1108.0,0.26380953192710876
local,local,,,2,172,data_4200_4_3.0_chordal_rep00,val_epoch_task,val,cycle3,,24,,,,,,,,,4200,1307.0,16.0,2873.0,4.0,0.9879062736205594,0.9969488939740656,0.992406964302063,0.992406964302063,0.992406964302063,1311.0,0.31214284896850586
local,local,,,2,172,data_4200_4_3.0_chordal_rep00,val_epoch_task,val,cycle4,,24,,,,,,,,,4200,1180.0,32.0,2933.0,55.0,0.9735973597359736,0.9554655870445344,0.9644462466239929,0.9644462466239929,0.9644462466239929,1235.0,0.29404762387275696
local,local,,,2,172,data_4200_4_3.0_chordal_rep00,val_epoch_task,val,cycle5,,24,,,,,,,,,4200,1156.0,186.0,2814.0,44.0,0.8614008941877794,0.9633333333333334,0.9095200300216675,0.9095200300216675,0.9095200300216675,1200.0,0.2857142984867096
local,local,,,2,172,data_4200_4_3.0_chordal_rep00,val_epoch_task,val,cycle6,,24,,,,,,,,,4200,838.0,389.0,2806.0,167.0,0.6829665851670742,0.8338308457711443,0.7508960366249084,0.7508960366249084,0.7508960366249084,1005.0,0.23928570747375488
local,local,,,2,172,data_4200_4_3.0_chordal_rep00,train_epoch,train,,,25,0.15626623894487107,,,,,,,,4200,,,,,,,,,,,
local,local,,,2,172,data_4200_4_3.0_chordal_rep00,val_epoch,val,,,25,,0.1709560661656516,0.954952380952381,0.8149999976158142,0.923114434330299,0.9216409921646118,0.9216409921646118,0.9216409921646118,4200,,,,,,,,,,,
local,local,,,2,172,data_4200_4_3.0_chordal_rep00,val_epoch_task,val,cycle2,,25,,,,,,,,,4200,1107.0,11.0,3081.0,1.0,0.9901610017889088,0.9990974729241877,0.9946091175079346,0.9946091175079346,0.9946091175079346,1108.0,0.26380953192710876
local,local,,,2,172,data_4200_4_3.0_chordal_rep00,val_epoch_task,val,cycle3,,25,,,,,,,,,4200,1311.0,32.0,2857.0,0.0,0.9761727475800447,1.0,0.9879427552223206,0.9879427552223206,0.9879427552223206,1311.0,0.31214284896850586
local,local,,,2,172,data_4200_4_3.0_chordal_rep00,val_epoch_task,val,cycle4,,25,,,,,,,,,4200,1228.0,138.0,2827.0,7.0,0.8989751098096632,0.994331983805668,0.9442521929740906,0.9442521929740906,0.9442521929740906,1235.0,0.29404762387275696
local,local,,,2,172,data_4200_4_3.0_chordal_rep00,val_epoch_task,val,cycle5,,25,,,,,,,,,4200,1137.0,152.0,2848.0,63.0,0.8820791311093871,0.9475,0.9136199355125427,0.9136199355125427,0.9136199355125427,1200.0,0.2857142984867096
local,local,,,2,172,data_4200_4_3.0_chordal_rep00,val_epoch_task,val,cycle6,,25,,,,,,,,,4200,896.0,433.0,2762.0,109.0,0.674191121143717,0.891542288557214,0.7677806615829468,0.7677806615829468,0.7677806615829468,1005.0,0.23928570747375488
local,local,,,2,172,data_4200_4_3.0_chordal_rep00,train_epoch,train,,,26,0.1491873021920522,,,,,,,,4200,,,,,,,,,,,
local,local,,,2,172,data_4200_4_3.0_chordal_rep00,val_epoch,val,,,26,,0.1666174590587616,0.9510952380952381,0.8028571605682373,0.9169832673187294,0.9173305630683899,0.9173305630683899,0.9173305630683899,4200,,,,,,,,,,,
local,local,,,2,172,data_4200_4_3.0_chordal_rep00,val_epoch_task,val,cycle2,,26,,,,,,,,,4200,1106.0,5.0,3087.0,2.0,0.9954995499549955,0.9981949458483754,0.9968453645706177,0.9968453645706177,0.9968453645706177,1108.0,0.26380953192710876
local,local,,,2,172,data_4200_4_3.0_chordal_rep00,val_epoch_task,val,cycle3,,26,,,,,,,,,4200,1311.0,25.0,2864.0,0.0,0.9812874251497006,1.0,0.9905552864074707,0.9905552864074707,0.9905552864074707,1311.0,0.31214284896850586
local,local,,,2,172,data_4200_4_3.0_chordal_rep00,val_epoch_task,val,cycle4,,26,,,,,,,,,4200,1230.0,90.0,2875.0,5.0,0.9318181818181818,0.9959514170040485,0.9628179669380188,0.9628179669380188,0.9628179669380188,1235.0,0.29404762387275696
local,local,,,2,172,data_4200_4_3.0_chordal_rep00,val_epoch_task,val,cycle5,,26,,,,,,,,,4200,1120.0,154.0,2846.0,80.0,0.8791208791208791,0.9333333333333333,0.9054163098335266,0.9054163098335266,0.9054163098335266,1200.0,0.2857142984867096
local,local,,,2,172,data_4200_4_3.0_chordal_rep00,val_epoch_task,val,cycle6,,26,,,,,,,,,4200,905.0,566.0,2629.0,100.0,0.6152277362338545,0.900497512437811,0.7310177683830261,0.7310177683830261,0.7310177683830261,1005.0,0.23928570747375488
local,local,,,2,172,data_4200_4_3.0_chordal_rep00,train_epoch,train,,,27,0.13300726047583988,,,,,,,,4200,,,,,,,,,,,
local,local,,,2,172,data_4200_4_3.0_chordal_rep00,val_epoch,val,,,27,,0.15379492920069468,0.9581428571428572,0.8252381086349487,0.9283560192354715,0.9277847409248352,0.9277847409248352,0.9277847409248352,4200,,,,,,,,,,,
local,local,,,2,172,data_4200_4_3.0_chordal_rep00,val_epoch_task,val,cycle2,,27,,,,,,,,,4200,1107.0,13.0,3079.0,1.0,0.9883928571428572,0.9990974729241877,0.9937163591384888,0.9937163591384888,0.9937163591384888,1108.0,0.26380953192710876
local,local,,,2,172,data_4200_4_3.0_chordal_rep00,val_epoch_task,val,cycle3,,27,,,,,,,,,4200,1310.0,31.0,2858.0,1.0,0.976882923191648,0.9992372234935164,0.9879336357116699,0.9879336357116699,0.9879336357116699,1311.0,0.31214284896850586
local,local,,,2,172,data_4200_4_3.0_chordal_rep00,val_epoch_task,val,cycle4,,27,,,,,,,,,4200,1216.0,47.0,2918.0,19.0,0.9627870150435471,0.9846153846153847,0.9735788106918335,0.9735788106918335,0.9735788106918335,1235.0,0.29404762387275696
local,local,,,2,172,data_4200_4_3.0_chordal_rep00,val_epoch_task,val,cycle5,,27,,,,,,,,,4200,1141.0,148.0,2852.0,59.0,0.8851823118696664,0.9508333333333333,0.9168340563774109,0.9168340563774109,0.9168340563774109,1200.0,0.2857142984867096
local,local,,,2,172,data_4200_4_3.0_chordal_rep00,val_epoch_task,val,cycle6,,27,,,,,,,,,4200,921.0,476.0,2719.0,84.0,0.6592698639942735,0.9164179104477612,0.7668609023094177,0.7668609023094177,0.7668609023094177,1005.0,0.23928570747375488
local,local,,,2,172,data_4200_4_3.0_chordal_rep00,train_epoch,train,,,28,0.1400160524107161,,,,,,,,4200,,,,,,,,,,,
local,local,,,2,172,data_4200_4_3.0_chordal_rep00,val_epoch,val,,,28,,0.17664970145339057,0.9403333333333334,0.7688094973564148,0.9022086942948568,0.9057510495185852,0.9057510495185852,0.9057510495185852,4200,,,,,,,,,,,
local,local,,,2,172,data_4200_4_3.0_chordal_rep00,val_epoch_task,val,cycle2,,28,,,,,,,,,4200,1106.0,22.0,3070.0,2.0,0.9804964539007093,0.9981949458483754,0.989266574382782,0.989266574382782,0.989266574382782,1108.0,0.26380953192710876
local,local,,,2,172,data_4200_4_3.0_chordal_rep00,val_epoch_task,val,cycle3,,28,,,,,,,,,4200,1301.0,22.0,2867.0,10.0,0.983371126228269,0.992372234935164,0.9878512024879456,0.9878512024879456,0.9878512024879456,1311.0,0.31214284896850586
local,local,,,2,172,data_4200_4_3.0_chordal_rep00,val_epoch_task,val,cycle4,,28,,,,,,,,,4200,1217.0,105.0,2860.0,18.0,0.9205748865355522,0.9854251012145749,0.9518967866897583,0.9518967866897583,0.9518967866897583,1235.0,0.29404762387275696
local,local,,,2,172,data_4200_4_3.0_chordal_rep00,val_epoch_task,val,cycle5,,28,,,,,,,,,4200,1186.0,334.0,2666.0,14.0,0.7802631578947369,0.9883333333333333,0.8720588684082031,0.8720588684082031,0.8720588684082031,1200.0,0.2857142984867096
local,local,,,2,172,data_4200_4_3.0_chordal_rep00,val_epoch_task,val,cycle6,,28,,,,,,,,,4200,970.0,691.0,2504.0,35.0,0.5839855508729681,0.9651741293532339,0.7276818752288818,0.7276818752288818,0.7276818752288818,1005.0,0.23928570747375488
local,local,,,2,172,data_4200_4_3.0_chordal_rep00,train_epoch,train,,,29,0.13606785595417023,,,,,,,,4200,,,,,,,,,,,
local,local,,,2,172,data_4200_4_3.0_chordal_rep00,val_epoch,val,,,29,,0.17079114476839702,0.957,0.8223809599876404,0.925476603119584,0.9223740696907043,0.9223740696907043,0.9223740696907043,4200,,,,,,,,,,,
local,local,,,2,172,data_4200_4_3.0_chordal_rep00,val_epoch_task,val,cycle2,,29,,,,,,,,,4200,1108.0,18.0,3074.0,0.0,0.9840142095914742,1.0,0.9919427037239075,0.9919427037239075,0.9919427037239075,1108.0,0.26380953192710876
local,local,,,2,172,data_4200_4_3.0_chordal_rep00,val_epoch_task,val,cycle3,,29,,,,,,,,,4200,1308.0,18.0,2871.0,3.0,0.9864253393665159,0.9977116704805492,0.9920363426208496,0.9920363426208496,0.9920363426208496,1311.0,0.31214284896850586
local,local,,,2,172,data_4200_4_3.0_chordal_rep00,val_epoch_task,val,cycle4,,29,,,,,,,,,4200,1204.0,43.0,2922.0,31.0,0.9655172413793104,0.9748987854251012,0.9701853394508362,0.9701853394508362,0.9701853394508362,1235.0,0.29404762387275696
local,local,,,2,172,data_4200_4_3.0_chordal_rep00,val_epoch_task,val,cycle5,,29,,,,,,,,,4200,1152.0,209.0,2791.0,48.0,0.8464364437913299,0.96,0.8996485471725464,0.8996485471725464,0.8996485471725464,1200.0,0.2857142984867096
local,local,,,2,172,data_4200_4_3.0_chordal_rep00,val_epoch_task,val,cycle6,,29,,,,,,,,,4200,835.0,363.0,2832.0,170.0,0.6969949916527546,0.8308457711442786,0.758057177066803,0.758057177066803,0.758057177066803,1005.0,0.23928570747375488
local,local,,,2,172,data_4200_4_3.0_chordal_rep00,train_epoch,train,,,30,0.14128754303568886,,,,,,,,4200,,,,,,,,,,,
local,local,,,2,172,data_4200_4_3.0_chordal_rep00,val_epoch,val,,,30,,0.16943965633710226,0.9542380952380952,0.8142856955528259,0.9216725079468578,0.9197848439216614,0.9197848439216614,0.9197848439216614,4200,,,,,,,,,,,
local,local,,,2,172,data_4200_4_3.0_chordal_rep00,val_epoch_task,val,cycle2,,30,,,,,,,,,4200,1108.0,36.0,3056.0,0.0,0.9685314685314685,1.0,0.9840142130851746,0.9840142130851746,0.9840142130851746,1108.0,0.26380953192710876
local,local,,,2,172,data_4200_4_3.0_chordal_rep00,val_epoch_task,val,cycle3,,30,,,,,,,,,4200,1310.0,17.0,2872.0,1.0,0.987189148455162,0.9992372234935164,0.9931766986846924,0.9931766986846924,0.9931766986846924,1311.0,0.31214284896850586
local,local,,,2,172,data_4200_4_3.0_chordal_rep00,val_epoch_task,val,cycle4,,30,,,,,,,,,4200,1213.0,37.0,2928.0,22.0,0.9704,0.9821862348178138,0.9762575626373291,0.9762575626373291,0.9762575626373291,1235.0,0.29404762387275696
local,local,,,2,172,data_4200_4_3.0_chordal_rep00,val_epoch_task,val,cycle5,,30,,,,,,,,,4200,1156.0,224.0,2776.0,44.0,0.8376811594202899,0.9633333333333334,0.8961240649223328,0.8961240649223328,0.8961240649223328,1200.0,0.2857142984867096
local,local,,,2,172,data_4200_4_3.0_chordal_rep00,val_epoch_task,val,cycle6,,30,,,,,,,,,4200,867.0,442.0,2753.0,138.0,0.6623376623376623,0.8626865671641791,0.7493517994880676,0.7493517994880676,0.7493517994880676,1005.0,0.23928570747375488
local,local,,,2,172,data_4200_4_3.0_chordal_rep00,train_epoch,train,,,31,0.13345138061614265,,,,,,,,4200,,,,,,,,,,,
local,local,,,2,172,data_4200_4_3.0_chordal_rep00,val_epoch,val,,,31,,0.1711773637362889,0.9388571428571428,0.7680952548980713,0.9004959702417855,0.9036068916320801,0.9036068916320801,0.9036068916320801,4200,,,,,,,,,,,
local,local,,,2,172,data_4200_4_3.0_chordal_rep00,val_epoch_task,val,cycle2,,31,,,,,,,,,4200,1108.0,25.0,3067.0,0.0,0.9779346866725508,1.0,0.9888442754745483,0.9888442754745483,0.9888442754745483,1108.0,0.26380953192710876
local,local,,,2,172,data_4200_4_3.0_chordal_rep00,val_epoch_task,val,cycle3,,31,,,,,,,,,4200,1311.0,32.0,2857.0,0.0,0.9761727475800447,1.0,0.9879427552223206,0.9879427552223206,0.9879427552223206,1311.0,0.31214284896850586
local,local,,,2,172,data_4200_4_3.0_chordal_rep00,val_epoch_task,val,cycle4,,31,,,,,,,,,4200,1224.0,140.0,2825.0,11.0,0.8973607038123167,0.9910931174089069,0.9419007301330566,0.9419007301330566,0.9419007301330566,1235.0,0.29404762387275696
local,local,,,2,172,data_4200_4_3.0_chordal_rep00,val_epoch_task,val,cycle5,,31,,,,,,,,,4200,1194.0,372.0,2628.0,6.0,0.7624521072796935,0.995,0.8633405566215515,0.8633405566215515,0.8633405566215515,1200.0,0.2857142984867096
local,local,,,2,172,data_4200_4_3.0_chordal_rep00,val_epoch_task,val,cycle6,,31,,,,,,,,,4200,973.0,666.0,2529.0,32.0,0.5936546674801708,0.9681592039800995,0.7360061407089233,0.7360061407089233,0.7360061407089233,1005.0,0.23928570747375488
local,local,,,2,172,data_4200_4_3.0_chordal_rep00,train_epoch,train,,,32,0.1386424813667933,,,,,,,,4200,,,,,,,,,,,
local,local,,,2,172,data_4200_4_3.0_chordal_rep00,val_epoch,val,,,32,,0.18846564457530068,0.9500952380952381,0.8011904954910278,0.9144489795918367,0.9162912368774414,0.9162912368774414,0.9162912368774414,4200,,,,,,,,,,,
local,local,,,2,172,data_4200_4_3.0_chordal_rep00,val_epoch_task,val,cycle2,,32,,,,,,,,,4200,1100.0,8.0,3084.0,8.0,0.9927797833935018,0.9927797833935018,0.9927797913551331,0.9927797913551331,0.9927797913551331,1108.0,0.26380953192710876
local,local,,,2,172,data_4200_4_3.0_chordal_rep00,val_epoch_task,val,cycle3,,32,,,,,,,,,4200,1231.0,12.0,2877.0,80.0,0.9903459372485921,0.938977879481312,0.963978111743927,0.963978111743927,0.963978111743927,1311.0,0.31214284896850586
local,local,,,2,172,data_4200_4_3.0_chordal_rep00,val_epoch_task,val,cycle4,,32,,,,,,,,,4200,1202.0,61.0,2904.0,33.0,0.9517022961203484,0.9732793522267207,0.9623699188232422,0.9623699188232422,0.9623699188232422,1235.0,0.29404762387275696
local,local,,,2,172,data_4200_4_3.0_chordal_rep00,val_epoch_task,val,cycle5,,32,,,,,,,,,4200,1112.0,146.0,2854.0,88.0,0.8839427662957074,0.9266666666666666,0.9048007130622864,0.9048007130622864,0.9048007130622864,1200.0,0.2857142984867096
local,local,,,2,172,data_4200_4_3.0_chordal_rep00,val_epoch_task,val,cycle6,,32,,,,,,,,,4200,956.0,563.0,2632.0,49.0,0.6293614219881501,0.9512437810945273,0.7575277090072632,0.7575277090072632,0.7575277090072632,1005.0,0.23928570747375488
local,local,,,2,172,data_4200_4_3.0_chordal_rep00,train_epoch,train,,,33,0.13457497538555235,,,,,,,,4200,,,,,,,,,,,
local,local,,,2,172,data_4200_4_3.0_chordal_rep00,val_epoch,val,,,33,,0.16307910805656797,0.9471428571428572,0.7895237803459167,0.9121696470960595,0.9136263132095337,0.9136263132095337,0.9136263132095337,4200,,,,,,,,,,,
local,local,,,2,172,data_4200_4_3.0_chordal_rep00,val_epoch_task,val,cycle2,,33,,,,,,,,,4200,1108.0,17.0,3075.0,0.0,0.9848888888888889,1.0,0.9923869371414185,0.9923869371414185,0.9923869371414185,1108.0,0.26380953192710876
local,local,,,2,172,data_4200_4_3.0_chordal_rep00,val_epoch_task,val,cycle3,,33,,,,,,,,,4200,1307.0,35.0,2854.0,4.0,0.973919523099851,0.9969488939740656,0.9852997064590454,0.9852997064590454,0.9852997064590454,1311.0,0.31214284896850586
local,local,,,2,172,data_4200_4_3.0_chordal_rep00,val_epoch_task,val,cycle4,,33,,,,,,,,,4200,1224.0,173.0,2792.0,11.0,0.8761632068718683,0.9910931174089069,0.930091142654419,0.930091142654419,0.930091142654419,1235.0,0.29404762387275696
local,local,,,2,172,data_4200_4_3.0_chordal_rep00,val_epoch_task,val,cycle5,,33,,,,,,,,,4200,1169.0,188.0,2812.0,31.0,0.8614591009579956,0.9741666666666666,0.9143527150154114,0.9143527150154114,0.9143527150154114,1200.0,0.2857142984867096
local,local,,,2,172,data_4200_4_3.0_chordal_rep00,val_epoch_task,val,cycle6,,33,,,,,,,,,4200,956.0,602.0,2593.0,49.0,0.613607188703466,0.9512437810945273,0.7460007667541504,0.7460007667541504,0.7460007667541504,1005.0,0.23928570747375488
local,local,,,2,172,data_4200_4_3.0_chordal_rep00,train_epoch,train,,,34,0.13140604998384203,,,,,,,,4200,,,,,,,,,,,
local,local,,,2,172,data_4200_4_3.0_chordal_rep00,val_epoch,val,,,34,,0.16951760353077025,0.9638571428571429,0.8504762053489685,0.9359655783345988,0.930677056312561,0.930677056312561,0.930677056312561,4200,,,,,,,,,,,
local,local,,,2,172,data_4200_4_3.0_chordal_rep00,val_epoch_task,val,cycle2,,34,,,,,,,,,4200,1102.0,12.0,3080.0,6.0,0.9892280071813285,0.9945848375451264,0.9918992519378662,0.9918992519378662,0.9918992519378662,1108.0,0.26380953192710876
local,local,,,2,172,data_4200_4_3.0_chordal_rep00,val_epoch_task,val,cycle3,,34,,,,,,,,,4200,1303.0,9.0,2880.0,8.0,0.993140243902439,0.9938977879481312,0.9935188293457031,0.9935188293457031,0.9935188293457031,1311.0,0.31214284896850586
local,local,,,2,172,data_4200_4_3.0_chordal_rep00,val_epoch_task,val,cycle4,,34,,,,,,,,,4200,1215.0,62.0,2903.0,20.0,0.9514487079091621,0.9838056680161943,0.9673566818237305,0.9673566818237305,0.9673566818237305,1235.0,0.29404762387275696
local,local,,,2,172,data_4200_4_3.0_chordal_rep00,val_epoch_task,val,cycle5,,34,,,,,,,,,4200,1136.0,103.0,2897.0,64.0,0.9168684422921711,0.9466666666666667,0.9315292835235596,0.9315292835235596,0.9315292835235596,1200.0,0.2857142984867096
local,local,,,2,172,data_4200_4_3.0_chordal_rep00,val_epoch_task,val,cycle6,,34,,,,,,,,,4200,791.0,261.0,2934.0,214.0,0.7519011406844106,0.7870646766169154,0.7690812349319458,0.7690812349319458,0.7690812349319458,1005.0,0.23928570747375488
local,local,,,2,172,data_4200_4_3.0_chordal_rep00,train_epoch,train,,,35,0.12931070009867351,,,,,,,,4200,,,,,,,,,,,
local,local,,,2,172,data_4200_4_3.0_chordal_rep00,val_epoch,val,,,35,,0.17652889277253833,0.9364761904761905,0.7640476226806641,0.8970520141997222,0.901685893535614,0.901685893535614,0.901685893535614,4200,,,,,,,,,,,
local,local,,,2,172,data_4200_4_3.0_chordal_rep00,val_epoch_task,val,cycle2,,35,,,,,,,,,4200,1107.0,19.0,3073.0,1.0,0.9831261101243339,0.9990974729241877,0.9910475015640259,0.9910475015640259,0.9910475015640259,1108.0,0.26380953192710876
local,local,,,2,172,data_4200_4_3.0_chordal_rep00,val_epoch_task,val,cycle3,,35,,,,,,,,,4200,1310.0,21.0,2868.0,1.0,0.9842223891810669,0.9992372234935164,0.9916729927062988,0.9916729927062988,0.9916729927062988,1311.0,0.31214284896850586
local,local,,,2,172,data_4200_4_3.0_chordal_rep00,val_epoch_task,val,cycle4,,35,,,,,,,,,4200,1226.0,120.0,2845.0,9.0,0.9108469539375929,0.9927125506072875,0.9500194191932678,0.9500194191932678,0.9500194191932678,1235.0,0.29404762387275696
local,local,,,2,172,data_4200_4_3.0_chordal_rep00,val_epoch_task,val,cycle5,,35,,,,,,,,,4200,1197.0,381.0,2619.0,3.0,0.7585551330798479,0.9975,0.8617710471153259,0.8617710471153259,0.8617710471153259,1200.0,0.2857142984867096
local,local,,,2,172,data_4200_4_3.0_chordal_rep00,val_epoch_task,val,cycle6,,35,,,,,,,,,4200,972.0,746.0,2449.0,33.0,0.5657741559953434,0.9671641791044776,0.7139184474945068,0.7139184474945068,0.7139184474945068,1005.0,0.23928570747375488
local,local,,,2,172,data_4200_4_3.0_chordal_rep00,train_epoch,train,,,36,0.12799677479834784,,,,,,,,4200,,,,,,,,,,,
local,local,,,2,172,data_4200_4_3.0_chordal_rep00,val_epoch,val,,,36,,0.16891104999042691,0.9456190476190476,0.7814285755157471,0.9099795049661044,0.9118638038635254,0.9118638038635254,0.9118638038635254,4200,,,,,,,,,,,
local,local,,,2,172,data_4200_4_3.0_chordal_rep00,val_epoch_task,val,cycle2,,36,,,,,,,,,4200,1100.0,17.0,3075.0,8.0,0.9847806624888094,0.9927797833935018,0.9887640476226807,0.9887640476226807,0.9887640476226807,1108.0,0.26380953192710876
local,local,,,2,172,data_4200_4_3.0_chordal_rep00,val_epoch_task,val,cycle3,,36,,,,,,,,,4200,1302.0,21.0,2868.0,9.0,0.9841269841269841,0.9931350114416476,0.9886105060577393,0.9886105060577393,0.9886105060577393,1311.0,0.31214284896850586
local,local,,,2,172,data_4200_4_3.0_chordal_rep00,val_epoch_task,val,cycle4,,36,,,,,,,,,4200,1229.0,201.0,2764.0,6.0,0.8594405594405594,0.9951417004048583,0.9223264455795288,0.9223264455795288,0.9223264455795288,1235.0,0.29404762387275696
local,local,,,2,172,data_4200_4_3.0_chordal_rep00,val_epoch_task,val,cycle5,,36,,,,,,,,,4200,1186.0,187.0,2813.0,14.0,0.8638018936635106,0.9883333333333333,0.9218811392784119,0.9218811392784119,0.9218811392784119,1200.0,0.2857142984867096
local,local,,,2,172,data_4200_4_3.0_chordal_rep00,val_epoch_task,val,cycle6,,36,,,,,,,,,4200,955.0,629.0,2566.0,50.0,0.6029040404040404,0.9502487562189055,0.7377365827560425,0.7377365827560425,0.7377365827560425,1005.0,0.23928570747375488
local,local,,,2,172,data_4200_4_3.0_chordal_rep00,train_epoch,train,,,37,0.13894276112318038,,,,,,,,4200,,,,,,,,,,,
local,local,,,2,172,data_4200_4_3.0_chordal_rep00,val_epoch,val,,,37,,0.16773853815737225,0.9433809523809524,0.7735714316368103,0.9061636808460263,0.9104194641113281,0.9104194641113281,0.9104194641113281,4200,,,,,,,,,,,
local,local,,,2,172,data_4200_4_3.0_chordal_rep00,val_epoch_task,val,cycle2,,37,,,,,,,,,4200,1108.0,12.0,3080.0,0.0,0.9892857142857143,1.0,0.9946140050888062,0.9946140050888062,0.9946140050888062,1108.0,0.26380953192710876
local,local,,,2,172,data_4200_4_3.0_chordal_rep00,val_epoch_task,val,cycle3,,37,,,,,,,,,4200,1299.0,15.0,2874.0,12.0,0.9885844748858448,0.9908466819221968,0.9897142648696899,0.9897142648696899,0.9897142648696899,1311.0,0.31214284896850586
local,local,,,2,172,data_4200_4_3.0_chordal_rep00,val_epoch_task,val,cycle4,,37,,,,,,,,,4200,1202.0,34.0,2931.0,33.0,0.9724919093851133,0.9732793522267207,0.9728855490684509,0.9728855490684509,0.9728855490684509,1235.0,0.29404762387275696
local,local,,,2,172,data_4200_4_3.0_chordal_rep00,val_epoch_task,val,cycle5,,37,,,,,,,,,4200,1172.0,302.0,2698.0,28.0,0.7951153324287653,0.9766666666666667,0.8765894174575806,0.8765894174575806,0.8765894174575806,1200.0,0.2857142984867096
local,local,,,2,172,data_4200_4_3.0_chordal_rep00,val_epoch_task,val,cycle6,,37,,,,,,,,,4200,960.0,708.0,2487.0,45.0,0.5755395683453237,0.9552238805970149,0.718294084072113,0.718294084072113,0.718294084072113,1005.0,0.23928570747375488
local,local,,,2,172,data_4200_4_3.0_chordal_rep00,train_epoch,train,,,38,0.1193786990358716,,,,,,,,4200,,,,,,,,,,,
local,local,,,2,172,data_4200_4_3.0_chordal_rep00,val_epoch,val,,,38,,0.1374423668072337,0.9605714285714285,0.8376190662384033,0.9327157484154072,0.9319103360176086,0.9319103360176086,0.9319103360176086,4200,,,,,,,,,,,
local,local,,,2,172,data_4200_4_3.0_chordal_rep00,val_epoch_task,val,cycle2,,38,,,,,,,,,4200,1108.0,23.0,3069.0,0.0,0.9796640141467727,1.0,0.9897275567054749,0.9897275567054749,0.9897275567054749,1108.0,0.26380953192710876
local,local,,,2,172,data_4200_4_3.0_chordal_rep00,val_epoch_task,val,cycle3,,38,,,,,,,,,4200,1306.0,14.0,2875.0,5.0,0.9893939393939394,0.996186117467582,0.9927784204483032,0.9927784204483032,0.9927784204483032,1311.0,0.31214284896850586
local,local,,,2,172,data_4200_4_3.0_chordal_rep00,val_epoch_task,val,cycle4,,38,,,,,,,,,4200,1216.0,50.0,2915.0,19.0,0.9605055292259084,0.9846153846153847,0.972411036491394,0.972411036491394,0.972411036491394,1235.0,0.29404762387275696
local,local,,,2,172,data_4200_4_3.0_chordal_rep00,val_epoch_task,val,cycle5,,38,,,,,,,,,4200,1178.0,172.0,2828.0,22.0,0.8725925925925926,0.9816666666666667,0.923921525478363,0.923921525478363,0.923921525478363,1200.0,0.2857142984867096
local,local,,,2,172,data_4200_4_3.0_chordal_rep00,val_epoch_task,val,cycle6,,38,,,,,,,,,4200,931.0,449.0,2746.0,74.0,0.6746376811594202,0.9263681592039801,0.7807127833366394,0.7807127833366394,0.7807127833366394,1005.0,0.23928570747375488
local,local,,,2,172,data_4200_4_3.0_chordal_rep00,train_epoch,train,,,39,0.13016921029204415,,,,,,,,4200,,,,,,,,,,,
local,local,,,2,172,data_4200_4_3.0_chordal_rep00,val_epoch,val,,,39,,0.1498962453149614,0.9476190476190476,0.7923809289932251,0.9131396083385976,0.9150023460388184,0.9150023460388184,0.9150023460388184,4200,,,,,,,,,,,
local,local,,,2,172,data_4200_4_3.0_chordal_rep00,val_epoch_task,val,cycle2,,39,,,,,,,,,4200,1108.0,22.0,3070.0,0.0,0.9805309734513274,1.0,0.9901698231697083,0.9901698231697083,0.9901698231697083,1108.0,0.26380953192710876
local,local,,,2,172,data_4200_4_3.0_chordal_rep00,val_epoch_task,val,cycle3,,39,,,,,,,,,4200,1311.0,28.0,2861.0,0.0,0.9790888722927558,1.0,0.989434003829956,0.989434003829956,0.989434003829956,1311.0,0.31214284896850586
local,local,,,2,172,data_4200_4_3.0_chordal_rep00,val_epoch_task,val,cycle4,,39,,,,,,,,,4200,1219.0,97.0,2868.0,16.0,0.9262917933130699,0.9870445344129555,0.955703616142273,0.955703616142273,0.955703616142273,1235.0,0.29404762387275696
local,local,,,2,172,data_4200_4_3.0_chordal_rep00,val_epoch_task,val,cycle5,,39,,,,,,,,,4200,1176.0,267.0,2733.0,24.0,0.814968814968815,0.98,0.8898978233337402,0.8898978233337402,0.8898978233337402,1200.0,0.2857142984867096
local,local,,,2,172,data_4200_4_3.0_chordal_rep00,val_epoch_task,val,cycle6,,39,,,,,,,,,4200,968.0,609.0,2586.0,37.0,0.6138237159162968,0.96318407960199,0.7498063445091248,0.7498063445091248,0.7498063445091248,1005.0,0.23928570747375488
local,local,,,2,172,data_4200_4_3.0_chordal_rep00,train_epoch,train,,,40,0.1258340995510419,,,,,,,,4200,,,,,,,,,,,
local,local,,,2,172,data_4200_4_3.0_chordal_rep00,val_epoch,val,,,40,,0.14249914629118784,0.9581428571428572,0.8299999833106995,0.9286120360594494,0.9281458854675293,0.9281458854675293,0.9281458854675293,4200,,,,,,,,,,,
local,local,,,2,172,data_4200_4_3.0_chordal_rep00,val_epoch_task,val,cycle2,,40,,,,,,,,,4200,1108.0,15.0,3077.0,0.0,0.9866429207479964,1.0,0.9932765960693359,0.9932765960693359,0.9932765960693359,1108.0,0.26380953192710876
local,local,,,2,172,data_4200_4_3.0_chordal_rep00,val_epoch_task,val,cycle3,,40,,,,,,,,,4200,1307.0,21.0,2868.0,4.0,0.9841867469879518,0.9969488939740656,0.9905267357826233,0.9905267357826233,0.9905267357826233,1311.0,0.31214284896850586
local,local,,,2,172,data_4200_4_3.0_chordal_rep00,val_epoch_task,val,cycle4,,40,,,,,,,,,4200,1212.0,62.0,2903.0,23.0,0.9513343799058085,0.9813765182186235,0.9661219716072083,0.9661219716072083,0.9661219716072083,1235.0,0.29404762387275696
local,local,,,2,172,data_4200_4_3.0_chordal_rep00,val_epoch_task,val,cycle5,,40,,,,,,,,,4200,1152.0,185.0,2815.0,48.0,0.8616305160807779,0.96,0.9081591963768005,0.9081591963768005,0.9081591963768005,1200.0,0.2857142984867096
local,local,,,2,172,data_4200_4_3.0_chordal_rep00,val_epoch_task,val,cycle6,,40,,,,,,,,,4200,938.0,454.0,2741.0,67.0,0.6738505747126436,0.9333333333333333,0.7826449871063232,0.7826449871063232,0.7826449871063232,1005.0,0.23928570747375488
local,local,,,2,172,data_4200_4_3.0_chordal_rep00,train_epoch,train,,,41,0.11838235128493536,,,,,,,,4200,,,,,,,,,,,
local,local,,,2,172,data_4200_4_3.0_chordal_rep00,val_epoch,val,,,41,,0.13233709495692025,0.9575714285714285,0.829285740852356,0.9283243504142868,0.9278338551521301,0.9278338551521301,0.9278338551521301,4200,,,,,,,,,,,
local,local,,,2,172,data_4200_4_3.0_chordal_rep00,val_epoch_task,val,cycle2,,41,,,,,,,,,4200,1107.0,16.0,3076.0,1.0,0.9857524487978628,0.9990974729241877,0.9923801422119141,0.9923801422119141,0.9923801422119141,1108.0,0.26380953192710876
local,local,,,2,172,data_4200_4_3.0_chordal_rep00,val_epoch_task,val,cycle3,,41,,,,,,,,,4200,1310.0,31.0,2858.0,1.0,0.976882923191648,0.9992372234935164,0.9879336357116699,0.9879336357116699,0.9879336357116699,1311.0,0.31214284896850586
local,local,,,2,172,data_4200_4_3.0_chordal_rep00,val_epoch_task,val,cycle4,,41,,,,,,,,,4200,1228.0,90.0,2875.0,7.0,0.9317147192716236,0.994331983805668,0.9620055556297302,0.9620055556297302,0.9620055556297302,1235.0,0.29404762387275696
local,local,,,2,172,data_4200_4_3.0_chordal_rep00,val_epoch_task,val,cycle5,,41,,,,,,,,,4200,1177.0,236.0,2764.0,23.0,0.8329794762915782,0.9808333333333333,0.9008802771568298,0.9008802771568298,0.9008802771568298,1200.0,0.2857142984867096
local,local,,,2,172,data_4200_4_3.0_chordal_rep00,val_epoch_task,val,cycle6,,41,,,,,,,,,4200,948.0,429.0,2766.0,57.0,0.6884531590413944,0.9432835820895522,0.7959697842597961,0.7959697842597961,0.7959697842597961,1005.0,0.23928570747375488
local,local,,,2,172,data_4200_4_3.0_chordal_rep00,train_epoch,train,,,42,0.11787000437577566,,,,,,,,4200,,,,,,,,,,,
local,local,,,2,172,data_4200_4_3.0_chordal_rep00,val_epoch,val,,,42,,0.17661628433636256,0.962047619047619,0.8473809361457825,0.9327823226785864,0.9270044565200806,0.9270044565200806,0.9270044565200806,4200,,,,,,,,,,,
local,local,,,2,172,data_4200_4_3.0_chordal_rep00,val_epoch_task,val,cycle2,,42,,,,,,,,,4200,1106.0,19.0,3073.0,2.0,0.9831111111111112,0.9981949458483754,0.9905955195426941,0.9905955195426941,0.9905955195426941,1108.0,0.26380953192710876
local,local,,,2,172,data_4200_4_3.0_chordal_rep00,val_epoch_task,val,cycle3,,42,,,,,,,,,4200,1311.0,54.0,2835.0,0.0,0.9604395604395605,1.0,0.9798206090927124,0.9798206090927124,0.9798206090927124,1311.0,0.31214284896850586
local,local,,,2,172,data_4200_4_3.0_chordal_rep00,val_epoch_task,val,cycle4,,42,,,,,,,,,4200,1215.0,84.0,2881.0,20.0,0.9353348729792148,0.9838056680161943,0.958958089351654,0.958958089351654,0.958958089351654,1235.0,0.29404762387275696
local,local,,,2,172,data_4200_4_3.0_chordal_rep00,val_epoch_task,val,cycle5,,42,,,,,,,,,4200,1127.0,140.0,2860.0,73.0,0.8895027624309392,0.9391666666666667,0.9136602878570557,0.9136602878570557,0.9136602878570557,1200.0,0.2857142984867096
local,local,,,2,172,data_4200_4_3.0_chordal_rep00,val_epoch_task,val,cycle6,,42,,,,,,,,,4200,771.0,171.0,3024.0,234.0,0.8184713375796179,0.7671641791044777,0.7919876575469971,0.7919876575469971,0.7919876575469971,1005.0,0.23928570747375488
local,local,,,2,172,data_4200_4_3.0_chordal_rep00,train_epoch,train,,,43,0.11023759067058564,,,,,,,,4200,,,,,,,,,,,
local,local,,,2,172,data_4200_4_3.0_chordal_rep00,val_epoch,val,,,43,,0.12850582974297659,0.9611428571428572,0.8430952429771423,0.9338735818476498,0.9331268072128296,0.9331268072128296,0.9331268072128296,4200,,,,,,,,,,,
local,local,,,2,172,data_4200_4_3.0_chordal_rep00,val_epoch_task,val,cycle2,,43,,,,,,,,,4200,1103.0,13.0,3079.0,5.0,0.9883512544802867,0.9954873646209387,0.9919065237045288,0.9919065237045288,0.9919065237045288,1108.0,0.26380953192710876
local,local,,,2,172,data_4200_4_3.0_chordal_rep00,val_epoch_task,val,cycle3,,43,,,,,,,,,4200,1311.0,33.0,2856.0,0.0,0.9754464285714286,1.0,0.987570583820343,0.987570583820343,0.987570583820343,1311.0,0.31214284896850586
local,local,,,2,172,data_4200_4_3.0_chordal_rep00,val_epoch_task,val,cycle4,,43,,,,,,,,,4200,1230.0,73.0,2892.0,5.0,0.9439754412893323,0.9959514170040485,0.9692671298980713,0.9692671298980713,0.9692671298980713,1235.0,0.29404762387275696
local,local,,,2,172,data_4200_4_3.0_chordal_rep00,val_epoch_task,val,cycle5,,43,,,,,,,,,4200,1178.0,151.0,2849.0,22.0,0.8863807373965388,0.9816666666666667,0.9315934777259827,0.9315934777259827,0.9315934777259827,1200.0,0.2857142984867096
local,local,,,2,172,data_4200_4_3.0_chordal_rep00,val_epoch_task,val,cycle6,,43,,,,,,,,,4200,940.0,449.0,2746.0,65.0,0.6767458603311735,0.9353233830845771,0.7852965593338013,0.7852965593338013,0.7852965593338013,1005.0,0.23928570747375488
local,local,,,2,172,data_4200_4_3.0_chordal_rep00,train_epoch,train,,,44,0.11751842069483939,,,,,,,,4200,,,,,,,,,,,
local,local,,,2,172,data_4200_4_3.0_chordal_rep00,val_epoch,val,,,44,,0.1396858977845737,0.9631428571428572,0.8473809361457825,0.9365053322395406,0.9348331689834595,0.9348331689834595,0.9348331689834595,4200,,,,,,,,,,,
local,local,,,2,172,data_4200_4_3.0_chordal_rep00,val_epoch_task,val,cycle2,,44,,,,,,,,,4200,1108.0,30.0,3062.0,0.0,0.9736379613356766,1.0,0.9866428971290588,0.9866428971290588,0.9866428971290588,1108.0,0.26380953192710876
local,local,,,2,172,data_4200_4_3.0_chordal_rep00,val_epoch_task,val,cycle3,,44,,,,,,,,,4200,1310.0,15.0,2874.0,1.0,0.9886792452830189,0.9992372234935164,0.9939302206039429,0.9939302206039429,0.9939302206039429,1311.0,0.31214284896850586
local,local,,,2,172,data_4200_4_3.0_chordal_rep00,val_epoch_task,val,cycle4,,44,,,,,,,,,4200,1212.0,44.0,2921.0,23.0,0.964968152866242,0.9813765182186235,0.9731032252311707,0.9731032252311707,0.9731032252311707,1235.0,0.29404762387275696
local,local,,,2,172,data_4200_4_3.0_chordal_rep00,val_epoch_task,val,cycle5,,44,,,,,,,,,4200,1157.0,147.0,2853.0,43.0,0.8872699386503068,0.9641666666666666,0.9241213798522949,0.9241213798522949,0.9241213798522949,1200.0,0.2857142984867096
local,local,,,2,172,data_4200_4_3.0_chordal_rep00,val_epoch_task,val,cycle6,,44,,,,,,,,,4200,921.0,387.0,2808.0,84.0,0.7041284403669725,0.9164179104477612,0.7963683009147644,0.7963683009147644,0.7963683009147644,1005.0,0.23928570747375488
local,local,,,2,172,data_4200_4_3.0_chordal_rep00,train_epoch,train,,,45,0.11291774046562966,,,,,,,,4200,,,,,,,,,,,
local,local,,,2,172,data_4200_4_3.0_chordal_rep00,val_epoch,val,,,45,,0.14033904492855073,0.9636666666666667,0.8528571724891663,0.9371447400939121,0.9351374506950378,0.9351374506950378,0.9351374506950378,4200,,,,,,,,,,,
local,local,,,2,172,data_4200_4_3.0_chordal_rep00,val_epoch_task,val,cycle2,,45,,,,,,,,,4200,1106.0,15.0,3077.0,2.0,0.9866190900981266,0.9981949458483754,0.9923732280731201,0.9923732280731201,0.9923732280731201,1108.0,0.26380953192710876
local,local,,,2,172,data_4200_4_3.0_chordal_rep00,val_epoch_task,val,cycle3,,45,,,,,,,,,4200,1311.0,40.0,2849.0,0.0,0.9703923019985197,1.0,0.9849737286567688,0.9849737286567688,0.9849737286567688,1311.0,0.31214284896850586
local,local,,,2,172,data_4200_4_3.0_chordal_rep00,val_epoch_task,val,cycle4,,45,,,,,,,,,4200,1218.0,78.0,2887.0,17.0,0.9398148148148148,0.9862348178137652,0.9624654054641724,0.9624654054641724,0.9624654054641724,1235.0,0.29404762387275696
local,local,,,2,172,data_4200_4_3.0_chordal_rep00,val_epoch_task,val,cycle5,,45,,,,,,,,,4200,1142.0,111.0,2889.0,58.0,0.9114126097366321,0.9516666666666667,0.9311047196388245,0.9311047196388245,0.9311047196388245,1200.0,0.2857142984867096
local,local,,,2,172,data_4200_4_3.0_chordal_rep00,val_epoch_task,val,cycle6,,45,,,,,,,,,4200,911.0,348.0,2847.0,94.0,0.7235901509134234,0.9064676616915422,0.8047703504562378,0.8047703504562378,0.8047703504562378,1005.0,0.23928570747375488
local,local,,,2,172,data_4200_4_3.0_chordal_rep00,train_epoch,train,,,46,0.1241759314920221,,,,,,,,4200,,,,,,,,,,,
local,local,,,2,172,data_4200_4_3.0_chordal_rep00,val_epoch,val,,,46,,0.15065175995940253,0.9611904761904762,0.845714271068573,0.9329383691269646,0.9302708506584167,0.9302708506584167,0.9302708506584167,4200,,,,,,,,,,,
local,local,,,2,172,data_4200_4_3.0_chordal_rep00,val_epoch_task,val,cycle2,,46,,,,,,,,,4200,1103.0,31.0,3061.0,5.0,0.972663139329806,0.9954873646209387,0.9839429259300232,0.9839429259300232,0.9839429259300232,1108.0,0.26380953192710876
local,local,,,2,172,data_4200_4_3.0_chordal_rep00,val_epoch_task,val,cycle3,,46,,,,,,,,,4200,1311.0,26.0,2863.0,0.0,0.9805534779356769,1.0,0.9901812672615051,0.9901812672615051,0.9901812672615051,1311.0,0.31214284896850586
local,local,,,2,172,data_4200_4_3.0_chordal_rep00,val_epoch_task,val,cycle4,,46,,,,,,,,,4200,1212.0,77.0,2888.0,23.0,0.9402637703646237,0.9813765182186235,0.9603803753852844,0.9603803753852844,0.9603803753852844,1235.0,0.29404762387275696
local,local,,,2,172,data_4200_4_3.0_chordal_rep00,val_epoch_task,val,cycle5,,46,,,,,,,,,4200,1157.0,157.0,2843.0,43.0,0.880517503805175,0.9641666666666666,0.9204455018043518,0.9204455018043518,0.9204455018043518,1200.0,0.2857142984867096
local,local,,,2,172,data_4200_4_3.0_chordal_rep00,val_epoch_task,val,cycle6,,46,,,,,,,,,4200,886.0,334.0,2861.0,119.0,0.7262295081967213,0.881592039800995,0.7964044809341431,0.7964044809341431,0.7964044809341431,1005.0,0.23928570747375488
local,local,,,2,172,data_4200_4_3.0_chordal_rep00,train_epoch,train,,,47,0.11475264044744628,,,,,,,,4200,,,,,,,,,,,
local,local,,,2,172,data_4200_4_3.0_chordal_rep00,val_epoch,val,,,47,,0.13612481239296143,0.9604761904761905,0.8435714244842529,0.9326626642868732,0.931713879108429,0.931713879108429,0.931713879108429,4200,,,,,,,,,,,
local,local,,,2,172,data_4200_4_3.0_chordal_rep00,val_epoch_task,val,cycle2,,47,,,,,,,,,4200,1108.0,27.0,3065.0,0.0,0.9762114537444934,1.0,0.987962543964386,0.987962543964386,0.987962543964386,1108.0,0.26380953192710876
local,local,,,2,172,data_4200_4_3.0_chordal_rep00,val_epoch_task,val,cycle3,,47,,,,,,,,,4200,1303.0,29.0,2860.0,8.0,0.9782282282282282,0.9938977879481312,0.9860007762908936,0.9860007762908936,0.9860007762908936,1311.0,0.31214284896850586
local,local,,,2,172,data_4200_4_3.0_chordal_rep00,val_epoch_task,val,cycle4,,47,,,,,,,,,4200,1214.0,61.0,2904.0,21.0,0.952156862745098,0.982995951417004,0.9673306941986084,0.9673306941986084,0.9673306941986084,1235.0,0.29404762387275696
local,local,,,2,172,data_4200_4_3.0_chordal_rep00,val_epoch_task,val,cycle5,,47,,,,,,,,,4200,1183.0,262.0,2738.0,17.0,0.8186851211072664,0.9858333333333333,0.8945179581642151,0.8945179581642151,0.8945179581642151,1200.0,0.2857142984867096
local,local,,,2,172,data_4200_4_3.0_chordal_rep00,val_epoch_task,val,cycle6,,47,,,,,,,,,4200,940.0,340.0,2855.0,65.0,0.734375,0.9353233830845771,0.8227570652961731,0.8227570652961731,0.8227570652961731,1005.0,0.23928570747375488
local,local,,,2,172,data_4200_4_3.0_chordal_rep00,train_epoch,train,,,48,0.10833460988033386,,,,,,,,4200,,,,,,,,,,,
local,local,,,2,172,data_4200_4_3.0_chordal_rep00,val_epoch,val,,,48,,0.12514228257394971,0.9675238095238096,0.866190493106842,0.9436922060766182,0.9413197636604309,0.9413197636604309,0.9413197636604309,4200,,,,,,,,,,,
local,local,,,2,172,data_4200_4_3.0_chordal_rep00,val_epoch_task,val,cycle2,,48,,,,,,,,,4200,1107.0,11.0,3081.0,1.0,0.9901610017889088,0.9990974729241877,0.9946091175079346,0.9946091175079346,0.9946091175079346,1108.0,0.26380953192710876
local,local,,,2,172,data_4200_4_3.0_chordal_rep00,val_epoch_task,val,cycle3,,48,,,,,,,,,4200,1309.0,16.0,2873.0,2.0,0.9879245283018868,0.9984744469870328,0.9931714534759521,0.9931714534759521,0.9931714534759521,1311.0,0.31214284896850586
local,local,,,2,172,data_4200_4_3.0_chordal_rep00,val_epoch_task,val,cycle4,,48,,,,,,,,,4200,1226.0,51.0,2914.0,9.0,0.9600626468285043,0.9927125506072875,0.9761146306991577,0.9761146306991577,0.9761146306991577,1235.0,0.29404762387275696
local,local,,,2,172,data_4200_4_3.0_chordal_rep00,val_epoch_task,val,cycle5,,48,,,,,,,,,4200,1180.0,211.0,2789.0,20.0,0.8483105679367362,0.9833333333333333,0.9108452200889587,0.9108452200889587,0.9108452200889587,1200.0,0.2857142984867096
local,local,,,2,172,data_4200_4_3.0_chordal_rep00,val_epoch_task,val,cycle6,,48,,,,,,,,,4200,893.0,249.0,2946.0,112.0,0.7819614711033275,0.8885572139303483,0.8318584561347961,0.8318584561347961,0.8318584561347961,1005.0,0.23928570747375488
local,local,,,2,172,data_4200_4_3.0_chordal_rep00,train_epoch,train,,,49,0.10364621173767817,,,,,,,,4200,,,,,,,,,,,
local,local,,,2,172,data_4200_4_3.0_chordal_rep00,val_epoch,val,,,49,,0.12765770868176507,0.9695714285714285,0.8728571534156799,0.9467987677961869,0.9438103437423706,0.9438103437423706,0.9438103437423706,4200,,,,,,,,,,,
local,local,,,2,172,data_4200_4_3.0_chordal_rep00,val_epoch_task,val,cycle2,,49,,,,,,,,,4200,1108.0,17.0,3075.0,0.0,0.9848888888888889,1.0,0.9923869371414185,0.9923869371414185,0.9923869371414185,1108.0,0.26380953192710876
local,local,,,2,172,data_4200_4_3.0_chordal_rep00,val_epoch_task,val,cycle3,,49,,,,,,,,,4200,1311.0,23.0,2866.0,0.0,0.9827586206896551,1.0,0.991304337978363,0.991304337978363,0.991304337978363,1311.0,0.31214284896850586
local,local,,,2,172,data_4200_4_3.0_chordal_rep00,val_epoch_task,val,cycle4,,49,,,,,,,,,4200,1216.0,34.0,2931.0,19.0,0.9728,0.9846153846153847,0.9786720871925354,0.9786720871925354,0.9786720871925354,1235.0,0.29404762387275696
local,local,,,2,172,data_4200_4_3.0_chordal_rep00,val_epoch_task,val,cycle5,,49,,,,,,,,,4200,1178.0,186.0,2814.0,22.0,0.8636363636363636,0.9816666666666667,0.9188767671585083,0.9188767671585083,0.9188767671585083,1200.0,0.2857142984867096
local,local,,,2,172,data_4200_4_3.0_chordal_rep00,val_epoch_task,val,cycle6,,49,,,,,,,,,4200,873.0,206.0,2989.0,132.0,0.809082483781279,0.8686567164179104,0.8378119468688965,0.8378119468688965,0.8378119468688965,1005.0,0.23928570747375488
local,local,,,2,172,data_4200_4_3.0_chordal_rep00,train_epoch,train,,,50,0.09899739854392552,,,,,,,,4200,,,,,,,,,,,
local,local,,,2,172,data_4200_4_3.0_chordal_rep00,val_epoch,val,,,50,,0.1611741252172561,0.9694285714285714,0.8740476369857788,0.9454174460125828,0.9404526948928833,0.9404526948928833,0.9404526948928833,4200,,,,,,,,,,,
local,local,,,2,172,data_4200_4_3.0_chordal_rep00,val_epoch_task,val,cycle2,,50,,,,,,,,,4200,1108.0,21.0,3071.0,0.0,0.9813994685562445,1.0,0.9906123876571655,0.9906123876571655,0.9906123876571655,1108.0,0.26380953192710876
local,local,,,2,172,data_4200_4_3.0_chordal_rep00,val_epoch_task,val,cycle3,,50,,,,,,,,,4200,1306.0,20.0,2869.0,5.0,0.9849170437405732,0.996186117467582,0.9905195236206055,0.9905195236206055,0.9905195236206055,1311.0,0.31214284896850586
local,local,,,2,172,data_4200_4_3.0_chordal_rep00,val_epoch_task,val,cycle4,,50,,,,,,,,,4200,1219.0,58.0,2907.0,16.0,0.9545810493343775,0.9870445344129555,0.9705413579940796,0.9705413579940796,0.9705413579940796,1235.0,0.29404762387275696
local,local,,,2,172,data_4200_4_3.0_chordal_rep00,val_epoch_task,val,cycle5,,50,,,,,,,,,4200,1123.0,107.0,2893.0,77.0,0.9130081300813008,0.9358333333333333,0.9242798686027527,0.9242798686027527,0.9242798686027527,1200.0,0.2857142984867096
local,local,,,2,172,data_4200_4_3.0_chordal_rep00,val_epoch_task,val,cycle6,,50,,,,,,,,,4200,804.0,137.0,3058.0,201.0,0.8544102019128587,0.8,0.826310396194458,0.826310396194458,0.826310396194458,1005.0,0.23928570747375488
local,local,,,2,172,data_4200_4_3.0_chordal_rep00,train_epoch,train,,,51,0.09613141126221135,,,,,,,,4200,,,,,,,,,,,
local,local,,,2,172,data_4200_4_3.0_chordal_rep00,val_epoch,val,,,51,,0.13538570912111372,0.972047619047619,0.881428599357605,0.9505267593763169,0.9473481178283691,0.9473481178283691,0.9473481178283691,4200,,,,,,,,,,,
local,local,,,2,172,data_4200_4_3.0_chordal_rep00,val_epoch_task,val,cycle2,,51,,,,,,,,,4200,1101.0,15.0,3077.0,7.0,0.9865591397849462,0.9936823104693141,0.9901078939437866,0.9901078939437866,0.9901078939437866,1108.0,0.26380953192710876
local,local,,,2,172,data_4200_4_3.0_chordal_rep00,val_epoch_task,val,cycle3,,51,,,,,,,,,4200,1304.0,15.0,2874.0,7.0,0.9886277482941622,0.9946605644546148,0.9916349649429321,0.9916349649429321,0.9916349649429321,1311.0,0.31214284896850586
local,local,,,2,172,data_4200_4_3.0_chordal_rep00,val_epoch_task,val,cycle4,,51,,,,,,,,,4200,1220.0,50.0,2915.0,15.0,0.9606299212598425,0.9878542510121457,0.9740519523620605,0.9740519523620605,0.9740519523620605,1235.0,0.29404762387275696
local,local,,,2,172,data_4200_4_3.0_chordal_rep00,val_epoch_task,val,cycle5,,51,,,,,,,,,4200,1134.0,88.0,2912.0,66.0,0.9279869067103109,0.945,0.9364162087440491,0.9364162087440491,0.9364162087440491,1200.0,0.2857142984867096
local,local,,,2,172,data_4200_4_3.0_chordal_rep00,val_epoch_task,val,cycle6,,51,,,,,,,,,4200,880.0,199.0,2996.0,125.0,0.8155699721964782,0.8756218905472637,0.8445297479629517,0.8445297479629517,0.8445297479629517,1005.0,0.23928570747375488
local,local,,,2,172,data_4200_4_3.0_chordal_rep00,train_epoch,train,,,52,0.11005066966726666,,,,,,,,4200,,,,,,,,,,,
local,local,,,2,172,data_4200_4_3.0_chordal_rep00,val_epoch,val,,,52,,0.12247740436167943,0.9666190476190476,0.8642857074737549,0.9422712673968542,0.9405068159103394,0.9405068159103394,0.9405068159103394,4200,,,,,,,,,,,
local,local,,,2,172,data_4200_4_3.0_chordal_rep00,val_epoch_task,val,cycle2,,52,,,,,,,,,4200,1105.0,18.0,3074.0,3.0,0.9839715048975958,0.9972924187725631,0.9905871748924255,0.9905871748924255,0.9905871748924255,1108.0,0.26380953192710876
local,local,,,2,172,data_4200_4_3.0_chordal_rep00,val_epoch_task,val,cycle3,,52,,,,,,,,,4200,1309.0,29.0,2860.0,2.0,0.9783258594917787,0.9984744469870328,0.9882975220680237,0.9882975220680237,0.9882975220680237,1311.0,0.31214284896850586
local,local,,,2,172,data_4200_4_3.0_chordal_rep00,val_epoch_task,val,cycle4,,52,,,,,,,,,4200,1209.0,60.0,2905.0,26.0,0.9527186761229315,0.9789473684210527,0.9656549096107483,0.9656549096107483,0.9656549096107483,1235.0,0.29404762387275696
local,local,,,2,172,data_4200_4_3.0_chordal_rep00,val_epoch_task,val,cycle5,,52,,,,,,,,,4200,1165.0,142.0,2858.0,35.0,0.891354246365723,0.9708333333333333,0.929397702217102,0.929397702217102,0.929397702217102,1200.0,0.2857142984867096
local,local,,,2,172,data_4200_4_3.0_chordal_rep00,val_epoch_task,val,cycle6,,52,,,,,,,,,4200,933.0,314.0,2881.0,72.0,0.748195669607057,0.9283582089552239,0.8285967707633972,0.8285967707633972,0.8285967707633972,1005.0,0.23928570747375488
local,local,,,2,172,data_4200_4_3.0_chordal_rep00,train_epoch,train,,,53,0.09928791673410506,,,,,,,,4200,,,,,,,,,,,
local,local,,,2,172,data_4200_4_3.0_chordal_rep00,val_epoch,val,,,53,,0.12683260051977066,0.9689523809523809,0.8692857027053833,0.9461157024793388,0.9441986083984375,0.9441986083984375,0.9441986083984375,4200,,,,,,,,,,,
local,local,,,2,172,data_4200_4_3.0_chordal_rep00,val_epoch_task,val,cycle2,,53,,,,,,,,,4200,1106.0,14.0,3078.0,2.0,0.9875,0.9981949458483754,0.9928187131881714,0.9928187131881714,0.9928187131881714,1108.0,0.26380953192710876
local,local,,,2,172,data_4200_4_3.0_chordal_rep00,val_epoch_task,val,cycle3,,53,,,,,,,,,4200,1311.0,17.0,2872.0,0.0,0.9871987951807228,1.0,0.9935581088066101,0.9935581088066101,0.9935581088066101,1311.0,0.31214284896850586
local,local,,,2,172,data_4200_4_3.0_chordal_rep00,val_epoch_task,val,cycle4,,53,,,,,,,,,4200,1217.0,36.0,2929.0,18.0,0.9712689545091779,0.9854251012145749,0.9782957434654236,0.9782957434654236,0.9782957434654236,1235.0,0.29404762387275696
local,local,,,2,172,data_4200_4_3.0_chordal_rep00,val_epoch_task,val,cycle5,,53,,,,,,,,,4200,1163.0,126.0,2874.0,37.0,0.9022498060512025,0.9691666666666666,0.9345118403434753,0.9345118403434753,0.9345118403434753,1200.0,0.2857142984867096
local,local,,,2,172,data_4200_4_3.0_chordal_rep00,val_epoch_task,val,cycle6,,53,,,,,,,,,4200,927.0,324.0,2871.0,78.0,0.7410071942446043,0.9223880597014925,0.8218085765838623,0.8218085765838623,0.8218085765838623,1005.0,0.23928570747375488
local,local,,,2,172,data_4200_4_3.0_chordal_rep00,train_epoch,train,,,54,0.10013360699727422,,,,,,,,4200,,,,,,,,,,,
local,local,,,2,172,data_4200_4_3.0_chordal_rep00,val_epoch,val,,,54,,0.13791251408202307,0.9594285714285714,0.8435714244842529,0.9313014029995161,0.9310139417648315,0.9310139417648315,0.9310139417648315,4200,,,,,,,,,,,
local,local,,,2,172,data_4200_4_3.0_chordal_rep00,val_epoch_task,val,cycle2,,54,,,,,,,,,4200,1106.0,5.0,3087.0,2.0,0.9954995499549955,0.9981949458483754,0.9968453645706177,0.9968453645706177,0.9968453645706177,1108.0,0.26380953192710876
local,local,,,2,172,data_4200_4_3.0_chordal_rep00,val_epoch_task,val,cycle3,,54,,,,,,,,,4200,1305.0,10.0,2879.0,6.0,0.9923954372623575,0.9954233409610984,0.99390709400177,0.99390709400177,0.99390709400177,1311.0,0.31214284896850586
local,local,,,2,172,data_4200_4_3.0_chordal_rep00,val_epoch_task,val,cycle4,,54,,,,,,,,,4200,1227.0,77.0,2888.0,8.0,0.9409509202453987,0.9935222672064777,0.966522216796875,0.966522216796875,0.966522216796875,1235.0,0.29404762387275696
local,local,,,2,172,data_4200_4_3.0_chordal_rep00,val_epoch_task,val,cycle5,,54,,,,,,,,,4200,1192.0,274.0,2726.0,8.0,0.8130968622100955,0.9933333333333333,0.8942235708236694,0.8942235708236694,0.8942235708236694,1200.0,0.2857142984867096
local,local,,,2,172,data_4200_4_3.0_chordal_rep00,val_epoch_task,val,cycle6,,54,,,,,,,,,4200,945.0,402.0,2793.0,60.0,0.7015590200445434,0.9402985074626866,0.8035714030265808,0.8035714030265808,0.8035714030265808,1005.0,0.23928570747375488
local,local,,,2,172,data_4200_4_3.0_chordal_rep00,train_epoch,train,,,55,0.1084234710960161,,,,,,,,4200,,,,,,,,,,,
local,local,,,2,172,data_4200_4_3.0_chordal_rep00,val_epoch,val,,,55,,0.1292042541787738,0.9735238095238096,0.8928571343421936,0.9529928982076429,0.9493069648742676,0.9493069648742676,0.9493069648742676,4200,,,,,,,,,,,
local,local,,,2,172,data_4200_4_3.0_chordal_rep00,val_epoch_task,val,cycle2,,55,,,,,,,,,4200,1108.0,12.0,3080.0,0.0,0.9892857142857143,1.0,0.9946140050888062,0.9946140050888062,0.9946140050888062,1108.0,0.26380953192710876
local,local,,,2,172,data_4200_4_3.0_chordal_rep00,val_epoch_task,val,cycle3,,55,,,,,,,,,4200,1309.0,22.0,2867.0,2.0,0.9834710743801653,0.9984744469870328,0.9909159541130066,0.9909159541130066,0.9909159541130066,1311.0,0.31214284896850586
local,local,,,2,172,data_4200_4_3.0_chordal_rep00,val_epoch_task,val,cycle4,,55,,,,,,,,,4200,1224.0,40.0,2925.0,11.0,0.9683544303797469,0.9910931174089069,0.9795918464660645,0.9795918464660645,0.9795918464660645,1235.0,0.29404762387275696
local,local,,,2,172,data_4200_4_3.0_chordal_rep00,val_epoch_task,val,cycle5,,55,,,,,,,,,4200,1136.0,84.0,2916.0,64.0,0.9311475409836065,0.9466666666666667,0.9388429522514343,0.9388429522514343,0.9388429522514343,1200.0,0.2857142984867096
local,local,,,2,172,data_4200_4_3.0_chordal_rep00,val_epoch_task,val,cycle6,,55,,,,,,,,,4200,859.0,175.0,3020.0,146.0,0.8307543520309478,0.854726368159204,0.842569887638092,0.842569887638092,0.842569887638092,1005.0,0.23928570747375488
local,local,,,2,172,data_4200_4_3.0_chordal_rep00,train_epoch,train,,,56,0.09910214801629384,,,,,,,,4200,,,,,,,,,,,
local,local,,,2,172,data_4200_4_3.0_chordal_rep00,val_epoch,val,,,56,,0.11916685467674619,0.9672380952380952,0.8666666746139526,0.9436342782238243,0.9424557685852051,0.9424557685852051,0.9424557685852051,4200,,,,,,,,,,,
local,local,,,2,172,data_4200_4_3.0_chordal_rep00,val_epoch_task,val,cycle2,,56,,,,,,,,,4200,1104.0,14.0,3078.0,4.0,0.9874776386404294,0.9963898916967509,0.9919137358665466,0.9919137358665466,0.9919137358665466,1108.0,0.26380953192710876
local,local,,,2,172,data_4200_4_3.0_chordal_rep00,val_epoch_task,val,cycle3,,56,,,,,,,,,4200,1303.0,17.0,2872.0,8.0,0.9871212121212121,0.9938977879481312,0.9904979467391968,0.9904979467391968,0.9904979467391968,1311.0,0.31214284896850586
local,local,,,2,172,data_4200_4_3.0_chordal_rep00,val_epoch_task,val,cycle4,,56,,,,,,,,,4200,1223.0,46.0,2919.0,12.0,0.9637509850275807,0.9902834008097166,0.9768370985984802,0.9768370985984802,0.9768370985984802,1235.0,0.29404762387275696
local,local,,,2,172,data_4200_4_3.0_chordal_rep00,val_epoch_task,val,cycle5,,56,,,,,,,,,4200,1174.0,177.0,2823.0,26.0,0.8689859363434493,0.9783333333333334,0.9204233288764954,0.9204233288764954,0.9204233288764954,1200.0,0.2857142984867096
local,local,,,2,172,data_4200_4_3.0_chordal_rep00,val_epoch_task,val,cycle6,,56,,,,,,,,,4200,955.0,334.0,2861.0,50.0,0.7408844065166796,0.9502487562189055,0.8326067328453064,0.8326067328453064,0.8326067328453064,1005.0,0.23928570747375488
local,local,,,2,172,data_4200_4_3.0_chordal_rep00,train_epoch,train,,,57,0.09623820441109794,,,,,,,,4200,,,,,,,,,,,
local,local,,,2,172,data_4200_4_3.0_chordal_rep00,val_epoch,val,,,57,,0.13168791654564085,0.9626190476190476,0.8485714197158813,0.9361529076860513,0.9358099102973938,0.9358099102973938,0.9358099102973938,4200,,,,,,,,,,,
local,local,,,2,172,data_4200_4_3.0_chordal_rep00,val_epoch_task,val,cycle2,,57,,,,,,,,,4200,1108.0,26.0,3066.0,0.0,0.9770723104056437,1.0,0.9884032607078552,0.9884032607078552,0.9884032607078552,1108.0,0.26380953192710876
local,local,,,2,172,data_4200_4_3.0_chordal_rep00,val_epoch_task,val,cycle3,,57,,,,,,,,,4200,1308.0,37.0,2852.0,3.0,0.9724907063197026,0.9977116704805492,0.9849397540092468,0.9849397540092468,0.9849397540092468,1311.0,0.31214284896850586
local,local,,,2,172,data_4200_4_3.0_chordal_rep00,val_epoch_task,val,cycle4,,57,,,,,,,,,4200,1216.0,38.0,2927.0,19.0,0.9696969696969697,0.9846153846153847,0.9770992994308472,0.9770992994308472,0.9770992994308472,1235.0,0.29404762387275696
local,local,,,2,172,data_4200_4_3.0_chordal_rep00,val_epoch_task,val,cycle5,,57,,,,,,,,,4200,1152.0,134.0,2866.0,48.0,0.895800933125972,0.96,0.9267900586128235,0.9267900586128235,0.9267900586128235,1200.0,0.2857142984867096
local,local,,,2,172,data_4200_4_3.0_chordal_rep00,val_epoch_task,val,cycle6,,57,,,,,,,,,4200,971.0,446.0,2749.0,34.0,0.6852505292872265,0.9661691542288557,0.8018167614936829,0.8018167614936829,0.8018167614936829,1005.0,0.23928570747375488
local,local,,,2,172,data_4200_4_3.0_chordal_rep00,train_epoch,train,,,58,0.09891043615483103,,,,,,,,4200,,,,,,,,,,,
local,local,,,2,172,data_4200_4_3.0_chordal_rep00,val_epoch,val,,,58,,0.12422831065597989,0.9687142857142857,0.8711904883384705,0.945992601726264,0.9443700909614563,0.9443700909614563,0.9443700909614563,4200,,,,,,,,,,,
local,local,,,2,172,data_4200_4_3.0_chordal_rep00,val_epoch_task,val,cycle2,,58,,,,,,,,,4200,1107.0,11.0,3081.0,1.0,0.9901610017889088,0.9990974729241877,0.9946091175079346,0.9946091175079346,0.9946091175079346,1108.0,0.26380953192710876
local,local,,,2,172,data_4200_4_3.0_chordal_rep00,val_epoch_task,val,cycle3,,58,,,,,,,,,4200,1309.0,29.0,2860.0,2.0,0.9783258594917787,0.9984744469870328,0.9882975220680237,0.9882975220680237,0.9882975220680237,1311.0,0.31214284896850586
local,local,,,2,172,data_4200_4_3.0_chordal_rep00,val_epoch_task,val,cycle4,,58,,,,,,,,,4200,1229.0,49.0,2916.0,6.0,0.9616588419405321,0.9951417004048583,0.9781138300895691,0.9781138300895691,0.9781138300895691,1235.0,0.29404762387275696
local,local,,,2,172,data_4200_4_3.0_chordal_rep00,val_epoch_task,val,cycle5,,58,,,,,,,,,4200,1178.0,206.0,2794.0,22.0,0.8511560693641619,0.9816666666666667,0.9117646813392639,0.9117646813392639,0.9117646813392639,1200.0,0.2857142984867096
local,local,,,2,172,data_4200_4_3.0_chordal_rep00,val_epoch_task,val,cycle6,,58,,,,,,,,,4200,931.0,257.0,2938.0,74.0,0.7836700336700336,0.9263681592039801,0.8490651845932007,0.8490651845932007,0.8490651845932007,1005.0,0.23928570747375488
local,local,,,2,172,data_4200_4_3.0_chordal_rep00,train_epoch,train,,,59,0.1176914252837499,,,,,,,,4200,,,,,,,,,,,
local,local,,,2,172,data_4200_4_3.0_chordal_rep00,val_epoch,val,,,59,,0.13247767011324565,0.9656666666666667,0.8604761958122253,0.9403590040532716,0.9390387535095215,0.9390387535095215,0.9390387535095215,4200,,,,,,,,,,,
local,local,,,2,172,data_4200_4_3.0_chordal_rep00,val_epoch_task,val,cycle2,,59,,,,,,,,,4200,1108.0,23.0,3069.0,0.0,0.9796640141467727,1.0,0.9897275567054749,0.9897275567054749,0.9897275567054749,1108.0,0.26380953192710876
local,local,,,2,172,data_4200_4_3.0_chordal_rep00,val_epoch_task,val,cycle3,,59,,,,,,,,,4200,1307.0,27.0,2862.0,4.0,0.97976011994003,0.9969488939740656,0.9882797598838806,0.9882797598838806,0.9882797598838806,1311.0,0.31214284896850586
local,local,,,2,172,data_4200_4_3.0_chordal_rep00,val_epoch_task,val,cycle4,,59,,,,,,,,,4200,1178.0,32.0,2933.0,57.0,0.9735537190082645,0.9538461538461539,0.9635991454124451,0.9635991454124451,0.9635991454124451,1235.0,0.29404762387275696
local,local,,,2,172,data_4200_4_3.0_chordal_rep00,val_epoch_task,val,cycle5,,59,,,,,,,,,4200,1142.0,123.0,2877.0,58.0,0.9027667984189723,0.9516666666666667,0.9265719652175903,0.9265719652175903,0.9265719652175903,1200.0,0.2857142984867096
local,local,,,2,172,data_4200_4_3.0_chordal_rep00,val_epoch_task,val,cycle6,,59,,,,,,,,,4200,949.0,341.0,2854.0,56.0,0.7356589147286822,0.9442786069651742,0.827015221118927,0.827015221118927,0.827015221118927,1005.0,0.23928570747375488
local,local,,,2,172,data_4200_4_3.0_chordal_rep00,train_epoch,train,,,60,0.10029982869114194,,,,,,,,4200,,,,,,,,,,,
local,local,,,2,172,data_4200_4_3.0_chordal_rep00,val_epoch,val,,,60,,0.16455813548394613,0.9694761904761905,0.8709523677825928,0.9452277193881912,0.9396747350692749,0.9396747350692749,0.9396747350692749,4200,,,,,,,,,,,
local,local,,,2,172,data_4200_4_3.0_chordal_rep00,val_epoch_task,val,cycle2,,60,,,,,,,,,4200,1099.0,11.0,3081.0,9.0,0.9900900900900901,0.9918772563176895,0.9909828305244446,0.9909828305244446,0.9909828305244446,1108.0,0.26380953192710876
local,local,,,2,172,data_4200_4_3.0_chordal_rep00,val_epoch_task,val,cycle3,,60,,,,,,,,,4200,1299.0,9.0,2880.0,12.0,0.9931192660550459,0.9908466819221968,0.9919817447662354,0.9919817447662354,0.9919817447662354,1311.0,0.31214284896850586
local,local,,,2,172,data_4200_4_3.0_chordal_rep00,val_epoch_task,val,cycle4,,60,,,,,,,,,4200,1204.0,29.0,2936.0,31.0,0.9764801297648013,0.9748987854251012,0.9756888151168823,0.9756888151168823,0.9756888151168823,1235.0,0.29404762387275696
local,local,,,2,172,data_4200_4_3.0_chordal_rep00,val_epoch_task,val,cycle5,,60,,,,,,,,,4200,1145.0,108.0,2892.0,55.0,0.9138068635275339,0.9541666666666667,0.9335507154464722,0.9335507154464722,0.9335507154464722,1200.0,0.2857142984867096
local,local,,,2,172,data_4200_4_3.0_chordal_rep00,val_epoch_task,val,cycle6,,60,,,,,,,,,4200,784.0,156.0,3039.0,221.0,0.8340425531914893,0.7800995024875622,0.8061696887016296,0.8061696887016296,0.8061696887016296,1005.0,0.23928570747375488
local,local,,,2,172,data_4200_4_3.0_chordal_rep00,train_epoch,train,,,61,0.09530187709700494,,,,,,,,4200,,,,,,,,,,,
local,local,,,2,172,data_4200_4_3.0_chordal_rep00,val_epoch,val,,,61,,0.13303704889047713,0.9694761904761905,0.875,0.946480754779995,0.9441157579421997,0.9441157579421997,0.9441157579421997,4200,,,,,,,,,,,
local,local,,,2,172,data_4200_4_3.0_chordal_rep00,val_epoch_task,val,cycle2,,61,,,,,,,,,4200,1107.0,23.0,3069.0,1.0,0.9796460176991151,0.9990974729241877,0.989276111125946,0.989276111125946,0.989276111125946,1108.0,0.26380953192710876
local,local,,,2,172,data_4200_4_3.0_chordal_rep00,val_epoch_task,val,cycle3,,61,,,,,,,,,4200,1308.0,36.0,2853.0,3.0,0.9732142857142857,0.9977116704805492,0.9853106737136841,0.9853106737136841,0.9853106737136841,1311.0,0.31214284896850586
local,local,,,2,172,data_4200_4_3.0_chordal_rep00,val_epoch_task,val,cycle4,,61,,,,,,,,,4200,1212.0,51.0,2914.0,23.0,0.9596199524940617,0.9813765182186235,0.9703763723373413,0.9703763723373413,0.9703763723373413,1235.0,0.29404762387275696
local,local,,,2,172,data_4200_4_3.0_chordal_rep00,val_epoch_task,val,cycle5,,61,,,,,,,,,4200,1124.0,82.0,2918.0,76.0,0.9320066334991708,0.9366666666666666,0.9343308806419373,0.9343308806419373,0.9343308806419373,1200.0,0.2857142984867096
local,local,,,2,172,data_4200_4_3.0_chordal_rep00,val_epoch_task,val,cycle6,,61,,,,,,,,,4200,917.0,258.0,2937.0,88.0,0.7804255319148936,0.9124378109452737,0.8412843942642212,0.8412843942642212,0.8412843942642212,1005.0,0.23928570747375488
local,local,,,2,172,data_4200_4_3.0_chordal_rep00,train_epoch,train,,,62,0.09646308905311993,,,,,,,,4200,,,,,,,,,,,
local,local,,,2,172,data_4200_4_3.0_chordal_rep00,val_epoch,val,,,62,,0.11152948541300638,0.9728571428571429,0.8904761672019958,0.9526499418508059,0.9507048726081848,0.9507048726081848,0.9507048726081848,4200,,,,,,,,,,,
local,local,,,2,172,data_4200_4_3.0_chordal_rep00,val_epoch_task,val,cycle2,,62,,,,,,,,,4200,1108.0,19.0,3073.0,0.0,0.9831410825199645,1.0,0.9914988875389099,0.9914988875389099,0.9914988875389099,1108.0,0.26380953192710876
local,local,,,2,172,data_4200_4_3.0_chordal_rep00,val_epoch_task,val,cycle3,,62,,,,,,,,,4200,1310.0,14.0,2875.0,1.0,0.9894259818731118,0.9992372234935164,0.9943073987960815,0.9943073987960815,0.9943073987960815,1311.0,0.31214284896850586
local,local,,,2,172,data_4200_4_3.0_chordal_rep00,val_epoch_task,val,cycle4,,62,,,,,,,,,4200,1220.0,51.0,2914.0,15.0,0.9598741148701809,0.9878542510121457,0.9736632108688354,0.9736632108688354,0.9736632108688354,1235.0,0.29404762387275696
local,local,,,2,172,data_4200_4_3.0_chordal_rep00,val_epoch_task,val,cycle5,,62,,,,,,,,,4200,1158.0,140.0,2860.0,42.0,0.8921417565485362,0.965,0.9271417260169983,0.9271417260169983,0.9271417260169983,1200.0,0.2857142984867096
local,local,,,2,172,data_4200_4_3.0_chordal_rep00,val_epoch_task,val,cycle6,,62,,,,,,,,,4200,938.0,221.0,2974.0,67.0,0.8093183779119931,0.9333333333333333,0.8669131398200989,0.8669131398200989,0.8669131398200989,1005.0,0.23928570747375488
local,local,,,2,172,data_4200_4_3.0_chordal_rep00,train_epoch,train,,,63,0.09550637197636423,,,,,,,,4200,,,,,,,,,,,
local,local,,,2,172,data_4200_4_3.0_chordal_rep00,val_epoch,val,,,63,,0.16070230912594569,0.968047619047619,0.868571400642395,0.9433611884865367,0.9403623342514038,0.9403623342514038,0.9403623342514038,4200,,,,,,,,,,,
local,local,,,2,172,data_4200_4_3.0_chordal_rep00,val_epoch_task,val,cycle2,,63,,,,,,,,,4200,1107.0,14.0,3078.0,1.0,0.9875111507582516,0.9990974729241877,0.9932705163955688,0.9932705163955688,0.9932705163955688,1108.0,0.26380953192710876
local,local,,,2,172,data_4200_4_3.0_chordal_rep00,val_epoch_task,val,cycle3,,63,,,,,,,,,4200,1310.0,33.0,2856.0,1.0,0.9754281459419211,0.9992372234935164,0.9871891140937805,0.9871891140937805,0.9871891140937805,1311.0,0.31214284896850586
local,local,,,2,172,data_4200_4_3.0_chordal_rep00,val_epoch_task,val,cycle4,,63,,,,,,,,,4200,1211.0,37.0,2928.0,24.0,0.9703525641025641,0.9805668016194332,0.9754329323768616,0.9754329323768616,0.9754329323768616,1235.0,0.29404762387275696
local,local,,,2,172,data_4200_4_3.0_chordal_rep00,val_epoch_task,val,cycle5,,63,,,,,,,,,4200,1070.0,78.0,2922.0,130.0,0.9320557491289199,0.8916666666666667,0.9114140272140503,0.9114140272140503,0.9114140272140503,1200.0,0.2857142984867096
local,local,,,2,172,data_4200_4_3.0_chordal_rep00,val_epoch_task,val,cycle6,,63,,,,,,,,,4200,890.0,238.0,2957.0,115.0,0.7890070921985816,0.8855721393034826,0.8345053791999817,0.8345053791999817,0.8345053791999817,1005.0,0.23928570747375488
local,local,,,2,172,data_4200_4_3.0_chordal_rep00,train_epoch,train,,,64,0.09663372281051817,,,,,,,,4200,,,,,,,,,,,
local,local,,,2,172,data_4200_4_3.0_chordal_rep00,val_epoch,val,,,64,,0.13885384431907108,0.9589047619047619,0.8335714340209961,0.9307328035957941,0.9319190979003906,0.9319190979003906,0.9319190979003906,4200,,,,,,,,,,,
local,local,,,2,172,data_4200_4_3.0_chordal_rep00,val_epoch_task,val,cycle2,,64,,,,,,,,,4200,1107.0,14.0,3078.0,1.0,0.9875111507582516,0.9990974729241877,0.9932705163955688,0.9932705163955688,0.9932705163955688,1108.0,0.26380953192710876
local,local,,,2,172,data_4200_4_3.0_chordal_rep00,val_epoch_task,val,cycle3,,64,,,,,,,,,4200,1302.0,16.0,2873.0,9.0,0.9878603945371776,0.9931350114416476,0.9904906749725342,0.9904906749725342,0.9904906749725342,1311.0,0.31214284896850586
local,local,,,2,172,data_4200_4_3.0_chordal_rep00,val_epoch_task,val,cycle4,,64,,,,,,,,,4200,1225.0,40.0,2925.0,10.0,0.9683794466403162,0.9919028340080972,0.9799999594688416,0.9799999594688416,0.9799999594688416,1235.0,0.29404762387275696
local,local,,,2,172,data_4200_4_3.0_chordal_rep00,val_epoch_task,val,cycle5,,64,,,,,,,,,4200,1181.0,189.0,2811.0,19.0,0.862043795620438,0.9841666666666666,0.9190661907196045,0.9190661907196045,0.9190661907196045,1200.0,0.2857142984867096
local,local,,,2,172,data_4200_4_3.0_chordal_rep00,val_epoch_task,val,cycle6,,64,,,,,,,,,4200,983.0,543.0,2652.0,22.0,0.6441677588466579,0.9781094527363184,0.776768147945404,0.776768147945404,0.776768147945404,1005.0,0.23928570747375488
local,local,,,2,172,data_4200_4_3.0_chordal_rep00,train_epoch,train,,,65,0.09322467339180765,,,,,,,,4200,,,,,,,,,,,
local,local,,,2,172,data_4200_4_3.0_chordal_rep00,val_epoch,val,,,65,,0.11971868503661383,0.9656190476190476,0.8602380752563477,0.9410323423717739,0.9401707649230957,0.9401707649230957,0.9401707649230957,4200,,,,,,,,,,,
local,local,,,2,172,data_4200_4_3.0_chordal_rep00,val_epoch_task,val,cycle2,,65,,,,,,,,,4200,1106.0,17.0,3075.0,2.0,0.9848619768477292,0.9981949458483754,0.9914836287498474,0.9914836287498474,0.9914836287498474,1108.0,0.26380953192710876
local,local,,,2,172,data_4200_4_3.0_chordal_rep00,val_epoch_task,val,cycle3,,65,,,,,,,,,4200,1306.0,13.0,2876.0,5.0,0.9901440485216073,0.996186117467582,0.9931558966636658,0.9931558966636658,0.9931558966636658,1311.0,0.31214284896850586
local,local,,,2,172,data_4200_4_3.0_chordal_rep00,val_epoch_task,val,cycle4,,65,,,,,,,,,4200,1223.0,62.0,2903.0,12.0,0.9517509727626459,0.9902834008097166,0.9706348776817322,0.9706348776817322,0.9706348776817322,1235.0,0.29404762387275696
local,local,,,2,172,data_4200_4_3.0_chordal_rep00,val_epoch_task,val,cycle5,,65,,,,,,,,,4200,1166.0,126.0,2874.0,34.0,0.9024767801857585,0.9716666666666667,0.9357945322990417,0.9357945322990417,0.9357945322990417,1200.0,0.2857142984867096
local,local,,,2,172,data_4200_4_3.0_chordal_rep00,val_epoch_task,val,cycle6,,65,,,,,,,,,4200,960.0,406.0,2789.0,45.0,0.7027818448023426,0.9552238805970149,0.8097848892211914,0.8097848892211914,0.8097848892211914,1005.0,0.23928570747375488
local,local,,,2,172,data_4200_4_3.0_chordal_rep00,train_epoch,train,,,66,0.08971326983400754,,,,,,,,4200,,,,,,,,,,,
local,local,,,2,172,data_4200_4_3.0_chordal_rep00,val_epoch,val,,,66,,0.11439090595358894,0.9732857142857143,0.8940476179122925,0.9533549513594414,0.9512571096420288,0.9512571096420288,0.9512571096420288,4200,,,,,,,,,,,
local,local,,,2,172,data_4200_4_3.0_chordal_rep00,val_epoch_task,val,cycle2,,66,,,,,,,,,4200,1108.0,13.0,3079.0,0.0,0.9884032114183765,1.0,0.9941678047180176,0.9941678047180176,0.9941678047180176,1108.0,0.26380953192710876
local,local,,,2,172,data_4200_4_3.0_chordal_rep00,val_epoch_task,val,cycle3,,66,,,,,,,,,4200,1309.0,25.0,2864.0,2.0,0.9812593703148426,0.9984744469870328,0.9897921085357666,0.9897921085357666,0.9897921085357666,1311.0,0.31214284896850586
local,local,,,2,172,data_4200_4_3.0_chordal_rep00,val_epoch_task,val,cycle4,,66,,,,,,,,,4200,1226.0,49.0,2916.0,9.0,0.9615686274509804,0.9927125506072875,0.9768924713134766,0.9768924713134766,0.9768924713134766,1235.0,0.29404762387275696
local,local,,,2,172,data_4200_4_3.0_chordal_rep00,val_epoch_task,val,cycle5,,66,,,,,,,,,4200,1166.0,143.0,2857.0,34.0,0.8907563025210085,0.9716666666666667,0.92945396900177,0.92945396900177,0.92945396900177,1200.0,0.2857142984867096
local,local,,,2,172,data_4200_4_3.0_chordal_rep00,val_epoch_task,val,cycle6,,66,,,,,,,,,4200,924.0,205.0,2990.0,81.0,0.8184233835252436,0.9194029850746268,0.8659793734550476,0.8659793734550476,0.8659793734550476,1005.0,0.23928570747375488
local,local,,,2,172,data_4200_4_3.0_chordal_rep00,train_epoch,train,,,67,0.09869113736918994,,,,,,,,4200,,,,,,,,,,,
local,local,,,2,172,data_4200_4_3.0_chordal_rep00,val_epoch,val,,,67,,0.11093388154393151,0.969047619047619,0.8730952143669128,0.9467387741724025,0.9455461502075195,0.9455461502075195,0.9455461502075195,4200,,,,,,,,,,,
local,local,,,2,172,data_4200_4_3.0_chordal_rep00,val_epoch_task,val,cycle2,,67,,,,,,,,,4200,1106.0,15.0,3077.0,2.0,0.9866190900981266,0.9981949458483754,0.9923732280731201,0.9923732280731201,0.9923732280731201,1108.0,0.26380953192710876
local,local,,,2,172,data_4200_4_3.0_chordal_rep00,val_epoch_task,val,cycle3,,67,,,,,,,,,4200,1309.0,30.0,2859.0,2.0,0.977595220313667,0.9984744469870328,0.9879244565963745,0.9879244565963745,0.9879244565963745,1311.0,0.31214284896850586
local,local,,,2,172,data_4200_4_3.0_chordal_rep00,val_epoch_task,val,cycle4,,67,,,,,,,,,4200,1228.0,51.0,2914.0,7.0,0.9601250977326036,0.994331983805668,0.9769291877746582,0.9769291877746582,0.9769291877746582,1235.0,0.29404762387275696
local,local,,,2,172,data_4200_4_3.0_chordal_rep00,val_epoch_task,val,cycle5,,67,,,,,,,,,4200,1167.0,130.0,2870.0,33.0,0.899768696993061,0.9725,0.9347217082977295,0.9347217082977295,0.9347217082977295,1200.0,0.2857142984867096
local,local,,,2,172,data_4200_4_3.0_chordal_rep00,val_epoch_task,val,cycle6,,67,,,,,,,,,4200,967.0,342.0,2853.0,38.0,0.7387318563789153,0.9621890547263682,0.8357822299003601,0.8357822299003601,0.8357822299003601,1005.0,0.23928570747375488
local,local,,,2,172,data_4200_4_3.0_chordal_rep00,train_epoch,train,,,68,0.0839739553630352,,,,,,,,4200,,,,,,,,,,,
local,local,,,2,172,data_4200_4_3.0_chordal_rep00,val_epoch,val,,,68,,0.11154472541950998,0.9674761904761905,0.869523823261261,0.944376577897223,0.9433104395866394,0.9433104395866394,0.9433104395866394,4200,,,,,,,,,,,
local,local,,,2,172,data_4200_4_3.0_chordal_rep00,val_epoch_task,val,cycle2,,68,,,,,,,,,4200,1108.0,6.0,3086.0,0.0,0.9946140035906643,1.0,0.9972997307777405,0.9972997307777405,0.9972997307777405,1108.0,0.26380953192710876
local,local,,,2,172,data_4200_4_3.0_chordal_rep00,val_epoch_task,val,cycle3,,68,,,,,,,,,4200,1311.0,13.0,2876.0,0.0,0.9901812688821753,1.0,0.9950664639472961,0.9950664639472961,0.9950664639472961,1311.0,0.31214284896850586
local,local,,,2,172,data_4200_4_3.0_chordal_rep00,val_epoch_task,val,cycle4,,68,,,,,,,,,4200,1233.0,64.0,2901.0,2.0,0.9506553585196608,0.9983805668016195,0.9739336371421814,0.9739336371421814,0.9739336371421814,1235.0,0.29404762387275696
local,local,,,2,172,data_4200_4_3.0_chordal_rep00,val_epoch_task,val,cycle5,,68,,,,,,,,,4200,1192.0,218.0,2782.0,8.0,0.8453900709219858,0.9933333333333333,0.9134100079536438,0.9134100079536438,0.9134100079536438,1200.0,0.2857142984867096
local,local,,,2,172,data_4200_4_3.0_chordal_rep00,val_epoch_task,val,cycle6,,68,,,,,,,,,4200,954.0,321.0,2874.0,51.0,0.7482352941176471,0.9492537313432836,0.8368421196937561,0.8368421196937561,0.8368421196937561,1005.0,0.23928570747375488
local,local,,,2,172,data_4200_4_3.0_chordal_rep00,train_epoch,train,,,69,0.09439770220291047,,,,,,,,4200,,,,,,,,,,,
local,local,,,2,172,data_4200_4_3.0_chordal_rep00,val_epoch,val,,,69,,0.12030570859000797,0.9699047619047619,0.8738095164299011,0.9475953565505805,0.9451990127563477,0.9451990127563477,0.9451990127563477,4200,,,,,,,,,,,
local,local,,,2,172,data_4200_4_3.0_chordal_rep00,val_epoch_task,val,cycle2,,69,,,,,,,,,4200,1108.0,13.0,3079.0,0.0,0.9884032114183765,1.0,0.9941678047180176,0.9941678047180176,0.9941678047180176,1108.0,0.26380953192710876
local,local,,,2,172,data_4200_4_3.0_chordal_rep00,val_epoch_task,val,cycle3,,69,,,,,,,,,4200,1311.0,20.0,2869.0,0.0,0.9849737039819685,1.0,0.9924300312995911,0.9924300312995911,0.9924300312995911,1311.0,0.31214284896850586
local,local,,,2,172,data_4200_4_3.0_chordal_rep00,val_epoch_task,val,cycle4,,69,,,,,,,,,4200,1219.0,35.0,2930.0,16.0,0.9720893141945773,0.9870445344129555,0.9795098304748535,0.9795098304748535,0.9795098304748535,1235.0,0.29404762387275696
local,local,,,2,172,data_4200_4_3.0_chordal_rep00,val_epoch_task,val,cycle5,,69,,,,,,,,,4200,1181.0,200.0,2800.0,19.0,0.8551774076755974,0.9841666666666666,0.9151492118835449,0.9151492118835449,0.9151492118835449,1200.0,0.2857142984867096
local,local,,,2,172,data_4200_4_3.0_chordal_rep00,val_epoch_task,val,cycle6,,69,,,,,,,,,4200,895.0,219.0,2976.0,110.0,0.803411131059246,0.8905472636815921,0.8447381258010864,0.8447381258010864,0.8447381258010864,1005.0,0.23928570747375488
local,local,,,2,172,data_4200_4_3.0_chordal_rep00,train_epoch,train,,,70,0.08668882077648526,,,,,,,,4200,,,,,,,,,,,
local,local,,,2,172,data_4200_4_3.0_chordal_rep00,val_epoch,val,,,70,,0.10830114622910818,0.972047619047619,0.8866666555404663,0.9513952140432227,0.9498400688171387,0.9498400688171387,0.9498400688171387,4200,,,,,,,,,,,
local,local,,,2,172,data_4200_4_3.0_chordal_rep00,val_epoch_task,val,cycle2,,70,,,,,,,,,4200,1107.0,13.0,3079.0,1.0,0.9883928571428572,0.9990974729241877,0.9937163591384888,0.9937163591384888,0.9937163591384888,1108.0,0.26380953192710876
local,local,,,2,172,data_4200_4_3.0_chordal_rep00,val_epoch_task,val,cycle3,,70,,,,,,,,,4200,1306.0,14.0,2875.0,5.0,0.9893939393939394,0.996186117467582,0.9927784204483032,0.9927784204483032,0.9927784204483032,1311.0,0.31214284896850586
local,local,,,2,172,data_4200_4_3.0_chordal_rep00,val_epoch_task,val,cycle4,,70,,,,,,,,,4200,1222.0,59.0,2906.0,13.0,0.9539422326307572,0.9894736842105263,0.9713832139968872,0.9713832139968872,0.9713832139968872,1235.0,0.29404762387275696
local,local,,,2,172,data_4200_4_3.0_chordal_rep00,val_epoch_task,val,cycle5,,70,,,,,,,,,4200,1151.0,93.0,2907.0,49.0,0.9252411575562701,0.9591666666666666,0.9418985247612,0.9418985247612,0.9418985247612,1200.0,0.2857142984867096
local,local,,,2,172,data_4200_4_3.0_chordal_rep00,val_epoch_task,val,cycle6,,70,,,,,,,,,4200,959.0,294.0,2901.0,46.0,0.7653631284916201,0.954228855721393,0.8494242429733276,0.8494242429733276,0.8494242429733276,1005.0,0.23928570747375488
local,local,,,2,172,data_4200_4_3.0_chordal_rep00,train_epoch,train,,,71,0.09362777847619284,,,,,,,,4200,,,,,,,,,,,
local,local,,,2,172,data_4200_4_3.0_chordal_rep00,val_epoch,val,,,71,,0.1357473493048123,0.9736190476190476,0.8919047713279724,0.9531540673093184,0.9502046704292297,0.9502046704292297,0.9502046704292297,4200,,,,,,,,,,,
local,local,,,2,172,data_4200_4_3.0_chordal_rep00,val_epoch_task,val,cycle2,,71,,,,,,,,,4200,1108.0,19.0,3073.0,0.0,0.9831410825199645,1.0,0.9914988875389099,0.9914988875389099,0.9914988875389099,1108.0,0.26380953192710876
local,local,,,2,172,data_4200_4_3.0_chordal_rep00,val_epoch_task,val,cycle3,,71,,,,,,,,,4200,1289.0,5.0,2884.0,22.0,0.9961360123647605,0.9832189168573608,0.9896353483200073,0.9896353483200073,0.9896353483200073,1311.0,0.31214284896850586
local,local,,,2,172,data_4200_4_3.0_chordal_rep00,val_epoch_task,val,cycle4,,71,,,,,,,,,4200,1210.0,37.0,2928.0,25.0,0.9703287890938251,0.979757085020243,0.975020170211792,0.975020170211792,0.975020170211792,1235.0,0.29404762387275696
local,local,,,2,172,data_4200_4_3.0_chordal_rep00,val_epoch_task,val,cycle5,,71,,,,,,,,,4200,1152.0,112.0,2888.0,48.0,0.9113924050632911,0.96,0.935064971446991,0.935064971446991,0.935064971446991,1200.0,0.2857142984867096
local,local,,,2,172,data_4200_4_3.0_chordal_rep00,val_epoch_task,val,cycle6,,71,,,,,,,,,4200,877.0,158.0,3037.0,128.0,0.8473429951690822,0.872636815920398,0.8598039150238037,0.8598039150238037,0.8598039150238037,1005.0,0.23928570747375488
local,local,,,2,172,data_4200_4_3.0_chordal_rep00,train_epoch,train,,,72,0.0966055696776935,,,,,,,,4200,,,,,,,,,,,
local,local,,,2,172,data_4200_4_3.0_chordal_rep00,val_epoch,val,,,72,,0.10720747011048454,0.9746190476190476,0.8964285850524902,0.9555203204539764,0.9532564282417297,0.9532564282417297,0.9532564282417297,4200,,,,,,,,,,,
local,local,,,2,172,data_4200_4_3.0_chordal_rep00,val_epoch_task,val,cycle2,,72,,,,,,,,,4200,1107.0,15.0,3077.0,1.0,0.9866310160427807,0.9990974729241877,0.9928250908851624,0.9928250908851624,0.9928250908851624,1108.0,0.26380953192710876
local,local,,,2,172,data_4200_4_3.0_chordal_rep00,val_epoch_task,val,cycle3,,72,,,,,,,,,4200,1307.0,15.0,2874.0,4.0,0.9886535552193646,0.9969488939740656,0.9927839040756226,0.9927839040756226,0.9927839040756226,1311.0,0.31214284896850586
local,local,,,2,172,data_4200_4_3.0_chordal_rep00,val_epoch_task,val,cycle4,,72,,,,,,,,,4200,1225.0,50.0,2915.0,10.0,0.9607843137254902,0.9919028340080972,0.9760956168174744,0.9760956168174744,0.9760956168174744,1235.0,0.29404762387275696
local,local,,,2,172,data_4200_4_3.0_chordal_rep00,val_epoch_task,val,cycle5,,72,,,,,,,,,4200,1165.0,124.0,2876.0,35.0,0.9038013964313422,0.9708333333333333,0.9361189007759094,0.9361189007759094,0.9361189007759094,1200.0,0.2857142984867096
local,local,,,2,172,data_4200_4_3.0_chordal_rep00,val_epoch_task,val,cycle6,,72,,,,,,,,,4200,921.0,195.0,3000.0,84.0,0.8252688172043011,0.9164179104477612,0.8684582710266113,0.8684582710266113,0.8684582710266113,1005.0,0.23928570747375488
local,local,,,2,172,data_4200_4_3.0_chordal_rep00,train_epoch,train,,,73,0.08694222793692634,,,,,,,,4200,,,,,,,,,,,
local,local,,,2,172,data_4200_4_3.0_chordal_rep00,val_epoch,val,,,73,,0.13368270533425466,0.9687142857142857,0.8702380657196045,0.9455359363342453,0.9437875747680664,0.9437875747680664,0.9437875747680664,4200,,,,,,,,,,,
local,local,,,2,172,data_4200_4_3.0_chordal_rep00,val_epoch_task,val,cycle2,,73,,,,,,,,,4200,1107.0,15.0,3077.0,1.0,0.9866310160427807,0.9990974729241877,0.9928250908851624,0.9928250908851624,0.9928250908851624,1108.0,0.26380953192710876
local,local,,,2,172,data_4200_4_3.0_chordal_rep00,val_epoch_task,val,cycle3,,73,,,,,,,,,4200,1308.0,20.0,2869.0,3.0,0.9849397590361446,0.9977116704805492,0.9912845492362976,0.9912845492362976,0.9912845492362976,1311.0,0.31214284896850586
local,local,,,2,172,data_4200_4_3.0_chordal_rep00,val_epoch_task,val,cycle4,,73,,,,,,,,,4200,1214.0,63.0,2902.0,21.0,0.9506656225528582,0.982995951417004,0.9665604829788208,0.9665604829788208,0.9665604829788208,1235.0,0.29404762387275696
local,local,,,2,172,data_4200_4_3.0_chordal_rep00,val_epoch_task,val,cycle5,,73,,,,,,,,,4200,1133.0,93.0,2907.0,67.0,0.9241435562805873,0.9441666666666667,0.9340478181838989,0.9340478181838989,0.9340478181838989,1200.0,0.2857142984867096
local,local,,,2,172,data_4200_4_3.0_chordal_rep00,val_epoch_task,val,cycle6,,73,,,,,,,,,4200,941.0,310.0,2885.0,64.0,0.7521982414068745,0.936318407960199,0.8342198133468628,0.8342198133468628,0.8342198133468628,1005.0,0.23928570747375488
local,local,,,2,172,data_4200_4_3.0_chordal_rep00,train_epoch,train,,,74,0.0854421237678755,,,,,,,,4200,,,,,,,,,,,
local,local,,,2,172,data_4200_4_3.0_chordal_rep00,val_epoch,val,,,74,,0.11417621717566535,0.9684285714285714,0.8719047904014587,0.9456334563345633,0.9444267153739929,0.9444267153739929,0.9444267153739929,4200,,,,,,,,,,,
local,local,,,2,172,data_4200_4_3.0_chordal_rep00,val_epoch_task,val,cycle2,,74,,,,,,,,,4200,1105.0,22.0,3070.0,3.0,0.9804791481810116,0.9972924187725631,0.9888142943382263,0.9888142943382263,0.9888142943382263,1108.0,0.26380953192710876
local,local,,,2,172,data_4200_4_3.0_chordal_rep00,val_epoch_task,val,cycle3,,74,,,,,,,,,4200,1311.0,34.0,2855.0,0.0,0.9747211895910781,1.0,0.9871987700462341,0.9871987700462341,0.9871987700462341,1311.0,0.31214284896850586
local,local,,,2,172,data_4200_4_3.0_chordal_rep00,val_epoch_task,val,cycle4,,74,,,,,,,,,4200,1207.0,48.0,2917.0,28.0,0.9617529880478087,0.977327935222672,0.9694778919219971,0.9694778919219971,0.9694778919219971,1235.0,0.29404762387275696
local,local,,,2,172,data_4200_4_3.0_chordal_rep00,val_epoch_task,val,cycle5,,74,,,,,,,,,4200,1176.0,177.0,2823.0,24.0,0.8691796008869179,0.98,0.9212691187858582,0.9212691187858582,0.9212691187858582,1200.0,0.2857142984867096
local,local,,,2,172,data_4200_4_3.0_chordal_rep00,val_epoch_task,val,cycle6,,74,,,,,,,,,4200,967.0,289.0,2906.0,38.0,0.7699044585987261,0.9621890547263682,0.8553736805915833,0.8553736805915833,0.8553736805915833,1005.0,0.23928570747375488
local,local,,,2,172,data_4200_4_3.0_chordal_rep00,train_epoch,train,,,75,0.09600572739328657,,,,,,,,4200,,,,,,,,,,,
local,local,,,2,172,data_4200_4_3.0_chordal_rep00,val_epoch,val,,,75,,0.12080483117983455,0.9680952380952381,0.871666669845581,0.9449013157894737,0.943132221698761,0.943132221698761,0.943132221698761,4200,,,,,,,,,,,
local,local,,,2,172,data_4200_4_3.0_chordal_rep00,val_epoch_task,val,cycle2,,75,,,,,,,,,4200,1106.0,29.0,3063.0,2.0,0.9744493392070485,0.9981949458483754,0.9861791729927063,0.9861791729927063,0.9861791729927063,1108.0,0.26380953192710876
local,local,,,2,172,data_4200_4_3.0_chordal_rep00,val_epoch_task,val,cycle3,,75,,,,,,,,,4200,1310.0,8.0,2881.0,1.0,0.9939301972685888,0.9992372234935164,0.996576726436615,0.996576726436615,0.996576726436615,1311.0,0.31214284896850586
local,local,,,2,172,data_4200_4_3.0_chordal_rep00,val_epoch_task,val,cycle4,,75,,,,,,,,,4200,1222.0,74.0,2891.0,13.0,0.9429012345679012,0.9894736842105263,0.9656262397766113,0.9656262397766113,0.9656262397766113,1235.0,0.29404762387275696
local,local,,,2,172,data_4200_4_3.0_chordal_rep00,val_epoch_task,val,cycle5,,75,,,,,,,,,4200,1166.0,185.0,2815.0,34.0,0.8630643967431533,0.9716666666666667,0.9141513109207153,0.9141513109207153,0.9141513109207153,1200.0,0.2857142984867096
local,local,,,2,172,data_4200_4_3.0_chordal_rep00,val_epoch_task,val,cycle6,,75,,,,,,,,,4200,941.0,260.0,2935.0,64.0,0.7835137385512073,0.936318407960199,0.8531277775764465,0.8531277775764465,0.8531277775764465,1005.0,0.23928570747375488
local,local,,,2,172,data_4200_4_3.0_chordal_rep00,train_epoch,train,,,76,0.09216632180270695,,,,,,,,4200,,,,,,,,,,,
local,local,,,2,172,data_4200_4_3.0_chordal_rep00,val_epoch,val,,,76,,0.1257573378937585,0.9690952380952381,0.8752381205558777,0.9463503347937504,0.9447363615036011,0.9447363615036011,0.9447363615036011,4200,,,,,,,,,,,
local,local,,,2,172,data_4200_4_3.0_chordal_rep00,val_epoch_task,val,cycle2,,76,,,,,,,,,4200,1107.0,24.0,3068.0,1.0,0.9787798408488063,0.9990974729241877,0.9888342618942261,0.9888342618942261,0.9888342618942261,1108.0,0.26380953192710876
local,local,,,2,172,data_4200_4_3.0_chordal_rep00,val_epoch_task,val,cycle3,,76,,,,,,,,,4200,1310.0,37.0,2852.0,1.0,0.9725315515961396,0.9992372234935164,0.9857035279273987,0.9857035279273987,0.9857035279273987,1311.0,0.31214284896850586
local,local,,,2,172,data_4200_4_3.0_chordal_rep00,val_epoch_task,val,cycle4,,76,,,,,,,,,4200,1211.0,40.0,2925.0,24.0,0.9680255795363709,0.9805668016194332,0.9742558002471924,0.9742558002471924,0.9742558002471924,1235.0,0.29404762387275696
local,local,,,2,172,data_4200_4_3.0_chordal_rep00,val_epoch_task,val,cycle5,,76,,,,,,,,,4200,1145.0,98.0,2902.0,55.0,0.9211584875301689,0.9541666666666667,0.937372088432312,0.937372088432312,0.937372088432312,1200.0,0.2857142984867096
local,local,,,2,172,data_4200_4_3.0_chordal_rep00,val_epoch_task,val,cycle6,,76,,,,,,,,,4200,951.0,315.0,2880.0,54.0,0.7511848341232228,0.9462686567164179,0.8375164866447449,0.8375164866447449,0.8375164866447449,1005.0,0.23928570747375488
local,local,,,2,172,data_4200_4_3.0_chordal_rep00,train_epoch,train,,,77,0.09127912640571595,,,,,,,,4200,,,,,,,,,,,
local,local,,,2,172,data_4200_4_3.0_chordal_rep00,val_epoch,val,,,77,,0.11222944989090874,0.9749523809523809,0.8997619152069092,0.9561593598933156,0.9539653658866882,0.9539653658866882,0.9539653658866882,4200,,,,,,,,,,,
local,local,,,2,172,data_4200_4_3.0_chordal_rep00,val_epoch_task,val,cycle2,,77,,,,,,,,,4200,1108.0,18.0,3074.0,0.0,0.9840142095914742,1.0,0.9919427037239075,0.9919427037239075,0.9919427037239075,1108.0,0.26380953192710876
local,local,,,2,172,data_4200_4_3.0_chordal_rep00,val_epoch_task,val,cycle3,,77,,,,,,,,,4200,1306.0,21.0,2868.0,5.0,0.984174830444612,0.996186117467582,0.9901440739631653,0.9901440739631653,0.9901440739631653,1311.0,0.31214284896850586
local,local,,,2,172,data_4200_4_3.0_chordal_rep00,val_epoch_task,val,cycle4,,77,,,,,,,,,4200,1230.0,51.0,2914.0,5.0,0.9601873536299765,0.9959514170040485,0.9777424335479736,0.9777424335479736,0.9777424335479736,1235.0,0.29404762387275696
local,local,,,2,172,data_4200_4_3.0_chordal_rep00,val_epoch_task,val,cycle5,,77,,,,,,,,,4200,1181.0,157.0,2843.0,19.0,0.882660687593423,0.9841666666666666,0.9306540489196777,0.9306540489196777,0.9306540489196777,1200.0,0.2857142984867096
local,local,,,2,172,data_4200_4_3.0_chordal_rep00,val_epoch_task,val,cycle6,,77,,,,,,,,,4200,911.0,156.0,3039.0,94.0,0.8537956888472352,0.9064676616915422,0.8793436288833618,0.8793436288833618,0.8793436288833618,1005.0,0.23928570747375488
local,local,,,2,172,data_4200_4_3.0_chordal_rep00,train_epoch,train,,,78,0.08934906103781291,,,,,,,,4200,,,,,,,,,,,
local,local,,,2,172,data_4200_4_3.0_chordal_rep00,val_epoch,val,,,78,,0.11588092781248546,0.9673333333333334,0.8657143115997314,0.9440548034578371,0.9432946443557739,0.9432946443557739,0.9432946443557739,4200,,,,,,,,,,,
local,local,,,2,172,data_4200_4_3.0_chordal_rep00,val_epoch_task,val,cycle2,,78,,,,,,,,,4200,1108.0,20.0,3072.0,0.0,0.9822695035460993,1.0,0.9910554885864258,0.9910554885864258,0.9910554885864258,1108.0,0.26380953192710876
local,local,,,2,172,data_4200_4_3.0_chordal_rep00,val_epoch_task,val,cycle3,,78,,,,,,,,,4200,1309.0,13.0,2876.0,2.0,0.9901664145234493,0.9984744469870328,0.9943031072616577,0.9943031072616577,0.9943031072616577,1311.0,0.31214284896850586
local,local,,,2,172,data_4200_4_3.0_chordal_rep00,val_epoch_task,val,cycle4,,78,,,,,,,,,4200,1222.0,58.0,2907.0,13.0,0.9546875,0.9894736842105263,0.9717693328857422,0.9717693328857422,0.9717693328857422,1235.0,0.29404762387275696
local,local,,,2,172,data_4200_4_3.0_chordal_rep00,val_epoch_task,val,cycle5,,78,,,,,,,,,4200,1174.0,122.0,2878.0,26.0,0.9058641975308642,0.9783333333333334,0.9407051801681519,0.9407051801681519,0.9407051801681519,1200.0,0.2857142984867096
local,local,,,2,172,data_4200_4_3.0_chordal_rep00,val_epoch_task,val,cycle6,,78,,,,,,,,,4200,975.0,402.0,2793.0,30.0,0.7080610021786492,0.9701492537313433,0.8186398148536682,0.8186398148536682,0.8186398148536682,1005.0,0.23928570747375488
local,local,,,2,172,data_4200_4_3.0_chordal_rep00,train_epoch,train,,,79,0.08265724109751837,,,,,,,,4200,,,,,,,,,,,
local,local,,,2,172,data_4200_4_3.0_chordal_rep00,val_epoch,val,,,79,,0.10527578341109411,0.9758095238095238,0.898809552192688,0.9573539288112828,0.9547966718673706,0.9547966718673706,0.9547966718673706,4200,,,,,,,,,,,
local,local,,,2,172,data_4200_4_3.0_chordal_rep00,val_epoch_task,val,cycle2,,79,,,,,,,,,4200,1108.0,7.0,3085.0,0.0,0.9937219730941704,1.0,0.9968510866165161,0.9968510866165161,0.9968510866165161,1108.0,0.26380953192710876
local,local,,,2,172,data_4200_4_3.0_chordal_rep00,val_epoch_task,val,cycle3,,79,,,,,,,,,4200,1311.0,18.0,2871.0,0.0,0.9864559819413092,1.0,0.9931818246841431,0.9931818246841431,0.9931818246841431,1311.0,0.31214284896850586
local,local,,,2,172,data_4200_4_3.0_chordal_rep00,val_epoch_task,val,cycle4,,79,,,,,,,,,4200,1224.0,43.0,2922.0,11.0,0.9660615627466457,0.9910931174089069,0.9784172773361206,0.9784172773361206,0.9784172773361206,1235.0,0.29404762387275696
local,local,,,2,172,data_4200_4_3.0_chordal_rep00,val_epoch_task,val,cycle5,,79,,,,,,,,,4200,1158.0,119.0,2881.0,42.0,0.9068128425998434,0.965,0.9350020289421082,0.9350020289421082,0.9350020289421082,1200.0,0.2857142984867096
local,local,,,2,172,data_4200_4_3.0_chordal_rep00,val_epoch_task,val,cycle6,,79,,,,,,,,,4200,901.0,164.0,3031.0,104.0,0.8460093896713615,0.8965174129353234,0.8705313801765442,0.8705313801765442,0.8705313801765442,1005.0,0.23928570747375488
local,local,,,2,172,data_4200_4_3.0_chordal_rep00,train_epoch,train,,,80,0.0866753548951376,,,,,,,,4200,,,,,,,,,,,
local,local,,,2,172,data_4200_4_3.0_chordal_rep00,val_epoch,val,,,80,,0.1104714108152049,0.9751428571428571,0.8969047665596008,0.9560901749663526,0.9530913233757019,0.9530913233757019,0.9530913233757019,4200,,,,,,,,,,,
local,local,,,2,172,data_4200_4_3.0_chordal_rep00,val_epoch_task,val,cycle2,,80,,,,,,,,,4200,1108.0,17.0,3075.0,0.0,0.9848888888888889,1.0,0.9923869371414185,0.9923869371414185,0.9923869371414185,1108.0,0.26380953192710876
local,local,,,2,172,data_4200_4_3.0_chordal_rep00,val_epoch_task,val,cycle3,,80,,,,,,,,,4200,1310.0,11.0,2878.0,1.0,0.991672975018925,0.9992372234935164,0.9954407215118408,0.9954407215118408,0.9954407215118408,1311.0,0.31214284896850586
local,local,,,2,172,data_4200_4_3.0_chordal_rep00,val_epoch_task,val,cycle4,,80,,,,,,,,,4200,1219.0,45.0,2920.0,16.0,0.9643987341772152,0.9870445344129555,0.9755902290344238,0.9755902290344238,0.9755902290344238,1235.0,0.29404762387275696
local,local,,,2,172,data_4200_4_3.0_chordal_rep00,val_epoch_task,val,cycle5,,80,,,,,,,,,4200,1156.0,98.0,2902.0,44.0,0.9218500797448166,0.9633333333333334,0.9421353340148926,0.9421353340148926,0.9421353340148926,1200.0,0.2857142984867096
local,local,,,2,172,data_4200_4_3.0_chordal_rep00,val_epoch_task,val,cycle6,,80,,,,,,,,,4200,890.0,175.0,3020.0,115.0,0.8356807511737089,0.8855721393034826,0.8599033355712891,0.8599033355712891,0.8599033355712891,1005.0,0.23928570747375488
local,local,,,2,172,data_4200_4_3.0_chordal_rep00,best_local_train,train,,,79,,0.07584726103714534,0.9815238095238096,0.9309523701667786,0.9658991035331341,0.9640699625015259,0.9640699625015259,0.9640699625015259,4200,,,,,,,,,,,
local,local,,,2,172,data_4200_4_3.0_chordal_rep00,best_local_train_task,train,cycle2,,79,,,,,,,,,4200,1200.0,24.0,2976.0,0.0,0.9803921568627451,1.0,0.9900989532470703,0.9900989532470703,0.9900989532470703,1200.0,0.2857142984867096
local,local,,,2,172,data_4200_4_3.0_chordal_rep00,best_local_train_task,train,cycle3,,79,,,,,,,,,4200,1189.0,25.0,2986.0,0.0,0.9794069192751236,1.0,0.9895963668823242,0.9895963668823242,0.9895963668823242,1189.0,0.28309524059295654
local,local,,,2,172,data_4200_4_3.0_chordal_rep00,best_local_train_task,train,cycle4,,79,,,,,,,,,4200,1134.0,43.0,3007.0,16.0,0.9634664401019541,0.9860869565217392,0.9746454954147339,0.9746454954147339,0.9746454954147339,1150.0,0.2738095223903656
local,local,,,2,172,data_4200_4_3.0_chordal_rep00,best_local_train_task,train,cycle5,,79,,,,,,,,,4200,1052.0,98.0,3029.0,21.0,0.9147826086956522,0.9804287045666356,0.946468710899353,0.946468710899353,0.946468710899353,1073.0,0.255476176738739
local,local,,,2,172,data_4200_4_3.0_chordal_rep00,best_local_train_task,train,cycle6,,79,,,,,,,,,4200,920.0,113.0,3119.0,48.0,0.8906098741529526,0.9504132231404959,0.9195402264595032,0.9195402264595032,0.9195402264595032,968.0,0.23047618567943573
local,local,,,2,172,data_4200_4_3.0_chordal_rep00,best_local_val,val,,,79,,0.12149948920522417,0.9724285714285714,0.8873809576034546,0.951413946463036,0.9485964775085449,0.9485964775085449,0.9485964775085449,4200,,,,,,,,,,,
local,local,,,2,172,data_4200_4_3.0_chordal_rep00,best_local_val_task,val,cycle2,,79,,,,,,,,,4200,1107.0,25.0,3067.0,1.0,0.9779151943462897,0.9990974729241877,0.9883928298950195,0.9883928298950195,0.9883928298950195,1108.0,0.26380953192710876
local,local,,,2,172,data_4200_4_3.0_chordal_rep00,best_local_val_task,val,cycle3,,79,,,,,,,,,4200,1310.0,23.0,2866.0,1.0,0.9827456864216054,0.9992372234935164,0.9909228682518005,0.9909228682518005,0.9909228682518005,1311.0,0.31214284896850586
local,local,,,2,172,data_4200_4_3.0_chordal_rep00,best_local_val_task,val,cycle4,,79,,,,,,,,,4200,1216.0,50.0,2915.0,19.0,0.9605055292259084,0.9846153846153847,0.972411036491394,0.972411036491394,0.972411036491394,1235.0,0.29404762387275696
local,local,,,2,172,data_4200_4_3.0_chordal_rep00,best_local_val_task,val,cycle5,,79,,,,,,,,,4200,1148.0,131.0,2869.0,52.0,0.8975762314308053,0.9566666666666667,0.9261798858642578,0.9261798858642578,0.9261798858642578,1200.0,0.2857142984867096
local,local,,,2,172,data_4200_4_3.0_chordal_rep00,best_local_val_task,val,cycle6,,79,,,,,,,,,4200,888.0,160.0,3035.0,117.0,0.8473282442748091,0.8835820895522388,0.8650755882263184,0.8650755882263184,0.8650755882263184,1005.0,0.23928570747375488
local,local,,,2,172,data_4200_4_3.0_chordal_rep00,best_local_test,test,,,79,,0.12010196334549358,0.9719523809523809,0.8816666603088379,0.9520709577671088,0.9499395489692688,0.9499395489692688,0.9499395489692688,4200,,,,,,,,,,,
local,local,,,2,172,data_4200_4_3.0_chordal_rep00,best_local_test_task,test,cycle2,,79,,,,,,,,,4200,1197.0,12.0,2991.0,0.0,0.9900744416873449,1.0,0.9950125217437744,0.9950125217437744,0.9950125217437744,1197.0,0.2849999964237213
local,local,,,2,172,data_4200_4_3.0_chordal_rep00,best_local_test_task,test,cycle3,,79,,,,,,,,,4200,1238.0,28.0,2934.0,0.0,0.9778830963665087,1.0,0.9888178706169128,0.9888178706169128,0.9888178706169128,1238.0,0.29476189613342285
local,local,,,2,172,data_4200_4_3.0_chordal_rep00,best_local_test_task,test,cycle4,,79,,,,,,,,,4200,1281.0,51.0,2855.0,13.0,0.9617117117117117,0.9899536321483772,0.9756282567977905,0.9756282567977905,0.9756282567977905,1294.0,0.308095246553421
local,local,,,2,172,data_4200_4_3.0_chordal_rep00,best_local_test_task,test,cycle5,,79,,,,,,,,,4200,1187.0,116.0,2869.0,28.0,0.9109746738296239,0.9769547325102881,0.9428117275238037,0.9428117275238037,0.9428117275238037,1215.0,0.28928571939468384
local,local,,,2,172,data_4200_4_3.0_chordal_rep00,best_local_test_task,test,cycle6,,79,,,,,,,,,4200,947.0,218.0,2912.0,123.0,0.8128755364806867,0.8850467289719626,0.8474273085594177,0.8474273085594177,0.8474273085594177,1070.0,0.2547619044780731
