run_type,algorithm,subset_id,subset_clients,seed,graph_id,dataset_id,phase,split,task,round,local_epoch,train_loss,eval_loss,pair_acc,subset_acc,micro_f1,macro_f1,macro_pos_f1,macro_minority_f1,num_nodes,tp,fp,tn,fn,precision,recall,f1,positive_f1,minority_f1,pos_cnt,pos_rate
local,local,,,0,49,data_2000_3_6.5_chordal,train_epoch,train,,,1,0.972124577999115,,,,,,,,2000,,,,,,,,,,,
local,local,,,0,49,data_2000_3_6.5_chordal,val_epoch,val,,,1,,1.671312804222107,0.5284,0.40450000762939453,0.28933092224231466,0.28940874338150024,0.28940874338150024,0.28940874338150024,2000,,,,,,,,,,,
local,local,,,0,49,data_2000_3_6.5_chordal,val_epoch_task,val,cycle2,,1,,,,,,,,,2000,182.0,911.0,907.0,0.0,0.16651418115279049,1.0,0.2854902148246765,0.2854902148246765,0.2854902148246765,182.0,0.09099999815225601
local,local,,,0,49,data_2000_3_6.5_chordal,val_epoch_task,val,cycle3,,1,,,,,,,,,2000,193.0,919.0,888.0,0.0,0.1735611510791367,1.0,0.29578545689582825,0.29578545689582825,0.29578545689582825,193.0,0.09650000184774399
local,local,,,0,49,data_2000_3_6.5_chordal,val_epoch_task,val,cycle4,,1,,,,,,,,,2000,174.0,1004.0,822.0,0.0,0.14770797962648557,1.0,0.2573964595794678,0.2573964595794678,0.2573964595794678,174.0,0.08699999749660492
local,local,,,0,49,data_2000_3_6.5_chordal,val_epoch_task,val,cycle5,,1,,,,,,,,,2000,194.0,977.0,829.0,0.0,0.16567036720751493,1.0,0.28424906730651855,0.28424906730651855,0.28424906730651855,194.0,0.09700000286102295
local,local,,,0,49,data_2000_3_6.5_chordal,val_epoch_task,val,cycle6,,1,,,,,,,,,2000,217.0,905.0,878.0,0.0,0.19340463458110516,1.0,0.32412245869636536,0.32412245869636536,0.32412245869636536,217.0,0.10849999636411667
local,local,,,0,49,data_2000_3_6.5_chordal,train_epoch,train,,,2,0.6526705646514892,,,,,,,,2000,,,,,,,,,,,
local,local,,,0,49,data_2000_3_6.5_chordal,val_epoch,val,,,2,,2.641811901092529,0.5699,0.44749999046325684,0.3086320527246424,0.308391273021698,0.308391273021698,0.308391273021698,2000,,,,,,,,,,,
local,local,,,0,49,data_2000_3_6.5_chordal,val_epoch_task,val,cycle2,,2,,,,,,,,,2000,182.0,833.0,985.0,0.0,0.1793103448275862,1.0,0.304093599319458,0.304093599319458,0.304093599319458,182.0,0.09099999815225601
local,local,,,0,49,data_2000_3_6.5_chordal,val_epoch_task,val,cycle3,,2,,,,,,,,,2000,193.0,845.0,962.0,0.0,0.1859344894026975,1.0,0.3135661780834198,0.3135661780834198,0.3135661780834198,193.0,0.09650000184774399
local,local,,,0,49,data_2000_3_6.5_chordal,val_epoch_task,val,cycle4,,2,,,,,,,,,2000,174.0,889.0,937.0,0.0,0.1636876763875823,1.0,0.2813257873058319,0.2813257873058319,0.2813257873058319,174.0,0.08699999749660492
local,local,,,0,49,data_2000_3_6.5_chordal,val_epoch_task,val,cycle5,,2,,,,,,,,,2000,194.0,881.0,925.0,0.0,0.18046511627906978,1.0,0.30575257539749146,0.30575257539749146,0.30575257539749146,194.0,0.09700000286102295
local,local,,,0,49,data_2000_3_6.5_chordal,val_epoch_task,val,cycle6,,2,,,,,,,,,2000,217.0,853.0,930.0,0.0,0.202803738317757,1.0,0.337218314409256,0.337218314409256,0.337218314409256,217.0,0.10849999636411667
local,local,,,0,49,data_2000_3_6.5_chordal,train_epoch,train,,,3,0.5423962745666504,,,,,,,,2000,,,,,,,,,,,
local,local,,,0,49,data_2000_3_6.5_chordal,val_epoch,val,,,3,,0.8436179542541504,0.8435,0.7074999809265137,0.5101721439749609,0.5124033093452454,0.5124033093452454,0.5124033093452454,2000,,,,,,,,,,,
local,local,,,0,49,data_2000_3_6.5_chordal,val_epoch_task,val,cycle2,,3,,,,,,,,,2000,182.0,233.0,1585.0,0.0,0.43855421686746987,1.0,0.6097152233123779,0.6097152233123779,0.6097152233123779,182.0,0.09099999815225601
local,local,,,0,49,data_2000_3_6.5_chordal,val_epoch_task,val,cycle3,,3,,,,,,,,,2000,188.0,257.0,1550.0,5.0,0.42247191011235957,0.9740932642487047,0.5893417000770569,0.5893417000770569,0.5893417000770569,193.0,0.09650000184774399
local,local,,,0,49,data_2000_3_6.5_chordal,val_epoch_task,val,cycle4,,3,,,,,,,,,2000,153.0,312.0,1514.0,21.0,0.32903225806451614,0.8793103448275862,0.47887322306632996,0.47887322306632996,0.47887322306632996,174.0,0.08699999749660492
local,local,,,0,49,data_2000_3_6.5_chordal,val_epoch_task,val,cycle5,,3,,,,,,,,,2000,143.0,316.0,1490.0,51.0,0.3115468409586057,0.7371134020618557,0.4379785656929016,0.4379785656929016,0.4379785656929016,194.0,0.09700000286102295
local,local,,,0,49,data_2000_3_6.5_chordal,val_epoch_task,val,cycle6,,3,,,,,,,,,2000,149.0,302.0,1481.0,68.0,0.3303769401330377,0.6866359447004609,0.44610780477523804,0.44610780477523804,0.44610780477523804,217.0,0.10849999636411667
local,local,,,0,49,data_2000_3_6.5_chordal,train_epoch,train,,,4,0.4980630407333374,,,,,,,,2000,,,,,,,,,,,
local,local,,,0,49,data_2000_3_6.5_chordal,val_epoch,val,,,4,,0.47786809062957764,0.8753,0.7105000019073486,0.5836393989983306,0.6048942804336548,0.6048942804336548,0.6048942804336548,2000,,,,,,,,,,,
local,local,,,0,49,data_2000_3_6.5_chordal,val_epoch_task,val,cycle2,,4,,,,,,,,,2000,182.0,49.0,1769.0,0.0,0.7878787878787878,1.0,0.8813560009002686,0.8813560009002686,0.8813560009002686,182.0,0.09099999815225601
local,local,,,0,49,data_2000_3_6.5_chordal,val_epoch_task,val,cycle3,,4,,,,,,,,,2000,192.0,281.0,1526.0,1.0,0.4059196617336152,0.9948186528497409,0.5765766501426697,0.5765766501426697,0.5765766501426697,193.0,0.09650000184774399
local,local,,,0,49,data_2000_3_6.5_chordal,val_epoch_task,val,cycle4,,4,,,,,,,,,2000,173.0,264.0,1562.0,1.0,0.39588100686498856,0.9942528735632183,0.5662847757339478,0.5662847757339478,0.5662847757339478,174.0,0.08699999749660492
local,local,,,0,49,data_2000_3_6.5_chordal,val_epoch_task,val,cycle5,,4,,,,,,,,,2000,183.0,289.0,1517.0,11.0,0.3877118644067797,0.9432989690721649,0.5495495796203613,0.5495495796203613,0.5495495796203613,194.0,0.09700000286102295
local,local,,,0,49,data_2000_3_6.5_chordal,val_epoch_task,val,cycle6,,4,,,,,,,,,2000,144.0,278.0,1505.0,73.0,0.3412322274881517,0.663594470046083,0.4507042169570923,0.4507042169570923,0.4507042169570923,217.0,0.10849999636411667
local,local,,,0,49,data_2000_3_6.5_chordal,train_epoch,train,,,5,0.38546198534965515,,,,,,,,2000,,,,,,,,,,,
local,local,,,0,49,data_2000_3_6.5_chordal,val_epoch,val,,,5,,0.3752443327903748,0.9067,0.7490000128746033,0.6548279689234184,0.6642707586288452,0.6642707586288452,0.6642707586288452,2000,,,,,,,,,,,
local,local,,,0,49,data_2000_3_6.5_chordal,val_epoch_task,val,cycle2,,5,,,,,,,,,2000,177.0,92.0,1726.0,5.0,0.6579925650557621,0.9725274725274725,0.7849224209785461,0.7849224209785461,0.7849224209785461,182.0,0.09099999815225601
local,local,,,0,49,data_2000_3_6.5_chordal,val_epoch_task,val,cycle3,,5,,,,,,,,,2000,191.0,113.0,1694.0,2.0,0.6282894736842105,0.9896373056994818,0.7686116099357605,0.7686116099357605,0.7686116099357605,193.0,0.09650000184774399
local,local,,,0,49,data_2000_3_6.5_chordal,val_epoch_task,val,cycle4,,5,,,,,,,,,2000,164.0,213.0,1613.0,10.0,0.4350132625994695,0.9425287356321839,0.5952813029289246,0.5952813029289246,0.5952813029289246,174.0,0.08699999749660492
local,local,,,0,49,data_2000_3_6.5_chordal,val_epoch_task,val,cycle5,,5,,,,,,,,,2000,187.0,223.0,1583.0,7.0,0.4560975609756098,0.9639175257731959,0.6192053556442261,0.6192053556442261,0.6192053556442261,194.0,0.09700000286102295
local,local,,,0,49,data_2000_3_6.5_chordal,val_epoch_task,val,cycle6,,5,,,,,,,,,2000,166.0,217.0,1566.0,51.0,0.43342036553524804,0.7649769585253456,0.5533332824707031,0.5533332824707031,0.5533332824707031,217.0,0.10849999636411667
local,local,,,0,49,data_2000_3_6.5_chordal,train_epoch,train,,,6,0.32558770751953126,,,,,,,,2000,,,,,,,,,,,
local,local,,,0,49,data_2000_3_6.5_chordal,val_epoch,val,,,6,,0.3206500518321991,0.9004,0.7225000262260437,0.6524773203070482,0.6813874244689941,0.6813874244689941,0.6813874244689941,2000,,,,,,,,,,,
local,local,,,0,49,data_2000_3_6.5_chordal,val_epoch_task,val,cycle2,,6,,,,,,,,,2000,180.0,63.0,1755.0,2.0,0.7407407407407407,0.989010989010989,0.8470587730407715,0.8470587730407715,0.8470587730407715,182.0,0.09099999815225601
local,local,,,0,49,data_2000_3_6.5_chordal,val_epoch_task,val,cycle3,,6,,,,,,,,,2000,193.0,56.0,1751.0,0.0,0.7751004016064257,1.0,0.8733031153678894,0.8733031153678894,0.8733031153678894,193.0,0.09650000184774399
local,local,,,0,49,data_2000_3_6.5_chordal,val_epoch_task,val,cycle4,,6,,,,,,,,,2000,173.0,271.0,1555.0,1.0,0.38963963963963966,0.9942528735632183,0.5598705410957336,0.5598705410957336,0.5598705410957336,174.0,0.08699999749660492
local,local,,,0,49,data_2000_3_6.5_chordal,val_epoch_task,val,cycle5,,6,,,,,,,,,2000,193.0,300.0,1506.0,1.0,0.39148073022312374,0.9948453608247423,0.5618631839752197,0.5618631839752197,0.5618631839752197,194.0,0.09700000286102295
local,local,,,0,49,data_2000_3_6.5_chordal,val_epoch_task,val,cycle6,,6,,,,,,,,,2000,196.0,281.0,1502.0,21.0,0.4109014675052411,0.9032258064516129,0.5648415088653564,0.5648415088653564,0.5648415088653564,217.0,0.10849999636411667
local,local,,,0,49,data_2000_3_6.5_chordal,train_epoch,train,,,7,0.27649832582473755,,,,,,,,2000,,,,,,,,,,,
local,local,,,0,49,data_2000_3_6.5_chordal,val_epoch,val,,,7,,0.31250822758674623,0.9196,0.7664999961853027,0.6963746223564954,0.7226819396018982,0.7226819396018982,0.7226819396018982,2000,,,,,,,,,,,
local,local,,,0,49,data_2000_3_6.5_chordal,val_epoch_task,val,cycle2,,7,,,,,,,,,2000,181.0,23.0,1795.0,1.0,0.8872549019607843,0.9945054945054945,0.9378238320350647,0.9378238320350647,0.9378238320350647,182.0,0.09099999815225601
local,local,,,0,49,data_2000_3_6.5_chordal,val_epoch_task,val,cycle3,,7,,,,,,,,,2000,193.0,78.0,1729.0,0.0,0.7121771217712177,1.0,0.8318965435028076,0.8318965435028076,0.8318965435028076,193.0,0.09650000184774399
local,local,,,0,49,data_2000_3_6.5_chordal,val_epoch_task,val,cycle4,,7,,,,,,,,,2000,171.0,168.0,1658.0,3.0,0.504424778761062,0.9827586206896551,0.6666666865348816,0.6666666865348816,0.6666666865348816,174.0,0.08699999749660492
local,local,,,0,49,data_2000_3_6.5_chordal,val_epoch_task,val,cycle5,,7,,,,,,,,,2000,192.0,227.0,1579.0,2.0,0.45823389021479716,0.9896907216494846,0.626427412033081,0.626427412033081,0.626427412033081,194.0,0.09700000286102295
local,local,,,0,49,data_2000_3_6.5_chordal,val_epoch_task,val,cycle6,,7,,,,,,,,,2000,185.0,270.0,1513.0,32.0,0.4065934065934066,0.8525345622119815,0.550595223903656,0.550595223903656,0.550595223903656,217.0,0.10849999636411667
local,local,,,0,49,data_2000_3_6.5_chordal,train_epoch,train,,,8,0.24824864935874938,,,,,,,,2000,,,,,,,,,,,
local,local,,,0,49,data_2000_3_6.5_chordal,val_epoch,val,,,8,,0.4174680559635162,0.9043,0.7480000257492065,0.6498353457738748,0.6564788818359375,0.6564788818359375,0.6564788818359375,2000,,,,,,,,,,,
local,local,,,0,49,data_2000_3_6.5_chordal,val_epoch_task,val,cycle2,,8,,,,,,,,,2000,182.0,91.0,1727.0,0.0,0.6666666666666666,1.0,0.800000011920929,0.800000011920929,0.800000011920929,182.0,0.09099999815225601
local,local,,,0,49,data_2000_3_6.5_chordal,val_epoch_task,val,cycle3,,8,,,,,,,,,2000,193.0,193.0,1614.0,0.0,0.5,1.0,0.6666666865348816,0.6666666865348816,0.6666666865348816,193.0,0.09650000184774399
local,local,,,0,49,data_2000_3_6.5_chordal,val_epoch_task,val,cycle4,,8,,,,,,,,,2000,168.0,172.0,1654.0,6.0,0.49411764705882355,0.9655172413793104,0.6536964774131775,0.6536964774131775,0.6536964774131775,174.0,0.08699999749660492
local,local,,,0,49,data_2000_3_6.5_chordal,val_epoch_task,val,cycle5,,8,,,,,,,,,2000,192.0,221.0,1585.0,2.0,0.4648910411622276,0.9896907216494846,0.6326194405555725,0.6326194405555725,0.6326194405555725,194.0,0.09700000286102295
local,local,,,0,49,data_2000_3_6.5_chordal,val_epoch_task,val,cycle6,,8,,,,,,,,,2000,153.0,208.0,1575.0,64.0,0.42382271468144045,0.7050691244239631,0.529411792755127,0.529411792755127,0.529411792755127,217.0,0.10849999636411667
local,local,,,0,49,data_2000_3_6.5_chordal,train_epoch,train,,,9,0.2560204771757126,,,,,,,,2000,,,,,,,,,,,
local,local,,,0,49,data_2000_3_6.5_chordal,val_epoch,val,,,9,,0.3276824805140495,0.9428,0.8130000233650208,0.7549271636675237,0.7741315364837646,0.7741315364837646,0.7741315364837646,2000,,,,,,,,,,,
local,local,,,0,49,data_2000_3_6.5_chordal,val_epoch_task,val,cycle2,,9,,,,,,,,,2000,182.0,22.0,1796.0,0.0,0.8921568627450981,1.0,0.9430051445960999,0.9430051445960999,0.9430051445960999,182.0,0.09099999815225601
local,local,,,0,49,data_2000_3_6.5_chordal,val_epoch_task,val,cycle3,,9,,,,,,,,,2000,192.0,43.0,1764.0,1.0,0.8170212765957446,0.9948186528497409,0.8971962332725525,0.8971962332725525,0.8971962332725525,193.0,0.09650000184774399
local,local,,,0,49,data_2000_3_6.5_chordal,val_epoch_task,val,cycle4,,9,,,,,,,,,2000,166.0,96.0,1730.0,8.0,0.6335877862595419,0.9540229885057471,0.7614679336547852,0.7614679336547852,0.7614679336547852,174.0,0.08699999749660492
local,local,,,0,49,data_2000_3_6.5_chordal,val_epoch_task,val,cycle5,,9,,,,,,,,,2000,191.0,130.0,1676.0,3.0,0.5950155763239875,0.9845360824742269,0.7417476177215576,0.7417476177215576,0.7417476177215576,194.0,0.09700000286102295
local,local,,,0,49,data_2000_3_6.5_chordal,val_epoch_task,val,cycle6,,9,,,,,,,,,2000,150.0,202.0,1581.0,67.0,0.42613636363636365,0.6912442396313364,0.5272407531738281,0.5272407531738281,0.5272407531738281,217.0,0.10849999636411667
local,local,,,0,49,data_2000_3_6.5_chordal,train_epoch,train,,,10,0.2167021839618683,,,,,,,,2000,,,,,,,,,,,
local,local,,,0,49,data_2000_3_6.5_chordal,val_epoch,val,,,10,,0.2611146562099457,0.9259,0.7699999809265137,0.7157652474108172,0.745898962020874,0.745898962020874,0.745898962020874,2000,,,,,,,,,,,
local,local,,,0,49,data_2000_3_6.5_chordal,val_epoch_task,val,cycle2,,10,,,,,,,,,2000,182.0,16.0,1802.0,0.0,0.9191919191919192,1.0,0.9578947424888611,0.9578947424888611,0.9578947424888611,182.0,0.09099999815225601
local,local,,,0,49,data_2000_3_6.5_chordal,val_epoch_task,val,cycle3,,10,,,,,,,,,2000,192.0,42.0,1765.0,1.0,0.8205128205128205,0.9948186528497409,0.8992974162101746,0.8992974162101746,0.8992974162101746,193.0,0.09650000184774399
local,local,,,0,49,data_2000_3_6.5_chordal,val_epoch_task,val,cycle4,,10,,,,,,,,,2000,174.0,172.0,1654.0,0.0,0.5028901734104047,1.0,0.6692308187484741,0.6692308187484741,0.6692308187484741,174.0,0.08699999749660492
local,local,,,0,49,data_2000_3_6.5_chordal,val_epoch_task,val,cycle5,,10,,,,,,,,,2000,183.0,232.0,1574.0,11.0,0.44096385542168676,0.9432989690721649,0.6009852290153503,0.6009852290153503,0.6009852290153503,194.0,0.09700000286102295
local,local,,,0,49,data_2000_3_6.5_chordal,val_epoch_task,val,cycle6,,10,,,,,,,,,2000,202.0,252.0,1531.0,15.0,0.44493392070484583,0.9308755760368663,0.6020864248275757,0.6020864248275757,0.6020864248275757,217.0,0.10849999636411667
local,local,,,0,49,data_2000_3_6.5_chordal,train_epoch,train,,,11,0.20589425355196,,,,,,,,2000,,,,,,,,,,,
local,local,,,0,49,data_2000_3_6.5_chordal,val_epoch,val,,,11,,0.2784263245165348,0.9442,0.8119999766349792,0.7623509369676321,0.7863288521766663,0.7863288521766663,0.7863288521766663,2000,,,,,,,,,,,
local,local,,,0,49,data_2000_3_6.5_chordal,val_epoch_task,val,cycle2,,11,,,,,,,,,2000,182.0,10.0,1808.0,0.0,0.9479166666666666,1.0,0.9732620120048523,0.9732620120048523,0.9732620120048523,182.0,0.09099999815225601
local,local,,,0,49,data_2000_3_6.5_chordal,val_epoch_task,val,cycle3,,11,,,,,,,,,2000,188.0,17.0,1790.0,5.0,0.9170731707317074,0.9740932642487047,0.9447236657142639,0.9447236657142639,0.9447236657142639,193.0,0.09650000184774399
local,local,,,0,49,data_2000_3_6.5_chordal,val_epoch_task,val,cycle4,,11,,,,,,,,,2000,173.0,133.0,1693.0,1.0,0.565359477124183,0.9942528735632183,0.7208333015441895,0.7208333015441895,0.7208333015441895,174.0,0.08699999749660492
local,local,,,0,49,data_2000_3_6.5_chordal,val_epoch_task,val,cycle5,,11,,,,,,,,,2000,177.0,135.0,1671.0,17.0,0.5673076923076923,0.9123711340206185,0.6996047496795654,0.6996047496795654,0.6996047496795654,194.0,0.09700000286102295
local,local,,,0,49,data_2000_3_6.5_chordal,val_epoch_task,val,cycle6,,11,,,,,,,,,2000,175.0,198.0,1585.0,42.0,0.4691689008042895,0.8064516129032258,0.5932204127311707,0.5932204127311707,0.5932204127311707,217.0,0.10849999636411667
local,local,,,0,49,data_2000_3_6.5_chordal,train_epoch,train,,,12,0.2223250662088394,,,,,,,,2000,,,,,,,,,,,
local,local,,,0,49,data_2000_3_6.5_chordal,val_epoch,val,,,12,,0.3504205930233002,0.8979,0.7145000100135803,0.6458550121401319,0.6815232038497925,0.6815232038497925,0.6815232038497925,2000,,,,,,,,,,,
local,local,,,0,49,data_2000_3_6.5_chordal,val_epoch_task,val,cycle2,,12,,,,,,,,,2000,182.0,137.0,1681.0,0.0,0.5705329153605015,1.0,0.7265468835830688,0.7265468835830688,0.7265468835830688,182.0,0.09099999815225601
local,local,,,0,49,data_2000_3_6.5_chordal,val_epoch_task,val,cycle3,,12,,,,,,,,,2000,182.0,22.0,1785.0,11.0,0.8921568627450981,0.9430051813471503,0.9168765544891357,0.9168765544891357,0.9168765544891357,193.0,0.09650000184774399
local,local,,,0,49,data_2000_3_6.5_chordal,val_epoch_task,val,cycle4,,12,,,,,,,,,2000,162.0,127.0,1699.0,12.0,0.5605536332179931,0.9310344827586207,0.699783980846405,0.699783980846405,0.699783980846405,174.0,0.08699999749660492
local,local,,,0,49,data_2000_3_6.5_chordal,val_epoch_task,val,cycle5,,12,,,,,,,,,2000,193.0,338.0,1468.0,1.0,0.3634651600753296,0.9948453608247423,0.5324137806892395,0.5324137806892395,0.5324137806892395,194.0,0.09700000286102295
local,local,,,0,49,data_2000_3_6.5_chordal,val_epoch_task,val,cycle6,,12,,,,,,,,,2000,212.0,368.0,1415.0,5.0,0.36551724137931035,0.9769585253456221,0.5319949984550476,0.5319949984550476,0.5319949984550476,217.0,0.10849999636411667
local,local,,,0,49,data_2000_3_6.5_chordal,train_epoch,train,,,13,0.2323766794204712,,,,,,,,2000,,,,,,,,,,,
local,local,,,0,49,data_2000_3_6.5_chordal,val_epoch,val,,,13,,0.2632160437107086,0.9209,0.7584999799728394,0.7016220294228592,0.7275678515434265,0.7275678515434265,0.7275678515434265,2000,,,,,,,,,,,
local,local,,,0,49,data_2000_3_6.5_chordal,val_epoch_task,val,cycle2,,13,,,,,,,,,2000,182.0,23.0,1795.0,0.0,0.8878048780487805,1.0,0.9405684471130371,0.9405684471130371,0.9405684471130371,182.0,0.09099999815225601
local,local,,,0,49,data_2000_3_6.5_chordal,val_epoch_task,val,cycle3,,13,,,,,,,,,2000,193.0,81.0,1726.0,0.0,0.7043795620437956,1.0,0.8265524506568909,0.8265524506568909,0.8265524506568909,193.0,0.09650000184774399
local,local,,,0,49,data_2000_3_6.5_chordal,val_epoch_task,val,cycle4,,13,,,,,,,,,2000,168.0,156.0,1670.0,6.0,0.5185185185185185,0.9655172413793104,0.6746987700462341,0.6746987700462341,0.6746987700462341,174.0,0.08699999749660492
local,local,,,0,49,data_2000_3_6.5_chordal,val_epoch_task,val,cycle5,,13,,,,,,,,,2000,191.0,221.0,1585.0,3.0,0.46359223300970875,0.9845360824742269,0.6303630471229553,0.6303630471229553,0.6303630471229553,194.0,0.09700000286102295
local,local,,,0,49,data_2000_3_6.5_chordal,val_epoch_task,val,cycle6,,13,,,,,,,,,2000,196.0,280.0,1503.0,21.0,0.4117647058823529,0.9032258064516129,0.5656565427780151,0.5656565427780151,0.5656565427780151,217.0,0.10849999636411667
local,local,,,0,49,data_2000_3_6.5_chordal,train_epoch,train,,,14,0.19996198320388794,,,,,,,,2000,,,,,,,,,,,
local,local,,,0,49,data_2000_3_6.5_chordal,val_epoch,val,,,14,,0.24919899159669875,0.9431,0.8159999847412109,0.7632126508531002,0.7884556651115417,0.7884556651115417,0.7884556651115417,2000,,,,,,,,,,,
local,local,,,0,49,data_2000_3_6.5_chordal,val_epoch_task,val,cycle2,,14,,,,,,,,,2000,182.0,13.0,1805.0,0.0,0.9333333333333333,1.0,0.9655172228813171,0.9655172228813171,0.9655172228813171,182.0,0.09099999815225601
local,local,,,0,49,data_2000_3_6.5_chordal,val_epoch_task,val,cycle3,,14,,,,,,,,,2000,193.0,37.0,1770.0,0.0,0.8391304347826087,1.0,0.9125295877456665,0.9125295877456665,0.9125295877456665,193.0,0.09650000184774399
local,local,,,0,49,data_2000_3_6.5_chordal,val_epoch_task,val,cycle4,,14,,,,,,,,,2000,168.0,89.0,1737.0,6.0,0.6536964980544747,0.9655172413793104,0.7795823216438293,0.7795823216438293,0.7795823216438293,174.0,0.08699999749660492
local,local,,,0,49,data_2000_3_6.5_chordal,val_epoch_task,val,cycle5,,14,,,,,,,,,2000,191.0,160.0,1646.0,3.0,0.5441595441595442,0.9845360824742269,0.7009174823760986,0.7009174823760986,0.7009174823760986,194.0,0.09700000286102295
local,local,,,0,49,data_2000_3_6.5_chordal,val_epoch_task,val,cycle6,,14,,,,,,,,,2000,183.0,227.0,1556.0,34.0,0.44634146341463415,0.8433179723502304,0.583732008934021,0.583732008934021,0.583732008934021,217.0,0.10849999636411667
local,local,,,0,49,data_2000_3_6.5_chordal,train_epoch,train,,,15,0.1818459063321352,,,,,,,,2000,,,,,,,,,,,
local,local,,,0,49,data_2000_3_6.5_chordal,val_epoch,val,,,15,,0.22327233844995498,0.944,0.8109999895095825,0.7684036393713813,0.7909680008888245,0.7909680008888245,0.7909680008888245,2000,,,,,,,,,,,
local,local,,,0,49,data_2000_3_6.5_chordal,val_epoch_task,val,cycle2,,15,,,,,,,,,2000,182.0,14.0,1804.0,0.0,0.9285714285714286,1.0,0.9629629254341125,0.9629629254341125,0.9629629254341125,182.0,0.09099999815225601
local,local,,,0,49,data_2000_3_6.5_chordal,val_epoch_task,val,cycle3,,15,,,,,,,,,2000,193.0,44.0,1763.0,0.0,0.8143459915611815,1.0,0.8976743817329407,0.8976743817329407,0.8976743817329407,193.0,0.09650000184774399
local,local,,,0,49,data_2000_3_6.5_chordal,val_epoch_task,val,cycle4,,15,,,,,,,,,2000,170.0,89.0,1737.0,4.0,0.6563706563706564,0.9770114942528736,0.7852194309234619,0.7852194309234619,0.7852194309234619,174.0,0.08699999749660492
local,local,,,0,49,data_2000_3_6.5_chordal,val_epoch_task,val,cycle5,,15,,,,,,,,,2000,194.0,171.0,1635.0,0.0,0.5315068493150685,1.0,0.6940966248512268,0.6940966248512268,0.6940966248512268,194.0,0.09700000286102295
local,local,,,0,49,data_2000_3_6.5_chordal,val_epoch_task,val,cycle6,,15,,,,,,,,,2000,190.0,211.0,1572.0,27.0,0.47381546134663344,0.8755760368663594,0.6148867607116699,0.6148867607116699,0.6148867607116699,217.0,0.10849999636411667
local,local,,,0,49,data_2000_3_6.5_chordal,train_epoch,train,,,16,0.18394396099448204,,,,,,,,2000,,,,,,,,,,,
local,local,,,0,49,data_2000_3_6.5_chordal,val_epoch,val,,,16,,0.356359530210495,0.9446,0.8205000162124634,0.7580786026200874,0.7722684741020203,0.7722684741020203,0.7722684741020203,2000,,,,,,,,,,,
local,local,,,0,49,data_2000_3_6.5_chordal,val_epoch_task,val,cycle2,,16,,,,,,,,,2000,182.0,29.0,1789.0,0.0,0.8625592417061612,1.0,0.9262086153030396,0.9262086153030396,0.9262086153030396,182.0,0.09099999815225601
local,local,,,0,49,data_2000_3_6.5_chordal,val_epoch_task,val,cycle3,,16,,,,,,,,,2000,193.0,50.0,1757.0,0.0,0.7942386831275721,1.0,0.8853210806846619,0.8853210806846619,0.8853210806846619,193.0,0.09650000184774399
local,local,,,0,49,data_2000_3_6.5_chordal,val_epoch_task,val,cycle4,,16,,,,,,,,,2000,172.0,122.0,1704.0,2.0,0.5850340136054422,0.9885057471264368,0.7350427508354187,0.7350427508354187,0.7350427508354187,174.0,0.08699999749660492
local,local,,,0,49,data_2000_3_6.5_chordal,val_epoch_task,val,cycle5,,16,,,,,,,,,2000,174.0,82.0,1724.0,20.0,0.6796875,0.8969072164948454,0.7733333706855774,0.7733333706855774,0.7733333706855774,194.0,0.09700000286102295
local,local,,,0,49,data_2000_3_6.5_chordal,val_epoch_task,val,cycle6,,16,,,,,,,,,2000,147.0,179.0,1604.0,70.0,0.450920245398773,0.6774193548387096,0.541436493396759,0.541436493396759,0.541436493396759,217.0,0.10849999636411667
local,local,,,0,49,data_2000_3_6.5_chordal,train_epoch,train,,,17,0.19736206883192062,,,,,,,,2000,,,,,,,,,,,
local,local,,,0,49,data_2000_3_6.5_chordal,val_epoch,val,,,17,,0.36730422043800354,0.9155,0.7444999814033508,0.6862235425176383,0.7087904214859009,0.7087904214859009,0.7087904214859009,2000,,,,,,,,,,,
local,local,,,0,49,data_2000_3_6.5_chordal,val_epoch_task,val,cycle2,,17,,,,,,,,,2000,170.0,62.0,1756.0,12.0,0.7327586206896551,0.9340659340659341,0.8212561011314392,0.8212561011314392,0.8212561011314392,182.0,0.09099999815225601
local,local,,,0,49,data_2000_3_6.5_chordal,val_epoch_task,val,cycle3,,17,,,,,,,,,2000,192.0,60.0,1747.0,1.0,0.7619047619047619,0.9948186528497409,0.8629212975502014,0.8629212975502014,0.8629212975502014,193.0,0.09650000184774399
local,local,,,0,49,data_2000_3_6.5_chordal,val_epoch_task,val,cycle4,,17,,,,,,,,,2000,170.0,172.0,1654.0,4.0,0.49707602339181284,0.9770114942528736,0.6589147448539734,0.6589147448539734,0.6589147448539734,174.0,0.08699999749660492
local,local,,,0,49,data_2000_3_6.5_chordal,val_epoch_task,val,cycle5,,17,,,,,,,,,2000,194.0,204.0,1602.0,0.0,0.48743718592964824,1.0,0.6554054021835327,0.6554054021835327,0.6554054021835327,194.0,0.09700000286102295
local,local,,,0,49,data_2000_3_6.5_chordal,val_epoch_task,val,cycle6,,17,,,,,,,,,2000,198.0,311.0,1472.0,19.0,0.3889980353634578,0.9124423963133641,0.5454545021057129,0.5454545021057129,0.5454545021057129,217.0,0.10849999636411667
local,local,,,0,49,data_2000_3_6.5_chordal,train_epoch,train,,,18,0.21096867556869983,,,,,,,,2000,,,,,,,,,,,
local,local,,,0,49,data_2000_3_6.5_chordal,val_epoch,val,,,18,,0.25559566712379456,0.9404,0.8019999861717224,0.7549342105263158,0.7754653692245483,0.7754653692245483,0.7754653692245483,2000,,,,,,,,,,,
local,local,,,0,49,data_2000_3_6.5_chordal,val_epoch_task,val,cycle2,,18,,,,,,,,,2000,182.0,31.0,1787.0,0.0,0.8544600938967136,1.0,0.9215189814567566,0.9215189814567566,0.9215189814567566,182.0,0.09099999815225601
local,local,,,0,49,data_2000_3_6.5_chordal,val_epoch_task,val,cycle3,,18,,,,,,,,,2000,193.0,72.0,1735.0,0.0,0.7283018867924528,1.0,0.8427947759628296,0.8427947759628296,0.8427947759628296,193.0,0.09650000184774399
local,local,,,0,49,data_2000_3_6.5_chordal,val_epoch_task,val,cycle4,,18,,,,,,,,,2000,168.0,64.0,1762.0,6.0,0.7241379310344828,0.9655172413793104,0.8275861740112305,0.8275861740112305,0.8275861740112305,174.0,0.08699999749660492
local,local,,,0,49,data_2000_3_6.5_chordal,val_epoch_task,val,cycle5,,18,,,,,,,,,2000,193.0,165.0,1641.0,1.0,0.5391061452513967,0.9948453608247423,0.6992753744125366,0.6992753744125366,0.6992753744125366,194.0,0.09700000286102295
local,local,,,0,49,data_2000_3_6.5_chordal,val_epoch_task,val,cycle6,,18,,,,,,,,,2000,182.0,222.0,1561.0,35.0,0.4504950495049505,0.8387096774193549,0.5861513614654541,0.5861513614654541,0.5861513614654541,217.0,0.10849999636411667
local,local,,,0,49,data_2000_3_6.5_chordal,train_epoch,train,,,19,0.1853061567991972,,,,,,,,2000,,,,,,,,,,,
local,local,,,0,49,data_2000_3_6.5_chordal,val_epoch,val,,,19,,0.2805435996055603,0.9554,0.840499997138977,0.8024800708591673,0.8249529600143433,0.8249529600143433,0.8249529600143433,2000,,,,,,,,,,,
local,local,,,0,49,data_2000_3_6.5_chordal,val_epoch_task,val,cycle2,,19,,,,,,,,,2000,180.0,17.0,1801.0,2.0,0.9137055837563451,0.989010989010989,0.9498680830001831,0.9498680830001831,0.9498680830001831,182.0,0.09099999815225601
local,local,,,0,49,data_2000_3_6.5_chordal,val_epoch_task,val,cycle3,,19,,,,,,,,,2000,186.0,29.0,1778.0,7.0,0.8651162790697674,0.9637305699481865,0.9117646813392639,0.9117646813392639,0.9117646813392639,193.0,0.09650000184774399
local,local,,,0,49,data_2000_3_6.5_chordal,val_epoch_task,val,cycle4,,19,,,,,,,,,2000,167.0,31.0,1795.0,7.0,0.8434343434343434,0.9597701149425287,0.897849440574646,0.897849440574646,0.897849440574646,174.0,0.08699999749660492
local,local,,,0,49,data_2000_3_6.5_chordal,val_epoch_task,val,cycle5,,19,,,,,,,,,2000,187.0,128.0,1678.0,7.0,0.5936507936507937,0.9639175257731959,0.734774112701416,0.734774112701416,0.734774112701416,194.0,0.09700000286102295
local,local,,,0,49,data_2000_3_6.5_chordal,val_epoch_task,val,cycle6,,19,,,,,,,,,2000,186.0,187.0,1596.0,31.0,0.49865951742627346,0.8571428571428571,0.6305084824562073,0.6305084824562073,0.6305084824562073,217.0,0.10849999636411667
local,local,,,0,49,data_2000_3_6.5_chordal,train_epoch,train,,,20,0.18762089812755584,,,,,,,,2000,,,,,,,,,,,
local,local,,,0,49,data_2000_3_6.5_chordal,val_epoch,val,,,20,,0.21067954826354982,0.9454,0.8134999871253967,0.7745664739884393,0.7993532419204712,0.7993532419204712,0.7993532419204712,2000,,,,,,,,,,,
local,local,,,0,49,data_2000_3_6.5_chordal,val_epoch_task,val,cycle2,,20,,,,,,,,,2000,182.0,13.0,1805.0,0.0,0.9333333333333333,1.0,0.9655172228813171,0.9655172228813171,0.9655172228813171,182.0,0.09099999815225601
local,local,,,0,49,data_2000_3_6.5_chordal,val_epoch_task,val,cycle3,,20,,,,,,,,,2000,193.0,36.0,1771.0,0.0,0.8427947598253275,1.0,0.9146919250488281,0.9146919250488281,0.9146919250488281,193.0,0.09650000184774399
local,local,,,0,49,data_2000_3_6.5_chordal,val_epoch_task,val,cycle4,,20,,,,,,,,,2000,172.0,84.0,1742.0,2.0,0.671875,0.9885057471264368,0.7999999523162842,0.7999999523162842,0.7999999523162842,174.0,0.08699999749660492
local,local,,,0,49,data_2000_3_6.5_chordal,val_epoch_task,val,cycle5,,20,,,,,,,,,2000,192.0,166.0,1640.0,2.0,0.5363128491620112,0.9896907216494846,0.695652186870575,0.695652186870575,0.695652186870575,194.0,0.09700000286102295
local,local,,,0,49,data_2000_3_6.5_chordal,val_epoch_task,val,cycle6,,20,,,,,,,,,2000,199.0,225.0,1558.0,18.0,0.4693396226415094,0.9170506912442397,0.6209048628807068,0.6209048628807068,0.6209048628807068,217.0,0.10849999636411667
local,local,,,0,49,data_2000_3_6.5_chordal,train_epoch,train,,,21,0.1832169449329376,,,,,,,,2000,,,,,,,,,,,
local,local,,,0,49,data_2000_3_6.5_chordal,val_epoch,val,,,21,,0.21450933492183685,0.9427,0.8009999990463257,0.7667887667887667,0.7983862161636353,0.7983862161636353,0.7983862161636353,2000,,,,,,,,,,,
local,local,,,0,49,data_2000_3_6.5_chordal,val_epoch_task,val,cycle2,,21,,,,,,,,,2000,182.0,26.0,1792.0,0.0,0.875,1.0,0.9333333373069763,0.9333333373069763,0.9333333373069763,182.0,0.09099999815225601
local,local,,,0,49,data_2000_3_6.5_chordal,val_epoch_task,val,cycle3,,21,,,,,,,,,2000,193.0,26.0,1781.0,0.0,0.8812785388127854,1.0,0.9368931651115417,0.9368931651115417,0.9368931651115417,193.0,0.09650000184774399
local,local,,,0,49,data_2000_3_6.5_chordal,val_epoch_task,val,cycle4,,21,,,,,,,,,2000,171.0,52.0,1774.0,3.0,0.7668161434977578,0.9827586206896551,0.8614609241485596,0.8614609241485596,0.8614609241485596,174.0,0.08699999749660492
local,local,,,0,49,data_2000_3_6.5_chordal,val_epoch_task,val,cycle5,,21,,,,,,,,,2000,194.0,215.0,1591.0,0.0,0.4743276283618582,1.0,0.6434494256973267,0.6434494256973267,0.6434494256973267,194.0,0.09700000286102295
local,local,,,0,49,data_2000_3_6.5_chordal,val_epoch_task,val,cycle6,,21,,,,,,,,,2000,202.0,236.0,1547.0,15.0,0.4611872146118721,0.9308755760368663,0.6167939305305481,0.6167939305305481,0.6167939305305481,217.0,0.10849999636411667
local,local,,,0,49,data_2000_3_6.5_chordal,train_epoch,train,,,22,0.2094968614578247,,,,,,,,2000,,,,,,,,,,,
local,local,,,0,49,data_2000_3_6.5_chordal,val_epoch,val,,,22,,0.24745621919631958,0.9191,0.7465000152587891,0.7004813032210292,0.7290219664573669,0.7290219664573669,0.7290219664573669,2000,,,,,,,,,,,
local,local,,,0,49,data_2000_3_6.5_chordal,val_epoch_task,val,cycle2,,22,,,,,,,,,2000,182.0,25.0,1793.0,0.0,0.8792270531400966,1.0,0.9357326626777649,0.9357326626777649,0.9357326626777649,182.0,0.09099999815225601
local,local,,,0,49,data_2000_3_6.5_chordal,val_epoch_task,val,cycle3,,22,,,,,,,,,2000,193.0,67.0,1740.0,0.0,0.7423076923076923,1.0,0.8520970940589905,0.8520970940589905,0.8520970940589905,193.0,0.09650000184774399
local,local,,,0,49,data_2000_3_6.5_chordal,val_epoch_task,val,cycle4,,22,,,,,,,,,2000,172.0,166.0,1660.0,2.0,0.5088757396449705,0.9885057471264368,0.6718749403953552,0.6718749403953552,0.6718749403953552,174.0,0.08699999749660492
local,local,,,0,49,data_2000_3_6.5_chordal,val_epoch_task,val,cycle5,,22,,,,,,,,,2000,194.0,259.0,1547.0,0.0,0.4282560706401766,1.0,0.5996909141540527,0.5996909141540527,0.5996909141540527,194.0,0.09700000286102295
local,local,,,0,49,data_2000_3_6.5_chordal,val_epoch_task,val,cycle6,,22,,,,,,,,,2000,205.0,278.0,1505.0,12.0,0.4244306418219462,0.9447004608294931,0.5857142806053162,0.5857142806053162,0.5857142806053162,217.0,0.10849999636411667
local,local,,,0,49,data_2000_3_6.5_chordal,train_epoch,train,,,23,0.19680520153045655,,,,,,,,2000,,,,,,,,,,,
local,local,,,0,49,data_2000_3_6.5_chordal,val_epoch,val,,,23,,0.29338807582855225,0.9416,0.800000011920929,0.7556485355648536,0.7844038009643555,0.7844038009643555,0.7844038009643555,2000,,,,,,,,,,,
local,local,,,0,49,data_2000_3_6.5_chordal,val_epoch_task,val,cycle2,,23,,,,,,,,,2000,182.0,8.0,1810.0,0.0,0.9578947368421052,1.0,0.9784945845603943,0.9784945845603943,0.9784945845603943,182.0,0.09099999815225601
local,local,,,0,49,data_2000_3_6.5_chordal,val_epoch_task,val,cycle3,,23,,,,,,,,,2000,193.0,31.0,1776.0,0.0,0.8616071428571429,1.0,0.9256594777107239,0.9256594777107239,0.9256594777107239,193.0,0.09650000184774399
local,local,,,0,49,data_2000_3_6.5_chordal,val_epoch_task,val,cycle4,,23,,,,,,,,,2000,174.0,92.0,1734.0,0.0,0.6541353383458647,1.0,0.7909091114997864,0.7909091114997864,0.7909091114997864,174.0,0.08699999749660492
local,local,,,0,49,data_2000_3_6.5_chordal,val_epoch_task,val,cycle5,,23,,,,,,,,,2000,186.0,168.0,1638.0,8.0,0.5254237288135594,0.9587628865979382,0.6788321137428284,0.6788321137428284,0.6788321137428284,194.0,0.09700000286102295
local,local,,,0,49,data_2000_3_6.5_chordal,val_epoch_task,val,cycle6,,23,,,,,,,,,2000,168.0,228.0,1555.0,49.0,0.42424242424242425,0.7741935483870968,0.5481239557266235,0.5481239557266235,0.5481239557266235,217.0,0.10849999636411667
local,local,,,0,49,data_2000_3_6.5_chordal,train_epoch,train,,,24,0.17794717919826508,,,,,,,,2000,,,,,,,,,,,
local,local,,,0,49,data_2000_3_6.5_chordal,val_epoch,val,,,24,,0.21009390300512315,0.9432,0.8084999918937683,0.7687296416938111,0.7928733229637146,0.7928733229637146,0.7928733229637146,2000,,,,,,,,,,,
local,local,,,0,49,data_2000_3_6.5_chordal,val_epoch_task,val,cycle2,,24,,,,,,,,,2000,182.0,11.0,1807.0,0.0,0.9430051813471503,1.0,0.9706667065620422,0.9706667065620422,0.9706667065620422,182.0,0.09099999815225601
local,local,,,0,49,data_2000_3_6.5_chordal,val_epoch_task,val,cycle3,,24,,,,,,,,,2000,193.0,47.0,1760.0,0.0,0.8041666666666667,1.0,0.8914549946784973,0.8914549946784973,0.8914549946784973,193.0,0.09650000184774399
local,local,,,0,49,data_2000_3_6.5_chordal,val_epoch_task,val,cycle4,,24,,,,,,,,,2000,173.0,89.0,1737.0,1.0,0.6603053435114504,0.9942528735632183,0.7935779690742493,0.7935779690742493,0.7935779690742493,174.0,0.08699999749660492
local,local,,,0,49,data_2000_3_6.5_chordal,val_epoch_task,val,cycle5,,24,,,,,,,,,2000,193.0,188.0,1618.0,1.0,0.5065616797900262,0.9948453608247423,0.6713044047355652,0.6713044047355652,0.6713044047355652,194.0,0.09700000286102295
local,local,,,0,49,data_2000_3_6.5_chordal,val_epoch_task,val,cycle6,,24,,,,,,,,,2000,203.0,217.0,1566.0,14.0,0.48333333333333334,0.9354838709677419,0.6373626589775085,0.6373626589775085,0.6373626589775085,217.0,0.10849999636411667
local,local,,,0,49,data_2000_3_6.5_chordal,train_epoch,train,,,25,0.1759276418685913,,,,,,,,2000,,,,,,,,,,,
local,local,,,0,49,data_2000_3_6.5_chordal,val_epoch,val,,,25,,0.2847018912434578,0.9547,0.8289999961853027,0.7971339005821765,0.8176773190498352,0.8176773190498352,0.8176773190498352,2000,,,,,,,,,,,
local,local,,,0,49,data_2000_3_6.5_chordal,val_epoch_task,val,cycle2,,25,,,,,,,,,2000,182.0,13.0,1805.0,0.0,0.9333333333333333,1.0,0.9655172228813171,0.9655172228813171,0.9655172228813171,182.0,0.09099999815225601
local,local,,,0,49,data_2000_3_6.5_chordal,val_epoch_task,val,cycle3,,25,,,,,,,,,2000,191.0,20.0,1787.0,2.0,0.9052132701421801,0.9896373056994818,0.9455445408821106,0.9455445408821106,0.9455445408821106,193.0,0.09650000184774399
local,local,,,0,49,data_2000_3_6.5_chordal,val_epoch_task,val,cycle4,,25,,,,,,,,,2000,170.0,60.0,1766.0,4.0,0.7391304347826086,0.9770114942528736,0.8415841460227966,0.8415841460227966,0.8415841460227966,174.0,0.08699999749660492
local,local,,,0,49,data_2000_3_6.5_chordal,val_epoch_task,val,cycle5,,25,,,,,,,,,2000,184.0,111.0,1695.0,10.0,0.6237288135593221,0.9484536082474226,0.7525562047958374,0.7525562047958374,0.7525562047958374,194.0,0.09700000286102295
local,local,,,0,49,data_2000_3_6.5_chordal,val_epoch_task,val,cycle6,,25,,,,,,,,,2000,163.0,179.0,1604.0,54.0,0.4766081871345029,0.7511520737327189,0.5831842422485352,0.5831842422485352,0.5831842422485352,217.0,0.10849999636411667
local,local,,,0,49,data_2000_3_6.5_chordal,train_epoch,train,,,26,0.19432925635576248,,,,,,,,2000,,,,,,,,,,,
local,local,,,0,49,data_2000_3_6.5_chordal,val_epoch,val,,,26,,0.20275183749198913,0.9368,0.7850000262260437,0.7511811023622047,0.7835477590560913,0.7835477590560913,0.7835477590560913,2000,,,,,,,,,,,
local,local,,,0,49,data_2000_3_6.5_chordal,val_epoch_task,val,cycle2,,26,,,,,,,,,2000,181.0,7.0,1811.0,1.0,0.9627659574468085,0.9945054945054945,0.9783783555030823,0.9783783555030823,0.9783783555030823,182.0,0.09099999815225601
local,local,,,0,49,data_2000_3_6.5_chordal,val_epoch_task,val,cycle3,,26,,,,,,,,,2000,193.0,36.0,1771.0,0.0,0.8427947598253275,1.0,0.9146919250488281,0.9146919250488281,0.9146919250488281,193.0,0.09650000184774399
local,local,,,0,49,data_2000_3_6.5_chordal,val_epoch_task,val,cycle4,,26,,,,,,,,,2000,174.0,104.0,1722.0,0.0,0.6258992805755396,1.0,0.7699114680290222,0.7699114680290222,0.7699114680290222,174.0,0.08699999749660492
local,local,,,0,49,data_2000_3_6.5_chordal,val_epoch_task,val,cycle5,,26,,,,,,,,,2000,194.0,218.0,1588.0,0.0,0.470873786407767,1.0,0.6402639746665955,0.6402639746665955,0.6402639746665955,194.0,0.09700000286102295
local,local,,,0,49,data_2000_3_6.5_chordal,val_epoch_task,val,cycle6,,26,,,,,,,,,2000,212.0,261.0,1522.0,5.0,0.44820295983086683,0.9769585253456221,0.6144927740097046,0.6144927740097046,0.6144927740097046,217.0,0.10849999636411667
local,local,,,0,49,data_2000_3_6.5_chordal,train_epoch,train,,,27,0.15968491339683533,,,,,,,,2000,,,,,,,,,,,
local,local,,,0,49,data_2000_3_6.5_chordal,val_epoch,val,,,27,,0.22312280875444412,0.9403,0.7929999828338623,0.7582017010935601,0.7862523198127747,0.7862523198127747,0.7862523198127747,2000,,,,,,,,,,,
local,local,,,0,49,data_2000_3_6.5_chordal,val_epoch_task,val,cycle2,,27,,,,,,,,,2000,181.0,17.0,1801.0,1.0,0.9141414141414141,0.9945054945054945,0.9526315927505493,0.9526315927505493,0.9526315927505493,182.0,0.09099999815225601
local,local,,,0,49,data_2000_3_6.5_chordal,val_epoch_task,val,cycle3,,27,,,,,,,,,2000,193.0,42.0,1765.0,0.0,0.8212765957446808,1.0,0.9018691182136536,0.9018691182136536,0.9018691182136536,193.0,0.09650000184774399
local,local,,,0,49,data_2000_3_6.5_chordal,val_epoch_task,val,cycle4,,27,,,,,,,,,2000,171.0,76.0,1750.0,3.0,0.6923076923076923,0.9827586206896551,0.8123515844345093,0.8123515844345093,0.8123515844345093,174.0,0.08699999749660492
local,local,,,0,49,data_2000_3_6.5_chordal,val_epoch_task,val,cycle5,,27,,,,,,,,,2000,193.0,198.0,1608.0,1.0,0.4936061381074169,0.9948453608247423,0.6598290801048279,0.6598290801048279,0.6598290801048279,194.0,0.09700000286102295
local,local,,,0,49,data_2000_3_6.5_chordal,val_epoch_task,val,cycle6,,27,,,,,,,,,2000,198.0,240.0,1543.0,19.0,0.4520547945205479,0.9124423963133641,0.6045801639556885,0.6045801639556885,0.6045801639556885,217.0,0.10849999636411667
local,local,,,0,49,data_2000_3_6.5_chordal,train_epoch,train,,,28,0.17223582255840303,,,,,,,,2000,,,,,,,,,,,
local,local,,,0,49,data_2000_3_6.5_chordal,val_epoch,val,,,28,,0.21705137288570403,0.9364,0.7689999938011169,0.7480190174326466,0.7875980138778687,0.7875980138778687,0.7875980138778687,2000,,,,,,,,,,,
local,local,,,0,49,data_2000_3_6.5_chordal,val_epoch_task,val,cycle2,,28,,,,,,,,,2000,182.0,6.0,1812.0,0.0,0.9680851063829787,1.0,0.9837838411331177,0.9837838411331177,0.9837838411331177,182.0,0.09099999815225601
local,local,,,0,49,data_2000_3_6.5_chordal,val_epoch_task,val,cycle3,,28,,,,,,,,,2000,193.0,19.0,1788.0,0.0,0.910377358490566,1.0,0.9530864357948303,0.9530864357948303,0.9530864357948303,193.0,0.09650000184774399
local,local,,,0,49,data_2000_3_6.5_chordal,val_epoch_task,val,cycle4,,28,,,,,,,,,2000,173.0,92.0,1734.0,1.0,0.6528301886792452,0.9942528735632183,0.7881548404693604,0.7881548404693604,0.7881548404693604,174.0,0.08699999749660492
local,local,,,0,49,data_2000_3_6.5_chordal,val_epoch_task,val,cycle5,,28,,,,,,,,,2000,191.0,220.0,1586.0,3.0,0.46472019464720193,0.9845360824742269,0.6314049363136292,0.6314049363136292,0.6314049363136292,194.0,0.09700000286102295
local,local,,,0,49,data_2000_3_6.5_chordal,val_epoch_task,val,cycle6,,28,,,,,,,,,2000,205.0,283.0,1500.0,12.0,0.42008196721311475,0.9447004608294931,0.5815602540969849,0.5815602540969849,0.5815602540969849,217.0,0.10849999636411667
local,local,,,0,49,data_2000_3_6.5_chordal,train_epoch,train,,,29,0.16728749656677247,,,,,,,,2000,,,,,,,,,,,
local,local,,,0,49,data_2000_3_6.5_chordal,val_epoch,val,,,29,,0.257594012260437,0.9568,0.8410000205039978,0.8064516129032258,0.8311384916305542,0.8311384916305542,0.8311384916305542,2000,,,,,,,,,,,
local,local,,,0,49,data_2000_3_6.5_chordal,val_epoch_task,val,cycle2,,29,,,,,,,,,2000,182.0,15.0,1803.0,0.0,0.9238578680203046,1.0,0.960422158241272,0.960422158241272,0.960422158241272,182.0,0.09099999815225601
local,local,,,0,49,data_2000_3_6.5_chordal,val_epoch_task,val,cycle3,,29,,,,,,,,,2000,192.0,17.0,1790.0,1.0,0.9186602870813397,0.9948186528497409,0.9552239179611206,0.9552239179611206,0.9552239179611206,193.0,0.09650000184774399
local,local,,,0,49,data_2000_3_6.5_chordal,val_epoch_task,val,cycle4,,29,,,,,,,,,2000,159.0,31.0,1795.0,15.0,0.8368421052631579,0.9137931034482759,0.8736264109611511,0.8736264109611511,0.8736264109611511,174.0,0.08699999749660492
local,local,,,0,49,data_2000_3_6.5_chordal,val_epoch_task,val,cycle5,,29,,,,,,,,,2000,185.0,108.0,1698.0,9.0,0.6313993174061433,0.9536082474226805,0.7597535848617554,0.7597535848617554,0.7597535848617554,194.0,0.09700000286102295
local,local,,,0,49,data_2000_3_6.5_chordal,val_epoch_task,val,cycle6,,29,,,,,,,,,2000,182.0,201.0,1582.0,35.0,0.4751958224543081,0.8387096774193549,0.606666624546051,0.606666624546051,0.606666624546051,217.0,0.10849999636411667
local,local,,,0,49,data_2000_3_6.5_chordal,train_epoch,train,,,30,0.1810308654308319,,,,,,,,2000,,,,,,,,,,,
local,local,,,0,49,data_2000_3_6.5_chordal,val_epoch,val,,,30,,0.21671642035245894,0.9508,0.8259999752044678,0.7890222984562607,0.811782956123352,0.811782956123352,0.811782956123352,2000,,,,,,,,,,,
local,local,,,0,49,data_2000_3_6.5_chordal,val_epoch_task,val,cycle2,,30,,,,,,,,,2000,182.0,5.0,1813.0,0.0,0.9732620320855615,1.0,0.9864498376846313,0.9864498376846313,0.9864498376846313,182.0,0.09099999815225601
local,local,,,0,49,data_2000_3_6.5_chordal,val_epoch_task,val,cycle3,,30,,,,,,,,,2000,192.0,23.0,1784.0,1.0,0.8930232558139535,0.9948186528497409,0.9411764144897461,0.9411764144897461,0.9411764144897461,193.0,0.09650000184774399
local,local,,,0,49,data_2000_3_6.5_chordal,val_epoch_task,val,cycle4,,30,,,,,,,,,2000,172.0,93.0,1733.0,2.0,0.6490566037735849,0.9885057471264368,0.7835991382598877,0.7835991382598877,0.7835991382598877,174.0,0.08699999749660492
local,local,,,0,49,data_2000_3_6.5_chordal,val_epoch_task,val,cycle5,,30,,,,,,,,,2000,192.0,138.0,1668.0,2.0,0.5818181818181818,0.9896907216494846,0.7328243851661682,0.7328243851661682,0.7328243851661682,194.0,0.09700000286102295
local,local,,,0,49,data_2000_3_6.5_chordal,val_epoch_task,val,cycle6,,30,,,,,,,,,2000,182.0,193.0,1590.0,35.0,0.48533333333333334,0.8387096774193549,0.6148648262023926,0.6148648262023926,0.6148648262023926,217.0,0.10849999636411667
local,local,,,0,49,data_2000_3_6.5_chordal,train_epoch,train,,,31,0.16355249440670014,,,,,,,,2000,,,,,,,,,,,
local,local,,,0,49,data_2000_3_6.5_chordal,val_epoch,val,,,31,,0.20675806391239165,0.941,0.7990000247955322,0.7615198059822149,0.7880980968475342,0.7880980968475342,0.7880980968475342,2000,,,,,,,,,,,
local,local,,,0,49,data_2000_3_6.5_chordal,val_epoch_task,val,cycle2,,31,,,,,,,,,2000,182.0,34.0,1784.0,0.0,0.8425925925925926,1.0,0.9145728945732117,0.9145728945732117,0.9145728945732117,182.0,0.09099999815225601
local,local,,,0,49,data_2000_3_6.5_chordal,val_epoch_task,val,cycle3,,31,,,,,,,,,2000,193.0,23.0,1784.0,0.0,0.8935185185185185,1.0,0.9437652826309204,0.9437652826309204,0.9437652826309204,193.0,0.09650000184774399
local,local,,,0,49,data_2000_3_6.5_chordal,val_epoch_task,val,cycle4,,31,,,,,,,,,2000,170.0,78.0,1748.0,4.0,0.6854838709677419,0.9770114942528736,0.8056872487068176,0.8056872487068176,0.8056872487068176,174.0,0.08699999749660492
local,local,,,0,49,data_2000_3_6.5_chordal,val_epoch_task,val,cycle5,,31,,,,,,,,,2000,191.0,205.0,1601.0,3.0,0.4823232323232323,0.9845360824742269,0.6474575996398926,0.6474575996398926,0.6474575996398926,194.0,0.09700000286102295
local,local,,,0,49,data_2000_3_6.5_chordal,val_epoch_task,val,cycle6,,31,,,,,,,,,2000,206.0,232.0,1551.0,11.0,0.4703196347031963,0.9493087557603687,0.6290076375007629,0.6290076375007629,0.6290076375007629,217.0,0.10849999636411667
local,local,,,0,49,data_2000_3_6.5_chordal,train_epoch,train,,,32,0.1523177518248558,,,,,,,,2000,,,,,,,,,,,
local,local,,,0,49,data_2000_3_6.5_chordal,val_epoch,val,,,32,,0.5029047145843506,0.9612,0.8539999723434448,0.7966457023060798,0.8006623387336731,0.8006623387336731,0.8006623387336731,2000,,,,,,,,,,,
local,local,,,0,49,data_2000_3_6.5_chordal,val_epoch_task,val,cycle2,,32,,,,,,,,,2000,182.0,17.0,1801.0,0.0,0.914572864321608,1.0,0.9553805589675903,0.9553805589675903,0.9553805589675903,182.0,0.09099999815225601
local,local,,,0,49,data_2000_3_6.5_chordal,val_epoch_task,val,cycle3,,32,,,,,,,,,2000,184.0,12.0,1795.0,9.0,0.9387755102040817,0.9533678756476683,0.9460154175758362,0.9460154175758362,0.9460154175758362,193.0,0.09650000184774399
local,local,,,0,49,data_2000_3_6.5_chordal,val_epoch_task,val,cycle4,,32,,,,,,,,,2000,155.0,19.0,1807.0,19.0,0.8908045977011494,0.8908045977011494,0.8908045291900635,0.8908045291900635,0.8908045291900635,174.0,0.08699999749660492
local,local,,,0,49,data_2000_3_6.5_chordal,val_epoch_task,val,cycle5,,32,,,,,,,,,2000,110.0,56.0,1750.0,84.0,0.6626506024096386,0.5670103092783505,0.6111111044883728,0.6111111044883728,0.6111111044883728,194.0,0.09700000286102295
local,local,,,0,49,data_2000_3_6.5_chordal,val_epoch_task,val,cycle6,,32,,,,,,,,,2000,129.0,84.0,1699.0,88.0,0.6056338028169014,0.5944700460829493,0.6000000238418579,0.6000000238418579,0.6000000238418579,217.0,0.10849999636411667
local,local,,,0,49,data_2000_3_6.5_chordal,train_epoch,train,,,33,0.21721718311309815,,,,,,,,2000,,,,,,,,,,,
local,local,,,0,49,data_2000_3_6.5_chordal,val_epoch,val,,,33,,0.26507280170917513,0.9144,0.7419999837875366,0.6875912408759124,0.7145546078681946,0.7145546078681946,0.7145546078681946,2000,,,,,,,,,,,
local,local,,,0,49,data_2000_3_6.5_chordal,val_epoch_task,val,cycle2,,33,,,,,,,,,2000,182.0,43.0,1775.0,0.0,0.8088888888888889,1.0,0.8943489193916321,0.8943489193916321,0.8943489193916321,182.0,0.09099999815225601
local,local,,,0,49,data_2000_3_6.5_chordal,val_epoch_task,val,cycle3,,33,,,,,,,,,2000,193.0,52.0,1755.0,0.0,0.7877551020408163,1.0,0.8812785744667053,0.8812785744667053,0.8812785744667053,193.0,0.09650000184774399
local,local,,,0,49,data_2000_3_6.5_chordal,val_epoch_task,val,cycle4,,33,,,,,,,,,2000,174.0,226.0,1600.0,0.0,0.435,1.0,0.6062718033790588,0.6062718033790588,0.6062718033790588,174.0,0.08699999749660492
local,local,,,0,49,data_2000_3_6.5_chordal,val_epoch_task,val,cycle5,,33,,,,,,,,,2000,194.0,250.0,1556.0,0.0,0.4369369369369369,1.0,0.6081504821777344,0.6081504821777344,0.6081504821777344,194.0,0.09700000286102295
local,local,,,0,49,data_2000_3_6.5_chordal,val_epoch_task,val,cycle6,,33,,,,,,,,,2000,199.0,267.0,1516.0,18.0,0.4270386266094421,0.9170506912442397,0.5827233195304871,0.5827233195304871,0.5827233195304871,217.0,0.10849999636411667
local,local,,,0,49,data_2000_3_6.5_chordal,train_epoch,train,,,34,0.19845583921670915,,,,,,,,2000,,,,,,,,,,,
local,local,,,0,49,data_2000_3_6.5_chordal,val_epoch,val,,,34,,0.23327005016803742,0.9427,0.8080000281333923,0.7615480649188514,0.7830497026443481,0.7830497026443481,0.7830497026443481,2000,,,,,,,,,,,
local,local,,,0,49,data_2000_3_6.5_chordal,val_epoch_task,val,cycle2,,34,,,,,,,,,2000,182.0,17.0,1801.0,0.0,0.914572864321608,1.0,0.9553805589675903,0.9553805589675903,0.9553805589675903,182.0,0.09099999815225601
local,local,,,0,49,data_2000_3_6.5_chordal,val_epoch_task,val,cycle3,,34,,,,,,,,,2000,189.0,30.0,1777.0,4.0,0.863013698630137,0.9792746113989638,0.9174757599830627,0.9174757599830627,0.9174757599830627,193.0,0.09650000184774399
local,local,,,0,49,data_2000_3_6.5_chordal,val_epoch_task,val,cycle4,,34,,,,,,,,,2000,171.0,130.0,1696.0,3.0,0.5681063122923588,0.9827586206896551,0.7199999690055847,0.7199999690055847,0.7199999690055847,174.0,0.08699999749660492
local,local,,,0,49,data_2000_3_6.5_chordal,val_epoch_task,val,cycle5,,34,,,,,,,,,2000,186.0,143.0,1663.0,8.0,0.5653495440729484,0.9587628865979382,0.7112810015678406,0.7112810015678406,0.7112810015678406,194.0,0.09700000286102295
local,local,,,0,49,data_2000_3_6.5_chordal,val_epoch_task,val,cycle6,,34,,,,,,,,,2000,187.0,208.0,1575.0,30.0,0.47341772151898737,0.8617511520737328,0.6111111044883728,0.6111111044883728,0.6111111044883728,217.0,0.10849999636411667
local,local,,,0,49,data_2000_3_6.5_chordal,train_epoch,train,,,35,0.17236583697795868,,,,,,,,2000,,,,,,,,,,,
local,local,,,0,49,data_2000_3_6.5_chordal,val_epoch,val,,,35,,0.2037856673002243,0.9504,0.8320000171661377,0.7892948173322004,0.8109338879585266,0.8109338879585266,0.8109338879585266,2000,,,,,,,,,,,
local,local,,,0,49,data_2000_3_6.5_chordal,val_epoch_task,val,cycle2,,35,,,,,,,,,2000,181.0,8.0,1810.0,1.0,0.9576719576719577,0.9945054945054945,0.9757412075996399,0.9757412075996399,0.9757412075996399,182.0,0.09099999815225601
local,local,,,0,49,data_2000_3_6.5_chordal,val_epoch_task,val,cycle3,,35,,,,,,,,,2000,193.0,28.0,1779.0,0.0,0.8733031674208145,1.0,0.9323671460151672,0.9323671460151672,0.9323671460151672,193.0,0.09650000184774399
local,local,,,0,49,data_2000_3_6.5_chordal,val_epoch_task,val,cycle4,,35,,,,,,,,,2000,173.0,100.0,1726.0,1.0,0.6336996336996337,0.9942528735632183,0.7740492224693298,0.7740492224693298,0.7740492224693298,174.0,0.08699999749660492
local,local,,,0,49,data_2000_3_6.5_chordal,val_epoch_task,val,cycle5,,35,,,,,,,,,2000,188.0,125.0,1681.0,6.0,0.6006389776357828,0.9690721649484536,0.7416173815727234,0.7416173815727234,0.7416173815727234,194.0,0.09700000286102295
local,local,,,0,49,data_2000_3_6.5_chordal,val_epoch_task,val,cycle6,,35,,,,,,,,,2000,194.0,204.0,1579.0,23.0,0.48743718592964824,0.8940092165898618,0.6308943629264832,0.6308943629264832,0.6308943629264832,217.0,0.10849999636411667
local,local,,,0,49,data_2000_3_6.5_chordal,train_epoch,train,,,36,0.1611499028801918,,,,,,,,2000,,,,,,,,,,,
local,local,,,0,49,data_2000_3_6.5_chordal,val_epoch,val,,,36,,0.2405238380432129,0.939,0.7925000190734863,0.7502047502047502,0.7719739079475403,0.7719739079475403,0.7719739079475403,2000,,,,,,,,,,,
local,local,,,0,49,data_2000_3_6.5_chordal,val_epoch_task,val,cycle2,,36,,,,,,,,,2000,182.0,12.0,1806.0,0.0,0.9381443298969072,1.0,0.9680851101875305,0.9680851101875305,0.9680851101875305,182.0,0.09099999815225601
local,local,,,0,49,data_2000_3_6.5_chordal,val_epoch_task,val,cycle3,,36,,,,,,,,,2000,193.0,39.0,1768.0,0.0,0.8318965517241379,1.0,0.9082353115081787,0.9082353115081787,0.9082353115081787,193.0,0.09650000184774399
local,local,,,0,49,data_2000_3_6.5_chordal,val_epoch_task,val,cycle4,,36,,,,,,,,,2000,171.0,168.0,1658.0,3.0,0.504424778761062,0.9827586206896551,0.6666666865348816,0.6666666865348816,0.6666666865348816,174.0,0.08699999749660492
local,local,,,0,49,data_2000_3_6.5_chordal,val_epoch_task,val,cycle5,,36,,,,,,,,,2000,182.0,149.0,1657.0,12.0,0.5498489425981873,0.9381443298969072,0.6933332681655884,0.6933332681655884,0.6933332681655884,194.0,0.09700000286102295
local,local,,,0,49,data_2000_3_6.5_chordal,val_epoch_task,val,cycle6,,36,,,,,,,,,2000,188.0,198.0,1585.0,29.0,0.48704663212435234,0.8663594470046083,0.6235489249229431,0.6235489249229431,0.6235489249229431,217.0,0.10849999636411667
local,local,,,0,49,data_2000_3_6.5_chordal,train_epoch,train,,,37,0.15536207473278046,,,,,,,,2000,,,,,,,,,,,
local,local,,,0,49,data_2000_3_6.5_chordal,val_epoch,val,,,37,,0.24445161485671998,0.9368,0.8084999918937683,0.745776347546259,0.7569469213485718,0.7569469213485718,0.7569469213485718,2000,,,,,,,,,,,
local,local,,,0,49,data_2000_3_6.5_chordal,val_epoch_task,val,cycle2,,37,,,,,,,,,2000,182.0,83.0,1735.0,0.0,0.6867924528301886,1.0,0.8143177032470703,0.8143177032470703,0.8143177032470703,182.0,0.09099999815225601
local,local,,,0,49,data_2000_3_6.5_chordal,val_epoch_task,val,cycle3,,37,,,,,,,,,2000,193.0,39.0,1768.0,0.0,0.8318965517241379,1.0,0.9082353115081787,0.9082353115081787,0.9082353115081787,193.0,0.09650000184774399
local,local,,,0,49,data_2000_3_6.5_chordal,val_epoch_task,val,cycle4,,37,,,,,,,,,2000,172.0,133.0,1693.0,2.0,0.5639344262295082,0.9885057471264368,0.7181628942489624,0.7181628942489624,0.7181628942489624,174.0,0.08699999749660492
local,local,,,0,49,data_2000_3_6.5_chordal,val_epoch_task,val,cycle5,,37,,,,,,,,,2000,191.0,150.0,1656.0,3.0,0.5601173020527859,0.9845360824742269,0.714018702507019,0.714018702507019,0.714018702507019,194.0,0.09700000286102295
local,local,,,0,49,data_2000_3_6.5_chordal,val_epoch_task,val,cycle6,,37,,,,,,,,,2000,189.0,194.0,1589.0,28.0,0.4934725848563969,0.8709677419354839,0.6299999952316284,0.6299999952316284,0.6299999952316284,217.0,0.10849999636411667
local,local,,,0,49,data_2000_3_6.5_chordal,train_epoch,train,,,38,0.17577577579021453,,,,,,,,2000,,,,,,,,,,,
local,local,,,0,49,data_2000_3_6.5_chordal,val_epoch,val,,,38,,0.22879205387830734,0.9508,0.828000009059906,0.7895637296834902,0.8180149793624878,0.8180149793624878,0.8180149793624878,2000,,,,,,,,,,,
local,local,,,0,49,data_2000_3_6.5_chordal,val_epoch_task,val,cycle2,,38,,,,,,,,,2000,182.0,9.0,1809.0,0.0,0.9528795811518325,1.0,0.9758713245391846,0.9758713245391846,0.9758713245391846,182.0,0.09099999815225601
local,local,,,0,49,data_2000_3_6.5_chordal,val_epoch_task,val,cycle3,,38,,,,,,,,,2000,193.0,28.0,1779.0,0.0,0.8733031674208145,1.0,0.9323671460151672,0.9323671460151672,0.9323671460151672,193.0,0.09650000184774399
local,local,,,0,49,data_2000_3_6.5_chordal,val_epoch_task,val,cycle4,,38,,,,,,,,,2000,170.0,57.0,1769.0,4.0,0.748898678414097,0.9770114942528736,0.8478803634643555,0.8478803634643555,0.8478803634643555,174.0,0.08699999749660492
local,local,,,0,49,data_2000_3_6.5_chordal,val_epoch_task,val,cycle5,,38,,,,,,,,,2000,187.0,122.0,1684.0,7.0,0.6051779935275081,0.9639175257731959,0.7435387969017029,0.7435387969017029,0.7435387969017029,194.0,0.09700000286102295
local,local,,,0,49,data_2000_3_6.5_chordal,val_epoch_task,val,cycle6,,38,,,,,,,,,2000,191.0,239.0,1544.0,26.0,0.4441860465116279,0.880184331797235,0.5904172658920288,0.5904172658920288,0.5904172658920288,217.0,0.10849999636411667
local,local,,,0,49,data_2000_3_6.5_chordal,train_epoch,train,,,39,0.14679262638092042,,,,,,,,2000,,,,,,,,,,,
local,local,,,0,49,data_2000_3_6.5_chordal,val_epoch,val,,,39,,0.2192145153582096,0.953,0.8374999761581421,0.7963604852686308,0.8184252977371216,0.8184252977371216,0.8184252977371216,2000,,,,,,,,,,,
local,local,,,0,49,data_2000_3_6.5_chordal,val_epoch_task,val,cycle2,,39,,,,,,,,,2000,182.0,14.0,1804.0,0.0,0.9285714285714286,1.0,0.9629629254341125,0.9629629254341125,0.9629629254341125,182.0,0.09099999815225601
local,local,,,0,49,data_2000_3_6.5_chordal,val_epoch_task,val,cycle3,,39,,,,,,,,,2000,193.0,23.0,1784.0,0.0,0.8935185185185185,1.0,0.9437652826309204,0.9437652826309204,0.9437652826309204,193.0,0.09650000184774399
local,local,,,0,49,data_2000_3_6.5_chordal,val_epoch_task,val,cycle4,,39,,,,,,,,,2000,172.0,66.0,1760.0,2.0,0.7226890756302521,0.9885057471264368,0.8349514603614807,0.8349514603614807,0.8349514603614807,174.0,0.08699999749660492
local,local,,,0,49,data_2000_3_6.5_chordal,val_epoch_task,val,cycle5,,39,,,,,,,,,2000,186.0,130.0,1676.0,8.0,0.5886075949367089,0.9587628865979382,0.729411780834198,0.729411780834198,0.729411780834198,194.0,0.09700000286102295
local,local,,,0,49,data_2000_3_6.5_chordal,val_epoch_task,val,cycle6,,39,,,,,,,,,2000,186.0,196.0,1587.0,31.0,0.4869109947643979,0.8571428571428571,0.6210350394248962,0.6210350394248962,0.6210350394248962,217.0,0.10849999636411667
local,local,,,0,49,data_2000_3_6.5_chordal,train_epoch,train,,,40,0.14332519006729125,,,,,,,,2000,,,,,,,,,,,
local,local,,,0,49,data_2000_3_6.5_chordal,val_epoch,val,,,40,,0.20316257429122925,0.9578,0.8450000286102295,0.8136042402826855,0.8356326222419739,0.8356326222419739,0.8356326222419739,2000,,,,,,,,,,,
local,local,,,0,49,data_2000_3_6.5_chordal,val_epoch_task,val,cycle2,,40,,,,,,,,,2000,182.0,14.0,1804.0,0.0,0.9285714285714286,1.0,0.9629629254341125,0.9629629254341125,0.9629629254341125,182.0,0.09099999815225601
local,local,,,0,49,data_2000_3_6.5_chordal,val_epoch_task,val,cycle3,,40,,,,,,,,,2000,193.0,13.0,1794.0,0.0,0.9368932038834952,1.0,0.9674185514450073,0.9674185514450073,0.9674185514450073,193.0,0.09650000184774399
local,local,,,0,49,data_2000_3_6.5_chordal,val_epoch_task,val,cycle4,,40,,,,,,,,,2000,169.0,50.0,1776.0,5.0,0.771689497716895,0.9712643678160919,0.8600508570671082,0.8600508570671082,0.8600508570671082,174.0,0.08699999749660492
local,local,,,0,49,data_2000_3_6.5_chordal,val_epoch_task,val,cycle5,,40,,,,,,,,,2000,187.0,119.0,1687.0,7.0,0.6111111111111112,0.9639175257731959,0.7480000257492065,0.7480000257492065,0.7480000257492065,194.0,0.09700000286102295
local,local,,,0,49,data_2000_3_6.5_chordal,val_epoch_task,val,cycle6,,40,,,,,,,,,2000,190.0,187.0,1596.0,27.0,0.5039787798408488,0.8755760368663594,0.63973069190979,0.63973069190979,0.63973069190979,217.0,0.10849999636411667
local,local,,,0,49,data_2000_3_6.5_chordal,train_epoch,train,,,41,0.1579904938042164,,,,,,,,2000,,,,,,,,,,,
local,local,,,0,49,data_2000_3_6.5_chordal,val_epoch,val,,,41,,0.3324960317313671,0.942,0.8134999871253967,0.7552742616033755,0.7759043574333191,0.7759043574333191,0.7759043574333191,2000,,,,,,,,,,,
local,local,,,0,49,data_2000_3_6.5_chordal,val_epoch_task,val,cycle2,,41,,,,,,,,,2000,182.0,20.0,1798.0,0.0,0.900990099009901,1.0,0.9479166865348816,0.9479166865348816,0.9479166865348816,182.0,0.09099999815225601
local,local,,,0,49,data_2000_3_6.5_chordal,val_epoch_task,val,cycle3,,41,,,,,,,,,2000,193.0,42.0,1765.0,0.0,0.8212765957446808,1.0,0.9018691182136536,0.9018691182136536,0.9018691182136536,193.0,0.09650000184774399
local,local,,,0,49,data_2000_3_6.5_chordal,val_epoch_task,val,cycle4,,41,,,,,,,,,2000,174.0,117.0,1709.0,0.0,0.5979381443298969,1.0,0.7483870983123779,0.7483870983123779,0.7483870983123779,174.0,0.08699999749660492
local,local,,,0,49,data_2000_3_6.5_chordal,val_epoch_task,val,cycle5,,41,,,,,,,,,2000,185.0,124.0,1682.0,9.0,0.598705501618123,0.9536082474226805,0.7355865240097046,0.7355865240097046,0.7355865240097046,194.0,0.09700000286102295
local,local,,,0,49,data_2000_3_6.5_chordal,val_epoch_task,val,cycle6,,41,,,,,,,,,2000,161.0,212.0,1571.0,56.0,0.4316353887399464,0.7419354838709677,0.5457626581192017,0.5457626581192017,0.5457626581192017,217.0,0.10849999636411667
local,local,,,0,49,data_2000_3_6.5_chordal,train_epoch,train,,,42,0.19545138478279114,,,,,,,,2000,,,,,,,,,,,
local,local,,,0,49,data_2000_3_6.5_chordal,val_epoch,val,,,42,,0.21956848192214967,0.9423,0.8065000176429749,0.7640081799591002,0.7906286716461182,0.7906286716461182,0.7906286716461182,2000,,,,,,,,,,,
local,local,,,0,49,data_2000_3_6.5_chordal,val_epoch_task,val,cycle2,,42,,,,,,,,,2000,182.0,29.0,1789.0,0.0,0.8625592417061612,1.0,0.9262086153030396,0.9262086153030396,0.9262086153030396,182.0,0.09099999815225601
local,local,,,0,49,data_2000_3_6.5_chordal,val_epoch_task,val,cycle3,,42,,,,,,,,,2000,193.0,29.0,1778.0,0.0,0.8693693693693694,1.0,0.9301204681396484,0.9301204681396484,0.9301204681396484,193.0,0.09650000184774399
local,local,,,0,49,data_2000_3_6.5_chordal,val_epoch_task,val,cycle4,,42,,,,,,,,,2000,172.0,87.0,1739.0,2.0,0.6640926640926641,0.9885057471264368,0.7944572567939758,0.7944572567939758,0.7944572567939758,174.0,0.08699999749660492
local,local,,,0,49,data_2000_3_6.5_chordal,val_epoch_task,val,cycle5,,42,,,,,,,,,2000,191.0,145.0,1661.0,3.0,0.5684523809523809,0.9845360824742269,0.7207546830177307,0.7207546830177307,0.7207546830177307,194.0,0.09700000286102295
local,local,,,0,49,data_2000_3_6.5_chordal,val_epoch_task,val,cycle6,,42,,,,,,,,,2000,196.0,261.0,1522.0,21.0,0.4288840262582057,0.9032258064516129,0.5816023945808411,0.5816023945808411,0.5816023945808411,217.0,0.10849999636411667
local,local,,,0,49,data_2000_3_6.5_chordal,train_epoch,train,,,43,0.14939734655618667,,,,,,,,2000,,,,,,,,,,,
local,local,,,0,49,data_2000_3_6.5_chordal,val_epoch,val,,,43,,0.3003422317504883,0.9416,0.8034999966621399,0.7562604340567614,0.7842304110527039,0.7842304110527039,0.7842304110527039,2000,,,,,,,,,,,
local,local,,,0,49,data_2000_3_6.5_chordal,val_epoch_task,val,cycle2,,43,,,,,,,,,2000,179.0,3.0,1815.0,3.0,0.9835164835164835,0.9835164835164835,0.9835164546966553,0.9835164546966553,0.9835164546966553,182.0,0.09099999815225601
local,local,,,0,49,data_2000_3_6.5_chordal,val_epoch_task,val,cycle3,,43,,,,,,,,,2000,193.0,20.0,1787.0,0.0,0.9061032863849765,1.0,0.9507389068603516,0.9507389068603516,0.9507389068603516,193.0,0.09650000184774399
local,local,,,0,49,data_2000_3_6.5_chordal,val_epoch_task,val,cycle4,,43,,,,,,,,,2000,174.0,132.0,1694.0,0.0,0.5686274509803921,1.0,0.7250000238418579,0.7250000238418579,0.7250000238418579,174.0,0.08699999749660492
local,local,,,0,49,data_2000_3_6.5_chordal,val_epoch_task,val,cycle5,,43,,,,,,,,,2000,186.0,164.0,1642.0,8.0,0.5314285714285715,0.9587628865979382,0.6838235259056091,0.6838235259056091,0.6838235259056091,194.0,0.09700000286102295
local,local,,,0,49,data_2000_3_6.5_chordal,val_epoch_task,val,cycle6,,43,,,,,,,,,2000,174.0,211.0,1572.0,43.0,0.45194805194805193,0.8018433179723502,0.5780731439590454,0.5780731439590454,0.5780731439590454,217.0,0.10849999636411667
local,local,,,0,49,data_2000_3_6.5_chordal,train_epoch,train,,,44,0.1552303992509842,,,,,,,,2000,,,,,,,,,,,
local,local,,,0,49,data_2000_3_6.5_chordal,val_epoch,val,,,44,,0.22687797784805297,0.9405,0.7985000014305115,0.758031720211468,0.7800973057746887,0.7800973057746887,0.7800973057746887,2000,,,,,,,,,,,
local,local,,,0,49,data_2000_3_6.5_chordal,val_epoch_task,val,cycle2,,44,,,,,,,,,2000,182.0,42.0,1776.0,0.0,0.8125,1.0,0.8965517282485962,0.8965517282485962,0.8965517282485962,182.0,0.09099999815225601
local,local,,,0,49,data_2000_3_6.5_chordal,val_epoch_task,val,cycle3,,44,,,,,,,,,2000,193.0,48.0,1759.0,0.0,0.8008298755186722,1.0,0.8894008994102478,0.8894008994102478,0.8894008994102478,193.0,0.09650000184774399
local,local,,,0,49,data_2000_3_6.5_chordal,val_epoch_task,val,cycle4,,44,,,,,,,,,2000,173.0,83.0,1743.0,1.0,0.67578125,0.9942528735632183,0.8046510815620422,0.8046510815620422,0.8046510815620422,174.0,0.08699999749660492
local,local,,,0,49,data_2000_3_6.5_chordal,val_epoch_task,val,cycle5,,44,,,,,,,,,2000,189.0,137.0,1669.0,5.0,0.5797546012269938,0.9742268041237113,0.7269231081008911,0.7269231081008911,0.7269231081008911,194.0,0.09700000286102295
local,local,,,0,49,data_2000_3_6.5_chordal,val_epoch_task,val,cycle6,,44,,,,,,,,,2000,195.0,257.0,1526.0,22.0,0.4314159292035398,0.8986175115207373,0.5829596519470215,0.5829596519470215,0.5829596519470215,217.0,0.10849999636411667
local,local,,,0,49,data_2000_3_6.5_chordal,train_epoch,train,,,45,0.1567282475233078,,,,,,,,2000,,,,,,,,,,,
local,local,,,0,49,data_2000_3_6.5_chordal,val_epoch,val,,,45,,0.21084855103492736,0.9512,0.8270000219345093,0.7914529914529915,0.8197547793388367,0.8197547793388367,0.8197547793388367,2000,,,,,,,,,,,
local,local,,,0,49,data_2000_3_6.5_chordal,val_epoch_task,val,cycle2,,45,,,,,,,,,2000,182.0,9.0,1809.0,0.0,0.9528795811518325,1.0,0.9758713245391846,0.9758713245391846,0.9758713245391846,182.0,0.09099999815225601
local,local,,,0,49,data_2000_3_6.5_chordal,val_epoch_task,val,cycle3,,45,,,,,,,,,2000,193.0,24.0,1783.0,0.0,0.8894009216589862,1.0,0.9414633512496948,0.9414633512496948,0.9414633512496948,193.0,0.09650000184774399
local,local,,,0,49,data_2000_3_6.5_chordal,val_epoch_task,val,cycle4,,45,,,,,,,,,2000,167.0,45.0,1781.0,7.0,0.7877358490566038,0.9597701149425287,0.8652850389480591,0.8652850389480591,0.8652850389480591,174.0,0.08699999749660492
local,local,,,0,49,data_2000_3_6.5_chordal,val_epoch_task,val,cycle5,,45,,,,,,,,,2000,187.0,162.0,1644.0,7.0,0.5358166189111748,0.9639175257731959,0.6887660622596741,0.6887660622596741,0.6887660622596741,194.0,0.09700000286102295
local,local,,,0,49,data_2000_3_6.5_chordal,val_epoch_task,val,cycle6,,45,,,,,,,,,2000,197.0,214.0,1569.0,20.0,0.4793187347931874,0.9078341013824884,0.6273884773254395,0.6273884773254395,0.6273884773254395,217.0,0.10849999636411667
local,local,,,0,49,data_2000_3_6.5_chordal,train_epoch,train,,,46,0.16322755405306816,,,,,,,,2000,,,,,,,,,,,
local,local,,,0,49,data_2000_3_6.5_chordal,val_epoch,val,,,46,,0.22037957960367202,0.9347,0.7789999842643738,0.7440219521756174,0.7745198011398315,0.7745198011398315,0.7745198011398315,2000,,,,,,,,,,,
local,local,,,0,49,data_2000_3_6.5_chordal,val_epoch_task,val,cycle2,,46,,,,,,,,,2000,182.0,15.0,1803.0,0.0,0.9238578680203046,1.0,0.960422158241272,0.960422158241272,0.960422158241272,182.0,0.09099999815225601
local,local,,,0,49,data_2000_3_6.5_chordal,val_epoch_task,val,cycle3,,46,,,,,,,,,2000,193.0,37.0,1770.0,0.0,0.8391304347826087,1.0,0.9125295877456665,0.9125295877456665,0.9125295877456665,193.0,0.09650000184774399
local,local,,,0,49,data_2000_3_6.5_chordal,val_epoch_task,val,cycle4,,46,,,,,,,,,2000,171.0,110.0,1716.0,3.0,0.608540925266904,0.9827586206896551,0.7516483664512634,0.7516483664512634,0.7516483664512634,174.0,0.08699999749660492
local,local,,,0,49,data_2000_3_6.5_chordal,val_epoch_task,val,cycle5,,46,,,,,,,,,2000,194.0,217.0,1589.0,0.0,0.4720194647201946,1.0,0.6413223147392273,0.6413223147392273,0.6413223147392273,194.0,0.09700000286102295
local,local,,,0,49,data_2000_3_6.5_chordal,val_epoch_task,val,cycle6,,46,,,,,,,,,2000,209.0,263.0,1520.0,8.0,0.4427966101694915,0.9631336405529954,0.6066763401031494,0.6066763401031494,0.6066763401031494,217.0,0.10849999636411667
local,local,,,0,49,data_2000_3_6.5_chordal,train_epoch,train,,,47,0.17889911901950836,,,,,,,,2000,,,,,,,,,,,
local,local,,,0,49,data_2000_3_6.5_chordal,val_epoch,val,,,47,,0.21301645338535308,0.946,0.815500020980835,0.7764900662251657,0.80401611328125,0.80401611328125,0.80401611328125,2000,,,,,,,,,,,
local,local,,,0,49,data_2000_3_6.5_chordal,val_epoch_task,val,cycle2,,47,,,,,,,,,2000,178.0,7.0,1811.0,4.0,0.9621621621621622,0.978021978021978,0.9700272679328918,0.9700272679328918,0.9700272679328918,182.0,0.09099999815225601
local,local,,,0,49,data_2000_3_6.5_chordal,val_epoch_task,val,cycle3,,47,,,,,,,,,2000,193.0,32.0,1775.0,0.0,0.8577777777777778,1.0,0.923444926738739,0.923444926738739,0.923444926738739,193.0,0.09650000184774399
local,local,,,0,49,data_2000_3_6.5_chordal,val_epoch_task,val,cycle4,,47,,,,,,,,,2000,171.0,78.0,1748.0,3.0,0.6867469879518072,0.9827586206896551,0.8085106611251831,0.8085106611251831,0.8085106611251831,174.0,0.08699999749660492
local,local,,,0,49,data_2000_3_6.5_chordal,val_epoch_task,val,cycle5,,47,,,,,,,,,2000,194.0,166.0,1640.0,0.0,0.5388888888888889,1.0,0.7003609538078308,0.7003609538078308,0.7003609538078308,194.0,0.09700000286102295
local,local,,,0,49,data_2000_3_6.5_chordal,val_epoch_task,val,cycle6,,47,,,,,,,,,2000,202.0,235.0,1548.0,15.0,0.4622425629290618,0.9308755760368663,0.6177370548248291,0.6177370548248291,0.6177370548248291,217.0,0.10849999636411667
local,local,,,0,49,data_2000_3_6.5_chordal,train_epoch,train,,,48,0.16358194375038146,,,,,,,,2000,,,,,,,,,,,
local,local,,,0,49,data_2000_3_6.5_chordal,val_epoch,val,,,48,,0.17456799513101579,0.9529,0.8245000243186951,0.8010139416983525,0.8283958435058594,0.8283958435058594,0.8283958435058594,2000,,,,,,,,,,,
local,local,,,0,49,data_2000_3_6.5_chordal,val_epoch_task,val,cycle2,,48,,,,,,,,,2000,182.0,3.0,1815.0,0.0,0.9837837837837838,1.0,0.9918256402015686,0.9918256402015686,0.9918256402015686,182.0,0.09099999815225601
local,local,,,0,49,data_2000_3_6.5_chordal,val_epoch_task,val,cycle3,,48,,,,,,,,,2000,193.0,31.0,1776.0,0.0,0.8616071428571429,1.0,0.9256594777107239,0.9256594777107239,0.9256594777107239,193.0,0.09650000184774399
local,local,,,0,49,data_2000_3_6.5_chordal,val_epoch_task,val,cycle4,,48,,,,,,,,,2000,172.0,52.0,1774.0,2.0,0.7678571428571429,0.9885057471264368,0.8643215894699097,0.8643215894699097,0.8643215894699097,174.0,0.08699999749660492
local,local,,,0,49,data_2000_3_6.5_chordal,val_epoch_task,val,cycle5,,48,,,,,,,,,2000,191.0,150.0,1656.0,3.0,0.5601173020527859,0.9845360824742269,0.714018702507019,0.714018702507019,0.714018702507019,194.0,0.09700000286102295
local,local,,,0,49,data_2000_3_6.5_chordal,val_epoch_task,val,cycle6,,48,,,,,,,,,2000,210.0,223.0,1560.0,7.0,0.48498845265588914,0.967741935483871,0.6461538076400757,0.6461538076400757,0.6461538076400757,217.0,0.10849999636411667
local,local,,,0,49,data_2000_3_6.5_chordal,train_epoch,train,,,49,0.1532124142050743,,,,,,,,2000,,,,,,,,,,,
local,local,,,0,49,data_2000_3_6.5_chordal,val_epoch,val,,,49,,0.24161416935920715,0.9563,0.8429999947547913,0.8082492321193506,0.8304539918899536,0.8304539918899536,0.8304539918899536,2000,,,,,,,,,,,
local,local,,,0,49,data_2000_3_6.5_chordal,val_epoch_task,val,cycle2,,49,,,,,,,,,2000,182.0,19.0,1799.0,0.0,0.9054726368159204,1.0,0.9503916501998901,0.9503916501998901,0.9503916501998901,182.0,0.09099999815225601
local,local,,,0,49,data_2000_3_6.5_chordal,val_epoch_task,val,cycle3,,49,,,,,,,,,2000,193.0,20.0,1787.0,0.0,0.9061032863849765,1.0,0.9507389068603516,0.9507389068603516,0.9507389068603516,193.0,0.09650000184774399
local,local,,,0,49,data_2000_3_6.5_chordal,val_epoch_task,val,cycle4,,49,,,,,,,,,2000,169.0,44.0,1782.0,5.0,0.7934272300469484,0.9712643678160919,0.8733850121498108,0.8733850121498108,0.8733850121498108,174.0,0.08699999749660492
local,local,,,0,49,data_2000_3_6.5_chordal,val_epoch_task,val,cycle5,,49,,,,,,,,,2000,192.0,122.0,1684.0,2.0,0.6114649681528662,0.9896907216494846,0.7559054493904114,0.7559054493904114,0.7559054493904114,194.0,0.09700000286102295
local,local,,,0,49,data_2000_3_6.5_chordal,val_epoch_task,val,cycle6,,49,,,,,,,,,2000,185.0,193.0,1590.0,32.0,0.4894179894179894,0.8525345622119815,0.6218487024307251,0.6218487024307251,0.6218487024307251,217.0,0.10849999636411667
local,local,,,0,49,data_2000_3_6.5_chordal,train_epoch,train,,,50,0.13261387234926222,,,,,,,,2000,,,,,,,,,,,
local,local,,,0,49,data_2000_3_6.5_chordal,val_epoch,val,,,50,,0.18924817752838136,0.9572,0.8445000052452087,0.8132635253054101,0.834365725517273,0.834365725517273,0.834365725517273,2000,,,,,,,,,,,
local,local,,,0,49,data_2000_3_6.5_chordal,val_epoch_task,val,cycle2,,50,,,,,,,,,2000,181.0,11.0,1807.0,1.0,0.9427083333333334,0.9945054945054945,0.9679144024848938,0.9679144024848938,0.9679144024848938,182.0,0.09099999815225601
local,local,,,0,49,data_2000_3_6.5_chordal,val_epoch_task,val,cycle3,,50,,,,,,,,,2000,193.0,16.0,1791.0,0.0,0.9234449760765551,1.0,0.9601989984512329,0.9601989984512329,0.9601989984512329,193.0,0.09650000184774399
local,local,,,0,49,data_2000_3_6.5_chordal,val_epoch_task,val,cycle4,,50,,,,,,,,,2000,172.0,66.0,1760.0,2.0,0.7226890756302521,0.9885057471264368,0.8349514603614807,0.8349514603614807,0.8349514603614807,174.0,0.08699999749660492
local,local,,,0,49,data_2000_3_6.5_chordal,val_epoch_task,val,cycle5,,50,,,,,,,,,2000,193.0,118.0,1688.0,1.0,0.6205787781350482,0.9948453608247423,0.7643564343452454,0.7643564343452454,0.7643564343452454,194.0,0.09700000286102295
local,local,,,0,49,data_2000_3_6.5_chordal,val_epoch_task,val,cycle6,,50,,,,,,,,,2000,193.0,189.0,1594.0,24.0,0.5052356020942408,0.8894009216589862,0.644407331943512,0.644407331943512,0.644407331943512,217.0,0.10849999636411667
local,local,,,0,49,data_2000_3_6.5_chordal,train_epoch,train,,,51,0.15888512441236527,,,,,,,,2000,,,,,,,,,,,
local,local,,,0,49,data_2000_3_6.5_chordal,val_epoch,val,,,51,,0.3367836617231369,0.9553,0.8399999737739563,0.7937240424550068,0.8113740682601929,0.8113740682601929,0.8113740682601929,2000,,,,,,,,,,,
local,local,,,0,49,data_2000_3_6.5_chordal,val_epoch_task,val,cycle2,,51,,,,,,,,,2000,181.0,15.0,1803.0,1.0,0.923469387755102,0.9945054945054945,0.9576719403266907,0.9576719403266907,0.9576719403266907,182.0,0.09099999815225601
local,local,,,0,49,data_2000_3_6.5_chordal,val_epoch_task,val,cycle3,,51,,,,,,,,,2000,192.0,48.0,1759.0,1.0,0.8,0.9948186528497409,0.886836051940918,0.886836051940918,0.886836051940918,193.0,0.09650000184774399
local,local,,,0,49,data_2000_3_6.5_chordal,val_epoch_task,val,cycle4,,51,,,,,,,,,2000,160.0,38.0,1788.0,14.0,0.8080808080808081,0.9195402298850575,0.8602150082588196,0.8602150082588196,0.8602150082588196,174.0,0.08699999749660492
local,local,,,0,49,data_2000_3_6.5_chordal,val_epoch_task,val,cycle5,,51,,,,,,,,,2000,159.0,68.0,1738.0,35.0,0.7004405286343612,0.8195876288659794,0.7553444504737854,0.7553444504737854,0.7553444504737854,194.0,0.09700000286102295
local,local,,,0,49,data_2000_3_6.5_chordal,val_epoch_task,val,cycle6,,51,,,,,,,,,2000,168.0,178.0,1605.0,49.0,0.48554913294797686,0.7741935483870968,0.5968028903007507,0.5968028903007507,0.5968028903007507,217.0,0.10849999636411667
local,local,,,0,49,data_2000_3_6.5_chordal,train_epoch,train,,,52,0.1691340411901474,,,,,,,,2000,,,,,,,,,,,
local,local,,,0,49,data_2000_3_6.5_chordal,val_epoch,val,,,52,,0.27876642310619354,0.9491,0.8245000243186951,0.7808867843306069,0.8000229001045227,0.8000229001045227,0.8000229001045227,2000,,,,,,,,,,,
local,local,,,0,49,data_2000_3_6.5_chordal,val_epoch_task,val,cycle2,,52,,,,,,,,,2000,182.0,15.0,1803.0,0.0,0.9238578680203046,1.0,0.960422158241272,0.960422158241272,0.960422158241272,182.0,0.09099999815225601
local,local,,,0,49,data_2000_3_6.5_chordal,val_epoch_task,val,cycle3,,52,,,,,,,,,2000,192.0,35.0,1772.0,1.0,0.8458149779735683,0.9948186528497409,0.9142857193946838,0.9142857193946838,0.9142857193946838,193.0,0.09650000184774399
local,local,,,0,49,data_2000_3_6.5_chordal,val_epoch_task,val,cycle4,,52,,,,,,,,,2000,173.0,107.0,1719.0,1.0,0.6178571428571429,0.9942528735632183,0.7621145844459534,0.7621145844459534,0.7621145844459534,174.0,0.08699999749660492
local,local,,,0,49,data_2000_3_6.5_chordal,val_epoch_task,val,cycle5,,52,,,,,,,,,2000,188.0,103.0,1703.0,6.0,0.6460481099656358,0.9690721649484536,0.7752577662467957,0.7752577662467957,0.7752577662467957,194.0,0.09700000286102295
local,local,,,0,49,data_2000_3_6.5_chordal,val_epoch_task,val,cycle6,,52,,,,,,,,,2000,172.0,196.0,1587.0,45.0,0.4673913043478261,0.7926267281105991,0.5880341529846191,0.5880341529846191,0.5880341529846191,217.0,0.10849999636411667
local,local,,,0,49,data_2000_3_6.5_chordal,train_epoch,train,,,53,0.16202897495031357,,,,,,,,2000,,,,,,,,,,,
local,local,,,0,49,data_2000_3_6.5_chordal,val_epoch,val,,,53,,0.32640265798568724,0.9632,0.8550000190734863,0.8239234449760766,0.840113639831543,0.840113639831543,0.840113639831543,2000,,,,,,,,,,,
local,local,,,0,49,data_2000_3_6.5_chordal,val_epoch_task,val,cycle2,,53,,,,,,,,,2000,182.0,4.0,1814.0,0.0,0.978494623655914,1.0,0.989130437374115,0.989130437374115,0.989130437374115,182.0,0.09099999815225601
local,local,,,0,49,data_2000_3_6.5_chordal,val_epoch_task,val,cycle3,,53,,,,,,,,,2000,193.0,11.0,1796.0,0.0,0.946078431372549,1.0,0.9722921848297119,0.9722921848297119,0.9722921848297119,193.0,0.09650000184774399
local,local,,,0,49,data_2000_3_6.5_chordal,val_epoch_task,val,cycle4,,53,,,,,,,,,2000,174.0,47.0,1779.0,0.0,0.7873303167420814,1.0,0.8810126185417175,0.8810126185417175,0.8810126185417175,174.0,0.08699999749660492
local,local,,,0,49,data_2000_3_6.5_chordal,val_epoch_task,val,cycle5,,53,,,,,,,,,2000,175.0,66.0,1740.0,19.0,0.7261410788381742,0.9020618556701031,0.804597795009613,0.804597795009613,0.804597795009613,194.0,0.09700000286102295
local,local,,,0,49,data_2000_3_6.5_chordal,val_epoch_task,val,cycle6,,53,,,,,,,,,2000,137.0,141.0,1642.0,80.0,0.49280575539568344,0.631336405529954,0.5535353422164917,0.5535353422164917,0.5535353422164917,217.0,0.10849999636411667
local,local,,,0,49,data_2000_3_6.5_chordal,train_epoch,train,,,54,0.17342640286684036,,,,,,,,2000,,,,,,,,,,,
local,local,,,0,49,data_2000_3_6.5_chordal,val_epoch,val,,,54,,0.20558795773983002,0.9452,0.815500020980835,0.7733664185277088,0.7994996309280396,0.7994996309280396,0.7994996309280396,2000,,,,,,,,,,,
local,local,,,0,49,data_2000_3_6.5_chordal,val_epoch_task,val,cycle2,,54,,,,,,,,,2000,182.0,16.0,1802.0,0.0,0.9191919191919192,1.0,0.9578947424888611,0.9578947424888611,0.9578947424888611,182.0,0.09099999815225601
local,local,,,0,49,data_2000_3_6.5_chordal,val_epoch_task,val,cycle3,,54,,,,,,,,,2000,190.0,24.0,1783.0,3.0,0.8878504672897196,0.9844559585492227,0.9336609244346619,0.9336609244346619,0.9336609244346619,193.0,0.09650000184774399
local,local,,,0,49,data_2000_3_6.5_chordal,val_epoch_task,val,cycle4,,54,,,,,,,,,2000,171.0,82.0,1744.0,3.0,0.6758893280632411,0.9827586206896551,0.800936758518219,0.800936758518219,0.800936758518219,174.0,0.08699999749660492
local,local,,,0,49,data_2000_3_6.5_chordal,val_epoch_task,val,cycle5,,54,,,,,,,,,2000,191.0,181.0,1625.0,3.0,0.5134408602150538,0.9845360824742269,0.674911618232727,0.674911618232727,0.674911618232727,194.0,0.09700000286102295
local,local,,,0,49,data_2000_3_6.5_chordal,val_epoch_task,val,cycle6,,54,,,,,,,,,2000,201.0,220.0,1563.0,16.0,0.47743467933491684,0.9262672811059908,0.630094051361084,0.630094051361084,0.630094051361084,217.0,0.10849999636411667
local,local,,,0,49,data_2000_3_6.5_chordal,train_epoch,train,,,55,0.14839115124940871,,,,,,,,2000,,,,,,,,,,,
local,local,,,0,49,data_2000_3_6.5_chordal,val_epoch,val,,,55,,0.18668089720606804,0.9588,0.847000002861023,0.818661971830986,0.8461917042732239,0.8461917042732239,0.8461917042732239,2000,,,,,,,,,,,
local,local,,,0,49,data_2000_3_6.5_chordal,val_epoch_task,val,cycle2,,55,,,,,,,,,2000,182.0,6.0,1812.0,0.0,0.9680851063829787,1.0,0.9837838411331177,0.9837838411331177,0.9837838411331177,182.0,0.09099999815225601
local,local,,,0,49,data_2000_3_6.5_chordal,val_epoch_task,val,cycle3,,55,,,,,,,,,2000,193.0,15.0,1792.0,0.0,0.9278846153846154,1.0,0.9625935554504395,0.9625935554504395,0.9625935554504395,193.0,0.09650000184774399
local,local,,,0,49,data_2000_3_6.5_chordal,val_epoch_task,val,cycle4,,55,,,,,,,,,2000,169.0,38.0,1788.0,5.0,0.8164251207729468,0.9712643678160919,0.8871391415596008,0.8871391415596008,0.8871391415596008,174.0,0.08699999749660492
local,local,,,0,49,data_2000_3_6.5_chordal,val_epoch_task,val,cycle5,,55,,,,,,,,,2000,191.0,107.0,1699.0,3.0,0.6409395973154363,0.9845360824742269,0.7764227986335754,0.7764227986335754,0.7764227986335754,194.0,0.09700000286102295
local,local,,,0,49,data_2000_3_6.5_chordal,val_epoch_task,val,cycle6,,55,,,,,,,,,2000,195.0,216.0,1567.0,22.0,0.4744525547445255,0.8986175115207373,0.6210191249847412,0.6210191249847412,0.6210191249847412,217.0,0.10849999636411667
local,local,,,0,49,data_2000_3_6.5_chordal,train_epoch,train,,,56,0.15981975656747818,,,,,,,,2000,,,,,,,,,,,
local,local,,,0,49,data_2000_3_6.5_chordal,val_epoch,val,,,56,,0.19661825335025787,0.9548,0.8395000100135803,0.8024475524475525,0.8233146667480469,0.8233146667480469,0.8233146667480469,2000,,,,,,,,,,,
local,local,,,0,49,data_2000_3_6.5_chordal,val_epoch_task,val,cycle2,,56,,,,,,,,,2000,182.0,11.0,1807.0,0.0,0.9430051813471503,1.0,0.9706667065620422,0.9706667065620422,0.9706667065620422,182.0,0.09099999815225601
local,local,,,0,49,data_2000_3_6.5_chordal,val_epoch_task,val,cycle3,,56,,,,,,,,,2000,193.0,24.0,1783.0,0.0,0.8894009216589862,1.0,0.9414633512496948,0.9414633512496948,0.9414633512496948,193.0,0.09650000184774399
local,local,,,0,49,data_2000_3_6.5_chordal,val_epoch_task,val,cycle4,,56,,,,,,,,,2000,173.0,67.0,1759.0,1.0,0.7208333333333333,0.9942528735632183,0.8357488512992859,0.8357488512992859,0.8357488512992859,174.0,0.08699999749660492
local,local,,,0,49,data_2000_3_6.5_chordal,val_epoch_task,val,cycle5,,56,,,,,,,,,2000,193.0,122.0,1684.0,1.0,0.6126984126984127,0.9948453608247423,0.7583497166633606,0.7583497166633606,0.7583497166633606,194.0,0.09700000286102295
local,local,,,0,49,data_2000_3_6.5_chordal,val_epoch_task,val,cycle6,,56,,,,,,,,,2000,177.0,186.0,1597.0,40.0,0.48760330578512395,0.815668202764977,0.6103448271751404,0.6103448271751404,0.6103448271751404,217.0,0.10849999636411667
local,local,,,0,49,data_2000_3_6.5_chordal,train_epoch,train,,,57,0.14469833341240884,,,,,,,,2000,,,,,,,,,,,
local,local,,,0,49,data_2000_3_6.5_chordal,val_epoch,val,,,57,,0.20350241670012473,0.9474,0.8140000104904175,0.7804674457429048,0.8058716058731079,0.8058716058731079,0.8058716058731079,2000,,,,,,,,,,,
local,local,,,0,49,data_2000_3_6.5_chordal,val_epoch_task,val,cycle2,,57,,,,,,,,,2000,182.0,15.0,1803.0,0.0,0.9238578680203046,1.0,0.960422158241272,0.960422158241272,0.960422158241272,182.0,0.09099999815225601
local,local,,,0,49,data_2000_3_6.5_chordal,val_epoch_task,val,cycle3,,57,,,,,,,,,2000,193.0,31.0,1776.0,0.0,0.8616071428571429,1.0,0.9256594777107239,0.9256594777107239,0.9256594777107239,193.0,0.09650000184774399
local,local,,,0,49,data_2000_3_6.5_chordal,val_epoch_task,val,cycle4,,57,,,,,,,,,2000,169.0,71.0,1755.0,5.0,0.7041666666666667,0.9712643678160919,0.816425085067749,0.816425085067749,0.816425085067749,174.0,0.08699999749660492
local,local,,,0,49,data_2000_3_6.5_chordal,val_epoch_task,val,cycle5,,57,,,,,,,,,2000,192.0,155.0,1651.0,2.0,0.553314121037464,0.9896907216494846,0.709796667098999,0.709796667098999,0.709796667098999,194.0,0.09700000286102295
local,local,,,0,49,data_2000_3_6.5_chordal,val_epoch_task,val,cycle6,,57,,,,,,,,,2000,199.0,229.0,1554.0,18.0,0.4649532710280374,0.9170506912442397,0.617054283618927,0.617054283618927,0.617054283618927,217.0,0.10849999636411667
local,local,,,0,49,data_2000_3_6.5_chordal,train_epoch,train,,,58,0.17140253371000289,,,,,,,,2000,,,,,,,,,,,
local,local,,,0,49,data_2000_3_6.5_chordal,val_epoch,val,,,58,,0.21652769321203233,0.9507,0.8125,0.7888650963597431,0.8110740780830383,0.8110740780830383,0.8110740780830383,2000,,,,,,,,,,,
local,local,,,0,49,data_2000_3_6.5_chordal,val_epoch_task,val,cycle2,,58,,,,,,,,,2000,182.0,17.0,1801.0,0.0,0.914572864321608,1.0,0.9553805589675903,0.9553805589675903,0.9553805589675903,182.0,0.09099999815225601
local,local,,,0,49,data_2000_3_6.5_chordal,val_epoch_task,val,cycle3,,58,,,,,,,,,2000,191.0,13.0,1794.0,2.0,0.9362745098039216,0.9896373056994818,0.9622166156768799,0.9622166156768799,0.9622166156768799,193.0,0.09650000184774399
local,local,,,0,49,data_2000_3_6.5_chordal,val_epoch_task,val,cycle4,,58,,,,,,,,,2000,171.0,101.0,1725.0,3.0,0.6286764705882353,0.9827586206896551,0.7668161392211914,0.7668161392211914,0.7668161392211914,174.0,0.08699999749660492
local,local,,,0,49,data_2000_3_6.5_chordal,val_epoch_task,val,cycle5,,58,,,,,,,,,2000,192.0,119.0,1687.0,2.0,0.617363344051447,0.9896907216494846,0.7603960633277893,0.7603960633277893,0.7603960633277893,194.0,0.09700000286102295
local,local,,,0,49,data_2000_3_6.5_chordal,val_epoch_task,val,cycle6,,58,,,,,,,,,2000,185.0,204.0,1579.0,32.0,0.4755784061696658,0.8525345622119815,0.6105610132217407,0.6105610132217407,0.6105610132217407,217.0,0.10849999636411667
local,local,,,0,49,data_2000_3_6.5_chordal,train_epoch,train,,,59,0.14154548013210297,,,,,,,,2000,,,,,,,,,,,
local,local,,,0,49,data_2000_3_6.5_chordal,val_epoch,val,,,59,,0.4585373203158379,0.953,0.8305000066757202,0.7791353383458647,0.7955015301704407,0.7955015301704407,0.7955015301704407,2000,,,,,,,,,,,
local,local,,,0,49,data_2000_3_6.5_chordal,val_epoch_task,val,cycle2,,59,,,,,,,,,2000,179.0,16.0,1802.0,3.0,0.9179487179487179,0.9835164835164835,0.9496021270751953,0.9496021270751953,0.9496021270751953,182.0,0.09099999815225601
local,local,,,0,49,data_2000_3_6.5_chordal,val_epoch_task,val,cycle3,,59,,,,,,,,,2000,189.0,30.0,1777.0,4.0,0.863013698630137,0.9792746113989638,0.9174757599830627,0.9174757599830627,0.9174757599830627,193.0,0.09650000184774399
local,local,,,0,49,data_2000_3_6.5_chordal,val_epoch_task,val,cycle4,,59,,,,,,,,,2000,164.0,64.0,1762.0,10.0,0.7192982456140351,0.9425287356321839,0.8159204125404358,0.8159204125404358,0.8159204125404358,174.0,0.08699999749660492
local,local,,,0,49,data_2000_3_6.5_chordal,val_epoch_task,val,cycle5,,59,,,,,,,,,2000,174.0,62.0,1744.0,20.0,0.7372881355932204,0.8969072164948454,0.8093023300170898,0.8093023300170898,0.8093023300170898,194.0,0.09700000286102295
local,local,,,0,49,data_2000_3_6.5_chordal,val_epoch_task,val,cycle6,,59,,,,,,,,,2000,123.0,167.0,1616.0,94.0,0.4241379310344828,0.5668202764976958,0.48520708084106445,0.48520708084106445,0.48520708084106445,217.0,0.10849999636411667
local,local,,,0,49,data_2000_3_6.5_chordal,train_epoch,train,,,60,0.16499033072590827,,,,,,,,2000,,,,,,,,,,,
local,local,,,0,49,data_2000_3_6.5_chordal,val_epoch,val,,,60,,0.3427939956188202,0.9555,0.8389999866485596,0.7931194793119479,0.8091477155685425,0.8091477155685425,0.8091477155685425,2000,,,,,,,,,,,
local,local,,,0,49,data_2000_3_6.5_chordal,val_epoch_task,val,cycle2,,60,,,,,,,,,2000,182.0,24.0,1794.0,0.0,0.883495145631068,1.0,0.9381443858146667,0.9381443858146667,0.9381443858146667,182.0,0.09099999815225601
local,local,,,0,49,data_2000_3_6.5_chordal,val_epoch_task,val,cycle3,,60,,,,,,,,,2000,189.0,31.0,1776.0,4.0,0.8590909090909091,0.9792746113989638,0.9152542352676392,0.9152542352676392,0.9152542352676392,193.0,0.09650000184774399
local,local,,,0,49,data_2000_3_6.5_chordal,val_epoch_task,val,cycle4,,60,,,,,,,,,2000,168.0,57.0,1769.0,6.0,0.7466666666666667,0.9655172413793104,0.8421052694320679,0.8421052694320679,0.8421052694320679,174.0,0.08699999749660492
local,local,,,0,49,data_2000_3_6.5_chordal,val_epoch_task,val,cycle5,,60,,,,,,,,,2000,174.0,58.0,1748.0,20.0,0.75,0.8969072164948454,0.8169013857841492,0.8169013857841492,0.8169013857841492,194.0,0.09700000286102295
local,local,,,0,49,data_2000_3_6.5_chordal,val_epoch_task,val,cycle6,,60,,,,,,,,,2000,140.0,168.0,1615.0,77.0,0.45454545454545453,0.6451612903225806,0.5333333015441895,0.5333333015441895,0.5333333015441895,217.0,0.10849999636411667
local,local,,,0,49,data_2000_3_6.5_chordal,train_epoch,train,,,61,0.14124339509755374,,,,,,,,2000,,,,,,,,,,,
local,local,,,0,49,data_2000_3_6.5_chordal,val_epoch,val,,,61,,0.20378461015224456,0.9483,0.8230000138282776,0.7826817990752417,0.8066847920417786,0.8066847920417786,0.8066847920417786,2000,,,,,,,,,,,
local,local,,,0,49,data_2000_3_6.5_chordal,val_epoch_task,val,cycle2,,61,,,,,,,,,2000,182.0,9.0,1809.0,0.0,0.9528795811518325,1.0,0.9758713245391846,0.9758713245391846,0.9758713245391846,182.0,0.09099999815225601
local,local,,,0,49,data_2000_3_6.5_chordal,val_epoch_task,val,cycle3,,61,,,,,,,,,2000,193.0,23.0,1784.0,0.0,0.8935185185185185,1.0,0.9437652826309204,0.9437652826309204,0.9437652826309204,193.0,0.09650000184774399
local,local,,,0,49,data_2000_3_6.5_chordal,val_epoch_task,val,cycle4,,61,,,,,,,,,2000,172.0,95.0,1731.0,2.0,0.6441947565543071,0.9885057471264368,0.7800453901290894,0.7800453901290894,0.7800453901290894,174.0,0.08699999749660492
local,local,,,0,49,data_2000_3_6.5_chordal,val_epoch_task,val,cycle5,,61,,,,,,,,,2000,193.0,157.0,1649.0,1.0,0.5514285714285714,0.9948453608247423,0.7095587849617004,0.7095587849617004,0.7095587849617004,194.0,0.09700000286102295
local,local,,,0,49,data_2000_3_6.5_chordal,val_epoch_task,val,cycle6,,61,,,,,,,,,2000,191.0,204.0,1579.0,26.0,0.4835443037974684,0.880184331797235,0.6241829991340637,0.6241829991340637,0.6241829991340637,217.0,0.10849999636411667
local,local,,,0,49,data_2000_3_6.5_chordal,train_epoch,train,,,62,0.17688909912109374,,,,,,,,2000,,,,,,,,,,,
local,local,,,0,49,data_2000_3_6.5_chordal,val_epoch,val,,,62,,0.43940502786636354,0.9429,0.8054999709129333,0.7546196819939837,0.7733688950538635,0.7733688950538635,0.7733688950538635,2000,,,,,,,,,,,
local,local,,,0,49,data_2000_3_6.5_chordal,val_epoch_task,val,cycle2,,62,,,,,,,,,2000,182.0,42.0,1776.0,0.0,0.8125,1.0,0.8965517282485962,0.8965517282485962,0.8965517282485962,182.0,0.09099999815225601
local,local,,,0,49,data_2000_3_6.5_chordal,val_epoch_task,val,cycle3,,62,,,,,,,,,2000,190.0,35.0,1772.0,3.0,0.8444444444444444,0.9844559585492227,0.9090909361839294,0.9090909361839294,0.9090909361839294,193.0,0.09650000184774399
local,local,,,0,49,data_2000_3_6.5_chordal,val_epoch_task,val,cycle4,,62,,,,,,,,,2000,170.0,94.0,1732.0,4.0,0.6439393939393939,0.9770114942528736,0.77625572681427,0.77625572681427,0.77625572681427,174.0,0.08699999749660492
local,local,,,0,49,data_2000_3_6.5_chordal,val_epoch_task,val,cycle5,,62,,,,,,,,,2000,186.0,104.0,1702.0,8.0,0.6413793103448275,0.9587628865979382,0.7685950398445129,0.7685950398445129,0.7685950398445129,194.0,0.09700000286102295
local,local,,,0,49,data_2000_3_6.5_chordal,val_epoch_task,val,cycle6,,62,,,,,,,,,2000,150.0,214.0,1569.0,67.0,0.41208791208791207,0.6912442396313364,0.5163511037826538,0.5163511037826538,0.5163511037826538,217.0,0.10849999636411667
local,local,,,0,49,data_2000_3_6.5_chordal,train_epoch,train,,,63,0.16891665780544282,,,,,,,,2000,,,,,,,,,,,
local,local,,,0,49,data_2000_3_6.5_chordal,val_epoch,val,,,63,,0.22750900082150474,0.9465,0.8109999895095825,0.7756813417190775,0.799680233001709,0.799680233001709,0.799680233001709,2000,,,,,,,,,,,
local,local,,,0,49,data_2000_3_6.5_chordal,val_epoch_task,val,cycle2,,63,,,,,,,,,2000,182.0,6.0,1812.0,0.0,0.9680851063829787,1.0,0.9837838411331177,0.9837838411331177,0.9837838411331177,182.0,0.09099999815225601
local,local,,,0,49,data_2000_3_6.5_chordal,val_epoch_task,val,cycle3,,63,,,,,,,,,2000,193.0,33.0,1774.0,0.0,0.8539823008849557,1.0,0.921241044998169,0.921241044998169,0.921241044998169,193.0,0.09650000184774399
local,local,,,0,49,data_2000_3_6.5_chordal,val_epoch_task,val,cycle4,,63,,,,,,,,,2000,174.0,103.0,1723.0,0.0,0.628158844765343,1.0,0.771618664264679,0.771618664264679,0.771618664264679,174.0,0.08699999749660492
local,local,,,0,49,data_2000_3_6.5_chordal,val_epoch_task,val,cycle5,,63,,,,,,,,,2000,192.0,147.0,1659.0,2.0,0.5663716814159292,0.9896907216494846,0.7204502820968628,0.7204502820968628,0.7204502820968628,194.0,0.09700000286102295
local,local,,,0,49,data_2000_3_6.5_chordal,val_epoch_task,val,cycle6,,63,,,,,,,,,2000,184.0,211.0,1572.0,33.0,0.46582278481012657,0.847926267281106,0.601307213306427,0.601307213306427,0.601307213306427,217.0,0.10849999636411667
local,local,,,0,49,data_2000_3_6.5_chordal,train_epoch,train,,,64,0.17724267394840718,,,,,,,,2000,,,,,,,,,,,
local,local,,,0,49,data_2000_3_6.5_chordal,val_epoch,val,,,64,,0.19294930028915405,0.9353,0.784500002861023,0.7465726596161378,0.7790527939796448,0.7790527939796448,0.7790527939796448,2000,,,,,,,,,,,
local,local,,,0,49,data_2000_3_6.5_chordal,val_epoch_task,val,cycle2,,64,,,,,,,,,2000,182.0,9.0,1809.0,0.0,0.9528795811518325,1.0,0.9758713245391846,0.9758713245391846,0.9758713245391846,182.0,0.09099999815225601
local,local,,,0,49,data_2000_3_6.5_chordal,val_epoch_task,val,cycle3,,64,,,,,,,,,2000,193.0,27.0,1780.0,0.0,0.8772727272727273,1.0,0.9346246719360352,0.9346246719360352,0.9346246719360352,193.0,0.09650000184774399
local,local,,,0,49,data_2000_3_6.5_chordal,val_epoch_task,val,cycle4,,64,,,,,,,,,2000,172.0,131.0,1695.0,2.0,0.5676567656765676,0.9885057471264368,0.7211740016937256,0.7211740016937256,0.7211740016937256,174.0,0.08699999749660492
local,local,,,0,49,data_2000_3_6.5_chordal,val_epoch_task,val,cycle5,,64,,,,,,,,,2000,194.0,201.0,1605.0,0.0,0.4911392405063291,1.0,0.658743679523468,0.658743679523468,0.658743679523468,194.0,0.09700000286102295
local,local,,,0,49,data_2000_3_6.5_chordal,val_epoch_task,val,cycle6,,64,,,,,,,,,2000,212.0,272.0,1511.0,5.0,0.4380165289256198,0.9769585253456221,0.6048502326011658,0.6048502326011658,0.6048502326011658,217.0,0.10849999636411667
local,local,,,0,49,data_2000_3_6.5_chordal,train_epoch,train,,,65,0.16211527228355407,,,,,,,,2000,,,,,,,,,,,
local,local,,,0,49,data_2000_3_6.5_chordal,val_epoch,val,,,65,,0.2093983280658722,0.9533,0.8335000276565552,0.7991397849462366,0.8180306553840637,0.8180306553840637,0.8180306553840637,2000,,,,,,,,,,,
local,local,,,0,49,data_2000_3_6.5_chordal,val_epoch_task,val,cycle2,,65,,,,,,,,,2000,182.0,19.0,1799.0,0.0,0.9054726368159204,1.0,0.9503916501998901,0.9503916501998901,0.9503916501998901,182.0,0.09099999815225601
local,local,,,0,49,data_2000_3_6.5_chordal,val_epoch_task,val,cycle3,,65,,,,,,,,,2000,193.0,17.0,1790.0,0.0,0.919047619047619,1.0,0.9578163623809814,0.9578163623809814,0.9578163623809814,193.0,0.09650000184774399
local,local,,,0,49,data_2000_3_6.5_chordal,val_epoch_task,val,cycle4,,65,,,,,,,,,2000,172.0,94.0,1732.0,2.0,0.6466165413533834,0.9885057471264368,0.7818180918693542,0.7818180918693542,0.7818180918693542,174.0,0.08699999749660492
local,local,,,0,49,data_2000_3_6.5_chordal,val_epoch_task,val,cycle5,,65,,,,,,,,,2000,192.0,119.0,1687.0,2.0,0.617363344051447,0.9896907216494846,0.7603960633277893,0.7603960633277893,0.7603960633277893,194.0,0.09700000286102295
local,local,,,0,49,data_2000_3_6.5_chordal,val_epoch_task,val,cycle6,,65,,,,,,,,,2000,190.0,187.0,1596.0,27.0,0.5039787798408488,0.8755760368663594,0.63973069190979,0.63973069190979,0.63973069190979,217.0,0.10849999636411667
local,local,,,0,49,data_2000_3_6.5_chordal,train_epoch,train,,,66,0.15967539024353028,,,,,,,,2000,,,,,,,,,,,
local,local,,,0,49,data_2000_3_6.5_chordal,val_epoch,val,,,66,,0.20762350797653198,0.9555,0.8364999890327454,0.8052516411378555,0.8251240849494934,0.8251240849494934,0.8251240849494934,2000,,,,,,,,,,,
local,local,,,0,49,data_2000_3_6.5_chordal,val_epoch_task,val,cycle2,,66,,,,,,,,,2000,182.0,4.0,1814.0,0.0,0.978494623655914,1.0,0.989130437374115,0.989130437374115,0.989130437374115,182.0,0.09099999815225601
local,local,,,0,49,data_2000_3_6.5_chordal,val_epoch_task,val,cycle3,,66,,,,,,,,,2000,193.0,19.0,1788.0,0.0,0.910377358490566,1.0,0.9530864357948303,0.9530864357948303,0.9530864357948303,193.0,0.09650000184774399
local,local,,,0,49,data_2000_3_6.5_chordal,val_epoch_task,val,cycle4,,66,,,,,,,,,2000,173.0,96.0,1730.0,1.0,0.6431226765799256,0.9942528735632183,0.7810382843017578,0.7810382843017578,0.7810382843017578,174.0,0.08699999749660492
local,local,,,0,49,data_2000_3_6.5_chordal,val_epoch_task,val,cycle5,,66,,,,,,,,,2000,185.0,108.0,1698.0,9.0,0.6313993174061433,0.9536082474226805,0.7597535848617554,0.7597535848617554,0.7597535848617554,194.0,0.09700000286102295
local,local,,,0,49,data_2000_3_6.5_chordal,val_epoch_task,val,cycle6,,66,,,,,,,,,2000,187.0,178.0,1605.0,30.0,0.5123287671232877,0.8617511520737328,0.6426116228103638,0.6426116228103638,0.6426116228103638,217.0,0.10849999636411667
local,local,,,0,49,data_2000_3_6.5_chordal,train_epoch,train,,,67,0.14707762002944946,,,,,,,,2000,,,,,,,,,,,
local,local,,,0,49,data_2000_3_6.5_chordal,val_epoch,val,,,67,,0.19536873573064803,0.9485,0.8209999799728394,0.7849686847599164,0.8121722936630249,0.8121722936630249,0.8121722936630249,2000,,,,,,,,,,,
local,local,,,0,49,data_2000_3_6.5_chordal,val_epoch_task,val,cycle2,,67,,,,,,,,,2000,180.0,5.0,1813.0,2.0,0.972972972972973,0.989010989010989,0.9809264540672302,0.9809264540672302,0.9809264540672302,182.0,0.09099999815225601
local,local,,,0,49,data_2000_3_6.5_chordal,val_epoch_task,val,cycle3,,67,,,,,,,,,2000,193.0,32.0,1775.0,0.0,0.8577777777777778,1.0,0.923444926738739,0.923444926738739,0.923444926738739,193.0,0.09650000184774399
local,local,,,0,49,data_2000_3_6.5_chordal,val_epoch_task,val,cycle4,,67,,,,,,,,,2000,173.0,79.0,1747.0,1.0,0.6865079365079365,0.9942528735632183,0.812206506729126,0.812206506729126,0.812206506729126,174.0,0.08699999749660492
local,local,,,0,49,data_2000_3_6.5_chordal,val_epoch_task,val,cycle5,,67,,,,,,,,,2000,190.0,138.0,1668.0,4.0,0.5792682926829268,0.979381443298969,0.7279692888259888,0.7279692888259888,0.7279692888259888,194.0,0.09700000286102295
local,local,,,0,49,data_2000_3_6.5_chordal,val_epoch_task,val,cycle6,,67,,,,,,,,,2000,204.0,241.0,1542.0,13.0,0.4584269662921348,0.9400921658986175,0.6163142323493958,0.6163142323493958,0.6163142323493958,217.0,0.10849999636411667
local,local,,,0,49,data_2000_3_6.5_chordal,train_epoch,train,,,68,0.13433291449397802,,,,,,,,2000,,,,,,,,,,,
local,local,,,0,49,data_2000_3_6.5_chordal,val_epoch,val,,,68,,0.25032133197784423,0.955,0.8389999866485596,0.8012367491166078,0.825701892375946,0.825701892375946,0.825701892375946,2000,,,,,,,,,,,
local,local,,,0,49,data_2000_3_6.5_chordal,val_epoch_task,val,cycle2,,68,,,,,,,,,2000,182.0,7.0,1811.0,0.0,0.9629629629629629,1.0,0.9811320900917053,0.9811320900917053,0.9811320900917053,182.0,0.09099999815225601
local,local,,,0,49,data_2000_3_6.5_chordal,val_epoch_task,val,cycle3,,68,,,,,,,,,2000,193.0,25.0,1782.0,0.0,0.8853211009174312,1.0,0.9391726851463318,0.9391726851463318,0.9391726851463318,193.0,0.09650000184774399
local,local,,,0,49,data_2000_3_6.5_chordal,val_epoch_task,val,cycle4,,68,,,,,,,,,2000,168.0,54.0,1772.0,6.0,0.7567567567567568,0.9655172413793104,0.8484848141670227,0.8484848141670227,0.8484848141670227,174.0,0.08699999749660492
local,local,,,0,49,data_2000_3_6.5_chordal,val_epoch_task,val,cycle5,,68,,,,,,,,,2000,188.0,105.0,1701.0,6.0,0.6416382252559727,0.9690721649484536,0.7720739245414734,0.7720739245414734,0.7720739245414734,194.0,0.09700000286102295
local,local,,,0,49,data_2000_3_6.5_chordal,val_epoch_task,val,cycle6,,68,,,,,,,,,2000,176.0,206.0,1577.0,41.0,0.4607329842931937,0.8110599078341014,0.5876460671424866,0.5876460671424866,0.5876460671424866,217.0,0.10849999636411667
local,local,,,0,49,data_2000_3_6.5_chordal,train_epoch,train,,,69,0.14904175066947936,,,,,,,,2000,,,,,,,,,,,
local,local,,,0,49,data_2000_3_6.5_chordal,val_epoch,val,,,69,,0.2079853276014328,0.9554,0.8364999890327454,0.8045574057843997,0.826027512550354,0.826027512550354,0.826027512550354,2000,,,,,,,,,,,
local,local,,,0,49,data_2000_3_6.5_chordal,val_epoch_task,val,cycle2,,69,,,,,,,,,2000,182.0,9.0,1809.0,0.0,0.9528795811518325,1.0,0.9758713245391846,0.9758713245391846,0.9758713245391846,182.0,0.09099999815225601
local,local,,,0,49,data_2000_3_6.5_chordal,val_epoch_task,val,cycle3,,69,,,,,,,,,2000,193.0,23.0,1784.0,0.0,0.8935185185185185,1.0,0.9437652826309204,0.9437652826309204,0.9437652826309204,193.0,0.09650000184774399
local,local,,,0,49,data_2000_3_6.5_chordal,val_epoch_task,val,cycle4,,69,,,,,,,,,2000,169.0,62.0,1764.0,5.0,0.7316017316017316,0.9712643678160919,0.8345679044723511,0.8345679044723511,0.8345679044723511,174.0,0.08699999749660492
local,local,,,0,49,data_2000_3_6.5_chordal,val_epoch_task,val,cycle5,,69,,,,,,,,,2000,186.0,120.0,1686.0,8.0,0.6078431372549019,0.9587628865979382,0.7440000176429749,0.7440000176429749,0.7440000176429749,194.0,0.09700000286102295
local,local,,,0,49,data_2000_3_6.5_chordal,val_epoch_task,val,cycle6,,69,,,,,,,,,2000,188.0,190.0,1593.0,29.0,0.4973544973544973,0.8663594470046083,0.63193279504776,0.63193279504776,0.63193279504776,217.0,0.10849999636411667
local,local,,,0,49,data_2000_3_6.5_chordal,train_epoch,train,,,70,0.15913283812999726,,,,,,,,2000,,,,,,,,,,,
local,local,,,0,49,data_2000_3_6.5_chordal,val_epoch,val,,,70,,0.26864459431171417,0.9495,0.8289999961853027,0.7829823807477438,0.8024110794067383,0.8024110794067383,0.8024110794067383,2000,,,,,,,,,,,
local,local,,,0,49,data_2000_3_6.5_chordal,val_epoch_task,val,cycle2,,70,,,,,,,,,2000,182.0,3.0,1815.0,0.0,0.9837837837837838,1.0,0.9918256402015686,0.9918256402015686,0.9918256402015686,182.0,0.09099999815225601
local,local,,,0,49,data_2000_3_6.5_chordal,val_epoch_task,val,cycle3,,70,,,,,,,,,2000,193.0,39.0,1768.0,0.0,0.8318965517241379,1.0,0.9082353115081787,0.9082353115081787,0.9082353115081787,193.0,0.09650000184774399
local,local,,,0,49,data_2000_3_6.5_chordal,val_epoch_task,val,cycle4,,70,,,,,,,,,2000,172.0,125.0,1701.0,2.0,0.5791245791245792,0.9885057471264368,0.7303608655929565,0.7303608655929565,0.7303608655929565,174.0,0.08699999749660492
local,local,,,0,49,data_2000_3_6.5_chordal,val_epoch_task,val,cycle5,,70,,,,,,,,,2000,180.0,103.0,1703.0,14.0,0.6360424028268551,0.9278350515463918,0.7547169923782349,0.7547169923782349,0.7547169923782349,194.0,0.09700000286102295
local,local,,,0,49,data_2000_3_6.5_chordal,val_epoch_task,val,cycle6,,70,,,,,,,,,2000,184.0,186.0,1597.0,33.0,0.4972972972972973,0.847926267281106,0.6269165277481079,0.6269165277481079,0.6269165277481079,217.0,0.10849999636411667
local,local,,,0,49,data_2000_3_6.5_chordal,train_epoch,train,,,71,0.17245059788227082,,,,,,,,2000,,,,,,,,,,,
local,local,,,0,49,data_2000_3_6.5_chordal,val_epoch,val,,,71,,0.2286671063899994,0.9558,0.8445000052452087,0.804424778761062,0.8202918171882629,0.8202918171882629,0.8202918171882629,2000,,,,,,,,,,,
local,local,,,0,49,data_2000_3_6.5_chordal,val_epoch_task,val,cycle2,,71,,,,,,,,,2000,182.0,10.0,1808.0,0.0,0.9479166666666666,1.0,0.9732620120048523,0.9732620120048523,0.9732620120048523,182.0,0.09099999815225601
local,local,,,0,49,data_2000_3_6.5_chordal,val_epoch_task,val,cycle3,,71,,,,,,,,,2000,193.0,30.0,1777.0,0.0,0.8654708520179372,1.0,0.927884578704834,0.927884578704834,0.927884578704834,193.0,0.09650000184774399
local,local,,,0,49,data_2000_3_6.5_chordal,val_epoch_task,val,cycle4,,71,,,,,,,,,2000,167.0,86.0,1740.0,7.0,0.6600790513833992,0.9597701149425287,0.7822014093399048,0.7822014093399048,0.7822014093399048,174.0,0.08699999749660492
local,local,,,0,49,data_2000_3_6.5_chordal,val_epoch_task,val,cycle5,,71,,,,,,,,,2000,174.0,93.0,1713.0,20.0,0.651685393258427,0.8969072164948454,0.7548807263374329,0.7548807263374329,0.7548807263374329,194.0,0.09700000286102295
local,local,,,0,49,data_2000_3_6.5_chordal,val_epoch_task,val,cycle6,,71,,,,,,,,,2000,193.0,172.0,1611.0,24.0,0.5287671232876713,0.8894009216589862,0.6632301807403564,0.6632301807403564,0.6632301807403564,217.0,0.10849999636411667
local,local,,,0,49,data_2000_3_6.5_chordal,train_epoch,train,,,72,0.14953814661502837,,,,,,,,2000,,,,,,,,,,,
local,local,,,0,49,data_2000_3_6.5_chordal,val_epoch,val,,,72,,0.17794299566745758,0.9522,0.8345000147819519,0.7976291278577476,0.8204774856567383,0.8204774856567383,0.8204774856567383,2000,,,,,,,,,,,
local,local,,,0,49,data_2000_3_6.5_chordal,val_epoch_task,val,cycle2,,72,,,,,,,,,2000,182.0,9.0,1809.0,0.0,0.9528795811518325,1.0,0.9758713245391846,0.9758713245391846,0.9758713245391846,182.0,0.09099999815225601
local,local,,,0,49,data_2000_3_6.5_chordal,val_epoch_task,val,cycle3,,72,,,,,,,,,2000,192.0,12.0,1795.0,1.0,0.9411764705882353,0.9948186528497409,0.9672543406486511,0.9672543406486511,0.9672543406486511,193.0,0.09650000184774399
local,local,,,0,49,data_2000_3_6.5_chordal,val_epoch_task,val,cycle4,,72,,,,,,,,,2000,173.0,100.0,1726.0,1.0,0.6336996336996337,0.9942528735632183,0.7740492224693298,0.7740492224693298,0.7740492224693298,174.0,0.08699999749660492
local,local,,,0,49,data_2000_3_6.5_chordal,val_epoch_task,val,cycle5,,72,,,,,,,,,2000,193.0,143.0,1663.0,1.0,0.5744047619047619,0.9948453608247423,0.7283018827438354,0.7283018827438354,0.7283018827438354,194.0,0.09700000286102295
local,local,,,0,49,data_2000_3_6.5_chordal,val_epoch_task,val,cycle6,,72,,,,,,,,,2000,202.0,196.0,1587.0,15.0,0.507537688442211,0.9308755760368663,0.6569105386734009,0.6569105386734009,0.6569105386734009,217.0,0.10849999636411667
local,local,,,0,49,data_2000_3_6.5_chordal,train_epoch,train,,,73,0.1470360405445099,,,,,,,,2000,,,,,,,,,,,
local,local,,,0,49,data_2000_3_6.5_chordal,val_epoch,val,,,73,,0.29231990957260134,0.9622,0.8550000190734863,0.8246753246753247,0.8420565724372864,0.8420565724372864,0.8420565724372864,2000,,,,,,,,,,,
local,local,,,0,49,data_2000_3_6.5_chordal,val_epoch_task,val,cycle2,,73,,,,,,,,,2000,182.0,5.0,1813.0,0.0,0.9732620320855615,1.0,0.9864498376846313,0.9864498376846313,0.9864498376846313,182.0,0.09099999815225601
local,local,,,0,49,data_2000_3_6.5_chordal,val_epoch_task,val,cycle3,,73,,,,,,,,,2000,193.0,27.0,1780.0,0.0,0.8772727272727273,1.0,0.9346246719360352,0.9346246719360352,0.9346246719360352,193.0,0.09650000184774399
local,local,,,0,49,data_2000_3_6.5_chordal,val_epoch_task,val,cycle4,,73,,,,,,,,,2000,173.0,40.0,1786.0,1.0,0.812206572769953,0.9942528735632183,0.8940567970275879,0.8940567970275879,0.8940567970275879,174.0,0.08699999749660492
local,local,,,0,49,data_2000_3_6.5_chordal,val_epoch_task,val,cycle5,,73,,,,,,,,,2000,185.0,83.0,1723.0,9.0,0.6902985074626866,0.9536082474226805,0.8008657693862915,0.8008657693862915,0.8008657693862915,194.0,0.09700000286102295
local,local,,,0,49,data_2000_3_6.5_chordal,val_epoch_task,val,cycle6,,73,,,,,,,,,2000,156.0,152.0,1631.0,61.0,0.5064935064935064,0.7188940092165899,0.5942856669425964,0.5942856669425964,0.5942856669425964,217.0,0.10849999636411667
local,local,,,0,49,data_2000_3_6.5_chordal,train_epoch,train,,,74,0.13631019878387451,,,,,,,,2000,,,,,,,,,,,
local,local,,,0,49,data_2000_3_6.5_chordal,val_epoch,val,,,74,,0.22953298270702363,0.9542,0.8364999890327454,0.7989464442493416,0.8189178705215454,0.8189178705215454,0.8189178705215454,2000,,,,,,,,,,,
local,local,,,0,49,data_2000_3_6.5_chordal,val_epoch_task,val,cycle2,,74,,,,,,,,,2000,182.0,5.0,1813.0,0.0,0.9732620320855615,1.0,0.9864498376846313,0.9864498376846313,0.9864498376846313,182.0,0.09099999815225601
local,local,,,0,49,data_2000_3_6.5_chordal,val_epoch_task,val,cycle3,,74,,,,,,,,,2000,192.0,27.0,1780.0,1.0,0.8767123287671232,0.9948186528497409,0.9320387840270996,0.9320387840270996,0.9320387840270996,193.0,0.09650000184774399
local,local,,,0,49,data_2000_3_6.5_chordal,val_epoch_task,val,cycle4,,74,,,,,,,,,2000,171.0,102.0,1724.0,3.0,0.6263736263736264,0.9827586206896551,0.7651007175445557,0.7651007175445557,0.7651007175445557,174.0,0.08699999749660492
local,local,,,0,49,data_2000_3_6.5_chordal,val_epoch_task,val,cycle5,,74,,,,,,,,,2000,188.0,87.0,1719.0,6.0,0.6836363636363636,0.9690721649484536,0.8017057776451111,0.8017057776451111,0.8017057776451111,194.0,0.09700000286102295
local,local,,,0,49,data_2000_3_6.5_chordal,val_epoch_task,val,cycle6,,74,,,,,,,,,2000,177.0,187.0,1596.0,40.0,0.48626373626373626,0.815668202764977,0.6092942953109741,0.6092942953109741,0.6092942953109741,217.0,0.10849999636411667
local,local,,,0,49,data_2000_3_6.5_chordal,train_epoch,train,,,75,0.13683528196811676,,,,,,,,2000,,,,,,,,,,,
local,local,,,0,49,data_2000_3_6.5_chordal,val_epoch,val,,,75,,0.19476593655347824,0.9567,0.8429999947547913,0.8109995635093845,0.8337782621383667,0.8337782621383667,0.8337782621383667,2000,,,,,,,,,,,
local,local,,,0,49,data_2000_3_6.5_chordal,val_epoch_task,val,cycle2,,75,,,,,,,,,2000,182.0,10.0,1808.0,0.0,0.9479166666666666,1.0,0.9732620120048523,0.9732620120048523,0.9732620120048523,182.0,0.09099999815225601
local,local,,,0,49,data_2000_3_6.5_chordal,val_epoch_task,val,cycle3,,75,,,,,,,,,2000,193.0,26.0,1781.0,0.0,0.8812785388127854,1.0,0.9368931651115417,0.9368931651115417,0.9368931651115417,193.0,0.09650000184774399
local,local,,,0,49,data_2000_3_6.5_chordal,val_epoch_task,val,cycle4,,75,,,,,,,,,2000,169.0,45.0,1781.0,5.0,0.7897196261682243,0.9712643678160919,0.8711340427398682,0.8711340427398682,0.8711340427398682,174.0,0.08699999749660492
local,local,,,0,49,data_2000_3_6.5_chordal,val_epoch_task,val,cycle5,,75,,,,,,,,,2000,190.0,126.0,1680.0,4.0,0.6012658227848101,0.979381443298969,0.7450981140136719,0.7450981140136719,0.7450981140136719,194.0,0.09700000286102295
local,local,,,0,49,data_2000_3_6.5_chordal,val_epoch_task,val,cycle6,,75,,,,,,,,,2000,195.0,195.0,1588.0,22.0,0.5,0.8986175115207373,0.642504096031189,0.642504096031189,0.642504096031189,217.0,0.10849999636411667
local,local,,,0,49,data_2000_3_6.5_chordal,train_epoch,train,,,76,0.14515171661973,,,,,,,,2000,,,,,,,,,,,
local,local,,,0,49,data_2000_3_6.5_chordal,val_epoch,val,,,76,,0.1996986909508705,0.9489,0.8234999775886536,0.7861029719547928,0.8088717460632324,0.8088717460632324,0.8088717460632324,2000,,,,,,,,,,,
local,local,,,0,49,data_2000_3_6.5_chordal,val_epoch_task,val,cycle2,,76,,,,,,,,,2000,182.0,12.0,1806.0,0.0,0.9381443298969072,1.0,0.9680851101875305,0.9680851101875305,0.9680851101875305,182.0,0.09099999815225601
local,local,,,0,49,data_2000_3_6.5_chordal,val_epoch_task,val,cycle3,,76,,,,,,,,,2000,193.0,35.0,1772.0,0.0,0.8464912280701754,1.0,0.9168645739555359,0.9168645739555359,0.9168645739555359,193.0,0.09650000184774399
local,local,,,0,49,data_2000_3_6.5_chordal,val_epoch_task,val,cycle4,,76,,,,,,,,,2000,172.0,73.0,1753.0,2.0,0.7020408163265306,0.9885057471264368,0.8210023641586304,0.8210023641586304,0.8210023641586304,174.0,0.08699999749660492
local,local,,,0,49,data_2000_3_6.5_chordal,val_epoch_task,val,cycle5,,76,,,,,,,,,2000,190.0,171.0,1635.0,4.0,0.5263157894736842,0.979381443298969,0.684684693813324,0.684684693813324,0.684684693813324,194.0,0.09700000286102295
local,local,,,0,49,data_2000_3_6.5_chordal,val_epoch_task,val,cycle6,,76,,,,,,,,,2000,202.0,199.0,1584.0,15.0,0.5037406483790524,0.9308755760368663,0.6537216901779175,0.6537216901779175,0.6537216901779175,217.0,0.10849999636411667
local,local,,,0,49,data_2000_3_6.5_chordal,train_epoch,train,,,77,0.15033249181509017,,,,,,,,2000,,,,,,,,,,,
local,local,,,0,49,data_2000_3_6.5_chordal,val_epoch,val,,,77,,0.24512783455848694,0.9514,0.8309999704360962,0.7901554404145078,0.8111183047294617,0.8111183047294617,0.8111183047294617,2000,,,,,,,,,,,
local,local,,,0,49,data_2000_3_6.5_chordal,val_epoch_task,val,cycle2,,77,,,,,,,,,2000,181.0,13.0,1805.0,1.0,0.9329896907216495,0.9945054945054945,0.9627659320831299,0.9627659320831299,0.9627659320831299,182.0,0.09099999815225601
local,local,,,0,49,data_2000_3_6.5_chordal,val_epoch_task,val,cycle3,,77,,,,,,,,,2000,193.0,28.0,1779.0,0.0,0.8733031674208145,1.0,0.9323671460151672,0.9323671460151672,0.9323671460151672,193.0,0.09650000184774399
local,local,,,0,49,data_2000_3_6.5_chordal,val_epoch_task,val,cycle4,,77,,,,,,,,,2000,171.0,83.0,1743.0,3.0,0.6732283464566929,0.9827586206896551,0.7990654110908508,0.7990654110908508,0.7990654110908508,174.0,0.08699999749660492
local,local,,,0,49,data_2000_3_6.5_chordal,val_epoch_task,val,cycle5,,77,,,,,,,,,2000,194.0,118.0,1688.0,0.0,0.6217948717948718,1.0,0.7667983770370483,0.7667983770370483,0.7667983770370483,194.0,0.09700000286102295
local,local,,,0,49,data_2000_3_6.5_chordal,val_epoch_task,val,cycle6,,77,,,,,,,,,2000,176.0,199.0,1584.0,41.0,0.4693333333333333,0.8110599078341014,0.5945945978164673,0.5945945978164673,0.5945945978164673,217.0,0.10849999636411667
local,local,,,0,49,data_2000_3_6.5_chordal,train_epoch,train,,,78,0.15298176747560502,,,,,,,,2000,,,,,,,,,,,
local,local,,,0,49,data_2000_3_6.5_chordal,val_epoch,val,,,78,,0.18057127636671066,0.9491,0.824999988079071,0.7880049979175344,0.8120174407958984,0.8120174407958984,0.8120174407958984,2000,,,,,,,,,,,
local,local,,,0,49,data_2000_3_6.5_chordal,val_epoch_task,val,cycle2,,78,,,,,,,,,2000,182.0,9.0,1809.0,0.0,0.9528795811518325,1.0,0.9758713245391846,0.9758713245391846,0.9758713245391846,182.0,0.09099999815225601
local,local,,,0,49,data_2000_3_6.5_chordal,val_epoch_task,val,cycle3,,78,,,,,,,,,2000,193.0,30.0,1777.0,0.0,0.8654708520179372,1.0,0.927884578704834,0.927884578704834,0.927884578704834,193.0,0.09650000184774399
local,local,,,0,49,data_2000_3_6.5_chordal,val_epoch_task,val,cycle4,,78,,,,,,,,,2000,172.0,77.0,1749.0,2.0,0.6907630522088354,0.9885057471264368,0.8132387399673462,0.8132387399673462,0.8132387399673462,174.0,0.08699999749660492
local,local,,,0,49,data_2000_3_6.5_chordal,val_epoch_task,val,cycle5,,78,,,,,,,,,2000,188.0,173.0,1633.0,6.0,0.5207756232686981,0.9690721649484536,0.6774774193763733,0.6774774193763733,0.6774774193763733,194.0,0.09700000286102295
local,local,,,0,49,data_2000_3_6.5_chordal,val_epoch_task,val,cycle6,,78,,,,,,,,,2000,211.0,206.0,1577.0,6.0,0.5059952038369304,0.9723502304147466,0.6656152009963989,0.6656152009963989,0.6656152009963989,217.0,0.10849999636411667
local,local,,,0,49,data_2000_3_6.5_chordal,train_epoch,train,,,79,0.12803291216492652,,,,,,,,2000,,,,,,,,,,,
local,local,,,0,49,data_2000_3_6.5_chordal,val_epoch,val,,,79,,0.34588539826869963,0.9624,0.8585000038146973,0.8254410399257197,0.8414751291275024,0.8414751291275024,0.8414751291275024,2000,,,,,,,,,,,
local,local,,,0,49,data_2000_3_6.5_chordal,val_epoch_task,val,cycle2,,79,,,,,,,,,2000,182.0,10.0,1808.0,0.0,0.9479166666666666,1.0,0.9732620120048523,0.9732620120048523,0.9732620120048523,182.0,0.09099999815225601
local,local,,,0,49,data_2000_3_6.5_chordal,val_epoch_task,val,cycle3,,79,,,,,,,,,2000,192.0,19.0,1788.0,1.0,0.909952606635071,0.9948186528497409,0.9504950642585754,0.9504950642585754,0.9504950642585754,193.0,0.09650000184774399
local,local,,,0,49,data_2000_3_6.5_chordal,val_epoch_task,val,cycle4,,79,,,,,,,,,2000,171.0,50.0,1776.0,3.0,0.7737556561085973,0.9827586206896551,0.8658227920532227,0.8658227920532227,0.8658227920532227,174.0,0.08699999749660492
local,local,,,0,49,data_2000_3_6.5_chordal,val_epoch_task,val,cycle5,,79,,,,,,,,,2000,183.0,76.0,1730.0,11.0,0.7065637065637066,0.9432989690721649,0.807947039604187,0.807947039604187,0.807947039604187,194.0,0.09700000286102295
local,local,,,0,49,data_2000_3_6.5_chordal,val_epoch_task,val,cycle6,,79,,,,,,,,,2000,161.0,150.0,1633.0,56.0,0.5176848874598071,0.7419354838709677,0.6098484396934509,0.6098484396934509,0.6098484396934509,217.0,0.10849999636411667
local,local,,,0,49,data_2000_3_6.5_chordal,train_epoch,train,,,80,0.12669890755414961,,,,,,,,2000,,,,,,,,,,,
local,local,,,0,49,data_2000_3_6.5_chordal,val_epoch,val,,,80,,0.2319099214747548,0.9589,0.8454999923706055,0.8161073825503357,0.8316446542739868,0.8316446542739868,0.8316446542739868,2000,,,,,,,,,,,
local,local,,,0,49,data_2000_3_6.5_chordal,val_epoch_task,val,cycle2,,80,,,,,,,,,2000,181.0,12.0,1806.0,1.0,0.9378238341968912,0.9945054945054945,0.9653333425521851,0.9653333425521851,0.9653333425521851,182.0,0.09099999815225601
local,local,,,0,49,data_2000_3_6.5_chordal,val_epoch_task,val,cycle3,,80,,,,,,,,,2000,193.0,23.0,1784.0,0.0,0.8935185185185185,1.0,0.9437652826309204,0.9437652826309204,0.9437652826309204,193.0,0.09650000184774399
local,local,,,0,49,data_2000_3_6.5_chordal,val_epoch_task,val,cycle4,,80,,,,,,,,,2000,174.0,83.0,1743.0,0.0,0.6770428015564203,1.0,0.8074246048927307,0.8074246048927307,0.8074246048927307,174.0,0.08699999749660492
local,local,,,0,49,data_2000_3_6.5_chordal,val_epoch_task,val,cycle5,,80,,,,,,,,,2000,174.0,79.0,1727.0,20.0,0.6877470355731226,0.8969072164948454,0.7785235047340393,0.7785235047340393,0.7785235047340393,194.0,0.09700000286102295
local,local,,,0,49,data_2000_3_6.5_chordal,val_epoch_task,val,cycle6,,80,,,,,,,,,2000,190.0,166.0,1617.0,27.0,0.5337078651685393,0.8755760368663594,0.6631762981414795,0.6631762981414795,0.6631762981414795,217.0,0.10849999636411667
local,local,,,0,49,data_2000_3_6.5_chordal,best_local_train,train,,,48,,0.14437395668029784,0.9612,0.862500011920929,0.8287731685789939,0.8433572053909302,0.8433572053909302,0.8433572053909302,2000,,,,,,,,,,,
local,local,,,0,49,data_2000_3_6.5_chordal,best_local_train_task,train,cycle2,,48,,,,,,,,,2000,181.0,14.0,1805.0,0.0,0.9282051282051282,1.0,0.9627659320831299,0.9627659320831299,0.9627659320831299,181.0,0.09049999713897705
local,local,,,0,49,data_2000_3_6.5_chordal,best_local_train_task,train,cycle3,,48,,,,,,,,,2000,187.0,27.0,1786.0,0.0,0.8738317757009346,1.0,0.9326683282852173,0.9326683282852173,0.9326683282852173,187.0,0.09350000321865082
local,local,,,0,49,data_2000_3_6.5_chordal,best_local_train_task,train,cycle4,,48,,,,,,,,,2000,202.0,40.0,1750.0,8.0,0.8347107438016529,0.9619047619047619,0.8938053250312805,0.8938053250312805,0.8938053250312805,210.0,0.10499999672174454
local,local,,,0,49,data_2000_3_6.5_chordal,best_local_train_task,train,cycle5,,48,,,,,,,,,2000,205.0,96.0,1698.0,1.0,0.6810631229235881,0.9951456310679612,0.8086785078048706,0.8086785078048706,0.8086785078048706,206.0,0.10300000011920929
local,local,,,0,49,data_2000_3_6.5_chordal,best_local_train_task,train,cycle6,,48,,,,,,,,,2000,164.0,198.0,1634.0,4.0,0.4530386740331492,0.9761904761904762,0.6188678741455078,0.6188678741455078,0.6188678741455078,168.0,0.08399999886751175
local,local,,,0,49,data_2000_3_6.5_chordal,best_local_val,val,,,48,,0.19596943354606627,0.9505,0.8180000185966492,0.7894512973202893,0.819726288318634,0.819726288318634,0.819726288318634,2000,,,,,,,,,,,
local,local,,,0,49,data_2000_3_6.5_chordal,best_local_val_task,val,cycle2,,48,,,,,,,,,2000,182.0,9.0,1809.0,0.0,0.9528795811518325,1.0,0.9758713245391846,0.9758713245391846,0.9758713245391846,182.0,0.09099999815225601
local,local,,,0,49,data_2000_3_6.5_chordal,best_local_val_task,val,cycle3,,48,,,,,,,,,2000,193.0,22.0,1785.0,0.0,0.8976744186046511,1.0,0.9460784196853638,0.9460784196853638,0.9460784196853638,193.0,0.09650000184774399
local,local,,,0,49,data_2000_3_6.5_chordal,best_local_val_task,val,cycle4,,48,,,,,,,,,2000,166.0,49.0,1777.0,8.0,0.772093023255814,0.9540229885057471,0.853470504283905,0.853470504283905,0.853470504283905,174.0,0.08699999749660492
local,local,,,0,49,data_2000_3_6.5_chordal,best_local_val_task,val,cycle5,,48,,,,,,,,,2000,189.0,143.0,1663.0,5.0,0.5692771084337349,0.9742268041237113,0.7186311483383179,0.7186311483383179,0.7186311483383179,194.0,0.09700000286102295
local,local,,,0,49,data_2000_3_6.5_chordal,best_local_val_task,val,cycle6,,48,,,,,,,,,2000,198.0,240.0,1543.0,19.0,0.4520547945205479,0.9124423963133641,0.6045801639556885,0.6045801639556885,0.6045801639556885,217.0,0.10849999636411667
local,local,,,0,49,data_2000_3_6.5_chordal,best_local_test,test,,,48,,0.15473978117108345,0.9595,0.8544999957084656,0.8044422984065669,0.8251281976699829,0.8251281976699829,0.8251281976699829,2000,,,,,,,,,,,
local,local,,,0,49,data_2000_3_6.5_chordal,best_local_test_task,test,cycle2,,48,,,,,,,,,2000,168.0,10.0,1822.0,0.0,0.9438202247191011,1.0,0.9710982441902161,0.9710982441902161,0.9710982441902161,168.0,0.08399999886751175
local,local,,,0,49,data_2000_3_6.5_chordal,best_local_test_task,test,cycle3,,48,,,,,,,,,2000,176.0,20.0,1804.0,0.0,0.8979591836734694,1.0,0.9462365508079529,0.9462365508079529,0.9462365508079529,176.0,0.08799999952316284
local,local,,,0,49,data_2000_3_6.5_chordal,best_local_test_task,test,cycle4,,48,,,,,,,,,2000,157.0,53.0,1785.0,5.0,0.7476190476190476,0.9691358024691358,0.8440859913825989,0.8440859913825989,0.8440859913825989,162.0,0.08100000023841858
local,local,,,0,49,data_2000_3_6.5_chordal,best_local_test_task,test,cycle5,,48,,,,,,,,,2000,159.0,117.0,1723.0,1.0,0.5760869565217391,0.99375,0.7293578386306763,0.7293578386306763,0.7293578386306763,160.0,0.07999999821186066
local,local,,,0,49,data_2000_3_6.5_chordal,best_local_test_task,test,cycle6,,48,,,,,,,,,2000,173.0,194.0,1628.0,5.0,0.4713896457765668,0.9719101123595506,0.6348623633384705,0.6348623633384705,0.6348623633384705,178.0,0.08900000154972076
