run_type,algorithm,subset_id,subset_clients,seed,graph_id,dataset_id,phase,split,task,round,local_epoch,train_loss,eval_loss,pair_acc,subset_acc,micro_f1,macro_f1,macro_pos_f1,macro_minority_f1,num_nodes,tp,fp,tn,fn,precision,recall,f1,positive_f1,minority_f1,pos_cnt,pos_rate
local,local,,,2,82,data_4000_4_1.5_chordal_rep02,train_epoch,train,,,1,0.7567858128547669,,,,,,,,4000,,,,,,,,,,,
local,local,,,2,82,data_4000_4_1.5_chordal_rep02,val_epoch,val,,,1,,0.6680161309242248,0.72635,0.4257499873638153,0.6065137680638435,0.5638870596885681,0.5638870596885681,0.5638870596885681,4000,,,,,,,,,,,
local,local,,,2,82,data_4000_4_1.5_chordal_rep02,val_epoch_task,val,cycle2,,1,,,,,,,,,4000,1445.0,706.0,1577.0,272.0,0.6717805671780567,0.8415841584158416,0.7471561431884766,0.7471561431884766,0.7471561431884766,1717.0,0.42925000190734863
local,local,,,2,82,data_4000_4_1.5_chordal_rep02,val_epoch_task,val,cycle3,,1,,,,,,,,,4000,1177.0,654.0,2021.0,148.0,0.642818132168214,0.8883018867924528,0.7458809018135071,0.7458809018135071,0.7458809018135071,1325.0,0.33125001192092896
local,local,,,2,82,data_4000_4_1.5_chordal_rep02,val_epoch_task,val,cycle4,,1,,,,,,,,,4000,877.0,882.0,2153.0,88.0,0.4985787379192723,0.9088082901554404,0.6439059972763062,0.6439059972763062,0.6439059972763062,965.0,0.24124999344348907
local,local,,,2,82,data_4000_4_1.5_chordal_rep02,val_epoch_task,val,cycle5,,1,,,,,,,,,4000,476.0,1196.0,2302.0,26.0,0.284688995215311,0.9482071713147411,0.4379024803638458,0.4379024803638458,0.4379024803638458,502.0,0.12549999356269836
local,local,,,2,82,data_4000_4_1.5_chordal_rep02,val_epoch_task,val,cycle6,,1,,,,,,,,,4000,243.0,1478.0,2256.0,23.0,0.1411969785008716,0.9135338345864662,0.24458985030651093,0.24458985030651093,0.24458985030651093,266.0,0.06650000065565109
local,local,,,2,82,data_4000_4_1.5_chordal_rep02,train_epoch,train,,,2,0.5750629086494445,,,,,,,,4000,,,,,,,,,,,
local,local,,,2,82,data_4000_4_1.5_chordal_rep02,val_epoch,val,,,2,,0.639404405593872,0.7459,0.492249995470047,0.6380857427716848,0.5812305212020874,0.5812305212020874,0.5812305212020874,4000,,,,,,,,,,,
local,local,,,2,82,data_4000_4_1.5_chordal_rep02,val_epoch_task,val,cycle2,,2,,,,,,,,,4000,1708.0,664.0,1619.0,9.0,0.7200674536256324,0.9947582993593477,0.8354120850563049,0.8354120850563049,0.8354120850563049,1717.0,0.42925000190734863
local,local,,,2,82,data_4000_4_1.5_chordal_rep02,val_epoch_task,val,cycle3,,2,,,,,,,,,4000,1209.0,700.0,1975.0,116.0,0.6333158721843898,0.9124528301886793,0.7476808428764343,0.7476808428764343,0.7476808428764343,1325.0,0.33125001192092896
local,local,,,2,82,data_4000_4_1.5_chordal_rep02,val_epoch_task,val,cycle4,,2,,,,,,,,,4000,869.0,847.0,2188.0,96.0,0.5064102564102564,0.900518134715026,0.6482656002044678,0.6482656002044678,0.6482656002044678,965.0,0.24124999344348907
local,local,,,2,82,data_4000_4_1.5_chordal_rep02,val_epoch_task,val,cycle5,,2,,,,,,,,,4000,466.0,1185.0,2313.0,36.0,0.28225317989097515,0.9282868525896414,0.4328843355178833,0.4328843355178833,0.4328843355178833,502.0,0.12549999356269836
local,local,,,2,82,data_4000_4_1.5_chordal_rep02,val_epoch_task,val,cycle6,,2,,,,,,,,,4000,228.0,1391.0,2343.0,38.0,0.14082767140210006,0.8571428571428571,0.24190981686115265,0.24190981686115265,0.24190981686115265,266.0,0.06650000065565109
local,local,,,2,82,data_4000_4_1.5_chordal_rep02,train_epoch,train,,,3,0.4805979197025299,,,,,,,,4000,,,,,,,,,,,
local,local,,,2,82,data_4000_4_1.5_chordal_rep02,val_epoch,val,,,3,,0.4182181010246277,0.8744,0.6549999713897705,0.783969728242174,0.7078189253807068,0.7078189253807068,0.7078189253807068,4000,,,,,,,,,,,
local,local,,,2,82,data_4000_4_1.5_chordal_rep02,val_epoch_task,val,cycle2,,3,,,,,,,,,4000,1717.0,295.0,1988.0,0.0,0.8533797216699801,1.0,0.9208903312683105,0.9208903312683105,0.9208903312683105,1717.0,0.42925000190734863
local,local,,,2,82,data_4000_4_1.5_chordal_rep02,val_epoch_task,val,cycle3,,3,,,,,,,,,4000,1323.0,406.0,2269.0,2.0,0.7651821862348178,0.9984905660377359,0.8664047122001648,0.8664047122001648,0.8664047122001648,1325.0,0.33125001192092896
local,local,,,2,82,data_4000_4_1.5_chordal_rep02,val_epoch_task,val,cycle4,,3,,,,,,,,,4000,857.0,244.0,2791.0,108.0,0.7783832879200726,0.8880829015544042,0.8296224474906921,0.8296224474906921,0.8296224474906921,965.0,0.24124999344348907
local,local,,,2,82,data_4000_4_1.5_chordal_rep02,val_epoch_task,val,cycle5,,3,,,,,,,,,4000,446.0,653.0,2845.0,56.0,0.40582347588717016,0.8884462151394422,0.557151734828949,0.557151734828949,0.557151734828949,502.0,0.12549999356269836
local,local,,,2,82,data_4000_4_1.5_chordal_rep02,val_epoch_task,val,cycle6,,3,,,,,,,,,4000,215.0,697.0,3037.0,51.0,0.23574561403508773,0.8082706766917294,0.36502543091773987,0.36502543091773987,0.36502543091773987,266.0,0.06650000065565109
local,local,,,2,82,data_4000_4_1.5_chordal_rep02,train_epoch,train,,,4,0.36543076729774476,,,,,,,,4000,,,,,,,,,,,
local,local,,,2,82,data_4000_4_1.5_chordal_rep02,val_epoch,val,,,4,,0.35119131398200987,0.90365,0.702750027179718,0.82224887003044,0.7459937334060669,0.7459937334060669,0.7459937334060669,4000,,,,,,,,,,,
local,local,,,2,82,data_4000_4_1.5_chordal_rep02,val_epoch_task,val,cycle2,,4,,,,,,,,,4000,1716.0,93.0,2190.0,1.0,0.9485903814262023,0.9994175888177053,0.9733408689498901,0.9733408689498901,0.9733408689498901,1717.0,0.42925000190734863
local,local,,,2,82,data_4000_4_1.5_chordal_rep02,val_epoch_task,val,cycle3,,4,,,,,,,,,4000,1240.0,26.0,2649.0,85.0,0.9794628751974723,0.9358490566037736,0.9571593999862671,0.9571593999862671,0.9571593999862671,1325.0,0.33125001192092896
local,local,,,2,82,data_4000_4_1.5_chordal_rep02,val_epoch_task,val,cycle4,,4,,,,,,,,,4000,817.0,213.0,2822.0,148.0,0.7932038834951456,0.8466321243523316,0.8190475702285767,0.8190475702285767,0.8190475702285767,965.0,0.24124999344348907
local,local,,,2,82,data_4000_4_1.5_chordal_rep02,val_epoch_task,val,cycle5,,4,,,,,,,,,4000,449.0,557.0,2941.0,53.0,0.4463220675944334,0.8944223107569721,0.5954906940460205,0.5954906940460205,0.5954906940460205,502.0,0.12549999356269836
local,local,,,2,82,data_4000_4_1.5_chordal_rep02,val_epoch_task,val,cycle6,,4,,,,,,,,,4000,235.0,720.0,3014.0,31.0,0.24607329842931938,0.8834586466165414,0.38493040204048157,0.38493040204048157,0.38493040204048157,266.0,0.06650000065565109
local,local,,,2,82,data_4000_4_1.5_chordal_rep02,train_epoch,train,,,5,0.3136310408115387,,,,,,,,4000,,,,,,,,,,,
local,local,,,2,82,data_4000_4_1.5_chordal_rep02,val_epoch,val,,,5,,0.322724445104599,0.88945,0.6792500019073486,0.8049060266478426,0.7382462620735168,0.7382462620735168,0.7382462620735168,4000,,,,,,,,,,,
local,local,,,2,82,data_4000_4_1.5_chordal_rep02,val_epoch_task,val,cycle2,,5,,,,,,,,,4000,1713.0,19.0,2264.0,4.0,0.9890300230946882,0.9976703552708212,0.9933314323425293,0.9933314323425293,0.9933314323425293,1717.0,0.42925000190734863
local,local,,,2,82,data_4000_4_1.5_chordal_rep02,val_epoch_task,val,cycle3,,5,,,,,,,,,4000,1222.0,22.0,2653.0,103.0,0.9823151125401929,0.9222641509433962,0.9513429403305054,0.9513429403305054,0.9513429403305054,1325.0,0.33125001192092896
local,local,,,2,82,data_4000_4_1.5_chordal_rep02,val_epoch_task,val,cycle4,,5,,,,,,,,,4000,876.0,303.0,2732.0,89.0,0.7430025445292621,0.9077720207253887,0.8171642422676086,0.8171642422676086,0.8171642422676086,965.0,0.24124999344348907
local,local,,,2,82,data_4000_4_1.5_chordal_rep02,val_epoch_task,val,cycle5,,5,,,,,,,,,4000,491.0,711.0,2787.0,11.0,0.4084858569051581,0.9780876494023905,0.5762910842895508,0.5762910842895508,0.5762910842895508,502.0,0.12549999356269836
local,local,,,2,82,data_4000_4_1.5_chordal_rep02,val_epoch_task,val,cycle6,,5,,,,,,,,,4000,259.0,942.0,2792.0,7.0,0.21565362198168192,0.9736842105263158,0.35310158133506775,0.35310158133506775,0.35310158133506775,266.0,0.06650000065565109
local,local,,,2,82,data_4000_4_1.5_chordal_rep02,train_epoch,train,,,6,0.3007056574821472,,,,,,,,4000,,,,,,,,,,,
local,local,,,2,82,data_4000_4_1.5_chordal_rep02,val_epoch,val,,,6,,0.36564207124710085,0.8516,0.6065000295639038,0.758266818700114,0.7020155191421509,0.7020155191421509,0.7020155191421509,4000,,,,,,,,,,,
local,local,,,2,82,data_4000_4_1.5_chordal_rep02,val_epoch_task,val,cycle2,,6,,,,,,,,,4000,1696.0,38.0,2245.0,21.0,0.9780853517877739,0.9877693651718114,0.9829035401344299,0.9829035401344299,0.9829035401344299,1717.0,0.42925000190734863
local,local,,,2,82,data_4000_4_1.5_chordal_rep02,val_epoch_task,val,cycle3,,6,,,,,,,,,4000,1299.0,34.0,2641.0,26.0,0.9744936234058514,0.9803773584905661,0.9774266481399536,0.9774266481399536,0.9774266481399536,1325.0,0.33125001192092896
local,local,,,2,82,data_4000_4_1.5_chordal_rep02,val_epoch_task,val,cycle4,,6,,,,,,,,,4000,935.0,429.0,2606.0,30.0,0.6854838709677419,0.9689119170984456,0.8029196858406067,0.8029196858406067,0.8029196858406067,965.0,0.24124999344348907
local,local,,,2,82,data_4000_4_1.5_chordal_rep02,val_epoch_task,val,cycle5,,6,,,,,,,,,4000,472.0,1028.0,2470.0,30.0,0.31466666666666665,0.9402390438247012,0.4715285003185272,0.4715285003185272,0.4715285003185272,502.0,0.12549999356269836
local,local,,,2,82,data_4000_4_1.5_chordal_rep02,val_epoch_task,val,cycle6,,6,,,,,,,,,4000,253.0,1319.0,2415.0,13.0,0.16094147582697202,0.9511278195488722,0.27529922127723694,0.27529922127723694,0.27529922127723694,266.0,0.06650000065565109
local,local,,,2,82,data_4000_4_1.5_chordal_rep02,train_epoch,train,,,7,0.28276537799835205,,,,,,,,4000,,,,,,,,,,,
local,local,,,2,82,data_4000_4_1.5_chordal_rep02,val_epoch,val,,,7,,0.23954731440544128,0.9115,0.7282500267028809,0.8420489023737284,0.7732290029525757,0.7732290029525757,0.7732290029525757,4000,,,,,,,,,,,
local,local,,,2,82,data_4000_4_1.5_chordal_rep02,val_epoch_task,val,cycle2,,7,,,,,,,,,4000,1715.0,18.0,2265.0,2.0,0.9896133871898442,0.9988351776354106,0.9942029118537903,0.9942029118537903,0.9942029118537903,1717.0,0.42925000190734863
local,local,,,2,82,data_4000_4_1.5_chordal_rep02,val_epoch_task,val,cycle3,,7,,,,,,,,,4000,1316.0,32.0,2643.0,9.0,0.9762611275964391,0.9932075471698113,0.9846614599227905,0.9846614599227905,0.9846614599227905,1325.0,0.33125001192092896
local,local,,,2,82,data_4000_4_1.5_chordal_rep02,val_epoch_task,val,cycle4,,7,,,,,,,,,4000,945.0,146.0,2889.0,20.0,0.8661778185151238,0.9792746113989638,0.9192606806755066,0.9192606806755066,0.9192606806755066,965.0,0.24124999344348907
local,local,,,2,82,data_4000_4_1.5_chordal_rep02,val_epoch_task,val,cycle5,,7,,,,,,,,,4000,484.0,603.0,2895.0,18.0,0.4452621895124195,0.9641434262948207,0.6091881990432739,0.6091881990432739,0.6091881990432739,502.0,0.12549999356269836
local,local,,,2,82,data_4000_4_1.5_chordal_rep02,val_epoch_task,val,cycle6,,7,,,,,,,,,4000,258.0,914.0,2820.0,8.0,0.22013651877133106,0.9699248120300752,0.3588317334651947,0.3588317334651947,0.3588317334651947,266.0,0.06650000065565109
local,local,,,2,82,data_4000_4_1.5_chordal_rep02,train_epoch,train,,,8,0.2504351016283035,,,,,,,,4000,,,,,,,,,,,
local,local,,,2,82,data_4000_4_1.5_chordal_rep02,val_epoch,val,,,8,,0.26650878500938413,0.95075,0.8149999976158142,0.9030416379564917,0.8212726712226868,0.8212726712226868,0.8212726712226868,4000,,,,,,,,,,,
local,local,,,2,82,data_4000_4_1.5_chordal_rep02,val_epoch_task,val,cycle2,,8,,,,,,,,,4000,1717.0,21.0,2262.0,0.0,0.9879171461449943,1.0,0.9939218163490295,0.9939218163490295,0.9939218163490295,1717.0,0.42925000190734863
local,local,,,2,82,data_4000_4_1.5_chordal_rep02,val_epoch_task,val,cycle3,,8,,,,,,,,,4000,1321.0,21.0,2654.0,4.0,0.9843517138599106,0.9969811320754717,0.9906262159347534,0.9906262159347534,0.9906262159347534,1325.0,0.33125001192092896
local,local,,,2,82,data_4000_4_1.5_chordal_rep02,val_epoch_task,val,cycle4,,8,,,,,,,,,4000,924.0,97.0,2938.0,41.0,0.9049951028403526,0.9575129533678757,0.9305136203765869,0.9305136203765869,0.9305136203765869,965.0,0.24124999344348907
local,local,,,2,82,data_4000_4_1.5_chordal_rep02,val_epoch_task,val,cycle5,,8,,,,,,,,,4000,418.0,199.0,3299.0,84.0,0.6774716369529984,0.8326693227091634,0.7470956444740295,0.7470956444740295,0.7470956444740295,502.0,0.12549999356269836
local,local,,,2,82,data_4000_4_1.5_chordal_rep02,val_epoch_task,val,cycle6,,8,,,,,,,,,4000,207.0,459.0,3275.0,59.0,0.3108108108108108,0.7781954887218046,0.44420599937438965,0.44420599937438965,0.44420599937438965,266.0,0.06650000065565109
local,local,,,2,82,data_4000_4_1.5_chordal_rep02,train_epoch,train,,,9,0.2269896321296692,,,,,,,,4000,,,,,,,,,,,
local,local,,,2,82,data_4000_4_1.5_chordal_rep02,val_epoch,val,,,9,,0.2235676679611206,0.923,0.7562500238418579,0.8596683069072353,0.7895609140396118,0.7895609140396118,0.7895609140396118,4000,,,,,,,,,,,
local,local,,,2,82,data_4000_4_1.5_chordal_rep02,val_epoch_task,val,cycle2,,9,,,,,,,,,4000,1716.0,17.0,2266.0,1.0,0.9901904212348529,0.9994175888177053,0.9947826266288757,0.9947826266288757,0.9947826266288757,1717.0,0.42925000190734863
local,local,,,2,82,data_4000_4_1.5_chordal_rep02,val_epoch_task,val,cycle3,,9,,,,,,,,,4000,1317.0,23.0,2652.0,8.0,0.9828358208955223,0.9939622641509434,0.9883677959442139,0.9883677959442139,0.9883677959442139,1325.0,0.33125001192092896
local,local,,,2,82,data_4000_4_1.5_chordal_rep02,val_epoch_task,val,cycle4,,9,,,,,,,,,4000,936.0,96.0,2939.0,29.0,0.9069767441860465,0.9699481865284975,0.937406063079834,0.937406063079834,0.937406063079834,965.0,0.24124999344348907
local,local,,,2,82,data_4000_4_1.5_chordal_rep02,val_epoch_task,val,cycle5,,9,,,,,,,,,4000,489.0,546.0,2952.0,13.0,0.47246376811594204,0.9741035856573705,0.636304497718811,0.636304497718811,0.636304497718811,502.0,0.12549999356269836
local,local,,,2,82,data_4000_4_1.5_chordal_rep02,val_epoch_task,val,cycle6,,9,,,,,,,,,4000,259.0,800.0,2934.0,7.0,0.24457034938621341,0.9736842105263158,0.39094337821006775,0.39094337821006775,0.39094337821006775,266.0,0.06650000065565109
local,local,,,2,82,data_4000_4_1.5_chordal_rep02,train_epoch,train,,,10,0.2559542692899704,,,,,,,,4000,,,,,,,,,,,
local,local,,,2,82,data_4000_4_1.5_chordal_rep02,val_epoch,val,,,10,,0.22105492091178894,0.93675,0.78125,0.8804234804801966,0.806466281414032,0.806466281414032,0.806466281414032,4000,,,,,,,,,,,
local,local,,,2,82,data_4000_4_1.5_chordal_rep02,val_epoch_task,val,cycle2,,10,,,,,,,,,4000,1717.0,19.0,2264.0,0.0,0.9890552995391705,1.0,0.994497537612915,0.994497537612915,0.994497537612915,1717.0,0.42925000190734863
local,local,,,2,82,data_4000_4_1.5_chordal_rep02,val_epoch_task,val,cycle3,,10,,,,,,,,,4000,1306.0,33.0,2642.0,19.0,0.9753547423450336,0.9856603773584905,0.9804804921150208,0.9804804921150208,0.9804804921150208,1325.0,0.33125001192092896
local,local,,,2,82,data_4000_4_1.5_chordal_rep02,val_epoch_task,val,cycle4,,10,,,,,,,,,4000,940.0,97.0,2938.0,25.0,0.9064609450337512,0.9740932642487047,0.9390609264373779,0.9390609264373779,0.9390609264373779,965.0,0.24124999344348907
local,local,,,2,82,data_4000_4_1.5_chordal_rep02,val_epoch_task,val,cycle5,,10,,,,,,,,,4000,445.0,328.0,3170.0,57.0,0.5756791720569211,0.8864541832669323,0.698039174079895,0.698039174079895,0.698039174079895,502.0,0.12549999356269836
local,local,,,2,82,data_4000_4_1.5_chordal_rep02,val_epoch_task,val,cycle6,,10,,,,,,,,,4000,249.0,670.0,3064.0,17.0,0.27094668117519044,0.9360902255639098,0.4202531576156616,0.4202531576156616,0.4202531576156616,266.0,0.06650000065565109
local,local,,,2,82,data_4000_4_1.5_chordal_rep02,train_epoch,train,,,11,0.2175048053264618,,,,,,,,4000,,,,,,,,,,,
local,local,,,2,82,data_4000_4_1.5_chordal_rep02,val_epoch,val,,,11,,0.20000950956344604,0.9479,0.8052499890327454,0.8997305619707467,0.8265953063964844,0.8265953063964844,0.8265953063964844,4000,,,,,,,,,,,
local,local,,,2,82,data_4000_4_1.5_chordal_rep02,val_epoch_task,val,cycle2,,11,,,,,,,,,4000,1716.0,19.0,2264.0,1.0,0.9890489913544669,0.9994175888177053,0.9942062497138977,0.9942062497138977,0.9942062497138977,1717.0,0.42925000190734863
local,local,,,2,82,data_4000_4_1.5_chordal_rep02,val_epoch_task,val,cycle3,,11,,,,,,,,,4000,1311.0,24.0,2651.0,14.0,0.9820224719101124,0.9894339622641509,0.9857142567634583,0.9857142567634583,0.9857142567634583,1325.0,0.33125001192092896
local,local,,,2,82,data_4000_4_1.5_chordal_rep02,val_epoch_task,val,cycle4,,11,,,,,,,,,4000,940.0,79.0,2956.0,25.0,0.9224730127576055,0.9740932642487047,0.9475806951522827,0.9475806951522827,0.9475806951522827,965.0,0.24124999344348907
local,local,,,2,82,data_4000_4_1.5_chordal_rep02,val_epoch_task,val,cycle5,,11,,,,,,,,,4000,461.0,332.0,3166.0,41.0,0.5813366960907944,0.9183266932270916,0.7119690775871277,0.7119690775871277,0.7119690775871277,502.0,0.12549999356269836
local,local,,,2,82,data_4000_4_1.5_chordal_rep02,val_epoch_task,val,cycle6,,11,,,,,,,,,4000,247.0,488.0,3246.0,19.0,0.3360544217687075,0.9285714285714286,0.4935064911842346,0.4935064911842346,0.4935064911842346,266.0,0.06650000065565109
local,local,,,2,82,data_4000_4_1.5_chordal_rep02,train_epoch,train,,,12,0.22571547544002532,,,,,,,,4000,,,,,,,,,,,
local,local,,,2,82,data_4000_4_1.5_chordal_rep02,val_epoch,val,,,12,,0.23233364808559417,0.9379,0.7832499742507935,0.8817142857142858,0.8085243105888367,0.8085243105888367,0.8085243105888367,4000,,,,,,,,,,,
local,local,,,2,82,data_4000_4_1.5_chordal_rep02,val_epoch_task,val,cycle2,,12,,,,,,,,,4000,1712.0,8.0,2275.0,5.0,0.9953488372093023,0.9970879440885265,0.9962176084518433,0.9962176084518433,0.9962176084518433,1717.0,0.42925000190734863
local,local,,,2,82,data_4000_4_1.5_chordal_rep02,val_epoch_task,val,cycle3,,12,,,,,,,,,4000,1299.0,15.0,2660.0,26.0,0.9885844748858448,0.9803773584905661,0.9844638109207153,0.9844638109207153,0.9844638109207153,1325.0,0.33125001192092896
local,local,,,2,82,data_4000_4_1.5_chordal_rep02,val_epoch_task,val,cycle4,,12,,,,,,,,,4000,899.0,57.0,2978.0,66.0,0.9403765690376569,0.9316062176165804,0.9359708428382874,0.9359708428382874,0.9359708428382874,965.0,0.24124999344348907
local,local,,,2,82,data_4000_4_1.5_chordal_rep02,val_epoch_task,val,cycle5,,12,,,,,,,,,4000,477.0,374.0,3124.0,25.0,0.5605170387779084,0.950199203187251,0.7050997018814087,0.7050997018814087,0.7050997018814087,502.0,0.12549999356269836
local,local,,,2,82,data_4000_4_1.5_chordal_rep02,val_epoch_task,val,cycle6,,12,,,,,,,,,4000,242.0,642.0,3092.0,24.0,0.2737556561085973,0.9097744360902256,0.4208695888519287,0.4208695888519287,0.4208695888519287,266.0,0.06650000065565109
local,local,,,2,82,data_4000_4_1.5_chordal_rep02,train_epoch,train,,,13,0.20909755474328995,,,,,,,,4000,,,,,,,,,,,
local,local,,,2,82,data_4000_4_1.5_chordal_rep02,val_epoch,val,,,13,,0.19805493533611299,0.93825,0.7914999723434448,0.8840484461552907,0.8108010292053223,0.8108010292053223,0.8108010292053223,4000,,,,,,,,,,,
local,local,,,2,82,data_4000_4_1.5_chordal_rep02,val_epoch_task,val,cycle2,,13,,,,,,,,,4000,1712.0,18.0,2265.0,5.0,0.9895953757225433,0.9970879440885265,0.9933274984359741,0.9933274984359741,0.9933274984359741,1717.0,0.42925000190734863
local,local,,,2,82,data_4000_4_1.5_chordal_rep02,val_epoch_task,val,cycle3,,13,,,,,,,,,4000,1323.0,35.0,2640.0,2.0,0.9742268041237113,0.9984905660377359,0.986209511756897,0.986209511756897,0.986209511756897,1325.0,0.33125001192092896
local,local,,,2,82,data_4000_4_1.5_chordal_rep02,val_epoch_task,val,cycle4,,13,,,,,,,,,4000,952.0,210.0,2825.0,13.0,0.8192771084337349,0.9865284974093265,0.8951574563980103,0.8951574563980103,0.8951574563980103,965.0,0.24124999344348907
local,local,,,2,82,data_4000_4_1.5_chordal_rep02,val_epoch_task,val,cycle5,,13,,,,,,,,,4000,476.0,328.0,3170.0,26.0,0.5920398009950248,0.9482071713147411,0.728943407535553,0.728943407535553,0.728943407535553,502.0,0.12549999356269836
local,local,,,2,82,data_4000_4_1.5_chordal_rep02,val_epoch_task,val,cycle6,,13,,,,,,,,,4000,245.0,577.0,3157.0,21.0,0.2980535279805353,0.9210526315789473,0.45036762952804565,0.45036762952804565,0.45036762952804565,266.0,0.06650000065565109
local,local,,,2,82,data_4000_4_1.5_chordal_rep02,train_epoch,train,,,14,0.21569521975517272,,,,,,,,4000,,,,,,,,,,,
local,local,,,2,82,data_4000_4_1.5_chordal_rep02,val_epoch,val,,,14,,0.22524807047843934,0.9381,0.7907500267028809,0.8832295793246556,0.8049957156181335,0.8049957156181335,0.8049957156181335,4000,,,,,,,,,,,
local,local,,,2,82,data_4000_4_1.5_chordal_rep02,val_epoch_task,val,cycle2,,14,,,,,,,,,4000,1717.0,10.0,2273.0,0.0,0.9942096120440069,1.0,0.9970964193344116,0.9970964193344116,0.9970964193344116,1717.0,0.42925000190734863
local,local,,,2,82,data_4000_4_1.5_chordal_rep02,val_epoch_task,val,cycle3,,14,,,,,,,,,4000,1323.0,34.0,2641.0,2.0,0.9749447310243183,0.9984905660377359,0.9865772128105164,0.9865772128105164,0.9865772128105164,1325.0,0.33125001192092896
local,local,,,2,82,data_4000_4_1.5_chordal_rep02,val_epoch_task,val,cycle4,,14,,,,,,,,,4000,948.0,85.0,2950.0,17.0,0.9177153920619555,0.9823834196891191,0.9489489793777466,0.9489489793777466,0.9489489793777466,965.0,0.24124999344348907
local,local,,,2,82,data_4000_4_1.5_chordal_rep02,val_epoch_task,val,cycle5,,14,,,,,,,,,4000,466.0,398.0,3100.0,36.0,0.5393518518518519,0.9282868525896414,0.6822840571403503,0.6822840571403503,0.6822840571403503,502.0,0.12549999356269836
local,local,,,2,82,data_4000_4_1.5_chordal_rep02,val_epoch_task,val,cycle6,,14,,,,,,,,,4000,228.0,618.0,3116.0,38.0,0.2695035460992908,0.8571428571428571,0.4100719392299652,0.4100719392299652,0.4100719392299652,266.0,0.06650000065565109
local,local,,,2,82,data_4000_4_1.5_chordal_rep02,train_epoch,train,,,15,0.2142318205833435,,,,,,,,4000,,,,,,,,,,,
local,local,,,2,82,data_4000_4_1.5_chordal_rep02,val_epoch,val,,,15,,0.21481064343452452,0.9466,0.8077499866485596,0.8977403293757181,0.8219008445739746,0.8219008445739746,0.8219008445739746,4000,,,,,,,,,,,
local,local,,,2,82,data_4000_4_1.5_chordal_rep02,val_epoch_task,val,cycle2,,15,,,,,,,,,4000,1715.0,13.0,2270.0,2.0,0.9924768518518519,0.9988351776354106,0.9956459403038025,0.9956459403038025,0.9956459403038025,1717.0,0.42925000190734863
local,local,,,2,82,data_4000_4_1.5_chordal_rep02,val_epoch_task,val,cycle3,,15,,,,,,,,,4000,1321.0,37.0,2638.0,4.0,0.9727540500736377,0.9969811320754717,0.9847186207771301,0.9847186207771301,0.9847186207771301,1325.0,0.33125001192092896
local,local,,,2,82,data_4000_4_1.5_chordal_rep02,val_epoch_task,val,cycle4,,15,,,,,,,,,4000,949.0,70.0,2965.0,16.0,0.9313052011776252,0.983419689119171,0.9566532373428345,0.9566532373428345,0.9566532373428345,965.0,0.24124999344348907
local,local,,,2,82,data_4000_4_1.5_chordal_rep02,val_epoch_task,val,cycle5,,15,,,,,,,,,4000,468.0,366.0,3132.0,34.0,0.5611510791366906,0.9322709163346613,0.7005987763404846,0.7005987763404846,0.7005987763404846,502.0,0.12549999356269836
local,local,,,2,82,data_4000_4_1.5_chordal_rep02,val_epoch_task,val,cycle6,,15,,,,,,,,,4000,235.0,495.0,3239.0,31.0,0.3219178082191781,0.8834586466165414,0.4718875586986542,0.4718875586986542,0.4718875586986542,266.0,0.06650000065565109
local,local,,,2,82,data_4000_4_1.5_chordal_rep02,train_epoch,train,,,16,0.22155798602104188,,,,,,,,4000,,,,,,,,,,,
local,local,,,2,82,data_4000_4_1.5_chordal_rep02,val_epoch,val,,,16,,0.2134521621465683,0.9515,0.8190000057220459,0.905402769650868,0.8333863019943237,0.8333863019943237,0.8333863019943237,4000,,,,,,,,,,,
local,local,,,2,82,data_4000_4_1.5_chordal_rep02,val_epoch_task,val,cycle2,,16,,,,,,,,,4000,1716.0,13.0,2270.0,1.0,0.9924812030075187,0.9994175888177053,0.9959373474121094,0.9959373474121094,0.9959373474121094,1717.0,0.42925000190734863
local,local,,,2,82,data_4000_4_1.5_chordal_rep02,val_epoch_task,val,cycle3,,16,,,,,,,,,4000,1321.0,15.0,2660.0,4.0,0.9887724550898204,0.9969811320754717,0.9928598999977112,0.9928598999977112,0.9928598999977112,1325.0,0.33125001192092896
local,local,,,2,82,data_4000_4_1.5_chordal_rep02,val_epoch_task,val,cycle4,,16,,,,,,,,,4000,900.0,24.0,3011.0,65.0,0.974025974025974,0.9326424870466321,0.9528851509094238,0.9528851509094238,0.9528851509094238,965.0,0.24124999344348907
local,local,,,2,82,data_4000_4_1.5_chordal_rep02,val_epoch_task,val,cycle5,,16,,,,,,,,,4000,462.0,258.0,3240.0,40.0,0.6416666666666667,0.9203187250996016,0.756137490272522,0.756137490272522,0.756137490272522,502.0,0.12549999356269836
local,local,,,2,82,data_4000_4_1.5_chordal_rep02,val_epoch_task,val,cycle6,,16,,,,,,,,,4000,243.0,527.0,3207.0,23.0,0.3155844155844156,0.9135338345864662,0.46911194920539856,0.46911194920539856,0.46911194920539856,266.0,0.06650000065565109
local,local,,,2,82,data_4000_4_1.5_chordal_rep02,train_epoch,train,,,17,0.1910994746685028,,,,,,,,4000,,,,,,,,,,,
local,local,,,2,82,data_4000_4_1.5_chordal_rep02,val_epoch,val,,,17,,0.24301649367809294,0.9542,0.8299999833106995,0.9094503756425464,0.8322946429252625,0.8322946429252625,0.8322946429252625,4000,,,,,,,,,,,
local,local,,,2,82,data_4000_4_1.5_chordal_rep02,val_epoch_task,val,cycle2,,17,,,,,,,,,4000,1714.0,6.0,2277.0,3.0,0.9965116279069768,0.9982527664531159,0.9973814487457275,0.9973814487457275,0.9973814487457275,1717.0,0.42925000190734863
local,local,,,2,82,data_4000_4_1.5_chordal_rep02,val_epoch_task,val,cycle3,,17,,,,,,,,,4000,1315.0,25.0,2650.0,10.0,0.9813432835820896,0.9924528301886792,0.9868667721748352,0.9868667721748352,0.9868667721748352,1325.0,0.33125001192092896
local,local,,,2,82,data_4000_4_1.5_chordal_rep02,val_epoch_task,val,cycle4,,17,,,,,,,,,4000,908.0,19.0,3016.0,57.0,0.9795037756202805,0.9409326424870467,0.9598308205604553,0.9598308205604553,0.9598308205604553,965.0,0.24124999344348907
local,local,,,2,82,data_4000_4_1.5_chordal_rep02,val_epoch_task,val,cycle5,,17,,,,,,,,,4000,443.0,239.0,3259.0,59.0,0.6495601173020528,0.8824701195219123,0.7483108043670654,0.7483108043670654,0.7483108043670654,502.0,0.12549999356269836
local,local,,,2,82,data_4000_4_1.5_chordal_rep02,val_epoch_task,val,cycle6,,17,,,,,,,,,4000,220.0,452.0,3282.0,46.0,0.3273809523809524,0.8270676691729323,0.46908316016197205,0.46908316016197205,0.46908316016197205,266.0,0.06650000065565109
local,local,,,2,82,data_4000_4_1.5_chordal_rep02,train_epoch,train,,,18,0.21363075721263886,,,,,,,,4000,,,,,,,,,,,
local,local,,,2,82,data_4000_4_1.5_chordal_rep02,val_epoch,val,,,18,,0.20329088258743286,0.94255,0.7864999771118164,0.8904566688912194,0.8186607360839844,0.8186607360839844,0.8186607360839844,4000,,,,,,,,,,,
local,local,,,2,82,data_4000_4_1.5_chordal_rep02,val_epoch_task,val,cycle2,,18,,,,,,,,,4000,1715.0,15.0,2268.0,2.0,0.9913294797687862,0.9988351776354106,0.9950681328773499,0.9950681328773499,0.9950681328773499,1717.0,0.42925000190734863
local,local,,,2,82,data_4000_4_1.5_chordal_rep02,val_epoch_task,val,cycle3,,18,,,,,,,,,4000,1321.0,20.0,2655.0,4.0,0.9850857568978374,0.9969811320754717,0.9909977912902832,0.9909977912902832,0.9909977912902832,1325.0,0.33125001192092896
local,local,,,2,82,data_4000_4_1.5_chordal_rep02,val_epoch_task,val,cycle4,,18,,,,,,,,,4000,927.0,75.0,2960.0,38.0,0.9251497005988024,0.960621761658031,0.9425520300865173,0.9425520300865173,0.9425520300865173,965.0,0.24124999344348907
local,local,,,2,82,data_4000_4_1.5_chordal_rep02,val_epoch_task,val,cycle5,,18,,,,,,,,,4000,456.0,283.0,3215.0,46.0,0.6170500676589986,0.9083665338645418,0.7348912358283997,0.7348912358283997,0.7348912358283997,502.0,0.12549999356269836
local,local,,,2,82,data_4000_4_1.5_chordal_rep02,val_epoch_task,val,cycle6,,18,,,,,,,,,4000,251.0,651.0,3083.0,15.0,0.27827050997782704,0.943609022556391,0.4297945201396942,0.4297945201396942,0.4297945201396942,266.0,0.06650000065565109
local,local,,,2,82,data_4000_4_1.5_chordal_rep02,train_epoch,train,,,19,0.18385883116722107,,,,,,,,4000,,,,,,,,,,,
local,local,,,2,82,data_4000_4_1.5_chordal_rep02,val_epoch,val,,,19,,0.19886905026435853,0.9522,0.8199999928474426,0.9066952957251609,0.8341654539108276,0.8341654539108276,0.8341654539108276,4000,,,,,,,,,,,
local,local,,,2,82,data_4000_4_1.5_chordal_rep02,val_epoch_task,val,cycle2,,19,,,,,,,,,4000,1715.0,10.0,2273.0,2.0,0.9942028985507246,0.9988351776354106,0.9965136051177979,0.9965136051177979,0.9965136051177979,1717.0,0.42925000190734863
local,local,,,2,82,data_4000_4_1.5_chordal_rep02,val_epoch_task,val,cycle3,,19,,,,,,,,,4000,1315.0,8.0,2667.0,10.0,0.9939531368102796,0.9924528301886792,0.9932024478912354,0.9932024478912354,0.9932024478912354,1325.0,0.33125001192092896
local,local,,,2,82,data_4000_4_1.5_chordal_rep02,val_epoch_task,val,cycle4,,19,,,,,,,,,4000,914.0,22.0,3013.0,51.0,0.9764957264957265,0.9471502590673575,0.9615991711616516,0.9615991711616516,0.9615991711616516,965.0,0.24124999344348907
local,local,,,2,82,data_4000_4_1.5_chordal_rep02,val_epoch_task,val,cycle5,,19,,,,,,,,,4000,456.0,272.0,3226.0,46.0,0.6263736263736264,0.9083665338645418,0.7414634227752686,0.7414634227752686,0.7414634227752686,502.0,0.12549999356269836
local,local,,,2,82,data_4000_4_1.5_chordal_rep02,val_epoch_task,val,cycle6,,19,,,,,,,,,4000,245.0,514.0,3220.0,21.0,0.3227931488801054,0.9210526315789473,0.47804877161979675,0.47804877161979675,0.47804877161979675,266.0,0.06650000065565109
local,local,,,2,82,data_4000_4_1.5_chordal_rep02,train_epoch,train,,,20,0.20562922382354737,,,,,,,,4000,,,,,,,,,,,
local,local,,,2,82,data_4000_4_1.5_chordal_rep02,val_epoch,val,,,20,,0.2032718744277954,0.9357,0.7837499976158142,0.8800820589332339,0.8074822425842285,0.8074822425842285,0.8074822425842285,4000,,,,,,,,,,,
local,local,,,2,82,data_4000_4_1.5_chordal_rep02,val_epoch_task,val,cycle2,,20,,,,,,,,,4000,1716.0,15.0,2268.0,1.0,0.9913344887348353,0.9994175888177053,0.9953596591949463,0.9953596591949463,0.9953596591949463,1717.0,0.42925000190734863
local,local,,,2,82,data_4000_4_1.5_chordal_rep02,val_epoch_task,val,cycle3,,20,,,,,,,,,4000,1322.0,30.0,2645.0,3.0,0.977810650887574,0.9977358490566037,0.987672746181488,0.987672746181488,0.987672746181488,1325.0,0.33125001192092896
local,local,,,2,82,data_4000_4_1.5_chordal_rep02,val_epoch_task,val,cycle4,,20,,,,,,,,,4000,944.0,60.0,2975.0,21.0,0.9402390438247012,0.9782383419689119,0.9588624238967896,0.9588624238967896,0.9588624238967896,965.0,0.24124999344348907
local,local,,,2,82,data_4000_4_1.5_chordal_rep02,val_epoch_task,val,cycle5,,20,,,,,,,,,4000,491.0,446.0,3052.0,11.0,0.5240128068303095,0.9780876494023905,0.6824183464050293,0.6824183464050293,0.6824183464050293,502.0,0.12549999356269836
local,local,,,2,82,data_4000_4_1.5_chordal_rep02,val_epoch_task,val,cycle6,,20,,,,,,,,,4000,246.0,679.0,3055.0,20.0,0.26594594594594595,0.924812030075188,0.41309821605682373,0.41309821605682373,0.41309821605682373,266.0,0.06650000065565109
local,local,,,2,82,data_4000_4_1.5_chordal_rep02,train_epoch,train,,,21,0.19075784480571747,,,,,,,,4000,,,,,,,,,,,
local,local,,,2,82,data_4000_4_1.5_chordal_rep02,val_epoch,val,,,21,,0.2187769984602928,0.9536,0.8257499933242798,0.9088229514639418,0.8299096822738647,0.8299096822738647,0.8299096822738647,4000,,,,,,,,,,,
local,local,,,2,82,data_4000_4_1.5_chordal_rep02,val_epoch_task,val,cycle2,,21,,,,,,,,,4000,1715.0,8.0,2275.0,2.0,0.9953569355774812,0.9988351776354106,0.9970930218696594,0.9970930218696594,0.9970930218696594,1717.0,0.42925000190734863
local,local,,,2,82,data_4000_4_1.5_chordal_rep02,val_epoch_task,val,cycle3,,21,,,,,,,,,4000,1319.0,17.0,2658.0,6.0,0.9872754491017964,0.9954716981132076,0.9913566708564758,0.9913566708564758,0.9913566708564758,1325.0,0.33125001192092896
local,local,,,2,82,data_4000_4_1.5_chordal_rep02,val_epoch_task,val,cycle4,,21,,,,,,,,,4000,936.0,61.0,2974.0,29.0,0.9388164493480441,0.9699481865284975,0.9541284441947937,0.9541284441947937,0.9541284441947937,965.0,0.24124999344348907
local,local,,,2,82,data_4000_4_1.5_chordal_rep02,val_epoch_task,val,cycle5,,21,,,,,,,,,4000,434.0,257.0,3241.0,68.0,0.6280752532561505,0.8645418326693227,0.7275774478912354,0.7275774478912354,0.7275774478912354,502.0,0.12549999356269836
local,local,,,2,82,data_4000_4_1.5_chordal_rep02,val_epoch_task,val,cycle6,,21,,,,,,,,,4000,221.0,435.0,3299.0,45.0,0.33689024390243905,0.8308270676691729,0.4793926179409027,0.4793926179409027,0.4793926179409027,266.0,0.06650000065565109
local,local,,,2,82,data_4000_4_1.5_chordal_rep02,train_epoch,train,,,22,0.18497032785415649,,,,,,,,4000,,,,,,,,,,,
local,local,,,2,82,data_4000_4_1.5_chordal_rep02,val_epoch,val,,,22,,0.25257955718040465,0.96445,0.8552500009536743,0.9269645608628659,0.8447324633598328,0.8447324633598328,0.8447324633598328,4000,,,,,,,,,,,
local,local,,,2,82,data_4000_4_1.5_chordal_rep02,val_epoch_task,val,cycle2,,22,,,,,,,,,4000,1710.0,8.0,2275.0,7.0,0.9953434225844005,0.9959231217239372,0.9956332445144653,0.9956332445144653,0.9956332445144653,1717.0,0.42925000190734863
local,local,,,2,82,data_4000_4_1.5_chordal_rep02,val_epoch_task,val,cycle3,,22,,,,,,,,,4000,1321.0,14.0,2661.0,4.0,0.9895131086142323,0.9969811320754717,0.9932330250740051,0.9932330250740051,0.9932330250740051,1325.0,0.33125001192092896
local,local,,,2,82,data_4000_4_1.5_chordal_rep02,val_epoch_task,val,cycle4,,22,,,,,,,,,4000,910.0,32.0,3003.0,55.0,0.9660297239915074,0.9430051813471503,0.954378604888916,0.954378604888916,0.954378604888916,965.0,0.24124999344348907
local,local,,,2,82,data_4000_4_1.5_chordal_rep02,val_epoch_task,val,cycle5,,22,,,,,,,,,4000,381.0,117.0,3381.0,121.0,0.7650602409638554,0.7589641434262948,0.7619999647140503,0.7619999647140503,0.7619999647140503,502.0,0.12549999356269836
local,local,,,2,82,data_4000_4_1.5_chordal_rep02,val_epoch_task,val,cycle6,,22,,,,,,,,,4000,190.0,277.0,3457.0,76.0,0.4068522483940043,0.7142857142857143,0.518417477607727,0.518417477607727,0.518417477607727,266.0,0.06650000065565109
local,local,,,2,82,data_4000_4_1.5_chordal_rep02,train_epoch,train,,,23,0.17410049724578858,,,,,,,,4000,,,,,,,,,,,
local,local,,,2,82,data_4000_4_1.5_chordal_rep02,val_epoch,val,,,23,,0.2279976372718811,0.963,0.8517500162124634,0.9255982304443998,0.849460780620575,0.849460780620575,0.849460780620575,4000,,,,,,,,,,,
local,local,,,2,82,data_4000_4_1.5_chordal_rep02,val_epoch_task,val,cycle2,,23,,,,,,,,,4000,1706.0,5.0,2278.0,11.0,0.9970777323202805,0.9935934769947583,0.9953325390815735,0.9953325390815735,0.9953325390815735,1717.0,0.42925000190734863
local,local,,,2,82,data_4000_4_1.5_chordal_rep02,val_epoch_task,val,cycle3,,23,,,,,,,,,4000,1320.0,25.0,2650.0,5.0,0.9814126394052045,0.9962264150943396,0.9887640476226807,0.9887640476226807,0.9887640476226807,1325.0,0.33125001192092896
local,local,,,2,82,data_4000_4_1.5_chordal_rep02,val_epoch_task,val,cycle4,,23,,,,,,,,,4000,934.0,25.0,3010.0,31.0,0.9739311783107404,0.9678756476683937,0.9708940386772156,0.9708940386772156,0.9708940386772156,965.0,0.24124999344348907
local,local,,,2,82,data_4000_4_1.5_chordal_rep02,val_epoch_task,val,cycle5,,23,,,,,,,,,4000,437.0,192.0,3306.0,65.0,0.6947535771065183,0.8705179282868526,0.7727674841880798,0.7727674841880798,0.7727674841880798,502.0,0.12549999356269836
local,local,,,2,82,data_4000_4_1.5_chordal_rep02,val_epoch_task,val,cycle6,,23,,,,,,,,,4000,206.0,321.0,3413.0,60.0,0.3908918406072106,0.7744360902255639,0.5195459723472595,0.5195459723472595,0.5195459723472595,266.0,0.06650000065565109
local,local,,,2,82,data_4000_4_1.5_chordal_rep02,train_epoch,train,,,24,0.2054054675102234,,,,,,,,4000,,,,,,,,,,,
local,local,,,2,82,data_4000_4_1.5_chordal_rep02,val_epoch,val,,,24,,0.22240718185901642,0.927,0.7559999823570251,0.8650646950092422,0.793539822101593,0.793539822101593,0.793539822101593,4000,,,,,,,,,,,
local,local,,,2,82,data_4000_4_1.5_chordal_rep02,val_epoch_task,val,cycle2,,24,,,,,,,,,4000,1710.0,8.0,2275.0,7.0,0.9953434225844005,0.9959231217239372,0.9956332445144653,0.9956332445144653,0.9956332445144653,1717.0,0.42925000190734863
local,local,,,2,82,data_4000_4_1.5_chordal_rep02,val_epoch_task,val,cycle3,,24,,,,,,,,,4000,1310.0,14.0,2661.0,15.0,0.9894259818731118,0.9886792452830189,0.989052414894104,0.989052414894104,0.989052414894104,1325.0,0.33125001192092896
local,local,,,2,82,data_4000_4_1.5_chordal_rep02,val_epoch_task,val,cycle4,,24,,,,,,,,,4000,927.0,48.0,2987.0,38.0,0.9507692307692308,0.960621761658031,0.9556701183319092,0.9556701183319092,0.9556701183319092,965.0,0.24124999344348907
local,local,,,2,82,data_4000_4_1.5_chordal_rep02,val_epoch_task,val,cycle5,,24,,,,,,,,,4000,486.0,526.0,2972.0,16.0,0.48023715415019763,0.9681274900398407,0.6420079469680786,0.6420079469680786,0.6420079469680786,502.0,0.12549999356269836
local,local,,,2,82,data_4000_4_1.5_chordal_rep02,val_epoch_task,val,cycle6,,24,,,,,,,,,4000,247.0,769.0,2965.0,19.0,0.24311023622047245,0.9285714285714286,0.38533541560173035,0.38533541560173035,0.38533541560173035,266.0,0.06650000065565109
local,local,,,2,82,data_4000_4_1.5_chordal_rep02,train_epoch,train,,,25,0.18953127938508987,,,,,,,,4000,,,,,,,,,,,
local,local,,,2,82,data_4000_4_1.5_chordal_rep02,val_epoch,val,,,25,,0.21442178308963775,0.93645,0.7852500081062317,0.8810704594366987,0.8065871000289917,0.8065871000289917,0.8065871000289917,4000,,,,,,,,,,,
local,local,,,2,82,data_4000_4_1.5_chordal_rep02,val_epoch_task,val,cycle2,,25,,,,,,,,,4000,1716.0,11.0,2272.0,1.0,0.9936305732484076,0.9994175888177053,0.996515691280365,0.996515691280365,0.996515691280365,1717.0,0.42925000190734863
local,local,,,2,82,data_4000_4_1.5_chordal_rep02,val_epoch_task,val,cycle3,,25,,,,,,,,,4000,1320.0,31.0,2644.0,5.0,0.9770540340488527,0.9962264150943396,0.9865471720695496,0.9865471720695496,0.9865471720695496,1325.0,0.33125001192092896
local,local,,,2,82,data_4000_4_1.5_chordal_rep02,val_epoch_task,val,cycle4,,25,,,,,,,,,4000,946.0,77.0,2958.0,19.0,0.9247311827956989,0.9803108808290155,0.9517102241516113,0.9517102241516113,0.9517102241516113,965.0,0.24124999344348907
local,local,,,2,82,data_4000_4_1.5_chordal_rep02,val_epoch_task,val,cycle5,,25,,,,,,,,,4000,482.0,453.0,3045.0,20.0,0.5155080213903743,0.9601593625498008,0.6708419919013977,0.6708419919013977,0.6708419919013977,502.0,0.12549999356269836
local,local,,,2,82,data_4000_4_1.5_chordal_rep02,val_epoch_task,val,cycle6,,25,,,,,,,,,4000,244.0,632.0,3102.0,22.0,0.2785388127853881,0.9172932330827067,0.4273205101490021,0.4273205101490021,0.4273205101490021,266.0,0.06650000065565109
local,local,,,2,82,data_4000_4_1.5_chordal_rep02,train_epoch,train,,,26,0.1742442389726639,,,,,,,,4000,,,,,,,,,,,
local,local,,,2,82,data_4000_4_1.5_chordal_rep02,val_epoch,val,,,26,,0.168559874355793,0.9485,0.8067499995231628,0.9017737936296014,0.8298265337944031,0.8298265337944031,0.8298265337944031,4000,,,,,,,,,,,
local,local,,,2,82,data_4000_4_1.5_chordal_rep02,val_epoch_task,val,cycle2,,26,,,,,,,,,4000,1717.0,9.0,2274.0,0.0,0.9947856315179606,1.0,0.9973860383033752,0.9973860383033752,0.9973860383033752,1717.0,0.42925000190734863
local,local,,,2,82,data_4000_4_1.5_chordal_rep02,val_epoch_task,val,cycle3,,26,,,,,,,,,4000,1325.0,18.0,2657.0,0.0,0.9865971705137752,1.0,0.9932533502578735,0.9932533502578735,0.9932533502578735,1325.0,0.33125001192092896
local,local,,,2,82,data_4000_4_1.5_chordal_rep02,val_epoch_task,val,cycle4,,26,,,,,,,,,4000,950.0,70.0,2965.0,15.0,0.9313725490196079,0.9844559585492227,0.9571788311004639,0.9571788311004639,0.9571788311004639,965.0,0.24124999344348907
local,local,,,2,82,data_4000_4_1.5_chordal_rep02,val_epoch_task,val,cycle5,,26,,,,,,,,,4000,483.0,381.0,3117.0,19.0,0.5590277777777778,0.9621513944223108,0.7071742415428162,0.7071742415428162,0.7071742415428162,502.0,0.12549999356269836
local,local,,,2,82,data_4000_4_1.5_chordal_rep02,val_epoch_task,val,cycle6,,26,,,,,,,,,4000,253.0,505.0,3229.0,13.0,0.3337730870712401,0.9511278195488722,0.494140625,0.494140625,0.494140625,266.0,0.06650000065565109
local,local,,,2,82,data_4000_4_1.5_chordal_rep02,train_epoch,train,,,27,0.17922840309143068,,,,,,,,4000,,,,,,,,,,,
local,local,,,2,82,data_4000_4_1.5_chordal_rep02,val_epoch,val,,,27,,0.26266373121738434,0.9496,0.8144999742507935,0.900709219858156,0.823661208152771,0.823661208152771,0.823661208152771,4000,,,,,,,,,,,
local,local,,,2,82,data_4000_4_1.5_chordal_rep02,val_epoch_task,val,cycle2,,27,,,,,,,,,4000,1712.0,15.0,2268.0,5.0,0.9913144180660104,0.9970879440885265,0.9941927790641785,0.9941927790641785,0.9941927790641785,1717.0,0.42925000190734863
local,local,,,2,82,data_4000_4_1.5_chordal_rep02,val_epoch_task,val,cycle3,,27,,,,,,,,,4000,1308.0,15.0,2660.0,17.0,0.9886621315192744,0.9871698113207548,0.9879153966903687,0.9879153966903687,0.9879153966903687,1325.0,0.33125001192092896
local,local,,,2,82,data_4000_4_1.5_chordal_rep02,val_epoch_task,val,cycle4,,27,,,,,,,,,4000,882.0,10.0,3025.0,83.0,0.9887892376681614,0.9139896373056995,0.9499192833900452,0.9499192833900452,0.9499192833900452,965.0,0.24124999344348907
local,local,,,2,82,data_4000_4_1.5_chordal_rep02,val_epoch_task,val,cycle5,,27,,,,,,,,,4000,444.0,286.0,3212.0,58.0,0.6082191780821918,0.8844621513944223,0.7207792401313782,0.7207792401313782,0.7207792401313782,502.0,0.12549999356269836
local,local,,,2,82,data_4000_4_1.5_chordal_rep02,val_epoch_task,val,cycle6,,27,,,,,,,,,4000,226.0,479.0,3255.0,40.0,0.32056737588652484,0.849624060150376,0.46549949049949646,0.46549949049949646,0.46549949049949646,266.0,0.06650000065565109
local,local,,,2,82,data_4000_4_1.5_chordal_rep02,train_epoch,train,,,28,0.16996895730495454,,,,,,,,4000,,,,,,,,,,,
local,local,,,2,82,data_4000_4_1.5_chordal_rep02,val_epoch,val,,,28,,0.19974368393421174,0.95215,0.8199999928474426,0.9069699620880722,0.8330279588699341,0.8330279588699341,0.8330279588699341,4000,,,,,,,,,,,
local,local,,,2,82,data_4000_4_1.5_chordal_rep02,val_epoch_task,val,cycle2,,28,,,,,,,,,4000,1717.0,8.0,2275.0,0.0,0.9953623188405797,1.0,0.9976758360862732,0.9976758360862732,0.9976758360862732,1717.0,0.42925000190734863
local,local,,,2,82,data_4000_4_1.5_chordal_rep02,val_epoch_task,val,cycle3,,28,,,,,,,,,4000,1318.0,17.0,2658.0,7.0,0.9872659176029962,0.9947169811320755,0.9909774661064148,0.9909774661064148,0.9909774661064148,1325.0,0.33125001192092896
local,local,,,2,82,data_4000_4_1.5_chordal_rep02,val_epoch_task,val,cycle4,,28,,,,,,,,,4000,918.0,40.0,2995.0,47.0,0.9582463465553236,0.9512953367875647,0.9547582268714905,0.9547582268714905,0.9547582268714905,965.0,0.24124999344348907
local,local,,,2,82,data_4000_4_1.5_chordal_rep02,val_epoch_task,val,cycle5,,28,,,,,,,,,4000,477.0,338.0,3160.0,25.0,0.5852760736196319,0.950199203187251,0.7243735790252686,0.7243735790252686,0.7243735790252686,502.0,0.12549999356269836
local,local,,,2,82,data_4000_4_1.5_chordal_rep02,val_epoch_task,val,cycle6,,28,,,,,,,,,4000,235.0,444.0,3290.0,31.0,0.34609720176730485,0.8834586466165414,0.49735453724861145,0.49735453724861145,0.49735453724861145,266.0,0.06650000065565109
local,local,,,2,82,data_4000_4_1.5_chordal_rep02,train_epoch,train,,,29,0.16510922509431838,,,,,,,,4000,,,,,,,,,,,
local,local,,,2,82,data_4000_4_1.5_chordal_rep02,val_epoch,val,,,29,,0.21882304322719573,0.94615,0.8025000095367432,0.8967896502156205,0.8227803111076355,0.8227803111076355,0.8227803111076355,4000,,,,,,,,,,,
local,local,,,2,82,data_4000_4_1.5_chordal_rep02,val_epoch_task,val,cycle2,,29,,,,,,,,,4000,1717.0,14.0,2269.0,0.0,0.9919121894858464,1.0,0.9959397315979004,0.9959397315979004,0.9959397315979004,1717.0,0.42925000190734863
local,local,,,2,82,data_4000_4_1.5_chordal_rep02,val_epoch_task,val,cycle3,,29,,,,,,,,,4000,1321.0,31.0,2644.0,4.0,0.9770710059171598,0.9969811320754717,0.9869256019592285,0.9869256019592285,0.9869256019592285,1325.0,0.33125001192092896
local,local,,,2,82,data_4000_4_1.5_chordal_rep02,val_epoch_task,val,cycle4,,29,,,,,,,,,4000,926.0,58.0,2977.0,39.0,0.9410569105691057,0.9595854922279793,0.9502308964729309,0.9502308964729309,0.9502308964729309,965.0,0.24124999344348907
local,local,,,2,82,data_4000_4_1.5_chordal_rep02,val_epoch_task,val,cycle5,,29,,,,,,,,,4000,473.0,354.0,3144.0,29.0,0.5719467956469165,0.9422310756972112,0.7118133902549744,0.7118133902549744,0.7118133902549744,502.0,0.12549999356269836
local,local,,,2,82,data_4000_4_1.5_chordal_rep02,val_epoch_task,val,cycle6,,29,,,,,,,,,4000,242.0,524.0,3210.0,24.0,0.31592689295039167,0.9097744360902256,0.4689922034740448,0.4689922034740448,0.4689922034740448,266.0,0.06650000065565109
local,local,,,2,82,data_4000_4_1.5_chordal_rep02,train_epoch,train,,,30,0.16669625428318977,,,,,,,,4000,,,,,,,,,,,
local,local,,,2,82,data_4000_4_1.5_chordal_rep02,val_epoch,val,,,30,,0.2511828570365906,0.9048,0.7074999809265137,0.8320691479978831,0.7646902203559875,0.7646902203559875,0.7646902203559875,4000,,,,,,,,,,,
local,local,,,2,82,data_4000_4_1.5_chordal_rep02,val_epoch_task,val,cycle2,,30,,,,,,,,,4000,1677.0,9.0,2274.0,40.0,0.994661921708185,0.976703552708212,0.9856008887290955,0.9856008887290955,0.9856008887290955,1717.0,0.42925000190734863
local,local,,,2,82,data_4000_4_1.5_chordal_rep02,val_epoch_task,val,cycle3,,30,,,,,,,,,4000,1324.0,36.0,2639.0,1.0,0.9735294117647059,0.999245283018868,0.9862197041511536,0.9862197041511536,0.9862197041511536,1325.0,0.33125001192092896
local,local,,,2,82,data_4000_4_1.5_chordal_rep02,val_epoch_task,val,cycle4,,30,,,,,,,,,4000,960.0,201.0,2834.0,5.0,0.8268733850129198,0.9948186528497409,0.9031044244766235,0.9031044244766235,0.9031044244766235,965.0,0.24124999344348907
local,local,,,2,82,data_4000_4_1.5_chordal_rep02,val_epoch_task,val,cycle5,,30,,,,,,,,,4000,496.0,704.0,2794.0,6.0,0.41333333333333333,0.9880478087649402,0.5828437209129333,0.5828437209129333,0.5828437209129333,502.0,0.12549999356269836
local,local,,,2,82,data_4000_4_1.5_chordal_rep02,val_epoch_task,val,cycle6,,30,,,,,,,,,4000,260.0,896.0,2838.0,6.0,0.22491349480968859,0.9774436090225563,0.36568212509155273,0.36568212509155273,0.36568212509155273,266.0,0.06650000065565109
local,local,,,2,82,data_4000_4_1.5_chordal_rep02,train_epoch,train,,,31,0.17147100841999055,,,,,,,,4000,,,,,,,,,,,
local,local,,,2,82,data_4000_4_1.5_chordal_rep02,val_epoch,val,,,31,,0.25064656549692155,0.95575,0.8327500224113464,0.911738306572255,0.8343087434768677,0.8343087434768677,0.8343087434768677,4000,,,,,,,,,,,
local,local,,,2,82,data_4000_4_1.5_chordal_rep02,val_epoch_task,val,cycle2,,31,,,,,,,,,4000,1716.0,16.0,2267.0,1.0,0.9907621247113164,0.9994175888177053,0.9950709939002991,0.9950709939002991,0.9950709939002991,1717.0,0.42925000190734863
local,local,,,2,82,data_4000_4_1.5_chordal_rep02,val_epoch_task,val,cycle3,,31,,,,,,,,,4000,1311.0,9.0,2666.0,14.0,0.9931818181818182,0.9894339622641509,0.9913043975830078,0.9913043975830078,0.9913043975830078,1325.0,0.33125001192092896
local,local,,,2,82,data_4000_4_1.5_chordal_rep02,val_epoch_task,val,cycle4,,31,,,,,,,,,4000,886.0,22.0,3013.0,79.0,0.9757709251101322,0.9181347150259067,0.9460757970809937,0.9460757970809937,0.9460757970809937,965.0,0.24124999344348907
local,local,,,2,82,data_4000_4_1.5_chordal_rep02,val_epoch_task,val,cycle5,,31,,,,,,,,,4000,442.0,253.0,3245.0,60.0,0.6359712230215827,0.8804780876494024,0.7385129928588867,0.7385129928588867,0.7385129928588867,502.0,0.12549999356269836
local,local,,,2,82,data_4000_4_1.5_chordal_rep02,val_epoch_task,val,cycle6,,31,,,,,,,,,4000,216.0,381.0,3353.0,50.0,0.36180904522613067,0.8120300751879699,0.5005793571472168,0.5005793571472168,0.5005793571472168,266.0,0.06650000065565109
local,local,,,2,82,data_4000_4_1.5_chordal_rep02,train_epoch,train,,,32,0.1798064770102501,,,,,,,,4000,,,,,,,,,,,
local,local,,,2,82,data_4000_4_1.5_chordal_rep02,val_epoch,val,,,32,,0.19253810948133468,0.9611,0.8482499718666077,0.9229397781299524,0.8533821105957031,0.8533821105957031,0.8533821105957031,4000,,,,,,,,,,,
local,local,,,2,82,data_4000_4_1.5_chordal_rep02,val_epoch_task,val,cycle2,,32,,,,,,,,,4000,1717.0,17.0,2266.0,0.0,0.9901960784313726,1.0,0.9950739145278931,0.9950739145278931,0.9950739145278931,1717.0,0.42925000190734863
local,local,,,2,82,data_4000_4_1.5_chordal_rep02,val_epoch_task,val,cycle3,,32,,,,,,,,,4000,1324.0,27.0,2648.0,1.0,0.9800148038490007,0.999245283018868,0.9895366430282593,0.9895366430282593,0.9895366430282593,1325.0,0.33125001192092896
local,local,,,2,82,data_4000_4_1.5_chordal_rep02,val_epoch_task,val,cycle4,,32,,,,,,,,,4000,938.0,66.0,2969.0,27.0,0.9342629482071713,0.9720207253886011,0.9527679681777954,0.9527679681777954,0.9527679681777954,965.0,0.24124999344348907
local,local,,,2,82,data_4000_4_1.5_chordal_rep02,val_epoch_task,val,cycle5,,32,,,,,,,,,4000,441.0,196.0,3302.0,61.0,0.6923076923076923,0.8784860557768924,0.7743635177612305,0.7743635177612305,0.7743635177612305,502.0,0.12549999356269836
local,local,,,2,82,data_4000_4_1.5_chordal_rep02,val_epoch_task,val,cycle6,,32,,,,,,,,,4000,239.0,356.0,3378.0,27.0,0.4016806722689076,0.8984962406015038,0.5551683902740479,0.5551683902740479,0.5551683902740479,266.0,0.06650000065565109
local,local,,,2,82,data_4000_4_1.5_chordal_rep02,train_epoch,train,,,33,0.14626604157686235,,,,,,,,4000,,,,,,,,,,,
local,local,,,2,82,data_4000_4_1.5_chordal_rep02,val_epoch,val,,,33,,0.20124831357598305,0.9581,0.8392500281333923,0.9176007866273352,0.8440095782279968,0.8440095782279968,0.8440095782279968,4000,,,,,,,,,,,
local,local,,,2,82,data_4000_4_1.5_chordal_rep02,val_epoch_task,val,cycle2,,33,,,,,,,,,4000,1717.0,7.0,2276.0,0.0,0.9959396751740139,1.0,0.9979656934738159,0.9979656934738159,0.9979656934738159,1717.0,0.42925000190734863
local,local,,,2,82,data_4000_4_1.5_chordal_rep02,val_epoch_task,val,cycle3,,33,,,,,,,,,4000,1325.0,36.0,2639.0,0.0,0.973548861131521,1.0,0.9865971803665161,0.9865971803665161,0.9865971803665161,1325.0,0.33125001192092896
local,local,,,2,82,data_4000_4_1.5_chordal_rep02,val_epoch_task,val,cycle4,,33,,,,,,,,,4000,942.0,34.0,3001.0,23.0,0.9651639344262295,0.9761658031088083,0.9706337451934814,0.9706337451934814,0.9706337451934814,965.0,0.24124999344348907
local,local,,,2,82,data_4000_4_1.5_chordal_rep02,val_epoch_task,val,cycle5,,33,,,,,,,,,4000,450.0,241.0,3257.0,52.0,0.6512301013024602,0.896414342629482,0.7544007301330566,0.7544007301330566,0.7544007301330566,502.0,0.12549999356269836
local,local,,,2,82,data_4000_4_1.5_chordal_rep02,val_epoch_task,val,cycle6,,33,,,,,,,,,4000,232.0,411.0,3323.0,34.0,0.3608087091757387,0.8721804511278195,0.5104510188102722,0.5104510188102722,0.5104510188102722,266.0,0.06650000065565109
local,local,,,2,82,data_4000_4_1.5_chordal_rep02,train_epoch,train,,,34,0.17962230306863786,,,,,,,,4000,,,,,,,,,,,
local,local,,,2,82,data_4000_4_1.5_chordal_rep02,val_epoch,val,,,34,,0.19582345354557038,0.95185,0.8172500133514404,0.9069834830483918,0.8319681286811829,0.8319681286811829,0.8319681286811829,4000,,,,,,,,,,,
local,local,,,2,82,data_4000_4_1.5_chordal_rep02,val_epoch_task,val,cycle2,,34,,,,,,,,,4000,1716.0,6.0,2277.0,1.0,0.9965156794425087,0.9994175888177053,0.9979645609855652,0.9979645609855652,0.9979645609855652,1717.0,0.42925000190734863
local,local,,,2,82,data_4000_4_1.5_chordal_rep02,val_epoch_task,val,cycle3,,34,,,,,,,,,4000,1325.0,22.0,2653.0,0.0,0.9836674090571641,1.0,0.9917665123939514,0.9917665123939514,0.9917665123939514,1325.0,0.33125001192092896
local,local,,,2,82,data_4000_4_1.5_chordal_rep02,val_epoch_task,val,cycle4,,34,,,,,,,,,4000,944.0,72.0,2963.0,21.0,0.9291338582677166,0.9782383419689119,0.9530539512634277,0.9530539512634277,0.9530539512634277,965.0,0.24124999344348907
local,local,,,2,82,data_4000_4_1.5_chordal_rep02,val_epoch_task,val,cycle5,,34,,,,,,,,,4000,479.0,330.0,3168.0,23.0,0.5920889987639061,0.954183266932271,0.7307398915290833,0.7307398915290833,0.7307398915290833,502.0,0.12549999356269836
local,local,,,2,82,data_4000_4_1.5_chordal_rep02,val_epoch_task,val,cycle6,,34,,,,,,,,,4000,231.0,453.0,3281.0,35.0,0.33771929824561403,0.868421052631579,0.4863157570362091,0.4863157570362091,0.4863157570362091,266.0,0.06650000065565109
local,local,,,2,82,data_4000_4_1.5_chordal_rep02,train_epoch,train,,,35,0.18838366901874543,,,,,,,,4000,,,,,,,,,,,
local,local,,,2,82,data_4000_4_1.5_chordal_rep02,val_epoch,val,,,35,,0.18093743348121644,0.9568,0.831250011920929,0.9156414762741653,0.8435543775558472,0.8435543775558472,0.8435543775558472,4000,,,,,,,,,,,
local,local,,,2,82,data_4000_4_1.5_chordal_rep02,val_epoch_task,val,cycle2,,35,,,,,,,,,4000,1717.0,14.0,2269.0,0.0,0.9919121894858464,1.0,0.9959397315979004,0.9959397315979004,0.9959397315979004,1717.0,0.42925000190734863
local,local,,,2,82,data_4000_4_1.5_chordal_rep02,val_epoch_task,val,cycle3,,35,,,,,,,,,4000,1320.0,26.0,2649.0,5.0,0.9806835066864784,0.9962264150943396,0.9883939027786255,0.9883939027786255,0.9883939027786255,1325.0,0.33125001192092896
local,local,,,2,82,data_4000_4_1.5_chordal_rep02,val_epoch_task,val,cycle4,,35,,,,,,,,,4000,941.0,47.0,2988.0,24.0,0.9524291497975709,0.9751295336787564,0.9636456966400146,0.9636456966400146,0.9636456966400146,965.0,0.24124999344348907
local,local,,,2,82,data_4000_4_1.5_chordal_rep02,val_epoch_task,val,cycle5,,35,,,,,,,,,4000,479.0,296.0,3202.0,23.0,0.6180645161290322,0.954183266932271,0.7501958012580872,0.7501958012580872,0.7501958012580872,502.0,0.12549999356269836
local,local,,,2,82,data_4000_4_1.5_chordal_rep02,val_epoch_task,val,cycle6,,35,,,,,,,,,4000,232.0,395.0,3339.0,34.0,0.3700159489633174,0.8721804511278195,0.5195968747138977,0.5195968747138977,0.5195968747138977,266.0,0.06650000065565109
local,local,,,2,82,data_4000_4_1.5_chordal_rep02,train_epoch,train,,,36,0.17459579557180405,,,,,,,,4000,,,,,,,,,,,
local,local,,,2,82,data_4000_4_1.5_chordal_rep02,val_epoch,val,,,36,,0.21509250704944133,0.9559,0.8314999938011169,0.9128113879003558,0.8359716534614563,0.8359716534614563,0.8359716534614563,4000,,,,,,,,,,,
local,local,,,2,82,data_4000_4_1.5_chordal_rep02,val_epoch_task,val,cycle2,,36,,,,,,,,,4000,1692.0,2.0,2281.0,25.0,0.9988193624557261,0.9854397204426325,0.9920843839645386,0.9920843839645386,0.9920843839645386,1717.0,0.42925000190734863
local,local,,,2,82,data_4000_4_1.5_chordal_rep02,val_epoch_task,val,cycle3,,36,,,,,,,,,4000,1319.0,12.0,2663.0,6.0,0.990984222389181,0.9954716981132076,0.9932228922843933,0.9932228922843933,0.9932228922843933,1325.0,0.33125001192092896
local,local,,,2,82,data_4000_4_1.5_chordal_rep02,val_epoch_task,val,cycle4,,36,,,,,,,,,4000,945.0,57.0,2978.0,20.0,0.9431137724550899,0.9792746113989638,0.9608541131019592,0.9608541131019592,0.9608541131019592,965.0,0.24124999344348907
local,local,,,2,82,data_4000_4_1.5_chordal_rep02,val_epoch_task,val,cycle5,,36,,,,,,,,,4000,441.0,261.0,3237.0,61.0,0.6282051282051282,0.8784860557768924,0.7325581312179565,0.7325581312179565,0.7325581312179565,502.0,0.12549999356269836
local,local,,,2,82,data_4000_4_1.5_chordal_rep02,val_epoch_task,val,cycle6,,36,,,,,,,,,4000,220.0,392.0,3342.0,46.0,0.35947712418300654,0.8270676691729323,0.5011389255523682,0.5011389255523682,0.5011389255523682,266.0,0.06650000065565109
local,local,,,2,82,data_4000_4_1.5_chordal_rep02,train_epoch,train,,,37,0.17662660080194473,,,,,,,,4000,,,,,,,,,,,
local,local,,,2,82,data_4000_4_1.5_chordal_rep02,val_epoch,val,,,37,,0.19151684033870697,0.95895,0.8385000228881836,0.9190255449255351,0.8472660183906555,0.8472660183906555,0.8472660183906555,4000,,,,,,,,,,,
local,local,,,2,82,data_4000_4_1.5_chordal_rep02,val_epoch_task,val,cycle2,,37,,,,,,,,,4000,1717.0,10.0,2273.0,0.0,0.9942096120440069,1.0,0.9970964193344116,0.9970964193344116,0.9970964193344116,1717.0,0.42925000190734863
local,local,,,2,82,data_4000_4_1.5_chordal_rep02,val_epoch_task,val,cycle3,,37,,,,,,,,,4000,1317.0,11.0,2664.0,8.0,0.9917168674698795,0.9939622641509434,0.9928383231163025,0.9928383231163025,0.9928383231163025,1325.0,0.33125001192092896
local,local,,,2,82,data_4000_4_1.5_chordal_rep02,val_epoch_task,val,cycle4,,37,,,,,,,,,4000,919.0,24.0,3011.0,46.0,0.9745493107104984,0.9523316062176166,0.9633123874664307,0.9633123874664307,0.9633123874664307,965.0,0.24124999344348907
local,local,,,2,82,data_4000_4_1.5_chordal_rep02,val_epoch_task,val,cycle5,,37,,,,,,,,,4000,476.0,313.0,3185.0,26.0,0.6032953105196451,0.9482071713147411,0.7374128699302673,0.7374128699302673,0.7374128699302673,502.0,0.12549999356269836
local,local,,,2,82,data_4000_4_1.5_chordal_rep02,val_epoch_task,val,cycle6,,37,,,,,,,,,4000,230.0,347.0,3387.0,36.0,0.3986135181975737,0.8646616541353384,0.545670211315155,0.545670211315155,0.545670211315155,266.0,0.06650000065565109
local,local,,,2,82,data_4000_4_1.5_chordal_rep02,train_epoch,train,,,38,0.1585239285826683,,,,,,,,4000,,,,,,,,,,,
local,local,,,2,82,data_4000_4_1.5_chordal_rep02,val_epoch,val,,,38,,0.20194749629497527,0.95575,0.8287500143051147,0.9132778049975503,0.837658703327179,0.837658703327179,0.837658703327179,4000,,,,,,,,,,,
local,local,,,2,82,data_4000_4_1.5_chordal_rep02,val_epoch_task,val,cycle2,,38,,,,,,,,,4000,1716.0,10.0,2273.0,1.0,0.9942062572421785,0.9994175888177053,0.9968051314353943,0.9968051314353943,0.9968051314353943,1717.0,0.42925000190734863
local,local,,,2,82,data_4000_4_1.5_chordal_rep02,val_epoch_task,val,cycle3,,38,,,,,,,,,4000,1324.0,22.0,2653.0,1.0,0.9836552748885586,0.999245283018868,0.9913889765739441,0.9913889765739441,0.9913889765739441,1325.0,0.33125001192092896
local,local,,,2,82,data_4000_4_1.5_chordal_rep02,val_epoch_task,val,cycle4,,38,,,,,,,,,4000,928.0,28.0,3007.0,37.0,0.9707112970711297,0.9616580310880829,0.9661635160446167,0.9661635160446167,0.9661635160446167,965.0,0.24124999344348907
local,local,,,2,82,data_4000_4_1.5_chordal_rep02,val_epoch_task,val,cycle5,,38,,,,,,,,,4000,469.0,309.0,3189.0,33.0,0.602827763496144,0.9342629482071713,0.7328124642372131,0.7328124642372131,0.7328124642372131,502.0,0.12549999356269836
local,local,,,2,82,data_4000_4_1.5_chordal_rep02,val_epoch_task,val,cycle6,,38,,,,,,,,,4000,223.0,401.0,3333.0,43.0,0.3573717948717949,0.8383458646616542,0.5011236071586609,0.5011236071586609,0.5011236071586609,266.0,0.06650000065565109
local,local,,,2,82,data_4000_4_1.5_chordal_rep02,train_epoch,train,,,39,0.15757002449035645,,,,,,,,4000,,,,,,,,,,,
local,local,,,2,82,data_4000_4_1.5_chordal_rep02,val_epoch,val,,,39,,0.2063563677072525,0.96075,0.8429999947547913,0.9222079080368646,0.849695086479187,0.849695086479187,0.849695086479187,4000,,,,,,,,,,,
local,local,,,2,82,data_4000_4_1.5_chordal_rep02,val_epoch_task,val,cycle2,,39,,,,,,,,,4000,1717.0,14.0,2269.0,0.0,0.9919121894858464,1.0,0.9959397315979004,0.9959397315979004,0.9959397315979004,1717.0,0.42925000190734863
local,local,,,2,82,data_4000_4_1.5_chordal_rep02,val_epoch_task,val,cycle3,,39,,,,,,,,,4000,1316.0,12.0,2663.0,9.0,0.9909638554216867,0.9932075471698113,0.9920845031738281,0.9920845031738281,0.9920845031738281,1325.0,0.33125001192092896
local,local,,,2,82,data_4000_4_1.5_chordal_rep02,val_epoch_task,val,cycle4,,39,,,,,,,,,4000,933.0,27.0,3008.0,32.0,0.971875,0.966839378238342,0.9693506360054016,0.9693506360054016,0.9693506360054016,965.0,0.24124999344348907
local,local,,,2,82,data_4000_4_1.5_chordal_rep02,val_epoch_task,val,cycle5,,39,,,,,,,,,4000,462.0,283.0,3215.0,40.0,0.6201342281879194,0.9203187250996016,0.7409783601760864,0.7409783601760864,0.7409783601760864,502.0,0.12549999356269836
local,local,,,2,82,data_4000_4_1.5_chordal_rep02,val_epoch_task,val,cycle6,,39,,,,,,,,,4000,225.0,327.0,3407.0,41.0,0.4076086956521739,0.8458646616541353,0.5501222610473633,0.5501222610473633,0.5501222610473633,266.0,0.06650000065565109
local,local,,,2,82,data_4000_4_1.5_chordal_rep02,train_epoch,train,,,40,0.1555457026362419,,,,,,,,4000,,,,,,,,,,,
local,local,,,2,82,data_4000_4_1.5_chordal_rep02,val_epoch,val,,,40,,0.2022168598175049,0.9496,0.8134999871253967,0.9022877084141141,0.8285521268844604,0.8285521268844604,0.8285521268844604,4000,,,,,,,,,,,
local,local,,,2,82,data_4000_4_1.5_chordal_rep02,val_epoch_task,val,cycle2,,40,,,,,,,,,4000,1717.0,11.0,2272.0,0.0,0.9936342592592593,1.0,0.9968069791793823,0.9968069791793823,0.9968069791793823,1717.0,0.42925000190734863
local,local,,,2,82,data_4000_4_1.5_chordal_rep02,val_epoch_task,val,cycle3,,40,,,,,,,,,4000,1322.0,23.0,2652.0,3.0,0.9828996282527881,0.9977358490566037,0.9902622103691101,0.9902622103691101,0.9902622103691101,1325.0,0.33125001192092896
local,local,,,2,82,data_4000_4_1.5_chordal_rep02,val_epoch_task,val,cycle4,,40,,,,,,,,,4000,920.0,30.0,3005.0,45.0,0.968421052631579,0.9533678756476683,0.9608355164527893,0.9608355164527893,0.9608355164527893,965.0,0.24124999344348907
local,local,,,2,82,data_4000_4_1.5_chordal_rep02,val_epoch_task,val,cycle5,,40,,,,,,,,,4000,444.0,305.0,3193.0,58.0,0.5927903871829105,0.8844621513944223,0.7098321318626404,0.7098321318626404,0.7098321318626404,502.0,0.12549999356269836
local,local,,,2,82,data_4000_4_1.5_chordal_rep02,val_epoch_task,val,cycle6,,40,,,,,,,,,4000,251.0,518.0,3216.0,15.0,0.32639791937581275,0.943609022556391,0.4850241541862488,0.4850241541862488,0.4850241541862488,266.0,0.06650000065565109
local,local,,,2,82,data_4000_4_1.5_chordal_rep02,train_epoch,train,,,41,0.18369007194042206,,,,,,,,4000,,,,,,,,,,,
local,local,,,2,82,data_4000_4_1.5_chordal_rep02,val_epoch,val,,,41,,0.2196881889104843,0.95055,0.809499979019165,0.9041016193154271,0.82634037733078,0.82634037733078,0.82634037733078,4000,,,,,,,,,,,
local,local,,,2,82,data_4000_4_1.5_chordal_rep02,val_epoch_task,val,cycle2,,41,,,,,,,,,4000,1717.0,28.0,2255.0,0.0,0.9839541547277937,1.0,0.9919121265411377,0.9919121265411377,0.9919121265411377,1717.0,0.42925000190734863
local,local,,,2,82,data_4000_4_1.5_chordal_rep02,val_epoch_task,val,cycle3,,41,,,,,,,,,4000,1325.0,24.0,2651.0,0.0,0.9822090437361009,1.0,0.9910247325897217,0.9910247325897217,0.9910247325897217,1325.0,0.33125001192092896
local,local,,,2,82,data_4000_4_1.5_chordal_rep02,val_epoch_task,val,cycle4,,41,,,,,,,,,4000,941.0,53.0,2982.0,24.0,0.9466800804828974,0.9751295336787564,0.9606941938400269,0.9606941938400269,0.9606941938400269,965.0,0.24124999344348907
local,local,,,2,82,data_4000_4_1.5_chordal_rep02,val_epoch_task,val,cycle5,,41,,,,,,,,,4000,456.0,374.0,3124.0,46.0,0.5493975903614458,0.9083665338645418,0.684684693813324,0.684684693813324,0.684684693813324,502.0,0.12549999356269836
local,local,,,2,82,data_4000_4_1.5_chordal_rep02,val_epoch_task,val,cycle6,,41,,,,,,,,,4000,223.0,397.0,3337.0,43.0,0.3596774193548387,0.8383458646616542,0.5033860206604004,0.5033860206604004,0.5033860206604004,266.0,0.06650000065565109
local,local,,,2,82,data_4000_4_1.5_chordal_rep02,train_epoch,train,,,42,0.16066259816288947,,,,,,,,4000,,,,,,,,,,,
local,local,,,2,82,data_4000_4_1.5_chordal_rep02,val_epoch,val,,,42,,0.212593754529953,0.95835,0.840749979019165,0.91779334846541,0.8416531682014465,0.8416531682014465,0.8416531682014465,4000,,,,,,,,,,,
local,local,,,2,82,data_4000_4_1.5_chordal_rep02,val_epoch_task,val,cycle2,,42,,,,,,,,,4000,1717.0,6.0,2277.0,0.0,0.9965177016831108,1.0,0.9982558488845825,0.9982558488845825,0.9982558488845825,1717.0,0.42925000190734863
local,local,,,2,82,data_4000_4_1.5_chordal_rep02,val_epoch_task,val,cycle3,,42,,,,,,,,,4000,1323.0,13.0,2662.0,2.0,0.9902694610778443,0.9984905660377359,0.9943630695343018,0.9943630695343018,0.9943630695343018,1325.0,0.33125001192092896
local,local,,,2,82,data_4000_4_1.5_chordal_rep02,val_epoch_task,val,cycle4,,42,,,,,,,,,4000,946.0,76.0,2959.0,19.0,0.9256360078277887,0.9803108808290155,0.9521892666816711,0.9521892666816711,0.9521892666816711,965.0,0.24124999344348907
local,local,,,2,82,data_4000_4_1.5_chordal_rep02,val_epoch_task,val,cycle5,,42,,,,,,,,,4000,440.0,251.0,3247.0,62.0,0.6367583212735166,0.8764940239043825,0.7376362085342407,0.7376362085342407,0.7376362085342407,502.0,0.12549999356269836
local,local,,,2,82,data_4000_4_1.5_chordal_rep02,val_epoch_task,val,cycle6,,42,,,,,,,,,4000,224.0,362.0,3372.0,42.0,0.3822525597269625,0.8421052631578947,0.5258216261863708,0.5258216261863708,0.5258216261863708,266.0,0.06650000065565109
local,local,,,2,82,data_4000_4_1.5_chordal_rep02,train_epoch,train,,,43,0.17086451321840287,,,,,,,,4000,,,,,,,,,,,
local,local,,,2,82,data_4000_4_1.5_chordal_rep02,val_epoch,val,,,43,,0.19678828567266465,0.9555,0.8295000195503235,0.9130349814344342,0.8387033343315125,0.8387033343315125,0.8387033343315125,4000,,,,,,,,,,,
local,local,,,2,82,data_4000_4_1.5_chordal_rep02,val_epoch_task,val,cycle2,,43,,,,,,,,,4000,1717.0,6.0,2277.0,0.0,0.9965177016831108,1.0,0.9982558488845825,0.9982558488845825,0.9982558488845825,1717.0,0.42925000190734863
local,local,,,2,82,data_4000_4_1.5_chordal_rep02,val_epoch_task,val,cycle3,,43,,,,,,,,,4000,1319.0,13.0,2662.0,6.0,0.9902402402402403,0.9954716981132076,0.9928490519523621,0.9928490519523621,0.9928490519523621,1325.0,0.33125001192092896
local,local,,,2,82,data_4000_4_1.5_chordal_rep02,val_epoch_task,val,cycle4,,43,,,,,,,,,4000,947.0,62.0,2973.0,18.0,0.9385530227948464,0.9813471502590674,0.9594731330871582,0.9594731330871582,0.9594731330871582,965.0,0.24124999344348907
local,local,,,2,82,data_4000_4_1.5_chordal_rep02,val_epoch_task,val,cycle5,,43,,,,,,,,,4000,455.0,255.0,3243.0,47.0,0.6408450704225352,0.9063745019920318,0.7508251667022705,0.7508251667022705,0.7508251667022705,502.0,0.12549999356269836
local,local,,,2,82,data_4000_4_1.5_chordal_rep02,val_epoch_task,val,cycle6,,43,,,,,,,,,4000,234.0,451.0,3283.0,32.0,0.3416058394160584,0.8796992481203008,0.49211356043815613,0.49211356043815613,0.49211356043815613,266.0,0.06650000065565109
local,local,,,2,82,data_4000_4_1.5_chordal_rep02,train_epoch,train,,,44,0.16541332072019577,,,,,,,,4000,,,,,,,,,,,
local,local,,,2,82,data_4000_4_1.5_chordal_rep02,val_epoch,val,,,44,,0.22655045068264007,0.9299,0.7534999847412109,0.8701611409520281,0.7969054579734802,0.7969054579734802,0.7969054579734802,4000,,,,,,,,,,,
local,local,,,2,82,data_4000_4_1.5_chordal_rep02,val_epoch_task,val,cycle2,,44,,,,,,,,,4000,1716.0,8.0,2275.0,1.0,0.9953596287703016,0.9994175888177053,0.9973844289779663,0.9973844289779663,0.9973844289779663,1717.0,0.42925000190734863
local,local,,,2,82,data_4000_4_1.5_chordal_rep02,val_epoch_task,val,cycle3,,44,,,,,,,,,4000,1322.0,20.0,2655.0,3.0,0.9850968703427719,0.9977358490566037,0.9913761019706726,0.9913761019706726,0.9913761019706726,1325.0,0.33125001192092896
local,local,,,2,82,data_4000_4_1.5_chordal_rep02,val_epoch_task,val,cycle4,,44,,,,,,,,,4000,932.0,55.0,2980.0,33.0,0.9442755825734549,0.9658031088082901,0.9549180269241333,0.9549180269241333,0.9549180269241333,965.0,0.24124999344348907
local,local,,,2,82,data_4000_4_1.5_chordal_rep02,val_epoch_task,val,cycle5,,44,,,,,,,,,4000,470.0,576.0,2922.0,32.0,0.44933078393881454,0.9362549800796812,0.6072351336479187,0.6072351336479187,0.6072351336479187,502.0,0.12549999356269836
local,local,,,2,82,data_4000_4_1.5_chordal_rep02,val_epoch_task,val,cycle6,,44,,,,,,,,,4000,258.0,666.0,3068.0,8.0,0.2792207792207792,0.9699248120300752,0.43361344933509827,0.43361344933509827,0.43361344933509827,266.0,0.06650000065565109
local,local,,,2,82,data_4000_4_1.5_chordal_rep02,train_epoch,train,,,45,0.1562821951508522,,,,,,,,4000,,,,,,,,,,,
local,local,,,2,82,data_4000_4_1.5_chordal_rep02,val_epoch,val,,,45,,0.18203374361991884,0.96065,0.8424999713897705,0.9224554143265346,0.8517600893974304,0.8517600893974304,0.8517600893974304,4000,,,,,,,,,,,
local,local,,,2,82,data_4000_4_1.5_chordal_rep02,val_epoch_task,val,cycle2,,45,,,,,,,,,4000,1717.0,3.0,2280.0,0.0,0.9982558139534884,1.0,0.9991271495819092,0.9991271495819092,0.9991271495819092,1717.0,0.42925000190734863
local,local,,,2,82,data_4000_4_1.5_chordal_rep02,val_epoch_task,val,cycle3,,45,,,,,,,,,4000,1324.0,18.0,2657.0,1.0,0.9865871833084948,0.999245283018868,0.992875874042511,0.992875874042511,0.992875874042511,1325.0,0.33125001192092896
local,local,,,2,82,data_4000_4_1.5_chordal_rep02,val_epoch_task,val,cycle4,,45,,,,,,,,,4000,932.0,44.0,2991.0,33.0,0.9549180327868853,0.9658031088082901,0.9603297710418701,0.9603297710418701,0.9603297710418701,965.0,0.24124999344348907
local,local,,,2,82,data_4000_4_1.5_chordal_rep02,val_epoch_task,val,cycle5,,45,,,,,,,,,4000,476.0,298.0,3200.0,26.0,0.6149870801033591,0.9482071713147411,0.746081531047821,0.746081531047821,0.746081531047821,502.0,0.12549999356269836
local,local,,,2,82,data_4000_4_1.5_chordal_rep02,val_epoch_task,val,cycle6,,45,,,,,,,,,4000,232.0,330.0,3404.0,34.0,0.4128113879003559,0.8721804511278195,0.5603864789009094,0.5603864789009094,0.5603864789009094,266.0,0.06650000065565109
local,local,,,2,82,data_4000_4_1.5_chordal_rep02,train_epoch,train,,,46,0.1513707002401352,,,,,,,,4000,,,,,,,,,,,
local,local,,,2,82,data_4000_4_1.5_chordal_rep02,val_epoch,val,,,46,,0.20833864372968675,0.95695,0.8324999809265137,0.9158275491250366,0.8426848649978638,0.8426848649978638,0.8426848649978638,4000,,,,,,,,,,,
local,local,,,2,82,data_4000_4_1.5_chordal_rep02,val_epoch_task,val,cycle2,,46,,,,,,,,,4000,1716.0,10.0,2273.0,1.0,0.9942062572421785,0.9994175888177053,0.9968051314353943,0.9968051314353943,0.9968051314353943,1717.0,0.42925000190734863
local,local,,,2,82,data_4000_4_1.5_chordal_rep02,val_epoch_task,val,cycle3,,46,,,,,,,,,4000,1324.0,31.0,2644.0,1.0,0.9771217712177122,0.999245283018868,0.9880597591400146,0.9880597591400146,0.9880597591400146,1325.0,0.33125001192092896
local,local,,,2,82,data_4000_4_1.5_chordal_rep02,val_epoch_task,val,cycle4,,46,,,,,,,,,4000,937.0,50.0,2985.0,28.0,0.9493414387031408,0.9709844559585492,0.9600409865379333,0.9600409865379333,0.9600409865379333,965.0,0.24124999344348907
local,local,,,2,82,data_4000_4_1.5_chordal_rep02,val_epoch_task,val,cycle5,,46,,,,,,,,,4000,482.0,317.0,3181.0,20.0,0.6032540675844806,0.9601593625498008,0.7409685254096985,0.7409685254096985,0.7409685254096985,502.0,0.12549999356269836
local,local,,,2,82,data_4000_4_1.5_chordal_rep02,val_epoch_task,val,cycle6,,46,,,,,,,,,4000,225.0,362.0,3372.0,41.0,0.3833049403747871,0.8458646616541353,0.5275498628616333,0.5275498628616333,0.5275498628616333,266.0,0.06650000065565109
local,local,,,2,82,data_4000_4_1.5_chordal_rep02,train_epoch,train,,,47,0.17176752197742462,,,,,,,,4000,,,,,,,,,,,
local,local,,,2,82,data_4000_4_1.5_chordal_rep02,val_epoch,val,,,47,,0.20891521167755128,0.9635,0.8519999980926514,0.9268976567194072,0.8519685864448547,0.8519685864448547,0.8519685864448547,4000,,,,,,,,,,,
local,local,,,2,82,data_4000_4_1.5_chordal_rep02,val_epoch_task,val,cycle2,,47,,,,,,,,,4000,1714.0,5.0,2278.0,3.0,0.9970913321698662,0.9982527664531159,0.9976716637611389,0.9976716637611389,0.9976716637611389,1717.0,0.42925000190734863
local,local,,,2,82,data_4000_4_1.5_chordal_rep02,val_epoch_task,val,cycle3,,47,,,,,,,,,4000,1320.0,8.0,2667.0,5.0,0.9939759036144579,0.9962264150943396,0.9950998425483704,0.9950998425483704,0.9950998425483704,1325.0,0.33125001192092896
local,local,,,2,82,data_4000_4_1.5_chordal_rep02,val_epoch_task,val,cycle4,,47,,,,,,,,,4000,945.0,44.0,2991.0,20.0,0.9555106167846309,0.9792746113989638,0.9672467112541199,0.9672467112541199,0.9672467112541199,965.0,0.24124999344348907
local,local,,,2,82,data_4000_4_1.5_chordal_rep02,val_epoch_task,val,cycle5,,47,,,,,,,,,4000,430.0,207.0,3291.0,72.0,0.6750392464678179,0.8565737051792829,0.7550482749938965,0.7550482749938965,0.7550482749938965,502.0,0.12549999356269836
local,local,,,2,82,data_4000_4_1.5_chordal_rep02,val_epoch_task,val,cycle6,,47,,,,,,,,,4000,219.0,319.0,3415.0,47.0,0.4070631970260223,0.8233082706766918,0.5447761416435242,0.5447761416435242,0.5447761416435242,266.0,0.06650000065565109
local,local,,,2,82,data_4000_4_1.5_chordal_rep02,train_epoch,train,,,48,0.14005970698595047,,,,,,,,4000,,,,,,,,,,,
local,local,,,2,82,data_4000_4_1.5_chordal_rep02,val_epoch,val,,,48,,0.2175823373198509,0.9627,0.8514999747276306,0.9254,0.8531451225280762,0.8531451225280762,0.8531451225280762,4000,,,,,,,,,,,
local,local,,,2,82,data_4000_4_1.5_chordal_rep02,val_epoch_task,val,cycle2,,48,,,,,,,,,4000,1716.0,16.0,2267.0,1.0,0.9907621247113164,0.9994175888177053,0.9950709939002991,0.9950709939002991,0.9950709939002991,1717.0,0.42925000190734863
local,local,,,2,82,data_4000_4_1.5_chordal_rep02,val_epoch_task,val,cycle3,,48,,,,,,,,,4000,1319.0,14.0,2661.0,6.0,0.9894973743435859,0.9954716981132076,0.9924755096435547,0.9924755096435547,0.9924755096435547,1325.0,0.33125001192092896
local,local,,,2,82,data_4000_4_1.5_chordal_rep02,val_epoch_task,val,cycle4,,48,,,,,,,,,4000,934.0,70.0,2965.0,31.0,0.9302788844621513,0.9678756476683937,0.9487050175666809,0.9487050175666809,0.9487050175666809,965.0,0.24124999344348907
local,local,,,2,82,data_4000_4_1.5_chordal_rep02,val_epoch_task,val,cycle5,,48,,,,,,,,,4000,438.0,195.0,3303.0,64.0,0.6919431279620853,0.8725099601593626,0.7718061804771423,0.7718061804771423,0.7718061804771423,502.0,0.12549999356269836
local,local,,,2,82,data_4000_4_1.5_chordal_rep02,val_epoch_task,val,cycle6,,48,,,,,,,,,4000,220.0,303.0,3431.0,46.0,0.42065009560229444,0.8270676691729323,0.5576679110527039,0.5576679110527039,0.5576679110527039,266.0,0.06650000065565109
local,local,,,2,82,data_4000_4_1.5_chordal_rep02,train_epoch,train,,,49,0.15751694786548615,,,,,,,,4000,,,,,,,,,,,
local,local,,,2,82,data_4000_4_1.5_chordal_rep02,val_epoch,val,,,49,,0.2176519545316696,0.95975,0.8370000123977661,0.9201943095072866,0.843880295753479,0.843880295753479,0.843880295753479,4000,,,,,,,,,,,
local,local,,,2,82,data_4000_4_1.5_chordal_rep02,val_epoch_task,val,cycle2,,49,,,,,,,,,4000,1717.0,12.0,2271.0,0.0,0.9930595720069404,1.0,0.9965176582336426,0.9965176582336426,0.9965176582336426,1717.0,0.42925000190734863
local,local,,,2,82,data_4000_4_1.5_chordal_rep02,val_epoch_task,val,cycle3,,49,,,,,,,,,4000,1323.0,21.0,2654.0,2.0,0.984375,0.9984905660377359,0.9913825392723083,0.9913825392723083,0.9913825392723083,1325.0,0.33125001192092896
local,local,,,2,82,data_4000_4_1.5_chordal_rep02,val_epoch_task,val,cycle4,,49,,,,,,,,,4000,937.0,42.0,2993.0,28.0,0.9570990806945863,0.9709844559585492,0.9639917612075806,0.9639917612075806,0.9639917612075806,965.0,0.24124999344348907
local,local,,,2,82,data_4000_4_1.5_chordal_rep02,val_epoch_task,val,cycle5,,49,,,,,,,,,4000,455.0,310.0,3188.0,47.0,0.5947712418300654,0.9063745019920318,0.7182320356369019,0.7182320356369019,0.7182320356369019,502.0,0.12549999356269836
local,local,,,2,82,data_4000_4_1.5_chordal_rep02,val_epoch_task,val,cycle6,,49,,,,,,,,,4000,209.0,286.0,3448.0,57.0,0.4222222222222222,0.7857142857142857,0.5492772459983826,0.5492772459983826,0.5492772459983826,266.0,0.06650000065565109
local,local,,,2,82,data_4000_4_1.5_chordal_rep02,train_epoch,train,,,50,0.14009667629003525,,,,,,,,4000,,,,,,,,,,,
local,local,,,2,82,data_4000_4_1.5_chordal_rep02,val_epoch,val,,,50,,0.18675996428728103,0.9641,0.8577499985694885,0.9282860567319218,0.8595565557479858,0.8595565557479858,0.8595565557479858,4000,,,,,,,,,,,
local,local,,,2,82,data_4000_4_1.5_chordal_rep02,val_epoch_task,val,cycle2,,50,,,,,,,,,4000,1715.0,13.0,2270.0,2.0,0.9924768518518519,0.9988351776354106,0.9956459403038025,0.9956459403038025,0.9956459403038025,1717.0,0.42925000190734863
local,local,,,2,82,data_4000_4_1.5_chordal_rep02,val_epoch_task,val,cycle3,,50,,,,,,,,,4000,1316.0,22.0,2653.0,9.0,0.9835575485799701,0.9932075471698113,0.9883589744567871,0.9883589744567871,0.9883589744567871,1325.0,0.33125001192092896
local,local,,,2,82,data_4000_4_1.5_chordal_rep02,val_epoch_task,val,cycle4,,50,,,,,,,,,4000,953.0,66.0,2969.0,12.0,0.9352306182531894,0.9875647668393782,0.9606854915618896,0.9606854915618896,0.9606854915618896,965.0,0.24124999344348907
local,local,,,2,82,data_4000_4_1.5_chordal_rep02,val_epoch_task,val,cycle5,,50,,,,,,,,,4000,429.0,213.0,3285.0,73.0,0.6682242990654206,0.8545816733067729,0.7499999403953552,0.7499999403953552,0.7499999403953552,502.0,0.12549999356269836
local,local,,,2,82,data_4000_4_1.5_chordal_rep02,val_epoch_task,val,cycle6,,50,,,,,,,,,4000,234.0,276.0,3458.0,32.0,0.4588235294117647,0.8796992481203008,0.6030927896499634,0.6030927896499634,0.6030927896499634,266.0,0.06650000065565109
local,local,,,2,82,data_4000_4_1.5_chordal_rep02,train_epoch,train,,,51,0.1419864713549614,,,,,,,,4000,,,,,,,,,,,
local,local,,,2,82,data_4000_4_1.5_chordal_rep02,val_epoch,val,,,51,,0.24011954858899118,0.9676,0.8662499785423279,0.9341864716636197,0.8580336570739746,0.8580336570739746,0.8580336570739746,4000,,,,,,,,,,,
local,local,,,2,82,data_4000_4_1.5_chordal_rep02,val_epoch_task,val,cycle2,,51,,,,,,,,,4000,1717.0,9.0,2274.0,0.0,0.9947856315179606,1.0,0.9973860383033752,0.9973860383033752,0.9973860383033752,1717.0,0.42925000190734863
local,local,,,2,82,data_4000_4_1.5_chordal_rep02,val_epoch_task,val,cycle3,,51,,,,,,,,,4000,1320.0,15.0,2660.0,5.0,0.9887640449438202,0.9962264150943396,0.9924811720848083,0.9924811720848083,0.9924811720848083,1325.0,0.33125001192092896
local,local,,,2,82,data_4000_4_1.5_chordal_rep02,val_epoch_task,val,cycle4,,51,,,,,,,,,4000,948.0,54.0,2981.0,17.0,0.9461077844311377,0.9823834196891191,0.9639044404029846,0.9639044404029846,0.9639044404029846,965.0,0.24124999344348907
local,local,,,2,82,data_4000_4_1.5_chordal_rep02,val_epoch_task,val,cycle5,,51,,,,,,,,,4000,418.0,147.0,3351.0,84.0,0.7398230088495575,0.8326693227091634,0.7835050821304321,0.7835050821304321,0.7835050821304321,502.0,0.12549999356269836
local,local,,,2,82,data_4000_4_1.5_chordal_rep02,val_epoch_task,val,cycle6,,51,,,,,,,,,4000,196.0,247.0,3487.0,70.0,0.44243792325056436,0.7368421052631579,0.5528913736343384,0.5528913736343384,0.5528913736343384,266.0,0.06650000065565109
local,local,,,2,82,data_4000_4_1.5_chordal_rep02,train_epoch,train,,,52,0.1353711955845356,,,,,,,,4000,,,,,,,,,,,
local,local,,,2,82,data_4000_4_1.5_chordal_rep02,val_epoch,val,,,52,,0.23875777125358583,0.9693,0.8765000104904175,0.937308556258934,0.8639823794364929,0.8639823794364929,0.8639823794364929,4000,,,,,,,,,,,
local,local,,,2,82,data_4000_4_1.5_chordal_rep02,val_epoch_task,val,cycle2,,52,,,,,,,,,4000,1715.0,3.0,2280.0,2.0,0.9982537834691502,0.9988351776354106,0.9985443949699402,0.9985443949699402,0.9985443949699402,1717.0,0.42925000190734863
local,local,,,2,82,data_4000_4_1.5_chordal_rep02,val_epoch_task,val,cycle3,,52,,,,,,,,,4000,1319.0,20.0,2655.0,6.0,0.9850634802091113,0.9954716981132076,0.990240216255188,0.990240216255188,0.990240216255188,1325.0,0.33125001192092896
local,local,,,2,82,data_4000_4_1.5_chordal_rep02,val_epoch_task,val,cycle4,,52,,,,,,,,,4000,941.0,48.0,2987.0,24.0,0.9514661274014156,0.9751295336787564,0.9631525278091431,0.9631525278091431,0.9631525278091431,965.0,0.24124999344348907
local,local,,,2,82,data_4000_4_1.5_chordal_rep02,val_epoch_task,val,cycle5,,52,,,,,,,,,4000,427.0,191.0,3307.0,75.0,0.6909385113268608,0.850597609561753,0.7625000476837158,0.7625000476837158,0.7625000476837158,502.0,0.12549999356269836
local,local,,,2,82,data_4000_4_1.5_chordal_rep02,val_epoch_task,val,cycle6,,52,,,,,,,,,4000,188.0,167.0,3567.0,78.0,0.5295774647887324,0.706766917293233,0.6054750680923462,0.6054750680923462,0.6054750680923462,266.0,0.06650000065565109
local,local,,,2,82,data_4000_4_1.5_chordal_rep02,train_epoch,train,,,53,0.12923178613185882,,,,,,,,4000,,,,,,,,,,,
local,local,,,2,82,data_4000_4_1.5_chordal_rep02,val_epoch,val,,,53,,0.2396533875465393,0.95985,0.8445000052452087,0.9198842661877681,0.8423242568969727,0.8423242568969727,0.8423242568969727,4000,,,,,,,,,,,
local,local,,,2,82,data_4000_4_1.5_chordal_rep02,val_epoch_task,val,cycle2,,53,,,,,,,,,4000,1716.0,11.0,2272.0,1.0,0.9936305732484076,0.9994175888177053,0.996515691280365,0.996515691280365,0.996515691280365,1717.0,0.42925000190734863
local,local,,,2,82,data_4000_4_1.5_chordal_rep02,val_epoch_task,val,cycle3,,53,,,,,,,,,4000,1321.0,27.0,2648.0,4.0,0.9799703264094956,0.9969811320754717,0.9884025454521179,0.9884025454521179,0.9884025454521179,1325.0,0.33125001192092896
local,local,,,2,82,data_4000_4_1.5_chordal_rep02,val_epoch_task,val,cycle4,,53,,,,,,,,,4000,926.0,51.0,2984.0,39.0,0.9477993858751279,0.9595854922279793,0.953656017780304,0.953656017780304,0.953656017780304,965.0,0.24124999344348907
local,local,,,2,82,data_4000_4_1.5_chordal_rep02,val_epoch_task,val,cycle5,,53,,,,,,,,,4000,441.0,239.0,3259.0,61.0,0.6485294117647059,0.8784860557768924,0.7461928725242615,0.7461928725242615,0.7461928725242615,502.0,0.12549999356269836
local,local,,,2,82,data_4000_4_1.5_chordal_rep02,val_epoch_task,val,cycle6,,53,,,,,,,,,4000,206.0,310.0,3424.0,60.0,0.3992248062015504,0.7744360902255639,0.5268542170524597,0.5268542170524597,0.5268542170524597,266.0,0.06650000065565109
local,local,,,2,82,data_4000_4_1.5_chordal_rep02,train_epoch,train,,,54,0.16508856868743896,,,,,,,,4000,,,,,,,,,,,
local,local,,,2,82,data_4000_4_1.5_chordal_rep02,val_epoch,val,,,54,,0.23436278641223907,0.9607,0.8442500233650208,0.9211318482841662,0.8416784405708313,0.8416784405708313,0.8416784405708313,4000,,,,,,,,,,,
local,local,,,2,82,data_4000_4_1.5_chordal_rep02,val_epoch_task,val,cycle2,,54,,,,,,,,,4000,1717.0,7.0,2276.0,0.0,0.9959396751740139,1.0,0.9979656934738159,0.9979656934738159,0.9979656934738159,1717.0,0.42925000190734863
local,local,,,2,82,data_4000_4_1.5_chordal_rep02,val_epoch_task,val,cycle3,,54,,,,,,,,,4000,1317.0,17.0,2658.0,8.0,0.987256371814093,0.9939622641509434,0.9905980229377747,0.9905980229377747,0.9905980229377747,1325.0,0.33125001192092896
local,local,,,2,82,data_4000_4_1.5_chordal_rep02,val_epoch_task,val,cycle4,,54,,,,,,,,,4000,918.0,41.0,2994.0,47.0,0.9572471324296142,0.9512953367875647,0.9542620182037354,0.9542620182037354,0.9542620182037354,965.0,0.24124999344348907
local,local,,,2,82,data_4000_4_1.5_chordal_rep02,val_epoch_task,val,cycle5,,54,,,,,,,,,4000,444.0,276.0,3222.0,58.0,0.6166666666666667,0.8844621513944223,0.7266775369644165,0.7266775369644165,0.7266775369644165,502.0,0.12549999356269836
local,local,,,2,82,data_4000_4_1.5_chordal_rep02,val_epoch_task,val,cycle6,,54,,,,,,,,,4000,194.0,260.0,3474.0,72.0,0.42731277533039647,0.7293233082706767,0.5388888716697693,0.5388888716697693,0.5388888716697693,266.0,0.06650000065565109
local,local,,,2,82,data_4000_4_1.5_chordal_rep02,train_epoch,train,,,55,0.14354446107149124,,,,,,,,4000,,,,,,,,,,,
local,local,,,2,82,data_4000_4_1.5_chordal_rep02,val_epoch,val,,,55,,0.19685472440719604,0.9546,0.8247500061988831,0.9116559641953689,0.8386704325675964,0.8386704325675964,0.8386704325675964,4000,,,,,,,,,,,
local,local,,,2,82,data_4000_4_1.5_chordal_rep02,val_epoch_task,val,cycle2,,55,,,,,,,,,4000,1717.0,14.0,2269.0,0.0,0.9919121894858464,1.0,0.9959397315979004,0.9959397315979004,0.9959397315979004,1717.0,0.42925000190734863
local,local,,,2,82,data_4000_4_1.5_chordal_rep02,val_epoch_task,val,cycle3,,55,,,,,,,,,4000,1319.0,12.0,2663.0,6.0,0.990984222389181,0.9954716981132076,0.9932228922843933,0.9932228922843933,0.9932228922843933,1325.0,0.33125001192092896
local,local,,,2,82,data_4000_4_1.5_chordal_rep02,val_epoch_task,val,cycle4,,55,,,,,,,,,4000,942.0,69.0,2966.0,23.0,0.9317507418397626,0.9761658031088083,0.953441321849823,0.953441321849823,0.953441321849823,965.0,0.24124999344348907
local,local,,,2,82,data_4000_4_1.5_chordal_rep02,val_epoch_task,val,cycle5,,55,,,,,,,,,4000,472.0,350.0,3148.0,30.0,0.5742092457420924,0.9402390438247012,0.712990939617157,0.712990939617157,0.712990939617157,502.0,0.12549999356269836
local,local,,,2,82,data_4000_4_1.5_chordal_rep02,val_epoch_task,val,cycle6,,55,,,,,,,,,4000,235.0,373.0,3361.0,31.0,0.38651315789473684,0.8834586466165414,0.537757396697998,0.537757396697998,0.537757396697998,266.0,0.06650000065565109
local,local,,,2,82,data_4000_4_1.5_chordal_rep02,train_epoch,train,,,56,0.1440005419254303,,,,,,,,4000,,,,,,,,,,,
local,local,,,2,82,data_4000_4_1.5_chordal_rep02,val_epoch,val,,,56,,0.21659396171569825,0.96075,0.8447499871253967,0.9220534207129382,0.8473151326179504,0.8473151326179504,0.8473151326179504,4000,,,,,,,,,,,
local,local,,,2,82,data_4000_4_1.5_chordal_rep02,val_epoch_task,val,cycle2,,56,,,,,,,,,4000,1715.0,12.0,2271.0,2.0,0.9930515344528084,0.9988351776354106,0.9959349632263184,0.9959349632263184,0.9959349632263184,1717.0,0.42925000190734863
local,local,,,2,82,data_4000_4_1.5_chordal_rep02,val_epoch_task,val,cycle3,,56,,,,,,,,,4000,1321.0,10.0,2665.0,4.0,0.9924868519909842,0.9969811320754717,0.9947289228439331,0.9947289228439331,0.9947289228439331,1325.0,0.33125001192092896
local,local,,,2,82,data_4000_4_1.5_chordal_rep02,val_epoch_task,val,cycle4,,56,,,,,,,,,4000,938.0,44.0,2991.0,27.0,0.955193482688391,0.9720207253886011,0.9635336995124817,0.9635336995124817,0.9635336995124817,965.0,0.24124999344348907
local,local,,,2,82,data_4000_4_1.5_chordal_rep02,val_epoch_task,val,cycle5,,56,,,,,,,,,4000,454.0,297.0,3201.0,48.0,0.6045272969374168,0.9043824701195219,0.7246608734130859,0.7246608734130859,0.7246608734130859,502.0,0.12549999356269836
local,local,,,2,82,data_4000_4_1.5_chordal_rep02,val_epoch_task,val,cycle6,,56,,,,,,,,,4000,215.0,290.0,3444.0,51.0,0.42574257425742573,0.8082706766917294,0.5577172040939331,0.5577172040939331,0.5577172040939331,266.0,0.06650000065565109
local,local,,,2,82,data_4000_4_1.5_chordal_rep02,train_epoch,train,,,57,0.11042299753427505,,,,,,,,4000,,,,,,,,,,,
local,local,,,2,82,data_4000_4_1.5_chordal_rep02,val_epoch,val,,,57,,0.2344445454478264,0.9328,0.762499988079071,0.8752552441061817,0.8024155497550964,0.8024155497550964,0.8024155497550964,4000,,,,,,,,,,,
local,local,,,2,82,data_4000_4_1.5_chordal_rep02,val_epoch_task,val,cycle2,,57,,,,,,,,,4000,1716.0,12.0,2271.0,1.0,0.9930555555555556,0.9994175888177053,0.9962264895439148,0.9962264895439148,0.9962264895439148,1717.0,0.42925000190734863
local,local,,,2,82,data_4000_4_1.5_chordal_rep02,val_epoch_task,val,cycle3,,57,,,,,,,,,4000,1322.0,48.0,2627.0,3.0,0.964963503649635,0.9977358490566037,0.9810760617256165,0.9810760617256165,0.9810760617256165,1325.0,0.33125001192092896
local,local,,,2,82,data_4000_4_1.5_chordal_rep02,val_epoch_task,val,cycle4,,57,,,,,,,,,4000,934.0,39.0,2996.0,31.0,0.959917780061665,0.9678756476683937,0.9638803005218506,0.9638803005218506,0.9638803005218506,965.0,0.24124999344348907
local,local,,,2,82,data_4000_4_1.5_chordal_rep02,val_epoch_task,val,cycle5,,57,,,,,,,,,4000,496.0,608.0,2890.0,6.0,0.4492753623188406,0.9880478087649402,0.6176837086677551,0.6176837086677551,0.6176837086677551,502.0,0.12549999356269836
local,local,,,2,82,data_4000_4_1.5_chordal_rep02,val_epoch_task,val,cycle6,,57,,,,,,,,,4000,247.0,577.0,3157.0,19.0,0.29975728155339804,0.9285714285714286,0.4532109797000885,0.4532109797000885,0.4532109797000885,266.0,0.06650000065565109
local,local,,,2,82,data_4000_4_1.5_chordal_rep02,train_epoch,train,,,58,0.1564622886776924,,,,,,,,4000,,,,,,,,,,,
local,local,,,2,82,data_4000_4_1.5_chordal_rep02,val_epoch,val,,,58,,0.2118806052207947,0.95635,0.8245000243186951,0.9138288421676044,0.8389416933059692,0.8389416933059692,0.8389416933059692,4000,,,,,,,,,,,
local,local,,,2,82,data_4000_4_1.5_chordal_rep02,val_epoch_task,val,cycle2,,58,,,,,,,,,4000,1712.0,5.0,2278.0,5.0,0.9970879440885265,0.9970879440885265,0.9970879554748535,0.9970879554748535,0.9970879554748535,1717.0,0.42925000190734863
local,local,,,2,82,data_4000_4_1.5_chordal_rep02,val_epoch_task,val,cycle3,,58,,,,,,,,,4000,1317.0,26.0,2649.0,8.0,0.9806403574087863,0.9939622641509434,0.9872563481330872,0.9872563481330872,0.9872563481330872,1325.0,0.33125001192092896
local,local,,,2,82,data_4000_4_1.5_chordal_rep02,val_epoch_task,val,cycle4,,58,,,,,,,,,4000,923.0,42.0,2993.0,42.0,0.9564766839378238,0.9564766839378238,0.9564766883850098,0.9564766883850098,0.9564766883850098,965.0,0.24124999344348907
local,local,,,2,82,data_4000_4_1.5_chordal_rep02,val_epoch_task,val,cycle5,,58,,,,,,,,,4000,453.0,316.0,3182.0,49.0,0.5890767230169051,0.9023904382470119,0.7128245234489441,0.7128245234489441,0.7128245234489441,502.0,0.12549999356269836
local,local,,,2,82,data_4000_4_1.5_chordal_rep02,val_epoch_task,val,cycle6,,58,,,,,,,,,4000,224.0,338.0,3396.0,42.0,0.398576512455516,0.8421052631578947,0.5410628318786621,0.5410628318786621,0.5410628318786621,266.0,0.06650000065565109
local,local,,,2,82,data_4000_4_1.5_chordal_rep02,train_epoch,train,,,59,0.16543807810544967,,,,,,,,4000,,,,,,,,,,,
local,local,,,2,82,data_4000_4_1.5_chordal_rep02,val_epoch,val,,,59,,0.19184552961587906,0.9516,0.8197500109672546,0.9062923523717328,0.8317193984985352,0.8317193984985352,0.8317193984985352,4000,,,,,,,,,,,
local,local,,,2,82,data_4000_4_1.5_chordal_rep02,val_epoch_task,val,cycle2,,59,,,,,,,,,4000,1710.0,4.0,2279.0,7.0,0.9976662777129521,0.9959231217239372,0.9967939853668213,0.9967939853668213,0.9967939853668213,1717.0,0.42925000190734863
local,local,,,2,82,data_4000_4_1.5_chordal_rep02,val_epoch_task,val,cycle3,,59,,,,,,,,,4000,1324.0,20.0,2655.0,1.0,0.9851190476190477,0.999245283018868,0.9921318888664246,0.9921318888664246,0.9921318888664246,1325.0,0.33125001192092896
local,local,,,2,82,data_4000_4_1.5_chordal_rep02,val_epoch_task,val,cycle4,,59,,,,,,,,,4000,938.0,62.0,2973.0,27.0,0.938,0.9720207253886011,0.9547073841094971,0.9547073841094971,0.9547073841094971,965.0,0.24124999344348907
local,local,,,2,82,data_4000_4_1.5_chordal_rep02,val_epoch_task,val,cycle5,,59,,,,,,,,,4000,475.0,366.0,3132.0,27.0,0.5648038049940547,0.9462151394422311,0.7073715329170227,0.7073715329170227,0.7073715329170227,502.0,0.12549999356269836
local,local,,,2,82,data_4000_4_1.5_chordal_rep02,val_epoch_task,val,cycle6,,59,,,,,,,,,4000,234.0,422.0,3312.0,32.0,0.3567073170731707,0.8796992481203008,0.5075922012329102,0.5075922012329102,0.5075922012329102,266.0,0.06650000065565109
local,local,,,2,82,data_4000_4_1.5_chordal_rep02,train_epoch,train,,,60,0.12141223961114883,,,,,,,,4000,,,,,,,,,,,
local,local,,,2,82,data_4000_4_1.5_chordal_rep02,val_epoch,val,,,60,,0.2551695562899113,0.9701,0.874750018119812,0.9386414939462343,0.8631157875061035,0.8631157875061035,0.8631157875061035,4000,,,,,,,,,,,
local,local,,,2,82,data_4000_4_1.5_chordal_rep02,val_epoch_task,val,cycle2,,60,,,,,,,,,4000,1714.0,5.0,2278.0,3.0,0.9970913321698662,0.9982527664531159,0.9976716637611389,0.9976716637611389,0.9976716637611389,1717.0,0.42925000190734863
local,local,,,2,82,data_4000_4_1.5_chordal_rep02,val_epoch_task,val,cycle3,,60,,,,,,,,,4000,1324.0,18.0,2657.0,1.0,0.9865871833084948,0.999245283018868,0.992875874042511,0.992875874042511,0.992875874042511,1325.0,0.33125001192092896
local,local,,,2,82,data_4000_4_1.5_chordal_rep02,val_epoch_task,val,cycle4,,60,,,,,,,,,4000,932.0,25.0,3010.0,33.0,0.9738766980146291,0.9658031088082901,0.9698230624198914,0.9698230624198914,0.9698230624198914,965.0,0.24124999344348907
local,local,,,2,82,data_4000_4_1.5_chordal_rep02,val_epoch_task,val,cycle5,,60,,,,,,,,,4000,423.0,187.0,3311.0,79.0,0.6934426229508197,0.8426294820717132,0.7607914209365845,0.7607914209365845,0.7607914209365845,502.0,0.12549999356269836
local,local,,,2,82,data_4000_4_1.5_chordal_rep02,val_epoch_task,val,cycle6,,60,,,,,,,,,4000,181.0,162.0,3572.0,85.0,0.5276967930029155,0.6804511278195489,0.5944170355796814,0.5944170355796814,0.5944170355796814,266.0,0.06650000065565109
local,local,,,2,82,data_4000_4_1.5_chordal_rep02,train_epoch,train,,,61,0.12808132749795914,,,,,,,,4000,,,,,,,,,,,
local,local,,,2,82,data_4000_4_1.5_chordal_rep02,val_epoch,val,,,61,,0.21657553577423097,0.96595,0.8612499833106995,0.9312051722396203,0.8585982322692871,0.8585982322692871,0.8585982322692871,4000,,,,,,,,,,,
local,local,,,2,82,data_4000_4_1.5_chordal_rep02,val_epoch_task,val,cycle2,,61,,,,,,,,,4000,1717.0,5.0,2278.0,0.0,0.997096399535424,1.0,0.9985461235046387,0.9985461235046387,0.9985461235046387,1717.0,0.42925000190734863
local,local,,,2,82,data_4000_4_1.5_chordal_rep02,val_epoch_task,val,cycle3,,61,,,,,,,,,4000,1324.0,15.0,2660.0,1.0,0.9887976101568334,0.999245283018868,0.9939940571784973,0.9939940571784973,0.9939940571784973,1325.0,0.33125001192092896
local,local,,,2,82,data_4000_4_1.5_chordal_rep02,val_epoch_task,val,cycle4,,61,,,,,,,,,4000,919.0,25.0,3010.0,46.0,0.9735169491525424,0.9523316062176166,0.9628077745437622,0.9628077745437622,0.9628077745437622,965.0,0.24124999344348907
local,local,,,2,82,data_4000_4_1.5_chordal_rep02,val_epoch_task,val,cycle5,,61,,,,,,,,,4000,437.0,227.0,3271.0,65.0,0.6581325301204819,0.8705179282868526,0.7495711445808411,0.7495711445808411,0.7495711445808411,502.0,0.12549999356269836
local,local,,,2,82,data_4000_4_1.5_chordal_rep02,val_epoch_task,val,cycle6,,61,,,,,,,,,4000,212.0,243.0,3491.0,54.0,0.46593406593406594,0.7969924812030075,0.5880721211433411,0.5880721211433411,0.5880721211433411,266.0,0.06650000065565109
local,local,,,2,82,data_4000_4_1.5_chordal_rep02,train_epoch,train,,,62,0.1358299579024315,,,,,,,,4000,,,,,,,,,,,
local,local,,,2,82,data_4000_4_1.5_chordal_rep02,val_epoch,val,,,62,,0.2501526599228382,0.96935,0.8742499947547913,0.937570017313372,0.8634233474731445,0.8634233474731445,0.8634233474731445,4000,,,,,,,,,,,
local,local,,,2,82,data_4000_4_1.5_chordal_rep02,val_epoch_task,val,cycle2,,62,,,,,,,,,4000,1714.0,7.0,2276.0,3.0,0.9959325973271353,0.9982527664531159,0.9970912933349609,0.9970912933349609,0.9970912933349609,1717.0,0.42925000190734863
local,local,,,2,82,data_4000_4_1.5_chordal_rep02,val_epoch_task,val,cycle3,,62,,,,,,,,,4000,1322.0,14.0,2661.0,3.0,0.9895209580838323,0.9977358490566037,0.9936114549636841,0.9936114549636841,0.9936114549636841,1325.0,0.33125001192092896
local,local,,,2,82,data_4000_4_1.5_chordal_rep02,val_epoch_task,val,cycle4,,62,,,,,,,,,4000,944.0,44.0,2991.0,21.0,0.9554655870445344,0.9782383419689119,0.9667179584503174,0.9667179584503174,0.9667179584503174,965.0,0.24124999344348907
local,local,,,2,82,data_4000_4_1.5_chordal_rep02,val_epoch_task,val,cycle5,,62,,,,,,,,,4000,437.0,200.0,3298.0,65.0,0.6860282574568289,0.8705179282868526,0.7673397064208984,0.7673397064208984,0.7673397064208984,502.0,0.12549999356269836
local,local,,,2,82,data_4000_4_1.5_chordal_rep02,val_epoch_task,val,cycle6,,62,,,,,,,,,4000,186.0,176.0,3558.0,80.0,0.5138121546961326,0.6992481203007519,0.5923566818237305,0.5923566818237305,0.5923566818237305,266.0,0.06650000065565109
local,local,,,2,82,data_4000_4_1.5_chordal_rep02,train_epoch,train,,,63,0.1192944478392601,,,,,,,,4000,,,,,,,,,,,
local,local,,,2,82,data_4000_4_1.5_chordal_rep02,val_epoch,val,,,63,,0.1904272470474243,0.95345,0.8234999775886536,0.909813038845297,0.8370234370231628,0.8370234370231628,0.8370234370231628,4000,,,,,,,,,,,
local,local,,,2,82,data_4000_4_1.5_chordal_rep02,val_epoch_task,val,cycle2,,63,,,,,,,,,4000,1716.0,4.0,2279.0,1.0,0.9976744186046511,0.9994175888177053,0.9985452890396118,0.9985452890396118,0.9985452890396118,1717.0,0.42925000190734863
local,local,,,2,82,data_4000_4_1.5_chordal_rep02,val_epoch_task,val,cycle3,,63,,,,,,,,,4000,1320.0,12.0,2663.0,5.0,0.990990990990991,0.9962264150943396,0.9936017990112305,0.9936017990112305,0.9936017990112305,1325.0,0.33125001192092896
local,local,,,2,82,data_4000_4_1.5_chordal_rep02,val_epoch_task,val,cycle4,,63,,,,,,,,,4000,940.0,62.0,2973.0,25.0,0.93812375249501,0.9740932642487047,0.9557701945304871,0.9557701945304871,0.9557701945304871,965.0,0.24124999344348907
local,local,,,2,82,data_4000_4_1.5_chordal_rep02,val_epoch_task,val,cycle5,,63,,,,,,,,,4000,480.0,323.0,3175.0,22.0,0.597758405977584,0.9561752988047809,0.7356322407722473,0.7356322407722473,0.7356322407722473,502.0,0.12549999356269836
local,local,,,2,82,data_4000_4_1.5_chordal_rep02,val_epoch_task,val,cycle6,,63,,,,,,,,,4000,240.0,451.0,3283.0,26.0,0.3473227206946454,0.9022556390977443,0.5015674233436584,0.5015674233436584,0.5015674233436584,266.0,0.06650000065565109
local,local,,,2,82,data_4000_4_1.5_chordal_rep02,train_epoch,train,,,64,0.13812522482872008,,,,,,,,4000,,,,,,,,,,,
local,local,,,2,82,data_4000_4_1.5_chordal_rep02,val_epoch,val,,,64,,0.2230422102212906,0.95035,0.8205000162124634,0.9029610085019056,0.8259925842285156,0.8259925842285156,0.8259925842285156,4000,,,,,,,,,,,
local,local,,,2,82,data_4000_4_1.5_chordal_rep02,val_epoch_task,val,cycle2,,64,,,,,,,,,4000,1703.0,10.0,2273.0,14.0,0.9941622883829538,0.9918462434478742,0.9930029511451721,0.9930029511451721,0.9930029511451721,1717.0,0.42925000190734863
local,local,,,2,82,data_4000_4_1.5_chordal_rep02,val_epoch_task,val,cycle3,,64,,,,,,,,,4000,1312.0,17.0,2658.0,13.0,0.9872084273890143,0.990188679245283,0.9886963367462158,0.9886963367462158,0.9886963367462158,1325.0,0.33125001192092896
local,local,,,2,82,data_4000_4_1.5_chordal_rep02,val_epoch_task,val,cycle4,,64,,,,,,,,,4000,917.0,44.0,2991.0,48.0,0.9542143600416233,0.950259067357513,0.9522325992584229,0.9522325992584229,0.9522325992584229,965.0,0.24124999344348907
local,local,,,2,82,data_4000_4_1.5_chordal_rep02,val_epoch_task,val,cycle5,,64,,,,,,,,,4000,470.0,383.0,3115.0,32.0,0.5509964830011723,0.9362549800796812,0.6937268972396851,0.6937268972396851,0.6937268972396851,502.0,0.12549999356269836
local,local,,,2,82,data_4000_4_1.5_chordal_rep02,val_epoch_task,val,cycle6,,64,,,,,,,,,4000,218.0,384.0,3350.0,48.0,0.36212624584717606,0.8195488721804511,0.5023041367530823,0.5023041367530823,0.5023041367530823,266.0,0.06650000065565109
local,local,,,2,82,data_4000_4_1.5_chordal_rep02,train_epoch,train,,,65,0.13907658275961876,,,,,,,,4000,,,,,,,,,,,
local,local,,,2,82,data_4000_4_1.5_chordal_rep02,val_epoch,val,,,65,,0.22129179966449739,0.96675,0.8669999837875366,0.9329299041855774,0.8606758117675781,0.8606758117675781,0.8606758117675781,4000,,,,,,,,,,,
local,local,,,2,82,data_4000_4_1.5_chordal_rep02,val_epoch_task,val,cycle2,,65,,,,,,,,,4000,1716.0,5.0,2278.0,1.0,0.9970947123765252,0.9994175888177053,0.9982547760009766,0.9982547760009766,0.9982547760009766,1717.0,0.42925000190734863
local,local,,,2,82,data_4000_4_1.5_chordal_rep02,val_epoch_task,val,cycle3,,65,,,,,,,,,4000,1324.0,13.0,2662.0,1.0,0.9902767389678384,0.999245283018868,0.9947408437728882,0.9947408437728882,0.9947408437728882,1325.0,0.33125001192092896
local,local,,,2,82,data_4000_4_1.5_chordal_rep02,val_epoch_task,val,cycle4,,65,,,,,,,,,4000,933.0,39.0,2996.0,32.0,0.9598765432098766,0.966839378238342,0.9633453488349915,0.9633453488349915,0.9633453488349915,965.0,0.24124999344348907
local,local,,,2,82,data_4000_4_1.5_chordal_rep02,val_epoch_task,val,cycle5,,65,,,,,,,,,4000,446.0,236.0,3262.0,56.0,0.6539589442815249,0.8884462151394422,0.7533783316612244,0.7533783316612244,0.7533783316612244,502.0,0.12549999356269836
local,local,,,2,82,data_4000_4_1.5_chordal_rep02,val_epoch_task,val,cycle6,,65,,,,,,,,,4000,206.0,222.0,3512.0,60.0,0.48130841121495327,0.7744360902255639,0.5936599969863892,0.5936599969863892,0.5936599969863892,266.0,0.06650000065565109
local,local,,,2,82,data_4000_4_1.5_chordal_rep02,train_epoch,train,,,66,0.12741761112213135,,,,,,,,4000,,,,,,,,,,,
local,local,,,2,82,data_4000_4_1.5_chordal_rep02,val_epoch,val,,,66,,0.22751818478107452,0.9677,0.8652499914169312,0.934535873530604,0.8605262041091919,0.8605262041091919,0.8605262041091919,4000,,,,,,,,,,,
local,local,,,2,82,data_4000_4_1.5_chordal_rep02,val_epoch_task,val,cycle2,,66,,,,,,,,,4000,1713.0,6.0,2277.0,4.0,0.9965095986038395,0.9976703552708212,0.9970896244049072,0.9970896244049072,0.9970896244049072,1717.0,0.42925000190734863
local,local,,,2,82,data_4000_4_1.5_chordal_rep02,val_epoch_task,val,cycle3,,66,,,,,,,,,4000,1325.0,14.0,2661.0,0.0,0.9895444361463779,1.0,0.9947447776794434,0.9947447776794434,0.9947447776794434,1325.0,0.33125001192092896
local,local,,,2,82,data_4000_4_1.5_chordal_rep02,val_epoch_task,val,cycle4,,66,,,,,,,,,4000,940.0,47.0,2988.0,25.0,0.9523809523809523,0.9740932642487047,0.9631147384643555,0.9631147384643555,0.9631147384643555,965.0,0.24124999344348907
local,local,,,2,82,data_4000_4_1.5_chordal_rep02,val_epoch_task,val,cycle5,,66,,,,,,,,,4000,434.0,190.0,3308.0,68.0,0.6955128205128205,0.8645418326693227,0.7708703279495239,0.7708703279495239,0.7708703279495239,502.0,0.12549999356269836
local,local,,,2,82,data_4000_4_1.5_chordal_rep02,val_epoch_task,val,cycle6,,66,,,,,,,,,4000,199.0,225.0,3509.0,67.0,0.4693396226415094,0.7481203007518797,0.5768116116523743,0.5768116116523743,0.5768116116523743,266.0,0.06650000065565109
local,local,,,2,82,data_4000_4_1.5_chordal_rep02,train_epoch,train,,,67,0.129766994535923,,,,,,,,4000,,,,,,,,,,,
local,local,,,2,82,data_4000_4_1.5_chordal_rep02,val_epoch,val,,,67,,0.2518469379544258,0.96425,0.8622499704360962,0.9278288079135963,0.8516342043876648,0.8516342043876648,0.8516342043876648,4000,,,,,,,,,,,
local,local,,,2,82,data_4000_4_1.5_chordal_rep02,val_epoch_task,val,cycle2,,67,,,,,,,,,4000,1717.0,14.0,2269.0,0.0,0.9919121894858464,1.0,0.9959397315979004,0.9959397315979004,0.9959397315979004,1717.0,0.42925000190734863
local,local,,,2,82,data_4000_4_1.5_chordal_rep02,val_epoch_task,val,cycle3,,67,,,,,,,,,4000,1322.0,16.0,2659.0,3.0,0.9880418535127056,0.9977358490566037,0.9928652048110962,0.9928652048110962,0.9928652048110962,1325.0,0.33125001192092896
local,local,,,2,82,data_4000_4_1.5_chordal_rep02,val_epoch_task,val,cycle4,,67,,,,,,,,,4000,925.0,56.0,2979.0,40.0,0.9429153924566769,0.9585492227979274,0.9506679773330688,0.9506679773330688,0.9506679773330688,965.0,0.24124999344348907
local,local,,,2,82,data_4000_4_1.5_chordal_rep02,val_epoch_task,val,cycle5,,67,,,,,,,,,4000,436.0,215.0,3283.0,66.0,0.6697388632872504,0.8685258964143426,0.7562879920005798,0.7562879920005798,0.7562879920005798,502.0,0.12549999356269836
local,local,,,2,82,data_4000_4_1.5_chordal_rep02,val_epoch_task,val,cycle6,,67,,,,,,,,,4000,196.0,235.0,3499.0,70.0,0.4547563805104408,0.7368421052631579,0.5624103546142578,0.5624103546142578,0.5624103546142578,266.0,0.06650000065565109
local,local,,,2,82,data_4000_4_1.5_chordal_rep02,train_epoch,train,,,68,0.1277551618516445,,,,,,,,4000,,,,,,,,,,,
local,local,,,2,82,data_4000_4_1.5_chordal_rep02,val_epoch,val,,,68,,0.2210461311340332,0.96725,0.8682500123977661,0.9337781821858255,0.8594962358474731,0.8594962358474731,0.8594962358474731,4000,,,,,,,,,,,
local,local,,,2,82,data_4000_4_1.5_chordal_rep02,val_epoch_task,val,cycle2,,68,,,,,,,,,4000,1717.0,11.0,2272.0,0.0,0.9936342592592593,1.0,0.9968069791793823,0.9968069791793823,0.9968069791793823,1717.0,0.42925000190734863
local,local,,,2,82,data_4000_4_1.5_chordal_rep02,val_epoch_task,val,cycle3,,68,,,,,,,,,4000,1322.0,19.0,2656.0,3.0,0.9858314690529456,0.9977358490566037,0.9917479157447815,0.9917479157447815,0.9917479157447815,1325.0,0.33125001192092896
local,local,,,2,82,data_4000_4_1.5_chordal_rep02,val_epoch_task,val,cycle4,,68,,,,,,,,,4000,948.0,60.0,2975.0,17.0,0.9404761904761905,0.9823834196891191,0.9609731435775757,0.9609731435775757,0.9609731435775757,965.0,0.24124999344348907
local,local,,,2,82,data_4000_4_1.5_chordal_rep02,val_epoch_task,val,cycle5,,68,,,,,,,,,4000,439.0,209.0,3289.0,63.0,0.6774691358024691,0.8745019920318725,0.7634782195091248,0.7634782195091248,0.7634782195091248,502.0,0.12549999356269836
local,local,,,2,82,data_4000_4_1.5_chordal_rep02,val_epoch_task,val,cycle6,,68,,,,,,,,,4000,192.0,199.0,3535.0,74.0,0.49104859335038364,0.7218045112781954,0.5844749212265015,0.5844749212265015,0.5844749212265015,266.0,0.06650000065565109
local,local,,,2,82,data_4000_4_1.5_chordal_rep02,train_epoch,train,,,69,0.12090199667215347,,,,,,,,4000,,,,,,,,,,,
local,local,,,2,82,data_4000_4_1.5_chordal_rep02,val_epoch,val,,,69,,0.20649215739965437,0.9565,0.8287500143051147,0.9151881458373952,0.8419095873832703,0.8419095873832703,0.8419095873832703,4000,,,,,,,,,,,
local,local,,,2,82,data_4000_4_1.5_chordal_rep02,val_epoch_task,val,cycle2,,69,,,,,,,,,4000,1716.0,10.0,2273.0,1.0,0.9942062572421785,0.9994175888177053,0.9968051314353943,0.9968051314353943,0.9968051314353943,1717.0,0.42925000190734863
local,local,,,2,82,data_4000_4_1.5_chordal_rep02,val_epoch_task,val,cycle3,,69,,,,,,,,,4000,1322.0,13.0,2662.0,3.0,0.9902621722846442,0.9977358490566037,0.9939849376678467,0.9939849376678467,0.9939849376678467,1325.0,0.33125001192092896
local,local,,,2,82,data_4000_4_1.5_chordal_rep02,val_epoch_task,val,cycle4,,69,,,,,,,,,4000,942.0,33.0,3002.0,23.0,0.9661538461538461,0.9761658031088083,0.9711340665817261,0.9711340665817261,0.9711340665817261,965.0,0.24124999344348907
local,local,,,2,82,data_4000_4_1.5_chordal_rep02,val_epoch_task,val,cycle5,,69,,,,,,,,,4000,490.0,395.0,3103.0,12.0,0.5536723163841808,0.9760956175298805,0.7065608501434326,0.7065608501434326,0.7065608501434326,502.0,0.12549999356269836
local,local,,,2,82,data_4000_4_1.5_chordal_rep02,val_epoch_task,val,cycle6,,69,,,,,,,,,4000,224.0,338.0,3396.0,42.0,0.398576512455516,0.8421052631578947,0.5410628318786621,0.5410628318786621,0.5410628318786621,266.0,0.06650000065565109
local,local,,,2,82,data_4000_4_1.5_chordal_rep02,train_epoch,train,,,70,0.14376155173778535,,,,,,,,4000,,,,,,,,,,,
local,local,,,2,82,data_4000_4_1.5_chordal_rep02,val_epoch,val,,,70,,0.19148204612731934,0.95065,0.8097500205039978,0.9053419008343724,0.8318865895271301,0.8318865895271301,0.8318865895271301,4000,,,,,,,,,,,
local,local,,,2,82,data_4000_4_1.5_chordal_rep02,val_epoch_task,val,cycle2,,70,,,,,,,,,4000,1716.0,2.0,2281.0,1.0,0.9988358556461001,0.9994175888177053,0.9991266131401062,0.9991266131401062,0.9991266131401062,1717.0,0.42925000190734863
local,local,,,2,82,data_4000_4_1.5_chordal_rep02,val_epoch_task,val,cycle3,,70,,,,,,,,,4000,1325.0,23.0,2652.0,0.0,0.9829376854599406,1.0,0.9913954138755798,0.9913954138755798,0.9913954138755798,1325.0,0.33125001192092896
local,local,,,2,82,data_4000_4_1.5_chordal_rep02,val_epoch_task,val,cycle4,,70,,,,,,,,,4000,957.0,104.0,2931.0,8.0,0.9019792648444863,0.9917098445595854,0.944718599319458,0.944718599319458,0.944718599319458,965.0,0.24124999344348907
local,local,,,2,82,data_4000_4_1.5_chordal_rep02,val_epoch_task,val,cycle5,,70,,,,,,,,,4000,490.0,446.0,3052.0,12.0,0.5235042735042735,0.9760956175298805,0.6815020442008972,0.6815020442008972,0.6815020442008972,502.0,0.12549999356269836
local,local,,,2,82,data_4000_4_1.5_chordal_rep02,val_epoch_task,val,cycle6,,70,,,,,,,,,4000,232.0,357.0,3377.0,34.0,0.3938879456706282,0.8721804511278195,0.5426900386810303,0.5426900386810303,0.5426900386810303,266.0,0.06650000065565109
local,local,,,2,82,data_4000_4_1.5_chordal_rep02,train_epoch,train,,,71,0.11806014242768288,,,,,,,,4000,,,,,,,,,,,
local,local,,,2,82,data_4000_4_1.5_chordal_rep02,val_epoch,val,,,71,,0.2393155245780945,0.9486,0.809249997138977,0.9000777604976672,0.8205718994140625,0.8205718994140625,0.8205718994140625,4000,,,,,,,,,,,
local,local,,,2,82,data_4000_4_1.5_chordal_rep02,val_epoch_task,val,cycle2,,71,,,,,,,,,4000,1716.0,9.0,2274.0,1.0,0.9947826086956522,0.9994175888177053,0.9970947504043579,0.9970947504043579,0.9970947504043579,1717.0,0.42925000190734863
local,local,,,2,82,data_4000_4_1.5_chordal_rep02,val_epoch_task,val,cycle3,,71,,,,,,,,,4000,1321.0,17.0,2658.0,4.0,0.9872944693572496,0.9969811320754717,0.992114245891571,0.992114245891571,0.992114245891571,1325.0,0.33125001192092896
local,local,,,2,82,data_4000_4_1.5_chordal_rep02,val_epoch_task,val,cycle4,,71,,,,,,,,,4000,910.0,34.0,3001.0,55.0,0.9639830508474576,0.9430051813471503,0.9533787369728088,0.9533787369728088,0.9533787369728088,965.0,0.24124999344348907
local,local,,,2,82,data_4000_4_1.5_chordal_rep02,val_epoch_task,val,cycle5,,71,,,,,,,,,4000,472.0,457.0,3041.0,30.0,0.5080731969860065,0.9402390438247012,0.65967857837677,0.65967857837677,0.65967857837677,502.0,0.12549999356269836
local,local,,,2,82,data_4000_4_1.5_chordal_rep02,val_epoch_task,val,cycle6,,71,,,,,,,,,4000,211.0,366.0,3368.0,55.0,0.36568457538994803,0.793233082706767,0.5005931258201599,0.5005931258201599,0.5005931258201599,266.0,0.06650000065565109
local,local,,,2,82,data_4000_4_1.5_chordal_rep02,train_epoch,train,,,72,0.10777118501067162,,,,,,,,4000,,,,,,,,,,,
local,local,,,2,82,data_4000_4_1.5_chordal_rep02,val_epoch,val,,,72,,0.22596173524856566,0.9594,0.8424999713897705,0.9195402298850575,0.8434491157531738,0.8434491157531738,0.8434491157531738,4000,,,,,,,,,,,
local,local,,,2,82,data_4000_4_1.5_chordal_rep02,val_epoch_task,val,cycle2,,72,,,,,,,,,4000,1717.0,12.0,2271.0,0.0,0.9930595720069404,1.0,0.9965176582336426,0.9965176582336426,0.9965176582336426,1717.0,0.42925000190734863
local,local,,,2,82,data_4000_4_1.5_chordal_rep02,val_epoch_task,val,cycle3,,72,,,,,,,,,4000,1323.0,15.0,2660.0,2.0,0.9887892376681614,0.9984905660377359,0.9936162233352661,0.9936162233352661,0.9936162233352661,1325.0,0.33125001192092896
local,local,,,2,82,data_4000_4_1.5_chordal_rep02,val_epoch_task,val,cycle4,,72,,,,,,,,,4000,933.0,42.0,2993.0,32.0,0.9569230769230769,0.966839378238342,0.9618557095527649,0.9618557095527649,0.9618557095527649,965.0,0.24124999344348907
local,local,,,2,82,data_4000_4_1.5_chordal_rep02,val_epoch_task,val,cycle5,,72,,,,,,,,,4000,450.0,273.0,3225.0,52.0,0.6224066390041494,0.896414342629482,0.7346939444541931,0.7346939444541931,0.7346939444541931,502.0,0.12549999356269836
local,local,,,2,82,data_4000_4_1.5_chordal_rep02,val_epoch_task,val,cycle6,,72,,,,,,,,,4000,217.0,335.0,3399.0,49.0,0.39311594202898553,0.8157894736842105,0.5305623412132263,0.5305623412132263,0.5305623412132263,266.0,0.06650000065565109
local,local,,,2,82,data_4000_4_1.5_chordal_rep02,train_epoch,train,,,73,0.1220983897447586,,,,,,,,4000,,,,,,,,,,,
local,local,,,2,82,data_4000_4_1.5_chordal_rep02,val_epoch,val,,,73,,0.27899619954824445,0.96805,0.8669999837875366,0.9345085579583888,0.8597748875617981,0.8597748875617981,0.8597748875617981,4000,,,,,,,,,,,
local,local,,,2,82,data_4000_4_1.5_chordal_rep02,val_epoch_task,val,cycle2,,73,,,,,,,,,4000,1716.0,11.0,2272.0,1.0,0.9936305732484076,0.9994175888177053,0.996515691280365,0.996515691280365,0.996515691280365,1717.0,0.42925000190734863
local,local,,,2,82,data_4000_4_1.5_chordal_rep02,val_epoch_task,val,cycle3,,73,,,,,,,,,4000,1317.0,16.0,2659.0,8.0,0.9879969992498124,0.9939622641509434,0.9909706711769104,0.9909706711769104,0.9909706711769104,1325.0,0.33125001192092896
local,local,,,2,82,data_4000_4_1.5_chordal_rep02,val_epoch_task,val,cycle4,,73,,,,,,,,,4000,919.0,20.0,3015.0,46.0,0.9787007454739084,0.9523316062176166,0.9653360843658447,0.9653360843658447,0.9653360843658447,965.0,0.24124999344348907
local,local,,,2,82,data_4000_4_1.5_chordal_rep02,val_epoch_task,val,cycle5,,73,,,,,,,,,4000,418.0,202.0,3296.0,84.0,0.6741935483870968,0.8326693227091634,0.7450979948043823,0.7450979948043823,0.7450979948043823,502.0,0.12549999356269836
local,local,,,2,82,data_4000_4_1.5_chordal_rep02,val_epoch_task,val,cycle6,,73,,,,,,,,,4000,189.0,174.0,3560.0,77.0,0.5206611570247934,0.7105263157894737,0.6009538769721985,0.6009538769721985,0.6009538769721985,266.0,0.06650000065565109
local,local,,,2,82,data_4000_4_1.5_chordal_rep02,train_epoch,train,,,74,0.15884250962734223,,,,,,,,4000,,,,,,,,,,,
local,local,,,2,82,data_4000_4_1.5_chordal_rep02,val_epoch,val,,,74,,0.2202534927725792,0.95695,0.8305000066757202,0.9152475637365883,0.8361766934394836,0.8361766934394836,0.8361766934394836,4000,,,,,,,,,,,
local,local,,,2,82,data_4000_4_1.5_chordal_rep02,val_epoch_task,val,cycle2,,74,,,,,,,,,4000,1712.0,12.0,2271.0,5.0,0.9930394431554525,0.9970879440885265,0.995059609413147,0.995059609413147,0.995059609413147,1717.0,0.42925000190734863
local,local,,,2,82,data_4000_4_1.5_chordal_rep02,val_epoch_task,val,cycle3,,74,,,,,,,,,4000,1317.0,9.0,2666.0,8.0,0.9932126696832579,0.9939622641509434,0.99358731508255,0.99358731508255,0.99358731508255,1325.0,0.33125001192092896
local,local,,,2,82,data_4000_4_1.5_chordal_rep02,val_epoch_task,val,cycle4,,74,,,,,,,,,4000,951.0,72.0,2963.0,14.0,0.9296187683284457,0.9854922279792746,0.9567404389381409,0.9567404389381409,0.9567404389381409,965.0,0.24124999344348907
local,local,,,2,82,data_4000_4_1.5_chordal_rep02,val_epoch_task,val,cycle5,,74,,,,,,,,,4000,473.0,360.0,3138.0,29.0,0.5678271308523409,0.9422310756972112,0.7086142301559448,0.7086142301559448,0.7086142301559448,502.0,0.12549999356269836
local,local,,,2,82,data_4000_4_1.5_chordal_rep02,val_epoch_task,val,cycle6,,74,,,,,,,,,4000,196.0,282.0,3452.0,70.0,0.4100418410041841,0.7368421052631579,0.5268816947937012,0.5268816947937012,0.5268816947937012,266.0,0.06650000065565109
local,local,,,2,82,data_4000_4_1.5_chordal_rep02,train_epoch,train,,,75,0.11614370447397232,,,,,,,,4000,,,,,,,,,,,
local,local,,,2,82,data_4000_4_1.5_chordal_rep02,val_epoch,val,,,75,,0.1953945235013962,0.95825,0.8345000147819519,0.9174819646210098,0.845071017742157,0.845071017742157,0.845071017742157,4000,,,,,,,,,,,
local,local,,,2,82,data_4000_4_1.5_chordal_rep02,val_epoch_task,val,cycle2,,75,,,,,,,,,4000,1717.0,11.0,2272.0,0.0,0.9936342592592593,1.0,0.9968069791793823,0.9968069791793823,0.9968069791793823,1717.0,0.42925000190734863
local,local,,,2,82,data_4000_4_1.5_chordal_rep02,val_epoch_task,val,cycle3,,75,,,,,,,,,4000,1325.0,17.0,2658.0,0.0,0.9873323397913562,1.0,0.993625819683075,0.993625819683075,0.993625819683075,1325.0,0.33125001192092896
local,local,,,2,82,data_4000_4_1.5_chordal_rep02,val_epoch_task,val,cycle4,,75,,,,,,,,,4000,902.0,41.0,2994.0,63.0,0.9565217391304348,0.9347150259067357,0.945492684841156,0.945492684841156,0.945492684841156,965.0,0.24124999344348907
local,local,,,2,82,data_4000_4_1.5_chordal_rep02,val_epoch_task,val,cycle5,,75,,,,,,,,,4000,470.0,286.0,3212.0,32.0,0.6216931216931217,0.9362549800796812,0.7472178339958191,0.7472178339958191,0.7472178339958191,502.0,0.12549999356269836
local,local,,,2,82,data_4000_4_1.5_chordal_rep02,val_epoch_task,val,cycle6,,75,,,,,,,,,4000,228.0,347.0,3387.0,38.0,0.39652173913043476,0.8571428571428571,0.542211651802063,0.542211651802063,0.542211651802063,266.0,0.06650000065565109
local,local,,,2,82,data_4000_4_1.5_chordal_rep02,train_epoch,train,,,76,0.0990010123550892,,,,,,,,4000,,,,,,,,,,,
local,local,,,2,82,data_4000_4_1.5_chordal_rep02,val_epoch,val,,,76,,0.17845051181316376,0.9607,0.8447499871253967,0.9229562830817487,0.8538769483566284,0.8538769483566284,0.8538769483566284,4000,,,,,,,,,,,
local,local,,,2,82,data_4000_4_1.5_chordal_rep02,val_epoch_task,val,cycle2,,76,,,,,,,,,4000,1711.0,5.0,2278.0,6.0,0.997086247086247,0.9965055329062318,0.9967958331108093,0.9967958331108093,0.9967958331108093,1717.0,0.42925000190734863
local,local,,,2,82,data_4000_4_1.5_chordal_rep02,val_epoch_task,val,cycle3,,76,,,,,,,,,4000,1323.0,7.0,2668.0,2.0,0.9947368421052631,0.9984905660377359,0.9966101050376892,0.9966101050376892,0.9966101050376892,1325.0,0.33125001192092896
local,local,,,2,82,data_4000_4_1.5_chordal_rep02,val_epoch_task,val,cycle4,,76,,,,,,,,,4000,949.0,42.0,2993.0,16.0,0.9576185671039354,0.983419689119171,0.9703476428985596,0.9703476428985596,0.9703476428985596,965.0,0.24124999344348907
local,local,,,2,82,data_4000_4_1.5_chordal_rep02,val_epoch_task,val,cycle5,,76,,,,,,,,,4000,488.0,335.0,3163.0,14.0,0.5929526123936817,0.9721115537848606,0.7366037368774414,0.7366037368774414,0.7366037368774414,502.0,0.12549999356269836
local,local,,,2,82,data_4000_4_1.5_chordal_rep02,val_epoch_task,val,cycle6,,76,,,,,,,,,4000,237.0,330.0,3404.0,29.0,0.41798941798941797,0.8909774436090225,0.5690276026725769,0.5690276026725769,0.5690276026725769,266.0,0.06650000065565109
local,local,,,2,82,data_4000_4_1.5_chordal_rep02,train_epoch,train,,,77,0.11434286835789681,,,,,,,,4000,,,,,,,,,,,
local,local,,,2,82,data_4000_4_1.5_chordal_rep02,val_epoch,val,,,77,,0.2768807631134987,0.97,0.8762500286102295,0.938537185003073,0.8617027401924133,0.8617027401924133,0.8617027401924133,4000,,,,,,,,,,,
local,local,,,2,82,data_4000_4_1.5_chordal_rep02,val_epoch_task,val,cycle2,,77,,,,,,,,,4000,1717.0,7.0,2276.0,0.0,0.9959396751740139,1.0,0.9979656934738159,0.9979656934738159,0.9979656934738159,1717.0,0.42925000190734863
local,local,,,2,82,data_4000_4_1.5_chordal_rep02,val_epoch_task,val,cycle3,,77,,,,,,,,,4000,1324.0,24.0,2651.0,1.0,0.9821958456973294,0.999245283018868,0.9906471967697144,0.9906471967697144,0.9906471967697144,1325.0,0.33125001192092896
local,local,,,2,82,data_4000_4_1.5_chordal_rep02,val_epoch_task,val,cycle4,,77,,,,,,,,,4000,944.0,56.0,2979.0,21.0,0.944,0.9782383419689119,0.9608142971992493,0.9608142971992493,0.9608142971992493,965.0,0.24124999344348907
local,local,,,2,82,data_4000_4_1.5_chordal_rep02,val_epoch_task,val,cycle5,,77,,,,,,,,,4000,423.0,163.0,3335.0,79.0,0.7218430034129693,0.8426294820717132,0.7775735855102539,0.7775735855102539,0.7775735855102539,502.0,0.12549999356269836
local,local,,,2,82,data_4000_4_1.5_chordal_rep02,val_epoch_task,val,cycle6,,77,,,,,,,,,4000,173.0,156.0,3578.0,93.0,0.5258358662613982,0.650375939849624,0.5815126299858093,0.5815126299858093,0.5815126299858093,266.0,0.06650000065565109
local,local,,,2,82,data_4000_4_1.5_chordal_rep02,train_epoch,train,,,78,0.11073153376579285,,,,,,,,4000,,,,,,,,,,,
local,local,,,2,82,data_4000_4_1.5_chordal_rep02,val_epoch,val,,,78,,0.25127757489681246,0.9667,0.8615000247955322,0.9327272727272727,0.8589971661567688,0.8589971661567688,0.8589971661567688,4000,,,,,,,,,,,
local,local,,,2,82,data_4000_4_1.5_chordal_rep02,val_epoch_task,val,cycle2,,78,,,,,,,,,4000,1717.0,14.0,2269.0,0.0,0.9919121894858464,1.0,0.9959397315979004,0.9959397315979004,0.9959397315979004,1717.0,0.42925000190734863
local,local,,,2,82,data_4000_4_1.5_chordal_rep02,val_epoch_task,val,cycle3,,78,,,,,,,,,4000,1325.0,26.0,2649.0,0.0,0.9807549962990377,1.0,0.9902839660644531,0.9902839660644531,0.9902839660644531,1325.0,0.33125001192092896
local,local,,,2,82,data_4000_4_1.5_chordal_rep02,val_epoch_task,val,cycle4,,78,,,,,,,,,4000,952.0,103.0,2932.0,13.0,0.9023696682464455,0.9865284974093265,0.9425743222236633,0.9425743222236633,0.9425743222236633,965.0,0.24124999344348907
local,local,,,2,82,data_4000_4_1.5_chordal_rep02,val_epoch_task,val,cycle5,,78,,,,,,,,,4000,437.0,185.0,3313.0,65.0,0.702572347266881,0.8705179282868526,0.7775800824165344,0.7775800824165344,0.7775800824165344,502.0,0.12549999356269836
local,local,,,2,82,data_4000_4_1.5_chordal_rep02,val_epoch_task,val,cycle6,,78,,,,,,,,,4000,186.0,180.0,3554.0,80.0,0.5081967213114754,0.6992481203007519,0.5886075496673584,0.5886075496673584,0.5886075496673584,266.0,0.06650000065565109
local,local,,,2,82,data_4000_4_1.5_chordal_rep02,train_epoch,train,,,79,0.10726577359437943,,,,,,,,4000,,,,,,,,,,,
local,local,,,2,82,data_4000_4_1.5_chordal_rep02,val_epoch,val,,,79,,0.2084011691212654,0.95645,0.8342499732971191,0.9150989375182766,0.8434306383132935,0.8434306383132935,0.8434306383132935,4000,,,,,,,,,,,
local,local,,,2,82,data_4000_4_1.5_chordal_rep02,val_epoch_task,val,cycle2,,79,,,,,,,,,4000,1717.0,6.0,2277.0,0.0,0.9965177016831108,1.0,0.9982558488845825,0.9982558488845825,0.9982558488845825,1717.0,0.42925000190734863
local,local,,,2,82,data_4000_4_1.5_chordal_rep02,val_epoch_task,val,cycle3,,79,,,,,,,,,4000,1323.0,10.0,2665.0,2.0,0.9924981245311327,0.9984905660377359,0.9954853057861328,0.9954853057861328,0.9954853057861328,1325.0,0.33125001192092896
local,local,,,2,82,data_4000_4_1.5_chordal_rep02,val_epoch_task,val,cycle4,,79,,,,,,,,,4000,936.0,51.0,2984.0,29.0,0.9483282674772037,0.9699481865284975,0.9590163826942444,0.9590163826942444,0.9590163826942444,965.0,0.24124999344348907
local,local,,,2,82,data_4000_4_1.5_chordal_rep02,val_epoch_task,val,cycle5,,79,,,,,,,,,4000,477.0,331.0,3167.0,25.0,0.5903465346534653,0.950199203187251,0.7282442450523376,0.7282442450523376,0.7282442450523376,502.0,0.12549999356269836
local,local,,,2,82,data_4000_4_1.5_chordal_rep02,val_epoch_task,val,cycle6,,79,,,,,,,,,4000,241.0,392.0,3342.0,25.0,0.3807266982622433,0.9060150375939849,0.5361512899398804,0.5361512899398804,0.5361512899398804,266.0,0.06650000065565109
local,local,,,2,82,data_4000_4_1.5_chordal_rep02,train_epoch,train,,,80,0.11926319152116775,,,,,,,,4000,,,,,,,,,,,
local,local,,,2,82,data_4000_4_1.5_chordal_rep02,val_epoch,val,,,80,,0.18158918124437332,0.96475,0.8572499752044678,0.9297038588094526,0.8600349426269531,0.8600349426269531,0.8600349426269531,4000,,,,,,,,,,,
local,local,,,2,82,data_4000_4_1.5_chordal_rep02,val_epoch_task,val,cycle2,,80,,,,,,,,,4000,1717.0,13.0,2270.0,0.0,0.992485549132948,1.0,0.9962285757064819,0.9962285757064819,0.9962285757064819,1717.0,0.42925000190734863
local,local,,,2,82,data_4000_4_1.5_chordal_rep02,val_epoch_task,val,cycle3,,80,,,,,,,,,4000,1319.0,4.0,2671.0,6.0,0.9969765684051398,0.9954716981132076,0.9962235689163208,0.9962235689163208,0.9962235689163208,1325.0,0.33125001192092896
local,local,,,2,82,data_4000_4_1.5_chordal_rep02,val_epoch_task,val,cycle4,,80,,,,,,,,,4000,945.0,47.0,2988.0,20.0,0.9526209677419355,0.9792746113989638,0.9657639265060425,0.9657639265060425,0.9657639265060425,965.0,0.24124999344348907
local,local,,,2,82,data_4000_4_1.5_chordal_rep02,val_epoch_task,val,cycle5,,80,,,,,,,,,4000,449.0,195.0,3303.0,53.0,0.6972049689440993,0.8944223107569721,0.783595085144043,0.783595085144043,0.783595085144043,502.0,0.12549999356269836
local,local,,,2,82,data_4000_4_1.5_chordal_rep02,val_epoch_task,val,cycle6,,80,,,,,,,,,4000,232.0,333.0,3401.0,34.0,0.41061946902654867,0.8721804511278195,0.5583633780479431,0.5583633780479431,0.5583633780479431,266.0,0.06650000065565109
local,local,,,2,82,data_4000_4_1.5_chordal_rep02,best_local_train,train,,,26,,0.148293972492218,0.9515,0.8077499866485596,0.9094642523800635,0.8491010665893555,0.8491010665893555,0.8491010665893555,4000,,,,,,,,,,,
local,local,,,2,82,data_4000_4_1.5_chordal_rep02,best_local_train_task,train,cycle2,,26,,,,,,,,,4000,1742.0,12.0,2246.0,0.0,0.9931584948688712,1.0,0.9965674877166748,0.9965674877166748,0.9965674877166748,1742.0,0.43549999594688416
local,local,,,2,82,data_4000_4_1.5_chordal_rep02,best_local_train_task,train,cycle3,,26,,,,,,,,,4000,1406.0,16.0,2576.0,2.0,0.9887482419127989,0.9985795454545454,0.9936395883560181,0.9936395883560181,0.9936395883560181,1408.0,0.35199999809265137
local,local,,,2,82,data_4000_4_1.5_chordal_rep02,best_local_train_task,train,cycle4,,26,,,,,,,,,4000,874.0,78.0,3042.0,6.0,0.9180672268907563,0.9931818181818182,0.9541484713554382,0.9541484713554382,0.9541484713554382,880.0,0.2199999988079071
local,local,,,2,82,data_4000_4_1.5_chordal_rep02,best_local_train_task,train,cycle5,,26,,,,,,,,,4000,550.0,341.0,3101.0,8.0,0.6172839506172839,0.985663082437276,0.7591441869735718,0.7591441869735718,0.7591441869735718,558.0,0.13950000703334808
local,local,,,2,82,data_4000_4_1.5_chordal_rep02,best_local_train_task,train,cycle6,,26,,,,,,,,,4000,300.0,501.0,3193.0,6.0,0.37453183520599254,0.9803921568627451,0.5420054197311401,0.5420054197311401,0.5420054197311401,306.0,0.07649999856948853
local,local,,,2,82,data_4000_4_1.5_chordal_rep02,best_local_val,val,,,26,,0.17724683797359467,0.9473,0.8017500042915344,0.8992737003058103,0.8268882036209106,0.8268882036209106,0.8268882036209106,4000,,,,,,,,,,,
local,local,,,2,82,data_4000_4_1.5_chordal_rep02,best_local_val_task,val,cycle2,,26,,,,,,,,,4000,1717.0,25.0,2258.0,0.0,0.9856486796785304,1.0,0.9927725195884705,0.9927725195884705,0.9927725195884705,1717.0,0.42925000190734863
local,local,,,2,82,data_4000_4_1.5_chordal_rep02,best_local_val_task,val,cycle3,,26,,,,,,,,,4000,1321.0,17.0,2658.0,4.0,0.9872944693572496,0.9969811320754717,0.992114245891571,0.992114245891571,0.992114245891571,1325.0,0.33125001192092896
local,local,,,2,82,data_4000_4_1.5_chordal_rep02,best_local_val_task,val,cycle4,,26,,,,,,,,,4000,941.0,65.0,2970.0,24.0,0.9353876739562624,0.9751295336787564,0.9548452496528625,0.9548452496528625,0.9548452496528625,965.0,0.24124999344348907
local,local,,,2,82,data_4000_4_1.5_chordal_rep02,best_local_val_task,val,cycle5,,26,,,,,,,,,4000,476.0,377.0,3121.0,26.0,0.5580304806565064,0.9482071713147411,0.7025830745697021,0.7025830745697021,0.7025830745697021,502.0,0.12549999356269836
local,local,,,2,82,data_4000_4_1.5_chordal_rep02,best_local_val_task,val,cycle6,,26,,,,,,,,,4000,250.0,500.0,3234.0,16.0,0.3333333333333333,0.9398496240601504,0.4921259582042694,0.4921259582042694,0.4921259582042694,266.0,0.06650000065565109
local,local,,,2,82,data_4000_4_1.5_chordal_rep02,best_local_test,test,,,26,,0.16903006649017335,0.94945,0.8152499794960022,0.9036133091810469,0.8220710754394531,0.8220710754394531,0.8220710754394531,4000,,,,,,,,,,,
local,local,,,2,82,data_4000_4_1.5_chordal_rep02,best_local_test_task,test,cycle2,,26,,,,,,,,,4000,1790.0,14.0,2196.0,0.0,0.9922394678492239,1.0,0.9961045980453491,0.9961045980453491,0.9961045980453491,1790.0,0.44749999046325684
local,local,,,2,82,data_4000_4_1.5_chordal_rep02,best_local_test_task,test,cycle3,,26,,,,,,,,,4000,1331.0,14.0,2653.0,2.0,0.9895910780669145,0.9984996249062266,0.9940253496170044,0.9940253496170044,0.9940253496170044,1333.0,0.3332499861717224
local,local,,,2,82,data_4000_4_1.5_chordal_rep02,best_local_test_task,test,cycle4,,26,,,,,,,,,4000,950.0,66.0,2969.0,15.0,0.9350393700787402,0.9844559585492227,0.9591115117073059,0.9591115117073059,0.9591115117073059,965.0,0.24124999344348907
local,local,,,2,82,data_4000_4_1.5_chordal_rep02,best_local_test_task,test,cycle5,,26,,,,,,,,,4000,447.0,365.0,3172.0,16.0,0.5504926108374384,0.9654427645788337,0.7011764645576477,0.7011764645576477,0.7011764645576477,463.0,0.11574999988079071
local,local,,,2,82,data_4000_4_1.5_chordal_rep02,best_local_test_task,test,cycle6,,26,,,,,,,,,4000,221.0,500.0,3260.0,19.0,0.3065187239944521,0.9208333333333333,0.45993754267692566,0.45993754267692566,0.45993754267692566,240.0,0.05999999865889549
