run_type,algorithm,subset_id,subset_clients,seed,graph_id,dataset_id,phase,split,task,round,local_epoch,train_loss,eval_loss,pair_acc,subset_acc,micro_f1,macro_f1,macro_pos_f1,macro_minority_f1,num_nodes,tp,fp,tn,fn,precision,recall,f1,positive_f1,minority_f1,pos_cnt,pos_rate
fedavg,fedavg,504|859,504|859,1,504,data_2000_3_11_chordal,train_epoch,train,,1,1.0,1.0134828383922576,,,,,,,,2000,,,,,,,,,,,
fedavg,fedavg,504|859,504|859,1,504,data_2000_3_11_chordal,train_epoch,train,,1,2.0,0.667648717880249,,,,,,,,2000,,,,,,,,,,,
fedavg,fedavg,504|859,504|859,1,504,data_2000_3_11_chordal,train_epoch,train,,1,3.0,0.5609870781898498,,,,,,,,2000,,,,,,,,,,,
fedavg,fedavg,504|859,504|859,1,504,data_2000_3_11_chordal,train_epoch,train,,1,4.0,0.5070053584575653,,,,,,,,2000,,,,,,,,,,,
fedavg,fedavg,504|859,504|859,1,504,data_2000_3_11_chordal,train_epoch,train,,1,5.0,0.4150597333908081,,,,,,,,2000,,,,,,,,,,,
fedavg,fedavg,504|859,504|859,1,504,data_2000_3_11_chordal,train_epoch,train,,1,6.0,0.38047120594978334,,,,,,,,2000,,,,,,,,,,,
fedavg,fedavg,504|859,504|859,1,504,data_2000_3_11_chordal,train_epoch,train,,1,7.0,0.3381316246986389,,,,,,,,2000,,,,,,,,,,,
fedavg,fedavg,504|859,504|859,1,504,data_2000_3_11_chordal,train_epoch,train,,1,8.0,0.35073571002483367,,,,,,,,2000,,,,,,,,,,,
fedavg,fedavg,504|859,504|859,1,504,data_2000_3_11_chordal,train_epoch,train,,1,9.0,0.4223834373950958,,,,,,,,2000,,,,,,,,,,,
fedavg,fedavg,504|859,504|859,1,504,data_2000_3_11_chordal,train_epoch,train,,1,10.0,0.3378510811328888,,,,,,,,2000,,,,,,,,,,,
fedavg,fedavg,504|859,504|859,1,504,data_2000_3_11_chordal,val_epoch,val,,1,,,0.4821481337547302,0.8534,0.6575000286102295,0.4913254684247051,0.5111708641052246,0.5111708641052246,0.5111708641052246,2000,,,,,,,,,,,
fedavg,fedavg,504|859,504|859,1,504,data_2000_3_11_chordal,val_epoch_task,val,cycle2,1,,,,,,,,,,2000,82.0,164.0,1754.0,0.0,0.3333333333333333,1.0,0.5,0.5,0.5,82.0,0.04100000113248825
fedavg,fedavg,504|859,504|859,1,504,data_2000_3_11_chordal,val_epoch_task,val,cycle3,1,,,,,,,,,,2000,126.0,125.0,1747.0,2.0,0.50199203187251,0.984375,0.664907693862915,0.664907693862915,0.664907693862915,128.0,0.06400000303983688
fedavg,fedavg,504|859,504|859,1,504,data_2000_3_11_chordal,val_epoch_task,val,cycle4,1,,,,,,,,,,2000,154.0,333.0,1510.0,3.0,0.3162217659137577,0.9808917197452229,0.47826090455055237,0.47826090455055237,0.47826090455055237,157.0,0.07850000262260437
fedavg,fedavg,504|859,504|859,1,504,data_2000_3_11_chordal,val_epoch_task,val,cycle5,1,,,,,,,,,,2000,168.0,324.0,1489.0,19.0,0.34146341463414637,0.8983957219251337,0.4948453903198242,0.4948453903198242,0.4948453903198242,187.0,0.09350000321865082
fedavg,fedavg,504|859,504|859,1,504,data_2000_3_11_chordal,val_epoch_task,val,cycle6,1,,,,,,,,,,2000,178.0,491.0,1326.0,5.0,0.26606875934230195,0.9726775956284153,0.4178403317928314,0.4178403317928314,0.4178403317928314,183.0,0.09149999916553497
fedavg,fedavg,504|859,504|859,1,859,data_2000_4_1.5_chordal,train_epoch,train,,1,1.0,0.9214555296897888,,,,,,,,2000,,,,,,,,,,,
fedavg,fedavg,504|859,504|859,1,859,data_2000_4_1.5_chordal,train_epoch,train,,1,2.0,0.6788225448131562,,,,,,,,2000,,,,,,,,,,,
fedavg,fedavg,504|859,504|859,1,859,data_2000_4_1.5_chordal,train_epoch,train,,1,3.0,0.5907743163108826,,,,,,,,2000,,,,,,,,,,,
fedavg,fedavg,504|859,504|859,1,859,data_2000_4_1.5_chordal,train_epoch,train,,1,4.0,0.5232061319351197,,,,,,,,2000,,,,,,,,,,,
fedavg,fedavg,504|859,504|859,1,859,data_2000_4_1.5_chordal,train_epoch,train,,1,5.0,0.4712675495147705,,,,,,,,2000,,,,,,,,,,,
fedavg,fedavg,504|859,504|859,1,859,data_2000_4_1.5_chordal,train_epoch,train,,1,6.0,0.42825604939460754,,,,,,,,2000,,,,,,,,,,,
fedavg,fedavg,504|859,504|859,1,859,data_2000_4_1.5_chordal,train_epoch,train,,1,7.0,0.41448216581344605,,,,,,,,2000,,,,,,,,,,,
fedavg,fedavg,504|859,504|859,1,859,data_2000_4_1.5_chordal,train_epoch,train,,1,8.0,0.39940809416770934,,,,,,,,2000,,,,,,,,,,,
fedavg,fedavg,504|859,504|859,1,859,data_2000_4_1.5_chordal,train_epoch,train,,1,9.0,0.344138959646225,,,,,,,,2000,,,,,,,,,,,
fedavg,fedavg,504|859,504|859,1,859,data_2000_4_1.5_chordal,train_epoch,train,,1,10.0,0.3252796082496643,,,,,,,,2000,,,,,,,,,,,
fedavg,fedavg,504|859,504|859,1,859,data_2000_4_1.5_chordal,val_epoch,val,,1,,,0.7778817453384399,0.839,0.5720000267028809,0.7248803827751196,0.6344343423843384,0.6344343423843384,0.6344343423843384,2000,,,,,,,,,,,
fedavg,fedavg,504|859,504|859,1,859,data_2000_4_1.5_chordal,val_epoch_task,val,cycle2,1,,,,,,,,,,2000,845.0,143.0,995.0,17.0,0.8552631578947368,0.9802784222737819,0.9135135412216187,0.9135135412216187,0.9135135412216187,862.0,0.4309999942779541
fedavg,fedavg,504|859,504|859,1,859,data_2000_4_1.5_chordal,val_epoch_task,val,cycle3,1,,,,,,,,,,2000,629.0,230.0,1079.0,62.0,0.7322467986030268,0.91027496382055,0.8116129040718079,0.8116129040718079,0.8116129040718079,691.0,0.34549999237060547
fedavg,fedavg,504|859,504|859,1,859,data_2000_4_1.5_chordal,val_epoch_task,val,cycle4,1,,,,,,,,,,2000,369.0,386.0,1223.0,22.0,0.48874172185430464,0.9437340153452686,0.6439790725708008,0.6439790725708008,0.6439790725708008,391.0,0.19550000131130219
fedavg,fedavg,504|859,504|859,1,859,data_2000_4_1.5_chordal,val_epoch_task,val,cycle5,1,,,,,,,,,,2000,207.0,434.0,1330.0,29.0,0.32293291731669266,0.8771186440677966,0.4720638692378998,0.4720638692378998,0.4720638692378998,236.0,0.11800000071525574
fedavg,fedavg,504|859,504|859,1,859,data_2000_4_1.5_chordal,val_epoch_task,val,cycle6,1,,,,,,,,,,2000,71.0,230.0,1642.0,57.0,0.23588039867109634,0.5546875,0.3310023546218872,0.3310023546218872,0.3310023546218872,128.0,0.06400000303983688
fedavg,fedavg,504|859,504|859,1,504,data_2000_3_11_chordal,global_val_client,val,,1,,,2.9664852695465087,0.9263,0.762499988079071,0.0,0.0,0.0,0.0,2000,,,,,,,,,,,
fedavg,fedavg,504|859,504|859,1,504,data_2000_3_11_chordal,global_val_client_task,val,cycle2,1,,,,,,,,,,2000,0.0,0.0,1918.0,82.0,0.0,0.0,0.0,0.0,0.0,82.0,0.04100000113248825
fedavg,fedavg,504|859,504|859,1,504,data_2000_3_11_chordal,global_val_client_task,val,cycle3,1,,,,,,,,,,2000,0.0,0.0,1872.0,128.0,0.0,0.0,0.0,0.0,0.0,128.0,0.06400000303983688
fedavg,fedavg,504|859,504|859,1,504,data_2000_3_11_chordal,global_val_client_task,val,cycle4,1,,,,,,,,,,2000,0.0,0.0,1843.0,157.0,0.0,0.0,0.0,0.0,0.0,157.0,0.07850000262260437
fedavg,fedavg,504|859,504|859,1,504,data_2000_3_11_chordal,global_val_client_task,val,cycle5,1,,,,,,,,,,2000,0.0,0.0,1813.0,187.0,0.0,0.0,0.0,0.0,0.0,187.0,0.09350000321865082
fedavg,fedavg,504|859,504|859,1,504,data_2000_3_11_chordal,global_val_client_task,val,cycle6,1,,,,,,,,,,2000,0.0,0.0,1817.0,183.0,0.0,0.0,0.0,0.0,0.0,183.0,0.09149999916553497
fedavg,fedavg,504|859,504|859,1,859,data_2000_4_1.5_chordal,global_val_client,val,,1,,,1.9104011454582215,0.7692,0.390500009059906,0.0,0.0,0.0,0.0,2000,,,,,,,,,,,
fedavg,fedavg,504|859,504|859,1,859,data_2000_4_1.5_chordal,global_val_client_task,val,cycle2,1,,,,,,,,,,2000,0.0,0.0,1138.0,862.0,0.0,0.0,0.0,0.0,0.0,862.0,0.4309999942779541
fedavg,fedavg,504|859,504|859,1,859,data_2000_4_1.5_chordal,global_val_client_task,val,cycle3,1,,,,,,,,,,2000,0.0,0.0,1309.0,691.0,0.0,0.0,0.0,0.0,0.0,691.0,0.34549999237060547
fedavg,fedavg,504|859,504|859,1,859,data_2000_4_1.5_chordal,global_val_client_task,val,cycle4,1,,,,,,,,,,2000,0.0,0.0,1609.0,391.0,0.0,0.0,0.0,0.0,0.0,391.0,0.19550000131130219
fedavg,fedavg,504|859,504|859,1,859,data_2000_4_1.5_chordal,global_val_client_task,val,cycle5,1,,,,,,,,,,2000,0.0,0.0,1764.0,236.0,0.0,0.0,0.0,0.0,0.0,236.0,0.11800000071525574
fedavg,fedavg,504|859,504|859,1,859,data_2000_4_1.5_chordal,global_val_client_task,val,cycle6,1,,,,,,,,,,2000,0.0,0.0,1872.0,128.0,0.0,0.0,0.0,0.0,0.0,128.0,0.06400000303983688
fedavg,fedavg,504|859,504|859,1,all,all,global_val_mean,val,,1,,,2.438443207502365,0.84775,0.5764999985694885,0.0,0.0,0.0,0.0,4000,,,,,,,,,,,
fedavg,fedavg,504|859,504|859,1,504,data_2000_3_11_chordal,train_epoch,train,,2,1.0,0.42130997467041015,,,,,,,,2000,,,,,,,,,,,
fedavg,fedavg,504|859,504|859,1,504,data_2000_3_11_chordal,train_epoch,train,,2,2.0,0.3229208234548569,,,,,,,,2000,,,,,,,,,,,
fedavg,fedavg,504|859,504|859,1,504,data_2000_3_11_chordal,train_epoch,train,,2,3.0,0.34029034078121184,,,,,,,,2000,,,,,,,,,,,
fedavg,fedavg,504|859,504|859,1,504,data_2000_3_11_chordal,train_epoch,train,,2,4.0,0.27652468818426135,,,,,,,,2000,,,,,,,,,,,
fedavg,fedavg,504|859,504|859,1,504,data_2000_3_11_chordal,train_epoch,train,,2,5.0,0.24692422676086426,,,,,,,,2000,,,,,,,,,,,
fedavg,fedavg,504|859,504|859,1,504,data_2000_3_11_chordal,train_epoch,train,,2,6.0,0.268798513174057,,,,,,,,2000,,,,,,,,,,,
fedavg,fedavg,504|859,504|859,1,504,data_2000_3_11_chordal,train_epoch,train,,2,7.0,0.23329223513603212,,,,,,,,2000,,,,,,,,,,,
fedavg,fedavg,504|859,504|859,1,504,data_2000_3_11_chordal,train_epoch,train,,2,8.0,0.30502787947654725,,,,,,,,2000,,,,,,,,,,,
fedavg,fedavg,504|859,504|859,1,504,data_2000_3_11_chordal,train_epoch,train,,2,9.0,0.25386312580108644,,,,,,,,2000,,,,,,,,,,,
fedavg,fedavg,504|859,504|859,1,504,data_2000_3_11_chordal,train_epoch,train,,2,10.0,0.23790033543109892,,,,,,,,2000,,,,,,,,,,,
fedavg,fedavg,504|859,504|859,1,504,data_2000_3_11_chordal,val_epoch,val,,2,,,0.2800927932858467,0.9197,0.7674999833106995,0.6451612903225806,0.6872164607048035,0.6872164607048035,0.6872164607048035,2000,,,,,,,,,,,
fedavg,fedavg,504|859,504|859,1,504,data_2000_3_11_chordal,val_epoch_task,val,cycle2,2,,,,,,,,,,2000,82.0,52.0,1866.0,0.0,0.6119402985074627,1.0,0.7592592239379883,0.7592592239379883,0.7592592239379883,82.0,0.04100000113248825
fedavg,fedavg,504|859,504|859,1,504,data_2000_3_11_chordal,val_epoch_task,val,cycle3,2,,,,,,,,,,2000,128.0,46.0,1826.0,0.0,0.735632183908046,1.0,0.8476821184158325,0.8476821184158325,0.8476821184158325,128.0,0.06400000303983688
fedavg,fedavg,504|859,504|859,1,504,data_2000_3_11_chordal,val_epoch_task,val,cycle4,2,,,,,,,,,,2000,157.0,143.0,1700.0,0.0,0.5233333333333333,1.0,0.6870896816253662,0.6870896816253662,0.6870896816253662,157.0,0.07850000262260437
fedavg,fedavg,504|859,504|859,1,504,data_2000_3_11_chordal,val_epoch_task,val,cycle5,2,,,,,,,,,,2000,181.0,202.0,1611.0,6.0,0.4725848563968668,0.9679144385026738,0.6350876688957214,0.6350876688957214,0.6350876688957214,187.0,0.09350000321865082
fedavg,fedavg,504|859,504|859,1,504,data_2000_3_11_chordal,val_epoch_task,val,cycle6,2,,,,,,,,,,2000,182.0,353.0,1464.0,1.0,0.3401869158878505,0.994535519125683,0.5069637894630432,0.5069637894630432,0.5069637894630432,183.0,0.09149999916553497
fedavg,fedavg,504|859,504|859,1,859,data_2000_4_1.5_chordal,train_epoch,train,,2,1.0,0.5322053711414337,,,,,,,,2000,,,,,,,,,,,
fedavg,fedavg,504|859,504|859,1,859,data_2000_4_1.5_chordal,train_epoch,train,,2,2.0,0.38196525144577026,,,,,,,,2000,,,,,,,,,,,
fedavg,fedavg,504|859,504|859,1,859,data_2000_4_1.5_chordal,train_epoch,train,,2,3.0,0.3417301917076111,,,,,,,,2000,,,,,,,,,,,
fedavg,fedavg,504|859,504|859,1,859,data_2000_4_1.5_chordal,train_epoch,train,,2,4.0,0.3120787637233734,,,,,,,,2000,,,,,,,,,,,
fedavg,fedavg,504|859,504|859,1,859,data_2000_4_1.5_chordal,train_epoch,train,,2,5.0,0.28914626872539523,,,,,,,,2000,,,,,,,,,,,
fedavg,fedavg,504|859,504|859,1,859,data_2000_4_1.5_chordal,train_epoch,train,,2,6.0,0.25288486790657044,,,,,,,,2000,,,,,,,,,,,
fedavg,fedavg,504|859,504|859,1,859,data_2000_4_1.5_chordal,train_epoch,train,,2,7.0,0.2552395529747009,,,,,,,,2000,,,,,,,,,,,
fedavg,fedavg,504|859,504|859,1,859,data_2000_4_1.5_chordal,train_epoch,train,,2,8.0,0.24824537324905396,,,,,,,,2000,,,,,,,,,,,
fedavg,fedavg,504|859,504|859,1,859,data_2000_4_1.5_chordal,train_epoch,train,,2,9.0,0.21141325896978377,,,,,,,,2000,,,,,,,,,,,
fedavg,fedavg,504|859,504|859,1,859,data_2000_4_1.5_chordal,train_epoch,train,,2,10.0,0.20894232243299485,,,,,,,,2000,,,,,,,,,,,
fedavg,fedavg,504|859,504|859,1,859,data_2000_4_1.5_chordal,val_epoch,val,,2,,,0.9637356836795807,0.9517,0.8054999709129333,0.8982515272803877,0.738402247428894,0.738402247428894,0.738402247428894,2000,,,,,,,,,,,
fedavg,fedavg,504|859,504|859,1,859,data_2000_4_1.5_chordal,val_epoch_task,val,cycle2,2,,,,,,,,,,2000,854.0,18.0,1120.0,8.0,0.9793577981651376,0.9907192575406032,0.9850057363510132,0.9850057363510132,0.9850057363510132,862.0,0.4309999942779541
fedavg,fedavg,504|859,504|859,1,859,data_2000_4_1.5_chordal,val_epoch_task,val,cycle3,2,,,,,,,,,,2000,685.0,46.0,1263.0,6.0,0.9370725034199726,0.9913169319826338,0.9634317755699158,0.9634317755699158,0.9634317755699158,691.0,0.34549999237060547
fedavg,fedavg,504|859,504|859,1,859,data_2000_4_1.5_chordal,val_epoch_task,val,cycle4,2,,,,,,,,,,2000,383.0,90.0,1519.0,8.0,0.8097251585623678,0.979539641943734,0.8865740299224854,0.8865740299224854,0.8865740299224854,391.0,0.19550000131130219
fedavg,fedavg,504|859,504|859,1,859,data_2000_4_1.5_chordal,val_epoch_task,val,cycle5,2,,,,,,,,,,2000,197.0,136.0,1628.0,39.0,0.5915915915915916,0.8347457627118644,0.6924428939819336,0.6924428939819336,0.6924428939819336,236.0,0.11800000071525574
fedavg,fedavg,504|859,504|859,1,859,data_2000_4_1.5_chordal,val_epoch_task,val,cycle6,2,,,,,,,,,,2000,13.0,17.0,1855.0,115.0,0.43333333333333335,0.1015625,0.16455695033073425,0.16455695033073425,0.16455695033073425,128.0,0.06400000303983688
fedavg,fedavg,504|859,504|859,1,504,data_2000_3_11_chordal,global_val_client,val,,2,,,1.7066289768218994,0.939,0.7710000276565552,0.33695652173913043,0.30483168363571167,0.30483168363571167,0.30483168363571167,2000,,,,,,,,,,,
fedavg,fedavg,504|859,504|859,1,504,data_2000_3_11_chordal,global_val_client_task,val,cycle2,2,,,,,,,,,,2000,10.0,0.0,1918.0,72.0,1.0,0.12195121951219512,0.21739131212234497,0.21739131212234497,0.21739131212234497,82.0,0.04100000113248825
fedavg,fedavg,504|859,504|859,1,504,data_2000_3_11_chordal,global_val_client_task,val,cycle3,2,,,,,,,,,,2000,32.0,6.0,1866.0,96.0,0.8421052631578947,0.25,0.3855421841144562,0.3855421841144562,0.3855421841144562,128.0,0.06400000303983688
fedavg,fedavg,504|859,504|859,1,504,data_2000_3_11_chordal,global_val_client_task,val,cycle4,2,,,,,,,,,,2000,82.0,15.0,1828.0,75.0,0.845360824742268,0.5222929936305732,0.6456692814826965,0.6456692814826965,0.6456692814826965,157.0,0.07850000262260437
fedavg,fedavg,504|859,504|859,1,504,data_2000_3_11_chordal,global_val_client_task,val,cycle5,2,,,,,,,,,,2000,31.0,7.0,1806.0,156.0,0.8157894736842105,0.1657754010695187,0.2755555510520935,0.2755555510520935,0.2755555510520935,187.0,0.09350000321865082
fedavg,fedavg,504|859,504|859,1,504,data_2000_3_11_chordal,global_val_client_task,val,cycle6,2,,,,,,,,,,2000,0.0,0.0,1817.0,183.0,0.0,0.0,0.0,0.0,0.0,183.0,0.09149999916553497
fedavg,fedavg,504|859,504|859,1,859,data_2000_4_1.5_chordal,global_val_client,val,,2,,,0.8556326303482056,0.8241,0.44350001215934753,0.5131469692776086,0.4814695417881012,0.4814695417881012,0.4814695417881012,2000,,,,,,,,,,,
fedavg,fedavg,504|859,504|859,1,859,data_2000_4_1.5_chordal,global_val_client_task,val,cycle2,2,,,,,,,,,,2000,221.0,0.0,1138.0,641.0,1.0,0.25638051044083526,0.40812554955482483,0.40812554955482483,0.40812554955482483,862.0,0.4309999942779541
fedavg,fedavg,504|859,504|859,1,859,data_2000_4_1.5_chordal,global_val_client_task,val,cycle3,2,,,,,,,,,,2000,261.0,4.0,1305.0,430.0,0.9849056603773585,0.37771345875542695,0.5460250973701477,0.5460250973701477,0.5460250973701477,691.0,0.34549999237060547
fedavg,fedavg,504|859,504|859,1,859,data_2000_4_1.5_chordal,global_val_client_task,val,cycle4,2,,,,,,,,,,2000,281.0,183.0,1426.0,110.0,0.6056034482758621,0.7186700767263428,0.6573099493980408,0.6573099493980408,0.6573099493980408,391.0,0.19550000131130219
fedavg,fedavg,504|859,504|859,1,859,data_2000_4_1.5_chordal,global_val_client_task,val,cycle5,2,,,,,,,,,,2000,138.0,156.0,1608.0,98.0,0.46938775510204084,0.5847457627118644,0.5207546949386597,0.5207546949386597,0.5207546949386597,236.0,0.11800000071525574
fedavg,fedavg,504|859,504|859,1,859,data_2000_4_1.5_chordal,global_val_client_task,val,cycle6,2,,,,,,,,,,2000,26.0,35.0,1837.0,102.0,0.4262295081967213,0.203125,0.27513229846954346,0.27513229846954346,0.27513229846954346,128.0,0.06400000303983688
fedavg,fedavg,504|859,504|859,1,all,all,global_val_mean,val,,2,,,1.2811308035850524,0.88155,0.6072500199079514,0.42505174550836955,0.39315061271190643,0.39315061271190643,0.39315061271190643,4000,,,,,,,,,,,
fedavg,fedavg,504|859,504|859,1,504,data_2000_3_11_chordal,train_epoch,train,,3,1.0,0.29085228860378265,,,,,,,,2000,,,,,,,,,,,
fedavg,fedavg,504|859,504|859,1,504,data_2000_3_11_chordal,train_epoch,train,,3,2.0,0.25291282403469084,,,,,,,,2000,,,,,,,,,,,
fedavg,fedavg,504|859,504|859,1,504,data_2000_3_11_chordal,train_epoch,train,,3,3.0,0.21792117500305175,,,,,,,,2000,,,,,,,,,,,
fedavg,fedavg,504|859,504|859,1,504,data_2000_3_11_chordal,train_epoch,train,,3,4.0,0.2714282540082932,,,,,,,,2000,,,,,,,,,,,
fedavg,fedavg,504|859,504|859,1,504,data_2000_3_11_chordal,train_epoch,train,,3,5.0,0.29456432795524595,,,,,,,,2000,,,,,,,,,,,
fedavg,fedavg,504|859,504|859,1,504,data_2000_3_11_chordal,train_epoch,train,,3,6.0,0.2533687798976898,,,,,,,,2000,,,,,,,,,,,
fedavg,fedavg,504|859,504|859,1,504,data_2000_3_11_chordal,train_epoch,train,,3,7.0,0.22077511715888978,,,,,,,,2000,,,,,,,,,,,
fedavg,fedavg,504|859,504|859,1,504,data_2000_3_11_chordal,train_epoch,train,,3,8.0,0.20680173769593238,,,,,,,,2000,,,,,,,,,,,
fedavg,fedavg,504|859,504|859,1,504,data_2000_3_11_chordal,train_epoch,train,,3,9.0,0.199640427172184,,,,,,,,2000,,,,,,,,,,,
fedavg,fedavg,504|859,504|859,1,504,data_2000_3_11_chordal,train_epoch,train,,3,10.0,0.18535216115042566,,,,,,,,2000,,,,,,,,,,,
fedavg,fedavg,504|859,504|859,1,504,data_2000_3_11_chordal,val_epoch,val,,3,,,0.20570050537586212,0.9363,0.7835000157356262,0.6979611190137506,0.7632123231887817,0.7632123231887817,0.7632123231887817,2000,,,,,,,,,,,
fedavg,fedavg,504|859,504|859,1,504,data_2000_3_11_chordal,val_epoch_task,val,cycle2,3,,,,,,,,,,2000,82.0,11.0,1907.0,0.0,0.8817204301075269,1.0,0.9371428489685059,0.9371428489685059,0.9371428489685059,82.0,0.04100000113248825
fedavg,fedavg,504|859,504|859,1,504,data_2000_3_11_chordal,val_epoch_task,val,cycle3,3,,,,,,,,,,2000,128.0,33.0,1839.0,0.0,0.7950310559006211,1.0,0.8858131766319275,0.8858131766319275,0.8858131766319275,128.0,0.06400000303983688
fedavg,fedavg,504|859,504|859,1,504,data_2000_3_11_chordal,val_epoch_task,val,cycle4,3,,,,,,,,,,2000,156.0,85.0,1758.0,1.0,0.6473029045643154,0.9936305732484076,0.783919632434845,0.783919632434845,0.783919632434845,157.0,0.07850000262260437
fedavg,fedavg,504|859,504|859,1,504,data_2000_3_11_chordal,val_epoch_task,val,cycle5,3,,,,,,,,,,2000,187.0,168.0,1645.0,0.0,0.5267605633802817,1.0,0.6900368928909302,0.6900368928909302,0.6900368928909302,187.0,0.09350000321865082
fedavg,fedavg,504|859,504|859,1,504,data_2000_3_11_chordal,val_epoch_task,val,cycle6,3,,,,,,,,,,2000,183.0,339.0,1478.0,0.0,0.3505747126436782,1.0,0.5191488862037659,0.5191488862037659,0.5191488862037659,183.0,0.09149999916553497
fedavg,fedavg,504|859,504|859,1,859,data_2000_4_1.5_chordal,train_epoch,train,,3,1.0,0.35789152908325195,,,,,,,,2000,,,,,,,,,,,
fedavg,fedavg,504|859,504|859,1,859,data_2000_4_1.5_chordal,train_epoch,train,,3,2.0,0.3086274855136871,,,,,,,,2000,,,,,,,,,,,
fedavg,fedavg,504|859,504|859,1,859,data_2000_4_1.5_chordal,train_epoch,train,,3,3.0,0.29598449897766116,,,,,,,,2000,,,,,,,,,,,
fedavg,fedavg,504|859,504|859,1,859,data_2000_4_1.5_chordal,train_epoch,train,,3,4.0,0.2742721198797226,,,,,,,,2000,,,,,,,,,,,
fedavg,fedavg,504|859,504|859,1,859,data_2000_4_1.5_chordal,train_epoch,train,,3,5.0,0.2556470105648041,,,,,,,,2000,,,,,,,,,,,
fedavg,fedavg,504|859,504|859,1,859,data_2000_4_1.5_chordal,train_epoch,train,,3,6.0,0.22761251616477968,,,,,,,,2000,,,,,,,,,,,
fedavg,fedavg,504|859,504|859,1,859,data_2000_4_1.5_chordal,train_epoch,train,,3,7.0,0.1987074794769287,,,,,,,,2000,,,,,,,,,,,
fedavg,fedavg,504|859,504|859,1,859,data_2000_4_1.5_chordal,train_epoch,train,,3,8.0,0.22709320163726807,,,,,,,,2000,,,,,,,,,,,
fedavg,fedavg,504|859,504|859,1,859,data_2000_4_1.5_chordal,train_epoch,train,,3,9.0,0.2118838610649109,,,,,,,,2000,,,,,,,,,,,
fedavg,fedavg,504|859,504|859,1,859,data_2000_4_1.5_chordal,train_epoch,train,,3,10.0,0.22537942457199098,,,,,,,,2000,,,,,,,,,,,
fedavg,fedavg,504|859,504|859,1,859,data_2000_4_1.5_chordal,val_epoch,val,,3,,,0.6271205281019211,0.9252,0.7269999980926514,0.8550387596899225,0.7517521381378174,0.7517521381378174,0.7517521381378174,2000,,,,,,,,,,,
fedavg,fedavg,504|859,504|859,1,859,data_2000_4_1.5_chordal,val_epoch_task,val,cycle2,3,,,,,,,,,,2000,847.0,12.0,1126.0,15.0,0.9860302677532014,0.9825986078886311,0.9843114018440247,0.9843114018440247,0.9843114018440247,862.0,0.4309999942779541
fedavg,fedavg,504|859,504|859,1,859,data_2000_4_1.5_chordal,val_epoch_task,val,cycle3,3,,,,,,,,,,2000,684.0,32.0,1277.0,7.0,0.9553072625698324,0.9898697539797395,0.9722814559936523,0.9722814559936523,0.9722814559936523,691.0,0.34549999237060547
fedavg,fedavg,504|859,504|859,1,859,data_2000_4_1.5_chordal,val_epoch_task,val,cycle4,3,,,,,,,,,,2000,385.0,117.0,1492.0,6.0,0.7669322709163346,0.9846547314578005,0.8622620701789856,0.8622620701789856,0.8622620701789856,391.0,0.19550000131130219
fedavg,fedavg,504|859,504|859,1,859,data_2000_4_1.5_chordal,val_epoch_task,val,cycle5,3,,,,,,,,,,2000,233.0,377.0,1387.0,3.0,0.3819672131147541,0.9872881355932204,0.5508274435997009,0.5508274435997009,0.5508274435997009,236.0,0.11800000071525574
fedavg,fedavg,504|859,504|859,1,859,data_2000_4_1.5_chordal,val_epoch_task,val,cycle6,3,,,,,,,,,,2000,57.0,108.0,1764.0,71.0,0.34545454545454546,0.4453125,0.3890784680843353,0.3890784680843353,0.3890784680843353,128.0,0.06400000303983688
fedavg,fedavg,504|859,504|859,1,504,data_2000_3_11_chordal,global_val_client,val,,3,,,0.4533702652454376,0.9552,0.8289999961853027,0.73109243697479,0.7438634634017944,0.7438634634017944,0.7438634634017944,2000,,,,,,,,,,,
fedavg,fedavg,504|859,504|859,1,504,data_2000_3_11_chordal,global_val_client_task,val,cycle2,3,,,,,,,,,,2000,82.0,17.0,1901.0,0.0,0.8282828282828283,1.0,0.9060773253440857,0.9060773253440857,0.9060773253440857,82.0,0.04100000113248825
fedavg,fedavg,504|859,504|859,1,504,data_2000_3_11_chordal,global_val_client_task,val,cycle3,3,,,,,,,,,,2000,127.0,49.0,1823.0,1.0,0.7215909090909091,0.9921875,0.8355263471603394,0.8355263471603394,0.8355263471603394,128.0,0.06400000303983688
fedavg,fedavg,504|859,504|859,1,504,data_2000_3_11_chordal,global_val_client_task,val,cycle4,3,,,,,,,,,,2000,153.0,66.0,1777.0,4.0,0.6986301369863014,0.9745222929936306,0.813829779624939,0.813829779624939,0.813829779624939,157.0,0.07850000262260437
fedavg,fedavg,504|859,504|859,1,504,data_2000_3_11_chordal,global_val_client_task,val,cycle5,3,,,,,,,,,,2000,184.0,91.0,1722.0,3.0,0.6690909090909091,0.983957219251337,0.7965368032455444,0.7965368032455444,0.7965368032455444,187.0,0.09350000321865082
fedavg,fedavg,504|859,504|859,1,504,data_2000_3_11_chordal,global_val_client_task,val,cycle6,3,,,,,,,,,,2000,63.0,97.0,1720.0,120.0,0.39375,0.3442622950819672,0.36734694242477417,0.36734694242477417,0.36734694242477417,183.0,0.09149999916553497
fedavg,fedavg,504|859,504|859,1,859,data_2000_4_1.5_chordal,global_val_client,val,,3,,,0.3889979205131531,0.8781,0.6579999923706055,0.788036863154234,0.7051947116851807,0.7051947116851807,0.7051947116851807,2000,,,,,,,,,,,
fedavg,fedavg,504|859,504|859,1,859,data_2000_4_1.5_chordal,global_val_client_task,val,cycle2,3,,,,,,,,,,2000,854.0,17.0,1121.0,8.0,0.9804822043628014,0.9907192575406032,0.9855741858482361,0.9855741858482361,0.9855741858482361,862.0,0.4309999942779541
fedavg,fedavg,504|859,504|859,1,859,data_2000_4_1.5_chordal,global_val_client_task,val,cycle3,3,,,,,,,,,,2000,690.0,40.0,1269.0,1.0,0.9452054794520548,0.9985528219971056,0.9711470007896423,0.9711470007896423,0.9711470007896423,691.0,0.34549999237060547
fedavg,fedavg,504|859,504|859,1,859,data_2000_4_1.5_chordal,global_val_client_task,val,cycle4,3,,,,,,,,,,2000,385.0,279.0,1330.0,6.0,0.5798192771084337,0.9846547314578005,0.7298578023910522,0.7298578023910522,0.7298578023910522,391.0,0.19550000131130219
fedavg,fedavg,504|859,504|859,1,859,data_2000_4_1.5_chordal,global_val_client_task,val,cycle5,3,,,,,,,,,,2000,235.0,480.0,1284.0,1.0,0.32867132867132864,0.9957627118644068,0.494216650724411,0.494216650724411,0.494216650724411,236.0,0.11800000071525574
fedavg,fedavg,504|859,504|859,1,859,data_2000_4_1.5_chordal,global_val_client_task,val,cycle6,3,,,,,,,,,,2000,102.0,361.0,1511.0,26.0,0.2203023758099352,0.796875,0.34517768025398254,0.34517768025398254,0.34517768025398254,128.0,0.06400000303983688
fedavg,fedavg,504|859,504|859,1,all,all,global_val_mean,val,,3,,,0.42118409287929537,0.9166500000000001,0.7434999942779541,0.7595646500645121,0.7245290875434875,0.7245290875434875,0.7245290875434875,4000,,,,,,,,,,,
fedavg,fedavg,504|859,504|859,1,504,data_2000_3_11_chordal,train_epoch,train,,4,1.0,0.23135580146312715,,,,,,,,2000,,,,,,,,,,,
fedavg,fedavg,504|859,504|859,1,504,data_2000_3_11_chordal,train_epoch,train,,4,2.0,0.26936516427993773,,,,,,,,2000,,,,,,,,,,,
fedavg,fedavg,504|859,504|859,1,504,data_2000_3_11_chordal,train_epoch,train,,4,3.0,0.22296716850996018,,,,,,,,2000,,,,,,,,,,,
fedavg,fedavg,504|859,504|859,1,504,data_2000_3_11_chordal,train_epoch,train,,4,4.0,0.21462638479471208,,,,,,,,2000,,,,,,,,,,,
fedavg,fedavg,504|859,504|859,1,504,data_2000_3_11_chordal,train_epoch,train,,4,5.0,0.21147906482219697,,,,,,,,2000,,,,,,,,,,,
fedavg,fedavg,504|859,504|859,1,504,data_2000_3_11_chordal,train_epoch,train,,4,6.0,0.2094246019721031,,,,,,,,2000,,,,,,,,,,,
fedavg,fedavg,504|859,504|859,1,504,data_2000_3_11_chordal,train_epoch,train,,4,7.0,0.1879718019962311,,,,,,,,2000,,,,,,,,,,,
fedavg,fedavg,504|859,504|859,1,504,data_2000_3_11_chordal,train_epoch,train,,4,8.0,0.19419047355651856,,,,,,,,2000,,,,,,,,,,,
fedavg,fedavg,504|859,504|859,1,504,data_2000_3_11_chordal,train_epoch,train,,4,9.0,0.2360484963953495,,,,,,,,2000,,,,,,,,,,,
fedavg,fedavg,504|859,504|859,1,504,data_2000_3_11_chordal,train_epoch,train,,4,10.0,0.16773178911209105,,,,,,,,2000,,,,,,,,,,,
fedavg,fedavg,504|859,504|859,1,504,data_2000_3_11_chordal,val_epoch,val,,4,,,0.1942240904569626,0.952,0.8234999775886536,0.7523219814241486,0.8062308430671692,0.8062308430671692,0.8062308430671692,2000,,,,,,,,,,,
fedavg,fedavg,504|859,504|859,1,504,data_2000_3_11_chordal,val_epoch_task,val,cycle2,4,,,,,,,,,,2000,82.0,3.0,1915.0,0.0,0.9647058823529412,1.0,0.9820358753204346,0.9820358753204346,0.9820358753204346,82.0,0.04100000113248825
fedavg,fedavg,504|859,504|859,1,504,data_2000_3_11_chordal,val_epoch_task,val,cycle3,4,,,,,,,,,,2000,128.0,27.0,1845.0,0.0,0.8258064516129032,1.0,0.9045936465263367,0.9045936465263367,0.9045936465263367,128.0,0.06400000303983688
fedavg,fedavg,504|859,504|859,1,504,data_2000_3_11_chordal,val_epoch_task,val,cycle4,4,,,,,,,,,,2000,157.0,90.0,1753.0,0.0,0.6356275303643725,1.0,0.7772276997566223,0.7772276997566223,0.7772276997566223,157.0,0.07850000262260437
fedavg,fedavg,504|859,504|859,1,504,data_2000_3_11_chordal,val_epoch_task,val,cycle5,4,,,,,,,,,,2000,184.0,93.0,1720.0,3.0,0.6642599277978339,0.983957219251337,0.7931033968925476,0.7931033968925476,0.7931033968925476,187.0,0.09350000321865082
fedavg,fedavg,504|859,504|859,1,504,data_2000_3_11_chordal,val_epoch_task,val,cycle6,4,,,,,,,,,,2000,178.0,259.0,1558.0,5.0,0.4073226544622426,0.9726775956284153,0.57419353723526,0.57419353723526,0.57419353723526,183.0,0.09149999916553497
fedavg,fedavg,504|859,504|859,1,859,data_2000_4_1.5_chordal,train_epoch,train,,4,1.0,0.2879680780172348,,,,,,,,2000,,,,,,,,,,,
fedavg,fedavg,504|859,504|859,1,859,data_2000_4_1.5_chordal,train_epoch,train,,4,2.0,0.2019884978234768,,,,,,,,2000,,,,,,,,,,,
fedavg,fedavg,504|859,504|859,1,859,data_2000_4_1.5_chordal,train_epoch,train,,4,3.0,0.22448265597224235,,,,,,,,2000,,,,,,,,,,,
fedavg,fedavg,504|859,504|859,1,859,data_2000_4_1.5_chordal,train_epoch,train,,4,4.0,0.20963220608234406,,,,,,,,2000,,,,,,,,,,,
fedavg,fedavg,504|859,504|859,1,859,data_2000_4_1.5_chordal,train_epoch,train,,4,5.0,0.19101191878318788,,,,,,,,2000,,,,,,,,,,,
fedavg,fedavg,504|859,504|859,1,859,data_2000_4_1.5_chordal,train_epoch,train,,4,6.0,0.18698633146286012,,,,,,,,2000,,,,,,,,,,,
fedavg,fedavg,504|859,504|859,1,859,data_2000_4_1.5_chordal,train_epoch,train,,4,7.0,0.24959863463044166,,,,,,,,2000,,,,,,,,,,,
fedavg,fedavg,504|859,504|859,1,859,data_2000_4_1.5_chordal,train_epoch,train,,4,8.0,0.17467123472690582,,,,,,,,2000,,,,,,,,,,,
fedavg,fedavg,504|859,504|859,1,859,data_2000_4_1.5_chordal,train_epoch,train,,4,9.0,0.1528798179626465,,,,,,,,2000,,,,,,,,,,,
fedavg,fedavg,504|859,504|859,1,859,data_2000_4_1.5_chordal,train_epoch,train,,4,10.0,0.16557645547389985,,,,,,,,2000,,,,,,,,,,,
fedavg,fedavg,504|859,504|859,1,859,data_2000_4_1.5_chordal,val_epoch,val,,4,,,0.4300622169971466,0.9165,0.7390000224113464,0.8434864104967198,0.7590373754501343,0.7590373754501343,0.7590373754501343,2000,,,,,,,,,,,
fedavg,fedavg,504|859,504|859,1,859,data_2000_4_1.5_chordal,val_epoch_task,val,cycle2,4,,,,,,,,,,2000,861.0,11.0,1127.0,1.0,0.9873853211009175,0.9988399071925754,0.9930796027183533,0.9930796027183533,0.9930796027183533,862.0,0.4309999942779541
fedavg,fedavg,504|859,504|859,1,859,data_2000_4_1.5_chordal,val_epoch_task,val,cycle3,4,,,,,,,,,,2000,690.0,68.0,1241.0,1.0,0.9102902374670184,0.9985528219971056,0.9523809552192688,0.9523809552192688,0.9523809552192688,691.0,0.34549999237060547
fedavg,fedavg,504|859,504|859,1,859,data_2000_4_1.5_chordal,val_epoch_task,val,cycle4,4,,,,,,,,,,2000,375.0,94.0,1515.0,16.0,0.7995735607675906,0.959079283887468,0.8720930218696594,0.8720930218696594,0.8720930218696594,391.0,0.19550000131130219
fedavg,fedavg,504|859,504|859,1,859,data_2000_4_1.5_chordal,val_epoch_task,val,cycle5,4,,,,,,,,,,2000,220.0,252.0,1512.0,16.0,0.4661016949152542,0.9322033898305084,0.6214689016342163,0.6214689016342163,0.6214689016342163,236.0,0.11800000071525574
fedavg,fedavg,504|859,504|859,1,859,data_2000_4_1.5_chordal,val_epoch_task,val,cycle6,4,,,,,,,,,,2000,104.0,352.0,1520.0,24.0,0.22807017543859648,0.8125,0.3561643958091736,0.3561643958091736,0.3561643958091736,128.0,0.06400000303983688
fedavg,fedavg,504|859,504|859,1,504,data_2000_3_11_chordal,global_val_client,val,,4,,,0.4743209602832794,0.956,0.8429999947547913,0.7352587244283995,0.7365564107894897,0.7365564107894897,0.7365564107894897,2000,,,,,,,,,,,
fedavg,fedavg,504|859,504|859,1,504,data_2000_3_11_chordal,global_val_client_task,val,cycle2,4,,,,,,,,,,2000,82.0,47.0,1871.0,0.0,0.6356589147286822,1.0,0.7772511839866638,0.7772511839866638,0.7772511839866638,82.0,0.04100000113248825
fedavg,fedavg,504|859,504|859,1,504,data_2000_3_11_chordal,global_val_client_task,val,cycle3,4,,,,,,,,,,2000,128.0,49.0,1823.0,0.0,0.7231638418079096,1.0,0.8393442630767822,0.8393442630767822,0.8393442630767822,128.0,0.06400000303983688
fedavg,fedavg,504|859,504|859,1,504,data_2000_3_11_chordal,global_val_client_task,val,cycle4,4,,,,,,,,,,2000,150.0,71.0,1772.0,7.0,0.6787330316742082,0.9554140127388535,0.7936508059501648,0.7936508059501648,0.7936508059501648,157.0,0.07850000262260437
fedavg,fedavg,504|859,504|859,1,504,data_2000_3_11_chordal,global_val_client_task,val,cycle5,4,,,,,,,,,,2000,174.0,57.0,1756.0,13.0,0.7532467532467533,0.93048128342246,0.8325358629226685,0.8325358629226685,0.8325358629226685,187.0,0.09350000321865082
fedavg,fedavg,504|859,504|859,1,504,data_2000_3_11_chordal,global_val_client_task,val,cycle6,4,,,,,,,,,,2000,77.0,90.0,1727.0,106.0,0.46107784431137727,0.4207650273224044,0.4399999976158142,0.4399999976158142,0.4399999976158142,183.0,0.09149999916553497
fedavg,fedavg,504|859,504|859,1,859,data_2000_4_1.5_chordal,global_val_client,val,,4,,,0.3280421597957611,0.8992,0.6990000009536743,0.8193548387096775,0.7345765829086304,0.7345765829086304,0.7345765829086304,2000,,,,,,,,,,,
fedavg,fedavg,504|859,504|859,1,859,data_2000_4_1.5_chordal,global_val_client_task,val,cycle2,4,,,,,,,,,,2000,862.0,13.0,1125.0,0.0,0.9851428571428571,1.0,0.9925158023834229,0.9925158023834229,0.9925158023834229,862.0,0.4309999942779541
fedavg,fedavg,504|859,504|859,1,859,data_2000_4_1.5_chordal,global_val_client_task,val,cycle3,4,,,,,,,,,,2000,691.0,40.0,1269.0,0.0,0.945280437756498,1.0,0.9718706011772156,0.9718706011772156,0.9718706011772156,691.0,0.34549999237060547
fedavg,fedavg,504|859,504|859,1,859,data_2000_4_1.5_chordal,global_val_client_task,val,cycle4,4,,,,,,,,,,2000,391.0,272.0,1337.0,0.0,0.5897435897435898,1.0,0.7419354915618896,0.7419354915618896,0.7419354915618896,391.0,0.19550000131130219
fedavg,fedavg,504|859,504|859,1,859,data_2000_4_1.5_chordal,global_val_client_task,val,cycle5,4,,,,,,,,,,2000,234.0,322.0,1442.0,2.0,0.420863309352518,0.9915254237288136,0.5909090638160706,0.5909090638160706,0.5909090638160706,236.0,0.11800000071525574
fedavg,fedavg,504|859,504|859,1,859,data_2000_4_1.5_chordal,global_val_client_task,val,cycle6,4,,,,,,,,,,2000,108.0,339.0,1533.0,20.0,0.24161073825503357,0.84375,0.37565216422080994,0.37565216422080994,0.37565216422080994,128.0,0.06400000303983688
fedavg,fedavg,504|859,504|859,1,all,all,global_val_mean,val,,4,,,0.40118156003952027,0.9276,0.7709999978542328,0.7773067815690385,0.7355664968490601,0.7355664968490601,0.7355664968490601,4000,,,,,,,,,,,
fedavg,fedavg,504|859,504|859,1,504,data_2000_3_11_chordal,train_epoch,train,,5,1.0,0.22050474333763123,,,,,,,,2000,,,,,,,,,,,
fedavg,fedavg,504|859,504|859,1,504,data_2000_3_11_chordal,train_epoch,train,,5,2.0,0.17698408561944962,,,,,,,,2000,,,,,,,,,,,
fedavg,fedavg,504|859,504|859,1,504,data_2000_3_11_chordal,train_epoch,train,,5,3.0,0.1904647057056427,,,,,,,,2000,,,,,,,,,,,
fedavg,fedavg,504|859,504|859,1,504,data_2000_3_11_chordal,train_epoch,train,,5,4.0,0.1829945430755615,,,,,,,,2000,,,,,,,,,,,
fedavg,fedavg,504|859,504|859,1,504,data_2000_3_11_chordal,train_epoch,train,,5,5.0,0.2247672047317028,,,,,,,,2000,,,,,,,,,,,
fedavg,fedavg,504|859,504|859,1,504,data_2000_3_11_chordal,train_epoch,train,,5,6.0,0.1791079396009445,,,,,,,,2000,,,,,,,,,,,
fedavg,fedavg,504|859,504|859,1,504,data_2000_3_11_chordal,train_epoch,train,,5,7.0,0.18230479609966277,,,,,,,,2000,,,,,,,,,,,
fedavg,fedavg,504|859,504|859,1,504,data_2000_3_11_chordal,train_epoch,train,,5,8.0,0.19508378559350967,,,,,,,,2000,,,,,,,,,,,
fedavg,fedavg,504|859,504|859,1,504,data_2000_3_11_chordal,train_epoch,train,,5,9.0,0.1950044311583042,,,,,,,,2000,,,,,,,,,,,
fedavg,fedavg,504|859,504|859,1,504,data_2000_3_11_chordal,train_epoch,train,,5,10.0,0.1660093751847744,,,,,,,,2000,,,,,,,,,,,
fedavg,fedavg,504|859,504|859,1,504,data_2000_3_11_chordal,val_epoch,val,,5,,,0.264175096154213,0.9273,0.7875000238418579,0.666054203031695,0.6643096208572388,0.6643096208572388,0.6643096208572388,2000,,,,,,,,,,,
fedavg,fedavg,504|859,504|859,1,504,data_2000_3_11_chordal,val_epoch_task,val,cycle2,5,,,,,,,,,,2000,82.0,151.0,1767.0,0.0,0.351931330472103,1.0,0.5206349492073059,0.5206349492073059,0.5206349492073059,82.0,0.04100000113248825
fedavg,fedavg,504|859,504|859,1,504,data_2000_3_11_chordal,val_epoch_task,val,cycle3,5,,,,,,,,,,2000,128.0,92.0,1780.0,0.0,0.5818181818181818,1.0,0.7356321811676025,0.7356321811676025,0.7356321811676025,128.0,0.06400000303983688
fedavg,fedavg,504|859,504|859,1,504,data_2000_3_11_chordal,val_epoch_task,val,cycle4,5,,,,,,,,,,2000,157.0,126.0,1717.0,0.0,0.5547703180212014,1.0,0.7136363983154297,0.7136363983154297,0.7136363983154297,157.0,0.07850000262260437
fedavg,fedavg,504|859,504|859,1,504,data_2000_3_11_chordal,val_epoch_task,val,cycle5,5,,,,,,,,,,2000,178.0,108.0,1705.0,9.0,0.6223776223776224,0.9518716577540107,0.7526426911354065,0.7526426911354065,0.7526426911354065,187.0,0.09350000321865082
fedavg,fedavg,504|859,504|859,1,504,data_2000_3_11_chordal,val_epoch_task,val,cycle6,5,,,,,,,,,,2000,180.0,238.0,1579.0,3.0,0.430622009569378,0.9836065573770492,0.5990017056465149,0.5990017056465149,0.5990017056465149,183.0,0.09149999916553497
fedavg,fedavg,504|859,504|859,1,859,data_2000_4_1.5_chordal,train_epoch,train,,5,1.0,0.24103365278244018,,,,,,,,2000,,,,,,,,,,,
fedavg,fedavg,504|859,504|859,1,859,data_2000_4_1.5_chordal,train_epoch,train,,5,2.0,0.1825734675824642,,,,,,,,2000,,,,,,,,,,,
fedavg,fedavg,504|859,504|859,1,859,data_2000_4_1.5_chordal,train_epoch,train,,5,3.0,0.19498842334747316,,,,,,,,2000,,,,,,,,,,,
fedavg,fedavg,504|859,504|859,1,859,data_2000_4_1.5_chordal,train_epoch,train,,5,4.0,0.19761886268854142,,,,,,,,2000,,,,,,,,,,,
fedavg,fedavg,504|859,504|859,1,859,data_2000_4_1.5_chordal,train_epoch,train,,5,5.0,0.18023400580883026,,,,,,,,2000,,,,,,,,,,,
fedavg,fedavg,504|859,504|859,1,859,data_2000_4_1.5_chordal,train_epoch,train,,5,6.0,0.17160649609565734,,,,,,,,2000,,,,,,,,,,,
fedavg,fedavg,504|859,504|859,1,859,data_2000_4_1.5_chordal,train_epoch,train,,5,7.0,0.18394240915775298,,,,,,,,2000,,,,,,,,,,,
fedavg,fedavg,504|859,504|859,1,859,data_2000_4_1.5_chordal,train_epoch,train,,5,8.0,0.1561993396282196,,,,,,,,2000,,,,,,,,,,,
fedavg,fedavg,504|859,504|859,1,859,data_2000_4_1.5_chordal,train_epoch,train,,5,9.0,0.13660803008079528,,,,,,,,2000,,,,,,,,,,,
fedavg,fedavg,504|859,504|859,1,859,data_2000_4_1.5_chordal,train_epoch,train,,5,10.0,0.16631944561004638,,,,,,,,2000,,,,,,,,,,,
fedavg,fedavg,504|859,504|859,1,859,data_2000_4_1.5_chordal,val_epoch,val,,5,,,0.44772103452682493,0.9233,0.7484999895095825,0.8530932771499713,0.7593569755554199,0.7593569755554199,0.7593569755554199,2000,,,,,,,,,,,
fedavg,fedavg,504|859,504|859,1,859,data_2000_4_1.5_chordal,val_epoch_task,val,cycle2,5,,,,,,,,,,2000,860.0,17.0,1121.0,2.0,0.9806157354618016,0.9976798143851509,0.9890742301940918,0.9890742301940918,0.9890742301940918,862.0,0.4309999942779541
fedavg,fedavg,504|859,504|859,1,859,data_2000_4_1.5_chordal,val_epoch_task,val,cycle3,5,,,,,,,,,,2000,686.0,30.0,1279.0,5.0,0.9581005586592178,0.9927641099855282,0.9751244187355042,0.9751244187355042,0.9751244187355042,691.0,0.34549999237060547
fedavg,fedavg,504|859,504|859,1,859,data_2000_4_1.5_chordal,val_epoch_task,val,cycle4,5,,,,,,,,,,2000,377.0,105.0,1504.0,14.0,0.7821576763485477,0.9641943734015346,0.8636884689331055,0.8636884689331055,0.8636884689331055,391.0,0.19550000131130219
fedavg,fedavg,504|859,504|859,1,859,data_2000_4_1.5_chordal,val_epoch_task,val,cycle5,5,,,,,,,,,,2000,220.0,224.0,1540.0,16.0,0.4954954954954955,0.9322033898305084,0.6470588445663452,0.6470588445663452,0.6470588445663452,236.0,0.11800000071525574
fedavg,fedavg,504|859,504|859,1,859,data_2000_4_1.5_chordal,val_epoch_task,val,cycle6,5,,,,,,,,,,2000,84.0,310.0,1562.0,44.0,0.2131979695431472,0.65625,0.3218390941619873,0.3218390941619873,0.3218390941619873,128.0,0.06400000303983688
fedavg,fedavg,504|859,504|859,1,504,data_2000_3_11_chordal,global_val_client,val,,5,,,0.40623442983627317,0.9613,0.8650000095367432,0.7591785936527691,0.750855028629303,0.750855028629303,0.750855028629303,2000,,,,,,,,,,,
fedavg,fedavg,504|859,504|859,1,504,data_2000_3_11_chordal,global_val_client_task,val,cycle2,5,,,,,,,,,,2000,82.0,49.0,1869.0,0.0,0.6259541984732825,1.0,0.7699530720710754,0.7699530720710754,0.7699530720710754,82.0,0.04100000113248825
fedavg,fedavg,504|859,504|859,1,504,data_2000_3_11_chordal,global_val_client_task,val,cycle3,5,,,,,,,,,,2000,128.0,51.0,1821.0,0.0,0.7150837988826816,1.0,0.8338761925697327,0.8338761925697327,0.8338761925697327,128.0,0.06400000303983688
fedavg,fedavg,504|859,504|859,1,504,data_2000_3_11_chordal,global_val_client_task,val,cycle4,5,,,,,,,,,,2000,154.0,70.0,1773.0,3.0,0.6875,0.9808917197452229,0.8083989024162292,0.8083989024162292,0.8083989024162292,157.0,0.07850000262260437
fedavg,fedavg,504|859,504|859,1,504,data_2000_3_11_chordal,global_val_client_task,val,cycle5,5,,,,,,,,,,2000,172.0,44.0,1769.0,15.0,0.7962962962962963,0.9197860962566845,0.8535980582237244,0.8535980582237244,0.8535980582237244,187.0,0.09350000321865082
fedavg,fedavg,504|859,504|859,1,504,data_2000_3_11_chordal,global_val_client_task,val,cycle6,5,,,,,,,,,,2000,74.0,46.0,1771.0,109.0,0.6166666666666667,0.40437158469945356,0.488448828458786,0.488448828458786,0.488448828458786,183.0,0.09149999916553497
fedavg,fedavg,504|859,504|859,1,859,data_2000_4_1.5_chordal,global_val_client,val,,5,,,0.3481087598800659,0.9249,0.7229999899864197,0.8568160152526215,0.7659449577331543,0.7659449577331543,0.7659449577331543,2000,,,,,,,,,,,
fedavg,fedavg,504|859,504|859,1,859,data_2000_4_1.5_chordal,global_val_client_task,val,cycle2,5,,,,,,,,,,2000,862.0,14.0,1124.0,0.0,0.9840182648401826,1.0,0.9919447302818298,0.9919447302818298,0.9919447302818298,862.0,0.4309999942779541
fedavg,fedavg,504|859,504|859,1,859,data_2000_4_1.5_chordal,global_val_client_task,val,cycle3,5,,,,,,,,,,2000,691.0,55.0,1254.0,0.0,0.9262734584450402,1.0,0.9617258310317993,0.9617258310317993,0.9617258310317993,691.0,0.34549999237060547
fedavg,fedavg,504|859,504|859,1,859,data_2000_4_1.5_chordal,global_val_client_task,val,cycle4,5,,,,,,,,,,2000,391.0,293.0,1316.0,0.0,0.5716374269005848,1.0,0.7274419069290161,0.7274419069290161,0.7274419069290161,391.0,0.19550000131130219
fedavg,fedavg,504|859,504|859,1,859,data_2000_4_1.5_chordal,global_val_client_task,val,cycle5,5,,,,,,,,,,2000,225.0,202.0,1562.0,11.0,0.5269320843091335,0.9533898305084746,0.6787329912185669,0.6787329912185669,0.6787329912185669,236.0,0.11800000071525574
fedavg,fedavg,504|859,504|859,1,859,data_2000_4_1.5_chordal,global_val_client_task,val,cycle6,5,,,,,,,,,,2000,78.0,126.0,1746.0,50.0,0.38235294117647056,0.609375,0.46987953782081604,0.46987953782081604,0.46987953782081604,128.0,0.06400000303983688
fedavg,fedavg,504|859,504|859,1,all,all,global_val_mean,val,,5,,,0.37717159485816953,0.9431000000000002,0.7939999997615814,0.8079973044526952,0.7583999931812286,0.7583999931812286,0.7583999931812286,4000,,,,,,,,,,,
fedavg,fedavg,504|859,504|859,1,504,data_2000_3_11_chordal,train_epoch,train,,6,1.0,0.18296986335515977,,,,,,,,2000,,,,,,,,,,,
fedavg,fedavg,504|859,504|859,1,504,data_2000_3_11_chordal,train_epoch,train,,6,2.0,0.1925179408043623,,,,,,,,2000,,,,,,,,,,,
fedavg,fedavg,504|859,504|859,1,504,data_2000_3_11_chordal,train_epoch,train,,6,3.0,0.1591640965938568,,,,,,,,2000,,,,,,,,,,,
fedavg,fedavg,504|859,504|859,1,504,data_2000_3_11_chordal,train_epoch,train,,6,4.0,0.1635123907327652,,,,,,,,2000,,,,,,,,,,,
fedavg,fedavg,504|859,504|859,1,504,data_2000_3_11_chordal,train_epoch,train,,6,5.0,0.17130409163236618,,,,,,,,2000,,,,,,,,,,,
fedavg,fedavg,504|859,504|859,1,504,data_2000_3_11_chordal,train_epoch,train,,6,6.0,0.15745591843128204,,,,,,,,2000,,,,,,,,,,,
fedavg,fedavg,504|859,504|859,1,504,data_2000_3_11_chordal,train_epoch,train,,6,7.0,0.15991467648744584,,,,,,,,2000,,,,,,,,,,,
fedavg,fedavg,504|859,504|859,1,504,data_2000_3_11_chordal,train_epoch,train,,6,8.0,0.1554318195581436,,,,,,,,2000,,,,,,,,,,,
fedavg,fedavg,504|859,504|859,1,504,data_2000_3_11_chordal,train_epoch,train,,6,9.0,0.15407386469841003,,,,,,,,2000,,,,,,,,,,,
fedavg,fedavg,504|859,504|859,1,504,data_2000_3_11_chordal,train_epoch,train,,6,10.0,0.1695684404373169,,,,,,,,2000,,,,,,,,,,,
fedavg,fedavg,504|859,504|859,1,504,data_2000_3_11_chordal,val_epoch,val,,6,,,0.39887493316829203,0.9706,0.890999972820282,0.8173913043478261,0.832273006439209,0.832273006439209,0.832273006439209,2000,,,,,,,,,,,
fedavg,fedavg,504|859,504|859,1,504,data_2000_3_11_chordal,val_epoch_task,val,cycle2,6,,,,,,,,,,2000,82.0,26.0,1892.0,0.0,0.7592592592592593,1.0,0.8631579279899597,0.8631579279899597,0.8631579279899597,82.0,0.04100000113248825
fedavg,fedavg,504|859,504|859,1,504,data_2000_3_11_chordal,val_epoch_task,val,cycle3,6,,,,,,,,,,2000,126.0,13.0,1859.0,2.0,0.9064748201438849,0.984375,0.9438202381134033,0.9438202381134033,0.9438202381134033,128.0,0.06400000303983688
fedavg,fedavg,504|859,504|859,1,504,data_2000_3_11_chordal,val_epoch_task,val,cycle4,6,,,,,,,,,,2000,150.0,43.0,1800.0,7.0,0.7772020725388601,0.9554140127388535,0.8571428060531616,0.8571428060531616,0.8571428060531616,157.0,0.07850000262260437
fedavg,fedavg,504|859,504|859,1,504,data_2000_3_11_chordal,val_epoch_task,val,cycle5,6,,,,,,,,,,2000,157.0,47.0,1766.0,30.0,0.7696078431372549,0.839572192513369,0.8030691146850586,0.8030691146850586,0.8030691146850586,187.0,0.09350000321865082
fedavg,fedavg,504|859,504|859,1,504,data_2000_3_11_chordal,val_epoch_task,val,cycle6,6,,,,,,,,,,2000,143.0,86.0,1731.0,40.0,0.6244541484716157,0.7814207650273224,0.6941747069358826,0.6941747069358826,0.6941747069358826,183.0,0.09149999916553497
fedavg,fedavg,504|859,504|859,1,859,data_2000_4_1.5_chordal,train_epoch,train,,6,1.0,0.20747487008571625,,,,,,,,2000,,,,,,,,,,,
fedavg,fedavg,504|859,504|859,1,859,data_2000_4_1.5_chordal,train_epoch,train,,6,2.0,0.20182169890403748,,,,,,,,2000,,,,,,,,,,,
fedavg,fedavg,504|859,504|859,1,859,data_2000_4_1.5_chordal,train_epoch,train,,6,3.0,0.15924463486671447,,,,,,,,2000,,,,,,,,,,,
fedavg,fedavg,504|859,504|859,1,859,data_2000_4_1.5_chordal,train_epoch,train,,6,4.0,0.18351345038414002,,,,,,,,2000,,,,,,,,,,,
fedavg,fedavg,504|859,504|859,1,859,data_2000_4_1.5_chordal,train_epoch,train,,6,5.0,0.15875056749582292,,,,,,,,2000,,,,,,,,,,,
fedavg,fedavg,504|859,504|859,1,859,data_2000_4_1.5_chordal,train_epoch,train,,6,6.0,0.15789821779727936,,,,,,,,2000,,,,,,,,,,,
fedavg,fedavg,504|859,504|859,1,859,data_2000_4_1.5_chordal,train_epoch,train,,6,7.0,0.167423201918602,,,,,,,,2000,,,,,,,,,,,
fedavg,fedavg,504|859,504|859,1,859,data_2000_4_1.5_chordal,train_epoch,train,,6,8.0,0.16093680429458618,,,,,,,,2000,,,,,,,,,,,
fedavg,fedavg,504|859,504|859,1,859,data_2000_4_1.5_chordal,train_epoch,train,,6,9.0,0.20562869119644164,,,,,,,,2000,,,,,,,,,,,
fedavg,fedavg,504|859,504|859,1,859,data_2000_4_1.5_chordal,train_epoch,train,,6,10.0,0.14981515049934388,,,,,,,,2000,,,,,,,,,,,
fedavg,fedavg,504|859,504|859,1,859,data_2000_4_1.5_chordal,val_epoch,val,,6,,,0.3820484573841095,0.9154,0.7310000061988831,0.8418691588785047,0.7509092092514038,0.7509092092514038,0.7509092092514038,2000,,,,,,,,,,,
fedavg,fedavg,504|859,504|859,1,859,data_2000_4_1.5_chordal,val_epoch_task,val,cycle2,6,,,,,,,,,,2000,851.0,1.0,1137.0,11.0,0.9988262910798122,0.9872389791183295,0.9929988384246826,0.9929988384246826,0.9929988384246826,862.0,0.4309999942779541
fedavg,fedavg,504|859,504|859,1,859,data_2000_4_1.5_chordal,val_epoch_task,val,cycle3,6,,,,,,,,,,2000,687.0,31.0,1278.0,4.0,0.9568245125348189,0.9942112879884226,0.9751597046852112,0.9751597046852112,0.9751597046852112,691.0,0.34549999237060547
fedavg,fedavg,504|859,504|859,1,859,data_2000_4_1.5_chordal,val_epoch_task,val,cycle4,6,,,,,,,,,,2000,389.0,160.0,1449.0,2.0,0.7085610200364298,0.9948849104859335,0.827659547328949,0.827659547328949,0.827659547328949,391.0,0.19550000131130219
fedavg,fedavg,504|859,504|859,1,859,data_2000_4_1.5_chordal,val_epoch_task,val,cycle5,6,,,,,,,,,,2000,234.0,315.0,1449.0,2.0,0.4262295081967213,0.9915254237288136,0.5961783528327942,0.5961783528327942,0.5961783528327942,236.0,0.11800000071525574
fedavg,fedavg,504|859,504|859,1,859,data_2000_4_1.5_chordal,val_epoch_task,val,cycle6,6,,,,,,,,,,2000,91.0,283.0,1589.0,37.0,0.24331550802139038,0.7109375,0.3625497817993164,0.3625497817993164,0.3625497817993164,128.0,0.06400000303983688
fedavg,fedavg,504|859,504|859,1,504,data_2000_3_11_chordal,global_val_client,val,,6,,,0.4340239502906916,0.9693,0.8830000162124634,0.7999999999999999,0.8010923266410828,0.8010923266410828,0.8010923266410828,2000,,,,,,,,,,,
fedavg,fedavg,504|859,504|859,1,504,data_2000_3_11_chordal,global_val_client_task,val,cycle2,6,,,,,,,,,,2000,82.0,14.0,1904.0,0.0,0.8541666666666666,1.0,0.9213482737541199,0.9213482737541199,0.9213482737541199,82.0,0.04100000113248825
fedavg,fedavg,504|859,504|859,1,504,data_2000_3_11_chordal,global_val_client_task,val,cycle3,6,,,,,,,,,,2000,126.0,30.0,1842.0,2.0,0.8076923076923077,0.984375,0.8873239159584045,0.8873239159584045,0.8873239159584045,128.0,0.06400000303983688
fedavg,fedavg,504|859,504|859,1,504,data_2000_3_11_chordal,global_val_client_task,val,cycle4,6,,,,,,,,,,2000,156.0,54.0,1789.0,1.0,0.7428571428571429,0.9936305732484076,0.8501362800598145,0.8501362800598145,0.8501362800598145,157.0,0.07850000262260437
fedavg,fedavg,504|859,504|859,1,504,data_2000_3_11_chordal,global_val_client_task,val,cycle5,6,,,,,,,,,,2000,180.0,53.0,1760.0,7.0,0.7725321888412017,0.9625668449197861,0.8571428060531616,0.8571428060531616,0.8571428060531616,187.0,0.09350000321865082
fedavg,fedavg,504|859,504|859,1,504,data_2000_3_11_chordal,global_val_client_task,val,cycle6,6,,,,,,,,,,2000,70.0,33.0,1784.0,113.0,0.6796116504854369,0.3825136612021858,0.4895104765892029,0.4895104765892029,0.4895104765892029,183.0,0.09149999916553497
fedavg,fedavg,504|859,504|859,1,859,data_2000_4_1.5_chordal,global_val_client,val,,6,,,0.34148107799887656,0.9443,0.7864999771118164,0.8889774765796293,0.7995112538337708,0.7995112538337708,0.7995112538337708,2000,,,,,,,,,,,
fedavg,fedavg,504|859,504|859,1,859,data_2000_4_1.5_chordal,global_val_client_task,val,cycle2,6,,,,,,,,,,2000,861.0,13.0,1125.0,1.0,0.9851258581235698,0.9988399071925754,0.9919354319572449,0.9919354319572449,0.9919354319572449,862.0,0.4309999942779541
fedavg,fedavg,504|859,504|859,1,859,data_2000_4_1.5_chordal,global_val_client_task,val,cycle3,6,,,,,,,,,,2000,688.0,20.0,1289.0,3.0,0.9717514124293786,0.9956584659913169,0.9835596680641174,0.9835596680641174,0.9835596680641174,691.0,0.34549999237060547
fedavg,fedavg,504|859,504|859,1,859,data_2000_4_1.5_chordal,global_val_client_task,val,cycle4,6,,,,,,,,,,2000,384.0,169.0,1440.0,7.0,0.6943942133815552,0.9820971867007673,0.8135592937469482,0.8135592937469482,0.8135592937469482,391.0,0.19550000131130219
fedavg,fedavg,504|859,504|859,1,859,data_2000_4_1.5_chordal,global_val_client_task,val,cycle5,6,,,,,,,,,,2000,226.0,212.0,1552.0,10.0,0.5159817351598174,0.9576271186440678,0.6706231236457825,0.6706231236457825,0.6706231236457825,236.0,0.11800000071525574
fedavg,fedavg,504|859,504|859,1,859,data_2000_4_1.5_chordal,global_val_client_task,val,cycle6,6,,,,,,,,,,2000,71.0,65.0,1807.0,57.0,0.5220588235294118,0.5546875,0.5378788113594055,0.5378788113594055,0.5378788113594055,128.0,0.06400000303983688
fedavg,fedavg,504|859,504|859,1,all,all,global_val_mean,val,,6,,,0.38775251414478407,0.9568000000000001,0.8347499966621399,0.8444887382898146,0.8003017902374268,0.8003017902374268,0.8003017902374268,4000,,,,,,,,,,,
fedavg,fedavg,504|859,504|859,1,504,data_2000_3_11_chordal,train_epoch,train,,7,1.0,0.20190893447399139,,,,,,,,2000,,,,,,,,,,,
fedavg,fedavg,504|859,504|859,1,504,data_2000_3_11_chordal,train_epoch,train,,7,2.0,0.13037676250934602,,,,,,,,2000,,,,,,,,,,,
fedavg,fedavg,504|859,504|859,1,504,data_2000_3_11_chordal,train_epoch,train,,7,3.0,0.16151736053824425,,,,,,,,2000,,,,,,,,,,,
fedavg,fedavg,504|859,504|859,1,504,data_2000_3_11_chordal,train_epoch,train,,7,4.0,0.18675245600938797,,,,,,,,2000,,,,,,,,,,,
fedavg,fedavg,504|859,504|859,1,504,data_2000_3_11_chordal,train_epoch,train,,7,5.0,0.17617220425605773,,,,,,,,2000,,,,,,,,,,,
fedavg,fedavg,504|859,504|859,1,504,data_2000_3_11_chordal,train_epoch,train,,7,6.0,0.17457010608911513,,,,,,,,2000,,,,,,,,,,,
fedavg,fedavg,504|859,504|859,1,504,data_2000_3_11_chordal,train_epoch,train,,7,7.0,0.16625412568449974,,,,,,,,2000,,,,,,,,,,,
fedavg,fedavg,504|859,504|859,1,504,data_2000_3_11_chordal,train_epoch,train,,7,8.0,0.13344586476683618,,,,,,,,2000,,,,,,,,,,,
fedavg,fedavg,504|859,504|859,1,504,data_2000_3_11_chordal,train_epoch,train,,7,9.0,0.1421236373782158,,,,,,,,2000,,,,,,,,,,,
fedavg,fedavg,504|859,504|859,1,504,data_2000_3_11_chordal,train_epoch,train,,7,10.0,0.1336554511785507,,,,,,,,2000,,,,,,,,,,,
fedavg,fedavg,504|859,504|859,1,504,data_2000_3_11_chordal,val_epoch,val,,7,,,0.17591846531629562,0.9645,0.8665000200271606,0.8031059345535219,0.8364322781562805,0.8364322781562805,0.8364322781562805,2000,,,,,,,,,,,
fedavg,fedavg,504|859,504|859,1,504,data_2000_3_11_chordal,val_epoch_task,val,cycle2,7,,,,,,,,,,2000,82.0,9.0,1909.0,0.0,0.9010989010989011,1.0,0.94797682762146,0.94797682762146,0.94797682762146,82.0,0.04100000113248825
fedavg,fedavg,504|859,504|859,1,504,data_2000_3_11_chordal,val_epoch_task,val,cycle3,7,,,,,,,,,,2000,128.0,33.0,1839.0,0.0,0.7950310559006211,1.0,0.8858131766319275,0.8858131766319275,0.8858131766319275,128.0,0.06400000303983688
fedavg,fedavg,504|859,504|859,1,504,data_2000_3_11_chordal,val_epoch_task,val,cycle4,7,,,,,,,,,,2000,155.0,59.0,1784.0,2.0,0.7242990654205608,0.9872611464968153,0.835579514503479,0.835579514503479,0.835579514503479,157.0,0.07850000262260437
fedavg,fedavg,504|859,504|859,1,504,data_2000_3_11_chordal,val_epoch_task,val,cycle5,7,,,,,,,,,,2000,181.0,48.0,1765.0,6.0,0.7903930131004366,0.9679144385026738,0.8701923489570618,0.8701923489570618,0.8701923489570618,187.0,0.09350000321865082
fedavg,fedavg,504|859,504|859,1,504,data_2000_3_11_chordal,val_epoch_task,val,cycle6,7,,,,,,,,,,2000,178.0,193.0,1624.0,5.0,0.4797843665768194,0.9726775956284153,0.6425992846488953,0.6425992846488953,0.6425992846488953,183.0,0.09149999916553497
fedavg,fedavg,504|859,504|859,1,859,data_2000_4_1.5_chordal,train_epoch,train,,7,1.0,0.23545903933048248,,,,,,,,2000,,,,,,,,,,,
fedavg,fedavg,504|859,504|859,1,859,data_2000_4_1.5_chordal,train_epoch,train,,7,2.0,0.15361933422088622,,,,,,,,2000,,,,,,,,,,,
fedavg,fedavg,504|859,504|859,1,859,data_2000_4_1.5_chordal,train_epoch,train,,7,3.0,0.23318727946281434,,,,,,,,2000,,,,,,,,,,,
fedavg,fedavg,504|859,504|859,1,859,data_2000_4_1.5_chordal,train_epoch,train,,7,4.0,0.1795363367795944,,,,,,,,2000,,,,,,,,,,,
fedavg,fedavg,504|859,504|859,1,859,data_2000_4_1.5_chordal,train_epoch,train,,7,5.0,0.1430608888268471,,,,,,,,2000,,,,,,,,,,,
fedavg,fedavg,504|859,504|859,1,859,data_2000_4_1.5_chordal,train_epoch,train,,7,6.0,0.1408753923177719,,,,,,,,2000,,,,,,,,,,,
fedavg,fedavg,504|859,504|859,1,859,data_2000_4_1.5_chordal,train_epoch,train,,7,7.0,0.16798636311292647,,,,,,,,2000,,,,,,,,,,,
fedavg,fedavg,504|859,504|859,1,859,data_2000_4_1.5_chordal,train_epoch,train,,7,8.0,0.17104230070114135,,,,,,,,2000,,,,,,,,,,,
fedavg,fedavg,504|859,504|859,1,859,data_2000_4_1.5_chordal,train_epoch,train,,7,9.0,0.12729336714744569,,,,,,,,2000,,,,,,,,,,,
fedavg,fedavg,504|859,504|859,1,859,data_2000_4_1.5_chordal,train_epoch,train,,7,10.0,0.1273945952653885,,,,,,,,2000,,,,,,,,,,,
fedavg,fedavg,504|859,504|859,1,859,data_2000_4_1.5_chordal,val_epoch,val,,7,,,0.6585827431678772,0.9617,0.8489999771118164,0.9187354126883089,0.8141721487045288,0.8141721487045288,0.8141721487045288,2000,,,,,,,,,,,
fedavg,fedavg,504|859,504|859,1,859,data_2000_4_1.5_chordal,val_epoch_task,val,cycle2,7,,,,,,,,,,2000,859.0,11.0,1127.0,3.0,0.9873563218390805,0.9965197215777262,0.9919168949127197,0.9919168949127197,0.9919168949127197,862.0,0.4309999942779541
fedavg,fedavg,504|859,504|859,1,859,data_2000_4_1.5_chordal,val_epoch_task,val,cycle3,7,,,,,,,,,,2000,684.0,38.0,1271.0,7.0,0.9473684210526315,0.9898697539797395,0.9681528806686401,0.9681528806686401,0.9681528806686401,691.0,0.34549999237060547
fedavg,fedavg,504|859,504|859,1,859,data_2000_4_1.5_chordal,val_epoch_task,val,cycle4,7,,,,,,,,,,2000,374.0,60.0,1549.0,17.0,0.8617511520737328,0.9565217391304348,0.9066666960716248,0.9066666960716248,0.9066666960716248,391.0,0.19550000131130219
fedavg,fedavg,504|859,504|859,1,859,data_2000_4_1.5_chordal,val_epoch_task,val,cycle5,7,,,,,,,,,,2000,198.0,70.0,1694.0,38.0,0.7388059701492538,0.8389830508474576,0.7857142686843872,0.7857142686843872,0.7857142686843872,236.0,0.11800000071525574
fedavg,fedavg,504|859,504|859,1,859,data_2000_4_1.5_chordal,val_epoch_task,val,cycle6,7,,,,,,,,,,2000,50.0,61.0,1811.0,78.0,0.45045045045045046,0.390625,0.4184100329875946,0.4184100329875946,0.4184100329875946,128.0,0.06400000303983688
fedavg,fedavg,504|859,504|859,1,504,data_2000_3_11_chordal,global_val_client,val,,7,,,0.3757287608385086,0.9688,0.8820000290870667,0.8005115089514068,0.8063396215438843,0.8063396215438843,0.8063396215438843,2000,,,,,,,,,,,
fedavg,fedavg,504|859,504|859,1,504,data_2000_3_11_chordal,global_val_client_task,val,cycle2,7,,,,,,,,,,2000,82.0,18.0,1900.0,0.0,0.82,1.0,0.901098906993866,0.901098906993866,0.901098906993866,82.0,0.04100000113248825
fedavg,fedavg,504|859,504|859,1,504,data_2000_3_11_chordal,global_val_client_task,val,cycle3,7,,,,,,,,,,2000,128.0,42.0,1830.0,0.0,0.7529411764705882,1.0,0.8590604662895203,0.8590604662895203,0.8590604662895203,128.0,0.06400000303983688
fedavg,fedavg,504|859,504|859,1,504,data_2000_3_11_chordal,global_val_client_task,val,cycle4,7,,,,,,,,,,2000,155.0,52.0,1791.0,2.0,0.748792270531401,0.9872611464968153,0.8516483902931213,0.8516483902931213,0.8516483902931213,157.0,0.07850000262260437
fedavg,fedavg,504|859,504|859,1,504,data_2000_3_11_chordal,global_val_client_task,val,cycle5,7,,,,,,,,,,2000,170.0,40.0,1773.0,17.0,0.8095238095238095,0.9090909090909091,0.8564231395721436,0.8564231395721436,0.8564231395721436,187.0,0.09350000321865082
fedavg,fedavg,504|859,504|859,1,504,data_2000_3_11_chordal,global_val_client_task,val,cycle6,7,,,,,,,,,,2000,91.0,49.0,1768.0,92.0,0.65,0.4972677595628415,0.5634675025939941,0.5634675025939941,0.5634675025939941,183.0,0.09149999916553497
fedavg,fedavg,504|859,504|859,1,859,data_2000_4_1.5_chordal,global_val_client,val,,7,,,0.2729317264556885,0.936,0.7760000228881836,0.8761130468447541,0.795345664024353,0.795345664024353,0.795345664024353,2000,,,,,,,,,,,
fedavg,fedavg,504|859,504|859,1,859,data_2000_4_1.5_chordal,global_val_client_task,val,cycle2,7,,,,,,,,,,2000,862.0,18.0,1120.0,0.0,0.9795454545454545,1.0,0.9896670579910278,0.9896670579910278,0.9896670579910278,862.0,0.4309999942779541
fedavg,fedavg,504|859,504|859,1,859,data_2000_4_1.5_chordal,global_val_client_task,val,cycle3,7,,,,,,,,,,2000,691.0,24.0,1285.0,0.0,0.9664335664335665,1.0,0.9829303622245789,0.9829303622245789,0.9829303622245789,691.0,0.34549999237060547
fedavg,fedavg,504|859,504|859,1,859,data_2000_4_1.5_chordal,global_val_client_task,val,cycle4,7,,,,,,,,,,2000,388.0,224.0,1385.0,3.0,0.6339869281045751,0.9923273657289002,0.7736789584159851,0.7736789584159851,0.7736789584159851,391.0,0.19550000131130219
fedavg,fedavg,504|859,504|859,1,859,data_2000_4_1.5_chordal,global_val_client_task,val,cycle5,7,,,,,,,,,,2000,218.0,169.0,1595.0,18.0,0.5633074935400517,0.923728813559322,0.6998395323753357,0.6998395323753357,0.6998395323753357,236.0,0.11800000071525574
fedavg,fedavg,504|859,504|859,1,859,data_2000_4_1.5_chordal,global_val_client_task,val,cycle6,7,,,,,,,,,,2000,104.0,160.0,1712.0,24.0,0.3939393939393939,0.8125,0.5306122899055481,0.5306122899055481,0.5306122899055481,128.0,0.06400000303983688
fedavg,fedavg,504|859,504|859,1,all,all,global_val_mean,val,,7,,,0.32433024364709856,0.9524,0.8290000259876251,0.8383122778980804,0.8008426427841187,0.8008426427841187,0.8008426427841187,4000,,,,,,,,,,,
fedavg,fedavg,504|859,504|859,1,504,data_2000_3_11_chordal,train_epoch,train,,8,1.0,0.16688071912527083,,,,,,,,2000,,,,,,,,,,,
fedavg,fedavg,504|859,504|859,1,504,data_2000_3_11_chordal,train_epoch,train,,8,2.0,0.1542558459043503,,,,,,,,2000,,,,,,,,,,,
fedavg,fedavg,504|859,504|859,1,504,data_2000_3_11_chordal,train_epoch,train,,8,3.0,0.14935353538393975,,,,,,,,2000,,,,,,,,,,,
fedavg,fedavg,504|859,504|859,1,504,data_2000_3_11_chordal,train_epoch,train,,8,4.0,0.14274638015031815,,,,,,,,2000,,,,,,,,,,,
fedavg,fedavg,504|859,504|859,1,504,data_2000_3_11_chordal,train_epoch,train,,8,5.0,0.14574220363795756,,,,,,,,2000,,,,,,,,,,,
fedavg,fedavg,504|859,504|859,1,504,data_2000_3_11_chordal,train_epoch,train,,8,6.0,0.12328993889689445,,,,,,,,2000,,,,,,,,,,,
fedavg,fedavg,504|859,504|859,1,504,data_2000_3_11_chordal,train_epoch,train,,8,7.0,0.1263579398691654,,,,,,,,2000,,,,,,,,,,,
fedavg,fedavg,504|859,504|859,1,504,data_2000_3_11_chordal,train_epoch,train,,8,8.0,0.1733477091193199,,,,,,,,2000,,,,,,,,,,,
fedavg,fedavg,504|859,504|859,1,504,data_2000_3_11_chordal,train_epoch,train,,8,9.0,0.14820760864019394,,,,,,,,2000,,,,,,,,,,,
fedavg,fedavg,504|859,504|859,1,504,data_2000_3_11_chordal,train_epoch,train,,8,10.0,0.1325704973936081,,,,,,,,2000,,,,,,,,,,,
fedavg,fedavg,504|859,504|859,1,504,data_2000_3_11_chordal,val_epoch,val,,8,,,0.17213647216558456,0.9565,0.8495000004768372,0.7697194282689254,0.7880192399024963,0.7880192399024963,0.7880192399024963,2000,,,,,,,,,,,
fedavg,fedavg,504|859,504|859,1,504,data_2000_3_11_chordal,val_epoch_task,val,cycle2,8,,,,,,,,,,2000,82.0,22.0,1896.0,0.0,0.7884615384615384,1.0,0.8817204236984253,0.8817204236984253,0.8817204236984253,82.0,0.04100000113248825
fedavg,fedavg,504|859,504|859,1,504,data_2000_3_11_chordal,val_epoch_task,val,cycle3,8,,,,,,,,,,2000,128.0,61.0,1811.0,0.0,0.6772486772486772,1.0,0.8075709342956543,0.8075709342956543,0.8075709342956543,128.0,0.06400000303983688
fedavg,fedavg,504|859,504|859,1,504,data_2000_3_11_chordal,val_epoch_task,val,cycle4,8,,,,,,,,,,2000,156.0,75.0,1768.0,1.0,0.6753246753246753,0.9936305732484076,0.8041236996650696,0.8041236996650696,0.8041236996650696,157.0,0.07850000262260437
fedavg,fedavg,504|859,504|859,1,504,data_2000_3_11_chordal,val_epoch_task,val,cycle5,8,,,,,,,,,,2000,186.0,129.0,1684.0,1.0,0.5904761904761905,0.9946524064171123,0.7410359382629395,0.7410359382629395,0.7410359382629395,187.0,0.09350000321865082
fedavg,fedavg,504|859,504|859,1,504,data_2000_3_11_chordal,val_epoch_task,val,cycle6,8,,,,,,,,,,2000,175.0,138.0,1679.0,8.0,0.5591054313099042,0.9562841530054644,0.7056451439857483,0.7056451439857483,0.7056451439857483,183.0,0.09149999916553497
fedavg,fedavg,504|859,504|859,1,859,data_2000_4_1.5_chordal,train_epoch,train,,8,1.0,0.21433290714025496,,,,,,,,2000,,,,,,,,,,,
fedavg,fedavg,504|859,504|859,1,859,data_2000_4_1.5_chordal,train_epoch,train,,8,2.0,0.15139480966329574,,,,,,,,2000,,,,,,,,,,,
fedavg,fedavg,504|859,504|859,1,859,data_2000_4_1.5_chordal,train_epoch,train,,8,3.0,0.15040417686104773,,,,,,,,2000,,,,,,,,,,,
fedavg,fedavg,504|859,504|859,1,859,data_2000_4_1.5_chordal,train_epoch,train,,8,4.0,0.16220987829566003,,,,,,,,2000,,,,,,,,,,,
fedavg,fedavg,504|859,504|859,1,859,data_2000_4_1.5_chordal,train_epoch,train,,8,5.0,0.15828105926513672,,,,,,,,2000,,,,,,,,,,,
fedavg,fedavg,504|859,504|859,1,859,data_2000_4_1.5_chordal,train_epoch,train,,8,6.0,0.1608633560538292,,,,,,,,2000,,,,,,,,,,,
fedavg,fedavg,504|859,504|859,1,859,data_2000_4_1.5_chordal,train_epoch,train,,8,7.0,0.143827721118927,,,,,,,,2000,,,,,,,,,,,
fedavg,fedavg,504|859,504|859,1,859,data_2000_4_1.5_chordal,train_epoch,train,,8,8.0,0.1453460853099823,,,,,,,,2000,,,,,,,,,,,
fedavg,fedavg,504|859,504|859,1,859,data_2000_4_1.5_chordal,train_epoch,train,,8,9.0,0.12709692713618279,,,,,,,,2000,,,,,,,,,,,
fedavg,fedavg,504|859,504|859,1,859,data_2000_4_1.5_chordal,train_epoch,train,,8,10.0,0.15025771176815034,,,,,,,,2000,,,,,,,,,,,
fedavg,fedavg,504|859,504|859,1,859,data_2000_4_1.5_chordal,val_epoch,val,,8,,,0.8174332075119018,0.9622,0.8420000076293945,0.9204545454545455,0.8015536069869995,0.8015536069869995,0.8015536069869995,2000,,,,,,,,,,,
fedavg,fedavg,504|859,504|859,1,859,data_2000_4_1.5_chordal,val_epoch_task,val,cycle2,8,,,,,,,,,,2000,862.0,7.0,1131.0,0.0,0.9919447640966629,1.0,0.9959561228752136,0.9959561228752136,0.9959561228752136,862.0,0.4309999942779541
fedavg,fedavg,504|859,504|859,1,859,data_2000_4_1.5_chordal,val_epoch_task,val,cycle3,8,,,,,,,,,,2000,686.0,16.0,1293.0,5.0,0.9772079772079773,0.9927641099855282,0.9849246144294739,0.9849246144294739,0.9849246144294739,691.0,0.34549999237060547
fedavg,fedavg,504|859,504|859,1,859,data_2000_4_1.5_chordal,val_epoch_task,val,cycle4,8,,,,,,,,,,2000,378.0,55.0,1554.0,13.0,0.8729792147806005,0.9667519181585678,0.917475700378418,0.917475700378418,0.917475700378418,391.0,0.19550000131130219
fedavg,fedavg,504|859,504|859,1,859,data_2000_4_1.5_chordal,val_epoch_task,val,cycle5,8,,,,,,,,,,2000,224.0,140.0,1624.0,12.0,0.6153846153846154,0.9491525423728814,0.746666669845581,0.746666669845581,0.746666669845581,236.0,0.11800000071525574
fedavg,fedavg,504|859,504|859,1,859,data_2000_4_1.5_chordal,val_epoch_task,val,cycle6,8,,,,,,,,,,2000,37.0,39.0,1833.0,91.0,0.4868421052631579,0.2890625,0.362745076417923,0.362745076417923,0.362745076417923,128.0,0.06400000303983688
fedavg,fedavg,504|859,504|859,1,504,data_2000_3_11_chordal,global_val_client,val,,8,,,0.36108786857128145,0.9687,0.8924999833106995,0.8073846153846155,0.812149703502655,0.812149703502655,0.812149703502655,2000,,,,,,,,,,,
fedavg,fedavg,504|859,504|859,1,504,data_2000_3_11_chordal,global_val_client_task,val,cycle2,8,,,,,,,,,,2000,82.0,23.0,1895.0,0.0,0.780952380952381,1.0,0.8770053386688232,0.8770053386688232,0.8770053386688232,82.0,0.04100000113248825
fedavg,fedavg,504|859,504|859,1,504,data_2000_3_11_chordal,global_val_client_task,val,cycle3,8,,,,,,,,,,2000,128.0,46.0,1826.0,0.0,0.735632183908046,1.0,0.8476821184158325,0.8476821184158325,0.8476821184158325,128.0,0.06400000303983688
fedavg,fedavg,504|859,504|859,1,504,data_2000_3_11_chordal,global_val_client_task,val,cycle4,8,,,,,,,,,,2000,156.0,48.0,1795.0,1.0,0.7647058823529411,0.9936305732484076,0.8642659187316895,0.8642659187316895,0.8642659187316895,157.0,0.07850000262260437
fedavg,fedavg,504|859,504|859,1,504,data_2000_3_11_chordal,global_val_client_task,val,cycle5,8,,,,,,,,,,2000,183.0,80.0,1733.0,4.0,0.6958174904942965,0.9786096256684492,0.8133333325386047,0.8133333325386047,0.8133333325386047,187.0,0.09350000321865082
fedavg,fedavg,504|859,504|859,1,504,data_2000_3_11_chordal,global_val_client_task,val,cycle6,8,,,,,,,,,,2000,107.0,35.0,1782.0,76.0,0.7535211267605634,0.5846994535519126,0.6584615707397461,0.6584615707397461,0.6584615707397461,183.0,0.09149999916553497
fedavg,fedavg,504|859,504|859,1,859,data_2000_4_1.5_chordal,global_val_client,val,,8,,,0.33783716440200806,0.9189,0.7225000262260437,0.8476995305164319,0.7626329660415649,0.7626329660415649,0.7626329660415649,2000,,,,,,,,,,,
fedavg,fedavg,504|859,504|859,1,859,data_2000_4_1.5_chordal,global_val_client_task,val,cycle2,8,,,,,,,,,,2000,862.0,25.0,1113.0,0.0,0.971815107102593,1.0,0.985706090927124,0.985706090927124,0.985706090927124,862.0,0.4309999942779541
fedavg,fedavg,504|859,504|859,1,859,data_2000_4_1.5_chordal,global_val_client_task,val,cycle3,8,,,,,,,,,,2000,691.0,45.0,1264.0,0.0,0.938858695652174,1.0,0.968465268611908,0.968465268611908,0.968465268611908,691.0,0.34549999237060547
fedavg,fedavg,504|859,504|859,1,859,data_2000_4_1.5_chordal,global_val_client_task,val,cycle4,8,,,,,,,,,,2000,389.0,237.0,1372.0,2.0,0.6214057507987221,0.9948849104859335,0.7649950981140137,0.7649950981140137,0.7649950981140137,391.0,0.19550000131130219
fedavg,fedavg,504|859,504|859,1,859,data_2000_4_1.5_chordal,global_val_client_task,val,cycle5,8,,,,,,,,,,2000,230.0,342.0,1422.0,6.0,0.4020979020979021,0.9745762711864406,0.5693069696426392,0.5693069696426392,0.5693069696426392,236.0,0.11800000071525574
fedavg,fedavg,504|859,504|859,1,859,data_2000_4_1.5_chordal,global_val_client_task,val,cycle6,8,,,,,,,,,,2000,85.0,111.0,1761.0,43.0,0.4336734693877551,0.6640625,0.5246913433074951,0.5246913433074951,0.5246913433074951,128.0,0.06400000303983688
fedavg,fedavg,504|859,504|859,1,all,all,global_val_mean,val,,8,,,0.3494625164866447,0.9438000000000001,0.8075000047683716,0.8275420729505236,0.78739133477211,0.78739133477211,0.78739133477211,4000,,,,,,,,,,,
fedavg,fedavg,504|859,504|859,1,504,data_2000_3_11_chordal,train_epoch,train,,9,1.0,0.15143889121711254,,,,,,,,2000,,,,,,,,,,,
fedavg,fedavg,504|859,504|859,1,504,data_2000_3_11_chordal,train_epoch,train,,9,2.0,0.1780444346666336,,,,,,,,2000,,,,,,,,,,,
fedavg,fedavg,504|859,504|859,1,504,data_2000_3_11_chordal,train_epoch,train,,9,3.0,0.18951847577095032,,,,,,,,2000,,,,,,,,,,,
fedavg,fedavg,504|859,504|859,1,504,data_2000_3_11_chordal,train_epoch,train,,9,4.0,0.17291043466329575,,,,,,,,2000,,,,,,,,,,,
fedavg,fedavg,504|859,504|859,1,504,data_2000_3_11_chordal,train_epoch,train,,9,5.0,0.16983988974243402,,,,,,,,2000,,,,,,,,,,,
fedavg,fedavg,504|859,504|859,1,504,data_2000_3_11_chordal,train_epoch,train,,9,6.0,0.12500245422124862,,,,,,,,2000,,,,,,,,,,,
fedavg,fedavg,504|859,504|859,1,504,data_2000_3_11_chordal,train_epoch,train,,9,7.0,0.1350100057721138,,,,,,,,2000,,,,,,,,,,,
fedavg,fedavg,504|859,504|859,1,504,data_2000_3_11_chordal,train_epoch,train,,9,8.0,0.1618992693424225,,,,,,,,2000,,,,,,,,,,,
fedavg,fedavg,504|859,504|859,1,504,data_2000_3_11_chordal,train_epoch,train,,9,9.0,0.1751592758744955,,,,,,,,2000,,,,,,,,,,,
fedavg,fedavg,504|859,504|859,1,504,data_2000_3_11_chordal,train_epoch,train,,9,10.0,0.12731863498687745,,,,,,,,2000,,,,,,,,,,,
fedavg,fedavg,504|859,504|859,1,504,data_2000_3_11_chordal,val_epoch,val,,9,,,0.17614789149761417,0.9762,0.906000018119812,0.8567990373044524,0.8753622174263,0.8753622174263,0.8753622174263,2000,,,,,,,,,,,
fedavg,fedavg,504|859,504|859,1,504,data_2000_3_11_chordal,val_epoch_task,val,cycle2,9,,,,,,,,,,2000,82.0,6.0,1912.0,0.0,0.9318181818181818,1.0,0.9647058844566345,0.9647058844566345,0.9647058844566345,82.0,0.04100000113248825
fedavg,fedavg,504|859,504|859,1,504,data_2000_3_11_chordal,val_epoch_task,val,cycle3,9,,,,,,,,,,2000,128.0,19.0,1853.0,0.0,0.8707482993197279,1.0,0.9309090971946716,0.9309090971946716,0.9309090971946716,128.0,0.06400000303983688
fedavg,fedavg,504|859,504|859,1,504,data_2000_3_11_chordal,val_epoch_task,val,cycle4,9,,,,,,,,,,2000,155.0,57.0,1786.0,2.0,0.7311320754716981,0.9872611464968153,0.8401083946228027,0.8401083946228027,0.8401083946228027,157.0,0.07850000262260437
fedavg,fedavg,504|859,504|859,1,504,data_2000_3_11_chordal,val_epoch_task,val,cycle5,9,,,,,,,,,,2000,179.0,42.0,1771.0,8.0,0.8099547511312217,0.9572192513368984,0.8774509429931641,0.8774509429931641,0.8774509429931641,187.0,0.09350000321865082
fedavg,fedavg,504|859,504|859,1,504,data_2000_3_11_chordal,val_epoch_task,val,cycle6,9,,,,,,,,,,2000,168.0,89.0,1728.0,15.0,0.6536964980544747,0.9180327868852459,0.7636363506317139,0.7636363506317139,0.7636363506317139,183.0,0.09149999916553497
fedavg,fedavg,504|859,504|859,1,859,data_2000_4_1.5_chordal,train_epoch,train,,9,1.0,0.2028080290555954,,,,,,,,2000,,,,,,,,,,,
fedavg,fedavg,504|859,504|859,1,859,data_2000_4_1.5_chordal,train_epoch,train,,9,2.0,0.1411492623090744,,,,,,,,2000,,,,,,,,,,,
fedavg,fedavg,504|859,504|859,1,859,data_2000_4_1.5_chordal,train_epoch,train,,9,3.0,0.12950200414657592,,,,,,,,2000,,,,,,,,,,,
fedavg,fedavg,504|859,504|859,1,859,data_2000_4_1.5_chordal,train_epoch,train,,9,4.0,0.1586473881006241,,,,,,,,2000,,,,,,,,,,,
fedavg,fedavg,504|859,504|859,1,859,data_2000_4_1.5_chordal,train_epoch,train,,9,5.0,0.14293515074253083,,,,,,,,2000,,,,,,,,,,,
fedavg,fedavg,504|859,504|859,1,859,data_2000_4_1.5_chordal,train_epoch,train,,9,6.0,0.15003586983680725,,,,,,,,2000,,,,,,,,,,,
fedavg,fedavg,504|859,504|859,1,859,data_2000_4_1.5_chordal,train_epoch,train,,9,7.0,0.14689686477184297,,,,,,,,2000,,,,,,,,,,,
fedavg,fedavg,504|859,504|859,1,859,data_2000_4_1.5_chordal,train_epoch,train,,9,8.0,0.1793557609319687,,,,,,,,2000,,,,,,,,,,,
fedavg,fedavg,504|859,504|859,1,859,data_2000_4_1.5_chordal,train_epoch,train,,9,9.0,0.12849594540894033,,,,,,,,2000,,,,,,,,,,,
fedavg,fedavg,504|859,504|859,1,859,data_2000_4_1.5_chordal,train_epoch,train,,9,10.0,0.1420617278814316,,,,,,,,2000,,,,,,,,,,,
fedavg,fedavg,504|859,504|859,1,859,data_2000_4_1.5_chordal,val_epoch,val,,9,,,0.836450239777565,0.9647,0.8554999828338623,0.9240043057050592,0.7851290702819824,0.7851290702819824,0.7851290702819824,2000,,,,,,,,,,,
fedavg,fedavg,504|859,504|859,1,859,data_2000_4_1.5_chordal,val_epoch_task,val,cycle2,9,,,,,,,,,,2000,862.0,5.0,1133.0,0.0,0.994232987312572,1.0,0.9971081614494324,0.9971081614494324,0.9971081614494324,862.0,0.4309999942779541
fedavg,fedavg,504|859,504|859,1,859,data_2000_4_1.5_chordal,val_epoch_task,val,cycle3,9,,,,,,,,,,2000,690.0,26.0,1283.0,1.0,0.9636871508379888,0.9985528219971056,0.9808102250099182,0.9808102250099182,0.9808102250099182,691.0,0.34549999237060547
fedavg,fedavg,504|859,504|859,1,859,data_2000_4_1.5_chordal,val_epoch_task,val,cycle4,9,,,,,,,,,,2000,375.0,47.0,1562.0,16.0,0.8886255924170616,0.959079283887468,0.9225092530250549,0.9225092530250549,0.9225092530250549,391.0,0.19550000131130219
fedavg,fedavg,504|859,504|859,1,859,data_2000_4_1.5_chordal,val_epoch_task,val,cycle5,9,,,,,,,,,,2000,195.0,68.0,1696.0,41.0,0.7414448669201521,0.826271186440678,0.7815631031990051,0.7815631031990051,0.7815631031990051,236.0,0.11800000071525574
fedavg,fedavg,504|859,504|859,1,859,data_2000_4_1.5_chordal,val_epoch_task,val,cycle6,9,,,,,,,,,,2000,24.0,45.0,1827.0,104.0,0.34782608695652173,0.1875,0.24365480244159698,0.24365480244159698,0.24365480244159698,128.0,0.06400000303983688
fedavg,fedavg,504|859,504|859,1,504,data_2000_3_11_chordal,global_val_client,val,,9,,,0.5061711481660605,0.9688,0.8849999904632568,0.7903225806451613,0.7820563316345215,0.7820563316345215,0.7820563316345215,2000,,,,,,,,,,,
fedavg,fedavg,504|859,504|859,1,504,data_2000_3_11_chordal,global_val_client_task,val,cycle2,9,,,,,,,,,,2000,82.0,20.0,1898.0,0.0,0.803921568627451,1.0,0.8913043737411499,0.8913043737411499,0.8913043737411499,82.0,0.04100000113248825
fedavg,fedavg,504|859,504|859,1,504,data_2000_3_11_chordal,global_val_client_task,val,cycle3,9,,,,,,,,,,2000,128.0,39.0,1833.0,0.0,0.7664670658682635,1.0,0.8677965998649597,0.8677965998649597,0.8677965998649597,128.0,0.06400000303983688
fedavg,fedavg,504|859,504|859,1,504,data_2000_3_11_chordal,global_val_client_task,val,cycle4,9,,,,,,,,,,2000,156.0,49.0,1794.0,1.0,0.7609756097560976,0.9936305732484076,0.8618783950805664,0.8618783950805664,0.8618783950805664,157.0,0.07850000262260437
fedavg,fedavg,504|859,504|859,1,504,data_2000_3_11_chordal,global_val_client_task,val,cycle5,9,,,,,,,,,,2000,165.0,39.0,1774.0,22.0,0.8088235294117647,0.8823529411764706,0.8439897894859314,0.8439897894859314,0.8439897894859314,187.0,0.09350000321865082
fedavg,fedavg,504|859,504|859,1,504,data_2000_3_11_chordal,global_val_client_task,val,cycle6,9,,,,,,,,,,2000,57.0,16.0,1801.0,126.0,0.7808219178082192,0.3114754098360656,0.4453124701976776,0.4453124701976776,0.4453124701976776,183.0,0.09149999916553497
fedavg,fedavg,504|859,504|859,1,859,data_2000_4_1.5_chordal,global_val_client,val,,9,,,0.347384197473526,0.9564,0.8320000171661377,0.9100660066006601,0.8213552236557007,0.8213552236557007,0.8213552236557007,2000,,,,,,,,,,,
fedavg,fedavg,504|859,504|859,1,859,data_2000_4_1.5_chordal,global_val_client_task,val,cycle2,9,,,,,,,,,,2000,862.0,18.0,1120.0,0.0,0.9795454545454545,1.0,0.9896670579910278,0.9896670579910278,0.9896670579910278,862.0,0.4309999942779541
fedavg,fedavg,504|859,504|859,1,859,data_2000_4_1.5_chordal,global_val_client_task,val,cycle3,9,,,,,,,,,,2000,691.0,33.0,1276.0,0.0,0.9544198895027625,1.0,0.9766784906387329,0.9766784906387329,0.9766784906387329,691.0,0.34549999237060547
fedavg,fedavg,504|859,504|859,1,859,data_2000_4_1.5_chordal,global_val_client_task,val,cycle4,9,,,,,,,,,,2000,385.0,130.0,1479.0,6.0,0.7475728155339806,0.9846547314578005,0.8498896360397339,0.8498896360397339,0.8498896360397339,391.0,0.19550000131130219
fedavg,fedavg,504|859,504|859,1,859,data_2000_4_1.5_chordal,global_val_client_task,val,cycle5,9,,,,,,,,,,2000,201.0,102.0,1662.0,35.0,0.6633663366336634,0.8516949152542372,0.7458256483078003,0.7458256483078003,0.7458256483078003,236.0,0.11800000071525574
fedavg,fedavg,504|859,504|859,1,859,data_2000_4_1.5_chordal,global_val_client_task,val,cycle6,9,,,,,,,,,,2000,67.0,51.0,1821.0,61.0,0.5677966101694916,0.5234375,0.544715404510498,0.544715404510498,0.544715404510498,128.0,0.06400000303983688
fedavg,fedavg,504|859,504|859,1,all,all,global_val_mean,val,,9,,,0.42677767281979323,0.9625999999999999,0.8585000038146973,0.8501942936229107,0.8017057776451111,0.8017057776451111,0.8017057776451111,4000,,,,,,,,,,,
fedavg,fedavg,504|859,504|859,1,504,data_2000_3_11_chordal,train_epoch,train,,10,1.0,0.1831993398666382,,,,,,,,2000,,,,,,,,,,,
fedavg,fedavg,504|859,504|859,1,504,data_2000_3_11_chordal,train_epoch,train,,10,2.0,0.13225269705057144,,,,,,,,2000,,,,,,,,,,,
fedavg,fedavg,504|859,504|859,1,504,data_2000_3_11_chordal,train_epoch,train,,10,3.0,0.15628339064121247,,,,,,,,2000,,,,,,,,,,,
fedavg,fedavg,504|859,504|859,1,504,data_2000_3_11_chordal,train_epoch,train,,10,4.0,0.1294066421315074,,,,,,,,2000,,,,,,,,,,,
fedavg,fedavg,504|859,504|859,1,504,data_2000_3_11_chordal,train_epoch,train,,10,5.0,0.13837863463163375,,,,,,,,2000,,,,,,,,,,,
fedavg,fedavg,504|859,504|859,1,504,data_2000_3_11_chordal,train_epoch,train,,10,6.0,0.14720854787528515,,,,,,,,2000,,,,,,,,,,,
fedavg,fedavg,504|859,504|859,1,504,data_2000_3_11_chordal,train_epoch,train,,10,7.0,0.1173560191988945,,,,,,,,2000,,,,,,,,,,,
fedavg,fedavg,504|859,504|859,1,504,data_2000_3_11_chordal,train_epoch,train,,10,8.0,0.14658090996742248,,,,,,,,2000,,,,,,,,,,,
fedavg,fedavg,504|859,504|859,1,504,data_2000_3_11_chordal,train_epoch,train,,10,9.0,0.16419620959833264,,,,,,,,2000,,,,,,,,,,,
fedavg,fedavg,504|859,504|859,1,504,data_2000_3_11_chordal,train_epoch,train,,10,10.0,0.12454376047849655,,,,,,,,2000,,,,,,,,,,,
fedavg,fedavg,504|859,504|859,1,504,data_2000_3_11_chordal,val_epoch,val,,10,,,0.19631335866451263,0.9684,0.8889999985694885,0.817762399077278,0.8256241083145142,0.8256241083145142,0.8256241083145142,2000,,,,,,,,,,,
fedavg,fedavg,504|859,504|859,1,504,data_2000_3_11_chordal,val_epoch_task,val,cycle2,10,,,,,,,,,,2000,82.0,33.0,1885.0,0.0,0.7130434782608696,1.0,0.8324872851371765,0.8324872851371765,0.8324872851371765,82.0,0.04100000113248825
fedavg,fedavg,504|859,504|859,1,504,data_2000_3_11_chordal,val_epoch_task,val,cycle3,10,,,,,,,,,,2000,128.0,32.0,1840.0,0.0,0.8,1.0,0.888888955116272,0.888888955116272,0.888888955116272,128.0,0.06400000303983688
fedavg,fedavg,504|859,504|859,1,504,data_2000_3_11_chordal,val_epoch_task,val,cycle4,10,,,,,,,,,,2000,152.0,57.0,1786.0,5.0,0.7272727272727273,0.9681528662420382,0.8306010961532593,0.8306010961532593,0.8306010961532593,157.0,0.07850000262260437
fedavg,fedavg,504|859,504|859,1,504,data_2000_3_11_chordal,val_epoch_task,val,cycle5,10,,,,,,,,,,2000,182.0,58.0,1755.0,5.0,0.7583333333333333,0.9732620320855615,0.8524590134620667,0.8524590134620667,0.8524590134620667,187.0,0.09350000321865082
fedavg,fedavg,504|859,504|859,1,504,data_2000_3_11_chordal,val_epoch_task,val,cycle6,10,,,,,,,,,,2000,165.0,108.0,1709.0,18.0,0.6043956043956044,0.9016393442622951,0.7236841917037964,0.7236841917037964,0.7236841917037964,183.0,0.09149999916553497
fedavg,fedavg,504|859,504|859,1,859,data_2000_4_1.5_chordal,train_epoch,train,,10,1.0,0.1593164593577385,,,,,,,,2000,,,,,,,,,,,
fedavg,fedavg,504|859,504|859,1,859,data_2000_4_1.5_chordal,train_epoch,train,,10,2.0,0.1401955451965332,,,,,,,,2000,,,,,,,,,,,
fedavg,fedavg,504|859,504|859,1,859,data_2000_4_1.5_chordal,train_epoch,train,,10,3.0,0.1428083611726761,,,,,,,,2000,,,,,,,,,,,
fedavg,fedavg,504|859,504|859,1,859,data_2000_4_1.5_chordal,train_epoch,train,,10,4.0,0.14576125597953796,,,,,,,,2000,,,,,,,,,,,
fedavg,fedavg,504|859,504|859,1,859,data_2000_4_1.5_chordal,train_epoch,train,,10,5.0,0.14580208766460417,,,,,,,,2000,,,,,,,,,,,
fedavg,fedavg,504|859,504|859,1,859,data_2000_4_1.5_chordal,train_epoch,train,,10,6.0,0.12548025143146516,,,,,,,,2000,,,,,,,,,,,
fedavg,fedavg,504|859,504|859,1,859,data_2000_4_1.5_chordal,train_epoch,train,,10,7.0,0.14780502223968506,,,,,,,,2000,,,,,,,,,,,
fedavg,fedavg,504|859,504|859,1,859,data_2000_4_1.5_chordal,train_epoch,train,,10,8.0,0.14264448767900467,,,,,,,,2000,,,,,,,,,,,
fedavg,fedavg,504|859,504|859,1,859,data_2000_4_1.5_chordal,train_epoch,train,,10,9.0,0.13063900563120842,,,,,,,,2000,,,,,,,,,,,
fedavg,fedavg,504|859,504|859,1,859,data_2000_4_1.5_chordal,train_epoch,train,,10,10.0,0.12269648134708405,,,,,,,,2000,,,,,,,,,,,
fedavg,fedavg,504|859,504|859,1,859,data_2000_4_1.5_chordal,val_epoch,val,,10,,,0.703753667935729,0.9516,0.828000009059906,0.9015459723352318,0.7903425097465515,0.7903425097465515,0.7903425097465515,2000,,,,,,,,,,,
fedavg,fedavg,504|859,504|859,1,859,data_2000_4_1.5_chordal,val_epoch_task,val,cycle2,10,,,,,,,,,,2000,861.0,13.0,1125.0,1.0,0.9851258581235698,0.9988399071925754,0.9919354319572449,0.9919354319572449,0.9919354319572449,862.0,0.4309999942779541
fedavg,fedavg,504|859,504|859,1,859,data_2000_4_1.5_chordal,val_epoch_task,val,cycle3,10,,,,,,,,,,2000,690.0,38.0,1271.0,1.0,0.9478021978021978,0.9985528219971056,0.9725158214569092,0.9725158214569092,0.9725158214569092,691.0,0.34549999237060547
fedavg,fedavg,504|859,504|859,1,859,data_2000_4_1.5_chordal,val_epoch_task,val,cycle4,10,,,,,,,,,,2000,389.0,86.0,1523.0,2.0,0.8189473684210526,0.9948849104859335,0.8983833193778992,0.8983833193778992,0.8983833193778992,391.0,0.19550000131130219
fedavg,fedavg,504|859,504|859,1,859,data_2000_4_1.5_chordal,val_epoch_task,val,cycle5,10,,,,,,,,,,2000,227.0,159.0,1605.0,9.0,0.5880829015544041,0.961864406779661,0.7299035787582397,0.7299035787582397,0.7299035787582397,236.0,0.11800000071525574
fedavg,fedavg,504|859,504|859,1,859,data_2000_4_1.5_chordal,val_epoch_task,val,cycle6,10,,,,,,,,,,2000,49.0,96.0,1776.0,79.0,0.33793103448275863,0.3828125,0.3589743673801422,0.3589743673801422,0.3589743673801422,128.0,0.06400000303983688
fedavg,fedavg,504|859,504|859,1,504,data_2000_3_11_chordal,global_val_client,val,,10,,,0.3365173283815384,0.9718,0.9020000100135803,0.8237500000000001,0.8252487182617188,0.8252487182617188,0.8252487182617188,2000,,,,,,,,,,,
fedavg,fedavg,504|859,504|859,1,504,data_2000_3_11_chordal,global_val_client_task,val,cycle2,10,,,,,,,,,,2000,82.0,34.0,1884.0,0.0,0.7068965517241379,1.0,0.8282828330993652,0.8282828330993652,0.8282828330993652,82.0,0.04100000113248825
fedavg,fedavg,504|859,504|859,1,504,data_2000_3_11_chordal,global_val_client_task,val,cycle3,10,,,,,,,,,,2000,128.0,35.0,1837.0,0.0,0.7852760736196319,1.0,0.8797250986099243,0.8797250986099243,0.8797250986099243,128.0,0.06400000303983688
fedavg,fedavg,504|859,504|859,1,504,data_2000_3_11_chordal,global_val_client_task,val,cycle4,10,,,,,,,,,,2000,151.0,48.0,1795.0,6.0,0.7587939698492462,0.9617834394904459,0.8483145236968994,0.8483145236968994,0.8483145236968994,157.0,0.07850000262260437
fedavg,fedavg,504|859,504|859,1,504,data_2000_3_11_chordal,global_val_client_task,val,cycle5,10,,,,,,,,,,2000,172.0,55.0,1758.0,15.0,0.7577092511013216,0.9197860962566845,0.8309178948402405,0.8309178948402405,0.8309178948402405,187.0,0.09350000321865082
fedavg,fedavg,504|859,504|859,1,504,data_2000_3_11_chordal,global_val_client_task,val,cycle6,10,,,,,,,,,,2000,126.0,32.0,1785.0,57.0,0.7974683544303798,0.6885245901639344,0.7390030026435852,0.7390030026435852,0.7390030026435852,183.0,0.09149999916553497
fedavg,fedavg,504|859,504|859,1,859,data_2000_4_1.5_chordal,global_val_client,val,,10,,,0.3604235522150993,0.9381,0.7664999961853027,0.8779814705302582,0.7839025259017944,0.7839025259017944,0.7839025259017944,2000,,,,,,,,,,,
fedavg,fedavg,504|859,504|859,1,859,data_2000_4_1.5_chordal,global_val_client_task,val,cycle2,10,,,,,,,,,,2000,862.0,17.0,1121.0,0.0,0.9806598407281001,1.0,0.9902355074882507,0.9902355074882507,0.9902355074882507,862.0,0.4309999942779541
fedavg,fedavg,504|859,504|859,1,859,data_2000_4_1.5_chordal,global_val_client_task,val,cycle3,10,,,,,,,,,,2000,691.0,35.0,1274.0,0.0,0.9517906336088154,1.0,0.9752999544143677,0.9752999544143677,0.9752999544143677,691.0,0.34549999237060547
fedavg,fedavg,504|859,504|859,1,859,data_2000_4_1.5_chordal,global_val_client_task,val,cycle4,10,,,,,,,,,,2000,386.0,228.0,1381.0,5.0,0.6286644951140065,0.9872122762148338,0.7681592106819153,0.7681592106819153,0.7681592106819153,391.0,0.19550000131130219
fedavg,fedavg,504|859,504|859,1,859,data_2000_4_1.5_chordal,global_val_client_task,val,cycle5,10,,,,,,,,,,2000,225.0,199.0,1565.0,11.0,0.5306603773584906,0.9533898305084746,0.6818181276321411,0.6818181276321411,0.6818181276321411,236.0,0.11800000071525574
fedavg,fedavg,504|859,504|859,1,859,data_2000_4_1.5_chordal,global_val_client_task,val,cycle6,10,,,,,,,,,,2000,63.0,59.0,1813.0,65.0,0.5163934426229508,0.4921875,0.5040000081062317,0.5040000081062317,0.5040000081062317,128.0,0.06400000303983688
fedavg,fedavg,504|859,504|859,1,all,all,global_val_mean,val,,10,,,0.34847044029831886,0.9549500000000001,0.8342500030994415,0.8508657352651292,0.8045756220817566,0.8045756220817566,0.8045756220817566,4000,,,,,,,,,,,
fedavg,fedavg,504|859,504|859,1,504,data_2000_3_11_chordal,train_epoch,train,,11,1.0,0.15050782072544097,,,,,,,,2000,,,,,,,,,,,
fedavg,fedavg,504|859,504|859,1,504,data_2000_3_11_chordal,train_epoch,train,,11,2.0,0.13341059732437133,,,,,,,,2000,,,,,,,,,,,
fedavg,fedavg,504|859,504|859,1,504,data_2000_3_11_chordal,train_epoch,train,,11,3.0,0.154376558303833,,,,,,,,2000,,,,,,,,,,,
fedavg,fedavg,504|859,504|859,1,504,data_2000_3_11_chordal,train_epoch,train,,11,4.0,0.1572925837635994,,,,,,,,2000,,,,,,,,,,,
fedavg,fedavg,504|859,504|859,1,504,data_2000_3_11_chordal,train_epoch,train,,11,5.0,0.12021226102113723,,,,,,,,2000,,,,,,,,,,,
fedavg,fedavg,504|859,504|859,1,504,data_2000_3_11_chordal,train_epoch,train,,11,6.0,0.1536622587442398,,,,,,,,2000,,,,,,,,,,,
fedavg,fedavg,504|859,504|859,1,504,data_2000_3_11_chordal,train_epoch,train,,11,7.0,0.16064022735133768,,,,,,,,2000,,,,,,,,,,,
fedavg,fedavg,504|859,504|859,1,504,data_2000_3_11_chordal,train_epoch,train,,11,8.0,0.13021195369958877,,,,,,,,2000,,,,,,,,,,,
fedavg,fedavg,504|859,504|859,1,504,data_2000_3_11_chordal,train_epoch,train,,11,9.0,0.10632763719558716,,,,,,,,2000,,,,,,,,,,,
fedavg,fedavg,504|859,504|859,1,504,data_2000_3_11_chordal,train_epoch,train,,11,10.0,0.1607355791181326,,,,,,,,2000,,,,,,,,,,,
fedavg,fedavg,504|859,504|859,1,504,data_2000_3_11_chordal,val_epoch,val,,11,,,0.1695970848351717,0.9504,0.8374999761581421,0.7466802860061286,0.7768201231956482,0.7768201231956482,0.7768201231956482,2000,,,,,,,,,,,
fedavg,fedavg,504|859,504|859,1,504,data_2000_3_11_chordal,val_epoch_task,val,cycle2,11,,,,,,,,,,2000,82.0,8.0,1910.0,0.0,0.9111111111111111,1.0,0.9534883499145508,0.9534883499145508,0.9534883499145508,82.0,0.04100000113248825
fedavg,fedavg,504|859,504|859,1,504,data_2000_3_11_chordal,val_epoch_task,val,cycle3,11,,,,,,,,,,2000,124.0,70.0,1802.0,4.0,0.6391752577319587,0.96875,0.7701863646507263,0.7701863646507263,0.7701863646507263,128.0,0.06400000303983688
fedavg,fedavg,504|859,504|859,1,504,data_2000_3_11_chordal,val_epoch_task,val,cycle4,11,,,,,,,,,,2000,157.0,136.0,1707.0,0.0,0.5358361774744027,1.0,0.6977777481079102,0.6977777481079102,0.6977777481079102,157.0,0.07850000262260437
fedavg,fedavg,504|859,504|859,1,504,data_2000_3_11_chordal,val_epoch_task,val,cycle5,11,,,,,,,,,,2000,187.0,93.0,1720.0,0.0,0.6678571428571428,1.0,0.8008565306663513,0.8008565306663513,0.8008565306663513,187.0,0.09350000321865082
fedavg,fedavg,504|859,504|859,1,504,data_2000_3_11_chordal,val_epoch_task,val,cycle6,11,,,,,,,,,,2000,181.0,183.0,1634.0,2.0,0.49725274725274726,0.9890710382513661,0.6617915630340576,0.6617915630340576,0.6617915630340576,183.0,0.09149999916553497
fedavg,fedavg,504|859,504|859,1,859,data_2000_4_1.5_chordal,train_epoch,train,,11,1.0,0.14842448157072066,,,,,,,,2000,,,,,,,,,,,
fedavg,fedavg,504|859,504|859,1,859,data_2000_4_1.5_chordal,train_epoch,train,,11,2.0,0.13643567061424255,,,,,,,,2000,,,,,,,,,,,
fedavg,fedavg,504|859,504|859,1,859,data_2000_4_1.5_chordal,train_epoch,train,,11,3.0,0.1583509767651558,,,,,,,,2000,,,,,,,,,,,
fedavg,fedavg,504|859,504|859,1,859,data_2000_4_1.5_chordal,train_epoch,train,,11,4.0,0.14691424986720086,,,,,,,,2000,,,,,,,,,,,
fedavg,fedavg,504|859,504|859,1,859,data_2000_4_1.5_chordal,train_epoch,train,,11,5.0,0.13148371922969818,,,,,,,,2000,,,,,,,,,,,
fedavg,fedavg,504|859,504|859,1,859,data_2000_4_1.5_chordal,train_epoch,train,,11,6.0,0.1301501767039299,,,,,,,,2000,,,,,,,,,,,
fedavg,fedavg,504|859,504|859,1,859,data_2000_4_1.5_chordal,train_epoch,train,,11,7.0,0.10979792818427087,,,,,,,,2000,,,,,,,,,,,
fedavg,fedavg,504|859,504|859,1,859,data_2000_4_1.5_chordal,train_epoch,train,,11,8.0,0.10111242011189461,,,,,,,,2000,,,,,,,,,,,
fedavg,fedavg,504|859,504|859,1,859,data_2000_4_1.5_chordal,train_epoch,train,,11,9.0,0.1575317959189415,,,,,,,,2000,,,,,,,,,,,
fedavg,fedavg,504|859,504|859,1,859,data_2000_4_1.5_chordal,train_epoch,train,,11,10.0,0.1252279111146927,,,,,,,,2000,,,,,,,,,,,
fedavg,fedavg,504|859,504|859,1,859,data_2000_4_1.5_chordal,val_epoch,val,,11,,,0.38264181903004646,0.9297,0.7919999957084656,0.8652998658746885,0.7743477821350098,0.7743477821350098,0.7743477821350098,2000,,,,,,,,,,,
fedavg,fedavg,504|859,504|859,1,859,data_2000_4_1.5_chordal,val_epoch_task,val,cycle2,11,,,,,,,,,,2000,861.0,3.0,1135.0,1.0,0.9965277777777778,0.9988399071925754,0.997682511806488,0.997682511806488,0.997682511806488,862.0,0.4309999942779541
fedavg,fedavg,504|859,504|859,1,859,data_2000_4_1.5_chordal,val_epoch_task,val,cycle3,11,,,,,,,,,,2000,691.0,20.0,1289.0,0.0,0.9718706047819972,1.0,0.9857346415519714,0.9857346415519714,0.9857346415519714,691.0,0.34549999237060547
fedavg,fedavg,504|859,504|859,1,859,data_2000_4_1.5_chordal,val_epoch_task,val,cycle4,11,,,,,,,,,,2000,390.0,140.0,1469.0,1.0,0.7358490566037735,0.9974424552429667,0.846905529499054,0.846905529499054,0.846905529499054,391.0,0.19550000131130219
fedavg,fedavg,504|859,504|859,1,859,data_2000_4_1.5_chordal,val_epoch_task,val,cycle5,11,,,,,,,,,,2000,223.0,198.0,1566.0,13.0,0.5296912114014252,0.9449152542372882,0.6788432002067566,0.6788432002067566,0.6788432002067566,236.0,0.11800000071525574
fedavg,fedavg,504|859,504|859,1,859,data_2000_4_1.5_chordal,val_epoch_task,val,cycle6,11,,,,,,,,,,2000,93.0,292.0,1580.0,35.0,0.24155844155844156,0.7265625,0.36257311701774597,0.36257311701774597,0.36257311701774597,128.0,0.06400000303983688
fedavg,fedavg,504|859,504|859,1,504,data_2000_3_11_chordal,global_val_client,val,,11,,,0.3148257315158844,0.9733,0.8934999704360962,0.8287363694676075,0.83656245470047,0.83656245470047,0.83656245470047,2000,,,,,,,,,,,
fedavg,fedavg,504|859,504|859,1,504,data_2000_3_11_chordal,global_val_client_task,val,cycle2,11,,,,,,,,,,2000,82.0,10.0,1908.0,0.0,0.8913043478260869,1.0,0.9425287246704102,0.9425287246704102,0.9425287246704102,82.0,0.04100000113248825
fedavg,fedavg,504|859,504|859,1,504,data_2000_3_11_chordal,global_val_client_task,val,cycle3,11,,,,,,,,,,2000,128.0,45.0,1827.0,0.0,0.7398843930635838,1.0,0.8504983186721802,0.8504983186721802,0.8504983186721802,128.0,0.06400000303983688
fedavg,fedavg,504|859,504|859,1,504,data_2000_3_11_chordal,global_val_client_task,val,cycle4,11,,,,,,,,,,2000,155.0,39.0,1804.0,2.0,0.7989690721649485,0.9872611464968153,0.8831908702850342,0.8831908702850342,0.8831908702850342,157.0,0.07850000262260437
fedavg,fedavg,504|859,504|859,1,504,data_2000_3_11_chordal,global_val_client_task,val,cycle5,11,,,,,,,,,,2000,178.0,42.0,1771.0,9.0,0.8090909090909091,0.9518716577540107,0.8746928572654724,0.8746928572654724,0.8746928572654724,187.0,0.09350000321865082
fedavg,fedavg,504|859,504|859,1,504,data_2000_3_11_chordal,global_val_client_task,val,cycle6,11,,,,,,,,,,2000,103.0,40.0,1777.0,80.0,0.7202797202797203,0.5628415300546448,0.6319018006324768,0.6319018006324768,0.6319018006324768,183.0,0.09149999916553497
fedavg,fedavg,504|859,504|859,1,859,data_2000_4_1.5_chordal,global_val_client,val,,11,,,0.28792261743545533,0.91,0.7250000238418579,0.8354661791590494,0.7533978223800659,0.7533978223800659,0.7533978223800659,2000,,,,,,,,,,,
fedavg,fedavg,504|859,504|859,1,859,data_2000_4_1.5_chordal,global_val_client_task,val,cycle2,11,,,,,,,,,,2000,862.0,3.0,1135.0,0.0,0.9965317919075144,1.0,0.998262882232666,0.998262882232666,0.998262882232666,862.0,0.4309999942779541
fedavg,fedavg,504|859,504|859,1,859,data_2000_4_1.5_chordal,global_val_client_task,val,cycle3,11,,,,,,,,,,2000,691.0,41.0,1268.0,0.0,0.9439890710382514,1.0,0.9711876511573792,0.9711876511573792,0.9711876511573792,691.0,0.34549999237060547
fedavg,fedavg,504|859,504|859,1,859,data_2000_4_1.5_chordal,global_val_client_task,val,cycle4,11,,,,,,,,,,2000,390.0,253.0,1356.0,1.0,0.6065318818040435,0.9974424552429667,0.7543520331382751,0.7543520331382751,0.7543520331382751,391.0,0.19550000131130219
fedavg,fedavg,504|859,504|859,1,859,data_2000_4_1.5_chordal,global_val_client_task,val,cycle5,11,,,,,,,,,,2000,230.0,222.0,1542.0,6.0,0.5088495575221239,0.9745762711864406,0.6686046719551086,0.6686046719551086,0.6686046719551086,236.0,0.11800000071525574
fedavg,fedavg,504|859,504|859,1,859,data_2000_4_1.5_chordal,global_val_client_task,val,cycle6,11,,,,,,,,,,2000,112.0,358.0,1514.0,16.0,0.23829787234042554,0.875,0.374581903219223,0.374581903219223,0.374581903219223,128.0,0.06400000303983688
fedavg,fedavg,504|859,504|859,1,all,all,global_val_mean,val,,11,,,0.3013741744756699,0.9416500000000001,0.809249997138977,0.8321012743133285,0.7949801385402679,0.7949801385402679,0.7949801385402679,4000,,,,,,,,,,,
fedavg,fedavg,504|859,504|859,1,504,data_2000_3_11_chordal,train_epoch,train,,12,1.0,0.126940511405468,,,,,,,,2000,,,,,,,,,,,
fedavg,fedavg,504|859,504|859,1,504,data_2000_3_11_chordal,train_epoch,train,,12,2.0,0.1445571117401123,,,,,,,,2000,,,,,,,,,,,
fedavg,fedavg,504|859,504|859,1,504,data_2000_3_11_chordal,train_epoch,train,,12,3.0,0.15668976801633835,,,,,,,,2000,,,,,,,,,,,
fedavg,fedavg,504|859,504|859,1,504,data_2000_3_11_chordal,train_epoch,train,,12,4.0,0.1962385243177414,,,,,,,,2000,,,,,,,,,,,
fedavg,fedavg,504|859,504|859,1,504,data_2000_3_11_chordal,train_epoch,train,,12,5.0,0.15571939492225648,,,,,,,,2000,,,,,,,,,,,
fedavg,fedavg,504|859,504|859,1,504,data_2000_3_11_chordal,train_epoch,train,,12,6.0,0.11354407727718353,,,,,,,,2000,,,,,,,,,,,
fedavg,fedavg,504|859,504|859,1,504,data_2000_3_11_chordal,train_epoch,train,,12,7.0,0.1309406205713749,,,,,,,,2000,,,,,,,,,,,
fedavg,fedavg,504|859,504|859,1,504,data_2000_3_11_chordal,train_epoch,train,,12,8.0,0.11209901654720307,,,,,,,,2000,,,,,,,,,,,
fedavg,fedavg,504|859,504|859,1,504,data_2000_3_11_chordal,train_epoch,train,,12,9.0,0.12275799786299467,,,,,,,,2000,,,,,,,,,,,
fedavg,fedavg,504|859,504|859,1,504,data_2000_3_11_chordal,train_epoch,train,,12,10.0,0.12146337628364563,,,,,,,,2000,,,,,,,,,,,
fedavg,fedavg,504|859,504|859,1,504,data_2000_3_11_chordal,val_epoch,val,,12,,,0.1520447643995285,0.9678,0.8859999775886536,0.8182844243792324,0.8474937677383423,0.8474937677383423,0.8474937677383423,2000,,,,,,,,,,,
fedavg,fedavg,504|859,504|859,1,504,data_2000_3_11_chordal,val_epoch_task,val,cycle2,12,,,,,,,,,,2000,82.0,11.0,1907.0,0.0,0.8817204301075269,1.0,0.9371428489685059,0.9371428489685059,0.9371428489685059,82.0,0.04100000113248825
fedavg,fedavg,504|859,504|859,1,504,data_2000_3_11_chordal,val_epoch_task,val,cycle3,12,,,,,,,,,,2000,128.0,11.0,1861.0,0.0,0.920863309352518,1.0,0.9588015079498291,0.9588015079498291,0.9588015079498291,128.0,0.06400000303983688
fedavg,fedavg,504|859,504|859,1,504,data_2000_3_11_chordal,val_epoch_task,val,cycle4,12,,,,,,,,,,2000,154.0,53.0,1790.0,3.0,0.7439613526570048,0.9808917197452229,0.8461538553237915,0.8461538553237915,0.8461538553237915,157.0,0.07850000262260437
fedavg,fedavg,504|859,504|859,1,504,data_2000_3_11_chordal,val_epoch_task,val,cycle5,12,,,,,,,,,,2000,185.0,106.0,1707.0,2.0,0.6357388316151202,0.9893048128342246,0.7740586400032043,0.7740586400032043,0.7740586400032043,187.0,0.09350000321865082
fedavg,fedavg,504|859,504|859,1,504,data_2000_3_11_chordal,val_epoch_task,val,cycle6,12,,,,,,,,,,2000,176.0,129.0,1688.0,7.0,0.5770491803278689,0.9617486338797814,0.7213115096092224,0.7213115096092224,0.7213115096092224,183.0,0.09149999916553497
fedavg,fedavg,504|859,504|859,1,859,data_2000_4_1.5_chordal,train_epoch,train,,12,1.0,0.14893464395403863,,,,,,,,2000,,,,,,,,,,,
fedavg,fedavg,504|859,504|859,1,859,data_2000_4_1.5_chordal,train_epoch,train,,12,2.0,0.15887251698970795,,,,,,,,2000,,,,,,,,,,,
fedavg,fedavg,504|859,504|859,1,859,data_2000_4_1.5_chordal,train_epoch,train,,12,3.0,0.13993074995279312,,,,,,,,2000,,,,,,,,,,,
fedavg,fedavg,504|859,504|859,1,859,data_2000_4_1.5_chordal,train_epoch,train,,12,4.0,0.12725784891843797,,,,,,,,2000,,,,,,,,,,,
fedavg,fedavg,504|859,504|859,1,859,data_2000_4_1.5_chordal,train_epoch,train,,12,5.0,0.1266181365251541,,,,,,,,2000,,,,,,,,,,,
fedavg,fedavg,504|859,504|859,1,859,data_2000_4_1.5_chordal,train_epoch,train,,12,6.0,0.1433513503074646,,,,,,,,2000,,,,,,,,,,,
fedavg,fedavg,504|859,504|859,1,859,data_2000_4_1.5_chordal,train_epoch,train,,12,7.0,0.12987218469381331,,,,,,,,2000,,,,,,,,,,,
fedavg,fedavg,504|859,504|859,1,859,data_2000_4_1.5_chordal,train_epoch,train,,12,8.0,0.1143651361465454,,,,,,,,2000,,,,,,,,,,,
fedavg,fedavg,504|859,504|859,1,859,data_2000_4_1.5_chordal,train_epoch,train,,12,9.0,0.1134650456905365,,,,,,,,2000,,,,,,,,,,,
fedavg,fedavg,504|859,504|859,1,859,data_2000_4_1.5_chordal,train_epoch,train,,12,10.0,0.14871354627609254,,,,,,,,2000,,,,,,,,,,,
fedavg,fedavg,504|859,504|859,1,859,data_2000_4_1.5_chordal,val_epoch,val,,12,,,0.3757452075481415,0.9428,0.8065000176429749,0.8859194256082967,0.796026349067688,0.796026349067688,0.796026349067688,2000,,,,,,,,,,,
fedavg,fedavg,504|859,504|859,1,859,data_2000_4_1.5_chordal,val_epoch_task,val,cycle2,12,,,,,,,,,,2000,857.0,6.0,1132.0,5.0,0.9930475086906141,0.994199535962877,0.9936232566833496,0.9936232566833496,0.9936232566833496,862.0,0.4309999942779541
fedavg,fedavg,504|859,504|859,1,859,data_2000_4_1.5_chordal,val_epoch_task,val,cycle3,12,,,,,,,,,,2000,691.0,37.0,1272.0,0.0,0.9491758241758241,1.0,0.9739252924919128,0.9739252924919128,0.9739252924919128,691.0,0.34549999237060547
fedavg,fedavg,504|859,504|859,1,859,data_2000_4_1.5_chordal,val_epoch_task,val,cycle4,12,,,,,,,,,,2000,376.0,80.0,1529.0,15.0,0.8245614035087719,0.9616368286445013,0.8878394365310669,0.8878394365310669,0.8878394365310669,391.0,0.19550000131130219
fedavg,fedavg,504|859,504|859,1,859,data_2000_4_1.5_chordal,val_epoch_task,val,cycle5,12,,,,,,,,,,2000,204.0,135.0,1629.0,32.0,0.6017699115044248,0.864406779661017,0.7095651626586914,0.7095651626586914,0.7095651626586914,236.0,0.11800000071525574
fedavg,fedavg,504|859,504|859,1,859,data_2000_4_1.5_chordal,val_epoch_task,val,cycle6,12,,,,,,,,,,2000,93.0,227.0,1645.0,35.0,0.290625,0.7265625,0.4151785969734192,0.4151785969734192,0.4151785969734192,128.0,0.06400000303983688
fedavg,fedavg,504|859,504|859,1,504,data_2000_3_11_chordal,global_val_client,val,,12,,,0.19369601333141326,0.9751,0.9045000076293945,0.8482632541133456,0.859221339225769,0.859221339225769,0.859221339225769,2000,,,,,,,,,,,
fedavg,fedavg,504|859,504|859,1,504,data_2000_3_11_chordal,global_val_client_task,val,cycle2,12,,,,,,,,,,2000,82.0,16.0,1902.0,0.0,0.8367346938775511,1.0,0.9111111164093018,0.9111111164093018,0.9111111164093018,82.0,0.04100000113248825
fedavg,fedavg,504|859,504|859,1,504,data_2000_3_11_chordal,global_val_client_task,val,cycle3,12,,,,,,,,,,2000,128.0,21.0,1851.0,0.0,0.8590604026845637,1.0,0.9241877198219299,0.9241877198219299,0.9241877198219299,128.0,0.06400000303983688
fedavg,fedavg,504|859,504|859,1,504,data_2000_3_11_chordal,global_val_client_task,val,cycle4,12,,,,,,,,,,2000,152.0,52.0,1791.0,5.0,0.7450980392156863,0.9681528662420382,0.8421053290367126,0.8421053290367126,0.8421053290367126,157.0,0.07850000262260437
fedavg,fedavg,504|859,504|859,1,504,data_2000_3_11_chordal,global_val_client_task,val,cycle5,12,,,,,,,,,,2000,185.0,65.0,1748.0,2.0,0.74,0.9893048128342246,0.8466819524765015,0.8466819524765015,0.8466819524765015,187.0,0.09350000321865082
fedavg,fedavg,504|859,504|859,1,504,data_2000_3_11_chordal,global_val_client_task,val,cycle6,12,,,,,,,,,,2000,149.0,54.0,1763.0,34.0,0.7339901477832512,0.8142076502732241,0.7720208168029785,0.7720208168029785,0.7720208168029785,183.0,0.09149999916553497
fedavg,fedavg,504|859,504|859,1,859,data_2000_4_1.5_chordal,global_val_client,val,,12,,,0.21991747093200684,0.9363,0.7789999842643738,0.8776646821586326,0.797481119632721,0.797481119632721,0.797481119632721,2000,,,,,,,,,,,
fedavg,fedavg,504|859,504|859,1,859,data_2000_4_1.5_chordal,global_val_client_task,val,cycle2,12,,,,,,,,,,2000,862.0,11.0,1127.0,0.0,0.9873997709049256,1.0,0.9936599135398865,0.9936599135398865,0.9936599135398865,862.0,0.4309999942779541
fedavg,fedavg,504|859,504|859,1,859,data_2000_4_1.5_chordal,global_val_client_task,val,cycle3,12,,,,,,,,,,2000,691.0,26.0,1283.0,0.0,0.9637377963737797,1.0,0.9815341234207153,0.9815341234207153,0.9815341234207153,691.0,0.34549999237060547
fedavg,fedavg,504|859,504|859,1,859,data_2000_4_1.5_chordal,global_val_client_task,val,cycle4,12,,,,,,,,,,2000,390.0,135.0,1474.0,1.0,0.7428571428571429,0.9974424552429667,0.8515283465385437,0.8515283465385437,0.8515283465385437,391.0,0.19550000131130219
fedavg,fedavg,504|859,504|859,1,859,data_2000_4_1.5_chordal,global_val_client_task,val,cycle5,12,,,,,,,,,,2000,231.0,254.0,1510.0,5.0,0.4762886597938144,0.9788135593220338,0.6407766938209534,0.6407766938209534,0.6407766938209534,236.0,0.11800000071525574
fedavg,fedavg,504|859,504|859,1,859,data_2000_4_1.5_chordal,global_val_client_task,val,cycle6,12,,,,,,,,,,2000,111.0,188.0,1684.0,17.0,0.3712374581939799,0.8671875,0.5199063420295715,0.5199063420295715,0.5199063420295715,128.0,0.06400000303983688
fedavg,fedavg,504|859,504|859,1,all,all,global_val_mean,val,,12,,,0.20680674213171005,0.9557,0.8417499959468842,0.8629639681359891,0.828351229429245,0.828351229429245,0.828351229429245,4000,,,,,,,,,,,
fedavg,fedavg,504|859,504|859,1,504,data_2000_3_11_chordal,train_epoch,train,,13,1.0,0.1629049470126629,,,,,,,,2000,,,,,,,,,,,
fedavg,fedavg,504|859,504|859,1,504,data_2000_3_11_chordal,train_epoch,train,,13,2.0,0.12750206425786018,,,,,,,,2000,,,,,,,,,,,
fedavg,fedavg,504|859,504|859,1,504,data_2000_3_11_chordal,train_epoch,train,,13,3.0,0.12649059185385705,,,,,,,,2000,,,,,,,,,,,
fedavg,fedavg,504|859,504|859,1,504,data_2000_3_11_chordal,train_epoch,train,,13,4.0,0.1366030604839325,,,,,,,,2000,,,,,,,,,,,
fedavg,fedavg,504|859,504|859,1,504,data_2000_3_11_chordal,train_epoch,train,,13,5.0,0.1404941866993904,,,,,,,,2000,,,,,,,,,,,
fedavg,fedavg,504|859,504|859,1,504,data_2000_3_11_chordal,train_epoch,train,,13,6.0,0.13047700649499894,,,,,,,,2000,,,,,,,,,,,
fedavg,fedavg,504|859,504|859,1,504,data_2000_3_11_chordal,train_epoch,train,,13,7.0,0.10049255573749542,,,,,,,,2000,,,,,,,,,,,
fedavg,fedavg,504|859,504|859,1,504,data_2000_3_11_chordal,train_epoch,train,,13,8.0,0.1765330936014652,,,,,,,,2000,,,,,,,,,,,
fedavg,fedavg,504|859,504|859,1,504,data_2000_3_11_chordal,train_epoch,train,,13,9.0,0.1943380210995674,,,,,,,,2000,,,,,,,,,,,
fedavg,fedavg,504|859,504|859,1,504,data_2000_3_11_chordal,train_epoch,train,,13,10.0,0.16994746470451355,,,,,,,,2000,,,,,,,,,,,
fedavg,fedavg,504|859,504|859,1,504,data_2000_3_11_chordal,val_epoch,val,,13,,,0.16753146529197693,0.9577,0.8575000166893005,0.7751196172248804,0.7893587946891785,0.7893587946891785,0.7893587946891785,2000,,,,,,,,,,,
fedavg,fedavg,504|859,504|859,1,504,data_2000_3_11_chordal,val_epoch_task,val,cycle2,13,,,,,,,,,,2000,82.0,37.0,1881.0,0.0,0.6890756302521008,1.0,0.815920352935791,0.815920352935791,0.815920352935791,82.0,0.04100000113248825
fedavg,fedavg,504|859,504|859,1,504,data_2000_3_11_chordal,val_epoch_task,val,cycle3,13,,,,,,,,,,2000,128.0,53.0,1819.0,0.0,0.7071823204419889,1.0,0.8284789323806763,0.8284789323806763,0.8284789323806763,128.0,0.06400000303983688
fedavg,fedavg,504|859,504|859,1,504,data_2000_3_11_chordal,val_epoch_task,val,cycle4,13,,,,,,,,,,2000,155.0,67.0,1776.0,2.0,0.6981981981981982,0.9872611464968153,0.8179419636726379,0.8179419636726379,0.8179419636726379,157.0,0.07850000262260437
fedavg,fedavg,504|859,504|859,1,504,data_2000_3_11_chordal,val_epoch_task,val,cycle5,13,,,,,,,,,,2000,184.0,75.0,1738.0,3.0,0.7104247104247104,0.983957219251337,0.8251121044158936,0.8251121044158936,0.8251121044158936,187.0,0.09350000321865082
fedavg,fedavg,504|859,504|859,1,504,data_2000_3_11_chordal,val_epoch_task,val,cycle6,13,,,,,,,,,,2000,180.0,183.0,1634.0,3.0,0.49586776859504134,0.9836065573770492,0.6593406796455383,0.6593406796455383,0.6593406796455383,183.0,0.09149999916553497
fedavg,fedavg,504|859,504|859,1,859,data_2000_4_1.5_chordal,train_epoch,train,,13,1.0,0.13366232413053514,,,,,,,,2000,,,,,,,,,,,
fedavg,fedavg,504|859,504|859,1,859,data_2000_4_1.5_chordal,train_epoch,train,,13,2.0,0.13690739673376084,,,,,,,,2000,,,,,,,,,,,
fedavg,fedavg,504|859,504|859,1,859,data_2000_4_1.5_chordal,train_epoch,train,,13,3.0,0.1451864370703697,,,,,,,,2000,,,,,,,,,,,
fedavg,fedavg,504|859,504|859,1,859,data_2000_4_1.5_chordal,train_epoch,train,,13,4.0,0.11952511888742447,,,,,,,,2000,,,,,,,,,,,
fedavg,fedavg,504|859,504|859,1,859,data_2000_4_1.5_chordal,train_epoch,train,,13,5.0,0.09157205393910409,,,,,,,,2000,,,,,,,,,,,
fedavg,fedavg,504|859,504|859,1,859,data_2000_4_1.5_chordal,train_epoch,train,,13,6.0,0.11403132598102093,,,,,,,,2000,,,,,,,,,,,
fedavg,fedavg,504|859,504|859,1,859,data_2000_4_1.5_chordal,train_epoch,train,,13,7.0,0.11837090149521828,,,,,,,,2000,,,,,,,,,,,
fedavg,fedavg,504|859,504|859,1,859,data_2000_4_1.5_chordal,train_epoch,train,,13,8.0,0.12650257664918899,,,,,,,,2000,,,,,,,,,,,
fedavg,fedavg,504|859,504|859,1,859,data_2000_4_1.5_chordal,train_epoch,train,,13,9.0,0.12667880237102508,,,,,,,,2000,,,,,,,,,,,
fedavg,fedavg,504|859,504|859,1,859,data_2000_4_1.5_chordal,train_epoch,train,,13,10.0,0.1269592800438404,,,,,,,,2000,,,,,,,,,,,
fedavg,fedavg,504|859,504|859,1,859,data_2000_4_1.5_chordal,val_epoch,val,,13,,,0.45256952953338625,0.959,0.8429999947547913,0.9157418824496507,0.8245490193367004,0.8245490193367004,0.8245490193367004,2000,,,,,,,,,,,
fedavg,fedavg,504|859,504|859,1,859,data_2000_4_1.5_chordal,val_epoch_task,val,cycle2,13,,,,,,,,,,2000,861.0,9.0,1129.0,1.0,0.9896551724137931,0.9988399071925754,0.994226336479187,0.994226336479187,0.994226336479187,862.0,0.4309999942779541
fedavg,fedavg,504|859,504|859,1,859,data_2000_4_1.5_chordal,val_epoch_task,val,cycle3,13,,,,,,,,,,2000,683.0,17.0,1292.0,8.0,0.9757142857142858,0.9884225759768451,0.9820272922515869,0.9820272922515869,0.9820272922515869,691.0,0.34549999237060547
fedavg,fedavg,504|859,504|859,1,859,data_2000_4_1.5_chordal,val_epoch_task,val,cycle4,13,,,,,,,,,,2000,384.0,55.0,1554.0,7.0,0.8747152619589977,0.9820971867007673,0.925301194190979,0.925301194190979,0.925301194190979,391.0,0.19550000131130219
fedavg,fedavg,504|859,504|859,1,859,data_2000_4_1.5_chordal,val_epoch_task,val,cycle5,13,,,,,,,,,,2000,227.0,122.0,1642.0,9.0,0.6504297994269341,0.961864406779661,0.7760683298110962,0.7760683298110962,0.7760683298110962,236.0,0.11800000071525574
fedavg,fedavg,504|859,504|859,1,859,data_2000_4_1.5_chordal,val_epoch_task,val,cycle6,13,,,,,,,,,,2000,73.0,127.0,1745.0,55.0,0.365,0.5703125,0.4451219439506531,0.4451219439506531,0.4451219439506531,128.0,0.06400000303983688
fedavg,fedavg,504|859,504|859,1,504,data_2000_3_11_chordal,global_val_client,val,,13,,,0.2793147113583982,0.9697,0.8884999752044678,0.815581253804017,0.8159555196762085,0.8159555196762085,0.8159555196762085,2000,,,,,,,,,,,
fedavg,fedavg,504|859,504|859,1,504,data_2000_3_11_chordal,global_val_client_task,val,cycle2,13,,,,,,,,,,2000,82.0,36.0,1882.0,0.0,0.6949152542372882,1.0,0.8199999332427979,0.8199999332427979,0.8199999332427979,82.0,0.04100000113248825
fedavg,fedavg,504|859,504|859,1,504,data_2000_3_11_chordal,global_val_client_task,val,cycle3,13,,,,,,,,,,2000,128.0,43.0,1829.0,0.0,0.7485380116959064,1.0,0.8561872839927673,0.8561872839927673,0.8561872839927673,128.0,0.06400000303983688
fedavg,fedavg,504|859,504|859,1,504,data_2000_3_11_chordal,global_val_client_task,val,cycle4,13,,,,,,,,,,2000,154.0,47.0,1796.0,3.0,0.7661691542288557,0.9808917197452229,0.8603351712226868,0.8603351712226868,0.8603351712226868,157.0,0.07850000262260437
fedavg,fedavg,504|859,504|859,1,504,data_2000_3_11_chordal,global_val_client_task,val,cycle5,13,,,,,,,,,,2000,182.0,65.0,1748.0,5.0,0.7368421052631579,0.9732620320855615,0.8387096524238586,0.8387096524238586,0.8387096524238586,187.0,0.09350000321865082
fedavg,fedavg,504|859,504|859,1,504,data_2000_3_11_chordal,global_val_client_task,val,cycle6,13,,,,,,,,,,2000,124.0,45.0,1772.0,59.0,0.7337278106508875,0.6775956284153005,0.7045454382896423,0.7045454382896423,0.7045454382896423,183.0,0.09149999916553497
fedavg,fedavg,504|859,504|859,1,859,data_2000_4_1.5_chordal,global_val_client,val,,13,,,0.2698630428314209,0.93,0.7620000243186951,0.8662079510703364,0.7859622240066528,0.7859622240066528,0.7859622240066528,2000,,,,,,,,,,,
fedavg,fedavg,504|859,504|859,1,859,data_2000_4_1.5_chordal,global_val_client_task,val,cycle2,13,,,,,,,,,,2000,862.0,29.0,1109.0,0.0,0.9674523007856342,1.0,0.9834569096565247,0.9834569096565247,0.9834569096565247,862.0,0.4309999942779541
fedavg,fedavg,504|859,504|859,1,859,data_2000_4_1.5_chordal,global_val_client_task,val,cycle3,13,,,,,,,,,,2000,691.0,48.0,1261.0,0.0,0.9350473612990527,1.0,0.966433584690094,0.966433584690094,0.966433584690094,691.0,0.34549999237060547
fedavg,fedavg,504|859,504|859,1,859,data_2000_4_1.5_chordal,global_val_client_task,val,cycle4,13,,,,,,,,,,2000,387.0,219.0,1390.0,4.0,0.6386138613861386,0.989769820971867,0.7763290405273438,0.7763290405273438,0.7763290405273438,391.0,0.19550000131130219
fedavg,fedavg,504|859,504|859,1,859,data_2000_4_1.5_chordal,global_val_client_task,val,cycle5,13,,,,,,,,,,2000,218.0,154.0,1610.0,18.0,0.5860215053763441,0.923728813559322,0.7171052098274231,0.7171052098274231,0.7171052098274231,236.0,0.11800000071525574
fedavg,fedavg,504|859,504|859,1,859,data_2000_4_1.5_chordal,global_val_client_task,val,cycle6,13,,,,,,,,,,2000,108.0,208.0,1664.0,20.0,0.34177215189873417,0.84375,0.4864865243434906,0.4864865243434906,0.4864865243434906,128.0,0.06400000303983688
fedavg,fedavg,504|859,504|859,1,all,all,global_val_mean,val,,13,,,0.27458887709490953,0.94985,0.8252499997615814,0.8408946024371766,0.8009588718414307,0.8009588718414307,0.8009588718414307,4000,,,,,,,,,,,
fedavg,fedavg,504|859,504|859,1,504,data_2000_3_11_chordal,train_epoch,train,,14,1.0,0.16982696974277497,,,,,,,,2000,,,,,,,,,,,
fedavg,fedavg,504|859,504|859,1,504,data_2000_3_11_chordal,train_epoch,train,,14,2.0,0.14095950508117674,,,,,,,,2000,,,,,,,,,,,
fedavg,fedavg,504|859,504|859,1,504,data_2000_3_11_chordal,train_epoch,train,,14,3.0,0.11152116207033395,,,,,,,,2000,,,,,,,,,,,
fedavg,fedavg,504|859,504|859,1,504,data_2000_3_11_chordal,train_epoch,train,,14,4.0,0.11811050379276275,,,,,,,,2000,,,,,,,,,,,
fedavg,fedavg,504|859,504|859,1,504,data_2000_3_11_chordal,train_epoch,train,,14,5.0,0.12478637063503266,,,,,,,,2000,,,,,,,,,,,
fedavg,fedavg,504|859,504|859,1,504,data_2000_3_11_chordal,train_epoch,train,,14,6.0,0.13349606609344483,,,,,,,,2000,,,,,,,,,,,
fedavg,fedavg,504|859,504|859,1,504,data_2000_3_11_chordal,train_epoch,train,,14,7.0,0.135430025190115,,,,,,,,2000,,,,,,,,,,,
fedavg,fedavg,504|859,504|859,1,504,data_2000_3_11_chordal,train_epoch,train,,14,8.0,0.1142766279131174,,,,,,,,2000,,,,,,,,,,,
fedavg,fedavg,504|859,504|859,1,504,data_2000_3_11_chordal,train_epoch,train,,14,9.0,0.15176947963237764,,,,,,,,2000,,,,,,,,,,,
fedavg,fedavg,504|859,504|859,1,504,data_2000_3_11_chordal,train_epoch,train,,14,10.0,0.11748594334279187,,,,,,,,2000,,,,,,,,,,,
fedavg,fedavg,504|859,504|859,1,504,data_2000_3_11_chordal,val_epoch,val,,14,,,0.1298412807583809,0.9719,0.8899999856948853,0.8378534333525678,0.858925998210907,0.858925998210907,0.858925998210907,2000,,,,,,,,,,,
fedavg,fedavg,504|859,504|859,1,504,data_2000_3_11_chordal,val_epoch_task,val,cycle2,14,,,,,,,,,,2000,82.0,11.0,1907.0,0.0,0.8817204301075269,1.0,0.9371428489685059,0.9371428489685059,0.9371428489685059,82.0,0.04100000113248825
fedavg,fedavg,504|859,504|859,1,504,data_2000_3_11_chordal,val_epoch_task,val,cycle3,14,,,,,,,,,,2000,128.0,20.0,1852.0,0.0,0.8648648648648649,1.0,0.9275362491607666,0.9275362491607666,0.9275362491607666,128.0,0.06400000303983688
fedavg,fedavg,504|859,504|859,1,504,data_2000_3_11_chordal,val_epoch_task,val,cycle4,14,,,,,,,,,,2000,156.0,58.0,1785.0,1.0,0.7289719626168224,0.9936305732484076,0.8409702777862549,0.8409702777862549,0.8409702777862549,157.0,0.07850000262260437
fedavg,fedavg,504|859,504|859,1,504,data_2000_3_11_chordal,val_epoch_task,val,cycle5,14,,,,,,,,,,2000,182.0,56.0,1757.0,5.0,0.7647058823529411,0.9732620320855615,0.85647052526474,0.85647052526474,0.85647052526474,187.0,0.09350000321865082
fedavg,fedavg,504|859,504|859,1,504,data_2000_3_11_chordal,val_epoch_task,val,cycle6,14,,,,,,,,,,2000,178.0,125.0,1692.0,5.0,0.5874587458745875,0.9726775956284153,0.7325102686882019,0.7325102686882019,0.7325102686882019,183.0,0.09149999916553497
fedavg,fedavg,504|859,504|859,1,859,data_2000_4_1.5_chordal,train_epoch,train,,14,1.0,0.17392392456531525,,,,,,,,2000,,,,,,,,,,,
fedavg,fedavg,504|859,504|859,1,859,data_2000_4_1.5_chordal,train_epoch,train,,14,2.0,0.12129068215191365,,,,,,,,2000,,,,,,,,,,,
fedavg,fedavg,504|859,504|859,1,859,data_2000_4_1.5_chordal,train_epoch,train,,14,3.0,0.1404406800866127,,,,,,,,2000,,,,,,,,,,,
fedavg,fedavg,504|859,504|859,1,859,data_2000_4_1.5_chordal,train_epoch,train,,14,4.0,0.12360453101992606,,,,,,,,2000,,,,,,,,,,,
fedavg,fedavg,504|859,504|859,1,859,data_2000_4_1.5_chordal,train_epoch,train,,14,5.0,0.1030572710633278,,,,,,,,2000,,,,,,,,,,,
fedavg,fedavg,504|859,504|859,1,859,data_2000_4_1.5_chordal,train_epoch,train,,14,6.0,0.12203358989953995,,,,,,,,2000,,,,,,,,,,,
fedavg,fedavg,504|859,504|859,1,859,data_2000_4_1.5_chordal,train_epoch,train,,14,7.0,0.11862120814621449,,,,,,,,2000,,,,,,,,,,,
fedavg,fedavg,504|859,504|859,1,859,data_2000_4_1.5_chordal,train_epoch,train,,14,8.0,0.11887228980660439,,,,,,,,2000,,,,,,,,,,,
fedavg,fedavg,504|859,504|859,1,859,data_2000_4_1.5_chordal,train_epoch,train,,14,9.0,0.09996753741800785,,,,,,,,2000,,,,,,,,,,,
fedavg,fedavg,504|859,504|859,1,859,data_2000_4_1.5_chordal,train_epoch,train,,14,10.0,0.08777610599994659,,,,,,,,2000,,,,,,,,,,,
fedavg,fedavg,504|859,504|859,1,859,data_2000_4_1.5_chordal,val_epoch,val,,14,,,0.4197960181236267,0.9043,0.7264999747276306,0.8266618366238001,0.7461576461791992,0.7461576461791992,0.7461576461791992,2000,,,,,,,,,,,
fedavg,fedavg,504|859,504|859,1,859,data_2000_4_1.5_chordal,val_epoch_task,val,cycle2,14,,,,,,,,,,2000,861.0,13.0,1125.0,1.0,0.9851258581235698,0.9988399071925754,0.9919354319572449,0.9919354319572449,0.9919354319572449,862.0,0.4309999942779541
fedavg,fedavg,504|859,504|859,1,859,data_2000_4_1.5_chordal,val_epoch_task,val,cycle3,14,,,,,,,,,,2000,689.0,30.0,1279.0,2.0,0.9582753824756607,0.9971056439942113,0.9773049354553223,0.9773049354553223,0.9773049354553223,691.0,0.34549999237060547
fedavg,fedavg,504|859,504|859,1,859,data_2000_4_1.5_chordal,val_epoch_task,val,cycle4,14,,,,,,,,,,2000,387.0,180.0,1429.0,4.0,0.6825396825396826,0.989769820971867,0.8079332113265991,0.8079332113265991,0.8079332113265991,391.0,0.19550000131130219
fedavg,fedavg,504|859,504|859,1,859,data_2000_4_1.5_chordal,val_epoch_task,val,cycle5,14,,,,,,,,,,2000,231.0,298.0,1466.0,5.0,0.43667296786389415,0.9788135593220338,0.6039215326309204,0.6039215326309204,0.6039215326309204,236.0,0.11800000071525574
fedavg,fedavg,504|859,504|859,1,859,data_2000_4_1.5_chordal,val_epoch_task,val,cycle6,14,,,,,,,,,,2000,114.0,410.0,1462.0,14.0,0.21755725190839695,0.890625,0.34969326853752136,0.34969326853752136,0.34969326853752136,128.0,0.06400000303983688
fedavg,fedavg,504|859,504|859,1,504,data_2000_3_11_chordal,global_val_client,val,,14,,,0.20160216965898872,0.976,0.9114999771118164,0.8516687268232387,0.8664983510971069,0.8664983510971069,0.8664983510971069,2000,,,,,,,,,,,
fedavg,fedavg,504|859,504|859,1,504,data_2000_3_11_chordal,global_val_client_task,val,cycle2,14,,,,,,,,,,2000,82.0,11.0,1907.0,0.0,0.8817204301075269,1.0,0.9371428489685059,0.9371428489685059,0.9371428489685059,82.0,0.04100000113248825
fedavg,fedavg,504|859,504|859,1,504,data_2000_3_11_chordal,global_val_client_task,val,cycle3,14,,,,,,,,,,2000,128.0,24.0,1848.0,0.0,0.8421052631578947,1.0,0.9142857193946838,0.9142857193946838,0.9142857193946838,128.0,0.06400000303983688
fedavg,fedavg,504|859,504|859,1,504,data_2000_3_11_chordal,global_val_client_task,val,cycle4,14,,,,,,,,,,2000,153.0,29.0,1814.0,4.0,0.8406593406593407,0.9745222929936306,0.9026548266410828,0.9026548266410828,0.9026548266410828,157.0,0.07850000262260437
fedavg,fedavg,504|859,504|859,1,504,data_2000_3_11_chordal,global_val_client_task,val,cycle5,14,,,,,,,,,,2000,181.0,58.0,1755.0,6.0,0.7573221757322176,0.9679144385026738,0.8497653007507324,0.8497653007507324,0.8497653007507324,187.0,0.09350000321865082
fedavg,fedavg,504|859,504|859,1,504,data_2000_3_11_chordal,global_val_client_task,val,cycle6,14,,,,,,,,,,2000,145.0,70.0,1747.0,38.0,0.6744186046511628,0.7923497267759563,0.7286432385444641,0.7286432385444641,0.7286432385444641,183.0,0.09149999916553497
fedavg,fedavg,504|859,504|859,1,859,data_2000_4_1.5_chordal,global_val_client,val,,14,,,0.25147896468639375,0.9204,0.7419999837875366,0.8516032811334825,0.7678990364074707,0.7678990364074707,0.7678990364074707,2000,,,,,,,,,,,
fedavg,fedavg,504|859,504|859,1,859,data_2000_4_1.5_chordal,global_val_client_task,val,cycle2,14,,,,,,,,,,2000,862.0,17.0,1121.0,0.0,0.9806598407281001,1.0,0.9902355074882507,0.9902355074882507,0.9902355074882507,862.0,0.4309999942779541
fedavg,fedavg,504|859,504|859,1,859,data_2000_4_1.5_chordal,global_val_client_task,val,cycle3,14,,,,,,,,,,2000,691.0,21.0,1288.0,0.0,0.9705056179775281,1.0,0.9850320816040039,0.9850320816040039,0.9850320816040039,691.0,0.34549999237060547
fedavg,fedavg,504|859,504|859,1,859,data_2000_4_1.5_chordal,global_val_client_task,val,cycle4,14,,,,,,,,,,2000,387.0,171.0,1438.0,4.0,0.6935483870967742,0.989769820971867,0.8155954480171204,0.8155954480171204,0.8155954480171204,391.0,0.19550000131130219
fedavg,fedavg,504|859,504|859,1,859,data_2000_4_1.5_chordal,global_val_client_task,val,cycle5,14,,,,,,,,,,2000,232.0,279.0,1485.0,4.0,0.45401174168297453,0.9830508474576272,0.6211512684822083,0.6211512684822083,0.6211512684822083,236.0,0.11800000071525574
fedavg,fedavg,504|859,504|859,1,859,data_2000_4_1.5_chordal,global_val_client_task,val,cycle6,14,,,,,,,,,,2000,112.0,284.0,1588.0,16.0,0.2828282828282828,0.875,0.42748087644577026,0.42748087644577026,0.42748087644577026,128.0,0.06400000303983688
fedavg,fedavg,504|859,504|859,1,all,all,global_val_mean,val,,14,,,0.22654056717269122,0.9482,0.8267499804496765,0.8516360039783606,0.8171986937522888,0.8171986937522888,0.8171986937522888,4000,,,,,,,,,,,
fedavg,fedavg,504|859,504|859,1,504,data_2000_3_11_chordal,train_epoch,train,,15,1.0,0.158982752263546,,,,,,,,2000,,,,,,,,,,,
fedavg,fedavg,504|859,504|859,1,504,data_2000_3_11_chordal,train_epoch,train,,15,2.0,0.11909295985102654,,,,,,,,2000,,,,,,,,,,,
fedavg,fedavg,504|859,504|859,1,504,data_2000_3_11_chordal,train_epoch,train,,15,3.0,0.12461934731900692,,,,,,,,2000,,,,,,,,,,,
fedavg,fedavg,504|859,504|859,1,504,data_2000_3_11_chordal,train_epoch,train,,15,4.0,0.12342356753349304,,,,,,,,2000,,,,,,,,,,,
fedavg,fedavg,504|859,504|859,1,504,data_2000_3_11_chordal,train_epoch,train,,15,5.0,0.1654497178196907,,,,,,,,2000,,,,,,,,,,,
fedavg,fedavg,504|859,504|859,1,504,data_2000_3_11_chordal,train_epoch,train,,15,6.0,0.16761159801483155,,,,,,,,2000,,,,,,,,,,,
fedavg,fedavg,504|859,504|859,1,504,data_2000_3_11_chordal,train_epoch,train,,15,7.0,0.13056424468755723,,,,,,,,2000,,,,,,,,,,,
fedavg,fedavg,504|859,504|859,1,504,data_2000_3_11_chordal,train_epoch,train,,15,8.0,0.11424435606598854,,,,,,,,2000,,,,,,,,,,,
fedavg,fedavg,504|859,504|859,1,504,data_2000_3_11_chordal,train_epoch,train,,15,9.0,0.11879512086510659,,,,,,,,2000,,,,,,,,,,,
fedavg,fedavg,504|859,504|859,1,504,data_2000_3_11_chordal,train_epoch,train,,15,10.0,0.12630107982456684,,,,,,,,2000,,,,,,,,,,,
fedavg,fedavg,504|859,504|859,1,504,data_2000_3_11_chordal,val_epoch,val,,15,,,0.14820689862966538,0.957,0.8450000286102295,0.7736842105263159,0.8041877746582031,0.8041877746582031,0.8041877746582031,2000,,,,,,,,,,,
fedavg,fedavg,504|859,504|859,1,504,data_2000_3_11_chordal,val_epoch_task,val,cycle2,15,,,,,,,,,,2000,82.0,22.0,1896.0,0.0,0.7884615384615384,1.0,0.8817204236984253,0.8817204236984253,0.8817204236984253,82.0,0.04100000113248825
fedavg,fedavg,504|859,504|859,1,504,data_2000_3_11_chordal,val_epoch_task,val,cycle3,15,,,,,,,,,,2000,128.0,22.0,1850.0,0.0,0.8533333333333334,1.0,0.9208633303642273,0.9208633303642273,0.9208633303642273,128.0,0.06400000303983688
fedavg,fedavg,504|859,504|859,1,504,data_2000_3_11_chordal,val_epoch_task,val,cycle4,15,,,,,,,,,,2000,157.0,75.0,1768.0,0.0,0.6767241379310345,1.0,0.8071979284286499,0.8071979284286499,0.8071979284286499,157.0,0.07850000262260437
fedavg,fedavg,504|859,504|859,1,504,data_2000_3_11_chordal,val_epoch_task,val,cycle5,15,,,,,,,,,,2000,185.0,121.0,1692.0,2.0,0.6045751633986928,0.9893048128342246,0.750507116317749,0.750507116317749,0.750507116317749,187.0,0.09350000321865082
fedavg,fedavg,504|859,504|859,1,504,data_2000_3_11_chordal,val_epoch_task,val,cycle6,15,,,,,,,,,,2000,183.0,188.0,1629.0,0.0,0.49326145552560646,1.0,0.660649836063385,0.660649836063385,0.660649836063385,183.0,0.09149999916553497
fedavg,fedavg,504|859,504|859,1,859,data_2000_4_1.5_chordal,train_epoch,train,,15,1.0,0.1526606638431549,,,,,,,,2000,,,,,,,,,,,
fedavg,fedavg,504|859,504|859,1,859,data_2000_4_1.5_chordal,train_epoch,train,,15,2.0,0.13154787430167197,,,,,,,,2000,,,,,,,,,,,
fedavg,fedavg,504|859,504|859,1,859,data_2000_4_1.5_chordal,train_epoch,train,,15,3.0,0.12767845731973648,,,,,,,,2000,,,,,,,,,,,
fedavg,fedavg,504|859,504|859,1,859,data_2000_4_1.5_chordal,train_epoch,train,,15,4.0,0.13652760291099547,,,,,,,,2000,,,,,,,,,,,
fedavg,fedavg,504|859,504|859,1,859,data_2000_4_1.5_chordal,train_epoch,train,,15,5.0,0.1386368452310562,,,,,,,,2000,,,,,,,,,,,
fedavg,fedavg,504|859,504|859,1,859,data_2000_4_1.5_chordal,train_epoch,train,,15,6.0,0.1309466471672058,,,,,,,,2000,,,,,,,,,,,
fedavg,fedavg,504|859,504|859,1,859,data_2000_4_1.5_chordal,train_epoch,train,,15,7.0,0.11729015433788299,,,,,,,,2000,,,,,,,,,,,
fedavg,fedavg,504|859,504|859,1,859,data_2000_4_1.5_chordal,train_epoch,train,,15,8.0,0.11436850666999816,,,,,,,,2000,,,,,,,,,,,
fedavg,fedavg,504|859,504|859,1,859,data_2000_4_1.5_chordal,train_epoch,train,,15,9.0,0.09659417057037353,,,,,,,,2000,,,,,,,,,,,
fedavg,fedavg,504|859,504|859,1,859,data_2000_4_1.5_chordal,train_epoch,train,,15,10.0,0.1351075055003166,,,,,,,,2000,,,,,,,,,,,
fedavg,fedavg,504|859,504|859,1,859,data_2000_4_1.5_chordal,val_epoch,val,,15,,,0.8680158052444458,0.9526,0.8149999976158142,0.9023887973640856,0.7812591195106506,0.7812591195106506,0.7812591195106506,2000,,,,,,,,,,,
fedavg,fedavg,504|859,504|859,1,859,data_2000_4_1.5_chordal,val_epoch_task,val,cycle2,15,,,,,,,,,,2000,860.0,7.0,1131.0,2.0,0.9919261822376009,0.9976798143851509,0.9947946667671204,0.9947946667671204,0.9947946667671204,862.0,0.4309999942779541
fedavg,fedavg,504|859,504|859,1,859,data_2000_4_1.5_chordal,val_epoch_task,val,cycle3,15,,,,,,,,,,2000,689.0,23.0,1286.0,2.0,0.9676966292134831,0.9971056439942113,0.9821810722351074,0.9821810722351074,0.9821810722351074,691.0,0.34549999237060547
fedavg,fedavg,504|859,504|859,1,859,data_2000_4_1.5_chordal,val_epoch_task,val,cycle4,15,,,,,,,,,,2000,379.0,102.0,1507.0,12.0,0.7879417879417879,0.969309462915601,0.8692660331726074,0.8692660331726074,0.8692660331726074,391.0,0.19550000131130219
fedavg,fedavg,504|859,504|859,1,859,data_2000_4_1.5_chordal,val_epoch_task,val,cycle5,15,,,,,,,,,,2000,224.0,164.0,1600.0,12.0,0.5773195876288659,0.9491525423728814,0.7179487347602844,0.7179487347602844,0.7179487347602844,236.0,0.11800000071525574
fedavg,fedavg,504|859,504|859,1,859,data_2000_4_1.5_chordal,val_epoch_task,val,cycle6,15,,,,,,,,,,2000,39.0,61.0,1811.0,89.0,0.39,0.3046875,0.3421052396297455,0.3421052396297455,0.3421052396297455,128.0,0.06400000303983688
fedavg,fedavg,504|859,504|859,1,504,data_2000_3_11_chordal,global_val_client,val,,15,,,0.21334961922466755,0.9728,0.8939999938011169,0.8337408312958435,0.8467420339584351,0.8467420339584351,0.8467420339584351,2000,,,,,,,,,,,
fedavg,fedavg,504|859,504|859,1,504,data_2000_3_11_chordal,global_val_client_task,val,cycle2,15,,,,,,,,,,2000,82.0,18.0,1900.0,0.0,0.82,1.0,0.901098906993866,0.901098906993866,0.901098906993866,82.0,0.04100000113248825
fedavg,fedavg,504|859,504|859,1,504,data_2000_3_11_chordal,global_val_client_task,val,cycle3,15,,,,,,,,,,2000,128.0,14.0,1858.0,0.0,0.9014084507042254,1.0,0.9481481313705444,0.9481481313705444,0.9481481313705444,128.0,0.06400000303983688
fedavg,fedavg,504|859,504|859,1,504,data_2000_3_11_chordal,global_val_client_task,val,cycle4,15,,,,,,,,,,2000,155.0,57.0,1786.0,2.0,0.7311320754716981,0.9872611464968153,0.8401083946228027,0.8401083946228027,0.8401083946228027,157.0,0.07850000262260437
fedavg,fedavg,504|859,504|859,1,504,data_2000_3_11_chordal,global_val_client_task,val,cycle5,15,,,,,,,,,,2000,186.0,76.0,1737.0,1.0,0.7099236641221374,0.9946524064171123,0.8285078406333923,0.8285078406333923,0.8285078406333923,187.0,0.09350000321865082
fedavg,fedavg,504|859,504|859,1,504,data_2000_3_11_chordal,global_val_client_task,val,cycle6,15,,,,,,,,,,2000,131.0,52.0,1765.0,52.0,0.7158469945355191,0.7158469945355191,0.7158469557762146,0.7158469557762146,0.7158469557762146,183.0,0.09149999916553497
fedavg,fedavg,504|859,504|859,1,859,data_2000_4_1.5_chordal,global_val_client,val,,15,,,0.29183664727211,0.9195,0.7294999957084656,0.8500651890482399,0.772149920463562,0.772149920463562,0.772149920463562,2000,,,,,,,,,,,
fedavg,fedavg,504|859,504|859,1,859,data_2000_4_1.5_chordal,global_val_client_task,val,cycle2,15,,,,,,,,,,2000,862.0,15.0,1123.0,0.0,0.9828962371721779,1.0,0.9913743138313293,0.9913743138313293,0.9913743138313293,862.0,0.4309999942779541
fedavg,fedavg,504|859,504|859,1,859,data_2000_4_1.5_chordal,global_val_client_task,val,cycle3,15,,,,,,,,,,2000,691.0,28.0,1281.0,0.0,0.96105702364395,1.0,0.9801418781280518,0.9801418781280518,0.9801418781280518,691.0,0.34549999237060547
fedavg,fedavg,504|859,504|859,1,859,data_2000_4_1.5_chordal,global_val_client_task,val,cycle4,15,,,,,,,,,,2000,391.0,246.0,1363.0,0.0,0.6138147566718996,1.0,0.7607003450393677,0.7607003450393677,0.7607003450393677,391.0,0.19550000131130219
fedavg,fedavg,504|859,504|859,1,859,data_2000_4_1.5_chordal,global_val_client_task,val,cycle5,15,,,,,,,,,,2000,235.0,351.0,1413.0,1.0,0.40102389078498296,0.9957627118644068,0.5717761516571045,0.5717761516571045,0.5717761516571045,236.0,0.11800000071525574
fedavg,fedavg,504|859,504|859,1,859,data_2000_4_1.5_chordal,global_val_client_task,val,cycle6,15,,,,,,,,,,2000,103.0,139.0,1733.0,25.0,0.4256198347107438,0.8046875,0.5567567944526672,0.5567567944526672,0.5567567944526672,128.0,0.06400000303983688
fedavg,fedavg,504|859,504|859,1,all,all,global_val_mean,val,,15,,,0.2525931332483888,0.9461499999999999,0.8117499947547913,0.8419030101720417,0.8094459772109985,0.8094459772109985,0.8094459772109985,4000,,,,,,,,,,,
fedavg,fedavg,504|859,504|859,1,504,data_2000_3_11_chordal,train_epoch,train,,16,1.0,0.11766975337266922,,,,,,,,2000,,,,,,,,,,,
fedavg,fedavg,504|859,504|859,1,504,data_2000_3_11_chordal,train_epoch,train,,16,2.0,0.13524682588875295,,,,,,,,2000,,,,,,,,,,,
fedavg,fedavg,504|859,504|859,1,504,data_2000_3_11_chordal,train_epoch,train,,16,3.0,0.14665528646856546,,,,,,,,2000,,,,,,,,,,,
fedavg,fedavg,504|859,504|859,1,504,data_2000_3_11_chordal,train_epoch,train,,16,4.0,0.10153832140564918,,,,,,,,2000,,,,,,,,,,,
fedavg,fedavg,504|859,504|859,1,504,data_2000_3_11_chordal,train_epoch,train,,16,5.0,0.12486145710945129,,,,,,,,2000,,,,,,,,,,,
fedavg,fedavg,504|859,504|859,1,504,data_2000_3_11_chordal,train_epoch,train,,16,6.0,0.12421514985710383,,,,,,,,2000,,,,,,,,,,,
fedavg,fedavg,504|859,504|859,1,504,data_2000_3_11_chordal,train_epoch,train,,16,7.0,0.15353781646490097,,,,,,,,2000,,,,,,,,,,,
fedavg,fedavg,504|859,504|859,1,504,data_2000_3_11_chordal,train_epoch,train,,16,8.0,0.10541511455178261,,,,,,,,2000,,,,,,,,,,,
fedavg,fedavg,504|859,504|859,1,504,data_2000_3_11_chordal,train_epoch,train,,16,9.0,0.11080584758520126,,,,,,,,2000,,,,,,,,,,,
fedavg,fedavg,504|859,504|859,1,504,data_2000_3_11_chordal,train_epoch,train,,16,10.0,0.13218708497285842,,,,,,,,2000,,,,,,,,,,,
fedavg,fedavg,504|859,504|859,1,504,data_2000_3_11_chordal,val_epoch,val,,16,,,0.14984179738163947,0.9646,0.8694999814033508,0.8033333333333333,0.8235453367233276,0.8235453367233276,0.8235453367233276,2000,,,,,,,,,,,
fedavg,fedavg,504|859,504|859,1,504,data_2000_3_11_chordal,val_epoch_task,val,cycle2,16,,,,,,,,,,2000,82.0,13.0,1905.0,0.0,0.8631578947368421,1.0,0.9265536665916443,0.9265536665916443,0.9265536665916443,82.0,0.04100000113248825
fedavg,fedavg,504|859,504|859,1,504,data_2000_3_11_chordal,val_epoch_task,val,cycle3,16,,,,,,,,,,2000,128.0,59.0,1813.0,0.0,0.6844919786096256,1.0,0.8126984238624573,0.8126984238624573,0.8126984238624573,128.0,0.06400000303983688
fedavg,fedavg,504|859,504|859,1,504,data_2000_3_11_chordal,val_epoch_task,val,cycle4,16,,,,,,,,,,2000,157.0,56.0,1787.0,0.0,0.7370892018779343,1.0,0.8486486673355103,0.8486486673355103,0.8486486673355103,157.0,0.07850000262260437
fedavg,fedavg,504|859,504|859,1,504,data_2000_3_11_chordal,val_epoch_task,val,cycle5,16,,,,,,,,,,2000,183.0,64.0,1749.0,4.0,0.7408906882591093,0.9786096256684492,0.843317985534668,0.843317985534668,0.843317985534668,187.0,0.09350000321865082
fedavg,fedavg,504|859,504|859,1,504,data_2000_3_11_chordal,val_epoch_task,val,cycle6,16,,,,,,,,,,2000,173.0,148.0,1669.0,10.0,0.5389408099688473,0.9453551912568307,0.6865079402923584,0.6865079402923584,0.6865079402923584,183.0,0.09149999916553497
fedavg,fedavg,504|859,504|859,1,859,data_2000_4_1.5_chordal,train_epoch,train,,16,1.0,0.150124740421772,,,,,,,,2000,,,,,,,,,,,
fedavg,fedavg,504|859,504|859,1,859,data_2000_4_1.5_chordal,train_epoch,train,,16,2.0,0.10974766623973846,,,,,,,,2000,,,,,,,,,,,
fedavg,fedavg,504|859,504|859,1,859,data_2000_4_1.5_chordal,train_epoch,train,,16,3.0,0.10665358769893646,,,,,,,,2000,,,,,,,,,,,
fedavg,fedavg,504|859,504|859,1,859,data_2000_4_1.5_chordal,train_epoch,train,,16,4.0,0.11514911514520645,,,,,,,,2000,,,,,,,,,,,
fedavg,fedavg,504|859,504|859,1,859,data_2000_4_1.5_chordal,train_epoch,train,,16,5.0,0.14808731597661973,,,,,,,,2000,,,,,,,,,,,
fedavg,fedavg,504|859,504|859,1,859,data_2000_4_1.5_chordal,train_epoch,train,,16,6.0,0.10562393283843995,,,,,,,,2000,,,,,,,,,,,
fedavg,fedavg,504|859,504|859,1,859,data_2000_4_1.5_chordal,train_epoch,train,,16,7.0,0.08562454754114152,,,,,,,,2000,,,,,,,,,,,
fedavg,fedavg,504|859,504|859,1,859,data_2000_4_1.5_chordal,train_epoch,train,,16,8.0,0.10353324951976538,,,,,,,,2000,,,,,,,,,,,
fedavg,fedavg,504|859,504|859,1,859,data_2000_4_1.5_chordal,train_epoch,train,,16,9.0,0.10193626224994659,,,,,,,,2000,,,,,,,,,,,
fedavg,fedavg,504|859,504|859,1,859,data_2000_4_1.5_chordal,train_epoch,train,,16,10.0,0.1172759125828743,,,,,,,,2000,,,,,,,,,,,
fedavg,fedavg,504|859,504|859,1,859,data_2000_4_1.5_chordal,val_epoch,val,,16,,,0.685071124792099,0.956,0.8320000171661377,0.9089780719900704,0.799009382724762,0.799009382724762,0.799009382724762,2000,,,,,,,,,,,
fedavg,fedavg,504|859,504|859,1,859,data_2000_4_1.5_chordal,val_epoch_task,val,cycle2,16,,,,,,,,,,2000,861.0,14.0,1124.0,1.0,0.984,0.9988399071925754,0.9913644194602966,0.9913644194602966,0.9913644194602966,862.0,0.4309999942779541
fedavg,fedavg,504|859,504|859,1,859,data_2000_4_1.5_chordal,val_epoch_task,val,cycle3,16,,,,,,,,,,2000,690.0,34.0,1275.0,1.0,0.9530386740331491,0.9985528219971056,0.9752650260925293,0.9752650260925293,0.9752650260925293,691.0,0.34549999237060547
fedavg,fedavg,504|859,504|859,1,859,data_2000_4_1.5_chordal,val_epoch_task,val,cycle4,16,,,,,,,,,,2000,380.0,57.0,1552.0,11.0,0.8695652173913043,0.9718670076726342,0.9178743958473206,0.9178743958473206,0.9178743958473206,391.0,0.19550000131130219
fedavg,fedavg,504|859,504|859,1,859,data_2000_4_1.5_chordal,val_epoch_task,val,cycle5,16,,,,,,,,,,2000,217.0,151.0,1613.0,19.0,0.5896739130434783,0.9194915254237288,0.7185430526733398,0.7185430526733398,0.7185430526733398,236.0,0.11800000071525574
fedavg,fedavg,504|859,504|859,1,859,data_2000_4_1.5_chordal,val_epoch_task,val,cycle6,16,,,,,,,,,,2000,49.0,73.0,1799.0,79.0,0.4016393442622951,0.3828125,0.3920000195503235,0.3920000195503235,0.3920000195503235,128.0,0.06400000303983688
fedavg,fedavg,504|859,504|859,1,504,data_2000_3_11_chordal,global_val_client,val,,16,,,0.23979016196727754,0.9751,0.906000018119812,0.8446662507797879,0.8548828363418579,0.8548828363418579,0.8548828363418579,2000,,,,,,,,,,,
fedavg,fedavg,504|859,504|859,1,504,data_2000_3_11_chordal,global_val_client_task,val,cycle2,16,,,,,,,,,,2000,82.0,12.0,1906.0,0.0,0.8723404255319149,1.0,0.9318181872367859,0.9318181872367859,0.9318181872367859,82.0,0.04100000113248825
fedavg,fedavg,504|859,504|859,1,504,data_2000_3_11_chordal,global_val_client_task,val,cycle3,16,,,,,,,,,,2000,128.0,41.0,1831.0,0.0,0.757396449704142,1.0,0.8619528412818909,0.8619528412818909,0.8619528412818909,128.0,0.06400000303983688
fedavg,fedavg,504|859,504|859,1,504,data_2000_3_11_chordal,global_val_client_task,val,cycle4,16,,,,,,,,,,2000,154.0,27.0,1816.0,3.0,0.850828729281768,0.9808917197452229,0.9112426042556763,0.9112426042556763,0.9112426042556763,157.0,0.07850000262260437
fedavg,fedavg,504|859,504|859,1,504,data_2000_3_11_chordal,global_val_client_task,val,cycle5,16,,,,,,,,,,2000,183.0,59.0,1754.0,4.0,0.756198347107438,0.9786096256684492,0.8531468510627747,0.8531468510627747,0.8531468510627747,187.0,0.09350000321865082
fedavg,fedavg,504|859,504|859,1,504,data_2000_3_11_chordal,global_val_client_task,val,cycle6,16,,,,,,,,,,2000,130.0,50.0,1767.0,53.0,0.7222222222222222,0.7103825136612022,0.716253399848938,0.716253399848938,0.716253399848938,183.0,0.09149999916553497
fedavg,fedavg,504|859,504|859,1,859,data_2000_4_1.5_chordal,global_val_client,val,,16,,,0.301501914024353,0.9377,0.7745000123977661,0.8788173507099787,0.7924495935440063,0.7924495935440063,0.7924495935440063,2000,,,,,,,,,,,
fedavg,fedavg,504|859,504|859,1,859,data_2000_4_1.5_chordal,global_val_client_task,val,cycle2,16,,,,,,,,,,2000,862.0,9.0,1129.0,0.0,0.9896670493685419,1.0,0.994806706905365,0.994806706905365,0.994806706905365,862.0,0.4309999942779541
fedavg,fedavg,504|859,504|859,1,859,data_2000_4_1.5_chordal,global_val_client_task,val,cycle3,16,,,,,,,,,,2000,691.0,35.0,1274.0,0.0,0.9517906336088154,1.0,0.9752999544143677,0.9752999544143677,0.9752999544143677,691.0,0.34549999237060547
fedavg,fedavg,504|859,504|859,1,859,data_2000_4_1.5_chordal,global_val_client_task,val,cycle4,16,,,,,,,,,,2000,391.0,177.0,1432.0,0.0,0.6883802816901409,1.0,0.8154327869415283,0.8154327869415283,0.8154327869415283,391.0,0.19550000131130219
fedavg,fedavg,504|859,504|859,1,859,data_2000_4_1.5_chordal,global_val_client_task,val,cycle5,16,,,,,,,,,,2000,226.0,230.0,1534.0,10.0,0.4956140350877193,0.9576271186440678,0.6531791687011719,0.6531791687011719,0.6531791687011719,236.0,0.11800000071525574
fedavg,fedavg,504|859,504|859,1,859,data_2000_4_1.5_chordal,global_val_client_task,val,cycle6,16,,,,,,,,,,2000,89.0,123.0,1749.0,39.0,0.419811320754717,0.6953125,0.5235294103622437,0.5235294103622437,0.5235294103622437,128.0,0.06400000303983688
fedavg,fedavg,504|859,504|859,1,all,all,global_val_mean,val,,16,,,0.27064603799581527,0.9564,0.8402500152587891,0.8617418007448833,0.8236662149429321,0.8236662149429321,0.8236662149429321,4000,,,,,,,,,,,
fedavg,fedavg,504|859,504|859,1,504,data_2000_3_11_chordal,train_epoch,train,,17,1.0,0.1255139982700348,,,,,,,,2000,,,,,,,,,,,
fedavg,fedavg,504|859,504|859,1,504,data_2000_3_11_chordal,train_epoch,train,,17,2.0,0.13641864332556725,,,,,,,,2000,,,,,,,,,,,
fedavg,fedavg,504|859,504|859,1,504,data_2000_3_11_chordal,train_epoch,train,,17,3.0,0.13847213243320583,,,,,,,,2000,,,,,,,,,,,
fedavg,fedavg,504|859,504|859,1,504,data_2000_3_11_chordal,train_epoch,train,,17,4.0,0.11544590377807618,,,,,,,,2000,,,,,,,,,,,
fedavg,fedavg,504|859,504|859,1,504,data_2000_3_11_chordal,train_epoch,train,,17,5.0,0.10458107320964337,,,,,,,,2000,,,,,,,,,,,
fedavg,fedavg,504|859,504|859,1,504,data_2000_3_11_chordal,train_epoch,train,,17,6.0,0.11405862728506326,,,,,,,,2000,,,,,,,,,,,
fedavg,fedavg,504|859,504|859,1,504,data_2000_3_11_chordal,train_epoch,train,,17,7.0,0.11311624006181956,,,,,,,,2000,,,,,,,,,,,
fedavg,fedavg,504|859,504|859,1,504,data_2000_3_11_chordal,train_epoch,train,,17,8.0,0.09647495222836733,,,,,,,,2000,,,,,,,,,,,
fedavg,fedavg,504|859,504|859,1,504,data_2000_3_11_chordal,train_epoch,train,,17,9.0,0.10822497724927962,,,,,,,,2000,,,,,,,,,,,
fedavg,fedavg,504|859,504|859,1,504,data_2000_3_11_chordal,train_epoch,train,,17,10.0,0.10567270302772522,,,,,,,,2000,,,,,,,,,,,
fedavg,fedavg,504|859,504|859,1,504,data_2000_3_11_chordal,val_epoch,val,,17,,,0.14424488043785094,0.9761,0.9020000100135803,0.8574836016696482,0.8756305575370789,0.8756305575370789,0.8756305575370789,2000,,,,,,,,,,,
fedavg,fedavg,504|859,504|859,1,504,data_2000_3_11_chordal,val_epoch_task,val,cycle2,17,,,,,,,,,,2000,82.0,13.0,1905.0,0.0,0.8631578947368421,1.0,0.9265536665916443,0.9265536665916443,0.9265536665916443,82.0,0.04100000113248825
fedavg,fedavg,504|859,504|859,1,504,data_2000_3_11_chordal,val_epoch_task,val,cycle3,17,,,,,,,,,,2000,128.0,15.0,1857.0,0.0,0.8951048951048951,1.0,0.9446494579315186,0.9446494579315186,0.9446494579315186,128.0,0.06400000303983688
fedavg,fedavg,504|859,504|859,1,504,data_2000_3_11_chordal,val_epoch_task,val,cycle4,17,,,,,,,,,,2000,155.0,27.0,1816.0,2.0,0.8516483516483516,0.9872611464968153,0.9144542813301086,0.9144542813301086,0.9144542813301086,157.0,0.07850000262260437
fedavg,fedavg,504|859,504|859,1,504,data_2000_3_11_chordal,val_epoch_task,val,cycle5,17,,,,,,,,,,2000,183.0,67.0,1746.0,4.0,0.732,0.9786096256684492,0.8375285267829895,0.8375285267829895,0.8375285267829895,187.0,0.09350000321865082
fedavg,fedavg,504|859,504|859,1,504,data_2000_3_11_chordal,val_epoch_task,val,cycle6,17,,,,,,,,,,2000,171.0,99.0,1718.0,12.0,0.6333333333333333,0.9344262295081968,0.7549669742584229,0.7549669742584229,0.7549669742584229,183.0,0.09149999916553497
fedavg,fedavg,504|859,504|859,1,859,data_2000_4_1.5_chordal,train_epoch,train,,17,1.0,0.1578713336586952,,,,,,,,2000,,,,,,,,,,,
fedavg,fedavg,504|859,504|859,1,859,data_2000_4_1.5_chordal,train_epoch,train,,17,2.0,0.12150908333063126,,,,,,,,2000,,,,,,,,,,,
fedavg,fedavg,504|859,504|859,1,859,data_2000_4_1.5_chordal,train_epoch,train,,17,3.0,0.10472694320976735,,,,,,,,2000,,,,,,,,,,,
fedavg,fedavg,504|859,504|859,1,859,data_2000_4_1.5_chordal,train_epoch,train,,17,4.0,0.10428277250379324,,,,,,,,2000,,,,,,,,,,,
fedavg,fedavg,504|859,504|859,1,859,data_2000_4_1.5_chordal,train_epoch,train,,17,5.0,0.1570122064948082,,,,,,,,2000,,,,,,,,,,,
fedavg,fedavg,504|859,504|859,1,859,data_2000_4_1.5_chordal,train_epoch,train,,17,6.0,0.12395427643507718,,,,,,,,2000,,,,,,,,,,,
fedavg,fedavg,504|859,504|859,1,859,data_2000_4_1.5_chordal,train_epoch,train,,17,7.0,0.12075351125001907,,,,,,,,2000,,,,,,,,,,,
fedavg,fedavg,504|859,504|859,1,859,data_2000_4_1.5_chordal,train_epoch,train,,17,8.0,0.11196335969865322,,,,,,,,2000,,,,,,,,,,,
fedavg,fedavg,504|859,504|859,1,859,data_2000_4_1.5_chordal,train_epoch,train,,17,9.0,0.11415787410736083,,,,,,,,2000,,,,,,,,,,,
fedavg,fedavg,504|859,504|859,1,859,data_2000_4_1.5_chordal,train_epoch,train,,17,10.0,0.11864965701103211,,,,,,,,2000,,,,,,,,,,,
fedavg,fedavg,504|859,504|859,1,859,data_2000_4_1.5_chordal,val_epoch,val,,17,,,0.6918277391940355,0.9627,0.8500000238418579,0.9215892369140215,0.8053801655769348,0.8053801655769348,0.8053801655769348,2000,,,,,,,,,,,
fedavg,fedavg,504|859,504|859,1,859,data_2000_4_1.5_chordal,val_epoch_task,val,cycle2,17,,,,,,,,,,2000,861.0,5.0,1133.0,1.0,0.9942263279445728,0.9988399071925754,0.9965277314186096,0.9965277314186096,0.9965277314186096,862.0,0.4309999942779541
fedavg,fedavg,504|859,504|859,1,859,data_2000_4_1.5_chordal,val_epoch_task,val,cycle3,17,,,,,,,,,,2000,689.0,18.0,1291.0,2.0,0.9745403111739745,0.9971056439942113,0.9856938123703003,0.9856938123703003,0.9856938123703003,691.0,0.34549999237060547
fedavg,fedavg,504|859,504|859,1,859,data_2000_4_1.5_chordal,val_epoch_task,val,cycle4,17,,,,,,,,,,2000,379.0,46.0,1563.0,12.0,0.8917647058823529,0.969309462915601,0.9289215803146362,0.9289215803146362,0.9289215803146362,391.0,0.19550000131130219
fedavg,fedavg,504|859,504|859,1,859,data_2000_4_1.5_chordal,val_epoch_task,val,cycle5,17,,,,,,,,,,2000,222.0,128.0,1636.0,14.0,0.6342857142857142,0.940677966101695,0.7576791644096375,0.7576791644096375,0.7576791644096375,236.0,0.11800000071525574
fedavg,fedavg,504|859,504|859,1,859,data_2000_4_1.5_chordal,val_epoch_task,val,cycle6,17,,,,,,,,,,2000,41.0,60.0,1812.0,87.0,0.40594059405940597,0.3203125,0.35807859897613525,0.35807859897613525,0.35807859897613525,128.0,0.06400000303983688
fedavg,fedavg,504|859,504|859,1,504,data_2000_3_11_chordal,global_val_client,val,,17,,,0.32279485154151916,0.9754,0.9075000286102295,0.8425096030729834,0.8519076108932495,0.8519076108932495,0.8519076108932495,2000,,,,,,,,,,,
fedavg,fedavg,504|859,504|859,1,504,data_2000_3_11_chordal,global_val_client_task,val,cycle2,17,,,,,,,,,,2000,82.0,8.0,1910.0,0.0,0.9111111111111111,1.0,0.9534883499145508,0.9534883499145508,0.9534883499145508,82.0,0.04100000113248825
fedavg,fedavg,504|859,504|859,1,504,data_2000_3_11_chordal,global_val_client_task,val,cycle3,17,,,,,,,,,,2000,128.0,37.0,1835.0,0.0,0.7757575757575758,1.0,0.873720109462738,0.873720109462738,0.873720109462738,128.0,0.06400000303983688
fedavg,fedavg,504|859,504|859,1,504,data_2000_3_11_chordal,global_val_client_task,val,cycle4,17,,,,,,,,,,2000,156.0,28.0,1815.0,1.0,0.8478260869565217,0.9936305732484076,0.9149559736251831,0.9149559736251831,0.9149559736251831,157.0,0.07850000262260437
fedavg,fedavg,504|859,504|859,1,504,data_2000_3_11_chordal,global_val_client_task,val,cycle5,17,,,,,,,,,,2000,185.0,64.0,1749.0,2.0,0.7429718875502008,0.9893048128342246,0.8486239314079285,0.8486239314079285,0.8486239314079285,187.0,0.09350000321865082
fedavg,fedavg,504|859,504|859,1,504,data_2000_3_11_chordal,global_val_client_task,val,cycle6,17,,,,,,,,,,2000,107.0,30.0,1787.0,76.0,0.781021897810219,0.5846994535519126,0.668749988079071,0.668749988079071,0.668749988079071,183.0,0.09149999916553497
fedavg,fedavg,504|859,504|859,1,859,data_2000_4_1.5_chordal,global_val_client,val,,17,,,0.3403674609661102,0.9546,0.8264999985694885,0.9079480940794808,0.8215826153755188,0.8215826153755188,0.8215826153755188,2000,,,,,,,,,,,
fedavg,fedavg,504|859,504|859,1,859,data_2000_4_1.5_chordal,global_val_client_task,val,cycle2,17,,,,,,,,,,2000,862.0,11.0,1127.0,0.0,0.9873997709049256,1.0,0.9936599135398865,0.9936599135398865,0.9936599135398865,862.0,0.4309999942779541
fedavg,fedavg,504|859,504|859,1,859,data_2000_4_1.5_chordal,global_val_client_task,val,cycle3,17,,,,,,,,,,2000,691.0,21.0,1288.0,0.0,0.9705056179775281,1.0,0.9850320816040039,0.9850320816040039,0.9850320816040039,691.0,0.34549999237060547
fedavg,fedavg,504|859,504|859,1,859,data_2000_4_1.5_chordal,global_val_client_task,val,cycle4,17,,,,,,,,,,2000,387.0,105.0,1504.0,4.0,0.7865853658536586,0.989769820971867,0.8765571713447571,0.8765571713447571,0.8765571713447571,391.0,0.19550000131130219
fedavg,fedavg,504|859,504|859,1,859,data_2000_4_1.5_chordal,global_val_client_task,val,cycle5,17,,,,,,,,,,2000,226.0,186.0,1578.0,10.0,0.5485436893203883,0.9576271186440678,0.6975309252738953,0.6975309252738953,0.6975309252738953,236.0,0.11800000071525574
fedavg,fedavg,504|859,504|859,1,859,data_2000_4_1.5_chordal,global_val_client_task,val,cycle6,17,,,,,,,,,,2000,73.0,62.0,1810.0,55.0,0.5407407407407407,0.5703125,0.555133044719696,0.555133044719696,0.555133044719696,128.0,0.06400000303983688
fedavg,fedavg,504|859,504|859,1,all,all,global_val_mean,val,,17,,,0.3315811562538147,0.965,0.867000013589859,0.8752288485762322,0.8367451131343842,0.8367451131343842,0.8367451131343842,4000,,,,,,,,,,,
fedavg,fedavg,504|859,504|859,1,504,data_2000_3_11_chordal,train_epoch,train,,18,1.0,0.12651136964559556,,,,,,,,2000,,,,,,,,,,,
fedavg,fedavg,504|859,504|859,1,504,data_2000_3_11_chordal,train_epoch,train,,18,2.0,0.12859547841548918,,,,,,,,2000,,,,,,,,,,,
fedavg,fedavg,504|859,504|859,1,504,data_2000_3_11_chordal,train_epoch,train,,18,3.0,0.14198028165102006,,,,,,,,2000,,,,,,,,,,,
fedavg,fedavg,504|859,504|859,1,504,data_2000_3_11_chordal,train_epoch,train,,18,4.0,0.13050485920906066,,,,,,,,2000,,,,,,,,,,,
fedavg,fedavg,504|859,504|859,1,504,data_2000_3_11_chordal,train_epoch,train,,18,5.0,0.11945705592632294,,,,,,,,2000,,,,,,,,,,,
fedavg,fedavg,504|859,504|859,1,504,data_2000_3_11_chordal,train_epoch,train,,18,6.0,0.10798470976576209,,,,,,,,2000,,,,,,,,,,,
fedavg,fedavg,504|859,504|859,1,504,data_2000_3_11_chordal,train_epoch,train,,18,7.0,0.09954853597283363,,,,,,,,2000,,,,,,,,,,,
fedavg,fedavg,504|859,504|859,1,504,data_2000_3_11_chordal,train_epoch,train,,18,8.0,0.1070976232290268,,,,,,,,2000,,,,,,,,,,,
fedavg,fedavg,504|859,504|859,1,504,data_2000_3_11_chordal,train_epoch,train,,18,9.0,0.13751150530576706,,,,,,,,2000,,,,,,,,,,,
fedavg,fedavg,504|859,504|859,1,504,data_2000_3_11_chordal,train_epoch,train,,18,10.0,0.11109974607825279,,,,,,,,2000,,,,,,,,,,,
fedavg,fedavg,504|859,504|859,1,504,data_2000_3_11_chordal,val_epoch,val,,18,,,0.14801212739944458,0.9771,0.9054999947547913,0.8624624624624625,0.8865877985954285,0.8865877985954285,0.8865877985954285,2000,,,,,,,,,,,
fedavg,fedavg,504|859,504|859,1,504,data_2000_3_11_chordal,val_epoch_task,val,cycle2,18,,,,,,,,,,2000,82.0,10.0,1908.0,0.0,0.8913043478260869,1.0,0.9425287246704102,0.9425287246704102,0.9425287246704102,82.0,0.04100000113248825
fedavg,fedavg,504|859,504|859,1,504,data_2000_3_11_chordal,val_epoch_task,val,cycle3,18,,,,,,,,,,2000,128.0,7.0,1865.0,0.0,0.9481481481481482,1.0,0.9733840227127075,0.9733840227127075,0.9733840227127075,128.0,0.06400000303983688
fedavg,fedavg,504|859,504|859,1,504,data_2000_3_11_chordal,val_epoch_task,val,cycle4,18,,,,,,,,,,2000,154.0,16.0,1827.0,3.0,0.9058823529411765,0.9808917197452229,0.9418960213661194,0.9418960213661194,0.9418960213661194,157.0,0.07850000262260437
fedavg,fedavg,504|859,504|859,1,504,data_2000_3_11_chordal,val_epoch_task,val,cycle5,18,,,,,,,,,,2000,185.0,65.0,1748.0,2.0,0.74,0.9893048128342246,0.8466819524765015,0.8466819524765015,0.8466819524765015,187.0,0.09350000321865082
fedavg,fedavg,504|859,504|859,1,504,data_2000_3_11_chordal,val_epoch_task,val,cycle6,18,,,,,,,,,,2000,169.0,112.0,1705.0,14.0,0.6014234875444839,0.9234972677595629,0.7284483313560486,0.7284483313560486,0.7284483313560486,183.0,0.09149999916553497
fedavg,fedavg,504|859,504|859,1,859,data_2000_4_1.5_chordal,train_epoch,train,,18,1.0,0.11839433372020722,,,,,,,,2000,,,,,,,,,,,
fedavg,fedavg,504|859,504|859,1,859,data_2000_4_1.5_chordal,train_epoch,train,,18,2.0,0.13071644914150238,,,,,,,,2000,,,,,,,,,,,
fedavg,fedavg,504|859,504|859,1,859,data_2000_4_1.5_chordal,train_epoch,train,,18,3.0,0.09441820534318686,,,,,,,,2000,,,,,,,,,,,
fedavg,fedavg,504|859,504|859,1,859,data_2000_4_1.5_chordal,train_epoch,train,,18,4.0,0.10062483459711075,,,,,,,,2000,,,,,,,,,,,
fedavg,fedavg,504|859,504|859,1,859,data_2000_4_1.5_chordal,train_epoch,train,,18,5.0,0.12288179245591163,,,,,,,,2000,,,,,,,,,,,
fedavg,fedavg,504|859,504|859,1,859,data_2000_4_1.5_chordal,train_epoch,train,,18,6.0,0.10730417136847972,,,,,,,,2000,,,,,,,,,,,
fedavg,fedavg,504|859,504|859,1,859,data_2000_4_1.5_chordal,train_epoch,train,,18,7.0,0.10100332196056842,,,,,,,,2000,,,,,,,,,,,
fedavg,fedavg,504|859,504|859,1,859,data_2000_4_1.5_chordal,train_epoch,train,,18,8.0,0.09744186413288117,,,,,,,,2000,,,,,,,,,,,
fedavg,fedavg,504|859,504|859,1,859,data_2000_4_1.5_chordal,train_epoch,train,,18,9.0,0.0808792802542448,,,,,,,,2000,,,,,,,,,,,
fedavg,fedavg,504|859,504|859,1,859,data_2000_4_1.5_chordal,train_epoch,train,,18,10.0,0.10256404700875282,,,,,,,,2000,,,,,,,,,,,
fedavg,fedavg,504|859,504|859,1,859,data_2000_4_1.5_chordal,val_epoch,val,,18,,,0.5423231942653656,0.9642,0.8575000166893005,0.9247583018074821,0.8336135745048523,0.8336135745048523,0.8336135745048523,2000,,,,,,,,,,,
fedavg,fedavg,504|859,504|859,1,859,data_2000_4_1.5_chordal,val_epoch_task,val,cycle2,18,,,,,,,,,,2000,859.0,3.0,1135.0,3.0,0.9965197215777262,0.9965197215777262,0.9965197443962097,0.9965197443962097,0.9965197443962097,862.0,0.4309999942779541
fedavg,fedavg,504|859,504|859,1,859,data_2000_4_1.5_chordal,val_epoch_task,val,cycle3,18,,,,,,,,,,2000,683.0,18.0,1291.0,8.0,0.9743223965763196,0.9884225759768451,0.9813218712806702,0.9813218712806702,0.9813218712806702,691.0,0.34549999237060547
fedavg,fedavg,504|859,504|859,1,859,data_2000_4_1.5_chordal,val_epoch_task,val,cycle4,18,,,,,,,,,,2000,376.0,50.0,1559.0,15.0,0.8826291079812206,0.9616368286445013,0.9204406142234802,0.9204406142234802,0.9204406142234802,391.0,0.19550000131130219
fedavg,fedavg,504|859,504|859,1,859,data_2000_4_1.5_chordal,val_epoch_task,val,cycle5,18,,,,,,,,,,2000,214.0,90.0,1674.0,22.0,0.7039473684210527,0.9067796610169492,0.7925925850868225,0.7925925850868225,0.7925925850868225,236.0,0.11800000071525574
fedavg,fedavg,504|859,504|859,1,859,data_2000_4_1.5_chordal,val_epoch_task,val,cycle6,18,,,,,,,,,,2000,68.0,89.0,1783.0,60.0,0.43312101910828027,0.53125,0.4771929979324341,0.4771929979324341,0.4771929979324341,128.0,0.06400000303983688
fedavg,fedavg,504|859,504|859,1,504,data_2000_3_11_chordal,global_val_client,val,,18,,,0.26288753223419187,0.9809,0.9194999933242798,0.8752449379490529,0.8839167356491089,0.8839167356491089,0.8839167356491089,2000,,,,,,,,,,,
fedavg,fedavg,504|859,504|859,1,504,data_2000_3_11_chordal,global_val_client_task,val,cycle2,18,,,,,,,,,,2000,82.0,12.0,1906.0,0.0,0.8723404255319149,1.0,0.9318181872367859,0.9318181872367859,0.9318181872367859,82.0,0.04100000113248825
fedavg,fedavg,504|859,504|859,1,504,data_2000_3_11_chordal,global_val_client_task,val,cycle3,18,,,,,,,,,,2000,127.0,12.0,1860.0,1.0,0.9136690647482014,0.9921875,0.9513108730316162,0.9513108730316162,0.9513108730316162,128.0,0.06400000303983688
fedavg,fedavg,504|859,504|859,1,504,data_2000_3_11_chordal,global_val_client_task,val,cycle4,18,,,,,,,,,,2000,154.0,26.0,1817.0,3.0,0.8555555555555555,0.9808917197452229,0.9139465689659119,0.9139465689659119,0.9139465689659119,157.0,0.07850000262260437
fedavg,fedavg,504|859,504|859,1,504,data_2000_3_11_chordal,global_val_client_task,val,cycle5,18,,,,,,,,,,2000,182.0,30.0,1783.0,5.0,0.8584905660377359,0.9732620320855615,0.9122807383537292,0.9122807383537292,0.9122807383537292,187.0,0.09350000321865082
fedavg,fedavg,504|859,504|859,1,504,data_2000_3_11_chordal,global_val_client_task,val,cycle6,18,,,,,,,,,,2000,125.0,44.0,1773.0,58.0,0.7396449704142012,0.6830601092896175,0.7102272510528564,0.7102272510528564,0.7102272510528564,183.0,0.09149999916553497
fedavg,fedavg,504|859,504|859,1,859,data_2000_4_1.5_chordal,global_val_client,val,,18,,,0.23845773839950563,0.958,0.8379999995231628,0.9145646867371848,0.8331138491630554,0.8331138491630554,0.8331138491630554,2000,,,,,,,,,,,
fedavg,fedavg,504|859,504|859,1,859,data_2000_4_1.5_chordal,global_val_client_task,val,cycle2,18,,,,,,,,,,2000,862.0,7.0,1131.0,0.0,0.9919447640966629,1.0,0.9959561228752136,0.9959561228752136,0.9959561228752136,862.0,0.4309999942779541
fedavg,fedavg,504|859,504|859,1,859,data_2000_4_1.5_chordal,global_val_client_task,val,cycle3,18,,,,,,,,,,2000,691.0,25.0,1284.0,0.0,0.9650837988826816,1.0,0.9822316765785217,0.9822316765785217,0.9822316765785217,691.0,0.34549999237060547
fedavg,fedavg,504|859,504|859,1,859,data_2000_4_1.5_chordal,global_val_client_task,val,cycle4,18,,,,,,,,,,2000,376.0,53.0,1556.0,15.0,0.8764568764568764,0.9616368286445013,0.917073130607605,0.917073130607605,0.917073130607605,391.0,0.19550000131130219
fedavg,fedavg,504|859,504|859,1,859,data_2000_4_1.5_chordal,global_val_client_task,val,cycle5,18,,,,,,,,,,2000,227.0,135.0,1629.0,9.0,0.6270718232044199,0.961864406779661,0.7591972947120667,0.7591972947120667,0.7591972947120667,236.0,0.11800000071525574
fedavg,fedavg,504|859,504|859,1,859,data_2000_4_1.5_chordal,global_val_client_task,val,cycle6,18,,,,,,,,,,2000,92.0,140.0,1732.0,36.0,0.39655172413793105,0.71875,0.5111110806465149,0.5111110806465149,0.5111110806465149,128.0,0.06400000303983688
fedavg,fedavg,504|859,504|859,1,all,all,global_val_mean,val,,18,,,0.25067263531684875,0.96945,0.8787499964237213,0.8949048123431189,0.8585152924060822,0.8585152924060822,0.8585152924060822,4000,,,,,,,,,,,
fedavg,fedavg,504|859,504|859,1,504,data_2000_3_11_chordal,train_epoch,train,,19,1.0,0.1563101441785693,,,,,,,,2000,,,,,,,,,,,
fedavg,fedavg,504|859,504|859,1,504,data_2000_3_11_chordal,train_epoch,train,,19,2.0,0.1306064360141754,,,,,,,,2000,,,,,,,,,,,
fedavg,fedavg,504|859,504|859,1,504,data_2000_3_11_chordal,train_epoch,train,,19,3.0,0.11380070663243533,,,,,,,,2000,,,,,,,,,,,
fedavg,fedavg,504|859,504|859,1,504,data_2000_3_11_chordal,train_epoch,train,,19,4.0,0.11986346939951181,,,,,,,,2000,,,,,,,,,,,
fedavg,fedavg,504|859,504|859,1,504,data_2000_3_11_chordal,train_epoch,train,,19,5.0,0.11664073026180267,,,,,,,,2000,,,,,,,,,,,
fedavg,fedavg,504|859,504|859,1,504,data_2000_3_11_chordal,train_epoch,train,,19,6.0,0.1347029287815094,,,,,,,,2000,,,,,,,,,,,
fedavg,fedavg,504|859,504|859,1,504,data_2000_3_11_chordal,train_epoch,train,,19,7.0,0.1261462285965681,,,,,,,,2000,,,,,,,,,,,
fedavg,fedavg,504|859,504|859,1,504,data_2000_3_11_chordal,train_epoch,train,,19,8.0,0.08933328542113304,,,,,,,,2000,,,,,,,,,,,
fedavg,fedavg,504|859,504|859,1,504,data_2000_3_11_chordal,train_epoch,train,,19,9.0,0.08818088725209236,,,,,,,,2000,,,,,,,,,,,
fedavg,fedavg,504|859,504|859,1,504,data_2000_3_11_chordal,train_epoch,train,,19,10.0,0.09774911332130432,,,,,,,,2000,,,,,,,,,,,
fedavg,fedavg,504|859,504|859,1,504,data_2000_3_11_chordal,val_epoch,val,,19,,,0.16186689805984497,0.9723,0.8930000066757202,0.8381063705435416,0.8642743229866028,0.8642743229866028,0.8642743229866028,2000,,,,,,,,,,,
fedavg,fedavg,504|859,504|859,1,504,data_2000_3_11_chordal,val_epoch_task,val,cycle2,19,,,,,,,,,,2000,82.0,10.0,1908.0,0.0,0.8913043478260869,1.0,0.9425287246704102,0.9425287246704102,0.9425287246704102,82.0,0.04100000113248825
fedavg,fedavg,504|859,504|859,1,504,data_2000_3_11_chordal,val_epoch_task,val,cycle3,19,,,,,,,,,,2000,128.0,16.0,1856.0,0.0,0.8888888888888888,1.0,0.9411765336990356,0.9411765336990356,0.9411765336990356,128.0,0.06400000303983688
fedavg,fedavg,504|859,504|859,1,504,data_2000_3_11_chordal,val_epoch_task,val,cycle4,19,,,,,,,,,,2000,156.0,37.0,1806.0,1.0,0.8082901554404145,0.9936305732484076,0.8914285898208618,0.8914285898208618,0.8914285898208618,157.0,0.07850000262260437
fedavg,fedavg,504|859,504|859,1,504,data_2000_3_11_chordal,val_epoch_task,val,cycle5,19,,,,,,,,,,2000,181.0,56.0,1757.0,6.0,0.7637130801687764,0.9679144385026738,0.8537736535072327,0.8537736535072327,0.8537736535072327,187.0,0.09350000321865082
fedavg,fedavg,504|859,504|859,1,504,data_2000_3_11_chordal,val_epoch_task,val,cycle6,19,,,,,,,,,,2000,170.0,138.0,1679.0,13.0,0.551948051948052,0.9289617486338798,0.6924643516540527,0.6924643516540527,0.6924643516540527,183.0,0.09149999916553497
fedavg,fedavg,504|859,504|859,1,859,data_2000_4_1.5_chordal,train_epoch,train,,19,1.0,0.15153141155838967,,,,,,,,2000,,,,,,,,,,,
fedavg,fedavg,504|859,504|859,1,859,data_2000_4_1.5_chordal,train_epoch,train,,19,2.0,0.11684691846370697,,,,,,,,2000,,,,,,,,,,,
fedavg,fedavg,504|859,504|859,1,859,data_2000_4_1.5_chordal,train_epoch,train,,19,3.0,0.09973270311951637,,,,,,,,2000,,,,,,,,,,,
fedavg,fedavg,504|859,504|859,1,859,data_2000_4_1.5_chordal,train_epoch,train,,19,4.0,0.08868913058936596,,,,,,,,2000,,,,,,,,,,,
fedavg,fedavg,504|859,504|859,1,859,data_2000_4_1.5_chordal,train_epoch,train,,19,5.0,0.09910502076148987,,,,,,,,2000,,,,,,,,,,,
fedavg,fedavg,504|859,504|859,1,859,data_2000_4_1.5_chordal,train_epoch,train,,19,6.0,0.1278645196557045,,,,,,,,2000,,,,,,,,,,,
fedavg,fedavg,504|859,504|859,1,859,data_2000_4_1.5_chordal,train_epoch,train,,19,7.0,0.12651691740751267,,,,,,,,2000,,,,,,,,,,,
fedavg,fedavg,504|859,504|859,1,859,data_2000_4_1.5_chordal,train_epoch,train,,19,8.0,0.10322281181812286,,,,,,,,2000,,,,,,,,,,,
fedavg,fedavg,504|859,504|859,1,859,data_2000_4_1.5_chordal,train_epoch,train,,19,9.0,0.07790937292575836,,,,,,,,2000,,,,,,,,,,,
fedavg,fedavg,504|859,504|859,1,859,data_2000_4_1.5_chordal,train_epoch,train,,19,10.0,0.16088853886723517,,,,,,,,2000,,,,,,,,,,,
fedavg,fedavg,504|859,504|859,1,859,data_2000_4_1.5_chordal,val_epoch,val,,19,,,0.7240420606732368,0.9616,0.8489999771118164,0.9175965665236052,0.8010037541389465,0.8010037541389465,0.8010037541389465,2000,,,,,,,,,,,
fedavg,fedavg,504|859,504|859,1,859,data_2000_4_1.5_chordal,val_epoch_task,val,cycle2,19,,,,,,,,,,2000,857.0,6.0,1132.0,5.0,0.9930475086906141,0.994199535962877,0.9936232566833496,0.9936232566833496,0.9936232566833496,862.0,0.4309999942779541
fedavg,fedavg,504|859,504|859,1,859,data_2000_4_1.5_chordal,val_epoch_task,val,cycle3,19,,,,,,,,,,2000,688.0,25.0,1284.0,3.0,0.9649368863955119,0.9956584659913169,0.9800570011138916,0.9800570011138916,0.9800570011138916,691.0,0.34549999237060547
fedavg,fedavg,504|859,504|859,1,859,data_2000_4_1.5_chordal,val_epoch_task,val,cycle4,19,,,,,,,,,,2000,365.0,59.0,1550.0,26.0,0.8608490566037735,0.9335038363171355,0.89570552110672,0.89570552110672,0.89570552110672,391.0,0.19550000131130219
fedavg,fedavg,504|859,504|859,1,859,data_2000_4_1.5_chordal,val_epoch_task,val,cycle5,19,,,,,,,,,,2000,185.0,69.0,1695.0,51.0,0.7283464566929134,0.7838983050847458,0.7551020979881287,0.7551020979881287,0.7551020979881287,236.0,0.11800000071525574
fedavg,fedavg,504|859,504|859,1,859,data_2000_4_1.5_chordal,val_epoch_task,val,cycle6,19,,,,,,,,,,2000,43.0,55.0,1817.0,85.0,0.4387755102040816,0.3359375,0.38053098320961,0.38053098320961,0.38053098320961,128.0,0.06400000303983688
fedavg,fedavg,504|859,504|859,1,504,data_2000_3_11_chordal,global_val_client,val,,19,,,0.34249727439880373,0.9759,0.906000018119812,0.8423806409417921,0.8512250781059265,0.8512250781059265,0.8512250781059265,2000,,,,,,,,,,,
fedavg,fedavg,504|859,504|859,1,504,data_2000_3_11_chordal,global_val_client_task,val,cycle2,19,,,,,,,,,,2000,82.0,12.0,1906.0,0.0,0.8723404255319149,1.0,0.9318181872367859,0.9318181872367859,0.9318181872367859,82.0,0.04100000113248825
fedavg,fedavg,504|859,504|859,1,504,data_2000_3_11_chordal,global_val_client_task,val,cycle3,19,,,,,,,,,,2000,128.0,20.0,1852.0,0.0,0.8648648648648649,1.0,0.9275362491607666,0.9275362491607666,0.9275362491607666,128.0,0.06400000303983688
fedavg,fedavg,504|859,504|859,1,504,data_2000_3_11_chordal,global_val_client_task,val,cycle4,19,,,,,,,,,,2000,152.0,32.0,1811.0,5.0,0.8260869565217391,0.9681528662420382,0.8914956450462341,0.8914956450462341,0.8914956450462341,157.0,0.07850000262260437
fedavg,fedavg,504|859,504|859,1,504,data_2000_3_11_chordal,global_val_client_task,val,cycle5,19,,,,,,,,,,2000,179.0,43.0,1770.0,8.0,0.8063063063063063,0.9572192513368984,0.8753056526184082,0.8753056526184082,0.8753056526184082,187.0,0.09350000321865082
fedavg,fedavg,504|859,504|859,1,504,data_2000_3_11_chordal,global_val_client_task,val,cycle6,19,,,,,,,,,,2000,103.0,41.0,1776.0,80.0,0.7152777777777778,0.5628415300546448,0.6299694180488586,0.6299694180488586,0.6299694180488586,183.0,0.09149999916553497
fedavg,fedavg,504|859,504|859,1,859,data_2000_4_1.5_chordal,global_val_client,val,,19,,,0.26674640184640885,0.9516,0.8134999871253967,0.9025764895330112,0.8140429258346558,0.8140429258346558,0.8140429258346558,2000,,,,,,,,,,,
fedavg,fedavg,504|859,504|859,1,859,data_2000_4_1.5_chordal,global_val_client_task,val,cycle2,19,,,,,,,,,,2000,862.0,9.0,1129.0,0.0,0.9896670493685419,1.0,0.994806706905365,0.994806706905365,0.994806706905365,862.0,0.4309999942779541
fedavg,fedavg,504|859,504|859,1,859,data_2000_4_1.5_chordal,global_val_client_task,val,cycle3,19,,,,,,,,,,2000,691.0,13.0,1296.0,0.0,0.9815340909090909,1.0,0.990680992603302,0.990680992603302,0.990680992603302,691.0,0.34549999237060547
fedavg,fedavg,504|859,504|859,1,859,data_2000_4_1.5_chordal,global_val_client_task,val,cycle4,19,,,,,,,,,,2000,377.0,56.0,1553.0,14.0,0.8706697459584296,0.9641943734015346,0.9150484800338745,0.9150484800338745,0.9150484800338745,391.0,0.19550000131130219
fedavg,fedavg,504|859,504|859,1,859,data_2000_4_1.5_chordal,global_val_client_task,val,cycle5,19,,,,,,,,,,2000,223.0,177.0,1587.0,13.0,0.5575,0.9449152542372882,0.7012578845024109,0.7012578845024109,0.7012578845024109,236.0,0.11800000071525574
fedavg,fedavg,504|859,504|859,1,859,data_2000_4_1.5_chordal,global_val_client_task,val,cycle6,19,,,,,,,,,,2000,89.0,163.0,1709.0,39.0,0.3531746031746032,0.6953125,0.468421071767807,0.468421071767807,0.468421071767807,128.0,0.06400000303983688
fedavg,fedavg,504|859,504|859,1,all,all,global_val_mean,val,,19,,,0.3046218381226063,0.96375,0.8597500026226044,0.8724785652374016,0.8326340019702911,0.8326340019702911,0.8326340019702911,4000,,,,,,,,,,,
fedavg,fedavg,504|859,504|859,1,504,data_2000_3_11_chordal,train_epoch,train,,20,1.0,0.1400583266019821,,,,,,,,2000,,,,,,,,,,,
fedavg,fedavg,504|859,504|859,1,504,data_2000_3_11_chordal,train_epoch,train,,20,2.0,0.11919140014052391,,,,,,,,2000,,,,,,,,,,,
fedavg,fedavg,504|859,504|859,1,504,data_2000_3_11_chordal,train_epoch,train,,20,3.0,0.11766224279627203,,,,,,,,2000,,,,,,,,,,,
fedavg,fedavg,504|859,504|859,1,504,data_2000_3_11_chordal,train_epoch,train,,20,4.0,0.12652436854690313,,,,,,,,2000,,,,,,,,,,,
fedavg,fedavg,504|859,504|859,1,504,data_2000_3_11_chordal,train_epoch,train,,20,5.0,0.1498484753370285,,,,,,,,2000,,,,,,,,,,,
fedavg,fedavg,504|859,504|859,1,504,data_2000_3_11_chordal,train_epoch,train,,20,6.0,0.14780975633859633,,,,,,,,2000,,,,,,,,,,,
fedavg,fedavg,504|859,504|859,1,504,data_2000_3_11_chordal,train_epoch,train,,20,7.0,0.10480146059766411,,,,,,,,2000,,,,,,,,,,,
fedavg,fedavg,504|859,504|859,1,504,data_2000_3_11_chordal,train_epoch,train,,20,8.0,0.11567760780453681,,,,,,,,2000,,,,,,,,,,,
fedavg,fedavg,504|859,504|859,1,504,data_2000_3_11_chordal,train_epoch,train,,20,9.0,0.10460413931682706,,,,,,,,2000,,,,,,,,,,,
fedavg,fedavg,504|859,504|859,1,504,data_2000_3_11_chordal,train_epoch,train,,20,10.0,0.11102514803409576,,,,,,,,2000,,,,,,,,,,,
fedavg,fedavg,504|859,504|859,1,504,data_2000_3_11_chordal,val_epoch,val,,20,,,0.1288681707382202,0.9739,0.8930000066757202,0.8469208211143696,0.8815144300460815,0.8815144300460815,0.8815144300460815,2000,,,,,,,,,,,
fedavg,fedavg,504|859,504|859,1,504,data_2000_3_11_chordal,val_epoch_task,val,cycle2,20,,,,,,,,,,2000,82.0,0.0,1918.0,0.0,1.0,1.0,1.0,1.0,1.0,82.0,0.04100000113248825
fedavg,fedavg,504|859,504|859,1,504,data_2000_3_11_chordal,val_epoch_task,val,cycle3,20,,,,,,,,,,2000,128.0,6.0,1866.0,0.0,0.9552238805970149,1.0,0.9770992398262024,0.9770992398262024,0.9770992398262024,128.0,0.06400000303983688
fedavg,fedavg,504|859,504|859,1,504,data_2000_3_11_chordal,val_epoch_task,val,cycle4,20,,,,,,,,,,2000,154.0,38.0,1805.0,3.0,0.8020833333333334,0.9808917197452229,0.8825215101242065,0.8825215101242065,0.8825215101242065,157.0,0.07850000262260437
fedavg,fedavg,504|859,504|859,1,504,data_2000_3_11_chordal,val_epoch_task,val,cycle5,20,,,,,,,,,,2000,183.0,66.0,1747.0,4.0,0.7349397590361446,0.9786096256684492,0.8394495248794556,0.8394495248794556,0.8394495248794556,187.0,0.09350000321865082
fedavg,fedavg,504|859,504|859,1,504,data_2000_3_11_chordal,val_epoch_task,val,cycle6,20,,,,,,,,,,2000,175.0,136.0,1681.0,8.0,0.5627009646302251,0.9562841530054644,0.7085020542144775,0.7085020542144775,0.7085020542144775,183.0,0.09149999916553497
fedavg,fedavg,504|859,504|859,1,859,data_2000_4_1.5_chordal,train_epoch,train,,20,1.0,0.13528055360913277,,,,,,,,2000,,,,,,,,,,,
fedavg,fedavg,504|859,504|859,1,859,data_2000_4_1.5_chordal,train_epoch,train,,20,2.0,0.09938152429461479,,,,,,,,2000,,,,,,,,,,,
fedavg,fedavg,504|859,504|859,1,859,data_2000_4_1.5_chordal,train_epoch,train,,20,3.0,0.10013107746839524,,,,,,,,2000,,,,,,,,,,,
fedavg,fedavg,504|859,504|859,1,859,data_2000_4_1.5_chordal,train_epoch,train,,20,4.0,0.1074739885032177,,,,,,,,2000,,,,,,,,,,,
fedavg,fedavg,504|859,504|859,1,859,data_2000_4_1.5_chordal,train_epoch,train,,20,5.0,0.11001507166028023,,,,,,,,2000,,,,,,,,,,,
fedavg,fedavg,504|859,504|859,1,859,data_2000_4_1.5_chordal,train_epoch,train,,20,6.0,0.10279869678616524,,,,,,,,2000,,,,,,,,,,,
fedavg,fedavg,504|859,504|859,1,859,data_2000_4_1.5_chordal,train_epoch,train,,20,7.0,0.1155166745185852,,,,,,,,2000,,,,,,,,,,,
fedavg,fedavg,504|859,504|859,1,859,data_2000_4_1.5_chordal,train_epoch,train,,20,8.0,0.10144664019346238,,,,,,,,2000,,,,,,,,,,,
fedavg,fedavg,504|859,504|859,1,859,data_2000_4_1.5_chordal,train_epoch,train,,20,9.0,0.11143255919218063,,,,,,,,2000,,,,,,,,,,,
fedavg,fedavg,504|859,504|859,1,859,data_2000_4_1.5_chordal,train_epoch,train,,20,10.0,0.10922834303975106,,,,,,,,2000,,,,,,,,,,,
fedavg,fedavg,504|859,504|859,1,859,data_2000_4_1.5_chordal,val_epoch,val,,20,,,0.45854998937249186,0.9452,0.8080000281333923,0.8900040144520273,0.8032903671264648,0.8032903671264648,0.8032903671264648,2000,,,,,,,,,,,
fedavg,fedavg,504|859,504|859,1,859,data_2000_4_1.5_chordal,val_epoch_task,val,cycle2,20,,,,,,,,,,2000,861.0,8.0,1130.0,1.0,0.9907940161104718,0.9988399071925754,0.9948006868362427,0.9948006868362427,0.9948006868362427,862.0,0.4309999942779541
fedavg,fedavg,504|859,504|859,1,859,data_2000_4_1.5_chordal,val_epoch_task,val,cycle3,20,,,,,,,,,,2000,690.0,19.0,1290.0,1.0,0.9732016925246827,0.9985528219971056,0.9857142567634583,0.9857142567634583,0.9857142567634583,691.0,0.34549999237060547
fedavg,fedavg,504|859,504|859,1,859,data_2000_4_1.5_chordal,val_epoch_task,val,cycle4,20,,,,,,,,,,2000,366.0,54.0,1555.0,25.0,0.8714285714285714,0.9360613810741688,0.9025893807411194,0.9025893807411194,0.9025893807411194,391.0,0.19550000131130219
fedavg,fedavg,504|859,504|859,1,859,data_2000_4_1.5_chordal,val_epoch_task,val,cycle5,20,,,,,,,,,,2000,206.0,107.0,1657.0,30.0,0.65814696485623,0.8728813559322034,0.7504554390907288,0.7504554390907288,0.7504554390907288,236.0,0.11800000071525574
fedavg,fedavg,504|859,504|859,1,859,data_2000_4_1.5_chordal,val_epoch_task,val,cycle6,20,,,,,,,,,,2000,94.0,269.0,1603.0,34.0,0.25895316804407714,0.734375,0.38289204239845276,0.38289204239845276,0.38289204239845276,128.0,0.06400000303983688
fedavg,fedavg,504|859,504|859,1,504,data_2000_3_11_chordal,global_val_client,val,,20,,,0.23706308299303055,0.9808,0.9190000295639038,0.8767650834403081,0.8878619074821472,0.8878619074821472,0.8878619074821472,2000,,,,,,,,,,,
fedavg,fedavg,504|859,504|859,1,504,data_2000_3_11_chordal,global_val_client_task,val,cycle2,20,,,,,,,,,,2000,82.0,12.0,1906.0,0.0,0.8723404255319149,1.0,0.9318181872367859,0.9318181872367859,0.9318181872367859,82.0,0.04100000113248825
fedavg,fedavg,504|859,504|859,1,504,data_2000_3_11_chordal,global_val_client_task,val,cycle3,20,,,,,,,,,,2000,128.0,15.0,1857.0,0.0,0.8951048951048951,1.0,0.9446494579315186,0.9446494579315186,0.9446494579315186,128.0,0.06400000303983688
fedavg,fedavg,504|859,504|859,1,504,data_2000_3_11_chordal,global_val_client_task,val,cycle4,20,,,,,,,,,,2000,153.0,17.0,1826.0,4.0,0.9,0.9745222929936306,0.935779869556427,0.935779869556427,0.935779869556427,157.0,0.07850000262260437
fedavg,fedavg,504|859,504|859,1,504,data_2000_3_11_chordal,global_val_client_task,val,cycle5,20,,,,,,,,,,2000,184.0,32.0,1781.0,3.0,0.8518518518518519,0.983957219251337,0.9131514430046082,0.9131514430046082,0.9131514430046082,187.0,0.09350000321865082
fedavg,fedavg,504|859,504|859,1,504,data_2000_3_11_chordal,global_val_client_task,val,cycle6,20,,,,,,,,,,2000,136.0,62.0,1755.0,47.0,0.6868686868686869,0.7431693989071039,0.7139107584953308,0.7139107584953308,0.7139107584953308,183.0,0.09149999916553497
fedavg,fedavg,504|859,504|859,1,859,data_2000_4_1.5_chordal,global_val_client,val,,20,,,0.25832102274894714,0.9395,0.7910000085830688,0.8824101068999028,0.8000837564468384,0.8000837564468384,0.8000837564468384,2000,,,,,,,,,,,
fedavg,fedavg,504|859,504|859,1,859,data_2000_4_1.5_chordal,global_val_client_task,val,cycle2,20,,,,,,,,,,2000,862.0,12.0,1126.0,0.0,0.9862700228832952,1.0,0.9930875897407532,0.9930875897407532,0.9930875897407532,862.0,0.4309999942779541
fedavg,fedavg,504|859,504|859,1,859,data_2000_4_1.5_chordal,global_val_client_task,val,cycle3,20,,,,,,,,,,2000,690.0,27.0,1282.0,1.0,0.9623430962343096,0.9985528219971056,0.9801136255264282,0.9801136255264282,0.9801136255264282,691.0,0.34549999237060547
fedavg,fedavg,504|859,504|859,1,859,data_2000_4_1.5_chordal,global_val_client_task,val,cycle4,20,,,,,,,,,,2000,383.0,102.0,1507.0,8.0,0.7896907216494845,0.979539641943734,0.8744292259216309,0.8744292259216309,0.8744292259216309,391.0,0.19550000131130219
fedavg,fedavg,504|859,504|859,1,859,data_2000_4_1.5_chordal,global_val_client_task,val,cycle5,20,,,,,,,,,,2000,227.0,191.0,1573.0,9.0,0.5430622009569378,0.961864406779661,0.6941896080970764,0.6941896080970764,0.6941896080970764,236.0,0.11800000071525574
fedavg,fedavg,504|859,504|859,1,859,data_2000_4_1.5_chordal,global_val_client_task,val,cycle6,20,,,,,,,,,,2000,108.0,235.0,1637.0,20.0,0.31486880466472306,0.84375,0.4585987627506256,0.4585987627506256,0.4585987627506256,128.0,0.06400000303983688
fedavg,fedavg,504|859,504|859,1,all,all,global_val_mean,val,,20,,,0.24769205287098883,0.96015,0.8550000190734863,0.8795875951701055,0.8439728319644928,0.8439728319644928,0.8439728319644928,4000,,,,,,,,,,,
fedavg,fedavg,504|859,504|859,1,504,data_2000_3_11_chordal,train_epoch,train,,21,1.0,0.12068613117933273,,,,,,,,2000,,,,,,,,,,,
fedavg,fedavg,504|859,504|859,1,504,data_2000_3_11_chordal,train_epoch,train,,21,2.0,0.1279749796241522,,,,,,,,2000,,,,,,,,,,,
fedavg,fedavg,504|859,504|859,1,504,data_2000_3_11_chordal,train_epoch,train,,21,3.0,0.12630410804599523,,,,,,,,2000,,,,,,,,,,,
fedavg,fedavg,504|859,504|859,1,504,data_2000_3_11_chordal,train_epoch,train,,21,4.0,0.11052828282862902,,,,,,,,2000,,,,,,,,,,,
fedavg,fedavg,504|859,504|859,1,504,data_2000_3_11_chordal,train_epoch,train,,21,5.0,0.1338752349317074,,,,,,,,2000,,,,,,,,,,,
fedavg,fedavg,504|859,504|859,1,504,data_2000_3_11_chordal,train_epoch,train,,21,6.0,0.13312678104639053,,,,,,,,2000,,,,,,,,,,,
fedavg,fedavg,504|859,504|859,1,504,data_2000_3_11_chordal,train_epoch,train,,21,7.0,0.10079176103323698,,,,,,,,2000,,,,,,,,,,,
fedavg,fedavg,504|859,504|859,1,504,data_2000_3_11_chordal,train_epoch,train,,21,8.0,0.0974087381362915,,,,,,,,2000,,,,,,,,,,,
fedavg,fedavg,504|859,504|859,1,504,data_2000_3_11_chordal,train_epoch,train,,21,9.0,0.09544830244779587,,,,,,,,2000,,,,,,,,,,,
fedavg,fedavg,504|859,504|859,1,504,data_2000_3_11_chordal,train_epoch,train,,21,10.0,0.07927192876115441,,,,,,,,2000,,,,,,,,,,,
fedavg,fedavg,504|859,504|859,1,504,data_2000_3_11_chordal,val_epoch,val,,21,,,0.1415096211731434,0.9693,0.8845000267028809,0.826651609260305,0.8514636754989624,0.8514636754989624,0.8514636754989624,2000,,,,,,,,,,,
fedavg,fedavg,504|859,504|859,1,504,data_2000_3_11_chordal,val_epoch_task,val,cycle2,21,,,,,,,,,,2000,82.0,7.0,1911.0,0.0,0.9213483146067416,1.0,0.9590643644332886,0.9590643644332886,0.9590643644332886,82.0,0.04100000113248825
fedavg,fedavg,504|859,504|859,1,504,data_2000_3_11_chordal,val_epoch_task,val,cycle3,21,,,,,,,,,,2000,128.0,21.0,1851.0,0.0,0.8590604026845637,1.0,0.9241877198219299,0.9241877198219299,0.9241877198219299,128.0,0.06400000303983688
fedavg,fedavg,504|859,504|859,1,504,data_2000_3_11_chordal,val_epoch_task,val,cycle4,21,,,,,,,,,,2000,156.0,66.0,1777.0,1.0,0.7027027027027027,0.9936305732484076,0.8232189416885376,0.8232189416885376,0.8232189416885376,157.0,0.07850000262260437
fedavg,fedavg,504|859,504|859,1,504,data_2000_3_11_chordal,val_epoch_task,val,cycle5,21,,,,,,,,,,2000,186.0,99.0,1714.0,1.0,0.6526315789473685,0.9946524064171123,0.7881355285644531,0.7881355285644531,0.7881355285644531,187.0,0.09350000321865082
fedavg,fedavg,504|859,504|859,1,504,data_2000_3_11_chordal,val_epoch_task,val,cycle6,21,,,,,,,,,,2000,180.0,109.0,1708.0,3.0,0.6228373702422145,0.9836065573770492,0.7627118825912476,0.7627118825912476,0.7627118825912476,183.0,0.09149999916553497
fedavg,fedavg,504|859,504|859,1,859,data_2000_4_1.5_chordal,train_epoch,train,,21,1.0,0.11892153048515319,,,,,,,,2000,,,,,,,,,,,
fedavg,fedavg,504|859,504|859,1,859,data_2000_4_1.5_chordal,train_epoch,train,,21,2.0,0.09064108055830002,,,,,,,,2000,,,,,,,,,,,
fedavg,fedavg,504|859,504|859,1,859,data_2000_4_1.5_chordal,train_epoch,train,,21,3.0,0.10148498696088791,,,,,,,,2000,,,,,,,,,,,
fedavg,fedavg,504|859,504|859,1,859,data_2000_4_1.5_chordal,train_epoch,train,,21,4.0,0.10084509831666946,,,,,,,,2000,,,,,,,,,,,
fedavg,fedavg,504|859,504|859,1,859,data_2000_4_1.5_chordal,train_epoch,train,,21,5.0,0.09525986877083778,,,,,,,,2000,,,,,,,,,,,
fedavg,fedavg,504|859,504|859,1,859,data_2000_4_1.5_chordal,train_epoch,train,,21,6.0,0.12360573196411133,,,,,,,,2000,,,,,,,,,,,
fedavg,fedavg,504|859,504|859,1,859,data_2000_4_1.5_chordal,train_epoch,train,,21,7.0,0.11203136044740677,,,,,,,,2000,,,,,,,,,,,
fedavg,fedavg,504|859,504|859,1,859,data_2000_4_1.5_chordal,train_epoch,train,,21,8.0,0.08755763965845108,,,,,,,,2000,,,,,,,,,,,
fedavg,fedavg,504|859,504|859,1,859,data_2000_4_1.5_chordal,train_epoch,train,,21,9.0,0.09546448019146919,,,,,,,,2000,,,,,,,,,,,
fedavg,fedavg,504|859,504|859,1,859,data_2000_4_1.5_chordal,train_epoch,train,,21,10.0,0.08784475721418858,,,,,,,,2000,,,,,,,,,,,
fedavg,fedavg,504|859,504|859,1,859,data_2000_4_1.5_chordal,val_epoch,val,,21,,,0.8150363106429577,0.9639,0.8525000214576721,0.924015996632288,0.8153093457221985,0.8153093457221985,0.8153093457221985,2000,,,,,,,,,,,
fedavg,fedavg,504|859,504|859,1,859,data_2000_4_1.5_chordal,val_epoch_task,val,cycle2,21,,,,,,,,,,2000,862.0,4.0,1134.0,0.0,0.9953810623556582,1.0,0.9976851344108582,0.9976851344108582,0.9976851344108582,862.0,0.4309999942779541
fedavg,fedavg,504|859,504|859,1,859,data_2000_4_1.5_chordal,val_epoch_task,val,cycle3,21,,,,,,,,,,2000,687.0,21.0,1288.0,4.0,0.9703389830508474,0.9942112879884226,0.9821301698684692,0.9821301698684692,0.9821301698684692,691.0,0.34549999237060547
fedavg,fedavg,504|859,504|859,1,859,data_2000_4_1.5_chordal,val_epoch_task,val,cycle4,21,,,,,,,,,,2000,385.0,69.0,1540.0,6.0,0.8480176211453745,0.9846547314578005,0.9112426042556763,0.9112426042556763,0.9112426042556763,391.0,0.19550000131130219
fedavg,fedavg,504|859,504|859,1,859,data_2000_4_1.5_chordal,val_epoch_task,val,cycle5,21,,,,,,,,,,2000,215.0,104.0,1660.0,21.0,0.6739811912225705,0.9110169491525424,0.7747747898101807,0.7747747898101807,0.7747747898101807,236.0,0.11800000071525574
fedavg,fedavg,504|859,504|859,1,859,data_2000_4_1.5_chordal,val_epoch_task,val,cycle6,21,,,,,,,,,,2000,46.0,50.0,1822.0,82.0,0.4791666666666667,0.359375,0.4107142984867096,0.4107142984867096,0.4107142984867096,128.0,0.06400000303983688
fedavg,fedavg,504|859,504|859,1,504,data_2000_3_11_chordal,global_val_client,val,,21,,,0.2262046643816866,0.9787,0.9125000238418579,0.8638977635782749,0.8808771967887878,0.8808771967887878,0.8808771967887878,2000,,,,,,,,,,,
fedavg,fedavg,504|859,504|859,1,504,data_2000_3_11_chordal,global_val_client_task,val,cycle2,21,,,,,,,,,,2000,82.0,5.0,1913.0,0.0,0.9425287356321839,1.0,0.9704142212867737,0.9704142212867737,0.9704142212867737,82.0,0.04100000113248825
fedavg,fedavg,504|859,504|859,1,504,data_2000_3_11_chordal,global_val_client_task,val,cycle3,21,,,,,,,,,,2000,128.0,10.0,1862.0,0.0,0.927536231884058,1.0,0.9624060392379761,0.9624060392379761,0.9624060392379761,128.0,0.06400000303983688
fedavg,fedavg,504|859,504|859,1,504,data_2000_3_11_chordal,global_val_client_task,val,cycle4,21,,,,,,,,,,2000,154.0,27.0,1816.0,3.0,0.850828729281768,0.9808917197452229,0.9112426042556763,0.9112426042556763,0.9112426042556763,157.0,0.07850000262260437
fedavg,fedavg,504|859,504|859,1,504,data_2000_3_11_chordal,global_val_client_task,val,cycle5,21,,,,,,,,,,2000,187.0,67.0,1746.0,0.0,0.7362204724409449,1.0,0.8480725884437561,0.8480725884437561,0.8480725884437561,187.0,0.09350000321865082
fedavg,fedavg,504|859,504|859,1,504,data_2000_3_11_chordal,global_val_client_task,val,cycle6,21,,,,,,,,,,2000,125.0,43.0,1774.0,58.0,0.7440476190476191,0.6830601092896175,0.7122507095336914,0.7122507095336914,0.7122507095336914,183.0,0.09149999916553497
fedavg,fedavg,504|859,504|859,1,859,data_2000_4_1.5_chordal,global_val_client,val,,21,,,0.26049137222766877,0.9389,0.7870000004768372,0.8817037754114231,0.7974289655685425,0.7974289655685425,0.7974289655685425,2000,,,,,,,,,,,
fedavg,fedavg,504|859,504|859,1,859,data_2000_4_1.5_chordal,global_val_client_task,val,cycle2,21,,,,,,,,,,2000,862.0,8.0,1130.0,0.0,0.9908045977011494,1.0,0.9953810572624207,0.9953810572624207,0.9953810572624207,862.0,0.4309999942779541
fedavg,fedavg,504|859,504|859,1,859,data_2000_4_1.5_chordal,global_val_client_task,val,cycle3,21,,,,,,,,,,2000,691.0,27.0,1282.0,0.0,0.9623955431754875,1.0,0.9808374643325806,0.9808374643325806,0.9808374643325806,691.0,0.34549999237060547
fedavg,fedavg,504|859,504|859,1,859,data_2000_4_1.5_chordal,global_val_client_task,val,cycle4,21,,,,,,,,,,2000,391.0,145.0,1464.0,0.0,0.7294776119402985,1.0,0.8435813784599304,0.8435813784599304,0.8435813784599304,391.0,0.19550000131130219
fedavg,fedavg,504|859,504|859,1,859,data_2000_4_1.5_chordal,global_val_client_task,val,cycle5,21,,,,,,,,,,2000,235.0,236.0,1528.0,1.0,0.4989384288747346,0.9957627118644068,0.6647807955741882,0.6647807955741882,0.6647807955741882,236.0,0.11800000071525574
fedavg,fedavg,504|859,504|859,1,859,data_2000_4_1.5_chordal,global_val_client_task,val,cycle6,21,,,,,,,,,,2000,98.0,164.0,1708.0,30.0,0.37404580152671757,0.765625,0.5025640726089478,0.5025640726089478,0.5025640726089478,128.0,0.06400000303983688
fedavg,fedavg,504|859,504|859,1,all,all,global_val_mean,val,,21,,,0.24334801830467767,0.9588,0.8497500121593475,0.872800769494849,0.8391530811786652,0.8391530811786652,0.8391530811786652,4000,,,,,,,,,,,
fedavg,fedavg,504|859,504|859,1,504,data_2000_3_11_chordal,train_epoch,train,,22,1.0,0.1269542669057846,,,,,,,,2000,,,,,,,,,,,
fedavg,fedavg,504|859,504|859,1,504,data_2000_3_11_chordal,train_epoch,train,,22,2.0,0.10998225396871567,,,,,,,,2000,,,,,,,,,,,
fedavg,fedavg,504|859,504|859,1,504,data_2000_3_11_chordal,train_epoch,train,,22,3.0,0.10189379185438156,,,,,,,,2000,,,,,,,,,,,
fedavg,fedavg,504|859,504|859,1,504,data_2000_3_11_chordal,train_epoch,train,,22,4.0,0.09790670400857926,,,,,,,,2000,,,,,,,,,,,
fedavg,fedavg,504|859,504|859,1,504,data_2000_3_11_chordal,train_epoch,train,,22,5.0,0.1553614958524704,,,,,,,,2000,,,,,,,,,,,
fedavg,fedavg,504|859,504|859,1,504,data_2000_3_11_chordal,train_epoch,train,,22,6.0,0.11990791031718254,,,,,,,,2000,,,,,,,,,,,
fedavg,fedavg,504|859,504|859,1,504,data_2000_3_11_chordal,train_epoch,train,,22,7.0,0.10696920803189278,,,,,,,,2000,,,,,,,,,,,
fedavg,fedavg,504|859,504|859,1,504,data_2000_3_11_chordal,train_epoch,train,,22,8.0,0.09602925956249236,,,,,,,,2000,,,,,,,,,,,
fedavg,fedavg,504|859,504|859,1,504,data_2000_3_11_chordal,train_epoch,train,,22,9.0,0.11548019813001156,,,,,,,,2000,,,,,,,,,,,
fedavg,fedavg,504|859,504|859,1,504,data_2000_3_11_chordal,train_epoch,train,,22,10.0,0.09703875571489334,,,,,,,,2000,,,,,,,,,,,
fedavg,fedavg,504|859,504|859,1,504,data_2000_3_11_chordal,val_epoch,val,,22,,,0.164242214076221,0.9637,0.8659999966621399,0.8004398020890597,0.836026668548584,0.836026668548584,0.836026668548584,2000,,,,,,,,,,,
fedavg,fedavg,504|859,504|859,1,504,data_2000_3_11_chordal,val_epoch_task,val,cycle2,22,,,,,,,,,,2000,82.0,6.0,1912.0,0.0,0.9318181818181818,1.0,0.9647058844566345,0.9647058844566345,0.9647058844566345,82.0,0.04100000113248825
fedavg,fedavg,504|859,504|859,1,504,data_2000_3_11_chordal,val_epoch_task,val,cycle3,22,,,,,,,,,,2000,125.0,11.0,1861.0,3.0,0.9191176470588235,0.9765625,0.9469696283340454,0.9469696283340454,0.9469696283340454,128.0,0.06400000303983688
fedavg,fedavg,504|859,504|859,1,504,data_2000_3_11_chordal,val_epoch_task,val,cycle4,22,,,,,,,,,,2000,157.0,140.0,1703.0,0.0,0.5286195286195287,1.0,0.691629946231842,0.691629946231842,0.691629946231842,157.0,0.07850000262260437
fedavg,fedavg,504|859,504|859,1,504,data_2000_3_11_chordal,val_epoch_task,val,cycle5,22,,,,,,,,,,2000,185.0,55.0,1758.0,2.0,0.7708333333333334,0.9893048128342246,0.8665105700492859,0.8665105700492859,0.8665105700492859,187.0,0.09350000321865082
fedavg,fedavg,504|859,504|859,1,504,data_2000_3_11_chordal,val_epoch_task,val,cycle6,22,,,,,,,,,,2000,179.0,142.0,1675.0,4.0,0.557632398753894,0.9781420765027322,0.7103174924850464,0.7103174924850464,0.7103174924850464,183.0,0.09149999916553497
fedavg,fedavg,504|859,504|859,1,859,data_2000_4_1.5_chordal,train_epoch,train,,22,1.0,0.11812956975400447,,,,,,,,2000,,,,,,,,,,,
fedavg,fedavg,504|859,504|859,1,859,data_2000_4_1.5_chordal,train_epoch,train,,22,2.0,0.10213706141710281,,,,,,,,2000,,,,,,,,,,,
fedavg,fedavg,504|859,504|859,1,859,data_2000_4_1.5_chordal,train_epoch,train,,22,3.0,0.08022758219391107,,,,,,,,2000,,,,,,,,,,,
fedavg,fedavg,504|859,504|859,1,859,data_2000_4_1.5_chordal,train_epoch,train,,22,4.0,0.08180906933546066,,,,,,,,2000,,,,,,,,,,,
fedavg,fedavg,504|859,504|859,1,859,data_2000_4_1.5_chordal,train_epoch,train,,22,5.0,0.10888059961795807,,,,,,,,2000,,,,,,,,,,,
fedavg,fedavg,504|859,504|859,1,859,data_2000_4_1.5_chordal,train_epoch,train,,22,6.0,0.09502823740243911,,,,,,,,2000,,,,,,,,,,,
fedavg,fedavg,504|859,504|859,1,859,data_2000_4_1.5_chordal,train_epoch,train,,22,7.0,0.10661299434304237,,,,,,,,2000,,,,,,,,,,,
fedavg,fedavg,504|859,504|859,1,859,data_2000_4_1.5_chordal,train_epoch,train,,22,8.0,0.08519952630996704,,,,,,,,2000,,,,,,,,,,,
fedavg,fedavg,504|859,504|859,1,859,data_2000_4_1.5_chordal,train_epoch,train,,22,9.0,0.08370340290665626,,,,,,,,2000,,,,,,,,,,,
fedavg,fedavg,504|859,504|859,1,859,data_2000_4_1.5_chordal,train_epoch,train,,22,10.0,0.08422037839889526,,,,,,,,2000,,,,,,,,,,,
fedavg,fedavg,504|859,504|859,1,859,data_2000_4_1.5_chordal,val_epoch,val,,22,,,0.3569617435932159,0.9473,0.8059999942779541,0.894915254237288,0.8068193197250366,0.8068193197250366,0.8068193197250366,2000,,,,,,,,,,,
fedavg,fedavg,504|859,504|859,1,859,data_2000_4_1.5_chordal,val_epoch_task,val,cycle2,22,,,,,,,,,,2000,857.0,5.0,1133.0,5.0,0.994199535962877,0.994199535962877,0.9941995143890381,0.9941995143890381,0.9941995143890381,862.0,0.4309999942779541
fedavg,fedavg,504|859,504|859,1,859,data_2000_4_1.5_chordal,val_epoch_task,val,cycle3,22,,,,,,,,,,2000,686.0,15.0,1294.0,5.0,0.978601997146933,0.9927641099855282,0.9856321811676025,0.9856321811676025,0.9856321811676025,691.0,0.34549999237060547
fedavg,fedavg,504|859,504|859,1,859,data_2000_4_1.5_chordal,val_epoch_task,val,cycle4,22,,,,,,,,,,2000,384.0,58.0,1551.0,7.0,0.8687782805429864,0.9820971867007673,0.9219688177108765,0.9219688177108765,0.9219688177108765,391.0,0.19550000131130219
fedavg,fedavg,504|859,504|859,1,859,data_2000_4_1.5_chordal,val_epoch_task,val,cycle5,22,,,,,,,,,,2000,227.0,174.0,1590.0,9.0,0.5660847880299252,0.961864406779661,0.7127158641815186,0.7127158641815186,0.7127158641815186,236.0,0.11800000071525574
fedavg,fedavg,504|859,504|859,1,859,data_2000_4_1.5_chordal,val_epoch_task,val,cycle6,22,,,,,,,,,,2000,90.0,211.0,1661.0,38.0,0.29900332225913623,0.703125,0.4195803999900818,0.4195803999900818,0.4195803999900818,128.0,0.06400000303983688
fedavg,fedavg,504|859,504|859,1,504,data_2000_3_11_chordal,global_val_client,val,,22,,,0.24563471472263337,0.973,0.8999999761581421,0.8351648351648351,0.8533428907394409,0.8533428907394409,0.8533428907394409,2000,,,,,,,,,,,
fedavg,fedavg,504|859,504|859,1,504,data_2000_3_11_chordal,global_val_client_task,val,cycle2,22,,,,,,,,,,2000,82.0,11.0,1907.0,0.0,0.8817204301075269,1.0,0.9371428489685059,0.9371428489685059,0.9371428489685059,82.0,0.04100000113248825
fedavg,fedavg,504|859,504|859,1,504,data_2000_3_11_chordal,global_val_client_task,val,cycle3,22,,,,,,,,,,2000,128.0,17.0,1855.0,0.0,0.8827586206896552,1.0,0.9377289414405823,0.9377289414405823,0.9377289414405823,128.0,0.06400000303983688
fedavg,fedavg,504|859,504|859,1,504,data_2000_3_11_chordal,global_val_client_task,val,cycle4,22,,,,,,,,,,2000,151.0,56.0,1787.0,6.0,0.7294685990338164,0.9617834394904459,0.8296703696250916,0.8296703696250916,0.8296703696250916,157.0,0.07850000262260437
fedavg,fedavg,504|859,504|859,1,504,data_2000_3_11_chordal,global_val_client_task,val,cycle5,22,,,,,,,,,,2000,178.0,54.0,1759.0,9.0,0.7672413793103449,0.9518716577540107,0.8496419787406921,0.8496419787406921,0.8496419787406921,187.0,0.09350000321865082
fedavg,fedavg,504|859,504|859,1,504,data_2000_3_11_chordal,global_val_client_task,val,cycle6,22,,,,,,,,,,2000,145.0,79.0,1738.0,38.0,0.6473214285714286,0.7923497267759563,0.7125306725502014,0.7125306725502014,0.7125306725502014,183.0,0.09149999916553497
fedavg,fedavg,504|859,504|859,1,859,data_2000_4_1.5_chordal,global_val_client,val,,22,,,0.2101855137348175,0.9332,0.7774999737739563,0.8731966590736522,0.7973493337631226,0.7973493337631226,0.7973493337631226,2000,,,,,,,,,,,
fedavg,fedavg,504|859,504|859,1,859,data_2000_4_1.5_chordal,global_val_client_task,val,cycle2,22,,,,,,,,,,2000,862.0,5.0,1133.0,0.0,0.994232987312572,1.0,0.9971081614494324,0.9971081614494324,0.9971081614494324,862.0,0.4309999942779541
fedavg,fedavg,504|859,504|859,1,859,data_2000_4_1.5_chordal,global_val_client_task,val,cycle3,22,,,,,,,,,,2000,691.0,17.0,1292.0,0.0,0.9759887005649718,1.0,0.9878484606742859,0.9878484606742859,0.9878484606742859,691.0,0.34549999237060547
fedavg,fedavg,504|859,504|859,1,859,data_2000_4_1.5_chordal,global_val_client_task,val,cycle4,22,,,,,,,,,,2000,389.0,89.0,1520.0,2.0,0.8138075313807531,0.9948849104859335,0.8952819108963013,0.8952819108963013,0.8952819108963013,391.0,0.19550000131130219
fedavg,fedavg,504|859,504|859,1,859,data_2000_4_1.5_chordal,global_val_client_task,val,cycle5,22,,,,,,,,,,2000,235.0,212.0,1552.0,1.0,0.5257270693512305,0.9957627118644068,0.6881405711174011,0.6881405711174011,0.6881405711174011,236.0,0.11800000071525574
fedavg,fedavg,504|859,504|859,1,859,data_2000_4_1.5_chordal,global_val_client_task,val,cycle6,22,,,,,,,,,,2000,123.0,337.0,1535.0,5.0,0.2673913043478261,0.9609375,0.41836732625961304,0.41836732625961304,0.41836732625961304,128.0,0.06400000303983688
fedavg,fedavg,504|859,504|859,1,all,all,global_val_mean,val,,22,,,0.22791011422872542,0.9531000000000001,0.8387499749660492,0.8541807471192436,0.8253461122512817,0.8253461122512817,0.8253461122512817,4000,,,,,,,,,,,
fedavg,fedavg,504|859,504|859,1,504,data_2000_3_11_chordal,train_epoch,train,,23,1.0,0.1265113700553775,,,,,,,,2000,,,,,,,,,,,
fedavg,fedavg,504|859,504|859,1,504,data_2000_3_11_chordal,train_epoch,train,,23,2.0,0.11065526214241982,,,,,,,,2000,,,,,,,,,,,
fedavg,fedavg,504|859,504|859,1,504,data_2000_3_11_chordal,train_epoch,train,,23,3.0,0.09343498149514198,,,,,,,,2000,,,,,,,,,,,
fedavg,fedavg,504|859,504|859,1,504,data_2000_3_11_chordal,train_epoch,train,,23,4.0,0.148861605912447,,,,,,,,2000,,,,,,,,,,,
fedavg,fedavg,504|859,504|859,1,504,data_2000_3_11_chordal,train_epoch,train,,23,5.0,0.12902873158454894,,,,,,,,2000,,,,,,,,,,,
fedavg,fedavg,504|859,504|859,1,504,data_2000_3_11_chordal,train_epoch,train,,23,6.0,0.1317964637670666,,,,,,,,2000,,,,,,,,,,,
fedavg,fedavg,504|859,504|859,1,504,data_2000_3_11_chordal,train_epoch,train,,23,7.0,0.0792858116030693,,,,,,,,2000,,,,,,,,,,,
fedavg,fedavg,504|859,504|859,1,504,data_2000_3_11_chordal,train_epoch,train,,23,8.0,0.10144310510158538,,,,,,,,2000,,,,,,,,,,,
fedavg,fedavg,504|859,504|859,1,504,data_2000_3_11_chordal,train_epoch,train,,23,9.0,0.1004070805227384,,,,,,,,2000,,,,,,,,,,,
fedavg,fedavg,504|859,504|859,1,504,data_2000_3_11_chordal,train_epoch,train,,23,10.0,0.10152619552612305,,,,,,,,2000,,,,,,,,,,,
fedavg,fedavg,504|859,504|859,1,504,data_2000_3_11_chordal,val_epoch,val,,23,,,0.21609881353378296,0.9733,0.8960000276565552,0.8398320335932814,0.8664504289627075,0.8664504289627075,0.8664504289627075,2000,,,,,,,,,,,
fedavg,fedavg,504|859,504|859,1,504,data_2000_3_11_chordal,val_epoch_task,val,cycle2,23,,,,,,,,,,2000,82.0,5.0,1913.0,0.0,0.9425287356321839,1.0,0.9704142212867737,0.9704142212867737,0.9704142212867737,82.0,0.04100000113248825
fedavg,fedavg,504|859,504|859,1,504,data_2000_3_11_chordal,val_epoch_task,val,cycle3,23,,,,,,,,,,2000,128.0,19.0,1853.0,0.0,0.8707482993197279,1.0,0.9309090971946716,0.9309090971946716,0.9309090971946716,128.0,0.06400000303983688
fedavg,fedavg,504|859,504|859,1,504,data_2000_3_11_chordal,val_epoch_task,val,cycle4,23,,,,,,,,,,2000,155.0,45.0,1798.0,2.0,0.775,0.9872611464968153,0.8683472871780396,0.8683472871780396,0.8683472871780396,157.0,0.07850000262260437
fedavg,fedavg,504|859,504|859,1,504,data_2000_3_11_chordal,val_epoch_task,val,cycle5,23,,,,,,,,,,2000,159.0,32.0,1781.0,28.0,0.8324607329842932,0.8502673796791443,0.8412699103355408,0.8412699103355408,0.8412699103355408,187.0,0.09350000321865082
fedavg,fedavg,504|859,504|859,1,504,data_2000_3_11_chordal,val_epoch_task,val,cycle6,23,,,,,,,,,,2000,176.0,129.0,1688.0,7.0,0.5770491803278689,0.9617486338797814,0.7213115096092224,0.7213115096092224,0.7213115096092224,183.0,0.09149999916553497
fedavg,fedavg,504|859,504|859,1,859,data_2000_4_1.5_chordal,train_epoch,train,,23,1.0,0.10527541244029999,,,,,,,,2000,,,,,,,,,,,
fedavg,fedavg,504|859,504|859,1,859,data_2000_4_1.5_chordal,train_epoch,train,,23,2.0,0.09284261000156403,,,,,,,,2000,,,,,,,,,,,
fedavg,fedavg,504|859,504|859,1,859,data_2000_4_1.5_chordal,train_epoch,train,,23,3.0,0.12386438882350921,,,,,,,,2000,,,,,,,,,,,
fedavg,fedavg,504|859,504|859,1,859,data_2000_4_1.5_chordal,train_epoch,train,,23,4.0,0.09539398360252381,,,,,,,,2000,,,,,,,,,,,
fedavg,fedavg,504|859,504|859,1,859,data_2000_4_1.5_chordal,train_epoch,train,,23,5.0,0.08667009139060974,,,,,,,,2000,,,,,,,,,,,
fedavg,fedavg,504|859,504|859,1,859,data_2000_4_1.5_chordal,train_epoch,train,,23,6.0,0.09055411452054977,,,,,,,,2000,,,,,,,,,,,
fedavg,fedavg,504|859,504|859,1,859,data_2000_4_1.5_chordal,train_epoch,train,,23,7.0,0.08006344851851463,,,,,,,,2000,,,,,,,,,,,
fedavg,fedavg,504|859,504|859,1,859,data_2000_4_1.5_chordal,train_epoch,train,,23,8.0,0.081709388487041,,,,,,,,2000,,,,,,,,,,,
fedavg,fedavg,504|859,504|859,1,859,data_2000_4_1.5_chordal,train_epoch,train,,23,9.0,0.06885370016098022,,,,,,,,2000,,,,,,,,,,,
fedavg,fedavg,504|859,504|859,1,859,data_2000_4_1.5_chordal,train_epoch,train,,23,10.0,0.1324367988705635,,,,,,,,2000,,,,,,,,,,,
fedavg,fedavg,504|859,504|859,1,859,data_2000_4_1.5_chordal,val_epoch,val,,23,,,0.3166523849964142,0.9477,0.8134999871253967,0.8952952952952953,0.8136824369430542,0.8136824369430542,0.8136824369430542,2000,,,,,,,,,,,
fedavg,fedavg,504|859,504|859,1,859,data_2000_4_1.5_chordal,val_epoch_task,val,cycle2,23,,,,,,,,,,2000,859.0,9.0,1129.0,3.0,0.9896313364055299,0.9965197215777262,0.9930635690689087,0.9930635690689087,0.9930635690689087,862.0,0.4309999942779541
fedavg,fedavg,504|859,504|859,1,859,data_2000_4_1.5_chordal,val_epoch_task,val,cycle3,23,,,,,,,,,,2000,686.0,25.0,1284.0,5.0,0.9648382559774965,0.9927641099855282,0.9786020517349243,0.9786020517349243,0.9786020517349243,691.0,0.34549999237060547
fedavg,fedavg,504|859,504|859,1,859,data_2000_4_1.5_chordal,val_epoch_task,val,cycle4,23,,,,,,,,,,2000,367.0,36.0,1573.0,24.0,0.9106699751861043,0.9386189258312021,0.924433171749115,0.924433171749115,0.924433171749115,391.0,0.19550000131130219
fedavg,fedavg,504|859,504|859,1,859,data_2000_4_1.5_chordal,val_epoch_task,val,cycle5,23,,,,,,,,,,2000,222.0,152.0,1612.0,14.0,0.5935828877005348,0.940677966101695,0.7278688549995422,0.7278688549995422,0.7278688549995422,236.0,0.11800000071525574
fedavg,fedavg,504|859,504|859,1,859,data_2000_4_1.5_chordal,val_epoch_task,val,cycle6,23,,,,,,,,,,2000,102.0,229.0,1643.0,26.0,0.3081570996978852,0.796875,0.4444444179534912,0.4444444179534912,0.4444444179534912,128.0,0.06400000303983688
fedavg,fedavg,504|859,504|859,1,504,data_2000_3_11_chordal,global_val_client,val,,23,,,0.22490340143442153,0.98,0.9185000061988831,0.8730964467005077,0.8886986970901489,0.8886986970901489,0.8886986970901489,2000,,,,,,,,,,,
fedavg,fedavg,504|859,504|859,1,504,data_2000_3_11_chordal,global_val_client_task,val,cycle2,23,,,,,,,,,,2000,82.0,9.0,1909.0,0.0,0.9010989010989011,1.0,0.94797682762146,0.94797682762146,0.94797682762146,82.0,0.04100000113248825
fedavg,fedavg,504|859,504|859,1,504,data_2000_3_11_chordal,global_val_client_task,val,cycle3,23,,,,,,,,,,2000,127.0,10.0,1862.0,1.0,0.927007299270073,0.9921875,0.9584905505180359,0.9584905505180359,0.9584905505180359,128.0,0.06400000303983688
fedavg,fedavg,504|859,504|859,1,504,data_2000_3_11_chordal,global_val_client_task,val,cycle4,23,,,,,,,,,,2000,152.0,23.0,1820.0,5.0,0.8685714285714285,0.9681528662420382,0.9156626462936401,0.9156626462936401,0.9156626462936401,157.0,0.07850000262260437
fedavg,fedavg,504|859,504|859,1,504,data_2000_3_11_chordal,global_val_client_task,val,cycle5,23,,,,,,,,,,2000,180.0,40.0,1773.0,7.0,0.8181818181818182,0.9625668449197861,0.8845208883285522,0.8845208883285522,0.8845208883285522,187.0,0.09350000321865082
fedavg,fedavg,504|859,504|859,1,504,data_2000_3_11_chordal,global_val_client_task,val,cycle6,23,,,,,,,,,,2000,147.0,69.0,1748.0,36.0,0.6805555555555556,0.8032786885245902,0.736842155456543,0.736842155456543,0.736842155456543,183.0,0.09149999916553497
fedavg,fedavg,504|859,504|859,1,859,data_2000_4_1.5_chordal,global_val_client,val,,23,,,0.20290766525268555,0.9398,0.800000011920929,0.8840077071290945,0.8063573837280273,0.8063573837280273,0.8063573837280273,2000,,,,,,,,,,,
fedavg,fedavg,504|859,504|859,1,859,data_2000_4_1.5_chordal,global_val_client_task,val,cycle2,23,,,,,,,,,,2000,862.0,3.0,1135.0,0.0,0.9965317919075144,1.0,0.998262882232666,0.998262882232666,0.998262882232666,862.0,0.4309999942779541
fedavg,fedavg,504|859,504|859,1,859,data_2000_4_1.5_chordal,global_val_client_task,val,cycle3,23,,,,,,,,,,2000,691.0,22.0,1287.0,0.0,0.9691444600280504,1.0,0.9843304753303528,0.9843304753303528,0.9843304753303528,691.0,0.34549999237060547
fedavg,fedavg,504|859,504|859,1,859,data_2000_4_1.5_chordal,global_val_client_task,val,cycle4,23,,,,,,,,,,2000,391.0,110.0,1499.0,0.0,0.780439121756487,1.0,0.8766816258430481,0.8766816258430481,0.8766816258430481,391.0,0.19550000131130219
fedavg,fedavg,504|859,504|859,1,859,data_2000_4_1.5_chordal,global_val_client_task,val,cycle5,23,,,,,,,,,,2000,230.0,181.0,1583.0,6.0,0.559610705596107,0.9745762711864406,0.7109736800193787,0.7109736800193787,0.7109736800193787,236.0,0.11800000071525574
fedavg,fedavg,504|859,504|859,1,859,data_2000_4_1.5_chordal,global_val_client_task,val,cycle6,23,,,,,,,,,,2000,120.0,272.0,1600.0,8.0,0.30612244897959184,0.9375,0.46153849363327026,0.46153849363327026,0.46153849363327026,128.0,0.06400000303983688
fedavg,fedavg,504|859,504|859,1,all,all,global_val_mean,val,,23,,,0.21390553334355356,0.9599,0.859250009059906,0.8785520769148011,0.8475280404090881,0.8475280404090881,0.8475280404090881,4000,,,,,,,,,,,
fedavg,fedavg,504|859,504|859,1,504,data_2000_3_11_chordal,train_epoch,train,,24,1.0,0.10164679238200187,,,,,,,,2000,,,,,,,,,,,
fedavg,fedavg,504|859,504|859,1,504,data_2000_3_11_chordal,train_epoch,train,,24,2.0,0.10574897245387546,,,,,,,,2000,,,,,,,,,,,
fedavg,fedavg,504|859,504|859,1,504,data_2000_3_11_chordal,train_epoch,train,,24,3.0,0.1413870494365692,,,,,,,,2000,,,,,,,,,,,
fedavg,fedavg,504|859,504|859,1,504,data_2000_3_11_chordal,train_epoch,train,,24,4.0,0.10016162359714507,,,,,,,,2000,,,,,,,,,,,
fedavg,fedavg,504|859,504|859,1,504,data_2000_3_11_chordal,train_epoch,train,,24,5.0,0.12122395145893097,,,,,,,,2000,,,,,,,,,,,
fedavg,fedavg,504|859,504|859,1,504,data_2000_3_11_chordal,train_epoch,train,,24,6.0,0.10410370764136315,,,,,,,,2000,,,,,,,,,,,
fedavg,fedavg,504|859,504|859,1,504,data_2000_3_11_chordal,train_epoch,train,,24,7.0,0.11900826767086983,,,,,,,,2000,,,,,,,,,,,
fedavg,fedavg,504|859,504|859,1,504,data_2000_3_11_chordal,train_epoch,train,,24,8.0,0.09816849288941011,,,,,,,,2000,,,,,,,,,,,
fedavg,fedavg,504|859,504|859,1,504,data_2000_3_11_chordal,train_epoch,train,,24,9.0,0.0856696742773056,,,,,,,,2000,,,,,,,,,,,
fedavg,fedavg,504|859,504|859,1,504,data_2000_3_11_chordal,train_epoch,train,,24,10.0,0.11835708287358283,,,,,,,,2000,,,,,,,,,,,
fedavg,fedavg,504|859,504|859,1,504,data_2000_3_11_chordal,val_epoch,val,,24,,,0.22237376642227172,0.9674,0.8774999976158142,0.8130733944954128,0.819198727607727,0.819198727607727,0.819198727607727,2000,,,,,,,,,,,
fedavg,fedavg,504|859,504|859,1,504,data_2000_3_11_chordal,val_epoch_task,val,cycle2,24,,,,,,,,,,2000,82.0,50.0,1868.0,0.0,0.6212121212121212,1.0,0.7663551568984985,0.7663551568984985,0.7663551568984985,82.0,0.04100000113248825
fedavg,fedavg,504|859,504|859,1,504,data_2000_3_11_chordal,val_epoch_task,val,cycle3,24,,,,,,,,,,2000,128.0,27.0,1845.0,0.0,0.8258064516129032,1.0,0.9045936465263367,0.9045936465263367,0.9045936465263367,128.0,0.06400000303983688
fedavg,fedavg,504|859,504|859,1,504,data_2000_3_11_chordal,val_epoch_task,val,cycle4,24,,,,,,,,,,2000,147.0,35.0,1808.0,10.0,0.8076923076923077,0.9363057324840764,0.8672566413879395,0.8672566413879395,0.8672566413879395,157.0,0.07850000262260437
fedavg,fedavg,504|859,504|859,1,504,data_2000_3_11_chordal,val_epoch_task,val,cycle5,24,,,,,,,,,,2000,180.0,61.0,1752.0,7.0,0.7468879668049793,0.9625668449197861,0.84112149477005,0.84112149477005,0.84112149477005,187.0,0.09350000321865082
fedavg,fedavg,504|859,504|859,1,504,data_2000_3_11_chordal,val_epoch_task,val,cycle6,24,,,,,,,,,,2000,172.0,125.0,1692.0,11.0,0.5791245791245792,0.9398907103825137,0.7166666388511658,0.7166666388511658,0.7166666388511658,183.0,0.09149999916553497
fedavg,fedavg,504|859,504|859,1,859,data_2000_4_1.5_chordal,train_epoch,train,,24,1.0,0.11177475616335869,,,,,,,,2000,,,,,,,,,,,
fedavg,fedavg,504|859,504|859,1,859,data_2000_4_1.5_chordal,train_epoch,train,,24,2.0,0.09034739828109742,,,,,,,,2000,,,,,,,,,,,
fedavg,fedavg,504|859,504|859,1,859,data_2000_4_1.5_chordal,train_epoch,train,,24,3.0,0.09628818908333778,,,,,,,,2000,,,,,,,,,,,
fedavg,fedavg,504|859,504|859,1,859,data_2000_4_1.5_chordal,train_epoch,train,,24,4.0,0.11689302206039429,,,,,,,,2000,,,,,,,,,,,
fedavg,fedavg,504|859,504|859,1,859,data_2000_4_1.5_chordal,train_epoch,train,,24,5.0,0.10545432838425041,,,,,,,,2000,,,,,,,,,,,
fedavg,fedavg,504|859,504|859,1,859,data_2000_4_1.5_chordal,train_epoch,train,,24,6.0,0.09991269201040268,,,,,,,,2000,,,,,,,,,,,
fedavg,fedavg,504|859,504|859,1,859,data_2000_4_1.5_chordal,train_epoch,train,,24,7.0,0.1094800940155983,,,,,,,,2000,,,,,,,,,,,
fedavg,fedavg,504|859,504|859,1,859,data_2000_4_1.5_chordal,train_epoch,train,,24,8.0,0.09767418313026428,,,,,,,,2000,,,,,,,,,,,
fedavg,fedavg,504|859,504|859,1,859,data_2000_4_1.5_chordal,train_epoch,train,,24,9.0,0.08536292795836925,,,,,,,,2000,,,,,,,,,,,
fedavg,fedavg,504|859,504|859,1,859,data_2000_4_1.5_chordal,train_epoch,train,,24,10.0,0.09425650435686111,,,,,,,,2000,,,,,,,,,,,
fedavg,fedavg,504|859,504|859,1,859,data_2000_4_1.5_chordal,val_epoch,val,,24,,,0.7276857202239334,0.9677,0.8679999709129333,0.9299197222824908,0.8211238980293274,0.8211238980293274,0.8211238980293274,2000,,,,,,,,,,,
fedavg,fedavg,504|859,504|859,1,859,data_2000_4_1.5_chordal,val_epoch_task,val,cycle2,24,,,,,,,,,,2000,862.0,7.0,1131.0,0.0,0.9919447640966629,1.0,0.9959561228752136,0.9959561228752136,0.9959561228752136,862.0,0.4309999942779541
fedavg,fedavg,504|859,504|859,1,859,data_2000_4_1.5_chordal,val_epoch_task,val,cycle3,24,,,,,,,,,,2000,689.0,23.0,1286.0,2.0,0.9676966292134831,0.9971056439942113,0.9821810722351074,0.9821810722351074,0.9821810722351074,691.0,0.34549999237060547
fedavg,fedavg,504|859,504|859,1,859,data_2000_4_1.5_chordal,val_epoch_task,val,cycle4,24,,,,,,,,,,2000,360.0,29.0,1580.0,31.0,0.9254498714652957,0.9207161125319693,0.9230769276618958,0.9230769276618958,0.9230769276618958,391.0,0.19550000131130219
fedavg,fedavg,504|859,504|859,1,859,data_2000_4_1.5_chordal,val_epoch_task,val,cycle5,24,,,,,,,,,,2000,185.0,38.0,1726.0,51.0,0.8295964125560538,0.7838983050847458,0.8061002492904663,0.8061002492904663,0.8061002492904663,236.0,0.11800000071525574
fedavg,fedavg,504|859,504|859,1,859,data_2000_4_1.5_chordal,val_epoch_task,val,cycle6,24,,,,,,,,,,2000,47.0,61.0,1811.0,81.0,0.4351851851851852,0.3671875,0.39830508828163147,0.39830508828163147,0.39830508828163147,128.0,0.06400000303983688
fedavg,fedavg,504|859,504|859,1,504,data_2000_3_11_chordal,global_val_client,val,,24,,,0.3344750027656555,0.9763,0.9035000205039978,0.846403110823072,0.8528878092765808,0.8528878092765808,0.8528878092765808,2000,,,,,,,,,,,
fedavg,fedavg,504|859,504|859,1,504,data_2000_3_11_chordal,global_val_client_task,val,cycle2,24,,,,,,,,,,2000,82.0,14.0,1904.0,0.0,0.8541666666666666,1.0,0.9213482737541199,0.9213482737541199,0.9213482737541199,82.0,0.04100000113248825
fedavg,fedavg,504|859,504|859,1,504,data_2000_3_11_chordal,global_val_client_task,val,cycle3,24,,,,,,,,,,2000,128.0,33.0,1839.0,0.0,0.7950310559006211,1.0,0.8858131766319275,0.8858131766319275,0.8858131766319275,128.0,0.06400000303983688
fedavg,fedavg,504|859,504|859,1,504,data_2000_3_11_chordal,global_val_client_task,val,cycle4,24,,,,,,,,,,2000,153.0,27.0,1816.0,4.0,0.85,0.9745222929936306,0.9080119132995605,0.9080119132995605,0.9080119132995605,157.0,0.07850000262260437
fedavg,fedavg,504|859,504|859,1,504,data_2000_3_11_chordal,global_val_client_task,val,cycle5,24,,,,,,,,,,2000,181.0,29.0,1784.0,6.0,0.861904761904762,0.9679144385026738,0.9118388295173645,0.9118388295173645,0.9118388295173645,187.0,0.09350000321865082
fedavg,fedavg,504|859,504|859,1,504,data_2000_3_11_chordal,global_val_client_task,val,cycle6,24,,,,,,,,,,2000,109.0,50.0,1767.0,74.0,0.6855345911949685,0.5956284153005464,0.6374269723892212,0.6374269723892212,0.6374269723892212,183.0,0.09149999916553497
fedavg,fedavg,504|859,504|859,1,859,data_2000_4_1.5_chordal,global_val_client,val,,24,,,0.27311379873752595,0.9562,0.8370000123977661,0.9109394062627084,0.83171546459198,0.83171546459198,0.83171546459198,2000,,,,,,,,,,,
fedavg,fedavg,504|859,504|859,1,859,data_2000_4_1.5_chordal,global_val_client_task,val,cycle2,24,,,,,,,,,,2000,862.0,15.0,1123.0,0.0,0.9828962371721779,1.0,0.9913743138313293,0.9913743138313293,0.9913743138313293,862.0,0.4309999942779541
fedavg,fedavg,504|859,504|859,1,859,data_2000_4_1.5_chordal,global_val_client_task,val,cycle3,24,,,,,,,,,,2000,691.0,28.0,1281.0,0.0,0.96105702364395,1.0,0.9801418781280518,0.9801418781280518,0.9801418781280518,691.0,0.34549999237060547
fedavg,fedavg,504|859,504|859,1,859,data_2000_4_1.5_chordal,global_val_client_task,val,cycle4,24,,,,,,,,,,2000,379.0,54.0,1555.0,12.0,0.8752886836027713,0.969309462915601,0.9199029207229614,0.9199029207229614,0.9199029207229614,391.0,0.19550000131130219
fedavg,fedavg,504|859,504|859,1,859,data_2000_4_1.5_chordal,global_val_client_task,val,cycle5,24,,,,,,,,,,2000,208.0,85.0,1679.0,28.0,0.7098976109215017,0.8813559322033898,0.7863894701004028,0.7863894701004028,0.7863894701004028,236.0,0.11800000071525574
fedavg,fedavg,504|859,504|859,1,859,data_2000_4_1.5_chordal,global_val_client_task,val,cycle6,24,,,,,,,,,,2000,100.0,188.0,1684.0,28.0,0.3472222222222222,0.78125,0.48076921701431274,0.48076921701431274,0.48076921701431274,128.0,0.06400000303983688
fedavg,fedavg,504|859,504|859,1,all,all,global_val_mean,val,,24,,,0.30379440075159075,0.96625,0.870250016450882,0.8786712585428902,0.8423016369342804,0.8423016369342804,0.8423016369342804,4000,,,,,,,,,,,
fedavg,fedavg,504|859,504|859,1,504,data_2000_3_11_chordal,train_epoch,train,,25,1.0,0.14774185532331466,,,,,,,,2000,,,,,,,,,,,
fedavg,fedavg,504|859,504|859,1,504,data_2000_3_11_chordal,train_epoch,train,,25,2.0,0.09704281926155091,,,,,,,,2000,,,,,,,,,,,
fedavg,fedavg,504|859,504|859,1,504,data_2000_3_11_chordal,train_epoch,train,,25,3.0,0.10974005171656609,,,,,,,,2000,,,,,,,,,,,
fedavg,fedavg,504|859,504|859,1,504,data_2000_3_11_chordal,train_epoch,train,,25,4.0,0.1124961371421814,,,,,,,,2000,,,,,,,,,,,
fedavg,fedavg,504|859,504|859,1,504,data_2000_3_11_chordal,train_epoch,train,,25,5.0,0.10869457311928273,,,,,,,,2000,,,,,,,,,,,
fedavg,fedavg,504|859,504|859,1,504,data_2000_3_11_chordal,train_epoch,train,,25,6.0,0.09139622969552874,,,,,,,,2000,,,,,,,,,,,
fedavg,fedavg,504|859,504|859,1,504,data_2000_3_11_chordal,train_epoch,train,,25,7.0,0.12160892184078693,,,,,,,,2000,,,,,,,,,,,
fedavg,fedavg,504|859,504|859,1,504,data_2000_3_11_chordal,train_epoch,train,,25,8.0,0.12021312794685945,,,,,,,,2000,,,,,,,,,,,
fedavg,fedavg,504|859,504|859,1,504,data_2000_3_11_chordal,train_epoch,train,,25,9.0,0.09766248297691345,,,,,,,,2000,,,,,,,,,,,
fedavg,fedavg,504|859,504|859,1,504,data_2000_3_11_chordal,train_epoch,train,,25,10.0,0.1053977307677269,,,,,,,,2000,,,,,,,,,,,
fedavg,fedavg,504|859,504|859,1,504,data_2000_3_11_chordal,val_epoch,val,,25,,,0.22623161241412162,0.972,0.8920000195503235,0.8343195266272189,0.8538597822189331,0.8538597822189331,0.8538597822189331,2000,,,,,,,,,,,
fedavg,fedavg,504|859,504|859,1,504,data_2000_3_11_chordal,val_epoch_task,val,cycle2,25,,,,,,,,,,2000,82.0,16.0,1902.0,0.0,0.8367346938775511,1.0,0.9111111164093018,0.9111111164093018,0.9111111164093018,82.0,0.04100000113248825
fedavg,fedavg,504|859,504|859,1,504,data_2000_3_11_chordal,val_epoch_task,val,cycle3,25,,,,,,,,,,2000,125.0,24.0,1848.0,3.0,0.8389261744966443,0.9765625,0.9025270938873291,0.9025270938873291,0.9025270938873291,128.0,0.06400000303983688
fedavg,fedavg,504|859,504|859,1,504,data_2000_3_11_chordal,val_epoch_task,val,cycle4,25,,,,,,,,,,2000,151.0,35.0,1808.0,6.0,0.8118279569892473,0.9617834394904459,0.8804665207862854,0.8804665207862854,0.8804665207862854,157.0,0.07850000262260437
fedavg,fedavg,504|859,504|859,1,504,data_2000_3_11_chordal,val_epoch_task,val,cycle5,25,,,,,,,,,,2000,178.0,41.0,1772.0,9.0,0.8127853881278538,0.9518716577540107,0.8768472671508789,0.8768472671508789,0.8768472671508789,187.0,0.09350000321865082
fedavg,fedavg,504|859,504|859,1,504,data_2000_3_11_chordal,val_epoch_task,val,cycle6,25,,,,,,,,,,2000,169.0,132.0,1685.0,14.0,0.5614617940199336,0.9234972677595629,0.6983470916748047,0.6983470916748047,0.6983470916748047,183.0,0.09149999916553497
fedavg,fedavg,504|859,504|859,1,859,data_2000_4_1.5_chordal,train_epoch,train,,25,1.0,0.13796283024549486,,,,,,,,2000,,,,,,,,,,,
fedavg,fedavg,504|859,504|859,1,859,data_2000_4_1.5_chordal,train_epoch,train,,25,2.0,0.09547482514381408,,,,,,,,2000,,,,,,,,,,,
fedavg,fedavg,504|859,504|859,1,859,data_2000_4_1.5_chordal,train_epoch,train,,25,3.0,0.08395668411254884,,,,,,,,2000,,,,,,,,,,,
fedavg,fedavg,504|859,504|859,1,859,data_2000_4_1.5_chordal,train_epoch,train,,25,4.0,0.08743366973847151,,,,,,,,2000,,,,,,,,,,,
fedavg,fedavg,504|859,504|859,1,859,data_2000_4_1.5_chordal,train_epoch,train,,25,5.0,0.07626331377029419,,,,,,,,2000,,,,,,,,,,,
fedavg,fedavg,504|859,504|859,1,859,data_2000_4_1.5_chordal,train_epoch,train,,25,6.0,0.07620165437459946,,,,,,,,2000,,,,,,,,,,,
fedavg,fedavg,504|859,504|859,1,859,data_2000_4_1.5_chordal,train_epoch,train,,25,7.0,0.11050890183448792,,,,,,,,2000,,,,,,,,,,,
fedavg,fedavg,504|859,504|859,1,859,data_2000_4_1.5_chordal,train_epoch,train,,25,8.0,0.08916385389864445,,,,,,,,2000,,,,,,,,,,,
fedavg,fedavg,504|859,504|859,1,859,data_2000_4_1.5_chordal,train_epoch,train,,25,9.0,0.11032356107234954,,,,,,,,2000,,,,,,,,,,,
fedavg,fedavg,504|859,504|859,1,859,data_2000_4_1.5_chordal,train_epoch,train,,25,10.0,0.13551376952975988,,,,,,,,2000,,,,,,,,,,,
fedavg,fedavg,504|859,504|859,1,859,data_2000_4_1.5_chordal,val_epoch,val,,25,,,0.6320365190505981,0.9658,0.8669999837875366,0.9267665952890791,0.8157464861869812,0.8157464861869812,0.8157464861869812,2000,,,,,,,,,,,
fedavg,fedavg,504|859,504|859,1,859,data_2000_4_1.5_chordal,val_epoch_task,val,cycle2,25,,,,,,,,,,2000,861.0,11.0,1127.0,1.0,0.9873853211009175,0.9988399071925754,0.9930796027183533,0.9930796027183533,0.9930796027183533,862.0,0.4309999942779541
fedavg,fedavg,504|859,504|859,1,859,data_2000_4_1.5_chordal,val_epoch_task,val,cycle3,25,,,,,,,,,,2000,686.0,9.0,1300.0,5.0,0.9870503597122302,0.9927641099855282,0.9898989796638489,0.9898989796638489,0.9898989796638489,691.0,0.34549999237060547
fedavg,fedavg,504|859,504|859,1,859,data_2000_4_1.5_chordal,val_epoch_task,val,cycle4,25,,,,,,,,,,2000,370.0,37.0,1572.0,21.0,0.9090909090909091,0.9462915601023018,0.9273183345794678,0.9273183345794678,0.9273183345794678,391.0,0.19550000131130219
fedavg,fedavg,504|859,504|859,1,859,data_2000_4_1.5_chordal,val_epoch_task,val,cycle5,25,,,,,,,,,,2000,201.0,74.0,1690.0,35.0,0.730909090909091,0.8516949152542372,0.78669273853302,0.78669273853302,0.78669273853302,236.0,0.11800000071525574
fedavg,fedavg,504|859,504|859,1,859,data_2000_4_1.5_chordal,val_epoch_task,val,cycle6,25,,,,,,,,,,2000,46.0,67.0,1805.0,82.0,0.40707964601769914,0.359375,0.3817427456378937,0.3817427456378937,0.3817427456378937,128.0,0.06400000303983688
fedavg,fedavg,504|859,504|859,1,504,data_2000_3_11_chordal,global_val_client,val,,25,,,0.4406240198016167,0.9759,0.906499981880188,0.837491571139582,0.8409682512283325,0.8409682512283325,0.8409682512283325,2000,,,,,,,,,,,
fedavg,fedavg,504|859,504|859,1,504,data_2000_3_11_chordal,global_val_client_task,val,cycle2,25,,,,,,,,,,2000,82.0,16.0,1902.0,0.0,0.8367346938775511,1.0,0.9111111164093018,0.9111111164093018,0.9111111164093018,82.0,0.04100000113248825
fedavg,fedavg,504|859,504|859,1,504,data_2000_3_11_chordal,global_val_client_task,val,cycle3,25,,,,,,,,,,2000,128.0,19.0,1853.0,0.0,0.8707482993197279,1.0,0.9309090971946716,0.9309090971946716,0.9309090971946716,128.0,0.06400000303983688
fedavg,fedavg,504|859,504|859,1,504,data_2000_3_11_chordal,global_val_client_task,val,cycle4,25,,,,,,,,,,2000,151.0,35.0,1808.0,6.0,0.8118279569892473,0.9617834394904459,0.8804665207862854,0.8804665207862854,0.8804665207862854,157.0,0.07850000262260437
fedavg,fedavg,504|859,504|859,1,504,data_2000_3_11_chordal,global_val_client_task,val,cycle5,25,,,,,,,,,,2000,171.0,25.0,1788.0,16.0,0.8724489795918368,0.9144385026737968,0.8929503560066223,0.8929503560066223,0.8929503560066223,187.0,0.09350000321865082
fedavg,fedavg,504|859,504|859,1,504,data_2000_3_11_chordal,global_val_client_task,val,cycle6,25,,,,,,,,,,2000,89.0,30.0,1787.0,94.0,0.7478991596638656,0.48633879781420764,0.5894040465354919,0.5894040465354919,0.5894040465354919,183.0,0.09149999916553497
fedavg,fedavg,504|859,504|859,1,859,data_2000_4_1.5_chordal,global_val_client,val,,25,,,0.31767064917087556,0.9563,0.8385000228881836,0.910834523566619,0.8234198689460754,0.8234198689460754,0.8234198689460754,2000,,,,,,,,,,,
fedavg,fedavg,504|859,504|859,1,859,data_2000_4_1.5_chordal,global_val_client_task,val,cycle2,25,,,,,,,,,,2000,862.0,14.0,1124.0,0.0,0.9840182648401826,1.0,0.9919447302818298,0.9919447302818298,0.9919447302818298,862.0,0.4309999942779541
fedavg,fedavg,504|859,504|859,1,859,data_2000_4_1.5_chordal,global_val_client_task,val,cycle3,25,,,,,,,,,,2000,690.0,25.0,1284.0,1.0,0.965034965034965,0.9985528219971056,0.9815078377723694,0.9815078377723694,0.9815078377723694,691.0,0.34549999237060547
fedavg,fedavg,504|859,504|859,1,859,data_2000_4_1.5_chordal,global_val_client_task,val,cycle4,25,,,,,,,,,,2000,386.0,104.0,1505.0,5.0,0.7877551020408163,0.9872122762148338,0.876276969909668,0.876276969909668,0.876276969909668,391.0,0.19550000131130219
fedavg,fedavg,504|859,504|859,1,859,data_2000_4_1.5_chordal,global_val_client_task,val,cycle5,25,,,,,,,,,,2000,216.0,117.0,1647.0,20.0,0.6486486486486487,0.9152542372881356,0.7592267394065857,0.7592267394065857,0.7592267394065857,236.0,0.11800000071525574
fedavg,fedavg,504|859,504|859,1,859,data_2000_4_1.5_chordal,global_val_client_task,val,cycle6,25,,,,,,,,,,2000,78.0,101.0,1771.0,50.0,0.43575418994413406,0.609375,0.5081433057785034,0.5081433057785034,0.5081433057785034,128.0,0.06400000303983688
fedavg,fedavg,504|859,504|859,1,all,all,global_val_mean,val,,25,,,0.3791473344862461,0.9661000000000001,0.8725000023841858,0.8741630473531005,0.832194060087204,0.832194060087204,0.832194060087204,4000,,,,,,,,,,,
fedavg,fedavg,504|859,504|859,1,504,data_2000_3_11_chordal,train_epoch,train,,26,1.0,0.09365821715444327,,,,,,,,2000,,,,,,,,,,,
fedavg,fedavg,504|859,504|859,1,504,data_2000_3_11_chordal,train_epoch,train,,26,2.0,0.1273609183728695,,,,,,,,2000,,,,,,,,,,,
fedavg,fedavg,504|859,504|859,1,504,data_2000_3_11_chordal,train_epoch,train,,26,3.0,0.11220256900787354,,,,,,,,2000,,,,,,,,,,,
fedavg,fedavg,504|859,504|859,1,504,data_2000_3_11_chordal,train_epoch,train,,26,4.0,0.10221260983869433,,,,,,,,2000,,,,,,,,,,,
fedavg,fedavg,504|859,504|859,1,504,data_2000_3_11_chordal,train_epoch,train,,26,5.0,0.0916879876255989,,,,,,,,2000,,,,,,,,,,,
fedavg,fedavg,504|859,504|859,1,504,data_2000_3_11_chordal,train_epoch,train,,26,6.0,0.0798067507147789,,,,,,,,2000,,,,,,,,,,,
fedavg,fedavg,504|859,504|859,1,504,data_2000_3_11_chordal,train_epoch,train,,26,7.0,0.0980103563638404,,,,,,,,2000,,,,,,,,,,,
fedavg,fedavg,504|859,504|859,1,504,data_2000_3_11_chordal,train_epoch,train,,26,8.0,0.11402001309394837,,,,,,,,2000,,,,,,,,,,,
fedavg,fedavg,504|859,504|859,1,504,data_2000_3_11_chordal,train_epoch,train,,26,9.0,0.10294763111695647,,,,,,,,2000,,,,,,,,,,,
fedavg,fedavg,504|859,504|859,1,504,data_2000_3_11_chordal,train_epoch,train,,26,10.0,0.11072329103946686,,,,,,,,2000,,,,,,,,,,,
fedavg,fedavg,504|859,504|859,1,504,data_2000_3_11_chordal,val_epoch,val,,26,,,0.14408163112401962,0.9773,0.9020000100135803,0.8633353401565323,0.8887931108474731,0.8887931108474731,0.8887931108474731,2000,,,,,,,,,,,
fedavg,fedavg,504|859,504|859,1,504,data_2000_3_11_chordal,val_epoch_task,val,cycle2,26,,,,,,,,,,2000,82.0,3.0,1915.0,0.0,0.9647058823529412,1.0,0.9820358753204346,0.9820358753204346,0.9820358753204346,82.0,0.04100000113248825
fedavg,fedavg,504|859,504|859,1,504,data_2000_3_11_chordal,val_epoch_task,val,cycle3,26,,,,,,,,,,2000,128.0,14.0,1858.0,0.0,0.9014084507042254,1.0,0.9481481313705444,0.9481481313705444,0.9481481313705444,128.0,0.06400000303983688
fedavg,fedavg,504|859,504|859,1,504,data_2000_3_11_chordal,val_epoch_task,val,cycle4,26,,,,,,,,,,2000,150.0,21.0,1822.0,7.0,0.8771929824561403,0.9554140127388535,0.914634108543396,0.914634108543396,0.914634108543396,157.0,0.07850000262260437
fedavg,fedavg,504|859,504|859,1,504,data_2000_3_11_chordal,val_epoch_task,val,cycle5,26,,,,,,,,,,2000,183.0,57.0,1756.0,4.0,0.7625,0.9786096256684492,0.8571428656578064,0.8571428656578064,0.8571428656578064,187.0,0.09350000321865082
fedavg,fedavg,504|859,504|859,1,504,data_2000_3_11_chordal,val_epoch_task,val,cycle6,26,,,,,,,,,,2000,174.0,112.0,1705.0,9.0,0.6083916083916084,0.9508196721311475,0.7420042753219604,0.7420042753219604,0.7420042753219604,183.0,0.09149999916553497
fedavg,fedavg,504|859,504|859,1,859,data_2000_4_1.5_chordal,train_epoch,train,,26,1.0,0.11505430996418,,,,,,,,2000,,,,,,,,,,,
fedavg,fedavg,504|859,504|859,1,859,data_2000_4_1.5_chordal,train_epoch,train,,26,2.0,0.10217236530780792,,,,,,,,2000,,,,,,,,,,,
fedavg,fedavg,504|859,504|859,1,859,data_2000_4_1.5_chordal,train_epoch,train,,26,3.0,0.09762027011811733,,,,,,,,2000,,,,,,,,,,,
fedavg,fedavg,504|859,504|859,1,859,data_2000_4_1.5_chordal,train_epoch,train,,26,4.0,0.07388242901861668,,,,,,,,2000,,,,,,,,,,,
fedavg,fedavg,504|859,504|859,1,859,data_2000_4_1.5_chordal,train_epoch,train,,26,5.0,0.1303470452427864,,,,,,,,2000,,,,,,,,,,,
fedavg,fedavg,504|859,504|859,1,859,data_2000_4_1.5_chordal,train_epoch,train,,26,6.0,0.09227037586271764,,,,,,,,2000,,,,,,,,,,,
fedavg,fedavg,504|859,504|859,1,859,data_2000_4_1.5_chordal,train_epoch,train,,26,7.0,0.07292571805417537,,,,,,,,2000,,,,,,,,,,,
fedavg,fedavg,504|859,504|859,1,859,data_2000_4_1.5_chordal,train_epoch,train,,26,8.0,0.07341505354642867,,,,,,,,2000,,,,,,,,,,,
fedavg,fedavg,504|859,504|859,1,859,data_2000_4_1.5_chordal,train_epoch,train,,26,9.0,0.0828855302631855,,,,,,,,2000,,,,,,,,,,,
fedavg,fedavg,504|859,504|859,1,859,data_2000_4_1.5_chordal,train_epoch,train,,26,10.0,0.09184916399791837,,,,,,,,2000,,,,,,,,,,,
fedavg,fedavg,504|859,504|859,1,859,data_2000_4_1.5_chordal,val_epoch,val,,26,,,0.7621021895408631,0.9648,0.8650000095367432,0.9259570887673538,0.8200274705886841,0.8200274705886841,0.8200274705886841,2000,,,,,,,,,,,
fedavg,fedavg,504|859,504|859,1,859,data_2000_4_1.5_chordal,val_epoch_task,val,cycle2,26,,,,,,,,,,2000,859.0,2.0,1136.0,3.0,0.9976771196283392,0.9965197215777262,0.9970981478691101,0.9970981478691101,0.9970981478691101,862.0,0.4309999942779541
fedavg,fedavg,504|859,504|859,1,859,data_2000_4_1.5_chordal,val_epoch_task,val,cycle3,26,,,,,,,,,,2000,691.0,21.0,1288.0,0.0,0.9705056179775281,1.0,0.9850320816040039,0.9850320816040039,0.9850320816040039,691.0,0.34549999237060547
fedavg,fedavg,504|859,504|859,1,859,data_2000_4_1.5_chordal,val_epoch_task,val,cycle4,26,,,,,,,,,,2000,386.0,52.0,1557.0,5.0,0.8812785388127854,0.9872122762148338,0.9312424659729004,0.9312424659729004,0.9312424659729004,391.0,0.19550000131130219
fedavg,fedavg,504|859,504|859,1,859,data_2000_4_1.5_chordal,val_epoch_task,val,cycle5,26,,,,,,,,,,2000,214.0,94.0,1670.0,22.0,0.6948051948051948,0.9067796610169492,0.7867646813392639,0.7867646813392639,0.7867646813392639,236.0,0.11800000071525574
fedavg,fedavg,504|859,504|859,1,859,data_2000_4_1.5_chordal,val_epoch_task,val,cycle6,26,,,,,,,,,,2000,51.0,76.0,1796.0,77.0,0.4015748031496063,0.3984375,0.4000000059604645,0.4000000059604645,0.4000000059604645,128.0,0.06400000303983688
fedavg,fedavg,504|859,504|859,1,504,data_2000_3_11_chordal,global_val_client,val,,26,,,0.31053246799111367,0.979,0.9114999771118164,0.8631029986962191,0.8747523427009583,0.8747523427009583,0.8747523427009583,2000,,,,,,,,,,,
fedavg,fedavg,504|859,504|859,1,504,data_2000_3_11_chordal,global_val_client_task,val,cycle2,26,,,,,,,,,,2000,82.0,7.0,1911.0,0.0,0.9213483146067416,1.0,0.9590643644332886,0.9590643644332886,0.9590643644332886,82.0,0.04100000113248825
fedavg,fedavg,504|859,504|859,1,504,data_2000_3_11_chordal,global_val_client_task,val,cycle3,26,,,,,,,,,,2000,128.0,18.0,1854.0,0.0,0.8767123287671232,1.0,0.9343065619468689,0.9343065619468689,0.9343065619468689,128.0,0.06400000303983688
fedavg,fedavg,504|859,504|859,1,504,data_2000_3_11_chordal,global_val_client_task,val,cycle4,26,,,,,,,,,,2000,154.0,19.0,1824.0,3.0,0.8901734104046243,0.9808917197452229,0.9333333373069763,0.9333333373069763,0.9333333373069763,157.0,0.07850000262260437
fedavg,fedavg,504|859,504|859,1,504,data_2000_3_11_chordal,global_val_client_task,val,cycle5,26,,,,,,,,,,2000,186.0,44.0,1769.0,1.0,0.808695652173913,0.9946524064171123,0.8920863270759583,0.8920863270759583,0.8920863270759583,187.0,0.09350000321865082
fedavg,fedavg,504|859,504|859,1,504,data_2000_3_11_chordal,global_val_client_task,val,cycle6,26,,,,,,,,,,2000,112.0,47.0,1770.0,71.0,0.7044025157232704,0.6120218579234973,0.6549707651138306,0.6549707651138306,0.6549707651138306,183.0,0.09149999916553497
fedavg,fedavg,504|859,504|859,1,859,data_2000_4_1.5_chordal,global_val_client,val,,26,,,0.2552634475231171,0.9608,0.8495000004768372,0.9199999999999999,0.8414470553398132,0.8414470553398132,0.8414470553398132,2000,,,,,,,,,,,
fedavg,fedavg,504|859,504|859,1,859,data_2000_4_1.5_chordal,global_val_client_task,val,cycle2,26,,,,,,,,,,2000,862.0,3.0,1135.0,0.0,0.9965317919075144,1.0,0.998262882232666,0.998262882232666,0.998262882232666,862.0,0.4309999942779541
fedavg,fedavg,504|859,504|859,1,859,data_2000_4_1.5_chordal,global_val_client_task,val,cycle3,26,,,,,,,,,,2000,691.0,32.0,1277.0,0.0,0.9557399723374828,1.0,0.9773691892623901,0.9773691892623901,0.9773691892623901,691.0,0.34549999237060547
fedavg,fedavg,504|859,504|859,1,859,data_2000_4_1.5_chordal,global_val_client_task,val,cycle4,26,,,,,,,,,,2000,379.0,40.0,1569.0,12.0,0.9045346062052506,0.969309462915601,0.9358024001121521,0.9358024001121521,0.9358024001121521,391.0,0.19550000131130219
fedavg,fedavg,504|859,504|859,1,859,data_2000_4_1.5_chordal,global_val_client_task,val,cycle5,26,,,,,,,,,,2000,229.0,133.0,1631.0,7.0,0.6325966850828729,0.9703389830508474,0.7658863067626953,0.7658863067626953,0.7658863067626953,236.0,0.11800000071525574
fedavg,fedavg,504|859,504|859,1,859,data_2000_4_1.5_chordal,global_val_client_task,val,cycle6,26,,,,,,,,,,2000,93.0,130.0,1742.0,35.0,0.4170403587443946,0.7265625,0.5299144983291626,0.5299144983291626,0.5299144983291626,128.0,0.06400000303983688
fedavg,fedavg,504|859,504|859,1,all,all,global_val_mean,val,,26,,,0.28289795775711535,0.9699,0.8804999887943268,0.8915514993481095,0.8580996990203857,0.8580996990203857,0.8580996990203857,4000,,,,,,,,,,,
fedavg,fedavg,504|859,504|859,1,504,data_2000_3_11_chordal,train_epoch,train,,27,1.0,0.1023697917945683,,,,,,,,2000,,,,,,,,,,,
fedavg,fedavg,504|859,504|859,1,504,data_2000_3_11_chordal,train_epoch,train,,27,2.0,0.1331087321639061,,,,,,,,2000,,,,,,,,,,,
fedavg,fedavg,504|859,504|859,1,504,data_2000_3_11_chordal,train_epoch,train,,27,3.0,0.08480938079208136,,,,,,,,2000,,,,,,,,,,,
fedavg,fedavg,504|859,504|859,1,504,data_2000_3_11_chordal,train_epoch,train,,27,4.0,0.1034011932015419,,,,,,,,2000,,,,,,,,,,,
fedavg,fedavg,504|859,504|859,1,504,data_2000_3_11_chordal,train_epoch,train,,27,5.0,0.09637171764671802,,,,,,,,2000,,,,,,,,,,,
fedavg,fedavg,504|859,504|859,1,504,data_2000_3_11_chordal,train_epoch,train,,27,6.0,0.11070940732955932,,,,,,,,2000,,,,,,,,,,,
fedavg,fedavg,504|859,504|859,1,504,data_2000_3_11_chordal,train_epoch,train,,27,7.0,0.10197211162745953,,,,,,,,2000,,,,,,,,,,,
fedavg,fedavg,504|859,504|859,1,504,data_2000_3_11_chordal,train_epoch,train,,27,8.0,0.12213843610882759,,,,,,,,2000,,,,,,,,,,,
fedavg,fedavg,504|859,504|859,1,504,data_2000_3_11_chordal,train_epoch,train,,27,9.0,0.08887643973901868,,,,,,,,2000,,,,,,,,,,,
fedavg,fedavg,504|859,504|859,1,504,data_2000_3_11_chordal,train_epoch,train,,27,10.0,0.10910538980364799,,,,,,,,2000,,,,,,,,,,,
fedavg,fedavg,504|859,504|859,1,504,data_2000_3_11_chordal,val_epoch,val,,27,,,0.32844757980108263,0.9774,0.9070000052452087,0.854381443298969,0.8676682710647583,0.8676682710647583,0.8676682710647583,2000,,,,,,,,,,,
fedavg,fedavg,504|859,504|859,1,504,data_2000_3_11_chordal,val_epoch_task,val,cycle2,27,,,,,,,,,,2000,82.0,10.0,1908.0,0.0,0.8913043478260869,1.0,0.9425287246704102,0.9425287246704102,0.9425287246704102,82.0,0.04100000113248825
fedavg,fedavg,504|859,504|859,1,504,data_2000_3_11_chordal,val_epoch_task,val,cycle3,27,,,,,,,,,,2000,127.0,20.0,1852.0,1.0,0.8639455782312925,0.9921875,0.9236363768577576,0.9236363768577576,0.9236363768577576,128.0,0.06400000303983688
fedavg,fedavg,504|859,504|859,1,504,data_2000_3_11_chordal,val_epoch_task,val,cycle4,27,,,,,,,,,,2000,155.0,28.0,1815.0,2.0,0.8469945355191257,0.9872611464968153,0.9117647409439087,0.9117647409439087,0.9117647409439087,157.0,0.07850000262260437
fedavg,fedavg,504|859,504|859,1,504,data_2000_3_11_chordal,val_epoch_task,val,cycle5,27,,,,,,,,,,2000,175.0,32.0,1781.0,12.0,0.8454106280193237,0.9358288770053476,0.8883248567581177,0.8883248567581177,0.8883248567581177,187.0,0.09350000321865082
fedavg,fedavg,504|859,504|859,1,504,data_2000_3_11_chordal,val_epoch_task,val,cycle6,27,,,,,,,,,,2000,124.0,62.0,1755.0,59.0,0.6666666666666666,0.6775956284153005,0.6720867156982422,0.6720867156982422,0.6720867156982422,183.0,0.09149999916553497
fedavg,fedavg,504|859,504|859,1,859,data_2000_4_1.5_chordal,train_epoch,train,,27,1.0,0.1283991894721985,,,,,,,,2000,,,,,,,,,,,
fedavg,fedavg,504|859,504|859,1,859,data_2000_4_1.5_chordal,train_epoch,train,,27,2.0,0.10529164707660675,,,,,,,,2000,,,,,,,,,,,
fedavg,fedavg,504|859,504|859,1,859,data_2000_4_1.5_chordal,train_epoch,train,,27,3.0,0.08962254750728607,,,,,,,,2000,,,,,,,,,,,
fedavg,fedavg,504|859,504|859,1,859,data_2000_4_1.5_chordal,train_epoch,train,,27,4.0,0.10346700793504715,,,,,,,,2000,,,,,,,,,,,
fedavg,fedavg,504|859,504|859,1,859,data_2000_4_1.5_chordal,train_epoch,train,,27,5.0,0.09927122500538826,,,,,,,,2000,,,,,,,,,,,
fedavg,fedavg,504|859,504|859,1,859,data_2000_4_1.5_chordal,train_epoch,train,,27,6.0,0.07740356517955661,,,,,,,,2000,,,,,,,,,,,
fedavg,fedavg,504|859,504|859,1,859,data_2000_4_1.5_chordal,train_epoch,train,,27,7.0,0.08441380947828293,,,,,,,,2000,,,,,,,,,,,
fedavg,fedavg,504|859,504|859,1,859,data_2000_4_1.5_chordal,train_epoch,train,,27,8.0,0.09041341572999954,,,,,,,,2000,,,,,,,,,,,
fedavg,fedavg,504|859,504|859,1,859,data_2000_4_1.5_chordal,train_epoch,train,,27,9.0,0.07741327738761902,,,,,,,,2000,,,,,,,,,,,
fedavg,fedavg,504|859,504|859,1,859,data_2000_4_1.5_chordal,train_epoch,train,,27,10.0,0.09509707182645798,,,,,,,,2000,,,,,,,,,,,
fedavg,fedavg,504|859,504|859,1,859,data_2000_4_1.5_chordal,val_epoch,val,,27,,,0.5815824260115623,0.9662,0.8665000200271606,0.9270293609671849,0.8333908319473267,0.8333908319473267,0.8333908319473267,2000,,,,,,,,,,,
fedavg,fedavg,504|859,504|859,1,859,data_2000_4_1.5_chordal,val_epoch_task,val,cycle2,27,,,,,,,,,,2000,862.0,11.0,1127.0,0.0,0.9873997709049256,1.0,0.9936599135398865,0.9936599135398865,0.9936599135398865,862.0,0.4309999942779541
fedavg,fedavg,504|859,504|859,1,859,data_2000_4_1.5_chordal,val_epoch_task,val,cycle3,27,,,,,,,,,,2000,685.0,16.0,1293.0,6.0,0.9771754636233951,0.9913169319826338,0.9841954112052917,0.9841954112052917,0.9841954112052917,691.0,0.34549999237060547
fedavg,fedavg,504|859,504|859,1,859,data_2000_4_1.5_chordal,val_epoch_task,val,cycle4,27,,,,,,,,,,2000,348.0,13.0,1596.0,43.0,0.96398891966759,0.8900255754475703,0.9255319237709045,0.9255319237709045,0.9255319237709045,391.0,0.19550000131130219
fedavg,fedavg,504|859,504|859,1,859,data_2000_4_1.5_chordal,val_epoch_task,val,cycle5,27,,,,,,,,,,2000,184.0,46.0,1718.0,52.0,0.8,0.7796610169491526,0.7896995544433594,0.7896995544433594,0.7896995544433594,236.0,0.11800000071525574
fedavg,fedavg,504|859,504|859,1,859,data_2000_4_1.5_chordal,val_epoch_task,val,cycle6,27,,,,,,,,,,2000,68.0,91.0,1781.0,60.0,0.4276729559748428,0.53125,0.4738675653934479,0.4738675653934479,0.4738675653934479,128.0,0.06400000303983688
fedavg,fedavg,504|859,504|859,1,504,data_2000_3_11_chordal,global_val_client,val,,27,,,0.28776001143455504,0.9803,0.9185000061988831,0.8713259307642064,0.8838931918144226,0.8838931918144226,0.8838931918144226,2000,,,,,,,,,,,
fedavg,fedavg,504|859,504|859,1,504,data_2000_3_11_chordal,global_val_client_task,val,cycle2,27,,,,,,,,,,2000,82.0,8.0,1910.0,0.0,0.9111111111111111,1.0,0.9534883499145508,0.9534883499145508,0.9534883499145508,82.0,0.04100000113248825
fedavg,fedavg,504|859,504|859,1,504,data_2000_3_11_chordal,global_val_client_task,val,cycle3,27,,,,,,,,,,2000,128.0,14.0,1858.0,0.0,0.9014084507042254,1.0,0.9481481313705444,0.9481481313705444,0.9481481313705444,128.0,0.06400000303983688
fedavg,fedavg,504|859,504|859,1,504,data_2000_3_11_chordal,global_val_client_task,val,cycle4,27,,,,,,,,,,2000,154.0,21.0,1822.0,3.0,0.88,0.9808917197452229,0.9277108311653137,0.9277108311653137,0.9277108311653137,157.0,0.07850000262260437
fedavg,fedavg,504|859,504|859,1,504,data_2000_3_11_chordal,global_val_client_task,val,cycle5,27,,,,,,,,,,2000,177.0,40.0,1773.0,10.0,0.815668202764977,0.946524064171123,0.8762376308441162,0.8762376308441162,0.8762376308441162,187.0,0.09350000321865082
fedavg,fedavg,504|859,504|859,1,504,data_2000_3_11_chordal,global_val_client_task,val,cycle6,27,,,,,,,,,,2000,126.0,44.0,1773.0,57.0,0.7411764705882353,0.6885245901639344,0.7138810157775879,0.7138810157775879,0.7138810157775879,183.0,0.09149999916553497
fedavg,fedavg,504|859,504|859,1,859,data_2000_4_1.5_chordal,global_val_client,val,,27,,,0.2364234951734543,0.9665,0.8659999966621399,0.9304257528556594,0.8566514253616333,0.8566514253616333,0.8566514253616333,2000,,,,,,,,,,,
fedavg,fedavg,504|859,504|859,1,859,data_2000_4_1.5_chordal,global_val_client_task,val,cycle2,27,,,,,,,,,,2000,862.0,6.0,1132.0,0.0,0.9930875576036866,1.0,0.9965317845344543,0.9965317845344543,0.9965317845344543,862.0,0.4309999942779541
fedavg,fedavg,504|859,504|859,1,859,data_2000_4_1.5_chordal,global_val_client_task,val,cycle3,27,,,,,,,,,,2000,691.0,25.0,1284.0,0.0,0.9650837988826816,1.0,0.9822316765785217,0.9822316765785217,0.9822316765785217,691.0,0.34549999237060547
fedavg,fedavg,504|859,504|859,1,859,data_2000_4_1.5_chordal,global_val_client_task,val,cycle4,27,,,,,,,,,,2000,378.0,38.0,1571.0,13.0,0.9086538461538461,0.9667519181585678,0.9368029832839966,0.9368029832839966,0.9368029832839966,391.0,0.19550000131130219
fedavg,fedavg,504|859,504|859,1,859,data_2000_4_1.5_chordal,global_val_client_task,val,cycle5,27,,,,,,,,,,2000,213.0,86.0,1678.0,23.0,0.7123745819397993,0.902542372881356,0.7962616682052612,0.7962616682052612,0.7962616682052612,236.0,0.11800000071525574
fedavg,fedavg,504|859,504|859,1,859,data_2000_4_1.5_chordal,global_val_client_task,val,cycle6,27,,,,,,,,,,2000,96.0,112.0,1760.0,32.0,0.46153846153846156,0.75,0.5714285969734192,0.5714285969734192,0.5714285969734192,128.0,0.06400000303983688
fedavg,fedavg,504|859,504|859,1,all,all,global_val_mean,val,,27,,,0.2620917533040047,0.9733999999999999,0.8922500014305115,0.900875841809933,0.870272308588028,0.870272308588028,0.870272308588028,4000,,,,,,,,,,,
fedavg,fedavg,504|859,504|859,1,504,data_2000_3_11_chordal,train_epoch,train,,28,1.0,0.10362619696557522,,,,,,,,2000,,,,,,,,,,,
fedavg,fedavg,504|859,504|859,1,504,data_2000_3_11_chordal,train_epoch,train,,28,2.0,0.11574386984109879,,,,,,,,2000,,,,,,,,,,,
fedavg,fedavg,504|859,504|859,1,504,data_2000_3_11_chordal,train_epoch,train,,28,3.0,0.1060639269053936,,,,,,,,2000,,,,,,,,,,,
fedavg,fedavg,504|859,504|859,1,504,data_2000_3_11_chordal,train_epoch,train,,28,4.0,0.10239827167987824,,,,,,,,2000,,,,,,,,,,,
fedavg,fedavg,504|859,504|859,1,504,data_2000_3_11_chordal,train_epoch,train,,28,5.0,0.12324872729182243,,,,,,,,2000,,,,,,,,,,,
fedavg,fedavg,504|859,504|859,1,504,data_2000_3_11_chordal,train_epoch,train,,28,6.0,0.13294655586779117,,,,,,,,2000,,,,,,,,,,,
fedavg,fedavg,504|859,504|859,1,504,data_2000_3_11_chordal,train_epoch,train,,28,7.0,0.10018358732014894,,,,,,,,2000,,,,,,,,,,,
fedavg,fedavg,504|859,504|859,1,504,data_2000_3_11_chordal,train_epoch,train,,28,8.0,0.11452134774625301,,,,,,,,2000,,,,,,,,,,,
fedavg,fedavg,504|859,504|859,1,504,data_2000_3_11_chordal,train_epoch,train,,28,9.0,0.1048858870267868,,,,,,,,2000,,,,,,,,,,,
fedavg,fedavg,504|859,504|859,1,504,data_2000_3_11_chordal,train_epoch,train,,28,10.0,0.0980948697514832,,,,,,,,2000,,,,,,,,,,,
fedavg,fedavg,504|859,504|859,1,504,data_2000_3_11_chordal,val_epoch,val,,28,,,0.22869078814983368,0.9783,0.9125000238418579,0.8636077938403519,0.8764801025390625,0.8764801025390625,0.8764801025390625,2000,,,,,,,,,,,
fedavg,fedavg,504|859,504|859,1,504,data_2000_3_11_chordal,val_epoch_task,val,cycle2,28,,,,,,,,,,2000,82.0,10.0,1908.0,0.0,0.8913043478260869,1.0,0.9425287246704102,0.9425287246704102,0.9425287246704102,82.0,0.04100000113248825
fedavg,fedavg,504|859,504|859,1,504,data_2000_3_11_chordal,val_epoch_task,val,cycle3,28,,,,,,,,,,2000,128.0,34.0,1838.0,0.0,0.7901234567901234,1.0,0.882758617401123,0.882758617401123,0.882758617401123,128.0,0.06400000303983688
fedavg,fedavg,504|859,504|859,1,504,data_2000_3_11_chordal,val_epoch_task,val,cycle4,28,,,,,,,,,,2000,151.0,22.0,1821.0,6.0,0.8728323699421965,0.9617834394904459,0.9151515364646912,0.9151515364646912,0.9151515364646912,157.0,0.07850000262260437
fedavg,fedavg,504|859,504|859,1,504,data_2000_3_11_chordal,val_epoch_task,val,cycle5,28,,,,,,,,,,2000,173.0,24.0,1789.0,14.0,0.8781725888324873,0.9251336898395722,0.9010416269302368,0.9010416269302368,0.9010416269302368,187.0,0.09350000321865082
fedavg,fedavg,504|859,504|859,1,504,data_2000_3_11_chordal,val_epoch_task,val,cycle6,28,,,,,,,,,,2000,153.0,77.0,1740.0,30.0,0.6652173913043479,0.8360655737704918,0.7409201860427856,0.7409201860427856,0.7409201860427856,183.0,0.09149999916553497
fedavg,fedavg,504|859,504|859,1,859,data_2000_4_1.5_chordal,train_epoch,train,,28,1.0,0.11567346712946892,,,,,,,,2000,,,,,,,,,,,
fedavg,fedavg,504|859,504|859,1,859,data_2000_4_1.5_chordal,train_epoch,train,,28,2.0,0.07998046849668027,,,,,,,,2000,,,,,,,,,,,
fedavg,fedavg,504|859,504|859,1,859,data_2000_4_1.5_chordal,train_epoch,train,,28,3.0,0.09272475013136863,,,,,,,,2000,,,,,,,,,,,
fedavg,fedavg,504|859,504|859,1,859,data_2000_4_1.5_chordal,train_epoch,train,,28,4.0,0.09180378617346287,,,,,,,,2000,,,,,,,,,,,
fedavg,fedavg,504|859,504|859,1,859,data_2000_4_1.5_chordal,train_epoch,train,,28,5.0,0.09877082408219576,,,,,,,,2000,,,,,,,,,,,
fedavg,fedavg,504|859,504|859,1,859,data_2000_4_1.5_chordal,train_epoch,train,,28,6.0,0.0803045919239521,,,,,,,,2000,,,,,,,,,,,
fedavg,fedavg,504|859,504|859,1,859,data_2000_4_1.5_chordal,train_epoch,train,,28,7.0,0.0958330802321434,,,,,,,,2000,,,,,,,,,,,
fedavg,fedavg,504|859,504|859,1,859,data_2000_4_1.5_chordal,train_epoch,train,,28,8.0,0.12357879561185837,,,,,,,,2000,,,,,,,,,,,
fedavg,fedavg,504|859,504|859,1,859,data_2000_4_1.5_chordal,train_epoch,train,,28,9.0,0.12125987005233764,,,,,,,,2000,,,,,,,,,,,
fedavg,fedavg,504|859,504|859,1,859,data_2000_4_1.5_chordal,train_epoch,train,,28,10.0,0.09515661495923997,,,,,,,,2000,,,,,,,,,,,
fedavg,fedavg,504|859,504|859,1,859,data_2000_4_1.5_chordal,val_epoch,val,,28,,,0.2926004612445831,0.9493,0.8069999814033508,0.8987821920543022,0.8200664520263672,0.8200664520263672,0.8200664520263672,2000,,,,,,,,,,,
fedavg,fedavg,504|859,504|859,1,859,data_2000_4_1.5_chordal,val_epoch_task,val,cycle2,28,,,,,,,,,,2000,860.0,8.0,1130.0,2.0,0.9907834101382489,0.9976798143851509,0.9942197203636169,0.9942197203636169,0.9942197203636169,862.0,0.4309999942779541
fedavg,fedavg,504|859,504|859,1,859,data_2000_4_1.5_chordal,val_epoch_task,val,cycle3,28,,,,,,,,,,2000,688.0,13.0,1296.0,3.0,0.9814550641940085,0.9956584659913169,0.9885057806968689,0.9885057806968689,0.9885057806968689,691.0,0.34549999237060547
fedavg,fedavg,504|859,504|859,1,859,data_2000_4_1.5_chordal,val_epoch_task,val,cycle4,28,,,,,,,,,,2000,377.0,59.0,1550.0,14.0,0.8646788990825688,0.9641943734015346,0.9117291569709778,0.9117291569709778,0.9117291569709778,391.0,0.19550000131130219
fedavg,fedavg,504|859,504|859,1,859,data_2000_4_1.5_chordal,val_epoch_task,val,cycle5,28,,,,,,,,,,2000,217.0,118.0,1646.0,19.0,0.6477611940298508,0.9194915254237288,0.7600700855255127,0.7600700855255127,0.7600700855255127,236.0,0.11800000071525574
fedavg,fedavg,504|859,504|859,1,859,data_2000_4_1.5_chordal,val_epoch_task,val,cycle6,28,,,,,,,,,,2000,109.0,252.0,1620.0,19.0,0.30193905817174516,0.8515625,0.4458077847957611,0.4458077847957611,0.4458077847957611,128.0,0.06400000303983688
fedavg,fedavg,504|859,504|859,1,504,data_2000_3_11_chordal,global_val_client,val,,28,,,0.2967023965716362,0.9773,0.9100000262260437,0.8532643826761473,0.8644325137138367,0.8644325137138367,0.8644325137138367,2000,,,,,,,,,,,
fedavg,fedavg,504|859,504|859,1,504,data_2000_3_11_chordal,global_val_client_task,val,cycle2,28,,,,,,,,,,2000,82.0,12.0,1906.0,0.0,0.8723404255319149,1.0,0.9318181872367859,0.9318181872367859,0.9318181872367859,82.0,0.04100000113248825
fedavg,fedavg,504|859,504|859,1,504,data_2000_3_11_chordal,global_val_client_task,val,cycle3,28,,,,,,,,,,2000,128.0,16.0,1856.0,0.0,0.8888888888888888,1.0,0.9411765336990356,0.9411765336990356,0.9411765336990356,128.0,0.06400000303983688
fedavg,fedavg,504|859,504|859,1,504,data_2000_3_11_chordal,global_val_client_task,val,cycle4,28,,,,,,,,,,2000,152.0,27.0,1816.0,5.0,0.8491620111731844,0.9681528662420382,0.9047619104385376,0.9047619104385376,0.9047619104385376,157.0,0.07850000262260437
fedavg,fedavg,504|859,504|859,1,504,data_2000_3_11_chordal,global_val_client_task,val,cycle5,28,,,,,,,,,,2000,181.0,49.0,1764.0,6.0,0.7869565217391304,0.9679144385026738,0.8681055903434753,0.8681055903434753,0.8681055903434753,187.0,0.09350000321865082
fedavg,fedavg,504|859,504|859,1,504,data_2000_3_11_chordal,global_val_client_task,val,cycle6,28,,,,,,,,,,2000,117.0,46.0,1771.0,66.0,0.7177914110429447,0.639344262295082,0.676300585269928,0.676300585269928,0.676300585269928,183.0,0.09149999916553497
fedavg,fedavg,504|859,504|859,1,859,data_2000_4_1.5_chordal,global_val_client,val,,28,,,0.23573611438274383,0.9558,0.843500018119812,0.9108870967741934,0.8331863284111023,0.8331863284111023,0.8331863284111023,2000,,,,,,,,,,,
fedavg,fedavg,504|859,504|859,1,859,data_2000_4_1.5_chordal,global_val_client_task,val,cycle2,28,,,,,,,,,,2000,862.0,11.0,1127.0,0.0,0.9873997709049256,1.0,0.9936599135398865,0.9936599135398865,0.9936599135398865,862.0,0.4309999942779541
fedavg,fedavg,504|859,504|859,1,859,data_2000_4_1.5_chordal,global_val_client_task,val,cycle3,28,,,,,,,,,,2000,691.0,21.0,1288.0,0.0,0.9705056179775281,1.0,0.9850320816040039,0.9850320816040039,0.9850320816040039,691.0,0.34549999237060547
fedavg,fedavg,504|859,504|859,1,859,data_2000_4_1.5_chordal,global_val_client_task,val,cycle4,28,,,,,,,,,,2000,382.0,60.0,1549.0,9.0,0.8642533936651584,0.9769820971867008,0.9171668887138367,0.9171668887138367,0.9171668887138367,391.0,0.19550000131130219
fedavg,fedavg,504|859,504|859,1,859,data_2000_4_1.5_chordal,global_val_client_task,val,cycle5,28,,,,,,,,,,2000,221.0,101.0,1663.0,15.0,0.6863354037267081,0.9364406779661016,0.7921147346496582,0.7921147346496582,0.7921147346496582,236.0,0.11800000071525574
fedavg,fedavg,504|859,504|859,1,859,data_2000_4_1.5_chordal,global_val_client_task,val,cycle6,28,,,,,,,,,,2000,103.0,200.0,1672.0,25.0,0.33993399339933994,0.8046875,0.4779582619667053,0.4779582619667053,0.4779582619667053,128.0,0.06400000303983688
fedavg,fedavg,504|859,504|859,1,all,all,global_val_mean,val,,28,,,0.26621925547719,0.9665499999999999,0.8767500221729279,0.8820757397251704,0.8488094210624695,0.8488094210624695,0.8488094210624695,4000,,,,,,,,,,,
fedavg,fedavg,504|859,504|859,1,504,data_2000_3_11_chordal,train_epoch,train,,29,1.0,0.13490343755483628,,,,,,,,2000,,,,,,,,,,,
fedavg,fedavg,504|859,504|859,1,504,data_2000_3_11_chordal,train_epoch,train,,29,2.0,0.12295981796458363,,,,,,,,2000,,,,,,,,,,,
fedavg,fedavg,504|859,504|859,1,504,data_2000_3_11_chordal,train_epoch,train,,29,3.0,0.0856789707057178,,,,,,,,2000,,,,,,,,,,,
fedavg,fedavg,504|859,504|859,1,504,data_2000_3_11_chordal,train_epoch,train,,29,4.0,0.08990746665000915,,,,,,,,2000,,,,,,,,,,,
fedavg,fedavg,504|859,504|859,1,504,data_2000_3_11_chordal,train_epoch,train,,29,5.0,0.10234547194838524,,,,,,,,2000,,,,,,,,,,,
fedavg,fedavg,504|859,504|859,1,504,data_2000_3_11_chordal,train_epoch,train,,29,6.0,0.10384871110320092,,,,,,,,2000,,,,,,,,,,,
fedavg,fedavg,504|859,504|859,1,504,data_2000_3_11_chordal,train_epoch,train,,29,7.0,0.1544533993601799,,,,,,,,2000,,,,,,,,,,,
fedavg,fedavg,504|859,504|859,1,504,data_2000_3_11_chordal,train_epoch,train,,29,8.0,0.11326038455963135,,,,,,,,2000,,,,,,,,,,,
fedavg,fedavg,504|859,504|859,1,504,data_2000_3_11_chordal,train_epoch,train,,29,9.0,0.11060983920097352,,,,,,,,2000,,,,,,,,,,,
fedavg,fedavg,504|859,504|859,1,504,data_2000_3_11_chordal,train_epoch,train,,29,10.0,0.10661465166416019,,,,,,,,2000,,,,,,,,,,,
fedavg,fedavg,504|859,504|859,1,504,data_2000_3_11_chordal,val_epoch,val,,29,,,0.15820195960998534,0.9667,0.8744999766349792,0.8123943661971831,0.8357895016670227,0.8357895016670227,0.8357895016670227,2000,,,,,,,,,,,
fedavg,fedavg,504|859,504|859,1,504,data_2000_3_11_chordal,val_epoch_task,val,cycle2,29,,,,,,,,,,2000,82.0,11.0,1907.0,0.0,0.8817204301075269,1.0,0.9371428489685059,0.9371428489685059,0.9371428489685059,82.0,0.04100000113248825
fedavg,fedavg,504|859,504|859,1,504,data_2000_3_11_chordal,val_epoch_task,val,cycle3,29,,,,,,,,,,2000,128.0,25.0,1847.0,0.0,0.8366013071895425,1.0,0.9110320806503296,0.9110320806503296,0.9110320806503296,128.0,0.06400000303983688
fedavg,fedavg,504|859,504|859,1,504,data_2000_3_11_chordal,val_epoch_task,val,cycle4,29,,,,,,,,,,2000,155.0,96.0,1747.0,2.0,0.6175298804780877,0.9872611464968153,0.7598038911819458,0.7598038911819458,0.7598038911819458,157.0,0.07850000262260437
fedavg,fedavg,504|859,504|859,1,504,data_2000_3_11_chordal,val_epoch_task,val,cycle5,29,,,,,,,,,,2000,185.0,59.0,1754.0,2.0,0.7581967213114754,0.9893048128342246,0.8584686517715454,0.8584686517715454,0.8584686517715454,187.0,0.09350000321865082
fedavg,fedavg,504|859,504|859,1,504,data_2000_3_11_chordal,val_epoch_task,val,cycle6,29,,,,,,,,,,2000,171.0,126.0,1691.0,12.0,0.5757575757575758,0.9344262295081968,0.7124999761581421,0.7124999761581421,0.7124999761581421,183.0,0.09149999916553497
fedavg,fedavg,504|859,504|859,1,859,data_2000_4_1.5_chordal,train_epoch,train,,29,1.0,0.11495809781551361,,,,,,,,2000,,,,,,,,,,,
fedavg,fedavg,504|859,504|859,1,859,data_2000_4_1.5_chordal,train_epoch,train,,29,2.0,0.08249423146247864,,,,,,,,2000,,,,,,,,,,,
fedavg,fedavg,504|859,504|859,1,859,data_2000_4_1.5_chordal,train_epoch,train,,29,3.0,0.10449829697608948,,,,,,,,2000,,,,,,,,,,,
fedavg,fedavg,504|859,504|859,1,859,data_2000_4_1.5_chordal,train_epoch,train,,29,4.0,0.07109009972214698,,,,,,,,2000,,,,,,,,,,,
fedavg,fedavg,504|859,504|859,1,859,data_2000_4_1.5_chordal,train_epoch,train,,29,5.0,0.08438423623144627,,,,,,,,2000,,,,,,,,,,,
fedavg,fedavg,504|859,504|859,1,859,data_2000_4_1.5_chordal,train_epoch,train,,29,6.0,0.06906712733209133,,,,,,,,2000,,,,,,,,,,,
fedavg,fedavg,504|859,504|859,1,859,data_2000_4_1.5_chordal,train_epoch,train,,29,7.0,0.10701714098453521,,,,,,,,2000,,,,,,,,,,,
fedavg,fedavg,504|859,504|859,1,859,data_2000_4_1.5_chordal,train_epoch,train,,29,8.0,0.08613036645948886,,,,,,,,2000,,,,,,,,,,,
fedavg,fedavg,504|859,504|859,1,859,data_2000_4_1.5_chordal,train_epoch,train,,29,9.0,0.08411457380652428,,,,,,,,2000,,,,,,,,,,,
fedavg,fedavg,504|859,504|859,1,859,data_2000_4_1.5_chordal,train_epoch,train,,29,10.0,0.14184520372748374,,,,,,,,2000,,,,,,,,,,,
fedavg,fedavg,504|859,504|859,1,859,data_2000_4_1.5_chordal,val_epoch,val,,29,,,1.0033626289367676,0.9614,0.8489999771118164,0.917167381974249,0.7807950973510742,0.7807950973510742,0.7807950973510742,2000,,,,,,,,,,,
fedavg,fedavg,504|859,504|859,1,859,data_2000_4_1.5_chordal,val_epoch_task,val,cycle2,29,,,,,,,,,,2000,860.0,17.0,1121.0,2.0,0.9806157354618016,0.9976798143851509,0.9890742301940918,0.9890742301940918,0.9890742301940918,862.0,0.4309999942779541
fedavg,fedavg,504|859,504|859,1,859,data_2000_4_1.5_chordal,val_epoch_task,val,cycle3,29,,,,,,,,,,2000,680.0,8.0,1301.0,11.0,0.9883720930232558,0.984081041968162,0.9862219095230103,0.9862219095230103,0.9862219095230103,691.0,0.34549999237060547
fedavg,fedavg,504|859,504|859,1,859,data_2000_4_1.5_chordal,val_epoch_task,val,cycle4,29,,,,,,,,,,2000,366.0,41.0,1568.0,25.0,0.8992628992628993,0.9360613810741688,0.9172932505607605,0.9172932505607605,0.9172932505607605,391.0,0.19550000131130219
fedavg,fedavg,504|859,504|859,1,859,data_2000_4_1.5_chordal,val_epoch_task,val,cycle5,29,,,,,,,,,,2000,206.0,87.0,1677.0,30.0,0.7030716723549488,0.8728813559322034,0.778827965259552,0.778827965259552,0.778827965259552,236.0,0.11800000071525574
fedavg,fedavg,504|859,504|859,1,859,data_2000_4_1.5_chordal,val_epoch_task,val,cycle6,29,,,,,,,,,,2000,25.0,62.0,1810.0,103.0,0.28735632183908044,0.1953125,0.23255814611911774,0.23255814611911774,0.23255814611911774,128.0,0.06400000303983688
fedavg,fedavg,504|859,504|859,1,504,data_2000_3_11_chordal,global_val_client,val,,29,,,0.4161152708530426,0.9743,0.8989999890327454,0.8290086493679308,0.8279863595962524,0.8279863595962524,0.8279863595962524,2000,,,,,,,,,,,
fedavg,fedavg,504|859,504|859,1,504,data_2000_3_11_chordal,global_val_client_task,val,cycle2,29,,,,,,,,,,2000,82.0,12.0,1906.0,0.0,0.8723404255319149,1.0,0.9318181872367859,0.9318181872367859,0.9318181872367859,82.0,0.04100000113248825
fedavg,fedavg,504|859,504|859,1,504,data_2000_3_11_chordal,global_val_client_task,val,cycle3,29,,,,,,,,,,2000,128.0,21.0,1851.0,0.0,0.8590604026845637,1.0,0.9241877198219299,0.9241877198219299,0.9241877198219299,128.0,0.06400000303983688
fedavg,fedavg,504|859,504|859,1,504,data_2000_3_11_chordal,global_val_client_task,val,cycle4,29,,,,,,,,,,2000,155.0,36.0,1807.0,2.0,0.8115183246073299,0.9872611464968153,0.890804648399353,0.890804648399353,0.890804648399353,157.0,0.07850000262260437
fedavg,fedavg,504|859,504|859,1,504,data_2000_3_11_chordal,global_val_client_task,val,cycle5,29,,,,,,,,,,2000,187.0,49.0,1764.0,0.0,0.7923728813559322,1.0,0.8841607570648193,0.8841607570648193,0.8841607570648193,187.0,0.09350000321865082
fedavg,fedavg,504|859,504|859,1,504,data_2000_3_11_chordal,global_val_client_task,val,cycle6,29,,,,,,,,,,2000,71.0,25.0,1792.0,112.0,0.7395833333333334,0.3879781420765027,0.5089605450630188,0.5089605450630188,0.5089605450630188,183.0,0.09149999916553497
fedavg,fedavg,504|859,504|859,1,859,data_2000_4_1.5_chordal,global_val_client,val,,29,,,0.29639554369449617,0.9321,0.7710000276565552,0.8697986577181208,0.7818129658699036,0.7818129658699036,0.7818129658699036,2000,,,,,,,,,,,
fedavg,fedavg,504|859,504|859,1,859,data_2000_4_1.5_chordal,global_val_client_task,val,cycle2,29,,,,,,,,,,2000,862.0,8.0,1130.0,0.0,0.9908045977011494,1.0,0.9953810572624207,0.9953810572624207,0.9953810572624207,862.0,0.4309999942779541
fedavg,fedavg,504|859,504|859,1,859,data_2000_4_1.5_chordal,global_val_client_task,val,cycle3,29,,,,,,,,,,2000,691.0,18.0,1291.0,0.0,0.9746121297602257,1.0,0.9871428608894348,0.9871428608894348,0.9871428608894348,691.0,0.34549999237060547
fedavg,fedavg,504|859,504|859,1,859,data_2000_4_1.5_chordal,global_val_client_task,val,cycle4,29,,,,,,,,,,2000,388.0,173.0,1436.0,3.0,0.6916221033868093,0.9923273657289002,0.8151260614395142,0.8151260614395142,0.8151260614395142,391.0,0.19550000131130219
fedavg,fedavg,504|859,504|859,1,859,data_2000_4_1.5_chordal,global_val_client_task,val,cycle5,29,,,,,,,,,,2000,227.0,226.0,1538.0,9.0,0.5011037527593819,0.961864406779661,0.6589260101318359,0.6589260101318359,0.6589260101318359,236.0,0.11800000071525574
fedavg,fedavg,504|859,504|859,1,859,data_2000_4_1.5_chordal,global_val_client_task,val,cycle6,29,,,,,,,,,,2000,100.0,214.0,1658.0,28.0,0.3184713375796178,0.78125,0.4524886906147003,0.4524886906147003,0.4524886906147003,128.0,0.06400000303983688
fedavg,fedavg,504|859,504|859,1,all,all,global_val_mean,val,,29,,,0.35625540727376936,0.9532,0.8350000083446503,0.8494036535430258,0.804899662733078,0.804899662733078,0.804899662733078,4000,,,,,,,,,,,
fedavg,fedavg,504|859,504|859,1,504,data_2000_3_11_chordal,train_epoch,train,,30,1.0,0.1085002811551094,,,,,,,,2000,,,,,,,,,,,
fedavg,fedavg,504|859,504|859,1,504,data_2000_3_11_chordal,train_epoch,train,,30,2.0,0.11646863293647766,,,,,,,,2000,,,,,,,,,,,
fedavg,fedavg,504|859,504|859,1,504,data_2000_3_11_chordal,train_epoch,train,,30,3.0,0.12524895298480987,,,,,,,,2000,,,,,,,,,,,
fedavg,fedavg,504|859,504|859,1,504,data_2000_3_11_chordal,train_epoch,train,,30,4.0,0.11088523271679879,,,,,,,,2000,,,,,,,,,,,
fedavg,fedavg,504|859,504|859,1,504,data_2000_3_11_chordal,train_epoch,train,,30,5.0,0.11625384438037872,,,,,,,,2000,,,,,,,,,,,
fedavg,fedavg,504|859,504|859,1,504,data_2000_3_11_chordal,train_epoch,train,,30,6.0,0.11551935422420502,,,,,,,,2000,,,,,,,,,,,
fedavg,fedavg,504|859,504|859,1,504,data_2000_3_11_chordal,train_epoch,train,,30,7.0,0.084691067032516,,,,,,,,2000,,,,,,,,,,,
fedavg,fedavg,504|859,504|859,1,504,data_2000_3_11_chordal,train_epoch,train,,30,8.0,0.09876371264457702,,,,,,,,2000,,,,,,,,,,,
fedavg,fedavg,504|859,504|859,1,504,data_2000_3_11_chordal,train_epoch,train,,30,9.0,0.10358037453889847,,,,,,,,2000,,,,,,,,,,,
fedavg,fedavg,504|859,504|859,1,504,data_2000_3_11_chordal,train_epoch,train,,30,10.0,0.1141163970530033,,,,,,,,2000,,,,,,,,,,,
fedavg,fedavg,504|859,504|859,1,504,data_2000_3_11_chordal,val_epoch,val,,30,,,0.20678120696544647,0.9733,0.8960000276565552,0.8400239664469743,0.8575800061225891,0.8575800061225891,0.8575800061225891,2000,,,,,,,,,,,
fedavg,fedavg,504|859,504|859,1,504,data_2000_3_11_chordal,val_epoch_task,val,cycle2,30,,,,,,,,,,2000,82.0,17.0,1901.0,0.0,0.8282828282828283,1.0,0.9060773253440857,0.9060773253440857,0.9060773253440857,82.0,0.04100000113248825
fedavg,fedavg,504|859,504|859,1,504,data_2000_3_11_chordal,val_epoch_task,val,cycle3,30,,,,,,,,,,2000,128.0,19.0,1853.0,0.0,0.8707482993197279,1.0,0.9309090971946716,0.9309090971946716,0.9309090971946716,128.0,0.06400000303983688
fedavg,fedavg,504|859,504|859,1,504,data_2000_3_11_chordal,val_epoch_task,val,cycle4,30,,,,,,,,,,2000,150.0,30.0,1813.0,7.0,0.8333333333333334,0.9554140127388535,0.8902077078819275,0.8902077078819275,0.8902077078819275,157.0,0.07850000262260437
fedavg,fedavg,504|859,504|859,1,504,data_2000_3_11_chordal,val_epoch_task,val,cycle5,30,,,,,,,,,,2000,184.0,57.0,1756.0,3.0,0.7634854771784232,0.983957219251337,0.8598131537437439,0.8598131537437439,0.8598131537437439,187.0,0.09350000321865082
fedavg,fedavg,504|859,504|859,1,504,data_2000_3_11_chordal,val_epoch_task,val,cycle6,30,,,,,,,,,,2000,157.0,108.0,1709.0,26.0,0.5924528301886792,0.8579234972677595,0.7008928656578064,0.7008928656578064,0.7008928656578064,183.0,0.09149999916553497
fedavg,fedavg,504|859,504|859,1,859,data_2000_4_1.5_chordal,train_epoch,train,,30,1.0,0.11317590469121933,,,,,,,,2000,,,,,,,,,,,
fedavg,fedavg,504|859,504|859,1,859,data_2000_4_1.5_chordal,train_epoch,train,,30,2.0,0.08180611062049865,,,,,,,,2000,,,,,,,,,,,
fedavg,fedavg,504|859,504|859,1,859,data_2000_4_1.5_chordal,train_epoch,train,,30,3.0,0.07355071502923965,,,,,,,,2000,,,,,,,,,,,
fedavg,fedavg,504|859,504|859,1,859,data_2000_4_1.5_chordal,train_epoch,train,,30,4.0,0.07747637414932251,,,,,,,,2000,,,,,,,,,,,
fedavg,fedavg,504|859,504|859,1,859,data_2000_4_1.5_chordal,train_epoch,train,,30,5.0,0.08562268787622451,,,,,,,,2000,,,,,,,,,,,
fedavg,fedavg,504|859,504|859,1,859,data_2000_4_1.5_chordal,train_epoch,train,,30,6.0,0.08223813730478287,,,,,,,,2000,,,,,,,,,,,
fedavg,fedavg,504|859,504|859,1,859,data_2000_4_1.5_chordal,train_epoch,train,,30,7.0,0.13355854177474977,,,,,,,,2000,,,,,,,,,,,
fedavg,fedavg,504|859,504|859,1,859,data_2000_4_1.5_chordal,train_epoch,train,,30,8.0,0.10383809694647789,,,,,,,,2000,,,,,,,,,,,
fedavg,fedavg,504|859,504|859,1,859,data_2000_4_1.5_chordal,train_epoch,train,,30,9.0,0.1064897775426507,,,,,,,,2000,,,,,,,,,,,
fedavg,fedavg,504|859,504|859,1,859,data_2000_4_1.5_chordal,train_epoch,train,,30,10.0,0.07167005124688149,,,,,,,,2000,,,,,,,,,,,
fedavg,fedavg,504|859,504|859,1,859,data_2000_4_1.5_chordal,val_epoch,val,,30,,,0.42146311688423155,0.9568,0.840499997138977,0.9112936344969199,0.8248016238212585,0.8248016238212585,0.8248016238212585,2000,,,,,,,,,,,
fedavg,fedavg,504|859,504|859,1,859,data_2000_4_1.5_chordal,val_epoch_task,val,cycle2,30,,,,,,,,,,2000,860.0,3.0,1135.0,2.0,0.996523754345307,0.9976798143851509,0.9971014261245728,0.9971014261245728,0.9971014261245728,862.0,0.4309999942779541
fedavg,fedavg,504|859,504|859,1,859,data_2000_4_1.5_chordal,val_epoch_task,val,cycle3,30,,,,,,,,,,2000,684.0,11.0,1298.0,7.0,0.9841726618705036,0.9898697539797395,0.9870129823684692,0.9870129823684692,0.9870129823684692,691.0,0.34549999237060547
fedavg,fedavg,504|859,504|859,1,859,data_2000_4_1.5_chordal,val_epoch_task,val,cycle4,30,,,,,,,,,,2000,369.0,47.0,1562.0,22.0,0.8870192307692307,0.9437340153452686,0.9144980907440186,0.9144980907440186,0.9144980907440186,391.0,0.19550000131130219
fedavg,fedavg,504|859,504|859,1,859,data_2000_4_1.5_chordal,val_epoch_task,val,cycle5,30,,,,,,,,,,2000,218.0,118.0,1646.0,18.0,0.6488095238095238,0.923728813559322,0.7622377872467041,0.7622377872467041,0.7622377872467041,236.0,0.11800000071525574
fedavg,fedavg,504|859,504|859,1,859,data_2000_4_1.5_chordal,val_epoch_task,val,cycle6,30,,,,,,,,,,2000,88.0,164.0,1708.0,40.0,0.3492063492063492,0.6875,0.46315792202949524,0.46315792202949524,0.46315792202949524,128.0,0.06400000303983688
fedavg,fedavg,504|859,504|859,1,504,data_2000_3_11_chordal,global_val_client,val,,30,,,0.1962016639113426,0.9805,0.9235000014305115,0.8760330578512397,0.8864324688911438,0.8864324688911438,0.8864324688911438,2000,,,,,,,,,,,
fedavg,fedavg,504|859,504|859,1,504,data_2000_3_11_chordal,global_val_client_task,val,cycle2,30,,,,,,,,,,2000,82.0,14.0,1904.0,0.0,0.8541666666666666,1.0,0.9213482737541199,0.9213482737541199,0.9213482737541199,82.0,0.04100000113248825
fedavg,fedavg,504|859,504|859,1,504,data_2000_3_11_chordal,global_val_client_task,val,cycle3,30,,,,,,,,,,2000,128.0,16.0,1856.0,0.0,0.8888888888888888,1.0,0.9411765336990356,0.9411765336990356,0.9411765336990356,128.0,0.06400000303983688
fedavg,fedavg,504|859,504|859,1,504,data_2000_3_11_chordal,global_val_client_task,val,cycle4,30,,,,,,,,,,2000,155.0,17.0,1826.0,2.0,0.9011627906976745,0.9872611464968153,0.9422492980957031,0.9422492980957031,0.9422492980957031,157.0,0.07850000262260437
fedavg,fedavg,504|859,504|859,1,504,data_2000_3_11_chordal,global_val_client_task,val,cycle5,30,,,,,,,,,,2000,182.0,41.0,1772.0,5.0,0.8161434977578476,0.9732620320855615,0.8878048658370972,0.8878048658370972,0.8878048658370972,187.0,0.09350000321865082
fedavg,fedavg,504|859,504|859,1,504,data_2000_3_11_chordal,global_val_client_task,val,cycle6,30,,,,,,,,,,2000,142.0,59.0,1758.0,41.0,0.7064676616915423,0.7759562841530054,0.7395833134651184,0.7395833134651184,0.7395833134651184,183.0,0.09149999916553497
fedavg,fedavg,504|859,504|859,1,859,data_2000_4_1.5_chordal,global_val_client,val,,30,,,0.24546929585933686,0.9434,0.8015000224113464,0.8889760690466849,0.8068524599075317,0.8068524599075317,0.8068524599075317,2000,,,,,,,,,,,
fedavg,fedavg,504|859,504|859,1,859,data_2000_4_1.5_chordal,global_val_client_task,val,cycle2,30,,,,,,,,,,2000,862.0,10.0,1128.0,0.0,0.9885321100917431,1.0,0.9942330121994019,0.9942330121994019,0.9942330121994019,862.0,0.4309999942779541
fedavg,fedavg,504|859,504|859,1,859,data_2000_4_1.5_chordal,global_val_client_task,val,cycle3,30,,,,,,,,,,2000,689.0,20.0,1289.0,2.0,0.9717912552891397,0.9971056439942113,0.9842857718467712,0.9842857718467712,0.9842857718467712,691.0,0.34549999237060547
fedavg,fedavg,504|859,504|859,1,859,data_2000_4_1.5_chordal,global_val_client_task,val,cycle4,30,,,,,,,,,,2000,381.0,57.0,1552.0,10.0,0.8698630136986302,0.9744245524296675,0.9191797375679016,0.9191797375679016,0.9191797375679016,391.0,0.19550000131130219
fedavg,fedavg,504|859,504|859,1,859,data_2000_4_1.5_chordal,global_val_client_task,val,cycle5,30,,,,,,,,,,2000,228.0,217.0,1547.0,8.0,0.5123595505617977,0.9661016949152542,0.6696035265922546,0.6696035265922546,0.6696035265922546,236.0,0.11800000071525574
fedavg,fedavg,504|859,504|859,1,859,data_2000_4_1.5_chordal,global_val_client_task,val,cycle6,30,,,,,,,,,,2000,106.0,220.0,1652.0,22.0,0.32515337423312884,0.828125,0.4669603705406189,0.4669603705406189,0.4669603705406189,128.0,0.06400000303983688
fedavg,fedavg,504|859,504|859,1,all,all,global_val_mean,val,,30,,,0.22083547988533975,0.9619500000000001,0.862500011920929,0.8825045634489622,0.8466424643993378,0.8466424643993378,0.8466424643993378,4000,,,,,,,,,,,
fedavg,fedavg,504|859,504|859,1,504,data_2000_3_11_chordal,train_epoch,train,,31,1.0,0.09956334567070008,,,,,,,,2000,,,,,,,,,,,
fedavg,fedavg,504|859,504|859,1,504,data_2000_3_11_chordal,train_epoch,train,,31,2.0,0.10959043949842454,,,,,,,,2000,,,,,,,,,,,
fedavg,fedavg,504|859,504|859,1,504,data_2000_3_11_chordal,train_epoch,train,,31,3.0,0.10030032141506671,,,,,,,,2000,,,,,,,,,,,
fedavg,fedavg,504|859,504|859,1,504,data_2000_3_11_chordal,train_epoch,train,,31,4.0,0.09809232997894288,,,,,,,,2000,,,,,,,,,,,
fedavg,fedavg,504|859,504|859,1,504,data_2000_3_11_chordal,train_epoch,train,,31,5.0,0.09568642993271351,,,,,,,,2000,,,,,,,,,,,
fedavg,fedavg,504|859,504|859,1,504,data_2000_3_11_chordal,train_epoch,train,,31,6.0,0.10216502656042575,,,,,,,,2000,,,,,,,,,,,
fedavg,fedavg,504|859,504|859,1,504,data_2000_3_11_chordal,train_epoch,train,,31,7.0,0.10892106309533119,,,,,,,,2000,,,,,,,,,,,
fedavg,fedavg,504|859,504|859,1,504,data_2000_3_11_chordal,train_epoch,train,,31,8.0,0.08678710594773292,,,,,,,,2000,,,,,,,,,,,
fedavg,fedavg,504|859,504|859,1,504,data_2000_3_11_chordal,train_epoch,train,,31,9.0,0.10789015397429466,,,,,,,,2000,,,,,,,,,,,
fedavg,fedavg,504|859,504|859,1,504,data_2000_3_11_chordal,train_epoch,train,,31,10.0,0.09410602630674839,,,,,,,,2000,,,,,,,,,,,
fedavg,fedavg,504|859,504|859,1,504,data_2000_3_11_chordal,val_epoch,val,,31,,,0.14248685452342033,0.9722,0.8934999704360962,0.8381839348079161,0.8610075116157532,0.8610075116157532,0.8610075116157532,2000,,,,,,,,,,,
fedavg,fedavg,504|859,504|859,1,504,data_2000_3_11_chordal,val_epoch_task,val,cycle2,31,,,,,,,,,,2000,82.0,10.0,1908.0,0.0,0.8913043478260869,1.0,0.9425287246704102,0.9425287246704102,0.9425287246704102,82.0,0.04100000113248825
fedavg,fedavg,504|859,504|859,1,504,data_2000_3_11_chordal,val_epoch_task,val,cycle3,31,,,,,,,,,,2000,128.0,17.0,1855.0,0.0,0.8827586206896552,1.0,0.9377289414405823,0.9377289414405823,0.9377289414405823,128.0,0.06400000303983688
fedavg,fedavg,504|859,504|859,1,504,data_2000_3_11_chordal,val_epoch_task,val,cycle4,31,,,,,,,,,,2000,152.0,43.0,1800.0,5.0,0.7794871794871795,0.9681528662420382,0.863636314868927,0.863636314868927,0.863636314868927,157.0,0.07850000262260437
fedavg,fedavg,504|859,504|859,1,504,data_2000_3_11_chordal,val_epoch_task,val,cycle5,31,,,,,,,,,,2000,184.0,74.0,1739.0,3.0,0.7131782945736435,0.983957219251337,0.8269663453102112,0.8269663453102112,0.8269663453102112,187.0,0.09350000321865082
fedavg,fedavg,504|859,504|859,1,504,data_2000_3_11_chordal,val_epoch_task,val,cycle6,31,,,,,,,,,,2000,174.0,117.0,1700.0,9.0,0.5979381443298969,0.9508196721311475,0.7341772317886353,0.7341772317886353,0.7341772317886353,183.0,0.09149999916553497
fedavg,fedavg,504|859,504|859,1,859,data_2000_4_1.5_chordal,train_epoch,train,,31,1.0,0.09644584408402443,,,,,,,,2000,,,,,,,,,,,
fedavg,fedavg,504|859,504|859,1,859,data_2000_4_1.5_chordal,train_epoch,train,,31,2.0,0.0896019691079855,,,,,,,,2000,,,,,,,,,,,
fedavg,fedavg,504|859,504|859,1,859,data_2000_4_1.5_chordal,train_epoch,train,,31,3.0,0.08479432485997677,,,,,,,,2000,,,,,,,,,,,
fedavg,fedavg,504|859,504|859,1,859,data_2000_4_1.5_chordal,train_epoch,train,,31,4.0,0.08968301165103912,,,,,,,,2000,,,,,,,,,,,
fedavg,fedavg,504|859,504|859,1,859,data_2000_4_1.5_chordal,train_epoch,train,,31,5.0,0.08980842941999435,,,,,,,,2000,,,,,,,,,,,
fedavg,fedavg,504|859,504|859,1,859,data_2000_4_1.5_chordal,train_epoch,train,,31,6.0,0.07474356734752655,,,,,,,,2000,,,,,,,,,,,
fedavg,fedavg,504|859,504|859,1,859,data_2000_4_1.5_chordal,train_epoch,train,,31,7.0,0.11128318145126104,,,,,,,,2000,,,,,,,,,,,
fedavg,fedavg,504|859,504|859,1,859,data_2000_4_1.5_chordal,train_epoch,train,,31,8.0,0.08116329019516706,,,,,,,,2000,,,,,,,,,,,
fedavg,fedavg,504|859,504|859,1,859,data_2000_4_1.5_chordal,train_epoch,train,,31,9.0,0.06778655868768692,,,,,,,,2000,,,,,,,,,,,
fedavg,fedavg,504|859,504|859,1,859,data_2000_4_1.5_chordal,train_epoch,train,,31,10.0,0.09448057582974434,,,,,,,,2000,,,,,,,,,,,
fedavg,fedavg,504|859,504|859,1,859,data_2000_4_1.5_chordal,val_epoch,val,,31,,,0.5129039248228073,0.9529,0.8255000114440918,0.904209884075656,0.8070300817489624,0.8070300817489624,0.8070300817489624,2000,,,,,,,,,,,
fedavg,fedavg,504|859,504|859,1,859,data_2000_4_1.5_chordal,val_epoch_task,val,cycle2,31,,,,,,,,,,2000,860.0,5.0,1133.0,2.0,0.9942196531791907,0.9976798143851509,0.9959467649459839,0.9959467649459839,0.9959467649459839,862.0,0.4309999942779541
fedavg,fedavg,504|859,504|859,1,859,data_2000_4_1.5_chordal,val_epoch_task,val,cycle3,31,,,,,,,,,,2000,689.0,17.0,1292.0,2.0,0.9759206798866855,0.9971056439942113,0.9863994717597961,0.9863994717597961,0.9863994717597961,691.0,0.34549999237060547
fedavg,fedavg,504|859,504|859,1,859,data_2000_4_1.5_chordal,val_epoch_task,val,cycle4,31,,,,,,,,,,2000,382.0,65.0,1544.0,9.0,0.854586129753915,0.9769820971867008,0.9116944670677185,0.9116944670677185,0.9116944670677185,391.0,0.19550000131130219
fedavg,fedavg,504|859,504|859,1,859,data_2000_4_1.5_chordal,val_epoch_task,val,cycle5,31,,,,,,,,,,2000,219.0,150.0,1614.0,17.0,0.5934959349593496,0.9279661016949152,0.7239670157432556,0.7239670157432556,0.7239670157432556,236.0,0.11800000071525574
fedavg,fedavg,504|859,504|859,1,859,data_2000_4_1.5_chordal,val_epoch_task,val,cycle6,31,,,,,,,,,,2000,73.0,149.0,1723.0,55.0,0.32882882882882886,0.5703125,0.4171428680419922,0.4171428680419922,0.4171428680419922,128.0,0.06400000303983688
fedavg,fedavg,504|859,504|859,1,504,data_2000_3_11_chordal,global_val_client,val,,31,,,0.24696977615356444,0.9798,0.9169999957084656,0.8690012970168612,0.8802003860473633,0.8802003860473633,0.8802003860473633,2000,,,,,,,,,,,
fedavg,fedavg,504|859,504|859,1,504,data_2000_3_11_chordal,global_val_client_task,val,cycle2,31,,,,,,,,,,2000,82.0,9.0,1909.0,0.0,0.9010989010989011,1.0,0.94797682762146,0.94797682762146,0.94797682762146,82.0,0.04100000113248825
fedavg,fedavg,504|859,504|859,1,504,data_2000_3_11_chordal,global_val_client_task,val,cycle3,31,,,,,,,,,,2000,128.0,13.0,1859.0,0.0,0.9078014184397163,1.0,0.9516728520393372,0.9516728520393372,0.9516728520393372,128.0,0.06400000303983688
fedavg,fedavg,504|859,504|859,1,504,data_2000_3_11_chordal,global_val_client_task,val,cycle4,31,,,,,,,,,,2000,157.0,27.0,1816.0,0.0,0.8532608695652174,1.0,0.9208211302757263,0.9208211302757263,0.9208211302757263,157.0,0.07850000262260437
fedavg,fedavg,504|859,504|859,1,504,data_2000_3_11_chordal,global_val_client_task,val,cycle5,31,,,,,,,,,,2000,182.0,51.0,1762.0,5.0,0.7811158798283262,0.9732620320855615,0.8666666746139526,0.8666666746139526,0.8666666746139526,187.0,0.09350000321865082
fedavg,fedavg,504|859,504|859,1,504,data_2000_3_11_chordal,global_val_client_task,val,cycle6,31,,,,,,,,,,2000,121.0,35.0,1782.0,62.0,0.7756410256410257,0.6612021857923497,0.7138643264770508,0.7138643264770508,0.7138643264770508,183.0,0.09149999916553497
fedavg,fedavg,504|859,504|859,1,859,data_2000_4_1.5_chordal,global_val_client,val,,31,,,0.2620064216852188,0.9495,0.8134999871253967,0.8995824219526743,0.8143413662910461,0.8143413662910461,0.8143413662910461,2000,,,,,,,,,,,
fedavg,fedavg,504|859,504|859,1,859,data_2000_4_1.5_chordal,global_val_client_task,val,cycle2,31,,,,,,,,,,2000,862.0,5.0,1133.0,0.0,0.994232987312572,1.0,0.9971081614494324,0.9971081614494324,0.9971081614494324,862.0,0.4309999942779541
fedavg,fedavg,504|859,504|859,1,859,data_2000_4_1.5_chordal,global_val_client_task,val,cycle3,31,,,,,,,,,,2000,691.0,25.0,1284.0,0.0,0.9650837988826816,1.0,0.9822316765785217,0.9822316765785217,0.9822316765785217,691.0,0.34549999237060547
fedavg,fedavg,504|859,504|859,1,859,data_2000_4_1.5_chordal,global_val_client_task,val,cycle4,31,,,,,,,,,,2000,389.0,87.0,1522.0,2.0,0.8172268907563025,0.9948849104859335,0.8973471522331238,0.8973471522331238,0.8973471522331238,391.0,0.19550000131130219
fedavg,fedavg,504|859,504|859,1,859,data_2000_4_1.5_chordal,global_val_client_task,val,cycle5,31,,,,,,,,,,2000,225.0,177.0,1587.0,11.0,0.5597014925373134,0.9533898305084746,0.705329179763794,0.705329179763794,0.705329179763794,236.0,0.11800000071525574
fedavg,fedavg,504|859,504|859,1,859,data_2000_4_1.5_chordal,global_val_client_task,val,cycle6,31,,,,,,,,,,2000,95.0,165.0,1707.0,33.0,0.36538461538461536,0.7421875,0.48969072103500366,0.48969072103500366,0.48969072103500366,128.0,0.06400000303983688
fedavg,fedavg,504|859,504|859,1,all,all,global_val_mean,val,,31,,,0.2544880989193916,0.96465,0.8652499914169312,0.8842918594847679,0.8472708761692047,0.8472708761692047,0.8472708761692047,4000,,,,,,,,,,,
fedavg,fedavg,504|859,504|859,1,504,data_2000_3_11_chordal,train_epoch,train,,32,1.0,0.09627078334987163,,,,,,,,2000,,,,,,,,,,,
fedavg,fedavg,504|859,504|859,1,504,data_2000_3_11_chordal,train_epoch,train,,32,2.0,0.09944072233140469,,,,,,,,2000,,,,,,,,,,,
fedavg,fedavg,504|859,504|859,1,504,data_2000_3_11_chordal,train_epoch,train,,32,3.0,0.09879334977269173,,,,,,,,2000,,,,,,,,,,,
fedavg,fedavg,504|859,504|859,1,504,data_2000_3_11_chordal,train_epoch,train,,32,4.0,0.1055705011151731,,,,,,,,2000,,,,,,,,,,,
fedavg,fedavg,504|859,504|859,1,504,data_2000_3_11_chordal,train_epoch,train,,32,5.0,0.09334722810983657,,,,,,,,2000,,,,,,,,,,,
fedavg,fedavg,504|859,504|859,1,504,data_2000_3_11_chordal,train_epoch,train,,32,6.0,0.09592734217643738,,,,,,,,2000,,,,,,,,,,,
fedavg,fedavg,504|859,504|859,1,504,data_2000_3_11_chordal,train_epoch,train,,32,7.0,0.07710788458399474,,,,,,,,2000,,,,,,,,,,,
fedavg,fedavg,504|859,504|859,1,504,data_2000_3_11_chordal,train_epoch,train,,32,8.0,0.10406253391504287,,,,,,,,2000,,,,,,,,,,,
fedavg,fedavg,504|859,504|859,1,504,data_2000_3_11_chordal,train_epoch,train,,32,9.0,0.08873015662562102,,,,,,,,2000,,,,,,,,,,,
fedavg,fedavg,504|859,504|859,1,504,data_2000_3_11_chordal,train_epoch,train,,32,10.0,0.09152638126909733,,,,,,,,2000,,,,,,,,,,,
fedavg,fedavg,504|859,504|859,1,504,data_2000_3_11_chordal,val_epoch,val,,32,,,0.2528423848748207,0.9812,0.9190000295639038,0.8785529715762275,0.900397777557373,0.900397777557373,0.900397777557373,2000,,,,,,,,,,,
fedavg,fedavg,504|859,504|859,1,504,data_2000_3_11_chordal,val_epoch_task,val,cycle2,32,,,,,,,,,,2000,82.0,2.0,1916.0,0.0,0.9761904761904762,1.0,0.9879518151283264,0.9879518151283264,0.9879518151283264,82.0,0.04100000113248825
fedavg,fedavg,504|859,504|859,1,504,data_2000_3_11_chordal,val_epoch_task,val,cycle3,32,,,,,,,,,,2000,128.0,8.0,1864.0,0.0,0.9411764705882353,1.0,0.9696969985961914,0.9696969985961914,0.9696969985961914,128.0,0.06400000303983688
fedavg,fedavg,504|859,504|859,1,504,data_2000_3_11_chordal,val_epoch_task,val,cycle4,32,,,,,,,,,,2000,155.0,15.0,1828.0,2.0,0.9117647058823529,0.9872611464968153,0.9480122327804565,0.9480122327804565,0.9480122327804565,157.0,0.07850000262260437
fedavg,fedavg,504|859,504|859,1,504,data_2000_3_11_chordal,val_epoch_task,val,cycle5,32,,,,,,,,,,2000,166.0,32.0,1781.0,21.0,0.8383838383838383,0.8877005347593583,0.8623376488685608,0.8623376488685608,0.8623376488685608,187.0,0.09350000321865082
fedavg,fedavg,504|859,504|859,1,504,data_2000_3_11_chordal,val_epoch_task,val,cycle6,32,,,,,,,,,,2000,149.0,74.0,1743.0,34.0,0.6681614349775785,0.8142076502732241,0.7339901924133301,0.7339901924133301,0.7339901924133301,183.0,0.09149999916553497
fedavg,fedavg,504|859,504|859,1,859,data_2000_4_1.5_chordal,train_epoch,train,,32,1.0,0.10423577654361725,,,,,,,,2000,,,,,,,,,,,
fedavg,fedavg,504|859,504|859,1,859,data_2000_4_1.5_chordal,train_epoch,train,,32,2.0,0.09063995312154292,,,,,,,,2000,,,,,,,,,,,
fedavg,fedavg,504|859,504|859,1,859,data_2000_4_1.5_chordal,train_epoch,train,,32,3.0,0.0985545158982277,,,,,,,,2000,,,,,,,,,,,
fedavg,fedavg,504|859,504|859,1,859,data_2000_4_1.5_chordal,train_epoch,train,,32,4.0,0.07355309166014194,,,,,,,,2000,,,,,,,,,,,
fedavg,fedavg,504|859,504|859,1,859,data_2000_4_1.5_chordal,train_epoch,train,,32,5.0,0.09984106236696243,,,,,,,,2000,,,,,,,,,,,
fedavg,fedavg,504|859,504|859,1,859,data_2000_4_1.5_chordal,train_epoch,train,,32,6.0,0.07599901281297207,,,,,,,,2000,,,,,,,,,,,
fedavg,fedavg,504|859,504|859,1,859,data_2000_4_1.5_chordal,train_epoch,train,,32,7.0,0.11402408641576767,,,,,,,,2000,,,,,,,,,,,
fedavg,fedavg,504|859,504|859,1,859,data_2000_4_1.5_chordal,train_epoch,train,,32,8.0,0.1239854816198349,,,,,,,,2000,,,,,,,,,,,
fedavg,fedavg,504|859,504|859,1,859,data_2000_4_1.5_chordal,train_epoch,train,,32,9.0,0.08175151732563972,,,,,,,,2000,,,,,,,,,,,
fedavg,fedavg,504|859,504|859,1,859,data_2000_4_1.5_chordal,train_epoch,train,,32,10.0,0.06722854856401682,,,,,,,,2000,,,,,,,,,,,
fedavg,fedavg,504|859,504|859,1,859,data_2000_4_1.5_chordal,val_epoch,val,,32,,,0.7623313219547272,0.966,0.8650000095367432,0.9273814609141392,0.8133630752563477,0.8133630752563477,0.8133630752563477,2000,,,,,,,,,,,
fedavg,fedavg,504|859,504|859,1,859,data_2000_4_1.5_chordal,val_epoch_task,val,cycle2,32,,,,,,,,,,2000,861.0,7.0,1131.0,1.0,0.9919354838709677,0.9988399071925754,0.9953757524490356,0.9953757524490356,0.9953757524490356,862.0,0.4309999942779541
fedavg,fedavg,504|859,504|859,1,859,data_2000_4_1.5_chordal,val_epoch_task,val,cycle3,32,,,,,,,,,,2000,689.0,22.0,1287.0,2.0,0.9690576652601969,0.9971056439942113,0.9828816056251526,0.9828816056251526,0.9828816056251526,691.0,0.34549999237060547
fedavg,fedavg,504|859,504|859,1,859,data_2000_4_1.5_chordal,val_epoch_task,val,cycle4,32,,,,,,,,,,2000,376.0,39.0,1570.0,15.0,0.9060240963855422,0.9616368286445013,0.9330024123191833,0.9330024123191833,0.9330024123191833,391.0,0.19550000131130219
fedavg,fedavg,504|859,504|859,1,859,data_2000_4_1.5_chordal,val_epoch_task,val,cycle5,32,,,,,,,,,,2000,203.0,65.0,1699.0,33.0,0.7574626865671642,0.8601694915254238,0.8055555820465088,0.8055555820465088,0.8055555820465088,236.0,0.11800000071525574
fedavg,fedavg,504|859,504|859,1,859,data_2000_4_1.5_chordal,val_epoch_task,val,cycle6,32,,,,,,,,,,2000,42.0,70.0,1802.0,86.0,0.375,0.328125,0.3499999940395355,0.3499999940395355,0.3499999940395355,128.0,0.06400000303983688
fedavg,fedavg,504|859,504|859,1,504,data_2000_3_11_chordal,global_val_client,val,,32,,,0.2913050317158923,0.9813,0.921500027179718,0.8762409000661814,0.8860003352165222,0.8860003352165222,0.8860003352165222,2000,,,,,,,,,,,
fedavg,fedavg,504|859,504|859,1,504,data_2000_3_11_chordal,global_val_client_task,val,cycle2,32,,,,,,,,,,2000,82.0,8.0,1910.0,0.0,0.9111111111111111,1.0,0.9534883499145508,0.9534883499145508,0.9534883499145508,82.0,0.04100000113248825
fedavg,fedavg,504|859,504|859,1,504,data_2000_3_11_chordal,global_val_client_task,val,cycle3,32,,,,,,,,,,2000,128.0,8.0,1864.0,0.0,0.9411764705882353,1.0,0.9696969985961914,0.9696969985961914,0.9696969985961914,128.0,0.06400000303983688
fedavg,fedavg,504|859,504|859,1,504,data_2000_3_11_chordal,global_val_client_task,val,cycle4,32,,,,,,,,,,2000,154.0,26.0,1817.0,3.0,0.8555555555555555,0.9808917197452229,0.9139465689659119,0.9139465689659119,0.9139465689659119,157.0,0.07850000262260437
fedavg,fedavg,504|859,504|859,1,504,data_2000_3_11_chordal,global_val_client_task,val,cycle5,32,,,,,,,,,,2000,184.0,37.0,1776.0,3.0,0.832579185520362,0.983957219251337,0.9019607901573181,0.9019607901573181,0.9019607901573181,187.0,0.09350000321865082
fedavg,fedavg,504|859,504|859,1,504,data_2000_3_11_chordal,global_val_client_task,val,cycle6,32,,,,,,,,,,2000,114.0,33.0,1784.0,69.0,0.7755102040816326,0.6229508196721312,0.6909090280532837,0.6909090280532837,0.6909090280532837,183.0,0.09149999916553497
fedavg,fedavg,504|859,504|859,1,859,data_2000_4_1.5_chordal,global_val_client,val,,32,,,0.2507445012331009,0.9653,0.8650000095367432,0.9282909692085143,0.8504888415336609,0.8504888415336609,0.8504888415336609,2000,,,,,,,,,,,
fedavg,fedavg,504|859,504|859,1,859,data_2000_4_1.5_chordal,global_val_client_task,val,cycle2,32,,,,,,,,,,2000,862.0,7.0,1131.0,0.0,0.9919447640966629,1.0,0.9959561228752136,0.9959561228752136,0.9959561228752136,862.0,0.4309999942779541
fedavg,fedavg,504|859,504|859,1,859,data_2000_4_1.5_chordal,global_val_client_task,val,cycle3,32,,,,,,,,,,2000,691.0,14.0,1295.0,0.0,0.9801418439716312,1.0,0.9899712800979614,0.9899712800979614,0.9899712800979614,691.0,0.34549999237060547
fedavg,fedavg,504|859,504|859,1,859,data_2000_4_1.5_chordal,global_val_client_task,val,cycle4,32,,,,,,,,,,2000,387.0,62.0,1547.0,4.0,0.8619153674832962,0.989769820971867,0.9214285612106323,0.9214285612106323,0.9214285612106323,391.0,0.19550000131130219
fedavg,fedavg,504|859,504|859,1,859,data_2000_4_1.5_chordal,global_val_client_task,val,cycle5,32,,,,,,,,,,2000,215.0,92.0,1672.0,21.0,0.7003257328990228,0.9110169491525424,0.7918968796730042,0.7918968796730042,0.7918968796730042,236.0,0.11800000071525574
fedavg,fedavg,504|859,504|859,1,859,data_2000_4_1.5_chordal,global_val_client_task,val,cycle6,32,,,,,,,,,,2000,91.0,110.0,1762.0,37.0,0.4527363184079602,0.7109375,0.5531914830207825,0.5531914830207825,0.5531914830207825,128.0,0.06400000303983688
fedavg,fedavg,504|859,504|859,1,all,all,global_val_mean,val,,32,,,0.2710247664744966,0.9732999999999999,0.8932500183582306,0.9022659346373478,0.8682445883750916,0.8682445883750916,0.8682445883750916,4000,,,,,,,,,,,
fedavg,fedavg,504|859,504|859,1,504,data_2000_3_11_chordal,train_epoch,train,,33,1.0,0.12250328087760136,,,,,,,,2000,,,,,,,,,,,
fedavg,fedavg,504|859,504|859,1,504,data_2000_3_11_chordal,train_epoch,train,,33,2.0,0.120685500562191,,,,,,,,2000,,,,,,,,,,,
fedavg,fedavg,504|859,504|859,1,504,data_2000_3_11_chordal,train_epoch,train,,33,3.0,0.08904134126007557,,,,,,,,2000,,,,,,,,,,,
fedavg,fedavg,504|859,504|859,1,504,data_2000_3_11_chordal,train_epoch,train,,33,4.0,0.09186026254296303,,,,,,,,2000,,,,,,,,,,,
fedavg,fedavg,504|859,504|859,1,504,data_2000_3_11_chordal,train_epoch,train,,33,5.0,0.12216515313088894,,,,,,,,2000,,,,,,,,,,,
fedavg,fedavg,504|859,504|859,1,504,data_2000_3_11_chordal,train_epoch,train,,33,6.0,0.10943930158019066,,,,,,,,2000,,,,,,,,,,,
fedavg,fedavg,504|859,504|859,1,504,data_2000_3_11_chordal,train_epoch,train,,33,7.0,0.10957200595736503,,,,,,,,2000,,,,,,,,,,,
fedavg,fedavg,504|859,504|859,1,504,data_2000_3_11_chordal,train_epoch,train,,33,8.0,0.0885541907697916,,,,,,,,2000,,,,,,,,,,,
fedavg,fedavg,504|859,504|859,1,504,data_2000_3_11_chordal,train_epoch,train,,33,9.0,0.08242289656400681,,,,,,,,2000,,,,,,,,,,,
fedavg,fedavg,504|859,504|859,1,504,data_2000_3_11_chordal,train_epoch,train,,33,10.0,0.09218940737098455,,,,,,,,2000,,,,,,,,,,,
fedavg,fedavg,504|859,504|859,1,504,data_2000_3_11_chordal,val_epoch,val,,33,,,0.15420018050074577,0.9727,0.8934999704360962,0.8400702987697715,0.8688507080078125,0.8688507080078125,0.8688507080078125,2000,,,,,,,,,,,
fedavg,fedavg,504|859,504|859,1,504,data_2000_3_11_chordal,val_epoch_task,val,cycle2,33,,,,,,,,,,2000,82.0,7.0,1911.0,0.0,0.9213483146067416,1.0,0.9590643644332886,0.9590643644332886,0.9590643644332886,82.0,0.04100000113248825
fedavg,fedavg,504|859,504|859,1,504,data_2000_3_11_chordal,val_epoch_task,val,cycle3,33,,,,,,,,,,2000,128.0,21.0,1851.0,0.0,0.8590604026845637,1.0,0.9241877198219299,0.9241877198219299,0.9241877198219299,128.0,0.06400000303983688
fedavg,fedavg,504|859,504|859,1,504,data_2000_3_11_chordal,val_epoch_task,val,cycle4,33,,,,,,,,,,2000,155.0,13.0,1830.0,2.0,0.9226190476190477,0.9872611464968153,0.9538462162017822,0.9538462162017822,0.9538462162017822,157.0,0.07850000262260437
fedavg,fedavg,504|859,504|859,1,504,data_2000_3_11_chordal,val_epoch_task,val,cycle5,33,,,,,,,,,,2000,186.0,96.0,1717.0,1.0,0.6595744680851063,0.9946524064171123,0.7931769490242004,0.7931769490242004,0.7931769490242004,187.0,0.09350000321865082
fedavg,fedavg,504|859,504|859,1,504,data_2000_3_11_chordal,val_epoch_task,val,cycle6,33,,,,,,,,,,2000,166.0,116.0,1701.0,17.0,0.5886524822695035,0.907103825136612,0.7139784693717957,0.7139784693717957,0.7139784693717957,183.0,0.09149999916553497
fedavg,fedavg,504|859,504|859,1,859,data_2000_4_1.5_chordal,train_epoch,train,,33,1.0,0.11212892401218415,,,,,,,,2000,,,,,,,,,,,
fedavg,fedavg,504|859,504|859,1,859,data_2000_4_1.5_chordal,train_epoch,train,,33,2.0,0.08152779955789446,,,,,,,,2000,,,,,,,,,,,
fedavg,fedavg,504|859,504|859,1,859,data_2000_4_1.5_chordal,train_epoch,train,,33,3.0,0.08509199637174607,,,,,,,,2000,,,,,,,,,,,
fedavg,fedavg,504|859,504|859,1,859,data_2000_4_1.5_chordal,train_epoch,train,,33,4.0,0.07454506286978721,,,,,,,,2000,,,,,,,,,,,
fedavg,fedavg,504|859,504|859,1,859,data_2000_4_1.5_chordal,train_epoch,train,,33,5.0,0.06294357806444167,,,,,,,,2000,,,,,,,,,,,
fedavg,fedavg,504|859,504|859,1,859,data_2000_4_1.5_chordal,train_epoch,train,,33,6.0,0.11071255180239678,,,,,,,,2000,,,,,,,,,,,
fedavg,fedavg,504|859,504|859,1,859,data_2000_4_1.5_chordal,train_epoch,train,,33,7.0,0.09878421330451966,,,,,,,,2000,,,,,,,,,,,
fedavg,fedavg,504|859,504|859,1,859,data_2000_4_1.5_chordal,train_epoch,train,,33,8.0,0.0654180577620864,,,,,,,,2000,,,,,,,,,,,
fedavg,fedavg,504|859,504|859,1,859,data_2000_4_1.5_chordal,train_epoch,train,,33,9.0,0.08215893891453743,,,,,,,,2000,,,,,,,,,,,
fedavg,fedavg,504|859,504|859,1,859,data_2000_4_1.5_chordal,train_epoch,train,,33,10.0,0.0854163340330124,,,,,,,,2000,,,,,,,,,,,
fedavg,fedavg,504|859,504|859,1,859,data_2000_4_1.5_chordal,val_epoch,val,,33,,,0.810851594209671,0.9684,0.8694999814033508,0.9323919554985025,0.8221995234489441,0.8221995234489441,0.8221995234489441,2000,,,,,,,,,,,
fedavg,fedavg,504|859,504|859,1,859,data_2000_4_1.5_chordal,val_epoch_task,val,cycle2,33,,,,,,,,,,2000,854.0,3.0,1135.0,8.0,0.9964994165694282,0.9907192575406032,0.9936009645462036,0.9936009645462036,0.9936009645462036,862.0,0.4309999942779541
fedavg,fedavg,504|859,504|859,1,859,data_2000_4_1.5_chordal,val_epoch_task,val,cycle3,33,,,,,,,,,,2000,689.0,13.0,1296.0,2.0,0.9814814814814815,0.9971056439942113,0.9892318844795227,0.9892318844795227,0.9892318844795227,691.0,0.34549999237060547
fedavg,fedavg,504|859,504|859,1,859,data_2000_4_1.5_chordal,val_epoch_task,val,cycle4,33,,,,,,,,,,2000,378.0,21.0,1588.0,13.0,0.9473684210526315,0.9667519181585678,0.956961989402771,0.956961989402771,0.956961989402771,391.0,0.19550000131130219
fedavg,fedavg,504|859,504|859,1,859,data_2000_4_1.5_chordal,val_epoch_task,val,cycle5,33,,,,,,,,,,2000,214.0,83.0,1681.0,22.0,0.7205387205387206,0.9067796610169492,0.803001880645752,0.803001880645752,0.803001880645752,236.0,0.11800000071525574
fedavg,fedavg,504|859,504|859,1,859,data_2000_4_1.5_chordal,val_epoch_task,val,cycle6,33,,,,,,,,,,2000,44.0,67.0,1805.0,84.0,0.3963963963963964,0.34375,0.36820080876350403,0.36820080876350403,0.36820080876350403,128.0,0.06400000303983688
fedavg,fedavg,504|859,504|859,1,504,data_2000_3_11_chordal,global_val_client,val,,33,,,0.38587594211101534,0.9773,0.9035000205039978,0.8505595786701778,0.8597038984298706,0.8597038984298706,0.8597038984298706,2000,,,,,,,,,,,
fedavg,fedavg,504|859,504|859,1,504,data_2000_3_11_chordal,global_val_client_task,val,cycle2,33,,,,,,,,,,2000,82.0,6.0,1912.0,0.0,0.9318181818181818,1.0,0.9647058844566345,0.9647058844566345,0.9647058844566345,82.0,0.04100000113248825
fedavg,fedavg,504|859,504|859,1,504,data_2000_3_11_chordal,global_val_client_task,val,cycle3,33,,,,,,,,,,2000,128.0,22.0,1850.0,0.0,0.8533333333333334,1.0,0.9208633303642273,0.9208633303642273,0.9208633303642273,128.0,0.06400000303983688
fedavg,fedavg,504|859,504|859,1,504,data_2000_3_11_chordal,global_val_client_task,val,cycle4,33,,,,,,,,,,2000,155.0,21.0,1822.0,2.0,0.8806818181818182,0.9872611464968153,0.9309309124946594,0.9309309124946594,0.9309309124946594,157.0,0.07850000262260437
fedavg,fedavg,504|859,504|859,1,504,data_2000_3_11_chordal,global_val_client_task,val,cycle5,33,,,,,,,,,,2000,186.0,56.0,1757.0,1.0,0.768595041322314,0.9946524064171123,0.867132842540741,0.867132842540741,0.867132842540741,187.0,0.09350000321865082
fedavg,fedavg,504|859,504|859,1,504,data_2000_3_11_chordal,global_val_client_task,val,cycle6,33,,,,,,,,,,2000,95.0,31.0,1786.0,88.0,0.753968253968254,0.5191256830601093,0.6148867607116699,0.6148867607116699,0.6148867607116699,183.0,0.09149999916553497
fedavg,fedavg,504|859,504|859,1,859,data_2000_4_1.5_chordal,global_val_client,val,,33,,,0.34184339427947996,0.9552,0.8295000195503235,0.9092750101255569,0.8209983110427856,0.8209983110427856,0.8209983110427856,2000,,,,,,,,,,,
fedavg,fedavg,504|859,504|859,1,859,data_2000_4_1.5_chordal,global_val_client_task,val,cycle2,33,,,,,,,,,,2000,862.0,7.0,1131.0,0.0,0.9919447640966629,1.0,0.9959561228752136,0.9959561228752136,0.9959561228752136,862.0,0.4309999942779541
fedavg,fedavg,504|859,504|859,1,859,data_2000_4_1.5_chordal,global_val_client_task,val,cycle3,33,,,,,,,,,,2000,690.0,25.0,1284.0,1.0,0.965034965034965,0.9985528219971056,0.9815078377723694,0.9815078377723694,0.9815078377723694,691.0,0.34549999237060547
fedavg,fedavg,504|859,504|859,1,859,data_2000_4_1.5_chordal,global_val_client_task,val,cycle4,33,,,,,,,,,,2000,382.0,43.0,1566.0,9.0,0.8988235294117647,0.9769820971867008,0.936274528503418,0.936274528503418,0.936274528503418,391.0,0.19550000131130219
fedavg,fedavg,504|859,504|859,1,859,data_2000_4_1.5_chordal,global_val_client_task,val,cycle5,33,,,,,,,,,,2000,229.0,176.0,1588.0,7.0,0.5654320987654321,0.9703389830508474,0.714508593082428,0.714508593082428,0.714508593082428,236.0,0.11800000071525574
fedavg,fedavg,504|859,504|859,1,859,data_2000_4_1.5_chordal,global_val_client_task,val,cycle6,33,,,,,,,,,,2000,82.0,134.0,1738.0,46.0,0.37962962962962965,0.640625,0.4767442047595978,0.4767442047595978,0.4767442047595978,128.0,0.06400000303983688
fedavg,fedavg,504|859,504|859,1,all,all,global_val_mean,val,,33,,,0.3638596681952477,0.96625,0.8665000200271606,0.8799172943978674,0.8403511047363281,0.8403511047363281,0.8403511047363281,4000,,,,,,,,,,,
fedavg,fedavg,504|859,504|859,1,504,data_2000_3_11_chordal,train_epoch,train,,34,1.0,0.1011743424832821,,,,,,,,2000,,,,,,,,,,,
fedavg,fedavg,504|859,504|859,1,504,data_2000_3_11_chordal,train_epoch,train,,34,2.0,0.09676161627471447,,,,,,,,2000,,,,,,,,,,,
fedavg,fedavg,504|859,504|859,1,504,data_2000_3_11_chordal,train_epoch,train,,34,3.0,0.11045135335624218,,,,,,,,2000,,,,,,,,,,,
fedavg,fedavg,504|859,504|859,1,504,data_2000_3_11_chordal,train_epoch,train,,34,4.0,0.11489095836877823,,,,,,,,2000,,,,,,,,,,,
fedavg,fedavg,504|859,504|859,1,504,data_2000_3_11_chordal,train_epoch,train,,34,5.0,0.10598412819206715,,,,,,,,2000,,,,,,,,,,,
fedavg,fedavg,504|859,504|859,1,504,data_2000_3_11_chordal,train_epoch,train,,34,6.0,0.13840671724081038,,,,,,,,2000,,,,,,,,,,,
fedavg,fedavg,504|859,504|859,1,504,data_2000_3_11_chordal,train_epoch,train,,34,7.0,0.15858545863628387,,,,,,,,2000,,,,,,,,,,,
fedavg,fedavg,504|859,504|859,1,504,data_2000_3_11_chordal,train_epoch,train,,34,8.0,0.11744867008924484,,,,,,,,2000,,,,,,,,,,,
fedavg,fedavg,504|859,504|859,1,504,data_2000_3_11_chordal,train_epoch,train,,34,9.0,0.10966927182674407,,,,,,,,2000,,,,,,,,,,,
fedavg,fedavg,504|859,504|859,1,504,data_2000_3_11_chordal,train_epoch,train,,34,10.0,0.11187624162435532,,,,,,,,2000,,,,,,,,,,,
fedavg,fedavg,504|859,504|859,1,504,data_2000_3_11_chordal,val_epoch,val,,34,,,0.18957753109931946,0.9651,0.8659999966621399,0.8040426726558113,0.8347574472427368,0.8347574472427368,0.8347574472427368,2000,,,,,,,,,,,
fedavg,fedavg,504|859,504|859,1,504,data_2000_3_11_chordal,val_epoch_task,val,cycle2,34,,,,,,,,,,2000,82.0,9.0,1909.0,0.0,0.9010989010989011,1.0,0.94797682762146,0.94797682762146,0.94797682762146,82.0,0.04100000113248825
fedavg,fedavg,504|859,504|859,1,504,data_2000_3_11_chordal,val_epoch_task,val,cycle3,34,,,,,,,,,,2000,128.0,33.0,1839.0,0.0,0.7950310559006211,1.0,0.8858131766319275,0.8858131766319275,0.8858131766319275,128.0,0.06400000303983688
fedavg,fedavg,504|859,504|859,1,504,data_2000_3_11_chordal,val_epoch_task,val,cycle4,34,,,,,,,,,,2000,156.0,51.0,1792.0,1.0,0.7536231884057971,0.9936305732484076,0.8571428656578064,0.8571428656578064,0.8571428656578064,157.0,0.07850000262260437
fedavg,fedavg,504|859,504|859,1,504,data_2000_3_11_chordal,val_epoch_task,val,cycle5,34,,,,,,,,,,2000,181.0,66.0,1747.0,6.0,0.7327935222672065,0.9679144385026738,0.8341014385223389,0.8341014385223389,0.8341014385223389,187.0,0.09350000321865082
fedavg,fedavg,504|859,504|859,1,504,data_2000_3_11_chordal,val_epoch_task,val,cycle6,34,,,,,,,,,,2000,169.0,169.0,1648.0,14.0,0.5,0.9234972677595629,0.6487524509429932,0.6487524509429932,0.6487524509429932,183.0,0.09149999916553497
fedavg,fedavg,504|859,504|859,1,859,data_2000_4_1.5_chordal,train_epoch,train,,34,1.0,0.09840967327356338,,,,,,,,2000,,,,,,,,,,,
fedavg,fedavg,504|859,504|859,1,859,data_2000_4_1.5_chordal,train_epoch,train,,34,2.0,0.06892897155880928,,,,,,,,2000,,,,,,,,,,,
fedavg,fedavg,504|859,504|859,1,859,data_2000_4_1.5_chordal,train_epoch,train,,34,3.0,0.09266745253279805,,,,,,,,2000,,,,,,,,,,,
fedavg,fedavg,504|859,504|859,1,859,data_2000_4_1.5_chordal,train_epoch,train,,34,4.0,0.09441583153605461,,,,,,,,2000,,,,,,,,,,,
fedavg,fedavg,504|859,504|859,1,859,data_2000_4_1.5_chordal,train_epoch,train,,34,5.0,0.09513537684082984,,,,,,,,2000,,,,,,,,,,,
fedavg,fedavg,504|859,504|859,1,859,data_2000_4_1.5_chordal,train_epoch,train,,34,6.0,0.06733826988935471,,,,,,,,2000,,,,,,,,,,,
fedavg,fedavg,504|859,504|859,1,859,data_2000_4_1.5_chordal,train_epoch,train,,34,7.0,0.13249186170101165,,,,,,,,2000,,,,,,,,,,,
fedavg,fedavg,504|859,504|859,1,859,data_2000_4_1.5_chordal,train_epoch,train,,34,8.0,0.09248633539676666,,,,,,,,2000,,,,,,,,,,,
fedavg,fedavg,504|859,504|859,1,859,data_2000_4_1.5_chordal,train_epoch,train,,34,9.0,0.08048320370912553,,,,,,,,2000,,,,,,,,,,,
fedavg,fedavg,504|859,504|859,1,859,data_2000_4_1.5_chordal,train_epoch,train,,34,10.0,0.058848379701375964,,,,,,,,2000,,,,,,,,,,,
fedavg,fedavg,504|859,504|859,1,859,data_2000_4_1.5_chordal,val_epoch,val,,34,,,0.6852241952419281,0.9654,0.8669999837875366,0.9265704584040747,0.8214002847671509,0.8214002847671509,0.8214002847671509,2000,,,,,,,,,,,
fedavg,fedavg,504|859,504|859,1,859,data_2000_4_1.5_chordal,val_epoch_task,val,cycle2,34,,,,,,,,,,2000,862.0,9.0,1129.0,0.0,0.9896670493685419,1.0,0.994806706905365,0.994806706905365,0.994806706905365,862.0,0.4309999942779541
fedavg,fedavg,504|859,504|859,1,859,data_2000_4_1.5_chordal,val_epoch_task,val,cycle3,34,,,,,,,,,,2000,690.0,20.0,1289.0,1.0,0.971830985915493,0.9985528219971056,0.9850106835365295,0.9850106835365295,0.9850106835365295,691.0,0.34549999237060547
fedavg,fedavg,504|859,504|859,1,859,data_2000_4_1.5_chordal,val_epoch_task,val,cycle4,34,,,,,,,,,,2000,379.0,48.0,1561.0,12.0,0.8875878220140515,0.969309462915601,0.92665034532547,0.92665034532547,0.92665034532547,391.0,0.19550000131130219
fedavg,fedavg,504|859,504|859,1,859,data_2000_4_1.5_chordal,val_epoch_task,val,cycle5,34,,,,,,,,,,2000,200.0,59.0,1705.0,36.0,0.7722007722007722,0.847457627118644,0.808080792427063,0.808080792427063,0.808080792427063,236.0,0.11800000071525574
fedavg,fedavg,504|859,504|859,1,859,data_2000_4_1.5_chordal,val_epoch_task,val,cycle6,34,,,,,,,,,,2000,52.0,85.0,1787.0,76.0,0.3795620437956204,0.40625,0.39245283603668213,0.39245283603668213,0.39245283603668213,128.0,0.06400000303983688
fedavg,fedavg,504|859,504|859,1,504,data_2000_3_11_chordal,global_val_client,val,,34,,,0.32080059850215914,0.9752,0.9010000228881836,0.841025641025641,0.8506495356559753,0.8506495356559753,0.8506495356559753,2000,,,,,,,,,,,
fedavg,fedavg,504|859,504|859,1,504,data_2000_3_11_chordal,global_val_client_task,val,cycle2,34,,,,,,,,,,2000,82.0,13.0,1905.0,0.0,0.8631578947368421,1.0,0.9265536665916443,0.9265536665916443,0.9265536665916443,82.0,0.04100000113248825
fedavg,fedavg,504|859,504|859,1,504,data_2000_3_11_chordal,global_val_client_task,val,cycle3,34,,,,,,,,,,2000,128.0,24.0,1848.0,0.0,0.8421052631578947,1.0,0.9142857193946838,0.9142857193946838,0.9142857193946838,128.0,0.06400000303983688
fedavg,fedavg,504|859,504|859,1,504,data_2000_3_11_chordal,global_val_client_task,val,cycle4,34,,,,,,,,,,2000,155.0,25.0,1818.0,2.0,0.8611111111111112,0.9872611464968153,0.9198813438415527,0.9198813438415527,0.9198813438415527,157.0,0.07850000262260437
fedavg,fedavg,504|859,504|859,1,504,data_2000_3_11_chordal,global_val_client_task,val,cycle5,34,,,,,,,,,,2000,184.0,62.0,1751.0,3.0,0.7479674796747967,0.983957219251337,0.8498845100402832,0.8498845100402832,0.8498845100402832,187.0,0.09350000321865082
fedavg,fedavg,504|859,504|859,1,504,data_2000_3_11_chordal,global_val_client_task,val,cycle6,34,,,,,,,,,,2000,107.0,43.0,1774.0,76.0,0.7133333333333334,0.5846994535519126,0.642642617225647,0.642642617225647,0.642642617225647,183.0,0.09149999916553497
fedavg,fedavg,504|859,504|859,1,859,data_2000_4_1.5_chordal,global_val_client,val,,34,,,0.3314963698387146,0.951,0.8174999952316284,0.9016459253311923,0.811542809009552,0.811542809009552,0.811542809009552,2000,,,,,,,,,,,
fedavg,fedavg,504|859,504|859,1,859,data_2000_4_1.5_chordal,global_val_client_task,val,cycle2,34,,,,,,,,,,2000,862.0,6.0,1132.0,0.0,0.9930875576036866,1.0,0.9965317845344543,0.9965317845344543,0.9965317845344543,862.0,0.4309999942779541
fedavg,fedavg,504|859,504|859,1,859,data_2000_4_1.5_chordal,global_val_client_task,val,cycle3,34,,,,,,,,,,2000,691.0,28.0,1281.0,0.0,0.96105702364395,1.0,0.9801418781280518,0.9801418781280518,0.9801418781280518,691.0,0.34549999237060547
fedavg,fedavg,504|859,504|859,1,859,data_2000_4_1.5_chordal,global_val_client_task,val,cycle4,34,,,,,,,,,,2000,391.0,130.0,1479.0,0.0,0.7504798464491362,1.0,0.8574561476707458,0.8574561476707458,0.8574561476707458,391.0,0.19550000131130219
fedavg,fedavg,504|859,504|859,1,859,data_2000_4_1.5_chordal,global_val_client_task,val,cycle5,34,,,,,,,,,,2000,226.0,167.0,1597.0,10.0,0.5750636132315522,0.9576271186440678,0.7186009287834167,0.7186009287834167,0.7186009287834167,236.0,0.11800000071525574
fedavg,fedavg,504|859,504|859,1,859,data_2000_4_1.5_chordal,global_val_client_task,val,cycle6,34,,,,,,,,,,2000,76.0,97.0,1775.0,52.0,0.4393063583815029,0.59375,0.5049833655357361,0.5049833655357361,0.5049833655357361,128.0,0.06400000303983688
fedavg,fedavg,504|859,504|859,1,all,all,global_val_mean,val,,34,,,0.32614848417043685,0.9631,0.859250009059906,0.8713357831784168,0.8310961723327637,0.8310961723327637,0.8310961723327637,4000,,,,,,,,,,,
fedavg,fedavg,504|859,504|859,1,504,data_2000_3_11_chordal,train_epoch,train,,35,1.0,0.11381322985887528,,,,,,,,2000,,,,,,,,,,,
fedavg,fedavg,504|859,504|859,1,504,data_2000_3_11_chordal,train_epoch,train,,35,2.0,0.10069504686444998,,,,,,,,2000,,,,,,,,,,,
fedavg,fedavg,504|859,504|859,1,504,data_2000_3_11_chordal,train_epoch,train,,35,3.0,0.11009340272843837,,,,,,,,2000,,,,,,,,,,,
fedavg,fedavg,504|859,504|859,1,504,data_2000_3_11_chordal,train_epoch,train,,35,4.0,0.10130304661393165,,,,,,,,2000,,,,,,,,,,,
fedavg,fedavg,504|859,504|859,1,504,data_2000_3_11_chordal,train_epoch,train,,35,5.0,0.09635671439766884,,,,,,,,2000,,,,,,,,,,,
fedavg,fedavg,504|859,504|859,1,504,data_2000_3_11_chordal,train_epoch,train,,35,6.0,0.08187037801602855,,,,,,,,2000,,,,,,,,,,,
fedavg,fedavg,504|859,504|859,1,504,data_2000_3_11_chordal,train_epoch,train,,35,7.0,0.07769551370665431,,,,,,,,2000,,,,,,,,,,,
fedavg,fedavg,504|859,504|859,1,504,data_2000_3_11_chordal,train_epoch,train,,35,8.0,0.09966180741041898,,,,,,,,2000,,,,,,,,,,,
fedavg,fedavg,504|859,504|859,1,504,data_2000_3_11_chordal,train_epoch,train,,35,9.0,0.09861102372407914,,,,,,,,2000,,,,,,,,,,,
fedavg,fedavg,504|859,504|859,1,504,data_2000_3_11_chordal,train_epoch,train,,35,10.0,0.06779210060834885,,,,,,,,2000,,,,,,,,,,,
fedavg,fedavg,504|859,504|859,1,504,data_2000_3_11_chordal,val_epoch,val,,35,,,0.17134596180915831,0.9755,0.9024999737739563,0.8526758869512929,0.8721731305122375,0.8721731305122375,0.8721731305122375,2000,,,,,,,,,,,
fedavg,fedavg,504|859,504|859,1,504,data_2000_3_11_chordal,val_epoch_task,val,cycle2,35,,,,,,,,,,2000,82.0,17.0,1901.0,0.0,0.8282828282828283,1.0,0.9060773253440857,0.9060773253440857,0.9060773253440857,82.0,0.04100000113248825
fedavg,fedavg,504|859,504|859,1,504,data_2000_3_11_chordal,val_epoch_task,val,cycle3,35,,,,,,,,,,2000,128.0,8.0,1864.0,0.0,0.9411764705882353,1.0,0.9696969985961914,0.9696969985961914,0.9696969985961914,128.0,0.06400000303983688
fedavg,fedavg,504|859,504|859,1,504,data_2000_3_11_chordal,val_epoch_task,val,cycle4,35,,,,,,,,,,2000,152.0,26.0,1817.0,5.0,0.8539325842696629,0.9681528662420382,0.9074627161026001,0.9074627161026001,0.9074627161026001,157.0,0.07850000262260437
fedavg,fedavg,504|859,504|859,1,504,data_2000_3_11_chordal,val_epoch_task,val,cycle5,35,,,,,,,,,,2000,179.0,55.0,1758.0,8.0,0.7649572649572649,0.9572192513368984,0.8503562211990356,0.8503562211990356,0.8503562211990356,187.0,0.09350000321865082
fedavg,fedavg,504|859,504|859,1,504,data_2000_3_11_chordal,val_epoch_task,val,cycle6,35,,,,,,,,,,2000,168.0,111.0,1706.0,15.0,0.6021505376344086,0.9180327868852459,0.7272726893424988,0.7272726893424988,0.7272726893424988,183.0,0.09149999916553497
fedavg,fedavg,504|859,504|859,1,859,data_2000_4_1.5_chordal,train_epoch,train,,35,1.0,0.08114059162139893,,,,,,,,2000,,,,,,,,,,,
fedavg,fedavg,504|859,504|859,1,859,data_2000_4_1.5_chordal,train_epoch,train,,35,2.0,0.07946994253993034,,,,,,,,2000,,,,,,,,,,,
fedavg,fedavg,504|859,504|859,1,859,data_2000_4_1.5_chordal,train_epoch,train,,35,3.0,0.09928469437360764,,,,,,,,2000,,,,,,,,,,,
fedavg,fedavg,504|859,504|859,1,859,data_2000_4_1.5_chordal,train_epoch,train,,35,4.0,0.08387564671039581,,,,,,,,2000,,,,,,,,,,,
fedavg,fedavg,504|859,504|859,1,859,data_2000_4_1.5_chordal,train_epoch,train,,35,5.0,0.07351043844223022,,,,,,,,2000,,,,,,,,,,,
fedavg,fedavg,504|859,504|859,1,859,data_2000_4_1.5_chordal,train_epoch,train,,35,6.0,0.08505926579236985,,,,,,,,2000,,,,,,,,,,,
fedavg,fedavg,504|859,504|859,1,859,data_2000_4_1.5_chordal,train_epoch,train,,35,7.0,0.11740808033943176,,,,,,,,2000,,,,,,,,,,,
fedavg,fedavg,504|859,504|859,1,859,data_2000_4_1.5_chordal,train_epoch,train,,35,8.0,0.08487038300931454,,,,,,,,2000,,,,,,,,,,,
fedavg,fedavg,504|859,504|859,1,859,data_2000_4_1.5_chordal,train_epoch,train,,35,9.0,0.07312145122885703,,,,,,,,2000,,,,,,,,,,,
fedavg,fedavg,504|859,504|859,1,859,data_2000_4_1.5_chordal,train_epoch,train,,35,10.0,0.07716931825876236,,,,,,,,2000,,,,,,,,,,,
fedavg,fedavg,504|859,504|859,1,859,data_2000_4_1.5_chordal,val_epoch,val,,35,,,0.4417558455467224,0.9404,0.8109999895095825,0.8827694728560189,0.7979176044464111,0.7979176044464111,0.7979176044464111,2000,,,,,,,,,,,
fedavg,fedavg,504|859,504|859,1,859,data_2000_4_1.5_chordal,val_epoch_task,val,cycle2,35,,,,,,,,,,2000,859.0,3.0,1135.0,3.0,0.9965197215777262,0.9965197215777262,0.9965197443962097,0.9965197443962097,0.9965197443962097,862.0,0.4309999942779541
fedavg,fedavg,504|859,504|859,1,859,data_2000_4_1.5_chordal,val_epoch_task,val,cycle3,35,,,,,,,,,,2000,685.0,6.0,1303.0,6.0,0.9913169319826338,0.9913169319826338,0.9913169145584106,0.9913169145584106,0.9913169145584106,691.0,0.34549999237060547
fedavg,fedavg,504|859,504|859,1,859,data_2000_4_1.5_chordal,val_epoch_task,val,cycle4,35,,,,,,,,,,2000,375.0,62.0,1547.0,16.0,0.8581235697940504,0.959079283887468,0.9057970643043518,0.9057970643043518,0.9057970643043518,391.0,0.19550000131130219
fedavg,fedavg,504|859,504|859,1,859,data_2000_4_1.5_chordal,val_epoch_task,val,cycle5,35,,,,,,,,,,2000,225.0,177.0,1587.0,11.0,0.5597014925373134,0.9533898305084746,0.705329179763794,0.705329179763794,0.705329179763794,236.0,0.11800000071525574
fedavg,fedavg,504|859,504|859,1,859,data_2000_4_1.5_chordal,val_epoch_task,val,cycle6,35,,,,,,,,,,2000,100.0,284.0,1588.0,28.0,0.2604166666666667,0.78125,0.390625,0.390625,0.390625,128.0,0.06400000303983688
fedavg,fedavg,504|859,504|859,1,504,data_2000_3_11_chordal,global_val_client,val,,35,,,0.34792788219451903,0.9765,0.9070000052452087,0.8484848484848485,0.8573340177536011,0.8573340177536011,0.8573340177536011,2000,,,,,,,,,,,
fedavg,fedavg,504|859,504|859,1,504,data_2000_3_11_chordal,global_val_client_task,val,cycle2,35,,,,,,,,,,2000,82.0,15.0,1903.0,0.0,0.845360824742268,1.0,0.916201114654541,0.916201114654541,0.916201114654541,82.0,0.04100000113248825
fedavg,fedavg,504|859,504|859,1,504,data_2000_3_11_chordal,global_val_client_task,val,cycle3,35,,,,,,,,,,2000,128.0,18.0,1854.0,0.0,0.8767123287671232,1.0,0.9343065619468689,0.9343065619468689,0.9343065619468689,128.0,0.06400000303983688
fedavg,fedavg,504|859,504|859,1,504,data_2000_3_11_chordal,global_val_client_task,val,cycle4,35,,,,,,,,,,2000,154.0,29.0,1814.0,3.0,0.8415300546448088,0.9808917197452229,0.9058822989463806,0.9058822989463806,0.9058822989463806,157.0,0.07850000262260437
fedavg,fedavg,504|859,504|859,1,504,data_2000_3_11_chordal,global_val_client_task,val,cycle5,35,,,,,,,,,,2000,183.0,41.0,1772.0,4.0,0.8169642857142857,0.9786096256684492,0.8905109167098999,0.8905109167098999,0.8905109167098999,187.0,0.09350000321865082
fedavg,fedavg,504|859,504|859,1,504,data_2000_3_11_chordal,global_val_client_task,val,cycle6,35,,,,,,,,,,2000,111.0,53.0,1764.0,72.0,0.676829268292683,0.6065573770491803,0.639769434928894,0.639769434928894,0.639769434928894,183.0,0.09149999916553497
fedavg,fedavg,504|859,504|859,1,859,data_2000_4_1.5_chordal,global_val_client,val,,35,,,0.2799194052219391,0.9323,0.7749999761581421,0.8706287024651252,0.7917085289955139,0.7917085289955139,0.7917085289955139,2000,,,,,,,,,,,
fedavg,fedavg,504|859,504|859,1,859,data_2000_4_1.5_chordal,global_val_client_task,val,cycle2,35,,,,,,,,,,2000,862.0,9.0,1129.0,0.0,0.9896670493685419,1.0,0.994806706905365,0.994806706905365,0.994806706905365,862.0,0.4309999942779541
fedavg,fedavg,504|859,504|859,1,859,data_2000_4_1.5_chordal,global_val_client_task,val,cycle3,35,,,,,,,,,,2000,690.0,8.0,1301.0,1.0,0.9885386819484241,0.9985528219971056,0.9935204386711121,0.9935204386711121,0.9935204386711121,691.0,0.34549999237060547
fedavg,fedavg,504|859,504|859,1,859,data_2000_4_1.5_chordal,global_val_client_task,val,cycle4,35,,,,,,,,,,2000,382.0,68.0,1541.0,9.0,0.8488888888888889,0.9769820971867008,0.9084423184394836,0.9084423184394836,0.9084423184394836,391.0,0.19550000131130219
fedavg,fedavg,504|859,504|859,1,859,data_2000_4_1.5_chordal,global_val_client_task,val,cycle5,35,,,,,,,,,,2000,231.0,215.0,1549.0,5.0,0.5179372197309418,0.9788135593220338,0.6774194240570068,0.6774194240570068,0.6774194240570068,236.0,0.11800000071525574
fedavg,fedavg,504|859,504|859,1,859,data_2000_4_1.5_chordal,global_val_client_task,val,cycle6,35,,,,,,,,,,2000,113.0,347.0,1525.0,15.0,0.24565217391304348,0.8828125,0.38435372710227966,0.38435372710227966,0.38435372710227966,128.0,0.06400000303983688
fedavg,fedavg,504|859,504|859,1,all,all,global_val_mean,val,,35,,,0.31392364370822906,0.9544000000000001,0.8409999907016754,0.8595567754749868,0.8245212733745575,0.8245212733745575,0.8245212733745575,4000,,,,,,,,,,,
fedavg,fedavg,504|859,504|859,1,504,data_2000_3_11_chordal,train_epoch,train,,36,1.0,0.09685411125735846,,,,,,,,2000,,,,,,,,,,,
fedavg,fedavg,504|859,504|859,1,504,data_2000_3_11_chordal,train_epoch,train,,36,2.0,0.11023896759748458,,,,,,,,2000,,,,,,,,,,,
fedavg,fedavg,504|859,504|859,1,504,data_2000_3_11_chordal,train_epoch,train,,36,3.0,0.12051884126663208,,,,,,,,2000,,,,,,,,,,,
fedavg,fedavg,504|859,504|859,1,504,data_2000_3_11_chordal,train_epoch,train,,36,4.0,0.08482603804394603,,,,,,,,2000,,,,,,,,,,,
fedavg,fedavg,504|859,504|859,1,504,data_2000_3_11_chordal,train_epoch,train,,36,5.0,0.1065224711894989,,,,,,,,2000,,,,,,,,,,,
fedavg,fedavg,504|859,504|859,1,504,data_2000_3_11_chordal,train_epoch,train,,36,6.0,0.10371563564240932,,,,,,,,2000,,,,,,,,,,,
fedavg,fedavg,504|859,504|859,1,504,data_2000_3_11_chordal,train_epoch,train,,36,7.0,0.07412914257496596,,,,,,,,2000,,,,,,,,,,,
fedavg,fedavg,504|859,504|859,1,504,data_2000_3_11_chordal,train_epoch,train,,36,8.0,0.10096936559677124,,,,,,,,2000,,,,,,,,,,,
fedavg,fedavg,504|859,504|859,1,504,data_2000_3_11_chordal,train_epoch,train,,36,9.0,0.09278137259185314,,,,,,,,2000,,,,,,,,,,,
fedavg,fedavg,504|859,504|859,1,504,data_2000_3_11_chordal,train_epoch,train,,36,10.0,0.09842545326799154,,,,,,,,2000,,,,,,,,,,,
fedavg,fedavg,504|859,504|859,1,504,data_2000_3_11_chordal,val_epoch,val,,36,,,0.18142881762981414,0.9753,0.9049999713897705,0.8500303582270796,0.8677816390991211,0.8677816390991211,0.8677816390991211,2000,,,,,,,,,,,
fedavg,fedavg,504|859,504|859,1,504,data_2000_3_11_chordal,val_epoch_task,val,cycle2,36,,,,,,,,,,2000,82.0,5.0,1913.0,0.0,0.9425287356321839,1.0,0.9704142212867737,0.9704142212867737,0.9704142212867737,82.0,0.04100000113248825
fedavg,fedavg,504|859,504|859,1,504,data_2000_3_11_chordal,val_epoch_task,val,cycle3,36,,,,,,,,,,2000,127.0,29.0,1843.0,1.0,0.8141025641025641,0.9921875,0.8943662047386169,0.8943662047386169,0.8943662047386169,128.0,0.06400000303983688
fedavg,fedavg,504|859,504|859,1,504,data_2000_3_11_chordal,val_epoch_task,val,cycle4,36,,,,,,,,,,2000,155.0,42.0,1801.0,2.0,0.7868020304568528,0.9872611464968153,0.8757062554359436,0.8757062554359436,0.8757062554359436,157.0,0.07850000262260437
fedavg,fedavg,504|859,504|859,1,504,data_2000_3_11_chordal,val_epoch_task,val,cycle5,36,,,,,,,,,,2000,182.0,57.0,1756.0,5.0,0.7615062761506276,0.9732620320855615,0.8544601202011108,0.8544601202011108,0.8544601202011108,187.0,0.09350000321865082
fedavg,fedavg,504|859,504|859,1,504,data_2000_3_11_chordal,val_epoch_task,val,cycle6,36,,,,,,,,,,2000,154.0,77.0,1740.0,29.0,0.6666666666666666,0.8415300546448088,0.7439613342285156,0.7439613342285156,0.7439613342285156,183.0,0.09149999916553497
fedavg,fedavg,504|859,504|859,1,859,data_2000_4_1.5_chordal,train_epoch,train,,36,1.0,0.09890237420797349,,,,,,,,2000,,,,,,,,,,,
fedavg,fedavg,504|859,504|859,1,859,data_2000_4_1.5_chordal,train_epoch,train,,36,2.0,0.09076809653639793,,,,,,,,2000,,,,,,,,,,,
fedavg,fedavg,504|859,504|859,1,859,data_2000_4_1.5_chordal,train_epoch,train,,36,3.0,0.0786447797268629,,,,,,,,2000,,,,,,,,,,,
fedavg,fedavg,504|859,504|859,1,859,data_2000_4_1.5_chordal,train_epoch,train,,36,4.0,0.07070491709187626,,,,,,,,2000,,,,,,,,,,,
fedavg,fedavg,504|859,504|859,1,859,data_2000_4_1.5_chordal,train_epoch,train,,36,5.0,0.07993880701065063,,,,,,,,2000,,,,,,,,,,,
fedavg,fedavg,504|859,504|859,1,859,data_2000_4_1.5_chordal,train_epoch,train,,36,6.0,0.0715756661593914,,,,,,,,2000,,,,,,,,,,,
fedavg,fedavg,504|859,504|859,1,859,data_2000_4_1.5_chordal,train_epoch,train,,36,7.0,0.05520504223555327,,,,,,,,2000,,,,,,,,,,,
fedavg,fedavg,504|859,504|859,1,859,data_2000_4_1.5_chordal,train_epoch,train,,36,8.0,0.0733514066040516,,,,,,,,2000,,,,,,,,,,,
fedavg,fedavg,504|859,504|859,1,859,data_2000_4_1.5_chordal,train_epoch,train,,36,9.0,0.08040789148211479,,,,,,,,2000,,,,,,,,,,,
fedavg,fedavg,504|859,504|859,1,859,data_2000_4_1.5_chordal,train_epoch,train,,36,10.0,0.07353218644857407,,,,,,,,2000,,,,,,,,,,,
fedavg,fedavg,504|859,504|859,1,859,data_2000_4_1.5_chordal,val_epoch,val,,36,,,0.6204865122437477,0.9628,0.8519999980926514,0.9219798657718121,0.8200833201408386,0.8200833201408386,0.8200833201408386,2000,,,,,,,,,,,
fedavg,fedavg,504|859,504|859,1,859,data_2000_4_1.5_chordal,val_epoch_task,val,cycle2,36,,,,,,,,,,2000,861.0,6.0,1132.0,1.0,0.9930795847750865,0.9988399071925754,0.9959514737129211,0.9959514737129211,0.9959514737129211,862.0,0.4309999942779541
fedavg,fedavg,504|859,504|859,1,859,data_2000_4_1.5_chordal,val_epoch_task,val,cycle3,36,,,,,,,,,,2000,685.0,11.0,1298.0,6.0,0.9841954022988506,0.9913169319826338,0.9877433180809021,0.9877433180809021,0.9877433180809021,691.0,0.34549999237060547
fedavg,fedavg,504|859,504|859,1,859,data_2000_4_1.5_chordal,val_epoch_task,val,cycle4,36,,,,,,,,,,2000,379.0,58.0,1551.0,12.0,0.8672768878718535,0.969309462915601,0.9154589176177979,0.9154589176177979,0.9154589176177979,391.0,0.19550000131130219
fedavg,fedavg,504|859,504|859,1,859,data_2000_4_1.5_chordal,val_epoch_task,val,cycle5,36,,,,,,,,,,2000,216.0,93.0,1671.0,20.0,0.6990291262135923,0.9152542372881356,0.7926605939865112,0.7926605939865112,0.7926605939865112,236.0,0.11800000071525574
fedavg,fedavg,504|859,504|859,1,859,data_2000_4_1.5_chordal,val_epoch_task,val,cycle6,36,,,,,,,,,,2000,57.0,94.0,1778.0,71.0,0.37748344370860926,0.4453125,0.40860214829444885,0.40860214829444885,0.40860214829444885,128.0,0.06400000303983688
fedavg,fedavg,504|859,504|859,1,504,data_2000_3_11_chordal,global_val_client,val,,36,,,0.34090034671127795,0.9751,0.9035000205039978,0.8400770712909441,0.8524025678634644,0.8524025678634644,0.8524025678634644,2000,,,,,,,,,,,
fedavg,fedavg,504|859,504|859,1,504,data_2000_3_11_chordal,global_val_client_task,val,cycle2,36,,,,,,,,,,2000,82.0,12.0,1906.0,0.0,0.8723404255319149,1.0,0.9318181872367859,0.9318181872367859,0.9318181872367859,82.0,0.04100000113248825
fedavg,fedavg,504|859,504|859,1,504,data_2000_3_11_chordal,global_val_client_task,val,cycle3,36,,,,,,,,,,2000,128.0,17.0,1855.0,0.0,0.8827586206896552,1.0,0.9377289414405823,0.9377289414405823,0.9377289414405823,128.0,0.06400000303983688
fedavg,fedavg,504|859,504|859,1,504,data_2000_3_11_chordal,global_val_client_task,val,cycle4,36,,,,,,,,,,2000,152.0,32.0,1811.0,5.0,0.8260869565217391,0.9681528662420382,0.8914956450462341,0.8914956450462341,0.8914956450462341,157.0,0.07850000262260437
fedavg,fedavg,504|859,504|859,1,504,data_2000_3_11_chordal,global_val_client_task,val,cycle5,36,,,,,,,,,,2000,181.0,68.0,1745.0,6.0,0.7269076305220884,0.9679144385026738,0.8302751779556274,0.8302751779556274,0.8302751779556274,187.0,0.09350000321865082
fedavg,fedavg,504|859,504|859,1,504,data_2000_3_11_chordal,global_val_client_task,val,cycle6,36,,,,,,,,,,2000,111.0,37.0,1780.0,72.0,0.75,0.6065573770491803,0.670694887638092,0.670694887638092,0.670694887638092,183.0,0.09149999916553497
fedavg,fedavg,504|859,504|859,1,859,data_2000_4_1.5_chordal,global_val_client,val,,36,,,0.3384741103649139,0.9548,0.8305000066757202,0.9085760517799354,0.8231837153434753,0.8231837153434753,0.8231837153434753,2000,,,,,,,,,,,
fedavg,fedavg,504|859,504|859,1,859,data_2000_4_1.5_chordal,global_val_client_task,val,cycle2,36,,,,,,,,,,2000,862.0,7.0,1131.0,0.0,0.9919447640966629,1.0,0.9959561228752136,0.9959561228752136,0.9959561228752136,862.0,0.4309999942779541
fedavg,fedavg,504|859,504|859,1,859,data_2000_4_1.5_chordal,global_val_client_task,val,cycle3,36,,,,,,,,,,2000,691.0,39.0,1270.0,0.0,0.9465753424657535,1.0,0.9725545048713684,0.9725545048713684,0.9725545048713684,691.0,0.34549999237060547
fedavg,fedavg,504|859,504|859,1,859,data_2000_4_1.5_chordal,global_val_client_task,val,cycle4,36,,,,,,,,,,2000,384.0,76.0,1533.0,7.0,0.8347826086956521,0.9820971867007673,0.9024677276611328,0.9024677276611328,0.9024677276611328,391.0,0.19550000131130219
fedavg,fedavg,504|859,504|859,1,859,data_2000_4_1.5_chordal,global_val_client_task,val,cycle5,36,,,,,,,,,,2000,225.0,148.0,1616.0,11.0,0.6032171581769437,0.9533898305084746,0.738916277885437,0.738916277885437,0.738916277885437,236.0,0.11800000071525574
fedavg,fedavg,504|859,504|859,1,859,data_2000_4_1.5_chordal,global_val_client_task,val,cycle6,36,,,,,,,,,,2000,84.0,120.0,1752.0,44.0,0.4117647058823529,0.65625,0.5060240626335144,0.5060240626335144,0.5060240626335144,128.0,0.06400000303983688
fedavg,fedavg,504|859,504|859,1,all,all,global_val_mean,val,,36,,,0.33968722853809596,0.9649500000000001,0.867000013589859,0.8743265615354398,0.8377931416034698,0.8377931416034698,0.8377931416034698,4000,,,,,,,,,,,
fedavg,fedavg,504|859,504|859,1,504,data_2000_3_11_chordal,train_epoch,train,,37,1.0,0.10630111426115035,,,,,,,,2000,,,,,,,,,,,
fedavg,fedavg,504|859,504|859,1,504,data_2000_3_11_chordal,train_epoch,train,,37,2.0,0.1035240071862936,,,,,,,,2000,,,,,,,,,,,
fedavg,fedavg,504|859,504|859,1,504,data_2000_3_11_chordal,train_epoch,train,,37,3.0,0.0897164614610374,,,,,,,,2000,,,,,,,,,,,
fedavg,fedavg,504|859,504|859,1,504,data_2000_3_11_chordal,train_epoch,train,,37,4.0,0.10361533218622207,,,,,,,,2000,,,,,,,,,,,
fedavg,fedavg,504|859,504|859,1,504,data_2000_3_11_chordal,train_epoch,train,,37,5.0,0.09451784163713456,,,,,,,,2000,,,,,,,,,,,
fedavg,fedavg,504|859,504|859,1,504,data_2000_3_11_chordal,train_epoch,train,,37,6.0,0.1030518065681681,,,,,,,,2000,,,,,,,,,,,
fedavg,fedavg,504|859,504|859,1,504,data_2000_3_11_chordal,train_epoch,train,,37,7.0,0.09057764384150505,,,,,,,,2000,,,,,,,,,,,
fedavg,fedavg,504|859,504|859,1,504,data_2000_3_11_chordal,train_epoch,train,,37,8.0,0.10839660465717316,,,,,,,,2000,,,,,,,,,,,
fedavg,fedavg,504|859,504|859,1,504,data_2000_3_11_chordal,train_epoch,train,,37,9.0,0.07709015468508006,,,,,,,,2000,,,,,,,,,,,
fedavg,fedavg,504|859,504|859,1,504,data_2000_3_11_chordal,train_epoch,train,,37,10.0,0.07548577126860619,,,,,,,,2000,,,,,,,,,,,
fedavg,fedavg,504|859,504|859,1,504,data_2000_3_11_chordal,val_epoch,val,,37,,,0.20340019750595092,0.9769,0.9020000100135803,0.8571428571428571,0.880515456199646,0.880515456199646,0.880515456199646,2000,,,,,,,,,,,
fedavg,fedavg,504|859,504|859,1,504,data_2000_3_11_chordal,val_epoch_task,val,cycle2,37,,,,,,,,,,2000,82.0,6.0,1912.0,0.0,0.9318181818181818,1.0,0.9647058844566345,0.9647058844566345,0.9647058844566345,82.0,0.04100000113248825
fedavg,fedavg,504|859,504|859,1,504,data_2000_3_11_chordal,val_epoch_task,val,cycle3,37,,,,,,,,,,2000,128.0,16.0,1856.0,0.0,0.8888888888888888,1.0,0.9411765336990356,0.9411765336990356,0.9411765336990356,128.0,0.06400000303983688
fedavg,fedavg,504|859,504|859,1,504,data_2000_3_11_chordal,val_epoch_task,val,cycle4,37,,,,,,,,,,2000,155.0,23.0,1820.0,2.0,0.8707865168539326,0.9872611464968153,0.9253731369972229,0.9253731369972229,0.9253731369972229,157.0,0.07850000262260437
fedavg,fedavg,504|859,504|859,1,504,data_2000_3_11_chordal,val_epoch_task,val,cycle5,37,,,,,,,,,,2000,180.0,35.0,1778.0,7.0,0.8372093023255814,0.9625668449197861,0.8955223560333252,0.8955223560333252,0.8955223560333252,187.0,0.09350000321865082
fedavg,fedavg,504|859,504|859,1,504,data_2000_3_11_chordal,val_epoch_task,val,cycle6,37,,,,,,,,,,2000,148.0,107.0,1710.0,35.0,0.5803921568627451,0.8087431693989071,0.6757991313934326,0.6757991313934326,0.6757991313934326,183.0,0.09149999916553497
fedavg,fedavg,504|859,504|859,1,859,data_2000_4_1.5_chordal,train_epoch,train,,37,1.0,0.08598008021712303,,,,,,,,2000,,,,,,,,,,,
fedavg,fedavg,504|859,504|859,1,859,data_2000_4_1.5_chordal,train_epoch,train,,37,2.0,0.08441348579525948,,,,,,,,2000,,,,,,,,,,,
fedavg,fedavg,504|859,504|859,1,859,data_2000_4_1.5_chordal,train_epoch,train,,37,3.0,0.08499921914935112,,,,,,,,2000,,,,,,,,,,,
fedavg,fedavg,504|859,504|859,1,859,data_2000_4_1.5_chordal,train_epoch,train,,37,4.0,0.08614546377584338,,,,,,,,2000,,,,,,,,,,,
fedavg,fedavg,504|859,504|859,1,859,data_2000_4_1.5_chordal,train_epoch,train,,37,5.0,0.06753448295593262,,,,,,,,2000,,,,,,,,,,,
fedavg,fedavg,504|859,504|859,1,859,data_2000_4_1.5_chordal,train_epoch,train,,37,6.0,0.07598533135652542,,,,,,,,2000,,,,,,,,,,,
fedavg,fedavg,504|859,504|859,1,859,data_2000_4_1.5_chordal,train_epoch,train,,37,7.0,0.06531757982075215,,,,,,,,2000,,,,,,,,,,,
fedavg,fedavg,504|859,504|859,1,859,data_2000_4_1.5_chordal,train_epoch,train,,37,8.0,0.07499973218142986,,,,,,,,2000,,,,,,,,,,,
fedavg,fedavg,504|859,504|859,1,859,data_2000_4_1.5_chordal,train_epoch,train,,37,9.0,0.06793499983474613,,,,,,,,2000,,,,,,,,,,,
fedavg,fedavg,504|859,504|859,1,859,data_2000_4_1.5_chordal,train_epoch,train,,37,10.0,0.07809825502336025,,,,,,,,2000,,,,,,,,,,,
fedavg,fedavg,504|859,504|859,1,859,data_2000_4_1.5_chordal,val_epoch,val,,37,,,0.5539075334072113,0.957,0.8429999947547913,0.9098910310142498,0.8178985714912415,0.8178985714912415,0.8178985714912415,2000,,,,,,,,,,,
fedavg,fedavg,504|859,504|859,1,859,data_2000_4_1.5_chordal,val_epoch_task,val,cycle2,37,,,,,,,,,,2000,862.0,10.0,1128.0,0.0,0.9885321100917431,1.0,0.9942330121994019,0.9942330121994019,0.9942330121994019,862.0,0.4309999942779541
fedavg,fedavg,504|859,504|859,1,859,data_2000_4_1.5_chordal,val_epoch_task,val,cycle3,37,,,,,,,,,,2000,677.0,13.0,1296.0,14.0,0.981159420289855,0.9797395079594791,0.9804489612579346,0.9804489612579346,0.9804489612579346,691.0,0.34549999237060547
fedavg,fedavg,504|859,504|859,1,859,data_2000_4_1.5_chordal,val_epoch_task,val,cycle4,37,,,,,,,,,,2000,349.0,20.0,1589.0,42.0,0.94579945799458,0.8925831202046036,0.9184210896492004,0.9184210896492004,0.9184210896492004,391.0,0.19550000131130219
fedavg,fedavg,504|859,504|859,1,859,data_2000_4_1.5_chordal,val_epoch_task,val,cycle5,37,,,,,,,,,,2000,207.0,84.0,1680.0,29.0,0.711340206185567,0.8771186440677966,0.7855787873268127,0.7855787873268127,0.7855787873268127,236.0,0.11800000071525574
fedavg,fedavg,504|859,504|859,1,859,data_2000_4_1.5_chordal,val_epoch_task,val,cycle6,37,,,,,,,,,,2000,76.0,166.0,1706.0,52.0,0.3140495867768595,0.59375,0.41081082820892334,0.41081082820892334,0.41081082820892334,128.0,0.06400000303983688
fedavg,fedavg,504|859,504|859,1,504,data_2000_3_11_chordal,global_val_client,val,,37,,,0.43092921310663224,0.9776,0.9075000286102295,0.8494623655913979,0.8591461181640625,0.8591461181640625,0.8591461181640625,2000,,,,,,,,,,,
fedavg,fedavg,504|859,504|859,1,504,data_2000_3_11_chordal,global_val_client_task,val,cycle2,37,,,,,,,,,,2000,82.0,7.0,1911.0,0.0,0.9213483146067416,1.0,0.9590643644332886,0.9590643644332886,0.9590643644332886,82.0,0.04100000113248825
fedavg,fedavg,504|859,504|859,1,504,data_2000_3_11_chordal,global_val_client_task,val,cycle3,37,,,,,,,,,,2000,128.0,14.0,1858.0,0.0,0.9014084507042254,1.0,0.9481481313705444,0.9481481313705444,0.9481481313705444,128.0,0.06400000303983688
fedavg,fedavg,504|859,504|859,1,504,data_2000_3_11_chordal,global_val_client_task,val,cycle4,37,,,,,,,,,,2000,155.0,19.0,1824.0,2.0,0.8908045977011494,0.9872611464968153,0.9365558624267578,0.9365558624267578,0.9365558624267578,157.0,0.07850000262260437
fedavg,fedavg,504|859,504|859,1,504,data_2000_3_11_chordal,global_val_client_task,val,cycle5,37,,,,,,,,,,2000,179.0,34.0,1779.0,8.0,0.8403755868544601,0.9572192513368984,0.8950000405311584,0.8950000405311584,0.8950000405311584,187.0,0.09350000321865082
fedavg,fedavg,504|859,504|859,1,504,data_2000_3_11_chordal,global_val_client_task,val,cycle6,37,,,,,,,,,,2000,88.0,45.0,1772.0,95.0,0.6616541353383458,0.4808743169398907,0.5569620728492737,0.5569620728492737,0.5569620728492737,183.0,0.09149999916553497
fedavg,fedavg,504|859,504|859,1,859,data_2000_4_1.5_chordal,global_val_client,val,,37,,,0.31574637269973754,0.96,0.8514999747276306,0.9181334424887433,0.8327594995498657,0.8327594995498657,0.8327594995498657,2000,,,,,,,,,,,
fedavg,fedavg,504|859,504|859,1,859,data_2000_4_1.5_chordal,global_val_client_task,val,cycle2,37,,,,,,,,,,2000,862.0,3.0,1135.0,0.0,0.9965317919075144,1.0,0.998262882232666,0.998262882232666,0.998262882232666,862.0,0.4309999942779541
fedavg,fedavg,504|859,504|859,1,859,data_2000_4_1.5_chordal,global_val_client_task,val,cycle3,37,,,,,,,,,,2000,691.0,18.0,1291.0,0.0,0.9746121297602257,1.0,0.9871428608894348,0.9871428608894348,0.9871428608894348,691.0,0.34549999237060547
fedavg,fedavg,504|859,504|859,1,859,data_2000_4_1.5_chordal,global_val_client_task,val,cycle4,37,,,,,,,,,,2000,383.0,40.0,1569.0,8.0,0.9054373522458629,0.979539641943734,0.9410319328308105,0.9410319328308105,0.9410319328308105,391.0,0.19550000131130219
fedavg,fedavg,504|859,504|859,1,859,data_2000_4_1.5_chordal,global_val_client_task,val,cycle5,37,,,,,,,,,,2000,219.0,122.0,1642.0,17.0,0.6422287390029325,0.9279661016949152,0.7590988278388977,0.7590988278388977,0.7590988278388977,236.0,0.11800000071525574
fedavg,fedavg,504|859,504|859,1,859,data_2000_4_1.5_chordal,global_val_client_task,val,cycle6,37,,,,,,,,,,2000,88.0,152.0,1720.0,40.0,0.36666666666666664,0.6875,0.47826087474823,0.47826087474823,0.47826087474823,128.0,0.06400000303983688
fedavg,fedavg,504|859,504|859,1,all,all,global_val_mean,val,,37,,,0.3733377929031849,0.9688,0.87950000166893,0.8837979040400705,0.8459528088569641,0.8459528088569641,0.8459528088569641,4000,,,,,,,,,,,
fedavg,fedavg,504|859,504|859,1,504,data_2000_3_11_chordal,train_epoch,train,,38,1.0,0.11168594486266374,,,,,,,,2000,,,,,,,,,,,
fedavg,fedavg,504|859,504|859,1,504,data_2000_3_11_chordal,train_epoch,train,,38,2.0,0.08751499311625957,,,,,,,,2000,,,,,,,,,,,
fedavg,fedavg,504|859,504|859,1,504,data_2000_3_11_chordal,train_epoch,train,,38,3.0,0.09247044309973716,,,,,,,,2000,,,,,,,,,,,
fedavg,fedavg,504|859,504|859,1,504,data_2000_3_11_chordal,train_epoch,train,,38,4.0,0.13539635559543967,,,,,,,,2000,,,,,,,,,,,
fedavg,fedavg,504|859,504|859,1,504,data_2000_3_11_chordal,train_epoch,train,,38,5.0,0.1111186528801918,,,,,,,,2000,,,,,,,,,,,
fedavg,fedavg,504|859,504|859,1,504,data_2000_3_11_chordal,train_epoch,train,,38,6.0,0.08725261380523443,,,,,,,,2000,,,,,,,,,,,
fedavg,fedavg,504|859,504|859,1,504,data_2000_3_11_chordal,train_epoch,train,,38,7.0,0.08205577740818262,,,,,,,,2000,,,,,,,,,,,
fedavg,fedavg,504|859,504|859,1,504,data_2000_3_11_chordal,train_epoch,train,,38,8.0,0.10384285780787468,,,,,,,,2000,,,,,,,,,,,
fedavg,fedavg,504|859,504|859,1,504,data_2000_3_11_chordal,train_epoch,train,,38,9.0,0.10267623171210288,,,,,,,,2000,,,,,,,,,,,
fedavg,fedavg,504|859,504|859,1,504,data_2000_3_11_chordal,train_epoch,train,,38,10.0,0.07051137652993202,,,,,,,,2000,,,,,,,,,,,
fedavg,fedavg,504|859,504|859,1,504,data_2000_3_11_chordal,val_epoch,val,,38,,,0.19989127641916274,0.9806,0.9200000166893005,0.8770595690747782,0.8923057317733765,0.8923057317733765,0.8923057317733765,2000,,,,,,,,,,,
fedavg,fedavg,504|859,504|859,1,504,data_2000_3_11_chordal,val_epoch_task,val,cycle2,38,,,,,,,,,,2000,82.0,7.0,1911.0,0.0,0.9213483146067416,1.0,0.9590643644332886,0.9590643644332886,0.9590643644332886,82.0,0.04100000113248825
fedavg,fedavg,504|859,504|859,1,504,data_2000_3_11_chordal,val_epoch_task,val,cycle3,38,,,,,,,,,,2000,128.0,17.0,1855.0,0.0,0.8827586206896552,1.0,0.9377289414405823,0.9377289414405823,0.9377289414405823,128.0,0.06400000303983688
fedavg,fedavg,504|859,504|859,1,504,data_2000_3_11_chordal,val_epoch_task,val,cycle4,38,,,,,,,,,,2000,155.0,25.0,1818.0,2.0,0.8611111111111112,0.9872611464968153,0.9198813438415527,0.9198813438415527,0.9198813438415527,157.0,0.07850000262260437
fedavg,fedavg,504|859,504|859,1,504,data_2000_3_11_chordal,val_epoch_task,val,cycle5,38,,,,,,,,,,2000,180.0,24.0,1789.0,7.0,0.8823529411764706,0.9625668449197861,0.9207161068916321,0.9207161068916321,0.9207161068916321,187.0,0.09350000321865082
fedavg,fedavg,504|859,504|859,1,504,data_2000_3_11_chordal,val_epoch_task,val,cycle6,38,,,,,,,,,,2000,147.0,76.0,1741.0,36.0,0.6591928251121076,0.8032786885245902,0.7241379022598267,0.7241379022598267,0.7241379022598267,183.0,0.09149999916553497
fedavg,fedavg,504|859,504|859,1,859,data_2000_4_1.5_chordal,train_epoch,train,,38,1.0,0.07961191880702972,,,,,,,,2000,,,,,,,,,,,
fedavg,fedavg,504|859,504|859,1,859,data_2000_4_1.5_chordal,train_epoch,train,,38,2.0,0.09238562224805355,,,,,,,,2000,,,,,,,,,,,
fedavg,fedavg,504|859,504|859,1,859,data_2000_4_1.5_chordal,train_epoch,train,,38,3.0,0.06093975329399109,,,,,,,,2000,,,,,,,,,,,
fedavg,fedavg,504|859,504|859,1,859,data_2000_4_1.5_chordal,train_epoch,train,,38,4.0,0.06396168400347232,,,,,,,,2000,,,,,,,,,,,
fedavg,fedavg,504|859,504|859,1,859,data_2000_4_1.5_chordal,train_epoch,train,,38,5.0,0.05572933306545019,,,,,,,,2000,,,,,,,,,,,
fedavg,fedavg,504|859,504|859,1,859,data_2000_4_1.5_chordal,train_epoch,train,,38,6.0,0.07191532815992832,,,,,,,,2000,,,,,,,,,,,
fedavg,fedavg,504|859,504|859,1,859,data_2000_4_1.5_chordal,train_epoch,train,,38,7.0,0.08536323979496956,,,,,,,,2000,,,,,,,,,,,
fedavg,fedavg,504|859,504|859,1,859,data_2000_4_1.5_chordal,train_epoch,train,,38,8.0,0.11442780011892319,,,,,,,,2000,,,,,,,,,,,
fedavg,fedavg,504|859,504|859,1,859,data_2000_4_1.5_chordal,train_epoch,train,,38,9.0,0.06812297364324331,,,,,,,,2000,,,,,,,,,,,
fedavg,fedavg,504|859,504|859,1,859,data_2000_4_1.5_chordal,train_epoch,train,,38,10.0,0.05768464098870754,,,,,,,,2000,,,,,,,,,,,
fedavg,fedavg,504|859,504|859,1,859,data_2000_4_1.5_chordal,val_epoch,val,,38,,,0.9370795719623566,0.9651,0.8604999780654907,0.9248654467169,0.7960144877433777,0.7960144877433777,0.7960144877433777,2000,,,,,,,,,,,
fedavg,fedavg,504|859,504|859,1,859,data_2000_4_1.5_chordal,val_epoch_task,val,cycle2,38,,,,,,,,,,2000,861.0,6.0,1132.0,1.0,0.9930795847750865,0.9988399071925754,0.9959514737129211,0.9959514737129211,0.9959514737129211,862.0,0.4309999942779541
fedavg,fedavg,504|859,504|859,1,859,data_2000_4_1.5_chordal,val_epoch_task,val,cycle3,38,,,,,,,,,,2000,683.0,9.0,1300.0,8.0,0.9869942196531792,0.9884225759768451,0.9877078533172607,0.9877078533172607,0.9877078533172607,691.0,0.34549999237060547
fedavg,fedavg,504|859,504|859,1,859,data_2000_4_1.5_chordal,val_epoch_task,val,cycle4,38,,,,,,,,,,2000,371.0,33.0,1576.0,20.0,0.9183168316831684,0.948849104859335,0.9333333373069763,0.9333333373069763,0.9333333373069763,391.0,0.19550000131130219
fedavg,fedavg,504|859,504|859,1,859,data_2000_4_1.5_chordal,val_epoch_task,val,cycle5,38,,,,,,,,,,2000,202.0,75.0,1689.0,34.0,0.7292418772563177,0.8559322033898306,0.7875243425369263,0.7875243425369263,0.7875243425369263,236.0,0.11800000071525574
fedavg,fedavg,504|859,504|859,1,859,data_2000_4_1.5_chordal,val_epoch_task,val,cycle6,38,,,,,,,,,,2000,31.0,66.0,1806.0,97.0,0.31958762886597936,0.2421875,0.2755555510520935,0.2755555510520935,0.2755555510520935,128.0,0.06400000303983688
fedavg,fedavg,504|859,504|859,1,504,data_2000_3_11_chordal,global_val_client,val,,38,,,0.3278961349939927,0.982,0.9265000224113464,0.879032258064516,0.888524055480957,0.888524055480957,0.888524055480957,2000,,,,,,,,,,,
fedavg,fedavg,504|859,504|859,1,504,data_2000_3_11_chordal,global_val_client_task,val,cycle2,38,,,,,,,,,,2000,82.0,3.0,1915.0,0.0,0.9647058823529412,1.0,0.9820358753204346,0.9820358753204346,0.9820358753204346,82.0,0.04100000113248825
fedavg,fedavg,504|859,504|859,1,504,data_2000_3_11_chordal,global_val_client_task,val,cycle3,38,,,,,,,,,,2000,127.0,15.0,1857.0,1.0,0.8943661971830986,0.9921875,0.9407407641410828,0.9407407641410828,0.9407407641410828,128.0,0.06400000303983688
fedavg,fedavg,504|859,504|859,1,504,data_2000_3_11_chordal,global_val_client_task,val,cycle4,38,,,,,,,,,,2000,156.0,11.0,1832.0,1.0,0.9341317365269461,0.9936305732484076,0.9629630446434021,0.9629630446434021,0.9629630446434021,157.0,0.07850000262260437
fedavg,fedavg,504|859,504|859,1,504,data_2000_3_11_chordal,global_val_client_task,val,cycle5,38,,,,,,,,,,2000,186.0,39.0,1774.0,1.0,0.8266666666666667,0.9946524064171123,0.9029125571250916,0.9029125571250916,0.9029125571250916,187.0,0.09350000321865082
fedavg,fedavg,504|859,504|859,1,504,data_2000_3_11_chordal,global_val_client_task,val,cycle6,38,,,,,,,,,,2000,103.0,29.0,1788.0,80.0,0.7803030303030303,0.5628415300546448,0.6539682149887085,0.6539682149887085,0.6539682149887085,183.0,0.09149999916553497
fedavg,fedavg,504|859,504|859,1,859,data_2000_4_1.5_chordal,global_val_client,val,,38,,,0.37999125075340273,0.9641,0.8650000095367432,0.9250678355249425,0.8370966911315918,0.8370966911315918,0.8370966911315918,2000,,,,,,,,,,,
fedavg,fedavg,504|859,504|859,1,859,data_2000_4_1.5_chordal,global_val_client_task,val,cycle2,38,,,,,,,,,,2000,862.0,7.0,1131.0,0.0,0.9919447640966629,1.0,0.9959561228752136,0.9959561228752136,0.9959561228752136,862.0,0.4309999942779541
fedavg,fedavg,504|859,504|859,1,859,data_2000_4_1.5_chordal,global_val_client_task,val,cycle3,38,,,,,,,,,,2000,691.0,21.0,1288.0,0.0,0.9705056179775281,1.0,0.9850320816040039,0.9850320816040039,0.9850320816040039,691.0,0.34549999237060547
fedavg,fedavg,504|859,504|859,1,859,data_2000_4_1.5_chordal,global_val_client_task,val,cycle4,38,,,,,,,,,,2000,376.0,30.0,1579.0,15.0,0.9261083743842364,0.9616368286445013,0.9435383081436157,0.9435383081436157,0.9435383081436157,391.0,0.19550000131130219
fedavg,fedavg,504|859,504|859,1,859,data_2000_4_1.5_chordal,global_val_client_task,val,cycle5,38,,,,,,,,,,2000,211.0,115.0,1649.0,25.0,0.647239263803681,0.8940677966101694,0.7508897185325623,0.7508897185325623,0.7508897185325623,236.0,0.11800000071525574
fedavg,fedavg,504|859,504|859,1,859,data_2000_4_1.5_chordal,global_val_client_task,val,cycle6,38,,,,,,,,,,2000,76.0,94.0,1778.0,52.0,0.4470588235294118,0.59375,0.5100671052932739,0.5100671052932739,0.5100671052932739,128.0,0.06400000303983688
fedavg,fedavg,504|859,504|859,1,all,all,global_val_mean,val,,38,,,0.3539436928736977,0.97305,0.8957500159740448,0.9020500467947292,0.8628103733062744,0.8628103733062744,0.8628103733062744,4000,,,,,,,,,,,
fedavg,fedavg,504|859,504|859,1,504,data_2000_3_11_chordal,train_epoch,train,,39,1.0,0.09472729752771557,,,,,,,,2000,,,,,,,,,,,
fedavg,fedavg,504|859,504|859,1,504,data_2000_3_11_chordal,train_epoch,train,,39,2.0,0.10499317017197608,,,,,,,,2000,,,,,,,,,,,
fedavg,fedavg,504|859,504|859,1,504,data_2000_3_11_chordal,train_epoch,train,,39,3.0,0.12558839532732963,,,,,,,,2000,,,,,,,,,,,
fedavg,fedavg,504|859,504|859,1,504,data_2000_3_11_chordal,train_epoch,train,,39,4.0,0.08474094225466251,,,,,,,,2000,,,,,,,,,,,
fedavg,fedavg,504|859,504|859,1,504,data_2000_3_11_chordal,train_epoch,train,,39,5.0,0.08062147933244705,,,,,,,,2000,,,,,,,,,,,
fedavg,fedavg,504|859,504|859,1,504,data_2000_3_11_chordal,train_epoch,train,,39,6.0,0.09980205380916596,,,,,,,,2000,,,,,,,,,,,
fedavg,fedavg,504|859,504|859,1,504,data_2000_3_11_chordal,train_epoch,train,,39,7.0,0.07614835023880005,,,,,,,,2000,,,,,,,,,,,
fedavg,fedavg,504|859,504|859,1,504,data_2000_3_11_chordal,train_epoch,train,,39,8.0,0.05837463388964534,,,,,,,,2000,,,,,,,,,,,
fedavg,fedavg,504|859,504|859,1,504,data_2000_3_11_chordal,train_epoch,train,,39,9.0,0.0821830205079168,,,,,,,,2000,,,,,,,,,,,
fedavg,fedavg,504|859,504|859,1,504,data_2000_3_11_chordal,train_epoch,train,,39,10.0,0.07840194400958717,,,,,,,,2000,,,,,,,,,,,
fedavg,fedavg,504|859,504|859,1,504,data_2000_3_11_chordal,val_epoch,val,,39,,,0.1767631745710969,0.9659,0.8705000281333923,0.807887323943662,0.829858660697937,0.829858660697937,0.829858660697937,2000,,,,,,,,,,,
fedavg,fedavg,504|859,504|859,1,504,data_2000_3_11_chordal,val_epoch_task,val,cycle2,39,,,,,,,,,,2000,82.0,13.0,1905.0,0.0,0.8631578947368421,1.0,0.9265536665916443,0.9265536665916443,0.9265536665916443,82.0,0.04100000113248825
fedavg,fedavg,504|859,504|859,1,504,data_2000_3_11_chordal,val_epoch_task,val,cycle3,39,,,,,,,,,,2000,127.0,38.0,1834.0,1.0,0.7696969696969697,0.9921875,0.8668941855430603,0.8668941855430603,0.8668941855430603,128.0,0.06400000303983688
fedavg,fedavg,504|859,504|859,1,504,data_2000_3_11_chordal,val_epoch_task,val,cycle4,39,,,,,,,,,,2000,157.0,51.0,1792.0,0.0,0.7548076923076923,1.0,0.8602739572525024,0.8602739572525024,0.8602739572525024,157.0,0.07850000262260437
fedavg,fedavg,504|859,504|859,1,504,data_2000_3_11_chordal,val_epoch_task,val,cycle5,39,,,,,,,,,,2000,186.0,89.0,1724.0,1.0,0.6763636363636364,0.9946524064171123,0.8051948547363281,0.8051948547363281,0.8051948547363281,187.0,0.09350000321865082
fedavg,fedavg,504|859,504|859,1,504,data_2000_3_11_chordal,val_epoch_task,val,cycle6,39,,,,,,,,,,2000,165.0,130.0,1687.0,18.0,0.559322033898305,0.9016393442622951,0.6903766393661499,0.6903766393661499,0.6903766393661499,183.0,0.09149999916553497
fedavg,fedavg,504|859,504|859,1,859,data_2000_4_1.5_chordal,train_epoch,train,,39,1.0,0.0834848683476448,,,,,,,,2000,,,,,,,,,,,
fedavg,fedavg,504|859,504|859,1,859,data_2000_4_1.5_chordal,train_epoch,train,,39,2.0,0.05379961090162397,,,,,,,,2000,,,,,,,,,,,
fedavg,fedavg,504|859,504|859,1,859,data_2000_4_1.5_chordal,train_epoch,train,,39,3.0,0.06612272727489471,,,,,,,,2000,,,,,,,,,,,
fedavg,fedavg,504|859,504|859,1,859,data_2000_4_1.5_chordal,train_epoch,train,,39,4.0,0.05856795363128185,,,,,,,,2000,,,,,,,,,,,
fedavg,fedavg,504|859,504|859,1,859,data_2000_4_1.5_chordal,train_epoch,train,,39,5.0,0.08538787931203842,,,,,,,,2000,,,,,,,,,,,
fedavg,fedavg,504|859,504|859,1,859,data_2000_4_1.5_chordal,train_epoch,train,,39,6.0,0.086397354722023,,,,,,,,2000,,,,,,,,,,,
fedavg,fedavg,504|859,504|859,1,859,data_2000_4_1.5_chordal,train_epoch,train,,39,7.0,0.07516597432270646,,,,,,,,2000,,,,,,,,,,,
fedavg,fedavg,504|859,504|859,1,859,data_2000_4_1.5_chordal,train_epoch,train,,39,8.0,0.05699936845898628,,,,,,,,2000,,,,,,,,,,,
fedavg,fedavg,504|859,504|859,1,859,data_2000_4_1.5_chordal,train_epoch,train,,39,9.0,0.07364372164011002,,,,,,,,2000,,,,,,,,,,,
fedavg,fedavg,504|859,504|859,1,859,data_2000_4_1.5_chordal,train_epoch,train,,39,10.0,0.08772857755422592,,,,,,,,2000,,,,,,,,,,,
fedavg,fedavg,504|859,504|859,1,859,data_2000_4_1.5_chordal,val_epoch,val,,39,,,0.5902598291635514,0.9624,0.8519999980926514,0.9212070410729254,0.8278648257255554,0.8278648257255554,0.8278648257255554,2000,,,,,,,,,,,
fedavg,fedavg,504|859,504|859,1,859,data_2000_4_1.5_chordal,val_epoch_task,val,cycle2,39,,,,,,,,,,2000,861.0,2.0,1136.0,1.0,0.9976825028968713,0.9988399071925754,0.9982608556747437,0.9982608556747437,0.9982608556747437,862.0,0.4309999942779541
fedavg,fedavg,504|859,504|859,1,859,data_2000_4_1.5_chordal,val_epoch_task,val,cycle3,39,,,,,,,,,,2000,685.0,16.0,1293.0,6.0,0.9771754636233951,0.9913169319826338,0.9841954112052917,0.9841954112052917,0.9841954112052917,691.0,0.34549999237060547
fedavg,fedavg,504|859,504|859,1,859,data_2000_4_1.5_chordal,val_epoch_task,val,cycle4,39,,,,,,,,,,2000,377.0,38.0,1571.0,14.0,0.908433734939759,0.9641943734015346,0.9354838728904724,0.9354838728904724,0.9354838728904724,391.0,0.19550000131130219
fedavg,fedavg,504|859,504|859,1,859,data_2000_4_1.5_chordal,val_epoch_task,val,cycle5,39,,,,,,,,,,2000,202.0,78.0,1686.0,34.0,0.7214285714285714,0.8559322033898306,0.7829457521438599,0.7829457521438599,0.7829457521438599,236.0,0.11800000071525574
fedavg,fedavg,504|859,504|859,1,859,data_2000_4_1.5_chordal,val_epoch_task,val,cycle6,39,,,,,,,,,,2000,73.0,132.0,1740.0,55.0,0.35609756097560974,0.5703125,0.43843841552734375,0.43843841552734375,0.43843841552734375,128.0,0.06400000303983688
fedavg,fedavg,504|859,504|859,1,504,data_2000_3_11_chordal,global_val_client,val,,39,,,0.32069300483632834,0.9769,0.9035000205039978,0.8512556342562781,0.8673660159111023,0.8673660159111023,0.8673660159111023,2000,,,,,,,,,,,
fedavg,fedavg,504|859,504|859,1,504,data_2000_3_11_chordal,global_val_client_task,val,cycle2,39,,,,,,,,,,2000,82.0,6.0,1912.0,0.0,0.9318181818181818,1.0,0.9647058844566345,0.9647058844566345,0.9647058844566345,82.0,0.04100000113248825
fedavg,fedavg,504|859,504|859,1,504,data_2000_3_11_chordal,global_val_client_task,val,cycle3,39,,,,,,,,,,2000,128.0,16.0,1856.0,0.0,0.8888888888888888,1.0,0.9411765336990356,0.9411765336990356,0.9411765336990356,128.0,0.06400000303983688
fedavg,fedavg,504|859,504|859,1,504,data_2000_3_11_chordal,global_val_client_task,val,cycle4,39,,,,,,,,,,2000,153.0,22.0,1821.0,4.0,0.8742857142857143,0.9745222929936306,0.9216867089271545,0.9216867089271545,0.9216867089271545,157.0,0.07850000262260437
fedavg,fedavg,504|859,504|859,1,504,data_2000_3_11_chordal,global_val_client_task,val,cycle5,39,,,,,,,,,,2000,185.0,52.0,1761.0,2.0,0.7805907172995781,0.9893048128342246,0.8726415634155273,0.8726415634155273,0.8726415634155273,187.0,0.09350000321865082
fedavg,fedavg,504|859,504|859,1,504,data_2000_3_11_chordal,global_val_client_task,val,cycle6,39,,,,,,,,,,2000,113.0,59.0,1758.0,70.0,0.6569767441860465,0.6174863387978142,0.6366196870803833,0.6366196870803833,0.6366196870803833,183.0,0.09149999916553497
fedavg,fedavg,504|859,504|859,1,859,data_2000_4_1.5_chordal,global_val_client,val,,39,,,0.29383037257194516,0.9496,0.8224999904632568,0.8999603017070267,0.8173898458480835,0.8173898458480835,0.8173898458480835,2000,,,,,,,,,,,
fedavg,fedavg,504|859,504|859,1,859,data_2000_4_1.5_chordal,global_val_client_task,val,cycle2,39,,,,,,,,,,2000,862.0,8.0,1130.0,0.0,0.9908045977011494,1.0,0.9953810572624207,0.9953810572624207,0.9953810572624207,862.0,0.4309999942779541
fedavg,fedavg,504|859,504|859,1,859,data_2000_4_1.5_chordal,global_val_client_task,val,cycle3,39,,,,,,,,,,2000,690.0,13.0,1296.0,1.0,0.9815078236130867,0.9985528219971056,0.9899569749832153,0.9899569749832153,0.9899569749832153,691.0,0.34549999237060547
fedavg,fedavg,504|859,504|859,1,859,data_2000_4_1.5_chordal,global_val_client_task,val,cycle4,39,,,,,,,,,,2000,385.0,68.0,1541.0,6.0,0.8498896247240618,0.9846547314578005,0.9123222231864929,0.9123222231864929,0.9123222231864929,391.0,0.19550000131130219
fedavg,fedavg,504|859,504|859,1,859,data_2000_4_1.5_chordal,global_val_client_task,val,cycle5,39,,,,,,,,,,2000,228.0,170.0,1594.0,8.0,0.5728643216080402,0.9661016949152542,0.7192428708076477,0.7192428708076477,0.7192428708076477,236.0,0.11800000071525574
fedavg,fedavg,504|859,504|859,1,859,data_2000_4_1.5_chordal,global_val_client_task,val,cycle6,39,,,,,,,,,,2000,102.0,204.0,1668.0,26.0,0.3333333333333333,0.796875,0.4700460731983185,0.4700460731983185,0.4700460731983185,128.0,0.06400000303983688
fedavg,fedavg,504|859,504|859,1,all,all,global_val_mean,val,,39,,,0.3072616887041368,0.96325,0.8630000054836273,0.8756079679816524,0.8423779308795929,0.8423779308795929,0.8423779308795929,4000,,,,,,,,,,,
fedavg,fedavg,504|859,504|859,1,504,data_2000_3_11_chordal,train_epoch,train,,40,1.0,0.11972157832235097,,,,,,,,2000,,,,,,,,,,,
fedavg,fedavg,504|859,504|859,1,504,data_2000_3_11_chordal,train_epoch,train,,40,2.0,0.09156393306143581,,,,,,,,2000,,,,,,,,,,,
fedavg,fedavg,504|859,504|859,1,504,data_2000_3_11_chordal,train_epoch,train,,40,3.0,0.0695159301161766,,,,,,,,2000,,,,,,,,,,,
fedavg,fedavg,504|859,504|859,1,504,data_2000_3_11_chordal,train_epoch,train,,40,4.0,0.08868432879261673,,,,,,,,2000,,,,,,,,,,,
fedavg,fedavg,504|859,504|859,1,504,data_2000_3_11_chordal,train_epoch,train,,40,5.0,0.09064789091050625,,,,,,,,2000,,,,,,,,,,,
fedavg,fedavg,504|859,504|859,1,504,data_2000_3_11_chordal,train_epoch,train,,40,6.0,0.09624936520308257,,,,,,,,2000,,,,,,,,,,,
fedavg,fedavg,504|859,504|859,1,504,data_2000_3_11_chordal,train_epoch,train,,40,7.0,0.1218218042999506,,,,,,,,2000,,,,,,,,,,,
fedavg,fedavg,504|859,504|859,1,504,data_2000_3_11_chordal,train_epoch,train,,40,8.0,0.09247324481309624,,,,,,,,2000,,,,,,,,,,,
fedavg,fedavg,504|859,504|859,1,504,data_2000_3_11_chordal,train_epoch,train,,40,9.0,0.07839138577319682,,,,,,,,2000,,,,,,,,,,,
fedavg,fedavg,504|859,504|859,1,504,data_2000_3_11_chordal,train_epoch,train,,40,10.0,0.07955208483338357,,,,,,,,2000,,,,,,,,,,,
fedavg,fedavg,504|859,504|859,1,504,data_2000_3_11_chordal,val_epoch,val,,40,,,0.15803607760369778,0.978,0.9139999747276306,0.8651960784313725,0.8818122744560242,0.8818122744560242,0.8818122744560242,2000,,,,,,,,,,,
fedavg,fedavg,504|859,504|859,1,504,data_2000_3_11_chordal,val_epoch_task,val,cycle2,40,,,,,,,,,,2000,82.0,13.0,1905.0,0.0,0.8631578947368421,1.0,0.9265536665916443,0.9265536665916443,0.9265536665916443,82.0,0.04100000113248825
fedavg,fedavg,504|859,504|859,1,504,data_2000_3_11_chordal,val_epoch_task,val,cycle3,40,,,,,,,,,,2000,126.0,4.0,1868.0,2.0,0.9692307692307692,0.984375,0.9767441749572754,0.9767441749572754,0.9767441749572754,128.0,0.06400000303983688
fedavg,fedavg,504|859,504|859,1,504,data_2000_3_11_chordal,val_epoch_task,val,cycle4,40,,,,,,,,,,2000,156.0,43.0,1800.0,1.0,0.7839195979899497,0.9936305732484076,0.8764044642448425,0.8764044642448425,0.8764044642448425,157.0,0.07850000262260437
fedavg,fedavg,504|859,504|859,1,504,data_2000_3_11_chordal,val_epoch_task,val,cycle5,40,,,,,,,,,,2000,184.0,42.0,1771.0,3.0,0.8141592920353983,0.983957219251337,0.8910412192344666,0.8910412192344666,0.8910412192344666,187.0,0.09350000321865082
fedavg,fedavg,504|859,504|859,1,504,data_2000_3_11_chordal,val_epoch_task,val,cycle6,40,,,,,,,,,,2000,158.0,87.0,1730.0,25.0,0.6448979591836734,0.8633879781420765,0.7383177280426025,0.7383177280426025,0.7383177280426025,183.0,0.09149999916553497
fedavg,fedavg,504|859,504|859,1,859,data_2000_4_1.5_chordal,train_epoch,train,,40,1.0,0.06299564291536808,,,,,,,,2000,,,,,,,,,,,
fedavg,fedavg,504|859,504|859,1,859,data_2000_4_1.5_chordal,train_epoch,train,,40,2.0,0.07759590716660023,,,,,,,,2000,,,,,,,,,,,
fedavg,fedavg,504|859,504|859,1,859,data_2000_4_1.5_chordal,train_epoch,train,,40,3.0,0.0814077765867114,,,,,,,,2000,,,,,,,,,,,
fedavg,fedavg,504|859,504|859,1,859,data_2000_4_1.5_chordal,train_epoch,train,,40,4.0,0.08833400225639343,,,,,,,,2000,,,,,,,,,,,
fedavg,fedavg,504|859,504|859,1,859,data_2000_4_1.5_chordal,train_epoch,train,,40,5.0,0.07461120766401291,,,,,,,,2000,,,,,,,,,,,
fedavg,fedavg,504|859,504|859,1,859,data_2000_4_1.5_chordal,train_epoch,train,,40,6.0,0.0803047508597374,,,,,,,,2000,,,,,,,,,,,
fedavg,fedavg,504|859,504|859,1,859,data_2000_4_1.5_chordal,train_epoch,train,,40,7.0,0.09566353893280029,,,,,,,,2000,,,,,,,,,,,
fedavg,fedavg,504|859,504|859,1,859,data_2000_4_1.5_chordal,train_epoch,train,,40,8.0,0.07959295403957367,,,,,,,,2000,,,,,,,,,,,
fedavg,fedavg,504|859,504|859,1,859,data_2000_4_1.5_chordal,train_epoch,train,,40,9.0,0.07104909566044808,,,,,,,,2000,,,,,,,,,,,
fedavg,fedavg,504|859,504|859,1,859,data_2000_4_1.5_chordal,train_epoch,train,,40,10.0,0.07552444171905517,,,,,,,,2000,,,,,,,,,,,
fedavg,fedavg,504|859,504|859,1,859,data_2000_4_1.5_chordal,val_epoch,val,,40,,,0.5712307649850845,0.9607,0.8510000109672546,0.9185492227979274,0.8233699798583984,0.8233699798583984,0.8233699798583984,2000,,,,,,,,,,,
fedavg,fedavg,504|859,504|859,1,859,data_2000_4_1.5_chordal,val_epoch_task,val,cycle2,40,,,,,,,,,,2000,862.0,6.0,1132.0,0.0,0.9930875576036866,1.0,0.9965317845344543,0.9965317845344543,0.9965317845344543,862.0,0.4309999942779541
fedavg,fedavg,504|859,504|859,1,859,data_2000_4_1.5_chordal,val_epoch_task,val,cycle3,40,,,,,,,,,,2000,683.0,15.0,1294.0,8.0,0.9785100286532952,0.9884225759768451,0.9834413528442383,0.9834413528442383,0.9834413528442383,691.0,0.34549999237060547
fedavg,fedavg,504|859,504|859,1,859,data_2000_4_1.5_chordal,val_epoch_task,val,cycle4,40,,,,,,,,,,2000,381.0,50.0,1559.0,10.0,0.8839907192575406,0.9744245524296675,0.9270073175430298,0.9270073175430298,0.9270073175430298,391.0,0.19550000131130219
fedavg,fedavg,504|859,504|859,1,859,data_2000_4_1.5_chordal,val_epoch_task,val,cycle5,40,,,,,,,,,,2000,223.0,102.0,1662.0,13.0,0.6861538461538461,0.9449152542372882,0.7950088977813721,0.7950088977813721,0.7950088977813721,236.0,0.11800000071525574
fedavg,fedavg,504|859,504|859,1,859,data_2000_4_1.5_chordal,val_epoch_task,val,cycle6,40,,,,,,,,,,2000,67.0,128.0,1744.0,61.0,0.3435897435897436,0.5234375,0.41486066579818726,0.41486066579818726,0.41486066579818726,128.0,0.06400000303983688
fedavg,fedavg,504|859,504|859,1,504,data_2000_3_11_chordal,global_val_client,val,,40,,,0.3714654215350747,0.9769,0.9075000286102295,0.8473231989424983,0.8576167821884155,0.8576167821884155,0.8576167821884155,2000,,,,,,,,,,,
fedavg,fedavg,504|859,504|859,1,504,data_2000_3_11_chordal,global_val_client_task,val,cycle2,40,,,,,,,,,,2000,82.0,7.0,1911.0,0.0,0.9213483146067416,1.0,0.9590643644332886,0.9590643644332886,0.9590643644332886,82.0,0.04100000113248825
fedavg,fedavg,504|859,504|859,1,504,data_2000_3_11_chordal,global_val_client_task,val,cycle3,40,,,,,,,,,,2000,128.0,15.0,1857.0,0.0,0.8951048951048951,1.0,0.9446494579315186,0.9446494579315186,0.9446494579315186,128.0,0.06400000303983688
fedavg,fedavg,504|859,504|859,1,504,data_2000_3_11_chordal,global_val_client_task,val,cycle4,40,,,,,,,,,,2000,156.0,22.0,1821.0,1.0,0.8764044943820225,0.9936305732484076,0.9313433170318604,0.9313433170318604,0.9313433170318604,157.0,0.07850000262260437
fedavg,fedavg,504|859,504|859,1,504,data_2000_3_11_chordal,global_val_client_task,val,cycle5,40,,,,,,,,,,2000,184.0,46.0,1767.0,3.0,0.8,0.983957219251337,0.8824940323829651,0.8824940323829651,0.8824940323829651,187.0,0.09350000321865082
fedavg,fedavg,504|859,504|859,1,504,data_2000_3_11_chordal,global_val_client_task,val,cycle6,40,,,,,,,,,,2000,91.0,45.0,1772.0,92.0,0.6691176470588235,0.4972677595628415,0.5705329179763794,0.5705329179763794,0.5705329179763794,183.0,0.09149999916553497
fedavg,fedavg,504|859,504|859,1,859,data_2000_4_1.5_chordal,global_val_client,val,,40,,,0.3140346441268921,0.956,0.8424999713897705,0.9110032362459547,0.8237316012382507,0.8237316012382507,0.8237316012382507,2000,,,,,,,,,,,
fedavg,fedavg,504|859,504|859,1,859,data_2000_4_1.5_chordal,global_val_client_task,val,cycle2,40,,,,,,,,,,2000,861.0,5.0,1133.0,1.0,0.9942263279445728,0.9988399071925754,0.9965277314186096,0.9965277314186096,0.9965277314186096,862.0,0.4309999942779541
fedavg,fedavg,504|859,504|859,1,859,data_2000_4_1.5_chordal,global_val_client_task,val,cycle3,40,,,,,,,,,,2000,691.0,12.0,1297.0,0.0,0.9829302987197724,1.0,0.991391658782959,0.991391658782959,0.991391658782959,691.0,0.34549999237060547
fedavg,fedavg,504|859,504|859,1,859,data_2000_4_1.5_chordal,global_val_client_task,val,cycle4,40,,,,,,,,,,2000,389.0,97.0,1512.0,2.0,0.8004115226337448,0.9948849104859335,0.8871151804924011,0.8871151804924011,0.8871151804924011,391.0,0.19550000131130219
fedavg,fedavg,504|859,504|859,1,859,data_2000_4_1.5_chordal,global_val_client_task,val,cycle5,40,,,,,,,,,,2000,227.0,137.0,1627.0,9.0,0.6236263736263736,0.961864406779661,0.7566666603088379,0.7566666603088379,0.7566666603088379,236.0,0.11800000071525574
fedavg,fedavg,504|859,504|859,1,859,data_2000_4_1.5_chordal,global_val_client_task,val,cycle6,40,,,,,,,,,,2000,84.0,133.0,1739.0,44.0,0.3870967741935484,0.65625,0.48695650696754456,0.48695650696754456,0.48695650696754456,128.0,0.06400000303983688
fedavg,fedavg,504|859,504|859,1,all,all,global_val_mean,val,,40,,,0.3427500328309834,0.96645,0.875,0.8791632175942264,0.8406741917133331,0.8406741917133331,0.8406741917133331,4000,,,,,,,,,,,
fedavg,fedavg,504|859,504|859,1,504,data_2000_3_11_chordal,train_epoch,train,,41,1.0,0.08739902633428574,,,,,,,,2000,,,,,,,,,,,
fedavg,fedavg,504|859,504|859,1,504,data_2000_3_11_chordal,train_epoch,train,,41,2.0,0.10934990277513862,,,,,,,,2000,,,,,,,,,,,
fedavg,fedavg,504|859,504|859,1,504,data_2000_3_11_chordal,train_epoch,train,,41,3.0,0.09551714339852332,,,,,,,,2000,,,,,,,,,,,
fedavg,fedavg,504|859,504|859,1,504,data_2000_3_11_chordal,train_epoch,train,,41,4.0,0.0926943712234497,,,,,,,,2000,,,,,,,,,,,
fedavg,fedavg,504|859,504|859,1,504,data_2000_3_11_chordal,train_epoch,train,,41,5.0,0.1225715457201004,,,,,,,,2000,,,,,,,,,,,
fedavg,fedavg,504|859,504|859,1,504,data_2000_3_11_chordal,train_epoch,train,,41,6.0,0.11065598690509797,,,,,,,,2000,,,,,,,,,,,
fedavg,fedavg,504|859,504|859,1,504,data_2000_3_11_chordal,train_epoch,train,,41,7.0,0.08697820001840592,,,,,,,,2000,,,,,,,,,,,
fedavg,fedavg,504|859,504|859,1,504,data_2000_3_11_chordal,train_epoch,train,,41,8.0,0.13293277832493186,,,,,,,,2000,,,,,,,,,,,
fedavg,fedavg,504|859,504|859,1,504,data_2000_3_11_chordal,train_epoch,train,,41,9.0,0.13066936884820463,,,,,,,,2000,,,,,,,,,,,
fedavg,fedavg,504|859,504|859,1,504,data_2000_3_11_chordal,train_epoch,train,,41,10.0,0.11644335800409317,,,,,,,,2000,,,,,,,,,,,
fedavg,fedavg,504|859,504|859,1,504,data_2000_3_11_chordal,val_epoch,val,,41,,,0.17208342586457728,0.9763,0.9014999866485596,0.8561020036429872,0.8831707835197449,0.8831707835197449,0.8831707835197449,2000,,,,,,,,,,,
fedavg,fedavg,504|859,504|859,1,504,data_2000_3_11_chordal,val_epoch_task,val,cycle2,41,,,,,,,,,,2000,82.0,2.0,1916.0,0.0,0.9761904761904762,1.0,0.9879518151283264,0.9879518151283264,0.9879518151283264,82.0,0.04100000113248825
fedavg,fedavg,504|859,504|859,1,504,data_2000_3_11_chordal,val_epoch_task,val,cycle3,41,,,,,,,,,,2000,126.0,10.0,1862.0,2.0,0.9264705882352942,0.984375,0.9545454382896423,0.9545454382896423,0.9545454382896423,128.0,0.06400000303983688
fedavg,fedavg,504|859,504|859,1,504,data_2000_3_11_chordal,val_epoch_task,val,cycle4,41,,,,,,,,,,2000,156.0,48.0,1795.0,1.0,0.7647058823529411,0.9936305732484076,0.8642659187316895,0.8642659187316895,0.8642659187316895,157.0,0.07850000262260437
fedavg,fedavg,504|859,504|859,1,504,data_2000_3_11_chordal,val_epoch_task,val,cycle5,41,,,,,,,,,,2000,180.0,29.0,1784.0,7.0,0.861244019138756,0.9625668449197861,0.9090909361839294,0.9090909361839294,0.9090909361839294,187.0,0.09350000321865082
fedavg,fedavg,504|859,504|859,1,504,data_2000_3_11_chordal,val_epoch_task,val,cycle6,41,,,,,,,,,,2000,161.0,116.0,1701.0,22.0,0.5812274368231047,0.8797814207650273,0.699999988079071,0.699999988079071,0.699999988079071,183.0,0.09149999916553497
fedavg,fedavg,504|859,504|859,1,859,data_2000_4_1.5_chordal,train_epoch,train,,41,1.0,0.06927395503968001,,,,,,,,2000,,,,,,,,,,,
fedavg,fedavg,504|859,504|859,1,859,data_2000_4_1.5_chordal,train_epoch,train,,41,2.0,0.10106439430266619,,,,,,,,2000,,,,,,,,,,,
fedavg,fedavg,504|859,504|859,1,859,data_2000_4_1.5_chordal,train_epoch,train,,41,3.0,0.06765991306304932,,,,,,,,2000,,,,,,,,,,,
fedavg,fedavg,504|859,504|859,1,859,data_2000_4_1.5_chordal,train_epoch,train,,41,4.0,0.0708557958304882,,,,,,,,2000,,,,,,,,,,,
fedavg,fedavg,504|859,504|859,1,859,data_2000_4_1.5_chordal,train_epoch,train,,41,5.0,0.07978636864200235,,,,,,,,2000,,,,,,,,,,,
fedavg,fedavg,504|859,504|859,1,859,data_2000_4_1.5_chordal,train_epoch,train,,41,6.0,0.06741199404001236,,,,,,,,2000,,,,,,,,,,,
fedavg,fedavg,504|859,504|859,1,859,data_2000_4_1.5_chordal,train_epoch,train,,41,7.0,0.07583026115223765,,,,,,,,2000,,,,,,,,,,,
fedavg,fedavg,504|859,504|859,1,859,data_2000_4_1.5_chordal,train_epoch,train,,41,8.0,0.08320987239480018,,,,,,,,2000,,,,,,,,,,,
fedavg,fedavg,504|859,504|859,1,859,data_2000_4_1.5_chordal,train_epoch,train,,41,9.0,0.06435964533686638,,,,,,,,2000,,,,,,,,,,,
fedavg,fedavg,504|859,504|859,1,859,data_2000_4_1.5_chordal,train_epoch,train,,41,10.0,0.06363973118364812,,,,,,,,2000,,,,,,,,,,,
fedavg,fedavg,504|859,504|859,1,859,data_2000_4_1.5_chordal,val_epoch,val,,41,,,0.8259880142211914,0.969,0.8705000281333923,0.9334192439862543,0.8228517770767212,0.8228517770767212,0.8228517770767212,2000,,,,,,,,,,,
fedavg,fedavg,504|859,504|859,1,859,data_2000_4_1.5_chordal,val_epoch_task,val,cycle2,41,,,,,,,,,,2000,862.0,5.0,1133.0,0.0,0.994232987312572,1.0,0.9971081614494324,0.9971081614494324,0.9971081614494324,862.0,0.4309999942779541
fedavg,fedavg,504|859,504|859,1,859,data_2000_4_1.5_chordal,val_epoch_task,val,cycle3,41,,,,,,,,,,2000,687.0,11.0,1298.0,4.0,0.9842406876790831,0.9942112879884226,0.9892009496688843,0.9892009496688843,0.9892009496688843,691.0,0.34549999237060547
fedavg,fedavg,504|859,504|859,1,859,data_2000_4_1.5_chordal,val_epoch_task,val,cycle4,41,,,,,,,,,,2000,369.0,20.0,1589.0,22.0,0.9485861182519281,0.9437340153452686,0.9461538195610046,0.9461538195610046,0.9461538195610046,391.0,0.19550000131130219
fedavg,fedavg,504|859,504|859,1,859,data_2000_4_1.5_chordal,val_epoch_task,val,cycle5,41,,,,,,,,,,2000,211.0,66.0,1698.0,25.0,0.7617328519855595,0.8940677966101694,0.8226121664047241,0.8226121664047241,0.8226121664047241,236.0,0.11800000071525574
fedavg,fedavg,504|859,504|859,1,859,data_2000_4_1.5_chordal,val_epoch_task,val,cycle6,41,,,,,,,,,,2000,44.0,73.0,1799.0,84.0,0.37606837606837606,0.34375,0.359183669090271,0.359183669090271,0.359183669090271,128.0,0.06400000303983688
fedavg,fedavg,504|859,504|859,1,504,data_2000_3_11_chordal,global_val_client,val,,41,,,0.32373507201671603,0.9782,0.9110000133514404,0.857516339869281,0.8681045770645142,0.8681045770645142,0.8681045770645142,2000,,,,,,,,,,,
fedavg,fedavg,504|859,504|859,1,504,data_2000_3_11_chordal,global_val_client_task,val,cycle2,41,,,,,,,,,,2000,82.0,8.0,1910.0,0.0,0.9111111111111111,1.0,0.9534883499145508,0.9534883499145508,0.9534883499145508,82.0,0.04100000113248825
fedavg,fedavg,504|859,504|859,1,504,data_2000_3_11_chordal,global_val_client_task,val,cycle3,41,,,,,,,,,,2000,128.0,12.0,1860.0,0.0,0.9142857142857143,1.0,0.9552239179611206,0.9552239179611206,0.9552239179611206,128.0,0.06400000303983688
fedavg,fedavg,504|859,504|859,1,504,data_2000_3_11_chordal,global_val_client_task,val,cycle4,41,,,,,,,,,,2000,157.0,40.0,1803.0,0.0,0.7969543147208121,1.0,0.887005627155304,0.887005627155304,0.887005627155304,157.0,0.07850000262260437
fedavg,fedavg,504|859,504|859,1,504,data_2000_3_11_chordal,global_val_client_task,val,cycle5,41,,,,,,,,,,2000,182.0,38.0,1775.0,5.0,0.8272727272727273,0.9732620320855615,0.8943489193916321,0.8943489193916321,0.8943489193916321,187.0,0.09350000321865082
fedavg,fedavg,504|859,504|859,1,504,data_2000_3_11_chordal,global_val_client_task,val,cycle6,41,,,,,,,,,,2000,107.0,39.0,1778.0,76.0,0.7328767123287672,0.5846994535519126,0.650455892086029,0.650455892086029,0.650455892086029,183.0,0.09149999916553497
fedavg,fedavg,504|859,504|859,1,859,data_2000_4_1.5_chordal,global_val_client,val,,41,,,0.440018059015274,0.9583,0.8349999785423279,0.9143209369221286,0.8175948858261108,0.8175948858261108,0.8175948858261108,2000,,,,,,,,,,,
fedavg,fedavg,504|859,504|859,1,859,data_2000_4_1.5_chordal,global_val_client_task,val,cycle2,41,,,,,,,,,,2000,862.0,12.0,1126.0,0.0,0.9862700228832952,1.0,0.9930875897407532,0.9930875897407532,0.9930875897407532,862.0,0.4309999942779541
fedavg,fedavg,504|859,504|859,1,859,data_2000_4_1.5_chordal,global_val_client_task,val,cycle3,41,,,,,,,,,,2000,691.0,14.0,1295.0,0.0,0.9801418439716312,1.0,0.9899712800979614,0.9899712800979614,0.9899712800979614,691.0,0.34549999237060547
fedavg,fedavg,504|859,504|859,1,859,data_2000_4_1.5_chordal,global_val_client_task,val,cycle4,41,,,,,,,,,,2000,385.0,111.0,1498.0,6.0,0.7762096774193549,0.9846547314578005,0.8680946826934814,0.8680946826934814,0.8680946826934814,391.0,0.19550000131130219
fedavg,fedavg,504|859,504|859,1,859,data_2000_4_1.5_chordal,global_val_client_task,val,cycle5,41,,,,,,,,,,2000,225.0,114.0,1650.0,11.0,0.6637168141592921,0.9533898305084746,0.782608687877655,0.782608687877655,0.782608687877655,236.0,0.11800000071525574
fedavg,fedavg,504|859,504|859,1,859,data_2000_4_1.5_chordal,global_val_client_task,val,cycle6,41,,,,,,,,,,2000,62.0,83.0,1789.0,66.0,0.42758620689655175,0.484375,0.4542124271392822,0.4542124271392822,0.4542124271392822,128.0,0.06400000303983688
fedavg,fedavg,504|859,504|859,1,all,all,global_val_mean,val,,41,,,0.381876565515995,0.96825,0.8729999959468842,0.8859186383957047,0.8428497314453125,0.8428497314453125,0.8428497314453125,4000,,,,,,,,,,,
fedavg,fedavg,504|859,504|859,1,504,data_2000_3_11_chordal,train_epoch,train,,42,1.0,0.0833679370880127,,,,,,,,2000,,,,,,,,,,,
fedavg,fedavg,504|859,504|859,1,504,data_2000_3_11_chordal,train_epoch,train,,42,2.0,0.08450231102108956,,,,,,,,2000,,,,,,,,,,,
fedavg,fedavg,504|859,504|859,1,504,data_2000_3_11_chordal,train_epoch,train,,42,3.0,0.11050591522455215,,,,,,,,2000,,,,,,,,,,,
fedavg,fedavg,504|859,504|859,1,504,data_2000_3_11_chordal,train_epoch,train,,42,4.0,0.11158681604862795,,,,,,,,2000,,,,,,,,,,,
fedavg,fedavg,504|859,504|859,1,504,data_2000_3_11_chordal,train_epoch,train,,42,5.0,0.10467166313529015,,,,,,,,2000,,,,,,,,,,,
fedavg,fedavg,504|859,504|859,1,504,data_2000_3_11_chordal,train_epoch,train,,42,6.0,0.10110924948006868,,,,,,,,2000,,,,,,,,,,,
fedavg,fedavg,504|859,504|859,1,504,data_2000_3_11_chordal,train_epoch,train,,42,7.0,0.07590206335484982,,,,,,,,2000,,,,,,,,,,,
fedavg,fedavg,504|859,504|859,1,504,data_2000_3_11_chordal,train_epoch,train,,42,8.0,0.05670569791458547,,,,,,,,2000,,,,,,,,,,,
fedavg,fedavg,504|859,504|859,1,504,data_2000_3_11_chordal,train_epoch,train,,42,9.0,0.08231738847494126,,,,,,,,2000,,,,,,,,,,,
fedavg,fedavg,504|859,504|859,1,504,data_2000_3_11_chordal,train_epoch,train,,42,10.0,0.09720000965148211,,,,,,,,2000,,,,,,,,,,,
fedavg,fedavg,504|859,504|859,1,504,data_2000_3_11_chordal,val_epoch,val,,42,,,0.21097029626369476,0.9642,0.8529999852180481,0.7986501687289088,0.8334824442863464,0.8334824442863464,0.8334824442863464,2000,,,,,,,,,,,
fedavg,fedavg,504|859,504|859,1,504,data_2000_3_11_chordal,val_epoch_task,val,cycle2,42,,,,,,,,,,2000,82.0,33.0,1885.0,0.0,0.7130434782608696,1.0,0.8324872851371765,0.8324872851371765,0.8324872851371765,82.0,0.04100000113248825
fedavg,fedavg,504|859,504|859,1,504,data_2000_3_11_chordal,val_epoch_task,val,cycle3,42,,,,,,,,,,2000,126.0,9.0,1863.0,2.0,0.9333333333333333,0.984375,0.9581748843193054,0.9581748843193054,0.9581748843193054,128.0,0.06400000303983688
fedavg,fedavg,504|859,504|859,1,504,data_2000_3_11_chordal,val_epoch_task,val,cycle4,42,,,,,,,,,,2000,151.0,25.0,1818.0,6.0,0.8579545454545454,0.9617834394904459,0.9069069623947144,0.9069069623947144,0.9069069623947144,157.0,0.07850000262260437
fedavg,fedavg,504|859,504|859,1,504,data_2000_3_11_chordal,val_epoch_task,val,cycle5,42,,,,,,,,,,2000,181.0,46.0,1767.0,6.0,0.7973568281938326,0.9679144385026738,0.8743961453437805,0.8743961453437805,0.8743961453437805,187.0,0.09350000321865082
fedavg,fedavg,504|859,504|859,1,504,data_2000_3_11_chordal,val_epoch_task,val,cycle6,42,,,,,,,,,,2000,170.0,218.0,1599.0,13.0,0.4381443298969072,0.9289617486338798,0.5954465866088867,0.5954465866088867,0.5954465866088867,183.0,0.09149999916553497
fedavg,fedavg,504|859,504|859,1,859,data_2000_4_1.5_chordal,train_epoch,train,,42,1.0,0.08060282877087593,,,,,,,,2000,,,,,,,,,,,
fedavg,fedavg,504|859,504|859,1,859,data_2000_4_1.5_chordal,train_epoch,train,,42,2.0,0.07941479829698801,,,,,,,,2000,,,,,,,,,,,
fedavg,fedavg,504|859,504|859,1,859,data_2000_4_1.5_chordal,train_epoch,train,,42,3.0,0.06511717092990875,,,,,,,,2000,,,,,,,,,,,
fedavg,fedavg,504|859,504|859,1,859,data_2000_4_1.5_chordal,train_epoch,train,,42,4.0,0.07326819217205048,,,,,,,,2000,,,,,,,,,,,
fedavg,fedavg,504|859,504|859,1,859,data_2000_4_1.5_chordal,train_epoch,train,,42,5.0,0.08621376317739486,,,,,,,,2000,,,,,,,,,,,
fedavg,fedavg,504|859,504|859,1,859,data_2000_4_1.5_chordal,train_epoch,train,,42,6.0,0.06893924999237061,,,,,,,,2000,,,,,,,,,,,
fedavg,fedavg,504|859,504|859,1,859,data_2000_4_1.5_chordal,train_epoch,train,,42,7.0,0.10682996529340744,,,,,,,,2000,,,,,,,,,,,
fedavg,fedavg,504|859,504|859,1,859,data_2000_4_1.5_chordal,train_epoch,train,,42,8.0,0.08059046763181686,,,,,,,,2000,,,,,,,,,,,
fedavg,fedavg,504|859,504|859,1,859,data_2000_4_1.5_chordal,train_epoch,train,,42,9.0,0.08954391342401505,,,,,,,,2000,,,,,,,,,,,
fedavg,fedavg,504|859,504|859,1,859,data_2000_4_1.5_chordal,train_epoch,train,,42,10.0,0.10608729080110789,,,,,,,,2000,,,,,,,,,,,
fedavg,fedavg,504|859,504|859,1,859,data_2000_4_1.5_chordal,val_epoch,val,,42,,,0.4198129187822342,0.9624,0.8489999771118164,0.920908708456037,0.8318125009536743,0.8318125009536743,0.8318125009536743,2000,,,,,,,,,,,
fedavg,fedavg,504|859,504|859,1,859,data_2000_4_1.5_chordal,val_epoch_task,val,cycle2,42,,,,,,,,,,2000,861.0,6.0,1132.0,1.0,0.9930795847750865,0.9988399071925754,0.9959514737129211,0.9959514737129211,0.9959514737129211,862.0,0.4309999942779541
fedavg,fedavg,504|859,504|859,1,859,data_2000_4_1.5_chordal,val_epoch_task,val,cycle3,42,,,,,,,,,,2000,685.0,8.0,1301.0,6.0,0.9884559884559885,0.9913169319826338,0.9898844361305237,0.9898844361305237,0.9898844361305237,691.0,0.34549999237060547
fedavg,fedavg,504|859,504|859,1,859,data_2000_4_1.5_chordal,val_epoch_task,val,cycle4,42,,,,,,,,,,2000,361.0,20.0,1589.0,30.0,0.94750656167979,0.9232736572890026,0.9352331161499023,0.9352331161499023,0.9352331161499023,391.0,0.19550000131130219
fedavg,fedavg,504|859,504|859,1,859,data_2000_4_1.5_chordal,val_epoch_task,val,cycle5,42,,,,,,,,,,2000,201.0,79.0,1685.0,35.0,0.7178571428571429,0.8516949152542372,0.7790697813034058,0.7790697813034058,0.7790697813034058,236.0,0.11800000071525574
fedavg,fedavg,504|859,504|859,1,859,data_2000_4_1.5_chordal,val_epoch_task,val,cycle6,42,,,,,,,,,,2000,81.0,144.0,1728.0,47.0,0.36,0.6328125,0.4589235484600067,0.4589235484600067,0.4589235484600067,128.0,0.06400000303983688
fedavg,fedavg,504|859,504|859,1,504,data_2000_3_11_chordal,global_val_client,val,,42,,,0.2125780351161957,0.9764,0.8924999833106995,0.8539603960396039,0.8810286521911621,0.8810286521911621,0.8810286521911621,2000,,,,,,,,,,,
fedavg,fedavg,504|859,504|859,1,504,data_2000_3_11_chordal,global_val_client_task,val,cycle2,42,,,,,,,,,,2000,82.0,2.0,1916.0,0.0,0.9761904761904762,1.0,0.9879518151283264,0.9879518151283264,0.9879518151283264,82.0,0.04100000113248825
fedavg,fedavg,504|859,504|859,1,504,data_2000_3_11_chordal,global_val_client_task,val,cycle3,42,,,,,,,,,,2000,128.0,15.0,1857.0,0.0,0.8951048951048951,1.0,0.9446494579315186,0.9446494579315186,0.9446494579315186,128.0,0.06400000303983688
fedavg,fedavg,504|859,504|859,1,504,data_2000_3_11_chordal,global_val_client_task,val,cycle4,42,,,,,,,,,,2000,157.0,16.0,1827.0,0.0,0.9075144508670521,1.0,0.9515151381492615,0.9515151381492615,0.9515151381492615,157.0,0.07850000262260437
fedavg,fedavg,504|859,504|859,1,504,data_2000_3_11_chordal,global_val_client_task,val,cycle5,42,,,,,,,,,,2000,185.0,54.0,1759.0,2.0,0.7740585774058577,0.9893048128342246,0.8685446381568909,0.8685446381568909,0.8685446381568909,187.0,0.09350000321865082
fedavg,fedavg,504|859,504|859,1,504,data_2000_3_11_chordal,global_val_client_task,val,cycle6,42,,,,,,,,,,2000,138.0,102.0,1715.0,45.0,0.575,0.7540983606557377,0.652482271194458,0.652482271194458,0.652482271194458,183.0,0.09149999916553497
fedavg,fedavg,504|859,504|859,1,859,data_2000_4_1.5_chordal,global_val_client,val,,42,,,0.31434136337041857,0.9616,0.8514999747276306,0.921311475409836,0.8361681699752808,0.8361681699752808,0.8361681699752808,2000,,,,,,,,,,,
fedavg,fedavg,504|859,504|859,1,859,data_2000_4_1.5_chordal,global_val_client_task,val,cycle2,42,,,,,,,,,,2000,862.0,3.0,1135.0,0.0,0.9965317919075144,1.0,0.998262882232666,0.998262882232666,0.998262882232666,862.0,0.4309999942779541
fedavg,fedavg,504|859,504|859,1,859,data_2000_4_1.5_chordal,global_val_client_task,val,cycle3,42,,,,,,,,,,2000,691.0,13.0,1296.0,0.0,0.9815340909090909,1.0,0.990680992603302,0.990680992603302,0.990680992603302,691.0,0.34549999237060547
fedavg,fedavg,504|859,504|859,1,859,data_2000_4_1.5_chordal,global_val_client_task,val,cycle4,42,,,,,,,,,,2000,387.0,65.0,1544.0,4.0,0.8561946902654868,0.989769820971867,0.918149471282959,0.918149471282959,0.918149471282959,391.0,0.19550000131130219
fedavg,fedavg,504|859,504|859,1,859,data_2000_4_1.5_chordal,global_val_client_task,val,cycle5,42,,,,,,,,,,2000,224.0,119.0,1645.0,12.0,0.6530612244897959,0.9491525423728814,0.7737478017807007,0.7737478017807007,0.7737478017807007,236.0,0.11800000071525574
fedavg,fedavg,504|859,504|859,1,859,data_2000_4_1.5_chordal,global_val_client_task,val,cycle6,42,,,,,,,,,,2000,84.0,124.0,1748.0,44.0,0.40384615384615385,0.65625,0.5,0.5,0.5,128.0,0.06400000303983688
fedavg,fedavg,504|859,504|859,1,all,all,global_val_mean,val,,42,,,0.2634596992433071,0.969,0.871999979019165,0.88763593572472,0.8585984110832214,0.8585984110832214,0.8585984110832214,4000,,,,,,,,,,,
fedavg,fedavg,504|859,504|859,1,504,data_2000_3_11_chordal,train_epoch,train,,43,1.0,0.11499777603149414,,,,,,,,2000,,,,,,,,,,,
fedavg,fedavg,504|859,504|859,1,504,data_2000_3_11_chordal,train_epoch,train,,43,2.0,0.09911519037745893,,,,,,,,2000,,,,,,,,,,,
fedavg,fedavg,504|859,504|859,1,504,data_2000_3_11_chordal,train_epoch,train,,43,3.0,0.09052108793705702,,,,,,,,2000,,,,,,,,,,,
fedavg,fedavg,504|859,504|859,1,504,data_2000_3_11_chordal,train_epoch,train,,43,4.0,0.06503793756267987,,,,,,,,2000,,,,,,,,,,,
fedavg,fedavg,504|859,504|859,1,504,data_2000_3_11_chordal,train_epoch,train,,43,5.0,0.07728749173134565,,,,,,,,2000,,,,,,,,,,,
fedavg,fedavg,504|859,504|859,1,504,data_2000_3_11_chordal,train_epoch,train,,43,6.0,0.10555992755666375,,,,,,,,2000,,,,,,,,,,,
fedavg,fedavg,504|859,504|859,1,504,data_2000_3_11_chordal,train_epoch,train,,43,7.0,0.07598808115720748,,,,,,,,2000,,,,,,,,,,,
fedavg,fedavg,504|859,504|859,1,504,data_2000_3_11_chordal,train_epoch,train,,43,8.0,0.07383260437101126,,,,,,,,2000,,,,,,,,,,,
fedavg,fedavg,504|859,504|859,1,504,data_2000_3_11_chordal,train_epoch,train,,43,9.0,0.07932951959967613,,,,,,,,2000,,,,,,,,,,,
fedavg,fedavg,504|859,504|859,1,504,data_2000_3_11_chordal,train_epoch,train,,43,10.0,0.09587139911856503,,,,,,,,2000,,,,,,,,,,,
fedavg,fedavg,504|859,504|859,1,504,data_2000_3_11_chordal,val_epoch,val,,43,,,0.257735628426075,0.9758,0.9024999737739563,0.8508014796547472,0.8680108785629272,0.8680108785629272,0.8680108785629272,2000,,,,,,,,,,,
fedavg,fedavg,504|859,504|859,1,504,data_2000_3_11_chordal,val_epoch_task,val,cycle2,43,,,,,,,,,,2000,82.0,11.0,1907.0,0.0,0.8817204301075269,1.0,0.9371428489685059,0.9371428489685059,0.9371428489685059,82.0,0.04100000113248825
fedavg,fedavg,504|859,504|859,1,504,data_2000_3_11_chordal,val_epoch_task,val,cycle3,43,,,,,,,,,,2000,128.0,20.0,1852.0,0.0,0.8648648648648649,1.0,0.9275362491607666,0.9275362491607666,0.9275362491607666,128.0,0.06400000303983688
fedavg,fedavg,504|859,504|859,1,504,data_2000_3_11_chordal,val_epoch_task,val,cycle4,43,,,,,,,,,,2000,156.0,32.0,1811.0,1.0,0.8297872340425532,0.9936305732484076,0.904347836971283,0.904347836971283,0.904347836971283,157.0,0.07850000262260437
fedavg,fedavg,504|859,504|859,1,504,data_2000_3_11_chordal,val_epoch_task,val,cycle5,43,,,,,,,,,,2000,174.0,46.0,1767.0,13.0,0.7909090909090909,0.93048128342246,0.8550368547439575,0.8550368547439575,0.8550368547439575,187.0,0.09350000321865082
fedavg,fedavg,504|859,504|859,1,504,data_2000_3_11_chordal,val_epoch_task,val,cycle6,43,,,,,,,,,,2000,150.0,86.0,1731.0,33.0,0.635593220338983,0.819672131147541,0.7159904837608337,0.7159904837608337,0.7159904837608337,183.0,0.09149999916553497
fedavg,fedavg,504|859,504|859,1,859,data_2000_4_1.5_chordal,train_epoch,train,,43,1.0,0.07830157750844956,,,,,,,,2000,,,,,,,,,,,
fedavg,fedavg,504|859,504|859,1,859,data_2000_4_1.5_chordal,train_epoch,train,,43,2.0,0.06149743639677763,,,,,,,,2000,,,,,,,,,,,
fedavg,fedavg,504|859,504|859,1,859,data_2000_4_1.5_chordal,train_epoch,train,,43,3.0,0.06017294810712338,,,,,,,,2000,,,,,,,,,,,
fedavg,fedavg,504|859,504|859,1,859,data_2000_4_1.5_chordal,train_epoch,train,,43,4.0,0.07393789485096931,,,,,,,,2000,,,,,,,,,,,
fedavg,fedavg,504|859,504|859,1,859,data_2000_4_1.5_chordal,train_epoch,train,,43,5.0,0.058716393515467646,,,,,,,,2000,,,,,,,,,,,
fedavg,fedavg,504|859,504|859,1,859,data_2000_4_1.5_chordal,train_epoch,train,,43,6.0,0.060796347105875614,,,,,,,,2000,,,,,,,,,,,
fedavg,fedavg,504|859,504|859,1,859,data_2000_4_1.5_chordal,train_epoch,train,,43,7.0,0.0629055198431015,,,,,,,,2000,,,,,,,,,,,
fedavg,fedavg,504|859,504|859,1,859,data_2000_4_1.5_chordal,train_epoch,train,,43,8.0,0.1060500348508358,,,,,,,,2000,,,,,,,,,,,
fedavg,fedavg,504|859,504|859,1,859,data_2000_4_1.5_chordal,train_epoch,train,,43,9.0,0.09912948769330979,,,,,,,,2000,,,,,,,,,,,
fedavg,fedavg,504|859,504|859,1,859,data_2000_4_1.5_chordal,train_epoch,train,,43,10.0,0.08437556186318397,,,,,,,,2000,,,,,,,,,,,
fedavg,fedavg,504|859,504|859,1,859,data_2000_4_1.5_chordal,val_epoch,val,,43,,,0.6683292906284333,0.971,0.8790000081062317,0.9372294372294373,0.8308008313179016,0.8308008313179016,0.8308008313179016,2000,,,,,,,,,,,
fedavg,fedavg,504|859,504|859,1,859,data_2000_4_1.5_chordal,val_epoch_task,val,cycle2,43,,,,,,,,,,2000,862.0,5.0,1133.0,0.0,0.994232987312572,1.0,0.9971081614494324,0.9971081614494324,0.9971081614494324,862.0,0.4309999942779541
fedavg,fedavg,504|859,504|859,1,859,data_2000_4_1.5_chordal,val_epoch_task,val,cycle3,43,,,,,,,,,,2000,687.0,11.0,1298.0,4.0,0.9842406876790831,0.9942112879884226,0.9892009496688843,0.9892009496688843,0.9892009496688843,691.0,0.34549999237060547
fedavg,fedavg,504|859,504|859,1,859,data_2000_4_1.5_chordal,val_epoch_task,val,cycle4,43,,,,,,,,,,2000,367.0,22.0,1587.0,24.0,0.9434447300771208,0.9386189258312021,0.9410256147384644,0.9410256147384644,0.9410256147384644,391.0,0.19550000131130219
fedavg,fedavg,504|859,504|859,1,859,data_2000_4_1.5_chordal,val_epoch_task,val,cycle5,43,,,,,,,,,,2000,203.0,62.0,1702.0,33.0,0.7660377358490567,0.8601694915254238,0.8103792667388916,0.8103792667388916,0.8103792667388916,236.0,0.11800000071525574
fedavg,fedavg,504|859,504|859,1,859,data_2000_4_1.5_chordal,val_epoch_task,val,cycle6,43,,,,,,,,,,2000,46.0,47.0,1825.0,82.0,0.4946236559139785,0.359375,0.4162895977497101,0.4162895977497101,0.4162895977497101,128.0,0.06400000303983688
fedavg,fedavg,504|859,504|859,1,504,data_2000_3_11_chordal,global_val_client,val,,43,,,0.426890255253762,0.9796,0.9139999747276306,0.862533692722372,0.8684364557266235,0.8684364557266235,0.8684364557266235,2000,,,,,,,,,,,
fedavg,fedavg,504|859,504|859,1,504,data_2000_3_11_chordal,global_val_client_task,val,cycle2,43,,,,,,,,,,2000,82.0,12.0,1906.0,0.0,0.8723404255319149,1.0,0.9318181872367859,0.9318181872367859,0.9318181872367859,82.0,0.04100000113248825
fedavg,fedavg,504|859,504|859,1,504,data_2000_3_11_chordal,global_val_client_task,val,cycle3,43,,,,,,,,,,2000,128.0,8.0,1864.0,0.0,0.9411764705882353,1.0,0.9696969985961914,0.9696969985961914,0.9696969985961914,128.0,0.06400000303983688
fedavg,fedavg,504|859,504|859,1,504,data_2000_3_11_chordal,global_val_client_task,val,cycle4,43,,,,,,,,,,2000,152.0,16.0,1827.0,5.0,0.9047619047619048,0.9681528662420382,0.9353846311569214,0.9353846311569214,0.9353846311569214,157.0,0.07850000262260437
fedavg,fedavg,504|859,504|859,1,504,data_2000_3_11_chordal,global_val_client_task,val,cycle5,43,,,,,,,,,,2000,184.0,43.0,1770.0,3.0,0.8105726872246696,0.983957219251337,0.8888888955116272,0.8888888955116272,0.8888888955116272,187.0,0.09350000321865082
fedavg,fedavg,504|859,504|859,1,504,data_2000_3_11_chordal,global_val_client_task,val,cycle6,43,,,,,,,,,,2000,94.0,28.0,1789.0,89.0,0.7704918032786885,0.5136612021857924,0.6163934469223022,0.6163934469223022,0.6163934469223022,183.0,0.09149999916553497
fedavg,fedavg,504|859,504|859,1,859,data_2000_4_1.5_chordal,global_val_client,val,,43,,,0.3788970477581024,0.953,0.8309999704360962,0.905241935483871,0.8127201795578003,0.8127201795578003,0.8127201795578003,2000,,,,,,,,,,,
fedavg,fedavg,504|859,504|859,1,859,data_2000_4_1.5_chordal,global_val_client_task,val,cycle2,43,,,,,,,,,,2000,862.0,7.0,1131.0,0.0,0.9919447640966629,1.0,0.9959561228752136,0.9959561228752136,0.9959561228752136,862.0,0.4309999942779541
fedavg,fedavg,504|859,504|859,1,859,data_2000_4_1.5_chordal,global_val_client_task,val,cycle3,43,,,,,,,,,,2000,691.0,17.0,1292.0,0.0,0.9759887005649718,1.0,0.9878484606742859,0.9878484606742859,0.9878484606742859,691.0,0.34549999237060547
fedavg,fedavg,504|859,504|859,1,859,data_2000_4_1.5_chordal,global_val_client_task,val,cycle4,43,,,,,,,,,,2000,387.0,68.0,1541.0,4.0,0.8505494505494505,0.989769820971867,0.914893627166748,0.914893627166748,0.914893627166748,391.0,0.19550000131130219
fedavg,fedavg,504|859,504|859,1,859,data_2000_4_1.5_chordal,global_val_client_task,val,cycle5,43,,,,,,,,,,2000,227.0,185.0,1579.0,9.0,0.5509708737864077,0.961864406779661,0.700617253780365,0.700617253780365,0.700617253780365,236.0,0.11800000071525574
fedavg,fedavg,504|859,504|859,1,859,data_2000_4_1.5_chordal,global_val_client_task,val,cycle6,43,,,,,,,,,,2000,78.0,130.0,1742.0,50.0,0.375,0.609375,0.4642857015132904,0.4642857015132904,0.4642857015132904,128.0,0.06400000303983688
fedavg,fedavg,504|859,504|859,1,all,all,global_val_mean,val,,43,,,0.4028936515059322,0.9662999999999999,0.8724999725818634,0.8838878141031216,0.8405783176422119,0.8405783176422119,0.8405783176422119,4000,,,,,,,,,,,
fedavg,fedavg,504|859,504|859,1,504,data_2000_3_11_chordal,train_epoch,train,,44,1.0,0.10468710896372795,,,,,,,,2000,,,,,,,,,,,
fedavg,fedavg,504|859,504|859,1,504,data_2000_3_11_chordal,train_epoch,train,,44,2.0,0.09417682975530624,,,,,,,,2000,,,,,,,,,,,
fedavg,fedavg,504|859,504|859,1,504,data_2000_3_11_chordal,train_epoch,train,,44,3.0,0.09200133736804128,,,,,,,,2000,,,,,,,,,,,
fedavg,fedavg,504|859,504|859,1,504,data_2000_3_11_chordal,train_epoch,train,,44,4.0,0.08438546232879161,,,,,,,,2000,,,,,,,,,,,
fedavg,fedavg,504|859,504|859,1,504,data_2000_3_11_chordal,train_epoch,train,,44,5.0,0.0770523037314415,,,,,,,,2000,,,,,,,,,,,
fedavg,fedavg,504|859,504|859,1,504,data_2000_3_11_chordal,train_epoch,train,,44,6.0,0.09345171710848808,,,,,,,,2000,,,,,,,,,,,
fedavg,fedavg,504|859,504|859,1,504,data_2000_3_11_chordal,train_epoch,train,,44,7.0,0.09766044025868177,,,,,,,,2000,,,,,,,,,,,
fedavg,fedavg,504|859,504|859,1,504,data_2000_3_11_chordal,train_epoch,train,,44,8.0,0.09010016438551247,,,,,,,,2000,,,,,,,,,,,
fedavg,fedavg,504|859,504|859,1,504,data_2000_3_11_chordal,train_epoch,train,,44,9.0,0.062081685483455655,,,,,,,,2000,,,,,,,,,,,
fedavg,fedavg,504|859,504|859,1,504,data_2000_3_11_chordal,train_epoch,train,,44,10.0,0.07192927422001957,,,,,,,,2000,,,,,,,,,,,
fedavg,fedavg,504|859,504|859,1,504,data_2000_3_11_chordal,val_epoch,val,,44,,,0.21653761035203933,0.9662,0.8665000200271606,0.8055235903337168,0.8357712030410767,0.8357712030410767,0.8357712030410767,2000,,,,,,,,,,,
fedavg,fedavg,504|859,504|859,1,504,data_2000_3_11_chordal,val_epoch_task,val,cycle2,44,,,,,,,,,,2000,82.0,2.0,1916.0,0.0,0.9761904761904762,1.0,0.9879518151283264,0.9879518151283264,0.9879518151283264,82.0,0.04100000113248825
fedavg,fedavg,504|859,504|859,1,504,data_2000_3_11_chordal,val_epoch_task,val,cycle3,44,,,,,,,,,,2000,128.0,26.0,1846.0,0.0,0.8311688311688312,1.0,0.9078013896942139,0.9078013896942139,0.9078013896942139,128.0,0.06400000303983688
fedavg,fedavg,504|859,504|859,1,504,data_2000_3_11_chordal,val_epoch_task,val,cycle4,44,,,,,,,,,,2000,156.0,79.0,1764.0,1.0,0.6638297872340425,0.9936305732484076,0.795918345451355,0.795918345451355,0.795918345451355,157.0,0.07850000262260437
fedavg,fedavg,504|859,504|859,1,504,data_2000_3_11_chordal,val_epoch_task,val,cycle5,44,,,,,,,,,,2000,182.0,82.0,1731.0,5.0,0.6893939393939394,0.9732620320855615,0.8070952892303467,0.8070952892303467,0.8070952892303467,187.0,0.09350000321865082
fedavg,fedavg,504|859,504|859,1,504,data_2000_3_11_chordal,val_epoch_task,val,cycle6,44,,,,,,,,,,2000,152.0,112.0,1705.0,31.0,0.5757575757575758,0.8306010928961749,0.6800894737243652,0.6800894737243652,0.6800894737243652,183.0,0.09149999916553497
fedavg,fedavg,504|859,504|859,1,859,data_2000_4_1.5_chordal,train_epoch,train,,44,1.0,0.07569087132066488,,,,,,,,2000,,,,,,,,,,,
fedavg,fedavg,504|859,504|859,1,859,data_2000_4_1.5_chordal,train_epoch,train,,44,2.0,0.07575968223810196,,,,,,,,2000,,,,,,,,,,,
fedavg,fedavg,504|859,504|859,1,859,data_2000_4_1.5_chordal,train_epoch,train,,44,3.0,0.0654368996322155,,,,,,,,2000,,,,,,,,,,,
fedavg,fedavg,504|859,504|859,1,859,data_2000_4_1.5_chordal,train_epoch,train,,44,4.0,0.08811957523226738,,,,,,,,2000,,,,,,,,,,,
fedavg,fedavg,504|859,504|859,1,859,data_2000_4_1.5_chordal,train_epoch,train,,44,5.0,0.0641849111765623,,,,,,,,2000,,,,,,,,,,,
fedavg,fedavg,504|859,504|859,1,859,data_2000_4_1.5_chordal,train_epoch,train,,44,6.0,0.1336741496026516,,,,,,,,2000,,,,,,,,,,,
fedavg,fedavg,504|859,504|859,1,859,data_2000_4_1.5_chordal,train_epoch,train,,44,7.0,0.0852575726211071,,,,,,,,2000,,,,,,,,,,,
fedavg,fedavg,504|859,504|859,1,859,data_2000_4_1.5_chordal,train_epoch,train,,44,8.0,0.09241296619176864,,,,,,,,2000,,,,,,,,,,,
fedavg,fedavg,504|859,504|859,1,859,data_2000_4_1.5_chordal,train_epoch,train,,44,9.0,0.07120861603319645,,,,,,,,2000,,,,,,,,,,,
fedavg,fedavg,504|859,504|859,1,859,data_2000_4_1.5_chordal,train_epoch,train,,44,10.0,0.07519052770733833,,,,,,,,2000,,,,,,,,,,,
fedavg,fedavg,504|859,504|859,1,859,data_2000_4_1.5_chordal,val_epoch,val,,44,,,0.9328576580286027,0.968,0.8709999918937683,0.9302832244008714,0.8050388097763062,0.8050388097763062,0.8050388097763062,2000,,,,,,,,,,,
fedavg,fedavg,504|859,504|859,1,859,data_2000_4_1.5_chordal,val_epoch_task,val,cycle2,44,,,,,,,,,,2000,861.0,6.0,1132.0,1.0,0.9930795847750865,0.9988399071925754,0.9959514737129211,0.9959514737129211,0.9959514737129211,862.0,0.4309999942779541
fedavg,fedavg,504|859,504|859,1,859,data_2000_4_1.5_chordal,val_epoch_task,val,cycle3,44,,,,,,,,,,2000,684.0,13.0,1296.0,7.0,0.9813486370157819,0.9898697539797395,0.9855908155441284,0.9855908155441284,0.9855908155441284,691.0,0.34549999237060547
fedavg,fedavg,504|859,504|859,1,859,data_2000_4_1.5_chordal,val_epoch_task,val,cycle4,44,,,,,,,,,,2000,365.0,35.0,1574.0,26.0,0.9125,0.9335038363171355,0.9228824377059937,0.9228824377059937,0.9228824377059937,391.0,0.19550000131130219
fedavg,fedavg,504|859,504|859,1,859,data_2000_4_1.5_chordal,val_epoch_task,val,cycle5,44,,,,,,,,,,2000,193.0,57.0,1707.0,43.0,0.772,0.8177966101694916,0.7942386865615845,0.7942386865615845,0.7942386865615845,236.0,0.11800000071525574
fedavg,fedavg,504|859,504|859,1,859,data_2000_4_1.5_chordal,val_epoch_task,val,cycle6,44,,,,,,,,,,2000,32.0,36.0,1836.0,96.0,0.47058823529411764,0.25,0.3265306353569031,0.3265306353569031,0.3265306353569031,128.0,0.06400000303983688
fedavg,fedavg,504|859,504|859,1,504,data_2000_3_11_chordal,global_val_client,val,,44,,,0.5024312484264374,0.9743,0.9014999866485596,0.8319162851536952,0.8386211395263672,0.8386211395263672,0.8386211395263672,2000,,,,,,,,,,,
fedavg,fedavg,504|859,504|859,1,504,data_2000_3_11_chordal,global_val_client_task,val,cycle2,44,,,,,,,,,,2000,82.0,9.0,1909.0,0.0,0.9010989010989011,1.0,0.94797682762146,0.94797682762146,0.94797682762146,82.0,0.04100000113248825
fedavg,fedavg,504|859,504|859,1,504,data_2000_3_11_chordal,global_val_client_task,val,cycle3,44,,,,,,,,,,2000,128.0,25.0,1847.0,0.0,0.8366013071895425,1.0,0.9110320806503296,0.9110320806503296,0.9110320806503296,128.0,0.06400000303983688
fedavg,fedavg,504|859,504|859,1,504,data_2000_3_11_chordal,global_val_client_task,val,cycle4,44,,,,,,,,,,2000,154.0,45.0,1798.0,3.0,0.7738693467336684,0.9808917197452229,0.865168571472168,0.865168571472168,0.865168571472168,157.0,0.07850000262260437
fedavg,fedavg,504|859,504|859,1,504,data_2000_3_11_chordal,global_val_client_task,val,cycle5,44,,,,,,,,,,2000,182.0,48.0,1765.0,5.0,0.7913043478260869,0.9732620320855615,0.8729016780853271,0.8729016780853271,0.8729016780853271,187.0,0.09350000321865082
fedavg,fedavg,504|859,504|859,1,504,data_2000_3_11_chordal,global_val_client_task,val,cycle6,44,,,,,,,,,,2000,90.0,29.0,1788.0,93.0,0.7563025210084033,0.4918032786885246,0.5960265398025513,0.5960265398025513,0.5960265398025513,183.0,0.09149999916553497
fedavg,fedavg,504|859,504|859,1,859,data_2000_4_1.5_chordal,global_val_client,val,,44,,,0.40750891184806826,0.961,0.8495000004768372,0.9195544554455446,0.8281938433647156,0.8281938433647156,0.8281938433647156,2000,,,,,,,,,,,
fedavg,fedavg,504|859,504|859,1,859,data_2000_4_1.5_chordal,global_val_client_task,val,cycle2,44,,,,,,,,,,2000,862.0,8.0,1130.0,0.0,0.9908045977011494,1.0,0.9953810572624207,0.9953810572624207,0.9953810572624207,862.0,0.4309999942779541
fedavg,fedavg,504|859,504|859,1,859,data_2000_4_1.5_chordal,global_val_client_task,val,cycle3,44,,,,,,,,,,2000,691.0,15.0,1294.0,0.0,0.9787535410764873,1.0,0.9892627000808716,0.9892627000808716,0.9892627000808716,691.0,0.34549999237060547
fedavg,fedavg,504|859,504|859,1,859,data_2000_4_1.5_chordal,global_val_client_task,val,cycle4,44,,,,,,,,,,2000,382.0,40.0,1569.0,9.0,0.9052132701421801,0.9769820971867008,0.9397293925285339,0.9397293925285339,0.9397293925285339,391.0,0.19550000131130219
fedavg,fedavg,504|859,504|859,1,859,data_2000_4_1.5_chordal,global_val_client_task,val,cycle5,44,,,,,,,,,,2000,219.0,133.0,1631.0,17.0,0.6221590909090909,0.9279661016949152,0.7448979616165161,0.7448979616165161,0.7448979616165161,236.0,0.11800000071525574
fedavg,fedavg,504|859,504|859,1,859,data_2000_4_1.5_chordal,global_val_client_task,val,cycle6,44,,,,,,,,,,2000,75.0,115.0,1757.0,53.0,0.39473684210526316,0.5859375,0.4716981053352356,0.4716981053352356,0.4716981053352356,128.0,0.06400000303983688
fedavg,fedavg,504|859,504|859,1,all,all,global_val_mean,val,,44,,,0.4549700801372528,0.9676500000000001,0.8754999935626984,0.8757353702996199,0.8334074914455414,0.8334074914455414,0.8334074914455414,4000,,,,,,,,,,,
fedavg,fedavg,504|859,504|859,1,504,data_2000_3_11_chordal,train_epoch,train,,45,1.0,0.09285676780343055,,,,,,,,2000,,,,,,,,,,,
fedavg,fedavg,504|859,504|859,1,504,data_2000_3_11_chordal,train_epoch,train,,45,2.0,0.1096926808655262,,,,,,,,2000,,,,,,,,,,,
fedavg,fedavg,504|859,504|859,1,504,data_2000_3_11_chordal,train_epoch,train,,45,3.0,0.0874055497944355,,,,,,,,2000,,,,,,,,,,,
fedavg,fedavg,504|859,504|859,1,504,data_2000_3_11_chordal,train_epoch,train,,45,4.0,0.06870682096853853,,,,,,,,2000,,,,,,,,,,,
fedavg,fedavg,504|859,504|859,1,504,data_2000_3_11_chordal,train_epoch,train,,45,5.0,0.082113829433918,,,,,,,,2000,,,,,,,,,,,
fedavg,fedavg,504|859,504|859,1,504,data_2000_3_11_chordal,train_epoch,train,,45,6.0,0.0977503779437393,,,,,,,,2000,,,,,,,,,,,
fedavg,fedavg,504|859,504|859,1,504,data_2000_3_11_chordal,train_epoch,train,,45,7.0,0.09549187022447586,,,,,,,,2000,,,,,,,,,,,
fedavg,fedavg,504|859,504|859,1,504,data_2000_3_11_chordal,train_epoch,train,,45,8.0,0.09124690088629722,,,,,,,,2000,,,,,,,,,,,
fedavg,fedavg,504|859,504|859,1,504,data_2000_3_11_chordal,train_epoch,train,,45,9.0,0.0801034123301506,,,,,,,,2000,,,,,,,,,,,
fedavg,fedavg,504|859,504|859,1,504,data_2000_3_11_chordal,train_epoch,train,,45,10.0,0.06155548108555377,,,,,,,,2000,,,,,,,,,,,
fedavg,fedavg,504|859,504|859,1,504,data_2000_3_11_chordal,val_epoch,val,,45,,,0.285571169257164,0.9785,0.9079999923706055,0.8624440179142674,0.8805398941040039,0.8805398941040039,0.8805398941040039,2000,,,,,,,,,,,
fedavg,fedavg,504|859,504|859,1,504,data_2000_3_11_chordal,val_epoch_task,val,cycle2,45,,,,,,,,,,2000,82.0,8.0,1910.0,0.0,0.9111111111111111,1.0,0.9534883499145508,0.9534883499145508,0.9534883499145508,82.0,0.04100000113248825
fedavg,fedavg,504|859,504|859,1,504,data_2000_3_11_chordal,val_epoch_task,val,cycle3,45,,,,,,,,,,2000,128.0,12.0,1860.0,0.0,0.9142857142857143,1.0,0.9552239179611206,0.9552239179611206,0.9552239179611206,128.0,0.06400000303983688
fedavg,fedavg,504|859,504|859,1,504,data_2000_3_11_chordal,val_epoch_task,val,cycle4,45,,,,,,,,,,2000,152.0,20.0,1823.0,5.0,0.8837209302325582,0.9681528662420382,0.9240121841430664,0.9240121841430664,0.9240121841430664,157.0,0.07850000262260437
fedavg,fedavg,504|859,504|859,1,504,data_2000_3_11_chordal,val_epoch_task,val,cycle5,45,,,,,,,,,,2000,181.0,32.0,1781.0,6.0,0.8497652582159625,0.9679144385026738,0.9050000309944153,0.9050000309944153,0.9050000309944153,187.0,0.09350000321865082
fedavg,fedavg,504|859,504|859,1,504,data_2000_3_11_chordal,val_epoch_task,val,cycle6,45,,,,,,,,,,2000,131.0,80.0,1737.0,52.0,0.6208530805687204,0.7158469945355191,0.6649746298789978,0.6649746298789978,0.6649746298789978,183.0,0.09149999916553497
fedavg,fedavg,504|859,504|859,1,859,data_2000_4_1.5_chordal,train_epoch,train,,45,1.0,0.08955846229195595,,,,,,,,2000,,,,,,,,,,,
fedavg,fedavg,504|859,504|859,1,859,data_2000_4_1.5_chordal,train_epoch,train,,45,2.0,0.07929016682505607,,,,,,,,2000,,,,,,,,,,,
fedavg,fedavg,504|859,504|859,1,859,data_2000_4_1.5_chordal,train_epoch,train,,45,3.0,0.08172563475370408,,,,,,,,2000,,,,,,,,,,,
fedavg,fedavg,504|859,504|859,1,859,data_2000_4_1.5_chordal,train_epoch,train,,45,4.0,0.07479458010196685,,,,,,,,2000,,,,,,,,,,,
fedavg,fedavg,504|859,504|859,1,859,data_2000_4_1.5_chordal,train_epoch,train,,45,5.0,0.06777360291779042,,,,,,,,2000,,,,,,,,,,,
fedavg,fedavg,504|859,504|859,1,859,data_2000_4_1.5_chordal,train_epoch,train,,45,6.0,0.06123009370267391,,,,,,,,2000,,,,,,,,,,,
fedavg,fedavg,504|859,504|859,1,859,data_2000_4_1.5_chordal,train_epoch,train,,45,7.0,0.06938788199424743,,,,,,,,2000,,,,,,,,,,,
fedavg,fedavg,504|859,504|859,1,859,data_2000_4_1.5_chordal,train_epoch,train,,45,8.0,0.07867243984341621,,,,,,,,2000,,,,,,,,,,,
fedavg,fedavg,504|859,504|859,1,859,data_2000_4_1.5_chordal,train_epoch,train,,45,9.0,0.10370456153154373,,,,,,,,2000,,,,,,,,,,,
fedavg,fedavg,504|859,504|859,1,859,data_2000_4_1.5_chordal,train_epoch,train,,45,10.0,0.07400461414456368,,,,,,,,2000,,,,,,,,,,,
fedavg,fedavg,504|859,504|859,1,859,data_2000_4_1.5_chordal,val_epoch,val,,45,,,0.5046373913288117,0.9615,0.8500000238418579,0.9197749531152324,0.8224808573722839,0.8224808573722839,0.8224808573722839,2000,,,,,,,,,,,
fedavg,fedavg,504|859,504|859,1,859,data_2000_4_1.5_chordal,val_epoch_task,val,cycle2,45,,,,,,,,,,2000,860.0,1.0,1137.0,2.0,0.9988385598141696,0.9976798143851509,0.9982588291168213,0.9982588291168213,0.9982588291168213,862.0,0.4309999942779541
fedavg,fedavg,504|859,504|859,1,859,data_2000_4_1.5_chordal,val_epoch_task,val,cycle3,45,,,,,,,,,,2000,688.0,12.0,1297.0,3.0,0.9828571428571429,0.9956584659913169,0.9892164468765259,0.9892164468765259,0.9892164468765259,691.0,0.34549999237060547
fedavg,fedavg,504|859,504|859,1,859,data_2000_4_1.5_chordal,val_epoch_task,val,cycle4,45,,,,,,,,,,2000,375.0,34.0,1575.0,16.0,0.9168704156479217,0.959079283887468,0.9375,0.9375,0.9375,391.0,0.19550000131130219
fedavg,fedavg,504|859,504|859,1,859,data_2000_4_1.5_chordal,val_epoch_task,val,cycle5,45,,,,,,,,,,2000,217.0,106.0,1658.0,19.0,0.6718266253869969,0.9194915254237288,0.7763863801956177,0.7763863801956177,0.7763863801956177,236.0,0.11800000071525574
fedavg,fedavg,504|859,504|859,1,859,data_2000_4_1.5_chordal,val_epoch_task,val,cycle6,45,,,,,,,,,,2000,67.0,131.0,1741.0,61.0,0.3383838383838384,0.5234375,0.4110429584980011,0.4110429584980011,0.4110429584980011,128.0,0.06400000303983688
fedavg,fedavg,504|859,504|859,1,504,data_2000_3_11_chordal,global_val_client,val,,45,,,0.45307711225235836,0.9784,0.9125000238418579,0.8556149732620321,0.8629924058914185,0.8629924058914185,0.8629924058914185,2000,,,,,,,,,,,
fedavg,fedavg,504|859,504|859,1,504,data_2000_3_11_chordal,global_val_client_task,val,cycle2,45,,,,,,,,,,2000,82.0,13.0,1905.0,0.0,0.8631578947368421,1.0,0.9265536665916443,0.9265536665916443,0.9265536665916443,82.0,0.04100000113248825
fedavg,fedavg,504|859,504|859,1,504,data_2000_3_11_chordal,global_val_client_task,val,cycle3,45,,,,,,,,,,2000,128.0,11.0,1861.0,0.0,0.920863309352518,1.0,0.9588015079498291,0.9588015079498291,0.9588015079498291,128.0,0.06400000303983688
fedavg,fedavg,504|859,504|859,1,504,data_2000_3_11_chordal,global_val_client_task,val,cycle4,45,,,,,,,,,,2000,154.0,19.0,1824.0,3.0,0.8901734104046243,0.9808917197452229,0.9333333373069763,0.9333333373069763,0.9333333373069763,157.0,0.07850000262260437
fedavg,fedavg,504|859,504|859,1,504,data_2000_3_11_chordal,global_val_client_task,val,cycle5,45,,,,,,,,,,2000,180.0,33.0,1780.0,7.0,0.8450704225352113,0.9625668449197861,0.8999999761581421,0.8999999761581421,0.8999999761581421,187.0,0.09350000321865082
fedavg,fedavg,504|859,504|859,1,504,data_2000_3_11_chordal,global_val_client_task,val,cycle6,45,,,,,,,,,,2000,96.0,43.0,1774.0,87.0,0.6906474820143885,0.5245901639344263,0.5962733030319214,0.5962733030319214,0.5962733030319214,183.0,0.09149999916553497
fedavg,fedavg,504|859,504|859,1,859,data_2000_4_1.5_chordal,global_val_client,val,,45,,,0.3456938169002533,0.9568,0.8450000286102295,0.9126213592233009,0.8250473141670227,0.8250473141670227,0.8250473141670227,2000,,,,,,,,,,,
fedavg,fedavg,504|859,504|859,1,859,data_2000_4_1.5_chordal,global_val_client_task,val,cycle2,45,,,,,,,,,,2000,862.0,4.0,1134.0,0.0,0.9953810623556582,1.0,0.9976851344108582,0.9976851344108582,0.9976851344108582,862.0,0.4309999942779541
fedavg,fedavg,504|859,504|859,1,859,data_2000_4_1.5_chordal,global_val_client_task,val,cycle3,45,,,,,,,,,,2000,691.0,13.0,1296.0,0.0,0.9815340909090909,1.0,0.990680992603302,0.990680992603302,0.990680992603302,691.0,0.34549999237060547
fedavg,fedavg,504|859,504|859,1,859,data_2000_4_1.5_chordal,global_val_client_task,val,cycle4,45,,,,,,,,,,2000,389.0,56.0,1553.0,2.0,0.8741573033707866,0.9948849104859335,0.9306220412254333,0.9306220412254333,0.9306220412254333,391.0,0.19550000131130219
fedavg,fedavg,504|859,504|859,1,859,data_2000_4_1.5_chordal,global_val_client_task,val,cycle5,45,,,,,,,,,,2000,228.0,149.0,1615.0,8.0,0.6047745358090185,0.9661016949152542,0.7438825368881226,0.7438825368881226,0.7438825368881226,236.0,0.11800000071525574
fedavg,fedavg,504|859,504|859,1,859,data_2000_4_1.5_chordal,global_val_client_task,val,cycle6,45,,,,,,,,,,2000,86.0,158.0,1714.0,42.0,0.3524590163934426,0.671875,0.46236562728881836,0.46236562728881836,0.46236562728881836,128.0,0.06400000303983688
fedavg,fedavg,504|859,504|859,1,all,all,global_val_mean,val,,45,,,0.3993854645763058,0.9676,0.8787500262260437,0.8841181662426666,0.8440198600292206,0.8440198600292206,0.8440198600292206,4000,,,,,,,,,,,
fedavg,fedavg,504|859,504|859,1,504,data_2000_3_11_chordal,train_epoch,train,,46,1.0,0.09425782104535028,,,,,,,,2000,,,,,,,,,,,
fedavg,fedavg,504|859,504|859,1,504,data_2000_3_11_chordal,train_epoch,train,,46,2.0,0.07796771105099469,,,,,,,,2000,,,,,,,,,,,
fedavg,fedavg,504|859,504|859,1,504,data_2000_3_11_chordal,train_epoch,train,,46,3.0,0.09223655015230178,,,,,,,,2000,,,,,,,,,,,
fedavg,fedavg,504|859,504|859,1,504,data_2000_3_11_chordal,train_epoch,train,,46,4.0,0.09891757466644048,,,,,,,,2000,,,,,,,,,,,
fedavg,fedavg,504|859,504|859,1,504,data_2000_3_11_chordal,train_epoch,train,,46,5.0,0.10059794888645411,,,,,,,,2000,,,,,,,,,,,
fedavg,fedavg,504|859,504|859,1,504,data_2000_3_11_chordal,train_epoch,train,,46,6.0,0.08459505450353026,,,,,,,,2000,,,,,,,,,,,
fedavg,fedavg,504|859,504|859,1,504,data_2000_3_11_chordal,train_epoch,train,,46,7.0,0.10493822506070137,,,,,,,,2000,,,,,,,,,,,
fedavg,fedavg,504|859,504|859,1,504,data_2000_3_11_chordal,train_epoch,train,,46,8.0,0.08237535402178764,,,,,,,,2000,,,,,,,,,,,
fedavg,fedavg,504|859,504|859,1,504,data_2000_3_11_chordal,train_epoch,train,,46,9.0,0.09525141055509448,,,,,,,,2000,,,,,,,,,,,
fedavg,fedavg,504|859,504|859,1,504,data_2000_3_11_chordal,train_epoch,train,,46,10.0,0.06773101469874382,,,,,,,,2000,,,,,,,,,,,
fedavg,fedavg,504|859,504|859,1,504,data_2000_3_11_chordal,val_epoch,val,,46,,,0.3091173040866852,0.9799,0.9204999804496765,0.8666224286662243,0.8837393522262573,0.8837393522262573,0.8837393522262573,2000,,,,,,,,,,,
fedavg,fedavg,504|859,504|859,1,504,data_2000_3_11_chordal,val_epoch_task,val,cycle2,46,,,,,,,,,,2000,82.0,7.0,1911.0,0.0,0.9213483146067416,1.0,0.9590643644332886,0.9590643644332886,0.9590643644332886,82.0,0.04100000113248825
fedavg,fedavg,504|859,504|859,1,504,data_2000_3_11_chordal,val_epoch_task,val,cycle3,46,,,,,,,,,,2000,128.0,13.0,1859.0,0.0,0.9078014184397163,1.0,0.9516728520393372,0.9516728520393372,0.9516728520393372,128.0,0.06400000303983688
fedavg,fedavg,504|859,504|859,1,504,data_2000_3_11_chordal,val_epoch_task,val,cycle4,46,,,,,,,,,,2000,153.0,10.0,1833.0,4.0,0.9386503067484663,0.9745222929936306,0.956250011920929,0.956250011920929,0.956250011920929,157.0,0.07850000262260437
fedavg,fedavg,504|859,504|859,1,504,data_2000_3_11_chordal,val_epoch_task,val,cycle5,46,,,,,,,,,,2000,158.0,32.0,1781.0,29.0,0.8315789473684211,0.8449197860962567,0.8381962776184082,0.8381962776184082,0.8381962776184082,187.0,0.09350000321865082
fedavg,fedavg,504|859,504|859,1,504,data_2000_3_11_chordal,val_epoch_task,val,cycle6,46,,,,,,,,,,2000,132.0,55.0,1762.0,51.0,0.7058823529411765,0.7213114754098361,0.7135134935379028,0.7135134935379028,0.7135134935379028,183.0,0.09149999916553497
fedavg,fedavg,504|859,504|859,1,859,data_2000_4_1.5_chordal,train_epoch,train,,46,1.0,0.06956756946444512,,,,,,,,2000,,,,,,,,,,,
fedavg,fedavg,504|859,504|859,1,859,data_2000_4_1.5_chordal,train_epoch,train,,46,2.0,0.08020356455445289,,,,,,,,2000,,,,,,,,,,,
fedavg,fedavg,504|859,504|859,1,859,data_2000_4_1.5_chordal,train_epoch,train,,46,3.0,0.0878169011771679,,,,,,,,2000,,,,,,,,,,,
fedavg,fedavg,504|859,504|859,1,859,data_2000_4_1.5_chordal,train_epoch,train,,46,4.0,0.08358002539724112,,,,,,,,2000,,,,,,,,,,,
fedavg,fedavg,504|859,504|859,1,859,data_2000_4_1.5_chordal,train_epoch,train,,46,5.0,0.07651768891513347,,,,,,,,2000,,,,,,,,,,,
fedavg,fedavg,504|859,504|859,1,859,data_2000_4_1.5_chordal,train_epoch,train,,46,6.0,0.07905293755233288,,,,,,,,2000,,,,,,,,,,,
fedavg,fedavg,504|859,504|859,1,859,data_2000_4_1.5_chordal,train_epoch,train,,46,7.0,0.059519842445850374,,,,,,,,2000,,,,,,,,,,,
fedavg,fedavg,504|859,504|859,1,859,data_2000_4_1.5_chordal,train_epoch,train,,46,8.0,0.06544027736037969,,,,,,,,2000,,,,,,,,,,,
fedavg,fedavg,504|859,504|859,1,859,data_2000_4_1.5_chordal,train_epoch,train,,46,9.0,0.07309568914026023,,,,,,,,2000,,,,,,,,,,,
fedavg,fedavg,504|859,504|859,1,859,data_2000_4_1.5_chordal,train_epoch,train,,46,10.0,0.06717010551691055,,,,,,,,2000,,,,,,,,,,,
fedavg,fedavg,504|859,504|859,1,859,data_2000_4_1.5_chordal,val_epoch,val,,46,,,0.6847474434375763,0.9533,0.8190000057220459,0.9039292326681753,0.790748655796051,0.790748655796051,0.790748655796051,2000,,,,,,,,,,,
fedavg,fedavg,504|859,504|859,1,859,data_2000_4_1.5_chordal,val_epoch_task,val,cycle2,46,,,,,,,,,,2000,856.0,3.0,1135.0,6.0,0.9965075669383003,0.9930394431554525,0.9947704672813416,0.9947704672813416,0.9947704672813416,862.0,0.4309999942779541
fedavg,fedavg,504|859,504|859,1,859,data_2000_4_1.5_chordal,val_epoch_task,val,cycle3,46,,,,,,,,,,2000,689.0,20.0,1289.0,2.0,0.9717912552891397,0.9971056439942113,0.9842857718467712,0.9842857718467712,0.9842857718467712,691.0,0.34549999237060547
fedavg,fedavg,504|859,504|859,1,859,data_2000_4_1.5_chordal,val_epoch_task,val,cycle4,46,,,,,,,,,,2000,383.0,71.0,1538.0,8.0,0.8436123348017621,0.979539641943734,0.9065088629722595,0.9065088629722595,0.9065088629722595,391.0,0.19550000131130219
fedavg,fedavg,504|859,504|859,1,859,data_2000_4_1.5_chordal,val_epoch_task,val,cycle5,46,,,,,,,,,,2000,222.0,112.0,1652.0,14.0,0.6646706586826348,0.940677966101695,0.7789474129676819,0.7789474129676819,0.7789474129676819,236.0,0.11800000071525574
fedavg,fedavg,504|859,504|859,1,859,data_2000_4_1.5_chordal,val_epoch_task,val,cycle6,46,,,,,,,,,,2000,47.0,150.0,1722.0,81.0,0.23857868020304568,0.3671875,0.2892307639122009,0.2892307639122009,0.2892307639122009,128.0,0.06400000303983688
fedavg,fedavg,504|859,504|859,1,504,data_2000_3_11_chordal,global_val_client,val,,46,,,0.4279092679172754,0.9773,0.9075000286102295,0.8495692511597084,0.8615961074829102,0.8615961074829102,0.8615961074829102,2000,,,,,,,,,,,
fedavg,fedavg,504|859,504|859,1,504,data_2000_3_11_chordal,global_val_client_task,val,cycle2,46,,,,,,,,,,2000,82.0,8.0,1910.0,0.0,0.9111111111111111,1.0,0.9534883499145508,0.9534883499145508,0.9534883499145508,82.0,0.04100000113248825
fedavg,fedavg,504|859,504|859,1,504,data_2000_3_11_chordal,global_val_client_task,val,cycle3,46,,,,,,,,,,2000,128.0,8.0,1864.0,0.0,0.9411764705882353,1.0,0.9696969985961914,0.9696969985961914,0.9696969985961914,128.0,0.06400000303983688
fedavg,fedavg,504|859,504|859,1,504,data_2000_3_11_chordal,global_val_client_task,val,cycle4,46,,,,,,,,,,2000,153.0,22.0,1821.0,4.0,0.8742857142857143,0.9745222929936306,0.9216867089271545,0.9216867089271545,0.9216867089271545,157.0,0.07850000262260437
fedavg,fedavg,504|859,504|859,1,504,data_2000_3_11_chordal,global_val_client_task,val,cycle5,46,,,,,,,,,,2000,183.0,51.0,1762.0,4.0,0.782051282051282,0.9786096256684492,0.8693585991859436,0.8693585991859436,0.8693585991859436,187.0,0.09350000321865082
fedavg,fedavg,504|859,504|859,1,504,data_2000_3_11_chordal,global_val_client_task,val,cycle6,46,,,,,,,,,,2000,95.0,42.0,1775.0,88.0,0.6934306569343066,0.5191256830601093,0.5937500596046448,0.5937500596046448,0.5937500596046448,183.0,0.09149999916553497
fedavg,fedavg,504|859,504|859,1,859,data_2000_4_1.5_chordal,global_val_client,val,,46,,,0.45342423796653747,0.9608,0.8464999794960022,0.9189412737799835,0.8185822367668152,0.8185822367668152,0.8185822367668152,2000,,,,,,,,,,,
fedavg,fedavg,504|859,504|859,1,859,data_2000_4_1.5_chordal,global_val_client_task,val,cycle2,46,,,,,,,,,,2000,862.0,1.0,1137.0,0.0,0.9988412514484357,1.0,0.9994202256202698,0.9994202256202698,0.9994202256202698,862.0,0.4309999942779541
fedavg,fedavg,504|859,504|859,1,859,data_2000_4_1.5_chordal,global_val_client_task,val,cycle3,46,,,,,,,,,,2000,691.0,6.0,1303.0,0.0,0.9913916786226685,1.0,0.9956772327423096,0.9956772327423096,0.9956772327423096,691.0,0.34549999237060547
fedavg,fedavg,504|859,504|859,1,859,data_2000_4_1.5_chordal,global_val_client_task,val,cycle4,46,,,,,,,,,,2000,383.0,58.0,1551.0,8.0,0.8684807256235828,0.979539641943734,0.9206730723381042,0.9206730723381042,0.9206730723381042,391.0,0.19550000131130219
fedavg,fedavg,504|859,504|859,1,859,data_2000_4_1.5_chordal,global_val_client_task,val,cycle5,46,,,,,,,,,,2000,222.0,119.0,1645.0,14.0,0.6510263929618768,0.940677966101695,0.7694973349571228,0.7694973349571228,0.7694973349571228,236.0,0.11800000071525574
fedavg,fedavg,504|859,504|859,1,859,data_2000_4_1.5_chordal,global_val_client_task,val,cycle6,46,,,,,,,,,,2000,64.0,122.0,1750.0,64.0,0.34408602150537637,0.5,0.40764328837394714,0.40764328837394714,0.40764328837394714,128.0,0.06400000303983688
fedavg,fedavg,504|859,504|859,1,all,all,global_val_mean,val,,46,,,0.44066675294190644,0.96905,0.8770000040531158,0.884255262469846,0.8400891721248627,0.8400891721248627,0.8400891721248627,4000,,,,,,,,,,,
fedavg,fedavg,504|859,504|859,1,504,data_2000_3_11_chordal,train_epoch,train,,47,1.0,0.09128293727338314,,,,,,,,2000,,,,,,,,,,,
fedavg,fedavg,504|859,504|859,1,504,data_2000_3_11_chordal,train_epoch,train,,47,2.0,0.0827489446811378,,,,,,,,2000,,,,,,,,,,,
fedavg,fedavg,504|859,504|859,1,504,data_2000_3_11_chordal,train_epoch,train,,47,3.0,0.06515531128644943,,,,,,,,2000,,,,,,,,,,,
fedavg,fedavg,504|859,504|859,1,504,data_2000_3_11_chordal,train_epoch,train,,47,4.0,0.0852148710489273,,,,,,,,2000,,,,,,,,,,,
fedavg,fedavg,504|859,504|859,1,504,data_2000_3_11_chordal,train_epoch,train,,47,5.0,0.11208478968590498,,,,,,,,2000,,,,,,,,,,,
fedavg,fedavg,504|859,504|859,1,504,data_2000_3_11_chordal,train_epoch,train,,47,6.0,0.08082654547691345,,,,,,,,2000,,,,,,,,,,,
fedavg,fedavg,504|859,504|859,1,504,data_2000_3_11_chordal,train_epoch,train,,47,7.0,0.09391164392232895,,,,,,,,2000,,,,,,,,,,,
fedavg,fedavg,504|859,504|859,1,504,data_2000_3_11_chordal,train_epoch,train,,47,8.0,0.0668519671484828,,,,,,,,2000,,,,,,,,,,,
fedavg,fedavg,504|859,504|859,1,504,data_2000_3_11_chordal,train_epoch,train,,47,9.0,0.07104741589538753,,,,,,,,2000,,,,,,,,,,,
fedavg,fedavg,504|859,504|859,1,504,data_2000_3_11_chordal,train_epoch,train,,47,10.0,0.10320059290807694,,,,,,,,2000,,,,,,,,,,,
fedavg,fedavg,504|859,504|859,1,504,data_2000_3_11_chordal,val_epoch,val,,47,,,0.14706263214349746,0.9734,0.8934999704360962,0.8440797186400937,0.8713729977607727,0.8713729977607727,0.8713729977607727,2000,,,,,,,,,,,
fedavg,fedavg,504|859,504|859,1,504,data_2000_3_11_chordal,val_epoch_task,val,cycle2,47,,,,,,,,,,2000,82.0,7.0,1911.0,0.0,0.9213483146067416,1.0,0.9590643644332886,0.9590643644332886,0.9590643644332886,82.0,0.04100000113248825
fedavg,fedavg,504|859,504|859,1,504,data_2000_3_11_chordal,val_epoch_task,val,cycle3,47,,,,,,,,,,2000,127.0,9.0,1863.0,1.0,0.9338235294117647,0.9921875,0.9621211886405945,0.9621211886405945,0.9621211886405945,128.0,0.06400000303983688
fedavg,fedavg,504|859,504|859,1,504,data_2000_3_11_chordal,val_epoch_task,val,cycle4,47,,,,,,,,,,2000,157.0,45.0,1798.0,0.0,0.7772277227722773,1.0,0.8746518492698669,0.8746518492698669,0.8746518492698669,157.0,0.07850000262260437
fedavg,fedavg,504|859,504|859,1,504,data_2000_3_11_chordal,val_epoch_task,val,cycle5,47,,,,,,,,,,2000,187.0,59.0,1754.0,0.0,0.7601626016260162,1.0,0.8637413382530212,0.8637413382530212,0.8637413382530212,187.0,0.09350000321865082
fedavg,fedavg,504|859,504|859,1,504,data_2000_3_11_chordal,val_epoch_task,val,cycle6,47,,,,,,,,,,2000,167.0,129.0,1688.0,16.0,0.5641891891891891,0.912568306010929,0.6972860097885132,0.6972860097885132,0.6972860097885132,183.0,0.09149999916553497
fedavg,fedavg,504|859,504|859,1,859,data_2000_4_1.5_chordal,train_epoch,train,,47,1.0,0.0816372353732586,,,,,,,,2000,,,,,,,,,,,
fedavg,fedavg,504|859,504|859,1,859,data_2000_4_1.5_chordal,train_epoch,train,,47,2.0,0.059053653120994566,,,,,,,,2000,,,,,,,,,,,
fedavg,fedavg,504|859,504|859,1,859,data_2000_4_1.5_chordal,train_epoch,train,,47,3.0,0.05797476260364055,,,,,,,,2000,,,,,,,,,,,
fedavg,fedavg,504|859,504|859,1,859,data_2000_4_1.5_chordal,train_epoch,train,,47,4.0,0.07317899122089147,,,,,,,,2000,,,,,,,,,,,
fedavg,fedavg,504|859,504|859,1,859,data_2000_4_1.5_chordal,train_epoch,train,,47,5.0,0.08903071367740631,,,,,,,,2000,,,,,,,,,,,
fedavg,fedavg,504|859,504|859,1,859,data_2000_4_1.5_chordal,train_epoch,train,,47,6.0,0.06695583130419254,,,,,,,,2000,,,,,,,,,,,
fedavg,fedavg,504|859,504|859,1,859,data_2000_4_1.5_chordal,train_epoch,train,,47,7.0,0.0649768760278821,,,,,,,,2000,,,,,,,,,,,
fedavg,fedavg,504|859,504|859,1,859,data_2000_4_1.5_chordal,train_epoch,train,,47,8.0,0.06684613901376724,,,,,,,,2000,,,,,,,,,,,
fedavg,fedavg,504|859,504|859,1,859,data_2000_4_1.5_chordal,train_epoch,train,,47,9.0,0.05147877908498049,,,,,,,,2000,,,,,,,,,,,
fedavg,fedavg,504|859,504|859,1,859,data_2000_4_1.5_chordal,train_epoch,train,,47,10.0,0.06153222484886646,,,,,,,,2000,,,,,,,,,,,
fedavg,fedavg,504|859,504|859,1,859,data_2000_4_1.5_chordal,val_epoch,val,,47,,,0.5375551521778107,0.9551,0.8324999809265137,0.9080106535545994,0.8134549856185913,0.8134549856185913,0.8134549856185913,2000,,,,,,,,,,,
fedavg,fedavg,504|859,504|859,1,859,data_2000_4_1.5_chordal,val_epoch_task,val,cycle2,47,,,,,,,,,,2000,861.0,3.0,1135.0,1.0,0.9965277777777778,0.9988399071925754,0.997682511806488,0.997682511806488,0.997682511806488,862.0,0.4309999942779541
fedavg,fedavg,504|859,504|859,1,859,data_2000_4_1.5_chordal,val_epoch_task,val,cycle3,47,,,,,,,,,,2000,689.0,10.0,1299.0,2.0,0.9856938483547926,0.9971056439942113,0.9913669228553772,0.9913669228553772,0.9913669228553772,691.0,0.34549999237060547
fedavg,fedavg,504|859,504|859,1,859,data_2000_4_1.5_chordal,val_epoch_task,val,cycle4,47,,,,,,,,,,2000,371.0,34.0,1575.0,20.0,0.9160493827160494,0.948849104859335,0.9321607947349548,0.9321607947349548,0.9321607947349548,391.0,0.19550000131130219
fedavg,fedavg,504|859,504|859,1,859,data_2000_4_1.5_chordal,val_epoch_task,val,cycle5,47,,,,,,,,,,2000,217.0,158.0,1606.0,19.0,0.5786666666666667,0.9194915254237288,0.7103109359741211,0.7103109359741211,0.7103109359741211,236.0,0.11800000071525574
fedavg,fedavg,504|859,504|859,1,859,data_2000_4_1.5_chordal,val_epoch_task,val,cycle6,47,,,,,,,,,,2000,78.0,152.0,1720.0,50.0,0.3391304347826087,0.609375,0.4357541799545288,0.4357541799545288,0.4357541799545288,128.0,0.06400000303983688
fedavg,fedavg,504|859,504|859,1,504,data_2000_3_11_chordal,global_val_client,val,,47,,,0.3900980221107602,0.9761,0.8995000123977661,0.846696600384862,0.8616539239883423,0.8616539239883423,0.8616539239883423,2000,,,,,,,,,,,
fedavg,fedavg,504|859,504|859,1,504,data_2000_3_11_chordal,global_val_client_task,val,cycle2,47,,,,,,,,,,2000,82.0,7.0,1911.0,0.0,0.9213483146067416,1.0,0.9590643644332886,0.9590643644332886,0.9590643644332886,82.0,0.04100000113248825
fedavg,fedavg,504|859,504|859,1,504,data_2000_3_11_chordal,global_val_client_task,val,cycle3,47,,,,,,,,,,2000,127.0,13.0,1859.0,1.0,0.9071428571428571,0.9921875,0.9477611780166626,0.9477611780166626,0.9477611780166626,128.0,0.06400000303983688
fedavg,fedavg,504|859,504|859,1,504,data_2000_3_11_chordal,global_val_client_task,val,cycle4,47,,,,,,,,,,2000,157.0,32.0,1811.0,0.0,0.8306878306878307,1.0,0.9075144529342651,0.9075144529342651,0.9075144529342651,157.0,0.07850000262260437
fedavg,fedavg,504|859,504|859,1,504,data_2000_3_11_chordal,global_val_client_task,val,cycle5,47,,,,,,,,,,2000,186.0,53.0,1760.0,1.0,0.7782426778242678,0.9946524064171123,0.8732394576072693,0.8732394576072693,0.8732394576072693,187.0,0.09350000321865082
fedavg,fedavg,504|859,504|859,1,504,data_2000_3_11_chordal,global_val_client_task,val,cycle6,47,,,,,,,,,,2000,108.0,57.0,1760.0,75.0,0.6545454545454545,0.5901639344262295,0.6206896901130676,0.6206896901130676,0.6206896901130676,183.0,0.09149999916553497
fedavg,fedavg,504|859,504|859,1,859,data_2000_4_1.5_chordal,global_val_client,val,,47,,,0.349973433971405,0.9328,0.7770000100135803,0.8714121699196326,0.7846249341964722,0.7846249341964722,0.7846249341964722,2000,,,,,,,,,,,
fedavg,fedavg,504|859,504|859,1,859,data_2000_4_1.5_chordal,global_val_client_task,val,cycle2,47,,,,,,,,,,2000,862.0,6.0,1132.0,0.0,0.9930875576036866,1.0,0.9965317845344543,0.9965317845344543,0.9965317845344543,862.0,0.4309999942779541
fedavg,fedavg,504|859,504|859,1,859,data_2000_4_1.5_chordal,global_val_client_task,val,cycle3,47,,,,,,,,,,2000,691.0,13.0,1296.0,0.0,0.9815340909090909,1.0,0.990680992603302,0.990680992603302,0.990680992603302,691.0,0.34549999237060547
fedavg,fedavg,504|859,504|859,1,859,data_2000_4_1.5_chordal,global_val_client_task,val,cycle4,47,,,,,,,,,,2000,389.0,104.0,1505.0,2.0,0.7890466531440162,0.9948849104859335,0.8800904750823975,0.8800904750823975,0.8800904750823975,391.0,0.19550000131130219
fedavg,fedavg,504|859,504|859,1,859,data_2000_4_1.5_chordal,global_val_client_task,val,cycle5,47,,,,,,,,,,2000,234.0,264.0,1500.0,2.0,0.46987951807228917,0.9915254237288136,0.6376021504402161,0.6376021504402161,0.6376021504402161,236.0,0.11800000071525574
fedavg,fedavg,504|859,504|859,1,859,data_2000_4_1.5_chordal,global_val_client_task,val,cycle6,47,,,,,,,,,,2000,101.0,254.0,1618.0,27.0,0.28450704225352114,0.7890625,0.4182194471359253,0.4182194471359253,0.4182194471359253,128.0,0.06400000303983688
fedavg,fedavg,504|859,504|859,1,all,all,global_val_mean,val,,47,,,0.37003572804108265,0.95445,0.8382500112056732,0.8590543851522473,0.8231394290924072,0.8231394290924072,0.8231394290924072,4000,,,,,,,,,,,
fedavg,fedavg,504|859,504|859,1,504,data_2000_3_11_chordal,train_epoch,train,,48,1.0,0.07143527837470173,,,,,,,,2000,,,,,,,,,,,
fedavg,fedavg,504|859,504|859,1,504,data_2000_3_11_chordal,train_epoch,train,,48,2.0,0.07601730927824973,,,,,,,,2000,,,,,,,,,,,
fedavg,fedavg,504|859,504|859,1,504,data_2000_3_11_chordal,train_epoch,train,,48,3.0,0.07090114717185497,,,,,,,,2000,,,,,,,,,,,
fedavg,fedavg,504|859,504|859,1,504,data_2000_3_11_chordal,train_epoch,train,,48,4.0,0.09507735225558281,,,,,,,,2000,,,,,,,,,,,
fedavg,fedavg,504|859,504|859,1,504,data_2000_3_11_chordal,train_epoch,train,,48,5.0,0.08930180123448372,,,,,,,,2000,,,,,,,,,,,
fedavg,fedavg,504|859,504|859,1,504,data_2000_3_11_chordal,train_epoch,train,,48,6.0,0.07529375795833766,,,,,,,,2000,,,,,,,,,,,
fedavg,fedavg,504|859,504|859,1,504,data_2000_3_11_chordal,train_epoch,train,,48,7.0,0.08687302373722196,,,,,,,,2000,,,,,,,,,,,
fedavg,fedavg,504|859,504|859,1,504,data_2000_3_11_chordal,train_epoch,train,,48,8.0,0.08961528899520635,,,,,,,,2000,,,,,,,,,,,
fedavg,fedavg,504|859,504|859,1,504,data_2000_3_11_chordal,train_epoch,train,,48,9.0,0.07483676505088806,,,,,,,,2000,,,,,,,,,,,
fedavg,fedavg,504|859,504|859,1,504,data_2000_3_11_chordal,train_epoch,train,,48,10.0,0.06542463250167202,,,,,,,,2000,,,,,,,,,,,
fedavg,fedavg,504|859,504|859,1,504,data_2000_3_11_chordal,val_epoch,val,,48,,,0.32691267800331114,0.9781,0.9104999899864197,0.8582524271844659,0.8765956163406372,0.8765956163406372,0.8765956163406372,2000,,,,,,,,,,,
fedavg,fedavg,504|859,504|859,1,504,data_2000_3_11_chordal,val_epoch_task,val,cycle2,48,,,,,,,,,,2000,82.0,7.0,1911.0,0.0,0.9213483146067416,1.0,0.9590643644332886,0.9590643644332886,0.9590643644332886,82.0,0.04100000113248825
fedavg,fedavg,504|859,504|859,1,504,data_2000_3_11_chordal,val_epoch_task,val,cycle3,48,,,,,,,,,,2000,126.0,10.0,1862.0,2.0,0.9264705882352942,0.984375,0.9545454382896423,0.9545454382896423,0.9545454382896423,128.0,0.06400000303983688
fedavg,fedavg,504|859,504|859,1,504,data_2000_3_11_chordal,val_epoch_task,val,cycle4,48,,,,,,,,,,2000,155.0,26.0,1817.0,2.0,0.856353591160221,0.9872611464968153,0.9171597361564636,0.9171597361564636,0.9171597361564636,157.0,0.07850000262260437
fedavg,fedavg,504|859,504|859,1,504,data_2000_3_11_chordal,val_epoch_task,val,cycle5,48,,,,,,,,,,2000,172.0,31.0,1782.0,15.0,0.8472906403940886,0.9197860962566845,0.8820512890815735,0.8820512890815735,0.8820512890815735,187.0,0.09350000321865082
fedavg,fedavg,504|859,504|859,1,504,data_2000_3_11_chordal,val_epoch_task,val,cycle6,48,,,,,,,,,,2000,128.0,71.0,1746.0,55.0,0.6432160804020101,0.6994535519125683,0.6701570749282837,0.6701570749282837,0.6701570749282837,183.0,0.09149999916553497
fedavg,fedavg,504|859,504|859,1,859,data_2000_4_1.5_chordal,train_epoch,train,,48,1.0,0.07936779976636171,,,,,,,,2000,,,,,,,,,,,
fedavg,fedavg,504|859,504|859,1,859,data_2000_4_1.5_chordal,train_epoch,train,,48,2.0,0.0634638848900795,,,,,,,,2000,,,,,,,,,,,
fedavg,fedavg,504|859,504|859,1,859,data_2000_4_1.5_chordal,train_epoch,train,,48,3.0,0.0784826159030199,,,,,,,,2000,,,,,,,,,,,
fedavg,fedavg,504|859,504|859,1,859,data_2000_4_1.5_chordal,train_epoch,train,,48,4.0,0.08056761549413204,,,,,,,,2000,,,,,,,,,,,
fedavg,fedavg,504|859,504|859,1,859,data_2000_4_1.5_chordal,train_epoch,train,,48,5.0,0.06868241264671088,,,,,,,,2000,,,,,,,,,,,
fedavg,fedavg,504|859,504|859,1,859,data_2000_4_1.5_chordal,train_epoch,train,,48,6.0,0.06847578720748425,,,,,,,,2000,,,,,,,,,,,
fedavg,fedavg,504|859,504|859,1,859,data_2000_4_1.5_chordal,train_epoch,train,,48,7.0,0.0831483070552349,,,,,,,,2000,,,,,,,,,,,
fedavg,fedavg,504|859,504|859,1,859,data_2000_4_1.5_chordal,train_epoch,train,,48,8.0,0.07858615202736109,,,,,,,,2000,,,,,,,,,,,
fedavg,fedavg,504|859,504|859,1,859,data_2000_4_1.5_chordal,train_epoch,train,,48,9.0,0.07860457666963339,,,,,,,,2000,,,,,,,,,,,
fedavg,fedavg,504|859,504|859,1,859,data_2000_4_1.5_chordal,train_epoch,train,,48,10.0,0.07161662968993186,,,,,,,,2000,,,,,,,,,,,
fedavg,fedavg,504|859,504|859,1,859,data_2000_4_1.5_chordal,val_epoch,val,,48,,,1.1003324584960938,0.9675,0.8684999942779541,0.9300021537798836,0.8000979423522949,0.8000979423522949,0.8000979423522949,2000,,,,,,,,,,,
fedavg,fedavg,504|859,504|859,1,859,data_2000_4_1.5_chordal,val_epoch_task,val,cycle2,48,,,,,,,,,,2000,859.0,5.0,1133.0,3.0,0.9942129629629629,0.9965197215777262,0.9953650832176208,0.9953650832176208,0.9953650832176208,862.0,0.4309999942779541
fedavg,fedavg,504|859,504|859,1,859,data_2000_4_1.5_chordal,val_epoch_task,val,cycle3,48,,,,,,,,,,2000,688.0,15.0,1294.0,3.0,0.9786628733997155,0.9956584659913169,0.9870874881744385,0.9870874881744385,0.9870874881744385,691.0,0.34549999237060547
fedavg,fedavg,504|859,504|859,1,859,data_2000_4_1.5_chordal,val_epoch_task,val,cycle4,48,,,,,,,,,,2000,376.0,41.0,1568.0,15.0,0.9016786570743405,0.9616368286445013,0.9306930303573608,0.9306930303573608,0.9306930303573608,391.0,0.19550000131130219
fedavg,fedavg,504|859,504|859,1,859,data_2000_4_1.5_chordal,val_epoch_task,val,cycle5,48,,,,,,,,,,2000,208.0,84.0,1680.0,28.0,0.7123287671232876,0.8813559322033898,0.7878788113594055,0.7878788113594055,0.7878788113594055,236.0,0.11800000071525574
fedavg,fedavg,504|859,504|859,1,859,data_2000_4_1.5_chordal,val_epoch_task,val,cycle6,48,,,,,,,,,,2000,28.0,31.0,1841.0,100.0,0.4745762711864407,0.21875,0.29946526885032654,0.29946526885032654,0.29946526885032654,128.0,0.06400000303983688
fedavg,fedavg,504|859,504|859,1,504,data_2000_3_11_chordal,global_val_client,val,,48,,,0.6263435330390931,0.9742,0.8934999704360962,0.8247282608695652,0.8307338953018188,0.8307338953018188,0.8307338953018188,2000,,,,,,,,,,,
fedavg,fedavg,504|859,504|859,1,504,data_2000_3_11_chordal,global_val_client_task,val,cycle2,48,,,,,,,,,,2000,82.0,1.0,1917.0,0.0,0.9879518072289156,1.0,0.9939393997192383,0.9939393997192383,0.9939393997192383,82.0,0.04100000113248825
fedavg,fedavg,504|859,504|859,1,504,data_2000_3_11_chordal,global_val_client_task,val,cycle3,48,,,,,,,,,,2000,127.0,13.0,1859.0,1.0,0.9071428571428571,0.9921875,0.9477611780166626,0.9477611780166626,0.9477611780166626,128.0,0.06400000303983688
fedavg,fedavg,504|859,504|859,1,504,data_2000_3_11_chordal,global_val_client_task,val,cycle4,48,,,,,,,,,,2000,156.0,23.0,1820.0,1.0,0.8715083798882681,0.9936305732484076,0.9285714030265808,0.9285714030265808,0.9285714030265808,157.0,0.07850000262260437
fedavg,fedavg,504|859,504|859,1,504,data_2000_3_11_chordal,global_val_client_task,val,cycle5,48,,,,,,,,,,2000,183.0,60.0,1753.0,4.0,0.7530864197530864,0.9786096256684492,0.8511627912521362,0.8511627912521362,0.8511627912521362,187.0,0.09350000321865082
fedavg,fedavg,504|859,504|859,1,504,data_2000_3_11_chordal,global_val_client_task,val,cycle6,48,,,,,,,,,,2000,59.0,31.0,1786.0,124.0,0.6555555555555556,0.3224043715846995,0.4322344660758972,0.4322344660758972,0.4322344660758972,183.0,0.09149999916553497
fedavg,fedavg,504|859,504|859,1,859,data_2000_4_1.5_chordal,global_val_client,val,,48,,,0.4949545077085495,0.9617,0.8504999876022339,0.9208514155817318,0.8271747827529907,0.8271747827529907,0.8271747827529907,2000,,,,,,,,,,,
fedavg,fedavg,504|859,504|859,1,859,data_2000_4_1.5_chordal,global_val_client_task,val,cycle2,48,,,,,,,,,,2000,862.0,5.0,1133.0,0.0,0.994232987312572,1.0,0.9971081614494324,0.9971081614494324,0.9971081614494324,862.0,0.4309999942779541
fedavg,fedavg,504|859,504|859,1,859,data_2000_4_1.5_chordal,global_val_client_task,val,cycle3,48,,,,,,,,,,2000,690.0,13.0,1296.0,1.0,0.9815078236130867,0.9985528219971056,0.9899569749832153,0.9899569749832153,0.9899569749832153,691.0,0.34549999237060547
fedavg,fedavg,504|859,504|859,1,859,data_2000_4_1.5_chordal,global_val_client_task,val,cycle4,48,,,,,,,,,,2000,385.0,69.0,1540.0,6.0,0.8480176211453745,0.9846547314578005,0.9112426042556763,0.9112426042556763,0.9112426042556763,391.0,0.19550000131130219
fedavg,fedavg,504|859,504|859,1,859,data_2000_4_1.5_chordal,global_val_client_task,val,cycle5,48,,,,,,,,,,2000,223.0,125.0,1639.0,13.0,0.6408045977011494,0.9449152542372882,0.7636985778808594,0.7636985778808594,0.7636985778808594,236.0,0.11800000071525574
fedavg,fedavg,504|859,504|859,1,859,data_2000_4_1.5_chordal,global_val_client_task,val,cycle6,48,,,,,,,,,,2000,68.0,91.0,1781.0,60.0,0.4276729559748428,0.53125,0.4738675653934479,0.4738675653934479,0.4738675653934479,128.0,0.06400000303983688
fedavg,fedavg,504|859,504|859,1,all,all,global_val_mean,val,,48,,,0.5606490203738212,0.9679500000000001,0.871999979019165,0.8727898382256485,0.8289543390274048,0.8289543390274048,0.8289543390274048,4000,,,,,,,,,,,
fedavg,fedavg,504|859,504|859,1,504,data_2000_3_11_chordal,train_epoch,train,,49,1.0,0.12007965385913849,,,,,,,,2000,,,,,,,,,,,
fedavg,fedavg,504|859,504|859,1,504,data_2000_3_11_chordal,train_epoch,train,,49,2.0,0.0868911834359169,,,,,,,,2000,,,,,,,,,,,
fedavg,fedavg,504|859,504|859,1,504,data_2000_3_11_chordal,train_epoch,train,,49,3.0,0.10304767482355237,,,,,,,,2000,,,,,,,,,,,
fedavg,fedavg,504|859,504|859,1,504,data_2000_3_11_chordal,train_epoch,train,,49,4.0,0.0750796123445034,,,,,,,,2000,,,,,,,,,,,
fedavg,fedavg,504|859,504|859,1,504,data_2000_3_11_chordal,train_epoch,train,,49,5.0,0.0686813440322876,,,,,,,,2000,,,,,,,,,,,
fedavg,fedavg,504|859,504|859,1,504,data_2000_3_11_chordal,train_epoch,train,,49,6.0,0.08204572439938784,,,,,,,,2000,,,,,,,,,,,
fedavg,fedavg,504|859,504|859,1,504,data_2000_3_11_chordal,train_epoch,train,,49,7.0,0.0966624208278954,,,,,,,,2000,,,,,,,,,,,
fedavg,fedavg,504|859,504|859,1,504,data_2000_3_11_chordal,train_epoch,train,,49,8.0,0.08753385757282377,,,,,,,,2000,,,,,,,,,,,
fedavg,fedavg,504|859,504|859,1,504,data_2000_3_11_chordal,train_epoch,train,,49,9.0,0.09816550751030445,,,,,,,,2000,,,,,,,,,,,
fedavg,fedavg,504|859,504|859,1,504,data_2000_3_11_chordal,train_epoch,train,,49,10.0,0.06575235848128795,,,,,,,,2000,,,,,,,,,,,
fedavg,fedavg,504|859,504|859,1,504,data_2000_3_11_chordal,val_epoch,val,,49,,,0.22341281533241272,0.9762,0.9085000157356262,0.8530864197530864,0.8700510263442993,0.8700510263442993,0.8700510263442993,2000,,,,,,,,,,,
fedavg,fedavg,504|859,504|859,1,504,data_2000_3_11_chordal,val_epoch_task,val,cycle2,49,,,,,,,,,,2000,82.0,7.0,1911.0,0.0,0.9213483146067416,1.0,0.9590643644332886,0.9590643644332886,0.9590643644332886,82.0,0.04100000113248825
fedavg,fedavg,504|859,504|859,1,504,data_2000_3_11_chordal,val_epoch_task,val,cycle3,49,,,,,,,,,,2000,128.0,27.0,1845.0,0.0,0.8258064516129032,1.0,0.9045936465263367,0.9045936465263367,0.9045936465263367,128.0,0.06400000303983688
fedavg,fedavg,504|859,504|859,1,504,data_2000_3_11_chordal,val_epoch_task,val,cycle4,49,,,,,,,,,,2000,154.0,32.0,1811.0,3.0,0.8279569892473119,0.9808917197452229,0.8979591727256775,0.8979591727256775,0.8979591727256775,157.0,0.07850000262260437
fedavg,fedavg,504|859,504|859,1,504,data_2000_3_11_chordal,val_epoch_task,val,cycle5,49,,,,,,,,,,2000,183.0,43.0,1770.0,4.0,0.8097345132743363,0.9786096256684492,0.8861985802650452,0.8861985802650452,0.8861985802650452,187.0,0.09350000321865082
fedavg,fedavg,504|859,504|859,1,504,data_2000_3_11_chordal,val_epoch_task,val,cycle6,49,,,,,,,,,,2000,144.0,83.0,1734.0,39.0,0.6343612334801763,0.7868852459016393,0.70243901014328,0.70243901014328,0.70243901014328,183.0,0.09149999916553497
fedavg,fedavg,504|859,504|859,1,859,data_2000_4_1.5_chordal,train_epoch,train,,49,1.0,0.08292782423645258,,,,,,,,2000,,,,,,,,,,,
fedavg,fedavg,504|859,504|859,1,859,data_2000_4_1.5_chordal,train_epoch,train,,49,2.0,0.053380022674798966,,,,,,,,2000,,,,,,,,,,,
fedavg,fedavg,504|859,504|859,1,859,data_2000_4_1.5_chordal,train_epoch,train,,49,3.0,0.06586533896625042,,,,,,,,2000,,,,,,,,,,,
fedavg,fedavg,504|859,504|859,1,859,data_2000_4_1.5_chordal,train_epoch,train,,49,4.0,0.0686786314547062,,,,,,,,2000,,,,,,,,,,,
fedavg,fedavg,504|859,504|859,1,859,data_2000_4_1.5_chordal,train_epoch,train,,49,5.0,0.06551471492648124,,,,,,,,2000,,,,,,,,,,,
fedavg,fedavg,504|859,504|859,1,859,data_2000_4_1.5_chordal,train_epoch,train,,49,6.0,0.05903960406035185,,,,,,,,2000,,,,,,,,,,,
fedavg,fedavg,504|859,504|859,1,859,data_2000_4_1.5_chordal,train_epoch,train,,49,7.0,0.09045652632415295,,,,,,,,2000,,,,,,,,,,,
fedavg,fedavg,504|859,504|859,1,859,data_2000_4_1.5_chordal,train_epoch,train,,49,8.0,0.057188467912375925,,,,,,,,2000,,,,,,,,,,,
fedavg,fedavg,504|859,504|859,1,859,data_2000_4_1.5_chordal,train_epoch,train,,49,9.0,0.06204194948077202,,,,,,,,2000,,,,,,,,,,,
fedavg,fedavg,504|859,504|859,1,859,data_2000_4_1.5_chordal,train_epoch,train,,49,10.0,0.059166856288909914,,,,,,,,2000,,,,,,,,,,,
fedavg,fedavg,504|859,504|859,1,859,data_2000_4_1.5_chordal,val_epoch,val,,49,,,0.9713134098052979,0.9675,0.8654999732971191,0.93048128342246,0.8082993626594543,0.8082993626594543,0.8082993626594543,2000,,,,,,,,,,,
fedavg,fedavg,504|859,504|859,1,859,data_2000_4_1.5_chordal,val_epoch_task,val,cycle2,49,,,,,,,,,,2000,862.0,9.0,1129.0,0.0,0.9896670493685419,1.0,0.994806706905365,0.994806706905365,0.994806706905365,862.0,0.4309999942779541
fedavg,fedavg,504|859,504|859,1,859,data_2000_4_1.5_chordal,val_epoch_task,val,cycle3,49,,,,,,,,,,2000,690.0,15.0,1294.0,1.0,0.9787234042553191,0.9985528219971056,0.9885386824607849,0.9885386824607849,0.9885386824607849,691.0,0.34549999237060547
fedavg,fedavg,504|859,504|859,1,859,data_2000_4_1.5_chordal,val_epoch_task,val,cycle4,49,,,,,,,,,,2000,378.0,36.0,1573.0,13.0,0.9130434782608695,0.9667519181585678,0.939130425453186,0.939130425453186,0.939130425453186,391.0,0.19550000131130219
fedavg,fedavg,504|859,504|859,1,859,data_2000_4_1.5_chordal,val_epoch_task,val,cycle5,49,,,,,,,,,,2000,211.0,89.0,1675.0,25.0,0.7033333333333334,0.8940677966101694,0.7873134613037109,0.7873134613037109,0.7873134613037109,236.0,0.11800000071525574
fedavg,fedavg,504|859,504|859,1,859,data_2000_4_1.5_chordal,val_epoch_task,val,cycle6,49,,,,,,,,,,2000,34.0,43.0,1829.0,94.0,0.44155844155844154,0.265625,0.33170729875564575,0.33170729875564575,0.33170729875564575,128.0,0.06400000303983688
fedavg,fedavg,504|859,504|859,1,504,data_2000_3_11_chordal,global_val_client,val,,49,,,0.6136973564326763,0.976,0.909500002861023,0.8371777476255088,0.8333452939987183,0.8333452939987183,0.8333452939987183,2000,,,,,,,,,,,
fedavg,fedavg,504|859,504|859,1,504,data_2000_3_11_chordal,global_val_client_task,val,cycle2,49,,,,,,,,,,2000,82.0,17.0,1901.0,0.0,0.8282828282828283,1.0,0.9060773253440857,0.9060773253440857,0.9060773253440857,82.0,0.04100000113248825
fedavg,fedavg,504|859,504|859,1,504,data_2000_3_11_chordal,global_val_client_task,val,cycle3,49,,,,,,,,,,2000,127.0,18.0,1854.0,1.0,0.8758620689655172,0.9921875,0.9304028749465942,0.9304028749465942,0.9304028749465942,128.0,0.06400000303983688
fedavg,fedavg,504|859,504|859,1,504,data_2000_3_11_chordal,global_val_client_task,val,cycle4,49,,,,,,,,,,2000,150.0,27.0,1816.0,7.0,0.847457627118644,0.9554140127388535,0.8982035517692566,0.8982035517692566,0.8982035517692566,157.0,0.07850000262260437
fedavg,fedavg,504|859,504|859,1,504,data_2000_3_11_chordal,global_val_client_task,val,cycle5,49,,,,,,,,,,2000,185.0,36.0,1777.0,2.0,0.8371040723981901,0.9893048128342246,0.9068627953529358,0.9068627953529358,0.9068627953529358,187.0,0.09350000321865082
fedavg,fedavg,504|859,504|859,1,504,data_2000_3_11_chordal,global_val_client_task,val,cycle6,49,,,,,,,,,,2000,73.0,22.0,1795.0,110.0,0.7684210526315789,0.3989071038251366,0.5251798629760742,0.5251798629760742,0.5251798629760742,183.0,0.09149999916553497
fedavg,fedavg,504|859,504|859,1,859,data_2000_4_1.5_chordal,global_val_client,val,,49,,,0.5515320973992348,0.9564,0.8379999995231628,0.9109840751327072,0.8107510805130005,0.8107510805130005,0.8107510805130005,2000,,,,,,,,,,,
fedavg,fedavg,504|859,504|859,1,859,data_2000_4_1.5_chordal,global_val_client_task,val,cycle2,49,,,,,,,,,,2000,862.0,5.0,1133.0,0.0,0.994232987312572,1.0,0.9971081614494324,0.9971081614494324,0.9971081614494324,862.0,0.4309999942779541
fedavg,fedavg,504|859,504|859,1,859,data_2000_4_1.5_chordal,global_val_client_task,val,cycle3,49,,,,,,,,,,2000,691.0,16.0,1293.0,0.0,0.9773691654879774,1.0,0.9885550737380981,0.9885550737380981,0.9885550737380981,691.0,0.34549999237060547
fedavg,fedavg,504|859,504|859,1,859,data_2000_4_1.5_chordal,global_val_client_task,val,cycle4,49,,,,,,,,,,2000,389.0,83.0,1526.0,2.0,0.8241525423728814,0.9948849104859335,0.9015063643455505,0.9015063643455505,0.9015063643455505,391.0,0.19550000131130219
fedavg,fedavg,504|859,504|859,1,859,data_2000_4_1.5_chordal,global_val_client_task,val,cycle5,49,,,,,,,,,,2000,228.0,174.0,1590.0,8.0,0.5671641791044776,0.9661016949152542,0.7147336006164551,0.7147336006164551,0.7147336006164551,236.0,0.11800000071525574
fedavg,fedavg,504|859,504|859,1,859,data_2000_4_1.5_chordal,global_val_client_task,val,cycle6,49,,,,,,,,,,2000,61.0,81.0,1791.0,67.0,0.4295774647887324,0.4765625,0.45185184478759766,0.45185184478759766,0.45185184478759766,128.0,0.06400000303983688
fedavg,fedavg,504|859,504|859,1,all,all,global_val_mean,val,,49,,,0.5826147269159555,0.9662000000000001,0.8737500011920929,0.874080911379108,0.8220481872558594,0.8220481872558594,0.8220481872558594,4000,,,,,,,,,,,
fedavg,fedavg,504|859,504|859,1,504,data_2000_3_11_chordal,train_epoch,train,,50,1.0,0.09733070623874664,,,,,,,,2000,,,,,,,,,,,
fedavg,fedavg,504|859,504|859,1,504,data_2000_3_11_chordal,train_epoch,train,,50,2.0,0.09013666845415719,,,,,,,,2000,,,,,,,,,,,
fedavg,fedavg,504|859,504|859,1,504,data_2000_3_11_chordal,train_epoch,train,,50,3.0,0.06448853026330471,,,,,,,,2000,,,,,,,,,,,
fedavg,fedavg,504|859,504|859,1,504,data_2000_3_11_chordal,train_epoch,train,,50,4.0,0.08088217693567276,,,,,,,,2000,,,,,,,,,,,
fedavg,fedavg,504|859,504|859,1,504,data_2000_3_11_chordal,train_epoch,train,,50,5.0,0.08251354241371155,,,,,,,,2000,,,,,,,,,,,
fedavg,fedavg,504|859,504|859,1,504,data_2000_3_11_chordal,train_epoch,train,,50,6.0,0.08169049301743507,,,,,,,,2000,,,,,,,,,,,
fedavg,fedavg,504|859,504|859,1,504,data_2000_3_11_chordal,train_epoch,train,,50,7.0,0.08326497404277325,,,,,,,,2000,,,,,,,,,,,
fedavg,fedavg,504|859,504|859,1,504,data_2000_3_11_chordal,train_epoch,train,,50,8.0,0.09689949315786361,,,,,,,,2000,,,,,,,,,,,
fedavg,fedavg,504|859,504|859,1,504,data_2000_3_11_chordal,train_epoch,train,,50,9.0,0.061955247707664966,,,,,,,,2000,,,,,,,,,,,
fedavg,fedavg,504|859,504|859,1,504,data_2000_3_11_chordal,train_epoch,train,,50,10.0,0.06649764715135098,,,,,,,,2000,,,,,,,,,,,
fedavg,fedavg,504|859,504|859,1,504,data_2000_3_11_chordal,val_epoch,val,,50,,,0.24571204163134097,0.9768,0.9024999737739563,0.8546365914786967,0.8731023669242859,0.8731023669242859,0.8731023669242859,2000,,,,,,,,,,,
fedavg,fedavg,504|859,504|859,1,504,data_2000_3_11_chordal,val_epoch_task,val,cycle2,50,,,,,,,,,,2000,81.0,5.0,1913.0,1.0,0.9418604651162791,0.9878048780487805,0.964285671710968,0.964285671710968,0.964285671710968,82.0,0.04100000113248825
fedavg,fedavg,504|859,504|859,1,504,data_2000_3_11_chordal,val_epoch_task,val,cycle3,50,,,,,,,,,,2000,128.0,21.0,1851.0,0.0,0.8590604026845637,1.0,0.9241877198219299,0.9241877198219299,0.9241877198219299,128.0,0.06400000303983688
fedavg,fedavg,504|859,504|859,1,504,data_2000_3_11_chordal,val_epoch_task,val,cycle4,50,,,,,,,,,,2000,157.0,33.0,1810.0,0.0,0.8263157894736842,1.0,0.9048991203308105,0.9048991203308105,0.9048991203308105,157.0,0.07850000262260437
fedavg,fedavg,504|859,504|859,1,504,data_2000_3_11_chordal,val_epoch_task,val,cycle5,50,,,,,,,,,,2000,181.0,34.0,1779.0,6.0,0.8418604651162791,0.9679144385026738,0.900497555732727,0.900497555732727,0.900497555732727,187.0,0.09350000321865082
fedavg,fedavg,504|859,504|859,1,504,data_2000_3_11_chordal,val_epoch_task,val,cycle6,50,,,,,,,,,,2000,135.0,84.0,1733.0,48.0,0.6164383561643836,0.7377049180327869,0.6716417670249939,0.6716417670249939,0.6716417670249939,183.0,0.09149999916553497
fedavg,fedavg,504|859,504|859,1,859,data_2000_4_1.5_chordal,train_epoch,train,,50,1.0,0.08795785102061927,,,,,,,,2000,,,,,,,,,,,
fedavg,fedavg,504|859,504|859,1,859,data_2000_4_1.5_chordal,train_epoch,train,,50,2.0,0.07045083840191364,,,,,,,,2000,,,,,,,,,,,
fedavg,fedavg,504|859,504|859,1,859,data_2000_4_1.5_chordal,train_epoch,train,,50,3.0,0.0837417684867978,,,,,,,,2000,,,,,,,,,,,
fedavg,fedavg,504|859,504|859,1,859,data_2000_4_1.5_chordal,train_epoch,train,,50,4.0,0.055043678391724825,,,,,,,,2000,,,,,,,,,,,
fedavg,fedavg,504|859,504|859,1,859,data_2000_4_1.5_chordal,train_epoch,train,,50,5.0,0.06464504941180349,,,,,,,,2000,,,,,,,,,,,
fedavg,fedavg,504|859,504|859,1,859,data_2000_4_1.5_chordal,train_epoch,train,,50,6.0,0.04964466620609164,,,,,,,,2000,,,,,,,,,,,
fedavg,fedavg,504|859,504|859,1,859,data_2000_4_1.5_chordal,train_epoch,train,,50,7.0,0.058369867503643036,,,,,,,,2000,,,,,,,,,,,
fedavg,fedavg,504|859,504|859,1,859,data_2000_4_1.5_chordal,train_epoch,train,,50,8.0,0.053611492626369,,,,,,,,2000,,,,,,,,,,,
fedavg,fedavg,504|859,504|859,1,859,data_2000_4_1.5_chordal,train_epoch,train,,50,9.0,0.05600252129137516,,,,,,,,2000,,,,,,,,,,,
fedavg,fedavg,504|859,504|859,1,859,data_2000_4_1.5_chordal,train_epoch,train,,50,10.0,0.055191570430994034,,,,,,,,2000,,,,,,,,,,,
fedavg,fedavg,504|859,504|859,1,859,data_2000_4_1.5_chordal,val_epoch,val,,50,,,1.196587506055832,0.9662,0.8629999756813049,0.9279317697228145,0.7953521013259888,0.7953521013259888,0.7953521013259888,2000,,,,,,,,,,,
fedavg,fedavg,504|859,504|859,1,859,data_2000_4_1.5_chordal,val_epoch_task,val,cycle2,50,,,,,,,,,,2000,862.0,3.0,1135.0,0.0,0.9965317919075144,1.0,0.998262882232666,0.998262882232666,0.998262882232666,862.0,0.4309999942779541
fedavg,fedavg,504|859,504|859,1,859,data_2000_4_1.5_chordal,val_epoch_task,val,cycle3,50,,,,,,,,,,2000,690.0,10.0,1299.0,1.0,0.9857142857142858,0.9985528219971056,0.9920920133590698,0.9920920133590698,0.9920920133590698,691.0,0.34549999237060547
fedavg,fedavg,504|859,504|859,1,859,data_2000_4_1.5_chordal,val_epoch_task,val,cycle4,50,,,,,,,,,,2000,384.0,51.0,1558.0,7.0,0.8827586206896552,0.9820971867007673,0.9297821521759033,0.9297821521759033,0.9297821521759033,391.0,0.19550000131130219
fedavg,fedavg,504|859,504|859,1,859,data_2000_4_1.5_chordal,val_epoch_task,val,cycle5,50,,,,,,,,,,2000,212.0,102.0,1662.0,24.0,0.6751592356687898,0.8983050847457628,0.7709090709686279,0.7709090709686279,0.7709090709686279,236.0,0.11800000071525574
fedavg,fedavg,504|859,504|859,1,859,data_2000_4_1.5_chordal,val_epoch_task,val,cycle6,50,,,,,,,,,,2000,28.0,40.0,1832.0,100.0,0.4117647058823529,0.21875,0.2857142686843872,0.2857142686843872,0.2857142686843872,128.0,0.06400000303983688
fedavg,fedavg,504|859,504|859,1,504,data_2000_3_11_chordal,global_val_client,val,,50,,,0.5132330931685865,0.9781,0.909500002861023,0.8513238289205702,0.8577057123184204,0.8577057123184204,0.8577057123184204,2000,,,,,,,,,,,
fedavg,fedavg,504|859,504|859,1,504,data_2000_3_11_chordal,global_val_client_task,val,cycle2,50,,,,,,,,,,2000,82.0,4.0,1914.0,0.0,0.9534883720930233,1.0,0.976190447807312,0.976190447807312,0.976190447807312,82.0,0.04100000113248825
fedavg,fedavg,504|859,504|859,1,504,data_2000_3_11_chordal,global_val_client_task,val,cycle3,50,,,,,,,,,,2000,128.0,16.0,1856.0,0.0,0.8888888888888888,1.0,0.9411765336990356,0.9411765336990356,0.9411765336990356,128.0,0.06400000303983688
fedavg,fedavg,504|859,504|859,1,504,data_2000_3_11_chordal,global_val_client_task,val,cycle4,50,,,,,,,,,,2000,154.0,17.0,1826.0,3.0,0.9005847953216374,0.9808917197452229,0.9390243887901306,0.9390243887901306,0.9390243887901306,157.0,0.07850000262260437
fedavg,fedavg,504|859,504|859,1,504,data_2000_3_11_chordal,global_val_client_task,val,cycle5,50,,,,,,,,,,2000,184.0,42.0,1771.0,3.0,0.8141592920353983,0.983957219251337,0.8910412192344666,0.8910412192344666,0.8910412192344666,187.0,0.09350000321865082
fedavg,fedavg,504|859,504|859,1,504,data_2000_3_11_chordal,global_val_client_task,val,cycle6,50,,,,,,,,,,2000,79.0,30.0,1787.0,104.0,0.7247706422018348,0.43169398907103823,0.5410959124565125,0.5410959124565125,0.5410959124565125,183.0,0.09149999916553497
fedavg,fedavg,504|859,504|859,1,859,data_2000_4_1.5_chordal,global_val_client,val,,50,,,0.4957243559062481,0.9546,0.828499972820282,0.9076109076109076,0.8071357607841492,0.8071357607841492,0.8071357607841492,2000,,,,,,,,,,,
fedavg,fedavg,504|859,504|859,1,859,data_2000_4_1.5_chordal,global_val_client_task,val,cycle2,50,,,,,,,,,,2000,862.0,3.0,1135.0,0.0,0.9965317919075144,1.0,0.998262882232666,0.998262882232666,0.998262882232666,862.0,0.4309999942779541
fedavg,fedavg,504|859,504|859,1,859,data_2000_4_1.5_chordal,global_val_client_task,val,cycle3,50,,,,,,,,,,2000,691.0,24.0,1285.0,0.0,0.9664335664335665,1.0,0.9829303622245789,0.9829303622245789,0.9829303622245789,691.0,0.34549999237060547
fedavg,fedavg,504|859,504|859,1,859,data_2000_4_1.5_chordal,global_val_client_task,val,cycle4,50,,,,,,,,,,2000,388.0,83.0,1526.0,3.0,0.8237791932059448,0.9923273657289002,0.9002320170402527,0.9002320170402527,0.9002320170402527,391.0,0.19550000131130219
fedavg,fedavg,504|859,504|859,1,859,data_2000_4_1.5_chordal,global_val_client_task,val,cycle5,50,,,,,,,,,,2000,224.0,133.0,1631.0,12.0,0.6274509803921569,0.9491525423728814,0.7554806470870972,0.7554806470870972,0.7554806470870972,236.0,0.11800000071525574
fedavg,fedavg,504|859,504|859,1,859,data_2000_4_1.5_chordal,global_val_client_task,val,cycle6,50,,,,,,,,,,2000,65.0,133.0,1739.0,63.0,0.3282828282828283,0.5078125,0.3987730145454407,0.3987730145454407,0.3987730145454407,128.0,0.06400000303983688
fedavg,fedavg,504|859,504|859,1,all,all,global_val_mean,val,,50,,,0.5044787245374173,0.96635,0.8689999878406525,0.879467368265739,0.8324207365512848,0.8324207365512848,0.8324207365512848,4000,,,,,,,,,,,
fedavg,fedavg,504|859,504|859,1,504,data_2000_3_11_chordal,train_epoch,train,,51,1.0,0.07443828547000884,,,,,,,,2000,,,,,,,,,,,
fedavg,fedavg,504|859,504|859,1,504,data_2000_3_11_chordal,train_epoch,train,,51,2.0,0.08409528858959675,,,,,,,,2000,,,,,,,,,,,
fedavg,fedavg,504|859,504|859,1,504,data_2000_3_11_chordal,train_epoch,train,,51,3.0,0.09893241216242313,,,,,,,,2000,,,,,,,,,,,
fedavg,fedavg,504|859,504|859,1,504,data_2000_3_11_chordal,train_epoch,train,,51,4.0,0.09014661765098572,,,,,,,,2000,,,,,,,,,,,
fedavg,fedavg,504|859,504|859,1,504,data_2000_3_11_chordal,train_epoch,train,,51,5.0,0.1112333635436371,,,,,,,,2000,,,,,,,,,,,
fedavg,fedavg,504|859,504|859,1,504,data_2000_3_11_chordal,train_epoch,train,,51,6.0,0.10152597081661224,,,,,,,,2000,,,,,,,,,,,
fedavg,fedavg,504|859,504|859,1,504,data_2000_3_11_chordal,train_epoch,train,,51,7.0,0.08479661345481873,,,,,,,,2000,,,,,,,,,,,
fedavg,fedavg,504|859,504|859,1,504,data_2000_3_11_chordal,train_epoch,train,,51,8.0,0.07819854785874486,,,,,,,,2000,,,,,,,,,,,
fedavg,fedavg,504|859,504|859,1,504,data_2000_3_11_chordal,train_epoch,train,,51,9.0,0.0924275711607188,,,,,,,,2000,,,,,,,,,,,
fedavg,fedavg,504|859,504|859,1,504,data_2000_3_11_chordal,train_epoch,train,,51,10.0,0.0708629873022437,,,,,,,,2000,,,,,,,,,,,
fedavg,fedavg,504|859,504|859,1,504,data_2000_3_11_chordal,val_epoch,val,,51,,,0.22967764955759049,0.9816,0.9254999756813049,0.8808290155440414,0.8978748321533203,0.8978748321533203,0.8978748321533203,2000,,,,,,,,,,,
fedavg,fedavg,504|859,504|859,1,504,data_2000_3_11_chordal,val_epoch_task,val,cycle2,51,,,,,,,,,,2000,82.0,3.0,1915.0,0.0,0.9647058823529412,1.0,0.9820358753204346,0.9820358753204346,0.9820358753204346,82.0,0.04100000113248825
fedavg,fedavg,504|859,504|859,1,504,data_2000_3_11_chordal,val_epoch_task,val,cycle3,51,,,,,,,,,,2000,125.0,7.0,1865.0,3.0,0.946969696969697,0.9765625,0.9615384340286255,0.9615384340286255,0.9615384340286255,128.0,0.06400000303983688
fedavg,fedavg,504|859,504|859,1,504,data_2000_3_11_chordal,val_epoch_task,val,cycle4,51,,,,,,,,,,2000,157.0,20.0,1823.0,0.0,0.8870056497175142,1.0,0.9401198029518127,0.9401198029518127,0.9401198029518127,157.0,0.07850000262260437
fedavg,fedavg,504|859,504|859,1,504,data_2000_3_11_chordal,val_epoch_task,val,cycle5,51,,,,,,,,,,2000,182.0,44.0,1769.0,5.0,0.8053097345132744,0.9732620320855615,0.8813559412956238,0.8813559412956238,0.8813559412956238,187.0,0.09350000321865082
fedavg,fedavg,504|859,504|859,1,504,data_2000_3_11_chordal,val_epoch_task,val,cycle6,51,,,,,,,,,,2000,134.0,53.0,1764.0,49.0,0.7165775401069518,0.73224043715847,0.7243242859840393,0.7243242859840393,0.7243242859840393,183.0,0.09149999916553497
fedavg,fedavg,504|859,504|859,1,859,data_2000_4_1.5_chordal,train_epoch,train,,51,1.0,0.05896552866697311,,,,,,,,2000,,,,,,,,,,,
fedavg,fedavg,504|859,504|859,1,859,data_2000_4_1.5_chordal,train_epoch,train,,51,2.0,0.06404197043180465,,,,,,,,2000,,,,,,,,,,,
fedavg,fedavg,504|859,504|859,1,859,data_2000_4_1.5_chordal,train_epoch,train,,51,3.0,0.07761280292272568,,,,,,,,2000,,,,,,,,,,,
fedavg,fedavg,504|859,504|859,1,859,data_2000_4_1.5_chordal,train_epoch,train,,51,4.0,0.0717895417958498,,,,,,,,2000,,,,,,,,,,,
fedavg,fedavg,504|859,504|859,1,859,data_2000_4_1.5_chordal,train_epoch,train,,51,5.0,0.06688538116961718,,,,,,,,2000,,,,,,,,,,,
fedavg,fedavg,504|859,504|859,1,859,data_2000_4_1.5_chordal,train_epoch,train,,51,6.0,0.06723231680691243,,,,,,,,2000,,,,,,,,,,,
fedavg,fedavg,504|859,504|859,1,859,data_2000_4_1.5_chordal,train_epoch,train,,51,7.0,0.06795631244778633,,,,,,,,2000,,,,,,,,,,,
fedavg,fedavg,504|859,504|859,1,859,data_2000_4_1.5_chordal,train_epoch,train,,51,8.0,0.06198754495382309,,,,,,,,2000,,,,,,,,,,,
fedavg,fedavg,504|859,504|859,1,859,data_2000_4_1.5_chordal,train_epoch,train,,51,9.0,0.07205163684487342,,,,,,,,2000,,,,,,,,,,,
fedavg,fedavg,504|859,504|859,1,859,data_2000_4_1.5_chordal,train_epoch,train,,51,10.0,0.057550122126936915,,,,,,,,2000,,,,,,,,,,,
fedavg,fedavg,504|859,504|859,1,859,data_2000_4_1.5_chordal,val_epoch,val,,51,,,0.7836121355891228,0.9655,0.8610000014305115,0.926423544465771,0.8183305859565735,0.8183305859565735,0.8183305859565735,2000,,,,,,,,,,,
fedavg,fedavg,504|859,504|859,1,859,data_2000_4_1.5_chordal,val_epoch_task,val,cycle2,51,,,,,,,,,,2000,858.0,3.0,1135.0,4.0,0.9965156794425087,0.9953596287703016,0.9959372878074646,0.9959372878074646,0.9959372878074646,862.0,0.4309999942779541
fedavg,fedavg,504|859,504|859,1,859,data_2000_4_1.5_chordal,val_epoch_task,val,cycle3,51,,,,,,,,,,2000,678.0,4.0,1305.0,13.0,0.9941348973607038,0.9811866859623734,0.9876183867454529,0.9876183867454529,0.9876183867454529,691.0,0.34549999237060547
fedavg,fedavg,504|859,504|859,1,859,data_2000_4_1.5_chordal,val_epoch_task,val,cycle4,51,,,,,,,,,,2000,379.0,44.0,1565.0,12.0,0.8959810874704491,0.969309462915601,0.9312039613723755,0.9312039613723755,0.9312039613723755,391.0,0.19550000131130219
fedavg,fedavg,504|859,504|859,1,859,data_2000_4_1.5_chordal,val_epoch_task,val,cycle5,51,,,,,,,,,,2000,209.0,99.0,1665.0,27.0,0.6785714285714286,0.885593220338983,0.7683823704719543,0.7683823704719543,0.7683823704719543,236.0,0.11800000071525574
fedavg,fedavg,504|859,504|859,1,859,data_2000_4_1.5_chordal,val_epoch_task,val,cycle6,51,,,,,,,,,,2000,48.0,59.0,1813.0,80.0,0.4485981308411215,0.375,0.40851059556007385,0.40851059556007385,0.40851059556007385,128.0,0.06400000303983688
fedavg,fedavg,504|859,504|859,1,504,data_2000_3_11_chordal,global_val_client,val,,51,,,0.511166977956891,0.9769,0.9100000262260437,0.8436018957345972,0.8494402170181274,0.8494402170181274,0.8494402170181274,2000,,,,,,,,,,,
fedavg,fedavg,504|859,504|859,1,504,data_2000_3_11_chordal,global_val_client_task,val,cycle2,51,,,,,,,,,,2000,82.0,11.0,1907.0,0.0,0.8817204301075269,1.0,0.9371428489685059,0.9371428489685059,0.9371428489685059,82.0,0.04100000113248825
fedavg,fedavg,504|859,504|859,1,504,data_2000_3_11_chordal,global_val_client_task,val,cycle3,51,,,,,,,,,,2000,128.0,10.0,1862.0,0.0,0.927536231884058,1.0,0.9624060392379761,0.9624060392379761,0.9624060392379761,128.0,0.06400000303983688
fedavg,fedavg,504|859,504|859,1,504,data_2000_3_11_chordal,global_val_client_task,val,cycle4,51,,,,,,,,,,2000,151.0,21.0,1822.0,6.0,0.877906976744186,0.9617834394904459,0.9179331660270691,0.9179331660270691,0.9179331660270691,157.0,0.07850000262260437
fedavg,fedavg,504|859,504|859,1,504,data_2000_3_11_chordal,global_val_client_task,val,cycle5,51,,,,,,,,,,2000,180.0,45.0,1768.0,7.0,0.8,0.9625668449197861,0.873786449432373,0.873786449432373,0.873786449432373,187.0,0.09350000321865082
fedavg,fedavg,504|859,504|859,1,504,data_2000_3_11_chordal,global_val_client_task,val,cycle6,51,,,,,,,,,,2000,82.0,30.0,1787.0,101.0,0.7321428571428571,0.44808743169398907,0.5559322237968445,0.5559322237968445,0.5559322237968445,183.0,0.09149999916553497
fedavg,fedavg,504|859,504|859,1,859,data_2000_4_1.5_chordal,global_val_client,val,,51,,,0.5861472506523132,0.9606,0.8510000109672546,0.918087318087318,0.8131312131881714,0.8131312131881714,0.8131312131881714,2000,,,,,,,,,,,
fedavg,fedavg,504|859,504|859,1,859,data_2000_4_1.5_chordal,global_val_client_task,val,cycle2,51,,,,,,,,,,2000,862.0,6.0,1132.0,0.0,0.9930875576036866,1.0,0.9965317845344543,0.9965317845344543,0.9965317845344543,862.0,0.4309999942779541
fedavg,fedavg,504|859,504|859,1,859,data_2000_4_1.5_chordal,global_val_client_task,val,cycle3,51,,,,,,,,,,2000,691.0,10.0,1299.0,0.0,0.985734664764622,1.0,0.9928160309791565,0.9928160309791565,0.9928160309791565,691.0,0.34549999237060547
fedavg,fedavg,504|859,504|859,1,859,data_2000_4_1.5_chordal,global_val_client_task,val,cycle4,51,,,,,,,,,,2000,385.0,80.0,1529.0,6.0,0.8279569892473119,0.9846547314578005,0.8995327353477478,0.8995327353477478,0.8995327353477478,391.0,0.19550000131130219
fedavg,fedavg,504|859,504|859,1,859,data_2000_4_1.5_chordal,global_val_client_task,val,cycle5,51,,,,,,,,,,2000,214.0,114.0,1650.0,22.0,0.6524390243902439,0.9067796610169492,0.758865237236023,0.758865237236023,0.758865237236023,236.0,0.11800000071525574
fedavg,fedavg,504|859,504|859,1,859,data_2000_4_1.5_chordal,global_val_client_task,val,cycle6,51,,,,,,,,,,2000,56.0,84.0,1788.0,72.0,0.4,0.4375,0.41791045665740967,0.41791045665740967,0.41791045665740967,128.0,0.06400000303983688
fedavg,fedavg,504|859,504|859,1,all,all,global_val_mean,val,,51,,,0.5486571143046022,0.96875,0.8805000185966492,0.8808446069109577,0.8312857151031494,0.8312857151031494,0.8312857151031494,4000,,,,,,,,,,,
fedavg,fedavg,504|859,504|859,1,504,data_2000_3_11_chordal,train_epoch,train,,52,1.0,0.09175618200004101,,,,,,,,2000,,,,,,,,,,,
fedavg,fedavg,504|859,504|859,1,504,data_2000_3_11_chordal,train_epoch,train,,52,2.0,0.09524699614103883,,,,,,,,2000,,,,,,,,,,,
fedavg,fedavg,504|859,504|859,1,504,data_2000_3_11_chordal,train_epoch,train,,52,3.0,0.0773283878788352,,,,,,,,2000,,,,,,,,,,,
fedavg,fedavg,504|859,504|859,1,504,data_2000_3_11_chordal,train_epoch,train,,52,4.0,0.07963408407801763,,,,,,,,2000,,,,,,,,,,,
fedavg,fedavg,504|859,504|859,1,504,data_2000_3_11_chordal,train_epoch,train,,52,5.0,0.08758768301457166,,,,,,,,2000,,,,,,,,,,,
fedavg,fedavg,504|859,504|859,1,504,data_2000_3_11_chordal,train_epoch,train,,52,6.0,0.08524794934689998,,,,,,,,2000,,,,,,,,,,,
fedavg,fedavg,504|859,504|859,1,504,data_2000_3_11_chordal,train_epoch,train,,52,7.0,0.10764293879270553,,,,,,,,2000,,,,,,,,,,,
fedavg,fedavg,504|859,504|859,1,504,data_2000_3_11_chordal,train_epoch,train,,52,8.0,0.07067681896686553,,,,,,,,2000,,,,,,,,,,,
fedavg,fedavg,504|859,504|859,1,504,data_2000_3_11_chordal,train_epoch,train,,52,9.0,0.08942453586682678,,,,,,,,2000,,,,,,,,,,,
fedavg,fedavg,504|859,504|859,1,504,data_2000_3_11_chordal,train_epoch,train,,52,10.0,0.0911997017711401,,,,,,,,2000,,,,,,,,,,,
fedavg,fedavg,504|859,504|859,1,504,data_2000_3_11_chordal,val_epoch,val,,52,,,0.2435845606327057,0.9763,0.9039999842643738,0.8530688158710477,0.8768965601921082,0.8768965601921082,0.8768965601921082,2000,,,,,,,,,,,
fedavg,fedavg,504|859,504|859,1,504,data_2000_3_11_chordal,val_epoch_task,val,cycle2,52,,,,,,,,,,2000,80.0,0.0,1918.0,2.0,1.0,0.975609756097561,0.9876543283462524,0.9876543283462524,0.9876543283462524,82.0,0.04100000113248825
fedavg,fedavg,504|859,504|859,1,504,data_2000_3_11_chordal,val_epoch_task,val,cycle3,52,,,,,,,,,,2000,123.0,14.0,1858.0,5.0,0.8978102189781022,0.9609375,0.9283018708229065,0.9283018708229065,0.9283018708229065,128.0,0.06400000303983688
fedavg,fedavg,504|859,504|859,1,504,data_2000_3_11_chordal,val_epoch_task,val,cycle4,52,,,,,,,,,,2000,157.0,37.0,1806.0,0.0,0.8092783505154639,1.0,0.8945869207382202,0.8945869207382202,0.8945869207382202,157.0,0.07850000262260437
fedavg,fedavg,504|859,504|859,1,504,data_2000_3_11_chordal,val_epoch_task,val,cycle5,52,,,,,,,,,,2000,171.0,49.0,1764.0,16.0,0.7772727272727272,0.9144385026737968,0.8402947783470154,0.8402947783470154,0.8402947783470154,187.0,0.09350000321865082
fedavg,fedavg,504|859,504|859,1,504,data_2000_3_11_chordal,val_epoch_task,val,cycle6,52,,,,,,,,,,2000,157.0,88.0,1729.0,26.0,0.6408163265306123,0.8579234972677595,0.7336448431015015,0.7336448431015015,0.7336448431015015,183.0,0.09149999916553497
fedavg,fedavg,504|859,504|859,1,859,data_2000_4_1.5_chordal,train_epoch,train,,52,1.0,0.07228340938687325,,,,,,,,2000,,,,,,,,,,,
fedavg,fedavg,504|859,504|859,1,859,data_2000_4_1.5_chordal,train_epoch,train,,52,2.0,0.06284060436487197,,,,,,,,2000,,,,,,,,,,,
fedavg,fedavg,504|859,504|859,1,859,data_2000_4_1.5_chordal,train_epoch,train,,52,3.0,0.05994154499284923,,,,,,,,2000,,,,,,,,,,,
fedavg,fedavg,504|859,504|859,1,859,data_2000_4_1.5_chordal,train_epoch,train,,52,4.0,0.11245871207118034,,,,,,,,2000,,,,,,,,,,,
fedavg,fedavg,504|859,504|859,1,859,data_2000_4_1.5_chordal,train_epoch,train,,52,5.0,0.0815080053806305,,,,,,,,2000,,,,,,,,,,,
fedavg,fedavg,504|859,504|859,1,859,data_2000_4_1.5_chordal,train_epoch,train,,52,6.0,0.08364475902915001,,,,,,,,2000,,,,,,,,,,,
fedavg,fedavg,504|859,504|859,1,859,data_2000_4_1.5_chordal,train_epoch,train,,52,7.0,0.07549289628863334,,,,,,,,2000,,,,,,,,,,,
fedavg,fedavg,504|859,504|859,1,859,data_2000_4_1.5_chordal,train_epoch,train,,52,8.0,0.06794523912668228,,,,,,,,2000,,,,,,,,,,,
fedavg,fedavg,504|859,504|859,1,859,data_2000_4_1.5_chordal,train_epoch,train,,52,9.0,0.07064053252339363,,,,,,,,2000,,,,,,,,,,,
fedavg,fedavg,504|859,504|859,1,859,data_2000_4_1.5_chordal,train_epoch,train,,52,10.0,0.07553470061719418,,,,,,,,2000,,,,,,,,,,,
fedavg,fedavg,504|859,504|859,1,859,data_2000_4_1.5_chordal,val_epoch,val,,52,,,0.7458753006458283,0.9631,0.8565000295639038,0.9215727948990435,0.8089481592178345,0.8089481592178345,0.8089481592178345,2000,,,,,,,,,,,
fedavg,fedavg,504|859,504|859,1,859,data_2000_4_1.5_chordal,val_epoch_task,val,cycle2,52,,,,,,,,,,2000,861.0,2.0,1136.0,1.0,0.9976825028968713,0.9988399071925754,0.9982608556747437,0.9982608556747437,0.9982608556747437,862.0,0.4309999942779541
fedavg,fedavg,504|859,504|859,1,859,data_2000_4_1.5_chordal,val_epoch_task,val,cycle3,52,,,,,,,,,,2000,691.0,15.0,1294.0,0.0,0.9787535410764873,1.0,0.9892627000808716,0.9892627000808716,0.9892627000808716,691.0,0.34549999237060547
fedavg,fedavg,504|859,504|859,1,859,data_2000_4_1.5_chordal,val_epoch_task,val,cycle4,52,,,,,,,,,,2000,369.0,29.0,1580.0,22.0,0.9271356783919598,0.9437340153452686,0.9353612661361694,0.9353612661361694,0.9353612661361694,391.0,0.19550000131130219
fedavg,fedavg,504|859,504|859,1,859,data_2000_4_1.5_chordal,val_epoch_task,val,cycle5,52,,,,,,,,,,2000,198.0,75.0,1689.0,38.0,0.7252747252747253,0.8389830508474576,0.7779960632324219,0.7779960632324219,0.7779960632324219,236.0,0.11800000071525574
fedavg,fedavg,504|859,504|859,1,859,data_2000_4_1.5_chordal,val_epoch_task,val,cycle6,52,,,,,,,,,,2000,49.0,108.0,1764.0,79.0,0.31210191082802546,0.3828125,0.34385964274406433,0.34385964274406433,0.34385964274406433,128.0,0.06400000303983688
fedavg,fedavg,504|859,504|859,1,504,data_2000_3_11_chordal,global_val_client,val,,52,,,0.5267398192845285,0.9769,0.902999997138977,0.8427501701837985,0.8502205014228821,0.8502205014228821,0.8502205014228821,2000,,,,,,,,,,,
fedavg,fedavg,504|859,504|859,1,504,data_2000_3_11_chordal,global_val_client_task,val,cycle2,52,,,,,,,,,,2000,82.0,7.0,1911.0,0.0,0.9213483146067416,1.0,0.9590643644332886,0.9590643644332886,0.9590643644332886,82.0,0.04100000113248825
fedavg,fedavg,504|859,504|859,1,504,data_2000_3_11_chordal,global_val_client_task,val,cycle3,52,,,,,,,,,,2000,127.0,16.0,1856.0,1.0,0.8881118881118881,0.9921875,0.937269389629364,0.937269389629364,0.937269389629364,128.0,0.06400000303983688
fedavg,fedavg,504|859,504|859,1,504,data_2000_3_11_chordal,global_val_client_task,val,cycle4,52,,,,,,,,,,2000,153.0,21.0,1822.0,4.0,0.8793103448275862,0.9745222929936306,0.9244712591171265,0.9244712591171265,0.9244712591171265,157.0,0.07850000262260437
fedavg,fedavg,504|859,504|859,1,504,data_2000_3_11_chordal,global_val_client_task,val,cycle5,52,,,,,,,,,,2000,174.0,41.0,1772.0,13.0,0.8093023255813954,0.93048128342246,0.865671694278717,0.865671694278717,0.865671694278717,187.0,0.09350000321865082
fedavg,fedavg,504|859,504|859,1,504,data_2000_3_11_chordal,global_val_client_task,val,cycle6,52,,,,,,,,,,2000,83.0,28.0,1789.0,100.0,0.7477477477477478,0.453551912568306,0.5646258592605591,0.5646258592605591,0.5646258592605591,183.0,0.09149999916553497
fedavg,fedavg,504|859,504|859,1,859,data_2000_4_1.5_chordal,global_val_client,val,,52,,,0.3852686198949814,0.9532,0.828000009059906,0.9054927302100163,0.8083524703979492,0.8083524703979492,0.8083524703979492,2000,,,,,,,,,,,
fedavg,fedavg,504|859,504|859,1,859,data_2000_4_1.5_chordal,global_val_client_task,val,cycle2,52,,,,,,,,,,2000,862.0,2.0,1136.0,0.0,0.9976851851851852,1.0,0.9988412261009216,0.9988412261009216,0.9988412261009216,862.0,0.4309999942779541
fedavg,fedavg,504|859,504|859,1,859,data_2000_4_1.5_chordal,global_val_client_task,val,cycle3,52,,,,,,,,,,2000,690.0,8.0,1301.0,1.0,0.9885386819484241,0.9985528219971056,0.9935204386711121,0.9935204386711121,0.9935204386711121,691.0,0.34549999237060547
fedavg,fedavg,504|859,504|859,1,859,data_2000_4_1.5_chordal,global_val_client_task,val,cycle4,52,,,,,,,,,,2000,391.0,71.0,1538.0,0.0,0.8463203463203464,1.0,0.9167643189430237,0.9167643189430237,0.9167643189430237,391.0,0.19550000131130219
fedavg,fedavg,504|859,504|859,1,859,data_2000_4_1.5_chordal,global_val_client_task,val,cycle5,52,,,,,,,,,,2000,225.0,173.0,1591.0,11.0,0.5653266331658291,0.9533898305084746,0.7097792029380798,0.7097792029380798,0.7097792029380798,236.0,0.11800000071525574
fedavg,fedavg,504|859,504|859,1,859,data_2000_4_1.5_chordal,global_val_client_task,val,cycle6,52,,,,,,,,,,2000,74.0,148.0,1724.0,54.0,0.3333333333333333,0.578125,0.4228571355342865,0.4228571355342865,0.4228571355342865,128.0,0.06400000303983688
fedavg,fedavg,504|859,504|859,1,all,all,global_val_mean,val,,52,,,0.45600421958975496,0.96505,0.8655000030994415,0.8741214501969075,0.8292864859104156,0.8292864859104156,0.8292864859104156,4000,,,,,,,,,,,
fedavg,fedavg,504|859,504|859,1,504,data_2000_3_11_chordal,train_epoch,train,,53,1.0,0.07049011786282063,,,,,,,,2000,,,,,,,,,,,
fedavg,fedavg,504|859,504|859,1,504,data_2000_3_11_chordal,train_epoch,train,,53,2.0,0.09421377974748611,,,,,,,,2000,,,,,,,,,,,
fedavg,fedavg,504|859,504|859,1,504,data_2000_3_11_chordal,train_epoch,train,,53,3.0,0.08907100266218185,,,,,,,,2000,,,,,,,,,,,
fedavg,fedavg,504|859,504|859,1,504,data_2000_3_11_chordal,train_epoch,train,,53,4.0,0.07852689217031002,,,,,,,,2000,,,,,,,,,,,
fedavg,fedavg,504|859,504|859,1,504,data_2000_3_11_chordal,train_epoch,train,,53,5.0,0.05954056303482503,,,,,,,,2000,,,,,,,,,,,
fedavg,fedavg,504|859,504|859,1,504,data_2000_3_11_chordal,train_epoch,train,,53,6.0,0.08097444566339254,,,,,,,,2000,,,,,,,,,,,
fedavg,fedavg,504|859,504|859,1,504,data_2000_3_11_chordal,train_epoch,train,,53,7.0,0.07384405117481947,,,,,,,,2000,,,,,,,,,,,
fedavg,fedavg,504|859,504|859,1,504,data_2000_3_11_chordal,train_epoch,train,,53,8.0,0.07121883127093315,,,,,,,,2000,,,,,,,,,,,
fedavg,fedavg,504|859,504|859,1,504,data_2000_3_11_chordal,train_epoch,train,,53,9.0,0.0677974897613749,,,,,,,,2000,,,,,,,,,,,
fedavg,fedavg,504|859,504|859,1,504,data_2000_3_11_chordal,train_epoch,train,,53,10.0,0.08027259872108698,,,,,,,,2000,,,,,,,,,,,
fedavg,fedavg,504|859,504|859,1,504,data_2000_3_11_chordal,val_epoch,val,,53,,,0.21352038555145555,0.9735,0.8995000123977661,0.8412222887956861,0.8646020889282227,0.8646020889282227,0.8646020889282227,2000,,,,,,,,,,,
fedavg,fedavg,504|859,504|859,1,504,data_2000_3_11_chordal,val_epoch_task,val,cycle2,53,,,,,,,,,,2000,82.0,9.0,1909.0,0.0,0.9010989010989011,1.0,0.94797682762146,0.94797682762146,0.94797682762146,82.0,0.04100000113248825
fedavg,fedavg,504|859,504|859,1,504,data_2000_3_11_chordal,val_epoch_task,val,cycle3,53,,,,,,,,,,2000,128.0,11.0,1861.0,0.0,0.920863309352518,1.0,0.9588015079498291,0.9588015079498291,0.9588015079498291,128.0,0.06400000303983688
fedavg,fedavg,504|859,504|859,1,504,data_2000_3_11_chordal,val_epoch_task,val,cycle4,53,,,,,,,,,,2000,156.0,46.0,1797.0,1.0,0.7722772277227723,0.9936305732484076,0.8690808415412903,0.8690808415412903,0.8690808415412903,157.0,0.07850000262260437
fedavg,fedavg,504|859,504|859,1,504,data_2000_3_11_chordal,val_epoch_task,val,cycle5,53,,,,,,,,,,2000,184.0,58.0,1755.0,3.0,0.7603305785123967,0.983957219251337,0.8578088879585266,0.8578088879585266,0.8578088879585266,187.0,0.09350000321865082
fedavg,fedavg,504|859,504|859,1,504,data_2000_3_11_chordal,val_epoch_task,val,cycle6,53,,,,,,,,,,2000,152.0,106.0,1711.0,31.0,0.5891472868217055,0.8306010928961749,0.6893423795700073,0.6893423795700073,0.6893423795700073,183.0,0.09149999916553497
fedavg,fedavg,504|859,504|859,1,859,data_2000_4_1.5_chordal,train_epoch,train,,53,1.0,0.06875256988406181,,,,,,,,2000,,,,,,,,,,,
fedavg,fedavg,504|859,504|859,1,859,data_2000_4_1.5_chordal,train_epoch,train,,53,2.0,0.06550271311402321,,,,,,,,2000,,,,,,,,,,,
fedavg,fedavg,504|859,504|859,1,859,data_2000_4_1.5_chordal,train_epoch,train,,53,3.0,0.07137010388821363,,,,,,,,2000,,,,,,,,,,,
fedavg,fedavg,504|859,504|859,1,859,data_2000_4_1.5_chordal,train_epoch,train,,53,4.0,0.08363849335908889,,,,,,,,2000,,,,,,,,,,,
fedavg,fedavg,504|859,504|859,1,859,data_2000_4_1.5_chordal,train_epoch,train,,53,5.0,0.09166301223635674,,,,,,,,2000,,,,,,,,,,,
fedavg,fedavg,504|859,504|859,1,859,data_2000_4_1.5_chordal,train_epoch,train,,53,6.0,0.049492384135723114,,,,,,,,2000,,,,,,,,,,,
fedavg,fedavg,504|859,504|859,1,859,data_2000_4_1.5_chordal,train_epoch,train,,53,7.0,0.07235850140452385,,,,,,,,2000,,,,,,,,,,,
fedavg,fedavg,504|859,504|859,1,859,data_2000_4_1.5_chordal,train_epoch,train,,53,8.0,0.06824489668011666,,,,,,,,2000,,,,,,,,,,,
fedavg,fedavg,504|859,504|859,1,859,data_2000_4_1.5_chordal,train_epoch,train,,53,9.0,0.06276910385489463,,,,,,,,2000,,,,,,,,,,,
fedavg,fedavg,504|859,504|859,1,859,data_2000_4_1.5_chordal,train_epoch,train,,53,10.0,0.06085406547784805,,,,,,,,2000,,,,,,,,,,,
fedavg,fedavg,504|859,504|859,1,859,data_2000_4_1.5_chordal,val_epoch,val,,53,,,0.6564422821998597,0.9596,0.8370000123977661,0.9161825726141078,0.814346969127655,0.814346969127655,0.814346969127655,2000,,,,,,,,,,,
fedavg,fedavg,504|859,504|859,1,859,data_2000_4_1.5_chordal,val_epoch_task,val,cycle2,53,,,,,,,,,,2000,861.0,4.0,1134.0,1.0,0.9953757225433526,0.9988399071925754,0.997104823589325,0.997104823589325,0.997104823589325,862.0,0.4309999942779541
fedavg,fedavg,504|859,504|859,1,859,data_2000_4_1.5_chordal,val_epoch_task,val,cycle3,53,,,,,,,,,,2000,689.0,10.0,1299.0,2.0,0.9856938483547926,0.9971056439942113,0.9913669228553772,0.9913669228553772,0.9913669228553772,691.0,0.34549999237060547
fedavg,fedavg,504|859,504|859,1,859,data_2000_4_1.5_chordal,val_epoch_task,val,cycle4,53,,,,,,,,,,2000,372.0,29.0,1580.0,19.0,0.9276807980049875,0.9514066496163683,0.939393937587738,0.939393937587738,0.939393937587738,391.0,0.19550000131130219
fedavg,fedavg,504|859,504|859,1,859,data_2000_4_1.5_chordal,val_epoch_task,val,cycle5,53,,,,,,,,,,2000,225.0,154.0,1610.0,11.0,0.5936675461741425,0.9533898305084746,0.7317072749137878,0.7317072749137878,0.7317072749137878,236.0,0.11800000071525574
fedavg,fedavg,504|859,504|859,1,859,data_2000_4_1.5_chordal,val_epoch_task,val,cycle6,53,,,,,,,,,,2000,61.0,107.0,1765.0,67.0,0.3630952380952381,0.4765625,0.4121621549129486,0.4121621549129486,0.4121621549129486,128.0,0.06400000303983688
fedavg,fedavg,504|859,504|859,1,504,data_2000_3_11_chordal,global_val_client,val,,53,,,0.32022438613325355,0.9806,0.9210000038146973,0.8723684210526316,0.8856480717658997,0.8856480717658997,0.8856480717658997,2000,,,,,,,,,,,
fedavg,fedavg,504|859,504|859,1,504,data_2000_3_11_chordal,global_val_client_task,val,cycle2,53,,,,,,,,,,2000,82.0,5.0,1913.0,0.0,0.9425287356321839,1.0,0.9704142212867737,0.9704142212867737,0.9704142212867737,82.0,0.04100000113248825
fedavg,fedavg,504|859,504|859,1,504,data_2000_3_11_chordal,global_val_client_task,val,cycle3,53,,,,,,,,,,2000,128.0,10.0,1862.0,0.0,0.927536231884058,1.0,0.9624060392379761,0.9624060392379761,0.9624060392379761,128.0,0.06400000303983688
fedavg,fedavg,504|859,504|859,1,504,data_2000_3_11_chordal,global_val_client_task,val,cycle4,53,,,,,,,,,,2000,154.0,20.0,1823.0,3.0,0.8850574712643678,0.9808917197452229,0.9305136203765869,0.9305136203765869,0.9305136203765869,157.0,0.07850000262260437
fedavg,fedavg,504|859,504|859,1,504,data_2000_3_11_chordal,global_val_client_task,val,cycle5,53,,,,,,,,,,2000,184.0,47.0,1766.0,3.0,0.7965367965367965,0.983957219251337,0.8803828358650208,0.8803828358650208,0.8803828358650208,187.0,0.09350000321865082
fedavg,fedavg,504|859,504|859,1,504,data_2000_3_11_chordal,global_val_client_task,val,cycle6,53,,,,,,,,,,2000,115.0,38.0,1779.0,68.0,0.7516339869281046,0.6284153005464481,0.6845238208770752,0.6845238208770752,0.6845238208770752,183.0,0.09149999916553497
fedavg,fedavg,504|859,504|859,1,859,data_2000_4_1.5_chordal,global_val_client,val,,53,,,0.38653841948509216,0.9432,0.8065000176429749,0.8881449389523435,0.7968392372131348,0.7968392372131348,0.7968392372131348,2000,,,,,,,,,,,
fedavg,fedavg,504|859,504|859,1,859,data_2000_4_1.5_chordal,global_val_client_task,val,cycle2,53,,,,,,,,,,2000,862.0,6.0,1132.0,0.0,0.9930875576036866,1.0,0.9965317845344543,0.9965317845344543,0.9965317845344543,862.0,0.4309999942779541
fedavg,fedavg,504|859,504|859,1,859,data_2000_4_1.5_chordal,global_val_client_task,val,cycle3,53,,,,,,,,,,2000,691.0,25.0,1284.0,0.0,0.9650837988826816,1.0,0.9822316765785217,0.9822316765785217,0.9822316765785217,691.0,0.34549999237060547
fedavg,fedavg,504|859,504|859,1,859,data_2000_4_1.5_chordal,global_val_client_task,val,cycle4,53,,,,,,,,,,2000,385.0,84.0,1525.0,6.0,0.8208955223880597,0.9846547314578005,0.895348846912384,0.895348846912384,0.895348846912384,391.0,0.19550000131130219
fedavg,fedavg,504|859,504|859,1,859,data_2000_4_1.5_chordal,global_val_client_task,val,cycle5,53,,,,,,,,,,2000,230.0,197.0,1567.0,6.0,0.5386416861826698,0.9745762711864406,0.6938160061836243,0.6938160061836243,0.6938160061836243,236.0,0.11800000071525574
fedavg,fedavg,504|859,504|859,1,859,data_2000_4_1.5_chordal,global_val_client_task,val,cycle6,53,,,,,,,,,,2000,87.0,203.0,1669.0,41.0,0.3,0.6796875,0.41626793146133423,0.41626793146133423,0.41626793146133423,128.0,0.06400000303983688
fedavg,fedavg,504|859,504|859,1,all,all,global_val_mean,val,,53,,,0.35338140280917285,0.9619000000000001,0.8637500107288361,0.8802566800024876,0.8412436544895172,0.8412436544895172,0.8412436544895172,4000,,,,,,,,,,,
fedavg,fedavg,504|859,504|859,1,504,data_2000_3_11_chordal,train_epoch,train,,54,1.0,0.09354681275784969,,,,,,,,2000,,,,,,,,,,,
fedavg,fedavg,504|859,504|859,1,504,data_2000_3_11_chordal,train_epoch,train,,54,2.0,0.06877198803424835,,,,,,,,2000,,,,,,,,,,,
fedavg,fedavg,504|859,504|859,1,504,data_2000_3_11_chordal,train_epoch,train,,54,3.0,0.07915670739114285,,,,,,,,2000,,,,,,,,,,,
fedavg,fedavg,504|859,504|859,1,504,data_2000_3_11_chordal,train_epoch,train,,54,4.0,0.09512845402956009,,,,,,,,2000,,,,,,,,,,,
fedavg,fedavg,504|859,504|859,1,504,data_2000_3_11_chordal,train_epoch,train,,54,5.0,0.07659318409487605,,,,,,,,2000,,,,,,,,,,,
fedavg,fedavg,504|859,504|859,1,504,data_2000_3_11_chordal,train_epoch,train,,54,6.0,0.06695696685276925,,,,,,,,2000,,,,,,,,,,,
fedavg,fedavg,504|859,504|859,1,504,data_2000_3_11_chordal,train_epoch,train,,54,7.0,0.0635510321217589,,,,,,,,2000,,,,,,,,,,,
fedavg,fedavg,504|859,504|859,1,504,data_2000_3_11_chordal,train_epoch,train,,54,8.0,0.07214949820935726,,,,,,,,2000,,,,,,,,,,,
fedavg,fedavg,504|859,504|859,1,504,data_2000_3_11_chordal,train_epoch,train,,54,9.0,0.06344865308701993,,,,,,,,2000,,,,,,,,,,,
fedavg,fedavg,504|859,504|859,1,504,data_2000_3_11_chordal,train_epoch,train,,54,10.0,0.07554062698036432,,,,,,,,2000,,,,,,,,,,,
fedavg,fedavg,504|859,504|859,1,504,data_2000_3_11_chordal,val_epoch,val,,54,,,0.2741782951354981,0.9712,0.8899999856948853,0.8228782287822879,0.8405550718307495,0.8405550718307495,0.8405550718307495,2000,,,,,,,,,,,
fedavg,fedavg,504|859,504|859,1,504,data_2000_3_11_chordal,val_epoch_task,val,cycle2,54,,,,,,,,,,2000,82.0,9.0,1909.0,0.0,0.9010989010989011,1.0,0.94797682762146,0.94797682762146,0.94797682762146,82.0,0.04100000113248825
fedavg,fedavg,504|859,504|859,1,504,data_2000_3_11_chordal,val_epoch_task,val,cycle3,54,,,,,,,,,,2000,128.0,33.0,1839.0,0.0,0.7950310559006211,1.0,0.8858131766319275,0.8858131766319275,0.8858131766319275,128.0,0.06400000303983688
fedavg,fedavg,504|859,504|859,1,504,data_2000_3_11_chordal,val_epoch_task,val,cycle4,54,,,,,,,,,,2000,154.0,35.0,1808.0,3.0,0.8148148148148148,0.9808917197452229,0.8901733756065369,0.8901733756065369,0.8901733756065369,157.0,0.07850000262260437
fedavg,fedavg,504|859,504|859,1,504,data_2000_3_11_chordal,val_epoch_task,val,cycle5,54,,,,,,,,,,2000,181.0,72.0,1741.0,6.0,0.7154150197628458,0.9679144385026738,0.8227272629737854,0.8227272629737854,0.8227272629737854,187.0,0.09350000321865082
fedavg,fedavg,504|859,504|859,1,504,data_2000_3_11_chordal,val_epoch_task,val,cycle6,54,,,,,,,,,,2000,124.0,71.0,1746.0,59.0,0.6358974358974359,0.6775956284153005,0.6560846567153931,0.6560846567153931,0.6560846567153931,183.0,0.09149999916553497
fedavg,fedavg,504|859,504|859,1,859,data_2000_4_1.5_chordal,train_epoch,train,,54,1.0,0.0896930370926857,,,,,,,,2000,,,,,,,,,,,
fedavg,fedavg,504|859,504|859,1,859,data_2000_4_1.5_chordal,train_epoch,train,,54,2.0,0.056624745666980746,,,,,,,,2000,,,,,,,,,,,
fedavg,fedavg,504|859,504|859,1,859,data_2000_4_1.5_chordal,train_epoch,train,,54,3.0,0.07308926875889302,,,,,,,,2000,,,,,,,,,,,
fedavg,fedavg,504|859,504|859,1,859,data_2000_4_1.5_chordal,train_epoch,train,,54,4.0,0.05536518204212189,,,,,,,,2000,,,,,,,,,,,
fedavg,fedavg,504|859,504|859,1,859,data_2000_4_1.5_chordal,train_epoch,train,,54,5.0,0.06682657939195633,,,,,,,,2000,,,,,,,,,,,
fedavg,fedavg,504|859,504|859,1,859,data_2000_4_1.5_chordal,train_epoch,train,,54,6.0,0.060327015340328215,,,,,,,,2000,,,,,,,,,,,
fedavg,fedavg,504|859,504|859,1,859,data_2000_4_1.5_chordal,train_epoch,train,,54,7.0,0.07386242949962615,,,,,,,,2000,,,,,,,,,,,
fedavg,fedavg,504|859,504|859,1,859,data_2000_4_1.5_chordal,train_epoch,train,,54,8.0,0.05325467874109745,,,,,,,,2000,,,,,,,,,,,
fedavg,fedavg,504|859,504|859,1,859,data_2000_4_1.5_chordal,train_epoch,train,,54,9.0,0.05651874533295632,,,,,,,,2000,,,,,,,,,,,
fedavg,fedavg,504|859,504|859,1,859,data_2000_4_1.5_chordal,train_epoch,train,,54,10.0,0.07280334889888763,,,,,,,,2000,,,,,,,,,,,
fedavg,fedavg,504|859,504|859,1,859,data_2000_4_1.5_chordal,val_epoch,val,,54,,,0.5690641129016876,0.9595,0.8395000100135803,0.9160969546302051,0.8141587972640991,0.8141587972640991,0.8141587972640991,2000,,,,,,,,,,,
fedavg,fedavg,504|859,504|859,1,859,data_2000_4_1.5_chordal,val_epoch_task,val,cycle2,54,,,,,,,,,,2000,859.0,4.0,1134.0,3.0,0.9953650057937428,0.9965197215777262,0.9959421157836914,0.9959421157836914,0.9959421157836914,862.0,0.4309999942779541
fedavg,fedavg,504|859,504|859,1,859,data_2000_4_1.5_chordal,val_epoch_task,val,cycle3,54,,,,,,,,,,2000,691.0,13.0,1296.0,0.0,0.9815340909090909,1.0,0.990680992603302,0.990680992603302,0.990680992603302,691.0,0.34549999237060547
fedavg,fedavg,504|859,504|859,1,859,data_2000_4_1.5_chordal,val_epoch_task,val,cycle4,54,,,,,,,,,,2000,380.0,75.0,1534.0,11.0,0.8351648351648352,0.9718670076726342,0.8983451724052429,0.8983451724052429,0.8983451724052429,391.0,0.19550000131130219
fedavg,fedavg,504|859,504|859,1,859,data_2000_4_1.5_chordal,val_epoch_task,val,cycle5,54,,,,,,,,,,2000,222.0,124.0,1640.0,14.0,0.6416184971098265,0.940677966101695,0.7628865838050842,0.7628865838050842,0.7628865838050842,236.0,0.11800000071525574
fedavg,fedavg,504|859,504|859,1,859,data_2000_4_1.5_chordal,val_epoch_task,val,cycle6,54,,,,,,,,,,2000,59.0,92.0,1780.0,69.0,0.39072847682119205,0.4609375,0.4229390621185303,0.4229390621185303,0.4229390621185303,128.0,0.06400000303983688
fedavg,fedavg,504|859,504|859,1,504,data_2000_3_11_chordal,global_val_client,val,,54,,,0.4077614534215536,0.9762,0.9054999947547913,0.8442408376963351,0.8520445823669434,0.8520445823669434,0.8520445823669434,2000,,,,,,,,,,,
fedavg,fedavg,504|859,504|859,1,504,data_2000_3_11_chordal,global_val_client_task,val,cycle2,54,,,,,,,,,,2000,82.0,8.0,1910.0,0.0,0.9111111111111111,1.0,0.9534883499145508,0.9534883499145508,0.9534883499145508,82.0,0.04100000113248825
fedavg,fedavg,504|859,504|859,1,504,data_2000_3_11_chordal,global_val_client_task,val,cycle3,54,,,,,,,,,,2000,128.0,21.0,1851.0,0.0,0.8590604026845637,1.0,0.9241877198219299,0.9241877198219299,0.9241877198219299,128.0,0.06400000303983688
fedavg,fedavg,504|859,504|859,1,504,data_2000_3_11_chordal,global_val_client_task,val,cycle4,54,,,,,,,,,,2000,156.0,37.0,1806.0,1.0,0.8082901554404145,0.9936305732484076,0.8914285898208618,0.8914285898208618,0.8914285898208618,157.0,0.07850000262260437
fedavg,fedavg,504|859,504|859,1,504,data_2000_3_11_chordal,global_val_client_task,val,cycle5,54,,,,,,,,,,2000,185.0,40.0,1773.0,2.0,0.8222222222222222,0.9893048128342246,0.8980583548545837,0.8980583548545837,0.8980583548545837,187.0,0.09350000321865082
fedavg,fedavg,504|859,504|859,1,504,data_2000_3_11_chordal,global_val_client_task,val,cycle6,54,,,,,,,,,,2000,94.0,40.0,1777.0,89.0,0.7014925373134329,0.5136612021857924,0.5930599570274353,0.5930599570274353,0.5930599570274353,183.0,0.09149999916553497
fedavg,fedavg,504|859,504|859,1,859,data_2000_4_1.5_chordal,global_val_client,val,,54,,,0.42958371102809906,0.9481,0.8100000023841858,0.8963865042922738,0.8008758425712585,0.8008758425712585,0.8008758425712585,2000,,,,,,,,,,,
fedavg,fedavg,504|859,504|859,1,859,data_2000_4_1.5_chordal,global_val_client_task,val,cycle2,54,,,,,,,,,,2000,862.0,4.0,1134.0,0.0,0.9953810623556582,1.0,0.9976851344108582,0.9976851344108582,0.9976851344108582,862.0,0.4309999942779541
fedavg,fedavg,504|859,504|859,1,859,data_2000_4_1.5_chordal,global_val_client_task,val,cycle3,54,,,,,,,,,,2000,691.0,16.0,1293.0,0.0,0.9773691654879774,1.0,0.9885550737380981,0.9885550737380981,0.9885550737380981,691.0,0.34549999237060547
fedavg,fedavg,504|859,504|859,1,859,data_2000_4_1.5_chordal,global_val_client_task,val,cycle4,54,,,,,,,,,,2000,386.0,107.0,1502.0,5.0,0.7829614604462475,0.9872122762148338,0.8733031749725342,0.8733031749725342,0.8733031749725342,391.0,0.19550000131130219
fedavg,fedavg,504|859,504|859,1,859,data_2000_4_1.5_chordal,global_val_client_task,val,cycle5,54,,,,,,,,,,2000,230.0,192.0,1572.0,6.0,0.5450236966824644,0.9745762711864406,0.6990881562232971,0.6990881562232971,0.6990881562232971,236.0,0.11800000071525574
fedavg,fedavg,504|859,504|859,1,859,data_2000_4_1.5_chordal,global_val_client_task,val,cycle6,54,,,,,,,,,,2000,76.0,137.0,1735.0,52.0,0.3568075117370892,0.59375,0.44574782252311707,0.44574782252311707,0.44574782252311707,128.0,0.06400000303983688
fedavg,fedavg,504|859,504|859,1,all,all,global_val_mean,val,,54,,,0.41867258222482634,0.96215,0.8577499985694885,0.8703136709943045,0.826460212469101,0.826460212469101,0.826460212469101,4000,,,,,,,,,,,
fedavg,fedavg,504|859,504|859,1,504,data_2000_3_11_chordal,train_epoch,train,,55,1.0,0.09962056584237143,,,,,,,,2000,,,,,,,,,,,
fedavg,fedavg,504|859,504|859,1,504,data_2000_3_11_chordal,train_epoch,train,,55,2.0,0.07953512905538082,,,,,,,,2000,,,,,,,,,,,
fedavg,fedavg,504|859,504|859,1,504,data_2000_3_11_chordal,train_epoch,train,,55,3.0,0.06744473133422434,,,,,,,,2000,,,,,,,,,,,
fedavg,fedavg,504|859,504|859,1,504,data_2000_3_11_chordal,train_epoch,train,,55,4.0,0.0785453590452671,,,,,,,,2000,,,,,,,,,,,
fedavg,fedavg,504|859,504|859,1,504,data_2000_3_11_chordal,train_epoch,train,,55,5.0,0.08728490161895752,,,,,,,,2000,,,,,,,,,,,
fedavg,fedavg,504|859,504|859,1,504,data_2000_3_11_chordal,train_epoch,train,,55,6.0,0.08579068495333195,,,,,,,,2000,,,,,,,,,,,
fedavg,fedavg,504|859,504|859,1,504,data_2000_3_11_chordal,train_epoch,train,,55,7.0,0.07059658760391176,,,,,,,,2000,,,,,,,,,,,
fedavg,fedavg,504|859,504|859,1,504,data_2000_3_11_chordal,train_epoch,train,,55,8.0,0.09152491676807403,,,,,,,,2000,,,,,,,,,,,
fedavg,fedavg,504|859,504|859,1,504,data_2000_3_11_chordal,train_epoch,train,,55,9.0,0.08928809409588576,,,,,,,,2000,,,,,,,,,,,
fedavg,fedavg,504|859,504|859,1,504,data_2000_3_11_chordal,train_epoch,train,,55,10.0,0.0876975096911192,,,,,,,,2000,,,,,,,,,,,
fedavg,fedavg,504|859,504|859,1,504,data_2000_3_11_chordal,val_epoch,val,,55,,,0.2703884576559067,0.973,0.8930000066757202,0.8337438423645319,0.8505250811576843,0.8505250811576843,0.8505250811576843,2000,,,,,,,,,,,
fedavg,fedavg,504|859,504|859,1,504,data_2000_3_11_chordal,val_epoch_task,val,cycle2,55,,,,,,,,,,2000,82.0,13.0,1905.0,0.0,0.8631578947368421,1.0,0.9265536665916443,0.9265536665916443,0.9265536665916443,82.0,0.04100000113248825
fedavg,fedavg,504|859,504|859,1,504,data_2000_3_11_chordal,val_epoch_task,val,cycle3,55,,,,,,,,,,2000,128.0,23.0,1849.0,0.0,0.847682119205298,1.0,0.91756272315979,0.91756272315979,0.91756272315979,128.0,0.06400000303983688
fedavg,fedavg,504|859,504|859,1,504,data_2000_3_11_chordal,val_epoch_task,val,cycle4,55,,,,,,,,,,2000,157.0,41.0,1802.0,0.0,0.7929292929292929,1.0,0.8845070600509644,0.8845070600509644,0.8845070600509644,157.0,0.07850000262260437
fedavg,fedavg,504|859,504|859,1,504,data_2000_3_11_chordal,val_epoch_task,val,cycle5,55,,,,,,,,,,2000,176.0,46.0,1767.0,11.0,0.7927927927927928,0.9411764705882353,0.8606357574462891,0.8606357574462891,0.8606357574462891,187.0,0.09350000321865082
fedavg,fedavg,504|859,504|859,1,504,data_2000_3_11_chordal,val_epoch_task,val,cycle6,55,,,,,,,,,,2000,134.0,87.0,1730.0,49.0,0.6063348416289592,0.73224043715847,0.6633663177490234,0.6633663177490234,0.6633663177490234,183.0,0.09149999916553497
fedavg,fedavg,504|859,504|859,1,859,data_2000_4_1.5_chordal,train_epoch,train,,55,1.0,0.07614418743550777,,,,,,,,2000,,,,,,,,,,,
fedavg,fedavg,504|859,504|859,1,859,data_2000_4_1.5_chordal,train_epoch,train,,55,2.0,0.05459965408407152,,,,,,,,2000,,,,,,,,,,,
fedavg,fedavg,504|859,504|859,1,859,data_2000_4_1.5_chordal,train_epoch,train,,55,3.0,0.05243146673589945,,,,,,,,2000,,,,,,,,,,,
fedavg,fedavg,504|859,504|859,1,859,data_2000_4_1.5_chordal,train_epoch,train,,55,4.0,0.06818908640742302,,,,,,,,2000,,,,,,,,,,,
fedavg,fedavg,504|859,504|859,1,859,data_2000_4_1.5_chordal,train_epoch,train,,55,5.0,0.06016190695762634,,,,,,,,2000,,,,,,,,,,,
fedavg,fedavg,504|859,504|859,1,859,data_2000_4_1.5_chordal,train_epoch,train,,55,6.0,0.046542539022862914,,,,,,,,2000,,,,,,,,,,,
fedavg,fedavg,504|859,504|859,1,859,data_2000_4_1.5_chordal,train_epoch,train,,55,7.0,0.048226643718779084,,,,,,,,2000,,,,,,,,,,,
fedavg,fedavg,504|859,504|859,1,859,data_2000_4_1.5_chordal,train_epoch,train,,55,8.0,0.056741958744823934,,,,,,,,2000,,,,,,,,,,,
fedavg,fedavg,504|859,504|859,1,859,data_2000_4_1.5_chordal,train_epoch,train,,55,9.0,0.0723888481259346,,,,,,,,2000,,,,,,,,,,,
fedavg,fedavg,504|859,504|859,1,859,data_2000_4_1.5_chordal,train_epoch,train,,55,10.0,0.09001552918553353,,,,,,,,2000,,,,,,,,,,,
fedavg,fedavg,504|859,504|859,1,859,data_2000_4_1.5_chordal,val_epoch,val,,55,,,0.8700564136505127,0.965,0.8610000014305115,0.924698795180723,0.810071587562561,0.810071587562561,0.810071587562561,2000,,,,,,,,,,,
fedavg,fedavg,504|859,504|859,1,859,data_2000_4_1.5_chordal,val_epoch_task,val,cycle2,55,,,,,,,,,,2000,858.0,1.0,1137.0,4.0,0.9988358556461001,0.9953596287703016,0.9970947504043579,0.9970947504043579,0.9970947504043579,862.0,0.4309999942779541
fedavg,fedavg,504|859,504|859,1,859,data_2000_4_1.5_chordal,val_epoch_task,val,cycle3,55,,,,,,,,,,2000,673.0,9.0,1300.0,18.0,0.9868035190615836,0.9739507959479016,0.980334997177124,0.980334997177124,0.980334997177124,691.0,0.34549999237060547
fedavg,fedavg,504|859,504|859,1,859,data_2000_4_1.5_chordal,val_epoch_task,val,cycle4,55,,,,,,,,,,2000,378.0,50.0,1559.0,13.0,0.883177570093458,0.9667519181585678,0.9230769276618958,0.9230769276618958,0.9230769276618958,391.0,0.19550000131130219
fedavg,fedavg,504|859,504|859,1,859,data_2000_4_1.5_chordal,val_epoch_task,val,cycle5,55,,,,,,,,,,2000,198.0,62.0,1702.0,38.0,0.7615384615384615,0.8389830508474576,0.7983870506286621,0.7983870506286621,0.7983870506286621,236.0,0.11800000071525574
fedavg,fedavg,504|859,504|859,1,859,data_2000_4_1.5_chordal,val_epoch_task,val,cycle6,55,,,,,,,,,,2000,42.0,69.0,1803.0,86.0,0.3783783783783784,0.328125,0.3514644503593445,0.3514644503593445,0.3514644503593445,128.0,0.06400000303983688
fedavg,fedavg,504|859,504|859,1,504,data_2000_3_11_chordal,global_val_client,val,,55,,,0.5297868068218231,0.9767,0.9010000228881836,0.8411724608043627,0.8409409523010254,0.8409409523010254,0.8409409523010254,2000,,,,,,,,,,,
fedavg,fedavg,504|859,504|859,1,504,data_2000_3_11_chordal,global_val_client_task,val,cycle2,55,,,,,,,,,,2000,82.0,11.0,1907.0,0.0,0.8817204301075269,1.0,0.9371428489685059,0.9371428489685059,0.9371428489685059,82.0,0.04100000113248825
fedavg,fedavg,504|859,504|859,1,504,data_2000_3_11_chordal,global_val_client_task,val,cycle3,55,,,,,,,,,,2000,128.0,9.0,1863.0,0.0,0.9343065693430657,1.0,0.9660376906394958,0.9660376906394958,0.9660376906394958,128.0,0.06400000303983688
fedavg,fedavg,504|859,504|859,1,504,data_2000_3_11_chordal,global_val_client_task,val,cycle4,55,,,,,,,,,,2000,155.0,25.0,1818.0,2.0,0.8611111111111112,0.9872611464968153,0.9198813438415527,0.9198813438415527,0.9198813438415527,157.0,0.07850000262260437
fedavg,fedavg,504|859,504|859,1,504,data_2000_3_11_chordal,global_val_client_task,val,cycle5,55,,,,,,,,,,2000,184.0,43.0,1770.0,3.0,0.8105726872246696,0.983957219251337,0.8888888955116272,0.8888888955116272,0.8888888955116272,187.0,0.09350000321865082
fedavg,fedavg,504|859,504|859,1,504,data_2000_3_11_chordal,global_val_client_task,val,cycle6,55,,,,,,,,,,2000,68.0,25.0,1792.0,115.0,0.7311827956989247,0.37158469945355194,0.49275368452072144,0.49275368452072144,0.49275368452072144,183.0,0.09149999916553497
fedavg,fedavg,504|859,504|859,1,859,data_2000_4_1.5_chordal,global_val_client,val,,55,,,0.5326852025985718,0.9491,0.8195000290870667,0.8971093592076006,0.7931708097457886,0.7931708097457886,0.7931708097457886,2000,,,,,,,,,,,
fedavg,fedavg,504|859,504|859,1,859,data_2000_4_1.5_chordal,global_val_client_task,val,cycle2,55,,,,,,,,,,2000,862.0,7.0,1131.0,0.0,0.9919447640966629,1.0,0.9959561228752136,0.9959561228752136,0.9959561228752136,862.0,0.4309999942779541
fedavg,fedavg,504|859,504|859,1,859,data_2000_4_1.5_chordal,global_val_client_task,val,cycle3,55,,,,,,,,,,2000,691.0,16.0,1293.0,0.0,0.9773691654879774,1.0,0.9885550737380981,0.9885550737380981,0.9885550737380981,691.0,0.34549999237060547
fedavg,fedavg,504|859,504|859,1,859,data_2000_4_1.5_chordal,global_val_client_task,val,cycle4,55,,,,,,,,,,2000,388.0,107.0,1502.0,3.0,0.7838383838383839,0.9923273657289002,0.8758465051651001,0.8758465051651001,0.8758465051651001,391.0,0.19550000131130219
fedavg,fedavg,504|859,504|859,1,859,data_2000_4_1.5_chordal,global_val_client_task,val,cycle5,55,,,,,,,,,,2000,212.0,135.0,1629.0,24.0,0.6109510086455331,0.8983050847457628,0.7272726893424988,0.7272726893424988,0.7272726893424988,236.0,0.11800000071525574
fedavg,fedavg,504|859,504|859,1,859,data_2000_4_1.5_chordal,global_val_client_task,val,cycle6,55,,,,,,,,,,2000,66.0,155.0,1717.0,62.0,0.2986425339366516,0.515625,0.3782235085964203,0.3782235085964203,0.3782235085964203,128.0,0.06400000303983688
fedavg,fedavg,504|859,504|859,1,all,all,global_val_mean,val,,55,,,0.5312360047101975,0.9629000000000001,0.8602500259876251,0.8691409100059816,0.817055881023407,0.817055881023407,0.817055881023407,4000,,,,,,,,,,,
fedavg,fedavg,504|859,504|859,1,504,data_2000_3_11_chordal,train_epoch,train,,56,1.0,0.08354036021232605,,,,,,,,2000,,,,,,,,,,,
fedavg,fedavg,504|859,504|859,1,504,data_2000_3_11_chordal,train_epoch,train,,56,2.0,0.07258441765606403,,,,,,,,2000,,,,,,,,,,,
fedavg,fedavg,504|859,504|859,1,504,data_2000_3_11_chordal,train_epoch,train,,56,3.0,0.08845092970039696,,,,,,,,2000,,,,,,,,,,,
fedavg,fedavg,504|859,504|859,1,504,data_2000_3_11_chordal,train_epoch,train,,56,4.0,0.07990595899894834,,,,,,,,2000,,,,,,,,,,,
fedavg,fedavg,504|859,504|859,1,504,data_2000_3_11_chordal,train_epoch,train,,56,5.0,0.07111728876084089,,,,,,,,2000,,,,,,,,,,,
fedavg,fedavg,504|859,504|859,1,504,data_2000_3_11_chordal,train_epoch,train,,56,6.0,0.07526882101595402,,,,,,,,2000,,,,,,,,,,,
fedavg,fedavg,504|859,504|859,1,504,data_2000_3_11_chordal,train_epoch,train,,56,7.0,0.07423834486305714,,,,,,,,2000,,,,,,,,,,,
fedavg,fedavg,504|859,504|859,1,504,data_2000_3_11_chordal,train_epoch,train,,56,8.0,0.07214525273442268,,,,,,,,2000,,,,,,,,,,,
fedavg,fedavg,504|859,504|859,1,504,data_2000_3_11_chordal,train_epoch,train,,56,9.0,0.08027411780506373,,,,,,,,2000,,,,,,,,,,,
fedavg,fedavg,504|859,504|859,1,504,data_2000_3_11_chordal,train_epoch,train,,56,10.0,0.08073887223005295,,,,,,,,2000,,,,,,,,,,,
fedavg,fedavg,504|859,504|859,1,504,data_2000_3_11_chordal,val_epoch,val,,56,,,0.34005216205120087,0.9772,0.9100000262260437,0.8534704370179947,0.8709138035774231,0.8709138035774231,0.8709138035774231,2000,,,,,,,,,,,
fedavg,fedavg,504|859,504|859,1,504,data_2000_3_11_chordal,val_epoch_task,val,cycle2,56,,,,,,,,,,2000,82.0,5.0,1913.0,0.0,0.9425287356321839,1.0,0.9704142212867737,0.9704142212867737,0.9704142212867737,82.0,0.04100000113248825
fedavg,fedavg,504|859,504|859,1,504,data_2000_3_11_chordal,val_epoch_task,val,cycle3,56,,,,,,,,,,2000,128.0,25.0,1847.0,0.0,0.8366013071895425,1.0,0.9110320806503296,0.9110320806503296,0.9110320806503296,128.0,0.06400000303983688
fedavg,fedavg,504|859,504|859,1,504,data_2000_3_11_chordal,val_epoch_task,val,cycle4,56,,,,,,,,,,2000,155.0,28.0,1815.0,2.0,0.8469945355191257,0.9872611464968153,0.9117647409439087,0.9117647409439087,0.9117647409439087,157.0,0.07850000262260437
fedavg,fedavg,504|859,504|859,1,504,data_2000_3_11_chordal,val_epoch_task,val,cycle5,56,,,,,,,,,,2000,170.0,26.0,1787.0,17.0,0.8673469387755102,0.9090909090909091,0.8877285122871399,0.8877285122871399,0.8877285122871399,187.0,0.09350000321865082
fedavg,fedavg,504|859,504|859,1,504,data_2000_3_11_chordal,val_epoch_task,val,cycle6,56,,,,,,,,,,2000,129.0,71.0,1746.0,54.0,0.645,0.7049180327868853,0.6736292243003845,0.6736292243003845,0.6736292243003845,183.0,0.09149999916553497
fedavg,fedavg,504|859,504|859,1,859,data_2000_4_1.5_chordal,train_epoch,train,,56,1.0,0.07769806784391403,,,,,,,,2000,,,,,,,,,,,
fedavg,fedavg,504|859,504|859,1,859,data_2000_4_1.5_chordal,train_epoch,train,,56,2.0,0.06296512526273727,,,,,,,,2000,,,,,,,,,,,
fedavg,fedavg,504|859,504|859,1,859,data_2000_4_1.5_chordal,train_epoch,train,,56,3.0,0.09700431670248509,,,,,,,,2000,,,,,,,,,,,
fedavg,fedavg,504|859,504|859,1,859,data_2000_4_1.5_chordal,train_epoch,train,,56,4.0,0.05623932008445263,,,,,,,,2000,,,,,,,,,,,
fedavg,fedavg,504|859,504|859,1,859,data_2000_4_1.5_chordal,train_epoch,train,,56,5.0,0.06234376598894596,,,,,,,,2000,,,,,,,,,,,
fedavg,fedavg,504|859,504|859,1,859,data_2000_4_1.5_chordal,train_epoch,train,,56,6.0,0.05330778366327286,,,,,,,,2000,,,,,,,,,,,
fedavg,fedavg,504|859,504|859,1,859,data_2000_4_1.5_chordal,train_epoch,train,,56,7.0,0.04517456890642643,,,,,,,,2000,,,,,,,,,,,
fedavg,fedavg,504|859,504|859,1,859,data_2000_4_1.5_chordal,train_epoch,train,,56,8.0,0.06242637865245342,,,,,,,,2000,,,,,,,,,,,
fedavg,fedavg,504|859,504|859,1,859,data_2000_4_1.5_chordal,train_epoch,train,,56,9.0,0.04324581202864647,,,,,,,,2000,,,,,,,,,,,
fedavg,fedavg,504|859,504|859,1,859,data_2000_4_1.5_chordal,train_epoch,train,,56,10.0,0.0538265022598207,,,,,,,,2000,,,,,,,,,,,
fedavg,fedavg,504|859,504|859,1,859,data_2000_4_1.5_chordal,val_epoch,val,,56,,,0.6308150579929351,0.9583,0.8464999794960022,0.9127067196985555,0.8124362230300903,0.8124362230300903,0.8124362230300903,2000,,,,,,,,,,,
fedavg,fedavg,504|859,504|859,1,859,data_2000_4_1.5_chordal,val_epoch_task,val,cycle2,56,,,,,,,,,,2000,861.0,5.0,1133.0,1.0,0.9942263279445728,0.9988399071925754,0.9965277314186096,0.9965277314186096,0.9965277314186096,862.0,0.4309999942779541
fedavg,fedavg,504|859,504|859,1,859,data_2000_4_1.5_chordal,val_epoch_task,val,cycle3,56,,,,,,,,,,2000,686.0,9.0,1300.0,5.0,0.9870503597122302,0.9927641099855282,0.9898989796638489,0.9898989796638489,0.9898989796638489,691.0,0.34549999237060547
fedavg,fedavg,504|859,504|859,1,859,data_2000_4_1.5_chordal,val_epoch_task,val,cycle4,56,,,,,,,,,,2000,361.0,30.0,1579.0,30.0,0.9232736572890026,0.9232736572890026,0.9232736825942993,0.9232736825942993,0.9232736825942993,391.0,0.19550000131130219
fedavg,fedavg,504|859,504|859,1,859,data_2000_4_1.5_chordal,val_epoch_task,val,cycle5,56,,,,,,,,,,2000,205.0,98.0,1666.0,31.0,0.6765676567656765,0.8686440677966102,0.7606678605079651,0.7606678605079651,0.7606678605079651,236.0,0.11800000071525574
fedavg,fedavg,504|859,504|859,1,859,data_2000_4_1.5_chordal,val_epoch_task,val,cycle6,56,,,,,,,,,,2000,67.0,147.0,1725.0,61.0,0.3130841121495327,0.5234375,0.39181289076805115,0.39181289076805115,0.39181289076805115,128.0,0.06400000303983688
fedavg,fedavg,504|859,504|859,1,504,data_2000_3_11_chordal,global_val_client,val,,56,,,0.42280538195371625,0.9798,0.9139999747276306,0.8653333333333334,0.8746652603149414,0.8746652603149414,0.8746652603149414,2000,,,,,,,,,,,
fedavg,fedavg,504|859,504|859,1,504,data_2000_3_11_chordal,global_val_client_task,val,cycle2,56,,,,,,,,,,2000,82.0,5.0,1913.0,0.0,0.9425287356321839,1.0,0.9704142212867737,0.9704142212867737,0.9704142212867737,82.0,0.04100000113248825
fedavg,fedavg,504|859,504|859,1,504,data_2000_3_11_chordal,global_val_client_task,val,cycle3,56,,,,,,,,,,2000,127.0,14.0,1858.0,1.0,0.900709219858156,0.9921875,0.9442379474639893,0.9442379474639893,0.9442379474639893,128.0,0.06400000303983688
fedavg,fedavg,504|859,504|859,1,504,data_2000_3_11_chordal,global_val_client_task,val,cycle4,56,,,,,,,,,,2000,157.0,23.0,1820.0,0.0,0.8722222222222222,1.0,0.9317507743835449,0.9317507743835449,0.9317507743835449,157.0,0.07850000262260437
fedavg,fedavg,504|859,504|859,1,504,data_2000_3_11_chordal,global_val_client_task,val,cycle5,56,,,,,,,,,,2000,186.0,27.0,1786.0,1.0,0.8732394366197183,0.9946524064171123,0.9300000667572021,0.9300000667572021,0.9300000667572021,187.0,0.09350000321865082
fedavg,fedavg,504|859,504|859,1,504,data_2000_3_11_chordal,global_val_client_task,val,cycle6,56,,,,,,,,,,2000,97.0,45.0,1772.0,86.0,0.6830985915492958,0.5300546448087432,0.5969231128692627,0.5969231128692627,0.5969231128692627,183.0,0.09149999916553497
fedavg,fedavg,504|859,504|859,1,859,data_2000_4_1.5_chordal,global_val_client,val,,56,,,0.4774295516610146,0.9573,0.8475000262260437,0.9126253325148351,0.8164445757865906,0.8164445757865906,0.8164445757865906,2000,,,,,,,,,,,
fedavg,fedavg,504|859,504|859,1,859,data_2000_4_1.5_chordal,global_val_client_task,val,cycle2,56,,,,,,,,,,2000,862.0,6.0,1132.0,0.0,0.9930875576036866,1.0,0.9965317845344543,0.9965317845344543,0.9965317845344543,862.0,0.4309999942779541
fedavg,fedavg,504|859,504|859,1,859,data_2000_4_1.5_chordal,global_val_client_task,val,cycle3,56,,,,,,,,,,2000,689.0,10.0,1299.0,2.0,0.9856938483547926,0.9971056439942113,0.9913669228553772,0.9913669228553772,0.9913669228553772,691.0,0.34549999237060547
fedavg,fedavg,504|859,504|859,1,859,data_2000_4_1.5_chordal,global_val_client_task,val,cycle4,56,,,,,,,,,,2000,386.0,51.0,1558.0,5.0,0.8832951945080092,0.9872122762148338,0.9323671460151672,0.9323671460151672,0.9323671460151672,391.0,0.19550000131130219
fedavg,fedavg,504|859,504|859,1,859,data_2000_4_1.5_chordal,global_val_client_task,val,cycle5,56,,,,,,,,,,2000,221.0,131.0,1633.0,15.0,0.6278409090909091,0.9364406779661016,0.7517006993293762,0.7517006993293762,0.7517006993293762,236.0,0.11800000071525574
fedavg,fedavg,504|859,504|859,1,859,data_2000_4_1.5_chordal,global_val_client_task,val,cycle6,56,,,,,,,,,,2000,72.0,151.0,1721.0,56.0,0.32286995515695066,0.5625,0.41025641560554504,0.41025641560554504,0.41025641560554504,128.0,0.06400000303983688
fedavg,fedavg,504|859,504|859,1,all,all,global_val_mean,val,,56,,,0.4501174668073654,0.9685499999999999,0.8807500004768372,0.8889793329240843,0.845554918050766,0.845554918050766,0.845554918050766,4000,,,,,,,,,,,
fedavg,fedavg,504|859,504|859,1,504,data_2000_3_11_chordal,train_epoch,train,,57,1.0,0.10348096767067909,,,,,,,,2000,,,,,,,,,,,
fedavg,fedavg,504|859,504|859,1,504,data_2000_3_11_chordal,train_epoch,train,,57,2.0,0.09006921611120924,,,,,,,,2000,,,,,,,,,,,
fedavg,fedavg,504|859,504|859,1,504,data_2000_3_11_chordal,train_epoch,train,,57,3.0,0.08143516270816326,,,,,,,,2000,,,,,,,,,,,
fedavg,fedavg,504|859,504|859,1,504,data_2000_3_11_chordal,train_epoch,train,,57,4.0,0.08618436194956303,,,,,,,,2000,,,,,,,,,,,
fedavg,fedavg,504|859,504|859,1,504,data_2000_3_11_chordal,train_epoch,train,,57,5.0,0.07421592632587999,,,,,,,,2000,,,,,,,,,,,
fedavg,fedavg,504|859,504|859,1,504,data_2000_3_11_chordal,train_epoch,train,,57,6.0,0.06789522849023343,,,,,,,,2000,,,,,,,,,,,
fedavg,fedavg,504|859,504|859,1,504,data_2000_3_11_chordal,train_epoch,train,,57,7.0,0.0761521706879139,,,,,,,,2000,,,,,,,,,,,
fedavg,fedavg,504|859,504|859,1,504,data_2000_3_11_chordal,train_epoch,train,,57,8.0,0.08493590307235718,,,,,,,,2000,,,,,,,,,,,
fedavg,fedavg,504|859,504|859,1,504,data_2000_3_11_chordal,train_epoch,train,,57,9.0,0.09093834382295608,,,,,,,,2000,,,,,,,,,,,
fedavg,fedavg,504|859,504|859,1,504,data_2000_3_11_chordal,train_epoch,train,,57,10.0,0.07081989963061643,,,,,,,,2000,,,,,,,,,,,
fedavg,fedavg,504|859,504|859,1,504,data_2000_3_11_chordal,val_epoch,val,,57,,,0.28895397365093234,0.9717,0.8820000290870667,0.8269113149847095,0.856733500957489,0.856733500957489,0.856733500957489,2000,,,,,,,,,,,
fedavg,fedavg,504|859,504|859,1,504,data_2000_3_11_chordal,val_epoch_task,val,cycle2,57,,,,,,,,,,2000,82.0,5.0,1913.0,0.0,0.9425287356321839,1.0,0.9704142212867737,0.9704142212867737,0.9704142212867737,82.0,0.04100000113248825
fedavg,fedavg,504|859,504|859,1,504,data_2000_3_11_chordal,val_epoch_task,val,cycle3,57,,,,,,,,,,2000,128.0,9.0,1863.0,0.0,0.9343065693430657,1.0,0.9660376906394958,0.9660376906394958,0.9660376906394958,128.0,0.06400000303983688
fedavg,fedavg,504|859,504|859,1,504,data_2000_3_11_chordal,val_epoch_task,val,cycle4,57,,,,,,,,,,2000,157.0,37.0,1806.0,0.0,0.8092783505154639,1.0,0.8945869207382202,0.8945869207382202,0.8945869207382202,157.0,0.07850000262260437
fedavg,fedavg,504|859,504|859,1,504,data_2000_3_11_chordal,val_epoch_task,val,cycle5,57,,,,,,,,,,2000,178.0,63.0,1750.0,9.0,0.7385892116182573,0.9518716577540107,0.8317756652832031,0.8317756652832031,0.8317756652832031,187.0,0.09350000321865082
fedavg,fedavg,504|859,504|859,1,504,data_2000_3_11_chordal,val_epoch_task,val,cycle6,57,,,,,,,,,,2000,131.0,108.0,1709.0,52.0,0.5481171548117155,0.7158469945355191,0.6208531260490417,0.6208531260490417,0.6208531260490417,183.0,0.09149999916553497
fedavg,fedavg,504|859,504|859,1,859,data_2000_4_1.5_chordal,train_epoch,train,,57,1.0,0.06457028242945671,,,,,,,,2000,,,,,,,,,,,
fedavg,fedavg,504|859,504|859,1,859,data_2000_4_1.5_chordal,train_epoch,train,,57,2.0,0.07246466526389123,,,,,,,,2000,,,,,,,,,,,
fedavg,fedavg,504|859,504|859,1,859,data_2000_4_1.5_chordal,train_epoch,train,,57,3.0,0.048205386623740194,,,,,,,,2000,,,,,,,,,,,
fedavg,fedavg,504|859,504|859,1,859,data_2000_4_1.5_chordal,train_epoch,train,,57,4.0,0.060716763231903316,,,,,,,,2000,,,,,,,,,,,
fedavg,fedavg,504|859,504|859,1,859,data_2000_4_1.5_chordal,train_epoch,train,,57,5.0,0.06408538904413581,,,,,,,,2000,,,,,,,,,,,
fedavg,fedavg,504|859,504|859,1,859,data_2000_4_1.5_chordal,train_epoch,train,,57,6.0,0.06266556004434824,,,,,,,,2000,,,,,,,,,,,
fedavg,fedavg,504|859,504|859,1,859,data_2000_4_1.5_chordal,train_epoch,train,,57,7.0,0.09372235309705138,,,,,,,,2000,,,,,,,,,,,
fedavg,fedavg,504|859,504|859,1,859,data_2000_4_1.5_chordal,train_epoch,train,,57,8.0,0.058904044419527055,,,,,,,,2000,,,,,,,,,,,
fedavg,fedavg,504|859,504|859,1,859,data_2000_4_1.5_chordal,train_epoch,train,,57,9.0,0.06111501387879253,,,,,,,,2000,,,,,,,,,,,
fedavg,fedavg,504|859,504|859,1,859,data_2000_4_1.5_chordal,train_epoch,train,,57,10.0,0.06117623646557331,,,,,,,,2000,,,,,,,,,,,
fedavg,fedavg,504|859,504|859,1,859,data_2000_4_1.5_chordal,val_epoch,val,,57,,,0.7048320747166872,0.9586,0.8500000238418579,0.9135699373695199,0.8069470524787903,0.8069470524787903,0.8069470524787903,2000,,,,,,,,,,,
fedavg,fedavg,504|859,504|859,1,859,data_2000_4_1.5_chordal,val_epoch_task,val,cycle2,57,,,,,,,,,,2000,857.0,4.0,1134.0,5.0,0.9953542392566783,0.994199535962877,0.9947765469551086,0.9947765469551086,0.9947765469551086,862.0,0.4309999942779541
fedavg,fedavg,504|859,504|859,1,859,data_2000_4_1.5_chordal,val_epoch_task,val,cycle3,57,,,,,,,,,,2000,685.0,10.0,1299.0,6.0,0.9856115107913669,0.9913169319826338,0.9884559512138367,0.9884559512138367,0.9884559512138367,691.0,0.34549999237060547
fedavg,fedavg,504|859,504|859,1,859,data_2000_4_1.5_chordal,val_epoch_task,val,cycle4,57,,,,,,,,,,2000,381.0,62.0,1547.0,10.0,0.8600451467268623,0.9744245524296675,0.9136691093444824,0.9136691093444824,0.9136691093444824,391.0,0.19550000131130219
fedavg,fedavg,504|859,504|859,1,859,data_2000_4_1.5_chordal,val_epoch_task,val,cycle5,57,,,,,,,,,,2000,209.0,100.0,1664.0,27.0,0.6763754045307443,0.885593220338983,0.766972541809082,0.766972541809082,0.766972541809082,236.0,0.11800000071525574
fedavg,fedavg,504|859,504|859,1,859,data_2000_4_1.5_chordal,val_epoch_task,val,cycle6,57,,,,,,,,,,2000,56.0,118.0,1754.0,72.0,0.3218390804597701,0.4375,0.3708609342575073,0.3708609342575073,0.3708609342575073,128.0,0.06400000303983688
fedavg,fedavg,504|859,504|859,1,504,data_2000_3_11_chordal,global_val_client,val,,57,,,0.5545342660471797,0.9752,0.8980000019073486,0.8357615894039735,0.8453871607780457,0.8453871607780457,0.8453871607780457,2000,,,,,,,,,,,
fedavg,fedavg,504|859,504|859,1,504,data_2000_3_11_chordal,global_val_client_task,val,cycle2,57,,,,,,,,,,2000,82.0,4.0,1914.0,0.0,0.9534883720930233,1.0,0.976190447807312,0.976190447807312,0.976190447807312,82.0,0.04100000113248825
fedavg,fedavg,504|859,504|859,1,504,data_2000_3_11_chordal,global_val_client_task,val,cycle3,57,,,,,,,,,,2000,128.0,17.0,1855.0,0.0,0.8827586206896552,1.0,0.9377289414405823,0.9377289414405823,0.9377289414405823,128.0,0.06400000303983688
fedavg,fedavg,504|859,504|859,1,504,data_2000_3_11_chordal,global_val_client_task,val,cycle4,57,,,,,,,,,,2000,157.0,31.0,1812.0,0.0,0.8351063829787234,1.0,0.9101449251174927,0.9101449251174927,0.9101449251174927,157.0,0.07850000262260437
fedavg,fedavg,504|859,504|859,1,504,data_2000_3_11_chordal,global_val_client_task,val,cycle5,57,,,,,,,,,,2000,184.0,48.0,1765.0,3.0,0.7931034482758621,0.983957219251337,0.8782815933227539,0.8782815933227539,0.8782815933227539,187.0,0.09350000321865082
fedavg,fedavg,504|859,504|859,1,504,data_2000_3_11_chordal,global_val_client_task,val,cycle6,57,,,,,,,,,,2000,80.0,42.0,1775.0,103.0,0.6557377049180327,0.4371584699453552,0.5245901346206665,0.5245901346206665,0.5245901346206665,183.0,0.09149999916553497
fedavg,fedavg,504|859,504|859,1,859,data_2000_4_1.5_chordal,global_val_client,val,,57,,,0.5648164234161377,0.9539,0.8330000042915344,0.9064339354576821,0.8076115846633911,0.8076115846633911,0.8076115846633911,2000,,,,,,,,,,,
fedavg,fedavg,504|859,504|859,1,859,data_2000_4_1.5_chordal,global_val_client_task,val,cycle2,57,,,,,,,,,,2000,862.0,5.0,1133.0,0.0,0.994232987312572,1.0,0.9971081614494324,0.9971081614494324,0.9971081614494324,862.0,0.4309999942779541
fedavg,fedavg,504|859,504|859,1,859,data_2000_4_1.5_chordal,global_val_client_task,val,cycle3,57,,,,,,,,,,2000,691.0,21.0,1288.0,0.0,0.9705056179775281,1.0,0.9850320816040039,0.9850320816040039,0.9850320816040039,691.0,0.34549999237060547
fedavg,fedavg,504|859,504|859,1,859,data_2000_4_1.5_chordal,global_val_client_task,val,cycle4,57,,,,,,,,,,2000,391.0,84.0,1525.0,0.0,0.8231578947368421,1.0,0.9030023217201233,0.9030023217201233,0.9030023217201233,391.0,0.19550000131130219
fedavg,fedavg,504|859,504|859,1,859,data_2000_4_1.5_chordal,global_val_client_task,val,cycle5,57,,,,,,,,,,2000,220.0,146.0,1618.0,16.0,0.6010928961748634,0.9322033898305084,0.7308969497680664,0.7308969497680664,0.7308969497680664,236.0,0.11800000071525574
fedavg,fedavg,504|859,504|859,1,859,data_2000_4_1.5_chordal,global_val_client_task,val,cycle6,57,,,,,,,,,,2000,69.0,130.0,1742.0,59.0,0.34673366834170855,0.5390625,0.4220183193683624,0.4220183193683624,0.4220183193683624,128.0,0.06400000303983688
fedavg,fedavg,504|859,504|859,1,all,all,global_val_mean,val,,57,,,0.5596753447316587,0.9645499999999999,0.8655000030994415,0.8710977624308277,0.8264993727207184,0.8264993727207184,0.8264993727207184,4000,,,,,,,,,,,
fedavg,fedavg,504|859,504|859,1,504,data_2000_3_11_chordal,train_epoch,train,,58,1.0,0.09661244563758373,,,,,,,,2000,,,,,,,,,,,
fedavg,fedavg,504|859,504|859,1,504,data_2000_3_11_chordal,train_epoch,train,,58,2.0,0.07628695364296437,,,,,,,,2000,,,,,,,,,,,
fedavg,fedavg,504|859,504|859,1,504,data_2000_3_11_chordal,train_epoch,train,,58,3.0,0.07385035790130497,,,,,,,,2000,,,,,,,,,,,
fedavg,fedavg,504|859,504|859,1,504,data_2000_3_11_chordal,train_epoch,train,,58,4.0,0.07808257214725017,,,,,,,,2000,,,,,,,,,,,
fedavg,fedavg,504|859,504|859,1,504,data_2000_3_11_chordal,train_epoch,train,,58,5.0,0.06680590091086924,,,,,,,,2000,,,,,,,,,,,
fedavg,fedavg,504|859,504|859,1,504,data_2000_3_11_chordal,train_epoch,train,,58,6.0,0.07462854841351509,,,,,,,,2000,,,,,,,,,,,
fedavg,fedavg,504|859,504|859,1,504,data_2000_3_11_chordal,train_epoch,train,,58,7.0,0.0687199824154377,,,,,,,,2000,,,,,,,,,,,
fedavg,fedavg,504|859,504|859,1,504,data_2000_3_11_chordal,train_epoch,train,,58,8.0,0.0832998581379652,,,,,,,,2000,,,,,,,,,,,
fedavg,fedavg,504|859,504|859,1,504,data_2000_3_11_chordal,train_epoch,train,,58,9.0,0.08097541236132383,,,,,,,,2000,,,,,,,,,,,
fedavg,fedavg,504|859,504|859,1,504,data_2000_3_11_chordal,train_epoch,train,,58,10.0,0.07985592803359032,,,,,,,,2000,,,,,,,,,,,
fedavg,fedavg,504|859,504|859,1,504,data_2000_3_11_chordal,val_epoch,val,,58,,,0.24985936176776885,0.9731,0.8930000066757202,0.8378541289933696,0.8645012974739075,0.8645012974739075,0.8645012974739075,2000,,,,,,,,,,,
fedavg,fedavg,504|859,504|859,1,504,data_2000_3_11_chordal,val_epoch_task,val,cycle2,58,,,,,,,,,,2000,81.0,1.0,1917.0,1.0,0.9878048780487805,0.9878048780487805,0.9878048896789551,0.9878048896789551,0.9878048896789551,82.0,0.04100000113248825
fedavg,fedavg,504|859,504|859,1,504,data_2000_3_11_chordal,val_epoch_task,val,cycle3,58,,,,,,,,,,2000,128.0,23.0,1849.0,0.0,0.847682119205298,1.0,0.91756272315979,0.91756272315979,0.91756272315979,128.0,0.06400000303983688
fedavg,fedavg,504|859,504|859,1,504,data_2000_3_11_chordal,val_epoch_task,val,cycle4,58,,,,,,,,,,2000,156.0,30.0,1813.0,1.0,0.8387096774193549,0.9936305732484076,0.909621000289917,0.909621000289917,0.909621000289917,157.0,0.07850000262260437
fedavg,fedavg,504|859,504|859,1,504,data_2000_3_11_chordal,val_epoch_task,val,cycle5,58,,,,,,,,,,2000,186.0,77.0,1736.0,1.0,0.7072243346007605,0.9946524064171123,0.8266666531562805,0.8266666531562805,0.8266666531562805,187.0,0.09350000321865082
fedavg,fedavg,504|859,504|859,1,504,data_2000_3_11_chordal,val_epoch_task,val,cycle6,58,,,,,,,,,,2000,144.0,96.0,1721.0,39.0,0.6,0.7868852459016393,0.6808510422706604,0.6808510422706604,0.6808510422706604,183.0,0.09149999916553497
fedavg,fedavg,504|859,504|859,1,859,data_2000_4_1.5_chordal,train_epoch,train,,58,1.0,0.07389214323461056,,,,,,,,2000,,,,,,,,,,,
fedavg,fedavg,504|859,504|859,1,859,data_2000_4_1.5_chordal,train_epoch,train,,58,2.0,0.060012699330225586,,,,,,,,2000,,,,,,,,,,,
fedavg,fedavg,504|859,504|859,1,859,data_2000_4_1.5_chordal,train_epoch,train,,58,3.0,0.05114949795603752,,,,,,,,2000,,,,,,,,,,,
fedavg,fedavg,504|859,504|859,1,859,data_2000_4_1.5_chordal,train_epoch,train,,58,4.0,0.07663532939553261,,,,,,,,2000,,,,,,,,,,,
fedavg,fedavg,504|859,504|859,1,859,data_2000_4_1.5_chordal,train_epoch,train,,58,5.0,0.05636977060511708,,,,,,,,2000,,,,,,,,,,,
fedavg,fedavg,504|859,504|859,1,859,data_2000_4_1.5_chordal,train_epoch,train,,58,6.0,0.055614196702837945,,,,,,,,2000,,,,,,,,,,,
fedavg,fedavg,504|859,504|859,1,859,data_2000_4_1.5_chordal,train_epoch,train,,58,7.0,0.05604355837404728,,,,,,,,2000,,,,,,,,,,,
fedavg,fedavg,504|859,504|859,1,859,data_2000_4_1.5_chordal,train_epoch,train,,58,8.0,0.06408425061032176,,,,,,,,2000,,,,,,,,,,,
fedavg,fedavg,504|859,504|859,1,859,data_2000_4_1.5_chordal,train_epoch,train,,58,9.0,0.04456986618041992,,,,,,,,2000,,,,,,,,,,,
fedavg,fedavg,504|859,504|859,1,859,data_2000_4_1.5_chordal,train_epoch,train,,58,10.0,0.0458441321849823,,,,,,,,2000,,,,,,,,,,,
fedavg,fedavg,504|859,504|859,1,859,data_2000_4_1.5_chordal,val_epoch,val,,58,,,0.6725266337394714,0.9662,0.859499990940094,0.9284504657070279,0.8232681155204773,0.8232681155204773,0.8232681155204773,2000,,,,,,,,,,,
fedavg,fedavg,504|859,504|859,1,859,data_2000_4_1.5_chordal,val_epoch_task,val,cycle2,58,,,,,,,,,,2000,862.0,2.0,1136.0,0.0,0.9976851851851852,1.0,0.9988412261009216,0.9988412261009216,0.9988412261009216,862.0,0.4309999942779541
fedavg,fedavg,504|859,504|859,1,859,data_2000_4_1.5_chordal,val_epoch_task,val,cycle3,58,,,,,,,,,,2000,691.0,15.0,1294.0,0.0,0.9787535410764873,1.0,0.9892627000808716,0.9892627000808716,0.9892627000808716,691.0,0.34549999237060547
fedavg,fedavg,504|859,504|859,1,859,data_2000_4_1.5_chordal,val_epoch_task,val,cycle4,58,,,,,,,,,,2000,384.0,33.0,1576.0,7.0,0.920863309352518,0.9820971867007673,0.9504950642585754,0.9504950642585754,0.9504950642585754,391.0,0.19550000131130219
fedavg,fedavg,504|859,504|859,1,859,data_2000_4_1.5_chordal,val_epoch_task,val,cycle5,58,,,,,,,,,,2000,201.0,69.0,1695.0,35.0,0.7444444444444445,0.8516949152542372,0.7944664359092712,0.7944664359092712,0.7944664359092712,236.0,0.11800000071525574
fedavg,fedavg,504|859,504|859,1,859,data_2000_4_1.5_chordal,val_epoch_task,val,cycle6,58,,,,,,,,,,2000,55.0,104.0,1768.0,73.0,0.34591194968553457,0.4296875,0.38327527046203613,0.38327527046203613,0.38327527046203613,128.0,0.06400000303983688
fedavg,fedavg,504|859,504|859,1,504,data_2000_3_11_chordal,global_val_client,val,,58,,,0.44333629522658885,0.9756,0.9035000205039978,0.8409387222946546,0.8499754667282104,0.8499754667282104,0.8499754667282104,2000,,,,,,,,,,,
fedavg,fedavg,504|859,504|859,1,504,data_2000_3_11_chordal,global_val_client_task,val,cycle2,58,,,,,,,,,,2000,82.0,11.0,1907.0,0.0,0.8817204301075269,1.0,0.9371428489685059,0.9371428489685059,0.9371428489685059,82.0,0.04100000113248825
fedavg,fedavg,504|859,504|859,1,504,data_2000_3_11_chordal,global_val_client_task,val,cycle3,58,,,,,,,,,,2000,128.0,22.0,1850.0,0.0,0.8533333333333334,1.0,0.9208633303642273,0.9208633303642273,0.9208633303642273,128.0,0.06400000303983688
fedavg,fedavg,504|859,504|859,1,504,data_2000_3_11_chordal,global_val_client_task,val,cycle4,58,,,,,,,,,,2000,154.0,20.0,1823.0,3.0,0.8850574712643678,0.9808917197452229,0.9305136203765869,0.9305136203765869,0.9305136203765869,157.0,0.07850000262260437
fedavg,fedavg,504|859,504|859,1,504,data_2000_3_11_chordal,global_val_client_task,val,cycle5,58,,,,,,,,,,2000,185.0,53.0,1760.0,2.0,0.7773109243697479,0.9893048128342246,0.8705882430076599,0.8705882430076599,0.8705882430076599,187.0,0.09350000321865082
fedavg,fedavg,504|859,504|859,1,504,data_2000_3_11_chordal,global_val_client_task,val,cycle6,58,,,,,,,,,,2000,96.0,46.0,1771.0,87.0,0.676056338028169,0.5245901639344263,0.5907692313194275,0.5907692313194275,0.5907692313194275,183.0,0.09149999916553497
fedavg,fedavg,504|859,504|859,1,859,data_2000_4_1.5_chordal,global_val_client,val,,58,,,0.4178796696662903,0.945,0.8130000233650208,0.8914330833004342,0.8002027273178101,0.8002027273178101,0.8002027273178101,2000,,,,,,,,,,,
fedavg,fedavg,504|859,504|859,1,859,data_2000_4_1.5_chordal,global_val_client_task,val,cycle2,58,,,,,,,,,,2000,862.0,3.0,1135.0,0.0,0.9965317919075144,1.0,0.998262882232666,0.998262882232666,0.998262882232666,862.0,0.4309999942779541
fedavg,fedavg,504|859,504|859,1,859,data_2000_4_1.5_chordal,global_val_client_task,val,cycle3,58,,,,,,,,,,2000,691.0,13.0,1296.0,0.0,0.9815340909090909,1.0,0.990680992603302,0.990680992603302,0.990680992603302,691.0,0.34549999237060547
fedavg,fedavg,504|859,504|859,1,859,data_2000_4_1.5_chordal,global_val_client_task,val,cycle4,58,,,,,,,,,,2000,389.0,87.0,1522.0,2.0,0.8172268907563025,0.9948849104859335,0.8973471522331238,0.8973471522331238,0.8973471522331238,391.0,0.19550000131130219
fedavg,fedavg,504|859,504|859,1,859,data_2000_4_1.5_chordal,global_val_client_task,val,cycle5,58,,,,,,,,,,2000,227.0,198.0,1566.0,9.0,0.5341176470588235,0.961864406779661,0.6868381500244141,0.6868381500244141,0.6868381500244141,236.0,0.11800000071525574
fedavg,fedavg,504|859,504|859,1,859,data_2000_4_1.5_chordal,global_val_client_task,val,cycle6,58,,,,,,,,,,2000,89.0,199.0,1673.0,39.0,0.3090277777777778,0.6953125,0.42788463830947876,0.42788463830947876,0.42788463830947876,128.0,0.06400000303983688
fedavg,fedavg,504|859,504|859,1,all,all,global_val_mean,val,,58,,,0.43060798244643955,0.9602999999999999,0.8582500219345093,0.8661859027975444,0.8250890970230103,0.8250890970230103,0.8250890970230103,4000,,,,,,,,,,,
fedavg,fedavg,504|859,504|859,1,504,data_2000_3_11_chordal,train_epoch,train,,59,1.0,0.11753634609282017,,,,,,,,2000,,,,,,,,,,,
fedavg,fedavg,504|859,504|859,1,504,data_2000_3_11_chordal,train_epoch,train,,59,2.0,0.07401101504266262,,,,,,,,2000,,,,,,,,,,,
fedavg,fedavg,504|859,504|859,1,504,data_2000_3_11_chordal,train_epoch,train,,59,3.0,0.08303781414590776,,,,,,,,2000,,,,,,,,,,,
fedavg,fedavg,504|859,504|859,1,504,data_2000_3_11_chordal,train_epoch,train,,59,4.0,0.057861623387783764,,,,,,,,2000,,,,,,,,,,,
fedavg,fedavg,504|859,504|859,1,504,data_2000_3_11_chordal,train_epoch,train,,59,5.0,0.05845838890969753,,,,,,,,2000,,,,,,,,,,,
fedavg,fedavg,504|859,504|859,1,504,data_2000_3_11_chordal,train_epoch,train,,59,6.0,0.08259504248946906,,,,,,,,2000,,,,,,,,,,,
fedavg,fedavg,504|859,504|859,1,504,data_2000_3_11_chordal,train_epoch,train,,59,7.0,0.08051371073722839,,,,,,,,2000,,,,,,,,,,,
fedavg,fedavg,504|859,504|859,1,504,data_2000_3_11_chordal,train_epoch,train,,59,8.0,0.08323712272569538,,,,,,,,2000,,,,,,,,,,,
fedavg,fedavg,504|859,504|859,1,504,data_2000_3_11_chordal,train_epoch,train,,59,9.0,0.08438536863029003,,,,,,,,2000,,,,,,,,,,,
fedavg,fedavg,504|859,504|859,1,504,data_2000_3_11_chordal,train_epoch,train,,59,10.0,0.05298944720812142,,,,,,,,2000,,,,,,,,,,,
fedavg,fedavg,504|859,504|859,1,504,data_2000_3_11_chordal,val_epoch,val,,59,,,0.30668309462070464,0.9774,0.9035000205039978,0.8558673469387755,0.8800545930862427,0.8800545930862427,0.8800545930862427,2000,,,,,,,,,,,
fedavg,fedavg,504|859,504|859,1,504,data_2000_3_11_chordal,val_epoch_task,val,cycle2,59,,,,,,,,,,2000,82.0,5.0,1913.0,0.0,0.9425287356321839,1.0,0.9704142212867737,0.9704142212867737,0.9704142212867737,82.0,0.04100000113248825
fedavg,fedavg,504|859,504|859,1,504,data_2000_3_11_chordal,val_epoch_task,val,cycle3,59,,,,,,,,,,2000,128.0,13.0,1859.0,0.0,0.9078014184397163,1.0,0.9516728520393372,0.9516728520393372,0.9516728520393372,128.0,0.06400000303983688
fedavg,fedavg,504|859,504|859,1,504,data_2000_3_11_chordal,val_epoch_task,val,cycle4,59,,,,,,,,,,2000,154.0,13.0,1830.0,3.0,0.9221556886227545,0.9808917197452229,0.9506173133850098,0.9506173133850098,0.9506173133850098,157.0,0.07850000262260437
fedavg,fedavg,504|859,504|859,1,504,data_2000_3_11_chordal,val_epoch_task,val,cycle5,59,,,,,,,,,,2000,174.0,35.0,1778.0,13.0,0.8325358851674641,0.93048128342246,0.8787878751754761,0.8787878751754761,0.8787878751754761,187.0,0.09350000321865082
fedavg,fedavg,504|859,504|859,1,504,data_2000_3_11_chordal,val_epoch_task,val,cycle6,59,,,,,,,,,,2000,133.0,94.0,1723.0,50.0,0.5859030837004405,0.726775956284153,0.6487805247306824,0.6487805247306824,0.6487805247306824,183.0,0.09149999916553497
fedavg,fedavg,504|859,504|859,1,859,data_2000_4_1.5_chordal,train_epoch,train,,59,1.0,0.06762225184962153,,,,,,,,2000,,,,,,,,,,,
fedavg,fedavg,504|859,504|859,1,859,data_2000_4_1.5_chordal,train_epoch,train,,59,2.0,0.0755749812722206,,,,,,,,2000,,,,,,,,,,,
fedavg,fedavg,504|859,504|859,1,859,data_2000_4_1.5_chordal,train_epoch,train,,59,3.0,0.0736281451024115,,,,,,,,2000,,,,,,,,,,,
fedavg,fedavg,504|859,504|859,1,859,data_2000_4_1.5_chordal,train_epoch,train,,59,4.0,0.05863161137327552,,,,,,,,2000,,,,,,,,,,,
fedavg,fedavg,504|859,504|859,1,859,data_2000_4_1.5_chordal,train_epoch,train,,59,5.0,0.04518566884845495,,,,,,,,2000,,,,,,,,,,,
fedavg,fedavg,504|859,504|859,1,859,data_2000_4_1.5_chordal,train_epoch,train,,59,6.0,0.06442323027551174,,,,,,,,2000,,,,,,,,,,,
fedavg,fedavg,504|859,504|859,1,859,data_2000_4_1.5_chordal,train_epoch,train,,59,7.0,0.0758311125934124,,,,,,,,2000,,,,,,,,,,,
fedavg,fedavg,504|859,504|859,1,859,data_2000_4_1.5_chordal,train_epoch,train,,59,8.0,0.07742531561851501,,,,,,,,2000,,,,,,,,,,,
fedavg,fedavg,504|859,504|859,1,859,data_2000_4_1.5_chordal,train_epoch,train,,59,9.0,0.05699391297250986,,,,,,,,2000,,,,,,,,,,,
fedavg,fedavg,504|859,504|859,1,859,data_2000_4_1.5_chordal,train_epoch,train,,59,10.0,0.065259861163795,,,,,,,,2000,,,,,,,,,,,
fedavg,fedavg,504|859,504|859,1,859,data_2000_4_1.5_chordal,val_epoch,val,,59,,,1.0969639968872071,0.9584,0.8259999752044678,0.9129707112970712,0.7808583378791809,0.7808583378791809,0.7808583378791809,2000,,,,,,,,,,,
fedavg,fedavg,504|859,504|859,1,859,data_2000_4_1.5_chordal,val_epoch_task,val,cycle2,59,,,,,,,,,,2000,861.0,3.0,1135.0,1.0,0.9965277777777778,0.9988399071925754,0.997682511806488,0.997682511806488,0.997682511806488,862.0,0.4309999942779541
fedavg,fedavg,504|859,504|859,1,859,data_2000_4_1.5_chordal,val_epoch_task,val,cycle3,59,,,,,,,,,,2000,689.0,22.0,1287.0,2.0,0.9690576652601969,0.9971056439942113,0.9828816056251526,0.9828816056251526,0.9828816056251526,691.0,0.34549999237060547
fedavg,fedavg,504|859,504|859,1,859,data_2000_4_1.5_chordal,val_epoch_task,val,cycle4,59,,,,,,,,,,2000,383.0,67.0,1542.0,8.0,0.8511111111111112,0.979539641943734,0.9108204245567322,0.9108204245567322,0.9108204245567322,391.0,0.19550000131130219
fedavg,fedavg,504|859,504|859,1,859,data_2000_4_1.5_chordal,val_epoch_task,val,cycle5,59,,,,,,,,,,2000,220.0,163.0,1601.0,16.0,0.5744125326370757,0.9322033898305084,0.7108238935470581,0.7108238935470581,0.7108238935470581,236.0,0.11800000071525574
fedavg,fedavg,504|859,504|859,1,859,data_2000_4_1.5_chordal,val_epoch_task,val,cycle6,59,,,,,,,,,,2000,29.0,35.0,1837.0,99.0,0.453125,0.2265625,0.3020833432674408,0.3020833432674408,0.3020833432674408,128.0,0.06400000303983688
fedavg,fedavg,504|859,504|859,1,504,data_2000_3_11_chordal,global_val_client,val,,59,,,0.5518238613307476,0.9765,0.9045000076293945,0.8419636852723605,0.8492803573608398,0.8492803573608398,0.8492803573608398,2000,,,,,,,,,,,
fedavg,fedavg,504|859,504|859,1,504,data_2000_3_11_chordal,global_val_client_task,val,cycle2,59,,,,,,,,,,2000,82.0,5.0,1913.0,0.0,0.9425287356321839,1.0,0.9704142212867737,0.9704142212867737,0.9704142212867737,82.0,0.04100000113248825
fedavg,fedavg,504|859,504|859,1,504,data_2000_3_11_chordal,global_val_client_task,val,cycle3,59,,,,,,,,,,2000,128.0,20.0,1852.0,0.0,0.8648648648648649,1.0,0.9275362491607666,0.9275362491607666,0.9275362491607666,128.0,0.06400000303983688
fedavg,fedavg,504|859,504|859,1,504,data_2000_3_11_chordal,global_val_client_task,val,cycle4,59,,,,,,,,,,2000,156.0,22.0,1821.0,1.0,0.8764044943820225,0.9936305732484076,0.9313433170318604,0.9313433170318604,0.9313433170318604,157.0,0.07850000262260437
fedavg,fedavg,504|859,504|859,1,504,data_2000_3_11_chordal,global_val_client_task,val,cycle5,59,,,,,,,,,,2000,180.0,42.0,1771.0,7.0,0.8108108108108109,0.9625668449197861,0.8801955580711365,0.8801955580711365,0.8801955580711365,187.0,0.09350000321865082
fedavg,fedavg,504|859,504|859,1,504,data_2000_3_11_chordal,global_val_client_task,val,cycle6,59,,,,,,,,,,2000,80.0,35.0,1782.0,103.0,0.6956521739130435,0.4371584699453552,0.536912739276886,0.536912739276886,0.536912739276886,183.0,0.09149999916553497
fedavg,fedavg,504|859,504|859,1,859,data_2000_4_1.5_chordal,global_val_client,val,,59,,,0.5160885216891765,0.9585,0.8355000019073486,0.9145914797283392,0.80940181016922,0.80940181016922,0.80940181016922,2000,,,,,,,,,,,
fedavg,fedavg,504|859,504|859,1,859,data_2000_4_1.5_chordal,global_val_client_task,val,cycle2,59,,,,,,,,,,2000,862.0,6.0,1132.0,0.0,0.9930875576036866,1.0,0.9965317845344543,0.9965317845344543,0.9965317845344543,862.0,0.4309999942779541
fedavg,fedavg,504|859,504|859,1,859,data_2000_4_1.5_chordal,global_val_client_task,val,cycle3,59,,,,,,,,,,2000,690.0,10.0,1299.0,1.0,0.9857142857142858,0.9985528219971056,0.9920920133590698,0.9920920133590698,0.9920920133590698,691.0,0.34549999237060547
fedavg,fedavg,504|859,504|859,1,859,data_2000_4_1.5_chordal,global_val_client_task,val,cycle4,59,,,,,,,,,,2000,387.0,60.0,1549.0,4.0,0.8657718120805369,0.989769820971867,0.9236276745796204,0.9236276745796204,0.9236276745796204,391.0,0.19550000131130219
fedavg,fedavg,504|859,504|859,1,859,data_2000_4_1.5_chordal,global_val_client_task,val,cycle5,59,,,,,,,,,,2000,226.0,152.0,1612.0,10.0,0.5978835978835979,0.9576271186440678,0.7361562848091125,0.7361562848091125,0.7361562848091125,236.0,0.11800000071525574
fedavg,fedavg,504|859,504|859,1,859,data_2000_4_1.5_chordal,global_val_client_task,val,cycle6,59,,,,,,,,,,2000,57.0,101.0,1771.0,71.0,0.36075949367088606,0.4453125,0.3986014127731323,0.3986014127731323,0.3986014127731323,128.0,0.06400000303983688
fedavg,fedavg,504|859,504|859,1,all,all,global_val_mean,val,,59,,,0.5339561915099621,0.9675,0.8700000047683716,0.8782775825003498,0.8293410837650299,0.8293410837650299,0.8293410837650299,4000,,,,,,,,,,,
fedavg,fedavg,504|859,504|859,1,504,data_2000_3_11_chordal,train_epoch,train,,60,1.0,0.0761555134896189,,,,,,,,2000,,,,,,,,,,,
fedavg,fedavg,504|859,504|859,1,504,data_2000_3_11_chordal,train_epoch,train,,60,2.0,0.08739624704234301,,,,,,,,2000,,,,,,,,,,,
fedavg,fedavg,504|859,504|859,1,504,data_2000_3_11_chordal,train_epoch,train,,60,3.0,0.08540067342520342,,,,,,,,2000,,,,,,,,,,,
fedavg,fedavg,504|859,504|859,1,504,data_2000_3_11_chordal,train_epoch,train,,60,4.0,0.0665269093811512,,,,,,,,2000,,,,,,,,,,,
fedavg,fedavg,504|859,504|859,1,504,data_2000_3_11_chordal,train_epoch,train,,60,5.0,0.09426995253562927,,,,,,,,2000,,,,,,,,,,,
fedavg,fedavg,504|859,504|859,1,504,data_2000_3_11_chordal,train_epoch,train,,60,6.0,0.07951302755624055,,,,,,,,2000,,,,,,,,,,,
fedavg,fedavg,504|859,504|859,1,504,data_2000_3_11_chordal,train_epoch,train,,60,7.0,0.0691906209141016,,,,,,,,2000,,,,,,,,,,,
fedavg,fedavg,504|859,504|859,1,504,data_2000_3_11_chordal,train_epoch,train,,60,8.0,0.06859610539674758,,,,,,,,2000,,,,,,,,,,,
fedavg,fedavg,504|859,504|859,1,504,data_2000_3_11_chordal,train_epoch,train,,60,9.0,0.06069394311867654,,,,,,,,2000,,,,,,,,,,,
fedavg,fedavg,504|859,504|859,1,504,data_2000_3_11_chordal,train_epoch,train,,60,10.0,0.0723832737710327,,,,,,,,2000,,,,,,,,,,,
fedavg,fedavg,504|859,504|859,1,504,data_2000_3_11_chordal,val_epoch,val,,60,,,0.2230641301278956,0.9702,0.8799999952316284,0.8275462962962964,0.851006031036377,0.851006031036377,0.851006031036377,2000,,,,,,,,,,,
fedavg,fedavg,504|859,504|859,1,504,data_2000_3_11_chordal,val_epoch_task,val,cycle2,60,,,,,,,,,,2000,82.0,21.0,1897.0,0.0,0.7961165048543689,1.0,0.8864864706993103,0.8864864706993103,0.8864864706993103,82.0,0.04100000113248825
fedavg,fedavg,504|859,504|859,1,504,data_2000_3_11_chordal,val_epoch_task,val,cycle3,60,,,,,,,,,,2000,127.0,29.0,1843.0,1.0,0.8141025641025641,0.9921875,0.8943662047386169,0.8943662047386169,0.8943662047386169,128.0,0.06400000303983688
fedavg,fedavg,504|859,504|859,1,504,data_2000_3_11_chordal,val_epoch_task,val,cycle4,60,,,,,,,,,,2000,157.0,20.0,1823.0,0.0,0.8870056497175142,1.0,0.9401198029518127,0.9401198029518127,0.9401198029518127,157.0,0.07850000262260437
fedavg,fedavg,504|859,504|859,1,504,data_2000_3_11_chordal,val_epoch_task,val,cycle5,60,,,,,,,,,,2000,178.0,43.0,1770.0,9.0,0.8054298642533937,0.9518716577540107,0.8725489974021912,0.8725489974021912,0.8725489974021912,187.0,0.09350000321865082
fedavg,fedavg,504|859,504|859,1,504,data_2000_3_11_chordal,val_epoch_task,val,cycle6,60,,,,,,,,,,2000,171.0,163.0,1654.0,12.0,0.5119760479041916,0.9344262295081968,0.6615087389945984,0.6615087389945984,0.6615087389945984,183.0,0.09149999916553497
fedavg,fedavg,504|859,504|859,1,859,data_2000_4_1.5_chordal,train_epoch,train,,60,1.0,0.07910689914226532,,,,,,,,2000,,,,,,,,,,,
fedavg,fedavg,504|859,504|859,1,859,data_2000_4_1.5_chordal,train_epoch,train,,60,2.0,0.05861314894258976,,,,,,,,2000,,,,,,,,,,,
fedavg,fedavg,504|859,504|859,1,859,data_2000_4_1.5_chordal,train_epoch,train,,60,3.0,0.07533589744567872,,,,,,,,2000,,,,,,,,,,,
fedavg,fedavg,504|859,504|859,1,859,data_2000_4_1.5_chordal,train_epoch,train,,60,4.0,0.08789906217902899,,,,,,,,2000,,,,,,,,,,,
fedavg,fedavg,504|859,504|859,1,859,data_2000_4_1.5_chordal,train_epoch,train,,60,5.0,0.04782021704316139,,,,,,,,2000,,,,,,,,,,,
fedavg,fedavg,504|859,504|859,1,859,data_2000_4_1.5_chordal,train_epoch,train,,60,6.0,0.05025843807309866,,,,,,,,2000,,,,,,,,,,,
fedavg,fedavg,504|859,504|859,1,859,data_2000_4_1.5_chordal,train_epoch,train,,60,7.0,0.053429585337638856,,,,,,,,2000,,,,,,,,,,,
fedavg,fedavg,504|859,504|859,1,859,data_2000_4_1.5_chordal,train_epoch,train,,60,8.0,0.0630347513705492,,,,,,,,2000,,,,,,,,,,,
fedavg,fedavg,504|859,504|859,1,859,data_2000_4_1.5_chordal,train_epoch,train,,60,9.0,0.06083229105547071,,,,,,,,2000,,,,,,,,,,,
fedavg,fedavg,504|859,504|859,1,859,data_2000_4_1.5_chordal,train_epoch,train,,60,10.0,0.046995219822973014,,,,,,,,2000,,,,,,,,,,,
fedavg,fedavg,504|859,504|859,1,859,data_2000_4_1.5_chordal,val_epoch,val,,60,,,0.6885334243774414,0.9637,0.8535000085830688,0.9233692210259659,0.8220019340515137,0.8220019340515137,0.8220019340515137,2000,,,,,,,,,,,
fedavg,fedavg,504|859,504|859,1,859,data_2000_4_1.5_chordal,val_epoch_task,val,cycle2,60,,,,,,,,,,2000,862.0,0.0,1138.0,0.0,1.0,1.0,1.0,1.0,1.0,862.0,0.4309999942779541
fedavg,fedavg,504|859,504|859,1,859,data_2000_4_1.5_chordal,val_epoch_task,val,cycle3,60,,,,,,,,,,2000,689.0,6.0,1303.0,2.0,0.9913669064748202,0.9971056439942113,0.9942280054092407,0.9942280054092407,0.9942280054092407,691.0,0.34549999237060547
fedavg,fedavg,504|859,504|859,1,859,data_2000_4_1.5_chordal,val_epoch_task,val,cycle4,60,,,,,,,,,,2000,368.0,26.0,1583.0,23.0,0.934010152284264,0.9411764705882353,0.9375795722007751,0.9375795722007751,0.9375795722007751,391.0,0.19550000131130219
fedavg,fedavg,504|859,504|859,1,859,data_2000_4_1.5_chordal,val_epoch_task,val,cycle5,60,,,,,,,,,,2000,205.0,85.0,1679.0,31.0,0.7068965517241379,0.8686440677966102,0.779467761516571,0.779467761516571,0.779467761516571,236.0,0.11800000071525574
fedavg,fedavg,504|859,504|859,1,859,data_2000_4_1.5_chordal,val_epoch_task,val,cycle6,60,,,,,,,,,,2000,63.0,125.0,1747.0,65.0,0.3351063829787234,0.4921875,0.3987341821193695,0.3987341821193695,0.3987341821193695,128.0,0.06400000303983688
fedavg,fedavg,504|859,504|859,1,504,data_2000_3_11_chordal,global_val_client,val,,60,,,0.37197713989019393,0.9775,0.9079999923706055,0.8538011695906432,0.8664982914924622,0.8664982914924622,0.8664982914924622,2000,,,,,,,,,,,
fedavg,fedavg,504|859,504|859,1,504,data_2000_3_11_chordal,global_val_client_task,val,cycle2,60,,,,,,,,,,2000,82.0,10.0,1908.0,0.0,0.8913043478260869,1.0,0.9425287246704102,0.9425287246704102,0.9425287246704102,82.0,0.04100000113248825
fedavg,fedavg,504|859,504|859,1,504,data_2000_3_11_chordal,global_val_client_task,val,cycle3,60,,,,,,,,,,2000,128.0,16.0,1856.0,0.0,0.8888888888888888,1.0,0.9411765336990356,0.9411765336990356,0.9411765336990356,128.0,0.06400000303983688
fedavg,fedavg,504|859,504|859,1,504,data_2000_3_11_chordal,global_val_client_task,val,cycle4,60,,,,,,,,,,2000,152.0,25.0,1818.0,5.0,0.8587570621468926,0.9681528662420382,0.910179615020752,0.910179615020752,0.910179615020752,157.0,0.07850000262260437
fedavg,fedavg,504|859,504|859,1,504,data_2000_3_11_chordal,global_val_client_task,val,cycle5,60,,,,,,,,,,2000,180.0,38.0,1775.0,7.0,0.8256880733944955,0.9625668449197861,0.8888888359069824,0.8888888359069824,0.8888888359069824,187.0,0.09350000321865082
fedavg,fedavg,504|859,504|859,1,504,data_2000_3_11_chordal,global_val_client_task,val,cycle6,60,,,,,,,,,,2000,115.0,56.0,1761.0,68.0,0.672514619883041,0.6284153005464481,0.6497175097465515,0.6497175097465515,0.6497175097465515,183.0,0.09149999916553497
fedavg,fedavg,504|859,504|859,1,859,data_2000_4_1.5_chordal,global_val_client,val,,60,,,0.4060333831310272,0.9483,0.8125,0.8965379227536521,0.8003295660018921,0.8003295660018921,0.8003295660018921,2000,,,,,,,,,,,
fedavg,fedavg,504|859,504|859,1,859,data_2000_4_1.5_chordal,global_val_client_task,val,cycle2,60,,,,,,,,,,2000,862.0,6.0,1132.0,0.0,0.9930875576036866,1.0,0.9965317845344543,0.9965317845344543,0.9965317845344543,862.0,0.4309999942779541
fedavg,fedavg,504|859,504|859,1,859,data_2000_4_1.5_chordal,global_val_client_task,val,cycle3,60,,,,,,,,,,2000,688.0,14.0,1295.0,3.0,0.98005698005698,0.9956584659913169,0.9877961874008179,0.9877961874008179,0.9877961874008179,691.0,0.34549999237060547
fedavg,fedavg,504|859,504|859,1,859,data_2000_4_1.5_chordal,global_val_client_task,val,cycle4,60,,,,,,,,,,2000,387.0,69.0,1540.0,4.0,0.8486842105263158,0.989769820971867,0.9138134717941284,0.9138134717941284,0.9138134717941284,391.0,0.19550000131130219
fedavg,fedavg,504|859,504|859,1,859,data_2000_4_1.5_chordal,global_val_client_task,val,cycle5,60,,,,,,,,,,2000,227.0,167.0,1597.0,9.0,0.5761421319796954,0.961864406779661,0.720634937286377,0.720634937286377,0.720634937286377,236.0,0.11800000071525574
fedavg,fedavg,504|859,504|859,1,859,data_2000_4_1.5_chordal,global_val_client_task,val,cycle6,60,,,,,,,,,,2000,76.0,193.0,1679.0,52.0,0.2825278810408922,0.59375,0.38287153840065,0.38287153840065,0.38287153840065,128.0,0.06400000303983688
fedavg,fedavg,504|859,504|859,1,all,all,global_val_mean,val,,60,,,0.3890052615106106,0.9629000000000001,0.8602499961853027,0.8751695461721476,0.8334139287471771,0.8334139287471771,0.8334139287471771,4000,,,,,,,,,,,
fedavg,fedavg,504|859,504|859,1,504,data_2000_3_11_chordal,train_epoch,train,,61,1.0,0.07870281135477125,,,,,,,,2000,,,,,,,,,,,
fedavg,fedavg,504|859,504|859,1,504,data_2000_3_11_chordal,train_epoch,train,,61,2.0,0.07339147149026394,,,,,,,,2000,,,,,,,,,,,
fedavg,fedavg,504|859,504|859,1,504,data_2000_3_11_chordal,train_epoch,train,,61,3.0,0.06029301491379738,,,,,,,,2000,,,,,,,,,,,
fedavg,fedavg,504|859,504|859,1,504,data_2000_3_11_chordal,train_epoch,train,,61,4.0,0.10576824253797532,,,,,,,,2000,,,,,,,,,,,
fedavg,fedavg,504|859,504|859,1,504,data_2000_3_11_chordal,train_epoch,train,,61,5.0,0.0969059601072222,,,,,,,,2000,,,,,,,,,,,
fedavg,fedavg,504|859,504|859,1,504,data_2000_3_11_chordal,train_epoch,train,,61,6.0,0.08456898981332779,,,,,,,,2000,,,,,,,,,,,
fedavg,fedavg,504|859,504|859,1,504,data_2000_3_11_chordal,train_epoch,train,,61,7.0,0.06693008305504917,,,,,,,,2000,,,,,,,,,,,
fedavg,fedavg,504|859,504|859,1,504,data_2000_3_11_chordal,train_epoch,train,,61,8.0,0.0623685515075922,,,,,,,,2000,,,,,,,,,,,
fedavg,fedavg,504|859,504|859,1,504,data_2000_3_11_chordal,train_epoch,train,,61,9.0,0.07198079881817103,,,,,,,,2000,,,,,,,,,,,
fedavg,fedavg,504|859,504|859,1,504,data_2000_3_11_chordal,train_epoch,train,,61,10.0,0.09267045947909355,,,,,,,,2000,,,,,,,,,,,
fedavg,fedavg,504|859,504|859,1,504,data_2000_3_11_chordal,val_epoch,val,,61,,,0.39302923011779783,0.9691,0.8790000081062317,0.8110091743119265,0.8354110717773438,0.8354110717773438,0.8354110717773438,2000,,,,,,,,,,,
fedavg,fedavg,504|859,504|859,1,504,data_2000_3_11_chordal,val_epoch_task,val,cycle2,61,,,,,,,,,,2000,82.0,9.0,1909.0,0.0,0.9010989010989011,1.0,0.94797682762146,0.94797682762146,0.94797682762146,82.0,0.04100000113248825
fedavg,fedavg,504|859,504|859,1,504,data_2000_3_11_chordal,val_epoch_task,val,cycle3,61,,,,,,,,,,2000,127.0,20.0,1852.0,1.0,0.8639455782312925,0.9921875,0.9236363768577576,0.9236363768577576,0.9236363768577576,128.0,0.06400000303983688
fedavg,fedavg,504|859,504|859,1,504,data_2000_3_11_chordal,val_epoch_task,val,cycle4,61,,,,,,,,,,2000,157.0,31.0,1812.0,0.0,0.8351063829787234,1.0,0.9101449251174927,0.9101449251174927,0.9101449251174927,157.0,0.07850000262260437
fedavg,fedavg,504|859,504|859,1,504,data_2000_3_11_chordal,val_epoch_task,val,cycle5,61,,,,,,,,,,2000,183.0,79.0,1734.0,4.0,0.6984732824427481,0.9786096256684492,0.8151447176933289,0.8151447176933289,0.8151447176933289,187.0,0.09350000321865082
fedavg,fedavg,504|859,504|859,1,504,data_2000_3_11_chordal,val_epoch_task,val,cycle6,61,,,,,,,,,,2000,114.0,96.0,1721.0,69.0,0.5428571428571428,0.6229508196721312,0.580152690410614,0.580152690410614,0.580152690410614,183.0,0.09149999916553497
fedavg,fedavg,504|859,504|859,1,859,data_2000_4_1.5_chordal,train_epoch,train,,61,1.0,0.07206782203912734,,,,,,,,2000,,,,,,,,,,,
fedavg,fedavg,504|859,504|859,1,859,data_2000_4_1.5_chordal,train_epoch,train,,61,2.0,0.09120127665996551,,,,,,,,2000,,,,,,,,,,,
fedavg,fedavg,504|859,504|859,1,859,data_2000_4_1.5_chordal,train_epoch,train,,61,3.0,0.060554153524339197,,,,,,,,2000,,,,,,,,,,,
fedavg,fedavg,504|859,504|859,1,859,data_2000_4_1.5_chordal,train_epoch,train,,61,4.0,0.06162101815640926,,,,,,,,2000,,,,,,,,,,,
fedavg,fedavg,504|859,504|859,1,859,data_2000_4_1.5_chordal,train_epoch,train,,61,5.0,0.06415529102087021,,,,,,,,2000,,,,,,,,,,,
fedavg,fedavg,504|859,504|859,1,859,data_2000_4_1.5_chordal,train_epoch,train,,61,6.0,0.05492446342110634,,,,,,,,2000,,,,,,,,,,,
fedavg,fedavg,504|859,504|859,1,859,data_2000_4_1.5_chordal,train_epoch,train,,61,7.0,0.05374124612659216,,,,,,,,2000,,,,,,,,,,,
fedavg,fedavg,504|859,504|859,1,859,data_2000_4_1.5_chordal,train_epoch,train,,61,8.0,0.06782158578932285,,,,,,,,2000,,,,,,,,,,,
fedavg,fedavg,504|859,504|859,1,859,data_2000_4_1.5_chordal,train_epoch,train,,61,9.0,0.06938770990073681,,,,,,,,2000,,,,,,,,,,,
fedavg,fedavg,504|859,504|859,1,859,data_2000_4_1.5_chordal,train_epoch,train,,61,10.0,0.05657026825845241,,,,,,,,2000,,,,,,,,,,,
fedavg,fedavg,504|859,504|859,1,859,data_2000_4_1.5_chordal,val_epoch,val,,61,,,0.7105386021584272,0.9649,0.8504999876022339,0.9262450094557679,0.821495532989502,0.821495532989502,0.821495532989502,2000,,,,,,,,,,,
fedavg,fedavg,504|859,504|859,1,859,data_2000_4_1.5_chordal,val_epoch_task,val,cycle2,61,,,,,,,,,,2000,861.0,4.0,1134.0,1.0,0.9953757225433526,0.9988399071925754,0.997104823589325,0.997104823589325,0.997104823589325,862.0,0.4309999942779541
fedavg,fedavg,504|859,504|859,1,859,data_2000_4_1.5_chordal,val_epoch_task,val,cycle3,61,,,,,,,,,,2000,691.0,11.0,1298.0,0.0,0.9843304843304843,1.0,0.9921033978462219,0.9921033978462219,0.9921033978462219,691.0,0.34549999237060547
fedavg,fedavg,504|859,504|859,1,859,data_2000_4_1.5_chordal,val_epoch_task,val,cycle4,61,,,,,,,,,,2000,377.0,35.0,1574.0,14.0,0.9150485436893204,0.9641943734015346,0.9389788508415222,0.9389788508415222,0.9389788508415222,391.0,0.19550000131130219
fedavg,fedavg,504|859,504|859,1,859,data_2000_4_1.5_chordal,val_epoch_task,val,cycle5,61,,,,,,,,,,2000,222.0,121.0,1643.0,14.0,0.6472303206997084,0.940677966101695,0.7668393850326538,0.7668393850326538,0.7668393850326538,236.0,0.11800000071525574
fedavg,fedavg,504|859,504|859,1,859,data_2000_4_1.5_chordal,val_epoch_task,val,cycle6,61,,,,,,,,,,2000,53.0,76.0,1796.0,75.0,0.4108527131782946,0.4140625,0.4124513566493988,0.4124513566493988,0.4124513566493988,128.0,0.06400000303983688
fedavg,fedavg,504|859,504|859,1,504,data_2000_3_11_chordal,global_val_client,val,,61,,,0.4739658203125,0.9737,0.8970000147819519,0.8293316028552888,0.8409097790718079,0.8409097790718079,0.8409097790718079,2000,,,,,,,,,,,
fedavg,fedavg,504|859,504|859,1,504,data_2000_3_11_chordal,global_val_client_task,val,cycle2,61,,,,,,,,,,2000,82.0,8.0,1910.0,0.0,0.9111111111111111,1.0,0.9534883499145508,0.9534883499145508,0.9534883499145508,82.0,0.04100000113248825
fedavg,fedavg,504|859,504|859,1,504,data_2000_3_11_chordal,global_val_client_task,val,cycle3,61,,,,,,,,,,2000,128.0,24.0,1848.0,0.0,0.8421052631578947,1.0,0.9142857193946838,0.9142857193946838,0.9142857193946838,128.0,0.06400000303983688
fedavg,fedavg,504|859,504|859,1,504,data_2000_3_11_chordal,global_val_client_task,val,cycle4,61,,,,,,,,,,2000,155.0,23.0,1820.0,2.0,0.8707865168539326,0.9872611464968153,0.9253731369972229,0.9253731369972229,0.9253731369972229,157.0,0.07850000262260437
fedavg,fedavg,504|859,504|859,1,504,data_2000_3_11_chordal,global_val_client_task,val,cycle5,61,,,,,,,,,,2000,183.0,71.0,1742.0,4.0,0.7204724409448819,0.9786096256684492,0.829931914806366,0.829931914806366,0.829931914806366,187.0,0.09350000321865082
fedavg,fedavg,504|859,504|859,1,504,data_2000_3_11_chordal,global_val_client_task,val,cycle6,61,,,,,,,,,,2000,91.0,39.0,1778.0,92.0,0.7,0.4972677595628415,0.5814696550369263,0.5814696550369263,0.5814696550369263,183.0,0.09149999916553497
fedavg,fedavg,504|859,504|859,1,859,data_2000_4_1.5_chordal,global_val_client,val,,61,,,0.5586661229133606,0.9503,0.8195000290870667,0.8995756718528995,0.7945939898490906,0.7945939898490906,0.7945939898490906,2000,,,,,,,,,,,
fedavg,fedavg,504|859,504|859,1,859,data_2000_4_1.5_chordal,global_val_client_task,val,cycle2,61,,,,,,,,,,2000,862.0,3.0,1135.0,0.0,0.9965317919075144,1.0,0.998262882232666,0.998262882232666,0.998262882232666,862.0,0.4309999942779541
fedavg,fedavg,504|859,504|859,1,859,data_2000_4_1.5_chordal,global_val_client_task,val,cycle3,61,,,,,,,,,,2000,691.0,17.0,1292.0,0.0,0.9759887005649718,1.0,0.9878484606742859,0.9878484606742859,0.9878484606742859,691.0,0.34549999237060547
fedavg,fedavg,504|859,504|859,1,859,data_2000_4_1.5_chordal,global_val_client_task,val,cycle4,61,,,,,,,,,,2000,387.0,86.0,1523.0,4.0,0.8181818181818182,0.989769820971867,0.8958333134651184,0.8958333134651184,0.8958333134651184,391.0,0.19550000131130219
fedavg,fedavg,504|859,504|859,1,859,data_2000_4_1.5_chordal,global_val_client_task,val,cycle5,61,,,,,,,,,,2000,224.0,192.0,1572.0,12.0,0.5384615384615384,0.9491525423728814,0.6871165633201599,0.6871165633201599,0.6871165633201599,236.0,0.11800000071525574
fedavg,fedavg,504|859,504|859,1,859,data_2000_4_1.5_chordal,global_val_client_task,val,cycle6,61,,,,,,,,,,2000,62.0,117.0,1755.0,66.0,0.3463687150837989,0.484375,0.40390878915786743,0.40390878915786743,0.40390878915786743,128.0,0.06400000303983688
fedavg,fedavg,504|859,504|859,1,all,all,global_val_mean,val,,61,,,0.5163159716129303,0.962,0.8582500219345093,0.8644536373540941,0.8177518844604492,0.8177518844604492,0.8177518844604492,4000,,,,,,,,,,,
fedavg,fedavg,504|859,504|859,1,504,data_2000_3_11_chordal,train_epoch,train,,62,1.0,0.07581558532267808,,,,,,,,2000,,,,,,,,,,,
fedavg,fedavg,504|859,504|859,1,504,data_2000_3_11_chordal,train_epoch,train,,62,2.0,0.0707101932913065,,,,,,,,2000,,,,,,,,,,,
fedavg,fedavg,504|859,504|859,1,504,data_2000_3_11_chordal,train_epoch,train,,62,3.0,0.09064617281593382,,,,,,,,2000,,,,,,,,,,,
fedavg,fedavg,504|859,504|859,1,504,data_2000_3_11_chordal,train_epoch,train,,62,4.0,0.07248337244987488,,,,,,,,2000,,,,,,,,,,,
fedavg,fedavg,504|859,504|859,1,504,data_2000_3_11_chordal,train_epoch,train,,62,5.0,0.08098477603495122,,,,,,,,2000,,,,,,,,,,,
fedavg,fedavg,504|859,504|859,1,504,data_2000_3_11_chordal,train_epoch,train,,62,6.0,0.09180929233878851,,,,,,,,2000,,,,,,,,,,,
fedavg,fedavg,504|859,504|859,1,504,data_2000_3_11_chordal,train_epoch,train,,62,7.0,0.06311866509169341,,,,,,,,2000,,,,,,,,,,,
fedavg,fedavg,504|859,504|859,1,504,data_2000_3_11_chordal,train_epoch,train,,62,8.0,0.0460165007680771,,,,,,,,2000,,,,,,,,,,,
fedavg,fedavg,504|859,504|859,1,504,data_2000_3_11_chordal,train_epoch,train,,62,9.0,0.0508540678024292,,,,,,,,2000,,,,,,,,,,,
fedavg,fedavg,504|859,504|859,1,504,data_2000_3_11_chordal,train_epoch,train,,62,10.0,0.06096897940849885,,,,,,,,2000,,,,,,,,,,,
fedavg,fedavg,504|859,504|859,1,504,data_2000_3_11_chordal,val_epoch,val,,62,,,0.30124289655685427,0.9677,0.8725000023841858,0.8085358624777711,0.8352402448654175,0.8352402448654175,0.8352402448654175,2000,,,,,,,,,,,
fedavg,fedavg,504|859,504|859,1,504,data_2000_3_11_chordal,val_epoch_task,val,cycle2,62,,,,,,,,,,2000,82.0,8.0,1910.0,0.0,0.9111111111111111,1.0,0.9534883499145508,0.9534883499145508,0.9534883499145508,82.0,0.04100000113248825
fedavg,fedavg,504|859,504|859,1,504,data_2000_3_11_chordal,val_epoch_task,val,cycle3,62,,,,,,,,,,2000,124.0,10.0,1862.0,4.0,0.9253731343283582,0.96875,0.9465649127960205,0.9465649127960205,0.9465649127960205,128.0,0.06400000303983688
fedavg,fedavg,504|859,504|859,1,504,data_2000_3_11_chordal,val_epoch_task,val,cycle4,62,,,,,,,,,,2000,157.0,76.0,1767.0,0.0,0.6738197424892703,1.0,0.8051281571388245,0.8051281571388245,0.8051281571388245,157.0,0.07850000262260437
fedavg,fedavg,504|859,504|859,1,504,data_2000_3_11_chordal,val_epoch_task,val,cycle5,62,,,,,,,,,,2000,186.0,76.0,1737.0,1.0,0.7099236641221374,0.9946524064171123,0.8285078406333923,0.8285078406333923,0.8285078406333923,187.0,0.09350000321865082
fedavg,fedavg,504|859,504|859,1,504,data_2000_3_11_chordal,val_epoch_task,val,cycle6,62,,,,,,,,,,2000,133.0,98.0,1719.0,50.0,0.5757575757575758,0.726775956284153,0.6425120830535889,0.6425120830535889,0.6425120830535889,183.0,0.09149999916553497
fedavg,fedavg,504|859,504|859,1,859,data_2000_4_1.5_chordal,train_epoch,train,,62,1.0,0.048132870703935626,,,,,,,,2000,,,,,,,,,,,
fedavg,fedavg,504|859,504|859,1,859,data_2000_4_1.5_chordal,train_epoch,train,,62,2.0,0.0628925254791975,,,,,,,,2000,,,,,,,,,,,
fedavg,fedavg,504|859,504|859,1,859,data_2000_4_1.5_chordal,train_epoch,train,,62,3.0,0.07291919861733913,,,,,,,,2000,,,,,,,,,,,
fedavg,fedavg,504|859,504|859,1,859,data_2000_4_1.5_chordal,train_epoch,train,,62,4.0,0.07027108657360077,,,,,,,,2000,,,,,,,,,,,
fedavg,fedavg,504|859,504|859,1,859,data_2000_4_1.5_chordal,train_epoch,train,,62,5.0,0.053410116016864774,,,,,,,,2000,,,,,,,,,,,
fedavg,fedavg,504|859,504|859,1,859,data_2000_4_1.5_chordal,train_epoch,train,,62,6.0,0.07182225182652474,,,,,,,,2000,,,,,,,,,,,
fedavg,fedavg,504|859,504|859,1,859,data_2000_4_1.5_chordal,train_epoch,train,,62,7.0,0.054777025163173676,,,,,,,,2000,,,,,,,,,,,
fedavg,fedavg,504|859,504|859,1,859,data_2000_4_1.5_chordal,train_epoch,train,,62,8.0,0.05548465110361576,,,,,,,,2000,,,,,,,,,,,
fedavg,fedavg,504|859,504|859,1,859,data_2000_4_1.5_chordal,train_epoch,train,,62,9.0,0.05040162145346403,,,,,,,,2000,,,,,,,,,,,
fedavg,fedavg,504|859,504|859,1,859,data_2000_4_1.5_chordal,train_epoch,train,,62,10.0,0.04498939698934555,,,,,,,,2000,,,,,,,,,,,
fedavg,fedavg,504|859,504|859,1,859,data_2000_4_1.5_chordal,val_epoch,val,,62,,,0.935417306303978,0.9671,0.8675000071525574,0.9292929292929293,0.8162510991096497,0.8162510991096497,0.8162510991096497,2000,,,,,,,,,,,
fedavg,fedavg,504|859,504|859,1,859,data_2000_4_1.5_chordal,val_epoch_task,val,cycle2,62,,,,,,,,,,2000,862.0,5.0,1133.0,0.0,0.994232987312572,1.0,0.9971081614494324,0.9971081614494324,0.9971081614494324,862.0,0.4309999942779541
fedavg,fedavg,504|859,504|859,1,859,data_2000_4_1.5_chordal,val_epoch_task,val,cycle3,62,,,,,,,,,,2000,688.0,11.0,1298.0,3.0,0.9842632331902719,0.9956584659913169,0.9899280667304993,0.9899280667304993,0.9899280667304993,691.0,0.34549999237060547
fedavg,fedavg,504|859,504|859,1,859,data_2000_4_1.5_chordal,val_epoch_task,val,cycle4,62,,,,,,,,,,2000,379.0,45.0,1564.0,12.0,0.8938679245283019,0.969309462915601,0.930061399936676,0.930061399936676,0.930061399936676,391.0,0.19550000131130219
fedavg,fedavg,504|859,504|859,1,859,data_2000_4_1.5_chordal,val_epoch_task,val,cycle5,62,,,,,,,,,,2000,187.0,60.0,1704.0,49.0,0.757085020242915,0.7923728813559322,0.7743270993232727,0.7743270993232727,0.7743270993232727,236.0,0.11800000071525574
fedavg,fedavg,504|859,504|859,1,859,data_2000_4_1.5_chordal,val_epoch_task,val,cycle6,62,,,,,,,,,,2000,46.0,62.0,1810.0,82.0,0.42592592592592593,0.359375,0.3898305296897888,0.3898305296897888,0.3898305296897888,128.0,0.06400000303983688
fedavg,fedavg,504|859,504|859,1,504,data_2000_3_11_chordal,global_val_client,val,,62,,,0.5553260439038277,0.9744,0.9024999737739563,0.8291054739652871,0.8349478840827942,0.8349478840827942,0.8349478840827942,2000,,,,,,,,,,,
fedavg,fedavg,504|859,504|859,1,504,data_2000_3_11_chordal,global_val_client_task,val,cycle2,62,,,,,,,,,,2000,82.0,7.0,1911.0,0.0,0.9213483146067416,1.0,0.9590643644332886,0.9590643644332886,0.9590643644332886,82.0,0.04100000113248825
fedavg,fedavg,504|859,504|859,1,504,data_2000_3_11_chordal,global_val_client_task,val,cycle3,62,,,,,,,,,,2000,128.0,11.0,1861.0,0.0,0.920863309352518,1.0,0.9588015079498291,0.9588015079498291,0.9588015079498291,128.0,0.06400000303983688
fedavg,fedavg,504|859,504|859,1,504,data_2000_3_11_chordal,global_val_client_task,val,cycle4,62,,,,,,,,,,2000,155.0,42.0,1801.0,2.0,0.7868020304568528,0.9872611464968153,0.8757062554359436,0.8757062554359436,0.8757062554359436,157.0,0.07850000262260437
fedavg,fedavg,504|859,504|859,1,504,data_2000_3_11_chordal,global_val_client_task,val,cycle5,62,,,,,,,,,,2000,184.0,45.0,1768.0,3.0,0.8034934497816594,0.983957219251337,0.8846153616905212,0.8846153616905212,0.8846153616905212,187.0,0.09350000321865082
fedavg,fedavg,504|859,504|859,1,504,data_2000_3_11_chordal,global_val_client_task,val,cycle6,62,,,,,,,,,,2000,72.0,35.0,1782.0,111.0,0.6728971962616822,0.39344262295081966,0.4965517520904541,0.4965517520904541,0.4965517520904541,183.0,0.09149999916553497
fedavg,fedavg,504|859,504|859,1,859,data_2000_4_1.5_chordal,global_val_client,val,,62,,,0.5405555169582367,0.9458,0.8090000152587891,0.8913392141138733,0.791779637336731,0.791779637336731,0.791779637336731,2000,,,,,,,,,,,
fedavg,fedavg,504|859,504|859,1,859,data_2000_4_1.5_chordal,global_val_client_task,val,cycle2,62,,,,,,,,,,2000,862.0,5.0,1133.0,0.0,0.994232987312572,1.0,0.9971081614494324,0.9971081614494324,0.9971081614494324,862.0,0.4309999942779541
fedavg,fedavg,504|859,504|859,1,859,data_2000_4_1.5_chordal,global_val_client_task,val,cycle3,62,,,,,,,,,,2000,691.0,11.0,1298.0,0.0,0.9843304843304843,1.0,0.9921033978462219,0.9921033978462219,0.9921033978462219,691.0,0.34549999237060547
fedavg,fedavg,504|859,504|859,1,859,data_2000_4_1.5_chordal,global_val_client_task,val,cycle4,62,,,,,,,,,,2000,389.0,161.0,1448.0,2.0,0.7072727272727273,0.9948849104859335,0.8267800211906433,0.8267800211906433,0.8267800211906433,391.0,0.19550000131130219
fedavg,fedavg,504|859,504|859,1,859,data_2000_4_1.5_chordal,global_val_client_task,val,cycle5,62,,,,,,,,,,2000,207.0,131.0,1633.0,29.0,0.6124260355029586,0.8771186440677966,0.7212543487548828,0.7212543487548828,0.7212543487548828,236.0,0.11800000071525574
fedavg,fedavg,504|859,504|859,1,859,data_2000_4_1.5_chordal,global_val_client_task,val,cycle6,62,,,,,,,,,,2000,74.0,149.0,1723.0,54.0,0.33183856502242154,0.578125,0.4216524362564087,0.4216524362564087,0.4216524362564087,128.0,0.06400000303983688
fedavg,fedavg,504|859,504|859,1,all,all,global_val_mean,val,,62,,,0.5479407804310322,0.9601000000000001,0.8557499945163727,0.8602223440395802,0.8133637607097626,0.8133637607097626,0.8133637607097626,4000,,,,,,,,,,,
fedavg,fedavg,504|859,504|859,1,504,data_2000_3_11_chordal,train_epoch,train,,63,1.0,0.059470769070088865,,,,,,,,2000,,,,,,,,,,,
fedavg,fedavg,504|859,504|859,1,504,data_2000_3_11_chordal,train_epoch,train,,63,2.0,0.09222163175046444,,,,,,,,2000,,,,,,,,,,,
fedavg,fedavg,504|859,504|859,1,504,data_2000_3_11_chordal,train_epoch,train,,63,3.0,0.09423418593406677,,,,,,,,2000,,,,,,,,,,,
fedavg,fedavg,504|859,504|859,1,504,data_2000_3_11_chordal,train_epoch,train,,63,4.0,0.077647705540061,,,,,,,,2000,,,,,,,,,,,
fedavg,fedavg,504|859,504|859,1,504,data_2000_3_11_chordal,train_epoch,train,,63,5.0,0.058477585516870025,,,,,,,,2000,,,,,,,,,,,
fedavg,fedavg,504|859,504|859,1,504,data_2000_3_11_chordal,train_epoch,train,,63,6.0,0.08221916528604925,,,,,,,,2000,,,,,,,,,,,
fedavg,fedavg,504|859,504|859,1,504,data_2000_3_11_chordal,train_epoch,train,,63,7.0,0.08742956939339638,,,,,,,,2000,,,,,,,,,,,
fedavg,fedavg,504|859,504|859,1,504,data_2000_3_11_chordal,train_epoch,train,,63,8.0,0.06851341874152422,,,,,,,,2000,,,,,,,,,,,
fedavg,fedavg,504|859,504|859,1,504,data_2000_3_11_chordal,train_epoch,train,,63,9.0,0.08490693847835064,,,,,,,,2000,,,,,,,,,,,
fedavg,fedavg,504|859,504|859,1,504,data_2000_3_11_chordal,train_epoch,train,,63,10.0,0.06615440889447928,,,,,,,,2000,,,,,,,,,,,
fedavg,fedavg,504|859,504|859,1,504,data_2000_3_11_chordal,val_epoch,val,,63,,,0.3670535148382187,0.9773,0.9049999713897705,0.8526930564568462,0.8728720545768738,0.8728720545768738,0.8728720545768738,2000,,,,,,,,,,,
fedavg,fedavg,504|859,504|859,1,504,data_2000_3_11_chordal,val_epoch_task,val,cycle2,63,,,,,,,,,,2000,82.0,7.0,1911.0,0.0,0.9213483146067416,1.0,0.9590643644332886,0.9590643644332886,0.9590643644332886,82.0,0.04100000113248825
fedavg,fedavg,504|859,504|859,1,504,data_2000_3_11_chordal,val_epoch_task,val,cycle3,63,,,,,,,,,,2000,128.0,9.0,1863.0,0.0,0.9343065693430657,1.0,0.9660376906394958,0.9660376906394958,0.9660376906394958,128.0,0.06400000303983688
fedavg,fedavg,504|859,504|859,1,504,data_2000_3_11_chordal,val_epoch_task,val,cycle4,63,,,,,,,,,,2000,155.0,27.0,1816.0,2.0,0.8516483516483516,0.9872611464968153,0.9144542813301086,0.9144542813301086,0.9144542813301086,157.0,0.07850000262260437
fedavg,fedavg,504|859,504|859,1,504,data_2000_3_11_chordal,val_epoch_task,val,cycle5,63,,,,,,,,,,2000,163.0,33.0,1780.0,24.0,0.8316326530612245,0.8716577540106952,0.8511748909950256,0.8511748909950256,0.8511748909950256,187.0,0.09350000321865082
fedavg,fedavg,504|859,504|859,1,504,data_2000_3_11_chordal,val_epoch_task,val,cycle6,63,,,,,,,,,,2000,129.0,71.0,1746.0,54.0,0.645,0.7049180327868853,0.6736292243003845,0.6736292243003845,0.6736292243003845,183.0,0.09149999916553497
fedavg,fedavg,504|859,504|859,1,859,data_2000_4_1.5_chordal,train_epoch,train,,63,1.0,0.052837730139493944,,,,,,,,2000,,,,,,,,,,,
fedavg,fedavg,504|859,504|859,1,859,data_2000_4_1.5_chordal,train_epoch,train,,63,2.0,0.06469964250922203,,,,,,,,2000,,,,,,,,,,,
fedavg,fedavg,504|859,504|859,1,859,data_2000_4_1.5_chordal,train_epoch,train,,63,3.0,0.05980503022670746,,,,,,,,2000,,,,,,,,,,,
fedavg,fedavg,504|859,504|859,1,859,data_2000_4_1.5_chordal,train_epoch,train,,63,4.0,0.05299420440196991,,,,,,,,2000,,,,,,,,,,,
fedavg,fedavg,504|859,504|859,1,859,data_2000_4_1.5_chordal,train_epoch,train,,63,5.0,0.06059563865512609,,,,,,,,2000,,,,,,,,,,,
fedavg,fedavg,504|859,504|859,1,859,data_2000_4_1.5_chordal,train_epoch,train,,63,6.0,0.06659709958918393,,,,,,,,2000,,,,,,,,,,,
fedavg,fedavg,504|859,504|859,1,859,data_2000_4_1.5_chordal,train_epoch,train,,63,7.0,0.05282191482186317,,,,,,,,2000,,,,,,,,,,,
fedavg,fedavg,504|859,504|859,1,859,data_2000_4_1.5_chordal,train_epoch,train,,63,8.0,0.05161177570745349,,,,,,,,2000,,,,,,,,,,,
fedavg,fedavg,504|859,504|859,1,859,data_2000_4_1.5_chordal,train_epoch,train,,63,9.0,0.05536287485808134,,,,,,,,2000,,,,,,,,,,,
fedavg,fedavg,504|859,504|859,1,859,data_2000_4_1.5_chordal,train_epoch,train,,63,10.0,0.03713583701848984,,,,,,,,2000,,,,,,,,,,,
fedavg,fedavg,504|859,504|859,1,859,data_2000_4_1.5_chordal,val_epoch,val,,63,,,0.864837242603302,0.9637,0.8550000190734863,0.9229789942711649,0.8137389421463013,0.8137389421463013,0.8137389421463013,2000,,,,,,,,,,,
fedavg,fedavg,504|859,504|859,1,859,data_2000_4_1.5_chordal,val_epoch_task,val,cycle2,63,,,,,,,,,,2000,862.0,2.0,1136.0,0.0,0.9976851851851852,1.0,0.9988412261009216,0.9988412261009216,0.9988412261009216,862.0,0.4309999942779541
fedavg,fedavg,504|859,504|859,1,859,data_2000_4_1.5_chordal,val_epoch_task,val,cycle3,63,,,,,,,,,,2000,687.0,10.0,1299.0,4.0,0.9856527977044476,0.9942112879884226,0.9899135231971741,0.9899135231971741,0.9899135231971741,691.0,0.34549999237060547
fedavg,fedavg,504|859,504|859,1,859,data_2000_4_1.5_chordal,val_epoch_task,val,cycle4,63,,,,,,,,,,2000,360.0,26.0,1583.0,31.0,0.9326424870466321,0.9207161125319693,0.9266409873962402,0.9266409873962402,0.9266409873962402,391.0,0.19550000131130219
fedavg,fedavg,504|859,504|859,1,859,data_2000_4_1.5_chordal,val_epoch_task,val,cycle5,63,,,,,,,,,,2000,216.0,110.0,1654.0,20.0,0.6625766871165644,0.9152542372881356,0.7686832547187805,0.7686832547187805,0.7686832547187805,236.0,0.11800000071525574
fedavg,fedavg,504|859,504|859,1,859,data_2000_4_1.5_chordal,val_epoch_task,val,cycle6,63,,,,,,,,,,2000,50.0,82.0,1790.0,78.0,0.3787878787878788,0.390625,0.38461539149284363,0.38461539149284363,0.38461539149284363,128.0,0.06400000303983688
fedavg,fedavg,504|859,504|859,1,504,data_2000_3_11_chordal,global_val_client,val,,63,,,0.5269119988679886,0.9786,0.9049999713897705,0.8556005398110661,0.8643478155136108,0.8643478155136108,0.8643478155136108,2000,,,,,,,,,,,
fedavg,fedavg,504|859,504|859,1,504,data_2000_3_11_chordal,global_val_client_task,val,cycle2,63,,,,,,,,,,2000,82.0,5.0,1913.0,0.0,0.9425287356321839,1.0,0.9704142212867737,0.9704142212867737,0.9704142212867737,82.0,0.04100000113248825
fedavg,fedavg,504|859,504|859,1,504,data_2000_3_11_chordal,global_val_client_task,val,cycle3,63,,,,,,,,,,2000,128.0,9.0,1863.0,0.0,0.9343065693430657,1.0,0.9660376906394958,0.9660376906394958,0.9660376906394958,128.0,0.06400000303983688
fedavg,fedavg,504|859,504|859,1,504,data_2000_3_11_chordal,global_val_client_task,val,cycle4,63,,,,,,,,,,2000,156.0,16.0,1827.0,1.0,0.9069767441860465,0.9936305732484076,0.9483283162117004,0.9483283162117004,0.9483283162117004,157.0,0.07850000262260437
fedavg,fedavg,504|859,504|859,1,504,data_2000_3_11_chordal,global_val_client_task,val,cycle5,63,,,,,,,,,,2000,185.0,45.0,1768.0,2.0,0.8043478260869565,0.9893048128342246,0.8872901797294617,0.8872901797294617,0.8872901797294617,187.0,0.09350000321865082
fedavg,fedavg,504|859,504|859,1,504,data_2000_3_11_chordal,global_val_client_task,val,cycle6,63,,,,,,,,,,2000,83.0,36.0,1781.0,100.0,0.6974789915966386,0.453551912568306,0.5496689081192017,0.5496689081192017,0.5496689081192017,183.0,0.09149999916553497
fedavg,fedavg,504|859,504|859,1,859,data_2000_4_1.5_chordal,global_val_client,val,,63,,,0.57958527135849,0.9596,0.8489999771118164,0.9164253206454283,0.8161870837211609,0.8161870837211609,0.8161870837211609,2000,,,,,,,,,,,
fedavg,fedavg,504|859,504|859,1,859,data_2000_4_1.5_chordal,global_val_client_task,val,cycle2,63,,,,,,,,,,2000,862.0,1.0,1137.0,0.0,0.9988412514484357,1.0,0.9994202256202698,0.9994202256202698,0.9994202256202698,862.0,0.4309999942779541
fedavg,fedavg,504|859,504|859,1,859,data_2000_4_1.5_chordal,global_val_client_task,val,cycle3,63,,,,,,,,,,2000,689.0,17.0,1292.0,2.0,0.9759206798866855,0.9971056439942113,0.9863994717597961,0.9863994717597961,0.9863994717597961,691.0,0.34549999237060547
fedavg,fedavg,504|859,504|859,1,859,data_2000_4_1.5_chordal,global_val_client_task,val,cycle4,63,,,,,,,,,,2000,385.0,63.0,1546.0,6.0,0.859375,0.9846547314578005,0.9177592396736145,0.9177592396736145,0.9177592396736145,391.0,0.19550000131130219
fedavg,fedavg,504|859,504|859,1,859,data_2000_4_1.5_chordal,global_val_client_task,val,cycle5,63,,,,,,,,,,2000,215.0,124.0,1640.0,21.0,0.6342182890855457,0.9110169491525424,0.747826099395752,0.747826099395752,0.747826099395752,236.0,0.11800000071525574
fedavg,fedavg,504|859,504|859,1,859,data_2000_4_1.5_chordal,global_val_client_task,val,cycle6,63,,,,,,,,,,2000,64.0,106.0,1766.0,64.0,0.3764705882352941,0.5,0.42953023314476013,0.42953023314476013,0.42953023314476013,128.0,0.06400000303983688
fedavg,fedavg,504|859,504|859,1,all,all,global_val_mean,val,,63,,,0.5532486351132393,0.9691000000000001,0.8769999742507935,0.8860129302282471,0.8402674496173859,0.8402674496173859,0.8402674496173859,4000,,,,,,,,,,,
fedavg,fedavg,504|859,504|859,1,504,data_2000_3_11_chordal,train_epoch,train,,64,1.0,0.07771873242780566,,,,,,,,2000,,,,,,,,,,,
fedavg,fedavg,504|859,504|859,1,504,data_2000_3_11_chordal,train_epoch,train,,64,2.0,0.06484165656566619,,,,,,,,2000,,,,,,,,,,,
fedavg,fedavg,504|859,504|859,1,504,data_2000_3_11_chordal,train_epoch,train,,64,3.0,0.05307200014963746,,,,,,,,2000,,,,,,,,,,,
fedavg,fedavg,504|859,504|859,1,504,data_2000_3_11_chordal,train_epoch,train,,64,4.0,0.08373837035894394,,,,,,,,2000,,,,,,,,,,,
fedavg,fedavg,504|859,504|859,1,504,data_2000_3_11_chordal,train_epoch,train,,64,5.0,0.09917966223321856,,,,,,,,2000,,,,,,,,,,,
fedavg,fedavg,504|859,504|859,1,504,data_2000_3_11_chordal,train_epoch,train,,64,6.0,0.0752556716054678,,,,,,,,2000,,,,,,,,,,,
fedavg,fedavg,504|859,504|859,1,504,data_2000_3_11_chordal,train_epoch,train,,64,7.0,0.11367112219333649,,,,,,,,2000,,,,,,,,,,,
fedavg,fedavg,504|859,504|859,1,504,data_2000_3_11_chordal,train_epoch,train,,64,8.0,0.08930899235978723,,,,,,,,2000,,,,,,,,,,,
fedavg,fedavg,504|859,504|859,1,504,data_2000_3_11_chordal,train_epoch,train,,64,9.0,0.10338608260452747,,,,,,,,2000,,,,,,,,,,,
fedavg,fedavg,504|859,504|859,1,504,data_2000_3_11_chordal,train_epoch,train,,64,10.0,0.068849246352911,,,,,,,,2000,,,,,,,,,,,
fedavg,fedavg,504|859,504|859,1,504,data_2000_3_11_chordal,val_epoch,val,,64,,,0.4293956248164177,0.9759,0.8995000123977661,0.8419672131147541,0.8584588170051575,0.8584588170051575,0.8584588170051575,2000,,,,,,,,,,,
fedavg,fedavg,504|859,504|859,1,504,data_2000_3_11_chordal,val_epoch_task,val,cycle2,64,,,,,,,,,,2000,82.0,1.0,1917.0,0.0,0.9879518072289156,1.0,0.9939393997192383,0.9939393997192383,0.9939393997192383,82.0,0.04100000113248825
fedavg,fedavg,504|859,504|859,1,504,data_2000_3_11_chordal,val_epoch_task,val,cycle3,64,,,,,,,,,,2000,128.0,20.0,1852.0,0.0,0.8648648648648649,1.0,0.9275362491607666,0.9275362491607666,0.9275362491607666,128.0,0.06400000303983688
fedavg,fedavg,504|859,504|859,1,504,data_2000_3_11_chordal,val_epoch_task,val,cycle4,64,,,,,,,,,,2000,157.0,27.0,1816.0,0.0,0.8532608695652174,1.0,0.9208211302757263,0.9208211302757263,0.9208211302757263,157.0,0.07850000262260437
fedavg,fedavg,504|859,504|859,1,504,data_2000_3_11_chordal,val_epoch_task,val,cycle5,64,,,,,,,,,,2000,180.0,40.0,1773.0,7.0,0.8181818181818182,0.9625668449197861,0.8845208883285522,0.8845208883285522,0.8845208883285522,187.0,0.09350000321865082
fedavg,fedavg,504|859,504|859,1,504,data_2000_3_11_chordal,val_epoch_task,val,cycle6,64,,,,,,,,,,2000,95.0,58.0,1759.0,88.0,0.6209150326797386,0.5191256830601093,0.5654761791229248,0.5654761791229248,0.5654761791229248,183.0,0.09149999916553497
fedavg,fedavg,504|859,504|859,1,859,data_2000_4_1.5_chordal,train_epoch,train,,64,1.0,0.08296265250444412,,,,,,,,2000,,,,,,,,,,,
fedavg,fedavg,504|859,504|859,1,859,data_2000_4_1.5_chordal,train_epoch,train,,64,2.0,0.05532576985657215,,,,,,,,2000,,,,,,,,,,,
fedavg,fedavg,504|859,504|859,1,859,data_2000_4_1.5_chordal,train_epoch,train,,64,3.0,0.05278586140275002,,,,,,,,2000,,,,,,,,,,,
fedavg,fedavg,504|859,504|859,1,859,data_2000_4_1.5_chordal,train_epoch,train,,64,4.0,0.04854254148900509,,,,,,,,2000,,,,,,,,,,,
fedavg,fedavg,504|859,504|859,1,859,data_2000_4_1.5_chordal,train_epoch,train,,64,5.0,0.0752083108574152,,,,,,,,2000,,,,,,,,,,,
fedavg,fedavg,504|859,504|859,1,859,data_2000_4_1.5_chordal,train_epoch,train,,64,6.0,0.06917159274220466,,,,,,,,2000,,,,,,,,,,,
fedavg,fedavg,504|859,504|859,1,859,data_2000_4_1.5_chordal,train_epoch,train,,64,7.0,0.05940236036479473,,,,,,,,2000,,,,,,,,,,,
fedavg,fedavg,504|859,504|859,1,859,data_2000_4_1.5_chordal,train_epoch,train,,64,8.0,0.0762828748524189,,,,,,,,2000,,,,,,,,,,,
fedavg,fedavg,504|859,504|859,1,859,data_2000_4_1.5_chordal,train_epoch,train,,64,9.0,0.062234093472361564,,,,,,,,2000,,,,,,,,,,,
fedavg,fedavg,504|859,504|859,1,859,data_2000_4_1.5_chordal,train_epoch,train,,64,10.0,0.05987644484639168,,,,,,,,2000,,,,,,,,,,,
fedavg,fedavg,504|859,504|859,1,859,data_2000_4_1.5_chordal,val_epoch,val,,64,,,0.7280709173679352,0.963,0.8529999852180481,0.9219738506959089,0.8169819116592407,0.8169819116592407,0.8169819116592407,2000,,,,,,,,,,,
fedavg,fedavg,504|859,504|859,1,859,data_2000_4_1.5_chordal,val_epoch_task,val,cycle2,64,,,,,,,,,,2000,862.0,5.0,1133.0,0.0,0.994232987312572,1.0,0.9971081614494324,0.9971081614494324,0.9971081614494324,862.0,0.4309999942779541
fedavg,fedavg,504|859,504|859,1,859,data_2000_4_1.5_chordal,val_epoch_task,val,cycle3,64,,,,,,,,,,2000,689.0,7.0,1302.0,2.0,0.9899425287356322,0.9971056439942113,0.9935111999511719,0.9935111999511719,0.9935111999511719,691.0,0.34549999237060547
fedavg,fedavg,504|859,504|859,1,859,data_2000_4_1.5_chordal,val_epoch_task,val,cycle4,64,,,,,,,,,,2000,378.0,45.0,1564.0,13.0,0.8936170212765957,0.9667519181585678,0.9287469387054443,0.9287469387054443,0.9287469387054443,391.0,0.19550000131130219
fedavg,fedavg,504|859,504|859,1,859,data_2000_4_1.5_chordal,val_epoch_task,val,cycle5,64,,,,,,,,,,2000,198.0,95.0,1669.0,38.0,0.6757679180887372,0.8389830508474576,0.7485822439193726,0.7485822439193726,0.7485822439193726,236.0,0.11800000071525574
fedavg,fedavg,504|859,504|859,1,859,data_2000_4_1.5_chordal,val_epoch_task,val,cycle6,64,,,,,,,,,,2000,59.0,96.0,1776.0,69.0,0.38064516129032255,0.4609375,0.416961133480072,0.416961133480072,0.416961133480072,128.0,0.06400000303983688
fedavg,fedavg,504|859,504|859,1,504,data_2000_3_11_chordal,global_val_client,val,,64,,,0.5236275470256806,0.9773,0.902999997138977,0.8454731109598367,0.8520442843437195,0.8520442843437195,0.8520442843437195,2000,,,,,,,,,,,
fedavg,fedavg,504|859,504|859,1,504,data_2000_3_11_chordal,global_val_client_task,val,cycle2,64,,,,,,,,,,2000,82.0,2.0,1916.0,0.0,0.9761904761904762,1.0,0.9879518151283264,0.9879518151283264,0.9879518151283264,82.0,0.04100000113248825
fedavg,fedavg,504|859,504|859,1,504,data_2000_3_11_chordal,global_val_client_task,val,cycle3,64,,,,,,,,,,2000,128.0,11.0,1861.0,0.0,0.920863309352518,1.0,0.9588015079498291,0.9588015079498291,0.9588015079498291,128.0,0.06400000303983688
fedavg,fedavg,504|859,504|859,1,504,data_2000_3_11_chordal,global_val_client_task,val,cycle4,64,,,,,,,,,,2000,157.0,18.0,1825.0,0.0,0.8971428571428571,1.0,0.9457830786705017,0.9457830786705017,0.9457830786705017,157.0,0.07850000262260437
fedavg,fedavg,504|859,504|859,1,504,data_2000_3_11_chordal,global_val_client_task,val,cycle5,64,,,,,,,,,,2000,185.0,46.0,1767.0,2.0,0.8008658008658008,0.9893048128342246,0.8851675391197205,0.8851675391197205,0.8851675391197205,187.0,0.09350000321865082
fedavg,fedavg,504|859,504|859,1,504,data_2000_3_11_chordal,global_val_client_task,val,cycle6,64,,,,,,,,,,2000,69.0,34.0,1783.0,114.0,0.6699029126213593,0.3770491803278688,0.48251745104789734,0.48251745104789734,0.48251745104789734,183.0,0.09149999916553497
fedavg,fedavg,504|859,504|859,1,859,data_2000_4_1.5_chordal,global_val_client,val,,64,,,0.6170444217324257,0.9542,0.8224999904632568,0.9055670103092784,0.787376880645752,0.787376880645752,0.787376880645752,2000,,,,,,,,,,,
fedavg,fedavg,504|859,504|859,1,859,data_2000_4_1.5_chordal,global_val_client_task,val,cycle2,64,,,,,,,,,,2000,862.0,5.0,1133.0,0.0,0.994232987312572,1.0,0.9971081614494324,0.9971081614494324,0.9971081614494324,862.0,0.4309999942779541
fedavg,fedavg,504|859,504|859,1,859,data_2000_4_1.5_chordal,global_val_client_task,val,cycle3,64,,,,,,,,,,2000,691.0,32.0,1277.0,0.0,0.9557399723374828,1.0,0.9773691892623901,0.9773691892623901,0.9773691892623901,691.0,0.34549999237060547
fedavg,fedavg,504|859,504|859,1,859,data_2000_4_1.5_chordal,global_val_client_task,val,cycle4,64,,,,,,,,,,2000,389.0,80.0,1529.0,2.0,0.8294243070362474,0.9948849104859335,0.9046511650085449,0.9046511650085449,0.9046511650085449,391.0,0.19550000131130219
fedavg,fedavg,504|859,504|859,1,859,data_2000_4_1.5_chordal,global_val_client_task,val,cycle5,64,,,,,,,,,,2000,209.0,133.0,1631.0,27.0,0.6111111111111112,0.885593220338983,0.7231833934783936,0.7231833934783936,0.7231833934783936,236.0,0.11800000071525574
fedavg,fedavg,504|859,504|859,1,859,data_2000_4_1.5_chordal,global_val_client_task,val,cycle6,64,,,,,,,,,,2000,45.0,96.0,1776.0,83.0,0.3191489361702128,0.3515625,0.3345724940299988,0.3345724940299988,0.3345724940299988,128.0,0.06400000303983688
fedavg,fedavg,504|859,504|859,1,all,all,global_val_mean,val,,64,,,0.5703359843790531,0.96575,0.8627499938011169,0.8755200606345576,0.8197105824947357,0.8197105824947357,0.8197105824947357,4000,,,,,,,,,,,
fedavg,fedavg,504|859,504|859,1,504,data_2000_3_11_chordal,train_epoch,train,,65,1.0,0.08588579005864448,,,,,,,,2000,,,,,,,,,,,
fedavg,fedavg,504|859,504|859,1,504,data_2000_3_11_chordal,train_epoch,train,,65,2.0,0.08472458240389824,,,,,,,,2000,,,,,,,,,,,
fedavg,fedavg,504|859,504|859,1,504,data_2000_3_11_chordal,train_epoch,train,,65,3.0,0.07099854065850376,,,,,,,,2000,,,,,,,,,,,
fedavg,fedavg,504|859,504|859,1,504,data_2000_3_11_chordal,train_epoch,train,,65,4.0,0.06284596795774997,,,,,,,,2000,,,,,,,,,,,
fedavg,fedavg,504|859,504|859,1,504,data_2000_3_11_chordal,train_epoch,train,,65,5.0,0.0706404315251857,,,,,,,,2000,,,,,,,,,,,
fedavg,fedavg,504|859,504|859,1,504,data_2000_3_11_chordal,train_epoch,train,,65,6.0,0.06450425127148628,,,,,,,,2000,,,,,,,,,,,
fedavg,fedavg,504|859,504|859,1,504,data_2000_3_11_chordal,train_epoch,train,,65,7.0,0.09188118595117703,,,,,,,,2000,,,,,,,,,,,
fedavg,fedavg,504|859,504|859,1,504,data_2000_3_11_chordal,train_epoch,train,,65,8.0,0.08905382674187422,,,,,,,,2000,,,,,,,,,,,
fedavg,fedavg,504|859,504|859,1,504,data_2000_3_11_chordal,train_epoch,train,,65,9.0,0.08110974616557359,,,,,,,,2000,,,,,,,,,,,
fedavg,fedavg,504|859,504|859,1,504,data_2000_3_11_chordal,train_epoch,train,,65,10.0,0.05459371482953429,,,,,,,,2000,,,,,,,,,,,
fedavg,fedavg,504|859,504|859,1,504,data_2000_3_11_chordal,val_epoch,val,,65,,,0.4907918065786362,0.9738,0.8949999809265137,0.8305304010349289,0.8519078493118286,0.8519078493118286,0.8519078493118286,2000,,,,,,,,,,,
fedavg,fedavg,504|859,504|859,1,504,data_2000_3_11_chordal,val_epoch_task,val,cycle2,65,,,,,,,,,,2000,82.0,3.0,1915.0,0.0,0.9647058823529412,1.0,0.9820358753204346,0.9820358753204346,0.9820358753204346,82.0,0.04100000113248825
fedavg,fedavg,504|859,504|859,1,504,data_2000_3_11_chordal,val_epoch_task,val,cycle3,65,,,,,,,,,,2000,128.0,24.0,1848.0,0.0,0.8421052631578947,1.0,0.9142857193946838,0.9142857193946838,0.9142857193946838,128.0,0.06400000303983688
fedavg,fedavg,504|859,504|859,1,504,data_2000_3_11_chordal,val_epoch_task,val,cycle4,65,,,,,,,,,,2000,156.0,31.0,1812.0,1.0,0.8342245989304813,0.9936305732484076,0.9069767594337463,0.9069767594337463,0.9069767594337463,157.0,0.07850000262260437
fedavg,fedavg,504|859,504|859,1,504,data_2000_3_11_chordal,val_epoch_task,val,cycle5,65,,,,,,,,,,2000,164.0,36.0,1777.0,23.0,0.82,0.8770053475935828,0.8475452065467834,0.8475452065467834,0.8475452065467834,187.0,0.09350000321865082
fedavg,fedavg,504|859,504|859,1,504,data_2000_3_11_chordal,val_epoch_task,val,cycle6,65,,,,,,,,,,2000,112.0,73.0,1744.0,71.0,0.6054054054054054,0.6120218579234973,0.6086956262588501,0.6086956262588501,0.6086956262588501,183.0,0.09149999916553497
fedavg,fedavg,504|859,504|859,1,859,data_2000_4_1.5_chordal,train_epoch,train,,65,1.0,0.0647583769261837,,,,,,,,2000,,,,,,,,,,,
fedavg,fedavg,504|859,504|859,1,859,data_2000_4_1.5_chordal,train_epoch,train,,65,2.0,0.055639458775520324,,,,,,,,2000,,,,,,,,,,,
fedavg,fedavg,504|859,504|859,1,859,data_2000_4_1.5_chordal,train_epoch,train,,65,3.0,0.06673650699108839,,,,,,,,2000,,,,,,,,,,,
fedavg,fedavg,504|859,504|859,1,859,data_2000_4_1.5_chordal,train_epoch,train,,65,4.0,0.05345004378259182,,,,,,,,2000,,,,,,,,,,,
fedavg,fedavg,504|859,504|859,1,859,data_2000_4_1.5_chordal,train_epoch,train,,65,5.0,0.08708151477575302,,,,,,,,2000,,,,,,,,,,,
fedavg,fedavg,504|859,504|859,1,859,data_2000_4_1.5_chordal,train_epoch,train,,65,6.0,0.0565757448412478,,,,,,,,2000,,,,,,,,,,,
fedavg,fedavg,504|859,504|859,1,859,data_2000_4_1.5_chordal,train_epoch,train,,65,7.0,0.050662876889109615,,,,,,,,2000,,,,,,,,,,,
fedavg,fedavg,504|859,504|859,1,859,data_2000_4_1.5_chordal,train_epoch,train,,65,8.0,0.050201409839093686,,,,,,,,2000,,,,,,,,,,,
fedavg,fedavg,504|859,504|859,1,859,data_2000_4_1.5_chordal,train_epoch,train,,65,9.0,0.05972044156491756,,,,,,,,2000,,,,,,,,,,,
fedavg,fedavg,504|859,504|859,1,859,data_2000_4_1.5_chordal,train_epoch,train,,65,10.0,0.058210071191191676,,,,,,,,2000,,,,,,,,,,,
fedavg,fedavg,504|859,504|859,1,859,data_2000_4_1.5_chordal,val_epoch,val,,65,,,0.5618500494956971,0.9512,0.8205000162124634,0.9012944983818769,0.8037306070327759,0.8037306070327759,0.8037306070327759,2000,,,,,,,,,,,
fedavg,fedavg,504|859,504|859,1,859,data_2000_4_1.5_chordal,val_epoch_task,val,cycle2,65,,,,,,,,,,2000,862.0,2.0,1136.0,0.0,0.9976851851851852,1.0,0.9988412261009216,0.9988412261009216,0.9988412261009216,862.0,0.4309999942779541
fedavg,fedavg,504|859,504|859,1,859,data_2000_4_1.5_chordal,val_epoch_task,val,cycle3,65,,,,,,,,,,2000,686.0,11.0,1298.0,5.0,0.9842180774748924,0.9927641099855282,0.9884726405143738,0.9884726405143738,0.9884726405143738,691.0,0.34549999237060547
fedavg,fedavg,504|859,504|859,1,859,data_2000_4_1.5_chordal,val_epoch_task,val,cycle4,65,,,,,,,,,,2000,384.0,60.0,1549.0,7.0,0.8648648648648649,0.9820971867007673,0.919760525226593,0.919760525226593,0.919760525226593,391.0,0.19550000131130219
fedavg,fedavg,504|859,504|859,1,859,data_2000_4_1.5_chordal,val_epoch_task,val,cycle5,65,,,,,,,,,,2000,222.0,156.0,1608.0,14.0,0.5873015873015873,0.940677966101695,0.723127007484436,0.723127007484436,0.723127007484436,236.0,0.11800000071525574
fedavg,fedavg,504|859,504|859,1,859,data_2000_4_1.5_chordal,val_epoch_task,val,cycle6,65,,,,,,,,,,2000,74.0,179.0,1693.0,54.0,0.2924901185770751,0.578125,0.3884514570236206,0.3884514570236206,0.3884514570236206,128.0,0.06400000303983688
fedavg,fedavg,504|859,504|859,1,504,data_2000_3_11_chordal,global_val_client,val,,65,,,0.48037879991531374,0.9784,0.9039999842643738,0.854054054054054,0.8640548586845398,0.8640548586845398,0.8640548586845398,2000,,,,,,,,,,,
fedavg,fedavg,504|859,504|859,1,504,data_2000_3_11_chordal,global_val_client_task,val,cycle2,65,,,,,,,,,,2000,82.0,6.0,1912.0,0.0,0.9318181818181818,1.0,0.9647058844566345,0.9647058844566345,0.9647058844566345,82.0,0.04100000113248825
fedavg,fedavg,504|859,504|859,1,504,data_2000_3_11_chordal,global_val_client_task,val,cycle3,65,,,,,,,,,,2000,128.0,14.0,1858.0,0.0,0.9014084507042254,1.0,0.9481481313705444,0.9481481313705444,0.9481481313705444,128.0,0.06400000303983688
fedavg,fedavg,504|859,504|859,1,504,data_2000_3_11_chordal,global_val_client_task,val,cycle4,65,,,,,,,,,,2000,154.0,14.0,1829.0,3.0,0.9166666666666666,0.9808917197452229,0.9476922750473022,0.9476922750473022,0.9476922750473022,157.0,0.07850000262260437
fedavg,fedavg,504|859,504|859,1,504,data_2000_3_11_chordal,global_val_client_task,val,cycle5,65,,,,,,,,,,2000,180.0,31.0,1782.0,7.0,0.8530805687203792,0.9625668449197861,0.9045226573944092,0.9045226573944092,0.9045226573944092,187.0,0.09350000321865082
fedavg,fedavg,504|859,504|859,1,504,data_2000_3_11_chordal,global_val_client_task,val,cycle6,65,,,,,,,,,,2000,88.0,46.0,1771.0,95.0,0.6567164179104478,0.4808743169398907,0.5552050471305847,0.5552050471305847,0.5552050471305847,183.0,0.09149999916553497
fedavg,fedavg,504|859,504|859,1,859,data_2000_4_1.5_chordal,global_val_client,val,,65,,,0.48480931401252747,0.9444,0.8034999966621399,0.8898137138327387,0.7933713793754578,0.7933713793754578,0.7933713793754578,2000,,,,,,,,,,,
fedavg,fedavg,504|859,504|859,1,859,data_2000_4_1.5_chordal,global_val_client_task,val,cycle2,65,,,,,,,,,,2000,862.0,3.0,1135.0,0.0,0.9965317919075144,1.0,0.998262882232666,0.998262882232666,0.998262882232666,862.0,0.4309999942779541
fedavg,fedavg,504|859,504|859,1,859,data_2000_4_1.5_chordal,global_val_client_task,val,cycle3,65,,,,,,,,,,2000,691.0,24.0,1285.0,0.0,0.9664335664335665,1.0,0.9829303622245789,0.9829303622245789,0.9829303622245789,691.0,0.34549999237060547
fedavg,fedavg,504|859,504|859,1,859,data_2000_4_1.5_chordal,global_val_client_task,val,cycle4,65,,,,,,,,,,2000,386.0,84.0,1525.0,5.0,0.8212765957446808,0.9872122762148338,0.8966318964958191,0.8966318964958191,0.8966318964958191,391.0,0.19550000131130219
fedavg,fedavg,504|859,504|859,1,859,data_2000_4_1.5_chordal,global_val_client_task,val,cycle5,65,,,,,,,,,,2000,228.0,207.0,1557.0,8.0,0.5241379310344828,0.9661016949152542,0.6795827150344849,0.6795827150344849,0.6795827150344849,236.0,0.11800000071525574
fedavg,fedavg,504|859,504|859,1,859,data_2000_4_1.5_chordal,global_val_client_task,val,cycle6,65,,,,,,,,,,2000,78.0,175.0,1697.0,50.0,0.308300395256917,0.609375,0.4094488322734833,0.4094488322734833,0.4094488322734833,128.0,0.06400000303983688
fedavg,fedavg,504|859,504|859,1,all,all,global_val_mean,val,,65,,,0.4825940569639206,0.9614000000000001,0.8537499904632568,0.8719338839433962,0.8287131190299988,0.8287131190299988,0.8287131190299988,4000,,,,,,,,,,,
fedavg,fedavg,504|859,504|859,1,504,data_2000_3_11_chordal,train_epoch,train,,66,1.0,0.08541200318187475,,,,,,,,2000,,,,,,,,,,,
fedavg,fedavg,504|859,504|859,1,504,data_2000_3_11_chordal,train_epoch,train,,66,2.0,0.07131769939512014,,,,,,,,2000,,,,,,,,,,,
fedavg,fedavg,504|859,504|859,1,504,data_2000_3_11_chordal,train_epoch,train,,66,3.0,0.048518316173926,,,,,,,,2000,,,,,,,,,,,
fedavg,fedavg,504|859,504|859,1,504,data_2000_3_11_chordal,train_epoch,train,,66,4.0,0.07067381789907813,,,,,,,,2000,,,,,,,,,,,
fedavg,fedavg,504|859,504|859,1,504,data_2000_3_11_chordal,train_epoch,train,,66,5.0,0.07270069694519044,,,,,,,,2000,,,,,,,,,,,
fedavg,fedavg,504|859,504|859,1,504,data_2000_3_11_chordal,train_epoch,train,,66,6.0,0.06348023793846369,,,,,,,,2000,,,,,,,,,,,
fedavg,fedavg,504|859,504|859,1,504,data_2000_3_11_chordal,train_epoch,train,,66,7.0,0.06936061573028564,,,,,,,,2000,,,,,,,,,,,
fedavg,fedavg,504|859,504|859,1,504,data_2000_3_11_chordal,train_epoch,train,,66,8.0,0.10777913591265678,,,,,,,,2000,,,,,,,,,,,
fedavg,fedavg,504|859,504|859,1,504,data_2000_3_11_chordal,train_epoch,train,,66,9.0,0.0851856096237898,,,,,,,,2000,,,,,,,,,,,
fedavg,fedavg,504|859,504|859,1,504,data_2000_3_11_chordal,train_epoch,train,,66,10.0,0.09114067716896534,,,,,,,,2000,,,,,,,,,,,
fedavg,fedavg,504|859,504|859,1,504,data_2000_3_11_chordal,val_epoch,val,,66,,,0.3267278499007225,0.9724,0.8924999833106995,0.8281444582814446,0.8494930267333984,0.8494930267333984,0.8494930267333984,2000,,,,,,,,,,,
fedavg,fedavg,504|859,504|859,1,504,data_2000_3_11_chordal,val_epoch_task,val,cycle2,66,,,,,,,,,,2000,82.0,3.0,1915.0,0.0,0.9647058823529412,1.0,0.9820358753204346,0.9820358753204346,0.9820358753204346,82.0,0.04100000113248825
fedavg,fedavg,504|859,504|859,1,504,data_2000_3_11_chordal,val_epoch_task,val,cycle3,66,,,,,,,,,,2000,128.0,28.0,1844.0,0.0,0.8205128205128205,1.0,0.9014084935188293,0.9014084935188293,0.9014084935188293,128.0,0.06400000303983688
fedavg,fedavg,504|859,504|859,1,504,data_2000_3_11_chordal,val_epoch_task,val,cycle4,66,,,,,,,,,,2000,157.0,35.0,1808.0,0.0,0.8177083333333334,1.0,0.8997134566307068,0.8997134566307068,0.8997134566307068,157.0,0.07850000262260437
fedavg,fedavg,504|859,504|859,1,504,data_2000_3_11_chordal,val_epoch_task,val,cycle5,66,,,,,,,,,,2000,184.0,54.0,1759.0,3.0,0.773109243697479,0.983957219251337,0.8658823370933533,0.8658823370933533,0.8658823370933533,187.0,0.09350000321865082
fedavg,fedavg,504|859,504|859,1,504,data_2000_3_11_chordal,val_epoch_task,val,cycle6,66,,,,,,,,,,2000,114.0,84.0,1733.0,69.0,0.5757575757575758,0.6229508196721312,0.5984252095222473,0.5984252095222473,0.5984252095222473,183.0,0.09149999916553497
fedavg,fedavg,504|859,504|859,1,859,data_2000_4_1.5_chordal,train_epoch,train,,66,1.0,0.06855607676506043,,,,,,,,2000,,,,,,,,,,,
fedavg,fedavg,504|859,504|859,1,859,data_2000_4_1.5_chordal,train_epoch,train,,66,2.0,0.0864630606174469,,,,,,,,2000,,,,,,,,,,,
fedavg,fedavg,504|859,504|859,1,859,data_2000_4_1.5_chordal,train_epoch,train,,66,3.0,0.05666405940055847,,,,,,,,2000,,,,,,,,,,,
fedavg,fedavg,504|859,504|859,1,859,data_2000_4_1.5_chordal,train_epoch,train,,66,4.0,0.05005287182331085,,,,,,,,2000,,,,,,,,,,,
fedavg,fedavg,504|859,504|859,1,859,data_2000_4_1.5_chordal,train_epoch,train,,66,5.0,0.052547219574451444,,,,,,,,2000,,,,,,,,,,,
fedavg,fedavg,504|859,504|859,1,859,data_2000_4_1.5_chordal,train_epoch,train,,66,6.0,0.045504983887076376,,,,,,,,2000,,,,,,,,,,,
fedavg,fedavg,504|859,504|859,1,859,data_2000_4_1.5_chordal,train_epoch,train,,66,7.0,0.04793035943433643,,,,,,,,2000,,,,,,,,,,,
fedavg,fedavg,504|859,504|859,1,859,data_2000_4_1.5_chordal,train_epoch,train,,66,8.0,0.044256212815642355,,,,,,,,2000,,,,,,,,,,,
fedavg,fedavg,504|859,504|859,1,859,data_2000_4_1.5_chordal,train_epoch,train,,66,9.0,0.044891355633735655,,,,,,,,2000,,,,,,,,,,,
fedavg,fedavg,504|859,504|859,1,859,data_2000_4_1.5_chordal,train_epoch,train,,66,10.0,0.04146185040473938,,,,,,,,2000,,,,,,,,,,,
fedavg,fedavg,504|859,504|859,1,859,data_2000_4_1.5_chordal,val_epoch,val,,66,,,1.1378485072776676,0.9686,0.8740000128746033,0.9319167389418908,0.8063645362854004,0.8063645362854004,0.8063645362854004,2000,,,,,,,,,,,
fedavg,fedavg,504|859,504|859,1,859,data_2000_4_1.5_chordal,val_epoch_task,val,cycle2,66,,,,,,,,,,2000,861.0,6.0,1132.0,1.0,0.9930795847750865,0.9988399071925754,0.9959514737129211,0.9959514737129211,0.9959514737129211,862.0,0.4309999942779541
fedavg,fedavg,504|859,504|859,1,859,data_2000_4_1.5_chordal,val_epoch_task,val,cycle3,66,,,,,,,,,,2000,686.0,10.0,1299.0,5.0,0.985632183908046,0.9927641099855282,0.9891852736473083,0.9891852736473083,0.9891852736473083,691.0,0.34549999237060547
fedavg,fedavg,504|859,504|859,1,859,data_2000_4_1.5_chordal,val_epoch_task,val,cycle4,66,,,,,,,,,,2000,372.0,33.0,1576.0,19.0,0.9185185185185185,0.9514066496163683,0.9346733689308167,0.9346733689308167,0.9346733689308167,391.0,0.19550000131130219
fedavg,fedavg,504|859,504|859,1,859,data_2000_4_1.5_chordal,val_epoch_task,val,cycle5,66,,,,,,,,,,2000,198.0,64.0,1700.0,38.0,0.7557251908396947,0.8389830508474576,0.7951807975769043,0.7951807975769043,0.7951807975769043,236.0,0.11800000071525574
fedavg,fedavg,504|859,504|859,1,859,data_2000_4_1.5_chordal,val_epoch_task,val,cycle6,66,,,,,,,,,,2000,32.0,42.0,1830.0,96.0,0.43243243243243246,0.25,0.31683170795440674,0.31683170795440674,0.31683170795440674,128.0,0.06400000303983688
fedavg,fedavg,504|859,504|859,1,504,data_2000_3_11_chordal,global_val_client,val,,66,,,0.538058700799942,0.9762,0.9004999995231628,0.8404825737265414,0.8486117124557495,0.8486117124557495,0.8486117124557495,2000,,,,,,,,,,,
fedavg,fedavg,504|859,504|859,1,504,data_2000_3_11_chordal,global_val_client_task,val,cycle2,66,,,,,,,,,,2000,82.0,4.0,1914.0,0.0,0.9534883720930233,1.0,0.976190447807312,0.976190447807312,0.976190447807312,82.0,0.04100000113248825
fedavg,fedavg,504|859,504|859,1,504,data_2000_3_11_chordal,global_val_client_task,val,cycle3,66,,,,,,,,,,2000,128.0,15.0,1857.0,0.0,0.8951048951048951,1.0,0.9446494579315186,0.9446494579315186,0.9446494579315186,128.0,0.06400000303983688
fedavg,fedavg,504|859,504|859,1,504,data_2000_3_11_chordal,global_val_client_task,val,cycle4,66,,,,,,,,,,2000,156.0,20.0,1823.0,1.0,0.8863636363636364,0.9936305732484076,0.9369369745254517,0.9369369745254517,0.9369369745254517,157.0,0.07850000262260437
fedavg,fedavg,504|859,504|859,1,504,data_2000_3_11_chordal,global_val_client_task,val,cycle5,66,,,,,,,,,,2000,185.0,55.0,1758.0,2.0,0.7708333333333334,0.9893048128342246,0.8665105700492859,0.8665105700492859,0.8665105700492859,187.0,0.09350000321865082
fedavg,fedavg,504|859,504|859,1,504,data_2000_3_11_chordal,global_val_client_task,val,cycle6,66,,,,,,,,,,2000,76.0,34.0,1783.0,107.0,0.6909090909090909,0.41530054644808745,0.5187712907791138,0.5187712907791138,0.5187712907791138,183.0,0.09149999916553497
fedavg,fedavg,504|859,504|859,1,859,data_2000_4_1.5_chordal,global_val_client,val,,66,,,0.5104193923473358,0.9518,0.8220000267028809,0.9029399919452274,0.8038598895072937,0.8038598895072937,0.8038598895072937,2000,,,,,,,,,,,
fedavg,fedavg,504|859,504|859,1,859,data_2000_4_1.5_chordal,global_val_client_task,val,cycle2,66,,,,,,,,,,2000,862.0,3.0,1135.0,0.0,0.9965317919075144,1.0,0.998262882232666,0.998262882232666,0.998262882232666,862.0,0.4309999942779541
fedavg,fedavg,504|859,504|859,1,859,data_2000_4_1.5_chordal,global_val_client_task,val,cycle3,66,,,,,,,,,,2000,691.0,12.0,1297.0,0.0,0.9829302987197724,1.0,0.991391658782959,0.991391658782959,0.991391658782959,691.0,0.34549999237060547
fedavg,fedavg,504|859,504|859,1,859,data_2000_4_1.5_chordal,global_val_client_task,val,cycle4,66,,,,,,,,,,2000,391.0,94.0,1515.0,0.0,0.8061855670103093,1.0,0.8926940560340881,0.8926940560340881,0.8926940560340881,391.0,0.19550000131130219
fedavg,fedavg,504|859,504|859,1,859,data_2000_4_1.5_chordal,global_val_client_task,val,cycle5,66,,,,,,,,,,2000,229.0,184.0,1580.0,7.0,0.5544794188861986,0.9703389830508474,0.7057011127471924,0.7057011127471924,0.7057011127471924,236.0,0.11800000071525574
fedavg,fedavg,504|859,504|859,1,859,data_2000_4_1.5_chordal,global_val_client_task,val,cycle6,66,,,,,,,,,,2000,69.0,123.0,1749.0,59.0,0.359375,0.5390625,0.4312500059604645,0.4312500059604645,0.4312500059604645,128.0,0.06400000303983688
fedavg,fedavg,504|859,504|859,1,all,all,global_val_mean,val,,66,,,0.524239046573639,0.964,0.8612500131130219,0.8717112828358845,0.8262358009815216,0.8262358009815216,0.8262358009815216,4000,,,,,,,,,,,
fedavg,fedavg,504|859,504|859,1,504,data_2000_3_11_chordal,train_epoch,train,,67,1.0,0.10363795156776905,,,,,,,,2000,,,,,,,,,,,
fedavg,fedavg,504|859,504|859,1,504,data_2000_3_11_chordal,train_epoch,train,,67,2.0,0.07092242747172714,,,,,,,,2000,,,,,,,,,,,
fedavg,fedavg,504|859,504|859,1,504,data_2000_3_11_chordal,train_epoch,train,,67,3.0,0.07958887051045895,,,,,,,,2000,,,,,,,,,,,
fedavg,fedavg,504|859,504|859,1,504,data_2000_3_11_chordal,train_epoch,train,,67,4.0,0.05595465667406097,,,,,,,,2000,,,,,,,,,,,
fedavg,fedavg,504|859,504|859,1,504,data_2000_3_11_chordal,train_epoch,train,,67,5.0,0.06783305298537017,,,,,,,,2000,,,,,,,,,,,
fedavg,fedavg,504|859,504|859,1,504,data_2000_3_11_chordal,train_epoch,train,,67,6.0,0.0731402801036602,,,,,,,,2000,,,,,,,,,,,
fedavg,fedavg,504|859,504|859,1,504,data_2000_3_11_chordal,train_epoch,train,,67,7.0,0.07607560535892845,,,,,,,,2000,,,,,,,,,,,
fedavg,fedavg,504|859,504|859,1,504,data_2000_3_11_chordal,train_epoch,train,,67,8.0,0.06701171876490117,,,,,,,,2000,,,,,,,,,,,
fedavg,fedavg,504|859,504|859,1,504,data_2000_3_11_chordal,train_epoch,train,,67,9.0,0.06749158300925046,,,,,,,,2000,,,,,,,,,,,
fedavg,fedavg,504|859,504|859,1,504,data_2000_3_11_chordal,train_epoch,train,,67,10.0,0.08568635646812618,,,,,,,,2000,,,,,,,,,,,
fedavg,fedavg,504|859,504|859,1,504,data_2000_3_11_chordal,val_epoch,val,,67,,,0.4087451162338257,0.9714,0.890500009059906,0.819672131147541,0.8430334329605103,0.8430334329605103,0.8430334329605103,2000,,,,,,,,,,,
fedavg,fedavg,504|859,504|859,1,504,data_2000_3_11_chordal,val_epoch_task,val,cycle2,67,,,,,,,,,,2000,82.0,5.0,1913.0,0.0,0.9425287356321839,1.0,0.9704142212867737,0.9704142212867737,0.9704142212867737,82.0,0.04100000113248825
fedavg,fedavg,504|859,504|859,1,504,data_2000_3_11_chordal,val_epoch_task,val,cycle3,67,,,,,,,,,,2000,128.0,15.0,1857.0,0.0,0.8951048951048951,1.0,0.9446494579315186,0.9446494579315186,0.9446494579315186,128.0,0.06400000303983688
fedavg,fedavg,504|859,504|859,1,504,data_2000_3_11_chordal,val_epoch_task,val,cycle4,67,,,,,,,,,,2000,154.0,33.0,1810.0,3.0,0.8235294117647058,0.9808917197452229,0.895348846912384,0.895348846912384,0.895348846912384,157.0,0.07850000262260437
fedavg,fedavg,504|859,504|859,1,504,data_2000_3_11_chordal,val_epoch_task,val,cycle5,67,,,,,,,,,,2000,182.0,63.0,1750.0,5.0,0.7428571428571429,0.9732620320855615,0.8425925374031067,0.8425925374031067,0.8425925374031067,187.0,0.09350000321865082
fedavg,fedavg,504|859,504|859,1,504,data_2000_3_11_chordal,val_epoch_task,val,cycle6,67,,,,,,,,,,2000,104.0,83.0,1734.0,79.0,0.5561497326203209,0.5683060109289617,0.5621621608734131,0.5621621608734131,0.5621621608734131,183.0,0.09149999916553497
fedavg,fedavg,504|859,504|859,1,859,data_2000_4_1.5_chordal,train_epoch,train,,67,1.0,0.06324000723659992,,,,,,,,2000,,,,,,,,,,,
fedavg,fedavg,504|859,504|859,1,859,data_2000_4_1.5_chordal,train_epoch,train,,67,2.0,0.06416074601560831,,,,,,,,2000,,,,,,,,,,,
fedavg,fedavg,504|859,504|859,1,859,data_2000_4_1.5_chordal,train_epoch,train,,67,3.0,0.05969814264774322,,,,,,,,2000,,,,,,,,,,,
fedavg,fedavg,504|859,504|859,1,859,data_2000_4_1.5_chordal,train_epoch,train,,67,4.0,0.05611994849145412,,,,,,,,2000,,,,,,,,,,,
fedavg,fedavg,504|859,504|859,1,859,data_2000_4_1.5_chordal,train_epoch,train,,67,5.0,0.04591626150161028,,,,,,,,2000,,,,,,,,,,,
fedavg,fedavg,504|859,504|859,1,859,data_2000_4_1.5_chordal,train_epoch,train,,67,6.0,0.06523438091576099,,,,,,,,2000,,,,,,,,,,,
fedavg,fedavg,504|859,504|859,1,859,data_2000_4_1.5_chordal,train_epoch,train,,67,7.0,0.06549141584709287,,,,,,,,2000,,,,,,,,,,,
fedavg,fedavg,504|859,504|859,1,859,data_2000_4_1.5_chordal,train_epoch,train,,67,8.0,0.08337744829058648,,,,,,,,2000,,,,,,,,,,,
fedavg,fedavg,504|859,504|859,1,859,data_2000_4_1.5_chordal,train_epoch,train,,67,9.0,0.09181264644861221,,,,,,,,2000,,,,,,,,,,,
fedavg,fedavg,504|859,504|859,1,859,data_2000_4_1.5_chordal,train_epoch,train,,67,10.0,0.06846488317847252,,,,,,,,2000,,,,,,,,,,,
fedavg,fedavg,504|859,504|859,1,859,data_2000_4_1.5_chordal,val_epoch,val,,67,,,0.6234927232265473,0.9605,0.8420000076293945,0.9173813009830579,0.8221359252929688,0.8221359252929688,0.8221359252929688,2000,,,,,,,,,,,
fedavg,fedavg,504|859,504|859,1,859,data_2000_4_1.5_chordal,val_epoch_task,val,cycle2,67,,,,,,,,,,2000,858.0,5.0,1133.0,4.0,0.9942062572421785,0.9953596287703016,0.994782567024231,0.994782567024231,0.994782567024231,862.0,0.4309999942779541
fedavg,fedavg,504|859,504|859,1,859,data_2000_4_1.5_chordal,val_epoch_task,val,cycle3,67,,,,,,,,,,2000,682.0,13.0,1296.0,9.0,0.981294964028777,0.9869753979739508,0.9841269850730896,0.9841269850730896,0.9841269850730896,691.0,0.34549999237060547
fedavg,fedavg,504|859,504|859,1,859,data_2000_4_1.5_chordal,val_epoch_task,val,cycle4,67,,,,,,,,,,2000,383.0,85.0,1524.0,8.0,0.8183760683760684,0.979539641943734,0.8917346000671387,0.8917346000671387,0.8917346000671387,391.0,0.19550000131130219
fedavg,fedavg,504|859,504|859,1,859,data_2000_4_1.5_chordal,val_epoch_task,val,cycle5,67,,,,,,,,,,2000,204.0,92.0,1672.0,32.0,0.6891891891891891,0.864406779661017,0.7669172286987305,0.7669172286987305,0.7669172286987305,236.0,0.11800000071525574
fedavg,fedavg,504|859,504|859,1,859,data_2000_4_1.5_chordal,val_epoch_task,val,cycle6,67,,,,,,,,,,2000,66.0,85.0,1787.0,62.0,0.4370860927152318,0.515625,0.47311827540397644,0.47311827540397644,0.47311827540397644,128.0,0.06400000303983688
fedavg,fedavg,504|859,504|859,1,504,data_2000_3_11_chordal,global_val_client,val,,67,,,0.36517122481763364,0.9745,0.8920000195503235,0.8370607028753992,0.852170467376709,0.852170467376709,0.852170467376709,2000,,,,,,,,,,,
fedavg,fedavg,504|859,504|859,1,504,data_2000_3_11_chordal,global_val_client_task,val,cycle2,67,,,,,,,,,,2000,82.0,7.0,1911.0,0.0,0.9213483146067416,1.0,0.9590643644332886,0.9590643644332886,0.9590643644332886,82.0,0.04100000113248825
fedavg,fedavg,504|859,504|859,1,504,data_2000_3_11_chordal,global_val_client_task,val,cycle3,67,,,,,,,,,,2000,128.0,30.0,1842.0,0.0,0.810126582278481,1.0,0.8951049447059631,0.8951049447059631,0.8951049447059631,128.0,0.06400000303983688
fedavg,fedavg,504|859,504|859,1,504,data_2000_3_11_chordal,global_val_client_task,val,cycle4,67,,,,,,,,,,2000,155.0,20.0,1823.0,2.0,0.8857142857142857,0.9872611464968153,0.9337349534034729,0.9337349534034729,0.9337349534034729,157.0,0.07850000262260437
fedavg,fedavg,504|859,504|859,1,504,data_2000_3_11_chordal,global_val_client_task,val,cycle5,67,,,,,,,,,,2000,183.0,49.0,1764.0,4.0,0.7887931034482759,0.9786096256684492,0.8735083937644958,0.8735083937644958,0.8735083937644958,187.0,0.09350000321865082
fedavg,fedavg,504|859,504|859,1,504,data_2000_3_11_chordal,global_val_client_task,val,cycle6,67,,,,,,,,,,2000,107.0,67.0,1750.0,76.0,0.6149425287356322,0.5846994535519126,0.5994398593902588,0.5994398593902588,0.5994398593902588,183.0,0.09149999916553497
fedavg,fedavg,504|859,504|859,1,859,data_2000_4_1.5_chordal,global_val_client,val,,67,,,0.47259649872779846,0.9376,0.7749999761581421,0.8774548311076197,0.7755402326583862,0.7755402326583862,0.7755402326583862,2000,,,,,,,,,,,
fedavg,fedavg,504|859,504|859,1,859,data_2000_4_1.5_chordal,global_val_client_task,val,cycle2,67,,,,,,,,,,2000,862.0,6.0,1132.0,0.0,0.9930875576036866,1.0,0.9965317845344543,0.9965317845344543,0.9965317845344543,862.0,0.4309999942779541
fedavg,fedavg,504|859,504|859,1,859,data_2000_4_1.5_chordal,global_val_client_task,val,cycle3,67,,,,,,,,,,2000,691.0,20.0,1289.0,0.0,0.9718706047819972,1.0,0.9857346415519714,0.9857346415519714,0.9857346415519714,691.0,0.34549999237060547
fedavg,fedavg,504|859,504|859,1,859,data_2000_4_1.5_chordal,global_val_client_task,val,cycle4,67,,,,,,,,,,2000,389.0,156.0,1453.0,2.0,0.7137614678899082,0.9948849104859335,0.8311966061592102,0.8311966061592102,0.8311966061592102,391.0,0.19550000131130219
fedavg,fedavg,504|859,504|859,1,859,data_2000_4_1.5_chordal,global_val_client_task,val,cycle5,67,,,,,,,,,,2000,219.0,192.0,1572.0,17.0,0.5328467153284672,0.9279661016949152,0.6769706010818481,0.6769706010818481,0.6769706010818481,236.0,0.11800000071525574
fedavg,fedavg,504|859,504|859,1,859,data_2000_4_1.5_chordal,global_val_client_task,val,cycle6,67,,,,,,,,,,2000,73.0,176.0,1696.0,55.0,0.2931726907630522,0.5703125,0.3872678875923157,0.3872678875923157,0.3872678875923157,128.0,0.06400000303983688
fedavg,fedavg,504|859,504|859,1,all,all,global_val_mean,val,,67,,,0.418883861772716,0.95605,0.8334999978542328,0.8572577669915095,0.8138553500175476,0.8138553500175476,0.8138553500175476,4000,,,,,,,,,,,
fedavg,fedavg,504|859,504|859,1,504,data_2000_3_11_chordal,train_epoch,train,,68,1.0,0.06520553100295365,,,,,,,,2000,,,,,,,,,,,
fedavg,fedavg,504|859,504|859,1,504,data_2000_3_11_chordal,train_epoch,train,,68,2.0,0.08370608881860972,,,,,,,,2000,,,,,,,,,,,
fedavg,fedavg,504|859,504|859,1,504,data_2000_3_11_chordal,train_epoch,train,,68,3.0,0.0646299251858145,,,,,,,,2000,,,,,,,,,,,
fedavg,fedavg,504|859,504|859,1,504,data_2000_3_11_chordal,train_epoch,train,,68,4.0,0.061951832495629786,,,,,,,,2000,,,,,,,,,,,
fedavg,fedavg,504|859,504|859,1,504,data_2000_3_11_chordal,train_epoch,train,,68,5.0,0.06544768183678389,,,,,,,,2000,,,,,,,,,,,
fedavg,fedavg,504|859,504|859,1,504,data_2000_3_11_chordal,train_epoch,train,,68,6.0,0.06652764546871186,,,,,,,,2000,,,,,,,,,,,
fedavg,fedavg,504|859,504|859,1,504,data_2000_3_11_chordal,train_epoch,train,,68,7.0,0.0628325449898839,,,,,,,,2000,,,,,,,,,,,
fedavg,fedavg,504|859,504|859,1,504,data_2000_3_11_chordal,train_epoch,train,,68,8.0,0.07387135097198189,,,,,,,,2000,,,,,,,,,,,
fedavg,fedavg,504|859,504|859,1,504,data_2000_3_11_chordal,train_epoch,train,,68,9.0,0.06622682273387909,,,,,,,,2000,,,,,,,,,,,
fedavg,fedavg,504|859,504|859,1,504,data_2000_3_11_chordal,train_epoch,train,,68,10.0,0.05627076961100101,,,,,,,,2000,,,,,,,,,,,
fedavg,fedavg,504|859,504|859,1,504,data_2000_3_11_chordal,val_epoch,val,,68,,,0.486920661687851,0.9796,0.9110000133514404,0.8634538152610441,0.8818042874336243,0.8818042874336243,0.8818042874336243,2000,,,,,,,,,,,
fedavg,fedavg,504|859,504|859,1,504,data_2000_3_11_chordal,val_epoch_task,val,cycle2,68,,,,,,,,,,2000,82.0,6.0,1912.0,0.0,0.9318181818181818,1.0,0.9647058844566345,0.9647058844566345,0.9647058844566345,82.0,0.04100000113248825
fedavg,fedavg,504|859,504|859,1,504,data_2000_3_11_chordal,val_epoch_task,val,cycle3,68,,,,,,,,,,2000,128.0,7.0,1865.0,0.0,0.9481481481481482,1.0,0.9733840227127075,0.9733840227127075,0.9733840227127075,128.0,0.06400000303983688
fedavg,fedavg,504|859,504|859,1,504,data_2000_3_11_chordal,val_epoch_task,val,cycle4,68,,,,,,,,,,2000,151.0,14.0,1829.0,6.0,0.9151515151515152,0.9617834394904459,0.9378882050514221,0.9378882050514221,0.9378882050514221,157.0,0.07850000262260437
fedavg,fedavg,504|859,504|859,1,504,data_2000_3_11_chordal,val_epoch_task,val,cycle5,68,,,,,,,,,,2000,162.0,29.0,1784.0,25.0,0.8481675392670157,0.8663101604278075,0.8571428656578064,0.8571428656578064,0.8571428656578064,187.0,0.09350000321865082
fedavg,fedavg,504|859,504|859,1,504,data_2000_3_11_chordal,val_epoch_task,val,cycle6,68,,,,,,,,,,2000,122.0,56.0,1761.0,61.0,0.6853932584269663,0.6666666666666666,0.6759002804756165,0.6759002804756165,0.6759002804756165,183.0,0.09149999916553497
fedavg,fedavg,504|859,504|859,1,859,data_2000_4_1.5_chordal,train_epoch,train,,68,1.0,0.06262597824633122,,,,,,,,2000,,,,,,,,,,,
fedavg,fedavg,504|859,504|859,1,859,data_2000_4_1.5_chordal,train_epoch,train,,68,2.0,0.06351170732080937,,,,,,,,2000,,,,,,,,,,,
fedavg,fedavg,504|859,504|859,1,859,data_2000_4_1.5_chordal,train_epoch,train,,68,3.0,0.07752847443521023,,,,,,,,2000,,,,,,,,,,,
fedavg,fedavg,504|859,504|859,1,859,data_2000_4_1.5_chordal,train_epoch,train,,68,4.0,0.06031506857275963,,,,,,,,2000,,,,,,,,,,,
fedavg,fedavg,504|859,504|859,1,859,data_2000_4_1.5_chordal,train_epoch,train,,68,5.0,0.05698441991209984,,,,,,,,2000,,,,,,,,,,,
fedavg,fedavg,504|859,504|859,1,859,data_2000_4_1.5_chordal,train_epoch,train,,68,6.0,0.07510201480612158,,,,,,,,2000,,,,,,,,,,,
fedavg,fedavg,504|859,504|859,1,859,data_2000_4_1.5_chordal,train_epoch,train,,68,7.0,0.05185358336940408,,,,,,,,2000,,,,,,,,,,,
fedavg,fedavg,504|859,504|859,1,859,data_2000_4_1.5_chordal,train_epoch,train,,68,8.0,0.066955779671669,,,,,,,,2000,,,,,,,,,,,
fedavg,fedavg,504|859,504|859,1,859,data_2000_4_1.5_chordal,train_epoch,train,,68,9.0,0.0496368850171566,,,,,,,,2000,,,,,,,,,,,
fedavg,fedavg,504|859,504|859,1,859,data_2000_4_1.5_chordal,train_epoch,train,,68,10.0,0.06700961346179247,,,,,,,,2000,,,,,,,,,,,
fedavg,fedavg,504|859,504|859,1,859,data_2000_4_1.5_chordal,val_epoch,val,,68,,,0.7772158874869347,0.9664,0.8690000176429749,0.9282051282051281,0.8204137086868286,0.8204137086868286,0.8204137086868286,2000,,,,,,,,,,,
fedavg,fedavg,504|859,504|859,1,859,data_2000_4_1.5_chordal,val_epoch_task,val,cycle2,68,,,,,,,,,,2000,862.0,1.0,1137.0,0.0,0.9988412514484357,1.0,0.9994202256202698,0.9994202256202698,0.9994202256202698,862.0,0.4309999942779541
fedavg,fedavg,504|859,504|859,1,859,data_2000_4_1.5_chordal,val_epoch_task,val,cycle3,68,,,,,,,,,,2000,691.0,16.0,1293.0,0.0,0.9773691654879774,1.0,0.9885550737380981,0.9885550737380981,0.9885550737380981,691.0,0.34549999237060547
fedavg,fedavg,504|859,504|859,1,859,data_2000_4_1.5_chordal,val_epoch_task,val,cycle4,68,,,,,,,,,,2000,364.0,34.0,1575.0,27.0,0.914572864321608,0.9309462915601023,0.9226869940757751,0.9226869940757751,0.9226869940757751,391.0,0.19550000131130219
fedavg,fedavg,504|859,504|859,1,859,data_2000_4_1.5_chordal,val_epoch_task,val,cycle5,68,,,,,,,,,,2000,205.0,71.0,1693.0,31.0,0.7427536231884058,0.8686440677966102,0.8007811903953552,0.8007811903953552,0.8007811903953552,236.0,0.11800000071525574
fedavg,fedavg,504|859,504|859,1,859,data_2000_4_1.5_chordal,val_epoch_task,val,cycle6,68,,,,,,,,,,2000,50.0,78.0,1794.0,78.0,0.390625,0.390625,0.390625,0.390625,0.390625,128.0,0.06400000303983688
fedavg,fedavg,504|859,504|859,1,504,data_2000_3_11_chordal,global_val_client,val,,68,,,0.6170756007432938,0.9772,0.9035000205039978,0.8427586206896551,0.8464061617851257,0.8464061617851257,0.8464061617851257,2000,,,,,,,,,,,
fedavg,fedavg,504|859,504|859,1,504,data_2000_3_11_chordal,global_val_client_task,val,cycle2,68,,,,,,,,,,2000,82.0,8.0,1910.0,0.0,0.9111111111111111,1.0,0.9534883499145508,0.9534883499145508,0.9534883499145508,82.0,0.04100000113248825
fedavg,fedavg,504|859,504|859,1,504,data_2000_3_11_chordal,global_val_client_task,val,cycle3,68,,,,,,,,,,2000,128.0,12.0,1860.0,0.0,0.9142857142857143,1.0,0.9552239179611206,0.9552239179611206,0.9552239179611206,128.0,0.06400000303983688
fedavg,fedavg,504|859,504|859,1,504,data_2000_3_11_chordal,global_val_client_task,val,cycle4,68,,,,,,,,,,2000,151.0,13.0,1830.0,6.0,0.9207317073170732,0.9617834394904459,0.940809965133667,0.940809965133667,0.940809965133667,157.0,0.07850000262260437
fedavg,fedavg,504|859,504|859,1,504,data_2000_3_11_chordal,global_val_client_task,val,cycle5,68,,,,,,,,,,2000,181.0,32.0,1781.0,6.0,0.8497652582159625,0.9679144385026738,0.9050000309944153,0.9050000309944153,0.9050000309944153,187.0,0.09350000321865082
fedavg,fedavg,504|859,504|859,1,504,data_2000_3_11_chordal,global_val_client_task,val,cycle6,68,,,,,,,,,,2000,69.0,37.0,1780.0,114.0,0.6509433962264151,0.3770491803278688,0.47750863432884216,0.47750863432884216,0.47750863432884216,183.0,0.09149999916553497
fedavg,fedavg,504|859,504|859,1,859,data_2000_4_1.5_chordal,global_val_client,val,,68,,,0.6498073658943176,0.961,0.8460000157356262,0.9183758894935119,0.8103593587875366,0.8103593587875366,0.8103593587875366,2000,,,,,,,,,,,
fedavg,fedavg,504|859,504|859,1,859,data_2000_4_1.5_chordal,global_val_client_task,val,cycle2,68,,,,,,,,,,2000,862.0,7.0,1131.0,0.0,0.9919447640966629,1.0,0.9959561228752136,0.9959561228752136,0.9959561228752136,862.0,0.4309999942779541
fedavg,fedavg,504|859,504|859,1,859,data_2000_4_1.5_chordal,global_val_client_task,val,cycle3,68,,,,,,,,,,2000,691.0,16.0,1293.0,0.0,0.9773691654879774,1.0,0.9885550737380981,0.9885550737380981,0.9885550737380981,691.0,0.34549999237060547
fedavg,fedavg,504|859,504|859,1,859,data_2000_4_1.5_chordal,global_val_client_task,val,cycle4,68,,,,,,,,,,2000,378.0,48.0,1561.0,13.0,0.8873239436619719,0.9667519181585678,0.9253365397453308,0.9253365397453308,0.9253365397453308,391.0,0.19550000131130219
fedavg,fedavg,504|859,504|859,1,859,data_2000_4_1.5_chordal,global_val_client_task,val,cycle5,68,,,,,,,,,,2000,210.0,89.0,1675.0,26.0,0.7023411371237458,0.8898305084745762,0.7850467562675476,0.7850467562675476,0.7850467562675476,236.0,0.11800000071525574
fedavg,fedavg,504|859,504|859,1,859,data_2000_4_1.5_chordal,global_val_client_task,val,cycle6,68,,,,,,,,,,2000,53.0,116.0,1756.0,75.0,0.3136094674556213,0.4140625,0.3569023609161377,0.3569023609161377,0.3569023609161377,128.0,0.06400000303983688
fedavg,fedavg,504|859,504|859,1,all,all,global_val_mean,val,,68,,,0.6334414833188057,0.9691,0.874750018119812,0.8805672550915835,0.8283827602863312,0.8283827602863312,0.8283827602863312,4000,,,,,,,,,,,
fedavg,fedavg,504|859,504|859,1,504,data_2000_3_11_chordal,train_epoch,train,,69,1.0,0.049121270105242726,,,,,,,,2000,,,,,,,,,,,
fedavg,fedavg,504|859,504|859,1,504,data_2000_3_11_chordal,train_epoch,train,,69,2.0,0.09732371262088418,,,,,,,,2000,,,,,,,,,,,
fedavg,fedavg,504|859,504|859,1,504,data_2000_3_11_chordal,train_epoch,train,,69,3.0,0.07404173004627228,,,,,,,,2000,,,,,,,,,,,
fedavg,fedavg,504|859,504|859,1,504,data_2000_3_11_chordal,train_epoch,train,,69,4.0,0.06999999612569809,,,,,,,,2000,,,,,,,,,,,
fedavg,fedavg,504|859,504|859,1,504,data_2000_3_11_chordal,train_epoch,train,,69,5.0,0.06399631107598543,,,,,,,,2000,,,,,,,,,,,
fedavg,fedavg,504|859,504|859,1,504,data_2000_3_11_chordal,train_epoch,train,,69,6.0,0.05667844594269991,,,,,,,,2000,,,,,,,,,,,
fedavg,fedavg,504|859,504|859,1,504,data_2000_3_11_chordal,train_epoch,train,,69,7.0,0.06405494694970548,,,,,,,,2000,,,,,,,,,,,
fedavg,fedavg,504|859,504|859,1,504,data_2000_3_11_chordal,train_epoch,train,,69,8.0,0.06467320394841954,,,,,,,,2000,,,,,,,,,,,
fedavg,fedavg,504|859,504|859,1,504,data_2000_3_11_chordal,train_epoch,train,,69,9.0,0.09095517782494426,,,,,,,,2000,,,,,,,,,,,
fedavg,fedavg,504|859,504|859,1,504,data_2000_3_11_chordal,train_epoch,train,,69,10.0,0.06683441314660013,,,,,,,,2000,,,,,,,,,,,
fedavg,fedavg,504|859,504|859,1,504,data_2000_3_11_chordal,val_epoch,val,,69,,,0.4149572807326913,0.9679,0.8784999847412109,0.7989981214777707,0.8192594647407532,0.8192594647407532,0.8192594647407532,2000,,,,,,,,,,,
fedavg,fedavg,504|859,504|859,1,504,data_2000_3_11_chordal,val_epoch_task,val,cycle2,69,,,,,,,,,,2000,82.0,11.0,1907.0,0.0,0.8817204301075269,1.0,0.9371428489685059,0.9371428489685059,0.9371428489685059,82.0,0.04100000113248825
fedavg,fedavg,504|859,504|859,1,504,data_2000_3_11_chordal,val_epoch_task,val,cycle3,69,,,,,,,,,,2000,128.0,27.0,1845.0,0.0,0.8258064516129032,1.0,0.9045936465263367,0.9045936465263367,0.9045936465263367,128.0,0.06400000303983688
fedavg,fedavg,504|859,504|859,1,504,data_2000_3_11_chordal,val_epoch_task,val,cycle4,69,,,,,,,,,,2000,152.0,33.0,1810.0,5.0,0.8216216216216217,0.9681528662420382,0.888888955116272,0.888888955116272,0.888888955116272,157.0,0.07850000262260437
fedavg,fedavg,504|859,504|859,1,504,data_2000_3_11_chordal,val_epoch_task,val,cycle5,69,,,,,,,,,,2000,178.0,58.0,1755.0,9.0,0.7542372881355932,0.9518716577540107,0.8416075706481934,0.8416075706481934,0.8416075706481934,187.0,0.09350000321865082
fedavg,fedavg,504|859,504|859,1,504,data_2000_3_11_chordal,val_epoch_task,val,cycle6,69,,,,,,,,,,2000,98.0,93.0,1724.0,85.0,0.5130890052356021,0.5355191256830601,0.5240641832351685,0.5240641832351685,0.5240641832351685,183.0,0.09149999916553497
fedavg,fedavg,504|859,504|859,1,859,data_2000_4_1.5_chordal,train_epoch,train,,69,1.0,0.06713486103713512,,,,,,,,2000,,,,,,,,,,,
fedavg,fedavg,504|859,504|859,1,859,data_2000_4_1.5_chordal,train_epoch,train,,69,2.0,0.06681500466912985,,,,,,,,2000,,,,,,,,,,,
fedavg,fedavg,504|859,504|859,1,859,data_2000_4_1.5_chordal,train_epoch,train,,69,3.0,0.0459555454775691,,,,,,,,2000,,,,,,,,,,,
fedavg,fedavg,504|859,504|859,1,859,data_2000_4_1.5_chordal,train_epoch,train,,69,4.0,0.04458658749237657,,,,,,,,2000,,,,,,,,,,,
fedavg,fedavg,504|859,504|859,1,859,data_2000_4_1.5_chordal,train_epoch,train,,69,5.0,0.05246745708584785,,,,,,,,2000,,,,,,,,,,,
fedavg,fedavg,504|859,504|859,1,859,data_2000_4_1.5_chordal,train_epoch,train,,69,6.0,0.08868991564214229,,,,,,,,2000,,,,,,,,,,,
fedavg,fedavg,504|859,504|859,1,859,data_2000_4_1.5_chordal,train_epoch,train,,69,7.0,0.08435220423340797,,,,,,,,2000,,,,,,,,,,,
fedavg,fedavg,504|859,504|859,1,859,data_2000_4_1.5_chordal,train_epoch,train,,69,8.0,0.07649674899876117,,,,,,,,2000,,,,,,,,,,,
fedavg,fedavg,504|859,504|859,1,859,data_2000_4_1.5_chordal,train_epoch,train,,69,9.0,0.05300589548051357,,,,,,,,2000,,,,,,,,,,,
fedavg,fedavg,504|859,504|859,1,859,data_2000_4_1.5_chordal,train_epoch,train,,69,10.0,0.06462545358017087,,,,,,,,2000,,,,,,,,,,,
fedavg,fedavg,504|859,504|859,1,859,data_2000_4_1.5_chordal,val_epoch,val,,69,,,1.3007009811401367,0.9683,0.8755000233650208,0.9296961632290972,0.7963746786117554,0.7963746786117554,0.7963746786117554,2000,,,,,,,,,,,
fedavg,fedavg,504|859,504|859,1,859,data_2000_4_1.5_chordal,val_epoch_task,val,cycle2,69,,,,,,,,,,2000,862.0,6.0,1132.0,0.0,0.9930875576036866,1.0,0.9965317845344543,0.9965317845344543,0.9965317845344543,862.0,0.4309999942779541
fedavg,fedavg,504|859,504|859,1,859,data_2000_4_1.5_chordal,val_epoch_task,val,cycle3,69,,,,,,,,,,2000,680.0,10.0,1299.0,11.0,0.9855072463768116,0.984081041968162,0.9847936630249023,0.9847936630249023,0.9847936630249023,691.0,0.34549999237060547
fedavg,fedavg,504|859,504|859,1,859,data_2000_4_1.5_chordal,val_epoch_task,val,cycle4,69,,,,,,,,,,2000,352.0,23.0,1586.0,39.0,0.9386666666666666,0.9002557544757033,0.9190600514411926,0.9190600514411926,0.9190600514411926,391.0,0.19550000131130219
fedavg,fedavg,504|859,504|859,1,859,data_2000_4_1.5_chordal,val_epoch_task,val,cycle5,69,,,,,,,,,,2000,174.0,35.0,1729.0,62.0,0.8325358851674641,0.7372881355932204,0.7820224761962891,0.7820224761962891,0.7820224761962891,236.0,0.11800000071525574
fedavg,fedavg,504|859,504|859,1,859,data_2000_4_1.5_chordal,val_epoch_task,val,cycle6,69,,,,,,,,,,2000,28.0,31.0,1841.0,100.0,0.4745762711864407,0.21875,0.29946526885032654,0.29946526885032654,0.29946526885032654,128.0,0.06400000303983688
fedavg,fedavg,504|859,504|859,1,504,data_2000_3_11_chordal,global_val_client,val,,69,,,0.5902502801865339,0.9747,0.8949999809265137,0.8287068381855112,0.8324788808822632,0.8324788808822632,0.8324788808822632,2000,,,,,,,,,,,
fedavg,fedavg,504|859,504|859,1,504,data_2000_3_11_chordal,global_val_client_task,val,cycle2,69,,,,,,,,,,2000,82.0,7.0,1911.0,0.0,0.9213483146067416,1.0,0.9590643644332886,0.9590643644332886,0.9590643644332886,82.0,0.04100000113248825
fedavg,fedavg,504|859,504|859,1,504,data_2000_3_11_chordal,global_val_client_task,val,cycle3,69,,,,,,,,,,2000,127.0,14.0,1858.0,1.0,0.900709219858156,0.9921875,0.9442379474639893,0.9442379474639893,0.9442379474639893,128.0,0.06400000303983688
fedavg,fedavg,504|859,504|859,1,504,data_2000_3_11_chordal,global_val_client_task,val,cycle4,69,,,,,,,,,,2000,155.0,24.0,1819.0,2.0,0.8659217877094972,0.9872611464968153,0.9226189851760864,0.9226189851760864,0.9226189851760864,157.0,0.07850000262260437
fedavg,fedavg,504|859,504|859,1,504,data_2000_3_11_chordal,global_val_client_task,val,cycle5,69,,,,,,,,,,2000,183.0,45.0,1768.0,4.0,0.8026315789473685,0.9786096256684492,0.8819277286529541,0.8819277286529541,0.8819277286529541,187.0,0.09350000321865082
fedavg,fedavg,504|859,504|859,1,504,data_2000_3_11_chordal,global_val_client_task,val,cycle6,69,,,,,,,,,,2000,65.0,38.0,1779.0,118.0,0.6310679611650486,0.3551912568306011,0.45454543828964233,0.45454543828964233,0.45454543828964233,183.0,0.09149999916553497
fedavg,fedavg,504|859,504|859,1,859,data_2000_4_1.5_chordal,global_val_client,val,,69,,,0.6086009114384651,0.9528,0.8220000267028809,0.9037912759885854,0.7934421300888062,0.7934421300888062,0.7934421300888062,2000,,,,,,,,,,,
fedavg,fedavg,504|859,504|859,1,859,data_2000_4_1.5_chordal,global_val_client_task,val,cycle2,69,,,,,,,,,,2000,862.0,3.0,1135.0,0.0,0.9965317919075144,1.0,0.998262882232666,0.998262882232666,0.998262882232666,862.0,0.4309999942779541
fedavg,fedavg,504|859,504|859,1,859,data_2000_4_1.5_chordal,global_val_client_task,val,cycle3,69,,,,,,,,,,2000,691.0,20.0,1289.0,0.0,0.9718706047819972,1.0,0.9857346415519714,0.9857346415519714,0.9857346415519714,691.0,0.34549999237060547
fedavg,fedavg,504|859,504|859,1,859,data_2000_4_1.5_chordal,global_val_client_task,val,cycle4,69,,,,,,,,,,2000,386.0,63.0,1546.0,5.0,0.8596881959910914,0.9872122762148338,0.9190477132797241,0.9190477132797241,0.9190477132797241,391.0,0.19550000131130219
fedavg,fedavg,504|859,504|859,1,859,data_2000_4_1.5_chordal,global_val_client_task,val,cycle5,69,,,,,,,,,,2000,224.0,153.0,1611.0,12.0,0.5941644562334217,0.9491525423728814,0.7308319807052612,0.7308319807052612,0.7308319807052612,236.0,0.11800000071525574
fedavg,fedavg,504|859,504|859,1,859,data_2000_4_1.5_chordal,global_val_client_task,val,cycle6,69,,,,,,,,,,2000,54.0,142.0,1730.0,74.0,0.2755102040816326,0.421875,0.3333333134651184,0.3333333134651184,0.3333333134651184,128.0,0.06400000303983688
fedavg,fedavg,504|859,504|859,1,all,all,global_val_mean,val,,69,,,0.5994255958124995,0.96375,0.8585000038146973,0.8662490570870482,0.8129605054855347,0.8129605054855347,0.8129605054855347,4000,,,,,,,,,,,
fedavg,fedavg,504|859,504|859,1,504,data_2000_3_11_chordal,train_epoch,train,,70,1.0,0.08567596722580492,,,,,,,,2000,,,,,,,,,,,
fedavg,fedavg,504|859,504|859,1,504,data_2000_3_11_chordal,train_epoch,train,,70,2.0,0.08178528537973762,,,,,,,,2000,,,,,,,,,,,
fedavg,fedavg,504|859,504|859,1,504,data_2000_3_11_chordal,train_epoch,train,,70,3.0,0.06556611601402983,,,,,,,,2000,,,,,,,,,,,
fedavg,fedavg,504|859,504|859,1,504,data_2000_3_11_chordal,train_epoch,train,,70,4.0,0.07634751741960645,,,,,,,,2000,,,,,,,,,,,
fedavg,fedavg,504|859,504|859,1,504,data_2000_3_11_chordal,train_epoch,train,,70,5.0,0.05689706990215927,,,,,,,,2000,,,,,,,,,,,
fedavg,fedavg,504|859,504|859,1,504,data_2000_3_11_chordal,train_epoch,train,,70,6.0,0.07860977653600275,,,,,,,,2000,,,,,,,,,,,
fedavg,fedavg,504|859,504|859,1,504,data_2000_3_11_chordal,train_epoch,train,,70,7.0,0.060719179384410384,,,,,,,,2000,,,,,,,,,,,
fedavg,fedavg,504|859,504|859,1,504,data_2000_3_11_chordal,train_epoch,train,,70,8.0,0.0675152905061841,,,,,,,,2000,,,,,,,,,,,
fedavg,fedavg,504|859,504|859,1,504,data_2000_3_11_chordal,train_epoch,train,,70,9.0,0.05159397344850004,,,,,,,,2000,,,,,,,,,,,
fedavg,fedavg,504|859,504|859,1,504,data_2000_3_11_chordal,train_epoch,train,,70,10.0,0.05263607713580132,,,,,,,,2000,,,,,,,,,,,
fedavg,fedavg,504|859,504|859,1,504,data_2000_3_11_chordal,val_epoch,val,,70,,,0.4743873391151428,0.9754,0.8949999809265137,0.8379446640316205,0.8581522703170776,0.8581522703170776,0.8581522703170776,2000,,,,,,,,,,,
fedavg,fedavg,504|859,504|859,1,504,data_2000_3_11_chordal,val_epoch_task,val,cycle2,70,,,,,,,,,,2000,82.0,5.0,1913.0,0.0,0.9425287356321839,1.0,0.9704142212867737,0.9704142212867737,0.9704142212867737,82.0,0.04100000113248825
fedavg,fedavg,504|859,504|859,1,504,data_2000_3_11_chordal,val_epoch_task,val,cycle3,70,,,,,,,,,,2000,126.0,11.0,1861.0,2.0,0.9197080291970803,0.984375,0.9509434103965759,0.9509434103965759,0.9509434103965759,128.0,0.06400000303983688
fedavg,fedavg,504|859,504|859,1,504,data_2000_3_11_chordal,val_epoch_task,val,cycle4,70,,,,,,,,,,2000,153.0,17.0,1826.0,4.0,0.9,0.9745222929936306,0.935779869556427,0.935779869556427,0.935779869556427,157.0,0.07850000262260437
fedavg,fedavg,504|859,504|859,1,504,data_2000_3_11_chordal,val_epoch_task,val,cycle5,70,,,,,,,,,,2000,174.0,43.0,1770.0,13.0,0.8018433179723502,0.93048128342246,0.8613861203193665,0.8613861203193665,0.8613861203193665,187.0,0.09350000321865082
fedavg,fedavg,504|859,504|859,1,504,data_2000_3_11_chordal,val_epoch_task,val,cycle6,70,,,,,,,,,,2000,101.0,69.0,1748.0,82.0,0.5941176470588235,0.5519125683060109,0.5722379088401794,0.5722379088401794,0.5722379088401794,183.0,0.09149999916553497
fedavg,fedavg,504|859,504|859,1,859,data_2000_4_1.5_chordal,train_epoch,train,,70,1.0,0.05752767078578472,,,,,,,,2000,,,,,,,,,,,
fedavg,fedavg,504|859,504|859,1,859,data_2000_4_1.5_chordal,train_epoch,train,,70,2.0,0.04435966112464666,,,,,,,,2000,,,,,,,,,,,
fedavg,fedavg,504|859,504|859,1,859,data_2000_4_1.5_chordal,train_epoch,train,,70,3.0,0.0554794400408864,,,,,,,,2000,,,,,,,,,,,
fedavg,fedavg,504|859,504|859,1,859,data_2000_4_1.5_chordal,train_epoch,train,,70,4.0,0.0654224069416523,,,,,,,,2000,,,,,,,,,,,
fedavg,fedavg,504|859,504|859,1,859,data_2000_4_1.5_chordal,train_epoch,train,,70,5.0,0.0774810563325882,,,,,,,,2000,,,,,,,,,,,
fedavg,fedavg,504|859,504|859,1,859,data_2000_4_1.5_chordal,train_epoch,train,,70,6.0,0.05514529202878475,,,,,,,,2000,,,,,,,,,,,
fedavg,fedavg,504|859,504|859,1,859,data_2000_4_1.5_chordal,train_epoch,train,,70,7.0,0.05543544486165047,,,,,,,,2000,,,,,,,,,,,
fedavg,fedavg,504|859,504|859,1,859,data_2000_4_1.5_chordal,train_epoch,train,,70,8.0,0.05708132843673229,,,,,,,,2000,,,,,,,,,,,
fedavg,fedavg,504|859,504|859,1,859,data_2000_4_1.5_chordal,train_epoch,train,,70,9.0,0.05436654428392649,,,,,,,,2000,,,,,,,,,,,
fedavg,fedavg,504|859,504|859,1,859,data_2000_4_1.5_chordal,train_epoch,train,,70,10.0,0.06855229038000107,,,,,,,,2000,,,,,,,,,,,
fedavg,fedavg,504|859,504|859,1,859,data_2000_4_1.5_chordal,val_epoch,val,,70,,,0.5293370440006256,0.9545,0.8339999914169312,0.907313098390711,0.8128617405891418,0.8128617405891418,0.8128617405891418,2000,,,,,,,,,,,
fedavg,fedavg,504|859,504|859,1,859,data_2000_4_1.5_chordal,val_epoch_task,val,cycle2,70,,,,,,,,,,2000,862.0,5.0,1133.0,0.0,0.994232987312572,1.0,0.9971081614494324,0.9971081614494324,0.9971081614494324,862.0,0.4309999942779541
fedavg,fedavg,504|859,504|859,1,859,data_2000_4_1.5_chordal,val_epoch_task,val,cycle3,70,,,,,,,,,,2000,689.0,16.0,1293.0,2.0,0.9773049645390071,0.9971056439942113,0.9871060252189636,0.9871060252189636,0.9871060252189636,691.0,0.34549999237060547
fedavg,fedavg,504|859,504|859,1,859,data_2000_4_1.5_chordal,val_epoch_task,val,cycle4,70,,,,,,,,,,2000,386.0,71.0,1538.0,5.0,0.8446389496717724,0.9872122762148338,0.9103773236274719,0.9103773236274719,0.9103773236274719,391.0,0.19550000131130219
fedavg,fedavg,504|859,504|859,1,859,data_2000_4_1.5_chordal,val_epoch_task,val,cycle5,70,,,,,,,,,,2000,212.0,125.0,1639.0,24.0,0.629080118694362,0.8983050847457628,0.7399650812149048,0.7399650812149048,0.7399650812149048,236.0,0.11800000071525574
fedavg,fedavg,504|859,504|859,1,859,data_2000_4_1.5_chordal,val_epoch_task,val,cycle6,70,,,,,,,,,,2000,78.0,157.0,1715.0,50.0,0.33191489361702126,0.609375,0.42975208163261414,0.42975208163261414,0.42975208163261414,128.0,0.06400000303983688
fedavg,fedavg,504|859,504|859,1,504,data_2000_3_11_chordal,global_val_client,val,,70,,,0.6404391784667969,0.9752,0.8985000252723694,0.8303693570451436,0.8315046429634094,0.8315046429634094,0.8315046429634094,2000,,,,,,,,,,,
fedavg,fedavg,504|859,504|859,1,504,data_2000_3_11_chordal,global_val_client_task,val,cycle2,70,,,,,,,,,,2000,82.0,11.0,1907.0,0.0,0.8817204301075269,1.0,0.9371428489685059,0.9371428489685059,0.9371428489685059,82.0,0.04100000113248825
fedavg,fedavg,504|859,504|859,1,504,data_2000_3_11_chordal,global_val_client_task,val,cycle3,70,,,,,,,,,,2000,128.0,11.0,1861.0,0.0,0.920863309352518,1.0,0.9588015079498291,0.9588015079498291,0.9588015079498291,128.0,0.06400000303983688
fedavg,fedavg,504|859,504|859,1,504,data_2000_3_11_chordal,global_val_client_task,val,cycle4,70,,,,,,,,,,2000,154.0,19.0,1824.0,3.0,0.8901734104046243,0.9808917197452229,0.9333333373069763,0.9333333373069763,0.9333333373069763,157.0,0.07850000262260437
fedavg,fedavg,504|859,504|859,1,504,data_2000_3_11_chordal,global_val_client_task,val,cycle5,70,,,,,,,,,,2000,181.0,38.0,1775.0,6.0,0.8264840182648402,0.9679144385026738,0.8916256427764893,0.8916256427764893,0.8916256427764893,187.0,0.09350000321865082
fedavg,fedavg,504|859,504|859,1,504,data_2000_3_11_chordal,global_val_client_task,val,cycle6,70,,,,,,,,,,2000,62.0,39.0,1778.0,121.0,0.6138613861386139,0.33879781420765026,0.43661972880363464,0.43661972880363464,0.43661972880363464,183.0,0.09149999916553497
fedavg,fedavg,504|859,504|859,1,859,data_2000_4_1.5_chordal,global_val_client,val,,70,,,0.5408365320563316,0.9469,0.8144999742507935,0.893480441323972,0.7919336557388306,0.7919336557388306,0.7919336557388306,2000,,,,,,,,,,,
fedavg,fedavg,504|859,504|859,1,859,data_2000_4_1.5_chordal,global_val_client_task,val,cycle2,70,,,,,,,,,,2000,862.0,6.0,1132.0,0.0,0.9930875576036866,1.0,0.9965317845344543,0.9965317845344543,0.9965317845344543,862.0,0.4309999942779541
fedavg,fedavg,504|859,504|859,1,859,data_2000_4_1.5_chordal,global_val_client_task,val,cycle3,70,,,,,,,,,,2000,690.0,20.0,1289.0,1.0,0.971830985915493,0.9985528219971056,0.9850106835365295,0.9850106835365295,0.9850106835365295,691.0,0.34549999237060547
fedavg,fedavg,504|859,504|859,1,859,data_2000_4_1.5_chordal,global_val_client_task,val,cycle4,70,,,,,,,,,,2000,388.0,101.0,1508.0,3.0,0.7934560327198364,0.9923273657289002,0.8818181753158569,0.8818181753158569,0.8818181753158569,391.0,0.19550000131130219
fedavg,fedavg,504|859,504|859,1,859,data_2000_4_1.5_chordal,global_val_client_task,val,cycle5,70,,,,,,,,,,2000,217.0,181.0,1583.0,19.0,0.5452261306532663,0.9194915254237288,0.6845426559448242,0.6845426559448242,0.6845426559448242,236.0,0.11800000071525574
fedavg,fedavg,504|859,504|859,1,859,data_2000_4_1.5_chordal,global_val_client_task,val,cycle6,70,,,,,,,,,,2000,70.0,142.0,1730.0,58.0,0.330188679245283,0.546875,0.4117647111415863,0.4117647111415863,0.4117647111415863,128.0,0.06400000303983688
fedavg,fedavg,504|859,504|859,1,all,all,global_val_mean,val,,70,,,0.5906378552615642,0.96105,0.8564999997615814,0.8619248991845577,0.81171914935112,0.81171914935112,0.81171914935112,4000,,,,,,,,,,,
fedavg,fedavg,504|859,504|859,1,504,data_2000_3_11_chordal,train_epoch,train,,71,1.0,0.07660734151303768,,,,,,,,2000,,,,,,,,,,,
fedavg,fedavg,504|859,504|859,1,504,data_2000_3_11_chordal,train_epoch,train,,71,2.0,0.09005819657444954,,,,,,,,2000,,,,,,,,,,,
fedavg,fedavg,504|859,504|859,1,504,data_2000_3_11_chordal,train_epoch,train,,71,3.0,0.06065379096567631,,,,,,,,2000,,,,,,,,,,,
fedavg,fedavg,504|859,504|859,1,504,data_2000_3_11_chordal,train_epoch,train,,71,4.0,0.05673468284308911,,,,,,,,2000,,,,,,,,,,,
fedavg,fedavg,504|859,504|859,1,504,data_2000_3_11_chordal,train_epoch,train,,71,5.0,0.0744975750297308,,,,,,,,2000,,,,,,,,,,,
fedavg,fedavg,504|859,504|859,1,504,data_2000_3_11_chordal,train_epoch,train,,71,6.0,0.07715229724347591,,,,,,,,2000,,,,,,,,,,,
fedavg,fedavg,504|859,504|859,1,504,data_2000_3_11_chordal,train_epoch,train,,71,7.0,0.08764334729313851,,,,,,,,2000,,,,,,,,,,,
fedavg,fedavg,504|859,504|859,1,504,data_2000_3_11_chordal,train_epoch,train,,71,8.0,0.06797982770204544,,,,,,,,2000,,,,,,,,,,,
fedavg,fedavg,504|859,504|859,1,504,data_2000_3_11_chordal,train_epoch,train,,71,9.0,0.07562529581785202,,,,,,,,2000,,,,,,,,,,,
fedavg,fedavg,504|859,504|859,1,504,data_2000_3_11_chordal,train_epoch,train,,71,10.0,0.07623325534909964,,,,,,,,2000,,,,,,,,,,,
fedavg,fedavg,504|859,504|859,1,504,data_2000_3_11_chordal,val_epoch,val,,71,,,0.24292165648937225,0.9668,0.8604999780654907,0.8069767441860466,0.8389052152633667,0.8389052152633667,0.8389052152633667,2000,,,,,,,,,,,
fedavg,fedavg,504|859,504|859,1,504,data_2000_3_11_chordal,val_epoch_task,val,cycle2,71,,,,,,,,,,2000,82.0,13.0,1905.0,0.0,0.8631578947368421,1.0,0.9265536665916443,0.9265536665916443,0.9265536665916443,82.0,0.04100000113248825
fedavg,fedavg,504|859,504|859,1,504,data_2000_3_11_chordal,val_epoch_task,val,cycle3,71,,,,,,,,,,2000,128.0,13.0,1859.0,0.0,0.9078014184397163,1.0,0.9516728520393372,0.9516728520393372,0.9516728520393372,128.0,0.06400000303983688
fedavg,fedavg,504|859,504|859,1,504,data_2000_3_11_chordal,val_epoch_task,val,cycle4,71,,,,,,,,,,2000,155.0,46.0,1797.0,2.0,0.7711442786069652,0.9872611464968153,0.8659218549728394,0.8659218549728394,0.8659218549728394,157.0,0.07850000262260437
fedavg,fedavg,504|859,504|859,1,504,data_2000_3_11_chordal,val_epoch_task,val,cycle5,71,,,,,,,,,,2000,180.0,63.0,1750.0,7.0,0.7407407407407407,0.9625668449197861,0.8372092843055725,0.8372092843055725,0.8372092843055725,187.0,0.09350000321865082
fedavg,fedavg,504|859,504|859,1,504,data_2000_3_11_chordal,val_epoch_task,val,cycle6,71,,,,,,,,,,2000,149.0,154.0,1663.0,34.0,0.49174917491749176,0.8142076502732241,0.6131687164306641,0.6131687164306641,0.6131687164306641,183.0,0.09149999916553497
fedavg,fedavg,504|859,504|859,1,859,data_2000_4_1.5_chordal,train_epoch,train,,71,1.0,0.05918289203941822,,,,,,,,2000,,,,,,,,,,,
fedavg,fedavg,504|859,504|859,1,859,data_2000_4_1.5_chordal,train_epoch,train,,71,2.0,0.047984872087836264,,,,,,,,2000,,,,,,,,,,,
fedavg,fedavg,504|859,504|859,1,859,data_2000_4_1.5_chordal,train_epoch,train,,71,3.0,0.04224084197729826,,,,,,,,2000,,,,,,,,,,,
fedavg,fedavg,504|859,504|859,1,859,data_2000_4_1.5_chordal,train_epoch,train,,71,4.0,0.04666328875720501,,,,,,,,2000,,,,,,,,,,,
fedavg,fedavg,504|859,504|859,1,859,data_2000_4_1.5_chordal,train_epoch,train,,71,5.0,0.045288919739425185,,,,,,,,2000,,,,,,,,,,,
fedavg,fedavg,504|859,504|859,1,859,data_2000_4_1.5_chordal,train_epoch,train,,71,6.0,0.04912677499651909,,,,,,,,2000,,,,,,,,,,,
fedavg,fedavg,504|859,504|859,1,859,data_2000_4_1.5_chordal,train_epoch,train,,71,7.0,0.06011815690994263,,,,,,,,2000,,,,,,,,,,,
fedavg,fedavg,504|859,504|859,1,859,data_2000_4_1.5_chordal,train_epoch,train,,71,8.0,0.05413746246695519,,,,,,,,2000,,,,,,,,,,,
fedavg,fedavg,504|859,504|859,1,859,data_2000_4_1.5_chordal,train_epoch,train,,71,9.0,0.05834163160063326,,,,,,,,2000,,,,,,,,,,,
fedavg,fedavg,504|859,504|859,1,859,data_2000_4_1.5_chordal,train_epoch,train,,71,10.0,0.04539021967165172,,,,,,,,2000,,,,,,,,,,,
fedavg,fedavg,504|859,504|859,1,859,data_2000_4_1.5_chordal,val_epoch,val,,71,,,1.146153722345829,0.9696,0.8744999766349792,0.9342560553633219,0.8120129704475403,0.8120129704475403,0.8120129704475403,2000,,,,,,,,,,,
fedavg,fedavg,504|859,504|859,1,859,data_2000_4_1.5_chordal,val_epoch_task,val,cycle2,71,,,,,,,,,,2000,862.0,4.0,1134.0,0.0,0.9953810623556582,1.0,0.9976851344108582,0.9976851344108582,0.9976851344108582,862.0,0.4309999942779541
fedavg,fedavg,504|859,504|859,1,859,data_2000_4_1.5_chordal,val_epoch_task,val,cycle3,71,,,,,,,,,,2000,689.0,11.0,1298.0,2.0,0.9842857142857143,0.9971056439942113,0.9906541705131531,0.9906541705131531,0.9906541705131531,691.0,0.34549999237060547
fedavg,fedavg,504|859,504|859,1,859,data_2000_4_1.5_chordal,val_epoch_task,val,cycle4,71,,,,,,,,,,2000,371.0,30.0,1579.0,20.0,0.9251870324189526,0.948849104859335,0.9368687272071838,0.9368687272071838,0.9368687272071838,391.0,0.19550000131130219
fedavg,fedavg,504|859,504|859,1,859,data_2000_4_1.5_chordal,val_epoch_task,val,cycle5,71,,,,,,,,,,2000,204.0,68.0,1696.0,32.0,0.75,0.864406779661017,0.8031495809555054,0.8031495809555054,0.8031495809555054,236.0,0.11800000071525574
fedavg,fedavg,504|859,504|859,1,859,data_2000_4_1.5_chordal,val_epoch_task,val,cycle6,71,,,,,,,,,,2000,34.0,43.0,1829.0,94.0,0.44155844155844154,0.265625,0.33170729875564575,0.33170729875564575,0.33170729875564575,128.0,0.06400000303983688
fedavg,fedavg,504|859,504|859,1,504,data_2000_3_11_chordal,global_val_client,val,,71,,,0.501199153661728,0.9763,0.9035000205039978,0.8437705998681608,0.8557716608047485,0.8557716608047485,0.8557716608047485,2000,,,,,,,,,,,
fedavg,fedavg,504|859,504|859,1,504,data_2000_3_11_chordal,global_val_client_task,val,cycle2,71,,,,,,,,,,2000,82.0,5.0,1913.0,0.0,0.9425287356321839,1.0,0.9704142212867737,0.9704142212867737,0.9704142212867737,82.0,0.04100000113248825
fedavg,fedavg,504|859,504|859,1,504,data_2000_3_11_chordal,global_val_client_task,val,cycle3,71,,,,,,,,,,2000,128.0,17.0,1855.0,0.0,0.8827586206896552,1.0,0.9377289414405823,0.9377289414405823,0.9377289414405823,128.0,0.06400000303983688
fedavg,fedavg,504|859,504|859,1,504,data_2000_3_11_chordal,global_val_client_task,val,cycle4,71,,,,,,,,,,2000,157.0,28.0,1815.0,0.0,0.8486486486486486,1.0,0.9181286692619324,0.9181286692619324,0.9181286692619324,157.0,0.07850000262260437
fedavg,fedavg,504|859,504|859,1,504,data_2000_3_11_chordal,global_val_client_task,val,cycle5,71,,,,,,,,,,2000,181.0,42.0,1771.0,6.0,0.8116591928251121,0.9679144385026738,0.882926881313324,0.882926881313324,0.882926881313324,187.0,0.09350000321865082
fedavg,fedavg,504|859,504|859,1,504,data_2000_3_11_chordal,global_val_client_task,val,cycle6,71,,,,,,,,,,2000,92.0,48.0,1769.0,91.0,0.6571428571428571,0.5027322404371585,0.569659411907196,0.569659411907196,0.569659411907196,183.0,0.09149999916553497
fedavg,fedavg,504|859,504|859,1,859,data_2000_4_1.5_chordal,global_val_client,val,,71,,,0.7400234151482582,0.9605,0.8399999737739563,0.9173121205777685,0.8018690347671509,0.8018690347671509,0.8018690347671509,2000,,,,,,,,,,,
fedavg,fedavg,504|859,504|859,1,859,data_2000_4_1.5_chordal,global_val_client_task,val,cycle2,71,,,,,,,,,,2000,862.0,7.0,1131.0,0.0,0.9919447640966629,1.0,0.9959561228752136,0.9959561228752136,0.9959561228752136,862.0,0.4309999942779541
fedavg,fedavg,504|859,504|859,1,859,data_2000_4_1.5_chordal,global_val_client_task,val,cycle3,71,,,,,,,,,,2000,691.0,22.0,1287.0,0.0,0.9691444600280504,1.0,0.9843304753303528,0.9843304753303528,0.9843304753303528,691.0,0.34549999237060547
fedavg,fedavg,504|859,504|859,1,859,data_2000_4_1.5_chordal,global_val_client_task,val,cycle4,71,,,,,,,,,,2000,387.0,75.0,1534.0,4.0,0.8376623376623377,0.989769820971867,0.9073857069015503,0.9073857069015503,0.9073857069015503,391.0,0.19550000131130219
fedavg,fedavg,504|859,504|859,1,859,data_2000_4_1.5_chordal,global_val_client_task,val,cycle5,71,,,,,,,,,,2000,207.0,83.0,1681.0,29.0,0.7137931034482758,0.8771186440677966,0.7870722413063049,0.7870722413063049,0.7870722413063049,236.0,0.11800000071525574
fedavg,fedavg,504|859,504|859,1,859,data_2000_4_1.5_chordal,global_val_client_task,val,cycle6,71,,,,,,,,,,2000,44.0,91.0,1781.0,84.0,0.32592592592592595,0.34375,0.3346007466316223,0.3346007466316223,0.3346007466316223,128.0,0.06400000303983688
fedavg,fedavg,504|859,504|859,1,all,all,global_val_mean,val,,71,,,0.620611284404993,0.9683999999999999,0.871749997138977,0.8805413602229646,0.8288203477859497,0.8288203477859497,0.8288203477859497,4000,,,,,,,,,,,
fedavg,fedavg,504|859,504|859,1,504,data_2000_3_11_chordal,train_epoch,train,,72,1.0,0.07772663003765047,,,,,,,,2000,,,,,,,,,,,
fedavg,fedavg,504|859,504|859,1,504,data_2000_3_11_chordal,train_epoch,train,,72,2.0,0.07143213333189488,,,,,,,,2000,,,,,,,,,,,
fedavg,fedavg,504|859,504|859,1,504,data_2000_3_11_chordal,train_epoch,train,,72,3.0,0.0514081948697567,,,,,,,,2000,,,,,,,,,,,
fedavg,fedavg,504|859,504|859,1,504,data_2000_3_11_chordal,train_epoch,train,,72,4.0,0.059688152357935904,,,,,,,,2000,,,,,,,,,,,
fedavg,fedavg,504|859,504|859,1,504,data_2000_3_11_chordal,train_epoch,train,,72,5.0,0.06254959900677204,,,,,,,,2000,,,,,,,,,,,
fedavg,fedavg,504|859,504|859,1,504,data_2000_3_11_chordal,train_epoch,train,,72,6.0,0.06554270789027214,,,,,,,,2000,,,,,,,,,,,
fedavg,fedavg,504|859,504|859,1,504,data_2000_3_11_chordal,train_epoch,train,,72,7.0,0.07197534768283367,,,,,,,,2000,,,,,,,,,,,
fedavg,fedavg,504|859,504|859,1,504,data_2000_3_11_chordal,train_epoch,train,,72,8.0,0.07346507550030947,,,,,,,,2000,,,,,,,,,,,
fedavg,fedavg,504|859,504|859,1,504,data_2000_3_11_chordal,train_epoch,train,,72,9.0,0.06691519687138497,,,,,,,,2000,,,,,,,,,,,
fedavg,fedavg,504|859,504|859,1,504,data_2000_3_11_chordal,train_epoch,train,,72,10.0,0.050031408898532394,,,,,,,,2000,,,,,,,,,,,
fedavg,fedavg,504|859,504|859,1,504,data_2000_3_11_chordal,val_epoch,val,,72,,,0.4286418285369873,0.9748,0.8955000042915344,0.8365758754863813,0.8587394952774048,0.8587394952774048,0.8587394952774048,2000,,,,,,,,,,,
fedavg,fedavg,504|859,504|859,1,504,data_2000_3_11_chordal,val_epoch_task,val,cycle2,72,,,,,,,,,,2000,82.0,5.0,1913.0,0.0,0.9425287356321839,1.0,0.9704142212867737,0.9704142212867737,0.9704142212867737,82.0,0.04100000113248825
fedavg,fedavg,504|859,504|859,1,504,data_2000_3_11_chordal,val_epoch_task,val,cycle3,72,,,,,,,,,,2000,128.0,14.0,1858.0,0.0,0.9014084507042254,1.0,0.9481481313705444,0.9481481313705444,0.9481481313705444,128.0,0.06400000303983688
fedavg,fedavg,504|859,504|859,1,504,data_2000_3_11_chordal,val_epoch_task,val,cycle4,72,,,,,,,,,,2000,154.0,19.0,1824.0,3.0,0.8901734104046243,0.9808917197452229,0.9333333373069763,0.9333333373069763,0.9333333373069763,157.0,0.07850000262260437
fedavg,fedavg,504|859,504|859,1,504,data_2000_3_11_chordal,val_epoch_task,val,cycle5,72,,,,,,,,,,2000,173.0,44.0,1769.0,14.0,0.7972350230414746,0.9251336898395722,0.8564356565475464,0.8564356565475464,0.8564356565475464,187.0,0.09350000321865082
fedavg,fedavg,504|859,504|859,1,504,data_2000_3_11_chordal,val_epoch_task,val,cycle6,72,,,,,,,,,,2000,108.0,78.0,1739.0,75.0,0.5806451612903226,0.5901639344262295,0.585365891456604,0.585365891456604,0.585365891456604,183.0,0.09149999916553497
fedavg,fedavg,504|859,504|859,1,859,data_2000_4_1.5_chordal,train_epoch,train,,72,1.0,0.05607016510516405,,,,,,,,2000,,,,,,,,,,,
fedavg,fedavg,504|859,504|859,1,859,data_2000_4_1.5_chordal,train_epoch,train,,72,2.0,0.052161283910274504,,,,,,,,2000,,,,,,,,,,,
fedavg,fedavg,504|859,504|859,1,859,data_2000_4_1.5_chordal,train_epoch,train,,72,3.0,0.05331653742492199,,,,,,,,2000,,,,,,,,,,,
fedavg,fedavg,504|859,504|859,1,859,data_2000_4_1.5_chordal,train_epoch,train,,72,4.0,0.049334930039942264,,,,,,,,2000,,,,,,,,,,,
fedavg,fedavg,504|859,504|859,1,859,data_2000_4_1.5_chordal,train_epoch,train,,72,5.0,0.07616313739866018,,,,,,,,2000,,,,,,,,,,,
fedavg,fedavg,504|859,504|859,1,859,data_2000_4_1.5_chordal,train_epoch,train,,72,6.0,0.05541242148261517,,,,,,,,2000,,,,,,,,,,,
fedavg,fedavg,504|859,504|859,1,859,data_2000_4_1.5_chordal,train_epoch,train,,72,7.0,0.048907413981854914,,,,,,,,2000,,,,,,,,,,,
fedavg,fedavg,504|859,504|859,1,859,data_2000_4_1.5_chordal,train_epoch,train,,72,8.0,0.03736160828918218,,,,,,,,2000,,,,,,,,,,,
fedavg,fedavg,504|859,504|859,1,859,data_2000_4_1.5_chordal,train_epoch,train,,72,9.0,0.0442802412211895,,,,,,,,2000,,,,,,,,,,,
fedavg,fedavg,504|859,504|859,1,859,data_2000_4_1.5_chordal,train_epoch,train,,72,10.0,0.08268729816004634,,,,,,,,2000,,,,,,,,,,,
fedavg,fedavg,504|859,504|859,1,859,data_2000_4_1.5_chordal,val_epoch,val,,72,,,0.7190456253886223,0.9598,0.8479999899864197,0.9140658401026079,0.8051967620849609,0.8051967620849609,0.8051967620849609,2000,,,,,,,,,,,
fedavg,fedavg,504|859,504|859,1,859,data_2000_4_1.5_chordal,val_epoch_task,val,cycle2,72,,,,,,,,,,2000,862.0,6.0,1132.0,0.0,0.9930875576036866,1.0,0.9965317845344543,0.9965317845344543,0.9965317845344543,862.0,0.4309999942779541
fedavg,fedavg,504|859,504|859,1,859,data_2000_4_1.5_chordal,val_epoch_task,val,cycle3,72,,,,,,,,,,2000,687.0,10.0,1299.0,4.0,0.9856527977044476,0.9942112879884226,0.9899135231971741,0.9899135231971741,0.9899135231971741,691.0,0.34549999237060547
fedavg,fedavg,504|859,504|859,1,859,data_2000_4_1.5_chordal,val_epoch_task,val,cycle4,72,,,,,,,,,,2000,358.0,28.0,1581.0,33.0,0.927461139896373,0.9156010230179028,0.9214929342269897,0.9214929342269897,0.9214929342269897,391.0,0.19550000131130219
fedavg,fedavg,504|859,504|859,1,859,data_2000_4_1.5_chordal,val_epoch_task,val,cycle5,72,,,,,,,,,,2000,171.0,47.0,1717.0,65.0,0.7844036697247706,0.7245762711864406,0.7533039450645447,0.7533039450645447,0.7533039450645447,236.0,0.11800000071525574
fedavg,fedavg,504|859,504|859,1,859,data_2000_4_1.5_chordal,val_epoch_task,val,cycle6,72,,,,,,,,,,2000,60.0,141.0,1731.0,68.0,0.29850746268656714,0.46875,0.36474162340164185,0.36474162340164185,0.36474162340164185,128.0,0.06400000303983688
fedavg,fedavg,504|859,504|859,1,504,data_2000_3_11_chordal,global_val_client,val,,72,,,0.5891596820354462,0.9759,0.8989999890327454,0.8343642611683849,0.8401659727096558,0.8401659727096558,0.8401659727096558,2000,,,,,,,,,,,
fedavg,fedavg,504|859,504|859,1,504,data_2000_3_11_chordal,global_val_client_task,val,cycle2,72,,,,,,,,,,2000,82.0,2.0,1916.0,0.0,0.9761904761904762,1.0,0.9879518151283264,0.9879518151283264,0.9879518151283264,82.0,0.04100000113248825
fedavg,fedavg,504|859,504|859,1,504,data_2000_3_11_chordal,global_val_client_task,val,cycle3,72,,,,,,,,,,2000,128.0,14.0,1858.0,0.0,0.9014084507042254,1.0,0.9481481313705444,0.9481481313705444,0.9481481313705444,128.0,0.06400000303983688
fedavg,fedavg,504|859,504|859,1,504,data_2000_3_11_chordal,global_val_client_task,val,cycle4,72,,,,,,,,,,2000,155.0,16.0,1827.0,2.0,0.9064327485380117,0.9872611464968153,0.9451219439506531,0.9451219439506531,0.9451219439506531,157.0,0.07850000262260437
fedavg,fedavg,504|859,504|859,1,504,data_2000_3_11_chordal,global_val_client_task,val,cycle5,72,,,,,,,,,,2000,179.0,48.0,1765.0,8.0,0.788546255506608,0.9572192513368984,0.8647342920303345,0.8647342920303345,0.8647342920303345,187.0,0.09350000321865082
fedavg,fedavg,504|859,504|859,1,504,data_2000_3_11_chordal,global_val_client_task,val,cycle6,72,,,,,,,,,,2000,63.0,31.0,1786.0,120.0,0.6702127659574468,0.3442622950819672,0.45487362146377563,0.45487362146377563,0.45487362146377563,183.0,0.09149999916553497
fedavg,fedavg,504|859,504|859,1,859,data_2000_4_1.5_chordal,global_val_client,val,,72,,,0.6065687210559845,0.9594,0.847000002861023,0.9150982852363029,0.8028682470321655,0.8028682470321655,0.8028682470321655,2000,,,,,,,,,,,
fedavg,fedavg,504|859,504|859,1,859,data_2000_4_1.5_chordal,global_val_client_task,val,cycle2,72,,,,,,,,,,2000,861.0,6.0,1132.0,1.0,0.9930795847750865,0.9988399071925754,0.9959514737129211,0.9959514737129211,0.9959514737129211,862.0,0.4309999942779541
fedavg,fedavg,504|859,504|859,1,859,data_2000_4_1.5_chordal,global_val_client_task,val,cycle3,72,,,,,,,,,,2000,689.0,13.0,1296.0,2.0,0.9814814814814815,0.9971056439942113,0.9892318844795227,0.9892318844795227,0.9892318844795227,691.0,0.34549999237060547
fedavg,fedavg,504|859,504|859,1,859,data_2000_4_1.5_chordal,global_val_client_task,val,cycle4,72,,,,,,,,,,2000,383.0,57.0,1552.0,8.0,0.8704545454545455,0.979539641943734,0.9217810034751892,0.9217810034751892,0.9217810034751892,391.0,0.19550000131130219
fedavg,fedavg,504|859,504|859,1,859,data_2000_4_1.5_chordal,global_val_client_task,val,cycle5,72,,,,,,,,,,2000,205.0,91.0,1673.0,31.0,0.6925675675675675,0.8686440677966102,0.7706767916679382,0.7706767916679382,0.7706767916679382,236.0,0.11800000071525574
fedavg,fedavg,504|859,504|859,1,859,data_2000_4_1.5_chordal,global_val_client_task,val,cycle6,72,,,,,,,,,,2000,50.0,119.0,1753.0,78.0,0.2958579881656805,0.390625,0.33670032024383545,0.33670032024383545,0.33670032024383545,128.0,0.06400000303983688
fedavg,fedavg,504|859,504|859,1,all,all,global_val_mean,val,,72,,,0.5978642015457153,0.96765,0.8729999959468842,0.8747312732023439,0.8215171098709106,0.8215171098709106,0.8215171098709106,4000,,,,,,,,,,,
fedavg,fedavg,504|859,504|859,1,504,data_2000_3_11_chordal,train_epoch,train,,73,1.0,0.06521618417464196,,,,,,,,2000,,,,,,,,,,,
fedavg,fedavg,504|859,504|859,1,504,data_2000_3_11_chordal,train_epoch,train,,73,2.0,0.05365725418739021,,,,,,,,2000,,,,,,,,,,,
fedavg,fedavg,504|859,504|859,1,504,data_2000_3_11_chordal,train_epoch,train,,73,3.0,0.08365578681230545,,,,,,,,2000,,,,,,,,,,,
fedavg,fedavg,504|859,504|859,1,504,data_2000_3_11_chordal,train_epoch,train,,73,4.0,0.07145924888551235,,,,,,,,2000,,,,,,,,,,,
fedavg,fedavg,504|859,504|859,1,504,data_2000_3_11_chordal,train_epoch,train,,73,5.0,0.07867365685105324,,,,,,,,2000,,,,,,,,,,,
fedavg,fedavg,504|859,504|859,1,504,data_2000_3_11_chordal,train_epoch,train,,73,6.0,0.06839329582452774,,,,,,,,2000,,,,,,,,,,,
fedavg,fedavg,504|859,504|859,1,504,data_2000_3_11_chordal,train_epoch,train,,73,7.0,0.06983192431181669,,,,,,,,2000,,,,,,,,,,,
fedavg,fedavg,504|859,504|859,1,504,data_2000_3_11_chordal,train_epoch,train,,73,8.0,0.05683108966052532,,,,,,,,2000,,,,,,,,,,,
fedavg,fedavg,504|859,504|859,1,504,data_2000_3_11_chordal,train_epoch,train,,73,9.0,0.06329504323005676,,,,,,,,2000,,,,,,,,,,,
fedavg,fedavg,504|859,504|859,1,504,data_2000_3_11_chordal,train_epoch,train,,73,10.0,0.061308006454259156,,,,,,,,2000,,,,,,,,,,,
fedavg,fedavg,504|859,504|859,1,504,data_2000_3_11_chordal,val_epoch,val,,73,,,0.2665041087865829,0.9693,0.8774999976158142,0.8186650915534555,0.8514955639839172,0.8514955639839172,0.8514955639839172,2000,,,,,,,,,,,
fedavg,fedavg,504|859,504|859,1,504,data_2000_3_11_chordal,val_epoch_task,val,cycle2,73,,,,,,,,,,2000,79.0,7.0,1911.0,3.0,0.9186046511627907,0.9634146341463414,0.9404762387275696,0.9404762387275696,0.9404762387275696,82.0,0.04100000113248825
fedavg,fedavg,504|859,504|859,1,504,data_2000_3_11_chordal,val_epoch_task,val,cycle3,73,,,,,,,,,,2000,128.0,10.0,1862.0,0.0,0.927536231884058,1.0,0.9624060392379761,0.9624060392379761,0.9624060392379761,128.0,0.06400000303983688
fedavg,fedavg,504|859,504|859,1,504,data_2000_3_11_chordal,val_epoch_task,val,cycle4,73,,,,,,,,,,2000,154.0,32.0,1811.0,3.0,0.8279569892473119,0.9808917197452229,0.8979591727256775,0.8979591727256775,0.8979591727256775,157.0,0.07850000262260437
fedavg,fedavg,504|859,504|859,1,504,data_2000_3_11_chordal,val_epoch_task,val,cycle5,73,,,,,,,,,,2000,178.0,74.0,1739.0,9.0,0.7063492063492064,0.9518716577540107,0.8109339475631714,0.8109339475631714,0.8109339475631714,187.0,0.09350000321865082
fedavg,fedavg,504|859,504|859,1,504,data_2000_3_11_chordal,val_epoch_task,val,cycle6,73,,,,,,,,,,2000,154.0,140.0,1677.0,29.0,0.5238095238095238,0.8415300546448088,0.6457023620605469,0.6457023620605469,0.6457023620605469,183.0,0.09149999916553497
fedavg,fedavg,504|859,504|859,1,859,data_2000_4_1.5_chordal,train_epoch,train,,73,1.0,0.07329552794247865,,,,,,,,2000,,,,,,,,,,,
fedavg,fedavg,504|859,504|859,1,859,data_2000_4_1.5_chordal,train_epoch,train,,73,2.0,0.0461873779296875,,,,,,,,2000,,,,,,,,,,,
fedavg,fedavg,504|859,504|859,1,859,data_2000_4_1.5_chordal,train_epoch,train,,73,3.0,0.04671901393309236,,,,,,,,2000,,,,,,,,,,,
fedavg,fedavg,504|859,504|859,1,859,data_2000_4_1.5_chordal,train_epoch,train,,73,4.0,0.03989944794913754,,,,,,,,2000,,,,,,,,,,,
fedavg,fedavg,504|859,504|859,1,859,data_2000_4_1.5_chordal,train_epoch,train,,73,5.0,0.03631618659198284,,,,,,,,2000,,,,,,,,,,,
fedavg,fedavg,504|859,504|859,1,859,data_2000_4_1.5_chordal,train_epoch,train,,73,6.0,0.048328902885317805,,,,,,,,2000,,,,,,,,,,,
fedavg,fedavg,504|859,504|859,1,859,data_2000_4_1.5_chordal,train_epoch,train,,73,7.0,0.05697218170762062,,,,,,,,2000,,,,,,,,,,,
fedavg,fedavg,504|859,504|859,1,859,data_2000_4_1.5_chordal,train_epoch,train,,73,8.0,0.058764031633734705,,,,,,,,2000,,,,,,,,,,,
fedavg,fedavg,504|859,504|859,1,859,data_2000_4_1.5_chordal,train_epoch,train,,73,9.0,0.08110056951269508,,,,,,,,2000,,,,,,,,,,,
fedavg,fedavg,504|859,504|859,1,859,data_2000_4_1.5_chordal,train_epoch,train,,73,10.0,0.07319123288989067,,,,,,,,2000,,,,,,,,,,,
fedavg,fedavg,504|859,504|859,1,859,data_2000_4_1.5_chordal,val_epoch,val,,73,,,0.4427180894613266,0.9292,0.7674999833106995,0.8650914634146342,0.7849940061569214,0.7849940061569214,0.7849940061569214,2000,,,,,,,,,,,
fedavg,fedavg,504|859,504|859,1,859,data_2000_4_1.5_chordal,val_epoch_task,val,cycle2,73,,,,,,,,,,2000,862.0,5.0,1133.0,0.0,0.994232987312572,1.0,0.9971081614494324,0.9971081614494324,0.9971081614494324,862.0,0.4309999942779541
fedavg,fedavg,504|859,504|859,1,859,data_2000_4_1.5_chordal,val_epoch_task,val,cycle3,73,,,,,,,,,,2000,689.0,8.0,1301.0,2.0,0.9885222381635581,0.9971056439942113,0.9927953481674194,0.9927953481674194,0.9927953481674194,691.0,0.34549999237060547
fedavg,fedavg,504|859,504|859,1,859,data_2000_4_1.5_chordal,val_epoch_task,val,cycle4,73,,,,,,,,,,2000,380.0,76.0,1533.0,11.0,0.8333333333333334,0.9718670076726342,0.8972845673561096,0.8972845673561096,0.8972845673561096,391.0,0.19550000131130219
fedavg,fedavg,504|859,504|859,1,859,data_2000_4_1.5_chordal,val_epoch_task,val,cycle5,73,,,,,,,,,,2000,227.0,219.0,1545.0,9.0,0.5089686098654709,0.961864406779661,0.6656891107559204,0.6656891107559204,0.6656891107559204,236.0,0.11800000071525574
fedavg,fedavg,504|859,504|859,1,859,data_2000_4_1.5_chordal,val_epoch_task,val,cycle6,73,,,,,,,,,,2000,112.0,362.0,1510.0,16.0,0.23628691983122363,0.875,0.3720930516719818,0.3720930516719818,0.3720930516719818,128.0,0.06400000303983688
fedavg,fedavg,504|859,504|859,1,504,data_2000_3_11_chordal,global_val_client,val,,73,,,0.2606981824040413,0.9734,0.8899999856948853,0.8387878787878787,0.8678098917007446,0.8678098917007446,0.8678098917007446,2000,,,,,,,,,,,
fedavg,fedavg,504|859,504|859,1,504,data_2000_3_11_chordal,global_val_client_task,val,cycle2,73,,,,,,,,,,2000,82.0,5.0,1913.0,0.0,0.9425287356321839,1.0,0.9704142212867737,0.9704142212867737,0.9704142212867737,82.0,0.04100000113248825
fedavg,fedavg,504|859,504|859,1,504,data_2000_3_11_chordal,global_val_client_task,val,cycle3,73,,,,,,,,,,2000,128.0,12.0,1860.0,0.0,0.9142857142857143,1.0,0.9552239179611206,0.9552239179611206,0.9552239179611206,128.0,0.06400000303983688
fedavg,fedavg,504|859,504|859,1,504,data_2000_3_11_chordal,global_val_client_task,val,cycle4,73,,,,,,,,,,2000,155.0,21.0,1822.0,2.0,0.8806818181818182,0.9872611464968153,0.9309309124946594,0.9309309124946594,0.9309309124946594,157.0,0.07850000262260437
fedavg,fedavg,504|859,504|859,1,504,data_2000_3_11_chordal,global_val_client_task,val,cycle5,73,,,,,,,,,,2000,186.0,77.0,1736.0,1.0,0.7072243346007605,0.9946524064171123,0.8266666531562805,0.8266666531562805,0.8266666531562805,187.0,0.09350000321865082
fedavg,fedavg,504|859,504|859,1,504,data_2000_3_11_chordal,global_val_client_task,val,cycle6,73,,,,,,,,,,2000,141.0,106.0,1711.0,42.0,0.5708502024291497,0.7704918032786885,0.6558139324188232,0.6558139324188232,0.6558139324188232,183.0,0.09149999916553497
fedavg,fedavg,504|859,504|859,1,859,data_2000_4_1.5_chordal,global_val_client,val,,73,,,0.45075540256500246,0.9252,0.7574999928474426,0.8583869746308217,0.7700325846672058,0.7700325846672058,0.7700325846672058,2000,,,,,,,,,,,
fedavg,fedavg,504|859,504|859,1,859,data_2000_4_1.5_chordal,global_val_client_task,val,cycle2,73,,,,,,,,,,2000,861.0,2.0,1136.0,1.0,0.9976825028968713,0.9988399071925754,0.9982608556747437,0.9982608556747437,0.9982608556747437,862.0,0.4309999942779541
fedavg,fedavg,504|859,504|859,1,859,data_2000_4_1.5_chordal,global_val_client_task,val,cycle3,73,,,,,,,,,,2000,691.0,12.0,1297.0,0.0,0.9829302987197724,1.0,0.991391658782959,0.991391658782959,0.991391658782959,691.0,0.34549999237060547
fedavg,fedavg,504|859,504|859,1,859,data_2000_4_1.5_chordal,global_val_client_task,val,cycle4,73,,,,,,,,,,2000,390.0,95.0,1514.0,1.0,0.8041237113402062,0.9974424552429667,0.8904110193252563,0.8904110193252563,0.8904110193252563,391.0,0.19550000131130219
fedavg,fedavg,504|859,504|859,1,859,data_2000_4_1.5_chordal,global_val_client_task,val,cycle5,73,,,,,,,,,,2000,232.0,260.0,1504.0,4.0,0.4715447154471545,0.9830508474576272,0.6373625993728638,0.6373625993728638,0.6373625993728638,236.0,0.11800000071525574
fedavg,fedavg,504|859,504|859,1,859,data_2000_4_1.5_chordal,global_val_client_task,val,cycle6,73,,,,,,,,,,2000,93.0,338.0,1534.0,35.0,0.21577726218097448,0.7265625,0.3327370285987854,0.3327370285987854,0.3327370285987854,128.0,0.06400000303983688
fedavg,fedavg,504|859,504|859,1,all,all,global_val_mean,val,,73,,,0.3557267924845219,0.9493,0.8237499892711639,0.8485874267093502,0.8189212381839752,0.8189212381839752,0.8189212381839752,4000,,,,,,,,,,,
fedavg,fedavg,504|859,504|859,1,504,data_2000_3_11_chordal,train_epoch,train,,74,1.0,0.09114568097889424,,,,,,,,2000,,,,,,,,,,,
fedavg,fedavg,504|859,504|859,1,504,data_2000_3_11_chordal,train_epoch,train,,74,2.0,0.0707736447704956,,,,,,,,2000,,,,,,,,,,,
fedavg,fedavg,504|859,504|859,1,504,data_2000_3_11_chordal,train_epoch,train,,74,3.0,0.05539948584884405,,,,,,,,2000,,,,,,,,,,,
fedavg,fedavg,504|859,504|859,1,504,data_2000_3_11_chordal,train_epoch,train,,74,4.0,0.06697821161150933,,,,,,,,2000,,,,,,,,,,,
fedavg,fedavg,504|859,504|859,1,504,data_2000_3_11_chordal,train_epoch,train,,74,5.0,0.061284236762090584,,,,,,,,2000,,,,,,,,,,,
fedavg,fedavg,504|859,504|859,1,504,data_2000_3_11_chordal,train_epoch,train,,74,6.0,0.05919733060896397,,,,,,,,2000,,,,,,,,,,,
fedavg,fedavg,504|859,504|859,1,504,data_2000_3_11_chordal,train_epoch,train,,74,7.0,0.057644090534187856,,,,,,,,2000,,,,,,,,,,,
fedavg,fedavg,504|859,504|859,1,504,data_2000_3_11_chordal,train_epoch,train,,74,8.0,0.0951840434372425,,,,,,,,2000,,,,,,,,,,,
fedavg,fedavg,504|859,504|859,1,504,data_2000_3_11_chordal,train_epoch,train,,74,9.0,0.07370428600907326,,,,,,,,2000,,,,,,,,,,,
fedavg,fedavg,504|859,504|859,1,504,data_2000_3_11_chordal,train_epoch,train,,74,10.0,0.062362066220492125,,,,,,,,2000,,,,,,,,,,,
fedavg,fedavg,504|859,504|859,1,504,data_2000_3_11_chordal,val_epoch,val,,74,,,0.7019476120471955,0.9736,0.8880000114440918,0.8208955223880597,0.8323450088500977,0.8323450088500977,0.8323450088500977,2000,,,,,,,,,,,
fedavg,fedavg,504|859,504|859,1,504,data_2000_3_11_chordal,val_epoch_task,val,cycle2,74,,,,,,,,,,2000,82.0,10.0,1908.0,0.0,0.8913043478260869,1.0,0.9425287246704102,0.9425287246704102,0.9425287246704102,82.0,0.04100000113248825
fedavg,fedavg,504|859,504|859,1,504,data_2000_3_11_chordal,val_epoch_task,val,cycle3,74,,,,,,,,,,2000,128.0,15.0,1857.0,0.0,0.8951048951048951,1.0,0.9446494579315186,0.9446494579315186,0.9446494579315186,128.0,0.06400000303983688
fedavg,fedavg,504|859,504|859,1,504,data_2000_3_11_chordal,val_epoch_task,val,cycle4,74,,,,,,,,,,2000,154.0,21.0,1822.0,3.0,0.88,0.9808917197452229,0.9277108311653137,0.9277108311653137,0.9277108311653137,157.0,0.07850000262260437
fedavg,fedavg,504|859,504|859,1,504,data_2000_3_11_chordal,val_epoch_task,val,cycle5,74,,,,,,,,,,2000,160.0,47.0,1766.0,27.0,0.7729468599033816,0.8556149732620321,0.8121827840805054,0.8121827840805054,0.8121827840805054,187.0,0.09350000321865082
fedavg,fedavg,504|859,504|859,1,504,data_2000_3_11_chordal,val_epoch_task,val,cycle6,74,,,,,,,,,,2000,81.0,39.0,1778.0,102.0,0.675,0.4426229508196721,0.5346534848213196,0.5346534848213196,0.5346534848213196,183.0,0.09149999916553497
fedavg,fedavg,504|859,504|859,1,859,data_2000_4_1.5_chordal,train_epoch,train,,74,1.0,0.08029823999106885,,,,,,,,2000,,,,,,,,,,,
fedavg,fedavg,504|859,504|859,1,859,data_2000_4_1.5_chordal,train_epoch,train,,74,2.0,0.07095250827074051,,,,,,,,2000,,,,,,,,,,,
fedavg,fedavg,504|859,504|859,1,859,data_2000_4_1.5_chordal,train_epoch,train,,74,3.0,0.05501314234361052,,,,,,,,2000,,,,,,,,,,,
fedavg,fedavg,504|859,504|859,1,859,data_2000_4_1.5_chordal,train_epoch,train,,74,4.0,0.04822194554656744,,,,,,,,2000,,,,,,,,,,,
fedavg,fedavg,504|859,504|859,1,859,data_2000_4_1.5_chordal,train_epoch,train,,74,5.0,0.04495636897906661,,,,,,,,2000,,,,,,,,,,,
fedavg,fedavg,504|859,504|859,1,859,data_2000_4_1.5_chordal,train_epoch,train,,74,6.0,0.04756687628664076,,,,,,,,2000,,,,,,,,,,,
fedavg,fedavg,504|859,504|859,1,859,data_2000_4_1.5_chordal,train_epoch,train,,74,7.0,0.05705989488959312,,,,,,,,2000,,,,,,,,,,,
fedavg,fedavg,504|859,504|859,1,859,data_2000_4_1.5_chordal,train_epoch,train,,74,8.0,0.057481973126530646,,,,,,,,2000,,,,,,,,,,,
fedavg,fedavg,504|859,504|859,1,859,data_2000_4_1.5_chordal,train_epoch,train,,74,9.0,0.04497806279361248,,,,,,,,2000,,,,,,,,,,,
fedavg,fedavg,504|859,504|859,1,859,data_2000_4_1.5_chordal,train_epoch,train,,74,10.0,0.03944862672686577,,,,,,,,2000,,,,,,,,,,,
fedavg,fedavg,504|859,504|859,1,859,data_2000_4_1.5_chordal,val_epoch,val,,74,,,0.9633001363277436,0.9674,0.8659999966621399,0.9306087696892295,0.814180850982666,0.814180850982666,0.814180850982666,2000,,,,,,,,,,,
fedavg,fedavg,504|859,504|859,1,859,data_2000_4_1.5_chordal,val_epoch_task,val,cycle2,74,,,,,,,,,,2000,862.0,1.0,1137.0,0.0,0.9988412514484357,1.0,0.9994202256202698,0.9994202256202698,0.9994202256202698,862.0,0.4309999942779541
fedavg,fedavg,504|859,504|859,1,859,data_2000_4_1.5_chordal,val_epoch_task,val,cycle3,74,,,,,,,,,,2000,689.0,5.0,1304.0,2.0,0.9927953890489913,0.9971056439942113,0.9949458837509155,0.9949458837509155,0.9949458837509155,691.0,0.34549999237060547
fedavg,fedavg,504|859,504|859,1,859,data_2000_4_1.5_chordal,val_epoch_task,val,cycle4,74,,,,,,,,,,2000,377.0,26.0,1583.0,14.0,0.9354838709677419,0.9641943734015346,0.9496221542358398,0.9496221542358398,0.9496221542358398,391.0,0.19550000131130219
fedavg,fedavg,504|859,504|859,1,859,data_2000_4_1.5_chordal,val_epoch_task,val,cycle5,74,,,,,,,,,,2000,217.0,115.0,1649.0,19.0,0.6536144578313253,0.9194915254237288,0.76408451795578,0.76408451795578,0.76408451795578,236.0,0.11800000071525574
fedavg,fedavg,504|859,504|859,1,859,data_2000_4_1.5_chordal,val_epoch_task,val,cycle6,74,,,,,,,,,,2000,41.0,57.0,1815.0,87.0,0.41836734693877553,0.3203125,0.36283183097839355,0.36283183097839355,0.36283183097839355,128.0,0.06400000303983688
fedavg,fedavg,504|859,504|859,1,504,data_2000_3_11_chordal,global_val_client,val,,74,,,0.6781229074001313,0.9759,0.9014999866485596,0.8354948805460751,0.8380025625228882,0.8380025625228882,0.8380025625228882,2000,,,,,,,,,,,
fedavg,fedavg,504|859,504|859,1,504,data_2000_3_11_chordal,global_val_client_task,val,cycle2,74,,,,,,,,,,2000,82.0,7.0,1911.0,0.0,0.9213483146067416,1.0,0.9590643644332886,0.9590643644332886,0.9590643644332886,82.0,0.04100000113248825
fedavg,fedavg,504|859,504|859,1,504,data_2000_3_11_chordal,global_val_client_task,val,cycle3,74,,,,,,,,,,2000,128.0,9.0,1863.0,0.0,0.9343065693430657,1.0,0.9660376906394958,0.9660376906394958,0.9660376906394958,128.0,0.06400000303983688
fedavg,fedavg,504|859,504|859,1,504,data_2000_3_11_chordal,global_val_client_task,val,cycle4,74,,,,,,,,,,2000,156.0,15.0,1828.0,1.0,0.9122807017543859,0.9936305732484076,0.9512195587158203,0.9512195587158203,0.9512195587158203,157.0,0.07850000262260437
fedavg,fedavg,504|859,504|859,1,504,data_2000_3_11_chordal,global_val_client_task,val,cycle5,74,,,,,,,,,,2000,184.0,58.0,1755.0,3.0,0.7603305785123967,0.983957219251337,0.8578088879585266,0.8578088879585266,0.8578088879585266,187.0,0.09350000321865082
fedavg,fedavg,504|859,504|859,1,504,data_2000_3_11_chordal,global_val_client_task,val,cycle6,74,,,,,,,,,,2000,62.0,27.0,1790.0,121.0,0.6966292134831461,0.33879781420765026,0.45588231086730957,0.45588231086730957,0.45588231086730957,183.0,0.09149999916553497
fedavg,fedavg,504|859,504|859,1,859,data_2000_4_1.5_chordal,global_val_client,val,,74,,,0.7343572385311127,0.9562,0.8289999961853027,0.9095788604459125,0.7904156446456909,0.7904156446456909,0.7904156446456909,2000,,,,,,,,,,,
fedavg,fedavg,504|859,504|859,1,859,data_2000_4_1.5_chordal,global_val_client_task,val,cycle2,74,,,,,,,,,,2000,862.0,4.0,1134.0,0.0,0.9953810623556582,1.0,0.9976851344108582,0.9976851344108582,0.9976851344108582,862.0,0.4309999942779541
fedavg,fedavg,504|859,504|859,1,859,data_2000_4_1.5_chordal,global_val_client_task,val,cycle3,74,,,,,,,,,,2000,690.0,13.0,1296.0,1.0,0.9815078236130867,0.9985528219971056,0.9899569749832153,0.9899569749832153,0.9899569749832153,691.0,0.34549999237060547
fedavg,fedavg,504|859,504|859,1,859,data_2000_4_1.5_chordal,global_val_client_task,val,cycle4,74,,,,,,,,,,2000,389.0,59.0,1550.0,2.0,0.8683035714285714,0.9948849104859335,0.9272944331169128,0.9272944331169128,0.9272944331169128,391.0,0.19550000131130219
fedavg,fedavg,504|859,504|859,1,859,data_2000_4_1.5_chordal,global_val_client_task,val,cycle5,74,,,,,,,,,,2000,218.0,158.0,1606.0,18.0,0.5797872340425532,0.923728813559322,0.7124183177947998,0.7124183177947998,0.7124183177947998,236.0,0.11800000071525574
fedavg,fedavg,504|859,504|859,1,859,data_2000_4_1.5_chordal,global_val_client_task,val,cycle6,74,,,,,,,,,,2000,44.0,99.0,1773.0,84.0,0.3076923076923077,0.34375,0.3247232735157013,0.3247232735157013,0.3247232735157013,128.0,0.06400000303983688
fedavg,fedavg,504|859,504|859,1,all,all,global_val_mean,val,,74,,,0.706240072965622,0.96605,0.8652499914169312,0.8725368704959937,0.8142091035842896,0.8142091035842896,0.8142091035842896,4000,,,,,,,,,,,
fedavg,fedavg,504|859,504|859,1,504,data_2000_3_11_chordal,train_epoch,train,,75,1.0,0.06141926407814026,,,,,,,,2000,,,,,,,,,,,
fedavg,fedavg,504|859,504|859,1,504,data_2000_3_11_chordal,train_epoch,train,,75,2.0,0.06386978389322757,,,,,,,,2000,,,,,,,,,,,
fedavg,fedavg,504|859,504|859,1,504,data_2000_3_11_chordal,train_epoch,train,,75,3.0,0.05985741803329438,,,,,,,,2000,,,,,,,,,,,
fedavg,fedavg,504|859,504|859,1,504,data_2000_3_11_chordal,train_epoch,train,,75,4.0,0.06841397705674171,,,,,,,,2000,,,,,,,,,,,
fedavg,fedavg,504|859,504|859,1,504,data_2000_3_11_chordal,train_epoch,train,,75,5.0,0.07055262517160736,,,,,,,,2000,,,,,,,,,,,
fedavg,fedavg,504|859,504|859,1,504,data_2000_3_11_chordal,train_epoch,train,,75,6.0,0.06411606610566378,,,,,,,,2000,,,,,,,,,,,
fedavg,fedavg,504|859,504|859,1,504,data_2000_3_11_chordal,train_epoch,train,,75,7.0,0.05712435581535101,,,,,,,,2000,,,,,,,,,,,
fedavg,fedavg,504|859,504|859,1,504,data_2000_3_11_chordal,train_epoch,train,,75,8.0,0.05409790673851967,,,,,,,,2000,,,,,,,,,,,
fedavg,fedavg,504|859,504|859,1,504,data_2000_3_11_chordal,train_epoch,train,,75,9.0,0.055479833602905274,,,,,,,,2000,,,,,,,,,,,
fedavg,fedavg,504|859,504|859,1,504,data_2000_3_11_chordal,train_epoch,train,,75,10.0,0.0696819925159216,,,,,,,,2000,,,,,,,,,,,
fedavg,fedavg,504|859,504|859,1,504,data_2000_3_11_chordal,val_epoch,val,,75,,,0.5788153567314148,0.9637,0.862500011920929,0.7771639042357276,0.8044676780700684,0.8044676780700684,0.8044676780700684,2000,,,,,,,,,,,
fedavg,fedavg,504|859,504|859,1,504,data_2000_3_11_chordal,val_epoch_task,val,cycle2,75,,,,,,,,,,2000,82.0,11.0,1907.0,0.0,0.8817204301075269,1.0,0.9371428489685059,0.9371428489685059,0.9371428489685059,82.0,0.04100000113248825
fedavg,fedavg,504|859,504|859,1,504,data_2000_3_11_chordal,val_epoch_task,val,cycle3,75,,,,,,,,,,2000,128.0,48.0,1824.0,0.0,0.7272727272727273,1.0,0.8421052694320679,0.8421052694320679,0.8421052694320679,128.0,0.06400000303983688
fedavg,fedavg,504|859,504|859,1,504,data_2000_3_11_chordal,val_epoch_task,val,cycle4,75,,,,,,,,,,2000,152.0,26.0,1817.0,5.0,0.8539325842696629,0.9681528662420382,0.9074627161026001,0.9074627161026001,0.9074627161026001,157.0,0.07850000262260437
fedavg,fedavg,504|859,504|859,1,504,data_2000_3_11_chordal,val_epoch_task,val,cycle5,75,,,,,,,,,,2000,154.0,56.0,1757.0,33.0,0.7333333333333333,0.8235294117647058,0.7758186459541321,0.7758186459541321,0.7758186459541321,187.0,0.09350000321865082
fedavg,fedavg,504|859,504|859,1,504,data_2000_3_11_chordal,val_epoch_task,val,cycle6,75,,,,,,,,,,2000,117.0,118.0,1699.0,66.0,0.4978723404255319,0.639344262295082,0.5598086714744568,0.5598086714744568,0.5598086714744568,183.0,0.09149999916553497
fedavg,fedavg,504|859,504|859,1,859,data_2000_4_1.5_chordal,train_epoch,train,,75,1.0,0.05718405327200889,,,,,,,,2000,,,,,,,,,,,
fedavg,fedavg,504|859,504|859,1,859,data_2000_4_1.5_chordal,train_epoch,train,,75,2.0,0.046831524804234505,,,,,,,,2000,,,,,,,,,,,
fedavg,fedavg,504|859,504|859,1,859,data_2000_4_1.5_chordal,train_epoch,train,,75,3.0,0.06336950168013572,,,,,,,,2000,,,,,,,,,,,
fedavg,fedavg,504|859,504|859,1,859,data_2000_4_1.5_chordal,train_epoch,train,,75,4.0,0.060017349004745486,,,,,,,,2000,,,,,,,,,,,
fedavg,fedavg,504|859,504|859,1,859,data_2000_4_1.5_chordal,train_epoch,train,,75,5.0,0.06806333282589913,,,,,,,,2000,,,,,,,,,,,
fedavg,fedavg,504|859,504|859,1,859,data_2000_4_1.5_chordal,train_epoch,train,,75,6.0,0.05697513239830732,,,,,,,,2000,,,,,,,,,,,
fedavg,fedavg,504|859,504|859,1,859,data_2000_4_1.5_chordal,train_epoch,train,,75,7.0,0.046260513603687284,,,,,,,,2000,,,,,,,,,,,
fedavg,fedavg,504|859,504|859,1,859,data_2000_4_1.5_chordal,train_epoch,train,,75,8.0,0.04113209979608655,,,,,,,,2000,,,,,,,,,,,
fedavg,fedavg,504|859,504|859,1,859,data_2000_4_1.5_chordal,train_epoch,train,,75,9.0,0.04834905814751983,,,,,,,,2000,,,,,,,,,,,
fedavg,fedavg,504|859,504|859,1,859,data_2000_4_1.5_chordal,train_epoch,train,,75,10.0,0.04029130950570106,,,,,,,,2000,,,,,,,,,,,
fedavg,fedavg,504|859,504|859,1,859,data_2000_4_1.5_chordal,val_epoch,val,,75,,,1.0820947517938913,0.9692,0.8755000233650208,0.9329560296038311,0.8130847811698914,0.8130847811698914,0.8130847811698914,2000,,,,,,,,,,,
fedavg,fedavg,504|859,504|859,1,859,data_2000_4_1.5_chordal,val_epoch_task,val,cycle2,75,,,,,,,,,,2000,861.0,1.0,1137.0,1.0,0.9988399071925754,0.9988399071925754,0.9988399147987366,0.9988399147987366,0.9988399147987366,862.0,0.4309999942779541
fedavg,fedavg,504|859,504|859,1,859,data_2000_4_1.5_chordal,val_epoch_task,val,cycle3,75,,,,,,,,,,2000,687.0,12.0,1297.0,4.0,0.9828326180257511,0.9942112879884226,0.9884892106056213,0.9884892106056213,0.9884892106056213,691.0,0.34549999237060547
fedavg,fedavg,504|859,504|859,1,859,data_2000_4_1.5_chordal,val_epoch_task,val,cycle4,75,,,,,,,,,,2000,373.0,22.0,1587.0,18.0,0.9443037974683545,0.9539641943734015,0.9491093754768372,0.9491093754768372,0.9491093754768372,391.0,0.19550000131130219
fedavg,fedavg,504|859,504|859,1,859,data_2000_4_1.5_chordal,val_epoch_task,val,cycle5,75,,,,,,,,,,2000,183.0,41.0,1723.0,53.0,0.8169642857142857,0.7754237288135594,0.7956522107124329,0.7956522107124329,0.7956522107124329,236.0,0.11800000071525574
fedavg,fedavg,504|859,504|859,1,859,data_2000_4_1.5_chordal,val_epoch_task,val,cycle6,75,,,,,,,,,,2000,39.0,67.0,1805.0,89.0,0.36792452830188677,0.3046875,0.3333333134651184,0.3333333134651184,0.3333333134651184,128.0,0.06400000303983688
fedavg,fedavg,504|859,504|859,1,504,data_2000_3_11_chordal,global_val_client,val,,75,,,0.6524586114883423,0.9766,0.9075000286102295,0.840599455040872,0.8415496945381165,0.8415496945381165,0.8415496945381165,2000,,,,,,,,,,,
fedavg,fedavg,504|859,504|859,1,504,data_2000_3_11_chordal,global_val_client_task,val,cycle2,75,,,,,,,,,,2000,82.0,7.0,1911.0,0.0,0.9213483146067416,1.0,0.9590643644332886,0.9590643644332886,0.9590643644332886,82.0,0.04100000113248825
fedavg,fedavg,504|859,504|859,1,504,data_2000_3_11_chordal,global_val_client_task,val,cycle3,75,,,,,,,,,,2000,128.0,32.0,1840.0,0.0,0.8,1.0,0.888888955116272,0.888888955116272,0.888888955116272,128.0,0.06400000303983688
fedavg,fedavg,504|859,504|859,1,504,data_2000_3_11_chordal,global_val_client_task,val,cycle4,75,,,,,,,,,,2000,152.0,19.0,1824.0,5.0,0.8888888888888888,0.9681528662420382,0.9268292188644409,0.9268292188644409,0.9268292188644409,157.0,0.07850000262260437
fedavg,fedavg,504|859,504|859,1,504,data_2000_3_11_chordal,global_val_client_task,val,cycle5,75,,,,,,,,,,2000,181.0,29.0,1784.0,6.0,0.861904761904762,0.9679144385026738,0.9118388295173645,0.9118388295173645,0.9118388295173645,187.0,0.09350000321865082
fedavg,fedavg,504|859,504|859,1,504,data_2000_3_11_chordal,global_val_client_task,val,cycle6,75,,,,,,,,,,2000,74.0,27.0,1790.0,109.0,0.7326732673267327,0.40437158469945356,0.5211267471313477,0.5211267471313477,0.5211267471313477,183.0,0.09149999916553497
fedavg,fedavg,504|859,504|859,1,859,data_2000_4_1.5_chordal,global_val_client,val,,75,,,0.5681587618589401,0.9541,0.8209999799728394,0.9062691443741067,0.8022044897079468,0.8022044897079468,0.8022044897079468,2000,,,,,,,,,,,
fedavg,fedavg,504|859,504|859,1,859,data_2000_4_1.5_chordal,global_val_client_task,val,cycle2,75,,,,,,,,,,2000,862.0,4.0,1134.0,0.0,0.9953810623556582,1.0,0.9976851344108582,0.9976851344108582,0.9976851344108582,862.0,0.4309999942779541
fedavg,fedavg,504|859,504|859,1,859,data_2000_4_1.5_chordal,global_val_client_task,val,cycle3,75,,,,,,,,,,2000,691.0,21.0,1288.0,0.0,0.9705056179775281,1.0,0.9850320816040039,0.9850320816040039,0.9850320816040039,691.0,0.34549999237060547
fedavg,fedavg,504|859,504|859,1,859,data_2000_4_1.5_chordal,global_val_client_task,val,cycle4,75,,,,,,,,,,2000,384.0,68.0,1541.0,7.0,0.8495575221238938,0.9820971867007673,0.9110320210456848,0.9110320210456848,0.9110320210456848,391.0,0.19550000131130219
fedavg,fedavg,504|859,504|859,1,859,data_2000_4_1.5_chordal,global_val_client_task,val,cycle5,75,,,,,,,,,,2000,220.0,143.0,1621.0,16.0,0.6060606060606061,0.9322033898305084,0.7345576286315918,0.7345576286315918,0.7345576286315918,236.0,0.11800000071525574
fedavg,fedavg,504|859,504|859,1,859,data_2000_4_1.5_chordal,global_val_client_task,val,cycle6,75,,,,,,,,,,2000,62.0,134.0,1738.0,66.0,0.3163265306122449,0.484375,0.3827160894870758,0.3827160894870758,0.3827160894870758,128.0,0.06400000303983688
fedavg,fedavg,504|859,504|859,1,all,all,global_val_mean,val,,75,,,0.6103086866736412,0.9653499999999999,0.8642500042915344,0.8734342997074893,0.8218770921230316,0.8218770921230316,0.8218770921230316,4000,,,,,,,,,,,
fedavg,fedavg,504|859,504|859,1,504,data_2000_3_11_chordal,train_epoch,train,,76,1.0,0.08109756270051002,,,,,,,,2000,,,,,,,,,,,
fedavg,fedavg,504|859,504|859,1,504,data_2000_3_11_chordal,train_epoch,train,,76,2.0,0.054268629796803,,,,,,,,2000,,,,,,,,,,,
fedavg,fedavg,504|859,504|859,1,504,data_2000_3_11_chordal,train_epoch,train,,76,3.0,0.06221824505925178,,,,,,,,2000,,,,,,,,,,,
fedavg,fedavg,504|859,504|859,1,504,data_2000_3_11_chordal,train_epoch,train,,76,4.0,0.07364075426757336,,,,,,,,2000,,,,,,,,,,,
fedavg,fedavg,504|859,504|859,1,504,data_2000_3_11_chordal,train_epoch,train,,76,5.0,0.07132005010172725,,,,,,,,2000,,,,,,,,,,,
fedavg,fedavg,504|859,504|859,1,504,data_2000_3_11_chordal,train_epoch,train,,76,6.0,0.07321557862870395,,,,,,,,2000,,,,,,,,,,,
fedavg,fedavg,504|859,504|859,1,504,data_2000_3_11_chordal,train_epoch,train,,76,7.0,0.0738892512023449,,,,,,,,2000,,,,,,,,,,,
fedavg,fedavg,504|859,504|859,1,504,data_2000_3_11_chordal,train_epoch,train,,76,8.0,0.0964076787829399,,,,,,,,2000,,,,,,,,,,,
fedavg,fedavg,504|859,504|859,1,504,data_2000_3_11_chordal,train_epoch,train,,76,9.0,0.07671557097509503,,,,,,,,2000,,,,,,,,,,,
fedavg,fedavg,504|859,504|859,1,504,data_2000_3_11_chordal,train_epoch,train,,76,10.0,0.07267889516428112,,,,,,,,2000,,,,,,,,,,,
fedavg,fedavg,504|859,504|859,1,504,data_2000_3_11_chordal,val_epoch,val,,76,,,0.5497082401514053,0.97,0.8774999976158142,0.8044328552803128,0.8267649412155151,0.8267649412155151,0.8267649412155151,2000,,,,,,,,,,,
fedavg,fedavg,504|859,504|859,1,504,data_2000_3_11_chordal,val_epoch_task,val,cycle2,76,,,,,,,,,,2000,82.0,7.0,1911.0,0.0,0.9213483146067416,1.0,0.9590643644332886,0.9590643644332886,0.9590643644332886,82.0,0.04100000113248825
fedavg,fedavg,504|859,504|859,1,504,data_2000_3_11_chordal,val_epoch_task,val,cycle3,76,,,,,,,,,,2000,128.0,17.0,1855.0,0.0,0.8827586206896552,1.0,0.9377289414405823,0.9377289414405823,0.9377289414405823,128.0,0.06400000303983688
fedavg,fedavg,504|859,504|859,1,504,data_2000_3_11_chordal,val_epoch_task,val,cycle4,76,,,,,,,,,,2000,156.0,36.0,1807.0,1.0,0.8125,0.9936305732484076,0.8939827680587769,0.8939827680587769,0.8939827680587769,157.0,0.07850000262260437
fedavg,fedavg,504|859,504|859,1,504,data_2000_3_11_chordal,val_epoch_task,val,cycle5,76,,,,,,,,,,2000,157.0,42.0,1771.0,30.0,0.7889447236180904,0.839572192513369,0.8134714961051941,0.8134714961051941,0.8134714961051941,187.0,0.09350000321865082
fedavg,fedavg,504|859,504|859,1,504,data_2000_3_11_chordal,val_epoch_task,val,cycle6,76,,,,,,,,,,2000,94.0,78.0,1739.0,89.0,0.5465116279069767,0.5136612021857924,0.5295775532722473,0.5295775532722473,0.5295775532722473,183.0,0.09149999916553497
fedavg,fedavg,504|859,504|859,1,859,data_2000_4_1.5_chordal,train_epoch,train,,76,1.0,0.07613417854905129,,,,,,,,2000,,,,,,,,,,,
fedavg,fedavg,504|859,504|859,1,859,data_2000_4_1.5_chordal,train_epoch,train,,76,2.0,0.06987778322398662,,,,,,,,2000,,,,,,,,,,,
fedavg,fedavg,504|859,504|859,1,859,data_2000_4_1.5_chordal,train_epoch,train,,76,3.0,0.06945250426977873,,,,,,,,2000,,,,,,,,,,,
fedavg,fedavg,504|859,504|859,1,859,data_2000_4_1.5_chordal,train_epoch,train,,76,4.0,0.03720104999281466,,,,,,,,2000,,,,,,,,,,,
fedavg,fedavg,504|859,504|859,1,859,data_2000_4_1.5_chordal,train_epoch,train,,76,5.0,0.040517005622386935,,,,,,,,2000,,,,,,,,,,,
fedavg,fedavg,504|859,504|859,1,859,data_2000_4_1.5_chordal,train_epoch,train,,76,6.0,0.039109838336706164,,,,,,,,2000,,,,,,,,,,,
fedavg,fedavg,504|859,504|859,1,859,data_2000_4_1.5_chordal,train_epoch,train,,76,7.0,0.044635756045579913,,,,,,,,2000,,,,,,,,,,,
fedavg,fedavg,504|859,504|859,1,859,data_2000_4_1.5_chordal,train_epoch,train,,76,8.0,0.053530090272426605,,,,,,,,2000,,,,,,,,,,,
fedavg,fedavg,504|859,504|859,1,859,data_2000_4_1.5_chordal,train_epoch,train,,76,9.0,0.04853554067015648,,,,,,,,2000,,,,,,,,,,,
fedavg,fedavg,504|859,504|859,1,859,data_2000_4_1.5_chordal,train_epoch,train,,76,10.0,0.053454786309972406,,,,,,,,2000,,,,,,,,,,,
fedavg,fedavg,504|859,504|859,1,859,data_2000_4_1.5_chordal,val_epoch,val,,76,,,0.99242687022686,0.9676,0.8679999709129333,0.9311517212069699,0.8183244466781616,0.8183244466781616,0.8183244466781616,2000,,,,,,,,,,,
fedavg,fedavg,504|859,504|859,1,859,data_2000_4_1.5_chordal,val_epoch_task,val,cycle2,76,,,,,,,,,,2000,860.0,2.0,1136.0,2.0,0.9976798143851509,0.9976798143851509,0.9976798295974731,0.9976798295974731,0.9976798295974731,862.0,0.4309999942779541
fedavg,fedavg,504|859,504|859,1,859,data_2000_4_1.5_chordal,val_epoch_task,val,cycle3,76,,,,,,,,,,2000,691.0,18.0,1291.0,0.0,0.9746121297602257,1.0,0.9871428608894348,0.9871428608894348,0.9871428608894348,691.0,0.34549999237060547
fedavg,fedavg,504|859,504|859,1,859,data_2000_4_1.5_chordal,val_epoch_task,val,cycle4,76,,,,,,,,,,2000,386.0,36.0,1573.0,5.0,0.9146919431279621,0.9872122762148338,0.9495694637298584,0.9495694637298584,0.9495694637298584,391.0,0.19550000131130219
fedavg,fedavg,504|859,504|859,1,859,data_2000_4_1.5_chordal,val_epoch_task,val,cycle5,76,,,,,,,,,,2000,211.0,94.0,1670.0,25.0,0.6918032786885245,0.8940677966101694,0.780036985874176,0.780036985874176,0.780036985874176,236.0,0.11800000071525574
fedavg,fedavg,504|859,504|859,1,859,data_2000_4_1.5_chordal,val_epoch_task,val,cycle6,76,,,,,,,,,,2000,43.0,57.0,1815.0,85.0,0.43,0.3359375,0.37719297409057617,0.37719297409057617,0.37719297409057617,128.0,0.06400000303983688
fedavg,fedavg,504|859,504|859,1,504,data_2000_3_11_chordal,global_val_client,val,,76,,,0.5656560535430908,0.9748,0.8980000019073486,0.8297297297297298,0.8305794596672058,0.8305794596672058,0.8305794596672058,2000,,,,,,,,,,,
fedavg,fedavg,504|859,504|859,1,504,data_2000_3_11_chordal,global_val_client_task,val,cycle2,76,,,,,,,,,,2000,82.0,10.0,1908.0,0.0,0.8913043478260869,1.0,0.9425287246704102,0.9425287246704102,0.9425287246704102,82.0,0.04100000113248825
fedavg,fedavg,504|859,504|859,1,504,data_2000_3_11_chordal,global_val_client_task,val,cycle3,76,,,,,,,,,,2000,128.0,16.0,1856.0,0.0,0.8888888888888888,1.0,0.9411765336990356,0.9411765336990356,0.9411765336990356,128.0,0.06400000303983688
fedavg,fedavg,504|859,504|859,1,504,data_2000_3_11_chordal,global_val_client_task,val,cycle4,76,,,,,,,,,,2000,156.0,28.0,1815.0,1.0,0.8478260869565217,0.9936305732484076,0.9149559736251831,0.9149559736251831,0.9149559736251831,157.0,0.07850000262260437
fedavg,fedavg,504|859,504|859,1,504,data_2000_3_11_chordal,global_val_client_task,val,cycle5,76,,,,,,,,,,2000,182.0,41.0,1772.0,5.0,0.8161434977578476,0.9732620320855615,0.8878048658370972,0.8878048658370972,0.8878048658370972,187.0,0.09350000321865082
fedavg,fedavg,504|859,504|859,1,504,data_2000_3_11_chordal,global_val_client_task,val,cycle6,76,,,,,,,,,,2000,66.0,34.0,1783.0,117.0,0.66,0.36065573770491804,0.4664310812950134,0.4664310812950134,0.4664310812950134,183.0,0.09149999916553497
fedavg,fedavg,504|859,504|859,1,859,data_2000_4_1.5_chordal,global_val_client,val,,76,,,0.6210106078088283,0.9434,0.7979999780654907,0.8870710295291301,0.7752056121826172,0.7752056121826172,0.7752056121826172,2000,,,,,,,,,,,
fedavg,fedavg,504|859,504|859,1,859,data_2000_4_1.5_chordal,global_val_client_task,val,cycle2,76,,,,,,,,,,2000,862.0,1.0,1137.0,0.0,0.9988412514484357,1.0,0.9994202256202698,0.9994202256202698,0.9994202256202698,862.0,0.4309999942779541
fedavg,fedavg,504|859,504|859,1,859,data_2000_4_1.5_chordal,global_val_client_task,val,cycle3,76,,,,,,,,,,2000,691.0,20.0,1289.0,0.0,0.9718706047819972,1.0,0.9857346415519714,0.9857346415519714,0.9857346415519714,691.0,0.34549999237060547
fedavg,fedavg,504|859,504|859,1,859,data_2000_4_1.5_chordal,global_val_client_task,val,cycle4,76,,,,,,,,,,2000,391.0,134.0,1475.0,0.0,0.7447619047619047,1.0,0.853711724281311,0.853711724281311,0.853711724281311,391.0,0.19550000131130219
fedavg,fedavg,504|859,504|859,1,859,data_2000_4_1.5_chordal,global_val_client_task,val,cycle5,76,,,,,,,,,,2000,223.0,188.0,1576.0,13.0,0.5425790754257908,0.9449152542372882,0.6893354058265686,0.6893354058265686,0.6893354058265686,236.0,0.11800000071525574
fedavg,fedavg,504|859,504|859,1,859,data_2000_4_1.5_chordal,global_val_client_task,val,cycle6,76,,,,,,,,,,2000,56.0,138.0,1734.0,72.0,0.28865979381443296,0.4375,0.3478260636329651,0.3478260636329651,0.3478260636329651,128.0,0.06400000303983688
fedavg,fedavg,504|859,504|859,1,all,all,global_val_mean,val,,76,,,0.5933333306759596,0.9591,0.8479999899864197,0.8584003796294299,0.8028925359249115,0.8028925359249115,0.8028925359249115,4000,,,,,,,,,,,
fedavg,fedavg,504|859,504|859,1,504,data_2000_3_11_chordal,train_epoch,train,,77,1.0,0.05740973096713424,,,,,,,,2000,,,,,,,,,,,
fedavg,fedavg,504|859,504|859,1,504,data_2000_3_11_chordal,train_epoch,train,,77,2.0,0.06732482018135488,,,,,,,,2000,,,,,,,,,,,
fedavg,fedavg,504|859,504|859,1,504,data_2000_3_11_chordal,train_epoch,train,,77,3.0,0.09169435989111661,,,,,,,,2000,,,,,,,,,,,
fedavg,fedavg,504|859,504|859,1,504,data_2000_3_11_chordal,train_epoch,train,,77,4.0,0.07254024982452392,,,,,,,,2000,,,,,,,,,,,
fedavg,fedavg,504|859,504|859,1,504,data_2000_3_11_chordal,train_epoch,train,,77,5.0,0.05759517221152782,,,,,,,,2000,,,,,,,,,,,
fedavg,fedavg,504|859,504|859,1,504,data_2000_3_11_chordal,train_epoch,train,,77,6.0,0.06126784648001194,,,,,,,,2000,,,,,,,,,,,
fedavg,fedavg,504|859,504|859,1,504,data_2000_3_11_chordal,train_epoch,train,,77,7.0,0.07840239934623242,,,,,,,,2000,,,,,,,,,,,
fedavg,fedavg,504|859,504|859,1,504,data_2000_3_11_chordal,train_epoch,train,,77,8.0,0.06125479556620121,,,,,,,,2000,,,,,,,,,,,
fedavg,fedavg,504|859,504|859,1,504,data_2000_3_11_chordal,train_epoch,train,,77,9.0,0.05710624080523848,,,,,,,,2000,,,,,,,,,,,
fedavg,fedavg,504|859,504|859,1,504,data_2000_3_11_chordal,train_epoch,train,,77,10.0,0.07553090044856071,,,,,,,,2000,,,,,,,,,,,
fedavg,fedavg,504|859,504|859,1,504,data_2000_3_11_chordal,val_epoch,val,,77,,,0.44289659690856936,0.9722,0.8859999775886536,0.8206451612903226,0.8470070958137512,0.8470070958137512,0.8470070958137512,2000,,,,,,,,,,,
fedavg,fedavg,504|859,504|859,1,504,data_2000_3_11_chordal,val_epoch_task,val,cycle2,77,,,,,,,,,,2000,82.0,5.0,1913.0,0.0,0.9425287356321839,1.0,0.9704142212867737,0.9704142212867737,0.9704142212867737,82.0,0.04100000113248825
fedavg,fedavg,504|859,504|859,1,504,data_2000_3_11_chordal,val_epoch_task,val,cycle3,77,,,,,,,,,,2000,128.0,20.0,1852.0,0.0,0.8648648648648649,1.0,0.9275362491607666,0.9275362491607666,0.9275362491607666,128.0,0.06400000303983688
fedavg,fedavg,504|859,504|859,1,504,data_2000_3_11_chordal,val_epoch_task,val,cycle4,77,,,,,,,,,,2000,154.0,28.0,1815.0,3.0,0.8461538461538461,0.9808917197452229,0.9085546135902405,0.9085546135902405,0.9085546135902405,157.0,0.07850000262260437
fedavg,fedavg,504|859,504|859,1,504,data_2000_3_11_chordal,val_epoch_task,val,cycle5,77,,,,,,,,,,2000,149.0,31.0,1782.0,38.0,0.8277777777777777,0.7967914438502673,0.8119891881942749,0.8119891881942749,0.8119891881942749,187.0,0.09350000321865082
fedavg,fedavg,504|859,504|859,1,504,data_2000_3_11_chordal,val_epoch_task,val,cycle6,77,,,,,,,,,,2000,123.0,93.0,1724.0,60.0,0.5694444444444444,0.6721311475409836,0.61654132604599,0.61654132604599,0.61654132604599,183.0,0.09149999916553497
fedavg,fedavg,504|859,504|859,1,859,data_2000_4_1.5_chordal,train_epoch,train,,77,1.0,0.06095921519398689,,,,,,,,2000,,,,,,,,,,,
fedavg,fedavg,504|859,504|859,1,859,data_2000_4_1.5_chordal,train_epoch,train,,77,2.0,0.05220976417511702,,,,,,,,2000,,,,,,,,,,,
fedavg,fedavg,504|859,504|859,1,859,data_2000_4_1.5_chordal,train_epoch,train,,77,3.0,0.049688237849622965,,,,,,,,2000,,,,,,,,,,,
fedavg,fedavg,504|859,504|859,1,859,data_2000_4_1.5_chordal,train_epoch,train,,77,4.0,0.04436925867944956,,,,,,,,2000,,,,,,,,,,,
fedavg,fedavg,504|859,504|859,1,859,data_2000_4_1.5_chordal,train_epoch,train,,77,5.0,0.060494092911481855,,,,,,,,2000,,,,,,,,,,,
fedavg,fedavg,504|859,504|859,1,859,data_2000_4_1.5_chordal,train_epoch,train,,77,6.0,0.07335139927268028,,,,,,,,2000,,,,,,,,,,,
fedavg,fedavg,504|859,504|859,1,859,data_2000_4_1.5_chordal,train_epoch,train,,77,7.0,0.07820194952189922,,,,,,,,2000,,,,,,,,,,,
fedavg,fedavg,504|859,504|859,1,859,data_2000_4_1.5_chordal,train_epoch,train,,77,8.0,0.07594649431109428,,,,,,,,2000,,,,,,,,,,,
fedavg,fedavg,504|859,504|859,1,859,data_2000_4_1.5_chordal,train_epoch,train,,77,9.0,0.06877071410417557,,,,,,,,2000,,,,,,,,,,,
fedavg,fedavg,504|859,504|859,1,859,data_2000_4_1.5_chordal,train_epoch,train,,77,10.0,0.08654513147473335,,,,,,,,2000,,,,,,,,,,,
fedavg,fedavg,504|859,504|859,1,859,data_2000_4_1.5_chordal,val_epoch,val,,77,,,0.7002517649531365,0.9573,0.8420000076293945,0.9107254860965921,0.8006206750869751,0.8006206750869751,0.8006206750869751,2000,,,,,,,,,,,
fedavg,fedavg,504|859,504|859,1,859,data_2000_4_1.5_chordal,val_epoch_task,val,cycle2,77,,,,,,,,,,2000,862.0,4.0,1134.0,0.0,0.9953810623556582,1.0,0.9976851344108582,0.9976851344108582,0.9976851344108582,862.0,0.4309999942779541
fedavg,fedavg,504|859,504|859,1,859,data_2000_4_1.5_chordal,val_epoch_task,val,cycle3,77,,,,,,,,,,2000,687.0,25.0,1284.0,4.0,0.9648876404494382,0.9942112879884226,0.9793300032615662,0.9793300032615662,0.9793300032615662,691.0,0.34549999237060547
fedavg,fedavg,504|859,504|859,1,859,data_2000_4_1.5_chordal,val_epoch_task,val,cycle4,77,,,,,,,,,,2000,371.0,57.0,1552.0,20.0,0.866822429906542,0.948849104859335,0.9059829115867615,0.9059829115867615,0.9059829115867615,391.0,0.19550000131130219
fedavg,fedavg,504|859,504|859,1,859,data_2000_4_1.5_chordal,val_epoch_task,val,cycle5,77,,,,,,,,,,2000,205.0,107.0,1657.0,31.0,0.657051282051282,0.8686440677966102,0.7481751441955566,0.7481751441955566,0.7481751441955566,236.0,0.11800000071525574
fedavg,fedavg,504|859,504|859,1,859,data_2000_4_1.5_chordal,val_epoch_task,val,cycle6,77,,,,,,,,,,2000,53.0,104.0,1768.0,75.0,0.3375796178343949,0.4140625,0.3719298243522644,0.3719298243522644,0.3719298243522644,128.0,0.06400000303983688
fedavg,fedavg,504|859,504|859,1,504,data_2000_3_11_chordal,global_val_client,val,,77,,,0.5020435632467269,0.9774,0.9039999842643738,0.8462585034013607,0.8568866848945618,0.8568866848945618,0.8568866848945618,2000,,,,,,,,,,,
fedavg,fedavg,504|859,504|859,1,504,data_2000_3_11_chordal,global_val_client_task,val,cycle2,77,,,,,,,,,,2000,82.0,3.0,1915.0,0.0,0.9647058823529412,1.0,0.9820358753204346,0.9820358753204346,0.9820358753204346,82.0,0.04100000113248825
fedavg,fedavg,504|859,504|859,1,504,data_2000_3_11_chordal,global_val_client_task,val,cycle3,77,,,,,,,,,,2000,128.0,12.0,1860.0,0.0,0.9142857142857143,1.0,0.9552239179611206,0.9552239179611206,0.9552239179611206,128.0,0.06400000303983688
fedavg,fedavg,504|859,504|859,1,504,data_2000_3_11_chordal,global_val_client_task,val,cycle4,77,,,,,,,,,,2000,157.0,21.0,1822.0,0.0,0.8820224719101124,1.0,0.937313437461853,0.937313437461853,0.937313437461853,157.0,0.07850000262260437
fedavg,fedavg,504|859,504|859,1,504,data_2000_3_11_chordal,global_val_client_task,val,cycle5,77,,,,,,,,,,2000,179.0,22.0,1791.0,8.0,0.8905472636815921,0.9572192513368984,0.9226804375648499,0.9226804375648499,0.9226804375648499,187.0,0.09350000321865082
fedavg,fedavg,504|859,504|859,1,504,data_2000_3_11_chordal,global_val_client_task,val,cycle6,77,,,,,,,,,,2000,76.0,53.0,1764.0,107.0,0.5891472868217055,0.41530054644808745,0.4871794581413269,0.4871794581413269,0.4871794581413269,183.0,0.09149999916553497
fedavg,fedavg,504|859,504|859,1,859,data_2000_4_1.5_chordal,global_val_client,val,,77,,,0.5737185193896294,0.9622,0.8554999828338623,0.9210196406184706,0.8151488304138184,0.8151488304138184,0.8151488304138184,2000,,,,,,,,,,,
fedavg,fedavg,504|859,504|859,1,859,data_2000_4_1.5_chordal,global_val_client_task,val,cycle2,77,,,,,,,,,,2000,862.0,4.0,1134.0,0.0,0.9953810623556582,1.0,0.9976851344108582,0.9976851344108582,0.9976851344108582,862.0,0.4309999942779541
fedavg,fedavg,504|859,504|859,1,859,data_2000_4_1.5_chordal,global_val_client_task,val,cycle3,77,,,,,,,,,,2000,691.0,18.0,1291.0,0.0,0.9746121297602257,1.0,0.9871428608894348,0.9871428608894348,0.9871428608894348,691.0,0.34549999237060547
fedavg,fedavg,504|859,504|859,1,859,data_2000_4_1.5_chordal,global_val_client_task,val,cycle4,77,,,,,,,,,,2000,387.0,49.0,1560.0,4.0,0.8876146788990825,0.989769820971867,0.9359129667282104,0.9359129667282104,0.9359129667282104,391.0,0.19550000131130219
fedavg,fedavg,504|859,504|859,1,859,data_2000_4_1.5_chordal,global_val_client_task,val,cycle5,77,,,,,,,,,,2000,208.0,99.0,1665.0,28.0,0.6775244299674267,0.8813559322033898,0.7661142349243164,0.7661142349243164,0.7661142349243164,236.0,0.11800000071525574
fedavg,fedavg,504|859,504|859,1,859,data_2000_4_1.5_chordal,global_val_client_task,val,cycle6,77,,,,,,,,,,2000,56.0,104.0,1768.0,72.0,0.35,0.4375,0.3888888955116272,0.3888888955116272,0.3888888955116272,128.0,0.06400000303983688
fedavg,fedavg,504|859,504|859,1,all,all,global_val_mean,val,,77,,,0.5378810413181782,0.9698000000000001,0.879749983549118,0.8836390720099158,0.8360177576541901,0.8360177576541901,0.8360177576541901,4000,,,,,,,,,,,
fedavg,fedavg,504|859,504|859,1,504,data_2000_3_11_chordal,train_epoch,train,,78,1.0,0.09185772866755725,,,,,,,,2000,,,,,,,,,,,
fedavg,fedavg,504|859,504|859,1,504,data_2000_3_11_chordal,train_epoch,train,,78,2.0,0.05066121638042387,,,,,,,,2000,,,,,,,,,,,
fedavg,fedavg,504|859,504|859,1,504,data_2000_3_11_chordal,train_epoch,train,,78,3.0,0.07791034539788962,,,,,,,,2000,,,,,,,,,,,
fedavg,fedavg,504|859,504|859,1,504,data_2000_3_11_chordal,train_epoch,train,,78,4.0,0.09201877745240927,,,,,,,,2000,,,,,,,,,,,
fedavg,fedavg,504|859,504|859,1,504,data_2000_3_11_chordal,train_epoch,train,,78,5.0,0.08252603114582598,,,,,,,,2000,,,,,,,,,,,
fedavg,fedavg,504|859,504|859,1,504,data_2000_3_11_chordal,train_epoch,train,,78,6.0,0.055414772326126696,,,,,,,,2000,,,,,,,,,,,
fedavg,fedavg,504|859,504|859,1,504,data_2000_3_11_chordal,train_epoch,train,,78,7.0,0.06852457547187805,,,,,,,,2000,,,,,,,,,,,
fedavg,fedavg,504|859,504|859,1,504,data_2000_3_11_chordal,train_epoch,train,,78,8.0,0.05478721938468516,,,,,,,,2000,,,,,,,,,,,
fedavg,fedavg,504|859,504|859,1,504,data_2000_3_11_chordal,train_epoch,train,,78,9.0,0.04064566460903734,,,,,,,,2000,,,,,,,,,,,
fedavg,fedavg,504|859,504|859,1,504,data_2000_3_11_chordal,train_epoch,train,,78,10.0,0.057611510388553146,,,,,,,,2000,,,,,,,,,,,
fedavg,fedavg,504|859,504|859,1,504,data_2000_3_11_chordal,val_epoch,val,,78,,,0.3174257068634033,0.9678,0.871999979019165,0.8067226890756303,0.8374176025390625,0.8374176025390625,0.8374176025390625,2000,,,,,,,,,,,
fedavg,fedavg,504|859,504|859,1,504,data_2000_3_11_chordal,val_epoch_task,val,cycle2,78,,,,,,,,,,2000,82.0,5.0,1913.0,0.0,0.9425287356321839,1.0,0.9704142212867737,0.9704142212867737,0.9704142212867737,82.0,0.04100000113248825
fedavg,fedavg,504|859,504|859,1,504,data_2000_3_11_chordal,val_epoch_task,val,cycle3,78,,,,,,,,,,2000,128.0,23.0,1849.0,0.0,0.847682119205298,1.0,0.91756272315979,0.91756272315979,0.91756272315979,128.0,0.06400000303983688
fedavg,fedavg,504|859,504|859,1,504,data_2000_3_11_chordal,val_epoch_task,val,cycle4,78,,,,,,,,,,2000,157.0,52.0,1791.0,0.0,0.7511961722488039,1.0,0.8579235076904297,0.8579235076904297,0.8579235076904297,157.0,0.07850000262260437
fedavg,fedavg,504|859,504|859,1,504,data_2000_3_11_chordal,val_epoch_task,val,cycle5,78,,,,,,,,,,2000,173.0,50.0,1763.0,14.0,0.7757847533632287,0.9251336898395722,0.8439024090766907,0.8439024090766907,0.8439024090766907,187.0,0.09350000321865082
fedavg,fedavg,504|859,504|859,1,504,data_2000_3_11_chordal,val_epoch_task,val,cycle6,78,,,,,,,,,,2000,132.0,127.0,1690.0,51.0,0.5096525096525096,0.7213114754098361,0.5972850322723389,0.5972850322723389,0.5972850322723389,183.0,0.09149999916553497
fedavg,fedavg,504|859,504|859,1,859,data_2000_4_1.5_chordal,train_epoch,train,,78,1.0,0.05163015906885266,,,,,,,,2000,,,,,,,,,,,
fedavg,fedavg,504|859,504|859,1,859,data_2000_4_1.5_chordal,train_epoch,train,,78,2.0,0.05317299548536539,,,,,,,,2000,,,,,,,,,,,
fedavg,fedavg,504|859,504|859,1,859,data_2000_4_1.5_chordal,train_epoch,train,,78,3.0,0.08529403176531196,,,,,,,,2000,,,,,,,,,,,
fedavg,fedavg,504|859,504|859,1,859,data_2000_4_1.5_chordal,train_epoch,train,,78,4.0,0.035105272427201274,,,,,,,,2000,,,,,,,,,,,
fedavg,fedavg,504|859,504|859,1,859,data_2000_4_1.5_chordal,train_epoch,train,,78,5.0,0.05319956884533167,,,,,,,,2000,,,,,,,,,,,
fedavg,fedavg,504|859,504|859,1,859,data_2000_4_1.5_chordal,train_epoch,train,,78,6.0,0.044235847383737564,,,,,,,,2000,,,,,,,,,,,
fedavg,fedavg,504|859,504|859,1,859,data_2000_4_1.5_chordal,train_epoch,train,,78,7.0,0.04168635632842779,,,,,,,,2000,,,,,,,,,,,
fedavg,fedavg,504|859,504|859,1,859,data_2000_4_1.5_chordal,train_epoch,train,,78,8.0,0.04548942189104855,,,,,,,,2000,,,,,,,,,,,
fedavg,fedavg,504|859,504|859,1,859,data_2000_4_1.5_chordal,train_epoch,train,,78,9.0,0.07222144442796707,,,,,,,,2000,,,,,,,,,,,
fedavg,fedavg,504|859,504|859,1,859,data_2000_4_1.5_chordal,train_epoch,train,,78,10.0,0.06427593429386616,,,,,,,,2000,,,,,,,,,,,
fedavg,fedavg,504|859,504|859,1,859,data_2000_4_1.5_chordal,val_epoch,val,,78,,,1.0197513647079468,0.9581,0.840499997138977,0.9116965226554267,0.7918039560317993,0.7918039560317993,0.7918039560317993,2000,,,,,,,,,,,
fedavg,fedavg,504|859,504|859,1,859,data_2000_4_1.5_chordal,val_epoch_task,val,cycle2,78,,,,,,,,,,2000,857.0,1.0,1137.0,5.0,0.9988344988344988,0.994199535962877,0.9965115785598755,0.9965115785598755,0.9965115785598755,862.0,0.4309999942779541
fedavg,fedavg,504|859,504|859,1,859,data_2000_4_1.5_chordal,val_epoch_task,val,cycle3,78,,,,,,,,,,2000,688.0,18.0,1291.0,3.0,0.9745042492917847,0.9956584659913169,0.984967827796936,0.984967827796936,0.984967827796936,691.0,0.34549999237060547
fedavg,fedavg,504|859,504|859,1,859,data_2000_4_1.5_chordal,val_epoch_task,val,cycle4,78,,,,,,,,,,2000,377.0,55.0,1554.0,14.0,0.8726851851851852,0.9641943734015346,0.9161604046821594,0.9161604046821594,0.9161604046821594,391.0,0.19550000131130219
fedavg,fedavg,504|859,504|859,1,859,data_2000_4_1.5_chordal,val_epoch_task,val,cycle5,78,,,,,,,,,,2000,197.0,113.0,1651.0,39.0,0.635483870967742,0.8347457627118644,0.7216116786003113,0.7216116786003113,0.7216116786003113,236.0,0.11800000071525574
fedavg,fedavg,504|859,504|859,1,859,data_2000_4_1.5_chordal,val_epoch_task,val,cycle6,78,,,,,,,,,,2000,44.0,87.0,1785.0,84.0,0.33587786259541985,0.34375,0.33976832032203674,0.33976832032203674,0.33976832032203674,128.0,0.06400000303983688
fedavg,fedavg,504|859,504|859,1,504,data_2000_3_11_chordal,global_val_client,val,,78,,,0.5624895303249359,0.9744,0.8970000147819519,0.8302387267904509,0.8399094343185425,0.8399094343185425,0.8399094343185425,2000,,,,,,,,,,,
fedavg,fedavg,504|859,504|859,1,504,data_2000_3_11_chordal,global_val_client_task,val,cycle2,78,,,,,,,,,,2000,82.0,3.0,1915.0,0.0,0.9647058823529412,1.0,0.9820358753204346,0.9820358753204346,0.9820358753204346,82.0,0.04100000113248825
fedavg,fedavg,504|859,504|859,1,504,data_2000_3_11_chordal,global_val_client_task,val,cycle3,78,,,,,,,,,,2000,128.0,22.0,1850.0,0.0,0.8533333333333334,1.0,0.9208633303642273,0.9208633303642273,0.9208633303642273,128.0,0.06400000303983688
fedavg,fedavg,504|859,504|859,1,504,data_2000_3_11_chordal,global_val_client_task,val,cycle4,78,,,,,,,,,,2000,157.0,34.0,1809.0,0.0,0.8219895287958116,1.0,0.9022988677024841,0.9022988677024841,0.9022988677024841,157.0,0.07850000262260437
fedavg,fedavg,504|859,504|859,1,504,data_2000_3_11_chordal,global_val_client_task,val,cycle5,78,,,,,,,,,,2000,182.0,38.0,1775.0,5.0,0.8272727272727273,0.9732620320855615,0.8943489193916321,0.8943489193916321,0.8943489193916321,187.0,0.09350000321865082
fedavg,fedavg,504|859,504|859,1,504,data_2000_3_11_chordal,global_val_client_task,val,cycle6,78,,,,,,,,,,2000,77.0,48.0,1769.0,106.0,0.616,0.4207650273224044,0.5,0.5,0.5,183.0,0.09149999916553497
fedavg,fedavg,504|859,504|859,1,859,data_2000_4_1.5_chordal,global_val_client,val,,78,,,0.5983896741867065,0.9393,0.7950000166893005,0.879873342568771,0.7715123891830444,0.7715123891830444,0.7715123891830444,2000,,,,,,,,,,,
fedavg,fedavg,504|859,504|859,1,859,data_2000_4_1.5_chordal,global_val_client_task,val,cycle2,78,,,,,,,,,,2000,862.0,4.0,1134.0,0.0,0.9953810623556582,1.0,0.9976851344108582,0.9976851344108582,0.9976851344108582,862.0,0.4309999942779541
fedavg,fedavg,504|859,504|859,1,859,data_2000_4_1.5_chordal,global_val_client_task,val,cycle3,78,,,,,,,,,,2000,691.0,21.0,1288.0,0.0,0.9705056179775281,1.0,0.9850320816040039,0.9850320816040039,0.9850320816040039,691.0,0.34549999237060547
fedavg,fedavg,504|859,504|859,1,859,data_2000_4_1.5_chordal,global_val_client_task,val,cycle4,78,,,,,,,,,,2000,389.0,134.0,1475.0,2.0,0.7437858508604207,0.9948849104859335,0.8512035012245178,0.8512035012245178,0.8512035012245178,391.0,0.19550000131130219
fedavg,fedavg,504|859,504|859,1,859,data_2000_4_1.5_chordal,global_val_client_task,val,cycle5,78,,,,,,,,,,2000,218.0,186.0,1578.0,18.0,0.5396039603960396,0.923728813559322,0.6812499761581421,0.6812499761581421,0.6812499761581421,236.0,0.11800000071525574
fedavg,fedavg,504|859,504|859,1,859,data_2000_4_1.5_chordal,global_val_client_task,val,cycle6,78,,,,,,,,,,2000,63.0,177.0,1695.0,65.0,0.2625,0.4921875,0.3423912823200226,0.3423912823200226,0.3423912823200226,128.0,0.06400000303983688
fedavg,fedavg,504|859,504|859,1,all,all,global_val_mean,val,,78,,,0.5804396022558213,0.9568500000000001,0.8460000157356262,0.855056034679611,0.8057109117507935,0.8057109117507935,0.8057109117507935,4000,,,,,,,,,,,
fedavg,fedavg,504|859,504|859,1,504,data_2000_3_11_chordal,train_epoch,train,,79,1.0,0.055809549421072004,,,,,,,,2000,,,,,,,,,,,
fedavg,fedavg,504|859,504|859,1,504,data_2000_3_11_chordal,train_epoch,train,,79,2.0,0.08190245832502842,,,,,,,,2000,,,,,,,,,,,
fedavg,fedavg,504|859,504|859,1,504,data_2000_3_11_chordal,train_epoch,train,,79,3.0,0.07764611383527517,,,,,,,,2000,,,,,,,,,,,
fedavg,fedavg,504|859,504|859,1,504,data_2000_3_11_chordal,train_epoch,train,,79,4.0,0.06888922727108002,,,,,,,,2000,,,,,,,,,,,
fedavg,fedavg,504|859,504|859,1,504,data_2000_3_11_chordal,train_epoch,train,,79,5.0,0.06891400123946369,,,,,,,,2000,,,,,,,,,,,
fedavg,fedavg,504|859,504|859,1,504,data_2000_3_11_chordal,train_epoch,train,,79,6.0,0.05882260272279382,,,,,,,,2000,,,,,,,,,,,
fedavg,fedavg,504|859,504|859,1,504,data_2000_3_11_chordal,train_epoch,train,,79,7.0,0.056648750204592944,,,,,,,,2000,,,,,,,,,,,
fedavg,fedavg,504|859,504|859,1,504,data_2000_3_11_chordal,train_epoch,train,,79,8.0,0.058643841758370396,,,,,,,,2000,,,,,,,,,,,
fedavg,fedavg,504|859,504|859,1,504,data_2000_3_11_chordal,train_epoch,train,,79,9.0,0.0706179526686683,,,,,,,,2000,,,,,,,,,,,
fedavg,fedavg,504|859,504|859,1,504,data_2000_3_11_chordal,train_epoch,train,,79,10.0,0.05069000139087439,,,,,,,,2000,,,,,,,,,,,
fedavg,fedavg,504|859,504|859,1,504,data_2000_3_11_chordal,val_epoch,val,,79,,,0.3980347969084978,0.9692,0.8715000152587891,0.8131067961165048,0.8543206453323364,0.8543206453323364,0.8543206453323364,2000,,,,,,,,,,,
fedavg,fedavg,504|859,504|859,1,504,data_2000_3_11_chordal,val_epoch_task,val,cycle2,79,,,,,,,,,,2000,82.0,2.0,1916.0,0.0,0.9761904761904762,1.0,0.9879518151283264,0.9879518151283264,0.9879518151283264,82.0,0.04100000113248825
fedavg,fedavg,504|859,504|859,1,504,data_2000_3_11_chordal,val_epoch_task,val,cycle3,79,,,,,,,,,,2000,128.0,11.0,1861.0,0.0,0.920863309352518,1.0,0.9588015079498291,0.9588015079498291,0.9588015079498291,128.0,0.06400000303983688
fedavg,fedavg,504|859,504|859,1,504,data_2000_3_11_chordal,val_epoch_task,val,cycle4,79,,,,,,,,,,2000,156.0,29.0,1814.0,1.0,0.8432432432432433,0.9936305732484076,0.9122807383537292,0.9122807383537292,0.9122807383537292,157.0,0.07850000262260437
fedavg,fedavg,504|859,504|859,1,504,data_2000_3_11_chordal,val_epoch_task,val,cycle5,79,,,,,,,,,,2000,178.0,45.0,1768.0,9.0,0.7982062780269058,0.9518716577540107,0.8682926297187805,0.8682926297187805,0.8682926297187805,187.0,0.09350000321865082
fedavg,fedavg,504|859,504|859,1,504,data_2000_3_11_chordal,val_epoch_task,val,cycle6,79,,,,,,,,,,2000,126.0,154.0,1663.0,57.0,0.45,0.6885245901639344,0.5442764759063721,0.5442764759063721,0.5442764759063721,183.0,0.09149999916553497
fedavg,fedavg,504|859,504|859,1,859,data_2000_4_1.5_chordal,train_epoch,train,,79,1.0,0.07252677812241018,,,,,,,,2000,,,,,,,,,,,
fedavg,fedavg,504|859,504|859,1,859,data_2000_4_1.5_chordal,train_epoch,train,,79,2.0,0.057561935298144816,,,,,,,,2000,,,,,,,,,,,
fedavg,fedavg,504|859,504|859,1,859,data_2000_4_1.5_chordal,train_epoch,train,,79,3.0,0.04315052238479257,,,,,,,,2000,,,,,,,,,,,
fedavg,fedavg,504|859,504|859,1,859,data_2000_4_1.5_chordal,train_epoch,train,,79,4.0,0.043164043501019475,,,,,,,,2000,,,,,,,,,,,
fedavg,fedavg,504|859,504|859,1,859,data_2000_4_1.5_chordal,train_epoch,train,,79,5.0,0.04319392378628254,,,,,,,,2000,,,,,,,,,,,
fedavg,fedavg,504|859,504|859,1,859,data_2000_4_1.5_chordal,train_epoch,train,,79,6.0,0.053268877722322944,,,,,,,,2000,,,,,,,,,,,
fedavg,fedavg,504|859,504|859,1,859,data_2000_4_1.5_chordal,train_epoch,train,,79,7.0,0.043535118743777274,,,,,,,,2000,,,,,,,,,,,
fedavg,fedavg,504|859,504|859,1,859,data_2000_4_1.5_chordal,train_epoch,train,,79,8.0,0.048694193929433825,,,,,,,,2000,,,,,,,,,,,
fedavg,fedavg,504|859,504|859,1,859,data_2000_4_1.5_chordal,train_epoch,train,,79,9.0,0.03207406580075622,,,,,,,,2000,,,,,,,,,,,
fedavg,fedavg,504|859,504|859,1,859,data_2000_4_1.5_chordal,train_epoch,train,,79,10.0,0.04260636869445443,,,,,,,,2000,,,,,,,,,,,
fedavg,fedavg,504|859,504|859,1,859,data_2000_4_1.5_chordal,val_epoch,val,,79,,,1.195531744480133,0.9641,0.8539999723434448,0.923306985686819,0.7876898050308228,0.7876898050308228,0.7876898050308228,2000,,,,,,,,,,,
fedavg,fedavg,504|859,504|859,1,859,data_2000_4_1.5_chordal,val_epoch_task,val,cycle2,79,,,,,,,,,,2000,862.0,3.0,1135.0,0.0,0.9965317919075144,1.0,0.998262882232666,0.998262882232666,0.998262882232666,862.0,0.4309999942779541
fedavg,fedavg,504|859,504|859,1,859,data_2000_4_1.5_chordal,val_epoch_task,val,cycle3,79,,,,,,,,,,2000,689.0,11.0,1298.0,2.0,0.9842857142857143,0.9971056439942113,0.9906541705131531,0.9906541705131531,0.9906541705131531,691.0,0.34549999237060547
fedavg,fedavg,504|859,504|859,1,859,data_2000_4_1.5_chordal,val_epoch_task,val,cycle4,79,,,,,,,,,,2000,374.0,41.0,1568.0,17.0,0.9012048192771084,0.9565217391304348,0.9280397295951843,0.9280397295951843,0.9280397295951843,391.0,0.19550000131130219
fedavg,fedavg,504|859,504|859,1,859,data_2000_4_1.5_chordal,val_epoch_task,val,cycle5,79,,,,,,,,,,2000,209.0,101.0,1663.0,27.0,0.6741935483870968,0.885593220338983,0.7655677795410156,0.7655677795410156,0.7655677795410156,236.0,0.11800000071525574
fedavg,fedavg,504|859,504|859,1,859,data_2000_4_1.5_chordal,val_epoch_task,val,cycle6,79,,,,,,,,,,2000,27.0,56.0,1816.0,101.0,0.3253012048192771,0.2109375,0.25592419505119324,0.25592419505119324,0.25592419505119324,128.0,0.06400000303983688
fedavg,fedavg,504|859,504|859,1,504,data_2000_3_11_chordal,global_val_client,val,,79,,,0.6548512695096433,0.9736,0.8924999833106995,0.8249336870026526,0.832024097442627,0.832024097442627,0.832024097442627,2000,,,,,,,,,,,
fedavg,fedavg,504|859,504|859,1,504,data_2000_3_11_chordal,global_val_client_task,val,cycle2,79,,,,,,,,,,2000,82.0,12.0,1906.0,0.0,0.8723404255319149,1.0,0.9318181872367859,0.9318181872367859,0.9318181872367859,82.0,0.04100000113248825
fedavg,fedavg,504|859,504|859,1,504,data_2000_3_11_chordal,global_val_client_task,val,cycle3,79,,,,,,,,,,2000,128.0,17.0,1855.0,0.0,0.8827586206896552,1.0,0.9377289414405823,0.9377289414405823,0.9377289414405823,128.0,0.06400000303983688
fedavg,fedavg,504|859,504|859,1,504,data_2000_3_11_chordal,global_val_client_task,val,cycle4,79,,,,,,,,,,2000,154.0,24.0,1819.0,3.0,0.8651685393258427,0.9808917197452229,0.9194029569625854,0.9194029569625854,0.9194029569625854,157.0,0.07850000262260437
fedavg,fedavg,504|859,504|859,1,504,data_2000_3_11_chordal,global_val_client_task,val,cycle5,79,,,,,,,,,,2000,181.0,46.0,1767.0,6.0,0.7973568281938326,0.9679144385026738,0.8743961453437805,0.8743961453437805,0.8743961453437805,187.0,0.09350000321865082
fedavg,fedavg,504|859,504|859,1,504,data_2000_3_11_chordal,global_val_client_task,val,cycle6,79,,,,,,,,,,2000,77.0,50.0,1767.0,106.0,0.6062992125984252,0.4207650273224044,0.49677416682243347,0.49677416682243347,0.49677416682243347,183.0,0.09149999916553497
fedavg,fedavg,504|859,504|859,1,859,data_2000_4_1.5_chordal,global_val_client,val,,79,,,0.6453716285228729,0.9508,0.8220000267028809,0.9001623376623378,0.7892114520072937,0.7892114520072937,0.7892114520072937,2000,,,,,,,,,,,
fedavg,fedavg,504|859,504|859,1,859,data_2000_4_1.5_chordal,global_val_client_task,val,cycle2,79,,,,,,,,,,2000,862.0,3.0,1135.0,0.0,0.9965317919075144,1.0,0.998262882232666,0.998262882232666,0.998262882232666,862.0,0.4309999942779541
fedavg,fedavg,504|859,504|859,1,859,data_2000_4_1.5_chordal,global_val_client_task,val,cycle3,79,,,,,,,,,,2000,690.0,10.0,1299.0,1.0,0.9857142857142858,0.9985528219971056,0.9920920133590698,0.9920920133590698,0.9920920133590698,691.0,0.34549999237060547
fedavg,fedavg,504|859,504|859,1,859,data_2000_4_1.5_chordal,global_val_client_task,val,cycle4,79,,,,,,,,,,2000,390.0,63.0,1546.0,1.0,0.8609271523178808,0.9974424552429667,0.9241706728935242,0.9241706728935242,0.9241706728935242,391.0,0.19550000131130219
fedavg,fedavg,504|859,504|859,1,859,data_2000_4_1.5_chordal,global_val_client_task,val,cycle5,79,,,,,,,,,,2000,220.0,176.0,1588.0,16.0,0.5555555555555556,0.9322033898305084,0.6962025761604309,0.6962025761604309,0.6962025761604309,236.0,0.11800000071525574
fedavg,fedavg,504|859,504|859,1,859,data_2000_4_1.5_chordal,global_val_client_task,val,cycle6,79,,,,,,,,,,2000,56.0,150.0,1722.0,72.0,0.27184466019417475,0.4375,0.3353293538093567,0.3353293538093567,0.3353293538093567,128.0,0.06400000303983688
fedavg,fedavg,504|859,504|859,1,all,all,global_val_mean,val,,79,,,0.6501114490162582,0.9622,0.8572500050067902,0.8625480123324952,0.8106177747249603,0.8106177747249603,0.8106177747249603,4000,,,,,,,,,,,
fedavg,fedavg,504|859,504|859,1,504,data_2000_3_11_chordal,train_epoch,train,,80,1.0,0.09869736146368087,,,,,,,,2000,,,,,,,,,,,
fedavg,fedavg,504|859,504|859,1,504,data_2000_3_11_chordal,train_epoch,train,,80,2.0,0.07802878278493881,,,,,,,,2000,,,,,,,,,,,
fedavg,fedavg,504|859,504|859,1,504,data_2000_3_11_chordal,train_epoch,train,,80,3.0,0.067304974719882,,,,,,,,2000,,,,,,,,,,,
fedavg,fedavg,504|859,504|859,1,504,data_2000_3_11_chordal,train_epoch,train,,80,4.0,0.07584364158660173,,,,,,,,2000,,,,,,,,,,,
fedavg,fedavg,504|859,504|859,1,504,data_2000_3_11_chordal,train_epoch,train,,80,5.0,0.044772170189768076,,,,,,,,2000,,,,,,,,,,,
fedavg,fedavg,504|859,504|859,1,504,data_2000_3_11_chordal,train_epoch,train,,80,6.0,0.047527415305376054,,,,,,,,2000,,,,,,,,,,,
fedavg,fedavg,504|859,504|859,1,504,data_2000_3_11_chordal,train_epoch,train,,80,7.0,0.06610900560952723,,,,,,,,2000,,,,,,,,,,,
fedavg,fedavg,504|859,504|859,1,504,data_2000_3_11_chordal,train_epoch,train,,80,8.0,0.06897415107488632,,,,,,,,2000,,,,,,,,,,,
fedavg,fedavg,504|859,504|859,1,504,data_2000_3_11_chordal,train_epoch,train,,80,9.0,0.04694347950257361,,,,,,,,2000,,,,,,,,,,,
fedavg,fedavg,504|859,504|859,1,504,data_2000_3_11_chordal,train_epoch,train,,80,10.0,0.043306301986332986,,,,,,,,2000,,,,,,,,,,,
fedavg,fedavg,504|859,504|859,1,504,data_2000_3_11_chordal,val_epoch,val,,80,,,0.8226885681152344,0.9726,0.8865000009536743,0.8156123822341859,0.8300375938415527,0.8300375938415527,0.8300375938415527,2000,,,,,,,,,,,
fedavg,fedavg,504|859,504|859,1,504,data_2000_3_11_chordal,val_epoch_task,val,cycle2,80,,,,,,,,,,2000,82.0,6.0,1912.0,0.0,0.9318181818181818,1.0,0.9647058844566345,0.9647058844566345,0.9647058844566345,82.0,0.04100000113248825
fedavg,fedavg,504|859,504|859,1,504,data_2000_3_11_chordal,val_epoch_task,val,cycle3,80,,,,,,,,,,2000,128.0,12.0,1860.0,0.0,0.9142857142857143,1.0,0.9552239179611206,0.9552239179611206,0.9552239179611206,128.0,0.06400000303983688
fedavg,fedavg,504|859,504|859,1,504,data_2000_3_11_chordal,val_epoch_task,val,cycle4,80,,,,,,,,,,2000,156.0,30.0,1813.0,1.0,0.8387096774193549,0.9936305732484076,0.909621000289917,0.909621000289917,0.909621000289917,157.0,0.07850000262260437
fedavg,fedavg,504|859,504|859,1,504,data_2000_3_11_chordal,val_epoch_task,val,cycle5,80,,,,,,,,,,2000,167.0,35.0,1778.0,20.0,0.8267326732673267,0.893048128342246,0.8586118221282959,0.8586118221282959,0.8586118221282959,187.0,0.09350000321865082
fedavg,fedavg,504|859,504|859,1,504,data_2000_3_11_chordal,val_epoch_task,val,cycle6,80,,,,,,,,,,2000,73.0,60.0,1757.0,110.0,0.5488721804511278,0.3989071038251366,0.4620252847671509,0.4620252847671509,0.4620252847671509,183.0,0.09149999916553497
fedavg,fedavg,504|859,504|859,1,859,data_2000_4_1.5_chordal,train_epoch,train,,80,1.0,0.0487624482139945,,,,,,,,2000,,,,,,,,,,,
fedavg,fedavg,504|859,504|859,1,859,data_2000_4_1.5_chordal,train_epoch,train,,80,2.0,0.04956015754491091,,,,,,,,2000,,,,,,,,,,,
fedavg,fedavg,504|859,504|859,1,859,data_2000_4_1.5_chordal,train_epoch,train,,80,3.0,0.0405578347556293,,,,,,,,2000,,,,,,,,,,,
fedavg,fedavg,504|859,504|859,1,859,data_2000_4_1.5_chordal,train_epoch,train,,80,4.0,0.03957370315492153,,,,,,,,2000,,,,,,,,,,,
fedavg,fedavg,504|859,504|859,1,859,data_2000_4_1.5_chordal,train_epoch,train,,80,5.0,0.0712246585674584,,,,,,,,2000,,,,,,,,,,,
fedavg,fedavg,504|859,504|859,1,859,data_2000_4_1.5_chordal,train_epoch,train,,80,6.0,0.05404184719920158,,,,,,,,2000,,,,,,,,,,,
fedavg,fedavg,504|859,504|859,1,859,data_2000_4_1.5_chordal,train_epoch,train,,80,7.0,0.07670703563094139,,,,,,,,2000,,,,,,,,,,,
fedavg,fedavg,504|859,504|859,1,859,data_2000_4_1.5_chordal,train_epoch,train,,80,8.0,0.05568374592065811,,,,,,,,2000,,,,,,,,,,,
fedavg,fedavg,504|859,504|859,1,859,data_2000_4_1.5_chordal,train_epoch,train,,80,9.0,0.04314576815068722,,,,,,,,2000,,,,,,,,,,,
fedavg,fedavg,504|859,504|859,1,859,data_2000_4_1.5_chordal,train_epoch,train,,80,10.0,0.04722085991315544,,,,,,,,2000,,,,,,,,,,,
fedavg,fedavg,504|859,504|859,1,859,data_2000_4_1.5_chordal,val_epoch,val,,80,,,1.0006617039814591,0.9689,0.8759999871253967,0.9327276660177375,0.812035858631134,0.812035858631134,0.812035858631134,2000,,,,,,,,,,,
fedavg,fedavg,504|859,504|859,1,859,data_2000_4_1.5_chordal,val_epoch_task,val,cycle2,80,,,,,,,,,,2000,861.0,2.0,1136.0,1.0,0.9976825028968713,0.9988399071925754,0.9982608556747437,0.9982608556747437,0.9982608556747437,862.0,0.4309999942779541
fedavg,fedavg,504|859,504|859,1,859,data_2000_4_1.5_chordal,val_epoch_task,val,cycle3,80,,,,,,,,,,2000,691.0,14.0,1295.0,0.0,0.9801418439716312,1.0,0.9899712800979614,0.9899712800979614,0.9899712800979614,691.0,0.34549999237060547
fedavg,fedavg,504|859,504|859,1,859,data_2000_4_1.5_chordal,val_epoch_task,val,cycle4,80,,,,,,,,,,2000,376.0,28.0,1581.0,15.0,0.9306930693069307,0.9616368286445013,0.9459120035171509,0.9459120035171509,0.9459120035171509,391.0,0.19550000131130219
fedavg,fedavg,504|859,504|859,1,859,data_2000_4_1.5_chordal,val_epoch_task,val,cycle5,80,,,,,,,,,,2000,190.0,57.0,1707.0,46.0,0.7692307692307693,0.8050847457627118,0.7867494821548462,0.7867494821548462,0.7867494821548462,236.0,0.11800000071525574
fedavg,fedavg,504|859,504|859,1,859,data_2000_4_1.5_chordal,val_epoch_task,val,cycle6,80,,,,,,,,,,2000,38.0,58.0,1814.0,90.0,0.3958333333333333,0.296875,0.3392857015132904,0.3392857015132904,0.3392857015132904,128.0,0.06400000303983688
fedavg,fedavg,504|859,504|859,1,504,data_2000_3_11_chordal,global_val_client,val,,80,,,0.8358373441249132,0.9773,0.9049999713897705,0.842470506592644,0.8419675827026367,0.8419675827026367,0.8419675827026367,2000,,,,,,,,,,,
fedavg,fedavg,504|859,504|859,1,504,data_2000_3_11_chordal,global_val_client_task,val,cycle2,80,,,,,,,,,,2000,82.0,0.0,1918.0,0.0,1.0,1.0,1.0,1.0,1.0,82.0,0.04100000113248825
fedavg,fedavg,504|859,504|859,1,504,data_2000_3_11_chordal,global_val_client_task,val,cycle3,80,,,,,,,,,,2000,128.0,18.0,1854.0,0.0,0.8767123287671232,1.0,0.9343065619468689,0.9343065619468689,0.9343065619468689,128.0,0.06400000303983688
fedavg,fedavg,504|859,504|859,1,504,data_2000_3_11_chordal,global_val_client_task,val,cycle4,80,,,,,,,,,,2000,157.0,24.0,1819.0,0.0,0.8674033149171271,1.0,0.9289941191673279,0.9289941191673279,0.9289941191673279,157.0,0.07850000262260437
fedavg,fedavg,504|859,504|859,1,504,data_2000_3_11_chordal,global_val_client_task,val,cycle5,80,,,,,,,,,,2000,182.0,33.0,1780.0,5.0,0.8465116279069768,0.9732620320855615,0.9054725766181946,0.9054725766181946,0.9054725766181946,187.0,0.09350000321865082
fedavg,fedavg,504|859,504|859,1,504,data_2000_3_11_chordal,global_val_client_task,val,cycle6,80,,,,,,,,,,2000,58.0,22.0,1795.0,125.0,0.725,0.31693989071038253,0.44106462597846985,0.44106462597846985,0.44106462597846985,183.0,0.09149999916553497
fedavg,fedavg,504|859,504|859,1,859,data_2000_4_1.5_chordal,global_val_client,val,,80,,,0.8337549045085907,0.959,0.8429999947547913,0.914512093411176,0.7926567792892456,0.7926567792892456,0.7926567792892456,2000,,,,,,,,,,,
fedavg,fedavg,504|859,504|859,1,859,data_2000_4_1.5_chordal,global_val_client_task,val,cycle2,80,,,,,,,,,,2000,862.0,2.0,1136.0,0.0,0.9976851851851852,1.0,0.9988412261009216,0.9988412261009216,0.9988412261009216,862.0,0.4309999942779541
fedavg,fedavg,504|859,504|859,1,859,data_2000_4_1.5_chordal,global_val_client_task,val,cycle3,80,,,,,,,,,,2000,690.0,11.0,1298.0,1.0,0.9843081312410842,0.9985528219971056,0.9913793206214905,0.9913793206214905,0.9913793206214905,691.0,0.34549999237060547
fedavg,fedavg,504|859,504|859,1,859,data_2000_4_1.5_chordal,global_val_client_task,val,cycle4,80,,,,,,,,,,2000,389.0,67.0,1542.0,2.0,0.8530701754385965,0.9948849104859335,0.9185360074043274,0.9185360074043274,0.9185360074043274,391.0,0.19550000131130219
fedavg,fedavg,504|859,504|859,1,859,data_2000_4_1.5_chordal,global_val_client_task,val,cycle5,80,,,,,,,,,,2000,211.0,123.0,1641.0,25.0,0.6317365269461078,0.8940677966101694,0.7403509020805359,0.7403509020805359,0.7403509020805359,236.0,0.11800000071525574
fedavg,fedavg,504|859,504|859,1,859,data_2000_4_1.5_chordal,global_val_client_task,val,cycle6,80,,,,,,,,,,2000,41.0,92.0,1780.0,87.0,0.3082706766917293,0.3203125,0.3141762316226959,0.3141762316226959,0.3141762316226959,128.0,0.06400000303983688
fedavg,fedavg,504|859,504|859,1,all,all,global_val_mean,val,,80,,,0.834796124316752,0.96815,0.8739999830722809,0.8784913000019101,0.8173121809959412,0.8173121809959412,0.8173121809959412,4000,,,,,,,,,,,
fedavg,fedavg,504|859,504|859,1,504,data_2000_3_11_chordal,best_global_train,train,,12,,,0.11100945711135864,0.9821,0.9284999966621399,0.8707581227436824,0.874367356300354,0.874367356300354,0.874367356300354,2000,,,,,,,,,,,
fedavg,fedavg,504|859,504|859,1,504,data_2000_3_11_chordal,best_global_train_task,train,cycle2,12,,,,,,,,,,2000,118.0,8.0,1874.0,0.0,0.9365079365079365,1.0,0.9672130942344666,0.9672130942344666,0.9672130942344666,118.0,0.05900000035762787
fedavg,fedavg,504|859,504|859,1,504,data_2000_3_11_chordal,best_global_train_task,train,cycle3,12,,,,,,,,,,2000,109.0,24.0,1867.0,0.0,0.8195488721804511,1.0,0.9008264541625977,0.9008264541625977,0.9008264541625977,109.0,0.054499998688697815
fedavg,fedavg,504|859,504|859,1,504,data_2000_3_11_chordal,best_global_train_task,train,cycle4,12,,,,,,,,,,2000,137.0,39.0,1822.0,2.0,0.7784090909090909,0.9856115107913669,0.8698412775993347,0.8698412775993347,0.8698412775993347,139.0,0.06949999928474426
fedavg,fedavg,504|859,504|859,1,504,data_2000_3_11_chordal,best_global_train_task,train,cycle5,12,,,,,,,,,,2000,103.0,48.0,1847.0,2.0,0.6821192052980133,0.9809523809523809,0.8046874403953552,0.8046874403953552,0.8046874403953552,105.0,0.05249999836087227
fedavg,fedavg,504|859,504|859,1,504,data_2000_3_11_chordal,best_global_train_task,train,cycle6,12,,,,,,,,,,2000,136.0,43.0,1808.0,13.0,0.7597765363128491,0.912751677852349,0.829268217086792,0.829268217086792,0.829268217086792,149.0,0.07450000196695328
fedavg,fedavg,504|859,504|859,1,859,data_2000_4_1.5_chordal,best_global_train,train,,12,,,0.16800726675987243,0.9406,0.7714999914169312,0.8908890521675239,0.8193014860153198,0.8193014860153198,0.8193014860153198,2000,,,,,,,,,,,
fedavg,fedavg,504|859,504|859,1,859,data_2000_4_1.5_chordal,best_global_train_task,train,cycle2,12,,,,,,,,,,2000,899.0,13.0,1088.0,0.0,0.9857456140350878,1.0,0.9928216338157654,0.9928216338157654,0.9928216338157654,899.0,0.4494999945163727
fedavg,fedavg,504|859,504|859,1,859,data_2000_4_1.5_chordal,best_global_train_task,train,cycle3,12,,,,,,,,,,2000,676.0,31.0,1293.0,0.0,0.9561527581329562,1.0,0.977584958076477,0.977584958076477,0.977584958076477,676.0,0.33799999952316284
fedavg,fedavg,504|859,504|859,1,859,data_2000_4_1.5_chordal,best_global_train_task,train,cycle4,12,,,,,,,,,,2000,447.0,134.0,1416.0,3.0,0.7693631669535284,0.9933333333333333,0.867119312286377,0.867119312286377,0.867119312286377,450.0,0.22499999403953552
fedavg,fedavg,504|859,504|859,1,859,data_2000_4_1.5_chordal,best_global_train_task,train,cycle5,12,,,,,,,,,,2000,298.0,231.0,1466.0,5.0,0.5633270321361059,0.9834983498349835,0.7163461446762085,0.7163461446762085,0.7163461446762085,303.0,0.15150000154972076
fedavg,fedavg,504|859,504|859,1,859,data_2000_4_1.5_chordal,best_global_train_task,train,cycle6,12,,,,,,,,,,2000,105.0,176.0,1718.0,1.0,0.3736654804270463,0.9905660377358491,0.5426356196403503,0.5426356196403503,0.5426356196403503,106.0,0.05299999937415123
fedavg,fedavg,504|859,504|859,1,504,data_2000_3_11_chordal,best_global_val,val,,12,,,0.1957784308195114,0.9728,0.8955000042915344,0.837902264600715,0.8525770902633667,0.8525770902633667,0.8525770902633667,2000,,,,,,,,,,,
fedavg,fedavg,504|859,504|859,1,504,data_2000_3_11_chordal,best_global_val_task,val,cycle2,12,,,,,,,,,,2000,82.0,14.0,1904.0,0.0,0.8541666666666666,1.0,0.9213482737541199,0.9213482737541199,0.9213482737541199,82.0,0.04100000113248825
fedavg,fedavg,504|859,504|859,1,504,data_2000_3_11_chordal,best_global_val_task,val,cycle3,12,,,,,,,,,,2000,128.0,23.0,1849.0,0.0,0.847682119205298,1.0,0.91756272315979,0.91756272315979,0.91756272315979,128.0,0.06400000303983688
fedavg,fedavg,504|859,504|859,1,504,data_2000_3_11_chordal,best_global_val_task,val,cycle4,12,,,,,,,,,,2000,152.0,56.0,1787.0,5.0,0.7307692307692307,0.9681528662420382,0.8328766822814941,0.8328766822814941,0.8328766822814941,157.0,0.07850000262260437
fedavg,fedavg,504|859,504|859,1,504,data_2000_3_11_chordal,best_global_val_task,val,cycle5,12,,,,,,,,,,2000,184.0,78.0,1735.0,3.0,0.7022900763358778,0.983957219251337,0.8195990920066833,0.8195990920066833,0.8195990920066833,187.0,0.09350000321865082
fedavg,fedavg,504|859,504|859,1,504,data_2000_3_11_chordal,best_global_val_task,val,cycle6,12,,,,,,,,,,2000,157.0,67.0,1750.0,26.0,0.7008928571428571,0.8579234972677595,0.7714987397193909,0.7714987397193909,0.7714987397193909,183.0,0.09149999916553497
fedavg,fedavg,504|859,504|859,1,859,data_2000_4_1.5_chordal,best_global_val,val,,12,,,0.21620277357101442,0.9372,0.7770000100135803,0.879369957741068,0.7985506653785706,0.7985506653785706,0.7985506653785706,2000,,,,,,,,,,,
fedavg,fedavg,504|859,504|859,1,859,data_2000_4_1.5_chordal,best_global_val_task,val,cycle2,12,,,,,,,,,,2000,862.0,5.0,1133.0,0.0,0.994232987312572,1.0,0.9971081614494324,0.9971081614494324,0.9971081614494324,862.0,0.4309999942779541
fedavg,fedavg,504|859,504|859,1,859,data_2000_4_1.5_chordal,best_global_val_task,val,cycle3,12,,,,,,,,,,2000,691.0,19.0,1290.0,0.0,0.9732394366197183,1.0,0.9864382743835449,0.9864382743835449,0.9864382743835449,691.0,0.34549999237060547
fedavg,fedavg,504|859,504|859,1,859,data_2000_4_1.5_chordal,best_global_val_task,val,cycle4,12,,,,,,,,,,2000,391.0,130.0,1479.0,0.0,0.7504798464491362,1.0,0.8574561476707458,0.8574561476707458,0.8574561476707458,391.0,0.19550000131130219
fedavg,fedavg,504|859,504|859,1,859,data_2000_4_1.5_chordal,best_global_val_task,val,cycle5,12,,,,,,,,,,2000,234.0,257.0,1507.0,2.0,0.47657841140529533,0.9915254237288136,0.6437413692474365,0.6437413692474365,0.6437413692474365,236.0,0.11800000071525574
fedavg,fedavg,504|859,504|859,1,859,data_2000_4_1.5_chordal,best_global_val_task,val,cycle6,12,,,,,,,,,,2000,111.0,198.0,1674.0,17.0,0.3592233009708738,0.8671875,0.508009135723114,0.508009135723114,0.508009135723114,128.0,0.06400000303983688
fedavg,fedavg,504|859,504|859,1,504,data_2000_3_11_chordal,best_global_test,test,,12,,,0.21514760786294937,0.9705,0.8939999938011169,0.8065573770491803,0.8197239637374878,0.8197239637374878,0.8197239637374878,2000,,,,,,,,,,,
fedavg,fedavg,504|859,504|859,1,504,data_2000_3_11_chordal,best_global_test_task,test,cycle2,12,,,,,,,,,,2000,92.0,15.0,1893.0,0.0,0.8598130841121495,1.0,0.9246231317520142,0.9246231317520142,0.9246231317520142,92.0,0.04600000008940697
fedavg,fedavg,504|859,504|859,1,504,data_2000_3_11_chordal,best_global_test_task,test,cycle3,12,,,,,,,,,,2000,137.0,34.0,1829.0,0.0,0.8011695906432749,1.0,0.8896103501319885,0.8896103501319885,0.8896103501319885,137.0,0.06849999725818634
fedavg,fedavg,504|859,504|859,1,504,data_2000_3_11_chordal,best_global_test_task,test,cycle4,12,,,,,,,,,,2000,116.0,53.0,1827.0,4.0,0.6863905325443787,0.9666666666666667,0.8027681708335876,0.8027681708335876,0.8027681708335876,120.0,0.05999999865889549
fedavg,fedavg,504|859,504|859,1,504,data_2000_3_11_chordal,best_global_test_task,test,cycle5,12,,,,,,,,,,2000,135.0,92.0,1767.0,6.0,0.5947136563876652,0.9574468085106383,0.7336956262588501,0.7336956262588501,0.7336956262588501,141.0,0.07050000131130219
fedavg,fedavg,504|859,504|859,1,504,data_2000_3_11_chordal,best_global_test_task,test,cycle6,12,,,,,,,,,,2000,135.0,59.0,1774.0,32.0,0.6958762886597938,0.8083832335329342,0.747922420501709,0.747922420501709,0.747922420501709,167.0,0.08349999785423279
fedavg,fedavg,504|859,504|859,1,859,data_2000_4_1.5_chordal,best_global_test,test,,12,,,0.24910324203968048,0.9276,0.734499990940094,0.8630862329803329,0.7755889892578125,0.7755889892578125,0.7755889892578125,2000,,,,,,,,,,,
fedavg,fedavg,504|859,504|859,1,859,data_2000_4_1.5_chordal,best_global_test_task,test,cycle2,12,,,,,,,,,,2000,880.0,14.0,1106.0,0.0,0.9843400447427293,1.0,0.9921082258224487,0.9921082258224487,0.9921082258224487,880.0,0.4399999976158142
fedavg,fedavg,504|859,504|859,1,859,data_2000_4_1.5_chordal,best_global_test_task,test,cycle3,12,,,,,,,,,,2000,667.0,29.0,1304.0,0.0,0.9583333333333334,1.0,0.978723406791687,0.978723406791687,0.978723406791687,667.0,0.3334999978542328
fedavg,fedavg,504|859,504|859,1,859,data_2000_4_1.5_chordal,best_global_test_task,test,cycle4,12,,,,,,,,,,2000,394.0,172.0,1429.0,5.0,0.696113074204947,0.9874686716791979,0.8165802359580994,0.8165802359580994,0.8165802359580994,399.0,0.19949999451637268
fedavg,fedavg,504|859,504|859,1,859,data_2000_4_1.5_chordal,best_global_test_task,test,cycle5,12,,,,,,,,,,2000,249.0,271.0,1473.0,7.0,0.47884615384615387,0.97265625,0.6417526006698608,0.6417526006698608,0.6417526006698608,256.0,0.12800000607967377
fedavg,fedavg,504|859,504|859,1,859,data_2000_4_1.5_chordal,best_global_test_task,test,cycle6,12,,,,,,,,,,2000,92.0,206.0,1682.0,20.0,0.3087248322147651,0.8214285714285714,0.44878044724464417,0.44878044724464417,0.44878044724464417,112.0,0.0560000017285347
