run_type,algorithm,subset_id,subset_clients,seed,graph_id,dataset_id,phase,split,task,round,local_epoch,train_loss,eval_loss,pair_acc,subset_acc,micro_f1,macro_f1,macro_pos_f1,macro_minority_f1,num_nodes,tp,fp,tn,fn,precision,recall,f1,positive_f1,minority_f1,pos_cnt,pos_rate
fedavg,fedavg,510|859,510|859,2,510,data_2000_5_5.5_chordal,train_epoch,train,,1,1.0,0.6084182283878327,,,,,,,,2000,,,,,,,,,,,
fedavg,fedavg,510|859,510|859,2,510,data_2000_5_5.5_chordal,val_epoch,val,,1,,,0.4483768696784973,0.811,0.4449999928474426,0.8072215422276623,0.8160106539726257,0.8160106539726257,0.7788455486297607,2000,,,,,,,,,,,
fedavg,fedavg,510|859,510|859,2,510,data_2000_5_5.5_chordal,val_epoch_task,val,cycle2,1,,,,,,,,,,2000,511.0,73.0,1395.0,21.0,0.875,0.9605263157894737,0.9157705903053284,0.9157705903053284,0.9157705903053284,532.0,0.26600000262260437
fedavg,fedavg,510|859,510|859,2,510,data_2000_5_5.5_chordal,val_epoch_task,val,cycle3,1,,,,,,,,,,2000,728.0,366.0,904.0,2.0,0.6654478976234004,0.9972602739726028,0.7982456088066101,0.7982456088066101,0.7982456088066101,730.0,0.36500000953674316
fedavg,fedavg,510|859,510|859,2,510,data_2000_5_5.5_chordal,val_epoch_task,val,cycle4,1,,,,,,,,,,2000,744.0,429.0,699.0,128.0,0.6342710997442456,0.8532110091743119,0.7276283502578735,0.7276283502578735,0.7276283502578735,872.0,0.4359999895095825
fedavg,fedavg,510|859,510|859,2,510,data_2000_5_5.5_chordal,val_epoch_task,val,cycle5,1,,,,,,,,,,2000,967.0,380.0,567.0,86.0,0.7178916109873794,0.9183285849952516,0.8058333396911621,0.8058333396911621,0.7087500691413879,1053.0,0.5264999866485596
fedavg,fedavg,510|859,510|859,2,510,data_2000_5_5.5_chordal,val_epoch_task,val,cycle6,1,,,,,,,,,,2000,1007.0,290.0,588.0,115.0,0.7764070932922128,0.8975044563279857,0.8325754404067993,0.8325754404067993,0.7438330054283142,1122.0,0.5609999895095825
fedavg,fedavg,510|859,510|859,2,859,data_2000_4_1.5_chordal,train_epoch,train,,1,1.0,0.8732024879455567,,,,,,,,2000,,,,,,,,,,,
fedavg,fedavg,510|859,510|859,2,859,data_2000_4_1.5_chordal,val_epoch,val,,1,,,0.8499989929199219,0.62,0.3659999966621399,0.542278968923151,0.5017222762107849,0.5017222762107849,0.5017222762107849,2000,,,,,,,,,,,
fedavg,fedavg,510|859,510|859,2,859,data_2000_4_1.5_chordal,val_epoch_task,val,cycle2,1,,,,,,,,,,2000,821.0,460.0,678.0,41.0,0.6409055425448869,0.9524361948955916,0.7662155628204346,0.7662155628204346,0.7662155628204346,862.0,0.4309999942779541
fedavg,fedavg,510|859,510|859,2,859,data_2000_4_1.5_chordal,val_epoch_task,val,cycle3,1,,,,,,,,,,2000,678.0,560.0,749.0,13.0,0.5476575121163166,0.9811866859623734,0.702954888343811,0.702954888343811,0.702954888343811,691.0,0.34549999237060547
fedavg,fedavg,510|859,510|859,2,859,data_2000_4_1.5_chordal,val_epoch_task,val,cycle4,1,,,,,,,,,,2000,391.0,784.0,825.0,0.0,0.33276595744680854,1.0,0.49936145544052124,0.49936145544052124,0.49936145544052124,391.0,0.19550000131130219
fedavg,fedavg,510|859,510|859,2,859,data_2000_4_1.5_chordal,val_epoch_task,val,cycle5,1,,,,,,,,,,2000,234.0,879.0,885.0,2.0,0.21024258760107817,0.9915254237288136,0.3469236195087433,0.3469236195087433,0.3469236195087433,236.0,0.11800000071525574
fedavg,fedavg,510|859,510|859,2,859,data_2000_4_1.5_chordal,val_epoch_task,val,cycle6,1,,,,,,,,,,2000,127.0,1060.0,812.0,1.0,0.10699241786015164,0.9921875,0.193155899643898,0.193155899643898,0.193155899643898,128.0,0.06400000303983688
fedavg,fedavg,510|859,510|859,2,510,data_2000_5_5.5_chordal,global_val_client,val,,1,,,0.7055680861473084,0.7242,0.34299999475479126,0.6233269598470362,0.6187179684638977,0.6187179684638977,0.6874226331710815,2000,,,,,,,,,,,
fedavg,fedavg,510|859,510|859,2,510,data_2000_5_5.5_chordal,global_val_client_task,val,cycle2,1,,,,,,,,,,2000,382.0,293.0,1175.0,150.0,0.5659259259259259,0.7180451127819549,0.6329742670059204,0.6329742670059204,0.6329742670059204,532.0,0.26600000262260437
fedavg,fedavg,510|859,510|859,2,510,data_2000_5_5.5_chordal,global_val_client_task,val,cycle3,1,,,,,,,,,,2000,431.0,165.0,1105.0,299.0,0.7231543624161074,0.5904109589041096,0.6500754356384277,0.6500754356384277,0.6500754356384277,730.0,0.36500000953674316
fedavg,fedavg,510|859,510|859,2,510,data_2000_5_5.5_chordal,global_val_client_task,val,cycle4,1,,,,,,,,,,2000,596.0,212.0,916.0,276.0,0.7376237623762376,0.6834862385321101,0.7095238566398621,0.7095238566398621,0.7095238566398621,872.0,0.4359999895095825
fedavg,fedavg,510|859,510|859,2,510,data_2000_5_5.5_chordal,global_val_client_task,val,cycle5,1,,,,,,,,,,2000,311.0,20.0,927.0,742.0,0.9395770392749244,0.29534662867996203,0.4494219720363617,0.4494219720363617,0.708715558052063,1053.0,0.5264999866485596
fedavg,fedavg,510|859,510|859,2,510,data_2000_5_5.5_chordal,global_val_client_task,val,cycle6,1,,,,,,,,,,2000,562.0,41.0,837.0,560.0,0.9320066334991708,0.5008912655971479,0.6515942215919495,0.6515942215919495,0.7358241677284241,1122.0,0.5609999895095825
fedavg,fedavg,510|859,510|859,2,859,data_2000_4_1.5_chordal,global_val_client,val,,1,,,0.8987945337295532,0.8031,0.4034999907016754,0.40817553351367597,0.3862960934638977,0.3862960934638977,0.3862960934638977,2000,,,,,,,,,,,
fedavg,fedavg,510|859,510|859,2,859,data_2000_4_1.5_chordal,global_val_client_task,val,cycle2,1,,,,,,,,,,2000,235.0,6.0,1132.0,627.0,0.975103734439834,0.27262180974477956,0.4261106252670288,0.4261106252670288,0.4261106252670288,862.0,0.4309999942779541
fedavg,fedavg,510|859,510|859,2,859,data_2000_4_1.5_chordal,global_val_client_task,val,cycle3,1,,,,,,,,,,2000,180.0,22.0,1287.0,511.0,0.8910891089108911,0.26049204052098407,0.4031355082988739,0.4031355082988739,0.4031355082988739,691.0,0.34549999237060547
fedavg,fedavg,510|859,510|859,2,859,data_2000_4_1.5_chordal,global_val_client_task,val,cycle4,1,,,,,,,,,,2000,162.0,124.0,1485.0,229.0,0.5664335664335665,0.4143222506393862,0.4785819947719574,0.4785819947719574,0.4785819947719574,391.0,0.19550000131130219
fedavg,fedavg,510|859,510|859,2,859,data_2000_4_1.5_chordal,global_val_client_task,val,cycle5,1,,,,,,,,,,2000,49.0,33.0,1731.0,187.0,0.5975609756097561,0.2076271186440678,0.30817610025405884,0.30817610025405884,0.30817610025405884,236.0,0.11800000071525574
fedavg,fedavg,510|859,510|859,2,859,data_2000_4_1.5_chordal,global_val_client_task,val,cycle6,1,,,,,,,,,,2000,53.0,155.0,1717.0,75.0,0.2548076923076923,0.4140625,0.3154761791229248,0.3154761791229248,0.3154761791229248,128.0,0.06400000303983688
fedavg,fedavg,510|859,510|859,2,all,all,global_val_mean,val,,1,,,0.8021813099384307,0.7636499999999999,0.37324999272823334,0.5157512466803562,0.5025070309638977,0.5025070309638977,0.5368593633174896,4000,,,,,,,,,,,
fedavg,fedavg,510|859,510|859,2,510,data_2000_5_5.5_chordal,train_epoch,train,,2,1.0,0.4843579471111298,,,,,,,,2000,,,,,,,,,,,
fedavg,fedavg,510|859,510|859,2,510,data_2000_5_5.5_chordal,val_epoch,val,,2,,,0.46750658798217776,0.8199,0.4675000011920929,0.8173242722385637,0.8259227871894836,0.8259227871894836,0.7866008281707764,2000,,,,,,,,,,,
fedavg,fedavg,510|859,510|859,2,510,data_2000_5_5.5_chordal,val_epoch_task,val,cycle2,2,,,,,,,,,,2000,532.0,103.0,1365.0,0.0,0.8377952755905512,1.0,0.9117394685745239,0.9117394685745239,0.9117394685745239,532.0,0.26600000262260437
fedavg,fedavg,510|859,510|859,2,510,data_2000_5_5.5_chordal,val_epoch_task,val,cycle3,2,,,,,,,,,,2000,723.0,295.0,975.0,7.0,0.7102161100196464,0.9904109589041096,0.8272311687469482,0.8272311687469482,0.8272311687469482,730.0,0.36500000953674316
fedavg,fedavg,510|859,510|859,2,510,data_2000_5_5.5_chordal,val_epoch_task,val,cycle4,2,,,,,,,,,,2000,795.0,429.0,699.0,77.0,0.6495098039215687,0.911697247706422,0.7585877776145935,0.7585877776145935,0.7585877776145935,872.0,0.4359999895095825
fedavg,fedavg,510|859,510|859,2,510,data_2000_5_5.5_chordal,val_epoch_task,val,cycle5,2,,,,,,,,,,2000,945.0,359.0,588.0,108.0,0.7246932515337423,0.8974358974358975,0.8018667101860046,0.8018667101860046,0.7157638669013977,1053.0,0.5264999866485596
fedavg,fedavg,510|859,510|859,2,510,data_2000_5_5.5_chordal,val_epoch_task,val,cycle6,2,,,,,,,,,,2000,1034.0,335.0,543.0,88.0,0.7552958363769174,0.9215686274509803,0.8301886916160583,0.8301886916160583,0.7196819186210632,1122.0,0.5609999895095825
fedavg,fedavg,510|859,510|859,2,859,data_2000_4_1.5_chordal,train_epoch,train,,2,1.0,0.694376570224762,,,,,,,,2000,,,,,,,,,,,
fedavg,fedavg,510|859,510|859,2,859,data_2000_4_1.5_chordal,val_epoch,val,,2,,,0.8099259548187255,0.7047,0.43650001287460327,0.6018605905352569,0.555251955986023,0.555251955986023,0.555251955986023,2000,,,,,,,,,,,
fedavg,fedavg,510|859,510|859,2,859,data_2000_4_1.5_chordal,val_epoch_task,val,cycle2,2,,,,,,,,,,2000,814.0,135.0,1003.0,48.0,0.8577449947312961,0.9443155452436195,0.8989508152008057,0.8989508152008057,0.8989508152008057,862.0,0.4309999942779541
fedavg,fedavg,510|859,510|859,2,859,data_2000_4_1.5_chordal,val_epoch_task,val,cycle3,2,,,,,,,,,,2000,675.0,431.0,878.0,16.0,0.6103074141048824,0.9768451519536903,0.7512520551681519,0.7512520551681519,0.7512520551681519,691.0,0.34549999237060547
fedavg,fedavg,510|859,510|859,2,859,data_2000_4_1.5_chordal,val_epoch_task,val,cycle4,2,,,,,,,,,,2000,388.0,679.0,930.0,3.0,0.36363636363636365,0.9923273657289002,0.5322359800338745,0.5322359800338745,0.5322359800338745,391.0,0.19550000131130219
fedavg,fedavg,510|859,510|859,2,859,data_2000_4_1.5_chordal,val_epoch_task,val,cycle5,2,,,,,,,,,,2000,232.0,791.0,973.0,4.0,0.22678396871945258,0.9830508474576272,0.3685464859008789,0.3685464859008789,0.3685464859008789,236.0,0.11800000071525574
fedavg,fedavg,510|859,510|859,2,859,data_2000_4_1.5_chordal,val_epoch_task,val,cycle6,2,,,,,,,,,,2000,123.0,841.0,1031.0,5.0,0.1275933609958506,0.9609375,0.2252747267484665,0.2252747267484665,0.2252747267484665,128.0,0.06400000303983688
fedavg,fedavg,510|859,510|859,2,510,data_2000_5_5.5_chordal,global_val_client,val,,2,,,0.48227191138267517,0.7875,0.4099999964237213,0.795417348608838,0.7972338795661926,0.7972338795661926,0.7648817896842957,2000,,,,,,,,,,,
fedavg,fedavg,510|859,510|859,2,510,data_2000_5_5.5_chordal,global_val_client_task,val,cycle2,2,,,,,,,,,,2000,525.0,182.0,1286.0,7.0,0.7425742574257426,0.9868421052631579,0.8474576473236084,0.8474576473236084,0.8474576473236084,532.0,0.26600000262260437
fedavg,fedavg,510|859,510|859,2,510,data_2000_5_5.5_chordal,global_val_client_task,val,cycle3,2,,,,,,,,,,2000,730.0,622.0,648.0,0.0,0.5399408284023669,1.0,0.701248824596405,0.701248824596405,0.701248824596405,730.0,0.36500000953674316
fedavg,fedavg,510|859,510|859,2,510,data_2000_5_5.5_chordal,global_val_client_task,val,cycle4,2,,,,,,,,,,2000,841.0,529.0,599.0,31.0,0.6138686131386861,0.9644495412844036,0.7502229809761047,0.7502229809761047,0.7502229809761047,872.0,0.4359999895095825
fedavg,fedavg,510|859,510|859,2,510,data_2000_5_5.5_chordal,global_val_client_task,val,cycle5,2,,,,,,,,,,2000,996.0,348.0,599.0,57.0,0.7410714285714286,0.9458689458689459,0.831038773059845,0.831038773059845,0.7473487257957458,1053.0,0.5264999866485596
fedavg,fedavg,510|859,510|859,2,510,data_2000_5_5.5_chordal,global_val_client_task,val,cycle6,2,,,,,,,,,,2000,1039.0,266.0,612.0,83.0,0.7961685823754789,0.9260249554367201,0.8562011122703552,0.8562011122703552,0.7781308889389038,1122.0,0.5609999895095825
fedavg,fedavg,510|859,510|859,2,859,data_2000_4_1.5_chordal,global_val_client,val,,2,,,0.6237624669075013,0.7791,0.5149999856948853,0.6592626870276106,0.5986778736114502,0.5986778736114502,0.5986778736114502,2000,,,,,,,,,,,
fedavg,fedavg,510|859,510|859,2,859,data_2000_4_1.5_chordal,global_val_client_task,val,cycle2,2,,,,,,,,,,2000,800.0,19.0,1119.0,62.0,0.9768009768009768,0.9280742459396751,0.9518144130706787,0.9518144130706787,0.9518144130706787,862.0,0.4309999942779541
fedavg,fedavg,510|859,510|859,2,859,data_2000_4_1.5_chordal,global_val_client_task,val,cycle3,2,,,,,,,,,,2000,664.0,194.0,1115.0,27.0,0.7738927738927739,0.9609261939218524,0.8573273420333862,0.8573273420333862,0.8573273420333862,691.0,0.34549999237060547
fedavg,fedavg,510|859,510|859,2,859,data_2000_4_1.5_chordal,global_val_client_task,val,cycle4,2,,,,,,,,,,2000,367.0,514.0,1095.0,24.0,0.41657207718501704,0.9386189258312021,0.5770440101623535,0.5770440101623535,0.5770440101623535,391.0,0.19550000131130219
fedavg,fedavg,510|859,510|859,2,859,data_2000_4_1.5_chordal,global_val_client_task,val,cycle5,2,,,,,,,,,,2000,206.0,608.0,1156.0,30.0,0.25307125307125306,0.8728813559322034,0.392380952835083,0.392380952835083,0.392380952835083,236.0,0.11800000071525574
fedavg,fedavg,510|859,510|859,2,859,data_2000_4_1.5_chordal,global_val_client_task,val,cycle6,2,,,,,,,,,,2000,100.0,703.0,1169.0,28.0,0.12453300124533001,0.78125,0.21482275426387787,0.21482275426387787,0.21482275426387787,128.0,0.06400000303983688
fedavg,fedavg,510|859,510|859,2,all,all,global_val_mean,val,,2,,,0.5530171891450882,0.7833,0.4624999910593033,0.7273400178182243,0.6979558765888214,0.6979558765888214,0.6817798316478729,4000,,,,,,,,,,,
fedavg,fedavg,510|859,510|859,2,510,data_2000_5_5.5_chordal,train_epoch,train,,3,1.0,0.42719556975364686,,,,,,,,2000,,,,,,,,,,,
fedavg,fedavg,510|859,510|859,2,510,data_2000_5_5.5_chordal,val_epoch,val,,3,,,0.4896910548210144,0.7979,0.4519999921321869,0.74575418291609,0.7601194977760315,0.7601194977760315,0.7627946734428406,2000,,,,,,,,,,,
fedavg,fedavg,510|859,510|859,2,510,data_2000_5_5.5_chordal,val_epoch_task,val,cycle2,3,,,,,,,,,,2000,529.0,47.0,1421.0,3.0,0.9184027777777778,0.9943609022556391,0.9548736810684204,0.9548736810684204,0.9548736810684204,532.0,0.26600000262260437
fedavg,fedavg,510|859,510|859,2,510,data_2000_5_5.5_chordal,val_epoch_task,val,cycle3,3,,,,,,,,,,2000,456.0,56.0,1214.0,274.0,0.890625,0.6246575342465753,0.7342994809150696,0.7342994809150696,0.7342994809150696,730.0,0.36500000953674316
fedavg,fedavg,510|859,510|859,2,510,data_2000_5_5.5_chordal,val_epoch_task,val,cycle4,3,,,,,,,,,,2000,538.0,239.0,889.0,334.0,0.6924066924066924,0.6169724770642202,0.6525167226791382,0.6525167226791382,0.6525167226791382,872.0,0.4359999895095825
fedavg,fedavg,510|859,510|859,2,510,data_2000_5_5.5_chordal,val_epoch_task,val,cycle5,3,,,,,,,,,,2000,696.0,177.0,770.0,357.0,0.7972508591065293,0.6609686609686609,0.722741425037384,0.722741425037384,0.7425264716148376,1053.0,0.5264999866485596
fedavg,fedavg,510|859,510|859,2,510,data_2000_5_5.5_chordal,val_epoch_task,val,cycle6,3,,,,,,,,,,2000,745.0,157.0,721.0,377.0,0.8259423503325942,0.6639928698752228,0.7361660599708557,0.7361660599708557,0.7297570705413818,1122.0,0.5609999895095825
fedavg,fedavg,510|859,510|859,2,859,data_2000_4_1.5_chordal,train_epoch,train,,3,1.0,0.5950974869728088,,,,,,,,2000,,,,,,,,,,,
fedavg,fedavg,510|859,510|859,2,859,data_2000_4_1.5_chordal,val_epoch,val,,3,,,0.5911141180992127,0.7717,0.5350000262260437,0.6581823626291361,0.6023482084274292,0.6023482084274292,0.6023482084274292,2000,,,,,,,,,,,
fedavg,fedavg,510|859,510|859,2,859,data_2000_4_1.5_chordal,val_epoch_task,val,cycle2,3,,,,,,,,,,2000,858.0,68.0,1070.0,4.0,0.9265658747300216,0.9953596287703016,0.9597315192222595,0.9597315192222595,0.9597315192222595,862.0,0.4309999942779541
fedavg,fedavg,510|859,510|859,2,859,data_2000_4_1.5_chordal,val_epoch_task,val,cycle3,3,,,,,,,,,,2000,624.0,237.0,1072.0,67.0,0.7247386759581882,0.9030390738060782,0.8041236996650696,0.8041236996650696,0.8041236996650696,691.0,0.34549999237060547
fedavg,fedavg,510|859,510|859,2,859,data_2000_4_1.5_chordal,val_epoch_task,val,cycle4,3,,,,,,,,,,2000,357.0,503.0,1106.0,34.0,0.41511627906976745,0.9130434782608695,0.5707434415817261,0.5707434415817261,0.5707434415817261,391.0,0.19550000131130219
fedavg,fedavg,510|859,510|859,2,859,data_2000_4_1.5_chordal,val_epoch_task,val,cycle5,3,,,,,,,,,,2000,236.0,635.0,1129.0,0.0,0.2709529276693456,1.0,0.42637762427330017,0.42637762427330017,0.42637762427330017,236.0,0.11800000071525574
fedavg,fedavg,510|859,510|859,2,859,data_2000_4_1.5_chordal,val_epoch_task,val,cycle6,3,,,,,,,,,,2000,123.0,730.0,1142.0,5.0,0.14419695193434937,0.9609375,0.25076451897621155,0.25076451897621155,0.25076451897621155,128.0,0.06400000303983688
fedavg,fedavg,510|859,510|859,2,510,data_2000_5_5.5_chordal,global_val_client,val,,3,,,0.403123610496521,0.8252,0.46399998664855957,0.8238968365907717,0.8299347162246704,0.8299347162246704,0.8037294149398804,2000,,,,,,,,,,,
fedavg,fedavg,510|859,510|859,2,510,data_2000_5_5.5_chordal,global_val_client_task,val,cycle2,3,,,,,,,,,,2000,531.0,89.0,1379.0,1.0,0.8564516129032258,0.9981203007518797,0.921875,0.921875,0.921875,532.0,0.26600000262260437
fedavg,fedavg,510|859,510|859,2,510,data_2000_5_5.5_chordal,global_val_client_task,val,cycle3,3,,,,,,,,,,2000,718.0,473.0,797.0,12.0,0.6028547439126785,0.9835616438356164,0.7475273609161377,0.7475273609161377,0.7475273609161377,730.0,0.36500000953674316
fedavg,fedavg,510|859,510|859,2,510,data_2000_5_5.5_chordal,global_val_client_task,val,cycle4,3,,,,,,,,,,2000,817.0,429.0,699.0,55.0,0.6556982343499197,0.9369266055045872,0.771482527256012,0.771482527256012,0.771482527256012,872.0,0.4359999895095825
fedavg,fedavg,510|859,510|859,2,510,data_2000_5_5.5_chordal,global_val_client_task,val,cycle5,3,,,,,,,,,,2000,986.0,282.0,665.0,67.0,0.777602523659306,0.936372269705603,0.8496337532997131,0.8496337532997131,0.7921381592750549,1053.0,0.5264999866485596
fedavg,fedavg,510|859,510|859,2,510,data_2000_5_5.5_chordal,global_val_client_task,val,cycle6,3,,,,,,,,,,2000,1037.0,255.0,623.0,85.0,0.8026315789473685,0.9242424242424242,0.8591548800468445,0.8591548800468445,0.7856242060661316,1122.0,0.5609999895095825
fedavg,fedavg,510|859,510|859,2,859,data_2000_4_1.5_chordal,global_val_client,val,,3,,,0.5562623333930969,0.8262,0.5789999961853027,0.6996197718631179,0.6288604140281677,0.6288604140281677,0.6288604140281677,2000,,,,,,,,,,,
fedavg,fedavg,510|859,510|859,2,859,data_2000_4_1.5_chordal,global_val_client_task,val,cycle2,3,,,,,,,,,,2000,846.0,12.0,1126.0,16.0,0.986013986013986,0.9814385150812065,0.9837208986282349,0.9837208986282349,0.9837208986282349,862.0,0.4309999942779541
fedavg,fedavg,510|859,510|859,2,859,data_2000_4_1.5_chordal,global_val_client_task,val,cycle3,3,,,,,,,,,,2000,556.0,63.0,1246.0,135.0,0.8982229402261712,0.804630969609262,0.8488550186157227,0.8488550186157227,0.8488550186157227,691.0,0.34549999237060547
fedavg,fedavg,510|859,510|859,2,859,data_2000_4_1.5_chordal,global_val_client_task,val,cycle4,3,,,,,,,,,,2000,313.0,343.0,1266.0,78.0,0.4771341463414634,0.8005115089514067,0.5978987812995911,0.5978987812995911,0.5978987812995911,391.0,0.19550000131130219
fedavg,fedavg,510|859,510|859,2,859,data_2000_4_1.5_chordal,global_val_client_task,val,cycle5,3,,,,,,,,,,2000,205.0,453.0,1311.0,31.0,0.31155015197568386,0.8686440677966102,0.45861300826072693,0.45861300826072693,0.45861300826072693,236.0,0.11800000071525574
fedavg,fedavg,510|859,510|859,2,859,data_2000_4_1.5_chordal,global_val_client_task,val,cycle6,3,,,,,,,,,,2000,104.0,583.0,1289.0,24.0,0.15138282387190685,0.8125,0.25521472096443176,0.25521472096443176,0.25521472096443176,128.0,0.06400000303983688
fedavg,fedavg,510|859,510|859,2,all,all,global_val_mean,val,,3,,,0.479692971944809,0.8257000000000001,0.5214999914169312,0.7617583042269448,0.7293975651264191,0.7293975651264191,0.716294914484024,4000,,,,,,,,,,,
fedavg,fedavg,510|859,510|859,2,510,data_2000_5_5.5_chordal,train_epoch,train,,4,1.0,0.36406006824970244,,,,,,,,2000,,,,,,,,,,,
fedavg,fedavg,510|859,510|859,2,510,data_2000_5_5.5_chordal,val_epoch,val,,4,,,0.37943450808525087,0.8464,0.5149999856948853,0.8405646668050654,0.8507031202316284,0.8507031202316284,0.8163295984268188,2000,,,,,,,,,,,
fedavg,fedavg,510|859,510|859,2,510,data_2000_5_5.5_chordal,val_epoch_task,val,cycle2,4,,,,,,,,,,2000,532.0,59.0,1409.0,0.0,0.9001692047377327,1.0,0.9474622011184692,0.9474622011184692,0.9474622011184692,532.0,0.26600000262260437
fedavg,fedavg,510|859,510|859,2,510,data_2000_5_5.5_chordal,val_epoch_task,val,cycle3,4,,,,,,,,,,2000,728.0,209.0,1061.0,2.0,0.7769477054429029,0.9972602739726028,0.873425304889679,0.873425304889679,0.873425304889679,730.0,0.36500000953674316
fedavg,fedavg,510|859,510|859,2,510,data_2000_5_5.5_chordal,val_epoch_task,val,cycle4,4,,,,,,,,,,2000,743.0,371.0,757.0,129.0,0.6669658886894075,0.8520642201834863,0.7482376098632812,0.7482376098632812,0.7482376098632812,872.0,0.4359999895095825
fedavg,fedavg,510|859,510|859,2,510,data_2000_5_5.5_chordal,val_epoch_task,val,cycle5,4,,,,,,,,,,2000,997.0,340.0,607.0,56.0,0.7456993268511594,0.9468186134852802,0.8343095779418945,0.8343095779418945,0.7540372610092163,1053.0,0.5264999866485596
fedavg,fedavg,510|859,510|859,2,510,data_2000_5_5.5_chordal,val_epoch_task,val,cycle6,4,,,,,,,,,,2000,1049.0,297.0,581.0,73.0,0.7793462109955424,0.9349376114081996,0.8500810265541077,0.8500810265541077,0.7584856152534485,1122.0,0.5609999895095825
fedavg,fedavg,510|859,510|859,2,859,data_2000_4_1.5_chordal,train_epoch,train,,4,1.0,0.531459573507309,,,,,,,,2000,,,,,,,,,,,
fedavg,fedavg,510|859,510|859,2,859,data_2000_4_1.5_chordal,val_epoch,val,,4,,,0.5405159478187561,0.7927,0.5444999933242798,0.6812240504382593,0.6176310181617737,0.6176310181617737,0.6176310181617737,2000,,,,,,,,,,,
fedavg,fedavg,510|859,510|859,2,859,data_2000_4_1.5_chordal,val_epoch_task,val,cycle2,4,,,,,,,,,,2000,859.0,30.0,1108.0,3.0,0.9662542182227222,0.9965197215777262,0.9811536073684692,0.9811536073684692,0.9811536073684692,862.0,0.4309999942779541
fedavg,fedavg,510|859,510|859,2,859,data_2000_4_1.5_chordal,val_epoch_task,val,cycle3,4,,,,,,,,,,2000,649.0,241.0,1068.0,42.0,0.7292134831460674,0.9392185238784371,0.8209993839263916,0.8209993839263916,0.8209993839263916,691.0,0.34549999237060547
fedavg,fedavg,510|859,510|859,2,859,data_2000_4_1.5_chordal,val_epoch_task,val,cycle4,4,,,,,,,,,,2000,371.0,440.0,1169.0,20.0,0.45745992601726265,0.948849104859335,0.6173045039176941,0.6173045039176941,0.6173045039176941,391.0,0.19550000131130219
fedavg,fedavg,510|859,510|859,2,859,data_2000_4_1.5_chordal,val_epoch_task,val,cycle5,4,,,,,,,,,,2000,227.0,593.0,1171.0,9.0,0.27682926829268295,0.961864406779661,0.42992421984672546,0.42992421984672546,0.42992421984672546,236.0,0.11800000071525574
fedavg,fedavg,510|859,510|859,2,859,data_2000_4_1.5_chordal,val_epoch_task,val,cycle6,4,,,,,,,,,,2000,109.0,676.0,1196.0,19.0,0.13885350318471337,0.8515625,0.23877327144145966,0.23877327144145966,0.23877327144145966,128.0,0.06400000303983688
fedavg,fedavg,510|859,510|859,2,510,data_2000_5_5.5_chordal,global_val_client,val,,4,,,0.3741952331066132,0.826,0.4749999940395355,0.8265204386839482,0.8341978788375854,0.8341978788375854,0.8013334274291992,2000,,,,,,,,,,,
fedavg,fedavg,510|859,510|859,2,510,data_2000_5_5.5_chordal,global_val_client_task,val,cycle2,4,,,,,,,,,,2000,531.0,72.0,1396.0,1.0,0.8805970149253731,0.9981203007518797,0.9356827735900879,0.9356827735900879,0.9356827735900879,532.0,0.26600000262260437
fedavg,fedavg,510|859,510|859,2,510,data_2000_5_5.5_chordal,global_val_client_task,val,cycle3,4,,,,,,,,,,2000,729.0,468.0,802.0,1.0,0.6090225563909775,0.9986301369863013,0.7566165328025818,0.7566165328025818,0.7566165328025818,730.0,0.36500000953674316
fedavg,fedavg,510|859,510|859,2,510,data_2000_5_5.5_chordal,global_val_client_task,val,cycle4,4,,,,,,,,,,2000,831.0,417.0,711.0,41.0,0.6658653846153846,0.9529816513761468,0.7839622497558594,0.7839622497558594,0.7839622497558594,872.0,0.4359999895095825
fedavg,fedavg,510|859,510|859,2,510,data_2000_5_5.5_chordal,global_val_client_task,val,cycle5,4,,,,,,,,,,2000,1024.0,337.0,610.0,29.0,0.7523879500367376,0.9724596391263058,0.8483843803405762,0.8483843803405762,0.7692307829856873,1053.0,0.5264999866485596
fedavg,fedavg,510|859,510|859,2,510,data_2000_5_5.5_chordal,global_val_client_task,val,cycle6,4,,,,,,,,,,2000,1030.0,282.0,596.0,92.0,0.7850609756097561,0.9180035650623886,0.8463435173034668,0.8463435173034668,0.7611749768257141,1122.0,0.5609999895095825
fedavg,fedavg,510|859,510|859,2,859,data_2000_4_1.5_chordal,global_val_client,val,,4,,,0.544704487323761,0.8028,0.5789999961853027,0.6894488188976379,0.6253846883773804,0.6253846883773804,0.6253846883773804,2000,,,,,,,,,,,
fedavg,fedavg,510|859,510|859,2,859,data_2000_4_1.5_chordal,global_val_client_task,val,cycle2,4,,,,,,,,,,2000,861.0,15.0,1123.0,1.0,0.9828767123287672,0.9988399071925754,0.9907940030097961,0.9907940030097961,0.9907940030097961,862.0,0.4309999942779541
fedavg,fedavg,510|859,510|859,2,859,data_2000_4_1.5_chordal,global_val_client_task,val,cycle3,4,,,,,,,,,,2000,673.0,72.0,1237.0,18.0,0.9033557046979865,0.9739507959479016,0.9373259544372559,0.9373259544372559,0.9373259544372559,691.0,0.34549999237060547
fedavg,fedavg,510|859,510|859,2,859,data_2000_4_1.5_chordal,global_val_client_task,val,cycle4,4,,,,,,,,,,2000,333.0,442.0,1167.0,58.0,0.4296774193548387,0.8516624040920716,0.5711835026741028,0.5711835026741028,0.5711835026741028,391.0,0.19550000131130219
fedavg,fedavg,510|859,510|859,2,859,data_2000_4_1.5_chordal,global_val_client_task,val,cycle5,4,,,,,,,,,,2000,219.0,621.0,1143.0,17.0,0.26071428571428573,0.9279661016949152,0.40706321597099304,0.40706321597099304,0.40706321597099304,236.0,0.11800000071525574
fedavg,fedavg,510|859,510|859,2,859,data_2000_4_1.5_chordal,global_val_client_task,val,cycle6,4,,,,,,,,,,2000,103.0,703.0,1169.0,25.0,0.12779156327543426,0.8046875,0.22055675089359283,0.22055675089359283,0.22055675089359283,128.0,0.06400000303983688
fedavg,fedavg,510|859,510|859,2,all,all,global_val_mean,val,,4,,,0.4594498602151871,0.8144,0.5269999951124191,0.7579846287907931,0.7297912836074829,0.7297912836074829,0.7133590579032898,4000,,,,,,,,,,,
fedavg,fedavg,510|859,510|859,2,510,data_2000_5_5.5_chordal,train_epoch,train,,5,1.0,0.3447653375864029,,,,,,,,2000,,,,,,,,,,,
fedavg,fedavg,510|859,510|859,2,510,data_2000_5_5.5_chordal,val_epoch,val,,5,,,0.31565367949008943,0.8648,0.565500020980835,0.8548421730727936,0.8661316633224487,0.8661316633224487,0.84034663438797,2000,,,,,,,,,,,
fedavg,fedavg,510|859,510|859,2,510,data_2000_5_5.5_chordal,val_epoch_task,val,cycle2,5,,,,,,,,,,2000,529.0,64.0,1404.0,3.0,0.8920741989881956,0.9943609022556391,0.9404444694519043,0.9404444694519043,0.9404444694519043,532.0,0.26600000262260437
fedavg,fedavg,510|859,510|859,2,510,data_2000_5_5.5_chordal,val_epoch_task,val,cycle3,5,,,,,,,,,,2000,714.0,86.0,1184.0,16.0,0.8925,0.9780821917808219,0.9333333373069763,0.9333333373069763,0.9333333373069763,730.0,0.36500000953674316
fedavg,fedavg,510|859,510|859,2,510,data_2000_5_5.5_chordal,val_epoch_task,val,cycle4,5,,,,,,,,,,2000,745.0,344.0,784.0,127.0,0.6841138659320477,0.8543577981651376,0.7598164081573486,0.7598164081573486,0.7598164081573486,872.0,0.4359999895095825
fedavg,fedavg,510|859,510|859,2,510,data_2000_5_5.5_chordal,val_epoch_task,val,cycle5,5,,,,,,,,,,2000,991.0,274.0,673.0,62.0,0.783399209486166,0.9411206077872745,0.8550474643707275,0.8550474643707275,0.8002378344535828,1053.0,0.5264999866485596
fedavg,fedavg,510|859,510|859,2,510,data_2000_5_5.5_chordal,val_epoch_task,val,cycle6,5,,,,,,,,,,2000,1002.0,256.0,622.0,120.0,0.7965023847376789,0.893048128342246,0.8420168161392212,0.8420168161392212,0.7679012417793274,1122.0,0.5609999895095825
fedavg,fedavg,510|859,510|859,2,859,data_2000_4_1.5_chordal,train_epoch,train,,5,1.0,0.4992434182167053,,,,,,,,2000,,,,,,,,,,,
fedavg,fedavg,510|859,510|859,2,859,data_2000_4_1.5_chordal,val_epoch,val,,5,,,0.48256509733200076,0.8138,0.5914999842643738,0.7089715536105032,0.6434558629989624,0.6434558629989624,0.6434558629989624,2000,,,,,,,,,,,
fedavg,fedavg,510|859,510|859,2,859,data_2000_4_1.5_chordal,val_epoch_task,val,cycle2,5,,,,,,,,,,2000,861.0,17.0,1121.0,1.0,0.9806378132118451,0.9988399071925754,0.9896551966667175,0.9896551966667175,0.9896551966667175,862.0,0.4309999942779541
fedavg,fedavg,510|859,510|859,2,859,data_2000_4_1.5_chordal,val_epoch_task,val,cycle3,5,,,,,,,,,,2000,679.0,181.0,1128.0,12.0,0.7895348837209303,0.9826338639652678,0.8755641579627991,0.8755641579627991,0.8755641579627991,691.0,0.34549999237060547
fedavg,fedavg,510|859,510|859,2,859,data_2000_4_1.5_chordal,val_epoch_task,val,cycle4,5,,,,,,,,,,2000,380.0,442.0,1167.0,11.0,0.46228710462287104,0.9718670076726342,0.6265457272529602,0.6265457272529602,0.6265457272529602,391.0,0.19550000131130219
fedavg,fedavg,510|859,510|859,2,859,data_2000_4_1.5_chordal,val_epoch_task,val,cycle5,5,,,,,,,,,,2000,232.0,521.0,1243.0,4.0,0.30810092961487384,0.9830508474576272,0.469160795211792,0.469160795211792,0.469160795211792,236.0,0.11800000071525574
fedavg,fedavg,510|859,510|859,2,859,data_2000_4_1.5_chordal,val_epoch_task,val,cycle6,5,,,,,,,,,,2000,116.0,661.0,1211.0,12.0,0.1492921492921493,0.90625,0.25635361671447754,0.25635361671447754,0.25635361671447754,128.0,0.06400000303983688
fedavg,fedavg,510|859,510|859,2,510,data_2000_5_5.5_chordal,global_val_client,val,,5,,,0.40602887338399885,0.8148,0.4440000057220459,0.821888824773995,0.8310343623161316,0.8310343623161316,0.7873175740242004,2000,,,,,,,,,,,
fedavg,fedavg,510|859,510|859,2,510,data_2000_5_5.5_chordal,global_val_client_task,val,cycle2,5,,,,,,,,,,2000,532.0,65.0,1403.0,0.0,0.8911222780569514,1.0,0.9424269199371338,0.9424269199371338,0.9424269199371338,532.0,0.26600000262260437
fedavg,fedavg,510|859,510|859,2,510,data_2000_5_5.5_chordal,global_val_client_task,val,cycle3,5,,,,,,,,,,2000,729.0,458.0,812.0,1.0,0.6141533277169334,0.9986301369863013,0.7605634331703186,0.7605634331703186,0.7605634331703186,730.0,0.36500000953674316
fedavg,fedavg,510|859,510|859,2,510,data_2000_5_5.5_chordal,global_val_client_task,val,cycle4,5,,,,,,,,,,2000,868.0,555.0,573.0,4.0,0.6099789177793394,0.9954128440366973,0.756426990032196,0.756426990032196,0.756426990032196,872.0,0.4359999895095825
fedavg,fedavg,510|859,510|859,2,510,data_2000_5_5.5_chordal,global_val_client_task,val,cycle5,5,,,,,,,,,,2000,1051.0,386.0,561.0,2.0,0.7313848295059151,0.9981006647673314,0.8441766500473022,0.8441766500473022,0.7430464029312134,1053.0,0.5264999866485596
fedavg,fedavg,510|859,510|859,2,510,data_2000_5_5.5_chordal,global_val_client_task,val,cycle6,5,,,,,,,,,,2000,1093.0,352.0,526.0,29.0,0.756401384083045,0.9741532976827094,0.8515776991844177,0.8515776991844177,0.7341242432594299,1122.0,0.5609999895095825
fedavg,fedavg,510|859,510|859,2,859,data_2000_4_1.5_chordal,global_val_client,val,,5,,,0.44674139642715455,0.8179,0.5995000004768372,0.7142632982896595,0.6524039506912231,0.6524039506912231,0.6524039506912231,2000,,,,,,,,,,,
fedavg,fedavg,510|859,510|859,2,859,data_2000_4_1.5_chordal,global_val_client_task,val,cycle2,5,,,,,,,,,,2000,861.0,6.0,1132.0,1.0,0.9930795847750865,0.9988399071925754,0.9959514737129211,0.9959514737129211,0.9959514737129211,862.0,0.4309999942779541
fedavg,fedavg,510|859,510|859,2,859,data_2000_4_1.5_chordal,global_val_client_task,val,cycle3,5,,,,,,,,,,2000,689.0,78.0,1231.0,2.0,0.8983050847457628,0.9971056439942113,0.9451302886009216,0.9451302886009216,0.9451302886009216,691.0,0.34549999237060547
fedavg,fedavg,510|859,510|859,2,859,data_2000_4_1.5_chordal,global_val_client_task,val,cycle4,5,,,,,,,,,,2000,377.0,443.0,1166.0,14.0,0.45975609756097563,0.9641943734015346,0.6226259469985962,0.6226259469985962,0.6226259469985962,391.0,0.19550000131130219
fedavg,fedavg,510|859,510|859,2,859,data_2000_4_1.5_chordal,global_val_client_task,val,cycle5,5,,,,,,,,,,2000,234.0,557.0,1207.0,2.0,0.29582806573957016,0.9915254237288136,0.4556961953639984,0.4556961953639984,0.4556961953639984,236.0,0.11800000071525574
fedavg,fedavg,510|859,510|859,2,859,data_2000_4_1.5_chordal,global_val_client_task,val,cycle6,5,,,,,,,,,,2000,115.0,705.0,1167.0,13.0,0.1402439024390244,0.8984375,0.24261602759361267,0.24261602759361267,0.24261602759361267,128.0,0.06400000303983688
fedavg,fedavg,510|859,510|859,2,all,all,global_val_mean,val,,5,,,0.4263851349055767,0.8163499999999999,0.5217500030994415,0.7680760615318273,0.7417191565036774,0.7417191565036774,0.7198607623577118,4000,,,,,,,,,,,
fedavg,fedavg,510|859,510|859,2,510,data_2000_5_5.5_chordal,train_epoch,train,,6,1.0,0.30742993795871737,,,,,,,,2000,,,,,,,,,,,
fedavg,fedavg,510|859,510|859,2,510,data_2000_5_5.5_chordal,val_epoch,val,,6,,,0.29863376665115354,0.8778,0.5820000171661377,0.8698892674616695,0.8818811178207397,0.8818811178207397,0.8548586964607239,2000,,,,,,,,,,,
fedavg,fedavg,510|859,510|859,2,510,data_2000_5_5.5_chordal,val_epoch_task,val,cycle2,6,,,,,,,,,,2000,532.0,43.0,1425.0,0.0,0.9252173913043479,1.0,0.9611562490463257,0.9611562490463257,0.9611562490463257,532.0,0.26600000262260437
fedavg,fedavg,510|859,510|859,2,510,data_2000_5_5.5_chordal,val_epoch_task,val,cycle3,6,,,,,,,,,,2000,690.0,64.0,1206.0,40.0,0.9151193633952255,0.9452054794520548,0.9299191236495972,0.9299191236495972,0.9299191236495972,730.0,0.36500000953674316
fedavg,fedavg,510|859,510|859,2,510,data_2000_5_5.5_chordal,val_epoch_task,val,cycle4,6,,,,,,,,,,2000,798.0,348.0,780.0,74.0,0.6963350785340314,0.9151376146788991,0.7908820509910583,0.7908820509910583,0.7908820509910583,872.0,0.4359999895095825
fedavg,fedavg,510|859,510|859,2,510,data_2000_5_5.5_chordal,val_epoch_task,val,cycle5,6,,,,,,,,,,2000,1027.0,264.0,683.0,26.0,0.7955073586367157,0.9753086419753086,0.8762798309326172,0.8762798309326172,0.8248791694641113,1053.0,0.5264999866485596
fedavg,fedavg,510|859,510|859,2,510,data_2000_5_5.5_chordal,val_epoch_task,val,cycle6,6,,,,,,,,,,2000,1038.0,279.0,599.0,84.0,0.7881548974943052,0.9251336898395722,0.8511685729026794,0.8511685729026794,0.7674567103385925,1122.0,0.5609999895095825
fedavg,fedavg,510|859,510|859,2,859,data_2000_4_1.5_chordal,train_epoch,train,,6,1.0,0.43348901081085206,,,,,,,,2000,,,,,,,,,,,
fedavg,fedavg,510|859,510|859,2,859,data_2000_4_1.5_chordal,val_epoch,val,,6,,,0.4724130265712738,0.8251,0.578499972820282,0.6940703165996152,0.6464124321937561,0.6464124321937561,0.6464124321937561,2000,,,,,,,,,,,
fedavg,fedavg,510|859,510|859,2,859,data_2000_4_1.5_chordal,val_epoch_task,val,cycle2,6,,,,,,,,,,2000,655.0,2.0,1136.0,207.0,0.9969558599695586,0.759860788863109,0.8624095320701599,0.8624095320701599,0.8624095320701599,862.0,0.4309999942779541
fedavg,fedavg,510|859,510|859,2,859,data_2000_4_1.5_chordal,val_epoch_task,val,cycle3,6,,,,,,,,,,2000,600.0,10.0,1299.0,91.0,0.9836065573770492,0.8683068017366136,0.9223673939704895,0.9223673939704895,0.9223673939704895,691.0,0.34549999237060547
fedavg,fedavg,510|859,510|859,2,859,data_2000_4_1.5_chordal,val_epoch_task,val,cycle4,6,,,,,,,,,,2000,377.0,347.0,1262.0,14.0,0.5207182320441989,0.9641943734015346,0.676233172416687,0.676233172416687,0.676233172416687,391.0,0.19550000131130219
fedavg,fedavg,510|859,510|859,2,859,data_2000_4_1.5_chordal,val_epoch_task,val,cycle5,6,,,,,,,,,,2000,232.0,530.0,1234.0,4.0,0.30446194225721784,0.9830508474576272,0.46492984890937805,0.46492984890937805,0.46492984890937805,236.0,0.11800000071525574
fedavg,fedavg,510|859,510|859,2,859,data_2000_4_1.5_chordal,val_epoch_task,val,cycle6,6,,,,,,,,,,2000,120.0,536.0,1336.0,8.0,0.18292682926829268,0.9375,0.30612242221832275,0.30612242221832275,0.30612242221832275,128.0,0.06400000303983688
fedavg,fedavg,510|859,510|859,2,510,data_2000_5_5.5_chordal,global_val_client,val,,6,,,0.3156944258213043,0.865,0.5569999814033508,0.8615668580803937,0.8754869699478149,0.8754869699478149,0.8409949541091919,2000,,,,,,,,,,,
fedavg,fedavg,510|859,510|859,2,510,data_2000_5_5.5_chordal,global_val_client_task,val,cycle2,6,,,,,,,,,,2000,528.0,39.0,1429.0,4.0,0.9312169312169312,0.9924812030075187,0.9608736038208008,0.9608736038208008,0.9608736038208008,532.0,0.26600000262260437
fedavg,fedavg,510|859,510|859,2,510,data_2000_5_5.5_chordal,global_val_client_task,val,cycle3,6,,,,,,,,,,2000,715.0,101.0,1169.0,15.0,0.8762254901960784,0.9794520547945206,0.9249676465988159,0.9249676465988159,0.9249676465988159,730.0,0.36500000953674316
fedavg,fedavg,510|859,510|859,2,510,data_2000_5_5.5_chordal,global_val_client_task,val,cycle4,6,,,,,,,,,,2000,854.0,463.0,665.0,18.0,0.6484434320425209,0.9793577981651376,0.7802650332450867,0.7802650332450867,0.7802650332450867,872.0,0.4359999895095825
fedavg,fedavg,510|859,510|859,2,510,data_2000_5_5.5_chordal,global_val_client_task,val,cycle5,6,,,,,,,,,,2000,1044.0,335.0,612.0,9.0,0.757070340826686,0.9914529914529915,0.8585526347160339,0.8585526347160339,0.7806122303009033,1053.0,0.5264999866485596
fedavg,fedavg,510|859,510|859,2,510,data_2000_5_5.5_chordal,global_val_client_task,val,cycle6,6,,,,,,,,,,2000,1060.0,304.0,574.0,62.0,0.7771260997067448,0.9447415329768271,0.8527755737304688,0.8527755737304688,0.7582562565803528,1122.0,0.5609999895095825
fedavg,fedavg,510|859,510|859,2,859,data_2000_4_1.5_chordal,global_val_client,val,,6,,,0.3997760720252991,0.8736,0.6735000014305115,0.7777777777777778,0.700172483921051,0.700172483921051,0.700172483921051,2000,,,,,,,,,,,
fedavg,fedavg,510|859,510|859,2,859,data_2000_4_1.5_chordal,global_val_client_task,val,cycle2,6,,,,,,,,,,2000,849.0,3.0,1135.0,13.0,0.9964788732394366,0.9849187935034803,0.990665078163147,0.990665078163147,0.990665078163147,862.0,0.4309999942779541
fedavg,fedavg,510|859,510|859,2,859,data_2000_4_1.5_chordal,global_val_client_task,val,cycle3,6,,,,,,,,,,2000,672.0,20.0,1289.0,19.0,0.9710982658959537,0.9725036179450073,0.9718004465103149,0.9718004465103149,0.9718004465103149,691.0,0.34549999237060547
fedavg,fedavg,510|859,510|859,2,859,data_2000_4_1.5_chordal,global_val_client_task,val,cycle4,6,,,,,,,,,,2000,353.0,250.0,1359.0,38.0,0.5854063018242123,0.9028132992327366,0.7102615833282471,0.7102615833282471,0.7102615833282471,391.0,0.19550000131130219
fedavg,fedavg,510|859,510|859,2,859,data_2000_4_1.5_chordal,global_val_client_task,val,cycle5,6,,,,,,,,,,2000,229.0,396.0,1368.0,7.0,0.3664,0.9703389830508474,0.5319395661354065,0.5319395661354065,0.5319395661354065,236.0,0.11800000071525574
fedavg,fedavg,510|859,510|859,2,859,data_2000_4_1.5_chordal,global_val_client_task,val,cycle6,6,,,,,,,,,,2000,109.0,499.0,1373.0,19.0,0.17927631578947367,0.8515625,0.2961956560611725,0.2961956560611725,0.2961956560611725,128.0,0.06400000303983688
fedavg,fedavg,510|859,510|859,2,all,all,global_val_mean,val,,6,,,0.3577352489233017,0.8693,0.6152499914169312,0.8196723179290857,0.787829726934433,0.787829726934433,0.7705837190151215,4000,,,,,,,,,,,
fedavg,fedavg,510|859,510|859,2,510,data_2000_5_5.5_chordal,train_epoch,train,,7,1.0,0.27602902734279633,,,,,,,,2000,,,,,,,,,,,
fedavg,fedavg,510|859,510|859,2,510,data_2000_5_5.5_chordal,val_epoch,val,,7,,,0.2619508670568466,0.8915,0.609000027179718,0.8749567822980294,0.8854764103889465,0.8854764103889465,0.8737965822219849,2000,,,,,,,,,,,
fedavg,fedavg,510|859,510|859,2,510,data_2000_5_5.5_chordal,val_epoch_task,val,cycle2,7,,,,,,,,,,2000,532.0,41.0,1427.0,0.0,0.9284467713787086,1.0,0.962895929813385,0.962895929813385,0.962895929813385,532.0,0.26600000262260437
fedavg,fedavg,510|859,510|859,2,510,data_2000_5_5.5_chordal,val_epoch_task,val,cycle3,7,,,,,,,,,,2000,725.0,97.0,1173.0,5.0,0.8819951338199513,0.9931506849315068,0.9342783093452454,0.9342783093452454,0.9342783093452454,730.0,0.36500000953674316
fedavg,fedavg,510|859,510|859,2,510,data_2000_5_5.5_chordal,val_epoch_task,val,cycle4,7,,,,,,,,,,2000,713.0,117.0,1011.0,159.0,0.8590361445783132,0.8176605504587156,0.837837815284729,0.837837815284729,0.837837815284729,872.0,0.4359999895095825
fedavg,fedavg,510|859,510|859,2,510,data_2000_5_5.5_chordal,val_epoch_task,val,cycle5,7,,,,,,,,,,2000,868.0,113.0,834.0,185.0,0.8848114169215087,0.8243114909781576,0.8534906506538391,0.8534906506538391,0.8484231233596802,1053.0,0.5264999866485596
fedavg,fedavg,510|859,510|859,2,510,data_2000_5_5.5_chordal,val_epoch_task,val,cycle6,7,,,,,,,,,,2000,958.0,204.0,674.0,164.0,0.8244406196213425,0.8538324420677362,0.8388791680335999,0.8388791680335999,0.7855477333068848,1122.0,0.5609999895095825
fedavg,fedavg,510|859,510|859,2,859,data_2000_4_1.5_chordal,train_epoch,train,,7,1.0,0.3948474235534668,,,,,,,,2000,,,,,,,,,,,
fedavg,fedavg,510|859,510|859,2,859,data_2000_4_1.5_chordal,val_epoch,val,,7,,,0.38230042898654937,0.9286,0.7705000042915344,0.8587816455696202,0.7626960873603821,0.7626960873603821,0.7626960873603821,2000,,,,,,,,,,,
fedavg,fedavg,510|859,510|859,2,859,data_2000_4_1.5_chordal,val_epoch_task,val,cycle2,7,,,,,,,,,,2000,861.0,21.0,1117.0,1.0,0.9761904761904762,0.9988399071925754,0.9873852729797363,0.9873852729797363,0.9873852729797363,862.0,0.4309999942779541
fedavg,fedavg,510|859,510|859,2,859,data_2000_4_1.5_chordal,val_epoch_task,val,cycle3,7,,,,,,,,,,2000,690.0,51.0,1258.0,1.0,0.9311740890688259,0.9985528219971056,0.9636871814727783,0.9636871814727783,0.9636871814727783,691.0,0.34549999237060547
fedavg,fedavg,510|859,510|859,2,859,data_2000_4_1.5_chordal,val_epoch_task,val,cycle4,7,,,,,,,,,,2000,326.0,59.0,1550.0,65.0,0.8467532467532467,0.8337595907928389,0.8402061462402344,0.8402061462402344,0.8402061462402344,391.0,0.19550000131130219
fedavg,fedavg,510|859,510|859,2,859,data_2000_4_1.5_chordal,val_epoch_task,val,cycle5,7,,,,,,,,,,2000,206.0,203.0,1561.0,30.0,0.5036674816625917,0.8728813559322034,0.6387597322463989,0.6387597322463989,0.6387597322463989,236.0,0.11800000071525574
fedavg,fedavg,510|859,510|859,2,859,data_2000_4_1.5_chordal,val_epoch_task,val,cycle6,7,,,,,,,,,,2000,88.0,243.0,1629.0,40.0,0.26586102719033233,0.6875,0.3834422826766968,0.3834422826766968,0.3834422826766968,128.0,0.06400000303983688
fedavg,fedavg,510|859,510|859,2,510,data_2000_5_5.5_chordal,global_val_client,val,,7,,,0.2769619099497795,0.8856,0.6000000238418579,0.8787364850540598,0.8855310678482056,0.8855310678482056,0.8632849454879761,2000,,,,,,,,,,,
fedavg,fedavg,510|859,510|859,2,510,data_2000_5_5.5_chordal,global_val_client_task,val,cycle2,7,,,,,,,,,,2000,532.0,72.0,1396.0,0.0,0.8807947019867549,1.0,0.9366196990013123,0.9366196990013123,0.9366196990013123,532.0,0.26600000262260437
fedavg,fedavg,510|859,510|859,2,510,data_2000_5_5.5_chordal,global_val_client_task,val,cycle3,7,,,,,,,,,,2000,729.0,152.0,1118.0,1.0,0.8274687854710556,0.9986301369863013,0.9050279855728149,0.9050279855728149,0.9050279855728149,730.0,0.36500000953674316
fedavg,fedavg,510|859,510|859,2,510,data_2000_5_5.5_chordal,global_val_client_task,val,cycle4,7,,,,,,,,,,2000,847.0,277.0,851.0,25.0,0.75355871886121,0.9713302752293578,0.8486973643302917,0.8486973643302917,0.8486973643302917,872.0,0.4359999895095825
fedavg,fedavg,510|859,510|859,2,510,data_2000_5_5.5_chordal,global_val_client_task,val,cycle5,7,,,,,,,,,,2000,1019.0,240.0,707.0,34.0,0.8093725178713265,0.9677113010446344,0.8814879655838013,0.8814879655838013,0.8376777172088623,1053.0,0.5264999866485596
fedavg,fedavg,510|859,510|859,2,510,data_2000_5_5.5_chordal,global_val_client_task,val,cycle6,7,,,,,,,,,,2000,1018.0,239.0,639.0,104.0,0.8098647573587908,0.9073083778966132,0.8558218479156494,0.8558218479156494,0.7884021997451782,1122.0,0.5609999895095825
fedavg,fedavg,510|859,510|859,2,859,data_2000_4_1.5_chordal,global_val_client,val,,7,,,0.374565444111824,0.9321,0.7745000123977661,0.8639005812788135,0.7696996927261353,0.7696996927261353,0.7696996927261353,2000,,,,,,,,,,,
fedavg,fedavg,510|859,510|859,2,859,data_2000_4_1.5_chordal,global_val_client_task,val,cycle2,7,,,,,,,,,,2000,862.0,12.0,1126.0,0.0,0.9862700228832952,1.0,0.9930875897407532,0.9930875897407532,0.9930875897407532,862.0,0.4309999942779541
fedavg,fedavg,510|859,510|859,2,859,data_2000_4_1.5_chordal,global_val_client_task,val,cycle3,7,,,,,,,,,,2000,690.0,17.0,1292.0,1.0,0.9759547383309759,0.9985528219971056,0.9871244430541992,0.9871244430541992,0.9871244430541992,691.0,0.34549999237060547
fedavg,fedavg,510|859,510|859,2,859,data_2000_4_1.5_chordal,global_val_client_task,val,cycle4,7,,,,,,,,,,2000,304.0,42.0,1567.0,87.0,0.8786127167630058,0.7774936061381074,0.8249660730361938,0.8249660730361938,0.8249660730361938,391.0,0.19550000131130219
fedavg,fedavg,510|859,510|859,2,859,data_2000_4_1.5_chordal,global_val_client_task,val,cycle5,7,,,,,,,,,,2000,201.0,178.0,1586.0,35.0,0.5303430079155673,0.8516949152542372,0.6536585688591003,0.6536585688591003,0.6536585688591003,236.0,0.11800000071525574
fedavg,fedavg,510|859,510|859,2,859,data_2000_4_1.5_chordal,global_val_client_task,val,cycle6,7,,,,,,,,,,2000,98.0,277.0,1595.0,30.0,0.2613333333333333,0.765625,0.3896620571613312,0.3896620571613312,0.3896620571613312,128.0,0.06400000303983688
fedavg,fedavg,510|859,510|859,2,all,all,global_val_mean,val,,7,,,0.3257636770308018,0.90885,0.687250018119812,0.8713185331664367,0.8276153802871704,0.8276153802871704,0.8164923191070557,4000,,,,,,,,,,,
fedavg,fedavg,510|859,510|859,2,510,data_2000_5_5.5_chordal,train_epoch,train,,8,1.0,0.2528290603160858,,,,,,,,2000,,,,,,,,,,,
fedavg,fedavg,510|859,510|859,2,510,data_2000_5_5.5_chordal,val_epoch,val,,8,,,0.25534389436244964,0.8959,0.6265000104904175,0.8868847115071172,0.8969804048538208,0.8969804048538208,0.8770321011543274,2000,,,,,,,,,,,
fedavg,fedavg,510|859,510|859,2,510,data_2000_5_5.5_chordal,val_epoch_task,val,cycle2,8,,,,,,,,,,2000,521.0,21.0,1447.0,11.0,0.9612546125461254,0.9793233082706767,0.9702048301696777,0.9702048301696777,0.9702048301696777,532.0,0.26600000262260437
fedavg,fedavg,510|859,510|859,2,510,data_2000_5_5.5_chordal,val_epoch_task,val,cycle3,8,,,,,,,,,,2000,729.0,136.0,1134.0,1.0,0.8427745664739884,0.9986301369863013,0.9141066074371338,0.9141066074371338,0.9141066074371338,730.0,0.36500000953674316
fedavg,fedavg,510|859,510|859,2,510,data_2000_5_5.5_chordal,val_epoch_task,val,cycle4,8,,,,,,,,,,2000,836.0,228.0,900.0,36.0,0.7857142857142857,0.9587155963302753,0.8636363744735718,0.8636363744735718,0.8636363744735718,872.0,0.4359999895095825
fedavg,fedavg,510|859,510|859,2,510,data_2000_5_5.5_chordal,val_epoch_task,val,cycle5,8,,,,,,,,,,2000,965.0,168.0,779.0,88.0,0.851721094439541,0.9164292497625831,0.8828911185264587,0.8828911185264587,0.8588754534721375,1053.0,0.5264999866485596
fedavg,fedavg,510|859,510|859,2,510,data_2000_5_5.5_chordal,val_epoch_task,val,cycle6,8,,,,,,,,,,2000,1030.0,260.0,618.0,92.0,0.7984496124031008,0.9180035650623886,0.8540630340576172,0.8540630340576172,0.7783374786376953,1122.0,0.5609999895095825
fedavg,fedavg,510|859,510|859,2,859,data_2000_4_1.5_chordal,train_epoch,train,,8,1.0,0.3347998015880585,,,,,,,,2000,,,,,,,,,,,
fedavg,fedavg,510|859,510|859,2,859,data_2000_4_1.5_chordal,val_epoch,val,,8,,,0.36877397179603577,0.9134,0.7235000133514404,0.8370342491531804,0.7563115358352661,0.7563115358352661,0.7563115358352661,2000,,,,,,,,,,,
fedavg,fedavg,510|859,510|859,2,859,data_2000_4_1.5_chordal,val_epoch_task,val,cycle2,8,,,,,,,,,,2000,849.0,12.0,1126.0,13.0,0.9860627177700348,0.9849187935034803,0.9854903817176819,0.9854903817176819,0.9854903817176819,862.0,0.4309999942779541
fedavg,fedavg,510|859,510|859,2,859,data_2000_4_1.5_chordal,val_epoch_task,val,cycle3,8,,,,,,,,,,2000,671.0,13.0,1296.0,20.0,0.9809941520467836,0.9710564399421129,0.9760000109672546,0.9760000109672546,0.9760000109672546,691.0,0.34549999237060547
fedavg,fedavg,510|859,510|859,2,859,data_2000_4_1.5_chordal,val_epoch_task,val,cycle4,8,,,,,,,,,,2000,371.0,68.0,1541.0,20.0,0.8451025056947609,0.948849104859335,0.8939759135246277,0.8939759135246277,0.8939759135246277,391.0,0.19550000131130219
fedavg,fedavg,510|859,510|859,2,859,data_2000_4_1.5_chordal,val_epoch_task,val,cycle5,8,,,,,,,,,,2000,230.0,338.0,1426.0,6.0,0.40492957746478875,0.9745762711864406,0.5721392631530762,0.5721392631530762,0.5721392631530762,236.0,0.11800000071525574
fedavg,fedavg,510|859,510|859,2,859,data_2000_4_1.5_chordal,val_epoch_task,val,cycle6,8,,,,,,,,,,2000,103.0,351.0,1521.0,25.0,0.22687224669603523,0.8046875,0.35395190119743347,0.35395190119743347,0.35395190119743347,128.0,0.06400000303983688
fedavg,fedavg,510|859,510|859,2,510,data_2000_5_5.5_chordal,global_val_client,val,,8,,,0.26361005878448485,0.8979,0.6305000185966492,0.8914638035505476,0.9003141522407532,0.9003141522407532,0.8765317797660828,2000,,,,,,,,,,,
fedavg,fedavg,510|859,510|859,2,510,data_2000_5_5.5_chordal,global_val_client_task,val,cycle2,8,,,,,,,,,,2000,532.0,43.0,1425.0,0.0,0.9252173913043479,1.0,0.9611562490463257,0.9611562490463257,0.9611562490463257,532.0,0.26600000262260437
fedavg,fedavg,510|859,510|859,2,510,data_2000_5_5.5_chordal,global_val_client_task,val,cycle3,8,,,,,,,,,,2000,727.0,126.0,1144.0,3.0,0.8522860492379836,0.9958904109589041,0.9185091257095337,0.9185091257095337,0.9185091257095337,730.0,0.36500000953674316
fedavg,fedavg,510|859,510|859,2,510,data_2000_5_5.5_chordal,global_val_client_task,val,cycle4,8,,,,,,,,,,2000,865.0,234.0,894.0,7.0,0.7870791628753412,0.9919724770642202,0.8777270317077637,0.8777270317077637,0.8777270317077637,872.0,0.4359999895095825
fedavg,fedavg,510|859,510|859,2,510,data_2000_5_5.5_chordal,global_val_client_task,val,cycle5,8,,,,,,,,,,2000,1041.0,250.0,697.0,12.0,0.8063516653756778,0.9886039886039886,0.8882251977920532,0.8882251977920532,0.8417874574661255,1053.0,0.5264999866485596
fedavg,fedavg,510|859,510|859,2,510,data_2000_5_5.5_chordal,global_val_client_task,val,cycle6,8,,,,,,,,,,2000,1028.0,252.0,626.0,94.0,0.803125,0.9162210338680927,0.8559533953666687,0.8559533953666687,0.7834793329238892,1122.0,0.5609999895095825
fedavg,fedavg,510|859,510|859,2,859,data_2000_4_1.5_chordal,global_val_client,val,,8,,,0.3297718251943588,0.9236,0.7634999752044678,0.8551933282789993,0.7694727182388306,0.7694727182388306,0.7694727182388306,2000,,,,,,,,,,,
fedavg,fedavg,510|859,510|859,2,859,data_2000_4_1.5_chordal,global_val_client_task,val,cycle2,8,,,,,,,,,,2000,862.0,5.0,1133.0,0.0,0.994232987312572,1.0,0.9971081614494324,0.9971081614494324,0.9971081614494324,862.0,0.4309999942779541
fedavg,fedavg,510|859,510|859,2,859,data_2000_4_1.5_chordal,global_val_client_task,val,cycle3,8,,,,,,,,,,2000,688.0,15.0,1294.0,3.0,0.9786628733997155,0.9956584659913169,0.9870874881744385,0.9870874881744385,0.9870874881744385,691.0,0.34549999237060547
fedavg,fedavg,510|859,510|859,2,859,data_2000_4_1.5_chordal,global_val_client_task,val,cycle4,8,,,,,,,,,,2000,378.0,88.0,1521.0,13.0,0.8111587982832618,0.9667519181585678,0.8821470737457275,0.8821470737457275,0.8821470737457275,391.0,0.19550000131130219
fedavg,fedavg,510|859,510|859,2,859,data_2000_4_1.5_chordal,global_val_client_task,val,cycle5,8,,,,,,,,,,2000,225.0,266.0,1498.0,11.0,0.45824847250509165,0.9533898305084746,0.6189820766448975,0.6189820766448975,0.6189820766448975,236.0,0.11800000071525574
fedavg,fedavg,510|859,510|859,2,859,data_2000_4_1.5_chordal,global_val_client_task,val,cycle6,8,,,,,,,,,,2000,103.0,338.0,1534.0,25.0,0.23356009070294784,0.8046875,0.36203864216804504,0.36203864216804504,0.36203864216804504,128.0,0.06400000303983688
fedavg,fedavg,510|859,510|859,2,all,all,global_val_mean,val,,8,,,0.29669094198942186,0.91075,0.6969999969005585,0.8733285659147735,0.8348934352397919,0.8348934352397919,0.8230022490024567,4000,,,,,,,,,,,
fedavg,fedavg,510|859,510|859,2,510,data_2000_5_5.5_chordal,train_epoch,train,,9,1.0,0.2580003727674484,,,,,,,,2000,,,,,,,,,,,
fedavg,fedavg,510|859,510|859,2,510,data_2000_5_5.5_chordal,val_epoch,val,,9,,,0.2304004261493683,0.9066,0.6495000123977661,0.8980126665210745,0.9043542146682739,0.9043542146682739,0.8865255117416382,2000,,,,,,,,,,,
fedavg,fedavg,510|859,510|859,2,510,data_2000_5_5.5_chordal,val_epoch_task,val,cycle2,9,,,,,,,,,,2000,532.0,78.0,1390.0,0.0,0.8721311475409836,1.0,0.9316987991333008,0.9316987991333008,0.9316987991333008,532.0,0.26600000262260437
fedavg,fedavg,510|859,510|859,2,510,data_2000_5_5.5_chordal,val_epoch_task,val,cycle3,9,,,,,,,,,,2000,724.0,89.0,1181.0,6.0,0.8905289052890529,0.9917808219178083,0.9384316802024841,0.9384316802024841,0.9384316802024841,730.0,0.36500000953674316
fedavg,fedavg,510|859,510|859,2,510,data_2000_5_5.5_chordal,val_epoch_task,val,cycle4,9,,,,,,,,,,2000,852.0,175.0,953.0,20.0,0.8296007789678675,0.9770642201834863,0.8973143100738525,0.8973143100738525,0.8973143100738525,872.0,0.4359999895095825
fedavg,fedavg,510|859,510|859,2,510,data_2000_5_5.5_chordal,val_epoch_task,val,cycle5,9,,,,,,,,,,2000,999.0,158.0,789.0,54.0,0.8634399308556612,0.9487179487179487,0.9040724039077759,0.9040724039077759,0.8815642595291138,1053.0,0.5264999866485596
fedavg,fedavg,510|859,510|859,2,510,data_2000_5_5.5_chordal,val_epoch_task,val,cycle6,9,,,,,,,,,,2000,1005.0,237.0,641.0,117.0,0.8091787439613527,0.8957219251336899,0.8502537608146667,0.8502537608146667,0.7836185097694397,1122.0,0.5609999895095825
fedavg,fedavg,510|859,510|859,2,859,data_2000_4_1.5_chordal,train_epoch,train,,9,1.0,0.33804499185085296,,,,,,,,2000,,,,,,,,,,,
fedavg,fedavg,510|859,510|859,2,859,data_2000_4_1.5_chordal,val_epoch,val,,9,,,0.39921192932128907,0.9437,0.8034999966621399,0.8832192491184402,0.7940147519111633,0.7940147519111633,0.7940147519111633,2000,,,,,,,,,,,
fedavg,fedavg,510|859,510|859,2,859,data_2000_4_1.5_chordal,val_epoch_task,val,cycle2,9,,,,,,,,,,2000,860.0,19.0,1119.0,2.0,0.9783845278725825,0.9976798143851509,0.9879379272460938,0.9879379272460938,0.9879379272460938,862.0,0.4309999942779541
fedavg,fedavg,510|859,510|859,2,859,data_2000_4_1.5_chordal,val_epoch_task,val,cycle3,9,,,,,,,,,,2000,655.0,17.0,1292.0,36.0,0.9747023809523809,0.9479015918958031,0.9611151814460754,0.9611151814460754,0.9611151814460754,691.0,0.34549999237060547
fedavg,fedavg,510|859,510|859,2,859,data_2000_4_1.5_chordal,val_epoch_task,val,cycle4,9,,,,,,,,,,2000,327.0,29.0,1580.0,64.0,0.9185393258426966,0.8363171355498721,0.8755020499229431,0.8755020499229431,0.8755020499229431,391.0,0.19550000131130219
fedavg,fedavg,510|859,510|859,2,859,data_2000_4_1.5_chordal,val_epoch_task,val,cycle5,9,,,,,,,,,,2000,197.0,115.0,1649.0,39.0,0.6314102564102564,0.8347457627118644,0.7189780473709106,0.7189780473709106,0.7189780473709106,236.0,0.11800000071525574
fedavg,fedavg,510|859,510|859,2,859,data_2000_4_1.5_chordal,val_epoch_task,val,cycle6,9,,,,,,,,,,2000,90.0,204.0,1668.0,38.0,0.30612244897959184,0.703125,0.4265403151512146,0.4265403151512146,0.4265403151512146,128.0,0.06400000303983688
fedavg,fedavg,510|859,510|859,2,510,data_2000_5_5.5_chordal,global_val_client,val,,9,,,0.23962617290019989,0.9014,0.6324999928474426,0.8935205183585314,0.8991295099258423,0.8991295099258423,0.8801209330558777,2000,,,,,,,,,,,
fedavg,fedavg,510|859,510|859,2,510,data_2000_5_5.5_chordal,global_val_client_task,val,cycle2,9,,,,,,,,,,2000,531.0,83.0,1385.0,1.0,0.8648208469055375,0.9981203007518797,0.926701545715332,0.926701545715332,0.926701545715332,532.0,0.26600000262260437
fedavg,fedavg,510|859,510|859,2,510,data_2000_5_5.5_chordal,global_val_client_task,val,cycle3,9,,,,,,,,,,2000,729.0,114.0,1156.0,1.0,0.8647686832740213,0.9986301369863013,0.9268913269042969,0.9268913269042969,0.9268913269042969,730.0,0.36500000953674316
fedavg,fedavg,510|859,510|859,2,510,data_2000_5_5.5_chordal,global_val_client_task,val,cycle4,9,,,,,,,,,,2000,857.0,192.0,936.0,15.0,0.8169685414680649,0.9827981651376146,0.8922436237335205,0.8922436237335205,0.8922436237335205,872.0,0.4359999895095825
fedavg,fedavg,510|859,510|859,2,510,data_2000_5_5.5_chordal,global_val_client_task,val,cycle5,9,,,,,,,,,,2000,1020.0,195.0,752.0,33.0,0.8395061728395061,0.9686609686609686,0.899470865726471,0.899470865726471,0.8683602213859558,1053.0,0.5264999866485596
fedavg,fedavg,510|859,510|859,2,510,data_2000_5_5.5_chordal,global_val_client_task,val,cycle6,9,,,,,,,,,,2000,1000.0,230.0,648.0,122.0,0.8130081300813008,0.8912655971479501,0.8503401279449463,0.8503401279449463,0.7864078283309937,1122.0,0.5609999895095825
fedavg,fedavg,510|859,510|859,2,859,data_2000_4_1.5_chordal,global_val_client,val,,9,,,0.3300986571311951,0.9457,0.8159999847412109,0.8909419562161076,0.8042210340499878,0.8042210340499878,0.8042210340499878,2000,,,,,,,,,,,
fedavg,fedavg,510|859,510|859,2,859,data_2000_4_1.5_chordal,global_val_client_task,val,cycle2,9,,,,,,,,,,2000,862.0,5.0,1133.0,0.0,0.994232987312572,1.0,0.9971081614494324,0.9971081614494324,0.9971081614494324,862.0,0.4309999942779541
fedavg,fedavg,510|859,510|859,2,859,data_2000_4_1.5_chordal,global_val_client_task,val,cycle3,9,,,,,,,,,,2000,686.0,13.0,1296.0,5.0,0.9814020028612304,0.9927641099855282,0.9870503544807434,0.9870503544807434,0.9870503544807434,691.0,0.34549999237060547
fedavg,fedavg,510|859,510|859,2,859,data_2000_4_1.5_chordal,global_val_client_task,val,cycle4,9,,,,,,,,,,2000,362.0,38.0,1571.0,29.0,0.905,0.9258312020460358,0.9152970910072327,0.9152970910072327,0.9152970910072327,391.0,0.19550000131130219
fedavg,fedavg,510|859,510|859,2,859,data_2000_4_1.5_chordal,global_val_client_task,val,cycle5,9,,,,,,,,,,2000,213.0,134.0,1630.0,23.0,0.6138328530259366,0.902542372881356,0.7307032942771912,0.7307032942771912,0.7307032942771912,236.0,0.11800000071525574
fedavg,fedavg,510|859,510|859,2,859,data_2000_4_1.5_chordal,global_val_client_task,val,cycle6,9,,,,,,,,,,2000,95.0,263.0,1609.0,33.0,0.26536312849162014,0.7421875,0.39094650745391846,0.39094650745391846,0.39094650745391846,128.0,0.06400000303983688
fedavg,fedavg,510|859,510|859,2,all,all,global_val_mean,val,,9,,,0.2848624150156975,0.92355,0.7242499887943268,0.8922312372873196,0.851675271987915,0.851675271987915,0.8421709835529327,4000,,,,,,,,,,,
fedavg,fedavg,510|859,510|859,2,510,data_2000_5_5.5_chordal,train_epoch,train,,10,1.0,0.23954951667785646,,,,,,,,2000,,,,,,,,,,,
fedavg,fedavg,510|859,510|859,2,510,data_2000_5_5.5_chordal,val_epoch,val,,10,,,0.2145793604850769,0.9151,0.6704999804496765,0.9041868863559417,0.9146668314933777,0.9146668314933777,0.8997364044189453,2000,,,,,,,,,,,
fedavg,fedavg,510|859,510|859,2,510,data_2000_5_5.5_chordal,val_epoch_task,val,cycle2,10,,,,,,,,,,2000,530.0,25.0,1443.0,2.0,0.954954954954955,0.9962406015037594,0.9751610159873962,0.9751610159873962,0.9751610159873962,532.0,0.26600000262260437
fedavg,fedavg,510|859,510|859,2,510,data_2000_5_5.5_chordal,val_epoch_task,val,cycle3,10,,,,,,,,,,2000,712.0,61.0,1209.0,18.0,0.9210866752910737,0.9753424657534246,0.9474384784698486,0.9474384784698486,0.9474384784698486,730.0,0.36500000953674316
fedavg,fedavg,510|859,510|859,2,510,data_2000_5_5.5_chordal,val_epoch_task,val,cycle4,10,,,,,,,,,,2000,809.0,107.0,1021.0,63.0,0.8831877729257642,0.9277522935779816,0.9049217700958252,0.9049217700958252,0.9049217700958252,872.0,0.4359999895095825
fedavg,fedavg,510|859,510|859,2,510,data_2000_5_5.5_chordal,val_epoch_task,val,cycle5,10,,,,,,,,,,2000,983.0,147.0,800.0,70.0,0.8699115044247787,0.9335232668566001,0.900595486164093,0.900595486164093,0.8805724382400513,1053.0,0.5264999866485596
fedavg,fedavg,510|859,510|859,2,510,data_2000_5_5.5_chordal,val_epoch_task,val,cycle6,10,,,,,,,,,,2000,972.0,206.0,672.0,150.0,0.8251273344651953,0.8663101604278075,0.8452174067497253,0.8452174067497253,0.7905882000923157,1122.0,0.5609999895095825
fedavg,fedavg,510|859,510|859,2,859,data_2000_4_1.5_chordal,train_epoch,train,,10,1.0,0.34169389605522155,,,,,,,,2000,,,,,,,,,,,
fedavg,fedavg,510|859,510|859,2,859,data_2000_4_1.5_chordal,val_epoch,val,,10,,,0.33562971675395964,0.8729,0.6549999713897705,0.7799134199134199,0.7070411443710327,0.7070411443710327,0.7070411443710327,2000,,,,,,,,,,,
fedavg,fedavg,510|859,510|859,2,859,data_2000_4_1.5_chordal,val_epoch_task,val,cycle2,10,,,,,,,,,,2000,846.0,5.0,1133.0,16.0,0.9941245593419507,0.9814385150812065,0.9877408146858215,0.9877408146858215,0.9877408146858215,862.0,0.4309999942779541
fedavg,fedavg,510|859,510|859,2,859,data_2000_4_1.5_chordal,val_epoch_task,val,cycle3,10,,,,,,,,,,2000,684.0,39.0,1270.0,7.0,0.946058091286307,0.9898697539797395,0.9674682021141052,0.9674682021141052,0.9674682021141052,691.0,0.34549999237060547
fedavg,fedavg,510|859,510|859,2,859,data_2000_4_1.5_chordal,val_epoch_task,val,cycle4,10,,,,,,,,,,2000,377.0,225.0,1384.0,14.0,0.6262458471760798,0.9641943734015346,0.7593151926994324,0.7593151926994324,0.7593151926994324,391.0,0.19550000131130219
fedavg,fedavg,510|859,510|859,2,859,data_2000_4_1.5_chordal,val_epoch_task,val,cycle5,10,,,,,,,,,,2000,223.0,427.0,1337.0,13.0,0.34307692307692306,0.9449152542372882,0.5033860206604004,0.5033860206604004,0.5033860206604004,236.0,0.11800000071525574
fedavg,fedavg,510|859,510|859,2,859,data_2000_4_1.5_chordal,val_epoch_task,val,cycle6,10,,,,,,,,,,2000,122.0,519.0,1353.0,6.0,0.19032761310452417,0.953125,0.3172951936721802,0.3172951936721802,0.3172951936721802,128.0,0.06400000303983688
fedavg,fedavg,510|859,510|859,2,510,data_2000_5_5.5_chordal,global_val_client,val,,10,,,0.24092540395259857,0.9032,0.6460000276565552,0.8971088435374149,0.9071222543716431,0.9071222543716431,0.8816086649894714,2000,,,,,,,,,,,
fedavg,fedavg,510|859,510|859,2,510,data_2000_5_5.5_chordal,global_val_client_task,val,cycle2,10,,,,,,,,,,2000,532.0,33.0,1435.0,0.0,0.9415929203539823,1.0,0.9699179530143738,0.9699179530143738,0.9699179530143738,532.0,0.26600000262260437
fedavg,fedavg,510|859,510|859,2,510,data_2000_5_5.5_chordal,global_val_client_task,val,cycle3,10,,,,,,,,,,2000,728.0,100.0,1170.0,2.0,0.8792270531400966,0.9972602739726028,0.9345314502716064,0.9345314502716064,0.9345314502716064,730.0,0.36500000953674316
fedavg,fedavg,510|859,510|859,2,510,data_2000_5_5.5_chordal,global_val_client_task,val,cycle4,10,,,,,,,,,,2000,859.0,221.0,907.0,13.0,0.7953703703703704,0.9850917431192661,0.8801229596138,0.8801229596138,0.8801229596138,872.0,0.4359999895095825
fedavg,fedavg,510|859,510|859,2,510,data_2000_5_5.5_chordal,global_val_client_task,val,cycle5,10,,,,,,,,,,2000,1041.0,251.0,696.0,12.0,0.8057275541795665,0.9886039886039886,0.8878465294837952,0.8878465294837952,0.8410876393318176,1053.0,0.5264999866485596
fedavg,fedavg,510|859,510|859,2,510,data_2000_5_5.5_chordal,global_val_client_task,val,cycle6,10,,,,,,,,,,2000,1060.0,274.0,604.0,62.0,0.7946026986506747,0.9447415329768271,0.8631921410560608,0.8631921410560608,0.7823834419250488,1122.0,0.5609999895095825
fedavg,fedavg,510|859,510|859,2,859,data_2000_4_1.5_chordal,global_val_client,val,,10,,,0.29479563879966736,0.9283,0.7739999890327454,0.8623536187368016,0.780022919178009,0.780022919178009,0.780022919178009,2000,,,,,,,,,,,
fedavg,fedavg,510|859,510|859,2,859,data_2000_4_1.5_chordal,global_val_client_task,val,cycle2,10,,,,,,,,,,2000,858.0,4.0,1134.0,4.0,0.9953596287703016,0.9953596287703016,0.9953595995903015,0.9953595995903015,0.9953595995903015,862.0,0.4309999942779541
fedavg,fedavg,510|859,510|859,2,859,data_2000_4_1.5_chordal,global_val_client_task,val,cycle3,10,,,,,,,,,,2000,687.0,23.0,1286.0,4.0,0.967605633802817,0.9942112879884226,0.980728030204773,0.980728030204773,0.980728030204773,691.0,0.34549999237060547
fedavg,fedavg,510|859,510|859,2,859,data_2000_4_1.5_chordal,global_val_client_task,val,cycle4,10,,,,,,,,,,2000,375.0,57.0,1552.0,16.0,0.8680555555555556,0.959079283887468,0.9113001823425293,0.9113001823425293,0.9113001823425293,391.0,0.19550000131130219
fedavg,fedavg,510|859,510|859,2,859,data_2000_4_1.5_chordal,global_val_client_task,val,cycle5,10,,,,,,,,,,2000,222.0,217.0,1547.0,14.0,0.5056947608200456,0.940677966101695,0.657777726650238,0.657777726650238,0.657777726650238,236.0,0.11800000071525574
fedavg,fedavg,510|859,510|859,2,859,data_2000_4_1.5_chordal,global_val_client_task,val,cycle6,10,,,,,,,,,,2000,104.0,354.0,1518.0,24.0,0.22707423580786026,0.8125,0.3549487888813019,0.3549487888813019,0.3549487888813019,128.0,0.06400000303983688
fedavg,fedavg,510|859,510|859,2,all,all,global_val_mean,val,,10,,,0.267860521376133,0.91575,0.7100000083446503,0.8797312311371084,0.843572586774826,0.843572586774826,0.8308157920837402,4000,,,,,,,,,,,
fedavg,fedavg,510|859,510|859,2,510,data_2000_5_5.5_chordal,train_epoch,train,,11,1.0,0.23412467271089554,,,,,,,,2000,,,,,,,,,,,
fedavg,fedavg,510|859,510|859,2,510,data_2000_5_5.5_chordal,val_epoch,val,,11,,,0.2117220975160599,0.9192,0.6859999895095825,0.9109739973556632,0.9207761883735657,0.9207761883735657,0.9020417928695679,2000,,,,,,,,,,,
fedavg,fedavg,510|859,510|859,2,510,data_2000_5_5.5_chordal,val_epoch_task,val,cycle2,11,,,,,,,,,,2000,532.0,38.0,1430.0,0.0,0.9333333333333333,1.0,0.9655172228813171,0.9655172228813171,0.9655172228813171,532.0,0.26600000262260437
fedavg,fedavg,510|859,510|859,2,510,data_2000_5_5.5_chordal,val_epoch_task,val,cycle3,11,,,,,,,,,,2000,723.0,53.0,1217.0,7.0,0.9317010309278351,0.9904109589041096,0.9601593613624573,0.9601593613624573,0.9601593613624573,730.0,0.36500000953674316
fedavg,fedavg,510|859,510|859,2,510,data_2000_5_5.5_chordal,val_epoch_task,val,cycle4,11,,,,,,,,,,2000,850.0,117.0,1011.0,22.0,0.8790072388831437,0.9747706422018348,0.9244154691696167,0.9244154691696167,0.9244154691696167,872.0,0.4359999895095825
fedavg,fedavg,510|859,510|859,2,510,data_2000_5_5.5_chordal,val_epoch_task,val,cycle5,11,,,,,,,,,,2000,1024.0,208.0,739.0,29.0,0.8311688311688312,0.9724596391263058,0.8962801098823547,0.8962801098823547,0.8618075847625732,1053.0,0.5264999866485596
fedavg,fedavg,510|859,510|859,2,510,data_2000_5_5.5_chordal,val_epoch_task,val,cycle6,11,,,,,,,,,,2000,1005.0,217.0,661.0,117.0,0.8224222585924713,0.8957219251336899,0.8575085401535034,0.8575085401535034,0.7983091473579407,1122.0,0.5609999895095825
fedavg,fedavg,510|859,510|859,2,859,data_2000_4_1.5_chordal,train_epoch,train,,11,1.0,0.32915629231929777,,,,,,,,2000,,,,,,,,,,,
fedavg,fedavg,510|859,510|859,2,859,data_2000_4_1.5_chordal,val_epoch,val,,11,,,0.3184332280158997,0.9219,0.7379999756813049,0.851999241993557,0.7647532224655151,0.7647532224655151,0.7647532224655151,2000,,,,,,,,,,,
fedavg,fedavg,510|859,510|859,2,859,data_2000_4_1.5_chordal,val_epoch_task,val,cycle2,11,,,,,,,,,,2000,862.0,14.0,1124.0,0.0,0.9840182648401826,1.0,0.9919447302818298,0.9919447302818298,0.9919447302818298,862.0,0.4309999942779541
fedavg,fedavg,510|859,510|859,2,859,data_2000_4_1.5_chordal,val_epoch_task,val,cycle3,11,,,,,,,,,,2000,691.0,82.0,1227.0,0.0,0.8939197930142303,1.0,0.943989098072052,0.943989098072052,0.943989098072052,691.0,0.34549999237060547
fedavg,fedavg,510|859,510|859,2,859,data_2000_4_1.5_chordal,val_epoch_task,val,cycle4,11,,,,,,,,,,2000,376.0,89.0,1520.0,15.0,0.8086021505376344,0.9616368286445013,0.8785046935081482,0.8785046935081482,0.8785046935081482,391.0,0.19550000131130219
fedavg,fedavg,510|859,510|859,2,859,data_2000_4_1.5_chordal,val_epoch_task,val,cycle5,11,,,,,,,,,,2000,220.0,249.0,1515.0,16.0,0.4690831556503198,0.9322033898305084,0.6241135001182556,0.6241135001182556,0.6241135001182556,236.0,0.11800000071525574
fedavg,fedavg,510|859,510|859,2,859,data_2000_4_1.5_chordal,val_epoch_task,val,cycle6,11,,,,,,,,,,2000,99.0,287.0,1585.0,29.0,0.25647668393782386,0.7734375,0.3852140009403229,0.3852140009403229,0.3852140009403229,128.0,0.06400000303983688
fedavg,fedavg,510|859,510|859,2,510,data_2000_5_5.5_chordal,global_val_client,val,,11,,,0.2535187647342682,0.901,0.6365000009536743,0.8946584379655246,0.90155428647995,0.90155428647995,0.8774226307868958,2000,,,,,,,,,,,
fedavg,fedavg,510|859,510|859,2,510,data_2000_5_5.5_chordal,global_val_client_task,val,cycle2,11,,,,,,,,,,2000,532.0,62.0,1406.0,0.0,0.8956228956228957,1.0,0.9449378252029419,0.9449378252029419,0.9449378252029419,532.0,0.26600000262260437
fedavg,fedavg,510|859,510|859,2,510,data_2000_5_5.5_chordal,global_val_client_task,val,cycle3,11,,,,,,,,,,2000,729.0,136.0,1134.0,1.0,0.8427745664739884,0.9986301369863013,0.9141066074371338,0.9141066074371338,0.9141066074371338,730.0,0.36500000953674316
fedavg,fedavg,510|859,510|859,2,510,data_2000_5_5.5_chordal,global_val_client_task,val,cycle4,11,,,,,,,,,,2000,861.0,177.0,951.0,11.0,0.8294797687861272,0.9873853211009175,0.9015706777572632,0.9015706777572632,0.9015706777572632,872.0,0.4359999895095825
fedavg,fedavg,510|859,510|859,2,510,data_2000_5_5.5_chordal,global_val_client_task,val,cycle5,11,,,,,,,,,,2000,1038.0,267.0,680.0,15.0,0.7954022988505747,0.9857549857549858,0.8804070949554443,0.8804070949554443,0.828258216381073,1053.0,0.5264999866485596
fedavg,fedavg,510|859,510|859,2,510,data_2000_5_5.5_chordal,global_val_client_task,val,cycle6,11,,,,,,,,,,2000,1044.0,243.0,635.0,78.0,0.8111888111888111,0.93048128342246,0.86674964427948,0.86674964427948,0.798240065574646,1122.0,0.5609999895095825
fedavg,fedavg,510|859,510|859,2,859,data_2000_4_1.5_chordal,global_val_client,val,,11,,,0.31218831765651706,0.9305,0.7684999704360962,0.8658560123528277,0.7774131894111633,0.7774131894111633,0.7774131894111633,2000,,,,,,,,,,,
fedavg,fedavg,510|859,510|859,2,859,data_2000_4_1.5_chordal,global_val_client_task,val,cycle2,11,,,,,,,,,,2000,861.0,8.0,1130.0,1.0,0.9907940161104718,0.9988399071925754,0.9948006868362427,0.9948006868362427,0.9948006868362427,862.0,0.4309999942779541
fedavg,fedavg,510|859,510|859,2,859,data_2000_4_1.5_chordal,global_val_client_task,val,cycle3,11,,,,,,,,,,2000,689.0,24.0,1285.0,2.0,0.9663394109396914,0.9971056439942113,0.9814814925193787,0.9814814925193787,0.9814814925193787,691.0,0.34549999237060547
fedavg,fedavg,510|859,510|859,2,859,data_2000_4_1.5_chordal,global_val_client_task,val,cycle4,11,,,,,,,,,,2000,381.0,63.0,1546.0,10.0,0.8581081081081081,0.9744245524296675,0.9125748872756958,0.9125748872756958,0.9125748872756958,391.0,0.19550000131130219
fedavg,fedavg,510|859,510|859,2,859,data_2000_4_1.5_chordal,global_val_client_task,val,cycle5,11,,,,,,,,,,2000,216.0,223.0,1541.0,20.0,0.4920273348519362,0.9152542372881356,0.6399999856948853,0.6399999856948853,0.6399999856948853,236.0,0.11800000071525574
fedavg,fedavg,510|859,510|859,2,859,data_2000_4_1.5_chordal,global_val_client_task,val,cycle6,11,,,,,,,,,,2000,96.0,312.0,1560.0,32.0,0.23529411764705882,0.75,0.35820895433425903,0.35820895433425903,0.35820895433425903,128.0,0.06400000303983688
fedavg,fedavg,510|859,510|859,2,all,all,global_val_mean,val,,11,,,0.28285354119539263,0.91575,0.7024999856948853,0.8802572251591761,0.8394837379455566,0.8394837379455566,0.8274179100990295,4000,,,,,,,,,,,
fedavg,fedavg,510|859,510|859,2,510,data_2000_5_5.5_chordal,train_epoch,train,,12,1.0,0.21863669764995575,,,,,,,,2000,,,,,,,,,,,
fedavg,fedavg,510|859,510|859,2,510,data_2000_5_5.5_chordal,val_epoch,val,,12,,,0.2328869627714157,0.9132,0.6669999957084656,0.9054672184709214,0.9152103662490845,0.9152103662490845,0.8916655778884888,2000,,,,,,,,,,,
fedavg,fedavg,510|859,510|859,2,510,data_2000_5_5.5_chordal,val_epoch_task,val,cycle2,12,,,,,,,,,,2000,512.0,14.0,1454.0,20.0,0.973384030418251,0.9624060150375939,0.9678638577461243,0.9678638577461243,0.9678638577461243,532.0,0.26600000262260437
fedavg,fedavg,510|859,510|859,2,510,data_2000_5_5.5_chordal,val_epoch_task,val,cycle3,12,,,,,,,,,,2000,730.0,114.0,1156.0,0.0,0.8649289099526066,1.0,0.927573025226593,0.927573025226593,0.927573025226593,730.0,0.36500000953674316
fedavg,fedavg,510|859,510|859,2,510,data_2000_5_5.5_chordal,val_epoch_task,val,cycle4,12,,,,,,,,,,2000,852.0,120.0,1008.0,20.0,0.8765432098765432,0.9770642201834863,0.924078106880188,0.924078106880188,0.924078106880188,872.0,0.4359999895095825
fedavg,fedavg,510|859,510|859,2,510,data_2000_5_5.5_chordal,val_epoch_task,val,cycle5,12,,,,,,,,,,2000,1019.0,168.0,779.0,34.0,0.8584667228306655,0.9677113010446344,0.9098215103149414,0.9098215103149414,0.8852273225784302,1053.0,0.5264999866485596
fedavg,fedavg,510|859,510|859,2,510,data_2000_5_5.5_chordal,val_epoch_task,val,cycle6,12,,,,,,,,,,2000,1044.0,300.0,578.0,78.0,0.7767857142857143,0.93048128342246,0.8467153310775757,0.8467153310775757,0.7535853981971741,1122.0,0.5609999895095825
fedavg,fedavg,510|859,510|859,2,859,data_2000_4_1.5_chordal,train_epoch,train,,12,1.0,0.3020286524295807,,,,,,,,2000,,,,,,,,,,,
fedavg,fedavg,510|859,510|859,2,859,data_2000_4_1.5_chordal,val_epoch,val,,12,,,0.33916672241687773,0.9465,0.8125,0.8923324612598108,0.8055424690246582,0.8055424690246582,0.8055424690246582,2000,,,,,,,,,,,
fedavg,fedavg,510|859,510|859,2,859,data_2000_4_1.5_chordal,val_epoch_task,val,cycle2,12,,,,,,,,,,2000,859.0,14.0,1124.0,3.0,0.983963344788087,0.9965197215777262,0.9902017712593079,0.9902017712593079,0.9902017712593079,862.0,0.4309999942779541
fedavg,fedavg,510|859,510|859,2,859,data_2000_4_1.5_chordal,val_epoch_task,val,cycle3,12,,,,,,,,,,2000,684.0,20.0,1289.0,7.0,0.9715909090909091,0.9898697539797395,0.9806451797485352,0.9806451797485352,0.9806451797485352,691.0,0.34549999237060547
fedavg,fedavg,510|859,510|859,2,859,data_2000_4_1.5_chordal,val_epoch_task,val,cycle4,12,,,,,,,,,,2000,372.0,70.0,1539.0,19.0,0.8416289592760181,0.9514066496163683,0.8931573033332825,0.8931573033332825,0.8931573033332825,391.0,0.19550000131130219
fedavg,fedavg,510|859,510|859,2,859,data_2000_4_1.5_chordal,val_epoch_task,val,cycle5,12,,,,,,,,,,2000,206.0,126.0,1638.0,30.0,0.6204819277108434,0.8728813559322034,0.7253521084785461,0.7253521084785461,0.7253521084785461,236.0,0.11800000071525574
fedavg,fedavg,510|859,510|859,2,859,data_2000_4_1.5_chordal,val_epoch_task,val,cycle6,12,,,,,,,,,,2000,96.0,214.0,1658.0,32.0,0.3096774193548387,0.75,0.4383561909198761,0.4383561909198761,0.4383561909198761,128.0,0.06400000303983688
fedavg,fedavg,510|859,510|859,2,510,data_2000_5_5.5_chordal,global_val_client,val,,12,,,0.24713504481315612,0.9039,0.6474999785423279,0.8963657931629462,0.9054003953933716,0.9054003953933716,0.8861684799194336,2000,,,,,,,,,,,
fedavg,fedavg,510|859,510|859,2,510,data_2000_5_5.5_chordal,global_val_client_task,val,cycle2,12,,,,,,,,,,2000,532.0,29.0,1439.0,0.0,0.948306595365419,1.0,0.9734675884246826,0.9734675884246826,0.9734675884246826,532.0,0.26600000262260437
fedavg,fedavg,510|859,510|859,2,510,data_2000_5_5.5_chordal,global_val_client_task,val,cycle3,12,,,,,,,,,,2000,730.0,138.0,1132.0,0.0,0.8410138248847926,1.0,0.9136420488357544,0.9136420488357544,0.9136420488357544,730.0,0.36500000953674316
fedavg,fedavg,510|859,510|859,2,510,data_2000_5_5.5_chordal,global_val_client_task,val,cycle4,12,,,,,,,,,,2000,861.0,212.0,916.0,11.0,0.8024231127679403,0.9873853211009175,0.8853470087051392,0.8853470087051392,0.8853470087051392,872.0,0.4359999895095825
fedavg,fedavg,510|859,510|859,2,510,data_2000_5_5.5_chordal,global_val_client_task,val,cycle5,12,,,,,,,,,,2000,1019.0,199.0,748.0,34.0,0.8366174055829229,0.9677113010446344,0.8974021077156067,0.8974021077156067,0.8652400374412537,1053.0,0.5264999866485596
fedavg,fedavg,510|859,510|859,2,510,data_2000_5_5.5_chordal,global_val_client_task,val,cycle6,12,,,,,,,,,,2000,1014.0,230.0,648.0,108.0,0.815112540192926,0.9037433155080213,0.8571428656578064,0.8571428656578064,0.7931456565856934,1122.0,0.5609999895095825
fedavg,fedavg,510|859,510|859,2,859,data_2000_4_1.5_chordal,global_val_client,val,,12,,,0.31949335932731626,0.9409,0.8040000200271606,0.8829934666402692,0.7953426241874695,0.7953426241874695,0.7953426241874695,2000,,,,,,,,,,,
fedavg,fedavg,510|859,510|859,2,859,data_2000_4_1.5_chordal,global_val_client_task,val,cycle2,12,,,,,,,,,,2000,859.0,7.0,1131.0,3.0,0.9919168591224018,0.9965197215777262,0.9942129850387573,0.9942129850387573,0.9942129850387573,862.0,0.4309999942779541
fedavg,fedavg,510|859,510|859,2,859,data_2000_4_1.5_chordal,global_val_client_task,val,cycle3,12,,,,,,,,,,2000,689.0,14.0,1295.0,2.0,0.9800853485064012,0.9971056439942113,0.9885222911834717,0.9885222911834717,0.9885222911834717,691.0,0.34549999237060547
fedavg,fedavg,510|859,510|859,2,859,data_2000_4_1.5_chordal,global_val_client_task,val,cycle4,12,,,,,,,,,,2000,377.0,64.0,1545.0,14.0,0.854875283446712,0.9641943734015346,0.90625,0.90625,0.90625,391.0,0.19550000131130219
fedavg,fedavg,510|859,510|859,2,859,data_2000_4_1.5_chordal,global_val_client_task,val,cycle5,12,,,,,,,,,,2000,208.0,146.0,1618.0,28.0,0.5875706214689266,0.8813559322033898,0.7050847411155701,0.7050847411155701,0.7050847411155701,236.0,0.11800000071525574
fedavg,fedavg,510|859,510|859,2,859,data_2000_4_1.5_chordal,global_val_client_task,val,cycle6,12,,,,,,,,,,2000,97.0,282.0,1590.0,31.0,0.2559366754617414,0.7578125,0.38264304399490356,0.38264304399490356,0.38264304399490356,128.0,0.06400000303983688
fedavg,fedavg,510|859,510|859,2,all,all,global_val_mean,val,,12,,,0.2833142020702362,0.9224000000000001,0.7257499992847443,0.8896796299016078,0.8503715097904205,0.8503715097904205,0.8407555520534515,4000,,,,,,,,,,,
fedavg,fedavg,510|859,510|859,2,510,data_2000_5_5.5_chordal,train_epoch,train,,13,1.0,0.24183047187328338,,,,,,,,2000,,,,,,,,,,,
fedavg,fedavg,510|859,510|859,2,510,data_2000_5_5.5_chordal,val_epoch,val,,13,,,0.21789856576919556,0.9148,0.6710000038146973,0.9025840384175623,0.910424530506134,0.910424530506134,0.898735523223877,2000,,,,,,,,,,,
fedavg,fedavg,510|859,510|859,2,510,data_2000_5_5.5_chordal,val_epoch_task,val,cycle2,13,,,,,,,,,,2000,532.0,43.0,1425.0,0.0,0.9252173913043479,1.0,0.9611562490463257,0.9611562490463257,0.9611562490463257,532.0,0.26600000262260437
fedavg,fedavg,510|859,510|859,2,510,data_2000_5_5.5_chordal,val_epoch_task,val,cycle3,13,,,,,,,,,,2000,667.0,61.0,1209.0,63.0,0.9162087912087912,0.9136986301369863,0.9149519801139832,0.9149519801139832,0.9149519801139832,730.0,0.36500000953674316
fedavg,fedavg,510|859,510|859,2,510,data_2000_5_5.5_chordal,val_epoch_task,val,cycle4,13,,,,,,,,,,2000,833.0,91.0,1037.0,39.0,0.9015151515151515,0.9552752293577982,0.9276169538497925,0.9276169538497925,0.9276169538497925,872.0,0.4359999895095825
fedavg,fedavg,510|859,510|859,2,510,data_2000_5_5.5_chordal,val_epoch_task,val,cycle5,13,,,,,,,,,,2000,957.0,117.0,830.0,96.0,0.8910614525139665,0.9088319088319088,0.8998589515686035,0.8998589515686035,0.8862787485122681,1053.0,0.5264999866485596
fedavg,fedavg,510|859,510|859,2,510,data_2000_5_5.5_chordal,val_epoch_task,val,cycle6,13,,,,,,,,,,2000,958.0,178.0,700.0,164.0,0.8433098591549296,0.8538324420677362,0.8485385179519653,0.8485385179519653,0.8036739826202393,1122.0,0.5609999895095825
fedavg,fedavg,510|859,510|859,2,859,data_2000_4_1.5_chordal,train_epoch,train,,13,1.0,0.28607319575548174,,,,,,,,2000,,,,,,,,,,,
fedavg,fedavg,510|859,510|859,2,859,data_2000_4_1.5_chordal,val_epoch,val,,13,,,0.3254204442501068,0.941,0.7929999828338623,0.8841319717203456,0.7970525622367859,0.7970525622367859,0.7970525622367859,2000,,,,,,,,,,,
fedavg,fedavg,510|859,510|859,2,859,data_2000_4_1.5_chordal,val_epoch_task,val,cycle2,13,,,,,,,,,,2000,862.0,7.0,1131.0,0.0,0.9919447640966629,1.0,0.9959561228752136,0.9959561228752136,0.9959561228752136,862.0,0.4309999942779541
fedavg,fedavg,510|859,510|859,2,859,data_2000_4_1.5_chordal,val_epoch_task,val,cycle3,13,,,,,,,,,,2000,691.0,27.0,1282.0,0.0,0.9623955431754875,1.0,0.9808374643325806,0.9808374643325806,0.9808374643325806,691.0,0.34549999237060547
fedavg,fedavg,510|859,510|859,2,859,data_2000_4_1.5_chordal,val_epoch_task,val,cycle4,13,,,,,,,,,,2000,377.0,105.0,1504.0,14.0,0.7821576763485477,0.9641943734015346,0.8636884689331055,0.8636884689331055,0.8636884689331055,391.0,0.19550000131130219
fedavg,fedavg,510|859,510|859,2,859,data_2000_4_1.5_chordal,val_epoch_task,val,cycle5,13,,,,,,,,,,2000,223.0,169.0,1595.0,13.0,0.5688775510204082,0.9449152542372882,0.7101911306381226,0.7101911306381226,0.7101911306381226,236.0,0.11800000071525574
fedavg,fedavg,510|859,510|859,2,859,data_2000_4_1.5_chordal,val_epoch_task,val,cycle6,13,,,,,,,,,,2000,98.0,225.0,1647.0,30.0,0.30340557275541796,0.765625,0.43458983302116394,0.43458983302116394,0.43458983302116394,128.0,0.06400000303983688
fedavg,fedavg,510|859,510|859,2,510,data_2000_5_5.5_chordal,global_val_client,val,,13,,,0.22754839086532594,0.9104,0.6725000143051147,0.9026298630732449,0.9117695689201355,0.9117695689201355,0.8922107815742493,2000,,,,,,,,,,,
fedavg,fedavg,510|859,510|859,2,510,data_2000_5_5.5_chordal,global_val_client_task,val,cycle2,13,,,,,,,,,,2000,532.0,45.0,1423.0,0.0,0.9220103986135182,1.0,0.9594228863716125,0.9594228863716125,0.9594228863716125,532.0,0.26600000262260437
fedavg,fedavg,510|859,510|859,2,510,data_2000_5_5.5_chordal,global_val_client_task,val,cycle3,13,,,,,,,,,,2000,729.0,74.0,1196.0,1.0,0.9078455790784558,0.9986301369863013,0.9510762691497803,0.9510762691497803,0.9510762691497803,730.0,0.36500000953674316
fedavg,fedavg,510|859,510|859,2,510,data_2000_5_5.5_chordal,global_val_client_task,val,cycle4,13,,,,,,,,,,2000,858.0,186.0,942.0,14.0,0.8218390804597702,0.9839449541284404,0.8956158757209778,0.8956158757209778,0.8956158757209778,872.0,0.4359999895095825
fedavg,fedavg,510|859,510|859,2,510,data_2000_5_5.5_chordal,global_val_client_task,val,cycle5,13,,,,,,,,,,2000,1031.0,202.0,745.0,22.0,0.8361719383617194,0.9791073124406457,0.9020122289657593,0.9020122289657593,0.8693116307258606,1053.0,0.5264999866485596
fedavg,fedavg,510|859,510|859,2,510,data_2000_5_5.5_chordal,global_val_client_task,val,cycle6,13,,,,,,,,,,2000,1003.0,233.0,645.0,119.0,0.8114886731391586,0.8939393939393939,0.8507208824157715,0.8507208824157715,0.7856273055076599,1122.0,0.5609999895095825
fedavg,fedavg,510|859,510|859,2,859,data_2000_4_1.5_chordal,global_val_client,val,,13,,,0.2955555701255798,0.9422,0.8054999709129333,0.8861308116627264,0.8018995523452759,0.8018995523452759,0.8018995523452759,2000,,,,,,,,,,,
fedavg,fedavg,510|859,510|859,2,859,data_2000_4_1.5_chordal,global_val_client_task,val,cycle2,13,,,,,,,,,,2000,862.0,9.0,1129.0,0.0,0.9896670493685419,1.0,0.994806706905365,0.994806706905365,0.994806706905365,862.0,0.4309999942779541
fedavg,fedavg,510|859,510|859,2,859,data_2000_4_1.5_chordal,global_val_client_task,val,cycle3,13,,,,,,,,,,2000,689.0,9.0,1300.0,2.0,0.9871060171919771,0.9971056439942113,0.9920806288719177,0.9920806288719177,0.9920806288719177,691.0,0.34549999237060547
fedavg,fedavg,510|859,510|859,2,859,data_2000_4_1.5_chordal,global_val_client_task,val,cycle4,13,,,,,,,,,,2000,374.0,46.0,1563.0,17.0,0.8904761904761904,0.9565217391304348,0.9223181009292603,0.9223181009292603,0.9223181009292603,391.0,0.19550000131130219
fedavg,fedavg,510|859,510|859,2,859,data_2000_4_1.5_chordal,global_val_client_task,val,cycle5,13,,,,,,,,,,2000,220.0,187.0,1577.0,16.0,0.5405405405405406,0.9322033898305084,0.6842923760414124,0.6842923760414124,0.6842923760414124,236.0,0.11800000071525574
fedavg,fedavg,510|859,510|859,2,859,data_2000_4_1.5_chordal,global_val_client_task,val,cycle6,13,,,,,,,,,,2000,104.0,268.0,1604.0,24.0,0.27956989247311825,0.8125,0.41600000858306885,0.41600000858306885,0.41600000858306885,128.0,0.06400000303983688
fedavg,fedavg,510|859,510|859,2,all,all,global_val_mean,val,,13,,,0.26155198049545286,0.9262999999999999,0.738999992609024,0.8943803373679857,0.8568345606327057,0.8568345606327057,0.8470551669597626,4000,,,,,,,,,,,
fedavg,fedavg,510|859,510|859,2,510,data_2000_5_5.5_chordal,train_epoch,train,,14,1.0,0.226011046230793,,,,,,,,2000,,,,,,,,,,,
fedavg,fedavg,510|859,510|859,2,510,data_2000_5_5.5_chordal,val_epoch,val,,14,,,0.2158973664045334,0.9115,0.6675000190734863,0.9005953049533865,0.9102400541305542,0.9102400541305542,0.8966781497001648,2000,,,,,,,,,,,
fedavg,fedavg,510|859,510|859,2,510,data_2000_5_5.5_chordal,val_epoch_task,val,cycle2,14,,,,,,,,,,2000,528.0,39.0,1429.0,4.0,0.9312169312169312,0.9924812030075187,0.9608736038208008,0.9608736038208008,0.9608736038208008,532.0,0.26600000262260437
fedavg,fedavg,510|859,510|859,2,510,data_2000_5_5.5_chordal,val_epoch_task,val,cycle3,14,,,,,,,,,,2000,725.0,73.0,1197.0,5.0,0.9085213032581454,0.9931506849315068,0.9489529132843018,0.9489529132843018,0.9489529132843018,730.0,0.36500000953674316
fedavg,fedavg,510|859,510|859,2,510,data_2000_5_5.5_chordal,val_epoch_task,val,cycle4,14,,,,,,,,,,2000,848.0,144.0,984.0,24.0,0.8548387096774194,0.9724770642201835,0.9098712205886841,0.9098712205886841,0.9098712205886841,872.0,0.4359999895095825
fedavg,fedavg,510|859,510|859,2,510,data_2000_5_5.5_chordal,val_epoch_task,val,cycle5,14,,,,,,,,,,2000,937.0,125.0,822.0,116.0,0.8822975517890772,0.8898385565052231,0.8860520124435425,0.8860520124435425,0.8721485137939453,1053.0,0.5264999866485596
fedavg,fedavg,510|859,510|859,2,510,data_2000_5_5.5_chordal,val_epoch_task,val,cycle6,14,,,,,,,,,,2000,971.0,204.0,674.0,151.0,0.8263829787234043,0.8654188948306596,0.8454505801200867,0.8454505801200867,0.7915443778038025,1122.0,0.5609999895095825
fedavg,fedavg,510|859,510|859,2,859,data_2000_4_1.5_chordal,train_epoch,train,,14,1.0,0.28836228466033936,,,,,,,,2000,,,,,,,,,,,
fedavg,fedavg,510|859,510|859,2,859,data_2000_4_1.5_chordal,val_epoch,val,,14,,,0.4173674693107605,0.9553,0.8374999761581421,0.905993690851735,0.8112886548042297,0.8112886548042297,0.8112886548042297,2000,,,,,,,,,,,
fedavg,fedavg,510|859,510|859,2,859,data_2000_4_1.5_chordal,val_epoch_task,val,cycle2,14,,,,,,,,,,2000,860.0,1.0,1137.0,2.0,0.9988385598141696,0.9976798143851509,0.9982588291168213,0.9982588291168213,0.9982588291168213,862.0,0.4309999942779541
fedavg,fedavg,510|859,510|859,2,859,data_2000_4_1.5_chordal,val_epoch_task,val,cycle3,14,,,,,,,,,,2000,689.0,36.0,1273.0,2.0,0.9503448275862069,0.9971056439942113,0.9731638431549072,0.9731638431549072,0.9731638431549072,691.0,0.34549999237060547
fedavg,fedavg,510|859,510|859,2,859,data_2000_4_1.5_chordal,val_epoch_task,val,cycle4,14,,,,,,,,,,2000,341.0,35.0,1574.0,50.0,0.9069148936170213,0.8721227621483376,0.8891785740852356,0.8891785740852356,0.8891785740852356,391.0,0.19550000131130219
fedavg,fedavg,510|859,510|859,2,859,data_2000_4_1.5_chordal,val_epoch_task,val,cycle5,14,,,,,,,,,,2000,183.0,84.0,1680.0,53.0,0.6853932584269663,0.7754237288135594,0.7276341915130615,0.7276341915130615,0.7276341915130615,236.0,0.11800000071525574
fedavg,fedavg,510|859,510|859,2,859,data_2000_4_1.5_chordal,val_epoch_task,val,cycle6,14,,,,,,,,,,2000,81.0,137.0,1735.0,47.0,0.37155963302752293,0.6328125,0.46820807456970215,0.46820807456970215,0.46820807456970215,128.0,0.06400000303983688
fedavg,fedavg,510|859,510|859,2,510,data_2000_5_5.5_chordal,global_val_client,val,,14,,,0.22455870860815047,0.9119,0.6700000166893005,0.9037474052223314,0.911648154258728,0.911648154258728,0.8951781392097473,2000,,,,,,,,,,,
fedavg,fedavg,510|859,510|859,2,510,data_2000_5_5.5_chordal,global_val_client_task,val,cycle2,14,,,,,,,,,,2000,532.0,42.0,1426.0,0.0,0.926829268292683,1.0,0.9620252847671509,0.9620252847671509,0.9620252847671509,532.0,0.26600000262260437
fedavg,fedavg,510|859,510|859,2,510,data_2000_5_5.5_chordal,global_val_client_task,val,cycle3,14,,,,,,,,,,2000,730.0,105.0,1165.0,0.0,0.874251497005988,1.0,0.9329073429107666,0.9329073429107666,0.9329073429107666,730.0,0.36500000953674316
fedavg,fedavg,510|859,510|859,2,510,data_2000_5_5.5_chordal,global_val_client_task,val,cycle4,14,,,,,,,,,,2000,858.0,179.0,949.0,14.0,0.8273866923818708,0.9839449541284404,0.8988999128341675,0.8988999128341675,0.8988999128341675,872.0,0.4359999895095825
fedavg,fedavg,510|859,510|859,2,510,data_2000_5_5.5_chordal,global_val_client_task,val,cycle5,14,,,,,,,,,,2000,1016.0,171.0,776.0,37.0,0.8559393428812131,0.9648622981956315,0.9071428775787354,0.9071428775787354,0.8818181157112122,1053.0,0.5264999866485596
fedavg,fedavg,510|859,510|859,2,510,data_2000_5_5.5_chordal,global_val_client_task,val,cycle6,14,,,,,,,,,,2000,1000.0,211.0,667.0,122.0,0.8257638315441783,0.8912655971479501,0.857265293598175,0.857265293598175,0.8002399206161499,1122.0,0.5609999895095825
fedavg,fedavg,510|859,510|859,2,859,data_2000_4_1.5_chordal,global_val_client,val,,14,,,0.2946393427848816,0.9509,0.8230000138282776,0.9005468908243873,0.8138631582260132,0.8138631582260132,0.8138631582260132,2000,,,,,,,,,,,
fedavg,fedavg,510|859,510|859,2,859,data_2000_4_1.5_chordal,global_val_client_task,val,cycle2,14,,,,,,,,,,2000,860.0,0.0,1138.0,2.0,1.0,0.9976798143851509,0.9988385438919067,0.9988385438919067,0.9988385438919067,862.0,0.4309999942779541
fedavg,fedavg,510|859,510|859,2,859,data_2000_4_1.5_chordal,global_val_client_task,val,cycle3,14,,,,,,,,,,2000,688.0,13.0,1296.0,3.0,0.9814550641940085,0.9956584659913169,0.9885057806968689,0.9885057806968689,0.9885057806968689,691.0,0.34549999237060547
fedavg,fedavg,510|859,510|859,2,859,data_2000_4_1.5_chordal,global_val_client_task,val,cycle4,14,,,,,,,,,,2000,375.0,38.0,1571.0,16.0,0.9079903147699758,0.959079283887468,0.9328358173370361,0.9328358173370361,0.9328358173370361,391.0,0.19550000131130219
fedavg,fedavg,510|859,510|859,2,859,data_2000_4_1.5_chordal,global_val_client_task,val,cycle5,14,,,,,,,,,,2000,205.0,112.0,1652.0,31.0,0.6466876971608833,0.8686440677966102,0.741410493850708,0.741410493850708,0.741410493850708,236.0,0.11800000071525574
fedavg,fedavg,510|859,510|859,2,859,data_2000_4_1.5_chordal,global_val_client_task,val,cycle6,14,,,,,,,,,,2000,95.0,243.0,1629.0,33.0,0.28106508875739644,0.7421875,0.4077252745628357,0.4077252745628357,0.4077252745628357,128.0,0.06400000303983688
fedavg,fedavg,510|859,510|859,2,all,all,global_val_mean,val,,14,,,0.25959902569651605,0.9314000000000001,0.7465000152587891,0.9021471480233594,0.8627556562423706,0.8627556562423706,0.8545206487178802,4000,,,,,,,,,,,
fedavg,fedavg,510|859,510|859,2,510,data_2000_5_5.5_chordal,train_epoch,train,,15,1.0,0.2167534350156784,,,,,,,,2000,,,,,,,,,,,
fedavg,fedavg,510|859,510|859,2,510,data_2000_5_5.5_chordal,val_epoch,val,,15,,,0.21438165152072908,0.9159,0.6819999814033508,0.9051111361841363,0.9140874743461609,0.9140874743461609,0.9001010656356812,2000,,,,,,,,,,,
fedavg,fedavg,510|859,510|859,2,510,data_2000_5_5.5_chordal,val_epoch_task,val,cycle2,15,,,,,,,,,,2000,531.0,44.0,1424.0,1.0,0.9234782608695652,0.9981203007518797,0.9593495726585388,0.9593495726585388,0.9593495726585388,532.0,0.26600000262260437
fedavg,fedavg,510|859,510|859,2,510,data_2000_5_5.5_chordal,val_epoch_task,val,cycle3,15,,,,,,,,,,2000,714.0,70.0,1200.0,16.0,0.9107142857142857,0.9780821917808219,0.9431968331336975,0.9431968331336975,0.9431968331336975,730.0,0.36500000953674316
fedavg,fedavg,510|859,510|859,2,510,data_2000_5_5.5_chordal,val_epoch_task,val,cycle4,15,,,,,,,,,,2000,832.0,94.0,1034.0,40.0,0.8984881209503239,0.9541284403669725,0.9254727363586426,0.9254727363586426,0.9254727363586426,872.0,0.4359999895095825
fedavg,fedavg,510|859,510|859,2,510,data_2000_5_5.5_chordal,val_epoch_task,val,cycle5,15,,,,,,,,,,2000,963.0,133.0,814.0,90.0,0.8786496350364964,0.9145299145299145,0.8962308168411255,0.8962308168411255,0.8795245885848999,1053.0,0.5264999866485596
fedavg,fedavg,510|859,510|859,2,510,data_2000_5_5.5_chordal,val_epoch_task,val,cycle6,15,,,,,,,,,,2000,971.0,202.0,676.0,151.0,0.8277919863597613,0.8654188948306596,0.8461874127388,0.8461874127388,0.7929618954658508,1122.0,0.5609999895095825
fedavg,fedavg,510|859,510|859,2,859,data_2000_4_1.5_chordal,train_epoch,train,,15,1.0,0.2949660152196884,,,,,,,,2000,,,,,,,,,,,
fedavg,fedavg,510|859,510|859,2,859,data_2000_4_1.5_chordal,val_epoch,val,,15,,,0.31760087609291077,0.8999,0.7124999761581421,0.8194118708280714,0.7369670271873474,0.7369670271873474,0.7369670271873474,2000,,,,,,,,,,,
fedavg,fedavg,510|859,510|859,2,859,data_2000_4_1.5_chordal,val_epoch_task,val,cycle2,15,,,,,,,,,,2000,862.0,11.0,1127.0,0.0,0.9873997709049256,1.0,0.9936599135398865,0.9936599135398865,0.9936599135398865,862.0,0.4309999942779541
fedavg,fedavg,510|859,510|859,2,859,data_2000_4_1.5_chordal,val_epoch_task,val,cycle3,15,,,,,,,,,,2000,691.0,105.0,1204.0,0.0,0.8680904522613065,1.0,0.9293880462646484,0.9293880462646484,0.9293880462646484,691.0,0.34549999237060547
fedavg,fedavg,510|859,510|859,2,859,data_2000_4_1.5_chordal,val_epoch_task,val,cycle4,15,,,,,,,,,,2000,388.0,120.0,1489.0,3.0,0.7637795275590551,0.9923273657289002,0.8631812930107117,0.8631812930107117,0.8631812930107117,391.0,0.19550000131130219
fedavg,fedavg,510|859,510|859,2,859,data_2000_4_1.5_chordal,val_epoch_task,val,cycle5,15,,,,,,,,,,2000,226.0,343.0,1421.0,10.0,0.39718804920913886,0.9576271186440678,0.5614907145500183,0.5614907145500183,0.5614907145500183,236.0,0.11800000071525574
fedavg,fedavg,510|859,510|859,2,859,data_2000_4_1.5_chordal,val_epoch_task,val,cycle6,15,,,,,,,,,,2000,104.0,385.0,1487.0,24.0,0.21267893660531698,0.8125,0.3371151089668274,0.3371151089668274,0.3371151089668274,128.0,0.06400000303983688
fedavg,fedavg,510|859,510|859,2,510,data_2000_5_5.5_chordal,global_val_client,val,,15,,,0.2267037423849106,0.9093,0.6629999876022339,0.9017654066933825,0.9084179997444153,0.9084179997444153,0.8893179893493652,2000,,,,,,,,,,,
fedavg,fedavg,510|859,510|859,2,510,data_2000_5_5.5_chordal,global_val_client_task,val,cycle2,15,,,,,,,,,,2000,532.0,57.0,1411.0,0.0,0.9032258064516129,1.0,0.9491525292396545,0.9491525292396545,0.9491525292396545,532.0,0.26600000262260437
fedavg,fedavg,510|859,510|859,2,510,data_2000_5_5.5_chordal,global_val_client_task,val,cycle3,15,,,,,,,,,,2000,728.0,123.0,1147.0,2.0,0.8554641598119859,0.9972602739726028,0.9209361672401428,0.9209361672401428,0.9209361672401428,730.0,0.36500000953674316
fedavg,fedavg,510|859,510|859,2,510,data_2000_5_5.5_chordal,global_val_client_task,val,cycle4,15,,,,,,,,,,2000,858.0,155.0,973.0,14.0,0.8469891411648569,0.9839449541284404,0.9103448987007141,0.9103448987007141,0.9103448987007141,872.0,0.4359999895095825
fedavg,fedavg,510|859,510|859,2,510,data_2000_5_5.5_chordal,global_val_client_task,val,cycle5,15,,,,,,,,,,2000,1035.0,192.0,755.0,18.0,0.843520782396088,0.9829059829059829,0.9078947305679321,0.9078947305679321,0.8779069781303406,1053.0,0.5264999866485596
fedavg,fedavg,510|859,510|859,2,510,data_2000_5_5.5_chordal,global_val_client_task,val,cycle6,15,,,,,,,,,,2000,1010.0,234.0,644.0,112.0,0.8118971061093248,0.9001782531194296,0.853761613368988,0.853761613368988,0.788249671459198,1122.0,0.5609999895095825
fedavg,fedavg,510|859,510|859,2,859,data_2000_4_1.5_chordal,global_val_client,val,,15,,,0.3279454326629639,0.9453,0.8109999895095825,0.8902267710214731,0.8024871945381165,0.8024871945381165,0.8024871945381165,2000,,,,,,,,,,,
fedavg,fedavg,510|859,510|859,2,859,data_2000_4_1.5_chordal,global_val_client_task,val,cycle2,15,,,,,,,,,,2000,862.0,9.0,1129.0,0.0,0.9896670493685419,1.0,0.994806706905365,0.994806706905365,0.994806706905365,862.0,0.4309999942779541
fedavg,fedavg,510|859,510|859,2,859,data_2000_4_1.5_chordal,global_val_client_task,val,cycle3,15,,,,,,,,,,2000,687.0,18.0,1291.0,4.0,0.9744680851063829,0.9942112879884226,0.984240710735321,0.984240710735321,0.984240710735321,691.0,0.34549999237060547
fedavg,fedavg,510|859,510|859,2,859,data_2000_4_1.5_chordal,global_val_client_task,val,cycle4,15,,,,,,,,,,2000,367.0,23.0,1586.0,24.0,0.941025641025641,0.9386189258312021,0.9398207068443298,0.9398207068443298,0.9398207068443298,391.0,0.19550000131130219
fedavg,fedavg,510|859,510|859,2,859,data_2000_4_1.5_chordal,global_val_client_task,val,cycle5,15,,,,,,,,,,2000,209.0,145.0,1619.0,27.0,0.5903954802259888,0.885593220338983,0.7084745764732361,0.7084745764732361,0.7084745764732361,236.0,0.11800000071525574
fedavg,fedavg,510|859,510|859,2,859,data_2000_4_1.5_chordal,global_val_client_task,val,cycle6,15,,,,,,,,,,2000,93.0,262.0,1610.0,35.0,0.2619718309859155,0.7265625,0.38509318232536316,0.38509318232536316,0.38509318232536316,128.0,0.06400000303983688
fedavg,fedavg,510|859,510|859,2,all,all,global_val_mean,val,,15,,,0.27732458752393724,0.9272999999999999,0.7369999885559082,0.8959960888574279,0.8554525971412659,0.8554525971412659,0.8459025919437408,4000,,,,,,,,,,,
fedavg,fedavg,510|859,510|859,2,510,data_2000_5_5.5_chordal,train_epoch,train,,16,1.0,0.22299204003810882,,,,,,,,2000,,,,,,,,,,,
fedavg,fedavg,510|859,510|859,2,510,data_2000_5_5.5_chordal,val_epoch,val,,16,,,0.20214625692367555,0.9195,0.6884999871253967,0.9082202713487628,0.9181831479072571,0.9181831479072571,0.9047907590866089,2000,,,,,,,,,,,
fedavg,fedavg,510|859,510|859,2,510,data_2000_5_5.5_chordal,val_epoch_task,val,cycle2,16,,,,,,,,,,2000,530.0,35.0,1433.0,2.0,0.9380530973451328,0.9962406015037594,0.9662715792655945,0.9662715792655945,0.9662715792655945,532.0,0.26600000262260437
fedavg,fedavg,510|859,510|859,2,510,data_2000_5_5.5_chordal,val_epoch_task,val,cycle3,16,,,,,,,,,,2000,721.0,59.0,1211.0,9.0,0.9243589743589744,0.9876712328767123,0.9549669027328491,0.9549669027328491,0.9549669027328491,730.0,0.36500000953674316
fedavg,fedavg,510|859,510|859,2,510,data_2000_5_5.5_chordal,val_epoch_task,val,cycle4,16,,,,,,,,,,2000,810.0,66.0,1062.0,62.0,0.9246575342465754,0.9288990825688074,0.9267734289169312,0.9267734289169312,0.9267734289169312,872.0,0.4359999895095825
fedavg,fedavg,510|859,510|859,2,510,data_2000_5_5.5_chordal,val_epoch_task,val,cycle5,16,,,,,,,,,,2000,940.0,113.0,834.0,113.0,0.8926875593542261,0.8926875593542261,0.8926875591278076,0.8926875591278076,0.880675733089447,1053.0,0.5264999866485596
fedavg,fedavg,510|859,510|859,2,510,data_2000_5_5.5_chordal,val_epoch_task,val,cycle6,16,,,,,,,,,,2000,982.0,206.0,672.0,140.0,0.8265993265993266,0.875222816399287,0.8502164483070374,0.8502164483070374,0.7952662706375122,1122.0,0.5609999895095825
fedavg,fedavg,510|859,510|859,2,859,data_2000_4_1.5_chordal,train_epoch,train,,16,1.0,0.28159445118904114,,,,,,,,2000,,,,,,,,,,,
fedavg,fedavg,510|859,510|859,2,859,data_2000_4_1.5_chordal,val_epoch,val,,16,,,0.3547551829814911,0.8805,0.6669999957084656,0.7767606949374183,0.7177122831344604,0.7177122831344604,0.7177122831344604,2000,,,,,,,,,,,
fedavg,fedavg,510|859,510|859,2,859,data_2000_4_1.5_chordal,val_epoch_task,val,cycle2,16,,,,,,,,,,2000,789.0,5.0,1133.0,73.0,0.9937027707808564,0.9153132250580046,0.9528985619544983,0.9528985619544983,0.9528985619544983,862.0,0.4309999942779541
fedavg,fedavg,510|859,510|859,2,859,data_2000_4_1.5_chordal,val_epoch_task,val,cycle3,16,,,,,,,,,,2000,580.0,12.0,1297.0,111.0,0.9797297297297297,0.8393632416787264,0.9041308760643005,0.9041308760643005,0.9041308760643005,691.0,0.34549999237060547
fedavg,fedavg,510|859,510|859,2,859,data_2000_4_1.5_chordal,val_epoch_task,val,cycle4,16,,,,,,,,,,2000,362.0,93.0,1516.0,29.0,0.7956043956043956,0.9258312020460358,0.8557919859886169,0.8557919859886169,0.8557919859886169,391.0,0.19550000131130219
fedavg,fedavg,510|859,510|859,2,859,data_2000_4_1.5_chordal,val_epoch_task,val,cycle5,16,,,,,,,,,,2000,232.0,353.0,1411.0,4.0,0.39658119658119656,0.9830508474576272,0.5651644468307495,0.5651644468307495,0.5651644468307495,236.0,0.11800000071525574
fedavg,fedavg,510|859,510|859,2,859,data_2000_4_1.5_chordal,val_epoch_task,val,cycle6,16,,,,,,,,,,2000,116.0,503.0,1369.0,12.0,0.18739903069466882,0.90625,0.3105756342411041,0.3105756342411041,0.3105756342411041,128.0,0.06400000303983688
fedavg,fedavg,510|859,510|859,2,510,data_2000_5_5.5_chordal,global_val_client,val,,16,,,0.20286634665727615,0.9174,0.6840000152587891,0.9099433057130397,0.9192548990249634,0.9192548990249634,0.8993131518363953,2000,,,,,,,,,,,
fedavg,fedavg,510|859,510|859,2,510,data_2000_5_5.5_chordal,global_val_client_task,val,cycle2,16,,,,,,,,,,2000,532.0,35.0,1433.0,0.0,0.9382716049382716,1.0,0.9681528806686401,0.9681528806686401,0.9681528806686401,532.0,0.26600000262260437
fedavg,fedavg,510|859,510|859,2,510,data_2000_5_5.5_chordal,global_val_client_task,val,cycle3,16,,,,,,,,,,2000,724.0,75.0,1195.0,6.0,0.9061326658322904,0.9917808219178083,0.9470241665840149,0.9470241665840149,0.9470241665840149,730.0,0.36500000953674316
fedavg,fedavg,510|859,510|859,2,510,data_2000_5_5.5_chordal,global_val_client_task,val,cycle4,16,,,,,,,,,,2000,863.0,141.0,987.0,9.0,0.8595617529880478,0.9896788990825688,0.9200426340103149,0.9200426340103149,0.9200426340103149,872.0,0.4359999895095825
fedavg,fedavg,510|859,510|859,2,510,data_2000_5_5.5_chordal,global_val_client_task,val,cycle5,16,,,,,,,,,,2000,1029.0,199.0,748.0,24.0,0.8379478827361564,0.9772079772079773,0.9022358655929565,0.9022358655929565,0.8702733516693115,1053.0,0.5264999866485596
fedavg,fedavg,510|859,510|859,2,510,data_2000_5_5.5_chordal,global_val_client_task,val,cycle6,16,,,,,,,,,,2000,1025.0,240.0,638.0,97.0,0.8102766798418972,0.9135472370766489,0.8588185906410217,0.8588185906410217,0.7910726070404053,1122.0,0.5609999895095825
fedavg,fedavg,510|859,510|859,2,859,data_2000_4_1.5_chordal,global_val_client,val,,16,,,0.2823192567825317,0.936,0.784500002861023,0.8745589964719718,0.7932036519050598,0.7932036519050598,0.7932036519050598,2000,,,,,,,,,,,
fedavg,fedavg,510|859,510|859,2,859,data_2000_4_1.5_chordal,global_val_client_task,val,cycle2,16,,,,,,,,,,2000,862.0,6.0,1132.0,0.0,0.9930875576036866,1.0,0.9965317845344543,0.9965317845344543,0.9965317845344543,862.0,0.4309999942779541
fedavg,fedavg,510|859,510|859,2,859,data_2000_4_1.5_chordal,global_val_client_task,val,cycle3,16,,,,,,,,,,2000,675.0,6.0,1303.0,16.0,0.9911894273127754,0.9768451519536903,0.9839650392532349,0.9839650392532349,0.9839650392532349,691.0,0.34549999237060547
fedavg,fedavg,510|859,510|859,2,859,data_2000_4_1.5_chordal,global_val_client_task,val,cycle4,16,,,,,,,,,,2000,368.0,44.0,1565.0,23.0,0.8932038834951457,0.9411764705882353,0.9165628552436829,0.9165628552436829,0.9165628552436829,391.0,0.19550000131130219
fedavg,fedavg,510|859,510|859,2,859,data_2000_4_1.5_chordal,global_val_client_task,val,cycle5,16,,,,,,,,,,2000,219.0,184.0,1580.0,17.0,0.543424317617866,0.9279661016949152,0.68544602394104,0.68544602394104,0.68544602394104,236.0,0.11800000071525574
fedavg,fedavg,510|859,510|859,2,859,data_2000_4_1.5_chordal,global_val_client_task,val,cycle6,16,,,,,,,,,,2000,107.0,323.0,1549.0,21.0,0.24883720930232558,0.8359375,0.3835125267505646,0.3835125267505646,0.3835125267505646,128.0,0.06400000303983688
fedavg,fedavg,510|859,510|859,2,all,all,global_val_mean,val,,16,,,0.24259280171990394,0.9267000000000001,0.734250009059906,0.8922511510925057,0.8562292754650116,0.8562292754650116,0.8462584018707275,4000,,,,,,,,,,,
fedavg,fedavg,510|859,510|859,2,510,data_2000_5_5.5_chordal,train_epoch,train,,17,1.0,0.2130639045238495,,,,,,,,2000,,,,,,,,,,,
fedavg,fedavg,510|859,510|859,2,510,data_2000_5_5.5_chordal,val_epoch,val,,17,,,0.20813424241542816,0.9132,0.6679999828338623,0.9013636363636363,0.9117886424064636,0.9117886424064636,0.8985780477523804,2000,,,,,,,,,,,
fedavg,fedavg,510|859,510|859,2,510,data_2000_5_5.5_chordal,val_epoch_task,val,cycle2,17,,,,,,,,,,2000,528.0,24.0,1444.0,4.0,0.9565217391304348,0.9924812030075187,0.9741697907447815,0.9741697907447815,0.9741697907447815,532.0,0.26600000262260437
fedavg,fedavg,510|859,510|859,2,510,data_2000_5_5.5_chordal,val_epoch_task,val,cycle3,17,,,,,,,,,,2000,728.0,82.0,1188.0,2.0,0.8987654320987655,0.9972602739726028,0.9454545378684998,0.9454545378684998,0.9454545378684998,730.0,0.36500000953674316
fedavg,fedavg,510|859,510|859,2,510,data_2000_5_5.5_chordal,val_epoch_task,val,cycle4,17,,,,,,,,,,2000,807.0,99.0,1029.0,65.0,0.890728476821192,0.9254587155963303,0.9077615141868591,0.9077615141868591,0.9077615141868591,872.0,0.4359999895095825
fedavg,fedavg,510|859,510|859,2,510,data_2000_5_5.5_chordal,val_epoch_task,val,cycle5,17,,,,,,,,,,2000,889.0,99.0,848.0,164.0,0.8997975708502024,0.8442545109211775,0.8711416125297546,0.8711416125297546,0.86574786901474,1053.0,0.5264999866485596
fedavg,fedavg,510|859,510|859,2,510,data_2000_5_5.5_chordal,val_epoch_task,val,cycle6,17,,,,,,,,,,2000,1014.0,221.0,657.0,108.0,0.8210526315789474,0.9037433155080213,0.8604158163070679,0.8604158163070679,0.7997565865516663,1122.0,0.5609999895095825
fedavg,fedavg,510|859,510|859,2,859,data_2000_4_1.5_chordal,train_epoch,train,,17,1.0,0.28416537952423093,,,,,,,,2000,,,,,,,,,,,
fedavg,fedavg,510|859,510|859,2,859,data_2000_4_1.5_chordal,val_epoch,val,,17,,,0.35748117065429685,0.9178,0.7379999756813049,0.834807073954984,0.756956160068512,0.756956160068512,0.756956160068512,2000,,,,,,,,,,,
fedavg,fedavg,510|859,510|859,2,859,data_2000_4_1.5_chordal,val_epoch_task,val,cycle2,17,,,,,,,,,,2000,802.0,6.0,1132.0,60.0,0.9925742574257426,0.9303944315545244,0.9604790806770325,0.9604790806770325,0.9604790806770325,862.0,0.4309999942779541
fedavg,fedavg,510|859,510|859,2,859,data_2000_4_1.5_chordal,val_epoch_task,val,cycle3,17,,,,,,,,,,2000,659.0,16.0,1293.0,32.0,0.9762962962962963,0.9536903039073806,0.9648609161376953,0.9648609161376953,0.9648609161376953,691.0,0.34549999237060547
fedavg,fedavg,510|859,510|859,2,859,data_2000_4_1.5_chordal,val_epoch_task,val,cycle4,17,,,,,,,,,,2000,298.0,21.0,1588.0,93.0,0.9341692789968652,0.7621483375959079,0.8394365906715393,0.8394365906715393,0.8394365906715393,391.0,0.19550000131130219
fedavg,fedavg,510|859,510|859,2,859,data_2000_4_1.5_chordal,val_epoch_task,val,cycle5,17,,,,,,,,,,2000,207.0,206.0,1558.0,29.0,0.5012106537530266,0.8771186440677966,0.6379044651985168,0.6379044651985168,0.6379044651985168,236.0,0.11800000071525574
fedavg,fedavg,510|859,510|859,2,859,data_2000_4_1.5_chordal,val_epoch_task,val,cycle6,17,,,,,,,,,,2000,111.0,342.0,1530.0,17.0,0.24503311258278146,0.8671875,0.38209980726242065,0.38209980726242065,0.38209980726242065,128.0,0.06400000303983688
fedavg,fedavg,510|859,510|859,2,510,data_2000_5_5.5_chordal,global_val_client,val,,17,,,0.20943326568603515,0.9153,0.6784999966621399,0.9077442544385143,0.9174360036849976,0.9174360036849976,0.8953381776809692,2000,,,,,,,,,,,
fedavg,fedavg,510|859,510|859,2,510,data_2000_5_5.5_chordal,global_val_client_task,val,cycle2,17,,,,,,,,,,2000,529.0,38.0,1430.0,3.0,0.9329805996472663,0.9943609022556391,0.9626933932304382,0.9626933932304382,0.9626933932304382,532.0,0.26600000262260437
fedavg,fedavg,510|859,510|859,2,510,data_2000_5_5.5_chordal,global_val_client_task,val,cycle3,17,,,,,,,,,,2000,729.0,67.0,1203.0,1.0,0.9158291457286433,0.9986301369863013,0.955439031124115,0.955439031124115,0.955439031124115,730.0,0.36500000953674316
fedavg,fedavg,510|859,510|859,2,510,data_2000_5_5.5_chordal,global_val_client_task,val,cycle4,17,,,,,,,,,,2000,842.0,128.0,1000.0,30.0,0.8680412371134021,0.9655963302752294,0.9142236709594727,0.9142236709594727,0.9142236709594727,872.0,0.4359999895095825
fedavg,fedavg,510|859,510|859,2,510,data_2000_5_5.5_chordal,global_val_client_task,val,cycle5,17,,,,,,,,,,2000,1028.0,216.0,731.0,25.0,0.8263665594855305,0.976258309591643,0.89508056640625,0.89508056640625,0.8584850430488586,1053.0,0.5264999866485596
fedavg,fedavg,510|859,510|859,2,510,data_2000_5_5.5_chordal,global_val_client_task,val,cycle6,17,,,,,,,,,,2000,1039.0,256.0,622.0,83.0,0.8023166023166023,0.9260249554367201,0.8597434759140015,0.8597434759140015,0.7858496904373169,1122.0,0.5609999895095825
fedavg,fedavg,510|859,510|859,2,859,data_2000_4_1.5_chordal,global_val_client,val,,17,,,0.27607307863235475,0.9369,0.7850000262260437,0.8765407943650949,0.7976195216178894,0.7976195216178894,0.7976195216178894,2000,,,,,,,,,,,
fedavg,fedavg,510|859,510|859,2,859,data_2000_4_1.5_chordal,global_val_client_task,val,cycle2,17,,,,,,,,,,2000,857.0,3.0,1135.0,5.0,0.9965116279069768,0.994199535962877,0.995354175567627,0.995354175567627,0.995354175567627,862.0,0.4309999942779541
fedavg,fedavg,510|859,510|859,2,859,data_2000_4_1.5_chordal,global_val_client_task,val,cycle3,17,,,,,,,,,,2000,689.0,6.0,1303.0,2.0,0.9913669064748202,0.9971056439942113,0.9942280054092407,0.9942280054092407,0.9942280054092407,691.0,0.34549999237060547
fedavg,fedavg,510|859,510|859,2,859,data_2000_4_1.5_chordal,global_val_client_task,val,cycle4,17,,,,,,,,,,2000,367.0,25.0,1584.0,24.0,0.9362244897959183,0.9386189258312021,0.937420129776001,0.937420129776001,0.937420129776001,391.0,0.19550000131130219
fedavg,fedavg,510|859,510|859,2,859,data_2000_4_1.5_chordal,global_val_client_task,val,cycle5,17,,,,,,,,,,2000,216.0,180.0,1584.0,20.0,0.5454545454545454,0.9152542372881356,0.6835442781448364,0.6835442781448364,0.6835442781448364,236.0,0.11800000071525574
fedavg,fedavg,510|859,510|859,2,859,data_2000_4_1.5_chordal,global_val_client_task,val,cycle6,17,,,,,,,,,,2000,111.0,349.0,1523.0,17.0,0.24130434782608695,0.8671875,0.37755098938941956,0.37755098938941956,0.37755098938941956,128.0,0.06400000303983688
fedavg,fedavg,510|859,510|859,2,all,all,global_val_mean,val,,17,,,0.24275317215919495,0.9260999999999999,0.7317500114440918,0.8921425244018046,0.8575277626514435,0.8575277626514435,0.8464788496494293,4000,,,,,,,,,,,
fedavg,fedavg,510|859,510|859,2,510,data_2000_5_5.5_chordal,train_epoch,train,,18,1.0,0.20956091493368148,,,,,,,,2000,,,,,,,,,,,
fedavg,fedavg,510|859,510|859,2,510,data_2000_5_5.5_chordal,val_epoch,val,,18,,,0.21531392657756807,0.9143,0.6735000014305115,0.9075412665875499,0.9181820154190063,0.9181820154190063,0.8934767842292786,2000,,,,,,,,,,,
fedavg,fedavg,510|859,510|859,2,510,data_2000_5_5.5_chordal,val_epoch_task,val,cycle2,18,,,,,,,,,,2000,527.0,33.0,1435.0,5.0,0.9410714285714286,0.9906015037593985,0.9652014970779419,0.9652014970779419,0.9652014970779419,532.0,0.26600000262260437
fedavg,fedavg,510|859,510|859,2,510,data_2000_5_5.5_chordal,val_epoch_task,val,cycle3,18,,,,,,,,,,2000,730.0,56.0,1214.0,0.0,0.9287531806615776,1.0,0.963060736656189,0.963060736656189,0.963060736656189,730.0,0.36500000953674316
fedavg,fedavg,510|859,510|859,2,510,data_2000_5_5.5_chordal,val_epoch_task,val,cycle4,18,,,,,,,,,,2000,863.0,169.0,959.0,9.0,0.8362403100775194,0.9896788990825688,0.9065126180648804,0.9065126180648804,0.9065126180648804,872.0,0.4359999895095825
fedavg,fedavg,510|859,510|859,2,510,data_2000_5_5.5_chordal,val_epoch_task,val,cycle5,18,,,,,,,,,,2000,1032.0,198.0,749.0,21.0,0.8390243902439024,0.98005698005698,0.9040736556053162,0.9040736556053162,0.8724519610404968,1053.0,0.5264999866485596
fedavg,fedavg,510|859,510|859,2,510,data_2000_5_5.5_chordal,val_epoch_task,val,cycle6,18,,,,,,,,,,2000,1054.0,298.0,580.0,68.0,0.7795857988165681,0.9393939393939394,0.85206139087677,0.85206139087677,0.7601572871208191,1122.0,0.5609999895095825
fedavg,fedavg,510|859,510|859,2,859,data_2000_4_1.5_chordal,train_epoch,train,,18,1.0,0.28480303239822385,,,,,,,,2000,,,,,,,,,,,
fedavg,fedavg,510|859,510|859,2,859,data_2000_4_1.5_chordal,val_epoch,val,,18,,,0.3201647231578827,0.9186,0.7465000152587891,0.846646571213263,0.7613050937652588,0.7613050937652588,0.7613050937652588,2000,,,,,,,,,,,
fedavg,fedavg,510|859,510|859,2,859,data_2000_4_1.5_chordal,val_epoch_task,val,cycle2,18,,,,,,,,,,2000,856.0,11.0,1127.0,6.0,0.9873125720876585,0.9930394431554525,0.9901677370071411,0.9901677370071411,0.9901677370071411,862.0,0.4309999942779541
fedavg,fedavg,510|859,510|859,2,859,data_2000_4_1.5_chordal,val_epoch_task,val,cycle3,18,,,,,,,,,,2000,688.0,32.0,1277.0,3.0,0.9555555555555556,0.9956584659913169,0.9751948714256287,0.9751948714256287,0.9751948714256287,691.0,0.34549999237060547
fedavg,fedavg,510|859,510|859,2,859,data_2000_4_1.5_chordal,val_epoch_task,val,cycle4,18,,,,,,,,,,2000,378.0,91.0,1518.0,13.0,0.8059701492537313,0.9667519181585678,0.8790698051452637,0.8790698051452637,0.8790698051452637,391.0,0.19550000131130219
fedavg,fedavg,510|859,510|859,2,859,data_2000_4_1.5_chordal,val_epoch_task,val,cycle5,18,,,,,,,,,,2000,221.0,293.0,1471.0,15.0,0.42996108949416345,0.9364406779661016,0.5893333554267883,0.5893333554267883,0.5893333554267883,236.0,0.11800000071525574
fedavg,fedavg,510|859,510|859,2,859,data_2000_4_1.5_chordal,val_epoch_task,val,cycle6,18,,,,,,,,,,2000,104.0,326.0,1546.0,24.0,0.24186046511627907,0.8125,0.3727598488330841,0.3727598488330841,0.3727598488330841,128.0,0.06400000303983688
fedavg,fedavg,510|859,510|859,2,510,data_2000_5_5.5_chordal,global_val_client,val,,18,,,0.25814361274242403,0.9079,0.6589999794960022,0.9012332439678284,0.9097101092338562,0.9097101092338562,0.8887277841567993,2000,,,,,,,,,,,
fedavg,fedavg,510|859,510|859,2,510,data_2000_5_5.5_chordal,global_val_client_task,val,cycle2,18,,,,,,,,,,2000,532.0,36.0,1432.0,0.0,0.9366197183098591,1.0,0.9672726988792419,0.9672726988792419,0.9672726988792419,532.0,0.26600000262260437
fedavg,fedavg,510|859,510|859,2,510,data_2000_5_5.5_chordal,global_val_client_task,val,cycle3,18,,,,,,,,,,2000,730.0,119.0,1151.0,0.0,0.8598351001177856,1.0,0.9246358275413513,0.9246358275413513,0.9246358275413513,730.0,0.36500000953674316
fedavg,fedavg,510|859,510|859,2,510,data_2000_5_5.5_chordal,global_val_client_task,val,cycle4,18,,,,,,,,,,2000,867.0,201.0,927.0,5.0,0.8117977528089888,0.9942660550458715,0.8938143849372864,0.8938143849372864,0.8938143849372864,872.0,0.4359999895095825
fedavg,fedavg,510|859,510|859,2,510,data_2000_5_5.5_chordal,global_val_client_task,val,cycle5,18,,,,,,,,,,2000,1044.0,213.0,734.0,9.0,0.8305489260143198,0.9914529914529915,0.9038960933685303,0.9038960933685303,0.8686390519142151,1053.0,0.5264999866485596
fedavg,fedavg,510|859,510|859,2,510,data_2000_5_5.5_chordal,global_val_client_task,val,cycle6,18,,,,,,,,,,2000,1029.0,245.0,633.0,93.0,0.8076923076923077,0.9171122994652406,0.8589315414428711,0.8589315414428711,0.7892767786979675,1122.0,0.5609999895095825
fedavg,fedavg,510|859,510|859,2,859,data_2000_4_1.5_chordal,global_val_client,val,,18,,,0.3143289638757706,0.9226,0.7540000081062317,0.8528517110266159,0.7650514841079712,0.7650514841079712,0.7650514841079712,2000,,,,,,,,,,,
fedavg,fedavg,510|859,510|859,2,859,data_2000_4_1.5_chordal,global_val_client_task,val,cycle2,18,,,,,,,,,,2000,861.0,16.0,1122.0,1.0,0.9817559863169898,0.9988399071925754,0.990224301815033,0.990224301815033,0.990224301815033,862.0,0.4309999942779541
fedavg,fedavg,510|859,510|859,2,859,data_2000_4_1.5_chordal,global_val_client_task,val,cycle3,18,,,,,,,,,,2000,690.0,27.0,1282.0,1.0,0.9623430962343096,0.9985528219971056,0.9801136255264282,0.9801136255264282,0.9801136255264282,691.0,0.34549999237060547
fedavg,fedavg,510|859,510|859,2,859,data_2000_4_1.5_chordal,global_val_client_task,val,cycle4,18,,,,,,,,,,2000,379.0,89.0,1520.0,12.0,0.8098290598290598,0.969309462915601,0.8824213743209839,0.8824213743209839,0.8824213743209839,391.0,0.19550000131130219
fedavg,fedavg,510|859,510|859,2,859,data_2000_4_1.5_chordal,global_val_client_task,val,cycle5,18,,,,,,,,,,2000,214.0,236.0,1528.0,22.0,0.47555555555555556,0.9067796610169492,0.6239067316055298,0.6239067316055298,0.6239067316055298,236.0,0.11800000071525574
fedavg,fedavg,510|859,510|859,2,859,data_2000_4_1.5_chordal,global_val_client_task,val,cycle6,18,,,,,,,,,,2000,99.0,341.0,1531.0,29.0,0.225,0.7734375,0.34859153628349304,0.34859153628349304,0.34859153628349304,128.0,0.06400000303983688
fedavg,fedavg,510|859,510|859,2,all,all,global_val_mean,val,,18,,,0.2862362883090973,0.91525,0.7064999938011169,0.8770424774972222,0.8373807966709137,0.8373807966709137,0.8268896341323853,4000,,,,,,,,,,,
fedavg,fedavg,510|859,510|859,2,510,data_2000_5_5.5_chordal,train_epoch,train,,19,1.0,0.202806988298893,,,,,,,,2000,,,,,,,,,,,
fedavg,fedavg,510|859,510|859,2,510,data_2000_5_5.5_chordal,val_epoch,val,,19,,,0.2161415411233902,0.9124,0.6744999885559082,0.9015287769784173,0.9090453386306763,0.9090453386306763,0.8959653973579407,2000,,,,,,,,,,,
fedavg,fedavg,510|859,510|859,2,510,data_2000_5_5.5_chordal,val_epoch_task,val,cycle2,19,,,,,,,,,,2000,528.0,60.0,1408.0,4.0,0.8979591836734694,0.9924812030075187,0.9428571462631226,0.9428571462631226,0.9428571462631226,532.0,0.26600000262260437
fedavg,fedavg,510|859,510|859,2,510,data_2000_5_5.5_chordal,val_epoch_task,val,cycle3,19,,,,,,,,,,2000,721.0,84.0,1186.0,9.0,0.8956521739130435,0.9876712328767123,0.9394137263298035,0.9394137263298035,0.9394137263298035,730.0,0.36500000953674316
fedavg,fedavg,510|859,510|859,2,510,data_2000_5_5.5_chordal,val_epoch_task,val,cycle4,19,,,,,,,,,,2000,844.0,101.0,1027.0,28.0,0.8931216931216931,0.9678899082568807,0.9290038347244263,0.9290038347244263,0.9290038347244263,872.0,0.4359999895095825
fedavg,fedavg,510|859,510|859,2,510,data_2000_5_5.5_chordal,val_epoch_task,val,cycle5,19,,,,,,,,,,2000,955.0,156.0,791.0,98.0,0.8595859585958596,0.9069325735992403,0.8826247453689575,0.8826247453689575,0.8616557717323303,1053.0,0.5264999866485596
fedavg,fedavg,510|859,510|859,2,510,data_2000_5_5.5_chordal,val_epoch_task,val,cycle6,19,,,,,,,,,,2000,962.0,176.0,702.0,160.0,0.8453427065026362,0.857397504456328,0.8513274192810059,0.8513274192810059,0.8068965673446655,1122.0,0.5609999895095825
fedavg,fedavg,510|859,510|859,2,859,data_2000_4_1.5_chordal,train_epoch,train,,19,1.0,0.2582855406999588,,,,,,,,2000,,,,,,,,,,,
fedavg,fedavg,510|859,510|859,2,859,data_2000_4_1.5_chordal,val_epoch,val,,19,,,0.27914061617851255,0.9444,0.8115000128746033,0.8883982336411079,0.8039491772651672,0.8039491772651672,0.8039491772651672,2000,,,,,,,,,,,
fedavg,fedavg,510|859,510|859,2,859,data_2000_4_1.5_chordal,val_epoch_task,val,cycle2,19,,,,,,,,,,2000,862.0,7.0,1131.0,0.0,0.9919447640966629,1.0,0.9959561228752136,0.9959561228752136,0.9959561228752136,862.0,0.4309999942779541
fedavg,fedavg,510|859,510|859,2,859,data_2000_4_1.5_chordal,val_epoch_task,val,cycle3,19,,,,,,,,,,2000,687.0,28.0,1281.0,4.0,0.9608391608391609,0.9942112879884226,0.9772403836250305,0.9772403836250305,0.9772403836250305,691.0,0.34549999237060547
fedavg,fedavg,510|859,510|859,2,859,data_2000_4_1.5_chordal,val_epoch_task,val,cycle4,19,,,,,,,,,,2000,352.0,34.0,1575.0,39.0,0.9119170984455959,0.9002557544757033,0.9060488939285278,0.9060488939285278,0.9060488939285278,391.0,0.19550000131130219
fedavg,fedavg,510|859,510|859,2,859,data_2000_4_1.5_chordal,val_epoch_task,val,cycle5,19,,,,,,,,,,2000,207.0,149.0,1615.0,29.0,0.5814606741573034,0.8771186440677966,0.699324369430542,0.699324369430542,0.699324369430542,236.0,0.11800000071525574
fedavg,fedavg,510|859,510|859,2,859,data_2000_4_1.5_chordal,val_epoch_task,val,cycle6,19,,,,,,,,,,2000,105.0,243.0,1629.0,23.0,0.3017241379310345,0.8203125,0.4411764442920685,0.4411764442920685,0.4411764442920685,128.0,0.06400000303983688
fedavg,fedavg,510|859,510|859,2,510,data_2000_5_5.5_chordal,global_val_client,val,,19,,,0.22668881165981292,0.9114,0.6660000085830688,0.9034858387799564,0.9108732342720032,0.9108732342720032,0.893283486366272,2000,,,,,,,,,,,
fedavg,fedavg,510|859,510|859,2,510,data_2000_5_5.5_chordal,global_val_client_task,val,cycle2,19,,,,,,,,,,2000,532.0,43.0,1425.0,0.0,0.9252173913043479,1.0,0.9611562490463257,0.9611562490463257,0.9611562490463257,532.0,0.26600000262260437
fedavg,fedavg,510|859,510|859,2,510,data_2000_5_5.5_chordal,global_val_client_task,val,cycle3,19,,,,,,,,,,2000,730.0,136.0,1134.0,0.0,0.8429561200923787,1.0,0.9147869944572449,0.9147869944572449,0.9147869944572449,730.0,0.36500000953674316
fedavg,fedavg,510|859,510|859,2,510,data_2000_5_5.5_chordal,global_val_client_task,val,cycle4,19,,,,,,,,,,2000,861.0,143.0,985.0,11.0,0.8575697211155379,0.9873853211009175,0.9179104566574097,0.9179104566574097,0.9179104566574097,872.0,0.4359999895095825
fedavg,fedavg,510|859,510|859,2,510,data_2000_5_5.5_chordal,global_val_client_task,val,cycle5,19,,,,,,,,,,2000,1018.0,184.0,763.0,35.0,0.8469217970049917,0.9667616334283001,0.9028825163841248,0.9028825163841248,0.8744986057281494,1053.0,0.5264999866485596
fedavg,fedavg,510|859,510|859,2,510,data_2000_5_5.5_chordal,global_val_client_task,val,cycle6,19,,,,,,,,,,2000,1006.0,218.0,660.0,116.0,0.8218954248366013,0.8966131907308378,0.8576300144195557,0.8576300144195557,0.7980653643608093,1122.0,0.5609999895095825
fedavg,fedavg,510|859,510|859,2,859,data_2000_4_1.5_chordal,global_val_client,val,,19,,,0.31045305413007734,0.9531,0.8345000147819519,0.9036763195728076,0.8140568733215332,0.8140568733215332,0.8140568733215332,2000,,,,,,,,,,,
fedavg,fedavg,510|859,510|859,2,859,data_2000_4_1.5_chordal,global_val_client_task,val,cycle2,19,,,,,,,,,,2000,861.0,2.0,1136.0,1.0,0.9976825028968713,0.9988399071925754,0.9982608556747437,0.9982608556747437,0.9982608556747437,862.0,0.4309999942779541
fedavg,fedavg,510|859,510|859,2,859,data_2000_4_1.5_chordal,global_val_client_task,val,cycle3,19,,,,,,,,,,2000,691.0,22.0,1287.0,0.0,0.9691444600280504,1.0,0.9843304753303528,0.9843304753303528,0.9843304753303528,691.0,0.34549999237060547
fedavg,fedavg,510|859,510|859,2,859,data_2000_4_1.5_chordal,global_val_client_task,val,cycle4,19,,,,,,,,,,2000,364.0,21.0,1588.0,27.0,0.9454545454545454,0.9309462915601023,0.9381442666053772,0.9381442666053772,0.9381442666053772,391.0,0.19550000131130219
fedavg,fedavg,510|859,510|859,2,859,data_2000_4_1.5_chordal,global_val_client_task,val,cycle5,19,,,,,,,,,,2000,194.0,94.0,1670.0,42.0,0.6736111111111112,0.8220338983050848,0.7404579520225525,0.7404579520225525,0.7404579520225525,236.0,0.11800000071525574
fedavg,fedavg,510|859,510|859,2,859,data_2000_4_1.5_chordal,global_val_client_task,val,cycle6,19,,,,,,,,,,2000,90.0,222.0,1650.0,38.0,0.28846153846153844,0.703125,0.40909090638160706,0.40909090638160706,0.40909090638160706,128.0,0.06400000303983688
fedavg,fedavg,510|859,510|859,2,all,all,global_val_mean,val,,19,,,0.26857093289494516,0.93225,0.7502500116825104,0.903581079176382,0.8624650537967682,0.8624650537967682,0.8536701798439026,4000,,,,,,,,,,,
fedavg,fedavg,510|859,510|859,2,510,data_2000_5_5.5_chordal,train_epoch,train,,20,1.0,0.20694047537446023,,,,,,,,2000,,,,,,,,,,,
fedavg,fedavg,510|859,510|859,2,510,data_2000_5_5.5_chordal,val_epoch,val,,20,,,0.1925347571372986,0.9185,0.6840000152587891,0.9073758381634276,0.9185776710510254,0.9185776710510254,0.9053312540054321,2000,,,,,,,,,,,
fedavg,fedavg,510|859,510|859,2,510,data_2000_5_5.5_chordal,val_epoch_task,val,cycle2,20,,,,,,,,,,2000,529.0,21.0,1447.0,3.0,0.9618181818181818,0.9943609022556391,0.9778187870979309,0.9778187870979309,0.9778187870979309,532.0,0.26600000262260437
fedavg,fedavg,510|859,510|859,2,510,data_2000_5_5.5_chordal,val_epoch_task,val,cycle3,20,,,,,,,,,,2000,724.0,63.0,1207.0,6.0,0.9199491740787802,0.9917808219178083,0.9545154571533203,0.9545154571533203,0.9545154571533203,730.0,0.36500000953674316
fedavg,fedavg,510|859,510|859,2,510,data_2000_5_5.5_chordal,val_epoch_task,val,cycle4,20,,,,,,,,,,2000,838.0,98.0,1030.0,34.0,0.8952991452991453,0.9610091743119266,0.9269911646842957,0.9269911646842957,0.9269911646842957,872.0,0.4359999895095825
fedavg,fedavg,510|859,510|859,2,510,data_2000_5_5.5_chordal,val_epoch_task,val,cycle5,20,,,,,,,,,,2000,926.0,105.0,842.0,127.0,0.8981571290009699,0.879392212725546,0.8886756300926208,0.8886756300926208,0.8789144158363342,1053.0,0.5264999866485596
fedavg,fedavg,510|859,510|859,2,510,data_2000_5_5.5_chordal,val_epoch_task,val,cycle6,20,,,,,,,,,,2000,975.0,211.0,667.0,147.0,0.8220910623946037,0.8689839572192514,0.8448873162269592,0.8448873162269592,0.7884160876274109,1122.0,0.5609999895095825
fedavg,fedavg,510|859,510|859,2,859,data_2000_4_1.5_chordal,train_epoch,train,,20,1.0,0.27984253466129305,,,,,,,,2000,,,,,,,,,,,
fedavg,fedavg,510|859,510|859,2,859,data_2000_4_1.5_chordal,val_epoch,val,,20,,,0.36192040419578553,0.8627,0.637499988079071,0.7670907548770144,0.7037160396575928,0.7037160396575928,0.7037160396575928,2000,,,,,,,,,,,
fedavg,fedavg,510|859,510|859,2,859,data_2000_4_1.5_chordal,val_epoch_task,val,cycle2,20,,,,,,,,,,2000,851.0,7.0,1131.0,11.0,0.9918414918414918,0.9872389791183295,0.9895349740982056,0.9895349740982056,0.9895349740982056,862.0,0.4309999942779541
fedavg,fedavg,510|859,510|859,2,859,data_2000_4_1.5_chordal,val_epoch_task,val,cycle3,20,,,,,,,,,,2000,677.0,17.0,1292.0,14.0,0.9755043227665706,0.9797395079594791,0.9776173233985901,0.9776173233985901,0.9776173233985901,691.0,0.34549999237060547
fedavg,fedavg,510|859,510|859,2,859,data_2000_4_1.5_chordal,val_epoch_task,val,cycle4,20,,,,,,,,,,2000,379.0,188.0,1421.0,12.0,0.6684303350970018,0.969309462915601,0.7912317514419556,0.7912317514419556,0.7912317514419556,391.0,0.19550000131130219
fedavg,fedavg,510|859,510|859,2,859,data_2000_4_1.5_chordal,val_epoch_task,val,cycle5,20,,,,,,,,,,2000,230.0,516.0,1248.0,6.0,0.30831099195710454,0.9745762711864406,0.4684318006038666,0.4684318006038666,0.4684318006038666,236.0,0.11800000071525574
fedavg,fedavg,510|859,510|859,2,859,data_2000_4_1.5_chordal,val_epoch_task,val,cycle6,20,,,,,,,,,,2000,124.0,598.0,1274.0,4.0,0.17174515235457063,0.96875,0.29176467657089233,0.29176467657089233,0.29176467657089233,128.0,0.06400000303983688
fedavg,fedavg,510|859,510|859,2,510,data_2000_5_5.5_chordal,global_val_client,val,,20,,,0.23304486560821533,0.9059,0.6474999785423279,0.9002861078732648,0.9112797975540161,0.9112797975540161,0.8822409510612488,2000,,,,,,,,,,,
fedavg,fedavg,510|859,510|859,2,510,data_2000_5_5.5_chordal,global_val_client_task,val,cycle2,20,,,,,,,,,,2000,532.0,31.0,1437.0,0.0,0.9449378330373002,1.0,0.9716895222663879,0.9716895222663879,0.9716895222663879,532.0,0.26600000262260437
fedavg,fedavg,510|859,510|859,2,510,data_2000_5_5.5_chordal,global_val_client_task,val,cycle3,20,,,,,,,,,,2000,730.0,88.0,1182.0,0.0,0.8924205378973105,1.0,0.9431524276733398,0.9431524276733398,0.9431524276733398,730.0,0.36500000953674316
fedavg,fedavg,510|859,510|859,2,510,data_2000_5_5.5_chordal,global_val_client_task,val,cycle4,20,,,,,,,,,,2000,865.0,184.0,944.0,7.0,0.8245948522402288,0.9919724770642202,0.9005725979804993,0.9005725979804993,0.9005725979804993,872.0,0.4359999895095825
fedavg,fedavg,510|859,510|859,2,510,data_2000_5_5.5_chordal,global_val_client_task,val,cycle5,20,,,,,,,,,,2000,1037.0,295.0,652.0,16.0,0.7785285285285285,0.9848053181386515,0.8696016669273376,0.8696016669273376,0.8074303269386292,1053.0,0.5264999866485596
fedavg,fedavg,510|859,510|859,2,510,data_2000_5_5.5_chordal,global_val_client_task,val,cycle6,20,,,,,,,,,,2000,1084.0,282.0,596.0,38.0,0.7935578330893118,0.966131907308378,0.8713825941085815,0.8713825941085815,0.7883598208427429,1122.0,0.5609999895095825
fedavg,fedavg,510|859,510|859,2,859,data_2000_4_1.5_chordal,global_val_client,val,,20,,,0.254059076666832,0.9434,0.8034999966621399,0.8884948778565799,0.807344913482666,0.807344913482666,0.807344913482666,2000,,,,,,,,,,,
fedavg,fedavg,510|859,510|859,2,859,data_2000_4_1.5_chordal,global_val_client_task,val,cycle2,20,,,,,,,,,,2000,862.0,9.0,1129.0,0.0,0.9896670493685419,1.0,0.994806706905365,0.994806706905365,0.994806706905365,862.0,0.4309999942779541
fedavg,fedavg,510|859,510|859,2,859,data_2000_4_1.5_chordal,global_val_client_task,val,cycle3,20,,,,,,,,,,2000,686.0,4.0,1305.0,5.0,0.9942028985507246,0.9927641099855282,0.9934830069541931,0.9934830069541931,0.9934830069541931,691.0,0.34549999237060547
fedavg,fedavg,510|859,510|859,2,859,data_2000_4_1.5_chordal,global_val_client_task,val,cycle4,20,,,,,,,,,,2000,379.0,54.0,1555.0,12.0,0.8752886836027713,0.969309462915601,0.9199029207229614,0.9199029207229614,0.9199029207229614,391.0,0.19550000131130219
fedavg,fedavg,510|859,510|859,2,859,data_2000_4_1.5_chordal,global_val_client_task,val,cycle5,20,,,,,,,,,,2000,222.0,154.0,1610.0,14.0,0.5904255319148937,0.940677966101695,0.7254902124404907,0.7254902124404907,0.7254902124404907,236.0,0.11800000071525574
fedavg,fedavg,510|859,510|859,2,859,data_2000_4_1.5_chordal,global_val_client_task,val,cycle6,20,,,,,,,,,,2000,106.0,292.0,1580.0,22.0,0.2663316582914573,0.828125,0.4030418395996094,0.4030418395996094,0.4030418395996094,128.0,0.06400000303983688
fedavg,fedavg,510|859,510|859,2,all,all,global_val_mean,val,,20,,,0.24355197113752364,0.9246500000000001,0.7254999876022339,0.8943904928649224,0.8593123555183411,0.8593123555183411,0.8447929322719574,4000,,,,,,,,,,,
fedavg,fedavg,510|859,510|859,2,510,data_2000_5_5.5_chordal,train_epoch,train,,21,1.0,0.2048039091825485,,,,,,,,2000,,,,,,,,,,,
fedavg,fedavg,510|859,510|859,2,510,data_2000_5_5.5_chordal,val_epoch,val,,21,,,0.21154615938663482,0.9162,0.6840000152587891,0.9083952776563184,0.9185419082641602,0.9185419082641602,0.8976036906242371,2000,,,,,,,,,,,
fedavg,fedavg,510|859,510|859,2,510,data_2000_5_5.5_chordal,val_epoch_task,val,cycle2,21,,,,,,,,,,2000,520.0,19.0,1449.0,12.0,0.9647495361781077,0.9774436090225563,0.9710550904273987,0.9710550904273987,0.9710550904273987,532.0,0.26600000262260437
fedavg,fedavg,510|859,510|859,2,510,data_2000_5_5.5_chordal,val_epoch_task,val,cycle3,21,,,,,,,,,,2000,730.0,75.0,1195.0,0.0,0.906832298136646,1.0,0.9511401057243347,0.9511401057243347,0.9511401057243347,730.0,0.36500000953674316
fedavg,fedavg,510|859,510|859,2,510,data_2000_5_5.5_chordal,val_epoch_task,val,cycle4,21,,,,,,,,,,2000,847.0,136.0,992.0,25.0,0.861648016276704,0.9713302752293578,0.9132075905799866,0.9132075905799866,0.9132075905799866,872.0,0.4359999895095825
fedavg,fedavg,510|859,510|859,2,510,data_2000_5_5.5_chordal,val_epoch_task,val,cycle5,21,,,,,,,,,,2000,1025.0,206.0,741.0,28.0,0.8326563769293257,0.97340930674264,0.8975481390953064,0.8975481390953064,0.8636363744735718,1053.0,0.5264999866485596
fedavg,fedavg,510|859,510|859,2,510,data_2000_5_5.5_chordal,val_epoch_task,val,cycle6,21,,,,,,,,,,2000,1033.0,248.0,630.0,89.0,0.8064012490241999,0.9206773618538324,0.8597586154937744,0.8597586154937744,0.7889793515205383,1122.0,0.5609999895095825
fedavg,fedavg,510|859,510|859,2,859,data_2000_4_1.5_chordal,train_epoch,train,,21,1.0,0.284034284979105,,,,,,,,2000,,,,,,,,,,,
fedavg,fedavg,510|859,510|859,2,859,data_2000_4_1.5_chordal,val_epoch,val,,21,,,0.2746400715112686,0.9344,0.7900000214576721,0.872621359223301,0.7900909781455994,0.7900909781455994,0.7900909781455994,2000,,,,,,,,,,,
fedavg,fedavg,510|859,510|859,2,859,data_2000_4_1.5_chordal,val_epoch_task,val,cycle2,21,,,,,,,,,,2000,862.0,13.0,1125.0,0.0,0.9851428571428571,1.0,0.9925158023834229,0.9925158023834229,0.9925158023834229,862.0,0.4309999942779541
fedavg,fedavg,510|859,510|859,2,859,data_2000_4_1.5_chordal,val_epoch_task,val,cycle3,21,,,,,,,,,,2000,682.0,15.0,1294.0,9.0,0.9784791965566715,0.9869753979739508,0.9827089309692383,0.9827089309692383,0.9827089309692383,691.0,0.34549999237060547
fedavg,fedavg,510|859,510|859,2,859,data_2000_4_1.5_chordal,val_epoch_task,val,cycle4,21,,,,,,,,,,2000,371.0,75.0,1534.0,20.0,0.8318385650224215,0.948849104859335,0.8864994049072266,0.8864994049072266,0.8864994049072266,391.0,0.19550000131130219
fedavg,fedavg,510|859,510|859,2,859,data_2000_4_1.5_chordal,val_epoch_task,val,cycle5,21,,,,,,,,,,2000,222.0,205.0,1559.0,14.0,0.5199063231850117,0.940677966101695,0.6696832776069641,0.6696832776069641,0.6696832776069641,236.0,0.11800000071525574
fedavg,fedavg,510|859,510|859,2,859,data_2000_4_1.5_chordal,val_epoch_task,val,cycle6,21,,,,,,,,,,2000,110.0,287.0,1585.0,18.0,0.2770780856423174,0.859375,0.41904759407043457,0.41904759407043457,0.41904759407043457,128.0,0.06400000303983688
fedavg,fedavg,510|859,510|859,2,510,data_2000_5_5.5_chordal,global_val_client,val,,21,,,0.22566047698259353,0.9121,0.671500027179718,0.905371945311659,0.9156253933906555,0.9156253933906555,0.8925939798355103,2000,,,,,,,,,,,
fedavg,fedavg,510|859,510|859,2,510,data_2000_5_5.5_chordal,global_val_client_task,val,cycle2,21,,,,,,,,,,2000,532.0,25.0,1443.0,0.0,0.9551166965888689,1.0,0.9770431518554688,0.9770431518554688,0.9770431518554688,532.0,0.26600000262260437
fedavg,fedavg,510|859,510|859,2,510,data_2000_5_5.5_chordal,global_val_client_task,val,cycle3,21,,,,,,,,,,2000,729.0,94.0,1176.0,1.0,0.8857837181044957,0.9986301369863013,0.9388280510902405,0.9388280510902405,0.9388280510902405,730.0,0.36500000953674316
fedavg,fedavg,510|859,510|859,2,510,data_2000_5_5.5_chordal,global_val_client_task,val,cycle4,21,,,,,,,,,,2000,861.0,166.0,962.0,11.0,0.8383641674780915,0.9873853211009175,0.9067930579185486,0.9067930579185486,0.9067930579185486,872.0,0.4359999895095825
fedavg,fedavg,510|859,510|859,2,510,data_2000_5_5.5_chordal,global_val_client_task,val,cycle5,21,,,,,,,,,,2000,1042.0,235.0,712.0,11.0,0.8159749412685983,0.9895536562203229,0.8944205641746521,0.8944205641746521,0.852694571018219,1053.0,0.5264999866485596
fedavg,fedavg,510|859,510|859,2,510,data_2000_5_5.5_chordal,global_val_client_task,val,cycle6,21,,,,,,,,,,2000,1041.0,255.0,623.0,81.0,0.8032407407407407,0.9278074866310161,0.8610422015190125,0.8610422015190125,0.787610650062561,1122.0,0.5609999895095825
fedavg,fedavg,510|859,510|859,2,859,data_2000_4_1.5_chordal,global_val_client,val,,21,,,0.27234460270404814,0.9328,0.781499981880188,0.8709181713407607,0.7881971001625061,0.7881971001625061,0.7881971001625061,2000,,,,,,,,,,,
fedavg,fedavg,510|859,510|859,2,859,data_2000_4_1.5_chordal,global_val_client_task,val,cycle2,21,,,,,,,,,,2000,862.0,4.0,1134.0,0.0,0.9953810623556582,1.0,0.9976851344108582,0.9976851344108582,0.9976851344108582,862.0,0.4309999942779541
fedavg,fedavg,510|859,510|859,2,859,data_2000_4_1.5_chordal,global_val_client_task,val,cycle3,21,,,,,,,,,,2000,688.0,17.0,1292.0,3.0,0.975886524822695,0.9956584659913169,0.9856733083724976,0.9856733083724976,0.9856733083724976,691.0,0.34549999237060547
fedavg,fedavg,510|859,510|859,2,859,data_2000_4_1.5_chordal,global_val_client_task,val,cycle4,21,,,,,,,,,,2000,385.0,76.0,1533.0,6.0,0.8351409978308026,0.9846547314578005,0.9037558436393738,0.9037558436393738,0.9037558436393738,391.0,0.19550000131130219
fedavg,fedavg,510|859,510|859,2,859,data_2000_4_1.5_chordal,global_val_client_task,val,cycle5,21,,,,,,,,,,2000,226.0,206.0,1558.0,10.0,0.5231481481481481,0.9576271186440678,0.6766467094421387,0.6766467094421387,0.6766467094421387,236.0,0.11800000071525574
fedavg,fedavg,510|859,510|859,2,859,data_2000_4_1.5_chordal,global_val_client_task,val,cycle6,21,,,,,,,,,,2000,106.0,328.0,1544.0,22.0,0.24423963133640553,0.828125,0.3772242069244385,0.3772242069244385,0.3772242069244385,128.0,0.06400000303983688
fedavg,fedavg,510|859,510|859,2,all,all,global_val_mean,val,,21,,,0.24900253984332085,0.92245,0.726500004529953,0.8881450583262099,0.8519112467765808,0.8519112467765808,0.8403955399990082,4000,,,,,,,,,,,
fedavg,fedavg,510|859,510|859,2,510,data_2000_5_5.5_chordal,train_epoch,train,,22,1.0,0.2008218312263489,,,,,,,,2000,,,,,,,,,,,
fedavg,fedavg,510|859,510|859,2,510,data_2000_5_5.5_chordal,val_epoch,val,,22,,,0.2258648218512535,0.9155,0.675000011920929,0.9051733812142296,0.913151741027832,0.913151741027832,0.8990815281867981,2000,,,,,,,,,,,
fedavg,fedavg,510|859,510|859,2,510,data_2000_5_5.5_chordal,val_epoch_task,val,cycle2,22,,,,,,,,,,2000,500.0,21.0,1447.0,32.0,0.9596928982725528,0.9398496240601504,0.9496675729751587,0.9496675729751587,0.9496675729751587,532.0,0.26600000262260437
fedavg,fedavg,510|859,510|859,2,510,data_2000_5_5.5_chordal,val_epoch_task,val,cycle3,22,,,,,,,,,,2000,726.0,73.0,1197.0,4.0,0.9086357947434293,0.9945205479452055,0.9496403336524963,0.9496403336524963,0.9496403336524963,730.0,0.36500000953674316
fedavg,fedavg,510|859,510|859,2,510,data_2000_5_5.5_chordal,val_epoch_task,val,cycle4,22,,,,,,,,,,2000,845.0,145.0,983.0,27.0,0.8535353535353535,0.9690366972477065,0.907626211643219,0.907626211643219,0.907626211643219,872.0,0.4359999895095825
fedavg,fedavg,510|859,510|859,2,510,data_2000_5_5.5_chordal,val_epoch_task,val,cycle5,22,,,,,,,,,,2000,979.0,125.0,822.0,74.0,0.8867753623188406,0.929724596391263,0.9077422618865967,0.9077422618865967,0.8920238614082336,1053.0,0.5264999866485596
fedavg,fedavg,510|859,510|859,2,510,data_2000_5_5.5_chordal,val_epoch_task,val,cycle6,22,,,,,,,,,,2000,983.0,205.0,673.0,139.0,0.8274410774410774,0.8761140819964349,0.8510822653770447,0.8510822653770447,0.7964497208595276,1122.0,0.5609999895095825
fedavg,fedavg,510|859,510|859,2,859,data_2000_4_1.5_chordal,train_epoch,train,,22,1.0,0.2654834893941879,,,,,,,,2000,,,,,,,,,,,
fedavg,fedavg,510|859,510|859,2,859,data_2000_4_1.5_chordal,val_epoch,val,,22,,,0.30675364911556247,0.9172,0.7365000247955322,0.8444778362133734,0.7613748908042908,0.7613748908042908,0.7613748908042908,2000,,,,,,,,,,,
fedavg,fedavg,510|859,510|859,2,859,data_2000_4_1.5_chordal,val_epoch_task,val,cycle2,22,,,,,,,,,,2000,849.0,5.0,1133.0,13.0,0.9941451990632318,0.9849187935034803,0.9895104765892029,0.9895104765892029,0.9895104765892029,862.0,0.4309999942779541
fedavg,fedavg,510|859,510|859,2,859,data_2000_4_1.5_chordal,val_epoch_task,val,cycle3,22,,,,,,,,,,2000,677.0,15.0,1294.0,14.0,0.9783236994219653,0.9797395079594791,0.9790310859680176,0.9790310859680176,0.9790310859680176,691.0,0.34549999237060547
fedavg,fedavg,510|859,510|859,2,859,data_2000_4_1.5_chordal,val_epoch_task,val,cycle4,22,,,,,,,,,,2000,388.0,164.0,1445.0,3.0,0.7028985507246377,0.9923273657289002,0.8229056000709534,0.8229056000709534,0.8229056000709534,391.0,0.19550000131130219
fedavg,fedavg,510|859,510|859,2,859,data_2000_4_1.5_chordal,val_epoch_task,val,cycle5,22,,,,,,,,,,2000,229.0,234.0,1530.0,7.0,0.4946004319654428,0.9703389830508474,0.6552217602729797,0.6552217602729797,0.6552217602729797,236.0,0.11800000071525574
fedavg,fedavg,510|859,510|859,2,859,data_2000_4_1.5_chordal,val_epoch_task,val,cycle6,22,,,,,,,,,,2000,105.0,350.0,1522.0,23.0,0.23076923076923078,0.8203125,0.36020582914352417,0.36020582914352417,0.36020582914352417,128.0,0.06400000303983688
fedavg,fedavg,510|859,510|859,2,510,data_2000_5_5.5_chordal,global_val_client,val,,22,,,0.2270211043357849,0.9121,0.6784999966621399,0.9046327438428989,0.9139937162399292,0.9139937162399292,0.8937826156616211,2000,,,,,,,,,,,
fedavg,fedavg,510|859,510|859,2,510,data_2000_5_5.5_chordal,global_val_client_task,val,cycle2,22,,,,,,,,,,2000,527.0,32.0,1436.0,5.0,0.9427549194991055,0.9906015037593985,0.9660861492156982,0.9660861492156982,0.9660861492156982,532.0,0.26600000262260437
fedavg,fedavg,510|859,510|859,2,510,data_2000_5_5.5_chordal,global_val_client_task,val,cycle3,22,,,,,,,,,,2000,730.0,80.0,1190.0,0.0,0.9012345679012346,1.0,0.948051929473877,0.948051929473877,0.948051929473877,730.0,0.36500000953674316
fedavg,fedavg,510|859,510|859,2,510,data_2000_5_5.5_chordal,global_val_client_task,val,cycle4,22,,,,,,,,,,2000,855.0,188.0,940.0,17.0,0.8197507190795782,0.9805045871559633,0.8929504156112671,0.8929504156112671,0.8929504156112671,872.0,0.4359999895095825
fedavg,fedavg,510|859,510|859,2,510,data_2000_5_5.5_chordal,global_val_client_task,val,cycle5,22,,,,,,,,,,2000,1030.0,189.0,758.0,23.0,0.844954881050041,0.9781576448243114,0.9066901803016663,0.9066901803016663,0.8773148059844971,1053.0,0.5264999866485596
fedavg,fedavg,510|859,510|859,2,510,data_2000_5_5.5_chordal,global_val_client_task,val,cycle6,22,,,,,,,,,,2000,1027.0,250.0,628.0,95.0,0.8042286609240408,0.9153297682709447,0.856190025806427,0.856190025806427,0.7845097184181213,1122.0,0.5609999895095825
fedavg,fedavg,510|859,510|859,2,859,data_2000_4_1.5_chordal,global_val_client,val,,22,,,0.27960548329353335,0.9367,0.7864999771118164,0.8764878048780489,0.7947468161582947,0.7947468161582947,0.7947468161582947,2000,,,,,,,,,,,
fedavg,fedavg,510|859,510|859,2,859,data_2000_4_1.5_chordal,global_val_client_task,val,cycle2,22,,,,,,,,,,2000,854.0,6.0,1132.0,8.0,0.9930232558139535,0.9907192575406032,0.9918699264526367,0.9918699264526367,0.9918699264526367,862.0,0.4309999942779541
fedavg,fedavg,510|859,510|859,2,859,data_2000_4_1.5_chordal,global_val_client_task,val,cycle3,22,,,,,,,,,,2000,685.0,18.0,1291.0,6.0,0.9743954480796586,0.9913169319826338,0.9827833771705627,0.9827833771705627,0.9827833771705627,691.0,0.34549999237060547
fedavg,fedavg,510|859,510|859,2,859,data_2000_4_1.5_chordal,global_val_client_task,val,cycle4,22,,,,,,,,,,2000,387.0,77.0,1532.0,4.0,0.834051724137931,0.989769820971867,0.9052631258964539,0.9052631258964539,0.9052631258964539,391.0,0.19550000131130219
fedavg,fedavg,510|859,510|859,2,859,data_2000_4_1.5_chordal,global_val_client_task,val,cycle5,22,,,,,,,,,,2000,218.0,148.0,1616.0,18.0,0.5956284153005464,0.923728813559322,0.7242525219917297,0.7242525219917297,0.7242525219917297,236.0,0.11800000071525574
fedavg,fedavg,510|859,510|859,2,859,data_2000_4_1.5_chordal,global_val_client_task,val,cycle6,22,,,,,,,,,,2000,102.0,322.0,1550.0,26.0,0.24056603773584906,0.796875,0.3695652484893799,0.3695652484893799,0.3695652484893799,128.0,0.06400000303983688
fedavg,fedavg,510|859,510|859,2,all,all,global_val_mean,val,,22,,,0.2533132938146591,0.9244,0.7324999868869781,0.8905602743604738,0.8543702661991119,0.8543702661991119,0.8442647159099579,4000,,,,,,,,,,,
fedavg,fedavg,510|859,510|859,2,510,data_2000_5_5.5_chordal,train_epoch,train,,23,1.0,0.2126132628917694,,,,,,,,2000,,,,,,,,,,,
fedavg,fedavg,510|859,510|859,2,510,data_2000_5_5.5_chordal,val_epoch,val,,23,,,0.19858141177892685,0.9235,0.6955000162124634,0.9141703130259172,0.923863410949707,0.923863410949707,0.9074589014053345,2000,,,,,,,,,,,
fedavg,fedavg,510|859,510|859,2,510,data_2000_5_5.5_chordal,val_epoch_task,val,cycle2,23,,,,,,,,,,2000,530.0,28.0,1440.0,2.0,0.9498207885304659,0.9962406015037594,0.97247713804245,0.97247713804245,0.97247713804245,532.0,0.26600000262260437
fedavg,fedavg,510|859,510|859,2,510,data_2000_5_5.5_chordal,val_epoch_task,val,cycle3,23,,,,,,,,,,2000,729.0,58.0,1212.0,1.0,0.9263024142312579,0.9986301369863013,0.9611074924468994,0.9611074924468994,0.9611074924468994,730.0,0.36500000953674316
fedavg,fedavg,510|859,510|859,2,510,data_2000_5_5.5_chordal,val_epoch_task,val,cycle4,23,,,,,,,,,,2000,801.0,78.0,1050.0,71.0,0.9112627986348123,0.9185779816513762,0.9149057865142822,0.9149057865142822,0.9149057865142822,872.0,0.4359999895095825
fedavg,fedavg,510|859,510|859,2,510,data_2000_5_5.5_chordal,val_epoch_task,val,cycle5,23,,,,,,,,,,2000,1002.0,136.0,811.0,51.0,0.8804920913884007,0.9515669515669516,0.9146508574485779,0.9146508574485779,0.8966279625892639,1053.0,0.5264999866485596
fedavg,fedavg,510|859,510|859,2,510,data_2000_5_5.5_chordal,val_epoch_task,val,cycle6,23,,,,,,,,,,2000,1012.0,230.0,648.0,110.0,0.8148148148148148,0.9019607843137255,0.8561758995056152,0.8561758995056152,0.7921760082244873,1122.0,0.5609999895095825
fedavg,fedavg,510|859,510|859,2,859,data_2000_4_1.5_chordal,train_epoch,train,,23,1.0,0.24252524495124816,,,,,,,,2000,,,,,,,,,,,
fedavg,fedavg,510|859,510|859,2,859,data_2000_4_1.5_chordal,val_epoch,val,,23,,,0.35775287860631944,0.9571,0.8364999890327454,0.9103448275862069,0.825252890586853,0.825252890586853,0.825252890586853,2000,,,,,,,,,,,
fedavg,fedavg,510|859,510|859,2,859,data_2000_4_1.5_chordal,val_epoch_task,val,cycle2,23,,,,,,,,,,2000,862.0,9.0,1129.0,0.0,0.9896670493685419,1.0,0.994806706905365,0.994806706905365,0.994806706905365,862.0,0.4309999942779541
fedavg,fedavg,510|859,510|859,2,859,data_2000_4_1.5_chordal,val_epoch_task,val,cycle3,23,,,,,,,,,,2000,684.0,24.0,1285.0,7.0,0.9661016949152542,0.9898697539797395,0.977841317653656,0.977841317653656,0.977841317653656,691.0,0.34549999237060547
fedavg,fedavg,510|859,510|859,2,859,data_2000_4_1.5_chordal,val_epoch_task,val,cycle4,23,,,,,,,,,,2000,351.0,25.0,1584.0,40.0,0.9335106382978723,0.8976982097186701,0.9152542352676392,0.9152542352676392,0.9152542352676392,391.0,0.19550000131130219
fedavg,fedavg,510|859,510|859,2,859,data_2000_4_1.5_chordal,val_epoch_task,val,cycle5,23,,,,,,,,,,2000,190.0,57.0,1707.0,46.0,0.7692307692307693,0.8050847457627118,0.7867494821548462,0.7867494821548462,0.7867494821548462,236.0,0.11800000071525574
fedavg,fedavg,510|859,510|859,2,859,data_2000_4_1.5_chordal,val_epoch_task,val,cycle6,23,,,,,,,,,,2000,91.0,184.0,1688.0,37.0,0.33090909090909093,0.7109375,0.4516128897666931,0.4516128897666931,0.4516128897666931,128.0,0.06400000303983688
fedavg,fedavg,510|859,510|859,2,510,data_2000_5_5.5_chordal,global_val_client,val,,23,,,0.2212102652788162,0.9154,0.6779999732971191,0.9073181419807188,0.9159113764762878,0.9159113764762878,0.8974745869636536,2000,,,,,,,,,,,
fedavg,fedavg,510|859,510|859,2,510,data_2000_5_5.5_chordal,global_val_client_task,val,cycle2,23,,,,,,,,,,2000,532.0,43.0,1425.0,0.0,0.9252173913043479,1.0,0.9611562490463257,0.9611562490463257,0.9611562490463257,532.0,0.26600000262260437
fedavg,fedavg,510|859,510|859,2,510,data_2000_5_5.5_chordal,global_val_client_task,val,cycle3,23,,,,,,,,,,2000,730.0,86.0,1184.0,0.0,0.8946078431372549,1.0,0.9443725943565369,0.9443725943565369,0.9443725943565369,730.0,0.36500000953674316
fedavg,fedavg,510|859,510|859,2,510,data_2000_5_5.5_chordal,global_val_client_task,val,cycle4,23,,,,,,,,,,2000,851.0,135.0,993.0,21.0,0.8630831643002028,0.9759174311926605,0.9160387516021729,0.9160387516021729,0.9160387516021729,872.0,0.4359999895095825
fedavg,fedavg,510|859,510|859,2,510,data_2000_5_5.5_chordal,global_val_client_task,val,cycle5,23,,,,,,,,,,2000,1012.0,186.0,761.0,41.0,0.8447412353923205,0.9610636277302944,0.8991559147834778,0.8991559147834778,0.8702115416526794,1053.0,0.5264999866485596
fedavg,fedavg,510|859,510|859,2,510,data_2000_5_5.5_chordal,global_val_client_task,val,cycle6,23,,,,,,,,,,2000,1016.0,228.0,650.0,106.0,0.8167202572347267,0.9055258467023173,0.8588334321975708,0.8588334321975708,0.7955936789512634,1122.0,0.5609999895095825
fedavg,fedavg,510|859,510|859,2,859,data_2000_4_1.5_chordal,global_val_client,val,,23,,,0.2926426150202751,0.9481,0.8134999871253967,0.895510368431649,0.8119866251945496,0.8119866251945496,0.8119866251945496,2000,,,,,,,,,,,
fedavg,fedavg,510|859,510|859,2,859,data_2000_4_1.5_chordal,global_val_client_task,val,cycle2,23,,,,,,,,,,2000,862.0,6.0,1132.0,0.0,0.9930875576036866,1.0,0.9965317845344543,0.9965317845344543,0.9965317845344543,862.0,0.4309999942779541
fedavg,fedavg,510|859,510|859,2,859,data_2000_4_1.5_chordal,global_val_client_task,val,cycle3,23,,,,,,,,,,2000,687.0,14.0,1295.0,4.0,0.9800285306704708,0.9942112879884226,0.9870690107345581,0.9870690107345581,0.9870690107345581,691.0,0.34549999237060547
fedavg,fedavg,510|859,510|859,2,859,data_2000_4_1.5_chordal,global_val_client_task,val,cycle4,23,,,,,,,,,,2000,367.0,27.0,1582.0,24.0,0.9314720812182741,0.9386189258312021,0.9350318312644958,0.9350318312644958,0.9350318312644958,391.0,0.19550000131130219
fedavg,fedavg,510|859,510|859,2,859,data_2000_4_1.5_chordal,global_val_client_task,val,cycle5,23,,,,,,,,,,2000,207.0,121.0,1643.0,29.0,0.6310975609756098,0.8771186440677966,0.7340425848960876,0.7340425848960876,0.7340425848960876,236.0,0.11800000071525574
fedavg,fedavg,510|859,510|859,2,859,data_2000_4_1.5_chordal,global_val_client_task,val,cycle6,23,,,,,,,,,,2000,101.0,267.0,1605.0,27.0,0.27445652173913043,0.7890625,0.4072580933570862,0.4072580933570862,0.4072580933570862,128.0,0.06400000303983688
fedavg,fedavg,510|859,510|859,2,all,all,global_val_mean,val,,23,,,0.2569264401495457,0.93175,0.7457499802112579,0.9014142552061839,0.8639490008354187,0.8639490008354187,0.8547306060791016,4000,,,,,,,,,,,
fedavg,fedavg,510|859,510|859,2,510,data_2000_5_5.5_chordal,train_epoch,train,,24,1.0,0.20173668402433395,,,,,,,,2000,,,,,,,,,,,
fedavg,fedavg,510|859,510|859,2,510,data_2000_5_5.5_chordal,val_epoch,val,,24,,,0.19830495047569274,0.9224,0.7005000114440918,0.9136434453594481,0.9227288961410522,0.9227288961410522,0.9054079055786133,2000,,,,,,,,,,,
fedavg,fedavg,510|859,510|859,2,510,data_2000_5_5.5_chordal,val_epoch_task,val,cycle2,24,,,,,,,,,,2000,528.0,31.0,1437.0,4.0,0.9445438282647585,0.9924812030075187,0.9679193496704102,0.9679193496704102,0.9679193496704102,532.0,0.26600000262260437
fedavg,fedavg,510|859,510|859,2,510,data_2000_5_5.5_chordal,val_epoch_task,val,cycle3,24,,,,,,,,,,2000,720.0,67.0,1203.0,10.0,0.9148665819567979,0.9863013698630136,0.9492419362068176,0.9492419362068176,0.9492419362068176,730.0,0.36500000953674316
fedavg,fedavg,510|859,510|859,2,510,data_2000_5_5.5_chordal,val_epoch_task,val,cycle4,24,,,,,,,,,,2000,827.0,80.0,1048.0,45.0,0.9117971334068358,0.948394495412844,0.9297357797622681,0.9297357797622681,0.9297357797622681,872.0,0.4359999895095825
fedavg,fedavg,510|859,510|859,2,510,data_2000_5_5.5_chordal,val_epoch_task,val,cycle5,24,,,,,,,,,,2000,1010.0,172.0,775.0,43.0,0.8544839255499154,0.9591642924976258,0.9038031101226807,0.9038031101226807,0.8781869411468506,1053.0,0.5264999866485596
fedavg,fedavg,510|859,510|859,2,510,data_2000_5_5.5_chordal,val_epoch_task,val,cycle6,24,,,,,,,,,,2000,1020.0,222.0,656.0,102.0,0.821256038647343,0.9090909090909091,0.8629441857337952,0.8629441857337952,0.8019559979438782,1122.0,0.5609999895095825
fedavg,fedavg,510|859,510|859,2,859,data_2000_4_1.5_chordal,train_epoch,train,,24,1.0,0.2449708515405655,,,,,,,,2000,,,,,,,,,,,
fedavg,fedavg,510|859,510|859,2,859,data_2000_4_1.5_chordal,val_epoch,val,,24,,,0.2870750433206558,0.957,0.8410000205039978,0.9124236252545825,0.8344628214836121,0.8344628214836121,0.8344628214836121,2000,,,,,,,,,,,
fedavg,fedavg,510|859,510|859,2,859,data_2000_4_1.5_chordal,val_epoch_task,val,cycle2,24,,,,,,,,,,2000,860.0,5.0,1133.0,2.0,0.9942196531791907,0.9976798143851509,0.9959467649459839,0.9959467649459839,0.9959467649459839,862.0,0.4309999942779541
fedavg,fedavg,510|859,510|859,2,859,data_2000_4_1.5_chordal,val_epoch_task,val,cycle3,24,,,,,,,,,,2000,689.0,23.0,1286.0,2.0,0.9676966292134831,0.9971056439942113,0.9821810722351074,0.9821810722351074,0.9821810722351074,691.0,0.34549999237060547
fedavg,fedavg,510|859,510|859,2,859,data_2000_4_1.5_chordal,val_epoch_task,val,cycle4,24,,,,,,,,,,2000,378.0,57.0,1552.0,13.0,0.8689655172413793,0.9667519181585678,0.9152542352676392,0.9152542352676392,0.9152542352676392,391.0,0.19550000131130219
fedavg,fedavg,510|859,510|859,2,859,data_2000_4_1.5_chordal,val_epoch_task,val,cycle5,24,,,,,,,,,,2000,207.0,96.0,1668.0,29.0,0.6831683168316832,0.8771186440677966,0.7680889964103699,0.7680889964103699,0.7680889964103699,236.0,0.11800000071525574
fedavg,fedavg,510|859,510|859,2,859,data_2000_4_1.5_chordal,val_epoch_task,val,cycle6,24,,,,,,,,,,2000,106.0,181.0,1691.0,22.0,0.3693379790940767,0.828125,0.5108433365821838,0.5108433365821838,0.5108433365821838,128.0,0.06400000303983688
fedavg,fedavg,510|859,510|859,2,510,data_2000_5_5.5_chordal,global_val_client,val,,24,,,0.20620618796348572,0.9194,0.6890000104904175,0.9118740432976165,0.920329213142395,0.920329213142395,0.9017574191093445,2000,,,,,,,,,,,
fedavg,fedavg,510|859,510|859,2,510,data_2000_5_5.5_chordal,global_val_client_task,val,cycle2,24,,,,,,,,,,2000,532.0,41.0,1427.0,0.0,0.9284467713787086,1.0,0.962895929813385,0.962895929813385,0.962895929813385,532.0,0.26600000262260437
fedavg,fedavg,510|859,510|859,2,510,data_2000_5_5.5_chordal,global_val_client_task,val,cycle3,24,,,,,,,,,,2000,730.0,80.0,1190.0,0.0,0.9012345679012346,1.0,0.948051929473877,0.948051929473877,0.948051929473877,730.0,0.36500000953674316
fedavg,fedavg,510|859,510|859,2,510,data_2000_5_5.5_chordal,global_val_client_task,val,cycle4,24,,,,,,,,,,2000,860.0,131.0,997.0,12.0,0.8678102926337034,0.9862385321100917,0.9232420921325684,0.9232420921325684,0.9232420921325684,872.0,0.4359999895095825
fedavg,fedavg,510|859,510|859,2,510,data_2000_5_5.5_chordal,global_val_client_task,val,cycle5,24,,,,,,,,,,2000,1023.0,182.0,765.0,30.0,0.8489626556016597,0.9715099715099715,0.9061115980148315,0.9061115980148315,0.8783007860183716,1053.0,0.5264999866485596
fedavg,fedavg,510|859,510|859,2,510,data_2000_5_5.5_chordal,global_val_client_task,val,cycle6,24,,,,,,,,,,2000,1025.0,233.0,645.0,97.0,0.814785373608903,0.9135472370766489,0.8613445162773132,0.8613445162773132,0.7962962985038757,1122.0,0.5609999895095825
fedavg,fedavg,510|859,510|859,2,859,data_2000_4_1.5_chordal,global_val_client,val,,24,,,0.27655713856220243,0.9506,0.828000009059906,0.9006436041834271,0.8195403218269348,0.8195403218269348,0.8195403218269348,2000,,,,,,,,,,,
fedavg,fedavg,510|859,510|859,2,859,data_2000_4_1.5_chordal,global_val_client_task,val,cycle2,24,,,,,,,,,,2000,862.0,11.0,1127.0,0.0,0.9873997709049256,1.0,0.9936599135398865,0.9936599135398865,0.9936599135398865,862.0,0.4309999942779541
fedavg,fedavg,510|859,510|859,2,859,data_2000_4_1.5_chordal,global_val_client_task,val,cycle3,24,,,,,,,,,,2000,689.0,12.0,1297.0,2.0,0.9828815977175464,0.9971056439942113,0.9899425506591797,0.9899425506591797,0.9899425506591797,691.0,0.34549999237060547
fedavg,fedavg,510|859,510|859,2,859,data_2000_4_1.5_chordal,global_val_client_task,val,cycle4,24,,,,,,,,,,2000,372.0,35.0,1574.0,19.0,0.914004914004914,0.9514066496163683,0.932330846786499,0.932330846786499,0.932330846786499,391.0,0.19550000131130219
fedavg,fedavg,510|859,510|859,2,859,data_2000_4_1.5_chordal,global_val_client_task,val,cycle5,24,,,,,,,,,,2000,211.0,120.0,1644.0,25.0,0.6374622356495468,0.8940677966101694,0.7442680597305298,0.7442680597305298,0.7442680597305298,236.0,0.11800000071525574
fedavg,fedavg,510|859,510|859,2,859,data_2000_4_1.5_chordal,global_val_client_task,val,cycle6,24,,,,,,,,,,2000,105.0,247.0,1625.0,23.0,0.29829545454545453,0.8203125,0.4375,0.4375,0.4375,128.0,0.06400000303983688
fedavg,fedavg,510|859,510|859,2,all,all,global_val_mean,val,,24,,,0.24138166326284408,0.935,0.7585000097751617,0.9062588237405218,0.8699347674846649,0.8699347674846649,0.8606488704681396,4000,,,,,,,,,,,
fedavg,fedavg,510|859,510|859,2,510,data_2000_5_5.5_chordal,train_epoch,train,,25,1.0,0.20996188330650328,,,,,,,,2000,,,,,,,,,,,
fedavg,fedavg,510|859,510|859,2,510,data_2000_5_5.5_chordal,val_epoch,val,,25,,,0.19586648374795915,0.9192,0.6919999718666077,0.9088036117381489,0.9180921316146851,0.9180921316146851,0.9070293307304382,2000,,,,,,,,,,,
fedavg,fedavg,510|859,510|859,2,510,data_2000_5_5.5_chordal,val_epoch_task,val,cycle2,25,,,,,,,,,,2000,528.0,21.0,1447.0,4.0,0.9617486338797814,0.9924812030075187,0.9768733382225037,0.9768733382225037,0.9768733382225037,532.0,0.26600000262260437
fedavg,fedavg,510|859,510|859,2,510,data_2000_5_5.5_chordal,val_epoch_task,val,cycle3,25,,,,,,,,,,2000,730.0,98.0,1172.0,0.0,0.8816425120772947,1.0,0.9370988011360168,0.9370988011360168,0.9370988011360168,730.0,0.36500000953674316
fedavg,fedavg,510|859,510|859,2,510,data_2000_5_5.5_chordal,val_epoch_task,val,cycle4,25,,,,,,,,,,2000,858.0,125.0,1003.0,14.0,0.8728382502543235,0.9839449541284404,0.9250674247741699,0.9250674247741699,0.9250674247741699,872.0,0.4359999895095825
fedavg,fedavg,510|859,510|859,2,510,data_2000_5_5.5_chordal,val_epoch_task,val,cycle5,25,,,,,,,,,,2000,940.0,106.0,841.0,113.0,0.8986615678776291,0.8926875593542261,0.8956645727157593,0.8956645727157593,0.8847974538803101,1053.0,0.5264999866485596
fedavg,fedavg,510|859,510|859,2,510,data_2000_5_5.5_chordal,val_epoch_task,val,cycle6,25,,,,,,,,,,2000,970.0,175.0,703.0,152.0,0.8471615720524017,0.8645276292335116,0.8557565212249756,0.8557565212249756,0.8113098740577698,1122.0,0.5609999895095825
fedavg,fedavg,510|859,510|859,2,859,data_2000_4_1.5_chordal,train_epoch,train,,25,1.0,0.26369133162498476,,,,,,,,2000,,,,,,,,,,,
fedavg,fedavg,510|859,510|859,2,859,data_2000_4_1.5_chordal,val_epoch,val,,25,,,0.26083215689659117,0.9134,0.7465000152587891,0.8408088235294118,0.76253741979599,0.76253741979599,0.76253741979599,2000,,,,,,,,,,,
fedavg,fedavg,510|859,510|859,2,859,data_2000_4_1.5_chordal,val_epoch_task,val,cycle2,25,,,,,,,,,,2000,862.0,9.0,1129.0,0.0,0.9896670493685419,1.0,0.994806706905365,0.994806706905365,0.994806706905365,862.0,0.4309999942779541
fedavg,fedavg,510|859,510|859,2,859,data_2000_4_1.5_chordal,val_epoch_task,val,cycle3,25,,,,,,,,,,2000,685.0,21.0,1288.0,6.0,0.9702549575070821,0.9913169319826338,0.9806728363037109,0.9806728363037109,0.9806728363037109,691.0,0.34549999237060547
fedavg,fedavg,510|859,510|859,2,859,data_2000_4_1.5_chordal,val_epoch_task,val,cycle4,25,,,,,,,,,,2000,387.0,151.0,1458.0,4.0,0.7193308550185874,0.989769820971867,0.8331538438796997,0.8331538438796997,0.8331538438796997,391.0,0.19550000131130219
fedavg,fedavg,510|859,510|859,2,859,data_2000_4_1.5_chordal,val_epoch_task,val,cycle5,25,,,,,,,,,,2000,232.0,274.0,1490.0,4.0,0.45849802371541504,0.9830508474576272,0.6253369450569153,0.6253369450569153,0.6253369450569153,236.0,0.11800000071525574
fedavg,fedavg,510|859,510|859,2,859,data_2000_4_1.5_chordal,val_epoch_task,val,cycle6,25,,,,,,,,,,2000,121.0,390.0,1482.0,7.0,0.23679060665362034,0.9453125,0.37871673703193665,0.37871673703193665,0.37871673703193665,128.0,0.06400000303983688
fedavg,fedavg,510|859,510|859,2,510,data_2000_5_5.5_chordal,global_val_client,val,,25,,,0.229761167883873,0.9081,0.659500002861023,0.9008736921583432,0.9087150692939758,0.9087150692939758,0.8897344470024109,2000,,,,,,,,,,,
fedavg,fedavg,510|859,510|859,2,510,data_2000_5_5.5_chordal,global_val_client_task,val,cycle2,25,,,,,,,,,,2000,532.0,38.0,1430.0,0.0,0.9333333333333333,1.0,0.9655172228813171,0.9655172228813171,0.9655172228813171,532.0,0.26600000262260437
fedavg,fedavg,510|859,510|859,2,510,data_2000_5_5.5_chordal,global_val_client_task,val,cycle3,25,,,,,,,,,,2000,730.0,132.0,1138.0,0.0,0.8468677494199536,1.0,0.9170854091644287,0.9170854091644287,0.9170854091644287,730.0,0.36500000953674316
fedavg,fedavg,510|859,510|859,2,510,data_2000_5_5.5_chordal,global_val_client_task,val,cycle4,25,,,,,,,,,,2000,863.0,193.0,935.0,9.0,0.8172348484848485,0.9896788990825688,0.8952282071113586,0.8952282071113586,0.8952282071113586,872.0,0.4359999895095825
fedavg,fedavg,510|859,510|859,2,510,data_2000_5_5.5_chordal,global_val_client_task,val,cycle5,25,,,,,,,,,,2000,1026.0,189.0,758.0,27.0,0.8444444444444444,0.9743589743589743,0.9047619104385376,0.9047619104385376,0.8752886652946472,1053.0,0.5264999866485596
fedavg,fedavg,510|859,510|859,2,510,data_2000_5_5.5_chordal,global_val_client_task,val,cycle6,25,,,,,,,,,,2000,1025.0,234.0,644.0,97.0,0.8141382049245433,0.9135472370766489,0.8609827756881714,0.8609827756881714,0.7955528497695923,1122.0,0.5609999895095825
fedavg,fedavg,510|859,510|859,2,859,data_2000_4_1.5_chordal,global_val_client,val,,25,,,0.2744028567075729,0.9472,0.8174999952316284,0.8949044585987261,0.814005970954895,0.814005970954895,0.814005970954895,2000,,,,,,,,,,,
fedavg,fedavg,510|859,510|859,2,859,data_2000_4_1.5_chordal,global_val_client_task,val,cycle2,25,,,,,,,,,,2000,862.0,9.0,1129.0,0.0,0.9896670493685419,1.0,0.994806706905365,0.994806706905365,0.994806706905365,862.0,0.4309999942779541
fedavg,fedavg,510|859,510|859,2,859,data_2000_4_1.5_chordal,global_val_client_task,val,cycle3,25,,,,,,,,,,2000,689.0,11.0,1298.0,2.0,0.9842857142857143,0.9971056439942113,0.9906541705131531,0.9906541705131531,0.9906541705131531,691.0,0.34549999237060547
fedavg,fedavg,510|859,510|859,2,859,data_2000_4_1.5_chordal,global_val_client_task,val,cycle4,25,,,,,,,,,,2000,375.0,66.0,1543.0,16.0,0.8503401360544217,0.959079283887468,0.901442289352417,0.901442289352417,0.901442289352417,391.0,0.19550000131130219
fedavg,fedavg,510|859,510|859,2,859,data_2000_4_1.5_chordal,global_val_client_task,val,cycle5,25,,,,,,,,,,2000,216.0,119.0,1645.0,20.0,0.6447761194029851,0.9152542372881356,0.7565674185752869,0.7565674185752869,0.7565674185752869,236.0,0.11800000071525574
fedavg,fedavg,510|859,510|859,2,859,data_2000_4_1.5_chordal,global_val_client_task,val,cycle6,25,,,,,,,,,,2000,106.0,263.0,1609.0,22.0,0.2872628726287263,0.828125,0.42655935883522034,0.42655935883522034,0.42655935883522034,128.0,0.06400000303983688
fedavg,fedavg,510|859,510|859,2,all,all,global_val_mean,val,,25,,,0.25208201229572297,0.9276500000000001,0.7384999990463257,0.8978890753785347,0.8613605201244354,0.8613605201244354,0.851870208978653,4000,,,,,,,,,,,
fedavg,fedavg,510|859,510|859,2,510,data_2000_5_5.5_chordal,train_epoch,train,,26,1.0,0.20164577949047088,,,,,,,,2000,,,,,,,,,,,
fedavg,fedavg,510|859,510|859,2,510,data_2000_5_5.5_chordal,val_epoch,val,,26,,,0.19994190657138824,0.92,0.6899999976158142,0.9076638965835642,0.9179606437683105,0.9179606437683105,0.9084582328796387,2000,,,,,,,,,,,
fedavg,fedavg,510|859,510|859,2,510,data_2000_5_5.5_chordal,val_epoch_task,val,cycle2,26,,,,,,,,,,2000,532.0,27.0,1441.0,0.0,0.9516994633273703,1.0,0.9752520322799683,0.9752520322799683,0.9752520322799683,532.0,0.26600000262260437
fedavg,fedavg,510|859,510|859,2,510,data_2000_5_5.5_chordal,val_epoch_task,val,cycle3,26,,,,,,,,,,2000,726.0,69.0,1201.0,4.0,0.9132075471698113,0.9945205479452055,0.9521311521530151,0.9521311521530151,0.9521311521530151,730.0,0.36500000953674316
fedavg,fedavg,510|859,510|859,2,510,data_2000_5_5.5_chordal,val_epoch_task,val,cycle4,26,,,,,,,,,,2000,812.0,69.0,1059.0,60.0,0.9216799091940976,0.9311926605504587,0.9264118075370789,0.9264118075370789,0.9264118075370789,872.0,0.4359999895095825
fedavg,fedavg,510|859,510|859,2,510,data_2000_5_5.5_chordal,val_epoch_task,val,cycle5,26,,,,,,,,,,2000,936.0,93.0,854.0,117.0,0.9096209912536443,0.8888888888888888,0.8991355299949646,0.8991355299949646,0.8905109763145447,1053.0,0.5264999866485596
fedavg,fedavg,510|859,510|859,2,510,data_2000_5_5.5_chordal,val_epoch_task,val,cycle6,26,,,,,,,,,,2000,926.0,165.0,713.0,196.0,0.8487626031164069,0.8253119429590018,0.8368729948997498,0.8368729948997498,0.7979854345321655,1122.0,0.5609999895095825
fedavg,fedavg,510|859,510|859,2,859,data_2000_4_1.5_chordal,train_epoch,train,,26,1.0,0.23967398929595948,,,,,,,,2000,,,,,,,,,,,
fedavg,fedavg,510|859,510|859,2,859,data_2000_4_1.5_chordal,val_epoch,val,,26,,,0.29905916771292684,0.9533,0.8339999914169312,0.9041658116150216,0.8217777013778687,0.8217777013778687,0.8217777013778687,2000,,,,,,,,,,,
fedavg,fedavg,510|859,510|859,2,859,data_2000_4_1.5_chordal,val_epoch_task,val,cycle2,26,,,,,,,,,,2000,861.0,12.0,1126.0,1.0,0.9862542955326461,0.9988399071925754,0.9925072193145752,0.9925072193145752,0.9925072193145752,862.0,0.4309999942779541
fedavg,fedavg,510|859,510|859,2,859,data_2000_4_1.5_chordal,val_epoch_task,val,cycle3,26,,,,,,,,,,2000,681.0,9.0,1300.0,10.0,0.9869565217391304,0.9855282199710564,0.9862418174743652,0.9862418174743652,0.9862418174743652,691.0,0.34549999237060547
fedavg,fedavg,510|859,510|859,2,859,data_2000_4_1.5_chordal,val_epoch_task,val,cycle4,26,,,,,,,,,,2000,354.0,31.0,1578.0,37.0,0.9194805194805195,0.9053708439897699,0.9123711585998535,0.9123711585998535,0.9123711585998535,391.0,0.19550000131130219
fedavg,fedavg,510|859,510|859,2,859,data_2000_4_1.5_chordal,val_epoch_task,val,cycle5,26,,,,,,,,,,2000,206.0,108.0,1656.0,30.0,0.6560509554140127,0.8728813559322034,0.7490909099578857,0.7490909099578857,0.7490909099578857,236.0,0.11800000071525574
fedavg,fedavg,510|859,510|859,2,859,data_2000_4_1.5_chordal,val_epoch_task,val,cycle6,26,,,,,,,,,,2000,101.0,202.0,1670.0,27.0,0.3333333333333333,0.7890625,0.46867749094963074,0.46867749094963074,0.46867749094963074,128.0,0.06400000303983688
fedavg,fedavg,510|859,510|859,2,510,data_2000_5_5.5_chordal,global_val_client,val,,26,,,0.191060801923275,0.9225,0.6980000138282776,0.9136105227956749,0.9221665263175964,0.9221665263175964,0.9073455929756165,2000,,,,,,,,,,,
fedavg,fedavg,510|859,510|859,2,510,data_2000_5_5.5_chordal,global_val_client_task,val,cycle2,26,,,,,,,,,,2000,532.0,47.0,1421.0,0.0,0.918825561312608,1.0,0.957695722579956,0.957695722579956,0.957695722579956,532.0,0.26600000262260437
fedavg,fedavg,510|859,510|859,2,510,data_2000_5_5.5_chordal,global_val_client_task,val,cycle3,26,,,,,,,,,,2000,729.0,51.0,1219.0,1.0,0.9346153846153846,0.9986301369863013,0.9655629396438599,0.9655629396438599,0.9655629396438599,730.0,0.36500000953674316
fedavg,fedavg,510|859,510|859,2,510,data_2000_5_5.5_chordal,global_val_client_task,val,cycle4,26,,,,,,,,,,2000,846.0,110.0,1018.0,26.0,0.8849372384937239,0.9701834862385321,0.9256017804145813,0.9256017804145813,0.9256017804145813,872.0,0.4359999895095825
fedavg,fedavg,510|859,510|859,2,510,data_2000_5_5.5_chordal,global_val_client_task,val,cycle5,26,,,,,,,,,,2000,1007.0,164.0,783.0,46.0,0.8599487617421008,0.956315289648623,0.9055755734443665,0.9055755734443665,0.8817567825317383,1053.0,0.5264999866485596
fedavg,fedavg,510|859,510|859,2,510,data_2000_5_5.5_chordal,global_val_client_task,val,cycle6,26,,,,,,,,,,2000,984.0,192.0,686.0,138.0,0.8367346938775511,0.8770053475935828,0.8563968539237976,0.8563968539237976,0.8061105012893677,1122.0,0.5609999895095825
fedavg,fedavg,510|859,510|859,2,859,data_2000_4_1.5_chordal,global_val_client,val,,26,,,0.35095584887266157,0.9572,0.8429999947547913,0.9105351170568561,0.8194406628608704,0.8194406628608704,0.8194406628608704,2000,,,,,,,,,,,
fedavg,fedavg,510|859,510|859,2,859,data_2000_4_1.5_chordal,global_val_client_task,val,cycle2,26,,,,,,,,,,2000,862.0,4.0,1134.0,0.0,0.9953810623556582,1.0,0.9976851344108582,0.9976851344108582,0.9976851344108582,862.0,0.4309999942779541
fedavg,fedavg,510|859,510|859,2,859,data_2000_4_1.5_chordal,global_val_client_task,val,cycle3,26,,,,,,,,,,2000,690.0,15.0,1294.0,1.0,0.9787234042553191,0.9985528219971056,0.9885386824607849,0.9885386824607849,0.9885386824607849,691.0,0.34549999237060547
fedavg,fedavg,510|859,510|859,2,859,data_2000_4_1.5_chordal,global_val_client_task,val,cycle4,26,,,,,,,,,,2000,348.0,12.0,1597.0,43.0,0.9666666666666667,0.8900255754475703,0.9267642498016357,0.9267642498016357,0.9267642498016357,391.0,0.19550000131130219
fedavg,fedavg,510|859,510|859,2,859,data_2000_4_1.5_chordal,global_val_client_task,val,cycle5,26,,,,,,,,,,2000,195.0,72.0,1692.0,41.0,0.7303370786516854,0.826271186440678,0.7753479480743408,0.7753479480743408,0.7753479480743408,236.0,0.11800000071525574
fedavg,fedavg,510|859,510|859,2,859,data_2000_4_1.5_chordal,global_val_client_task,val,cycle6,26,,,,,,,,,,2000,83.0,195.0,1677.0,45.0,0.29856115107913667,0.6484375,0.4088670015335083,0.4088670015335083,0.4088670015335083,128.0,0.06400000303983688
fedavg,fedavg,510|859,510|859,2,all,all,global_val_mean,val,,26,,,0.2710083253979683,0.9398500000000001,0.7705000042915344,0.9120728199262655,0.8708035945892334,0.8708035945892334,0.8633931279182434,4000,,,,,,,,,,,
fedavg,fedavg,510|859,510|859,2,510,data_2000_5_5.5_chordal,train_epoch,train,,27,1.0,0.20016142666339876,,,,,,,,2000,,,,,,,,,,,
fedavg,fedavg,510|859,510|859,2,510,data_2000_5_5.5_chordal,val_epoch,val,,27,,,0.2155373649597168,0.9126,0.6694999933242798,0.8975621190811065,0.9081711769104004,0.9081711769104004,0.8997257351875305,2000,,,,,,,,,,,
fedavg,fedavg,510|859,510|859,2,510,data_2000_5_5.5_chordal,val_epoch_task,val,cycle2,27,,,,,,,,,,2000,528.0,26.0,1442.0,4.0,0.9530685920577617,0.9924812030075187,0.9723756909370422,0.9723756909370422,0.9723756909370422,532.0,0.26600000262260437
fedavg,fedavg,510|859,510|859,2,510,data_2000_5_5.5_chordal,val_epoch_task,val,cycle3,27,,,,,,,,,,2000,712.0,51.0,1219.0,18.0,0.9331585845347313,0.9753424657534246,0.9537842869758606,0.9537842869758606,0.9537842869758606,730.0,0.36500000953674316
fedavg,fedavg,510|859,510|859,2,510,data_2000_5_5.5_chordal,val_epoch_task,val,cycle4,27,,,,,,,,,,2000,749.0,60.0,1068.0,123.0,0.9258343634116193,0.8589449541284404,0.8911362290382385,0.8911362290382385,0.8911362290382385,872.0,0.4359999895095825
fedavg,fedavg,510|859,510|859,2,510,data_2000_5_5.5_chordal,val_epoch_task,val,cycle5,27,,,,,,,,,,2000,937.0,118.0,829.0,116.0,0.8881516587677725,0.8898385565052231,0.8889942765235901,0.8889942765235901,0.8763213753700256,1053.0,0.5264999866485596
fedavg,fedavg,510|859,510|859,2,510,data_2000_5_5.5_chordal,val_epoch_task,val,cycle6,27,,,,,,,,,,2000,903.0,139.0,739.0,219.0,0.8666026871401151,0.8048128342245989,0.8345655798912048,0.8345655798912048,0.8050109148025513,1122.0,0.5609999895095825
fedavg,fedavg,510|859,510|859,2,859,data_2000_4_1.5_chordal,train_epoch,train,,27,1.0,0.24433267796039582,,,,,,,,2000,,,,,,,,,,,
fedavg,fedavg,510|859,510|859,2,859,data_2000_4_1.5_chordal,val_epoch,val,,27,,,0.2938625591993332,0.9016,0.6970000267028809,0.8227665706051873,0.7418426871299744,0.7418426871299744,0.7418426871299744,2000,,,,,,,,,,,
fedavg,fedavg,510|859,510|859,2,859,data_2000_4_1.5_chordal,val_epoch_task,val,cycle2,27,,,,,,,,,,2000,862.0,9.0,1129.0,0.0,0.9896670493685419,1.0,0.994806706905365,0.994806706905365,0.994806706905365,862.0,0.4309999942779541
fedavg,fedavg,510|859,510|859,2,859,data_2000_4_1.5_chordal,val_epoch_task,val,cycle3,27,,,,,,,,,,2000,691.0,33.0,1276.0,0.0,0.9544198895027625,1.0,0.9766784906387329,0.9766784906387329,0.9766784906387329,691.0,0.34549999237060547
fedavg,fedavg,510|859,510|859,2,859,data_2000_4_1.5_chordal,val_epoch_task,val,cycle4,27,,,,,,,,,,2000,384.0,222.0,1387.0,7.0,0.6336633663366337,0.9820971867007673,0.7703109979629517,0.7703109979629517,0.7703109979629517,391.0,0.19550000131130219
fedavg,fedavg,510|859,510|859,2,859,data_2000_4_1.5_chordal,val_epoch_task,val,cycle5,27,,,,,,,,,,2000,228.0,298.0,1466.0,8.0,0.43346007604562736,0.9661016949152542,0.5984252095222473,0.5984252095222473,0.5984252095222473,236.0,0.11800000071525574
fedavg,fedavg,510|859,510|859,2,859,data_2000_4_1.5_chordal,val_epoch_task,val,cycle6,27,,,,,,,,,,2000,119.0,398.0,1474.0,9.0,0.23017408123791103,0.9296875,0.36899223923683167,0.36899223923683167,0.36899223923683167,128.0,0.06400000303983688
fedavg,fedavg,510|859,510|859,2,510,data_2000_5_5.5_chordal,global_val_client,val,,27,,,0.206999296605587,0.9186,0.6840000152587891,0.9116561753852833,0.9214175939559937,0.9214175939559937,0.9019393920898438,2000,,,,,,,,,,,
fedavg,fedavg,510|859,510|859,2,510,data_2000_5_5.5_chordal,global_val_client_task,val,cycle2,27,,,,,,,,,,2000,532.0,22.0,1446.0,0.0,0.9602888086642599,1.0,0.9797422289848328,0.9797422289848328,0.9797422289848328,532.0,0.26600000262260437
fedavg,fedavg,510|859,510|859,2,510,data_2000_5_5.5_chordal,global_val_client_task,val,cycle3,27,,,,,,,,,,2000,730.0,80.0,1190.0,0.0,0.9012345679012346,1.0,0.948051929473877,0.948051929473877,0.948051929473877,730.0,0.36500000953674316
fedavg,fedavg,510|859,510|859,2,510,data_2000_5_5.5_chordal,global_val_client_task,val,cycle4,27,,,,,,,,,,2000,861.0,164.0,964.0,11.0,0.84,0.9873853211009175,0.9077490568161011,0.9077490568161011,0.9077490568161011,872.0,0.4359999895095825
fedavg,fedavg,510|859,510|859,2,510,data_2000_5_5.5_chordal,global_val_client_task,val,cycle5,27,,,,,,,,,,2000,1040.0,215.0,732.0,13.0,0.8286852589641435,0.9876543209876543,0.9012132287025452,0.9012132287025452,0.8652482032775879,1053.0,0.5264999866485596
fedavg,fedavg,510|859,510|859,2,510,data_2000_5_5.5_chordal,global_val_client_task,val,cycle6,27,,,,,,,,,,2000,1037.0,224.0,654.0,85.0,0.8223632038065027,0.9242424242424242,0.8703315258026123,0.8703315258026123,0.8089053630828857,1122.0,0.5609999895095825
fedavg,fedavg,510|859,510|859,2,859,data_2000_4_1.5_chordal,global_val_client,val,,27,,,0.2666672933101654,0.9476,0.8125,0.8956590999601752,0.8116567730903625,0.8116567730903625,0.8116567730903625,2000,,,,,,,,,,,
fedavg,fedavg,510|859,510|859,2,859,data_2000_4_1.5_chordal,global_val_client_task,val,cycle2,27,,,,,,,,,,2000,862.0,5.0,1133.0,0.0,0.994232987312572,1.0,0.9971081614494324,0.9971081614494324,0.9971081614494324,862.0,0.4309999942779541
fedavg,fedavg,510|859,510|859,2,859,data_2000_4_1.5_chordal,global_val_client_task,val,cycle3,27,,,,,,,,,,2000,689.0,10.0,1299.0,2.0,0.9856938483547926,0.9971056439942113,0.9913669228553772,0.9913669228553772,0.9913669228553772,691.0,0.34549999237060547
fedavg,fedavg,510|859,510|859,2,859,data_2000_4_1.5_chordal,global_val_client_task,val,cycle4,27,,,,,,,,,,2000,377.0,48.0,1561.0,14.0,0.8870588235294118,0.9641943734015346,0.9240195751190186,0.9240195751190186,0.9240195751190186,391.0,0.19550000131130219
fedavg,fedavg,510|859,510|859,2,859,data_2000_4_1.5_chordal,global_val_client_task,val,cycle5,27,,,,,,,,,,2000,222.0,144.0,1620.0,14.0,0.6065573770491803,0.940677966101695,0.7375414967536926,0.7375414967536926,0.7375414967536926,236.0,0.11800000071525574
fedavg,fedavg,510|859,510|859,2,859,data_2000_4_1.5_chordal,global_val_client_task,val,cycle6,27,,,,,,,,,,2000,99.0,258.0,1614.0,29.0,0.2773109243697479,0.7734375,0.4082474410533905,0.4082474410533905,0.4082474410533905,128.0,0.06400000303983688
fedavg,fedavg,510|859,510|859,2,all,all,global_val_mean,val,,27,,,0.2368332949578762,0.9331,0.7482500076293945,0.9036576376727292,0.8665371835231781,0.8665371835231781,0.8567980825901031,4000,,,,,,,,,,,
fedavg,fedavg,510|859,510|859,2,510,data_2000_5_5.5_chordal,train_epoch,train,,28,1.0,0.1961039958000183,,,,,,,,2000,,,,,,,,,,,
fedavg,fedavg,510|859,510|859,2,510,data_2000_5_5.5_chordal,val_epoch,val,,28,,,0.19154246938228608,0.9253,0.7095000147819519,0.9150846879618052,0.9235914349555969,0.9235914349555969,0.9117101430892944,2000,,,,,,,,,,,
fedavg,fedavg,510|859,510|859,2,510,data_2000_5_5.5_chordal,val_epoch_task,val,cycle2,28,,,,,,,,,,2000,532.0,36.0,1432.0,0.0,0.9366197183098591,1.0,0.9672726988792419,0.9672726988792419,0.9672726988792419,532.0,0.26600000262260437
fedavg,fedavg,510|859,510|859,2,510,data_2000_5_5.5_chordal,val_epoch_task,val,cycle3,28,,,,,,,,,,2000,727.0,74.0,1196.0,3.0,0.9076154806491885,0.9958904109589041,0.9497061371803284,0.9497061371803284,0.9497061371803284,730.0,0.36500000953674316
fedavg,fedavg,510|859,510|859,2,510,data_2000_5_5.5_chordal,val_epoch_task,val,cycle4,28,,,,,,,,,,2000,818.0,58.0,1070.0,54.0,0.9337899543378996,0.9380733944954128,0.9359267354011536,0.9359267354011536,0.9359267354011536,872.0,0.4359999895095825
fedavg,fedavg,510|859,510|859,2,510,data_2000_5_5.5_chordal,val_epoch_task,val,cycle5,28,,,,,,,,,,2000,966.0,119.0,828.0,87.0,0.8903225806451613,0.9173789173789174,0.9036482572555542,0.9036482572555542,0.8893662095069885,1053.0,0.5264999866485596
fedavg,fedavg,510|859,510|859,2,510,data_2000_5_5.5_chordal,val_epoch_task,val,cycle6,28,,,,,,,,,,2000,982.0,176.0,702.0,140.0,0.8480138169257341,0.875222816399287,0.8614035248756409,0.8614035248756409,0.8162790536880493,1122.0,0.5609999895095825
fedavg,fedavg,510|859,510|859,2,859,data_2000_4_1.5_chordal,train_epoch,train,,28,1.0,0.23465968871116638,,,,,,,,2000,,,,,,,,,,,
fedavg,fedavg,510|859,510|859,2,859,data_2000_4_1.5_chordal,val_epoch,val,,28,,,0.26882611274719237,0.9268,0.753000020980835,0.8593930080676143,0.7768157720565796,0.7768157720565796,0.7768157720565796,2000,,,,,,,,,,,
fedavg,fedavg,510|859,510|859,2,859,data_2000_4_1.5_chordal,val_epoch_task,val,cycle2,28,,,,,,,,,,2000,862.0,6.0,1132.0,0.0,0.9930875576036866,1.0,0.9965317845344543,0.9965317845344543,0.9965317845344543,862.0,0.4309999942779541
fedavg,fedavg,510|859,510|859,2,859,data_2000_4_1.5_chordal,val_epoch_task,val,cycle3,28,,,,,,,,,,2000,678.0,8.0,1301.0,13.0,0.9883381924198251,0.9811866859623734,0.984749436378479,0.984749436378479,0.984749436378479,691.0,0.34549999237060547
fedavg,fedavg,510|859,510|859,2,859,data_2000_4_1.5_chordal,val_epoch_task,val,cycle4,28,,,,,,,,,,2000,368.0,48.0,1561.0,23.0,0.8846153846153846,0.9411764705882353,0.9120198488235474,0.9120198488235474,0.9120198488235474,391.0,0.19550000131130219
fedavg,fedavg,510|859,510|859,2,859,data_2000_4_1.5_chordal,val_epoch_task,val,cycle5,28,,,,,,,,,,2000,220.0,273.0,1491.0,16.0,0.4462474645030426,0.9322033898305084,0.6035665273666382,0.6035665273666382,0.6035665273666382,236.0,0.11800000071525574
fedavg,fedavg,510|859,510|859,2,859,data_2000_4_1.5_chordal,val_epoch_task,val,cycle6,28,,,,,,,,,,2000,109.0,326.0,1546.0,19.0,0.25057471264367814,0.8515625,0.3872113525867462,0.3872113525867462,0.3872113525867462,128.0,0.06400000303983688
fedavg,fedavg,510|859,510|859,2,510,data_2000_5_5.5_chordal,global_val_client,val,,28,,,0.20672057354450227,0.9187,0.6899999976158142,0.9113509977101735,0.9212577939033508,0.9212577939033508,0.900933563709259,2000,,,,,,,,,,,
fedavg,fedavg,510|859,510|859,2,510,data_2000_5_5.5_chordal,global_val_client_task,val,cycle2,28,,,,,,,,,,2000,532.0,32.0,1436.0,0.0,0.9432624113475178,1.0,0.9708029627799988,0.9708029627799988,0.9708029627799988,532.0,0.26600000262260437
fedavg,fedavg,510|859,510|859,2,510,data_2000_5_5.5_chordal,global_val_client_task,val,cycle3,28,,,,,,,,,,2000,729.0,65.0,1205.0,1.0,0.9181360201511335,0.9986301369863013,0.9566928744316101,0.9566928744316101,0.9566928744316101,730.0,0.36500000953674316
fedavg,fedavg,510|859,510|859,2,510,data_2000_5_5.5_chordal,global_val_client_task,val,cycle4,28,,,,,,,,,,2000,856.0,134.0,994.0,16.0,0.8646464646464647,0.981651376146789,0.9194414615631104,0.9194414615631104,0.9194414615631104,872.0,0.4359999895095825
fedavg,fedavg,510|859,510|859,2,510,data_2000_5_5.5_chordal,global_val_client_task,val,cycle5,28,,,,,,,,,,2000,1027.0,227.0,720.0,26.0,0.8189792663476874,0.9753086419753086,0.8903337717056274,0.8903337717056274,0.8505611419677734,1053.0,0.5264999866485596
fedavg,fedavg,510|859,510|859,2,510,data_2000_5_5.5_chordal,global_val_client_task,val,cycle6,28,,,,,,,,,,2000,1035.0,225.0,653.0,87.0,0.8214285714285714,0.9224598930481284,0.8690176606178284,0.8690176606178284,0.8071693778038025,1122.0,0.5609999895095825
fedavg,fedavg,510|859,510|859,2,859,data_2000_4_1.5_chordal,global_val_client,val,,28,,,0.27404150223731993,0.9561,0.8374999761581421,0.9097265062718487,0.8251099586486816,0.8251099586486816,0.8251099586486816,2000,,,,,,,,,,,
fedavg,fedavg,510|859,510|859,2,859,data_2000_4_1.5_chordal,global_val_client_task,val,cycle2,28,,,,,,,,,,2000,862.0,7.0,1131.0,0.0,0.9919447640966629,1.0,0.9959561228752136,0.9959561228752136,0.9959561228752136,862.0,0.4309999942779541
fedavg,fedavg,510|859,510|859,2,859,data_2000_4_1.5_chordal,global_val_client_task,val,cycle3,28,,,,,,,,,,2000,689.0,10.0,1299.0,2.0,0.9856938483547926,0.9971056439942113,0.9913669228553772,0.9913669228553772,0.9913669228553772,691.0,0.34549999237060547
fedavg,fedavg,510|859,510|859,2,859,data_2000_4_1.5_chordal,global_val_client_task,val,cycle4,28,,,,,,,,,,2000,363.0,20.0,1589.0,28.0,0.9477806788511749,0.928388746803069,0.9379844665527344,0.9379844665527344,0.9379844665527344,391.0,0.19550000131130219
fedavg,fedavg,510|859,510|859,2,859,data_2000_4_1.5_chordal,global_val_client_task,val,cycle5,28,,,,,,,,,,2000,199.0,103.0,1661.0,37.0,0.6589403973509934,0.8432203389830508,0.7397769093513489,0.7397769093513489,0.7397769093513489,236.0,0.11800000071525574
fedavg,fedavg,510|859,510|859,2,859,data_2000_4_1.5_chordal,global_val_client_task,val,cycle6,28,,,,,,,,,,2000,99.0,203.0,1669.0,29.0,0.32781456953642385,0.7734375,0.46046513319015503,0.46046513319015503,0.46046513319015503,128.0,0.06400000303983688
fedavg,fedavg,510|859,510|859,2,all,all,global_val_mean,val,,28,,,0.24038103789091111,0.9373999999999999,0.7637499868869781,0.9105387519910112,0.8731838762760162,0.8731838762760162,0.8630217611789703,4000,,,,,,,,,,,
fedavg,fedavg,510|859,510|859,2,510,data_2000_5_5.5_chordal,train_epoch,train,,29,1.0,0.2022810515165329,,,,,,,,2000,,,,,,,,,,,
fedavg,fedavg,510|859,510|859,2,510,data_2000_5_5.5_chordal,val_epoch,val,,29,,,0.18999684792757035,0.9202,0.6955000162124634,0.911901081916538,0.9218301773071289,0.9218301773071289,0.904474139213562,2000,,,,,,,,,,,
fedavg,fedavg,510|859,510|859,2,510,data_2000_5_5.5_chordal,val_epoch_task,val,cycle2,29,,,,,,,,,,2000,532.0,29.0,1439.0,0.0,0.948306595365419,1.0,0.9734675884246826,0.9734675884246826,0.9734675884246826,532.0,0.26600000262260437
fedavg,fedavg,510|859,510|859,2,510,data_2000_5_5.5_chordal,val_epoch_task,val,cycle3,29,,,,,,,,,,2000,723.0,63.0,1207.0,7.0,0.9198473282442748,0.9904109589041096,0.9538258910179138,0.9538258910179138,0.9538258910179138,730.0,0.36500000953674316
fedavg,fedavg,510|859,510|859,2,510,data_2000_5_5.5_chordal,val_epoch_task,val,cycle4,29,,,,,,,,,,2000,862.0,135.0,993.0,10.0,0.8645937813440321,0.9885321100917431,0.9224184155464172,0.9224184155464172,0.9224184155464172,872.0,0.4359999895095825
fedavg,fedavg,510|859,510|859,2,510,data_2000_5_5.5_chordal,val_epoch_task,val,cycle5,29,,,,,,,,,,2000,1002.0,166.0,781.0,51.0,0.8578767123287672,0.9515669515669516,0.9022961854934692,0.9022961854934692,0.8780213594436646,1053.0,0.5264999866485596
fedavg,fedavg,510|859,510|859,2,510,data_2000_5_5.5_chordal,val_epoch_task,val,cycle6,29,,,,,,,,,,2000,1011.0,226.0,652.0,111.0,0.8172999191592563,0.9010695187165776,0.8571428656578064,0.8571428656578064,0.7946375012397766,1122.0,0.5609999895095825
fedavg,fedavg,510|859,510|859,2,859,data_2000_4_1.5_chordal,train_epoch,train,,29,1.0,0.24254692646861076,,,,,,,,2000,,,,,,,,,,,
fedavg,fedavg,510|859,510|859,2,859,data_2000_4_1.5_chordal,val_epoch,val,,29,,,0.3525005983710289,0.9515,0.8159999847412109,0.9003083247687564,0.8122659921646118,0.8122659921646118,0.8122659921646118,2000,,,,,,,,,,,
fedavg,fedavg,510|859,510|859,2,859,data_2000_4_1.5_chordal,val_epoch_task,val,cycle2,29,,,,,,,,,,2000,862.0,6.0,1132.0,0.0,0.9930875576036866,1.0,0.9965317845344543,0.9965317845344543,0.9965317845344543,862.0,0.4309999942779541
fedavg,fedavg,510|859,510|859,2,859,data_2000_4_1.5_chordal,val_epoch_task,val,cycle3,29,,,,,,,,,,2000,689.0,26.0,1283.0,2.0,0.9636363636363636,0.9971056439942113,0.9800853729248047,0.9800853729248047,0.9800853729248047,691.0,0.34549999237060547
fedavg,fedavg,510|859,510|859,2,859,data_2000_4_1.5_chordal,val_epoch_task,val,cycle4,29,,,,,,,,,,2000,334.0,28.0,1581.0,57.0,0.9226519337016574,0.8542199488491049,0.8871182203292847,0.8871182203292847,0.8871182203292847,391.0,0.19550000131130219
fedavg,fedavg,510|859,510|859,2,859,data_2000_4_1.5_chordal,val_epoch_task,val,cycle5,29,,,,,,,,,,2000,214.0,152.0,1612.0,22.0,0.5846994535519126,0.9067796610169492,0.7109634280204773,0.7109634280204773,0.7109634280204773,236.0,0.11800000071525574
fedavg,fedavg,510|859,510|859,2,859,data_2000_4_1.5_chordal,val_epoch_task,val,cycle6,29,,,,,,,,,,2000,91.0,155.0,1717.0,37.0,0.3699186991869919,0.7109375,0.48663100600242615,0.48663100600242615,0.48663100600242615,128.0,0.06400000303983688
fedavg,fedavg,510|859,510|859,2,510,data_2000_5_5.5_chordal,global_val_client,val,,29,,,0.2104608372449875,0.9192,0.6930000185966492,0.912040060962334,0.9219616651535034,0.9219616651535034,0.9018982648849487,2000,,,,,,,,,,,
fedavg,fedavg,510|859,510|859,2,510,data_2000_5_5.5_chordal,global_val_client_task,val,cycle2,29,,,,,,,,,,2000,532.0,33.0,1435.0,0.0,0.9415929203539823,1.0,0.9699179530143738,0.9699179530143738,0.9699179530143738,532.0,0.26600000262260437
fedavg,fedavg,510|859,510|859,2,510,data_2000_5_5.5_chordal,global_val_client_task,val,cycle3,29,,,,,,,,,,2000,730.0,56.0,1214.0,0.0,0.9287531806615776,1.0,0.963060736656189,0.963060736656189,0.963060736656189,730.0,0.36500000953674316
fedavg,fedavg,510|859,510|859,2,510,data_2000_5_5.5_chordal,global_val_client_task,val,cycle4,29,,,,,,,,,,2000,861.0,153.0,975.0,11.0,0.849112426035503,0.9873853211009175,0.9130434989929199,0.9130434989929199,0.9130434989929199,872.0,0.4359999895095825
fedavg,fedavg,510|859,510|859,2,510,data_2000_5_5.5_chordal,global_val_client_task,val,cycle5,29,,,,,,,,,,2000,1041.0,214.0,733.0,12.0,0.8294820717131474,0.9886039886039886,0.902079701423645,0.902079701423645,0.8664302229881287,1053.0,0.5264999866485596
fedavg,fedavg,510|859,510|859,2,510,data_2000_5_5.5_chordal,global_val_client_task,val,cycle6,29,,,,,,,,,,2000,1025.0,232.0,646.0,97.0,0.8154335719968179,0.9135472370766489,0.8617066144943237,0.8617066144943237,0.7970388531684875,1122.0,0.5609999895095825
fedavg,fedavg,510|859,510|859,2,859,data_2000_4_1.5_chordal,global_val_client,val,,29,,,0.2535975847244263,0.9503,0.8209999799728394,0.9005403241945167,0.8184823989868164,0.8184823989868164,0.8184823989868164,2000,,,,,,,,,,,
fedavg,fedavg,510|859,510|859,2,859,data_2000_4_1.5_chordal,global_val_client_task,val,cycle2,29,,,,,,,,,,2000,862.0,6.0,1132.0,0.0,0.9930875576036866,1.0,0.9965317845344543,0.9965317845344543,0.9965317845344543,862.0,0.4309999942779541
fedavg,fedavg,510|859,510|859,2,859,data_2000_4_1.5_chordal,global_val_client_task,val,cycle3,29,,,,,,,,,,2000,690.0,13.0,1296.0,1.0,0.9815078236130867,0.9985528219971056,0.9899569749832153,0.9899569749832153,0.9899569749832153,691.0,0.34549999237060547
fedavg,fedavg,510|859,510|859,2,859,data_2000_4_1.5_chordal,global_val_client_task,val,cycle4,29,,,,,,,,,,2000,376.0,35.0,1574.0,15.0,0.9148418491484185,0.9616368286445013,0.9376558661460876,0.9376558661460876,0.9376558661460876,391.0,0.19550000131130219
fedavg,fedavg,510|859,510|859,2,859,data_2000_4_1.5_chordal,global_val_client_task,val,cycle5,29,,,,,,,,,,2000,219.0,142.0,1622.0,17.0,0.6066481994459834,0.9279661016949152,0.7336683869361877,0.7336683869361877,0.7336683869361877,236.0,0.11800000071525574
fedavg,fedavg,510|859,510|859,2,859,data_2000_4_1.5_chordal,global_val_client_task,val,cycle6,29,,,,,,,,,,2000,103.0,243.0,1629.0,25.0,0.2976878612716763,0.8046875,0.4345991611480713,0.4345991611480713,0.4345991611480713,128.0,0.06400000303983688
fedavg,fedavg,510|859,510|859,2,all,all,global_val_mean,val,,29,,,0.23202921098470689,0.93475,0.7569999992847443,0.9062901925784254,0.8702220320701599,0.8702220320701599,0.8601903319358826,4000,,,,,,,,,,,
fedavg,fedavg,510|859,510|859,2,510,data_2000_5_5.5_chordal,train_epoch,train,,30,1.0,0.19874917715787888,,,,,,,,2000,,,,,,,,,,,
fedavg,fedavg,510|859,510|859,2,510,data_2000_5_5.5_chordal,val_epoch,val,,30,,,0.23068723040819167,0.9105,0.6629999876022339,0.8947925238039263,0.9048833847045898,0.9048833847045898,0.8983796834945679,2000,,,,,,,,,,,
fedavg,fedavg,510|859,510|859,2,510,data_2000_5_5.5_chordal,val_epoch_task,val,cycle2,30,,,,,,,,,,2000,523.0,28.0,1440.0,9.0,0.9491833030852994,0.9830827067669173,0.9658356308937073,0.9658356308937073,0.9658356308937073,532.0,0.26600000262260437
fedavg,fedavg,510|859,510|859,2,510,data_2000_5_5.5_chordal,val_epoch_task,val,cycle3,30,,,,,,,,,,2000,682.0,50.0,1220.0,48.0,0.9316939890710383,0.9342465753424658,0.9329684972763062,0.9329684972763062,0.9329684972763062,730.0,0.36500000953674316
fedavg,fedavg,510|859,510|859,2,510,data_2000_5_5.5_chordal,val_epoch_task,val,cycle4,30,,,,,,,,,,2000,821.0,92.0,1036.0,51.0,0.8992332968236583,0.9415137614678899,0.919887900352478,0.919887900352478,0.919887900352478,872.0,0.4359999895095825
fedavg,fedavg,510|859,510|859,2,510,data_2000_5_5.5_chordal,val_epoch_task,val,cycle5,30,,,,,,,,,,2000,847.0,64.0,883.0,206.0,0.9297475301866082,0.8043684710351378,0.8625254034996033,0.8625254034996033,0.867387056350708,1053.0,0.5264999866485596
fedavg,fedavg,510|859,510|859,2,510,data_2000_5_5.5_chordal,val_epoch_task,val,cycle6,30,,,,,,,,,,2000,933.0,158.0,720.0,189.0,0.8551787351054079,0.8315508021390374,0.8431993126869202,0.8431993126869202,0.8058198094367981,1122.0,0.5609999895095825
fedavg,fedavg,510|859,510|859,2,859,data_2000_4_1.5_chordal,train_epoch,train,,30,1.0,0.25945495915412903,,,,,,,,2000,,,,,,,,,,,
fedavg,fedavg,510|859,510|859,2,859,data_2000_4_1.5_chordal,val_epoch,val,,30,,,0.4637088553905487,0.8301,0.5924999713897705,0.7301032565528196,0.670590877532959,0.670590877532959,0.670590877532959,2000,,,,,,,,,,,
fedavg,fedavg,510|859,510|859,2,859,data_2000_4_1.5_chordal,val_epoch_task,val,cycle2,30,,,,,,,,,,2000,859.0,9.0,1129.0,3.0,0.9896313364055299,0.9965197215777262,0.9930635690689087,0.9930635690689087,0.9930635690689087,862.0,0.4309999942779541
fedavg,fedavg,510|859,510|859,2,859,data_2000_4_1.5_chordal,val_epoch_task,val,cycle3,30,,,,,,,,,,2000,689.0,73.0,1236.0,2.0,0.9041994750656168,0.9971056439942113,0.9483826160430908,0.9483826160430908,0.9483826160430908,691.0,0.34549999237060547
fedavg,fedavg,510|859,510|859,2,859,data_2000_4_1.5_chordal,val_epoch_task,val,cycle4,30,,,,,,,,,,2000,390.0,332.0,1277.0,1.0,0.5401662049861495,0.9974424552429667,0.7008087038993835,0.7008087038993835,0.7008087038993835,391.0,0.19550000131130219
fedavg,fedavg,510|859,510|859,2,859,data_2000_4_1.5_chordal,val_epoch_task,val,cycle5,30,,,,,,,,,,2000,236.0,579.0,1185.0,0.0,0.28957055214723926,1.0,0.44909608364105225,0.44909608364105225,0.44909608364105225,236.0,0.11800000071525574
fedavg,fedavg,510|859,510|859,2,859,data_2000_4_1.5_chordal,val_epoch_task,val,cycle6,30,,,,,,,,,,2000,124.0,696.0,1176.0,4.0,0.15121951219512195,0.96875,0.26160338521003723,0.26160338521003723,0.26160338521003723,128.0,0.06400000303983688
fedavg,fedavg,510|859,510|859,2,510,data_2000_5_5.5_chordal,global_val_client,val,,30,,,0.2243911222219467,0.9108,0.6629999876022339,0.905146746065504,0.9155333638191223,0.9155333638191223,0.8894001245498657,2000,,,,,,,,,,,
fedavg,fedavg,510|859,510|859,2,510,data_2000_5_5.5_chordal,global_val_client_task,val,cycle2,30,,,,,,,,,,2000,532.0,28.0,1440.0,0.0,0.95,1.0,0.9743589162826538,0.9743589162826538,0.9743589162826538,532.0,0.26600000262260437
fedavg,fedavg,510|859,510|859,2,510,data_2000_5_5.5_chordal,global_val_client_task,val,cycle3,30,,,,,,,,,,2000,728.0,78.0,1192.0,2.0,0.9032258064516129,0.9972602739726028,0.9479166865348816,0.9479166865348816,0.9479166865348816,730.0,0.36500000953674316
fedavg,fedavg,510|859,510|859,2,510,data_2000_5_5.5_chordal,global_val_client_task,val,cycle4,30,,,,,,,,,,2000,864.0,196.0,932.0,8.0,0.8150943396226416,0.9908256880733946,0.8944098949432373,0.8944098949432373,0.8944098949432373,872.0,0.4359999895095825
fedavg,fedavg,510|859,510|859,2,510,data_2000_5_5.5_chordal,global_val_client_task,val,cycle5,30,,,,,,,,,,2000,1047.0,256.0,691.0,6.0,0.8035303146584805,0.9943019943019943,0.8887946009635925,0.8887946009635925,0.8406326174736023,1053.0,0.5264999866485596
fedavg,fedavg,510|859,510|859,2,510,data_2000_5_5.5_chordal,global_val_client_task,val,cycle6,30,,,,,,,,,,2000,1085.0,281.0,597.0,37.0,0.794289897510981,0.9670231729055259,0.8721864819526672,0.8721864819526672,0.7896825075149536,1122.0,0.5609999895095825
fedavg,fedavg,510|859,510|859,2,859,data_2000_4_1.5_chordal,global_val_client,val,,30,,,0.2409071159362793,0.9428,0.8059999942779541,0.8878871030968248,0.8083204030990601,0.8083204030990601,0.8083204030990601,2000,,,,,,,,,,,
fedavg,fedavg,510|859,510|859,2,859,data_2000_4_1.5_chordal,global_val_client_task,val,cycle2,30,,,,,,,,,,2000,862.0,3.0,1135.0,0.0,0.9965317919075144,1.0,0.998262882232666,0.998262882232666,0.998262882232666,862.0,0.4309999942779541
fedavg,fedavg,510|859,510|859,2,859,data_2000_4_1.5_chordal,global_val_client_task,val,cycle3,30,,,,,,,,,,2000,689.0,11.0,1298.0,2.0,0.9842857142857143,0.9971056439942113,0.9906541705131531,0.9906541705131531,0.9906541705131531,691.0,0.34549999237060547
fedavg,fedavg,510|859,510|859,2,859,data_2000_4_1.5_chordal,global_val_client_task,val,cycle4,30,,,,,,,,,,2000,379.0,45.0,1564.0,12.0,0.8938679245283019,0.969309462915601,0.930061399936676,0.930061399936676,0.930061399936676,391.0,0.19550000131130219
fedavg,fedavg,510|859,510|859,2,859,data_2000_4_1.5_chordal,global_val_client_task,val,cycle5,30,,,,,,,,,,2000,224.0,171.0,1593.0,12.0,0.5670886075949367,0.9491525423728814,0.7099841833114624,0.7099841833114624,0.7099841833114624,236.0,0.11800000071525574
fedavg,fedavg,510|859,510|859,2,859,data_2000_4_1.5_chordal,global_val_client_task,val,cycle6,30,,,,,,,,,,2000,111.0,299.0,1573.0,17.0,0.2707317073170732,0.8671875,0.41263940930366516,0.41263940930366516,0.41263940930366516,128.0,0.06400000303983688
fedavg,fedavg,510|859,510|859,2,all,all,global_val_mean,val,,30,,,0.232649119079113,0.9268,0.734499990940094,0.8965169245811644,0.8619268834590912,0.8619268834590912,0.8488602638244629,4000,,,,,,,,,,,
fedavg,fedavg,510|859,510|859,2,510,data_2000_5_5.5_chordal,train_epoch,train,,31,1.0,0.18950758951902388,,,,,,,,2000,,,,,,,,,,,
fedavg,fedavg,510|859,510|859,2,510,data_2000_5_5.5_chordal,val_epoch,val,,31,,,0.19527692341804503,0.9174,0.6825000047683716,0.9033013345820651,0.9130853414535522,0.9130853414535522,0.9079387784004211,2000,,,,,,,,,,,
fedavg,fedavg,510|859,510|859,2,510,data_2000_5_5.5_chordal,val_epoch_task,val,cycle2,31,,,,,,,,,,2000,523.0,26.0,1442.0,9.0,0.9526411657559198,0.9830827067669173,0.9676226377487183,0.9676226377487183,0.9676226377487183,532.0,0.26600000262260437
fedavg,fedavg,510|859,510|859,2,510,data_2000_5_5.5_chordal,val_epoch_task,val,cycle3,31,,,,,,,,,,2000,725.0,75.0,1195.0,5.0,0.90625,0.9931506849315068,0.9477124214172363,0.9477124214172363,0.9477124214172363,730.0,0.36500000953674316
fedavg,fedavg,510|859,510|859,2,510,data_2000_5_5.5_chordal,val_epoch_task,val,cycle4,31,,,,,,,,,,2000,847.0,79.0,1049.0,25.0,0.9146868250539957,0.9713302752293578,0.9421579241752625,0.9421579241752625,0.9421579241752625,872.0,0.4359999895095825
fedavg,fedavg,510|859,510|859,2,510,data_2000_5_5.5_chordal,val_epoch_task,val,cycle5,31,,,,,,,,,,2000,851.0,53.0,894.0,202.0,0.9413716814159292,0.8081671415004749,0.8696985244750977,0.8696985244750977,0.8751835823059082,1053.0,0.5264999866485596
fedavg,fedavg,510|859,510|859,2,510,data_2000_5_5.5_chordal,val_epoch_task,val,cycle6,31,,,,,,,,,,2000,912.0,142.0,736.0,210.0,0.8652751423149905,0.8128342245989305,0.8382352590560913,0.8382352590560913,0.8070175647735596,1122.0,0.5609999895095825
fedavg,fedavg,510|859,510|859,2,859,data_2000_4_1.5_chordal,train_epoch,train,,31,1.0,0.24419710898399352,,,,,,,,2000,,,,,,,,,,,
fedavg,fedavg,510|859,510|859,2,859,data_2000_4_1.5_chordal,val_epoch,val,,31,,,0.2574710330963135,0.9373,0.7935000061988831,0.8782760629004076,0.7952112555503845,0.7952112555503845,0.7952112555503845,2000,,,,,,,,,,,
fedavg,fedavg,510|859,510|859,2,859,data_2000_4_1.5_chordal,val_epoch_task,val,cycle2,31,,,,,,,,,,2000,862.0,8.0,1130.0,0.0,0.9908045977011494,1.0,0.9953810572624207,0.9953810572624207,0.9953810572624207,862.0,0.4309999942779541
fedavg,fedavg,510|859,510|859,2,859,data_2000_4_1.5_chordal,val_epoch_task,val,cycle3,31,,,,,,,,,,2000,691.0,21.0,1288.0,0.0,0.9705056179775281,1.0,0.9850320816040039,0.9850320816040039,0.9850320816040039,691.0,0.34549999237060547
fedavg,fedavg,510|859,510|859,2,859,data_2000_4_1.5_chordal,val_epoch_task,val,cycle4,31,,,,,,,,,,2000,382.0,125.0,1484.0,9.0,0.7534516765285996,0.9769820971867008,0.8507795333862305,0.8507795333862305,0.8507795333862305,391.0,0.19550000131130219
fedavg,fedavg,510|859,510|859,2,859,data_2000_4_1.5_chordal,val_epoch_task,val,cycle5,31,,,,,,,,,,2000,217.0,156.0,1608.0,19.0,0.5817694369973191,0.9194915254237288,0.7126436829566956,0.7126436829566956,0.7126436829566956,236.0,0.11800000071525574
fedavg,fedavg,510|859,510|859,2,859,data_2000_4_1.5_chordal,val_epoch_task,val,cycle6,31,,,,,,,,,,2000,110.0,271.0,1601.0,18.0,0.2887139107611549,0.859375,0.4322200119495392,0.4322200119495392,0.4322200119495392,128.0,0.06400000303983688
fedavg,fedavg,510|859,510|859,2,510,data_2000_5_5.5_chordal,global_val_client,val,,31,,,0.19288265377283095,0.9256,0.6990000009536743,0.9179532421702692,0.9264475107192993,0.9264475107192993,0.9121127128601074,2000,,,,,,,,,,,
fedavg,fedavg,510|859,510|859,2,510,data_2000_5_5.5_chordal,global_val_client_task,val,cycle2,31,,,,,,,,,,2000,532.0,23.0,1445.0,0.0,0.9585585585585585,1.0,0.9788408279418945,0.9788408279418945,0.9788408279418945,532.0,0.26600000262260437
fedavg,fedavg,510|859,510|859,2,510,data_2000_5_5.5_chordal,global_val_client_task,val,cycle3,31,,,,,,,,,,2000,729.0,76.0,1194.0,1.0,0.9055900621118013,0.9986301369863013,0.9498371481895447,0.9498371481895447,0.9498371481895447,730.0,0.36500000953674316
fedavg,fedavg,510|859,510|859,2,510,data_2000_5_5.5_chordal,global_val_client_task,val,cycle4,31,,,,,,,,,,2000,862.0,161.0,967.0,10.0,0.8426197458455523,0.9885321100917431,0.9097625613212585,0.9097625613212585,0.9097625613212585,872.0,0.4359999895095825
fedavg,fedavg,510|859,510|859,2,510,data_2000_5_5.5_chordal,global_val_client_task,val,cycle5,31,,,,,,,,,,2000,1023.0,134.0,813.0,30.0,0.8841832324978393,0.9715099715099715,0.92579185962677,0.92579185962677,0.908379852771759,1053.0,0.5264999866485596
fedavg,fedavg,510|859,510|859,2,510,data_2000_5_5.5_chordal,global_val_client_task,val,cycle6,31,,,,,,,,,,2000,1016.0,203.0,675.0,106.0,0.8334700574241182,0.9055258467023173,0.868005096912384,0.868005096912384,0.8137432336807251,1122.0,0.5609999895095825
fedavg,fedavg,510|859,510|859,2,859,data_2000_4_1.5_chordal,global_val_client,val,,31,,,0.3003595654964447,0.9591,0.8450000286102295,0.9153734740326919,0.8310697674751282,0.8310697674751282,0.8310697674751282,2000,,,,,,,,,,,
fedavg,fedavg,510|859,510|859,2,859,data_2000_4_1.5_chordal,global_val_client_task,val,cycle2,31,,,,,,,,,,2000,862.0,7.0,1131.0,0.0,0.9919447640966629,1.0,0.9959561228752136,0.9959561228752136,0.9959561228752136,862.0,0.4309999942779541
fedavg,fedavg,510|859,510|859,2,859,data_2000_4_1.5_chordal,global_val_client_task,val,cycle3,31,,,,,,,,,,2000,691.0,8.0,1301.0,0.0,0.9885550786838341,1.0,0.9942445755004883,0.9942445755004883,0.9942445755004883,691.0,0.34549999237060547
fedavg,fedavg,510|859,510|859,2,859,data_2000_4_1.5_chordal,global_val_client_task,val,cycle4,31,,,,,,,,,,2000,371.0,36.0,1573.0,20.0,0.9115479115479116,0.948849104859335,0.9298245310783386,0.9298245310783386,0.9298245310783386,391.0,0.19550000131130219
fedavg,fedavg,510|859,510|859,2,859,data_2000_4_1.5_chordal,global_val_client_task,val,cycle5,31,,,,,,,,,,2000,193.0,62.0,1702.0,43.0,0.7568627450980392,0.8177966101694916,0.7861506938934326,0.7861506938934326,0.7861506938934326,236.0,0.11800000071525574
fedavg,fedavg,510|859,510|859,2,859,data_2000_4_1.5_chordal,global_val_client_task,val,cycle6,31,,,,,,,,,,2000,95.0,200.0,1672.0,33.0,0.3220338983050847,0.7421875,0.44917261600494385,0.44917261600494385,0.44917261600494385,128.0,0.06400000303983688
fedavg,fedavg,510|859,510|859,2,all,all,global_val_mean,val,,31,,,0.24662110963463782,0.9423499999999999,0.7720000147819519,0.9166633581014805,0.8787586390972137,0.8787586390972137,0.8715912401676178,4000,,,,,,,,,,,
fedavg,fedavg,510|859,510|859,2,510,data_2000_5_5.5_chordal,train_epoch,train,,32,1.0,0.19281506443023683,,,,,,,,2000,,,,,,,,,,,
fedavg,fedavg,510|859,510|859,2,510,data_2000_5_5.5_chordal,val_epoch,val,,32,,,0.18790230441093445,0.9298,0.7105000019073486,0.9206061976928297,0.9302161931991577,0.9302161931991577,0.9169147610664368,2000,,,,,,,,,,,
fedavg,fedavg,510|859,510|859,2,510,data_2000_5_5.5_chordal,val_epoch_task,val,cycle2,32,,,,,,,,,,2000,521.0,14.0,1454.0,11.0,0.9738317757009346,0.9793233082706767,0.9765698909759521,0.9765698909759521,0.9765698909759521,532.0,0.26600000262260437
fedavg,fedavg,510|859,510|859,2,510,data_2000_5_5.5_chordal,val_epoch_task,val,cycle3,32,,,,,,,,,,2000,719.0,46.0,1224.0,11.0,0.9398692810457516,0.9849315068493151,0.9618728756904602,0.9618728756904602,0.9618728756904602,730.0,0.36500000953674316
fedavg,fedavg,510|859,510|859,2,510,data_2000_5_5.5_chordal,val_epoch_task,val,cycle4,32,,,,,,,,,,2000,846.0,87.0,1041.0,26.0,0.9067524115755627,0.9701834862385321,0.9373961091041565,0.9373961091041565,0.9373961091041565,872.0,0.4359999895095825
fedavg,fedavg,510|859,510|859,2,510,data_2000_5_5.5_chordal,val_epoch_task,val,cycle5,32,,,,,,,,,,2000,1001.0,121.0,826.0,52.0,0.8921568627450981,0.9506172839506173,0.9204597473144531,0.9204597473144531,0.905205488204956,1053.0,0.5264999866485596
fedavg,fedavg,510|859,510|859,2,510,data_2000_5_5.5_chordal,val_epoch_task,val,cycle6,32,,,,,,,,,,2000,983.0,195.0,683.0,139.0,0.83446519524618,0.8761140819964349,0.8547826409339905,0.8547826409339905,0.8035294413566589,1122.0,0.5609999895095825
fedavg,fedavg,510|859,510|859,2,859,data_2000_4_1.5_chordal,train_epoch,train,,32,1.0,0.23471129113435746,,,,,,,,2000,,,,,,,,,,,
fedavg,fedavg,510|859,510|859,2,859,data_2000_4_1.5_chordal,val_epoch,val,,32,,,0.2549409770965576,0.9259,0.7705000042915344,0.8591522524234936,0.77920001745224,0.77920001745224,0.77920001745224,2000,,,,,,,,,,,
fedavg,fedavg,510|859,510|859,2,859,data_2000_4_1.5_chordal,val_epoch_task,val,cycle2,32,,,,,,,,,,2000,853.0,9.0,1129.0,9.0,0.9895591647331786,0.9895591647331786,0.9895591735839844,0.9895591735839844,0.9895591735839844,862.0,0.4309999942779541
fedavg,fedavg,510|859,510|859,2,859,data_2000_4_1.5_chordal,val_epoch_task,val,cycle3,32,,,,,,,,,,2000,691.0,27.0,1282.0,0.0,0.9623955431754875,1.0,0.9808374643325806,0.9808374643325806,0.9808374643325806,691.0,0.34549999237060547
fedavg,fedavg,510|859,510|859,2,859,data_2000_4_1.5_chordal,val_epoch_task,val,cycle4,32,,,,,,,,,,2000,374.0,78.0,1531.0,17.0,0.827433628318584,0.9565217391304348,0.8873072266578674,0.8873072266578674,0.8873072266578674,391.0,0.19550000131130219
fedavg,fedavg,510|859,510|859,2,859,data_2000_4_1.5_chordal,val_epoch_task,val,cycle5,32,,,,,,,,,,2000,227.0,253.0,1511.0,9.0,0.47291666666666665,0.961864406779661,0.6340782046318054,0.6340782046318054,0.6340782046318054,236.0,0.11800000071525574
fedavg,fedavg,510|859,510|859,2,859,data_2000_4_1.5_chordal,val_epoch_task,val,cycle6,32,,,,,,,,,,2000,115.0,326.0,1546.0,13.0,0.26077097505668934,0.8984375,0.4042178988456726,0.4042178988456726,0.4042178988456726,128.0,0.06400000303983688
fedavg,fedavg,510|859,510|859,2,510,data_2000_5_5.5_chordal,global_val_client,val,,32,,,0.2047436475753784,0.9206,0.6899999976158142,0.913601741022851,0.9234970211982727,0.9234970211982727,0.9022599458694458,2000,,,,,,,,,,,
fedavg,fedavg,510|859,510|859,2,510,data_2000_5_5.5_chordal,global_val_client_task,val,cycle2,32,,,,,,,,,,2000,530.0,31.0,1437.0,2.0,0.9447415329768271,0.9962406015037594,0.9698079228401184,0.9698079228401184,0.9698079228401184,532.0,0.26600000262260437
fedavg,fedavg,510|859,510|859,2,510,data_2000_5_5.5_chordal,global_val_client_task,val,cycle3,32,,,,,,,,,,2000,730.0,57.0,1213.0,0.0,0.9275730622617535,1.0,0.9624258279800415,0.9624258279800415,0.9624258279800415,730.0,0.36500000953674316
fedavg,fedavg,510|859,510|859,2,510,data_2000_5_5.5_chordal,global_val_client_task,val,cycle4,32,,,,,,,,,,2000,852.0,128.0,1000.0,20.0,0.8693877551020408,0.9770642201834863,0.9200863242149353,0.9200863242149353,0.9200863242149353,872.0,0.4359999895095825
fedavg,fedavg,510|859,510|859,2,510,data_2000_5_5.5_chordal,global_val_client_task,val,cycle5,32,,,,,,,,,,2000,1035.0,232.0,715.0,18.0,0.8168902920284136,0.9829059829059829,0.892241358757019,0.892241358757019,0.8511905074119568,1053.0,0.5264999866485596
fedavg,fedavg,510|859,510|859,2,510,data_2000_5_5.5_chordal,global_val_client_task,val,cycle6,32,,,,,,,,,,2000,1051.0,235.0,643.0,71.0,0.8172628304821151,0.9367201426024956,0.8729235529899597,0.8729235529899597,0.8077889084815979,1122.0,0.5609999895095825
fedavg,fedavg,510|859,510|859,2,859,data_2000_4_1.5_chordal,global_val_client,val,,32,,,0.24757928884029387,0.9515,0.8259999752044678,0.9025908817031533,0.8185299634933472,0.8185299634933472,0.8185299634933472,2000,,,,,,,,,,,
fedavg,fedavg,510|859,510|859,2,859,data_2000_4_1.5_chordal,global_val_client_task,val,cycle2,32,,,,,,,,,,2000,861.0,0.0,1138.0,1.0,1.0,0.9988399071925754,0.999419629573822,0.999419629573822,0.999419629573822,862.0,0.4309999942779541
fedavg,fedavg,510|859,510|859,2,859,data_2000_4_1.5_chordal,global_val_client_task,val,cycle3,32,,,,,,,,,,2000,691.0,9.0,1300.0,0.0,0.9871428571428571,1.0,0.9935298562049866,0.9935298562049866,0.9935298562049866,691.0,0.34549999237060547
fedavg,fedavg,510|859,510|859,2,859,data_2000_4_1.5_chordal,global_val_client_task,val,cycle4,32,,,,,,,,,,2000,382.0,34.0,1575.0,9.0,0.9182692307692307,0.9769820971867008,0.9467162489891052,0.9467162489891052,0.9467162489891052,391.0,0.19550000131130219
fedavg,fedavg,510|859,510|859,2,859,data_2000_4_1.5_chordal,global_val_client_task,val,cycle5,32,,,,,,,,,,2000,214.0,128.0,1636.0,22.0,0.6257309941520468,0.9067796610169492,0.740484356880188,0.740484356880188,0.740484356880188,236.0,0.11800000071525574
fedavg,fedavg,510|859,510|859,2,859,data_2000_4_1.5_chordal,global_val_client_task,val,cycle6,32,,,,,,,,,,2000,99.0,253.0,1619.0,29.0,0.28125,0.7734375,0.4124999940395355,0.4124999940395355,0.4124999940395355,128.0,0.06400000303983688
fedavg,fedavg,510|859,510|859,2,all,all,global_val_mean,val,,32,,,0.22616146820783614,0.9360499999999999,0.757999986410141,0.9080963113630021,0.8710134923458099,0.8710134923458099,0.8603949546813965,4000,,,,,,,,,,,
fedavg,fedavg,510|859,510|859,2,510,data_2000_5_5.5_chordal,train_epoch,train,,33,1.0,0.18734717935323716,,,,,,,,2000,,,,,,,,,,,
fedavg,fedavg,510|859,510|859,2,510,data_2000_5_5.5_chordal,val_epoch,val,,33,,,0.1979370959997177,0.9196,0.6855000257492065,0.9113365681517425,0.9214919805526733,0.9214919805526733,0.9039878845214844,2000,,,,,,,,,,,
fedavg,fedavg,510|859,510|859,2,510,data_2000_5_5.5_chordal,val_epoch_task,val,cycle2,33,,,,,,,,,,2000,532.0,24.0,1444.0,0.0,0.9568345323741008,1.0,0.9779412150382996,0.9779412150382996,0.9779412150382996,532.0,0.26600000262260437
fedavg,fedavg,510|859,510|859,2,510,data_2000_5_5.5_chordal,val_epoch_task,val,cycle3,33,,,,,,,,,,2000,727.0,76.0,1194.0,3.0,0.9053549190535491,0.9958904109589041,0.9484670162200928,0.9484670162200928,0.9484670162200928,730.0,0.36500000953674316
fedavg,fedavg,510|859,510|859,2,510,data_2000_5_5.5_chordal,val_epoch_task,val,cycle4,33,,,,,,,,,,2000,861.0,135.0,993.0,11.0,0.8644578313253012,0.9873853211009175,0.921841561794281,0.921841561794281,0.921841561794281,872.0,0.4359999895095825
fedavg,fedavg,510|859,510|859,2,510,data_2000_5_5.5_chordal,val_epoch_task,val,cycle5,33,,,,,,,,,,2000,1006.0,161.0,786.0,47.0,0.8620394173093402,0.9553656220322887,0.9063063859939575,0.9063063859939575,0.8831460475921631,1053.0,0.5264999866485596
fedavg,fedavg,510|859,510|859,2,510,data_2000_5_5.5_chordal,val_epoch_task,val,cycle6,33,,,,,,,,,,2000,1006.0,231.0,647.0,116.0,0.8132578819725141,0.8966131907308378,0.8529037237167358,0.8529037237167358,0.7885435819625854,1122.0,0.5609999895095825
fedavg,fedavg,510|859,510|859,2,859,data_2000_4_1.5_chordal,train_epoch,train,,33,1.0,0.23303602540493012,,,,,,,,2000,,,,,,,,,,,
fedavg,fedavg,510|859,510|859,2,859,data_2000_4_1.5_chordal,val_epoch,val,,33,,,0.2922369596362114,0.9584,0.8460000157356262,0.9140850888062784,0.831661581993103,0.831661581993103,0.831661581993103,2000,,,,,,,,,,,
fedavg,fedavg,510|859,510|859,2,859,data_2000_4_1.5_chordal,val_epoch_task,val,cycle2,33,,,,,,,,,,2000,856.0,7.0,1131.0,6.0,0.9918887601390498,0.9930394431554525,0.9924637675285339,0.9924637675285339,0.9924637675285339,862.0,0.4309999942779541
fedavg,fedavg,510|859,510|859,2,859,data_2000_4_1.5_chordal,val_epoch_task,val,cycle3,33,,,,,,,,,,2000,687.0,9.0,1300.0,4.0,0.9870689655172413,0.9942112879884226,0.9906272292137146,0.9906272292137146,0.9906272292137146,691.0,0.34549999237060547
fedavg,fedavg,510|859,510|859,2,859,data_2000_4_1.5_chordal,val_epoch_task,val,cycle4,33,,,,,,,,,,2000,378.0,38.0,1571.0,13.0,0.9086538461538461,0.9667519181585678,0.9368029832839966,0.9368029832839966,0.9368029832839966,391.0,0.19550000131130219
fedavg,fedavg,510|859,510|859,2,859,data_2000_4_1.5_chordal,val_epoch_task,val,cycle5,33,,,,,,,,,,2000,191.0,82.0,1682.0,45.0,0.6996336996336996,0.809322033898305,0.750491201877594,0.750491201877594,0.750491201877594,236.0,0.11800000071525574
fedavg,fedavg,510|859,510|859,2,859,data_2000_4_1.5_chordal,val_epoch_task,val,cycle6,33,,,,,,,,,,2000,101.0,185.0,1687.0,27.0,0.3531468531468531,0.7890625,0.487922728061676,0.487922728061676,0.487922728061676,128.0,0.06400000303983688
fedavg,fedavg,510|859,510|859,2,510,data_2000_5_5.5_chordal,global_val_client,val,,33,,,0.20905275464057924,0.9221,0.703499972820282,0.9149470466208102,0.9233872294425964,0.9233872294425964,0.906315803527832,2000,,,,,,,,,,,
fedavg,fedavg,510|859,510|859,2,510,data_2000_5_5.5_chordal,global_val_client_task,val,cycle2,33,,,,,,,,,,2000,532.0,27.0,1441.0,0.0,0.9516994633273703,1.0,0.9752520322799683,0.9752520322799683,0.9752520322799683,532.0,0.26600000262260437
fedavg,fedavg,510|859,510|859,2,510,data_2000_5_5.5_chordal,global_val_client_task,val,cycle3,33,,,,,,,,,,2000,729.0,86.0,1184.0,1.0,0.894478527607362,0.9986301369863013,0.9436893463134766,0.9436893463134766,0.9436893463134766,730.0,0.36500000953674316
fedavg,fedavg,510|859,510|859,2,510,data_2000_5_5.5_chordal,global_val_client_task,val,cycle4,33,,,,,,,,,,2000,862.0,155.0,973.0,10.0,0.8475909537856441,0.9885321100917431,0.9126521944999695,0.9126521944999695,0.9126521944999695,872.0,0.4359999895095825
fedavg,fedavg,510|859,510|859,2,510,data_2000_5_5.5_chordal,global_val_client_task,val,cycle5,33,,,,,,,,,,2000,1028.0,171.0,776.0,25.0,0.8573811509591326,0.976258309591643,0.9129663109779358,0.9129663109779358,0.8878719210624695,1053.0,0.5264999866485596
fedavg,fedavg,510|859,510|859,2,510,data_2000_5_5.5_chordal,global_val_client_task,val,cycle6,33,,,,,,,,,,2000,1039.0,221.0,657.0,83.0,0.8246031746031746,0.9260249554367201,0.8723761439323425,0.8723761439323425,0.8121137022972107,1122.0,0.5609999895095825
fedavg,fedavg,510|859,510|859,2,859,data_2000_4_1.5_chordal,global_val_client,val,,33,,,0.29929761731624605,0.9493,0.8215000033378601,0.8979263136702235,0.8110694885253906,0.8110694885253906,0.8110694885253906,2000,,,,,,,,,,,
fedavg,fedavg,510|859,510|859,2,859,data_2000_4_1.5_chordal,global_val_client_task,val,cycle2,33,,,,,,,,,,2000,862.0,6.0,1132.0,0.0,0.9930875576036866,1.0,0.9965317845344543,0.9965317845344543,0.9965317845344543,862.0,0.4309999942779541
fedavg,fedavg,510|859,510|859,2,859,data_2000_4_1.5_chordal,global_val_client_task,val,cycle3,33,,,,,,,,,,2000,689.0,13.0,1296.0,2.0,0.9814814814814815,0.9971056439942113,0.9892318844795227,0.9892318844795227,0.9892318844795227,691.0,0.34549999237060547
fedavg,fedavg,510|859,510|859,2,859,data_2000_4_1.5_chordal,global_val_client_task,val,cycle4,33,,,,,,,,,,2000,382.0,44.0,1565.0,9.0,0.8967136150234741,0.9769820971867008,0.9351285696029663,0.9351285696029663,0.9351285696029663,391.0,0.19550000131130219
fedavg,fedavg,510|859,510|859,2,859,data_2000_4_1.5_chordal,global_val_client_task,val,cycle5,33,,,,,,,,,,2000,200.0,113.0,1651.0,36.0,0.6389776357827476,0.847457627118644,0.7285974025726318,0.7285974025726318,0.7285974025726318,236.0,0.11800000071525574
fedavg,fedavg,510|859,510|859,2,859,data_2000_4_1.5_chordal,global_val_client_task,val,cycle6,33,,,,,,,,,,2000,97.0,253.0,1619.0,31.0,0.27714285714285714,0.7578125,0.40585771203041077,0.40585771203041077,0.40585771203041077,128.0,0.06400000303983688
fedavg,fedavg,510|859,510|859,2,all,all,global_val_mean,val,,33,,,0.25417518597841265,0.9357000000000001,0.762499988079071,0.9064366801455168,0.8672283589839935,0.8672283589839935,0.8586926460266113,4000,,,,,,,,,,,
fedavg,fedavg,510|859,510|859,2,510,data_2000_5_5.5_chordal,train_epoch,train,,34,1.0,0.18920829665660857,,,,,,,,2000,,,,,,,,,,,
fedavg,fedavg,510|859,510|859,2,510,data_2000_5_5.5_chordal,val_epoch,val,,34,,,0.19037487637996672,0.9167,0.6855000257492065,0.9038217295924259,0.9141170382499695,0.9141170382499695,0.906556248664856,2000,,,,,,,,,,,
fedavg,fedavg,510|859,510|859,2,510,data_2000_5_5.5_chordal,val_epoch_task,val,cycle2,34,,,,,,,,,,2000,532.0,29.0,1439.0,0.0,0.948306595365419,1.0,0.9734675884246826,0.9734675884246826,0.9734675884246826,532.0,0.26600000262260437
fedavg,fedavg,510|859,510|859,2,510,data_2000_5_5.5_chordal,val_epoch_task,val,cycle3,34,,,,,,,,,,2000,729.0,77.0,1193.0,1.0,0.9044665012406948,0.9986301369863013,0.9492188096046448,0.9492188096046448,0.9492188096046448,730.0,0.36500000953674316
fedavg,fedavg,510|859,510|859,2,510,data_2000_5_5.5_chordal,val_epoch_task,val,cycle4,34,,,,,,,,,,2000,841.0,94.0,1034.0,31.0,0.8994652406417112,0.9644495412844036,0.9308246374130249,0.9308246374130249,0.9308246374130249,872.0,0.4359999895095825
fedavg,fedavg,510|859,510|859,2,510,data_2000_5_5.5_chordal,val_epoch_task,val,cycle5,34,,,,,,,,,,2000,925.0,89.0,858.0,128.0,0.9122287968441815,0.8784425451092118,0.8950169086456299,0.8950169086456299,0.8877393007278442,1053.0,0.5264999866485596
fedavg,fedavg,510|859,510|859,2,510,data_2000_5_5.5_chordal,val_epoch_task,val,cycle6,34,,,,,,,,,,2000,887.0,149.0,729.0,235.0,0.8561776061776062,0.7905525846702317,0.8220574855804443,0.8220574855804443,0.791530966758728,1122.0,0.5609999895095825
fedavg,fedavg,510|859,510|859,2,859,data_2000_4_1.5_chordal,train_epoch,train,,34,1.0,0.2407166007757187,,,,,,,,2000,,,,,,,,,,,
fedavg,fedavg,510|859,510|859,2,859,data_2000_4_1.5_chordal,val_epoch,val,,34,,,0.28052629947662355,0.9451,0.8125,0.8903096903096903,0.807022750377655,0.807022750377655,0.807022750377655,2000,,,,,,,,,,,
fedavg,fedavg,510|859,510|859,2,859,data_2000_4_1.5_chordal,val_epoch_task,val,cycle2,34,,,,,,,,,,2000,860.0,8.0,1130.0,2.0,0.9907834101382489,0.9976798143851509,0.9942197203636169,0.9942197203636169,0.9942197203636169,862.0,0.4309999942779541
fedavg,fedavg,510|859,510|859,2,859,data_2000_4_1.5_chordal,val_epoch_task,val,cycle3,34,,,,,,,,,,2000,682.0,17.0,1292.0,9.0,0.9756795422031473,0.9869753979739508,0.9812949299812317,0.9812949299812317,0.9812949299812317,691.0,0.34549999237060547
fedavg,fedavg,510|859,510|859,2,859,data_2000_4_1.5_chordal,val_epoch_task,val,cycle4,34,,,,,,,,,,2000,366.0,58.0,1551.0,25.0,0.8632075471698113,0.9360613810741688,0.8981594443321228,0.8981594443321228,0.8981594443321228,391.0,0.19550000131130219
fedavg,fedavg,510|859,510|859,2,859,data_2000_4_1.5_chordal,val_epoch_task,val,cycle5,34,,,,,,,,,,2000,215.0,159.0,1605.0,21.0,0.5748663101604278,0.9110169491525424,0.7049180269241333,0.7049180269241333,0.7049180269241333,236.0,0.11800000071525574
fedavg,fedavg,510|859,510|859,2,859,data_2000_4_1.5_chordal,val_epoch_task,val,cycle6,34,,,,,,,,,,2000,105.0,227.0,1645.0,23.0,0.31626506024096385,0.8203125,0.4565216898918152,0.4565216898918152,0.4565216898918152,128.0,0.06400000303983688
fedavg,fedavg,510|859,510|859,2,510,data_2000_5_5.5_chordal,global_val_client,val,,34,,,0.22493588531017303,0.9154,0.684499979019165,0.9069511658600968,0.9142693281173706,0.9142693281173706,0.899337887763977,2000,,,,,,,,,,,
fedavg,fedavg,510|859,510|859,2,510,data_2000_5_5.5_chordal,global_val_client_task,val,cycle2,34,,,,,,,,,,2000,532.0,50.0,1418.0,0.0,0.9140893470790378,1.0,0.9551166892051697,0.9551166892051697,0.9551166892051697,532.0,0.26600000262260437
fedavg,fedavg,510|859,510|859,2,510,data_2000_5_5.5_chordal,global_val_client_task,val,cycle3,34,,,,,,,,,,2000,729.0,84.0,1186.0,1.0,0.8966789667896679,0.9986301369863013,0.9449125528335571,0.9449125528335571,0.9449125528335571,730.0,0.36500000953674316
fedavg,fedavg,510|859,510|859,2,510,data_2000_5_5.5_chordal,global_val_client_task,val,cycle4,34,,,,,,,,,,2000,854.0,169.0,959.0,18.0,0.8347996089931574,0.9793577981651376,0.9013192653656006,0.9013192653656006,0.9013192653656006,872.0,0.4359999895095825
fedavg,fedavg,510|859,510|859,2,510,data_2000_5_5.5_chordal,global_val_client_task,val,cycle5,34,,,,,,,,,,2000,1010.0,164.0,783.0,43.0,0.8603066439522998,0.9591642924976258,0.907049834728241,0.907049834728241,0.8832487463951111,1053.0,0.5264999866485596
fedavg,fedavg,510|859,510|859,2,510,data_2000_5_5.5_chordal,global_val_client_task,val,cycle6,34,,,,,,,,,,2000,998.0,193.0,685.0,124.0,0.837951301427372,0.8894830659536542,0.8629485368728638,0.8629485368728638,0.8120924234390259,1122.0,0.5609999895095825
fedavg,fedavg,510|859,510|859,2,859,data_2000_4_1.5_chordal,global_val_client,val,,34,,,0.3291000478863716,0.9635,0.8550000190734863,0.9227513227513228,0.8299686312675476,0.8299686312675476,0.8299686312675476,2000,,,,,,,,,,,
fedavg,fedavg,510|859,510|859,2,859,data_2000_4_1.5_chordal,global_val_client_task,val,cycle2,34,,,,,,,,,,2000,862.0,2.0,1136.0,0.0,0.9976851851851852,1.0,0.9988412261009216,0.9988412261009216,0.9988412261009216,862.0,0.4309999942779541
fedavg,fedavg,510|859,510|859,2,859,data_2000_4_1.5_chordal,global_val_client_task,val,cycle3,34,,,,,,,,,,2000,689.0,13.0,1296.0,2.0,0.9814814814814815,0.9971056439942113,0.9892318844795227,0.9892318844795227,0.9892318844795227,691.0,0.34549999237060547
fedavg,fedavg,510|859,510|859,2,859,data_2000_4_1.5_chordal,global_val_client_task,val,cycle4,34,,,,,,,,,,2000,362.0,16.0,1593.0,29.0,0.9576719576719577,0.9258312020460358,0.941482424736023,0.941482424736023,0.941482424736023,391.0,0.19550000131130219
fedavg,fedavg,510|859,510|859,2,859,data_2000_4_1.5_chordal,global_val_client_task,val,cycle5,34,,,,,,,,,,2000,190.0,61.0,1703.0,46.0,0.7569721115537849,0.8050847457627118,0.780287504196167,0.780287504196167,0.780287504196167,236.0,0.11800000071525574
fedavg,fedavg,510|859,510|859,2,859,data_2000_4_1.5_chordal,global_val_client_task,val,cycle6,34,,,,,,,,,,2000,77.0,145.0,1727.0,51.0,0.34684684684684686,0.6015625,0.4399999976158142,0.4399999976158142,0.4399999976158142,128.0,0.06400000303983688
fedavg,fedavg,510|859,510|859,2,all,all,global_val_mean,val,,34,,,0.2770179665982723,0.93945,0.7697499990463257,0.9148512443057097,0.8721189796924591,0.8721189796924591,0.8646532595157623,4000,,,,,,,,,,,
fedavg,fedavg,510|859,510|859,2,510,data_2000_5_5.5_chordal,train_epoch,train,,35,1.0,0.19432601195573806,,,,,,,,2000,,,,,,,,,,,
fedavg,fedavg,510|859,510|859,2,510,data_2000_5_5.5_chordal,val_epoch,val,,35,,,0.1879857120513916,0.9274,0.7095000147819519,0.9178547182620502,0.9265797734260559,0.9265797734260559,0.915183424949646,2000,,,,,,,,,,,
fedavg,fedavg,510|859,510|859,2,510,data_2000_5_5.5_chordal,val_epoch_task,val,cycle2,35,,,,,,,,,,2000,528.0,28.0,1440.0,4.0,0.9496402877697842,0.9924812030075187,0.9705882668495178,0.9705882668495178,0.9705882668495178,532.0,0.26600000262260437
fedavg,fedavg,510|859,510|859,2,510,data_2000_5_5.5_chordal,val_epoch_task,val,cycle3,35,,,,,,,,,,2000,725.0,61.0,1209.0,5.0,0.9223918575063613,0.9931506849315068,0.9564643502235413,0.9564643502235413,0.9564643502235413,730.0,0.36500000953674316
fedavg,fedavg,510|859,510|859,2,510,data_2000_5_5.5_chordal,val_epoch_task,val,cycle4,35,,,,,,,,,,2000,858.0,98.0,1030.0,14.0,0.897489539748954,0.9839449541284404,0.9387308955192566,0.9387308955192566,0.9387308955192566,872.0,0.4359999895095825
fedavg,fedavg,510|859,510|859,2,510,data_2000_5_5.5_chordal,val_epoch_task,val,cycle5,35,,,,,,,,,,2000,968.0,116.0,831.0,85.0,0.8929889298892989,0.9192782526115859,0.9059429168701172,0.9059429168701172,0.8921094536781311,1053.0,0.5264999866485596
fedavg,fedavg,510|859,510|859,2,510,data_2000_5_5.5_chordal,val_epoch_task,val,cycle6,35,,,,,,,,,,2000,977.0,170.0,708.0,145.0,0.8517872711421098,0.8707664884135472,0.8611723184585571,0.8611723184585571,0.8180242776870728,1122.0,0.5609999895095825
fedavg,fedavg,510|859,510|859,2,859,data_2000_4_1.5_chordal,train_epoch,train,,35,1.0,0.24218669641017915,,,,,,,,2000,,,,,,,,,,,
fedavg,fedavg,510|859,510|859,2,859,data_2000_4_1.5_chordal,val_epoch,val,,35,,,0.2656429625749588,0.9447,0.7975000143051147,0.8910774079180618,0.8070755004882812,0.8070755004882812,0.8070755004882812,2000,,,,,,,,,,,
fedavg,fedavg,510|859,510|859,2,859,data_2000_4_1.5_chordal,val_epoch_task,val,cycle2,35,,,,,,,,,,2000,862.0,6.0,1132.0,0.0,0.9930875576036866,1.0,0.9965317845344543,0.9965317845344543,0.9965317845344543,862.0,0.4309999942779541
fedavg,fedavg,510|859,510|859,2,859,data_2000_4_1.5_chordal,val_epoch_task,val,cycle3,35,,,,,,,,,,2000,690.0,33.0,1276.0,1.0,0.9543568464730291,0.9985528219971056,0.9759547114372253,0.9759547114372253,0.9759547114372253,691.0,0.34549999237060547
fedavg,fedavg,510|859,510|859,2,859,data_2000_4_1.5_chordal,val_epoch_task,val,cycle4,35,,,,,,,,,,2000,384.0,73.0,1536.0,7.0,0.8402625820568927,0.9820971867007673,0.9056603908538818,0.9056603908538818,0.9056603908538818,391.0,0.19550000131130219
fedavg,fedavg,510|859,510|859,2,859,data_2000_4_1.5_chordal,val_epoch_task,val,cycle5,35,,,,,,,,,,2000,225.0,177.0,1587.0,11.0,0.5597014925373134,0.9533898305084746,0.705329179763794,0.705329179763794,0.705329179763794,236.0,0.11800000071525574
fedavg,fedavg,510|859,510|859,2,859,data_2000_4_1.5_chordal,val_epoch_task,val,cycle6,35,,,,,,,,,,2000,101.0,218.0,1654.0,27.0,0.3166144200626959,0.7890625,0.4519015848636627,0.4519015848636627,0.4519015848636627,128.0,0.06400000303983688
fedavg,fedavg,510|859,510|859,2,510,data_2000_5_5.5_chordal,global_val_client,val,,35,,,0.2051127273440361,0.9195,0.6894999742507935,0.9114314005941248,0.9195684194564819,0.9195684194564819,0.9041835069656372,2000,,,,,,,,,,,
fedavg,fedavg,510|859,510|859,2,510,data_2000_5_5.5_chordal,global_val_client_task,val,cycle2,35,,,,,,,,,,2000,532.0,40.0,1428.0,0.0,0.9300699300699301,1.0,0.9637681245803833,0.9637681245803833,0.9637681245803833,532.0,0.26600000262260437
fedavg,fedavg,510|859,510|859,2,510,data_2000_5_5.5_chordal,global_val_client_task,val,cycle3,35,,,,,,,,,,2000,730.0,74.0,1196.0,0.0,0.9079601990049752,1.0,0.9517601132392883,0.9517601132392883,0.9517601132392883,730.0,0.36500000953674316
fedavg,fedavg,510|859,510|859,2,510,data_2000_5_5.5_chordal,global_val_client_task,val,cycle4,35,,,,,,,,,,2000,859.0,155.0,973.0,13.0,0.8471400394477318,0.9850917431192661,0.9109225869178772,0.9109225869178772,0.9109225869178772,872.0,0.4359999895095825
fedavg,fedavg,510|859,510|859,2,510,data_2000_5_5.5_chordal,global_val_client_task,val,cycle5,35,,,,,,,,,,2000,1031.0,176.0,771.0,22.0,0.8541839270919636,0.9791073124406457,0.9123893976211548,0.9123893976211548,0.8862069249153137,1053.0,0.5264999866485596
fedavg,fedavg,510|859,510|859,2,510,data_2000_5_5.5_chordal,global_val_client_task,val,cycle6,35,,,,,,,,,,2000,990.0,193.0,685.0,132.0,0.8368554522400676,0.8823529411764706,0.8590021729469299,0.8590021729469299,0.8082596063613892,1122.0,0.5609999895095825
fedavg,fedavg,510|859,510|859,2,859,data_2000_4_1.5_chordal,global_val_client,val,,35,,,0.3021260166168213,0.957,0.8385000228881836,0.911849118491185,0.8242871165275574,0.8242871165275574,0.8242871165275574,2000,,,,,,,,,,,
fedavg,fedavg,510|859,510|859,2,859,data_2000_4_1.5_chordal,global_val_client_task,val,cycle2,35,,,,,,,,,,2000,862.0,3.0,1135.0,0.0,0.9965317919075144,1.0,0.998262882232666,0.998262882232666,0.998262882232666,862.0,0.4309999942779541
fedavg,fedavg,510|859,510|859,2,859,data_2000_4_1.5_chordal,global_val_client_task,val,cycle3,35,,,,,,,,,,2000,691.0,9.0,1300.0,0.0,0.9871428571428571,1.0,0.9935298562049866,0.9935298562049866,0.9935298562049866,691.0,0.34549999237060547
fedavg,fedavg,510|859,510|859,2,859,data_2000_4_1.5_chordal,global_val_client_task,val,cycle4,35,,,,,,,,,,2000,371.0,20.0,1589.0,20.0,0.948849104859335,0.948849104859335,0.948849081993103,0.948849081993103,0.948849081993103,391.0,0.19550000131130219
fedavg,fedavg,510|859,510|859,2,859,data_2000_4_1.5_chordal,global_val_client_task,val,cycle5,35,,,,,,,,,,2000,211.0,109.0,1655.0,25.0,0.659375,0.8940677966101694,0.7589928507804871,0.7589928507804871,0.7589928507804871,236.0,0.11800000071525574
fedavg,fedavg,510|859,510|859,2,859,data_2000_4_1.5_chordal,global_val_client_task,val,cycle6,35,,,,,,,,,,2000,89.0,205.0,1667.0,39.0,0.30272108843537415,0.6953125,0.4218009412288666,0.4218009412288666,0.4218009412288666,128.0,0.06400000303983688
fedavg,fedavg,510|859,510|859,2,all,all,global_val_mean,val,,35,,,0.2536193719804287,0.93825,0.7639999985694885,0.9116402595426548,0.8719277679920197,0.8719277679920197,0.8642353117465973,4000,,,,,,,,,,,
fedavg,fedavg,510|859,510|859,2,510,data_2000_5_5.5_chordal,train_epoch,train,,36,1.0,0.19557726776599885,,,,,,,,2000,,,,,,,,,,,
fedavg,fedavg,510|859,510|859,2,510,data_2000_5_5.5_chordal,val_epoch,val,,36,,,0.2008793061375618,0.9178,0.6779999732971191,0.9086260560248999,0.9170674085617065,0.9170674085617065,0.9009318351745605,2000,,,,,,,,,,,
fedavg,fedavg,510|859,510|859,2,510,data_2000_5_5.5_chordal,val_epoch_task,val,cycle2,36,,,,,,,,,,2000,532.0,43.0,1425.0,0.0,0.9252173913043479,1.0,0.9611562490463257,0.9611562490463257,0.9611562490463257,532.0,0.26600000262260437
fedavg,fedavg,510|859,510|859,2,510,data_2000_5_5.5_chordal,val_epoch_task,val,cycle3,36,,,,,,,,,,2000,730.0,108.0,1162.0,0.0,0.8711217183770883,1.0,0.9311224818229675,0.9311224818229675,0.9311224818229675,730.0,0.36500000953674316
fedavg,fedavg,510|859,510|859,2,510,data_2000_5_5.5_chordal,val_epoch_task,val,cycle4,36,,,,,,,,,,2000,860.0,98.0,1030.0,12.0,0.8977035490605428,0.9862385321100917,0.9398906826972961,0.9398906826972961,0.9398906826972961,872.0,0.4359999895095825
fedavg,fedavg,510|859,510|859,2,510,data_2000_5_5.5_chordal,val_epoch_task,val,cycle5,36,,,,,,,,,,2000,959.0,110.0,837.0,94.0,0.8971000935453695,0.9107312440645774,0.903864324092865,0.903864324092865,0.891373872756958,1053.0,0.5264999866485596
fedavg,fedavg,510|859,510|859,2,510,data_2000_5_5.5_chordal,val_epoch_task,val,cycle6,36,,,,,,,,,,2000,1006.0,241.0,637.0,116.0,0.8067361668003208,0.8966131907308378,0.8493034839630127,0.8493034839630127,0.7811158299446106,1122.0,0.5609999895095825
fedavg,fedavg,510|859,510|859,2,859,data_2000_4_1.5_chordal,train_epoch,train,,36,1.0,0.22058399653434754,,,,,,,,2000,,,,,,,,,,,
fedavg,fedavg,510|859,510|859,2,859,data_2000_4_1.5_chordal,val_epoch,val,,36,,,0.2943907005786896,0.9427,0.8015000224113464,0.8861514007550169,0.8018568158149719,0.8018568158149719,0.8018568158149719,2000,,,,,,,,,,,
fedavg,fedavg,510|859,510|859,2,859,data_2000_4_1.5_chordal,val_epoch_task,val,cycle2,36,,,,,,,,,,2000,862.0,12.0,1126.0,0.0,0.9862700228832952,1.0,0.9930875897407532,0.9930875897407532,0.9930875897407532,862.0,0.4309999942779541
fedavg,fedavg,510|859,510|859,2,859,data_2000_4_1.5_chordal,val_epoch_task,val,cycle3,36,,,,,,,,,,2000,688.0,16.0,1293.0,3.0,0.9772727272727273,0.9956584659913169,0.9863799214363098,0.9863799214363098,0.9863799214363098,691.0,0.34549999237060547
fedavg,fedavg,510|859,510|859,2,859,data_2000_4_1.5_chordal,val_epoch_task,val,cycle4,36,,,,,,,,,,2000,359.0,35.0,1574.0,32.0,0.9111675126903553,0.9181585677749361,0.9146496653556824,0.9146496653556824,0.9146496653556824,391.0,0.19550000131130219
fedavg,fedavg,510|859,510|859,2,859,data_2000_4_1.5_chordal,val_epoch_task,val,cycle5,36,,,,,,,,,,2000,220.0,167.0,1597.0,16.0,0.5684754521963824,0.9322033898305084,0.7062600255012512,0.7062600255012512,0.7062600255012512,236.0,0.11800000071525574
fedavg,fedavg,510|859,510|859,2,859,data_2000_4_1.5_chordal,val_epoch_task,val,cycle6,36,,,,,,,,,,2000,101.0,265.0,1607.0,27.0,0.27595628415300544,0.7890625,0.40890687704086304,0.40890687704086304,0.40890687704086304,128.0,0.06400000303983688
fedavg,fedavg,510|859,510|859,2,510,data_2000_5_5.5_chordal,global_val_client,val,,36,,,0.2279838501214981,0.9165,0.684499979019165,0.9101087307568092,0.9190388917922974,0.9190388917922974,0.8969513773918152,2000,,,,,,,,,,,
fedavg,fedavg,510|859,510|859,2,510,data_2000_5_5.5_chordal,global_val_client_task,val,cycle2,36,,,,,,,,,,2000,532.0,35.0,1433.0,0.0,0.9382716049382716,1.0,0.9681528806686401,0.9681528806686401,0.9681528806686401,532.0,0.26600000262260437
fedavg,fedavg,510|859,510|859,2,510,data_2000_5_5.5_chordal,global_val_client_task,val,cycle3,36,,,,,,,,,,2000,729.0,84.0,1186.0,1.0,0.8966789667896679,0.9986301369863013,0.9449125528335571,0.9449125528335571,0.9449125528335571,730.0,0.36500000953674316
fedavg,fedavg,510|859,510|859,2,510,data_2000_5_5.5_chordal,global_val_client_task,val,cycle4,36,,,,,,,,,,2000,865.0,161.0,967.0,7.0,0.8430799220272904,0.9919724770642202,0.9114857912063599,0.9114857912063599,0.9114857912063599,872.0,0.4359999895095825
fedavg,fedavg,510|859,510|859,2,510,data_2000_5_5.5_chordal,global_val_client_task,val,cycle5,36,,,,,,,,,,2000,1038.0,211.0,736.0,15.0,0.8310648518815053,0.9857549857549858,0.9018244743347168,0.9018244743347168,0.866902232170105,1053.0,0.5264999866485596
fedavg,fedavg,510|859,510|859,2,510,data_2000_5_5.5_chordal,global_val_client_task,val,cycle6,36,,,,,,,,,,2000,1063.0,262.0,616.0,59.0,0.8022641509433962,0.9474153297682709,0.8688189387321472,0.8688189387321472,0.7933033108711243,1122.0,0.5609999895095825
fedavg,fedavg,510|859,510|859,2,859,data_2000_4_1.5_chordal,global_val_client,val,,36,,,0.2660983644723892,0.9482,0.8184999823570251,0.8964000000000001,0.8156769871711731,0.8156769871711731,0.8156769871711731,2000,,,,,,,,,,,
fedavg,fedavg,510|859,510|859,2,859,data_2000_4_1.5_chordal,global_val_client_task,val,cycle2,36,,,,,,,,,,2000,862.0,12.0,1126.0,0.0,0.9862700228832952,1.0,0.9930875897407532,0.9930875897407532,0.9930875897407532,862.0,0.4309999942779541
fedavg,fedavg,510|859,510|859,2,859,data_2000_4_1.5_chordal,global_val_client_task,val,cycle3,36,,,,,,,,,,2000,690.0,10.0,1299.0,1.0,0.9857142857142858,0.9985528219971056,0.9920920133590698,0.9920920133590698,0.9920920133590698,691.0,0.34549999237060547
fedavg,fedavg,510|859,510|859,2,859,data_2000_4_1.5_chordal,global_val_client_task,val,cycle4,36,,,,,,,,,,2000,373.0,31.0,1578.0,18.0,0.9232673267326733,0.9539641943734015,0.9383648037910461,0.9383648037910461,0.9383648037910461,391.0,0.19550000131130219
fedavg,fedavg,510|859,510|859,2,859,data_2000_4_1.5_chordal,global_val_client_task,val,cycle5,36,,,,,,,,,,2000,212.0,119.0,1645.0,24.0,0.6404833836858006,0.8983050847457628,0.7477954030036926,0.7477954030036926,0.7477954030036926,236.0,0.11800000071525574
fedavg,fedavg,510|859,510|859,2,859,data_2000_4_1.5_chordal,global_val_client_task,val,cycle6,36,,,,,,,,,,2000,104.0,279.0,1593.0,24.0,0.27154046997389036,0.8125,0.40704500675201416,0.40704500675201416,0.40704500675201416,128.0,0.06400000303983688
fedavg,fedavg,510|859,510|859,2,all,all,global_val_mean,val,,36,,,0.24704110729694367,0.93235,0.7514999806880951,0.9032543653784046,0.8673579394817352,0.8673579394817352,0.8563141822814941,4000,,,,,,,,,,,
fedavg,fedavg,510|859,510|859,2,510,data_2000_5_5.5_chordal,train_epoch,train,,37,1.0,0.19882700443267823,,,,,,,,2000,,,,,,,,,,,
fedavg,fedavg,510|859,510|859,2,510,data_2000_5_5.5_chordal,val_epoch,val,,37,,,0.187893139898777,0.9217,0.6934999823570251,0.9117945251774248,0.9205743670463562,0.9205743670463562,0.9073566198348999,2000,,,,,,,,,,,
fedavg,fedavg,510|859,510|859,2,510,data_2000_5_5.5_chordal,val_epoch_task,val,cycle2,37,,,,,,,,,,2000,528.0,34.0,1434.0,4.0,0.9395017793594306,0.9924812030075187,0.9652650356292725,0.9652650356292725,0.9652650356292725,532.0,0.26600000262260437
fedavg,fedavg,510|859,510|859,2,510,data_2000_5_5.5_chordal,val_epoch_task,val,cycle3,37,,,,,,,,,,2000,723.0,71.0,1199.0,7.0,0.9105793450881612,0.9904109589041096,0.9488189220428467,0.9488189220428467,0.9488189220428467,730.0,0.36500000953674316
fedavg,fedavg,510|859,510|859,2,510,data_2000_5_5.5_chordal,val_epoch_task,val,cycle4,37,,,,,,,,,,2000,844.0,96.0,1032.0,28.0,0.8978723404255319,0.9678899082568807,0.9315673112869263,0.9315673112869263,0.9315673112869263,872.0,0.4359999895095825
fedavg,fedavg,510|859,510|859,2,510,data_2000_5_5.5_chordal,val_epoch_task,val,cycle5,37,,,,,,,,,,2000,967.0,129.0,818.0,86.0,0.8822992700729927,0.9183285849952516,0.8999534845352173,0.8999534845352173,0.8838465213775635,1053.0,0.5264999866485596
fedavg,fedavg,510|859,510|859,2,510,data_2000_5_5.5_chordal,val_epoch_task,val,cycle6,37,,,,,,,,,,2000,985.0,191.0,687.0,137.0,0.8375850340136054,0.8778966131907309,0.8572672009468079,0.8572672009468079,0.807285487651825,1122.0,0.5609999895095825
fedavg,fedavg,510|859,510|859,2,859,data_2000_4_1.5_chordal,train_epoch,train,,37,1.0,0.24187694948911667,,,,,,,,2000,,,,,,,,,,,
fedavg,fedavg,510|859,510|859,2,859,data_2000_4_1.5_chordal,val_epoch,val,,37,,,0.23038245809078217,0.9394,0.8015000224113464,0.8823300970873788,0.8027029037475586,0.8027029037475586,0.8027029037475586,2000,,,,,,,,,,,
fedavg,fedavg,510|859,510|859,2,859,data_2000_4_1.5_chordal,val_epoch_task,val,cycle2,37,,,,,,,,,,2000,862.0,7.0,1131.0,0.0,0.9919447640966629,1.0,0.9959561228752136,0.9959561228752136,0.9959561228752136,862.0,0.4309999942779541
fedavg,fedavg,510|859,510|859,2,859,data_2000_4_1.5_chordal,val_epoch_task,val,cycle3,37,,,,,,,,,,2000,685.0,10.0,1299.0,6.0,0.9856115107913669,0.9913169319826338,0.9884559512138367,0.9884559512138367,0.9884559512138367,691.0,0.34549999237060547
fedavg,fedavg,510|859,510|859,2,859,data_2000_4_1.5_chordal,val_epoch_task,val,cycle4,37,,,,,,,,,,2000,384.0,76.0,1533.0,7.0,0.8347826086956521,0.9820971867007673,0.9024677276611328,0.9024677276611328,0.9024677276611328,391.0,0.19550000131130219
fedavg,fedavg,510|859,510|859,2,859,data_2000_4_1.5_chordal,val_epoch_task,val,cycle5,37,,,,,,,,,,2000,228.0,185.0,1579.0,8.0,0.5520581113801453,0.9661016949152542,0.7026193737983704,0.7026193737983704,0.7026193737983704,236.0,0.11800000071525574
fedavg,fedavg,510|859,510|859,2,859,data_2000_4_1.5_chordal,val_epoch_task,val,cycle6,37,,,,,,,,,,2000,113.0,292.0,1580.0,15.0,0.27901234567901234,0.8828125,0.4240150451660156,0.4240150451660156,0.4240150451660156,128.0,0.06400000303983688
fedavg,fedavg,510|859,510|859,2,510,data_2000_5_5.5_chordal,global_val_client,val,,37,,,0.19681147050857545,0.9239,0.7039999961853027,0.9163644356522695,0.9237262606620789,0.9237262606620789,0.9074283838272095,2000,,,,,,,,,,,
fedavg,fedavg,510|859,510|859,2,510,data_2000_5_5.5_chordal,global_val_client_task,val,cycle2,37,,,,,,,,,,2000,532.0,40.0,1428.0,0.0,0.9300699300699301,1.0,0.9637681245803833,0.9637681245803833,0.9637681245803833,532.0,0.26600000262260437
fedavg,fedavg,510|859,510|859,2,510,data_2000_5_5.5_chordal,global_val_client_task,val,cycle3,37,,,,,,,,,,2000,729.0,85.0,1185.0,1.0,0.8955773955773956,0.9986301369863013,0.9443005323410034,0.9443005323410034,0.9443005323410034,730.0,0.36500000953674316
fedavg,fedavg,510|859,510|859,2,510,data_2000_5_5.5_chordal,global_val_client_task,val,cycle4,37,,,,,,,,,,2000,852.0,118.0,1010.0,20.0,0.8783505154639175,0.9770642201834863,0.9250814914703369,0.9250814914703369,0.9250814914703369,872.0,0.4359999895095825
fedavg,fedavg,510|859,510|859,2,510,data_2000_5_5.5_chordal,global_val_client_task,val,cycle5,37,,,,,,,,,,2000,1022.0,164.0,783.0,31.0,0.8617200674536256,0.9705603038936372,0.912907600402832,0.912907600402832,0.8892674446105957,1053.0,0.5264999866485596
fedavg,fedavg,510|859,510|859,2,510,data_2000_5_5.5_chordal,global_val_client_task,val,cycle6,37,,,,,,,,,,2000,1034.0,214.0,664.0,88.0,0.8285256410256411,0.9215686274509803,0.8725738525390625,0.8725738525390625,0.8147239089012146,1122.0,0.5609999895095825
fedavg,fedavg,510|859,510|859,2,859,data_2000_4_1.5_chordal,global_val_client,val,,37,,,0.2942834539413452,0.9522,0.8299999833106995,0.9025285481239803,0.8132492303848267,0.8132492303848267,0.8132492303848267,2000,,,,,,,,,,,
fedavg,fedavg,510|859,510|859,2,859,data_2000_4_1.5_chordal,global_val_client_task,val,cycle2,37,,,,,,,,,,2000,862.0,4.0,1134.0,0.0,0.9953810623556582,1.0,0.9976851344108582,0.9976851344108582,0.9976851344108582,862.0,0.4309999942779541
fedavg,fedavg,510|859,510|859,2,859,data_2000_4_1.5_chordal,global_val_client_task,val,cycle3,37,,,,,,,,,,2000,683.0,6.0,1303.0,8.0,0.9912917271407837,0.9884225759768451,0.9898550510406494,0.9898550510406494,0.9898550510406494,691.0,0.34549999237060547
fedavg,fedavg,510|859,510|859,2,859,data_2000_4_1.5_chordal,global_val_client_task,val,cycle4,37,,,,,,,,,,2000,378.0,37.0,1572.0,13.0,0.9108433734939759,0.9667519181585678,0.9379652142524719,0.9379652142524719,0.9379652142524719,391.0,0.19550000131130219
fedavg,fedavg,510|859,510|859,2,859,data_2000_4_1.5_chordal,global_val_client_task,val,cycle5,37,,,,,,,,,,2000,200.0,104.0,1660.0,36.0,0.6578947368421053,0.847457627118644,0.7407407164573669,0.7407407164573669,0.7407407164573669,236.0,0.11800000071525574
fedavg,fedavg,510|859,510|859,2,859,data_2000_4_1.5_chordal,global_val_client_task,val,cycle6,37,,,,,,,,,,2000,90.0,232.0,1640.0,38.0,0.2795031055900621,0.703125,0.4000000059604645,0.4000000059604645,0.4000000059604645,128.0,0.06400000303983688
fedavg,fedavg,510|859,510|859,2,all,all,global_val_mean,val,,37,,,0.24554746222496032,0.93805,0.7669999897480011,0.9094464918881249,0.8684877455234528,0.8684877455234528,0.8603388071060181,4000,,,,,,,,,,,
fedavg,fedavg,510|859,510|859,2,510,data_2000_5_5.5_chordal,train_epoch,train,,38,1.0,0.18983859026432037,,,,,,,,2000,,,,,,,,,,,
fedavg,fedavg,510|859,510|859,2,510,data_2000_5_5.5_chordal,val_epoch,val,,38,,,0.18876669275760652,0.9248,0.7074999809265137,0.9164444444444445,0.9256643056869507,0.9256643056869507,0.9106956720352173,2000,,,,,,,,,,,
fedavg,fedavg,510|859,510|859,2,510,data_2000_5_5.5_chordal,val_epoch_task,val,cycle2,38,,,,,,,,,,2000,527.0,25.0,1443.0,5.0,0.9547101449275363,0.9906015037593985,0.9723247289657593,0.9723247289657593,0.9723247289657593,532.0,0.26600000262260437
fedavg,fedavg,510|859,510|859,2,510,data_2000_5_5.5_chordal,val_epoch_task,val,cycle3,38,,,,,,,,,,2000,727.0,62.0,1208.0,3.0,0.9214195183776933,0.9958904109589041,0.9572086930274963,0.9572086930274963,0.9572086930274963,730.0,0.36500000953674316
fedavg,fedavg,510|859,510|859,2,510,data_2000_5_5.5_chordal,val_epoch_task,val,cycle4,38,,,,,,,,,,2000,867.0,125.0,1003.0,5.0,0.873991935483871,0.9942660550458715,0.9302574396133423,0.9302574396133423,0.9302574396133423,872.0,0.4359999895095825
fedavg,fedavg,510|859,510|859,2,510,data_2000_5_5.5_chordal,val_epoch_task,val,cycle5,38,,,,,,,,,,2000,1003.0,157.0,790.0,50.0,0.8646551724137931,0.9525166191832859,0.9064618349075317,0.9064618349075317,0.8841634392738342,1053.0,0.5264999866485596
fedavg,fedavg,510|859,510|859,2,510,data_2000_5_5.5_chordal,val_epoch_task,val,cycle6,38,,,,,,,,,,2000,1000.0,198.0,680.0,122.0,0.8347245409015025,0.8912655971479501,0.8620690107345581,0.8620690107345581,0.8095238208770752,1122.0,0.5609999895095825
fedavg,fedavg,510|859,510|859,2,859,data_2000_4_1.5_chordal,train_epoch,train,,38,1.0,0.23169716084003447,,,,,,,,2000,,,,,,,,,,,
fedavg,fedavg,510|859,510|859,2,859,data_2000_4_1.5_chordal,val_epoch,val,,38,,,0.27612195372581483,0.9501,0.8180000185966492,0.9000200360649169,0.8174493908882141,0.8174493908882141,0.8174493908882141,2000,,,,,,,,,,,
fedavg,fedavg,510|859,510|859,2,859,data_2000_4_1.5_chordal,val_epoch_task,val,cycle2,38,,,,,,,,,,2000,862.0,9.0,1129.0,0.0,0.9896670493685419,1.0,0.994806706905365,0.994806706905365,0.994806706905365,862.0,0.4309999942779541
fedavg,fedavg,510|859,510|859,2,859,data_2000_4_1.5_chordal,val_epoch_task,val,cycle3,38,,,,,,,,,,2000,688.0,27.0,1282.0,3.0,0.9622377622377623,0.9956584659913169,0.97866290807724,0.97866290807724,0.97866290807724,691.0,0.34549999237060547
fedavg,fedavg,510|859,510|859,2,859,data_2000_4_1.5_chordal,val_epoch_task,val,cycle4,38,,,,,,,,,,2000,376.0,64.0,1545.0,15.0,0.8545454545454545,0.9616368286445013,0.904933750629425,0.904933750629425,0.904933750629425,391.0,0.19550000131130219
fedavg,fedavg,510|859,510|859,2,859,data_2000_4_1.5_chordal,val_epoch_task,val,cycle5,38,,,,,,,,,,2000,220.0,140.0,1624.0,16.0,0.6111111111111112,0.9322033898305084,0.7382550835609436,0.7382550835609436,0.7382550835609436,236.0,0.11800000071525574
fedavg,fedavg,510|859,510|859,2,859,data_2000_4_1.5_chordal,val_epoch_task,val,cycle6,38,,,,,,,,,,2000,100.0,197.0,1675.0,28.0,0.3367003367003367,0.78125,0.4705882668495178,0.4705882668495178,0.4705882668495178,128.0,0.06400000303983688
fedavg,fedavg,510|859,510|859,2,510,data_2000_5_5.5_chordal,global_val_client,val,,38,,,0.2133222970366478,0.9172,0.6825000047683716,0.9102147039687704,0.9195707440376282,0.9195707440376282,0.8992258310317993,2000,,,,,,,,,,,
fedavg,fedavg,510|859,510|859,2,510,data_2000_5_5.5_chordal,global_val_client_task,val,cycle2,38,,,,,,,,,,2000,532.0,33.0,1435.0,0.0,0.9415929203539823,1.0,0.9699179530143738,0.9699179530143738,0.9699179530143738,532.0,0.26600000262260437
fedavg,fedavg,510|859,510|859,2,510,data_2000_5_5.5_chordal,global_val_client_task,val,cycle3,38,,,,,,,,,,2000,730.0,79.0,1191.0,0.0,0.9023485784919654,1.0,0.9486680030822754,0.9486680030822754,0.9486680030822754,730.0,0.36500000953674316
fedavg,fedavg,510|859,510|859,2,510,data_2000_5_5.5_chordal,global_val_client_task,val,cycle4,38,,,,,,,,,,2000,867.0,152.0,976.0,5.0,0.8508341511285574,0.9942660550458715,0.9169751405715942,0.9169751405715942,0.9169751405715942,872.0,0.4359999895095825
fedavg,fedavg,510|859,510|859,2,510,data_2000_5_5.5_chordal,global_val_client_task,val,cycle5,38,,,,,,,,,,2000,1032.0,224.0,723.0,21.0,0.821656050955414,0.98005698005698,0.8938935399055481,0.8938935399055481,0.8551152944564819,1053.0,0.5264999866485596
fedavg,fedavg,510|859,510|859,2,510,data_2000_5_5.5_chordal,global_val_client_task,val,cycle6,38,,,,,,,,,,2000,1036.0,228.0,650.0,86.0,0.819620253164557,0.9233511586452763,0.8683989644050598,0.8683989644050598,0.8054523468017578,1122.0,0.5609999895095825
fedavg,fedavg,510|859,510|859,2,859,data_2000_4_1.5_chordal,global_val_client,val,,38,,,0.254734103679657,0.9496,0.8240000009536743,0.8994413407821229,0.8167495727539062,0.8167495727539062,0.8167495727539062,2000,,,,,,,,,,,
fedavg,fedavg,510|859,510|859,2,859,data_2000_4_1.5_chordal,global_val_client_task,val,cycle2,38,,,,,,,,,,2000,862.0,5.0,1133.0,0.0,0.994232987312572,1.0,0.9971081614494324,0.9971081614494324,0.9971081614494324,862.0,0.4309999942779541
fedavg,fedavg,510|859,510|859,2,859,data_2000_4_1.5_chordal,global_val_client_task,val,cycle3,38,,,,,,,,,,2000,688.0,19.0,1290.0,3.0,0.9731258840169731,0.9956584659913169,0.9842631816864014,0.9842631816864014,0.9842631816864014,691.0,0.34549999237060547
fedavg,fedavg,510|859,510|859,2,859,data_2000_4_1.5_chordal,global_val_client_task,val,cycle4,38,,,,,,,,,,2000,386.0,58.0,1551.0,5.0,0.8693693693693694,0.9872122762148338,0.9245509505271912,0.9245509505271912,0.9245509505271912,391.0,0.19550000131130219
fedavg,fedavg,510|859,510|859,2,859,data_2000_4_1.5_chordal,global_val_client_task,val,cycle5,38,,,,,,,,,,2000,216.0,131.0,1633.0,20.0,0.622478386167147,0.9152542372881356,0.7409948706626892,0.7409948706626892,0.7409948706626892,236.0,0.11800000071525574
fedavg,fedavg,510|859,510|859,2,859,data_2000_4_1.5_chordal,global_val_client_task,val,cycle6,38,,,,,,,,,,2000,102.0,237.0,1635.0,26.0,0.3008849557522124,0.796875,0.4368308484554291,0.4368308484554291,0.4368308484554291,128.0,0.06400000303983688
fedavg,fedavg,510|859,510|859,2,all,all,global_val_mean,val,,38,,,0.2340282003581524,0.9334000000000001,0.753250002861023,0.9048280223754466,0.8681601583957672,0.8681601583957672,0.8579877018928528,4000,,,,,,,,,,,
fedavg,fedavg,510|859,510|859,2,510,data_2000_5_5.5_chordal,train_epoch,train,,39,1.0,0.18688080632686616,,,,,,,,2000,,,,,,,,,,,
fedavg,fedavg,510|859,510|859,2,510,data_2000_5_5.5_chordal,val_epoch,val,,39,,,0.1888891139626503,0.9249,0.7074999809265137,0.9158354813403564,0.925503134727478,0.925503134727478,0.9104632139205933,2000,,,,,,,,,,,
fedavg,fedavg,510|859,510|859,2,510,data_2000_5_5.5_chordal,val_epoch_task,val,cycle2,39,,,,,,,,,,2000,532.0,27.0,1441.0,0.0,0.9516994633273703,1.0,0.9752520322799683,0.9752520322799683,0.9752520322799683,532.0,0.26600000262260437
fedavg,fedavg,510|859,510|859,2,510,data_2000_5_5.5_chordal,val_epoch_task,val,cycle3,39,,,,,,,,,,2000,726.0,62.0,1208.0,4.0,0.9213197969543148,0.9945205479452055,0.9565216898918152,0.9565216898918152,0.9565216898918152,730.0,0.36500000953674316
fedavg,fedavg,510|859,510|859,2,510,data_2000_5_5.5_chordal,val_epoch_task,val,cycle4,39,,,,,,,,,,2000,837.0,93.0,1035.0,35.0,0.9,0.9598623853211009,0.9289678335189819,0.9289678335189819,0.9289678335189819,872.0,0.4359999895095825
fedavg,fedavg,510|859,510|859,2,510,data_2000_5_5.5_chordal,val_epoch_task,val,cycle5,39,,,,,,,,,,2000,975.0,131.0,816.0,78.0,0.8815551537070524,0.9259259259259259,0.9031959176063538,0.9031959176063538,0.8864747881889343,1053.0,0.5264999866485596
fedavg,fedavg,510|859,510|859,2,510,data_2000_5_5.5_chordal,val_epoch_task,val,cycle6,39,,,,,,,,,,2000,1016.0,215.0,663.0,106.0,0.8253452477660439,0.9055258467023173,0.8635783791542053,0.8635783791542053,0.8051002025604248,1122.0,0.5609999895095825
fedavg,fedavg,510|859,510|859,2,859,data_2000_4_1.5_chordal,train_epoch,train,,39,1.0,0.2455001802444458,,,,,,,,2000,,,,,,,,,,,
fedavg,fedavg,510|859,510|859,2,859,data_2000_4_1.5_chordal,val_epoch,val,,39,,,0.27859709787368775,0.9573,0.8320000171661377,0.9130169077205132,0.830115020275116,0.830115020275116,0.830115020275116,2000,,,,,,,,,,,
fedavg,fedavg,510|859,510|859,2,859,data_2000_4_1.5_chordal,val_epoch_task,val,cycle2,39,,,,,,,,,,2000,862.0,10.0,1128.0,0.0,0.9885321100917431,1.0,0.9942330121994019,0.9942330121994019,0.9942330121994019,862.0,0.4309999942779541
fedavg,fedavg,510|859,510|859,2,859,data_2000_4_1.5_chordal,val_epoch_task,val,cycle3,39,,,,,,,,,,2000,691.0,14.0,1295.0,0.0,0.9801418439716312,1.0,0.9899712800979614,0.9899712800979614,0.9899712800979614,691.0,0.34549999237060547
fedavg,fedavg,510|859,510|859,2,859,data_2000_4_1.5_chordal,val_epoch_task,val,cycle4,39,,,,,,,,,,2000,379.0,77.0,1532.0,12.0,0.831140350877193,0.969309462915601,0.894923210144043,0.894923210144043,0.894923210144043,391.0,0.19550000131130219
fedavg,fedavg,510|859,510|859,2,859,data_2000_4_1.5_chordal,val_epoch_task,val,cycle5,39,,,,,,,,,,2000,216.0,114.0,1650.0,20.0,0.6545454545454545,0.9152542372881356,0.7632508873939514,0.7632508873939514,0.7632508873939514,236.0,0.11800000071525574
fedavg,fedavg,510|859,510|859,2,859,data_2000_4_1.5_chordal,val_epoch_task,val,cycle6,39,,,,,,,,,,2000,93.0,145.0,1727.0,35.0,0.3907563025210084,0.7265625,0.5081967115402222,0.5081967115402222,0.5081967115402222,128.0,0.06400000303983688
fedavg,fedavg,510|859,510|859,2,510,data_2000_5_5.5_chordal,global_val_client,val,,39,,,0.20674789947271346,0.9189,0.6850000023841858,0.9112400131334135,0.9199967384338379,0.9199967384338379,0.9018388986587524,2000,,,,,,,,,,,
fedavg,fedavg,510|859,510|859,2,510,data_2000_5_5.5_chordal,global_val_client_task,val,cycle2,39,,,,,,,,,,2000,532.0,39.0,1429.0,0.0,0.9316987740805605,1.0,0.9646419286727905,0.9646419286727905,0.9646419286727905,532.0,0.26600000262260437
fedavg,fedavg,510|859,510|859,2,510,data_2000_5_5.5_chordal,global_val_client_task,val,cycle3,39,,,,,,,,,,2000,730.0,75.0,1195.0,0.0,0.906832298136646,1.0,0.9511401057243347,0.9511401057243347,0.9511401057243347,730.0,0.36500000953674316
fedavg,fedavg,510|859,510|859,2,510,data_2000_5_5.5_chordal,global_val_client_task,val,cycle4,39,,,,,,,,,,2000,860.0,140.0,988.0,12.0,0.86,0.9862385321100917,0.9188033938407898,0.9188033938407898,0.9188033938407898,872.0,0.4359999895095825
fedavg,fedavg,510|859,510|859,2,510,data_2000_5_5.5_chordal,global_val_client_task,val,cycle5,39,,,,,,,,,,2000,1029.0,186.0,761.0,24.0,0.8469135802469135,0.9772079772079773,0.9074074029922485,0.9074074029922485,0.8787528872489929,1053.0,0.5264999866485596
fedavg,fedavg,510|859,510|859,2,510,data_2000_5_5.5_chordal,global_val_client_task,val,cycle6,39,,,,,,,,,,2000,1012.0,225.0,653.0,110.0,0.8181083265966047,0.9019607843137255,0.8579906225204468,0.8579906225204468,0.7958561778068542,1122.0,0.5609999895095825
fedavg,fedavg,510|859,510|859,2,859,data_2000_4_1.5_chordal,global_val_client,val,,39,,,0.24916959202289582,0.9602,0.8389999866485596,0.9187091503267975,0.838162899017334,0.838162899017334,0.838162899017334,2000,,,,,,,,,,,
fedavg,fedavg,510|859,510|859,2,859,data_2000_4_1.5_chordal,global_val_client_task,val,cycle2,39,,,,,,,,,,2000,862.0,0.0,1138.0,0.0,1.0,1.0,1.0,1.0,1.0,862.0,0.4309999942779541
fedavg,fedavg,510|859,510|859,2,859,data_2000_4_1.5_chordal,global_val_client_task,val,cycle3,39,,,,,,,,,,2000,691.0,17.0,1292.0,0.0,0.9759887005649718,1.0,0.9878484606742859,0.9878484606742859,0.9878484606742859,691.0,0.34549999237060547
fedavg,fedavg,510|859,510|859,2,859,data_2000_4_1.5_chordal,global_val_client_task,val,cycle4,39,,,,,,,,,,2000,380.0,31.0,1578.0,11.0,0.9245742092457421,0.9718670076726342,0.9476308822631836,0.9476308822631836,0.9476308822631836,391.0,0.19550000131130219
fedavg,fedavg,510|859,510|859,2,859,data_2000_4_1.5_chordal,global_val_client_task,val,cycle5,39,,,,,,,,,,2000,220.0,96.0,1668.0,16.0,0.6962025316455697,0.9322033898305084,0.7971014380455017,0.7971014380455017,0.7971014380455017,236.0,0.11800000071525574
fedavg,fedavg,510|859,510|859,2,859,data_2000_4_1.5_chordal,global_val_client_task,val,cycle6,39,,,,,,,,,,2000,96.0,195.0,1677.0,32.0,0.32989690721649484,0.75,0.45823386311531067,0.45823386311531067,0.45823386311531067,128.0,0.06400000303983688
fedavg,fedavg,510|859,510|859,2,all,all,global_val_mean,val,,39,,,0.22795874574780464,0.9395500000000001,0.7619999945163727,0.9149745817301055,0.8790798187255859,0.8790798187255859,0.8700008988380432,4000,,,,,,,,,,,
fedavg,fedavg,510|859,510|859,2,510,data_2000_5_5.5_chordal,train_epoch,train,,40,1.0,0.1910669151544571,,,,,,,,2000,,,,,,,,,,,
fedavg,fedavg,510|859,510|859,2,510,data_2000_5_5.5_chordal,val_epoch,val,,40,,,0.1909633114337921,0.9233,0.7095000147819519,0.9109692396982009,0.921593964099884,0.921593964099884,0.9119451642036438,2000,,,,,,,,,,,
fedavg,fedavg,510|859,510|859,2,510,data_2000_5_5.5_chordal,val_epoch_task,val,cycle2,40,,,,,,,,,,2000,532.0,26.0,1442.0,0.0,0.953405017921147,1.0,0.9761468172073364,0.9761468172073364,0.9761468172073364,532.0,0.26600000262260437
fedavg,fedavg,510|859,510|859,2,510,data_2000_5_5.5_chordal,val_epoch_task,val,cycle3,40,,,,,,,,,,2000,716.0,41.0,1229.0,14.0,0.9458388375165125,0.9808219178082191,0.9630127549171448,0.9630127549171448,0.9630127549171448,730.0,0.36500000953674316
fedavg,fedavg,510|859,510|859,2,510,data_2000_5_5.5_chordal,val_epoch_task,val,cycle4,40,,,,,,,,,,2000,802.0,58.0,1070.0,70.0,0.9325581395348838,0.9197247706422018,0.9260969758033752,0.9260969758033752,0.9260969758033752,872.0,0.4359999895095825
fedavg,fedavg,510|859,510|859,2,510,data_2000_5_5.5_chordal,val_epoch_task,val,cycle5,40,,,,,,,,,,2000,936.0,92.0,855.0,117.0,0.9105058365758755,0.8888888888888888,0.8995674848556519,0.8995674848556519,0.8910890817642212,1053.0,0.5264999866485596
fedavg,fedavg,510|859,510|859,2,510,data_2000_5_5.5_chordal,val_epoch_task,val,cycle6,40,,,,,,,,,,2000,938.0,165.0,713.0,184.0,0.8504079782411604,0.8360071301247772,0.843146026134491,0.843146026134491,0.8033802509307861,1122.0,0.5609999895095825
fedavg,fedavg,510|859,510|859,2,859,data_2000_4_1.5_chordal,train_epoch,train,,40,1.0,0.22673475062847137,,,,,,,,2000,,,,,,,,,,,
fedavg,fedavg,510|859,510|859,2,859,data_2000_4_1.5_chordal,val_epoch,val,,40,,,0.2944907002449036,0.9563,0.8379999995231628,0.9103221834598809,0.825169563293457,0.825169563293457,0.825169563293457,2000,,,,,,,,,,,
fedavg,fedavg,510|859,510|859,2,859,data_2000_4_1.5_chordal,val_epoch_task,val,cycle2,40,,,,,,,,,,2000,862.0,8.0,1130.0,0.0,0.9908045977011494,1.0,0.9953810572624207,0.9953810572624207,0.9953810572624207,862.0,0.4309999942779541
fedavg,fedavg,510|859,510|859,2,859,data_2000_4_1.5_chordal,val_epoch_task,val,cycle3,40,,,,,,,,,,2000,688.0,17.0,1292.0,3.0,0.975886524822695,0.9956584659913169,0.9856733083724976,0.9856733083724976,0.9856733083724976,691.0,0.34549999237060547
fedavg,fedavg,510|859,510|859,2,859,data_2000_4_1.5_chordal,val_epoch_task,val,cycle4,40,,,,,,,,,,2000,369.0,40.0,1569.0,22.0,0.902200488997555,0.9437340153452686,0.92249995470047,0.92249995470047,0.92249995470047,391.0,0.19550000131130219
fedavg,fedavg,510|859,510|859,2,859,data_2000_4_1.5_chordal,val_epoch_task,val,cycle5,40,,,,,,,,,,2000,205.0,104.0,1660.0,31.0,0.6634304207119741,0.8686440677966102,0.752293586730957,0.752293586730957,0.752293586730957,236.0,0.11800000071525574
fedavg,fedavg,510|859,510|859,2,859,data_2000_4_1.5_chordal,val_epoch_task,val,cycle6,40,,,,,,,,,,2000,94.0,178.0,1694.0,34.0,0.34558823529411764,0.734375,0.4700000286102295,0.4700000286102295,0.4700000286102295,128.0,0.06400000303983688
fedavg,fedavg,510|859,510|859,2,510,data_2000_5_5.5_chordal,global_val_client,val,,40,,,0.18897820043563843,0.9252,0.7064999938011169,0.9173480662983426,0.9263248443603516,0.9263248443603516,0.9091850519180298,2000,,,,,,,,,,,
fedavg,fedavg,510|859,510|859,2,510,data_2000_5_5.5_chordal,global_val_client_task,val,cycle2,40,,,,,,,,,,2000,532.0,38.0,1430.0,0.0,0.9333333333333333,1.0,0.9655172228813171,0.9655172228813171,0.9655172228813171,532.0,0.26600000262260437
fedavg,fedavg,510|859,510|859,2,510,data_2000_5_5.5_chordal,global_val_client_task,val,cycle3,40,,,,,,,,,,2000,729.0,49.0,1221.0,1.0,0.9370179948586118,0.9986301369863013,0.9668434262275696,0.9668434262275696,0.9668434262275696,730.0,0.36500000953674316
fedavg,fedavg,510|859,510|859,2,510,data_2000_5_5.5_chordal,global_val_client_task,val,cycle4,40,,,,,,,,,,2000,843.0,105.0,1023.0,29.0,0.8892405063291139,0.966743119266055,0.9263736009597778,0.9263736009597778,0.9263736009597778,872.0,0.4359999895095825
fedavg,fedavg,510|859,510|859,2,510,data_2000_5_5.5_chordal,global_val_client_task,val,cycle5,40,,,,,,,,,,2000,1018.0,190.0,757.0,35.0,0.8427152317880795,0.9667616334283001,0.9004864692687988,0.9004864692687988,0.8706153035163879,1053.0,0.5264999866485596
fedavg,fedavg,510|859,510|859,2,510,data_2000_5_5.5_chordal,global_val_client_task,val,cycle6,40,,,,,,,,,,2000,1029.0,208.0,670.0,93.0,0.8318512530315278,0.9171122994652406,0.8724035024642944,0.8724035024642944,0.816575288772583,1122.0,0.5609999895095825
fedavg,fedavg,510|859,510|859,2,859,data_2000_4_1.5_chordal,global_val_client,val,,40,,,0.3096203672885895,0.96,0.8485000133514404,0.9166666666666667,0.828288197517395,0.828288197517395,0.828288197517395,2000,,,,,,,,,,,
fedavg,fedavg,510|859,510|859,2,859,data_2000_4_1.5_chordal,global_val_client_task,val,cycle2,40,,,,,,,,,,2000,862.0,6.0,1132.0,0.0,0.9930875576036866,1.0,0.9965317845344543,0.9965317845344543,0.9965317845344543,862.0,0.4309999942779541
fedavg,fedavg,510|859,510|859,2,859,data_2000_4_1.5_chordal,global_val_client_task,val,cycle3,40,,,,,,,,,,2000,689.0,4.0,1305.0,2.0,0.9942279942279942,0.9971056439942113,0.9956647157669067,0.9956647157669067,0.9956647157669067,691.0,0.34549999237060547
fedavg,fedavg,510|859,510|859,2,859,data_2000_4_1.5_chordal,global_val_client_task,val,cycle4,40,,,,,,,,,,2000,366.0,16.0,1593.0,25.0,0.9581151832460733,0.9360613810741688,0.946959912776947,0.946959912776947,0.946959912776947,391.0,0.19550000131130219
fedavg,fedavg,510|859,510|859,2,859,data_2000_4_1.5_chordal,global_val_client_task,val,cycle5,40,,,,,,,,,,2000,195.0,77.0,1687.0,41.0,0.7169117647058824,0.826271186440678,0.7677165269851685,0.7677165269851685,0.7677165269851685,236.0,0.11800000071525574
fedavg,fedavg,510|859,510|859,2,859,data_2000_4_1.5_chordal,global_val_client_task,val,cycle6,40,,,,,,,,,,2000,88.0,189.0,1683.0,40.0,0.3176895306859206,0.6875,0.434567928314209,0.434567928314209,0.434567928314209,128.0,0.06400000303983688
fedavg,fedavg,510|859,510|859,2,all,all,global_val_mean,val,,40,,,0.24929928386211395,0.9426,0.7775000035762787,0.9170073664825047,0.8773065209388733,0.8773065209388733,0.8687366247177124,4000,,,,,,,,,,,
fedavg,fedavg,510|859,510|859,2,510,data_2000_5_5.5_chordal,train_epoch,train,,41,1.0,0.19148081159591676,,,,,,,,2000,,,,,,,,,,,
fedavg,fedavg,510|859,510|859,2,510,data_2000_5_5.5_chordal,val_epoch,val,,41,,,0.18809714686870574,0.9206,0.6840000152587891,0.9085885332719318,0.9184668660163879,0.9184668660163879,0.9094948768615723,2000,,,,,,,,,,,
fedavg,fedavg,510|859,510|859,2,510,data_2000_5_5.5_chordal,val_epoch_task,val,cycle2,41,,,,,,,,,,2000,531.0,31.0,1437.0,1.0,0.9448398576512456,0.9981203007518797,0.97074955701828,0.97074955701828,0.97074955701828,532.0,0.26600000262260437
fedavg,fedavg,510|859,510|859,2,510,data_2000_5_5.5_chordal,val_epoch_task,val,cycle3,41,,,,,,,,,,2000,730.0,67.0,1203.0,0.0,0.9159347553324969,1.0,0.9561230540275574,0.9561230540275574,0.9561230540275574,730.0,0.36500000953674316
fedavg,fedavg,510|859,510|859,2,510,data_2000_5_5.5_chordal,val_epoch_task,val,cycle4,41,,,,,,,,,,2000,837.0,88.0,1040.0,35.0,0.9048648648648648,0.9598623853211009,0.9315525889396667,0.9315525889396667,0.9315525889396667,872.0,0.4359999895095825
fedavg,fedavg,510|859,510|859,2,510,data_2000_5_5.5_chordal,val_epoch_task,val,cycle5,41,,,,,,,,,,2000,899.0,76.0,871.0,154.0,0.9220512820512821,0.8537511870845205,0.8865877985954285,0.8865877985954285,0.8833671808242798,1053.0,0.5264999866485596
fedavg,fedavg,510|859,510|859,2,510,data_2000_5_5.5_chordal,val_epoch_task,val,cycle6,41,,,,,,,,,,2000,949.0,169.0,709.0,173.0,0.8488372093023255,0.8458110516934046,0.8473213911056519,0.8473213911056519,0.8056818842887878,1122.0,0.5609999895095825
fedavg,fedavg,510|859,510|859,2,859,data_2000_4_1.5_chordal,train_epoch,train,,41,1.0,0.2185117681026459,,,,,,,,2000,,,,,,,,,,,
fedavg,fedavg,510|859,510|859,2,859,data_2000_4_1.5_chordal,val_epoch,val,,41,,,0.32448482704162596,0.9052,0.7120000123977661,0.8278241917907737,0.7505229115486145,0.7505229115486145,0.7505229115486145,2000,,,,,,,,,,,
fedavg,fedavg,510|859,510|859,2,859,data_2000_4_1.5_chordal,val_epoch_task,val,cycle2,41,,,,,,,,,,2000,861.0,11.0,1127.0,1.0,0.9873853211009175,0.9988399071925754,0.9930796027183533,0.9930796027183533,0.9930796027183533,862.0,0.4309999942779541
fedavg,fedavg,510|859,510|859,2,859,data_2000_4_1.5_chordal,val_epoch_task,val,cycle3,41,,,,,,,,,,2000,681.0,13.0,1296.0,10.0,0.9812680115273775,0.9855282199710564,0.9833935499191284,0.9833935499191284,0.9833935499191284,691.0,0.34549999237060547
fedavg,fedavg,510|859,510|859,2,859,data_2000_4_1.5_chordal,val_epoch_task,val,cycle4,41,,,,,,,,,,2000,385.0,125.0,1484.0,6.0,0.7549019607843137,0.9846547314578005,0.8546059727668762,0.8546059727668762,0.8546059727668762,391.0,0.19550000131130219
fedavg,fedavg,510|859,510|859,2,859,data_2000_4_1.5_chordal,val_epoch_task,val,cycle5,41,,,,,,,,,,2000,234.0,382.0,1382.0,2.0,0.37987012987012986,0.9915254237288136,0.5492957234382629,0.5492957234382629,0.5492957234382629,236.0,0.11800000071525574
fedavg,fedavg,510|859,510|859,2,859,data_2000_4_1.5_chordal,val_epoch_task,val,cycle6,41,,,,,,,,,,2000,118.0,388.0,1484.0,10.0,0.233201581027668,0.921875,0.37223973870277405,0.37223973870277405,0.37223973870277405,128.0,0.06400000303983688
fedavg,fedavg,510|859,510|859,2,510,data_2000_5_5.5_chordal,global_val_client,val,,41,,,0.2043902397751808,0.923,0.7024999856948853,0.9160488443087659,0.9253789782524109,0.9253789782524109,0.9068076014518738,2000,,,,,,,,,,,
fedavg,fedavg,510|859,510|859,2,510,data_2000_5_5.5_chordal,global_val_client_task,val,cycle2,41,,,,,,,,,,2000,532.0,25.0,1443.0,0.0,0.9551166965888689,1.0,0.9770431518554688,0.9770431518554688,0.9770431518554688,532.0,0.26600000262260437
fedavg,fedavg,510|859,510|859,2,510,data_2000_5_5.5_chordal,global_val_client_task,val,cycle3,41,,,,,,,,,,2000,730.0,70.0,1200.0,0.0,0.9125,1.0,0.9542483687400818,0.9542483687400818,0.9542483687400818,730.0,0.36500000953674316
fedavg,fedavg,510|859,510|859,2,510,data_2000_5_5.5_chordal,global_val_client_task,val,cycle4,41,,,,,,,,,,2000,860.0,144.0,984.0,12.0,0.8565737051792829,0.9862385321100917,0.9168443083763123,0.9168443083763123,0.9168443083763123,872.0,0.4359999895095825
fedavg,fedavg,510|859,510|859,2,510,data_2000_5_5.5_chordal,global_val_client_task,val,cycle5,41,,,,,,,,,,2000,1043.0,200.0,747.0,10.0,0.8390989541432019,0.9905033238366572,0.9085365533828735,0.9085365533828735,0.8767605423927307,1053.0,0.5264999866485596
fedavg,fedavg,510|859,510|859,2,510,data_2000_5_5.5_chordal,global_val_client_task,val,cycle6,41,,,,,,,,,,2000,1036.0,223.0,655.0,86.0,0.8228752978554408,0.9233511586452763,0.8702225685119629,0.8702225685119629,0.8091413974761963,1122.0,0.5609999895095825
fedavg,fedavg,510|859,510|859,2,859,data_2000_4_1.5_chordal,global_val_client,val,,41,,,0.25556966924667357,0.95,0.8199999928474426,0.9000799360511592,0.8166636228561401,0.8166636228561401,0.8166636228561401,2000,,,,,,,,,,,
fedavg,fedavg,510|859,510|859,2,859,data_2000_4_1.5_chordal,global_val_client_task,val,cycle2,41,,,,,,,,,,2000,862.0,6.0,1132.0,0.0,0.9930875576036866,1.0,0.9965317845344543,0.9965317845344543,0.9965317845344543,862.0,0.4309999942779541
fedavg,fedavg,510|859,510|859,2,859,data_2000_4_1.5_chordal,global_val_client_task,val,cycle3,41,,,,,,,,,,2000,685.0,12.0,1297.0,6.0,0.9827833572453372,0.9913169319826338,0.9870316386222839,0.9870316386222839,0.9870316386222839,691.0,0.34549999237060547
fedavg,fedavg,510|859,510|859,2,859,data_2000_4_1.5_chordal,global_val_client_task,val,cycle4,41,,,,,,,,,,2000,383.0,46.0,1563.0,8.0,0.8927738927738927,0.979539641943734,0.9341462850570679,0.9341462850570679,0.9341462850570679,391.0,0.19550000131130219
fedavg,fedavg,510|859,510|859,2,859,data_2000_4_1.5_chordal,global_val_client_task,val,cycle5,41,,,,,,,,,,2000,223.0,150.0,1614.0,13.0,0.5978552278820375,0.9449152542372882,0.7323481440544128,0.7323481440544128,0.7323481440544128,236.0,0.11800000071525574
fedavg,fedavg,510|859,510|859,2,859,data_2000_4_1.5_chordal,global_val_client_task,val,cycle6,41,,,,,,,,,,2000,99.0,230.0,1642.0,29.0,0.3009118541033435,0.7734375,0.43326035141944885,0.43326035141944885,0.43326035141944885,128.0,0.06400000303983688
fedavg,fedavg,510|859,510|859,2,all,all,global_val_mean,val,,41,,,0.2299799545109272,0.9365,0.7612499892711639,0.9080643901799625,0.8710213005542755,0.8710213005542755,0.861735612154007,4000,,,,,,,,,,,
fedavg,fedavg,510|859,510|859,2,510,data_2000_5_5.5_chordal,train_epoch,train,,42,1.0,0.18987357926368714,,,,,,,,2000,,,,,,,,,,,
fedavg,fedavg,510|859,510|859,2,510,data_2000_5_5.5_chordal,val_epoch,val,,42,,,0.2239493935108185,0.9126,0.6819999814033508,0.8963226571767497,0.9055260419845581,0.9055260419845581,0.9012603759765625,2000,,,,,,,,,,,
fedavg,fedavg,510|859,510|859,2,510,data_2000_5_5.5_chordal,val_epoch_task,val,cycle2,42,,,,,,,,,,2000,530.0,42.0,1426.0,2.0,0.9265734265734266,0.9962406015037594,0.9601449370384216,0.9601449370384216,0.9601449370384216,532.0,0.26600000262260437
fedavg,fedavg,510|859,510|859,2,510,data_2000_5_5.5_chordal,val_epoch_task,val,cycle3,42,,,,,,,,,,2000,663.0,36.0,1234.0,67.0,0.9484978540772532,0.9082191780821918,0.9279215931892395,0.9279215931892395,0.9279215931892395,730.0,0.36500000953674316
fedavg,fedavg,510|859,510|859,2,510,data_2000_5_5.5_chordal,val_epoch_task,val,cycle4,42,,,,,,,,,,2000,833.0,76.0,1052.0,39.0,0.9163916391639164,0.9552752293577982,0.9354295134544373,0.9354295134544373,0.9354295134544373,872.0,0.4359999895095825
fedavg,fedavg,510|859,510|859,2,510,data_2000_5_5.5_chordal,val_epoch_task,val,cycle5,42,,,,,,,,,,2000,890.0,68.0,879.0,163.0,0.9290187891440501,0.8452041785375118,0.8851317763328552,0.8851317763328552,0.883861243724823,1053.0,0.5264999866485596
fedavg,fedavg,510|859,510|859,2,510,data_2000_5_5.5_chordal,val_epoch_task,val,cycle6,42,,,,,,,,,,2000,862.0,121.0,757.0,260.0,0.8769074262461851,0.768270944741533,0.8190023899078369,0.8190023899078369,0.7989445924758911,1122.0,0.5609999895095825
fedavg,fedavg,510|859,510|859,2,859,data_2000_4_1.5_chordal,train_epoch,train,,42,1.0,0.23355297470092773,,,,,,,,2000,,,,,,,,,,,
fedavg,fedavg,510|859,510|859,2,859,data_2000_4_1.5_chordal,val_epoch,val,,42,,,0.32454300159215926,0.9581,0.8349999785423279,0.9143674637236869,0.8309755325317383,0.8309755325317383,0.8309755325317383,2000,,,,,,,,,,,
fedavg,fedavg,510|859,510|859,2,859,data_2000_4_1.5_chordal,val_epoch_task,val,cycle2,42,,,,,,,,,,2000,862.0,2.0,1136.0,0.0,0.9976851851851852,1.0,0.9988412261009216,0.9988412261009216,0.9988412261009216,862.0,0.4309999942779541
fedavg,fedavg,510|859,510|859,2,859,data_2000_4_1.5_chordal,val_epoch_task,val,cycle3,42,,,,,,,,,,2000,691.0,11.0,1298.0,0.0,0.9843304843304843,1.0,0.9921033978462219,0.9921033978462219,0.9921033978462219,691.0,0.34549999237060547
fedavg,fedavg,510|859,510|859,2,859,data_2000_4_1.5_chordal,val_epoch_task,val,cycle4,42,,,,,,,,,,2000,369.0,27.0,1582.0,22.0,0.9318181818181818,0.9437340153452686,0.9377382397651672,0.9377382397651672,0.9377382397651672,391.0,0.19550000131130219
fedavg,fedavg,510|859,510|859,2,859,data_2000_4_1.5_chordal,val_epoch_task,val,cycle5,42,,,,,,,,,,2000,219.0,146.0,1618.0,17.0,0.6,0.9279661016949152,0.7287853956222534,0.7287853956222534,0.7287853956222534,236.0,0.11800000071525574
fedavg,fedavg,510|859,510|859,2,859,data_2000_4_1.5_chordal,val_epoch_task,val,cycle6,42,,,,,,,,,,2000,96.0,162.0,1710.0,32.0,0.37209302325581395,0.75,0.4974093735218048,0.4974093735218048,0.4974093735218048,128.0,0.06400000303983688
fedavg,fedavg,510|859,510|859,2,510,data_2000_5_5.5_chordal,global_val_client,val,,42,,,0.17404443156719207,0.9294,0.7129999995231628,0.9207097933513029,0.9290488958358765,0.9290488958358765,0.9168096780776978,2000,,,,,,,,,,,
fedavg,fedavg,510|859,510|859,2,510,data_2000_5_5.5_chordal,global_val_client_task,val,cycle2,42,,,,,,,,,,2000,531.0,31.0,1437.0,1.0,0.9448398576512456,0.9981203007518797,0.97074955701828,0.97074955701828,0.97074955701828,532.0,0.26600000262260437
fedavg,fedavg,510|859,510|859,2,510,data_2000_5_5.5_chordal,global_val_client_task,val,cycle3,42,,,,,,,,,,2000,727.0,60.0,1210.0,3.0,0.9237611181702668,0.9958904109589041,0.9584707021713257,0.9584707021713257,0.9584707021713257,730.0,0.36500000953674316
fedavg,fedavg,510|859,510|859,2,510,data_2000_5_5.5_chordal,global_val_client_task,val,cycle4,42,,,,,,,,,,2000,856.0,94.0,1034.0,16.0,0.9010526315789473,0.981651376146789,0.9396268129348755,0.9396268129348755,0.9396268129348755,872.0,0.4359999895095825
fedavg,fedavg,510|859,510|859,2,510,data_2000_5_5.5_chordal,global_val_client_task,val,cycle5,42,,,,,,,,,,2000,1021.0,144.0,803.0,32.0,0.8763948497854077,0.9696106362773029,0.9206492900848389,0.9206492900848389,0.9012345671653748,1053.0,0.5264999866485596
fedavg,fedavg,510|859,510|859,2,510,data_2000_5_5.5_chordal,global_val_client_task,val,cycle6,42,,,,,,,,,,2000,964.0,167.0,711.0,158.0,0.852343059239611,0.8591800356506238,0.8557478785514832,0.8557478785514832,0.8139668107032776,1122.0,0.5609999895095825
fedavg,fedavg,510|859,510|859,2,859,data_2000_4_1.5_chordal,global_val_client,val,,42,,,0.3033860266208649,0.9648,0.8634999990463257,0.926482873851295,0.8458965420722961,0.8458965420722961,0.8458965420722961,2000,,,,,,,,,,,
fedavg,fedavg,510|859,510|859,2,859,data_2000_4_1.5_chordal,global_val_client_task,val,cycle2,42,,,,,,,,,,2000,862.0,3.0,1135.0,0.0,0.9965317919075144,1.0,0.998262882232666,0.998262882232666,0.998262882232666,862.0,0.4309999942779541
fedavg,fedavg,510|859,510|859,2,859,data_2000_4_1.5_chordal,global_val_client_task,val,cycle3,42,,,,,,,,,,2000,681.0,7.0,1302.0,10.0,0.9898255813953488,0.9855282199710564,0.9876722097396851,0.9876722097396851,0.9876722097396851,691.0,0.34549999237060547
fedavg,fedavg,510|859,510|859,2,859,data_2000_4_1.5_chordal,global_val_client_task,val,cycle4,42,,,,,,,,,,2000,378.0,30.0,1579.0,13.0,0.9264705882352942,0.9667519181585678,0.9461826682090759,0.9461826682090759,0.9461826682090759,391.0,0.19550000131130219
fedavg,fedavg,510|859,510|859,2,859,data_2000_4_1.5_chordal,global_val_client_task,val,cycle5,42,,,,,,,,,,2000,204.0,77.0,1687.0,32.0,0.7259786476868327,0.864406779661017,0.7891682982444763,0.7891682982444763,0.7891682982444763,236.0,0.11800000071525574
fedavg,fedavg,510|859,510|859,2,859,data_2000_4_1.5_chordal,global_val_client_task,val,cycle6,42,,,,,,,,,,2000,93.0,145.0,1727.0,35.0,0.3907563025210084,0.7265625,0.5081967115402222,0.5081967115402222,0.5081967115402222,128.0,0.06400000303983688
fedavg,fedavg,510|859,510|859,2,all,all,global_val_mean,val,,42,,,0.23871522909402848,0.9470999999999999,0.7882499992847443,0.923596333601299,0.8874727189540863,0.8874727189540863,0.881353110074997,4000,,,,,,,,,,,
fedavg,fedavg,510|859,510|859,2,510,data_2000_5_5.5_chordal,train_epoch,train,,43,1.0,0.19389662718772888,,,,,,,,2000,,,,,,,,,,,
fedavg,fedavg,510|859,510|859,2,510,data_2000_5_5.5_chordal,val_epoch,val,,43,,,0.2027697174549103,0.9109,0.6570000052452087,0.8932038834951456,0.9051362872123718,0.9051362872123718,0.9060883522033691,2000,,,,,,,,,,,
fedavg,fedavg,510|859,510|859,2,510,data_2000_5_5.5_chordal,val_epoch_task,val,cycle2,43,,,,,,,,,,2000,527.0,17.0,1451.0,5.0,0.96875,0.9906015037593985,0.9795538783073425,0.9795538783073425,0.9795538783073425,532.0,0.26600000262260437
fedavg,fedavg,510|859,510|859,2,510,data_2000_5_5.5_chordal,val_epoch_task,val,cycle3,43,,,,,,,,,,2000,730.0,64.0,1206.0,0.0,0.9193954659949622,1.0,0.9580052495002747,0.9580052495002747,0.9580052495002747,730.0,0.36500000953674316
fedavg,fedavg,510|859,510|859,2,510,data_2000_5_5.5_chordal,val_epoch_task,val,cycle4,43,,,,,,,,,,2000,838.0,76.0,1052.0,34.0,0.9168490153172867,0.9610091743119266,0.9384098649024963,0.9384098649024963,0.9384098649024963,872.0,0.4359999895095825
fedavg,fedavg,510|859,510|859,2,510,data_2000_5_5.5_chordal,val_epoch_task,val,cycle5,43,,,,,,,,,,2000,802.0,56.0,891.0,251.0,0.9347319347319347,0.761633428300095,0.8393511772155762,0.8393511772155762,0.8530397415161133,1053.0,0.5264999866485596
fedavg,fedavg,510|859,510|859,2,510,data_2000_5_5.5_chordal,val_epoch_task,val,cycle6,43,,,,,,,,,,2000,829.0,95.0,783.0,293.0,0.8971861471861472,0.7388591800356507,0.8103616833686829,0.8103616833686829,0.8014330267906189,1122.0,0.5609999895095825
fedavg,fedavg,510|859,510|859,2,859,data_2000_4_1.5_chordal,train_epoch,train,,43,1.0,0.21636961579322814,,,,,,,,2000,,,,,,,,,,,
fedavg,fedavg,510|859,510|859,2,859,data_2000_4_1.5_chordal,val_epoch,val,,43,,,0.35693680357933044,0.958,0.843999981880188,0.9123904881101377,0.822948157787323,0.822948157787323,0.822948157787323,2000,,,,,,,,,,,
fedavg,fedavg,510|859,510|859,2,859,data_2000_4_1.5_chordal,val_epoch_task,val,cycle2,43,,,,,,,,,,2000,861.0,13.0,1125.0,1.0,0.9851258581235698,0.9988399071925754,0.9919354319572449,0.9919354319572449,0.9919354319572449,862.0,0.4309999942779541
fedavg,fedavg,510|859,510|859,2,859,data_2000_4_1.5_chordal,val_epoch_task,val,cycle3,43,,,,,,,,,,2000,688.0,16.0,1293.0,3.0,0.9772727272727273,0.9956584659913169,0.9863799214363098,0.9863799214363098,0.9863799214363098,691.0,0.34549999237060547
fedavg,fedavg,510|859,510|859,2,859,data_2000_4_1.5_chordal,val_epoch_task,val,cycle4,43,,,,,,,,,,2000,357.0,38.0,1571.0,34.0,0.9037974683544304,0.9130434782608695,0.9083970189094543,0.9083970189094543,0.9083970189094543,391.0,0.19550000131130219
fedavg,fedavg,510|859,510|859,2,859,data_2000_4_1.5_chordal,val_epoch_task,val,cycle5,43,,,,,,,,,,2000,197.0,89.0,1675.0,39.0,0.6888111888111889,0.8347457627118644,0.7547892928123474,0.7547892928123474,0.7547892928123474,236.0,0.11800000071525574
fedavg,fedavg,510|859,510|859,2,859,data_2000_4_1.5_chordal,val_epoch_task,val,cycle6,43,,,,,,,,,,2000,84.0,143.0,1729.0,44.0,0.3700440528634361,0.65625,0.4732394516468048,0.4732394516468048,0.4732394516468048,128.0,0.06400000303983688
fedavg,fedavg,510|859,510|859,2,510,data_2000_5_5.5_chordal,global_val_client,val,,43,,,0.18945039743185044,0.9215,0.6909999847412109,0.9131156613171002,0.922539234161377,0.922539234161377,0.9071084856987,2000,,,,,,,,,,,
fedavg,fedavg,510|859,510|859,2,510,data_2000_5_5.5_chordal,global_val_client_task,val,cycle2,43,,,,,,,,,,2000,532.0,26.0,1442.0,0.0,0.953405017921147,1.0,0.9761468172073364,0.9761468172073364,0.9761468172073364,532.0,0.26600000262260437
fedavg,fedavg,510|859,510|859,2,510,data_2000_5_5.5_chordal,global_val_client_task,val,cycle3,43,,,,,,,,,,2000,730.0,80.0,1190.0,0.0,0.9012345679012346,1.0,0.948051929473877,0.948051929473877,0.948051929473877,730.0,0.36500000953674316
fedavg,fedavg,510|859,510|859,2,510,data_2000_5_5.5_chordal,global_val_client_task,val,cycle4,43,,,,,,,,,,2000,861.0,124.0,1004.0,11.0,0.8741116751269036,0.9873853211009175,0.9273021221160889,0.9273021221160889,0.9273021221160889,872.0,0.4359999895095825
fedavg,fedavg,510|859,510|859,2,510,data_2000_5_5.5_chordal,global_val_client_task,val,cycle5,43,,,,,,,,,,2000,1028.0,177.0,770.0,25.0,0.8531120331950207,0.976258309591643,0.9105402827262878,0.9105402827262878,0.8840413689613342,1053.0,0.5264999866485596
fedavg,fedavg,510|859,510|859,2,510,data_2000_5_5.5_chordal,global_val_client_task,val,cycle6,43,,,,,,,,,,2000,974.0,194.0,684.0,148.0,0.833904109589041,0.8680926916221033,0.8506550192832947,0.8506550192832947,0.7999999523162842,1122.0,0.5609999895095825
fedavg,fedavg,510|859,510|859,2,859,data_2000_4_1.5_chordal,global_val_client,val,,43,,,0.32779506731033325,0.9638,0.8629999756813049,0.9238535969709718,0.8349857330322266,0.8349857330322266,0.8349857330322266,2000,,,,,,,,,,,
fedavg,fedavg,510|859,510|859,2,859,data_2000_4_1.5_chordal,global_val_client_task,val,cycle2,43,,,,,,,,,,2000,862.0,2.0,1136.0,0.0,0.9976851851851852,1.0,0.9988412261009216,0.9988412261009216,0.9988412261009216,862.0,0.4309999942779541
fedavg,fedavg,510|859,510|859,2,859,data_2000_4_1.5_chordal,global_val_client_task,val,cycle3,43,,,,,,,,,,2000,691.0,10.0,1299.0,0.0,0.985734664764622,1.0,0.9928160309791565,0.9928160309791565,0.9928160309791565,691.0,0.34549999237060547
fedavg,fedavg,510|859,510|859,2,859,data_2000_4_1.5_chordal,global_val_client_task,val,cycle4,43,,,,,,,,,,2000,363.0,18.0,1591.0,28.0,0.952755905511811,0.928388746803069,0.9404144883155823,0.9404144883155823,0.9404144883155823,391.0,0.19550000131130219
fedavg,fedavg,510|859,510|859,2,859,data_2000_4_1.5_chordal,global_val_client_task,val,cycle5,43,,,,,,,,,,2000,197.0,71.0,1693.0,39.0,0.7350746268656716,0.8347457627118644,0.7817460298538208,0.7817460298538208,0.7817460298538208,236.0,0.11800000071525574
fedavg,fedavg,510|859,510|859,2,859,data_2000_4_1.5_chordal,global_val_client_task,val,cycle6,43,,,,,,,,,,2000,83.0,149.0,1723.0,45.0,0.3577586206896552,0.6484375,0.46111106872558594,0.46111106872558594,0.46111106872558594,128.0,0.06400000303983688
fedavg,fedavg,510|859,510|859,2,all,all,global_val_mean,val,,43,,,0.25862273237109185,0.94265,0.7769999802112579,0.9184846291440361,0.8787624835968018,0.8787624835968018,0.8710471093654633,4000,,,,,,,,,,,
fedavg,fedavg,510|859,510|859,2,510,data_2000_5_5.5_chordal,train_epoch,train,,44,1.0,0.18207589387893677,,,,,,,,2000,,,,,,,,,,,
fedavg,fedavg,510|859,510|859,2,510,data_2000_5_5.5_chordal,val_epoch,val,,44,,,0.18554286086559296,0.923,0.699999988079071,0.9129156299479756,0.9223726391792297,0.9223726391792297,0.9109277725219727,2000,,,,,,,,,,,
fedavg,fedavg,510|859,510|859,2,510,data_2000_5_5.5_chordal,val_epoch_task,val,cycle2,44,,,,,,,,,,2000,532.0,27.0,1441.0,0.0,0.9516994633273703,1.0,0.9752520322799683,0.9752520322799683,0.9752520322799683,532.0,0.26600000262260437
fedavg,fedavg,510|859,510|859,2,510,data_2000_5_5.5_chordal,val_epoch_task,val,cycle3,44,,,,,,,,,,2000,729.0,68.0,1202.0,1.0,0.9146800501882058,0.9986301369863013,0.9548133611679077,0.9548133611679077,0.9548133611679077,730.0,0.36500000953674316
fedavg,fedavg,510|859,510|859,2,510,data_2000_5_5.5_chordal,val_epoch_task,val,cycle4,44,,,,,,,,,,2000,846.0,118.0,1010.0,26.0,0.8775933609958506,0.9701834862385321,0.9215685725212097,0.9215685725212097,0.9215685725212097,872.0,0.4359999895095825
fedavg,fedavg,510|859,510|859,2,510,data_2000_5_5.5_chordal,val_epoch_task,val,cycle5,44,,,,,,,,,,2000,962.0,106.0,841.0,91.0,0.900749063670412,0.9135802469135802,0.9071192741394043,0.9071192741394043,0.895156979560852,1053.0,0.5264999866485596
fedavg,fedavg,510|859,510|859,2,510,data_2000_5_5.5_chordal,val_epoch_task,val,cycle6,44,,,,,,,,,,2000,967.0,178.0,700.0,155.0,0.8445414847161572,0.8618538324420677,0.8531097769737244,0.8531097769737244,0.8078477382659912,1122.0,0.5609999895095825
fedavg,fedavg,510|859,510|859,2,859,data_2000_4_1.5_chordal,train_epoch,train,,44,1.0,0.2310020472407341,,,,,,,,2000,,,,,,,,,,,
fedavg,fedavg,510|859,510|859,2,859,data_2000_4_1.5_chordal,val_epoch,val,,44,,,0.3136152925491333,0.9401,0.7944999933242798,0.882664054848188,0.7988936305046082,0.7988936305046082,0.7988936305046082,2000,,,,,,,,,,,
fedavg,fedavg,510|859,510|859,2,859,data_2000_4_1.5_chordal,val_epoch_task,val,cycle2,44,,,,,,,,,,2000,862.0,4.0,1134.0,0.0,0.9953810623556582,1.0,0.9976851344108582,0.9976851344108582,0.9976851344108582,862.0,0.4309999942779541
fedavg,fedavg,510|859,510|859,2,859,data_2000_4_1.5_chordal,val_epoch_task,val,cycle3,44,,,,,,,,,,2000,680.0,10.0,1299.0,11.0,0.9855072463768116,0.984081041968162,0.9847936630249023,0.9847936630249023,0.9847936630249023,691.0,0.34549999237060547
fedavg,fedavg,510|859,510|859,2,859,data_2000_4_1.5_chordal,val_epoch_task,val,cycle4,44,,,,,,,,,,2000,389.0,176.0,1433.0,2.0,0.6884955752212389,0.9948849104859335,0.813807487487793,0.813807487487793,0.813807487487793,391.0,0.19550000131130219
fedavg,fedavg,510|859,510|859,2,859,data_2000_4_1.5_chordal,val_epoch_task,val,cycle5,44,,,,,,,,,,2000,219.0,145.0,1619.0,17.0,0.6016483516483516,0.9279661016949152,0.7299999594688416,0.7299999594688416,0.7299999594688416,236.0,0.11800000071525574
fedavg,fedavg,510|859,510|859,2,859,data_2000_4_1.5_chordal,val_epoch_task,val,cycle6,44,,,,,,,,,,2000,103.0,209.0,1663.0,25.0,0.3301282051282051,0.8046875,0.4681818187236786,0.4681818187236786,0.4681818187236786,128.0,0.06400000303983688
fedavg,fedavg,510|859,510|859,2,510,data_2000_5_5.5_chordal,global_val_client,val,,44,,,0.19438493716716768,0.9227,0.6934999823570251,0.9146139401303435,0.9240188598632812,0.9240188598632812,0.9099936485290527,2000,,,,,,,,,,,
fedavg,fedavg,510|859,510|859,2,510,data_2000_5_5.5_chordal,global_val_client_task,val,cycle2,44,,,,,,,,,,2000,532.0,22.0,1446.0,0.0,0.9602888086642599,1.0,0.9797422289848328,0.9797422289848328,0.9797422289848328,532.0,0.26600000262260437
fedavg,fedavg,510|859,510|859,2,510,data_2000_5_5.5_chordal,global_val_client_task,val,cycle3,44,,,,,,,,,,2000,729.0,66.0,1204.0,1.0,0.9169811320754717,0.9986301369863013,0.9560656547546387,0.9560656547546387,0.9560656547546387,730.0,0.36500000953674316
fedavg,fedavg,510|859,510|859,2,510,data_2000_5_5.5_chordal,global_val_client_task,val,cycle4,44,,,,,,,,,,2000,868.0,181.0,947.0,4.0,0.8274547187797903,0.9954128440366973,0.9036959409713745,0.9036959409713745,0.9036959409713745,872.0,0.4359999895095825
fedavg,fedavg,510|859,510|859,2,510,data_2000_5_5.5_chordal,global_val_client_task,val,cycle5,44,,,,,,,,,,2000,1018.0,140.0,807.0,35.0,0.8791018998272885,0.9667616334283001,0.9208502173423767,0.9208502173423767,0.902180016040802,1053.0,0.5264999866485596
fedavg,fedavg,510|859,510|859,2,510,data_2000_5_5.5_chordal,global_val_client_task,val,cycle6,44,,,,,,,,,,2000,993.0,195.0,683.0,129.0,0.8358585858585859,0.8850267379679144,0.8597402572631836,0.8597402572631836,0.8082839846611023,1122.0,0.5609999895095825
fedavg,fedavg,510|859,510|859,2,859,data_2000_4_1.5_chordal,global_val_client,val,,44,,,0.2942358042001724,0.9547,0.8339999914169312,0.9080949482653682,0.8222250938415527,0.8222250938415527,0.8222250938415527,2000,,,,,,,,,,,
fedavg,fedavg,510|859,510|859,2,859,data_2000_4_1.5_chordal,global_val_client_task,val,cycle2,44,,,,,,,,,,2000,862.0,4.0,1134.0,0.0,0.9953810623556582,1.0,0.9976851344108582,0.9976851344108582,0.9976851344108582,862.0,0.4309999942779541
fedavg,fedavg,510|859,510|859,2,859,data_2000_4_1.5_chordal,global_val_client_task,val,cycle3,44,,,,,,,,,,2000,690.0,3.0,1306.0,1.0,0.9956709956709957,0.9985528219971056,0.9971097707748413,0.9971097707748413,0.9971097707748413,691.0,0.34549999237060547
fedavg,fedavg,510|859,510|859,2,859,data_2000_4_1.5_chordal,global_val_client_task,val,cycle4,44,,,,,,,,,,2000,385.0,68.0,1541.0,6.0,0.8498896247240618,0.9846547314578005,0.9123222231864929,0.9123222231864929,0.9123222231864929,391.0,0.19550000131130219
fedavg,fedavg,510|859,510|859,2,859,data_2000_4_1.5_chordal,global_val_client_task,val,cycle5,44,,,,,,,,,,2000,207.0,90.0,1674.0,29.0,0.696969696969697,0.8771186440677966,0.7767354249954224,0.7767354249954224,0.7767354249954224,236.0,0.11800000071525574
fedavg,fedavg,510|859,510|859,2,859,data_2000_4_1.5_chordal,global_val_client_task,val,cycle6,44,,,,,,,,,,2000,94.0,218.0,1654.0,34.0,0.30128205128205127,0.734375,0.4272727370262146,0.4272727370262146,0.4272727370262146,128.0,0.06400000303983688
fedavg,fedavg,510|859,510|859,2,all,all,global_val_mean,val,,44,,,0.24431037068367004,0.9387000000000001,0.7637499868869781,0.9113544441978558,0.873121976852417,0.873121976852417,0.8661093711853027,4000,,,,,,,,,,,
fedavg,fedavg,510|859,510|859,2,510,data_2000_5_5.5_chordal,train_epoch,train,,45,1.0,0.18533374190330507,,,,,,,,2000,,,,,,,,,,,
fedavg,fedavg,510|859,510|859,2,510,data_2000_5_5.5_chordal,val_epoch,val,,45,,,0.19026402014493943,0.924,0.699999988079071,0.9139882299683113,0.9227994084358215,0.9227994084358215,0.9097728729248047,2000,,,,,,,,,,,
fedavg,fedavg,510|859,510|859,2,510,data_2000_5_5.5_chordal,val_epoch_task,val,cycle2,45,,,,,,,,,,2000,531.0,29.0,1439.0,1.0,0.9482142857142857,0.9981203007518797,0.9725274443626404,0.9725274443626404,0.9725274443626404,532.0,0.26600000262260437
fedavg,fedavg,510|859,510|859,2,510,data_2000_5_5.5_chordal,val_epoch_task,val,cycle3,45,,,,,,,,,,2000,726.0,62.0,1208.0,4.0,0.9213197969543148,0.9945205479452055,0.9565216898918152,0.9565216898918152,0.9565216898918152,730.0,0.36500000953674316
fedavg,fedavg,510|859,510|859,2,510,data_2000_5_5.5_chordal,val_epoch_task,val,cycle4,45,,,,,,,,,,2000,795.0,79.0,1049.0,77.0,0.9096109839816934,0.911697247706422,0.9106529355049133,0.9106529355049133,0.9106529355049133,872.0,0.4359999895095825
fedavg,fedavg,510|859,510|859,2,510,data_2000_5_5.5_chordal,val_epoch_task,val,cycle5,45,,,,,,,,,,2000,996.0,139.0,808.0,57.0,0.8775330396475771,0.9458689458689459,0.9104205369949341,0.9104205369949341,0.8918322324752808,1053.0,0.5264999866485596
fedavg,fedavg,510|859,510|859,2,510,data_2000_5_5.5_chordal,val_epoch_task,val,cycle6,45,,,,,,,,,,2000,990.0,180.0,698.0,132.0,0.8461538461538461,0.8823529411764706,0.8638743758201599,0.8638743758201599,0.8173302412033081,1122.0,0.5609999895095825
fedavg,fedavg,510|859,510|859,2,859,data_2000_4_1.5_chordal,train_epoch,train,,45,1.0,0.21888857555389404,,,,,,,,2000,,,,,,,,,,,
fedavg,fedavg,510|859,510|859,2,859,data_2000_4_1.5_chordal,val_epoch,val,,45,,,0.30814085179567335,0.8965,0.6924999952316284,0.8152775298946991,0.7390087246894836,0.7390087246894836,0.7390087246894836,2000,,,,,,,,,,,
fedavg,fedavg,510|859,510|859,2,859,data_2000_4_1.5_chordal,val_epoch_task,val,cycle2,45,,,,,,,,,,2000,860.0,4.0,1134.0,2.0,0.9953703703703703,0.9976798143851509,0.9965237379074097,0.9965237379074097,0.9965237379074097,862.0,0.4309999942779541
fedavg,fedavg,510|859,510|859,2,859,data_2000_4_1.5_chordal,val_epoch_task,val,cycle3,45,,,,,,,,,,2000,691.0,32.0,1277.0,0.0,0.9557399723374828,1.0,0.9773691892623901,0.9773691892623901,0.9773691892623901,691.0,0.34549999237060547
fedavg,fedavg,510|859,510|859,2,859,data_2000_4_1.5_chordal,val_epoch_task,val,cycle4,45,,,,,,,,,,2000,379.0,147.0,1462.0,12.0,0.720532319391635,0.969309462915601,0.8266084790229797,0.8266084790229797,0.8266084790229797,391.0,0.19550000131130219
fedavg,fedavg,510|859,510|859,2,859,data_2000_4_1.5_chordal,val_epoch_task,val,cycle5,45,,,,,,,,,,2000,236.0,377.0,1387.0,0.0,0.38499184339314846,1.0,0.5559481978416443,0.5559481978416443,0.5559481978416443,236.0,0.11800000071525574
fedavg,fedavg,510|859,510|859,2,859,data_2000_4_1.5_chordal,val_epoch_task,val,cycle6,45,,,,,,,,,,2000,118.0,451.0,1421.0,10.0,0.20738137082601055,0.921875,0.3385939598083496,0.3385939598083496,0.3385939598083496,128.0,0.06400000303983688
fedavg,fedavg,510|859,510|859,2,510,data_2000_5_5.5_chordal,global_val_client,val,,45,,,0.23492184269428254,0.9141,0.6800000071525574,0.9078227277604892,0.918060302734375,0.918060302734375,0.8927523493766785,2000,,,,,,,,,,,
fedavg,fedavg,510|859,510|859,2,510,data_2000_5_5.5_chordal,global_val_client_task,val,cycle2,45,,,,,,,,,,2000,532.0,23.0,1445.0,0.0,0.9585585585585585,1.0,0.9788408279418945,0.9788408279418945,0.9788408279418945,532.0,0.26600000262260437
fedavg,fedavg,510|859,510|859,2,510,data_2000_5_5.5_chordal,global_val_client_task,val,cycle3,45,,,,,,,,,,2000,730.0,105.0,1165.0,0.0,0.874251497005988,1.0,0.9329073429107666,0.9329073429107666,0.9329073429107666,730.0,0.36500000953674316
fedavg,fedavg,510|859,510|859,2,510,data_2000_5_5.5_chordal,global_val_client_task,val,cycle4,45,,,,,,,,,,2000,851.0,123.0,1005.0,21.0,0.8737166324435318,0.9759174311926605,0.9219934940338135,0.9219934940338135,0.9219934940338135,872.0,0.4359999895095825
fedavg,fedavg,510|859,510|859,2,510,data_2000_5_5.5_chordal,global_val_client_task,val,cycle5,45,,,,,,,,,,2000,1041.0,271.0,676.0,12.0,0.7934451219512195,0.9886039886039886,0.8803382515907288,0.8803382515907288,0.8269112706184387,1053.0,0.5264999866485596
fedavg,fedavg,510|859,510|859,2,510,data_2000_5_5.5_chordal,global_val_client_task,val,cycle6,45,,,,,,,,,,2000,1076.0,258.0,620.0,46.0,0.8065967016491754,0.9590017825311943,0.8762214779853821,0.8762214779853821,0.803108811378479,1122.0,0.5609999895095825
fedavg,fedavg,510|859,510|859,2,859,data_2000_4_1.5_chordal,global_val_client,val,,45,,,0.2512810540795326,0.9501,0.8180000185966492,0.9001001001001001,0.8178184628486633,0.8178184628486633,0.8178184628486633,2000,,,,,,,,,,,
fedavg,fedavg,510|859,510|859,2,859,data_2000_4_1.5_chordal,global_val_client_task,val,cycle2,45,,,,,,,,,,2000,862.0,2.0,1136.0,0.0,0.9976851851851852,1.0,0.9988412261009216,0.9988412261009216,0.9988412261009216,862.0,0.4309999942779541
fedavg,fedavg,510|859,510|859,2,859,data_2000_4_1.5_chordal,global_val_client_task,val,cycle3,45,,,,,,,,,,2000,691.0,13.0,1296.0,0.0,0.9815340909090909,1.0,0.990680992603302,0.990680992603302,0.990680992603302,691.0,0.34549999237060547
fedavg,fedavg,510|859,510|859,2,859,data_2000_4_1.5_chordal,global_val_client_task,val,cycle4,45,,,,,,,,,,2000,373.0,23.0,1586.0,18.0,0.9419191919191919,0.9539641943734015,0.9479034543037415,0.9479034543037415,0.9479034543037415,391.0,0.19550000131130219
fedavg,fedavg,510|859,510|859,2,859,data_2000_4_1.5_chordal,global_val_client_task,val,cycle5,45,,,,,,,,,,2000,219.0,149.0,1615.0,17.0,0.595108695652174,0.9279661016949152,0.7251654863357544,0.7251654863357544,0.7251654863357544,236.0,0.11800000071525574
fedavg,fedavg,510|859,510|859,2,859,data_2000_4_1.5_chordal,global_val_client_task,val,cycle6,45,,,,,,,,,,2000,103.0,252.0,1620.0,25.0,0.29014084507042254,0.8046875,0.42650100588798523,0.42650100588798523,0.42650100588798523,128.0,0.06400000303983688
fedavg,fedavg,510|859,510|859,2,all,all,global_val_mean,val,,45,,,0.2431014483869076,0.9320999999999999,0.7490000128746033,0.9039614139302946,0.8679393827915192,0.8679393827915192,0.8552854061126709,4000,,,,,,,,,,,
fedavg,fedavg,510|859,510|859,2,510,data_2000_5_5.5_chordal,train_epoch,train,,46,1.0,0.18988468956947327,,,,,,,,2000,,,,,,,,,,,
fedavg,fedavg,510|859,510|859,2,510,data_2000_5_5.5_chordal,val_epoch,val,,46,,,0.17339712119102477,0.9293,0.7204999923706055,0.9212607194565097,0.929236888885498,0.929236888885498,0.9158535003662109,2000,,,,,,,,,,,
fedavg,fedavg,510|859,510|859,2,510,data_2000_5_5.5_chordal,val_epoch_task,val,cycle2,46,,,,,,,,,,2000,531.0,28.0,1440.0,1.0,0.9499105545617174,0.9981203007518797,0.9734188914299011,0.9734188914299011,0.9734188914299011,532.0,0.26600000262260437
fedavg,fedavg,510|859,510|859,2,510,data_2000_5_5.5_chordal,val_epoch_task,val,cycle3,46,,,,,,,,,,2000,728.0,71.0,1199.0,2.0,0.9111389236545682,0.9972602739726028,0.9522563815116882,0.9522563815116882,0.9522563815116882,730.0,0.36500000953674316
fedavg,fedavg,510|859,510|859,2,510,data_2000_5_5.5_chordal,val_epoch_task,val,cycle4,46,,,,,,,,,,2000,855.0,110.0,1018.0,17.0,0.8860103626943006,0.9805045871559633,0.9308655261993408,0.9308655261993408,0.9308655261993408,872.0,0.4359999895095825
fedavg,fedavg,510|859,510|859,2,510,data_2000_5_5.5_chordal,val_epoch_task,val,cycle5,46,,,,,,,,,,2000,1005.0,141.0,806.0,48.0,0.8769633507853403,0.9544159544159544,0.9140518307685852,0.9140518307685852,0.8950583338737488,1053.0,0.5264999866485596
fedavg,fedavg,510|859,510|859,2,510,data_2000_5_5.5_chordal,val_epoch_task,val,cycle6,46,,,,,,,,,,2000,1017.0,184.0,694.0,105.0,0.8467943380516236,0.9064171122994652,0.8755919337272644,0.8755919337272644,0.8276684880256653,1122.0,0.5609999895095825
fedavg,fedavg,510|859,510|859,2,859,data_2000_4_1.5_chordal,train_epoch,train,,46,1.0,0.21792305934429168,,,,,,,,2000,,,,,,,,,,,
fedavg,fedavg,510|859,510|859,2,859,data_2000_4_1.5_chordal,val_epoch,val,,46,,,0.3464434035420418,0.9387,0.7885000109672546,0.8794493608652901,0.7845269441604614,0.7845269441604614,0.7845269441604614,2000,,,,,,,,,,,
fedavg,fedavg,510|859,510|859,2,859,data_2000_4_1.5_chordal,val_epoch_task,val,cycle2,46,,,,,,,,,,2000,862.0,10.0,1128.0,0.0,0.9885321100917431,1.0,0.9942330121994019,0.9942330121994019,0.9942330121994019,862.0,0.4309999942779541
fedavg,fedavg,510|859,510|859,2,859,data_2000_4_1.5_chordal,val_epoch_task,val,cycle3,46,,,,,,,,,,2000,691.0,24.0,1285.0,0.0,0.9664335664335665,1.0,0.9829303622245789,0.9829303622245789,0.9829303622245789,691.0,0.34549999237060547
fedavg,fedavg,510|859,510|859,2,859,data_2000_4_1.5_chordal,val_epoch_task,val,cycle4,46,,,,,,,,,,2000,379.0,105.0,1504.0,12.0,0.7830578512396694,0.969309462915601,0.8662857413291931,0.8662857413291931,0.8662857413291931,391.0,0.19550000131130219
fedavg,fedavg,510|859,510|859,2,859,data_2000_4_1.5_chordal,val_epoch_task,val,cycle5,46,,,,,,,,,,2000,219.0,189.0,1575.0,17.0,0.5367647058823529,0.9279661016949152,0.6801242232322693,0.6801242232322693,0.6801242232322693,236.0,0.11800000071525574
fedavg,fedavg,510|859,510|859,2,859,data_2000_4_1.5_chordal,val_epoch_task,val,cycle6,46,,,,,,,,,,2000,85.0,213.0,1659.0,43.0,0.28523489932885904,0.6640625,0.39906102418899536,0.39906102418899536,0.39906102418899536,128.0,0.06400000303983688
fedavg,fedavg,510|859,510|859,2,510,data_2000_5_5.5_chordal,global_val_client,val,,46,,,0.23727502223849298,0.911,0.6675000190734863,0.9047517123287673,0.9137689471244812,0.9137689471244812,0.8915976285934448,2000,,,,,,,,,,,
fedavg,fedavg,510|859,510|859,2,510,data_2000_5_5.5_chordal,global_val_client_task,val,cycle2,46,,,,,,,,,,2000,532.0,30.0,1438.0,0.0,0.9466192170818505,1.0,0.972577691078186,0.972577691078186,0.972577691078186,532.0,0.26600000262260437
fedavg,fedavg,510|859,510|859,2,510,data_2000_5_5.5_chordal,global_val_client_task,val,cycle3,46,,,,,,,,,,2000,730.0,109.0,1161.0,0.0,0.8700834326579261,1.0,0.930528998374939,0.930528998374939,0.930528998374939,730.0,0.36500000953674316
fedavg,fedavg,510|859,510|859,2,510,data_2000_5_5.5_chordal,global_val_client_task,val,cycle4,46,,,,,,,,,,2000,869.0,189.0,939.0,3.0,0.8213610586011342,0.9965596330275229,0.9005181193351746,0.9005181193351746,0.9005181193351746,872.0,0.4359999895095825
fedavg,fedavg,510|859,510|859,2,510,data_2000_5_5.5_chordal,global_val_client_task,val,cycle5,46,,,,,,,,,,2000,1048.0,233.0,714.0,5.0,0.8181108508977362,0.9952516619183286,0.898029088973999,0.898029088973999,0.8571428656578064,1053.0,0.5264999866485596
fedavg,fedavg,510|859,510|859,2,510,data_2000_5_5.5_chordal,global_val_client_task,val,cycle6,46,,,,,,,,,,2000,1048.0,247.0,631.0,74.0,0.8092664092664092,0.9340463458110517,0.8671906590461731,0.8671906590461731,0.7972204685211182,1122.0,0.5609999895095825
fedavg,fedavg,510|859,510|859,2,859,data_2000_4_1.5_chordal,global_val_client,val,,46,,,0.25025141882896423,0.9473,0.8140000104904175,0.8959115149121074,0.8141568899154663,0.8141568899154663,0.8141568899154663,2000,,,,,,,,,,,
fedavg,fedavg,510|859,510|859,2,859,data_2000_4_1.5_chordal,global_val_client_task,val,cycle2,46,,,,,,,,,,2000,862.0,2.0,1136.0,0.0,0.9976851851851852,1.0,0.9988412261009216,0.9988412261009216,0.9988412261009216,862.0,0.4309999942779541
fedavg,fedavg,510|859,510|859,2,859,data_2000_4_1.5_chordal,global_val_client_task,val,cycle3,46,,,,,,,,,,2000,689.0,23.0,1286.0,2.0,0.9676966292134831,0.9971056439942113,0.9821810722351074,0.9821810722351074,0.9821810722351074,691.0,0.34549999237060547
fedavg,fedavg,510|859,510|859,2,859,data_2000_4_1.5_chordal,global_val_client_task,val,cycle4,46,,,,,,,,,,2000,387.0,59.0,1550.0,4.0,0.8677130044843049,0.989769820971867,0.9247311949729919,0.9247311949729919,0.9247311949729919,391.0,0.19550000131130219
fedavg,fedavg,510|859,510|859,2,859,data_2000_4_1.5_chordal,global_val_client_task,val,cycle5,46,,,,,,,,,,2000,228.0,150.0,1614.0,8.0,0.6031746031746031,0.9661016949152542,0.742671012878418,0.742671012878418,0.742671012878418,236.0,0.11800000071525574
fedavg,fedavg,510|859,510|859,2,859,data_2000_4_1.5_chordal,global_val_client_task,val,cycle6,46,,,,,,,,,,2000,102.0,253.0,1619.0,26.0,0.28732394366197184,0.796875,0.42236027121543884,0.42236027121543884,0.42236027121543884,128.0,0.06400000303983688
fedavg,fedavg,510|859,510|859,2,all,all,global_val_mean,val,,46,,,0.2437632205337286,0.9291500000000001,0.7407500147819519,0.9003316136204373,0.8639629185199738,0.8639629185199738,0.8528772592544556,4000,,,,,,,,,,,
fedavg,fedavg,510|859,510|859,2,510,data_2000_5_5.5_chordal,train_epoch,train,,47,1.0,0.18393463551998138,,,,,,,,2000,,,,,,,,,,,
fedavg,fedavg,510|859,510|859,2,510,data_2000_5_5.5_chordal,val_epoch,val,,47,,,0.17950342321395873,0.9277,0.7145000100135803,0.919657739748861,0.928991436958313,0.928991436958313,0.91339510679245,2000,,,,,,,,,,,
fedavg,fedavg,510|859,510|859,2,510,data_2000_5_5.5_chordal,val_epoch_task,val,cycle2,47,,,,,,,,,,2000,531.0,22.0,1446.0,1.0,0.9602169981916817,0.9981203007518797,0.9788018465042114,0.9788018465042114,0.9788018465042114,532.0,0.26600000262260437
fedavg,fedavg,510|859,510|859,2,510,data_2000_5_5.5_chordal,val_epoch_task,val,cycle3,47,,,,,,,,,,2000,729.0,70.0,1200.0,1.0,0.9123904881101377,0.9986301369863013,0.9535644054412842,0.9535644054412842,0.9535644054412842,730.0,0.36500000953674316
fedavg,fedavg,510|859,510|859,2,510,data_2000_5_5.5_chordal,val_epoch_task,val,cycle4,47,,,,,,,,,,2000,856.0,106.0,1022.0,16.0,0.8898128898128899,0.981651376146789,0.9334787130355835,0.9334787130355835,0.9334787130355835,872.0,0.4359999895095825
fedavg,fedavg,510|859,510|859,2,510,data_2000_5_5.5_chordal,val_epoch_task,val,cycle5,47,,,,,,,,,,2000,996.0,133.0,814.0,57.0,0.8821966341895483,0.9458689458689459,0.9129238724708557,0.9129238724708557,0.8954895734786987,1053.0,0.5264999866485596
fedavg,fedavg,510|859,510|859,2,510,data_2000_5_5.5_chordal,val_epoch_task,val,cycle6,47,,,,,,,,,,2000,1026.0,221.0,657.0,96.0,0.8227746591820368,0.9144385026737968,0.8661882281303406,0.8661882281303406,0.805640697479248,1122.0,0.5609999895095825
fedavg,fedavg,510|859,510|859,2,859,data_2000_4_1.5_chordal,train_epoch,train,,47,1.0,0.22054219603538514,,,,,,,,2000,,,,,,,,,,,
fedavg,fedavg,510|859,510|859,2,859,data_2000_4_1.5_chordal,val_epoch,val,,47,,,0.25211728787422183,0.922,0.7515000104904175,0.8542056074766355,0.7760622501373291,0.7760622501373291,0.7760622501373291,2000,,,,,,,,,,,
fedavg,fedavg,510|859,510|859,2,859,data_2000_4_1.5_chordal,val_epoch_task,val,cycle2,47,,,,,,,,,,2000,862.0,1.0,1137.0,0.0,0.9988412514484357,1.0,0.9994202256202698,0.9994202256202698,0.9994202256202698,862.0,0.4309999942779541
fedavg,fedavg,510|859,510|859,2,859,data_2000_4_1.5_chordal,val_epoch_task,val,cycle3,47,,,,,,,,,,2000,690.0,18.0,1291.0,1.0,0.9745762711864406,0.9985528219971056,0.9864189028739929,0.9864189028739929,0.9864189028739929,691.0,0.34549999237060547
fedavg,fedavg,510|859,510|859,2,859,data_2000_4_1.5_chordal,val_epoch_task,val,cycle4,47,,,,,,,,,,2000,382.0,73.0,1536.0,9.0,0.8395604395604396,0.9769820971867008,0.903073251247406,0.903073251247406,0.903073251247406,391.0,0.19550000131130219
fedavg,fedavg,510|859,510|859,2,859,data_2000_4_1.5_chordal,val_epoch_task,val,cycle5,47,,,,,,,,,,2000,234.0,300.0,1464.0,2.0,0.43820224719101125,0.9915254237288136,0.6077921986579895,0.6077921986579895,0.6077921986579895,236.0,0.11800000071525574
fedavg,fedavg,510|859,510|859,2,859,data_2000_4_1.5_chordal,val_epoch_task,val,cycle6,47,,,,,,,,,,2000,117.0,365.0,1507.0,11.0,0.24273858921161826,0.9140625,0.38360655307769775,0.38360655307769775,0.38360655307769775,128.0,0.06400000303983688
fedavg,fedavg,510|859,510|859,2,510,data_2000_5_5.5_chordal,global_val_client,val,,47,,,0.21682197391986846,0.9184,0.6815000176429749,0.9120689655172414,0.9206825494766235,0.9206825494766235,0.8988051414489746,2000,,,,,,,,,,,
fedavg,fedavg,510|859,510|859,2,510,data_2000_5_5.5_chordal,global_val_client_task,val,cycle2,47,,,,,,,,,,2000,532.0,37.0,1431.0,0.0,0.9349736379613357,1.0,0.9663941860198975,0.9663941860198975,0.9663941860198975,532.0,0.26600000262260437
fedavg,fedavg,510|859,510|859,2,510,data_2000_5_5.5_chordal,global_val_client_task,val,cycle3,47,,,,,,,,,,2000,729.0,76.0,1194.0,1.0,0.9055900621118013,0.9986301369863013,0.9498371481895447,0.9498371481895447,0.9498371481895447,730.0,0.36500000953674316
fedavg,fedavg,510|859,510|859,2,510,data_2000_5_5.5_chordal,global_val_client_task,val,cycle4,47,,,,,,,,,,2000,854.0,148.0,980.0,18.0,0.8522954091816367,0.9793577981651376,0.9114194512367249,0.9114194512367249,0.9114194512367249,872.0,0.4359999895095825
fedavg,fedavg,510|859,510|859,2,510,data_2000_5_5.5_chordal,global_val_client_task,val,cycle5,47,,,,,,,,,,2000,1047.0,230.0,717.0,6.0,0.8198903680501175,0.9943019943019943,0.8987124562263489,0.8987124562263489,0.8586826324462891,1053.0,0.5264999866485596
fedavg,fedavg,510|859,510|859,2,510,data_2000_5_5.5_chordal,global_val_client_task,val,cycle6,47,,,,,,,,,,2000,1070.0,248.0,630.0,52.0,0.8118361153262519,0.9536541889483066,0.8770492076873779,0.8770492076873779,0.807692289352417,1122.0,0.5609999895095825
fedavg,fedavg,510|859,510|859,2,859,data_2000_4_1.5_chordal,global_val_client,val,,47,,,0.23174333864450455,0.9451,0.8015000224113464,0.8918226600985221,0.8105282783508301,0.8105282783508301,0.8105282783508301,2000,,,,,,,,,,,
fedavg,fedavg,510|859,510|859,2,859,data_2000_4_1.5_chordal,global_val_client_task,val,cycle2,47,,,,,,,,,,2000,862.0,3.0,1135.0,0.0,0.9965317919075144,1.0,0.998262882232666,0.998262882232666,0.998262882232666,862.0,0.4309999942779541
fedavg,fedavg,510|859,510|859,2,859,data_2000_4_1.5_chordal,global_val_client_task,val,cycle3,47,,,,,,,,,,2000,691.0,9.0,1300.0,0.0,0.9871428571428571,1.0,0.9935298562049866,0.9935298562049866,0.9935298562049866,691.0,0.34549999237060547
fedavg,fedavg,510|859,510|859,2,859,data_2000_4_1.5_chordal,global_val_client_task,val,cycle4,47,,,,,,,,,,2000,376.0,42.0,1567.0,15.0,0.8995215311004785,0.9616368286445013,0.9295426607131958,0.9295426607131958,0.9295426607131958,391.0,0.19550000131130219
fedavg,fedavg,510|859,510|859,2,859,data_2000_4_1.5_chordal,global_val_client_task,val,cycle5,47,,,,,,,,,,2000,229.0,168.0,1596.0,7.0,0.5768261964735516,0.9703389830508474,0.7235388159751892,0.7235388159751892,0.7235388159751892,236.0,0.11800000071525574
fedavg,fedavg,510|859,510|859,2,859,data_2000_4_1.5_chordal,global_val_client_task,val,cycle6,47,,,,,,,,,,2000,105.0,282.0,1590.0,23.0,0.2713178294573643,0.8203125,0.40776699781417847,0.40776699781417847,0.40776699781417847,128.0,0.06400000303983688
fedavg,fedavg,510|859,510|859,2,all,all,global_val_mean,val,,47,,,0.22428265628218652,0.93175,0.7415000200271606,0.9019458128078818,0.8656054139137268,0.8656054139137268,0.8546667098999023,4000,,,,,,,,,,,
fedavg,fedavg,510|859,510|859,2,510,data_2000_5_5.5_chordal,train_epoch,train,,48,1.0,0.1852591391801834,,,,,,,,2000,,,,,,,,,,,
fedavg,fedavg,510|859,510|859,2,510,data_2000_5_5.5_chordal,val_epoch,val,,48,,,0.17927694380283354,0.9273,0.7170000076293945,0.9179365616886781,0.9277291297912598,0.9277291297912598,0.9133509397506714,2000,,,,,,,,,,,
fedavg,fedavg,510|859,510|859,2,510,data_2000_5_5.5_chordal,val_epoch_task,val,cycle2,48,,,,,,,,,,2000,531.0,23.0,1445.0,1.0,0.9584837545126353,0.9981203007518797,0.9779005646705627,0.9779005646705627,0.9779005646705627,532.0,0.26600000262260437
fedavg,fedavg,510|859,510|859,2,510,data_2000_5_5.5_chordal,val_epoch_task,val,cycle3,48,,,,,,,,,,2000,723.0,53.0,1217.0,7.0,0.9317010309278351,0.9904109589041096,0.9601593613624573,0.9601593613624573,0.9601593613624573,730.0,0.36500000953674316
fedavg,fedavg,510|859,510|859,2,510,data_2000_5_5.5_chordal,val_epoch_task,val,cycle4,48,,,,,,,,,,2000,820.0,79.0,1049.0,52.0,0.9121245828698554,0.9403669724770642,0.9260304570198059,0.9260304570198059,0.9260304570198059,872.0,0.4359999895095825
fedavg,fedavg,510|859,510|859,2,510,data_2000_5_5.5_chordal,val_epoch_task,val,cycle5,48,,,,,,,,,,2000,991.0,117.0,830.0,62.0,0.894404332129964,0.9411206077872745,0.9171679615974426,0.9171679615974426,0.9026644825935364,1053.0,0.5264999866485596
fedavg,fedavg,510|859,510|859,2,510,data_2000_5_5.5_chordal,val_epoch_task,val,cycle6,48,,,,,,,,,,2000,1001.0,212.0,666.0,121.0,0.8252267106347898,0.8921568627450981,0.8573875427246094,0.8573875427246094,0.7999999523162842,1122.0,0.5609999895095825
fedavg,fedavg,510|859,510|859,2,859,data_2000_4_1.5_chordal,train_epoch,train,,48,1.0,0.20432867443561553,,,,,,,,2000,,,,,,,,,,,
fedavg,fedavg,510|859,510|859,2,859,data_2000_4_1.5_chordal,val_epoch,val,,48,,,0.2526273699700832,0.9477,0.8190000057220459,0.8964561472975648,0.814947247505188,0.814947247505188,0.814947247505188,2000,,,,,,,,,,,
fedavg,fedavg,510|859,510|859,2,859,data_2000_4_1.5_chordal,val_epoch_task,val,cycle2,48,,,,,,,,,,2000,862.0,5.0,1133.0,0.0,0.994232987312572,1.0,0.9971081614494324,0.9971081614494324,0.9971081614494324,862.0,0.4309999942779541
fedavg,fedavg,510|859,510|859,2,859,data_2000_4_1.5_chordal,val_epoch_task,val,cycle3,48,,,,,,,,,,2000,690.0,19.0,1290.0,1.0,0.9732016925246827,0.9985528219971056,0.9857142567634583,0.9857142567634583,0.9857142567634583,691.0,0.34549999237060547
fedavg,fedavg,510|859,510|859,2,859,data_2000_4_1.5_chordal,val_epoch_task,val,cycle4,48,,,,,,,,,,2000,384.0,49.0,1560.0,7.0,0.8868360277136259,0.9820971867007673,0.9320389032363892,0.9320389032363892,0.9320389032363892,391.0,0.19550000131130219
fedavg,fedavg,510|859,510|859,2,859,data_2000_4_1.5_chordal,val_epoch_task,val,cycle5,48,,,,,,,,,,2000,222.0,161.0,1603.0,14.0,0.5796344647519582,0.940677966101695,0.7172859907150269,0.7172859907150269,0.7172859907150269,236.0,0.11800000071525574
fedavg,fedavg,510|859,510|859,2,859,data_2000_4_1.5_chordal,val_epoch_task,val,cycle6,48,,,,,,,,,,2000,106.0,245.0,1627.0,22.0,0.301994301994302,0.828125,0.4425886869430542,0.4425886869430542,0.4425886869430542,128.0,0.06400000303983688
fedavg,fedavg,510|859,510|859,2,510,data_2000_5_5.5_chordal,global_val_client,val,,48,,,0.20534577625989914,0.9224,0.6959999799728394,0.9153208206023571,0.9249668121337891,0.9249668121337891,0.9057823419570923,2000,,,,,,,,,,,
fedavg,fedavg,510|859,510|859,2,510,data_2000_5_5.5_chordal,global_val_client_task,val,cycle2,48,,,,,,,,,,2000,532.0,25.0,1443.0,0.0,0.9551166965888689,1.0,0.9770431518554688,0.9770431518554688,0.9770431518554688,532.0,0.26600000262260437
fedavg,fedavg,510|859,510|859,2,510,data_2000_5_5.5_chordal,global_val_client_task,val,cycle3,48,,,,,,,,,,2000,729.0,68.0,1202.0,1.0,0.9146800501882058,0.9986301369863013,0.9548133611679077,0.9548133611679077,0.9548133611679077,730.0,0.36500000953674316
fedavg,fedavg,510|859,510|859,2,510,data_2000_5_5.5_chordal,global_val_client_task,val,cycle4,48,,,,,,,,,,2000,859.0,141.0,987.0,13.0,0.859,0.9850917431192661,0.9177350997924805,0.9177350997924805,0.9177350997924805,872.0,0.4359999895095825
fedavg,fedavg,510|859,510|859,2,510,data_2000_5_5.5_chordal,global_val_client_task,val,cycle5,48,,,,,,,,,,2000,1030.0,189.0,758.0,23.0,0.844954881050041,0.9781576448243114,0.9066901803016663,0.9066901803016663,0.8773148059844971,1053.0,0.5264999866485596
fedavg,fedavg,510|859,510|859,2,510,data_2000_5_5.5_chordal,global_val_client_task,val,cycle6,48,,,,,,,,,,2000,1044.0,238.0,640.0,78.0,0.8143525741029641,0.93048128342246,0.8685523867607117,0.8685523867607117,0.8020050525665283,1122.0,0.5609999895095825
fedavg,fedavg,510|859,510|859,2,859,data_2000_4_1.5_chordal,global_val_client,val,,48,,,0.2464208719432354,0.9604,0.8500000238418579,0.918785890073831,0.840192437171936,0.840192437171936,0.840192437171936,2000,,,,,,,,,,,
fedavg,fedavg,510|859,510|859,2,859,data_2000_4_1.5_chordal,global_val_client_task,val,cycle2,48,,,,,,,,,,2000,862.0,2.0,1136.0,0.0,0.9976851851851852,1.0,0.9988412261009216,0.9988412261009216,0.9988412261009216,862.0,0.4309999942779541
fedavg,fedavg,510|859,510|859,2,859,data_2000_4_1.5_chordal,global_val_client_task,val,cycle3,48,,,,,,,,,,2000,689.0,9.0,1300.0,2.0,0.9871060171919771,0.9971056439942113,0.9920806288719177,0.9920806288719177,0.9920806288719177,691.0,0.34549999237060547
fedavg,fedavg,510|859,510|859,2,859,data_2000_4_1.5_chordal,global_val_client_task,val,cycle4,48,,,,,,,,,,2000,376.0,28.0,1581.0,15.0,0.9306930693069307,0.9616368286445013,0.9459120035171509,0.9459120035171509,0.9459120035171509,391.0,0.19550000131130219
fedavg,fedavg,510|859,510|859,2,859,data_2000_4_1.5_chordal,global_val_client_task,val,cycle5,48,,,,,,,,,,2000,210.0,86.0,1678.0,26.0,0.7094594594594594,0.8898305084745762,0.7894737124443054,0.7894737124443054,0.7894737124443054,236.0,0.11800000071525574
fedavg,fedavg,510|859,510|859,2,859,data_2000_4_1.5_chordal,global_val_client_task,val,cycle6,48,,,,,,,,,,2000,103.0,203.0,1669.0,25.0,0.3366013071895425,0.8046875,0.4746544361114502,0.4746544361114502,0.4746544361114502,128.0,0.06400000303983688
fedavg,fedavg,510|859,510|859,2,all,all,global_val_mean,val,,48,,,0.22588332410156728,0.9414,0.7730000019073486,0.9170533553380941,0.8825796246528625,0.8825796246528625,0.8729873895645142,4000,,,,,,,,,,,
fedavg,fedavg,510|859,510|859,2,510,data_2000_5_5.5_chordal,train_epoch,train,,49,1.0,0.1903088443875313,,,,,,,,2000,,,,,,,,,,,
fedavg,fedavg,510|859,510|859,2,510,data_2000_5_5.5_chordal,val_epoch,val,,49,,,0.17490303349494934,0.9315,0.722000002861023,0.9230250589953929,0.9326998591423035,0.9326998591423035,0.9182092547416687,2000,,,,,,,,,,,
fedavg,fedavg,510|859,510|859,2,510,data_2000_5_5.5_chordal,val_epoch_task,val,cycle2,49,,,,,,,,,,2000,530.0,22.0,1446.0,2.0,0.9601449275362319,0.9962406015037594,0.9778597950935364,0.9778597950935364,0.9778597950935364,532.0,0.26600000262260437
fedavg,fedavg,510|859,510|859,2,510,data_2000_5_5.5_chordal,val_epoch_task,val,cycle3,49,,,,,,,,,,2000,722.0,43.0,1227.0,8.0,0.9437908496732026,0.989041095890411,0.9658862948417664,0.9658862948417664,0.9658862948417664,730.0,0.36500000953674316
fedavg,fedavg,510|859,510|859,2,510,data_2000_5_5.5_chordal,val_epoch_task,val,cycle4,49,,,,,,,,,,2000,855.0,98.0,1030.0,17.0,0.8971668415529905,0.9805045871559633,0.9369862675666809,0.9369862675666809,0.9369862675666809,872.0,0.4359999895095825
fedavg,fedavg,510|859,510|859,2,510,data_2000_5_5.5_chordal,val_epoch_task,val,cycle5,49,,,,,,,,,,2000,980.0,97.0,850.0,73.0,0.9099350046425255,0.9306742640075973,0.920187771320343,0.920187771320343,0.9090909361839294,1053.0,0.5264999866485596
fedavg,fedavg,510|859,510|859,2,510,data_2000_5_5.5_chordal,val_epoch_task,val,cycle6,49,,,,,,,,,,2000,1020.0,223.0,655.0,102.0,0.8205953338696702,0.9090909090909091,0.8625792860984802,0.8625792860984802,0.8012232184410095,1122.0,0.5609999895095825
fedavg,fedavg,510|859,510|859,2,859,data_2000_4_1.5_chordal,train_epoch,train,,49,1.0,0.22638202118873596,,,,,,,,2000,,,,,,,,,,,
fedavg,fedavg,510|859,510|859,2,859,data_2000_4_1.5_chordal,val_epoch,val,,49,,,0.2658410099744797,0.9486,0.8199999928474426,0.8978943186332936,0.8147329092025757,0.8147329092025757,0.8147329092025757,2000,,,,,,,,,,,
fedavg,fedavg,510|859,510|859,2,859,data_2000_4_1.5_chordal,val_epoch_task,val,cycle2,49,,,,,,,,,,2000,862.0,2.0,1136.0,0.0,0.9976851851851852,1.0,0.9988412261009216,0.9988412261009216,0.9988412261009216,862.0,0.4309999942779541
fedavg,fedavg,510|859,510|859,2,859,data_2000_4_1.5_chordal,val_epoch_task,val,cycle3,49,,,,,,,,,,2000,687.0,13.0,1296.0,4.0,0.9814285714285714,0.9942112879884226,0.9877786636352539,0.9877786636352539,0.9877786636352539,691.0,0.34549999237060547
fedavg,fedavg,510|859,510|859,2,859,data_2000_4_1.5_chordal,val_epoch_task,val,cycle4,49,,,,,,,,,,2000,385.0,89.0,1520.0,6.0,0.8122362869198312,0.9846547314578005,0.8901734352111816,0.8901734352111816,0.8901734352111816,391.0,0.19550000131130219
fedavg,fedavg,510|859,510|859,2,859,data_2000_4_1.5_chordal,val_epoch_task,val,cycle5,49,,,,,,,,,,2000,224.0,145.0,1619.0,12.0,0.6070460704607046,0.9491525423728814,0.7404958605766296,0.7404958605766296,0.7404958605766296,236.0,0.11800000071525574
fedavg,fedavg,510|859,510|859,2,859,data_2000_4_1.5_chordal,val_epoch_task,val,cycle6,49,,,,,,,,,,2000,102.0,217.0,1655.0,26.0,0.31974921630094044,0.796875,0.4563758075237274,0.4563758075237274,0.4563758075237274,128.0,0.06400000303983688
fedavg,fedavg,510|859,510|859,2,510,data_2000_5_5.5_chordal,global_val_client,val,,49,,,0.19848690670728683,0.9219,0.6974999904632568,0.9143546441495778,0.9231084585189819,0.9231084585189819,0.9073284268379211,2000,,,,,,,,,,,
fedavg,fedavg,510|859,510|859,2,510,data_2000_5_5.5_chordal,global_val_client_task,val,cycle2,49,,,,,,,,,,2000,532.0,29.0,1439.0,0.0,0.948306595365419,1.0,0.9734675884246826,0.9734675884246826,0.9734675884246826,532.0,0.26600000262260437
fedavg,fedavg,510|859,510|859,2,510,data_2000_5_5.5_chordal,global_val_client_task,val,cycle3,49,,,,,,,,,,2000,729.0,68.0,1202.0,1.0,0.9146800501882058,0.9986301369863013,0.9548133611679077,0.9548133611679077,0.9548133611679077,730.0,0.36500000953674316
fedavg,fedavg,510|859,510|859,2,510,data_2000_5_5.5_chordal,global_val_client_task,val,cycle4,49,,,,,,,,,,2000,862.0,171.0,957.0,10.0,0.8344627299128751,0.9885321100917431,0.9049868583679199,0.9049868583679199,0.9049868583679199,872.0,0.4359999895095825
fedavg,fedavg,510|859,510|859,2,510,data_2000_5_5.5_chordal,global_val_client_task,val,cycle5,49,,,,,,,,,,2000,1027.0,172.0,775.0,26.0,0.8565471226021685,0.9753086419753086,0.9120782017707825,0.9120782017707825,0.8867276310920715,1053.0,0.5264999866485596
fedavg,fedavg,510|859,510|859,2,510,data_2000_5_5.5_chordal,global_val_client_task,val,cycle6,49,,,,,,,,,,2000,1019.0,201.0,677.0,103.0,0.8352459016393443,0.9081996434937611,0.8701964020729065,0.8701964020729065,0.8166465759277344,1122.0,0.5609999895095825
fedavg,fedavg,510|859,510|859,2,859,data_2000_4_1.5_chordal,global_val_client,val,,49,,,0.26148093450069426,0.957,0.8399999737739563,0.9126371393742382,0.8314555883407593,0.8314555883407593,0.8314555883407593,2000,,,,,,,,,,,
fedavg,fedavg,510|859,510|859,2,859,data_2000_4_1.5_chordal,global_val_client_task,val,cycle2,49,,,,,,,,,,2000,862.0,3.0,1135.0,0.0,0.9965317919075144,1.0,0.998262882232666,0.998262882232666,0.998262882232666,862.0,0.4309999942779541
fedavg,fedavg,510|859,510|859,2,859,data_2000_4_1.5_chordal,global_val_client_task,val,cycle3,49,,,,,,,,,,2000,687.0,13.0,1296.0,4.0,0.9814285714285714,0.9942112879884226,0.9877786636352539,0.9877786636352539,0.9877786636352539,691.0,0.34549999237060547
fedavg,fedavg,510|859,510|859,2,859,data_2000_4_1.5_chordal,global_val_client_task,val,cycle4,49,,,,,,,,,,2000,386.0,47.0,1562.0,5.0,0.8914549653579676,0.9872122762148338,0.9368931651115417,0.9368931651115417,0.9368931651115417,391.0,0.19550000131130219
fedavg,fedavg,510|859,510|859,2,859,data_2000_4_1.5_chordal,global_val_client_task,val,cycle5,49,,,,,,,,,,2000,213.0,91.0,1673.0,23.0,0.7006578947368421,0.902542372881356,0.7888889312744141,0.7888889312744141,0.7888889312744141,236.0,0.11800000071525574
fedavg,fedavg,510|859,510|859,2,859,data_2000_4_1.5_chordal,global_val_client_task,val,cycle6,49,,,,,,,,,,2000,98.0,214.0,1658.0,30.0,0.3141025641025641,0.765625,0.44545456767082214,0.44545456767082214,0.44545456767082214,128.0,0.06400000303983688
fedavg,fedavg,510|859,510|859,2,all,all,global_val_mean,val,,49,,,0.22998392060399056,0.93945,0.7687499821186066,0.9134958917619079,0.8772820234298706,0.8772820234298706,0.8693920075893402,4000,,,,,,,,,,,
fedavg,fedavg,510|859,510|859,2,510,data_2000_5_5.5_chordal,train_epoch,train,,50,1.0,0.1762996706366539,,,,,,,,2000,,,,,,,,,,,
fedavg,fedavg,510|859,510|859,2,510,data_2000_5_5.5_chordal,val_epoch,val,,50,,,0.19862810695171357,0.9237,0.7009999752044678,0.9123290819257728,0.9212128520011902,0.9212128520011902,0.9100127220153809,2000,,,,,,,,,,,
fedavg,fedavg,510|859,510|859,2,510,data_2000_5_5.5_chordal,val_epoch_task,val,cycle2,50,,,,,,,,,,2000,532.0,23.0,1445.0,0.0,0.9585585585585585,1.0,0.9788408279418945,0.9788408279418945,0.9788408279418945,532.0,0.26600000262260437
fedavg,fedavg,510|859,510|859,2,510,data_2000_5_5.5_chordal,val_epoch_task,val,cycle3,50,,,,,,,,,,2000,695.0,59.0,1211.0,35.0,0.9217506631299734,0.952054794520548,0.9366576671600342,0.9366576671600342,0.9366576671600342,730.0,0.36500000953674316
fedavg,fedavg,510|859,510|859,2,510,data_2000_5_5.5_chordal,val_epoch_task,val,cycle4,50,,,,,,,,,,2000,792.0,59.0,1069.0,80.0,0.9306698002350177,0.908256880733945,0.9193267822265625,0.9193267822265625,0.9193267822265625,872.0,0.4359999895095825
fedavg,fedavg,510|859,510|859,2,510,data_2000_5_5.5_chordal,val_epoch_task,val,cycle5,50,,,,,,,,,,2000,975.0,118.0,829.0,78.0,0.8920402561756633,0.9259259259259259,0.908667266368866,0.908667266368866,0.8942826390266418,1053.0,0.5264999866485596
fedavg,fedavg,510|859,510|859,2,510,data_2000_5_5.5_chordal,val_epoch_task,val,cycle6,50,,,,,,,,,,2000,976.0,165.0,713.0,146.0,0.8553900087642419,0.8698752228163993,0.8625718355178833,0.8625718355178833,0.8209556937217712,1122.0,0.5609999895095825
fedavg,fedavg,510|859,510|859,2,859,data_2000_4_1.5_chordal,train_epoch,train,,50,1.0,0.22928994119167329,,,,,,,,2000,,,,,,,,,,,
fedavg,fedavg,510|859,510|859,2,859,data_2000_4_1.5_chordal,val_epoch,val,,50,,,0.33454673194885254,0.9187,0.7269999980926514,0.8483491885842193,0.7598848938941956,0.7598848938941956,0.7598848938941956,2000,,,,,,,,,,,
fedavg,fedavg,510|859,510|859,2,859,data_2000_4_1.5_chordal,val_epoch_task,val,cycle2,50,,,,,,,,,,2000,862.0,3.0,1135.0,0.0,0.9965317919075144,1.0,0.998262882232666,0.998262882232666,0.998262882232666,862.0,0.4309999942779541
fedavg,fedavg,510|859,510|859,2,859,data_2000_4_1.5_chordal,val_epoch_task,val,cycle3,50,,,,,,,,,,2000,691.0,52.0,1257.0,0.0,0.9300134589502019,1.0,0.9637378454208374,0.9637378454208374,0.9637378454208374,691.0,0.34549999237060547
fedavg,fedavg,510|859,510|859,2,859,data_2000_4_1.5_chordal,val_epoch_task,val,cycle4,50,,,,,,,,,,2000,390.0,217.0,1392.0,1.0,0.642504118616145,0.9974424552429667,0.7815631031990051,0.7815631031990051,0.7815631031990051,391.0,0.19550000131130219
fedavg,fedavg,510|859,510|859,2,859,data_2000_4_1.5_chordal,val_epoch_task,val,cycle5,50,,,,,,,,,,2000,232.0,243.0,1521.0,4.0,0.4884210526315789,0.9830508474576272,0.652601957321167,0.652601957321167,0.652601957321167,236.0,0.11800000071525574
fedavg,fedavg,510|859,510|859,2,859,data_2000_4_1.5_chordal,val_epoch_task,val,cycle6,50,,,,,,,,,,2000,99.0,264.0,1608.0,29.0,0.2727272727272727,0.7734375,0.40325865149497986,0.40325865149497986,0.40325865149497986,128.0,0.06400000303983688
fedavg,fedavg,510|859,510|859,2,510,data_2000_5_5.5_chordal,global_val_client,val,,50,,,0.20845343324542046,0.9198,0.6859999895095825,0.9124836316019206,0.9208051562309265,0.9208051562309265,0.903913140296936,2000,,,,,,,,,,,
fedavg,fedavg,510|859,510|859,2,510,data_2000_5_5.5_chordal,global_val_client_task,val,cycle2,50,,,,,,,,,,2000,532.0,28.0,1440.0,0.0,0.95,1.0,0.9743589162826538,0.9743589162826538,0.9743589162826538,532.0,0.26600000262260437
fedavg,fedavg,510|859,510|859,2,510,data_2000_5_5.5_chordal,global_val_client_task,val,cycle3,50,,,,,,,,,,2000,729.0,96.0,1174.0,1.0,0.8836363636363637,0.9986301369863013,0.9376205801963806,0.9376205801963806,0.9376205801963806,730.0,0.36500000953674316
fedavg,fedavg,510|859,510|859,2,510,data_2000_5_5.5_chordal,global_val_client_task,val,cycle4,50,,,,,,,,,,2000,862.0,153.0,975.0,10.0,0.8492610837438423,0.9885321100917431,0.9136195182800293,0.9136195182800293,0.9136195182800293,872.0,0.4359999895095825
fedavg,fedavg,510|859,510|859,2,510,data_2000_5_5.5_chordal,global_val_client_task,val,cycle5,50,,,,,,,,,,2000,1041.0,195.0,752.0,12.0,0.8422330097087378,0.9886039886039886,0.9095674753189087,0.9095674753189087,0.8790180683135986,1053.0,0.5264999866485596
fedavg,fedavg,510|859,510|859,2,510,data_2000_5_5.5_chordal,global_val_client_task,val,cycle6,50,,,,,,,,,,2000,1017.0,202.0,676.0,105.0,0.8342904019688269,0.9064171122994652,0.8688594698905945,0.8688594698905945,0.8149487972259521,1122.0,0.5609999895095825
fedavg,fedavg,510|859,510|859,2,859,data_2000_4_1.5_chordal,global_val_client,val,,50,,,0.25895642709732053,0.9518,0.828000009059906,0.9031739654479711,0.8198622465133667,0.8198622465133667,0.8198622465133667,2000,,,,,,,,,,,
fedavg,fedavg,510|859,510|859,2,859,data_2000_4_1.5_chordal,global_val_client_task,val,cycle2,50,,,,,,,,,,2000,862.0,7.0,1131.0,0.0,0.9919447640966629,1.0,0.9959561228752136,0.9959561228752136,0.9959561228752136,862.0,0.4309999942779541
fedavg,fedavg,510|859,510|859,2,859,data_2000_4_1.5_chordal,global_val_client_task,val,cycle3,50,,,,,,,,,,2000,691.0,19.0,1290.0,0.0,0.9732394366197183,1.0,0.9864382743835449,0.9864382743835449,0.9864382743835449,691.0,0.34549999237060547
fedavg,fedavg,510|859,510|859,2,859,data_2000_4_1.5_chordal,global_val_client_task,val,cycle4,50,,,,,,,,,,2000,377.0,42.0,1567.0,14.0,0.8997613365155132,0.9641943734015346,0.930864155292511,0.930864155292511,0.930864155292511,391.0,0.19550000131130219
fedavg,fedavg,510|859,510|859,2,859,data_2000_4_1.5_chordal,global_val_client_task,val,cycle5,50,,,,,,,,,,2000,221.0,127.0,1637.0,15.0,0.6350574712643678,0.9364406779661016,0.7568493485450745,0.7568493485450745,0.7568493485450745,236.0,0.11800000071525574
fedavg,fedavg,510|859,510|859,2,859,data_2000_4_1.5_chordal,global_val_client_task,val,cycle6,50,,,,,,,,,,2000,97.0,227.0,1645.0,31.0,0.2993827160493827,0.7578125,0.4292035400867462,0.4292035400867462,0.4292035400867462,128.0,0.06400000303983688
fedavg,fedavg,510|859,510|859,2,all,all,global_val_mean,val,,50,,,0.2337049301713705,0.9358,0.7569999992847443,0.9078287985249458,0.8703337013721466,0.8703337013721466,0.8618876934051514,4000,,,,,,,,,,,
fedavg,fedavg,510|859,510|859,2,510,data_2000_5_5.5_chordal,train_epoch,train,,51,1.0,0.18103756541013719,,,,,,,,2000,,,,,,,,,,,
fedavg,fedavg,510|859,510|859,2,510,data_2000_5_5.5_chordal,val_epoch,val,,51,,,0.1823250640630722,0.9263,0.7149999737739563,0.9164114778269252,0.9247720837593079,0.9247720837593079,0.9127709269523621,2000,,,,,,,,,,,
fedavg,fedavg,510|859,510|859,2,510,data_2000_5_5.5_chordal,val_epoch_task,val,cycle2,51,,,,,,,,,,2000,532.0,44.0,1424.0,0.0,0.9236111111111112,1.0,0.9602887630462646,0.9602887630462646,0.9602887630462646,532.0,0.26600000262260437
fedavg,fedavg,510|859,510|859,2,510,data_2000_5_5.5_chordal,val_epoch_task,val,cycle3,51,,,,,,,,,,2000,724.0,49.0,1221.0,6.0,0.9366106080206986,0.9917808219178083,0.9634064435958862,0.9634064435958862,0.9634064435958862,730.0,0.36500000953674316
fedavg,fedavg,510|859,510|859,2,510,data_2000_5_5.5_chordal,val_epoch_task,val,cycle4,51,,,,,,,,,,2000,834.0,82.0,1046.0,38.0,0.9104803493449781,0.9564220183486238,0.9328858852386475,0.9328858852386475,0.9328858852386475,872.0,0.4359999895095825
fedavg,fedavg,510|859,510|859,2,510,data_2000_5_5.5_chordal,val_epoch_task,val,cycle5,51,,,,,,,,,,2000,975.0,111.0,836.0,78.0,0.8977900552486188,0.9259259259259259,0.911641001701355,0.911641001701355,0.8984416723251343,1053.0,0.5264999866485596
fedavg,fedavg,510|859,510|859,2,510,data_2000_5_5.5_chordal,val_epoch_task,val,cycle6,51,,,,,,,,,,2000,975.0,182.0,696.0,147.0,0.8426966292134831,0.8689839572192514,0.8556383848190308,0.8556383848190308,0.808832049369812,1122.0,0.5609999895095825
fedavg,fedavg,510|859,510|859,2,859,data_2000_4_1.5_chordal,train_epoch,train,,51,1.0,0.20715949654579163,,,,,,,,2000,,,,,,,,,,,
fedavg,fedavg,510|859,510|859,2,859,data_2000_4_1.5_chordal,val_epoch,val,,51,,,0.26164379954338074,0.9272,0.7515000104904175,0.8621212121212122,0.7817970514297485,0.7817970514297485,0.7817970514297485,2000,,,,,,,,,,,
fedavg,fedavg,510|859,510|859,2,859,data_2000_4_1.5_chordal,val_epoch_task,val,cycle2,51,,,,,,,,,,2000,862.0,5.0,1133.0,0.0,0.994232987312572,1.0,0.9971081614494324,0.9971081614494324,0.9971081614494324,862.0,0.4309999942779541
fedavg,fedavg,510|859,510|859,2,859,data_2000_4_1.5_chordal,val_epoch_task,val,cycle3,51,,,,,,,,,,2000,689.0,14.0,1295.0,2.0,0.9800853485064012,0.9971056439942113,0.9885222911834717,0.9885222911834717,0.9885222911834717,691.0,0.34549999237060547
fedavg,fedavg,510|859,510|859,2,859,data_2000_4_1.5_chordal,val_epoch_task,val,cycle4,51,,,,,,,,,,2000,381.0,58.0,1551.0,10.0,0.8678815489749431,0.9744245524296675,0.9180722236633301,0.9180722236633301,0.9180722236633301,391.0,0.19550000131130219
fedavg,fedavg,510|859,510|859,2,859,data_2000_4_1.5_chordal,val_epoch_task,val,cycle5,51,,,,,,,,,,2000,234.0,280.0,1484.0,2.0,0.45525291828793774,0.9915254237288136,0.6240000128746033,0.6240000128746033,0.6240000128746033,236.0,0.11800000071525574
fedavg,fedavg,510|859,510|859,2,859,data_2000_4_1.5_chordal,val_epoch_task,val,cycle6,51,,,,,,,,,,2000,110.0,339.0,1533.0,18.0,0.24498886414253898,0.859375,0.3812824785709381,0.3812824785709381,0.3812824785709381,128.0,0.06400000303983688
fedavg,fedavg,510|859,510|859,2,510,data_2000_5_5.5_chordal,global_val_client,val,,51,,,0.22797844752669336,0.9174,0.6784999966621399,0.9110680447889751,0.9203406572341919,0.9203406572341919,0.897710919380188,2000,,,,,,,,,,,
fedavg,fedavg,510|859,510|859,2,510,data_2000_5_5.5_chordal,global_val_client_task,val,cycle2,51,,,,,,,,,,2000,532.0,35.0,1433.0,0.0,0.9382716049382716,1.0,0.9681528806686401,0.9681528806686401,0.9681528806686401,532.0,0.26600000262260437
fedavg,fedavg,510|859,510|859,2,510,data_2000_5_5.5_chordal,global_val_client_task,val,cycle3,51,,,,,,,,,,2000,728.0,74.0,1196.0,2.0,0.9077306733167082,0.9972602739726028,0.9503916501998901,0.9503916501998901,0.9503916501998901,730.0,0.36500000953674316
fedavg,fedavg,510|859,510|859,2,510,data_2000_5_5.5_chordal,global_val_client_task,val,cycle4,51,,,,,,,,,,2000,865.0,151.0,977.0,7.0,0.8513779527559056,0.9919724770642202,0.9163135886192322,0.9163135886192322,0.9163135886192322,872.0,0.4359999895095825
fedavg,fedavg,510|859,510|859,2,510,data_2000_5_5.5_chordal,global_val_client_task,val,cycle5,51,,,,,,,,,,2000,1043.0,238.0,709.0,10.0,0.8142076502732241,0.9905033238366572,0.8937446475028992,0.8937446475028992,0.8511404395103455,1053.0,0.5264999866485596
fedavg,fedavg,510|859,510|859,2,510,data_2000_5_5.5_chordal,global_val_client_task,val,cycle6,51,,,,,,,,,,2000,1063.0,250.0,628.0,59.0,0.8095963442498096,0.9474153297682709,0.8731006979942322,0.8731006979942322,0.8025558590888977,1122.0,0.5609999895095825
fedavg,fedavg,510|859,510|859,2,859,data_2000_4_1.5_chordal,global_val_client,val,,51,,,0.23535197150707246,0.9515,0.8205000162124634,0.9033286824795695,0.823201060295105,0.823201060295105,0.823201060295105,2000,,,,,,,,,,,
fedavg,fedavg,510|859,510|859,2,859,data_2000_4_1.5_chordal,global_val_client_task,val,cycle2,51,,,,,,,,,,2000,862.0,3.0,1135.0,0.0,0.9965317919075144,1.0,0.998262882232666,0.998262882232666,0.998262882232666,862.0,0.4309999942779541
fedavg,fedavg,510|859,510|859,2,859,data_2000_4_1.5_chordal,global_val_client_task,val,cycle3,51,,,,,,,,,,2000,691.0,13.0,1296.0,0.0,0.9815340909090909,1.0,0.990680992603302,0.990680992603302,0.990680992603302,691.0,0.34549999237060547
fedavg,fedavg,510|859,510|859,2,859,data_2000_4_1.5_chordal,global_val_client_task,val,cycle4,51,,,,,,,,,,2000,385.0,43.0,1566.0,6.0,0.8995327102803738,0.9846547314578005,0.94017094373703,0.94017094373703,0.94017094373703,391.0,0.19550000131130219
fedavg,fedavg,510|859,510|859,2,859,data_2000_4_1.5_chordal,global_val_client_task,val,cycle5,51,,,,,,,,,,2000,223.0,134.0,1630.0,13.0,0.6246498599439776,0.9449152542372882,0.7521079778671265,0.7521079778671265,0.7521079778671265,236.0,0.11800000071525574
fedavg,fedavg,510|859,510|859,2,859,data_2000_4_1.5_chordal,global_val_client_task,val,cycle6,51,,,,,,,,,,2000,105.0,250.0,1622.0,23.0,0.29577464788732394,0.8203125,0.43478259444236755,0.43478259444236755,0.43478259444236755,128.0,0.06400000303983688
fedavg,fedavg,510|859,510|859,2,all,all,global_val_mean,val,,51,,,0.2316652095168829,0.93445,0.7495000064373016,0.9071983636342723,0.8717708587646484,0.8717708587646484,0.8604559898376465,4000,,,,,,,,,,,
fedavg,fedavg,510|859,510|859,2,510,data_2000_5_5.5_chordal,train_epoch,train,,52,1.0,0.1831925013065338,,,,,,,,2000,,,,,,,,,,,
fedavg,fedavg,510|859,510|859,2,510,data_2000_5_5.5_chordal,val_epoch,val,,52,,,0.20264696812629698,0.9156,0.6800000071525574,0.9030553641167012,0.9110258221626282,0.9110258221626282,0.902543842792511,2000,,,,,,,,,,,
fedavg,fedavg,510|859,510|859,2,510,data_2000_5_5.5_chordal,val_epoch_task,val,cycle2,52,,,,,,,,,,2000,532.0,62.0,1406.0,0.0,0.8956228956228957,1.0,0.9449378252029419,0.9449378252029419,0.9449378252029419,532.0,0.26600000262260437
fedavg,fedavg,510|859,510|859,2,510,data_2000_5_5.5_chordal,val_epoch_task,val,cycle3,52,,,,,,,,,,2000,719.0,55.0,1215.0,11.0,0.9289405684754521,0.9849315068493151,0.9561170339584351,0.9561170339584351,0.9561170339584351,730.0,0.36500000953674316
fedavg,fedavg,510|859,510|859,2,510,data_2000_5_5.5_chordal,val_epoch_task,val,cycle4,52,,,,,,,,,,2000,833.0,99.0,1029.0,39.0,0.8937768240343348,0.9552752293577982,0.9235033392906189,0.9235033392906189,0.9235033392906189,872.0,0.4359999895095825
fedavg,fedavg,510|859,510|859,2,510,data_2000_5_5.5_chordal,val_epoch_task,val,cycle5,52,,,,,,,,,,2000,945.0,102.0,845.0,108.0,0.9025787965616046,0.8974358974358975,0.8999999761581421,0.8999999761581421,0.8894736766815186,1053.0,0.5264999866485596
fedavg,fedavg,510|859,510|859,2,510,data_2000_5_5.5_chordal,val_epoch_task,val,cycle6,52,,,,,,,,,,2000,902.0,148.0,730.0,220.0,0.8590476190476191,0.803921568627451,0.8305709362030029,0.8305709362030029,0.7986871004104614,1122.0,0.5609999895095825
fedavg,fedavg,510|859,510|859,2,859,data_2000_4_1.5_chordal,train_epoch,train,,52,1.0,0.2009302899837494,,,,,,,,2000,,,,,,,,,,,
fedavg,fedavg,510|859,510|859,2,859,data_2000_4_1.5_chordal,val_epoch,val,,52,,,0.29695691490173337,0.9025,0.7049999833106995,0.8238482384823846,0.7432460784912109,0.7432460784912109,0.7432460784912109,2000,,,,,,,,,,,
fedavg,fedavg,510|859,510|859,2,859,data_2000_4_1.5_chordal,val_epoch_task,val,cycle2,52,,,,,,,,,,2000,861.0,6.0,1132.0,1.0,0.9930795847750865,0.9988399071925754,0.9959514737129211,0.9959514737129211,0.9959514737129211,862.0,0.4309999942779541
fedavg,fedavg,510|859,510|859,2,859,data_2000_4_1.5_chordal,val_epoch_task,val,cycle3,52,,,,,,,,,,2000,686.0,17.0,1292.0,5.0,0.9758179231863442,0.9927641099855282,0.9842181205749512,0.9842181205749512,0.9842181205749512,691.0,0.34549999237060547
fedavg,fedavg,510|859,510|859,2,859,data_2000_4_1.5_chordal,val_epoch_task,val,cycle4,52,,,,,,,,,,2000,389.0,154.0,1455.0,2.0,0.716390423572744,0.9948849104859335,0.8329764604568481,0.8329764604568481,0.8329764604568481,391.0,0.19550000131130219
fedavg,fedavg,510|859,510|859,2,859,data_2000_4_1.5_chordal,val_epoch_task,val,cycle5,52,,,,,,,,,,2000,233.0,368.0,1396.0,3.0,0.3876871880199667,0.9872881355932204,0.5567502975463867,0.5567502975463867,0.5567502975463867,236.0,0.11800000071525574
fedavg,fedavg,510|859,510|859,2,859,data_2000_4_1.5_chordal,val_epoch_task,val,cycle6,52,,,,,,,,,,2000,111.0,402.0,1470.0,17.0,0.21637426900584794,0.8671875,0.3463338613510132,0.3463338613510132,0.3463338613510132,128.0,0.06400000303983688
fedavg,fedavg,510|859,510|859,2,510,data_2000_5_5.5_chordal,global_val_client,val,,52,,,0.1801559743285179,0.9251,0.6990000009536743,0.9175019275250578,0.9265199899673462,0.9265199899673462,0.9102619886398315,2000,,,,,,,,,,,
fedavg,fedavg,510|859,510|859,2,510,data_2000_5_5.5_chordal,global_val_client_task,val,cycle2,52,,,,,,,,,,2000,532.0,31.0,1437.0,0.0,0.9449378330373002,1.0,0.9716895222663879,0.9716895222663879,0.9716895222663879,532.0,0.26600000262260437
fedavg,fedavg,510|859,510|859,2,510,data_2000_5_5.5_chordal,global_val_client_task,val,cycle3,52,,,,,,,,,,2000,730.0,62.0,1208.0,0.0,0.9217171717171717,1.0,0.9592640995979309,0.9592640995979309,0.9592640995979309,730.0,0.36500000953674316
fedavg,fedavg,510|859,510|859,2,510,data_2000_5_5.5_chordal,global_val_client_task,val,cycle4,52,,,,,,,,,,2000,866.0,126.0,1002.0,6.0,0.8729838709677419,0.9931192660550459,0.9291844964027405,0.9291844964027405,0.9291844964027405,872.0,0.4359999895095825
fedavg,fedavg,510|859,510|859,2,510,data_2000_5_5.5_chordal,global_val_client_task,val,cycle5,52,,,,,,,,,,2000,1037.0,190.0,757.0,16.0,0.8451507742461287,0.9848053181386515,0.9096491932868958,0.9096491932868958,0.880232572555542,1053.0,0.5264999866485596
fedavg,fedavg,510|859,510|859,2,510,data_2000_5_5.5_chordal,global_val_client_task,val,cycle6,52,,,,,,,,,,2000,1000.0,196.0,682.0,122.0,0.8361204013377926,0.8912655971479501,0.8628127574920654,0.8628127574920654,0.810939371585846,1122.0,0.5609999895095825
fedavg,fedavg,510|859,510|859,2,859,data_2000_4_1.5_chordal,global_val_client,val,,52,,,0.2962697395682335,0.9571,0.8379999995231628,0.9128934010152285,0.8256458044052124,0.8256458044052124,0.8256458044052124,2000,,,,,,,,,,,
fedavg,fedavg,510|859,510|859,2,859,data_2000_4_1.5_chordal,global_val_client_task,val,cycle2,52,,,,,,,,,,2000,862.0,4.0,1134.0,0.0,0.9953810623556582,1.0,0.9976851344108582,0.9976851344108582,0.9976851344108582,862.0,0.4309999942779541
fedavg,fedavg,510|859,510|859,2,859,data_2000_4_1.5_chordal,global_val_client_task,val,cycle3,52,,,,,,,,,,2000,690.0,10.0,1299.0,1.0,0.9857142857142858,0.9985528219971056,0.9920920133590698,0.9920920133590698,0.9920920133590698,691.0,0.34549999237060547
fedavg,fedavg,510|859,510|859,2,859,data_2000_4_1.5_chordal,global_val_client_task,val,cycle4,52,,,,,,,,,,2000,387.0,50.0,1559.0,4.0,0.88558352402746,0.989769820971867,0.9347826242446899,0.9347826242446899,0.9347826242446899,391.0,0.19550000131130219
fedavg,fedavg,510|859,510|859,2,859,data_2000_4_1.5_chordal,global_val_client_task,val,cycle5,52,,,,,,,,,,2000,222.0,118.0,1646.0,14.0,0.6529411764705882,0.940677966101695,0.7708333134651184,0.7708333134651184,0.7708333134651184,236.0,0.11800000071525574
fedavg,fedavg,510|859,510|859,2,859,data_2000_4_1.5_chordal,global_val_client_task,val,cycle6,52,,,,,,,,,,2000,87.0,187.0,1685.0,41.0,0.3175182481751825,0.6796875,0.43283581733703613,0.43283581733703613,0.43283581733703613,128.0,0.06400000303983688
fedavg,fedavg,510|859,510|859,2,all,all,global_val_mean,val,,52,,,0.2382128569483757,0.9410999999999999,0.7685000002384186,0.9151976642701432,0.8760828971862793,0.8760828971862793,0.867953896522522,4000,,,,,,,,,,,
fedavg,fedavg,510|859,510|859,2,510,data_2000_5_5.5_chordal,train_epoch,train,,53,1.0,0.17155475157499314,,,,,,,,2000,,,,,,,,,,,
fedavg,fedavg,510|859,510|859,2,510,data_2000_5_5.5_chordal,val_epoch,val,,53,,,0.19174734592437745,0.9214,0.6955000162124634,0.9123745819397993,0.9205322265625,0.9205322265625,0.9058351516723633,2000,,,,,,,,,,,
fedavg,fedavg,510|859,510|859,2,510,data_2000_5_5.5_chordal,val_epoch_task,val,cycle2,53,,,,,,,,,,2000,531.0,41.0,1427.0,1.0,0.9283216783216783,0.9981203007518797,0.9619565010070801,0.9619565010070801,0.9619565010070801,532.0,0.26600000262260437
fedavg,fedavg,510|859,510|859,2,510,data_2000_5_5.5_chordal,val_epoch_task,val,cycle3,53,,,,,,,,,,2000,727.0,73.0,1197.0,3.0,0.90875,0.9958904109589041,0.9503268003463745,0.9503268003463745,0.9503268003463745,730.0,0.36500000953674316
fedavg,fedavg,510|859,510|859,2,510,data_2000_5_5.5_chordal,val_epoch_task,val,cycle4,53,,,,,,,,,,2000,841.0,113.0,1015.0,31.0,0.8815513626834381,0.9644495412844036,0.9211390614509583,0.9211390614509583,0.9211390614509583,872.0,0.4359999895095825
fedavg,fedavg,510|859,510|859,2,510,data_2000_5_5.5_chordal,val_epoch_task,val,cycle5,53,,,,,,,,,,2000,983.0,134.0,813.0,70.0,0.8800358102059087,0.9335232668566001,0.905990719795227,0.905990719795227,0.88852459192276,1053.0,0.5264999866485596
fedavg,fedavg,510|859,510|859,2,510,data_2000_5_5.5_chordal,val_epoch_task,val,cycle6,53,,,,,,,,,,2000,1010.0,208.0,670.0,112.0,0.8292282430213465,0.9001782531194296,0.8632478713989258,0.8632478713989258,0.8072289228439331,1122.0,0.5609999895095825
fedavg,fedavg,510|859,510|859,2,859,data_2000_4_1.5_chordal,train_epoch,train,,53,1.0,0.20756701850891113,,,,,,,,2000,,,,,,,,,,,
fedavg,fedavg,510|859,510|859,2,859,data_2000_4_1.5_chordal,val_epoch,val,,53,,,0.3017379353046417,0.9138,0.7279999852180481,0.8406654343807763,0.766009509563446,0.766009509563446,0.766009509563446,2000,,,,,,,,,,,
fedavg,fedavg,510|859,510|859,2,859,data_2000_4_1.5_chordal,val_epoch_task,val,cycle2,53,,,,,,,,,,2000,862.0,9.0,1129.0,0.0,0.9896670493685419,1.0,0.994806706905365,0.994806706905365,0.994806706905365,862.0,0.4309999942779541
fedavg,fedavg,510|859,510|859,2,859,data_2000_4_1.5_chordal,val_epoch_task,val,cycle3,53,,,,,,,,,,2000,689.0,17.0,1292.0,2.0,0.9759206798866855,0.9971056439942113,0.9863994717597961,0.9863994717597961,0.9863994717597961,691.0,0.34549999237060547
fedavg,fedavg,510|859,510|859,2,859,data_2000_4_1.5_chordal,val_epoch_task,val,cycle4,53,,,,,,,,,,2000,369.0,58.0,1551.0,22.0,0.8641686182669789,0.9437340153452686,0.9022005200386047,0.9022005200386047,0.9022005200386047,391.0,0.19550000131130219
fedavg,fedavg,510|859,510|859,2,859,data_2000_4_1.5_chordal,val_epoch_task,val,cycle5,53,,,,,,,,,,2000,235.0,331.0,1433.0,1.0,0.41519434628975266,0.9957627118644068,0.586034893989563,0.586034893989563,0.586034893989563,236.0,0.11800000071525574
fedavg,fedavg,510|859,510|859,2,859,data_2000_4_1.5_chordal,val_epoch_task,val,cycle6,53,,,,,,,,,,2000,119.0,413.0,1459.0,9.0,0.2236842105263158,0.9296875,0.36060604453086853,0.36060604453086853,0.36060604453086853,128.0,0.06400000303983688
fedavg,fedavg,510|859,510|859,2,510,data_2000_5_5.5_chordal,global_val_client,val,,53,,,0.2272267826795578,0.9197,0.6875,0.9137023105857066,0.9232631921768188,0.9232631921768188,0.9013473391532898,2000,,,,,,,,,,,
fedavg,fedavg,510|859,510|859,2,510,data_2000_5_5.5_chordal,global_val_client_task,val,cycle2,53,,,,,,,,,,2000,532.0,26.0,1442.0,0.0,0.953405017921147,1.0,0.9761468172073364,0.9761468172073364,0.9761468172073364,532.0,0.26600000262260437
fedavg,fedavg,510|859,510|859,2,510,data_2000_5_5.5_chordal,global_val_client_task,val,cycle3,53,,,,,,,,,,2000,730.0,71.0,1199.0,0.0,0.9113607990012484,1.0,0.9536250829696655,0.9536250829696655,0.9536250829696655,730.0,0.36500000953674316
fedavg,fedavg,510|859,510|859,2,510,data_2000_5_5.5_chordal,global_val_client_task,val,cycle4,53,,,,,,,,,,2000,867.0,168.0,960.0,5.0,0.8376811594202899,0.9942660550458715,0.9092816114425659,0.9092816114425659,0.9092816114425659,872.0,0.4359999895095825
fedavg,fedavg,510|859,510|859,2,510,data_2000_5_5.5_chordal,global_val_client_task,val,cycle5,53,,,,,,,,,,2000,1047.0,233.0,714.0,6.0,0.81796875,0.9943019943019943,0.8975568413734436,0.8975568413734436,0.8566287159919739,1053.0,0.5264999866485596
fedavg,fedavg,510|859,510|859,2,510,data_2000_5_5.5_chordal,global_val_client_task,val,cycle6,53,,,,,,,,,,2000,1075.0,247.0,631.0,47.0,0.813161875945537,0.9581105169340464,0.8797053694725037,0.8797053694725037,0.8110540509223938,1122.0,0.5609999895095825
fedavg,fedavg,510|859,510|859,2,859,data_2000_4_1.5_chordal,global_val_client,val,,53,,,0.23614783537387848,0.9511,0.8195000290870667,0.9020628880432605,0.8227445483207703,0.8227445483207703,0.8227445483207703,2000,,,,,,,,,,,
fedavg,fedavg,510|859,510|859,2,859,data_2000_4_1.5_chordal,global_val_client_task,val,cycle2,53,,,,,,,,,,2000,862.0,1.0,1137.0,0.0,0.9988412514484357,1.0,0.9994202256202698,0.9994202256202698,0.9994202256202698,862.0,0.4309999942779541
fedavg,fedavg,510|859,510|859,2,859,data_2000_4_1.5_chordal,global_val_client_task,val,cycle3,53,,,,,,,,,,2000,691.0,9.0,1300.0,0.0,0.9871428571428571,1.0,0.9935298562049866,0.9935298562049866,0.9935298562049866,691.0,0.34549999237060547
fedavg,fedavg,510|859,510|859,2,859,data_2000_4_1.5_chordal,global_val_client_task,val,cycle4,53,,,,,,,,,,2000,368.0,18.0,1591.0,23.0,0.9533678756476683,0.9411764705882353,0.9472329616546631,0.9472329616546631,0.9472329616546631,391.0,0.19550000131130219
fedavg,fedavg,510|859,510|859,2,859,data_2000_4_1.5_chordal,global_val_client_task,val,cycle5,53,,,,,,,,,,2000,227.0,135.0,1629.0,9.0,0.6270718232044199,0.961864406779661,0.7591972947120667,0.7591972947120667,0.7591972947120667,236.0,0.11800000071525574
fedavg,fedavg,510|859,510|859,2,859,data_2000_4_1.5_chordal,global_val_client_task,val,cycle6,53,,,,,,,,,,2000,104.0,270.0,1602.0,24.0,0.27807486631016043,0.8125,0.41434261202812195,0.41434261202812195,0.41434261202812195,128.0,0.06400000303983688
fedavg,fedavg,510|859,510|859,2,all,all,global_val_mean,val,,53,,,0.23168730902671814,0.9353999999999999,0.7535000145435333,0.9078825993144836,0.8730038702487946,0.8730038702487946,0.86204594373703,4000,,,,,,,,,,,
fedavg,fedavg,510|859,510|859,2,510,data_2000_5_5.5_chordal,train_epoch,train,,54,1.0,0.18654570710659027,,,,,,,,2000,,,,,,,,,,,
fedavg,fedavg,510|859,510|859,2,510,data_2000_5_5.5_chordal,val_epoch,val,,54,,,0.16337286722660066,0.9324,0.7289999723434448,0.9234601449275364,0.9327405095100403,0.9327405095100403,0.9204622507095337,2000,,,,,,,,,,,
fedavg,fedavg,510|859,510|859,2,510,data_2000_5_5.5_chordal,val_epoch_task,val,cycle2,54,,,,,,,,,,2000,522.0,23.0,1445.0,10.0,0.9577981651376147,0.981203007518797,0.9693593382835388,0.9693593382835388,0.9693593382835388,532.0,0.26600000262260437
fedavg,fedavg,510|859,510|859,2,510,data_2000_5_5.5_chordal,val_epoch_task,val,cycle3,54,,,,,,,,,,2000,727.0,31.0,1239.0,3.0,0.9591029023746702,0.9958904109589041,0.977150559425354,0.977150559425354,0.977150559425354,730.0,0.36500000953674316
fedavg,fedavg,510|859,510|859,2,510,data_2000_5_5.5_chordal,val_epoch_task,val,cycle4,54,,,,,,,,,,2000,859.0,91.0,1037.0,13.0,0.9042105263157895,0.9850917431192661,0.9429198503494263,0.9429198503494263,0.9429198503494263,872.0,0.4359999895095825
fedavg,fedavg,510|859,510|859,2,510,data_2000_5_5.5_chordal,val_epoch_task,val,cycle5,54,,,,,,,,,,2000,985.0,120.0,827.0,68.0,0.8914027149321267,0.9354226020892688,0.9128822684288025,0.9128822684288025,0.897936999797821,1053.0,0.5264999866485596
fedavg,fedavg,510|859,510|859,2,510,data_2000_5_5.5_chordal,val_epoch_task,val,cycle6,54,,,,,,,,,,2000,985.0,180.0,698.0,137.0,0.8454935622317596,0.8778966131907309,0.8613904714584351,0.8613904714584351,0.8149445056915283,1122.0,0.5609999895095825
fedavg,fedavg,510|859,510|859,2,859,data_2000_4_1.5_chordal,train_epoch,train,,54,1.0,0.20949891775846483,,,,,,,,2000,,,,,,,,,,,
fedavg,fedavg,510|859,510|859,2,859,data_2000_4_1.5_chordal,val_epoch,val,,54,,,0.3110839717388153,0.9577,0.8324999809265137,0.9131595154998973,0.8261070251464844,0.8261070251464844,0.8261070251464844,2000,,,,,,,,,,,
fedavg,fedavg,510|859,510|859,2,859,data_2000_4_1.5_chordal,val_epoch_task,val,cycle2,54,,,,,,,,,,2000,862.0,13.0,1125.0,0.0,0.9851428571428571,1.0,0.9925158023834229,0.9925158023834229,0.9925158023834229,862.0,0.4309999942779541
fedavg,fedavg,510|859,510|859,2,859,data_2000_4_1.5_chordal,val_epoch_task,val,cycle3,54,,,,,,,,,,2000,690.0,18.0,1291.0,1.0,0.9745762711864406,0.9985528219971056,0.9864189028739929,0.9864189028739929,0.9864189028739929,691.0,0.34549999237060547
fedavg,fedavg,510|859,510|859,2,859,data_2000_4_1.5_chordal,val_epoch_task,val,cycle4,54,,,,,,,,,,2000,379.0,56.0,1553.0,12.0,0.871264367816092,0.969309462915601,0.9176754951477051,0.9176754951477051,0.9176754951477051,391.0,0.19550000131130219
fedavg,fedavg,510|859,510|859,2,859,data_2000_4_1.5_chordal,val_epoch_task,val,cycle5,54,,,,,,,,,,2000,206.0,114.0,1650.0,30.0,0.64375,0.8728813559322034,0.7410071492195129,0.7410071492195129,0.7410071492195129,236.0,0.11800000071525574
fedavg,fedavg,510|859,510|859,2,859,data_2000_4_1.5_chordal,val_epoch_task,val,cycle6,54,,,,,,,,,,2000,87.0,138.0,1734.0,41.0,0.38666666666666666,0.6796875,0.49291783571243286,0.49291783571243286,0.49291783571243286,128.0,0.06400000303983688
fedavg,fedavg,510|859,510|859,2,510,data_2000_5_5.5_chordal,global_val_client,val,,54,,,0.1879595001935959,0.9261,0.7014999985694885,0.918603370415244,0.9273735284805298,0.9273735284805298,0.9117883443832397,2000,,,,,,,,,,,
fedavg,fedavg,510|859,510|859,2,510,data_2000_5_5.5_chordal,global_val_client_task,val,cycle2,54,,,,,,,,,,2000,532.0,26.0,1442.0,0.0,0.953405017921147,1.0,0.9761468172073364,0.9761468172073364,0.9761468172073364,532.0,0.26600000262260437
fedavg,fedavg,510|859,510|859,2,510,data_2000_5_5.5_chordal,global_val_client_task,val,cycle3,54,,,,,,,,,,2000,730.0,71.0,1199.0,0.0,0.9113607990012484,1.0,0.9536250829696655,0.9536250829696655,0.9536250829696655,730.0,0.36500000953674316
fedavg,fedavg,510|859,510|859,2,510,data_2000_5_5.5_chordal,global_val_client_task,val,cycle4,54,,,,,,,,,,2000,864.0,129.0,999.0,8.0,0.8700906344410876,0.9908256880733946,0.9265416264533997,0.9265416264533997,0.9265416264533997,872.0,0.4359999895095825
fedavg,fedavg,510|859,510|859,2,510,data_2000_5_5.5_chordal,global_val_client_task,val,cycle5,54,,,,,,,,,,2000,1037.0,183.0,764.0,16.0,0.85,0.9848053181386515,0.9124505519866943,0.9124505519866943,0.8847712874412537,1053.0,0.5264999866485596
fedavg,fedavg,510|859,510|859,2,510,data_2000_5_5.5_chordal,global_val_client_task,val,cycle6,54,,,,,,,,,,2000,1007.0,191.0,687.0,115.0,0.840567612687813,0.8975044563279857,0.8681033849716187,0.8681033849716187,0.8178571462631226,1122.0,0.5609999895095825
fedavg,fedavg,510|859,510|859,2,859,data_2000_4_1.5_chordal,global_val_client,val,,54,,,0.28887632393836976,0.9588,0.8420000076293945,0.9146997929606626,0.8261839747428894,0.8261839747428894,0.8261839747428894,2000,,,,,,,,,,,
fedavg,fedavg,510|859,510|859,2,859,data_2000_4_1.5_chordal,global_val_client_task,val,cycle2,54,,,,,,,,,,2000,862.0,10.0,1128.0,0.0,0.9885321100917431,1.0,0.9942330121994019,0.9942330121994019,0.9942330121994019,862.0,0.4309999942779541
fedavg,fedavg,510|859,510|859,2,859,data_2000_4_1.5_chordal,global_val_client_task,val,cycle3,54,,,,,,,,,,2000,687.0,12.0,1297.0,4.0,0.9828326180257511,0.9942112879884226,0.9884892106056213,0.9884892106056213,0.9884892106056213,691.0,0.34549999237060547
fedavg,fedavg,510|859,510|859,2,859,data_2000_4_1.5_chordal,global_val_client_task,val,cycle4,54,,,,,,,,,,2000,371.0,39.0,1570.0,20.0,0.9048780487804878,0.948849104859335,0.9263420701026917,0.9263420701026917,0.9263420701026917,391.0,0.19550000131130219
fedavg,fedavg,510|859,510|859,2,859,data_2000_4_1.5_chordal,global_val_client_task,val,cycle5,54,,,,,,,,,,2000,205.0,88.0,1676.0,31.0,0.6996587030716723,0.8686440677966102,0.775047242641449,0.775047242641449,0.775047242641449,236.0,0.11800000071525574
fedavg,fedavg,510|859,510|859,2,859,data_2000_4_1.5_chordal,global_val_client_task,val,cycle6,54,,,,,,,,,,2000,84.0,164.0,1708.0,44.0,0.3387096774193548,0.65625,0.44680848717689514,0.44680848717689514,0.44680848717689514,128.0,0.06400000303983688
fedavg,fedavg,510|859,510|859,2,all,all,global_val_mean,val,,54,,,0.2384179120659828,0.94245,0.7717500030994415,0.9166515816879532,0.8767787516117096,0.8767787516117096,0.8689861595630646,4000,,,,,,,,,,,
fedavg,fedavg,510|859,510|859,2,510,data_2000_5_5.5_chordal,train_epoch,train,,55,1.0,0.179550956428051,,,,,,,,2000,,,,,,,,,,,
fedavg,fedavg,510|859,510|859,2,510,data_2000_5_5.5_chordal,val_epoch,val,,55,,,0.18898051565885543,0.9169,0.6825000047683716,0.9028865256515134,0.9142705798149109,0.9142705798149109,0.9092044830322266,2000,,,,,,,,,,,
fedavg,fedavg,510|859,510|859,2,510,data_2000_5_5.5_chordal,val_epoch_task,val,cycle2,55,,,,,,,,,,2000,529.0,21.0,1447.0,3.0,0.9618181818181818,0.9943609022556391,0.9778187870979309,0.9778187870979309,0.9778187870979309,532.0,0.26600000262260437
fedavg,fedavg,510|859,510|859,2,510,data_2000_5_5.5_chordal,val_epoch_task,val,cycle3,55,,,,,,,,,,2000,716.0,40.0,1230.0,14.0,0.9470899470899471,0.9808219178082191,0.9636608362197876,0.9636608362197876,0.9636608362197876,730.0,0.36500000953674316
fedavg,fedavg,510|859,510|859,2,510,data_2000_5_5.5_chordal,val_epoch_task,val,cycle4,55,,,,,,,,,,2000,853.0,107.0,1021.0,19.0,0.8885416666666667,0.9782110091743119,0.931222677230835,0.931222677230835,0.931222677230835,872.0,0.4359999895095825
fedavg,fedavg,510|859,510|859,2,510,data_2000_5_5.5_chordal,val_epoch_task,val,cycle5,55,,,,,,,,,,2000,924.0,94.0,853.0,129.0,0.9076620825147348,0.8774928774928775,0.8923225402832031,0.8923225402832031,0.8843960762023926,1053.0,0.5264999866485596
fedavg,fedavg,510|859,510|859,2,510,data_2000_5_5.5_chordal,val_epoch_task,val,cycle6,55,,,,,,,,,,2000,841.0,123.0,755.0,281.0,0.8724066390041494,0.749554367201426,0.8063278794288635,0.8063278794288635,0.7889236807823181,1122.0,0.5609999895095825
fedavg,fedavg,510|859,510|859,2,859,data_2000_4_1.5_chordal,train_epoch,train,,55,1.0,0.1986094664335251,,,,,,,,2000,,,,,,,,,,,
fedavg,fedavg,510|859,510|859,2,859,data_2000_4_1.5_chordal,val_epoch,val,,55,,,0.4329957473874092,0.9608,0.843999981880188,0.9173693086003374,0.8164595365524292,0.8164595365524292,0.8164595365524292,2000,,,,,,,,,,,
fedavg,fedavg,510|859,510|859,2,859,data_2000_4_1.5_chordal,val_epoch_task,val,cycle2,55,,,,,,,,,,2000,862.0,11.0,1127.0,0.0,0.9873997709049256,1.0,0.9936599135398865,0.9936599135398865,0.9936599135398865,862.0,0.4309999942779541
fedavg,fedavg,510|859,510|859,2,859,data_2000_4_1.5_chordal,val_epoch_task,val,cycle3,55,,,,,,,,,,2000,684.0,14.0,1295.0,7.0,0.9799426934097422,0.9898697539797395,0.9848812222480774,0.9848812222480774,0.9848812222480774,691.0,0.34549999237060547
fedavg,fedavg,510|859,510|859,2,859,data_2000_4_1.5_chordal,val_epoch_task,val,cycle4,55,,,,,,,,,,2000,370.0,37.0,1572.0,21.0,0.9090909090909091,0.9462915601023018,0.9273183345794678,0.9273183345794678,0.9273183345794678,391.0,0.19550000131130219
fedavg,fedavg,510|859,510|859,2,859,data_2000_4_1.5_chordal,val_epoch_task,val,cycle5,55,,,,,,,,,,2000,197.0,107.0,1657.0,39.0,0.6480263157894737,0.8347457627118644,0.7296295762062073,0.7296295762062073,0.7296295762062073,236.0,0.11800000071525574
fedavg,fedavg,510|859,510|859,2,859,data_2000_4_1.5_chordal,val_epoch_task,val,cycle6,55,,,,,,,,,,2000,63.0,91.0,1781.0,65.0,0.4090909090909091,0.4921875,0.4468085467815399,0.4468085467815399,0.4468085467815399,128.0,0.06400000303983688
fedavg,fedavg,510|859,510|859,2,510,data_2000_5_5.5_chordal,global_val_client,val,,55,,,0.1845259045958519,0.9189,0.6930000185966492,0.9068779423584797,0.9161237478256226,0.9161237478256226,0.9089932441711426,2000,,,,,,,,,,,
fedavg,fedavg,510|859,510|859,2,510,data_2000_5_5.5_chordal,global_val_client_task,val,cycle2,55,,,,,,,,,,2000,531.0,40.0,1428.0,1.0,0.9299474605954466,0.9981203007518797,0.9628286361694336,0.9628286361694336,0.9628286361694336,532.0,0.26600000262260437
fedavg,fedavg,510|859,510|859,2,510,data_2000_5_5.5_chordal,global_val_client_task,val,cycle3,55,,,,,,,,,,2000,729.0,51.0,1219.0,1.0,0.9346153846153846,0.9986301369863013,0.9655629396438599,0.9655629396438599,0.9655629396438599,730.0,0.36500000953674316
fedavg,fedavg,510|859,510|859,2,510,data_2000_5_5.5_chordal,global_val_client_task,val,cycle4,55,,,,,,,,,,2000,857.0,113.0,1015.0,15.0,0.8835051546391752,0.9827981651376146,0.9305102825164795,0.9305102825164795,0.9305102825164795,872.0,0.4359999895095825
fedavg,fedavg,510|859,510|859,2,510,data_2000_5_5.5_chordal,global_val_client_task,val,cycle5,55,,,,,,,,,,2000,970.0,127.0,820.0,83.0,0.8842297174111212,0.9211775878442545,0.9023255705833435,0.9023255705833435,0.8864864706993103,1053.0,0.5264999866485596
fedavg,fedavg,510|859,510|859,2,510,data_2000_5_5.5_chordal,global_val_client_task,val,cycle6,55,,,,,,,,,,2000,862.0,120.0,758.0,260.0,0.8778004073319755,0.768270944741533,0.819391667842865,0.819391667842865,0.7995780110359192,1122.0,0.5609999895095825
fedavg,fedavg,510|859,510|859,2,859,data_2000_4_1.5_chordal,global_val_client,val,,55,,,0.406282719373703,0.9692,0.8725000023841858,0.9331016507384883,0.8303017616271973,0.8303017616271973,0.8303017616271973,2000,,,,,,,,,,,
fedavg,fedavg,510|859,510|859,2,859,data_2000_4_1.5_chordal,global_val_client_task,val,cycle2,55,,,,,,,,,,2000,862.0,4.0,1134.0,0.0,0.9953810623556582,1.0,0.9976851344108582,0.9976851344108582,0.9976851344108582,862.0,0.4309999942779541
fedavg,fedavg,510|859,510|859,2,859,data_2000_4_1.5_chordal,global_val_client_task,val,cycle3,55,,,,,,,,,,2000,688.0,9.0,1300.0,3.0,0.9870875179340028,0.9956584659913169,0.9913545250892639,0.9913545250892639,0.9913545250892639,691.0,0.34549999237060547
fedavg,fedavg,510|859,510|859,2,859,data_2000_4_1.5_chordal,global_val_client_task,val,cycle4,55,,,,,,,,,,2000,362.0,21.0,1588.0,29.0,0.9451697127937336,0.9258312020460358,0.9354004859924316,0.9354004859924316,0.9354004859924316,391.0,0.19550000131130219
fedavg,fedavg,510|859,510|859,2,859,data_2000_4_1.5_chordal,global_val_client_task,val,cycle5,55,,,,,,,,,,2000,179.0,38.0,1726.0,57.0,0.8248847926267281,0.7584745762711864,0.7902870178222656,0.7902870178222656,0.7902870178222656,236.0,0.11800000071525574
fedavg,fedavg,510|859,510|859,2,859,data_2000_4_1.5_chordal,global_val_client_task,val,cycle6,55,,,,,,,,,,2000,57.0,76.0,1796.0,71.0,0.42857142857142855,0.4453125,0.4367815852165222,0.4367815852165222,0.4367815852165222,128.0,0.06400000303983688
fedavg,fedavg,510|859,510|859,2,all,all,global_val_mean,val,,55,,,0.29540431198477746,0.94405,0.7827500104904175,0.919989796548484,0.8732127547264099,0.8732127547264099,0.8696475028991699,4000,,,,,,,,,,,
fedavg,fedavg,510|859,510|859,2,510,data_2000_5_5.5_chordal,train_epoch,train,,56,1.0,0.1833268193602562,,,,,,,,2000,,,,,,,,,,,
fedavg,fedavg,510|859,510|859,2,510,data_2000_5_5.5_chordal,val_epoch,val,,56,,,0.18297276377677918,0.9272,0.7139999866485596,0.9189490091293697,0.9275200963020325,0.9275200963020325,0.9124236106872559,2000,,,,,,,,,,,
fedavg,fedavg,510|859,510|859,2,510,data_2000_5_5.5_chordal,val_epoch_task,val,cycle2,56,,,,,,,,,,2000,529.0,32.0,1436.0,3.0,0.9429590017825312,0.9943609022556391,0.9679780602455139,0.9679780602455139,0.9679780602455139,532.0,0.26600000262260437
fedavg,fedavg,510|859,510|859,2,510,data_2000_5_5.5_chordal,val_epoch_task,val,cycle3,56,,,,,,,,,,2000,728.0,67.0,1203.0,2.0,0.9157232704402516,0.9972602739726028,0.954754114151001,0.954754114151001,0.954754114151001,730.0,0.36500000953674316
fedavg,fedavg,510|859,510|859,2,510,data_2000_5_5.5_chordal,val_epoch_task,val,cycle4,56,,,,,,,,,,2000,860.0,98.0,1030.0,12.0,0.8977035490605428,0.9862385321100917,0.9398906826972961,0.9398906826972961,0.9398906826972961,872.0,0.4359999895095825
fedavg,fedavg,510|859,510|859,2,510,data_2000_5_5.5_chordal,val_epoch_task,val,cycle5,56,,,,,,,,,,2000,1001.0,138.0,809.0,52.0,0.8788410886742757,0.9506172839506173,0.9133211970329285,0.9133211970329285,0.8949114680290222,1053.0,0.5264999866485596
fedavg,fedavg,510|859,510|859,2,510,data_2000_5_5.5_chordal,val_epoch_task,val,cycle6,56,,,,,,,,,,2000,1009.0,211.0,667.0,113.0,0.8270491803278689,0.8992869875222816,0.861656665802002,0.861656665802002,0.8045839071273804,1122.0,0.5609999895095825
fedavg,fedavg,510|859,510|859,2,859,data_2000_4_1.5_chordal,train_epoch,train,,56,1.0,0.21986000061035157,,,,,,,,2000,,,,,,,,,,,
fedavg,fedavg,510|859,510|859,2,859,data_2000_4_1.5_chordal,val_epoch,val,,56,,,0.2857680756449699,0.9457,0.8134999871253967,0.8913782756551311,0.8050737380981445,0.8050737380981445,0.8050737380981445,2000,,,,,,,,,,,
fedavg,fedavg,510|859,510|859,2,859,data_2000_4_1.5_chordal,val_epoch_task,val,cycle2,56,,,,,,,,,,2000,860.0,12.0,1126.0,2.0,0.9862385321100917,0.9976798143851509,0.9919261932373047,0.9919261932373047,0.9919261932373047,862.0,0.4309999942779541
fedavg,fedavg,510|859,510|859,2,859,data_2000_4_1.5_chordal,val_epoch_task,val,cycle3,56,,,,,,,,,,2000,684.0,15.0,1294.0,7.0,0.9785407725321889,0.9898697539797395,0.9841727018356323,0.9841727018356323,0.9841727018356323,691.0,0.34549999237060547
fedavg,fedavg,510|859,510|859,2,859,data_2000_4_1.5_chordal,val_epoch_task,val,cycle4,56,,,,,,,,,,2000,370.0,71.0,1538.0,21.0,0.8390022675736961,0.9462915601023018,0.8894230723381042,0.8894230723381042,0.8894230723381042,391.0,0.19550000131130219
fedavg,fedavg,510|859,510|859,2,859,data_2000_4_1.5_chordal,val_epoch_task,val,cycle5,56,,,,,,,,,,2000,218.0,147.0,1617.0,18.0,0.5972602739726027,0.923728813559322,0.7254575490951538,0.7254575490951538,0.7254575490951538,236.0,0.11800000071525574
fedavg,fedavg,510|859,510|859,2,859,data_2000_4_1.5_chordal,val_epoch_task,val,cycle6,56,,,,,,,,,,2000,96.0,218.0,1654.0,32.0,0.3057324840764331,0.75,0.4343891441822052,0.4343891441822052,0.4343891441822052,128.0,0.06400000303983688
fedavg,fedavg,510|859,510|859,2,510,data_2000_5_5.5_chordal,global_val_client,val,,56,,,0.2086473845243454,0.9216,0.7005000114440918,0.9148936170212766,0.9234150648117065,0.9234150648117065,0.9047252535820007,2000,,,,,,,,,,,
fedavg,fedavg,510|859,510|859,2,510,data_2000_5_5.5_chordal,global_val_client_task,val,cycle2,56,,,,,,,,,,2000,532.0,32.0,1436.0,0.0,0.9432624113475178,1.0,0.9708029627799988,0.9708029627799988,0.9708029627799988,532.0,0.26600000262260437
fedavg,fedavg,510|859,510|859,2,510,data_2000_5_5.5_chordal,global_val_client_task,val,cycle3,56,,,,,,,,,,2000,730.0,74.0,1196.0,0.0,0.9079601990049752,1.0,0.9517601132392883,0.9517601132392883,0.9517601132392883,730.0,0.36500000953674316
fedavg,fedavg,510|859,510|859,2,510,data_2000_5_5.5_chordal,global_val_client_task,val,cycle4,56,,,,,,,,,,2000,862.0,153.0,975.0,10.0,0.8492610837438423,0.9885321100917431,0.9136195182800293,0.9136195182800293,0.9136195182800293,872.0,0.4359999895095825
fedavg,fedavg,510|859,510|859,2,510,data_2000_5_5.5_chordal,global_val_client_task,val,cycle5,56,,,,,,,,,,2000,1035.0,217.0,730.0,18.0,0.8266773162939297,0.9829059829059829,0.898047685623169,0.898047685623169,0.8613569140434265,1053.0,0.5264999866485596
fedavg,fedavg,510|859,510|859,2,510,data_2000_5_5.5_chordal,global_val_client_task,val,cycle6,56,,,,,,,,,,2000,1055.0,213.0,665.0,67.0,0.832018927444795,0.9402852049910874,0.8828452229499817,0.8828452229499817,0.8260869383811951,1122.0,0.5609999895095825
fedavg,fedavg,510|859,510|859,2,859,data_2000_4_1.5_chordal,global_val_client,val,,56,,,0.27931919741630556,0.9565,0.8349999785423279,0.9113511310372937,0.8279077410697937,0.8279077410697937,0.8279077410697937,2000,,,,,,,,,,,
fedavg,fedavg,510|859,510|859,2,859,data_2000_4_1.5_chordal,global_val_client_task,val,cycle2,56,,,,,,,,,,2000,862.0,7.0,1131.0,0.0,0.9919447640966629,1.0,0.9959561228752136,0.9959561228752136,0.9959561228752136,862.0,0.4309999942779541
fedavg,fedavg,510|859,510|859,2,859,data_2000_4_1.5_chordal,global_val_client_task,val,cycle3,56,,,,,,,,,,2000,686.0,15.0,1294.0,5.0,0.978601997146933,0.9927641099855282,0.9856321811676025,0.9856321811676025,0.9856321811676025,691.0,0.34549999237060547
fedavg,fedavg,510|859,510|859,2,859,data_2000_4_1.5_chordal,global_val_client_task,val,cycle4,56,,,,,,,,,,2000,381.0,34.0,1575.0,10.0,0.9180722891566265,0.9744245524296675,0.9454094171524048,0.9454094171524048,0.9454094171524048,391.0,0.19550000131130219
fedavg,fedavg,510|859,510|859,2,859,data_2000_4_1.5_chordal,global_val_client_task,val,cycle5,56,,,,,,,,,,2000,217.0,91.0,1673.0,19.0,0.7045454545454546,0.9194915254237288,0.7977941036224365,0.7977941036224365,0.7977941036224365,236.0,0.11800000071525574
fedavg,fedavg,510|859,510|859,2,859,data_2000_4_1.5_chordal,global_val_client_task,val,cycle6,56,,,,,,,,,,2000,90.0,216.0,1656.0,38.0,0.29411764705882354,0.703125,0.4147465229034424,0.4147465229034424,0.4147465229034424,128.0,0.06400000303983688
fedavg,fedavg,510|859,510|859,2,all,all,global_val_mean,val,,56,,,0.24398329097032548,0.9390499999999999,0.7677499949932098,0.9131223740292851,0.8756614029407501,0.8756614029407501,0.8663164973258972,4000,,,,,,,,,,,
fedavg,fedavg,510|859,510|859,2,510,data_2000_5_5.5_chordal,train_epoch,train,,57,1.0,0.17459269297122956,,,,,,,,2000,,,,,,,,,,,
fedavg,fedavg,510|859,510|859,2,510,data_2000_5_5.5_chordal,val_epoch,val,,57,,,0.1818299122452736,0.9252,0.7089999914169312,0.9147481194438113,0.9221898913383484,0.9221898913383484,0.9132086634635925,2000,,,,,,,,,,,
fedavg,fedavg,510|859,510|859,2,510,data_2000_5_5.5_chordal,val_epoch_task,val,cycle2,57,,,,,,,,,,2000,532.0,43.0,1425.0,0.0,0.9252173913043479,1.0,0.9611562490463257,0.9611562490463257,0.9611562490463257,532.0,0.26600000262260437
fedavg,fedavg,510|859,510|859,2,510,data_2000_5_5.5_chordal,val_epoch_task,val,cycle3,57,,,,,,,,,,2000,728.0,76.0,1194.0,2.0,0.9054726368159204,0.9972602739726028,0.9491525888442993,0.9491525888442993,0.9491525888442993,730.0,0.36500000953674316
fedavg,fedavg,510|859,510|859,2,510,data_2000_5_5.5_chordal,val_epoch_task,val,cycle4,57,,,,,,,,,,2000,846.0,93.0,1035.0,26.0,0.9009584664536742,0.9701834862385321,0.9342904686927795,0.9342904686927795,0.9342904686927795,872.0,0.4359999895095825
fedavg,fedavg,510|859,510|859,2,510,data_2000_5_5.5_chordal,val_epoch_task,val,cycle5,57,,,,,,,,,,2000,967.0,93.0,854.0,86.0,0.9122641509433962,0.9183285849952516,0.9152863025665283,0.9152863025665283,0.9051403999328613,1053.0,0.5264999866485596
fedavg,fedavg,510|859,510|859,2,510,data_2000_5_5.5_chordal,val_epoch_task,val,cycle6,57,,,,,,,,,,2000,940.0,147.0,731.0,182.0,0.8647654093836247,0.8377896613190731,0.8510638475418091,0.8510638475418091,0.8163036704063416,1122.0,0.5609999895095825
fedavg,fedavg,510|859,510|859,2,859,data_2000_4_1.5_chordal,train_epoch,train,,57,1.0,0.20763430112600326,,,,,,,,2000,,,,,,,,,,,
fedavg,fedavg,510|859,510|859,2,859,data_2000_4_1.5_chordal,val_epoch,val,,57,,,0.29338902592658994,0.9523,0.8259999752044678,0.902910645226949,0.8150143623352051,0.8150143623352051,0.8150143623352051,2000,,,,,,,,,,,
fedavg,fedavg,510|859,510|859,2,859,data_2000_4_1.5_chordal,val_epoch_task,val,cycle2,57,,,,,,,,,,2000,862.0,7.0,1131.0,0.0,0.9919447640966629,1.0,0.9959561228752136,0.9959561228752136,0.9959561228752136,862.0,0.4309999942779541
fedavg,fedavg,510|859,510|859,2,859,data_2000_4_1.5_chordal,val_epoch_task,val,cycle3,57,,,,,,,,,,2000,685.0,12.0,1297.0,6.0,0.9827833572453372,0.9913169319826338,0.9870316386222839,0.9870316386222839,0.9870316386222839,691.0,0.34549999237060547
fedavg,fedavg,510|859,510|859,2,859,data_2000_4_1.5_chordal,val_epoch_task,val,cycle4,57,,,,,,,,,,2000,374.0,55.0,1554.0,17.0,0.8717948717948718,0.9565217391304348,0.912195086479187,0.912195086479187,0.912195086479187,391.0,0.19550000131130219
fedavg,fedavg,510|859,510|859,2,859,data_2000_4_1.5_chordal,val_epoch_task,val,cycle5,57,,,,,,,,,,2000,204.0,112.0,1652.0,32.0,0.6455696202531646,0.864406779661017,0.7391304969787598,0.7391304969787598,0.7391304969787598,236.0,0.11800000071525574
fedavg,fedavg,510|859,510|859,2,859,data_2000_4_1.5_chordal,val_epoch_task,val,cycle6,57,,,,,,,,,,2000,93.0,201.0,1671.0,35.0,0.3163265306122449,0.7265625,0.4407583177089691,0.4407583177089691,0.4407583177089691,128.0,0.06400000303983688
fedavg,fedavg,510|859,510|859,2,510,data_2000_5_5.5_chordal,global_val_client,val,,57,,,0.1964311420917511,0.922,0.6990000009536743,0.9140969162995595,0.9230656623840332,0.9230656623840332,0.9082350730895996,2000,,,,,,,,,,,
fedavg,fedavg,510|859,510|859,2,510,data_2000_5_5.5_chordal,global_val_client_task,val,cycle2,57,,,,,,,,,,2000,532.0,24.0,1444.0,0.0,0.9568345323741008,1.0,0.9779412150382996,0.9779412150382996,0.9779412150382996,532.0,0.26600000262260437
fedavg,fedavg,510|859,510|859,2,510,data_2000_5_5.5_chordal,global_val_client_task,val,cycle3,57,,,,,,,,,,2000,730.0,79.0,1191.0,0.0,0.9023485784919654,1.0,0.9486680030822754,0.9486680030822754,0.9486680030822754,730.0,0.36500000953674316
fedavg,fedavg,510|859,510|859,2,510,data_2000_5_5.5_chordal,global_val_client_task,val,cycle4,57,,,,,,,,,,2000,865.0,159.0,969.0,7.0,0.8447265625,0.9919724770642202,0.9124472737312317,0.9124472737312317,0.9124472737312317,872.0,0.4359999895095825
fedavg,fedavg,510|859,510|859,2,510,data_2000_5_5.5_chordal,global_val_client_task,val,cycle5,57,,,,,,,,,,2000,1031.0,171.0,776.0,22.0,0.8577371048252912,0.9791073124406457,0.9144124388694763,0.9144124388694763,0.8893982768058777,1053.0,0.5264999866485596
fedavg,fedavg,510|859,510|859,2,510,data_2000_5_5.5_chordal,global_val_client_task,val,cycle6,57,,,,,,,,,,2000,992.0,188.0,690.0,130.0,0.8406779661016949,0.8841354723707665,0.8618593215942383,0.8618593215942383,0.8127208352088928,1122.0,0.5609999895095825
fedavg,fedavg,510|859,510|859,2,859,data_2000_4_1.5_chordal,global_val_client,val,,57,,,0.3121222200393677,0.9601,0.8445000052452087,0.916509730069052,0.8213001489639282,0.8213001489639282,0.8213001489639282,2000,,,,,,,,,,,
fedavg,fedavg,510|859,510|859,2,859,data_2000_4_1.5_chordal,global_val_client_task,val,cycle2,57,,,,,,,,,,2000,862.0,4.0,1134.0,0.0,0.9953810623556582,1.0,0.9976851344108582,0.9976851344108582,0.9976851344108582,862.0,0.4309999942779541
fedavg,fedavg,510|859,510|859,2,859,data_2000_4_1.5_chordal,global_val_client_task,val,cycle3,57,,,,,,,,,,2000,689.0,10.0,1299.0,2.0,0.9856938483547926,0.9971056439942113,0.9913669228553772,0.9913669228553772,0.9913669228553772,691.0,0.34549999237060547
fedavg,fedavg,510|859,510|859,2,859,data_2000_4_1.5_chordal,global_val_client_task,val,cycle4,57,,,,,,,,,,2000,372.0,37.0,1572.0,19.0,0.9095354523227384,0.9514066496163683,0.9300000071525574,0.9300000071525574,0.9300000071525574,391.0,0.19550000131130219
fedavg,fedavg,510|859,510|859,2,859,data_2000_4_1.5_chordal,global_val_client_task,val,cycle5,57,,,,,,,,,,2000,191.0,67.0,1697.0,45.0,0.7403100775193798,0.809322033898305,0.7732794284820557,0.7732794284820557,0.7732794284820557,236.0,0.11800000071525574
fedavg,fedavg,510|859,510|859,2,859,data_2000_4_1.5_chordal,global_val_client_task,val,cycle6,57,,,,,,,,,,2000,76.0,163.0,1709.0,52.0,0.3179916317991632,0.59375,0.41416895389556885,0.41416895389556885,0.41416895389556885,128.0,0.06400000303983688
fedavg,fedavg,510|859,510|859,2,all,all,global_val_mean,val,,57,,,0.2542766810655594,0.9410499999999999,0.7717500030994415,0.9153033231843057,0.8721829056739807,0.8721829056739807,0.8647676110267639,4000,,,,,,,,,,,
fedavg,fedavg,510|859,510|859,2,510,data_2000_5_5.5_chordal,train_epoch,train,,58,1.0,0.1821168621778488,,,,,,,,2000,,,,,,,,,,,
fedavg,fedavg,510|859,510|859,2,510,data_2000_5_5.5_chordal,val_epoch,val,,58,,,0.18526933085918426,0.9208,0.6924999952316284,0.9104477611940298,0.9183446168899536,0.9183446168899536,0.9079373478889465,2000,,,,,,,,,,,
fedavg,fedavg,510|859,510|859,2,510,data_2000_5_5.5_chordal,val_epoch_task,val,cycle2,58,,,,,,,,,,2000,532.0,46.0,1422.0,0.0,0.9204152249134948,1.0,0.9585585594177246,0.9585585594177246,0.9585585594177246,532.0,0.26600000262260437
fedavg,fedavg,510|859,510|859,2,510,data_2000_5_5.5_chordal,val_epoch_task,val,cycle3,58,,,,,,,,,,2000,728.0,77.0,1193.0,2.0,0.9043478260869565,0.9972602739726028,0.9485342502593994,0.9485342502593994,0.9485342502593994,730.0,0.36500000953674316
fedavg,fedavg,510|859,510|859,2,510,data_2000_5_5.5_chordal,val_epoch_task,val,cycle4,58,,,,,,,,,,2000,860.0,114.0,1014.0,12.0,0.8829568788501027,0.9862385321100917,0.9317442774772644,0.9317442774772644,0.9317442774772644,872.0,0.4359999895095825
fedavg,fedavg,510|859,510|859,2,510,data_2000_5_5.5_chordal,val_epoch_task,val,cycle5,58,,,,,,,,,,2000,966.0,108.0,839.0,87.0,0.8994413407821229,0.9173789173789174,0.9083216190338135,0.9083216190338135,0.8958889842033386,1053.0,0.5264999866485596
fedavg,fedavg,510|859,510|859,2,510,data_2000_5_5.5_chordal,val_epoch_task,val,cycle6,58,,,,,,,,,,2000,940.0,164.0,714.0,182.0,0.8514492753623188,0.8377896613190731,0.8445642590522766,0.8445642590522766,0.8049604892730713,1122.0,0.5609999895095825
fedavg,fedavg,510|859,510|859,2,859,data_2000_4_1.5_chordal,train_epoch,train,,58,1.0,0.2010172969698906,,,,,,,,2000,,,,,,,,,,,
fedavg,fedavg,510|859,510|859,2,859,data_2000_4_1.5_chordal,val_epoch,val,,58,,,0.347434317111969,0.9233,0.7544999718666077,0.8557999623989472,0.7678132653236389,0.7678132653236389,0.7678132653236389,2000,,,,,,,,,,,
fedavg,fedavg,510|859,510|859,2,859,data_2000_4_1.5_chordal,val_epoch_task,val,cycle2,58,,,,,,,,,,2000,862.0,4.0,1134.0,0.0,0.9953810623556582,1.0,0.9976851344108582,0.9976851344108582,0.9976851344108582,862.0,0.4309999942779541
fedavg,fedavg,510|859,510|859,2,859,data_2000_4_1.5_chordal,val_epoch_task,val,cycle3,58,,,,,,,,,,2000,691.0,16.0,1293.0,0.0,0.9773691654879774,1.0,0.9885550737380981,0.9885550737380981,0.9885550737380981,691.0,0.34549999237060547
fedavg,fedavg,510|859,510|859,2,859,data_2000_4_1.5_chordal,val_epoch_task,val,cycle4,58,,,,,,,,,,2000,389.0,158.0,1451.0,2.0,0.7111517367458866,0.9948849104859335,0.8294243216514587,0.8294243216514587,0.8294243216514587,391.0,0.19550000131130219
fedavg,fedavg,510|859,510|859,2,859,data_2000_4_1.5_chordal,val_epoch_task,val,cycle5,58,,,,,,,,,,2000,232.0,269.0,1495.0,4.0,0.4630738522954092,0.9830508474576272,0.6295793652534485,0.6295793652534485,0.6295793652534485,236.0,0.11800000071525574
fedavg,fedavg,510|859,510|859,2,859,data_2000_4_1.5_chordal,val_epoch_task,val,cycle6,58,,,,,,,,,,2000,102.0,288.0,1584.0,26.0,0.26153846153846155,0.796875,0.39382240176200867,0.39382240176200867,0.39382240176200867,128.0,0.06400000303983688
fedavg,fedavg,510|859,510|859,2,510,data_2000_5_5.5_chordal,global_val_client,val,,58,,,0.24156179690361024,0.9123,0.6729999780654907,0.9051173861300442,0.9108033180236816,0.9108033180236816,0.8939259648323059,2000,,,,,,,,,,,
fedavg,fedavg,510|859,510|859,2,510,data_2000_5_5.5_chordal,global_val_client_task,val,cycle2,58,,,,,,,,,,2000,532.0,62.0,1406.0,0.0,0.8956228956228957,1.0,0.9449378252029419,0.9449378252029419,0.9449378252029419,532.0,0.26600000262260437
fedavg,fedavg,510|859,510|859,2,510,data_2000_5_5.5_chordal,global_val_client_task,val,cycle3,58,,,,,,,,,,2000,730.0,109.0,1161.0,0.0,0.8700834326579261,1.0,0.930528998374939,0.930528998374939,0.930528998374939,730.0,0.36500000953674316
fedavg,fedavg,510|859,510|859,2,510,data_2000_5_5.5_chordal,global_val_client_task,val,cycle4,58,,,,,,,,,,2000,866.0,190.0,938.0,6.0,0.8200757575757576,0.9931192660550459,0.8983402252197266,0.8983402252197266,0.8983402252197266,872.0,0.4359999895095825
fedavg,fedavg,510|859,510|859,2,510,data_2000_5_5.5_chordal,global_val_client_task,val,cycle5,58,,,,,,,,,,2000,1027.0,175.0,772.0,26.0,0.8544093178036606,0.9753086419753086,0.9108647704124451,0.9108647704124451,0.8848137259483337,1053.0,0.5264999866485596
fedavg,fedavg,510|859,510|859,2,510,data_2000_5_5.5_chordal,global_val_client_task,val,cycle6,58,,,,,,,,,,2000,1028.0,215.0,663.0,94.0,0.827031375703942,0.9162210338680927,0.8693445920944214,0.8693445920944214,0.8110091686248779,1122.0,0.5609999895095825
fedavg,fedavg,510|859,510|859,2,859,data_2000_4_1.5_chordal,global_val_client,val,,58,,,0.27514721155166627,0.9589,0.8420000076293945,0.9155884165126309,0.8289231061935425,0.8289231061935425,0.8289231061935425,2000,,,,,,,,,,,
fedavg,fedavg,510|859,510|859,2,859,data_2000_4_1.5_chordal,global_val_client_task,val,cycle2,58,,,,,,,,,,2000,862.0,2.0,1136.0,0.0,0.9976851851851852,1.0,0.9988412261009216,0.9988412261009216,0.9988412261009216,862.0,0.4309999942779541
fedavg,fedavg,510|859,510|859,2,859,data_2000_4_1.5_chordal,global_val_client_task,val,cycle3,58,,,,,,,,,,2000,689.0,16.0,1293.0,2.0,0.9773049645390071,0.9971056439942113,0.9871060252189636,0.9871060252189636,0.9871060252189636,691.0,0.34549999237060547
fedavg,fedavg,510|859,510|859,2,859,data_2000_4_1.5_chordal,global_val_client_task,val,cycle4,58,,,,,,,,,,2000,384.0,59.0,1550.0,7.0,0.8668171557562077,0.9820971867007673,0.9208633303642273,0.9208633303642273,0.9208633303642273,391.0,0.19550000131130219
fedavg,fedavg,510|859,510|859,2,859,data_2000_4_1.5_chordal,global_val_client_task,val,cycle5,58,,,,,,,,,,2000,204.0,104.0,1660.0,32.0,0.6623376623376623,0.864406779661017,0.75,0.75,0.75,236.0,0.11800000071525574
fedavg,fedavg,510|859,510|859,2,859,data_2000_4_1.5_chordal,global_val_client_task,val,cycle6,58,,,,,,,,,,2000,90.0,151.0,1721.0,38.0,0.37344398340248963,0.703125,0.4878048896789551,0.4878048896789551,0.4878048896789551,128.0,0.06400000303983688
fedavg,fedavg,510|859,510|859,2,all,all,global_val_mean,val,,58,,,0.2583545042276382,0.9355999999999999,0.7574999928474426,0.9103529013213376,0.8698632121086121,0.8698632121086121,0.8614245355129242,4000,,,,,,,,,,,
fedavg,fedavg,510|859,510|859,2,510,data_2000_5_5.5_chordal,train_epoch,train,,59,1.0,0.18105311983823777,,,,,,,,2000,,,,,,,,,,,
fedavg,fedavg,510|859,510|859,2,510,data_2000_5_5.5_chordal,val_epoch,val,,59,,,0.18471109980344771,0.9256,0.7080000042915344,0.9154737559645535,0.9238405227661133,0.9238405227661133,0.9133279919624329,2000,,,,,,,,,,,
fedavg,fedavg,510|859,510|859,2,510,data_2000_5_5.5_chordal,val_epoch_task,val,cycle2,59,,,,,,,,,,2000,522.0,25.0,1443.0,10.0,0.9542961608775137,0.981203007518797,0.9675625562667847,0.9675625562667847,0.9675625562667847,532.0,0.26600000262260437
fedavg,fedavg,510|859,510|859,2,510,data_2000_5_5.5_chordal,val_epoch_task,val,cycle3,59,,,,,,,,,,2000,718.0,60.0,1210.0,12.0,0.922879177377892,0.9835616438356164,0.9522546529769897,0.9522546529769897,0.9522546529769897,730.0,0.36500000953674316
fedavg,fedavg,510|859,510|859,2,510,data_2000_5_5.5_chordal,val_epoch_task,val,cycle4,59,,,,,,,,,,2000,855.0,104.0,1024.0,17.0,0.8915537017726799,0.9805045871559633,0.933915913105011,0.933915913105011,0.933915913105011,872.0,0.4359999895095825
fedavg,fedavg,510|859,510|859,2,510,data_2000_5_5.5_chordal,val_epoch_task,val,cycle5,59,,,,,,,,,,2000,965.0,123.0,824.0,88.0,0.8869485294117647,0.9164292497625831,0.9014478921890259,0.9014478921890259,0.8864981532096863,1053.0,0.5264999866485596
fedavg,fedavg,510|859,510|859,2,510,data_2000_5_5.5_chordal,val_epoch_task,val,cycle6,59,,,,,,,,,,2000,969.0,152.0,726.0,153.0,0.864406779661017,0.8636363636363636,0.8640214204788208,0.8640214204788208,0.8264086842536926,1122.0,0.5609999895095825
fedavg,fedavg,510|859,510|859,2,859,data_2000_4_1.5_chordal,train_epoch,train,,59,1.0,0.19674322390556334,,,,,,,,2000,,,,,,,,,,,
fedavg,fedavg,510|859,510|859,2,859,data_2000_4_1.5_chordal,val_epoch,val,,59,,,0.27832897663116457,0.9388,0.7994999885559082,0.8804687499999999,0.8010351061820984,0.8010351061820984,0.8010351061820984,2000,,,,,,,,,,,
fedavg,fedavg,510|859,510|859,2,859,data_2000_4_1.5_chordal,val_epoch_task,val,cycle2,59,,,,,,,,,,2000,862.0,7.0,1131.0,0.0,0.9919447640966629,1.0,0.9959561228752136,0.9959561228752136,0.9959561228752136,862.0,0.4309999942779541
fedavg,fedavg,510|859,510|859,2,859,data_2000_4_1.5_chordal,val_epoch_task,val,cycle3,59,,,,,,,,,,2000,682.0,15.0,1294.0,9.0,0.9784791965566715,0.9869753979739508,0.9827089309692383,0.9827089309692383,0.9827089309692383,691.0,0.34549999237060547
fedavg,fedavg,510|859,510|859,2,859,data_2000_4_1.5_chordal,val_epoch_task,val,cycle4,59,,,,,,,,,,2000,379.0,36.0,1573.0,12.0,0.9132530120481928,0.969309462915601,0.940446674823761,0.940446674823761,0.940446674823761,391.0,0.19550000131130219
fedavg,fedavg,510|859,510|859,2,859,data_2000_4_1.5_chordal,val_epoch_task,val,cycle5,59,,,,,,,,,,2000,223.0,181.0,1583.0,13.0,0.551980198019802,0.9449152542372882,0.6968749761581421,0.6968749761581421,0.6968749761581421,236.0,0.11800000071525574
fedavg,fedavg,510|859,510|859,2,859,data_2000_4_1.5_chordal,val_epoch_task,val,cycle6,59,,,,,,,,,,2000,108.0,319.0,1553.0,20.0,0.2529274004683841,0.84375,0.3891891539096832,0.3891891539096832,0.3891891539096832,128.0,0.06400000303983688
fedavg,fedavg,510|859,510|859,2,510,data_2000_5_5.5_chordal,global_val_client,val,,59,,,0.20510634583234788,0.925,0.715499997138977,0.9176728869374314,0.9270663261413574,0.9270663261413574,0.909863293170929,2000,,,,,,,,,,,
fedavg,fedavg,510|859,510|859,2,510,data_2000_5_5.5_chordal,global_val_client_task,val,cycle2,59,,,,,,,,,,2000,531.0,27.0,1441.0,1.0,0.9516129032258065,0.9981203007518797,0.974311888217926,0.974311888217926,0.974311888217926,532.0,0.26600000262260437
fedavg,fedavg,510|859,510|859,2,510,data_2000_5_5.5_chordal,global_val_client_task,val,cycle3,59,,,,,,,,,,2000,729.0,54.0,1216.0,1.0,0.9310344827586207,0.9986301369863013,0.9636484384536743,0.9636484384536743,0.9636484384536743,730.0,0.36500000953674316
fedavg,fedavg,510|859,510|859,2,510,data_2000_5_5.5_chordal,global_val_client_task,val,cycle4,59,,,,,,,,,,2000,863.0,143.0,985.0,9.0,0.8578528827037774,0.9896788990825688,0.9190628528594971,0.9190628528594971,0.9190628528594971,872.0,0.4359999895095825
fedavg,fedavg,510|859,510|859,2,510,data_2000_5_5.5_chordal,global_val_client_task,val,cycle5,59,,,,,,,,,,2000,1022.0,182.0,765.0,31.0,0.8488372093023255,0.9705603038936372,0.9056270122528076,0.9056270122528076,0.8777968883514404,1053.0,0.5264999866485596
fedavg,fedavg,510|859,510|859,2,510,data_2000_5_5.5_chordal,global_val_client_task,val,cycle6,59,,,,,,,,,,2000,1035.0,215.0,663.0,87.0,0.828,0.9224598930481284,0.8726813197135925,0.8726813197135925,0.8144963383674622,1122.0,0.5609999895095825
fedavg,fedavg,510|859,510|859,2,859,data_2000_4_1.5_chordal,global_val_client,val,,59,,,0.24461570811271668,0.9619,0.8495000004768372,0.9214594928880643,0.8440195918083191,0.8440195918083191,0.8440195918083191,2000,,,,,,,,,,,
fedavg,fedavg,510|859,510|859,2,859,data_2000_4_1.5_chordal,global_val_client_task,val,cycle2,59,,,,,,,,,,2000,862.0,1.0,1137.0,0.0,0.9988412514484357,1.0,0.9994202256202698,0.9994202256202698,0.9994202256202698,862.0,0.4309999942779541
fedavg,fedavg,510|859,510|859,2,859,data_2000_4_1.5_chordal,global_val_client_task,val,cycle3,59,,,,,,,,,,2000,686.0,11.0,1298.0,5.0,0.9842180774748924,0.9927641099855282,0.9884726405143738,0.9884726405143738,0.9884726405143738,691.0,0.34549999237060547
fedavg,fedavg,510|859,510|859,2,859,data_2000_4_1.5_chordal,global_val_client_task,val,cycle4,59,,,,,,,,,,2000,380.0,20.0,1589.0,11.0,0.95,0.9718670076726342,0.9608091115951538,0.9608091115951538,0.9608091115951538,391.0,0.19550000131130219
fedavg,fedavg,510|859,510|859,2,859,data_2000_4_1.5_chordal,global_val_client_task,val,cycle5,59,,,,,,,,,,2000,204.0,70.0,1694.0,32.0,0.7445255474452555,0.864406779661017,0.800000011920929,0.800000011920929,0.800000011920929,236.0,0.11800000071525574
fedavg,fedavg,510|859,510|859,2,859,data_2000_4_1.5_chordal,global_val_client_task,val,cycle6,59,,,,,,,,,,2000,103.0,206.0,1666.0,25.0,0.3333333333333333,0.8046875,0.47139590978622437,0.47139590978622437,0.47139590978622437,128.0,0.06400000303983688
fedavg,fedavg,510|859,510|859,2,all,all,global_val_mean,val,,59,,,0.22486102697253227,0.94345,0.7824999988079071,0.9195661899127479,0.8855429589748383,0.8855429589748383,0.876941442489624,4000,,,,,,,,,,,
fedavg,fedavg,510|859,510|859,2,510,data_2000_5_5.5_chordal,train_epoch,train,,60,1.0,0.18181312787532805,,,,,,,,2000,,,,,,,,,,,
fedavg,fedavg,510|859,510|859,2,510,data_2000_5_5.5_chordal,val_epoch,val,,60,,,0.1836265161037445,0.922,0.6919999718666077,0.9106938401648729,0.9211692810058594,0.9211692810058594,0.9117692708969116,2000,,,,,,,,,,,
fedavg,fedavg,510|859,510|859,2,510,data_2000_5_5.5_chordal,val_epoch_task,val,cycle2,60,,,,,,,,,,2000,528.0,17.0,1451.0,4.0,0.9688073394495413,0.9924812030075187,0.9805014133453369,0.9805014133453369,0.9805014133453369,532.0,0.26600000262260437
fedavg,fedavg,510|859,510|859,2,510,data_2000_5_5.5_chordal,val_epoch_task,val,cycle3,60,,,,,,,,,,2000,721.0,57.0,1213.0,9.0,0.9267352185089974,0.9876712328767123,0.9562333822250366,0.9562333822250366,0.9562333822250366,730.0,0.36500000953674316
fedavg,fedavg,510|859,510|859,2,510,data_2000_5_5.5_chordal,val_epoch_task,val,cycle4,60,,,,,,,,,,2000,858.0,122.0,1006.0,14.0,0.8755102040816326,0.9839449541284404,0.9265658855438232,0.9265658855438232,0.9265658855438232,872.0,0.4359999895095825
fedavg,fedavg,510|859,510|859,2,510,data_2000_5_5.5_chordal,val_epoch_task,val,cycle5,60,,,,,,,,,,2000,922.0,88.0,859.0,131.0,0.9128712871287129,0.8755935422602089,0.893843948841095,0.893843948841095,0.8869385719299316,1053.0,0.5264999866485596
fedavg,fedavg,510|859,510|859,2,510,data_2000_5_5.5_chordal,val_epoch_task,val,cycle6,60,,,,,,,,,,2000,948.0,164.0,714.0,174.0,0.8525179856115108,0.8449197860962567,0.8487018942832947,0.8487018942832947,0.8086070418357849,1122.0,0.5609999895095825
fedavg,fedavg,510|859,510|859,2,859,data_2000_4_1.5_chordal,train_epoch,train,,60,1.0,0.21298481452465057,,,,,,,,2000,,,,,,,,,,,
fedavg,fedavg,510|859,510|859,2,859,data_2000_4_1.5_chordal,val_epoch,val,,60,,,0.34764990079402924,0.889,0.6995000243186951,0.8038176033934251,0.7302485108375549,0.7302485108375549,0.7302485108375549,2000,,,,,,,,,,,
fedavg,fedavg,510|859,510|859,2,859,data_2000_4_1.5_chordal,val_epoch_task,val,cycle2,60,,,,,,,,,,2000,844.0,4.0,1134.0,18.0,0.9952830188679245,0.9791183294663574,0.9871345162391663,0.9871345162391663,0.9871345162391663,862.0,0.4309999942779541
fedavg,fedavg,510|859,510|859,2,859,data_2000_4_1.5_chordal,val_epoch_task,val,cycle3,60,,,,,,,,,,2000,689.0,19.0,1290.0,2.0,0.9731638418079096,0.9971056439942113,0.9849892854690552,0.9849892854690552,0.9849892854690552,691.0,0.34549999237060547
fedavg,fedavg,510|859,510|859,2,859,data_2000_4_1.5_chordal,val_epoch_task,val,cycle4,60,,,,,,,,,,2000,387.0,170.0,1439.0,4.0,0.6947935368043088,0.989769820971867,0.8164556622505188,0.8164556622505188,0.8164556622505188,391.0,0.19550000131130219
fedavg,fedavg,510|859,510|859,2,859,data_2000_4_1.5_chordal,val_epoch_task,val,cycle5,60,,,,,,,,,,2000,236.0,415.0,1349.0,0.0,0.36251920122887865,1.0,0.532130777835846,0.532130777835846,0.532130777835846,236.0,0.11800000071525574
fedavg,fedavg,510|859,510|859,2,859,data_2000_4_1.5_chordal,val_epoch_task,val,cycle6,60,,,,,,,,,,2000,118.0,468.0,1404.0,10.0,0.20136518771331058,0.921875,0.3305321931838989,0.3305321931838989,0.3305321931838989,128.0,0.06400000303983688
fedavg,fedavg,510|859,510|859,2,510,data_2000_5_5.5_chordal,global_val_client,val,,60,,,0.18190034705400468,0.9268,0.7039999961853027,0.9195604395604395,0.929829478263855,0.929829478263855,0.9132437705993652,2000,,,,,,,,,,,
fedavg,fedavg,510|859,510|859,2,510,data_2000_5_5.5_chordal,global_val_client_task,val,cycle2,60,,,,,,,,,,2000,532.0,13.0,1455.0,0.0,0.9761467889908257,1.0,0.9879294633865356,0.9879294633865356,0.9879294633865356,532.0,0.26600000262260437
fedavg,fedavg,510|859,510|859,2,510,data_2000_5_5.5_chordal,global_val_client_task,val,cycle3,60,,,,,,,,,,2000,730.0,59.0,1211.0,0.0,0.9252217997465145,1.0,0.9611586332321167,0.9611586332321167,0.9611586332321167,730.0,0.36500000953674316
fedavg,fedavg,510|859,510|859,2,510,data_2000_5_5.5_chordal,global_val_client_task,val,cycle4,60,,,,,,,,,,2000,865.0,143.0,985.0,7.0,0.8581349206349206,0.9919724770642202,0.9202127456665039,0.9202127456665039,0.9202127456665039,872.0,0.4359999895095825
fedavg,fedavg,510|859,510|859,2,510,data_2000_5_5.5_chordal,global_val_client_task,val,cycle5,60,,,,,,,,,,2000,1038.0,194.0,753.0,15.0,0.8425324675324676,0.9857549857549858,0.9085338711738586,0.9085338711738586,0.8781341314315796,1053.0,0.5264999866485596
fedavg,fedavg,510|859,510|859,2,510,data_2000_5_5.5_chordal,global_val_client_task,val,cycle6,60,,,,,,,,,,2000,1019.0,198.0,680.0,103.0,0.8373048479868529,0.9081996434937611,0.8713125586509705,0.8713125586509705,0.8187838196754456,1122.0,0.5609999895095825
fedavg,fedavg,510|859,510|859,2,859,data_2000_4_1.5_chordal,global_val_client,val,,60,,,0.27569757694005964,0.9554,0.8349999785423279,0.9096068098905553,0.825424313545227,0.825424313545227,0.825424313545227,2000,,,,,,,,,,,
fedavg,fedavg,510|859,510|859,2,859,data_2000_4_1.5_chordal,global_val_client_task,val,cycle2,60,,,,,,,,,,2000,862.0,7.0,1131.0,0.0,0.9919447640966629,1.0,0.9959561228752136,0.9959561228752136,0.9959561228752136,862.0,0.4309999942779541
fedavg,fedavg,510|859,510|859,2,859,data_2000_4_1.5_chordal,global_val_client_task,val,cycle3,60,,,,,,,,,,2000,690.0,10.0,1299.0,1.0,0.9857142857142858,0.9985528219971056,0.9920920133590698,0.9920920133590698,0.9920920133590698,691.0,0.34549999237060547
fedavg,fedavg,510|859,510|859,2,859,data_2000_4_1.5_chordal,global_val_client_task,val,cycle4,60,,,,,,,,,,2000,378.0,30.0,1579.0,13.0,0.9264705882352942,0.9667519181585678,0.9461826682090759,0.9461826682090759,0.9461826682090759,391.0,0.19550000131130219
fedavg,fedavg,510|859,510|859,2,859,data_2000_4_1.5_chordal,global_val_client_task,val,cycle5,60,,,,,,,,,,2000,219.0,129.0,1635.0,17.0,0.6293103448275862,0.9279661016949152,0.7500000596046448,0.7500000596046448,0.7500000596046448,236.0,0.11800000071525574
fedavg,fedavg,510|859,510|859,2,859,data_2000_4_1.5_chordal,global_val_client_task,val,cycle6,60,,,,,,,,,,2000,95.0,206.0,1666.0,33.0,0.31561461794019935,0.7421875,0.442890465259552,0.442890465259552,0.442890465259552,128.0,0.06400000303983688
fedavg,fedavg,510|859,510|859,2,all,all,global_val_mean,val,,60,,,0.22879896199703217,0.9410999999999999,0.7694999873638153,0.9145836247254975,0.877626895904541,0.877626895904541,0.8693340420722961,4000,,,,,,,,,,,
fedavg,fedavg,510|859,510|859,2,510,data_2000_5_5.5_chordal,train_epoch,train,,61,1.0,0.19217318475246428,,,,,,,,2000,,,,,,,,,,,
fedavg,fedavg,510|859,510|859,2,510,data_2000_5_5.5_chordal,val_epoch,val,,61,,,0.19640608131885529,0.921,0.699999988079071,0.912784279090307,0.9200788736343384,0.9200788736343384,0.9064753651618958,2000,,,,,,,,,,,
fedavg,fedavg,510|859,510|859,2,510,data_2000_5_5.5_chordal,val_epoch_task,val,cycle2,61,,,,,,,,,,2000,532.0,38.0,1430.0,0.0,0.9333333333333333,1.0,0.9655172228813171,0.9655172228813171,0.9655172228813171,532.0,0.26600000262260437
fedavg,fedavg,510|859,510|859,2,510,data_2000_5_5.5_chordal,val_epoch_task,val,cycle3,61,,,,,,,,,,2000,729.0,95.0,1175.0,1.0,0.8847087378640777,0.9986301369863013,0.9382240176200867,0.9382240176200867,0.9382240176200867,730.0,0.36500000953674316
fedavg,fedavg,510|859,510|859,2,510,data_2000_5_5.5_chordal,val_epoch_task,val,cycle4,61,,,,,,,,,,2000,865.0,152.0,976.0,7.0,0.8505408062930186,0.9919724770642202,0.91582852602005,0.91582852602005,0.91582852602005,872.0,0.4359999895095825
fedavg,fedavg,510|859,510|859,2,510,data_2000_5_5.5_chordal,val_epoch_task,val,cycle5,61,,,,,,,,,,2000,1015.0,144.0,803.0,38.0,0.8757549611734253,0.9639126305792972,0.9177215099334717,0.9177215099334717,0.8982102870941162,1053.0,0.5264999866485596
fedavg,fedavg,510|859,510|859,2,510,data_2000_5_5.5_chordal,val_epoch_task,val,cycle6,61,,,,,,,,,,2000,993.0,186.0,692.0,129.0,0.8422391857506362,0.8850267379679144,0.8631030321121216,0.8631030321121216,0.8145968317985535,1122.0,0.5609999895095825
fedavg,fedavg,510|859,510|859,2,859,data_2000_4_1.5_chordal,train_epoch,train,,61,1.0,0.19356285846233368,,,,,,,,2000,,,,,,,,,,,
fedavg,fedavg,510|859,510|859,2,859,data_2000_4_1.5_chordal,val_epoch,val,,61,,,0.3395427258014679,0.9469,0.8044999837875366,0.8933092224231465,0.8048517107963562,0.8048517107963562,0.8048517107963562,2000,,,,,,,,,,,
fedavg,fedavg,510|859,510|859,2,859,data_2000_4_1.5_chordal,val_epoch_task,val,cycle2,61,,,,,,,,,,2000,862.0,30.0,1108.0,0.0,0.9663677130044843,1.0,0.9828962683677673,0.9828962683677673,0.9828962683677673,862.0,0.4309999942779541
fedavg,fedavg,510|859,510|859,2,859,data_2000_4_1.5_chordal,val_epoch_task,val,cycle3,61,,,,,,,,,,2000,683.0,6.0,1303.0,8.0,0.9912917271407837,0.9884225759768451,0.9898550510406494,0.9898550510406494,0.9898550510406494,691.0,0.34549999237060547
fedavg,fedavg,510|859,510|859,2,859,data_2000_4_1.5_chordal,val_epoch_task,val,cycle4,61,,,,,,,,,,2000,364.0,45.0,1564.0,27.0,0.8899755501222494,0.9309462915601023,0.9100000262260437,0.9100000262260437,0.9100000262260437,391.0,0.19550000131130219
fedavg,fedavg,510|859,510|859,2,859,data_2000_4_1.5_chordal,val_epoch_task,val,cycle5,61,,,,,,,,,,2000,228.0,205.0,1559.0,8.0,0.5265588914549654,0.9661016949152542,0.6816143989562988,0.6816143989562988,0.6816143989562988,236.0,0.11800000071525574
fedavg,fedavg,510|859,510|859,2,859,data_2000_4_1.5_chordal,val_epoch_task,val,cycle6,61,,,,,,,,,,2000,86.0,160.0,1712.0,42.0,0.34959349593495936,0.671875,0.45989304780960083,0.45989304780960083,0.45989304780960083,128.0,0.06400000303983688
fedavg,fedavg,510|859,510|859,2,510,data_2000_5_5.5_chordal,global_val_client,val,,61,,,0.19637022829055786,0.9241,0.6990000009536743,0.9171849427168576,0.9238923192024231,0.9238923192024231,0.9069330096244812,2000,,,,,,,,,,,
fedavg,fedavg,510|859,510|859,2,510,data_2000_5_5.5_chordal,global_val_client_task,val,cycle2,61,,,,,,,,,,2000,532.0,56.0,1412.0,0.0,0.9047619047619048,1.0,0.949999988079071,0.949999988079071,0.949999988079071,532.0,0.26600000262260437
fedavg,fedavg,510|859,510|859,2,510,data_2000_5_5.5_chordal,global_val_client_task,val,cycle3,61,,,,,,,,,,2000,730.0,60.0,1210.0,0.0,0.9240506329113924,1.0,0.9605263471603394,0.9605263471603394,0.9605263471603394,730.0,0.36500000953674316
fedavg,fedavg,510|859,510|859,2,510,data_2000_5_5.5_chordal,global_val_client_task,val,cycle4,61,,,,,,,,,,2000,864.0,135.0,993.0,8.0,0.8648648648648649,0.9908256880733946,0.9235703349113464,0.9235703349113464,0.9235703349113464,872.0,0.4359999895095825
fedavg,fedavg,510|859,510|859,2,510,data_2000_5_5.5_chordal,global_val_client_task,val,cycle5,61,,,,,,,,,,2000,1040.0,209.0,738.0,13.0,0.8326661329063251,0.9876543209876543,0.9035621285438538,0.9035621285438538,0.869257926940918,1053.0,0.5264999866485596
fedavg,fedavg,510|859,510|859,2,510,data_2000_5_5.5_chordal,global_val_client_task,val,cycle6,61,,,,,,,,,,2000,1037.0,193.0,685.0,85.0,0.843089430894309,0.9242424242424242,0.8818027377128601,0.8818027377128601,0.8313106894493103,1122.0,0.5609999895095825
fedavg,fedavg,510|859,510|859,2,859,data_2000_4_1.5_chordal,global_val_client,val,,61,,,0.2809317809343338,0.9532,0.8240000009536743,0.9054163298302346,0.8161709904670715,0.8161709904670715,0.8161709904670715,2000,,,,,,,,,,,
fedavg,fedavg,510|859,510|859,2,859,data_2000_4_1.5_chordal,global_val_client_task,val,cycle2,61,,,,,,,,,,2000,862.0,4.0,1134.0,0.0,0.9953810623556582,1.0,0.9976851344108582,0.9976851344108582,0.9976851344108582,862.0,0.4309999942779541
fedavg,fedavg,510|859,510|859,2,859,data_2000_4_1.5_chordal,global_val_client_task,val,cycle3,61,,,,,,,,,,2000,688.0,6.0,1303.0,3.0,0.9913544668587896,0.9956584659913169,0.9935018420219421,0.9935018420219421,0.9935018420219421,691.0,0.34549999237060547
fedavg,fedavg,510|859,510|859,2,859,data_2000_4_1.5_chordal,global_val_client_task,val,cycle4,61,,,,,,,,,,2000,380.0,49.0,1560.0,11.0,0.8857808857808858,0.9718670076726342,0.9268292784690857,0.9268292784690857,0.9268292784690857,391.0,0.19550000131130219
fedavg,fedavg,510|859,510|859,2,859,data_2000_4_1.5_chordal,global_val_client_task,val,cycle5,61,,,,,,,,,,2000,222.0,149.0,1615.0,14.0,0.5983827493261455,0.940677966101695,0.7314662337303162,0.7314662337303162,0.7314662337303162,236.0,0.11800000071525574
fedavg,fedavg,510|859,510|859,2,859,data_2000_4_1.5_chordal,global_val_client_task,val,cycle6,61,,,,,,,,,,2000,88.0,192.0,1680.0,40.0,0.3142857142857143,0.6875,0.4313725531101227,0.4313725531101227,0.4313725531101227,128.0,0.06400000303983688
fedavg,fedavg,510|859,510|859,2,all,all,global_val_mean,val,,61,,,0.23865100461244584,0.9386500000000001,0.7615000009536743,0.9113006362735461,0.8700316548347473,0.8700316548347473,0.8615520000457764,4000,,,,,,,,,,,
fedavg,fedavg,510|859,510|859,2,510,data_2000_5_5.5_chordal,train_epoch,train,,62,1.0,0.17712109470367432,,,,,,,,2000,,,,,,,,,,,
fedavg,fedavg,510|859,510|859,2,510,data_2000_5_5.5_chordal,val_epoch,val,,62,,,0.18354066824913026,0.9289,0.7250000238418579,0.9216874105077651,0.9310884475708008,0.9310884475708008,0.912807822227478,2000,,,,,,,,,,,
fedavg,fedavg,510|859,510|859,2,510,data_2000_5_5.5_chordal,val_epoch_task,val,cycle2,62,,,,,,,,,,2000,531.0,27.0,1441.0,1.0,0.9516129032258065,0.9981203007518797,0.974311888217926,0.974311888217926,0.974311888217926,532.0,0.26600000262260437
fedavg,fedavg,510|859,510|859,2,510,data_2000_5_5.5_chordal,val_epoch_task,val,cycle3,62,,,,,,,,,,2000,730.0,55.0,1215.0,0.0,0.9299363057324841,1.0,0.9636963605880737,0.9636963605880737,0.9636963605880737,730.0,0.36500000953674316
fedavg,fedavg,510|859,510|859,2,510,data_2000_5_5.5_chordal,val_epoch_task,val,cycle4,62,,,,,,,,,,2000,854.0,102.0,1026.0,18.0,0.893305439330544,0.9793577981651376,0.9343544244766235,0.9343544244766235,0.9343544244766235,872.0,0.4359999895095825
fedavg,fedavg,510|859,510|859,2,510,data_2000_5_5.5_chordal,val_epoch_task,val,cycle5,62,,,,,,,,,,2000,1011.0,155.0,792.0,42.0,0.8670668953687821,0.9601139601139601,0.9112212657928467,0.9112212657928467,0.8893879652023315,1053.0,0.5264999866485596
fedavg,fedavg,510|859,510|859,2,510,data_2000_5_5.5_chordal,val_epoch_task,val,cycle6,62,,,,,,,,,,2000,1058.0,247.0,631.0,64.0,0.810727969348659,0.9429590017825312,0.8718582391738892,0.8718582391738892,0.8022886514663696,1122.0,0.5609999895095825
fedavg,fedavg,510|859,510|859,2,859,data_2000_4_1.5_chordal,train_epoch,train,,62,1.0,0.19633775091171266,,,,,,,,2000,,,,,,,,,,,
fedavg,fedavg,510|859,510|859,2,859,data_2000_4_1.5_chordal,val_epoch,val,,62,,,0.24658403372764587,0.9572,0.8429999947547913,0.9133603238866397,0.8318188786506653,0.8318188786506653,0.8318188786506653,2000,,,,,,,,,,,
fedavg,fedavg,510|859,510|859,2,859,data_2000_4_1.5_chordal,val_epoch_task,val,cycle2,62,,,,,,,,,,2000,859.0,3.0,1135.0,3.0,0.9965197215777262,0.9965197215777262,0.9965197443962097,0.9965197443962097,0.9965197443962097,862.0,0.4309999942779541
fedavg,fedavg,510|859,510|859,2,859,data_2000_4_1.5_chordal,val_epoch_task,val,cycle3,62,,,,,,,,,,2000,688.0,5.0,1304.0,3.0,0.9927849927849928,0.9956584659913169,0.9942197203636169,0.9942197203636169,0.9942197203636169,691.0,0.34549999237060547
fedavg,fedavg,510|859,510|859,2,859,data_2000_4_1.5_chordal,val_epoch_task,val,cycle4,62,,,,,,,,,,2000,381.0,33.0,1576.0,10.0,0.9202898550724637,0.9744245524296675,0.9465838670730591,0.9465838670730591,0.9465838670730591,391.0,0.19550000131130219
fedavg,fedavg,510|859,510|859,2,859,data_2000_4_1.5_chordal,val_epoch_task,val,cycle5,62,,,,,,,,,,2000,231.0,156.0,1608.0,5.0,0.5968992248062015,0.9788135593220338,0.7415730357170105,0.7415730357170105,0.7415730357170105,236.0,0.11800000071525574
fedavg,fedavg,510|859,510|859,2,859,data_2000_4_1.5_chordal,val_epoch_task,val,cycle6,62,,,,,,,,,,2000,97.0,179.0,1693.0,31.0,0.35144927536231885,0.7578125,0.4801980257034302,0.4801980257034302,0.4801980257034302,128.0,0.06400000303983688
fedavg,fedavg,510|859,510|859,2,510,data_2000_5_5.5_chordal,global_val_client,val,,62,,,0.1867799153327942,0.9298,0.7204999923706055,0.9233122132401135,0.9323564767837524,0.9323564767837524,0.9143862724304199,2000,,,,,,,,,,,
fedavg,fedavg,510|859,510|859,2,510,data_2000_5_5.5_chordal,global_val_client_task,val,cycle2,62,,,,,,,,,,2000,531.0,19.0,1449.0,1.0,0.9654545454545455,0.9981203007518797,0.981515645980835,0.981515645980835,0.981515645980835,532.0,0.26600000262260437
fedavg,fedavg,510|859,510|859,2,510,data_2000_5_5.5_chordal,global_val_client_task,val,cycle3,62,,,,,,,,,,2000,729.0,63.0,1207.0,1.0,0.9204545454545454,0.9986301369863013,0.9579500555992126,0.9579500555992126,0.9579500555992126,730.0,0.36500000953674316
fedavg,fedavg,510|859,510|859,2,510,data_2000_5_5.5_chordal,global_val_client_task,val,cycle4,62,,,,,,,,,,2000,859.0,121.0,1007.0,13.0,0.8765306122448979,0.9850917431192661,0.9276458024978638,0.9276458024978638,0.9276458024978638,872.0,0.4359999895095825
fedavg,fedavg,510|859,510|859,2,510,data_2000_5_5.5_chordal,global_val_client_task,val,cycle5,62,,,,,,,,,,2000,1046.0,194.0,753.0,7.0,0.8435483870967742,0.99335232668566,0.9123418927192688,0.9123418927192688,0.8822495341300964,1053.0,0.5264999866485596
fedavg,fedavg,510|859,510|859,2,510,data_2000_5_5.5_chordal,global_val_client_task,val,cycle6,62,,,,,,,,,,2000,1061.0,222.0,656.0,61.0,0.8269680436477007,0.9456327985739751,0.882328450679779,0.882328450679779,0.8225705623626709,1122.0,0.5609999895095825
fedavg,fedavg,510|859,510|859,2,859,data_2000_4_1.5_chordal,global_val_client,val,,62,,,0.235954909324646,0.9614,0.8539999723434448,0.9209016393442623,0.8420834541320801,0.8420834541320801,0.8420834541320801,2000,,,,,,,,,,,
fedavg,fedavg,510|859,510|859,2,859,data_2000_4_1.5_chordal,global_val_client_task,val,cycle2,62,,,,,,,,,,2000,861.0,2.0,1136.0,1.0,0.9976825028968713,0.9988399071925754,0.9982608556747437,0.9982608556747437,0.9982608556747437,862.0,0.4309999942779541
fedavg,fedavg,510|859,510|859,2,859,data_2000_4_1.5_chordal,global_val_client_task,val,cycle3,62,,,,,,,,,,2000,691.0,7.0,1302.0,0.0,0.9899713467048711,1.0,0.994960367679596,0.994960367679596,0.994960367679596,691.0,0.34549999237060547
fedavg,fedavg,510|859,510|859,2,859,data_2000_4_1.5_chordal,global_val_client_task,val,cycle4,62,,,,,,,,,,2000,374.0,21.0,1588.0,17.0,0.9468354430379747,0.9565217391304348,0.9516539573669434,0.9516539573669434,0.9516539573669434,391.0,0.19550000131130219
fedavg,fedavg,510|859,510|859,2,859,data_2000_4_1.5_chordal,global_val_client_task,val,cycle5,62,,,,,,,,,,2000,222.0,98.0,1666.0,14.0,0.69375,0.940677966101695,0.7985610961914062,0.7985610961914062,0.7985610961914062,236.0,0.11800000071525574
fedavg,fedavg,510|859,510|859,2,859,data_2000_4_1.5_chordal,global_val_client_task,val,cycle6,62,,,,,,,,,,2000,99.0,197.0,1675.0,29.0,0.3344594594594595,0.7734375,0.46698111295700073,0.46698111295700073,0.46698111295700073,128.0,0.06400000303983688
fedavg,fedavg,510|859,510|859,2,all,all,global_val_mean,val,,62,,,0.21136741232872008,0.9455999999999999,0.7872499823570251,0.9221069262921878,0.8872199654579163,0.8872199654579163,0.87823486328125,4000,,,,,,,,,,,
fedavg,fedavg,510|859,510|859,2,510,data_2000_5_5.5_chordal,train_epoch,train,,63,1.0,0.1753969349861145,,,,,,,,2000,,,,,,,,,,,
fedavg,fedavg,510|859,510|859,2,510,data_2000_5_5.5_chordal,val_epoch,val,,63,,,0.18042351591587066,0.9262,0.7124999761581421,0.9143454038997214,0.9246460199356079,0.9246460199356079,0.9150283932685852,2000,,,,,,,,,,,
fedavg,fedavg,510|859,510|859,2,510,data_2000_5_5.5_chordal,val_epoch_task,val,cycle2,63,,,,,,,,,,2000,531.0,19.0,1449.0,1.0,0.9654545454545455,0.9981203007518797,0.981515645980835,0.981515645980835,0.981515645980835,532.0,0.26600000262260437
fedavg,fedavg,510|859,510|859,2,510,data_2000_5_5.5_chordal,val_epoch_task,val,cycle3,63,,,,,,,,,,2000,716.0,46.0,1224.0,14.0,0.9396325459317585,0.9808219178082191,0.959785521030426,0.959785521030426,0.959785521030426,730.0,0.36500000953674316
fedavg,fedavg,510|859,510|859,2,510,data_2000_5_5.5_chordal,val_epoch_task,val,cycle4,63,,,,,,,,,,2000,804.0,49.0,1079.0,68.0,0.9425556858147714,0.9220183486238532,0.9321739077568054,0.9321739077568054,0.9321739077568054,872.0,0.4359999895095825
fedavg,fedavg,510|859,510|859,2,510,data_2000_5_5.5_chordal,val_epoch_task,val,cycle5,63,,,,,,,,,,2000,878.0,70.0,877.0,175.0,0.9261603375527426,0.8338081671415005,0.8775612115859985,0.8775612115859985,0.8774387836456299,1053.0,0.5264999866485596
fedavg,fedavg,510|859,510|859,2,510,data_2000_5_5.5_chordal,val_epoch_task,val,cycle6,63,,,,,,,,,,2000,1010.0,184.0,694.0,112.0,0.8458961474036851,0.9001782531194296,0.872193455696106,0.872193455696106,0.824228048324585,1122.0,0.5609999895095825
fedavg,fedavg,510|859,510|859,2,859,data_2000_4_1.5_chordal,train_epoch,train,,63,1.0,0.20347091948986054,,,,,,,,2000,,,,,,,,,,,
fedavg,fedavg,510|859,510|859,2,859,data_2000_4_1.5_chordal,val_epoch,val,,63,,,0.3135593047142029,0.9532,0.8270000219345093,0.9051863857374393,0.8195225596427917,0.8195225596427917,0.8195225596427917,2000,,,,,,,,,,,
fedavg,fedavg,510|859,510|859,2,859,data_2000_4_1.5_chordal,val_epoch_task,val,cycle2,63,,,,,,,,,,2000,862.0,7.0,1131.0,0.0,0.9919447640966629,1.0,0.9959561228752136,0.9959561228752136,0.9959561228752136,862.0,0.4309999942779541
fedavg,fedavg,510|859,510|859,2,859,data_2000_4_1.5_chordal,val_epoch_task,val,cycle3,63,,,,,,,,,,2000,691.0,19.0,1290.0,0.0,0.9732394366197183,1.0,0.9864382743835449,0.9864382743835449,0.9864382743835449,691.0,0.34549999237060547
fedavg,fedavg,510|859,510|859,2,859,data_2000_4_1.5_chordal,val_epoch_task,val,cycle4,63,,,,,,,,,,2000,380.0,111.0,1498.0,11.0,0.7739307535641547,0.9718670076726342,0.8616780042648315,0.8616780042648315,0.8616780042648315,391.0,0.19550000131130219
fedavg,fedavg,510|859,510|859,2,859,data_2000_4_1.5_chordal,val_epoch_task,val,cycle5,63,,,,,,,,,,2000,210.0,98.0,1666.0,26.0,0.6818181818181818,0.8898305084745762,0.7720588445663452,0.7720588445663452,0.7720588445663452,236.0,0.11800000071525574
fedavg,fedavg,510|859,510|859,2,859,data_2000_4_1.5_chordal,val_epoch_task,val,cycle6,63,,,,,,,,,,2000,91.0,159.0,1713.0,37.0,0.364,0.7109375,0.48148149251937866,0.48148149251937866,0.48148149251937866,128.0,0.06400000303983688
fedavg,fedavg,510|859,510|859,2,510,data_2000_5_5.5_chordal,global_val_client,val,,63,,,0.1923523772954941,0.9231,0.7105000019073486,0.9151869416565568,0.923423171043396,0.923423171043396,0.9078984260559082,2000,,,,,,,,,,,
fedavg,fedavg,510|859,510|859,2,510,data_2000_5_5.5_chordal,global_val_client_task,val,cycle2,63,,,,,,,,,,2000,532.0,39.0,1429.0,0.0,0.9316987740805605,1.0,0.9646419286727905,0.9646419286727905,0.9646419286727905,532.0,0.26600000262260437
fedavg,fedavg,510|859,510|859,2,510,data_2000_5_5.5_chordal,global_val_client_task,val,cycle3,63,,,,,,,,,,2000,730.0,61.0,1209.0,0.0,0.922882427307206,1.0,0.9598948359489441,0.9598948359489441,0.9598948359489441,730.0,0.36500000953674316
fedavg,fedavg,510|859,510|859,2,510,data_2000_5_5.5_chordal,global_val_client_task,val,cycle4,63,,,,,,,,,,2000,854.0,151.0,977.0,18.0,0.8497512437810946,0.9793577981651376,0.9099627137184143,0.9099627137184143,0.9099627137184143,872.0,0.4359999895095825
fedavg,fedavg,510|859,510|859,2,510,data_2000_5_5.5_chordal,global_val_client_task,val,cycle5,63,,,,,,,,,,2000,1013.0,144.0,803.0,40.0,0.8755401901469317,0.9620132953466287,0.9167420864105225,0.9167420864105225,0.8972066640853882,1053.0,0.5264999866485596
fedavg,fedavg,510|859,510|859,2,510,data_2000_5_5.5_chordal,global_val_client_task,val,cycle6,63,,,,,,,,,,2000,1020.0,214.0,664.0,102.0,0.826580226904376,0.9090909090909091,0.8658743500709534,0.8658743500709534,0.8077858686447144,1122.0,0.5609999895095825
fedavg,fedavg,510|859,510|859,2,859,data_2000_4_1.5_chordal,global_val_client,val,,63,,,0.26637515556812286,0.9659,0.8640000224113464,0.9287058331591052,0.8502472043037415,0.8502472043037415,0.8502472043037415,2000,,,,,,,,,,,
fedavg,fedavg,510|859,510|859,2,859,data_2000_4_1.5_chordal,global_val_client_task,val,cycle2,63,,,,,,,,,,2000,862.0,6.0,1132.0,0.0,0.9930875576036866,1.0,0.9965317845344543,0.9965317845344543,0.9965317845344543,862.0,0.4309999942779541
fedavg,fedavg,510|859,510|859,2,859,data_2000_4_1.5_chordal,global_val_client_task,val,cycle3,63,,,,,,,,,,2000,690.0,11.0,1298.0,1.0,0.9843081312410842,0.9985528219971056,0.9913793206214905,0.9913793206214905,0.9913793206214905,691.0,0.34549999237060547
fedavg,fedavg,510|859,510|859,2,859,data_2000_4_1.5_chordal,global_val_client_task,val,cycle4,63,,,,,,,,,,2000,375.0,30.0,1579.0,16.0,0.9259259259259259,0.959079283887468,0.9422110319137573,0.9422110319137573,0.9422110319137573,391.0,0.19550000131130219
fedavg,fedavg,510|859,510|859,2,859,data_2000_4_1.5_chordal,global_val_client_task,val,cycle5,63,,,,,,,,,,2000,201.0,42.0,1722.0,35.0,0.8271604938271605,0.8516949152542372,0.8392484188079834,0.8392484188079834,0.8392484188079834,236.0,0.11800000071525574
fedavg,fedavg,510|859,510|859,2,859,data_2000_4_1.5_chordal,global_val_client_task,val,cycle6,63,,,,,,,,,,2000,93.0,165.0,1707.0,35.0,0.36046511627906974,0.7265625,0.4818652868270874,0.4818652868270874,0.4818652868270874,128.0,0.06400000303983688
fedavg,fedavg,510|859,510|859,2,all,all,global_val_mean,val,,63,,,0.22936376643180847,0.9445,0.7872500121593475,0.9219463874078311,0.8868351876735687,0.8868351876735687,0.8790728151798248,4000,,,,,,,,,,,
fedavg,fedavg,510|859,510|859,2,510,data_2000_5_5.5_chordal,train_epoch,train,,64,1.0,0.1743541249334812,,,,,,,,2000,,,,,,,,,,,
fedavg,fedavg,510|859,510|859,2,510,data_2000_5_5.5_chordal,val_epoch,val,,64,,,0.1750267926454544,0.9255,0.7089999914169312,0.9141606175826709,0.923302173614502,0.923302173614502,0.9159342646598816,2000,,,,,,,,,,,
fedavg,fedavg,510|859,510|859,2,510,data_2000_5_5.5_chordal,val_epoch_task,val,cycle2,64,,,,,,,,,,2000,532.0,27.0,1441.0,0.0,0.9516994633273703,1.0,0.9752520322799683,0.9752520322799683,0.9752520322799683,532.0,0.26600000262260437
fedavg,fedavg,510|859,510|859,2,510,data_2000_5_5.5_chordal,val_epoch_task,val,cycle3,64,,,,,,,,,,2000,724.0,61.0,1209.0,6.0,0.9222929936305733,0.9917808219178083,0.9557755589485168,0.9557755589485168,0.9557755589485168,730.0,0.36500000953674316
fedavg,fedavg,510|859,510|859,2,510,data_2000_5_5.5_chordal,val_epoch_task,val,cycle4,64,,,,,,,,,,2000,846.0,90.0,1038.0,26.0,0.9038461538461539,0.9701834862385321,0.9358407258987427,0.9358407258987427,0.9358407258987427,872.0,0.4359999895095825
fedavg,fedavg,510|859,510|859,2,510,data_2000_5_5.5_chordal,val_epoch_task,val,cycle5,64,,,,,,,,,,2000,964.0,100.0,847.0,89.0,0.9060150375939849,0.9154795821462488,0.9107227325439453,0.9107227325439453,0.8996282815933228,1053.0,0.5264999866485596
fedavg,fedavg,510|859,510|859,2,510,data_2000_5_5.5_chordal,val_epoch_task,val,cycle6,64,,,,,,,,,,2000,901.0,125.0,753.0,221.0,0.878167641325536,0.803030303030303,0.838919997215271,0.838919997215271,0.8131749629974365,1122.0,0.5609999895095825
fedavg,fedavg,510|859,510|859,2,859,data_2000_4_1.5_chordal,train_epoch,train,,64,1.0,0.181870673596859,,,,,,,,2000,,,,,,,,,,,
fedavg,fedavg,510|859,510|859,2,859,data_2000_4_1.5_chordal,val_epoch,val,,64,,,0.30114310640096664,0.9543,0.8289999961853027,0.906217935563308,0.8176053166389465,0.8176053166389465,0.8176053166389465,2000,,,,,,,,,,,
fedavg,fedavg,510|859,510|859,2,859,data_2000_4_1.5_chordal,val_epoch_task,val,cycle2,64,,,,,,,,,,2000,862.0,15.0,1123.0,0.0,0.9828962371721779,1.0,0.9913743138313293,0.9913743138313293,0.9913743138313293,862.0,0.4309999942779541
fedavg,fedavg,510|859,510|859,2,859,data_2000_4_1.5_chordal,val_epoch_task,val,cycle3,64,,,,,,,,,,2000,686.0,16.0,1293.0,5.0,0.9772079772079773,0.9927641099855282,0.9849246144294739,0.9849246144294739,0.9849246144294739,691.0,0.34549999237060547
fedavg,fedavg,510|859,510|859,2,859,data_2000_4_1.5_chordal,val_epoch_task,val,cycle4,64,,,,,,,,,,2000,366.0,39.0,1570.0,25.0,0.9037037037037037,0.9360613810741688,0.9195979833602905,0.9195979833602905,0.9195979833602905,391.0,0.19550000131130219
fedavg,fedavg,510|859,510|859,2,859,data_2000_4_1.5_chordal,val_epoch_task,val,cycle5,64,,,,,,,,,,2000,206.0,130.0,1634.0,30.0,0.6130952380952381,0.8728813559322034,0.7202797532081604,0.7202797532081604,0.7202797532081604,236.0,0.11800000071525574
fedavg,fedavg,510|859,510|859,2,859,data_2000_4_1.5_chordal,val_epoch_task,val,cycle6,64,,,,,,,,,,2000,88.0,157.0,1715.0,40.0,0.35918367346938773,0.6875,0.47184985876083374,0.47184985876083374,0.47184985876083374,128.0,0.06400000303983688
fedavg,fedavg,510|859,510|859,2,510,data_2000_5_5.5_chordal,global_val_client,val,,64,,,0.17438977539539338,0.9262,0.7099999785423279,0.917890520694259,0.9260849952697754,0.9260849952697754,0.9118908643722534,2000,,,,,,,,,,,
fedavg,fedavg,510|859,510|859,2,510,data_2000_5_5.5_chordal,global_val_client_task,val,cycle2,64,,,,,,,,,,2000,532.0,37.0,1431.0,0.0,0.9349736379613357,1.0,0.9663941860198975,0.9663941860198975,0.9663941860198975,532.0,0.26600000262260437
fedavg,fedavg,510|859,510|859,2,510,data_2000_5_5.5_chordal,global_val_client_task,val,cycle3,64,,,,,,,,,,2000,728.0,65.0,1205.0,2.0,0.9180327868852459,0.9972602739726028,0.9560078978538513,0.9560078978538513,0.9560078978538513,730.0,0.36500000953674316
fedavg,fedavg,510|859,510|859,2,510,data_2000_5_5.5_chordal,global_val_client_task,val,cycle4,64,,,,,,,,,,2000,856.0,107.0,1021.0,16.0,0.8888888888888888,0.981651376146789,0.9329699873924255,0.9329699873924255,0.9329699873924255,872.0,0.4359999895095825
fedavg,fedavg,510|859,510|859,2,510,data_2000_5_5.5_chordal,global_val_client_task,val,cycle5,64,,,,,,,,,,2000,1010.0,162.0,785.0,43.0,0.8617747440273038,0.9591642924976258,0.9078651666641235,0.9078651666641235,0.8845070004463196,1053.0,0.5264999866485596
fedavg,fedavg,510|859,510|859,2,510,data_2000_5_5.5_chordal,global_val_client_task,val,cycle6,64,,,,,,,,,,2000,999.0,183.0,695.0,123.0,0.8451776649746193,0.8903743315508021,0.8671874403953552,0.8671874403953552,0.8195754289627075,1122.0,0.5609999895095825
fedavg,fedavg,510|859,510|859,2,859,data_2000_4_1.5_chordal,global_val_client,val,,64,,,0.33405658715963366,0.9666,0.8640000224113464,0.9294465568229827,0.8387948870658875,0.8387948870658875,0.8387948870658875,2000,,,,,,,,,,,
fedavg,fedavg,510|859,510|859,2,859,data_2000_4_1.5_chordal,global_val_client_task,val,cycle2,64,,,,,,,,,,2000,862.0,4.0,1134.0,0.0,0.9953810623556582,1.0,0.9976851344108582,0.9976851344108582,0.9976851344108582,862.0,0.4309999942779541
fedavg,fedavg,510|859,510|859,2,859,data_2000_4_1.5_chordal,global_val_client_task,val,cycle3,64,,,,,,,,,,2000,691.0,11.0,1298.0,0.0,0.9843304843304843,1.0,0.9921033978462219,0.9921033978462219,0.9921033978462219,691.0,0.34549999237060547
fedavg,fedavg,510|859,510|859,2,859,data_2000_4_1.5_chordal,global_val_client_task,val,cycle4,64,,,,,,,,,,2000,372.0,23.0,1586.0,19.0,0.9417721518987342,0.9514066496163683,0.9465649127960205,0.9465649127960205,0.9465649127960205,391.0,0.19550000131130219
fedavg,fedavg,510|859,510|859,2,859,data_2000_4_1.5_chordal,global_val_client_task,val,cycle5,64,,,,,,,,,,2000,200.0,72.0,1692.0,36.0,0.7352941176470589,0.847457627118644,0.787401556968689,0.787401556968689,0.787401556968689,236.0,0.11800000071525574
fedavg,fedavg,510|859,510|859,2,859,data_2000_4_1.5_chordal,global_val_client_task,val,cycle6,64,,,,,,,,,,2000,75.0,116.0,1756.0,53.0,0.39267015706806285,0.5859375,0.4702194333076477,0.4702194333076477,0.4702194333076477,128.0,0.06400000303983688
fedavg,fedavg,510|859,510|859,2,all,all,global_val_mean,val,,64,,,0.2542231812775135,0.9464000000000001,0.7870000004768372,0.9236685387586209,0.8824399411678314,0.8824399411678314,0.8753428757190704,4000,,,,,,,,,,,
fedavg,fedavg,510|859,510|859,2,510,data_2000_5_5.5_chordal,train_epoch,train,,65,1.0,0.17025302332639694,,,,,,,,2000,,,,,,,,,,,
fedavg,fedavg,510|859,510|859,2,510,data_2000_5_5.5_chordal,val_epoch,val,,65,,,0.18484899789094925,0.9235,0.7039999961853027,0.9117137911136758,0.9207903146743774,0.9207903146743774,0.9109255075454712,2000,,,,,,,,,,,
fedavg,fedavg,510|859,510|859,2,510,data_2000_5_5.5_chordal,val_epoch_task,val,cycle2,65,,,,,,,,,,2000,531.0,31.0,1437.0,1.0,0.9448398576512456,0.9981203007518797,0.97074955701828,0.97074955701828,0.97074955701828,532.0,0.26600000262260437
fedavg,fedavg,510|859,510|859,2,510,data_2000_5_5.5_chordal,val_epoch_task,val,cycle3,65,,,,,,,,,,2000,722.0,59.0,1211.0,8.0,0.9244558258642765,0.989041095890411,0.955658495426178,0.955658495426178,0.955658495426178,730.0,0.36500000953674316
fedavg,fedavg,510|859,510|859,2,510,data_2000_5_5.5_chordal,val_epoch_task,val,cycle4,65,,,,,,,,,,2000,788.0,56.0,1072.0,84.0,0.933649289099526,0.9036697247706422,0.9184149503707886,0.9184149503707886,0.9184149503707886,872.0,0.4359999895095825
fedavg,fedavg,510|859,510|859,2,510,data_2000_5_5.5_chordal,val_epoch_task,val,cycle5,65,,,,,,,,,,2000,952.0,105.0,842.0,101.0,0.9006622516556292,0.9040835707502374,0.9023696184158325,0.9023696184158325,0.891005277633667,1053.0,0.5264999866485596
fedavg,fedavg,510|859,510|859,2,510,data_2000_5_5.5_chordal,val_epoch_task,val,cycle6,65,,,,,,,,,,2000,957.0,155.0,723.0,165.0,0.8606115107913669,0.8529411764705882,0.8567591309547424,0.8567591309547424,0.8187994956970215,1122.0,0.5609999895095825
fedavg,fedavg,510|859,510|859,2,859,data_2000_4_1.5_chordal,train_epoch,train,,65,1.0,0.20300826919078827,,,,,,,,2000,,,,,,,,,,,
fedavg,fedavg,510|859,510|859,2,859,data_2000_4_1.5_chordal,val_epoch,val,,65,,,0.28936587941646574,0.9531,0.8330000042915344,0.9052333804809052,0.8228960037231445,0.8228960037231445,0.8228960037231445,2000,,,,,,,,,,,
fedavg,fedavg,510|859,510|859,2,859,data_2000_4_1.5_chordal,val_epoch_task,val,cycle2,65,,,,,,,,,,2000,861.0,6.0,1132.0,1.0,0.9930795847750865,0.9988399071925754,0.9959514737129211,0.9959514737129211,0.9959514737129211,862.0,0.4309999942779541
fedavg,fedavg,510|859,510|859,2,859,data_2000_4_1.5_chordal,val_epoch_task,val,cycle3,65,,,,,,,,,,2000,690.0,10.0,1299.0,1.0,0.9857142857142858,0.9985528219971056,0.9920920133590698,0.9920920133590698,0.9920920133590698,691.0,0.34549999237060547
fedavg,fedavg,510|859,510|859,2,859,data_2000_4_1.5_chordal,val_epoch_task,val,cycle4,65,,,,,,,,,,2000,373.0,56.0,1553.0,18.0,0.8694638694638694,0.9539641943734015,0.909756064414978,0.909756064414978,0.909756064414978,391.0,0.19550000131130219
fedavg,fedavg,510|859,510|859,2,859,data_2000_4_1.5_chordal,val_epoch_task,val,cycle5,65,,,,,,,,,,2000,215.0,112.0,1652.0,21.0,0.6574923547400612,0.9110169491525424,0.7637655138969421,0.7637655138969421,0.7637655138969421,236.0,0.11800000071525574
fedavg,fedavg,510|859,510|859,2,859,data_2000_4_1.5_chordal,val_epoch_task,val,cycle6,65,,,,,,,,,,2000,101.0,217.0,1655.0,27.0,0.31761006289308175,0.7890625,0.452914834022522,0.452914834022522,0.452914834022522,128.0,0.06400000303983688
fedavg,fedavg,510|859,510|859,2,510,data_2000_5_5.5_chordal,global_val_client,val,,65,,,0.17369590306282043,0.9318,0.7275000214576721,0.9233190915223746,0.932197093963623,0.932197093963623,0.9189475178718567,2000,,,,,,,,,,,
fedavg,fedavg,510|859,510|859,2,510,data_2000_5_5.5_chordal,global_val_client_task,val,cycle2,65,,,,,,,,,,2000,532.0,24.0,1444.0,0.0,0.9568345323741008,1.0,0.9779412150382996,0.9779412150382996,0.9779412150382996,532.0,0.26600000262260437
fedavg,fedavg,510|859,510|859,2,510,data_2000_5_5.5_chordal,global_val_client_task,val,cycle3,65,,,,,,,,,,2000,729.0,65.0,1205.0,1.0,0.9181360201511335,0.9986301369863013,0.9566928744316101,0.9566928744316101,0.9566928744316101,730.0,0.36500000953674316
fedavg,fedavg,510|859,510|859,2,510,data_2000_5_5.5_chordal,global_val_client_task,val,cycle4,65,,,,,,,,,,2000,840.0,68.0,1060.0,32.0,0.9251101321585903,0.963302752293578,0.9438201785087585,0.9438201785087585,0.9438201785087585,872.0,0.4359999895095825
fedavg,fedavg,510|859,510|859,2,510,data_2000_5_5.5_chordal,global_val_client_task,val,cycle5,65,,,,,,,,,,2000,999.0,139.0,808.0,54.0,0.8778558875219684,0.9487179487179487,0.9119123816490173,0.9119123816490173,0.8933111429214478,1053.0,0.5264999866485596
fedavg,fedavg,510|859,510|859,2,510,data_2000_5_5.5_chordal,global_val_client_task,val,cycle6,65,,,,,,,,,,2000,1006.0,183.0,695.0,116.0,0.8460891505466779,0.8966131907308378,0.8706187605857849,0.8706187605857849,0.8229721784591675,1122.0,0.5609999895095825
fedavg,fedavg,510|859,510|859,2,859,data_2000_4_1.5_chordal,global_val_client,val,,65,,,0.2998800912499428,0.9682,0.8675000071525574,0.9323692045937899,0.8482391238212585,0.8482391238212585,0.8482391238212585,2000,,,,,,,,,,,
fedavg,fedavg,510|859,510|859,2,859,data_2000_4_1.5_chordal,global_val_client_task,val,cycle2,65,,,,,,,,,,2000,862.0,1.0,1137.0,0.0,0.9988412514484357,1.0,0.9994202256202698,0.9994202256202698,0.9994202256202698,862.0,0.4309999942779541
fedavg,fedavg,510|859,510|859,2,859,data_2000_4_1.5_chordal,global_val_client_task,val,cycle3,65,,,,,,,,,,2000,690.0,5.0,1304.0,1.0,0.9928057553956835,0.9985528219971056,0.9956710338592529,0.9956710338592529,0.9956710338592529,691.0,0.34549999237060547
fedavg,fedavg,510|859,510|859,2,859,data_2000_4_1.5_chordal,global_val_client_task,val,cycle4,65,,,,,,,,,,2000,367.0,16.0,1593.0,24.0,0.95822454308094,0.9386189258312021,0.9483204483985901,0.9483204483985901,0.9483204483985901,391.0,0.19550000131130219
fedavg,fedavg,510|859,510|859,2,859,data_2000_4_1.5_chordal,global_val_client_task,val,cycle5,65,,,,,,,,,,2000,186.0,34.0,1730.0,50.0,0.8454545454545455,0.788135593220339,0.8157894611358643,0.8157894611358643,0.8157894611358643,236.0,0.11800000071525574
fedavg,fedavg,510|859,510|859,2,859,data_2000_4_1.5_chordal,global_val_client_task,val,cycle6,65,,,,,,,,,,2000,87.0,146.0,1726.0,41.0,0.37339055793991416,0.6796875,0.4819944500923157,0.4819944500923157,0.4819944500923157,128.0,0.06400000303983688
fedavg,fedavg,510|859,510|859,2,all,all,global_val_mean,val,,65,,,0.2367879971563816,0.95,0.7975000143051147,0.9278441480580822,0.8902181088924408,0.8902181088924408,0.8835933208465576,4000,,,,,,,,,,,
fedavg,fedavg,510|859,510|859,2,510,data_2000_5_5.5_chordal,train_epoch,train,,66,1.0,0.16334327459335327,,,,,,,,2000,,,,,,,,,,,
fedavg,fedavg,510|859,510|859,2,510,data_2000_5_5.5_chordal,val_epoch,val,,66,,,0.2055722195506096,0.9203,0.6980000138282776,0.9131524463332243,0.9205448031425476,0.9205448031425476,0.9030920267105103,2000,,,,,,,,,,,
fedavg,fedavg,510|859,510|859,2,510,data_2000_5_5.5_chordal,val_epoch_task,val,cycle2,66,,,,,,,,,,2000,530.0,35.0,1433.0,2.0,0.9380530973451328,0.9962406015037594,0.9662715792655945,0.9662715792655945,0.9662715792655945,532.0,0.26600000262260437
fedavg,fedavg,510|859,510|859,2,510,data_2000_5_5.5_chordal,val_epoch_task,val,cycle3,66,,,,,,,,,,2000,730.0,98.0,1172.0,0.0,0.8816425120772947,1.0,0.9370988011360168,0.9370988011360168,0.9370988011360168,730.0,0.36500000953674316
fedavg,fedavg,510|859,510|859,2,510,data_2000_5_5.5_chordal,val_epoch_task,val,cycle4,66,,,,,,,,,,2000,855.0,150.0,978.0,17.0,0.8507462686567164,0.9805045871559633,0.9110282063484192,0.9110282063484192,0.9110282063484192,872.0,0.4359999895095825
fedavg,fedavg,510|859,510|859,2,510,data_2000_5_5.5_chordal,val_epoch_task,val,cycle5,66,,,,,,,,,,2000,1029.0,164.0,783.0,24.0,0.8625314333612741,0.9772079772079773,0.9162956476211548,0.9162956476211548,0.8928164839744568,1053.0,0.5264999866485596
fedavg,fedavg,510|859,510|859,2,510,data_2000_5_5.5_chordal,val_epoch_task,val,cycle6,66,,,,,,,,,,2000,1046.0,231.0,647.0,76.0,0.8191072826938136,0.9322638146167558,0.8720299601554871,0.8720299601554871,0.8082448840141296,1122.0,0.5609999895095825
fedavg,fedavg,510|859,510|859,2,859,data_2000_4_1.5_chordal,train_epoch,train,,66,1.0,0.1755580397248268,,,,,,,,2000,,,,,,,,,,,
fedavg,fedavg,510|859,510|859,2,859,data_2000_4_1.5_chordal,val_epoch,val,,66,,,0.2727687710523605,0.9223,0.7524999976158142,0.854739203589456,0.77263343334198,0.77263343334198,0.77263343334198,2000,,,,,,,,,,,
fedavg,fedavg,510|859,510|859,2,859,data_2000_4_1.5_chordal,val_epoch_task,val,cycle2,66,,,,,,,,,,2000,861.0,8.0,1130.0,1.0,0.9907940161104718,0.9988399071925754,0.9948006868362427,0.9948006868362427,0.9948006868362427,862.0,0.4309999942779541
fedavg,fedavg,510|859,510|859,2,859,data_2000_4_1.5_chordal,val_epoch_task,val,cycle3,66,,,,,,,,,,2000,691.0,19.0,1290.0,0.0,0.9732394366197183,1.0,0.9864382743835449,0.9864382743835449,0.9864382743835449,691.0,0.34549999237060547
fedavg,fedavg,510|859,510|859,2,859,data_2000_4_1.5_chordal,val_epoch_task,val,cycle4,66,,,,,,,,,,2000,387.0,107.0,1502.0,4.0,0.7834008097165992,0.989769820971867,0.8745762705802917,0.8745762705802917,0.8745762705802917,391.0,0.19550000131130219
fedavg,fedavg,510|859,510|859,2,859,data_2000_4_1.5_chordal,val_epoch_task,val,cycle5,66,,,,,,,,,,2000,236.0,307.0,1457.0,0.0,0.43462246777163904,1.0,0.6059049963951111,0.6059049963951111,0.6059049963951111,236.0,0.11800000071525574
fedavg,fedavg,510|859,510|859,2,859,data_2000_4_1.5_chordal,val_epoch_task,val,cycle6,66,,,,,,,,,,2000,111.0,314.0,1558.0,17.0,0.2611764705882353,0.8671875,0.4014466404914856,0.4014466404914856,0.4014466404914856,128.0,0.06400000303983688
fedavg,fedavg,510|859,510|859,2,510,data_2000_5_5.5_chordal,global_val_client,val,,66,,,0.2437400554418564,0.9133,0.6679999828338623,0.907123727905731,0.9141064882278442,0.9141064882278442,0.8939712643623352,2000,,,,,,,,,,,
fedavg,fedavg,510|859,510|859,2,510,data_2000_5_5.5_chordal,global_val_client_task,val,cycle2,66,,,,,,,,,,2000,532.0,47.0,1421.0,0.0,0.918825561312608,1.0,0.957695722579956,0.957695722579956,0.957695722579956,532.0,0.26600000262260437
fedavg,fedavg,510|859,510|859,2,510,data_2000_5_5.5_chordal,global_val_client_task,val,cycle3,66,,,,,,,,,,2000,729.0,103.0,1167.0,1.0,0.8762019230769231,0.9986301369863013,0.9334186911582947,0.9334186911582947,0.9334186911582947,730.0,0.36500000953674316
fedavg,fedavg,510|859,510|859,2,510,data_2000_5_5.5_chordal,global_val_client_task,val,cycle4,66,,,,,,,,,,2000,869.0,187.0,941.0,3.0,0.8229166666666666,0.9965596330275229,0.9014522433280945,0.9014522433280945,0.9014522433280945,872.0,0.4359999895095825
fedavg,fedavg,510|859,510|859,2,510,data_2000_5_5.5_chordal,global_val_client_task,val,cycle5,66,,,,,,,,,,2000,1046.0,236.0,711.0,7.0,0.8159126365054602,0.99335232668566,0.8959314823150635,0.8959314823150635,0.8540540933609009,1053.0,0.5264999866485596
fedavg,fedavg,510|859,510|859,2,510,data_2000_5_5.5_chordal,global_val_client_task,val,cycle6,66,,,,,,,,,,2000,1058.0,219.0,659.0,64.0,0.8285043069694596,0.9429590017825312,0.8820341229438782,0.8820341229438782,0.8232354521751404,1122.0,0.5609999895095825
fedavg,fedavg,510|859,510|859,2,859,data_2000_4_1.5_chordal,global_val_client,val,,66,,,0.24967903792858123,0.9507,0.8220000267028809,0.9010636162954043,0.8133528828620911,0.8133528828620911,0.8133528828620911,2000,,,,,,,,,,,
fedavg,fedavg,510|859,510|859,2,859,data_2000_4_1.5_chordal,global_val_client_task,val,cycle2,66,,,,,,,,,,2000,862.0,4.0,1134.0,0.0,0.9953810623556582,1.0,0.9976851344108582,0.9976851344108582,0.9976851344108582,862.0,0.4309999942779541
fedavg,fedavg,510|859,510|859,2,859,data_2000_4_1.5_chordal,global_val_client_task,val,cycle3,66,,,,,,,,,,2000,689.0,11.0,1298.0,2.0,0.9842857142857143,0.9971056439942113,0.9906541705131531,0.9906541705131531,0.9906541705131531,691.0,0.34549999237060547
fedavg,fedavg,510|859,510|859,2,859,data_2000_4_1.5_chordal,global_val_client_task,val,cycle4,66,,,,,,,,,,2000,380.0,67.0,1542.0,11.0,0.8501118568232662,0.9718670076726342,0.9069212675094604,0.9069212675094604,0.9069212675094604,391.0,0.19550000131130219
fedavg,fedavg,510|859,510|859,2,859,data_2000_4_1.5_chordal,global_val_client_task,val,cycle5,66,,,,,,,,,,2000,222.0,144.0,1620.0,14.0,0.6065573770491803,0.940677966101695,0.7375414967536926,0.7375414967536926,0.7375414967536926,236.0,0.11800000071525574
fedavg,fedavg,510|859,510|859,2,859,data_2000_4_1.5_chordal,global_val_client_task,val,cycle6,66,,,,,,,,,,2000,92.0,204.0,1668.0,36.0,0.3108108108108108,0.71875,0.43396225571632385,0.43396225571632385,0.43396225571632385,128.0,0.06400000303983688
fedavg,fedavg,510|859,510|859,2,all,all,global_val_mean,val,,66,,,0.2467095466852188,0.932,0.7450000047683716,0.9040936721005677,0.8637296855449677,0.8637296855449677,0.8536620736122131,4000,,,,,,,,,,,
fedavg,fedavg,510|859,510|859,2,510,data_2000_5_5.5_chordal,train_epoch,train,,67,1.0,0.1784710509777069,,,,,,,,2000,,,,,,,,,,,
fedavg,fedavg,510|859,510|859,2,510,data_2000_5_5.5_chordal,val_epoch,val,,67,,,0.17586913871765136,0.9278,0.7135000228881836,0.9179918218991369,0.9270591735839844,0.9270591735839844,0.9163705110549927,2000,,,,,,,,,,,
fedavg,fedavg,510|859,510|859,2,510,data_2000_5_5.5_chordal,val_epoch_task,val,cycle2,67,,,,,,,,,,2000,532.0,29.0,1439.0,0.0,0.948306595365419,1.0,0.9734675884246826,0.9734675884246826,0.9734675884246826,532.0,0.26600000262260437
fedavg,fedavg,510|859,510|859,2,510,data_2000_5_5.5_chordal,val_epoch_task,val,cycle3,67,,,,,,,,,,2000,706.0,32.0,1238.0,24.0,0.9566395663956639,0.9671232876712329,0.9618529081344604,0.9618529081344604,0.9618529081344604,730.0,0.36500000953674316
fedavg,fedavg,510|859,510|859,2,510,data_2000_5_5.5_chordal,val_epoch_task,val,cycle4,67,,,,,,,,,,2000,857.0,110.0,1018.0,15.0,0.8862461220268872,0.9827981651376146,0.9320282936096191,0.9320282936096191,0.9320282936096191,872.0,0.4359999895095825
fedavg,fedavg,510|859,510|859,2,510,data_2000_5_5.5_chordal,val_epoch_task,val,cycle5,67,,,,,,,,,,2000,1001.0,132.0,815.0,52.0,0.883495145631068,0.9506172839506173,0.9158280491828918,0.9158280491828918,0.8985666632652283,1053.0,0.5264999866485596
fedavg,fedavg,510|859,510|859,2,510,data_2000_5_5.5_chordal,val_epoch_task,val,cycle6,67,,,,,,,,,,2000,945.0,151.0,727.0,177.0,0.8622262773722628,0.8422459893048129,0.852118968963623,0.852118968963623,0.8159371614456177,1122.0,0.5609999895095825
fedavg,fedavg,510|859,510|859,2,859,data_2000_4_1.5_chordal,train_epoch,train,,67,1.0,0.18865303248167037,,,,,,,,2000,,,,,,,,,,,
fedavg,fedavg,510|859,510|859,2,859,data_2000_4_1.5_chordal,val_epoch,val,,67,,,0.38476392924785613,0.8863,0.6825000047683716,0.8008407777193904,0.7258787155151367,0.7258787155151367,0.7258787155151367,2000,,,,,,,,,,,
fedavg,fedavg,510|859,510|859,2,859,data_2000_4_1.5_chordal,val_epoch_task,val,cycle2,67,,,,,,,,,,2000,862.0,6.0,1132.0,0.0,0.9930875576036866,1.0,0.9965317845344543,0.9965317845344543,0.9965317845344543,862.0,0.4309999942779541
fedavg,fedavg,510|859,510|859,2,859,data_2000_4_1.5_chordal,val_epoch_task,val,cycle3,67,,,,,,,,,,2000,691.0,22.0,1287.0,0.0,0.9691444600280504,1.0,0.9843304753303528,0.9843304753303528,0.9843304753303528,691.0,0.34549999237060547
fedavg,fedavg,510|859,510|859,2,859,data_2000_4_1.5_chordal,val_epoch_task,val,cycle4,67,,,,,,,,,,2000,385.0,175.0,1434.0,6.0,0.6875,0.9846547314578005,0.8096740245819092,0.8096740245819092,0.8096740245819092,391.0,0.19550000131130219
fedavg,fedavg,510|859,510|859,2,859,data_2000_4_1.5_chordal,val_epoch_task,val,cycle5,67,,,,,,,,,,2000,229.0,425.0,1339.0,7.0,0.35015290519877673,0.9703389830508474,0.514606773853302,0.514606773853302,0.514606773853302,236.0,0.11800000071525574
fedavg,fedavg,510|859,510|859,2,859,data_2000_4_1.5_chordal,val_epoch_task,val,cycle6,67,,,,,,,,,,2000,119.0,487.0,1385.0,9.0,0.19636963696369636,0.9296875,0.3242506682872772,0.3242506682872772,0.3242506682872772,128.0,0.06400000303983688
fedavg,fedavg,510|859,510|859,2,510,data_2000_5_5.5_chordal,global_val_client,val,,67,,,0.20773247361183167,0.9198,0.6825000047683716,0.9135030198446937,0.9231454133987427,0.9231454133987427,0.9013282060623169,2000,,,,,,,,,,,
fedavg,fedavg,510|859,510|859,2,510,data_2000_5_5.5_chordal,global_val_client_task,val,cycle2,67,,,,,,,,,,2000,532.0,27.0,1441.0,0.0,0.9516994633273703,1.0,0.9752520322799683,0.9752520322799683,0.9752520322799683,532.0,0.26600000262260437
fedavg,fedavg,510|859,510|859,2,510,data_2000_5_5.5_chordal,global_val_client_task,val,cycle3,67,,,,,,,,,,2000,728.0,73.0,1197.0,2.0,0.9088639200998752,0.9972602739726028,0.9510124325752258,0.9510124325752258,0.9510124325752258,730.0,0.36500000953674316
fedavg,fedavg,510|859,510|859,2,510,data_2000_5_5.5_chordal,global_val_client_task,val,cycle4,67,,,,,,,,,,2000,869.0,150.0,978.0,3.0,0.8527968596663396,0.9965596330275229,0.9190904498100281,0.9190904498100281,0.9190904498100281,872.0,0.4359999895095825
fedavg,fedavg,510|859,510|859,2,510,data_2000_5_5.5_chordal,global_val_client_task,val,cycle5,67,,,,,,,,,,2000,1036.0,237.0,710.0,17.0,0.8138256087981147,0.9838556505223172,0.8907996416091919,0.8907996416091919,0.8482676148414612,1053.0,0.5264999866485596
fedavg,fedavg,510|859,510|859,2,510,data_2000_5_5.5_chordal,global_val_client_task,val,cycle6,67,,,,,,,,,,2000,1070.0,241.0,637.0,52.0,0.8161708619374524,0.9536541889483066,0.8795725703239441,0.8795725703239441,0.8130184412002563,1122.0,0.5609999895095825
fedavg,fedavg,510|859,510|859,2,859,data_2000_4_1.5_chordal,global_val_client,val,,67,,,0.2585335502624512,0.9603,0.8504999876022339,0.9190291658168467,0.8388240933418274,0.8388240933418274,0.8388240933418274,2000,,,,,,,,,,,
fedavg,fedavg,510|859,510|859,2,859,data_2000_4_1.5_chordal,global_val_client_task,val,cycle2,67,,,,,,,,,,2000,862.0,9.0,1129.0,0.0,0.9896670493685419,1.0,0.994806706905365,0.994806706905365,0.994806706905365,862.0,0.4309999942779541
fedavg,fedavg,510|859,510|859,2,859,data_2000_4_1.5_chordal,global_val_client_task,val,cycle3,67,,,,,,,,,,2000,689.0,6.0,1303.0,2.0,0.9913669064748202,0.9971056439942113,0.9942280054092407,0.9942280054092407,0.9942280054092407,691.0,0.34549999237060547
fedavg,fedavg,510|859,510|859,2,859,data_2000_4_1.5_chordal,global_val_client_task,val,cycle4,67,,,,,,,,,,2000,385.0,38.0,1571.0,6.0,0.9101654846335697,0.9846547314578005,0.9459459185600281,0.9459459185600281,0.9459459185600281,391.0,0.19550000131130219
fedavg,fedavg,510|859,510|859,2,859,data_2000_4_1.5_chordal,global_val_client_task,val,cycle5,67,,,,,,,,,,2000,220.0,103.0,1661.0,16.0,0.6811145510835913,0.9322033898305084,0.7871198654174805,0.7871198654174805,0.7871198654174805,236.0,0.11800000071525574
fedavg,fedavg,510|859,510|859,2,859,data_2000_4_1.5_chordal,global_val_client_task,val,cycle6,67,,,,,,,,,,2000,97.0,186.0,1686.0,31.0,0.34275618374558303,0.7578125,0.4720194637775421,0.4720194637775421,0.4720194637775421,128.0,0.06400000303983688
fedavg,fedavg,510|859,510|859,2,all,all,global_val_mean,val,,67,,,0.23313301193714142,0.9400499999999999,0.7664999961853027,0.9162660928307703,0.880984753370285,0.880984753370285,0.8700761497020721,4000,,,,,,,,,,,
fedavg,fedavg,510|859,510|859,2,510,data_2000_5_5.5_chordal,train_epoch,train,,68,1.0,0.17467348676919936,,,,,,,,2000,,,,,,,,,,,
fedavg,fedavg,510|859,510|859,2,510,data_2000_5_5.5_chordal,val_epoch,val,,68,,,0.18331737118959426,0.9254,0.7095000147819519,0.9144299151181463,0.9237596392631531,0.9237596392631531,0.9147168397903442,2000,,,,,,,,,,,
fedavg,fedavg,510|859,510|859,2,510,data_2000_5_5.5_chordal,val_epoch_task,val,cycle2,68,,,,,,,,,,2000,531.0,35.0,1433.0,1.0,0.9381625441696113,0.9981203007518797,0.9672130942344666,0.9672130942344666,0.9672130942344666,532.0,0.26600000262260437
fedavg,fedavg,510|859,510|859,2,510,data_2000_5_5.5_chordal,val_epoch_task,val,cycle3,68,,,,,,,,,,2000,727.0,42.0,1228.0,3.0,0.9453836150845254,0.9958904109589041,0.969980001449585,0.969980001449585,0.969980001449585,730.0,0.36500000953674316
fedavg,fedavg,510|859,510|859,2,510,data_2000_5_5.5_chordal,val_epoch_task,val,cycle4,68,,,,,,,,,,2000,849.0,105.0,1023.0,23.0,0.889937106918239,0.9736238532110092,0.9299014806747437,0.9299014806747437,0.9299014806747437,872.0,0.4359999895095825
fedavg,fedavg,510|859,510|859,2,510,data_2000_5_5.5_chordal,val_epoch_task,val,cycle5,68,,,,,,,,,,2000,923.0,82.0,865.0,130.0,0.918407960199005,0.8765432098765432,0.8969873785972595,0.8969873785972595,0.8908341526985168,1053.0,0.5264999866485596
fedavg,fedavg,510|859,510|859,2,510,data_2000_5_5.5_chordal,val_epoch_task,val,cycle6,68,,,,,,,,,,2000,956.0,159.0,719.0,166.0,0.8573991031390135,0.8520499108734403,0.8547161221504211,0.8547161221504211,0.8156551122665405,1122.0,0.5609999895095825
fedavg,fedavg,510|859,510|859,2,859,data_2000_4_1.5_chordal,train_epoch,train,,68,1.0,0.19539477515220643,,,,,,,,2000,,,,,,,,,,,
fedavg,fedavg,510|859,510|859,2,859,data_2000_4_1.5_chordal,val_epoch,val,,68,,,0.2983128755092621,0.9344,0.7804999947547913,0.8734567901234569,0.7866901755332947,0.7866901755332947,0.7866901755332947,2000,,,,,,,,,,,
fedavg,fedavg,510|859,510|859,2,859,data_2000_4_1.5_chordal,val_epoch_task,val,cycle2,68,,,,,,,,,,2000,862.0,3.0,1135.0,0.0,0.9965317919075144,1.0,0.998262882232666,0.998262882232666,0.998262882232666,862.0,0.4309999942779541
fedavg,fedavg,510|859,510|859,2,859,data_2000_4_1.5_chordal,val_epoch_task,val,cycle3,68,,,,,,,,,,2000,689.0,15.0,1294.0,2.0,0.9786931818181818,0.9971056439942113,0.9878136515617371,0.9878136515617371,0.9878136515617371,691.0,0.34549999237060547
fedavg,fedavg,510|859,510|859,2,859,data_2000_4_1.5_chordal,val_epoch_task,val,cycle4,68,,,,,,,,,,2000,385.0,94.0,1515.0,6.0,0.8037578288100209,0.9846547314578005,0.8850575089454651,0.8850575089454651,0.8850575089454651,391.0,0.19550000131130219
fedavg,fedavg,510|859,510|859,2,859,data_2000_4_1.5_chordal,val_epoch_task,val,cycle5,68,,,,,,,,,,2000,229.0,207.0,1557.0,7.0,0.5252293577981652,0.9703389830508474,0.6815476417541504,0.6815476417541504,0.6815476417541504,236.0,0.11800000071525574
fedavg,fedavg,510|859,510|859,2,859,data_2000_4_1.5_chordal,val_epoch_task,val,cycle6,68,,,,,,,,,,2000,99.0,293.0,1579.0,29.0,0.25255102040816324,0.7734375,0.38076919317245483,0.38076919317245483,0.38076919317245483,128.0,0.06400000303983688
fedavg,fedavg,510|859,510|859,2,510,data_2000_5_5.5_chordal,global_val_client,val,,68,,,0.1867527160346508,0.9289,0.7089999914169312,0.9218595450049457,0.9299250841140747,0.9299250841140747,0.9145172834396362,2000,,,,,,,,,,,
fedavg,fedavg,510|859,510|859,2,510,data_2000_5_5.5_chordal,global_val_client_task,val,cycle2,68,,,,,,,,,,2000,532.0,31.0,1437.0,0.0,0.9449378330373002,1.0,0.9716895222663879,0.9716895222663879,0.9716895222663879,532.0,0.26600000262260437
fedavg,fedavg,510|859,510|859,2,510,data_2000_5_5.5_chordal,global_val_client_task,val,cycle3,68,,,,,,,,,,2000,728.0,55.0,1215.0,2.0,0.929757343550447,0.9972602739726028,0.9623265266418457,0.9623265266418457,0.9623265266418457,730.0,0.36500000953674316
fedavg,fedavg,510|859,510|859,2,510,data_2000_5_5.5_chordal,global_val_client_task,val,cycle4,68,,,,,,,,,,2000,861.0,144.0,984.0,11.0,0.8567164179104477,0.9873853211009175,0.9174214005470276,0.9174214005470276,0.9174214005470276,872.0,0.4359999895095825
fedavg,fedavg,510|859,510|859,2,510,data_2000_5_5.5_chordal,global_val_client_task,val,cycle5,68,,,,,,,,,,2000,1039.0,162.0,785.0,14.0,0.86511240632806,0.9867046533713201,0.9219166040420532,0.9219166040420532,0.8991981148719788,1053.0,0.5264999866485596
fedavg,fedavg,510|859,510|859,2,510,data_2000_5_5.5_chordal,global_val_client_task,val,cycle6,68,,,,,,,,,,2000,1034.0,204.0,674.0,88.0,0.8352180936995154,0.9215686274509803,0.8762711882591248,0.8762711882591248,0.8219512104988098,1122.0,0.5609999895095825
fedavg,fedavg,510|859,510|859,2,859,data_2000_4_1.5_chordal,global_val_client,val,,68,,,0.2802033486366272,0.9569,0.8370000123977661,0.9123449257677446,0.8262431025505066,0.8262431025505066,0.8262431025505066,2000,,,,,,,,,,,
fedavg,fedavg,510|859,510|859,2,859,data_2000_4_1.5_chordal,global_val_client_task,val,cycle2,68,,,,,,,,,,2000,862.0,3.0,1135.0,0.0,0.9965317919075144,1.0,0.998262882232666,0.998262882232666,0.998262882232666,862.0,0.4309999942779541
fedavg,fedavg,510|859,510|859,2,859,data_2000_4_1.5_chordal,global_val_client_task,val,cycle3,68,,,,,,,,,,2000,690.0,7.0,1302.0,1.0,0.9899569583931134,0.9985528219971056,0.9942362904548645,0.9942362904548645,0.9942362904548645,691.0,0.34549999237060547
fedavg,fedavg,510|859,510|859,2,859,data_2000_4_1.5_chordal,global_val_client_task,val,cycle4,68,,,,,,,,,,2000,384.0,50.0,1559.0,7.0,0.8847926267281107,0.9820971867007673,0.9309091567993164,0.9309091567993164,0.9309091567993164,391.0,0.19550000131130219
fedavg,fedavg,510|859,510|859,2,859,data_2000_4_1.5_chordal,global_val_client_task,val,cycle5,68,,,,,,,,,,2000,218.0,100.0,1664.0,18.0,0.6855345911949685,0.923728813559322,0.7870036363601685,0.7870036363601685,0.7870036363601685,236.0,0.11800000071525574
fedavg,fedavg,510|859,510|859,2,859,data_2000_4_1.5_chordal,global_val_client_task,val,cycle6,68,,,,,,,,,,2000,89.0,206.0,1666.0,39.0,0.3016949152542373,0.6953125,0.42080381512641907,0.42080381512641907,0.42080381512641907,128.0,0.06400000303983688
fedavg,fedavg,510|859,510|859,2,all,all,global_val_mean,val,,68,,,0.233478032335639,0.9429,0.7730000019073486,0.9171022353863453,0.8780840933322906,0.8780840933322906,0.8703801929950714,4000,,,,,,,,,,,
fedavg,fedavg,510|859,510|859,2,510,data_2000_5_5.5_chordal,train_epoch,train,,69,1.0,0.17804515838623047,,,,,,,,2000,,,,,,,,,,,
fedavg,fedavg,510|859,510|859,2,510,data_2000_5_5.5_chordal,val_epoch,val,,69,,,0.17064957159757616,0.9294,0.7275000214576721,0.9204238052299368,0.9285580515861511,0.9285580515861511,0.9170530438423157,2000,,,,,,,,,,,
fedavg,fedavg,510|859,510|859,2,510,data_2000_5_5.5_chordal,val_epoch_task,val,cycle2,69,,,,,,,,,,2000,532.0,29.0,1439.0,0.0,0.948306595365419,1.0,0.9734675884246826,0.9734675884246826,0.9734675884246826,532.0,0.26600000262260437
fedavg,fedavg,510|859,510|859,2,510,data_2000_5_5.5_chordal,val_epoch_task,val,cycle3,69,,,,,,,,,,2000,727.0,76.0,1194.0,3.0,0.9053549190535491,0.9958904109589041,0.9484670162200928,0.9484670162200928,0.9484670162200928,730.0,0.36500000953674316
fedavg,fedavg,510|859,510|859,2,510,data_2000_5_5.5_chordal,val_epoch_task,val,cycle4,69,,,,,,,,,,2000,854.0,85.0,1043.0,18.0,0.9094781682641108,0.9793577981651376,0.9431253671646118,0.9431253671646118,0.9431253671646118,872.0,0.4359999895095825
fedavg,fedavg,510|859,510|859,2,510,data_2000_5_5.5_chordal,val_epoch_task,val,cycle5,69,,,,,,,,,,2000,976.0,126.0,821.0,77.0,0.8856624319419237,0.9268755935422602,0.905800461769104,0.905800461769104,0.8899729251861572,1053.0,0.5264999866485596
fedavg,fedavg,510|859,510|859,2,510,data_2000_5_5.5_chordal,val_epoch_task,val,cycle6,69,,,,,,,,,,2000,994.0,164.0,714.0,128.0,0.8583765112262521,0.8859180035650623,0.8719298243522644,0.8719298243522644,0.8302325010299683,1122.0,0.5609999895095825
fedavg,fedavg,510|859,510|859,2,859,data_2000_4_1.5_chordal,train_epoch,train,,69,1.0,0.18179012298583985,,,,,,,,2000,,,,,,,,,,,
fedavg,fedavg,510|859,510|859,2,859,data_2000_4_1.5_chordal,val_epoch,val,,69,,,0.27245725548267363,0.9413,0.7829999923706055,0.8845624385447394,0.7979921102523804,0.7979921102523804,0.7979921102523804,2000,,,,,,,,,,,
fedavg,fedavg,510|859,510|859,2,859,data_2000_4_1.5_chordal,val_epoch_task,val,cycle2,69,,,,,,,,,,2000,860.0,8.0,1130.0,2.0,0.9907834101382489,0.9976798143851509,0.9942197203636169,0.9942197203636169,0.9942197203636169,862.0,0.4309999942779541
fedavg,fedavg,510|859,510|859,2,859,data_2000_4_1.5_chordal,val_epoch_task,val,cycle3,69,,,,,,,,,,2000,690.0,17.0,1292.0,1.0,0.9759547383309759,0.9985528219971056,0.9871244430541992,0.9871244430541992,0.9871244430541992,691.0,0.34549999237060547
fedavg,fedavg,510|859,510|859,2,859,data_2000_4_1.5_chordal,val_epoch_task,val,cycle4,69,,,,,,,,,,2000,372.0,51.0,1558.0,19.0,0.8794326241134752,0.9514066496163683,0.914004921913147,0.914004921913147,0.914004921913147,391.0,0.19550000131130219
fedavg,fedavg,510|859,510|859,2,859,data_2000_4_1.5_chordal,val_epoch_task,val,cycle5,69,,,,,,,,,,2000,231.0,247.0,1517.0,5.0,0.48326359832635984,0.9788135593220338,0.6470588445663452,0.6470588445663452,0.6470588445663452,236.0,0.11800000071525574
fedavg,fedavg,510|859,510|859,2,859,data_2000_4_1.5_chordal,val_epoch_task,val,cycle6,69,,,,,,,,,,2000,96.0,205.0,1667.0,32.0,0.31893687707641194,0.75,0.44755247235298157,0.44755247235298157,0.44755247235298157,128.0,0.06400000303983688
fedavg,fedavg,510|859,510|859,2,510,data_2000_5_5.5_chordal,global_val_client,val,,69,,,0.15983369886875154,0.9328,0.7304999828338623,0.9248490270632969,0.9338048696517944,0.9338048696517944,0.9206619262695312,2000,,,,,,,,,,,
fedavg,fedavg,510|859,510|859,2,510,data_2000_5_5.5_chordal,global_val_client_task,val,cycle2,69,,,,,,,,,,2000,532.0,23.0,1445.0,0.0,0.9585585585585585,1.0,0.9788408279418945,0.9788408279418945,0.9788408279418945,532.0,0.26600000262260437
fedavg,fedavg,510|859,510|859,2,510,data_2000_5_5.5_chordal,global_val_client_task,val,cycle3,69,,,,,,,,,,2000,728.0,53.0,1217.0,2.0,0.9321382842509603,0.9972602739726028,0.963600218296051,0.963600218296051,0.963600218296051,730.0,0.36500000953674316
fedavg,fedavg,510|859,510|859,2,510,data_2000_5_5.5_chordal,global_val_client_task,val,cycle4,69,,,,,,,,,,2000,861.0,92.0,1036.0,11.0,0.9034627492130115,0.9873853211009175,0.9435616135597229,0.9435616135597229,0.9435616135597229,872.0,0.4359999895095825
fedavg,fedavg,510|859,510|859,2,510,data_2000_5_5.5_chordal,global_val_client_task,val,cycle5,69,,,,,,,,,,2000,1027.0,164.0,783.0,26.0,0.8623005877413937,0.9753086419753086,0.9153296947479248,0.9153296947479248,0.8917995691299438,1053.0,0.5264999866485596
fedavg,fedavg,510|859,510|859,2,510,data_2000_5_5.5_chordal,global_val_client_task,val,cycle6,69,,,,,,,,,,2000,987.0,166.0,712.0,135.0,0.8560277536860365,0.8796791443850267,0.8676922917366028,0.8676922917366028,0.8255072832107544,1122.0,0.5609999895095825
fedavg,fedavg,510|859,510|859,2,859,data_2000_4_1.5_chordal,global_val_client,val,,69,,,0.3098071024417877,0.9681,0.8684999942779541,0.9327996629450179,0.8482195138931274,0.8482195138931274,0.8482195138931274,2000,,,,,,,,,,,
fedavg,fedavg,510|859,510|859,2,859,data_2000_4_1.5_chordal,global_val_client_task,val,cycle2,69,,,,,,,,,,2000,862.0,6.0,1132.0,0.0,0.9930875576036866,1.0,0.9965317845344543,0.9965317845344543,0.9965317845344543,862.0,0.4309999942779541
fedavg,fedavg,510|859,510|859,2,859,data_2000_4_1.5_chordal,global_val_client_task,val,cycle3,69,,,,,,,,,,2000,689.0,10.0,1299.0,2.0,0.9856938483547926,0.9971056439942113,0.9913669228553772,0.9913669228553772,0.9913669228553772,691.0,0.34549999237060547
fedavg,fedavg,510|859,510|859,2,859,data_2000_4_1.5_chordal,global_val_client_task,val,cycle4,69,,,,,,,,,,2000,375.0,21.0,1588.0,16.0,0.946969696969697,0.959079283887468,0.952985942363739,0.952985942363739,0.952985942363739,391.0,0.19550000131130219
fedavg,fedavg,510|859,510|859,2,859,data_2000_4_1.5_chordal,global_val_client_task,val,cycle5,69,,,,,,,,,,2000,208.0,69.0,1695.0,28.0,0.7509025270758123,0.8813559322033898,0.8109162449836731,0.8109162449836731,0.8109162449836731,236.0,0.11800000071525574
fedavg,fedavg,510|859,510|859,2,859,data_2000_4_1.5_chordal,global_val_client_task,val,cycle6,69,,,,,,,,,,2000,80.0,119.0,1753.0,48.0,0.4020100502512563,0.625,0.48929664492607117,0.48929664492607117,0.48929664492607117,128.0,0.06400000303983688
fedavg,fedavg,510|859,510|859,2,all,all,global_val_mean,val,,69,,,0.23482040065526963,0.9504499999999999,0.7994999885559082,0.9288243450041573,0.8910121917724609,0.8910121917724609,0.8844407200813293,4000,,,,,,,,,,,
fedavg,fedavg,510|859,510|859,2,510,data_2000_5_5.5_chordal,train_epoch,train,,70,1.0,0.17074204736948012,,,,,,,,2000,,,,,,,,,,,
fedavg,fedavg,510|859,510|859,2,510,data_2000_5_5.5_chordal,val_epoch,val,,70,,,0.18260539042949678,0.9308,0.7275000214576721,0.9224215246636771,0.9311349987983704,0.9311349987983704,0.9169761538505554,2000,,,,,,,,,,,
fedavg,fedavg,510|859,510|859,2,510,data_2000_5_5.5_chordal,val_epoch_task,val,cycle2,70,,,,,,,,,,2000,519.0,16.0,1452.0,13.0,0.9700934579439252,0.9755639097744361,0.9728209972381592,0.9728209972381592,0.9728209972381592,532.0,0.26600000262260437
fedavg,fedavg,510|859,510|859,2,510,data_2000_5_5.5_chordal,val_epoch_task,val,cycle3,70,,,,,,,,,,2000,728.0,52.0,1218.0,2.0,0.9333333333333333,0.9972602739726028,0.9642384052276611,0.9642384052276611,0.9642384052276611,730.0,0.36500000953674316
fedavg,fedavg,510|859,510|859,2,510,data_2000_5_5.5_chordal,val_epoch_task,val,cycle4,70,,,,,,,,,,2000,847.0,109.0,1019.0,25.0,0.8859832635983264,0.9713302752293578,0.9266958236694336,0.9266958236694336,0.9266958236694336,872.0,0.4359999895095825
fedavg,fedavg,510|859,510|859,2,510,data_2000_5_5.5_chordal,val_epoch_task,val,cycle5,70,,,,,,,,,,2000,980.0,103.0,844.0,73.0,0.9048938134810711,0.9306742640075973,0.9176029562950134,0.9176029562950134,0.9055793881416321,1053.0,0.5264999866485596
fedavg,fedavg,510|859,510|859,2,510,data_2000_5_5.5_chordal,val_epoch_task,val,cycle6,70,,,,,,,,,,2000,1040.0,217.0,661.0,82.0,0.8273667462211615,0.9269162210338681,0.8743169903755188,0.8743169903755188,0.8155459761619568,1122.0,0.5609999895095825
fedavg,fedavg,510|859,510|859,2,859,data_2000_4_1.5_chordal,train_epoch,train,,70,1.0,0.21583959698677063,,,,,,,,2000,,,,,,,,,,,
fedavg,fedavg,510|859,510|859,2,859,data_2000_4_1.5_chordal,val_epoch,val,,70,,,0.3487436370849609,0.9025,0.7139999866485596,0.8228882833787466,0.743029773235321,0.743029773235321,0.743029773235321,2000,,,,,,,,,,,
fedavg,fedavg,510|859,510|859,2,859,data_2000_4_1.5_chordal,val_epoch_task,val,cycle2,70,,,,,,,,,,2000,852.0,9.0,1129.0,10.0,0.9895470383275261,0.988399071925754,0.9889727234840393,0.9889727234840393,0.9889727234840393,862.0,0.4309999942779541
fedavg,fedavg,510|859,510|859,2,859,data_2000_4_1.5_chordal,val_epoch_task,val,cycle3,70,,,,,,,,,,2000,688.0,24.0,1285.0,3.0,0.9662921348314607,0.9956584659913169,0.9807555675506592,0.9807555675506592,0.9807555675506592,691.0,0.34549999237060547
fedavg,fedavg,510|859,510|859,2,859,data_2000_4_1.5_chordal,val_epoch_task,val,cycle4,70,,,,,,,,,,2000,381.0,138.0,1471.0,10.0,0.7341040462427746,0.9744245524296675,0.8373626470565796,0.8373626470565796,0.8373626470565796,391.0,0.19550000131130219
fedavg,fedavg,510|859,510|859,2,859,data_2000_4_1.5_chordal,val_epoch_task,val,cycle5,70,,,,,,,,,,2000,236.0,350.0,1414.0,0.0,0.40273037542662116,1.0,0.5742092728614807,0.5742092728614807,0.5742092728614807,236.0,0.11800000071525574
fedavg,fedavg,510|859,510|859,2,859,data_2000_4_1.5_chordal,val_epoch_task,val,cycle6,70,,,,,,,,,,2000,108.0,411.0,1461.0,20.0,0.20809248554913296,0.84375,0.3338485360145569,0.3338485360145569,0.3338485360145569,128.0,0.06400000303983688
fedavg,fedavg,510|859,510|859,2,510,data_2000_5_5.5_chordal,global_val_client,val,,70,,,0.2152496522665024,0.9219,0.6949999928474426,0.9156860628306165,0.9260795712471008,0.9260795712471008,0.9036566019058228,2000,,,,,,,,,,,
fedavg,fedavg,510|859,510|859,2,510,data_2000_5_5.5_chordal,global_val_client_task,val,cycle2,70,,,,,,,,,,2000,530.0,22.0,1446.0,2.0,0.9601449275362319,0.9962406015037594,0.9778597950935364,0.9778597950935364,0.9778597950935364,532.0,0.26600000262260437
fedavg,fedavg,510|859,510|859,2,510,data_2000_5_5.5_chordal,global_val_client_task,val,cycle3,70,,,,,,,,,,2000,729.0,52.0,1218.0,1.0,0.9334186939820742,0.9986301369863013,0.9649239182472229,0.9649239182472229,0.9649239182472229,730.0,0.36500000953674316
fedavg,fedavg,510|859,510|859,2,510,data_2000_5_5.5_chordal,global_val_client_task,val,cycle4,70,,,,,,,,,,2000,860.0,151.0,977.0,12.0,0.8506429277942631,0.9862385321100917,0.9134359955787659,0.9134359955787659,0.9134359955787659,872.0,0.4359999895095825
fedavg,fedavg,510|859,510|859,2,510,data_2000_5_5.5_chordal,global_val_client_task,val,cycle5,70,,,,,,,,,,2000,1043.0,239.0,708.0,10.0,0.8135725429017161,0.9905033238366572,0.8933618664741516,0.8933618664741516,0.8504505157470703,1053.0,0.5264999866485596
fedavg,fedavg,510|859,510|859,2,510,data_2000_5_5.5_chordal,global_val_client_task,val,cycle6,70,,,,,,,,,,2000,1079.0,249.0,629.0,43.0,0.8125,0.9616755793226381,0.8808162808418274,0.8808162808418274,0.8116129040718079,1122.0,0.5609999895095825
fedavg,fedavg,510|859,510|859,2,859,data_2000_4_1.5_chordal,global_val_client,val,,70,,,0.24920656353235246,0.9526,0.8274999856948853,0.9045893719806763,0.8200236558914185,0.8200236558914185,0.8200236558914185,2000,,,,,,,,,,,
fedavg,fedavg,510|859,510|859,2,859,data_2000_4_1.5_chordal,global_val_client_task,val,cycle2,70,,,,,,,,,,2000,862.0,3.0,1135.0,0.0,0.9965317919075144,1.0,0.998262882232666,0.998262882232666,0.998262882232666,862.0,0.4309999942779541
fedavg,fedavg,510|859,510|859,2,859,data_2000_4_1.5_chordal,global_val_client_task,val,cycle3,70,,,,,,,,,,2000,687.0,9.0,1300.0,4.0,0.9870689655172413,0.9942112879884226,0.9906272292137146,0.9906272292137146,0.9906272292137146,691.0,0.34549999237060547
fedavg,fedavg,510|859,510|859,2,859,data_2000_4_1.5_chordal,global_val_client_task,val,cycle4,70,,,,,,,,,,2000,386.0,59.0,1550.0,5.0,0.8674157303370786,0.9872122762148338,0.9234449863433838,0.9234449863433838,0.9234449863433838,391.0,0.19550000131130219
fedavg,fedavg,510|859,510|859,2,859,data_2000_4_1.5_chordal,global_val_client_task,val,cycle5,70,,,,,,,,,,2000,215.0,118.0,1646.0,21.0,0.6456456456456456,0.9110169491525424,0.7557117342948914,0.7557117342948914,0.7557117342948914,236.0,0.11800000071525574
fedavg,fedavg,510|859,510|859,2,859,data_2000_4_1.5_chordal,global_val_client_task,val,cycle6,70,,,,,,,,,,2000,97.0,224.0,1648.0,31.0,0.30218068535825543,0.7578125,0.4320712685585022,0.4320712685585022,0.4320712685585022,128.0,0.06400000303983688
fedavg,fedavg,510|859,510|859,2,all,all,global_val_mean,val,,70,,,0.2322281078994274,0.93725,0.7612499892711639,0.9101377174056464,0.8730516135692596,0.8730516135692596,0.8618401288986206,4000,,,,,,,,,,,
fedavg,fedavg,510|859,510|859,2,510,data_2000_5_5.5_chordal,train_epoch,train,,71,1.0,0.18242676281929016,,,,,,,,2000,,,,,,,,,,,
fedavg,fedavg,510|859,510|859,2,510,data_2000_5_5.5_chordal,val_epoch,val,,71,,,0.1648405373096466,0.9322,0.7275000214576721,0.9228493400091033,0.9321339726448059,0.9321339726448059,0.9204251170158386,2000,,,,,,,,,,,
fedavg,fedavg,510|859,510|859,2,510,data_2000_5_5.5_chordal,val_epoch_task,val,cycle2,71,,,,,,,,,,2000,527.0,21.0,1447.0,5.0,0.9616788321167883,0.9906015037593985,0.9759259223937988,0.9759259223937988,0.9759259223937988,532.0,0.26600000262260437
fedavg,fedavg,510|859,510|859,2,510,data_2000_5_5.5_chordal,val_epoch_task,val,cycle3,71,,,,,,,,,,2000,728.0,48.0,1222.0,2.0,0.9381443298969072,0.9972602739726028,0.9667994976043701,0.9667994976043701,0.9667994976043701,730.0,0.36500000953674316
fedavg,fedavg,510|859,510|859,2,510,data_2000_5_5.5_chordal,val_epoch_task,val,cycle4,71,,,,,,,,,,2000,841.0,81.0,1047.0,31.0,0.9121475054229935,0.9644495412844036,0.9375696778297424,0.9375696778297424,0.9375696778297424,872.0,0.4359999895095825
fedavg,fedavg,510|859,510|859,2,510,data_2000_5_5.5_chordal,val_epoch_task,val,cycle5,71,,,,,,,,,,2000,975.0,85.0,862.0,78.0,0.9198113207547169,0.9259259259259259,0.922858476638794,0.922858476638794,0.9136195778846741,1053.0,0.5264999866485596
fedavg,fedavg,510|859,510|859,2,510,data_2000_5_5.5_chordal,val_epoch_task,val,cycle6,71,,,,,,,,,,2000,984.0,189.0,689.0,138.0,0.8388746803069054,0.8770053475935828,0.857516348361969,0.857516348361969,0.8082111477851868,1122.0,0.5609999895095825
fedavg,fedavg,510|859,510|859,2,859,data_2000_4_1.5_chordal,train_epoch,train,,71,1.0,0.19494256830215453,,,,,,,,2000,,,,,,,,,,,
fedavg,fedavg,510|859,510|859,2,859,data_2000_4_1.5_chordal,val_epoch,val,,71,,,0.3292198588848114,0.9556,0.8429999947547913,0.9089790897908979,0.8170172572135925,0.8170172572135925,0.8170172572135925,2000,,,,,,,,,,,
fedavg,fedavg,510|859,510|859,2,859,data_2000_4_1.5_chordal,val_epoch_task,val,cycle2,71,,,,,,,,,,2000,856.0,4.0,1134.0,6.0,0.9953488372093023,0.9930394431554525,0.9941927194595337,0.9941927194595337,0.9941927194595337,862.0,0.4309999942779541
fedavg,fedavg,510|859,510|859,2,859,data_2000_4_1.5_chordal,val_epoch_task,val,cycle3,71,,,,,,,,,,2000,687.0,8.0,1301.0,4.0,0.9884892086330935,0.9942112879884226,0.9913420081138611,0.9913420081138611,0.9913420081138611,691.0,0.34549999237060547
fedavg,fedavg,510|859,510|859,2,859,data_2000_4_1.5_chordal,val_epoch_task,val,cycle4,71,,,,,,,,,,2000,376.0,40.0,1569.0,15.0,0.9038461538461539,0.9616368286445013,0.9318463206291199,0.9318463206291199,0.9318463206291199,391.0,0.19550000131130219
fedavg,fedavg,510|859,510|859,2,859,data_2000_4_1.5_chordal,val_epoch_task,val,cycle5,71,,,,,,,,,,2000,219.0,125.0,1639.0,17.0,0.6366279069767442,0.9279661016949152,0.7551723718643188,0.7551723718643188,0.7551723718643188,236.0,0.11800000071525574
fedavg,fedavg,510|859,510|859,2,859,data_2000_4_1.5_chordal,val_epoch_task,val,cycle6,71,,,,,,,,,,2000,79.0,176.0,1696.0,49.0,0.30980392156862746,0.6171875,0.41253262758255005,0.41253262758255005,0.41253262758255005,128.0,0.06400000303983688
fedavg,fedavg,510|859,510|859,2,510,data_2000_5_5.5_chordal,global_val_client,val,,71,,,0.17238631278276442,0.9307,0.7204999923706055,0.9232813018930588,0.9313403367996216,0.9313403367996216,0.917115330696106,2000,,,,,,,,,,,
fedavg,fedavg,510|859,510|859,2,510,data_2000_5_5.5_chordal,global_val_client_task,val,cycle2,71,,,,,,,,,,2000,532.0,28.0,1440.0,0.0,0.95,1.0,0.9743589162826538,0.9743589162826538,0.9743589162826538,532.0,0.26600000262260437
fedavg,fedavg,510|859,510|859,2,510,data_2000_5_5.5_chordal,global_val_client_task,val,cycle3,71,,,,,,,,,,2000,728.0,60.0,1210.0,2.0,0.9238578680203046,0.9972602739726028,0.9591568112373352,0.9591568112373352,0.9591568112373352,730.0,0.36500000953674316
fedavg,fedavg,510|859,510|859,2,510,data_2000_5_5.5_chordal,global_val_client_task,val,cycle4,71,,,,,,,,,,2000,858.0,122.0,1006.0,14.0,0.8755102040816326,0.9839449541284404,0.9265658855438232,0.9265658855438232,0.9265658855438232,872.0,0.4359999895095825
fedavg,fedavg,510|859,510|859,2,510,data_2000_5_5.5_chordal,global_val_client_task,val,cycle5,71,,,,,,,,,,2000,1027.0,154.0,793.0,26.0,0.869602032176122,0.9753086419753086,0.9194270968437195,0.9194270968437195,0.8980746865272522,1053.0,0.5264999866485596
fedavg,fedavg,510|859,510|859,2,510,data_2000_5_5.5_chordal,global_val_client_task,val,cycle6,71,,,,,,,,,,2000,1025.0,190.0,688.0,97.0,0.8436213991769548,0.9135472370766489,0.8771929740905762,0.8771929740905762,0.8274202346801758,1122.0,0.5609999895095825
fedavg,fedavg,510|859,510|859,2,859,data_2000_4_1.5_chordal,global_val_client,val,,71,,,0.3016234929561615,0.9681,0.8690000176429749,0.9326862207216712,0.8488861918449402,0.8488861918449402,0.8488861918449402,2000,,,,,,,,,,,
fedavg,fedavg,510|859,510|859,2,859,data_2000_4_1.5_chordal,global_val_client_task,val,cycle2,71,,,,,,,,,,2000,862.0,1.0,1137.0,0.0,0.9988412514484357,1.0,0.9994202256202698,0.9994202256202698,0.9994202256202698,862.0,0.4309999942779541
fedavg,fedavg,510|859,510|859,2,859,data_2000_4_1.5_chordal,global_val_client_task,val,cycle3,71,,,,,,,,,,2000,687.0,6.0,1303.0,4.0,0.9913419913419913,0.9942112879884226,0.9927746057510376,0.9927746057510376,0.9927746057510376,691.0,0.34549999237060547
fedavg,fedavg,510|859,510|859,2,859,data_2000_4_1.5_chordal,global_val_client_task,val,cycle4,71,,,,,,,,,,2000,372.0,22.0,1587.0,19.0,0.9441624365482234,0.9514066496163683,0.9477707147598267,0.9477707147598267,0.9477707147598267,391.0,0.19550000131130219
fedavg,fedavg,510|859,510|859,2,859,data_2000_4_1.5_chordal,global_val_client_task,val,cycle5,71,,,,,,,,,,2000,206.0,61.0,1703.0,30.0,0.7715355805243446,0.8728813559322034,0.8190854787826538,0.8190854787826538,0.8190854787826538,236.0,0.11800000071525574
fedavg,fedavg,510|859,510|859,2,859,data_2000_4_1.5_chordal,global_val_client_task,val,cycle6,71,,,,,,,,,,2000,83.0,131.0,1741.0,45.0,0.3878504672897196,0.6484375,0.4853801131248474,0.4853801131248474,0.4853801131248474,128.0,0.06400000303983688
fedavg,fedavg,510|859,510|859,2,all,all,global_val_mean,val,,71,,,0.23700490286946296,0.9493999999999999,0.7947500050067902,0.9279837613073649,0.8901132643222809,0.8901132643222809,0.8830007612705231,4000,,,,,,,,,,,
fedavg,fedavg,510|859,510|859,2,510,data_2000_5_5.5_chordal,train_epoch,train,,72,1.0,0.16972147288918496,,,,,,,,2000,,,,,,,,,,,
fedavg,fedavg,510|859,510|859,2,510,data_2000_5_5.5_chordal,val_epoch,val,,72,,,0.1749690990447998,0.9253,0.7114999890327454,0.9147162918141342,0.923164963722229,0.923164963722229,0.9147550463676453,2000,,,,,,,,,,,
fedavg,fedavg,510|859,510|859,2,510,data_2000_5_5.5_chordal,val_epoch_task,val,cycle2,72,,,,,,,,,,2000,532.0,34.0,1434.0,0.0,0.9399293286219081,1.0,0.9690346121788025,0.9690346121788025,0.9690346121788025,532.0,0.26600000262260437
fedavg,fedavg,510|859,510|859,2,510,data_2000_5_5.5_chordal,val_epoch_task,val,cycle3,72,,,,,,,,,,2000,728.0,62.0,1208.0,2.0,0.9215189873417722,0.9972602739726028,0.9578946828842163,0.9578946828842163,0.9578946828842163,730.0,0.36500000953674316
fedavg,fedavg,510|859,510|859,2,510,data_2000_5_5.5_chordal,val_epoch_task,val,cycle4,72,,,,,,,,,,2000,856.0,118.0,1010.0,16.0,0.8788501026694046,0.981651376146789,0.9274106025695801,0.9274106025695801,0.9274106025695801,872.0,0.4359999895095825
fedavg,fedavg,510|859,510|859,2,510,data_2000_5_5.5_chordal,val_epoch_task,val,cycle5,72,,,,,,,,,,2000,933.0,88.0,859.0,120.0,0.9138099902056807,0.886039886039886,0.8997106552124023,0.8997106552124023,0.8920041918754578,1053.0,0.5264999866485596
fedavg,fedavg,510|859,510|859,2,510,data_2000_5_5.5_chordal,val_epoch_task,val,cycle6,72,,,,,,,,,,2000,957.0,142.0,736.0,165.0,0.8707916287534122,0.8529411764705882,0.8617740273475647,0.8617740273475647,0.8274311423301697,1122.0,0.5609999895095825
fedavg,fedavg,510|859,510|859,2,859,data_2000_4_1.5_chordal,train_epoch,train,,72,1.0,0.20098079228401183,,,,,,,,2000,,,,,,,,,,,
fedavg,fedavg,510|859,510|859,2,859,data_2000_4_1.5_chordal,val_epoch,val,,72,,,0.2287846742272377,0.9364,0.781000018119812,0.8775981524249423,0.7974046468734741,0.7974046468734741,0.7974046468734741,2000,,,,,,,,,,,
fedavg,fedavg,510|859,510|859,2,859,data_2000_4_1.5_chordal,val_epoch_task,val,cycle2,72,,,,,,,,,,2000,862.0,4.0,1134.0,0.0,0.9953810623556582,1.0,0.9976851344108582,0.9976851344108582,0.9976851344108582,862.0,0.4309999942779541
fedavg,fedavg,510|859,510|859,2,859,data_2000_4_1.5_chordal,val_epoch_task,val,cycle3,72,,,,,,,,,,2000,690.0,7.0,1302.0,1.0,0.9899569583931134,0.9985528219971056,0.9942362904548645,0.9942362904548645,0.9942362904548645,691.0,0.34549999237060547
fedavg,fedavg,510|859,510|859,2,859,data_2000_4_1.5_chordal,val_epoch_task,val,cycle4,72,,,,,,,,,,2000,381.0,56.0,1553.0,10.0,0.8718535469107551,0.9744245524296675,0.9202898740768433,0.9202898740768433,0.9202898740768433,391.0,0.19550000131130219
fedavg,fedavg,510|859,510|859,2,859,data_2000_4_1.5_chordal,val_epoch_task,val,cycle5,72,,,,,,,,,,2000,234.0,250.0,1514.0,2.0,0.4834710743801653,0.9915254237288136,0.6499999761581421,0.6499999761581421,0.6499999761581421,236.0,0.11800000071525574
fedavg,fedavg,510|859,510|859,2,859,data_2000_4_1.5_chordal,val_epoch_task,val,cycle6,72,,,,,,,,,,2000,113.0,291.0,1581.0,15.0,0.27970297029702973,0.8828125,0.4248120188713074,0.4248120188713074,0.4248120188713074,128.0,0.06400000303983688
fedavg,fedavg,510|859,510|859,2,510,data_2000_5_5.5_chordal,global_val_client,val,,72,,,0.2013629315495491,0.9241,0.7009999752044678,0.917311253949232,0.9262572526931763,0.9262572526931763,0.9091032147407532,2000,,,,,,,,,,,
fedavg,fedavg,510|859,510|859,2,510,data_2000_5_5.5_chordal,global_val_client_task,val,cycle2,72,,,,,,,,,,2000,532.0,21.0,1447.0,0.0,0.9620253164556962,1.0,0.9806451201438904,0.9806451201438904,0.9806451201438904,532.0,0.26600000262260437
fedavg,fedavg,510|859,510|859,2,510,data_2000_5_5.5_chordal,global_val_client_task,val,cycle3,72,,,,,,,,,,2000,730.0,73.0,1197.0,0.0,0.9090909090909091,1.0,0.9523809552192688,0.9523809552192688,0.9523809552192688,730.0,0.36500000953674316
fedavg,fedavg,510|859,510|859,2,510,data_2000_5_5.5_chordal,global_val_client_task,val,cycle4,72,,,,,,,,,,2000,862.0,167.0,961.0,10.0,0.8377065111758989,0.9885321100917431,0.9068911075592041,0.9068911075592041,0.9068911075592041,872.0,0.4359999895095825
fedavg,fedavg,510|859,510|859,2,510,data_2000_5_5.5_chordal,global_val_client_task,val,cycle5,72,,,,,,,,,,2000,1036.0,183.0,764.0,17.0,0.8498769483182936,0.9838556505223172,0.9119718670845032,0.9119718670845032,0.8842592239379883,1053.0,0.5264999866485596
fedavg,fedavg,510|859,510|859,2,510,data_2000_5_5.5_chordal,global_val_client_task,val,cycle6,72,,,,,,,,,,2000,1050.0,216.0,662.0,72.0,0.8293838862559242,0.9358288770053476,0.8793970346450806,0.8793970346450806,0.8213399648666382,1122.0,0.5609999895095825
fedavg,fedavg,510|859,510|859,2,859,data_2000_4_1.5_chordal,global_val_client,val,,72,,,0.24652497684955596,0.9611,0.8475000262260437,0.920563610373698,0.8409876823425293,0.8409876823425293,0.8409876823425293,2000,,,,,,,,,,,
fedavg,fedavg,510|859,510|859,2,859,data_2000_4_1.5_chordal,global_val_client_task,val,cycle2,72,,,,,,,,,,2000,862.0,3.0,1135.0,0.0,0.9965317919075144,1.0,0.998262882232666,0.998262882232666,0.998262882232666,862.0,0.4309999942779541
fedavg,fedavg,510|859,510|859,2,859,data_2000_4_1.5_chordal,global_val_client_task,val,cycle3,72,,,,,,,,,,2000,689.0,14.0,1295.0,2.0,0.9800853485064012,0.9971056439942113,0.9885222911834717,0.9885222911834717,0.9885222911834717,691.0,0.34549999237060547
fedavg,fedavg,510|859,510|859,2,859,data_2000_4_1.5_chordal,global_val_client_task,val,cycle4,72,,,,,,,,,,2000,387.0,43.0,1566.0,4.0,0.9,0.989769820971867,0.9427527189254761,0.9427527189254761,0.9427527189254761,391.0,0.19550000131130219
fedavg,fedavg,510|859,510|859,2,859,data_2000_4_1.5_chordal,global_val_client_task,val,cycle5,72,,,,,,,,,,2000,218.0,102.0,1662.0,18.0,0.68125,0.923728813559322,0.7841726541519165,0.7841726541519165,0.7841726541519165,236.0,0.11800000071525574
fedavg,fedavg,510|859,510|859,2,859,data_2000_4_1.5_chordal,global_val_client_task,val,cycle6,72,,,,,,,,,,2000,98.0,173.0,1699.0,30.0,0.36162361623616235,0.765625,0.49122804403305054,0.49122804403305054,0.49122804403305054,128.0,0.06400000303983688
fedavg,fedavg,510|859,510|859,2,all,all,global_val_mean,val,,72,,,0.22394395419955254,0.9425999999999999,0.7742500007152557,0.9189374321614651,0.8836224675178528,0.8836224675178528,0.8750454485416412,4000,,,,,,,,,,,
fedavg,fedavg,510|859,510|859,2,510,data_2000_5_5.5_chordal,train_epoch,train,,73,1.0,0.17664165019989014,,,,,,,,2000,,,,,,,,,,,
fedavg,fedavg,510|859,510|859,2,510,data_2000_5_5.5_chordal,val_epoch,val,,73,,,0.173699560046196,0.9272,0.7204999923706055,0.9177958446251129,0.9258947372436523,0.9258947372436523,0.9142904281616211,2000,,,,,,,,,,,
fedavg,fedavg,510|859,510|859,2,510,data_2000_5_5.5_chordal,val_epoch_task,val,cycle2,73,,,,,,,,,,2000,532.0,36.0,1432.0,0.0,0.9366197183098591,1.0,0.9672726988792419,0.9672726988792419,0.9672726988792419,532.0,0.26600000262260437
fedavg,fedavg,510|859,510|859,2,510,data_2000_5_5.5_chordal,val_epoch_task,val,cycle3,73,,,,,,,,,,2000,730.0,66.0,1204.0,0.0,0.9170854271356784,1.0,0.956749677658081,0.956749677658081,0.956749677658081,730.0,0.36500000953674316
fedavg,fedavg,510|859,510|859,2,510,data_2000_5_5.5_chordal,val_epoch_task,val,cycle4,73,,,,,,,,,,2000,840.0,95.0,1033.0,32.0,0.8983957219251337,0.963302752293578,0.9297178387641907,0.9297178387641907,0.9297178387641907,872.0,0.4359999895095825
fedavg,fedavg,510|859,510|859,2,510,data_2000_5_5.5_chordal,val_epoch_task,val,cycle5,73,,,,,,,,,,2000,962.0,110.0,837.0,91.0,0.8973880597014925,0.9135802469135802,0.9054117202758789,0.9054117202758789,0.8928000330924988,1053.0,0.5264999866485596
fedavg,fedavg,510|859,510|859,2,510,data_2000_5_5.5_chordal,val_epoch_task,val,cycle6,73,,,,,,,,,,2000,1000.0,176.0,702.0,122.0,0.8503401360544217,0.8912655971479501,0.8703219890594482,0.8703219890594482,0.824911892414093,1122.0,0.5609999895095825
fedavg,fedavg,510|859,510|859,2,859,data_2000_4_1.5_chordal,train_epoch,train,,73,1.0,0.17282051253318786,,,,,,,,2000,,,,,,,,,,,
fedavg,fedavg,510|859,510|859,2,859,data_2000_4_1.5_chordal,val_epoch,val,,73,,,0.2543401812016964,0.9435,0.8050000071525574,0.8894108436093169,0.8085533380508423,0.8085533380508423,0.8085533380508423,2000,,,,,,,,,,,
fedavg,fedavg,510|859,510|859,2,859,data_2000_4_1.5_chordal,val_epoch_task,val,cycle2,73,,,,,,,,,,2000,862.0,7.0,1131.0,0.0,0.9919447640966629,1.0,0.9959561228752136,0.9959561228752136,0.9959561228752136,862.0,0.4309999942779541
fedavg,fedavg,510|859,510|859,2,859,data_2000_4_1.5_chordal,val_epoch_task,val,cycle3,73,,,,,,,,,,2000,690.0,10.0,1299.0,1.0,0.9857142857142858,0.9985528219971056,0.9920920133590698,0.9920920133590698,0.9920920133590698,691.0,0.34549999237060547
fedavg,fedavg,510|859,510|859,2,859,data_2000_4_1.5_chordal,val_epoch_task,val,cycle4,73,,,,,,,,,,2000,383.0,51.0,1558.0,8.0,0.8824884792626728,0.979539641943734,0.9284848570823669,0.9284848570823669,0.9284848570823669,391.0,0.19550000131130219
fedavg,fedavg,510|859,510|859,2,859,data_2000_4_1.5_chordal,val_epoch_task,val,cycle5,73,,,,,,,,,,2000,229.0,186.0,1578.0,7.0,0.5518072289156627,0.9703389830508474,0.7035330533981323,0.7035330533981323,0.7035330533981323,236.0,0.11800000071525574
fedavg,fedavg,510|859,510|859,2,859,data_2000_4_1.5_chordal,val_epoch_task,val,cycle6,73,,,,,,,,,,2000,108.0,275.0,1597.0,20.0,0.2819843342036554,0.84375,0.42270058393478394,0.42270058393478394,0.42270058393478394,128.0,0.06400000303983688
fedavg,fedavg,510|859,510|859,2,510,data_2000_5_5.5_chordal,global_val_client,val,,73,,,0.2039666942358017,0.923,0.703499972820282,0.9161220043572985,0.9229555130004883,0.9229555130004883,0.9060906171798706,2000,,,,,,,,,,,
fedavg,fedavg,510|859,510|859,2,510,data_2000_5_5.5_chordal,global_val_client_task,val,cycle2,73,,,,,,,,,,2000,532.0,45.0,1423.0,0.0,0.9220103986135182,1.0,0.9594228863716125,0.9594228863716125,0.9594228863716125,532.0,0.26600000262260437
fedavg,fedavg,510|859,510|859,2,510,data_2000_5_5.5_chordal,global_val_client_task,val,cycle3,73,,,,,,,,,,2000,730.0,78.0,1192.0,0.0,0.9034653465346535,1.0,0.9492847919464111,0.9492847919464111,0.9492847919464111,730.0,0.36500000953674316
fedavg,fedavg,510|859,510|859,2,510,data_2000_5_5.5_chordal,global_val_client_task,val,cycle4,73,,,,,,,,,,2000,858.0,148.0,980.0,14.0,0.852882703777336,0.9839449541284404,0.913737952709198,0.913737952709198,0.913737952709198,872.0,0.4359999895095825
fedavg,fedavg,510|859,510|859,2,510,data_2000_5_5.5_chordal,global_val_client_task,val,cycle5,73,,,,,,,,,,2000,1032.0,183.0,764.0,21.0,0.8493827160493828,0.98005698005698,0.9100529551506042,0.9100529551506042,0.8822170495986938,1053.0,0.5264999866485596
fedavg,fedavg,510|859,510|859,2,510,data_2000_5_5.5_chordal,global_val_client_task,val,cycle6,73,,,,,,,,,,2000,1053.0,212.0,666.0,69.0,0.8324110671936759,0.9385026737967914,0.8822790384292603,0.8822790384292603,0.8257904648780823,1122.0,0.5609999895095825
fedavg,fedavg,510|859,510|859,2,859,data_2000_4_1.5_chordal,global_val_client,val,,73,,,0.28241371750831606,0.9639,0.8554999828338623,0.9246818276653452,0.8397896885871887,0.8397896885871887,0.8397896885871887,2000,,,,,,,,,,,
fedavg,fedavg,510|859,510|859,2,859,data_2000_4_1.5_chordal,global_val_client_task,val,cycle2,73,,,,,,,,,,2000,862.0,7.0,1131.0,0.0,0.9919447640966629,1.0,0.9959561228752136,0.9959561228752136,0.9959561228752136,862.0,0.4309999942779541
fedavg,fedavg,510|859,510|859,2,859,data_2000_4_1.5_chordal,global_val_client_task,val,cycle3,73,,,,,,,,,,2000,691.0,8.0,1301.0,0.0,0.9885550786838341,1.0,0.9942445755004883,0.9942445755004883,0.9942445755004883,691.0,0.34549999237060547
fedavg,fedavg,510|859,510|859,2,859,data_2000_4_1.5_chordal,global_val_client_task,val,cycle4,73,,,,,,,,,,2000,374.0,27.0,1582.0,17.0,0.9326683291770573,0.9565217391304348,0.944444477558136,0.944444477558136,0.944444477558136,391.0,0.19550000131130219
fedavg,fedavg,510|859,510|859,2,859,data_2000_4_1.5_chordal,global_val_client_task,val,cycle5,73,,,,,,,,,,2000,204.0,58.0,1706.0,32.0,0.7786259541984732,0.864406779661017,0.8192771077156067,0.8192771077156067,0.8192771077156067,236.0,0.11800000071525574
fedavg,fedavg,510|859,510|859,2,859,data_2000_4_1.5_chordal,global_val_client_task,val,cycle6,73,,,,,,,,,,2000,85.0,169.0,1703.0,43.0,0.3346456692913386,0.6640625,0.4450261890888214,0.4450261890888214,0.4450261890888214,128.0,0.06400000303983688
fedavg,fedavg,510|859,510|859,2,all,all,global_val_mean,val,,73,,,0.24319020587205886,0.94345,0.7794999778270721,0.9204019160113218,0.8813726007938385,0.8813726007938385,0.8729401528835297,4000,,,,,,,,,,,
fedavg,fedavg,510|859,510|859,2,510,data_2000_5_5.5_chordal,train_epoch,train,,74,1.0,0.1879541513323784,,,,,,,,2000,,,,,,,,,,,
fedavg,fedavg,510|859,510|859,2,510,data_2000_5_5.5_chordal,val_epoch,val,,74,,,0.18165550589561463,0.9276,0.7225000262260437,0.9181180728342003,0.9266916513442993,0.9266916513442993,0.9156537055969238,2000,,,,,,,,,,,
fedavg,fedavg,510|859,510|859,2,510,data_2000_5_5.5_chordal,val_epoch_task,val,cycle2,74,,,,,,,,,,2000,523.0,23.0,1445.0,9.0,0.9578754578754579,0.9830827067669173,0.9703153967857361,0.9703153967857361,0.9703153967857361,532.0,0.26600000262260437
fedavg,fedavg,510|859,510|859,2,510,data_2000_5_5.5_chordal,val_epoch_task,val,cycle3,74,,,,,,,,,,2000,727.0,54.0,1216.0,3.0,0.9308578745198464,0.9958904109589041,0.9622766971588135,0.9622766971588135,0.9622766971588135,730.0,0.36500000953674316
fedavg,fedavg,510|859,510|859,2,510,data_2000_5_5.5_chordal,val_epoch_task,val,cycle4,74,,,,,,,,,,2000,856.0,123.0,1005.0,16.0,0.874361593462717,0.981651376146789,0.9249054193496704,0.9249054193496704,0.9249054193496704,872.0,0.4359999895095825
fedavg,fedavg,510|859,510|859,2,510,data_2000_5_5.5_chordal,val_epoch_task,val,cycle5,74,,,,,,,,,,2000,948.0,100.0,847.0,105.0,0.9045801526717557,0.9002849002849003,0.9024273753166199,0.9024273753166199,0.8920484185218811,1053.0,0.5264999866485596
fedavg,fedavg,510|859,510|859,2,510,data_2000_5_5.5_chordal,val_epoch_task,val,cycle6,74,,,,,,,,,,2000,1005.0,174.0,704.0,117.0,0.8524173027989822,0.8957219251336899,0.8735332489013672,0.8735332489013672,0.8287227153778076,1122.0,0.5609999895095825
fedavg,fedavg,510|859,510|859,2,859,data_2000_4_1.5_chordal,train_epoch,train,,74,1.0,0.19217152237892152,,,,,,,,2000,,,,,,,,,,,
fedavg,fedavg,510|859,510|859,2,859,data_2000_4_1.5_chordal,val_epoch,val,,74,,,0.5058831404000521,0.9654,0.8644999861717224,0.924847958297133,0.8087798357009888,0.8087798357009888,0.8087798357009888,2000,,,,,,,,,,,
fedavg,fedavg,510|859,510|859,2,859,data_2000_4_1.5_chordal,val_epoch_task,val,cycle2,74,,,,,,,,,,2000,862.0,13.0,1125.0,0.0,0.9851428571428571,1.0,0.9925158023834229,0.9925158023834229,0.9925158023834229,862.0,0.4309999942779541
fedavg,fedavg,510|859,510|859,2,859,data_2000_4_1.5_chordal,val_epoch_task,val,cycle3,74,,,,,,,,,,2000,687.0,11.0,1298.0,4.0,0.9842406876790831,0.9942112879884226,0.9892009496688843,0.9892009496688843,0.9892009496688843,691.0,0.34549999237060547
fedavg,fedavg,510|859,510|859,2,859,data_2000_4_1.5_chordal,val_epoch_task,val,cycle4,74,,,,,,,,,,2000,374.0,45.0,1564.0,17.0,0.8926014319809069,0.9565217391304348,0.9234567284584045,0.9234567284584045,0.9234567284584045,391.0,0.19550000131130219
fedavg,fedavg,510|859,510|859,2,859,data_2000_4_1.5_chordal,val_epoch_task,val,cycle5,74,,,,,,,,,,2000,158.0,30.0,1734.0,78.0,0.8404255319148937,0.6694915254237288,0.7452830672264099,0.7452830672264099,0.7452830672264099,236.0,0.11800000071525574
fedavg,fedavg,510|859,510|859,2,859,data_2000_4_1.5_chordal,val_epoch_task,val,cycle6,74,,,,,,,,,,2000,48.0,68.0,1804.0,80.0,0.41379310344827586,0.375,0.39344266057014465,0.39344266057014465,0.39344266057014465,128.0,0.06400000303983688
fedavg,fedavg,510|859,510|859,2,510,data_2000_5_5.5_chordal,global_val_client,val,,74,,,0.18329918169975282,0.9237,0.6965000033378601,0.9144522928579438,0.922918438911438,0.922918438911438,0.9122526049613953,2000,,,,,,,,,,,
fedavg,fedavg,510|859,510|859,2,510,data_2000_5_5.5_chordal,global_val_client_task,val,cycle2,74,,,,,,,,,,2000,532.0,35.0,1433.0,0.0,0.9382716049382716,1.0,0.9681528806686401,0.9681528806686401,0.9681528806686401,532.0,0.26600000262260437
fedavg,fedavg,510|859,510|859,2,510,data_2000_5_5.5_chordal,global_val_client_task,val,cycle3,74,,,,,,,,,,2000,729.0,55.0,1215.0,1.0,0.9298469387755102,0.9986301369863013,0.9630119204521179,0.9630119204521179,0.9630119204521179,730.0,0.36500000953674316
fedavg,fedavg,510|859,510|859,2,510,data_2000_5_5.5_chordal,global_val_client_task,val,cycle4,74,,,,,,,,,,2000,866.0,163.0,965.0,6.0,0.8415937803692906,0.9931192660550459,0.9110994338989258,0.9110994338989258,0.9110994338989258,872.0,0.4359999895095825
fedavg,fedavg,510|859,510|859,2,510,data_2000_5_5.5_chordal,global_val_client_task,val,cycle5,74,,,,,,,,,,2000,996.0,127.0,820.0,57.0,0.8869100623330365,0.9458689458689459,0.9154412150382996,0.9154412150382996,0.8991227746009827,1053.0,0.5264999866485596
fedavg,fedavg,510|859,510|859,2,510,data_2000_5_5.5_chordal,global_val_client_task,val,cycle6,74,,,,,,,,,,2000,955.0,152.0,726.0,167.0,0.8626919602529358,0.8511586452762924,0.8568865060806274,0.8568865060806274,0.8198758363723755,1122.0,0.5609999895095825
fedavg,fedavg,510|859,510|859,2,859,data_2000_4_1.5_chordal,global_val_client,val,,74,,,0.34870597171783446,0.9691,0.8744999766349792,0.9338754547399957,0.837073802947998,0.837073802947998,0.837073802947998,2000,,,,,,,,,,,
fedavg,fedavg,510|859,510|859,2,859,data_2000_4_1.5_chordal,global_val_client_task,val,cycle2,74,,,,,,,,,,2000,862.0,5.0,1133.0,0.0,0.994232987312572,1.0,0.9971081614494324,0.9971081614494324,0.9971081614494324,862.0,0.4309999942779541
fedavg,fedavg,510|859,510|859,2,859,data_2000_4_1.5_chordal,global_val_client_task,val,cycle3,74,,,,,,,,,,2000,690.0,7.0,1302.0,1.0,0.9899569583931134,0.9985528219971056,0.9942362904548645,0.9942362904548645,0.9942362904548645,691.0,0.34549999237060547
fedavg,fedavg,510|859,510|859,2,859,data_2000_4_1.5_chordal,global_val_client_task,val,cycle4,74,,,,,,,,,,2000,381.0,49.0,1560.0,10.0,0.8860465116279069,0.9744245524296675,0.9281364679336548,0.9281364679336548,0.9281364679336548,391.0,0.19550000131130219
fedavg,fedavg,510|859,510|859,2,859,data_2000_4_1.5_chordal,global_val_client_task,val,cycle5,74,,,,,,,,,,2000,187.0,28.0,1736.0,49.0,0.8697674418604651,0.7923728813559322,0.8292682766914368,0.8292682766914368,0.8292682766914368,236.0,0.11800000071525574
fedavg,fedavg,510|859,510|859,2,859,data_2000_4_1.5_chordal,global_val_client_task,val,cycle6,74,,,,,,,,,,2000,62.0,94.0,1778.0,66.0,0.3974358974358974,0.484375,0.43661969900131226,0.43661969900131226,0.43661969900131226,128.0,0.06400000303983688
fedavg,fedavg,510|859,510|859,2,all,all,global_val_mean,val,,74,,,0.2660025767087936,0.9463999999999999,0.7854999899864197,0.9241638737989697,0.879996120929718,0.879996120929718,0.8746632039546967,4000,,,,,,,,,,,
fedavg,fedavg,510|859,510|859,2,510,data_2000_5_5.5_chordal,train_epoch,train,,75,1.0,0.17521086966991425,,,,,,,,2000,,,,,,,,,,,
fedavg,fedavg,510|859,510|859,2,510,data_2000_5_5.5_chordal,val_epoch,val,,75,,,0.17498505401611328,0.9283,0.7160000205039978,0.9172724125995154,0.9273113012313843,0.9273113012313843,0.9183735847473145,2000,,,,,,,,,,,
fedavg,fedavg,510|859,510|859,2,510,data_2000_5_5.5_chordal,val_epoch_task,val,cycle2,75,,,,,,,,,,2000,530.0,22.0,1446.0,2.0,0.9601449275362319,0.9962406015037594,0.9778597950935364,0.9778597950935364,0.9778597950935364,532.0,0.26600000262260437
fedavg,fedavg,510|859,510|859,2,510,data_2000_5_5.5_chordal,val_epoch_task,val,cycle3,75,,,,,,,,,,2000,720.0,35.0,1235.0,10.0,0.9536423841059603,0.9863013698630136,0.9696969389915466,0.9696969389915466,0.9696969389915466,730.0,0.36500000953674316
fedavg,fedavg,510|859,510|859,2,510,data_2000_5_5.5_chordal,val_epoch_task,val,cycle4,75,,,,,,,,,,2000,830.0,77.0,1051.0,42.0,0.9151047409040793,0.9518348623853211,0.9331085085868835,0.9331085085868835,0.9331085085868835,872.0,0.4359999895095825
fedavg,fedavg,510|859,510|859,2,510,data_2000_5_5.5_chordal,val_epoch_task,val,cycle5,75,,,,,,,,,,2000,960.0,111.0,836.0,93.0,0.896358543417367,0.9116809116809117,0.9039548635482788,0.9039548635482788,0.8912580013275146,1053.0,0.5264999866485596
fedavg,fedavg,510|859,510|859,2,510,data_2000_5_5.5_chordal,val_epoch_task,val,cycle6,75,,,,,,,,,,2000,935.0,138.0,740.0,187.0,0.8713886300093197,0.8333333333333334,0.8519362211227417,0.8519362211227417,0.8199446201324463,1122.0,0.5609999895095825
fedavg,fedavg,510|859,510|859,2,859,data_2000_4_1.5_chordal,train_epoch,train,,75,1.0,0.18175438094139099,,,,,,,,2000,,,,,,,,,,,
fedavg,fedavg,510|859,510|859,2,859,data_2000_4_1.5_chordal,val_epoch,val,,75,,,0.28507016217708586,0.9327,0.7860000133514404,0.8704024648565376,0.7885487675666809,0.7885487675666809,0.7885487675666809,2000,,,,,,,,,,,
fedavg,fedavg,510|859,510|859,2,859,data_2000_4_1.5_chordal,val_epoch_task,val,cycle2,75,,,,,,,,,,2000,855.0,4.0,1134.0,7.0,0.9953434225844005,0.9918793503480279,0.9936083555221558,0.9936083555221558,0.9936083555221558,862.0,0.4309999942779541
fedavg,fedavg,510|859,510|859,2,859,data_2000_4_1.5_chordal,val_epoch_task,val,cycle3,75,,,,,,,,,,2000,687.0,24.0,1285.0,4.0,0.9662447257383966,0.9942112879884226,0.980028510093689,0.980028510093689,0.980028510093689,691.0,0.34549999237060547
fedavg,fedavg,510|859,510|859,2,859,data_2000_4_1.5_chordal,val_epoch_task,val,cycle4,75,,,,,,,,,,2000,381.0,59.0,1550.0,10.0,0.865909090909091,0.9744245524296675,0.9169674515724182,0.9169674515724182,0.9169674515724182,391.0,0.19550000131130219
fedavg,fedavg,510|859,510|859,2,859,data_2000_4_1.5_chordal,val_epoch_task,val,cycle5,75,,,,,,,,,,2000,231.0,239.0,1525.0,5.0,0.49148936170212765,0.9788135593220338,0.6543909311294556,0.6543909311294556,0.6543909311294556,236.0,0.11800000071525574
fedavg,fedavg,510|859,510|859,2,859,data_2000_4_1.5_chordal,val_epoch_task,val,cycle6,75,,,,,,,,,,2000,106.0,299.0,1573.0,22.0,0.2617283950617284,0.828125,0.3977486193180084,0.3977486193180084,0.3977486193180084,128.0,0.06400000303983688
fedavg,fedavg,510|859,510|859,2,510,data_2000_5_5.5_chordal,global_val_client,val,,75,,,0.19101305496692658,0.9255,0.7114999890327454,0.9183561643835616,0.9271709322929382,0.9271709322929382,0.9091275930404663,2000,,,,,,,,,,,
fedavg,fedavg,510|859,510|859,2,510,data_2000_5_5.5_chordal,global_val_client_task,val,cycle2,75,,,,,,,,,,2000,532.0,29.0,1439.0,0.0,0.948306595365419,1.0,0.9734675884246826,0.9734675884246826,0.9734675884246826,532.0,0.26600000262260437
fedavg,fedavg,510|859,510|859,2,510,data_2000_5_5.5_chordal,global_val_client_task,val,cycle3,75,,,,,,,,,,2000,730.0,76.0,1194.0,0.0,0.9057071960297767,1.0,0.9505208730697632,0.9505208730697632,0.9505208730697632,730.0,0.36500000953674316
fedavg,fedavg,510|859,510|859,2,510,data_2000_5_5.5_chordal,global_val_client_task,val,cycle4,75,,,,,,,,,,2000,856.0,104.0,1024.0,16.0,0.8916666666666667,0.981651376146789,0.9344978332519531,0.9344978332519531,0.9344978332519531,872.0,0.4359999895095825
fedavg,fedavg,510|859,510|859,2,510,data_2000_5_5.5_chordal,global_val_client_task,val,cycle5,75,,,,,,,,,,2000,1026.0,207.0,740.0,27.0,0.8321167883211679,0.9743589743589743,0.8976377844810486,0.8976377844810486,0.8634772300720215,1053.0,0.5264999866485596
fedavg,fedavg,510|859,510|859,2,510,data_2000_5_5.5_chordal,global_val_client_task,val,cycle6,75,,,,,,,,,,2000,1046.0,210.0,668.0,76.0,0.8328025477707006,0.9322638146167558,0.8797308206558228,0.8797308206558228,0.8236744403839111,1122.0,0.5609999895095825
fedavg,fedavg,510|859,510|859,2,859,data_2000_4_1.5_chordal,global_val_client,val,,75,,,0.26223626494407654,0.965,0.8604999780654907,0.9272953884503531,0.8443676233291626,0.8443676233291626,0.8443676233291626,2000,,,,,,,,,,,
fedavg,fedavg,510|859,510|859,2,859,data_2000_4_1.5_chordal,global_val_client_task,val,cycle2,75,,,,,,,,,,2000,862.0,0.0,1138.0,0.0,1.0,1.0,1.0,1.0,1.0,862.0,0.4309999942779541
fedavg,fedavg,510|859,510|859,2,859,data_2000_4_1.5_chordal,global_val_client_task,val,cycle3,75,,,,,,,,,,2000,691.0,8.0,1301.0,0.0,0.9885550786838341,1.0,0.9942445755004883,0.9942445755004883,0.9942445755004883,691.0,0.34549999237060547
fedavg,fedavg,510|859,510|859,2,859,data_2000_4_1.5_chordal,global_val_client_task,val,cycle4,75,,,,,,,,,,2000,375.0,20.0,1589.0,16.0,0.9493670886075949,0.959079283887468,0.9541984796524048,0.9541984796524048,0.9541984796524048,391.0,0.19550000131130219
fedavg,fedavg,510|859,510|859,2,859,data_2000_4_1.5_chordal,global_val_client_task,val,cycle5,75,,,,,,,,,,2000,215.0,84.0,1680.0,21.0,0.7190635451505016,0.9110169491525424,0.8037382960319519,0.8037382960319519,0.8037382960319519,236.0,0.11800000071525574
fedavg,fedavg,510|859,510|859,2,859,data_2000_4_1.5_chordal,global_val_client_task,val,cycle6,75,,,,,,,,,,2000,89.0,162.0,1710.0,39.0,0.3545816733067729,0.6953125,0.46965697407722473,0.46965697407722473,0.46965697407722473,128.0,0.06400000303983688
fedavg,fedavg,510|859,510|859,2,all,all,global_val_mean,val,,75,,,0.22662465995550155,0.94525,0.785999983549118,0.9228257764169573,0.8857692778110504,0.8857692778110504,0.8767476081848145,4000,,,,,,,,,,,
fedavg,fedavg,510|859,510|859,2,510,data_2000_5_5.5_chordal,train_epoch,train,,76,1.0,0.17314380645751953,,,,,,,,2000,,,,,,,,,,,
fedavg,fedavg,510|859,510|859,2,510,data_2000_5_5.5_chordal,val_epoch,val,,76,,,0.16140225422382354,0.9354,0.7304999828338623,0.9259853345554537,0.9347988963127136,0.9347988963127136,0.9266799688339233,2000,,,,,,,,,,,
fedavg,fedavg,510|859,510|859,2,510,data_2000_5_5.5_chordal,val_epoch_task,val,cycle2,76,,,,,,,,,,2000,531.0,17.0,1451.0,1.0,0.968978102189781,0.9981203007518797,0.9833332896232605,0.9833332896232605,0.9833332896232605,532.0,0.26600000262260437
fedavg,fedavg,510|859,510|859,2,510,data_2000_5_5.5_chordal,val_epoch_task,val,cycle3,76,,,,,,,,,,2000,728.0,51.0,1219.0,2.0,0.9345314505776636,0.9972602739726028,0.9648773670196533,0.9648773670196533,0.9648773670196533,730.0,0.36500000953674316
fedavg,fedavg,510|859,510|859,2,510,data_2000_5_5.5_chordal,val_epoch_task,val,cycle4,76,,,,,,,,,,2000,854.0,81.0,1047.0,18.0,0.9133689839572192,0.9793577981651376,0.9452130794525146,0.9452130794525146,0.9452130794525146,872.0,0.4359999895095825
fedavg,fedavg,510|859,510|859,2,510,data_2000_5_5.5_chordal,val_epoch_task,val,cycle5,76,,,,,,,,,,2000,991.0,110.0,837.0,62.0,0.9000908265213442,0.9411206077872745,0.9201485514640808,0.9201485514640808,0.906825602054596,1053.0,0.5264999866485596
fedavg,fedavg,510|859,510|859,2,510,data_2000_5_5.5_chordal,val_epoch_task,val,cycle6,76,,,,,,,,,,2000,937.0,119.0,759.0,185.0,0.8873106060606061,0.8351158645276292,0.8604224324226379,0.8604224324226379,0.8331503868103027,1122.0,0.5609999895095825
fedavg,fedavg,510|859,510|859,2,859,data_2000_4_1.5_chordal,train_epoch,train,,76,1.0,0.19197120183706284,,,,,,,,2000,,,,,,,,,,,
fedavg,fedavg,510|859,510|859,2,859,data_2000_4_1.5_chordal,val_epoch,val,,76,,,0.24655131268501282,0.9617,0.8539999723434448,0.9209167871154242,0.8423994183540344,0.8423994183540344,0.8423994183540344,2000,,,,,,,,,,,
fedavg,fedavg,510|859,510|859,2,859,data_2000_4_1.5_chordal,val_epoch_task,val,cycle2,76,,,,,,,,,,2000,862.0,4.0,1134.0,0.0,0.9953810623556582,1.0,0.9976851344108582,0.9976851344108582,0.9976851344108582,862.0,0.4309999942779541
fedavg,fedavg,510|859,510|859,2,859,data_2000_4_1.5_chordal,val_epoch_task,val,cycle3,76,,,,,,,,,,2000,683.0,6.0,1303.0,8.0,0.9912917271407837,0.9884225759768451,0.9898550510406494,0.9898550510406494,0.9898550510406494,691.0,0.34549999237060547
fedavg,fedavg,510|859,510|859,2,859,data_2000_4_1.5_chordal,val_epoch_task,val,cycle4,76,,,,,,,,,,2000,372.0,46.0,1563.0,19.0,0.8899521531100478,0.9514066496163683,0.9196538925170898,0.9196538925170898,0.9196538925170898,391.0,0.19550000131130219
fedavg,fedavg,510|859,510|859,2,859,data_2000_4_1.5_chordal,val_epoch_task,val,cycle5,76,,,,,,,,,,2000,215.0,85.0,1679.0,21.0,0.7166666666666667,0.9110169491525424,0.8022387623786926,0.8022387623786926,0.8022387623786926,236.0,0.11800000071525574
fedavg,fedavg,510|859,510|859,2,859,data_2000_4_1.5_chordal,val_epoch_task,val,cycle6,76,,,,,,,,,,2000,98.0,164.0,1708.0,30.0,0.37404580152671757,0.765625,0.5025640726089478,0.5025640726089478,0.5025640726089478,128.0,0.06400000303983688
fedavg,fedavg,510|859,510|859,2,510,data_2000_5_5.5_chordal,global_val_client,val,,76,,,0.16569944560527802,0.9325,0.7269999980926514,0.924757552112362,0.9338665008544922,0.9338665008544922,0.9202190637588501,2000,,,,,,,,,,,
fedavg,fedavg,510|859,510|859,2,510,data_2000_5_5.5_chordal,global_val_client_task,val,cycle2,76,,,,,,,,,,2000,531.0,19.0,1449.0,1.0,0.9654545454545455,0.9981203007518797,0.981515645980835,0.981515645980835,0.981515645980835,532.0,0.26600000262260437
fedavg,fedavg,510|859,510|859,2,510,data_2000_5_5.5_chordal,global_val_client_task,val,cycle3,76,,,,,,,,,,2000,730.0,53.0,1217.0,0.0,0.9323116219667944,1.0,0.9649702906608582,0.9649702906608582,0.9649702906608582,730.0,0.36500000953674316
fedavg,fedavg,510|859,510|859,2,510,data_2000_5_5.5_chordal,global_val_client_task,val,cycle4,76,,,,,,,,,,2000,857.0,106.0,1022.0,15.0,0.8899273104880582,0.9827981651376146,0.9340599775314331,0.9340599775314331,0.9340599775314331,872.0,0.4359999895095825
fedavg,fedavg,510|859,510|859,2,510,data_2000_5_5.5_chordal,global_val_client_task,val,cycle5,76,,,,,,,,,,2000,1019.0,160.0,787.0,34.0,0.8642917726887193,0.9677113010446344,0.913082480430603,0.913082480430603,0.8902714252471924,1053.0,0.5264999866485596
fedavg,fedavg,510|859,510|859,2,510,data_2000_5_5.5_chordal,global_val_client_task,val,cycle6,76,,,,,,,,,,2000,1011.0,176.0,702.0,111.0,0.8517270429654591,0.9010695187165776,0.875703752040863,0.875703752040863,0.8302779793739319,1122.0,0.5609999895095825
fedavg,fedavg,510|859,510|859,2,859,data_2000_4_1.5_chordal,global_val_client,val,,76,,,0.3062879302501679,0.9691,0.8755000233650208,0.9344644750795335,0.8516910672187805,0.8516910672187805,0.8516910672187805,2000,,,,,,,,,,,
fedavg,fedavg,510|859,510|859,2,859,data_2000_4_1.5_chordal,global_val_client_task,val,cycle2,76,,,,,,,,,,2000,862.0,4.0,1134.0,0.0,0.9953810623556582,1.0,0.9976851344108582,0.9976851344108582,0.9976851344108582,862.0,0.4309999942779541
fedavg,fedavg,510|859,510|859,2,859,data_2000_4_1.5_chordal,global_val_client_task,val,cycle3,76,,,,,,,,,,2000,689.0,6.0,1303.0,2.0,0.9913669064748202,0.9971056439942113,0.9942280054092407,0.9942280054092407,0.9942280054092407,691.0,0.34549999237060547
fedavg,fedavg,510|859,510|859,2,859,data_2000_4_1.5_chordal,global_val_client_task,val,cycle4,76,,,,,,,,,,2000,371.0,22.0,1587.0,20.0,0.9440203562340967,0.948849104859335,0.9464285373687744,0.9464285373687744,0.9464285373687744,391.0,0.19550000131130219
fedavg,fedavg,510|859,510|859,2,859,data_2000_4_1.5_chordal,global_val_client_task,val,cycle5,76,,,,,,,,,,2000,197.0,44.0,1720.0,39.0,0.8174273858921162,0.8347457627118644,0.8259958624839783,0.8259958624839783,0.8259958624839783,236.0,0.11800000071525574
fedavg,fedavg,510|859,510|859,2,859,data_2000_4_1.5_chordal,global_val_client_task,val,cycle6,76,,,,,,,,,,2000,84.0,128.0,1744.0,44.0,0.39622641509433965,0.65625,0.4941176772117615,0.4941176772117615,0.4941176772117615,128.0,0.06400000303983688
fedavg,fedavg,510|859,510|859,2,all,all,global_val_mean,val,,76,,,0.23599368792772293,0.9508,0.8012500107288361,0.9296110135959478,0.8927787840366364,0.8927787840366364,0.8859550654888153,4000,,,,,,,,,,,
fedavg,fedavg,510|859,510|859,2,510,data_2000_5_5.5_chordal,train_epoch,train,,77,1.0,0.17104228764772414,,,,,,,,2000,,,,,,,,,,,
fedavg,fedavg,510|859,510|859,2,510,data_2000_5_5.5_chordal,val_epoch,val,,77,,,0.1678981990814209,0.9309,0.7254999876022339,0.9231624596908706,0.9324253797531128,0.9324253797531128,0.9183366894721985,2000,,,,,,,,,,,
fedavg,fedavg,510|859,510|859,2,510,data_2000_5_5.5_chordal,val_epoch_task,val,cycle2,77,,,,,,,,,,2000,532.0,21.0,1447.0,0.0,0.9620253164556962,1.0,0.9806451201438904,0.9806451201438904,0.9806451201438904,532.0,0.26600000262260437
fedavg,fedavg,510|859,510|859,2,510,data_2000_5_5.5_chordal,val_epoch_task,val,cycle3,77,,,,,,,,,,2000,726.0,44.0,1226.0,4.0,0.9428571428571428,0.9945205479452055,0.9679999947547913,0.9679999947547913,0.9679999947547913,730.0,0.36500000953674316
fedavg,fedavg,510|859,510|859,2,510,data_2000_5_5.5_chordal,val_epoch_task,val,cycle4,77,,,,,,,,,,2000,855.0,121.0,1007.0,17.0,0.8760245901639344,0.9805045871559633,0.9253246784210205,0.9253246784210205,0.9253246784210205,872.0,0.4359999895095825
fedavg,fedavg,510|859,510|859,2,510,data_2000_5_5.5_chordal,val_epoch_task,val,cycle5,77,,,,,,,,,,2000,1028.0,172.0,775.0,25.0,0.8566666666666667,0.976258309591643,0.9125609993934631,0.9125609993934631,0.8872352242469788,1053.0,0.5264999866485596
fedavg,fedavg,510|859,510|859,2,510,data_2000_5_5.5_chordal,val_epoch_task,val,cycle6,77,,,,,,,,,,2000,1010.0,175.0,703.0,112.0,0.8523206751054853,0.9001782531194296,0.8755960464477539,0.8755960464477539,0.8304784893989563,1122.0,0.5609999895095825
fedavg,fedavg,510|859,510|859,2,859,data_2000_4_1.5_chordal,train_epoch,train,,77,1.0,0.15427843201160432,,,,,,,,2000,,,,,,,,,,,
fedavg,fedavg,510|859,510|859,2,859,data_2000_4_1.5_chordal,val_epoch,val,,77,,,0.4111005265712738,0.9571,0.8349999785423279,0.9110880829015543,0.8097988367080688,0.8097988367080688,0.8097988367080688,2000,,,,,,,,,,,
fedavg,fedavg,510|859,510|859,2,859,data_2000_4_1.5_chordal,val_epoch_task,val,cycle2,77,,,,,,,,,,2000,860.0,4.0,1134.0,2.0,0.9953703703703703,0.9976798143851509,0.9965237379074097,0.9965237379074097,0.9965237379074097,862.0,0.4309999942779541
fedavg,fedavg,510|859,510|859,2,859,data_2000_4_1.5_chordal,val_epoch_task,val,cycle3,77,,,,,,,,,,2000,687.0,16.0,1293.0,4.0,0.9772403982930299,0.9942112879884226,0.98565274477005,0.98565274477005,0.98565274477005,691.0,0.34549999237060547
fedavg,fedavg,510|859,510|859,2,859,data_2000_4_1.5_chordal,val_epoch_task,val,cycle4,77,,,,,,,,,,2000,370.0,54.0,1555.0,21.0,0.8726415094339622,0.9462915601023018,0.9079754948616028,0.9079754948616028,0.9079754948616028,391.0,0.19550000131130219
fedavg,fedavg,510|859,510|859,2,859,data_2000_4_1.5_chordal,val_epoch_task,val,cycle5,77,,,,,,,,,,2000,218.0,135.0,1629.0,18.0,0.6175637393767706,0.923728813559322,0.7402376532554626,0.7402376532554626,0.7402376532554626,236.0,0.11800000071525574
fedavg,fedavg,510|859,510|859,2,859,data_2000_4_1.5_chordal,val_epoch_task,val,cycle6,77,,,,,,,,,,2000,63.0,110.0,1762.0,65.0,0.36416184971098264,0.4921875,0.41860464215278625,0.41860464215278625,0.41860464215278625,128.0,0.06400000303983688
fedavg,fedavg,510|859,510|859,2,510,data_2000_5_5.5_chordal,global_val_client,val,,77,,,0.188619280397892,0.927,0.7114999890327454,0.9197096348438187,0.9289757609367371,0.9289757609367371,0.9127243757247925,2000,,,,,,,,,,,
fedavg,fedavg,510|859,510|859,2,510,data_2000_5_5.5_chordal,global_val_client_task,val,cycle2,77,,,,,,,,,,2000,532.0,22.0,1446.0,0.0,0.9602888086642599,1.0,0.9797422289848328,0.9797422289848328,0.9797422289848328,532.0,0.26600000262260437
fedavg,fedavg,510|859,510|859,2,510,data_2000_5_5.5_chordal,global_val_client_task,val,cycle3,77,,,,,,,,,,2000,729.0,66.0,1204.0,1.0,0.9169811320754717,0.9986301369863013,0.9560656547546387,0.9560656547546387,0.9560656547546387,730.0,0.36500000953674316
fedavg,fedavg,510|859,510|859,2,510,data_2000_5_5.5_chordal,global_val_client_task,val,cycle4,77,,,,,,,,,,2000,867.0,125.0,1003.0,5.0,0.873991935483871,0.9942660550458715,0.9302574396133423,0.9302574396133423,0.9302574396133423,872.0,0.4359999895095825
fedavg,fedavg,510|859,510|859,2,510,data_2000_5_5.5_chordal,global_val_client_task,val,cycle5,77,,,,,,,,,,2000,1039.0,204.0,743.0,14.0,0.8358809332260659,0.9867046533713201,0.9050522446632385,0.9050522446632385,0.8720657229423523,1053.0,0.5264999866485596
fedavg,fedavg,510|859,510|859,2,510,data_2000_5_5.5_chordal,global_val_client_task,val,cycle6,77,,,,,,,,,,2000,1014.0,185.0,693.0,108.0,0.8457047539616347,0.9037433155080213,0.8737612962722778,0.8737612962722778,0.8254913687705994,1122.0,0.5609999895095825
fedavg,fedavg,510|859,510|859,2,859,data_2000_4_1.5_chordal,global_val_client,val,,77,,,0.28890814471244813,0.9637,0.8554999828338623,0.9247668393782382,0.8340527415275574,0.8340527415275574,0.8340527415275574,2000,,,,,,,,,,,
fedavg,fedavg,510|859,510|859,2,859,data_2000_4_1.5_chordal,global_val_client_task,val,cycle2,77,,,,,,,,,,2000,862.0,1.0,1137.0,0.0,0.9988412514484357,1.0,0.9994202256202698,0.9994202256202698,0.9994202256202698,862.0,0.4309999942779541
fedavg,fedavg,510|859,510|859,2,859,data_2000_4_1.5_chordal,global_val_client_task,val,cycle3,77,,,,,,,,,,2000,690.0,15.0,1294.0,1.0,0.9787234042553191,0.9985528219971056,0.9885386824607849,0.9885386824607849,0.9885386824607849,691.0,0.34549999237060547
fedavg,fedavg,510|859,510|859,2,859,data_2000_4_1.5_chordal,global_val_client_task,val,cycle4,77,,,,,,,,,,2000,385.0,34.0,1575.0,6.0,0.918854415274463,0.9846547314578005,0.950617253780365,0.950617253780365,0.950617253780365,391.0,0.19550000131130219
fedavg,fedavg,510|859,510|859,2,859,data_2000_4_1.5_chordal,global_val_client_task,val,cycle5,77,,,,,,,,,,2000,219.0,118.0,1646.0,17.0,0.6498516320474778,0.9279661016949152,0.764397919178009,0.764397919178009,0.764397919178009,236.0,0.11800000071525574
fedavg,fedavg,510|859,510|859,2,859,data_2000_4_1.5_chordal,global_val_client_task,val,cycle6,77,,,,,,,,,,2000,75.0,118.0,1754.0,53.0,0.38860103626943004,0.5859375,0.46728968620300293,0.46728968620300293,0.46728968620300293,128.0,0.06400000303983688
fedavg,fedavg,510|859,510|859,2,all,all,global_val_mean,val,,77,,,0.23876371255517007,0.94535,0.7834999859333038,0.9222382371110285,0.8815142512321472,0.8815142512321472,0.8733885586261749,4000,,,,,,,,,,,
fedavg,fedavg,510|859,510|859,2,510,data_2000_5_5.5_chordal,train_epoch,train,,78,1.0,0.17209758186340332,,,,,,,,2000,,,,,,,,,,,
fedavg,fedavg,510|859,510|859,2,510,data_2000_5_5.5_chordal,val_epoch,val,,78,,,0.17912340921163558,0.9238,0.7009999752044678,0.9119685767097966,0.9213805198669434,0.9213805198669434,0.9155664443969727,2000,,,,,,,,,,,
fedavg,fedavg,510|859,510|859,2,510,data_2000_5_5.5_chordal,val_epoch_task,val,cycle2,78,,,,,,,,,,2000,532.0,26.0,1442.0,0.0,0.953405017921147,1.0,0.9761468172073364,0.9761468172073364,0.9761468172073364,532.0,0.26600000262260437
fedavg,fedavg,510|859,510|859,2,510,data_2000_5_5.5_chordal,val_epoch_task,val,cycle3,78,,,,,,,,,,2000,718.0,43.0,1227.0,12.0,0.9434954007884363,0.9835616438356164,0.9631119966506958,0.9631119966506958,0.9631119966506958,730.0,0.36500000953674316
fedavg,fedavg,510|859,510|859,2,510,data_2000_5_5.5_chordal,val_epoch_task,val,cycle4,78,,,,,,,,,,2000,856.0,122.0,1006.0,16.0,0.8752556237218814,0.981651376146789,0.9254053831100464,0.9254053831100464,0.9254053831100464,872.0,0.4359999895095825
fedavg,fedavg,510|859,510|859,2,510,data_2000_5_5.5_chordal,val_epoch_task,val,cycle5,78,,,,,,,,,,2000,972.0,106.0,841.0,81.0,0.9016697588126159,0.9230769230769231,0.9122478365898132,0.9122478365898132,0.8999465107917786,1053.0,0.5264999866485596
fedavg,fedavg,510|859,510|859,2,510,data_2000_5_5.5_chordal,val_epoch_task,val,cycle6,78,,,,,,,,,,2000,869.0,103.0,775.0,253.0,0.8940329218106996,0.7745098039215687,0.8299904465675354,0.8299904465675354,0.8132213354110718,1122.0,0.5609999895095825
fedavg,fedavg,510|859,510|859,2,859,data_2000_4_1.5_chordal,train_epoch,train,,78,1.0,0.16573609274625778,,,,,,,,2000,,,,,,,,,,,
fedavg,fedavg,510|859,510|859,2,859,data_2000_4_1.5_chordal,val_epoch,val,,78,,,0.43184458756446836,0.957,0.8295000195503235,0.9108623548922057,0.8045612573623657,0.8045612573623657,0.8045612573623657,2000,,,,,,,,,,,
fedavg,fedavg,510|859,510|859,2,859,data_2000_4_1.5_chordal,val_epoch_task,val,cycle2,78,,,,,,,,,,2000,862.0,6.0,1132.0,0.0,0.9930875576036866,1.0,0.9965317845344543,0.9965317845344543,0.9965317845344543,862.0,0.4309999942779541
fedavg,fedavg,510|859,510|859,2,859,data_2000_4_1.5_chordal,val_epoch_task,val,cycle3,78,,,,,,,,,,2000,687.0,24.0,1285.0,4.0,0.9662447257383966,0.9942112879884226,0.980028510093689,0.980028510093689,0.980028510093689,691.0,0.34549999237060547
fedavg,fedavg,510|859,510|859,2,859,data_2000_4_1.5_chordal,val_epoch_task,val,cycle4,78,,,,,,,,,,2000,372.0,32.0,1577.0,19.0,0.9207920792079208,0.9514066496163683,0.9358490109443665,0.9358490109443665,0.9358490109443665,391.0,0.19550000131130219
fedavg,fedavg,510|859,510|859,2,859,data_2000_4_1.5_chordal,val_epoch_task,val,cycle5,78,,,,,,,,,,2000,220.0,143.0,1621.0,16.0,0.6060606060606061,0.9322033898305084,0.7345576286315918,0.7345576286315918,0.7345576286315918,236.0,0.11800000071525574
fedavg,fedavg,510|859,510|859,2,859,data_2000_4_1.5_chordal,val_epoch_task,val,cycle6,78,,,,,,,,,,2000,56.0,114.0,1758.0,72.0,0.32941176470588235,0.4375,0.375838965177536,0.375838965177536,0.375838965177536,128.0,0.06400000303983688
fedavg,fedavg,510|859,510|859,2,510,data_2000_5_5.5_chordal,global_val_client,val,,78,,,0.19871048200130462,0.9224,0.7055000066757202,0.9145938806955757,0.9235321879386902,0.9235321879386902,0.9080647230148315,2000,,,,,,,,,,,
fedavg,fedavg,510|859,510|859,2,510,data_2000_5_5.5_chordal,global_val_client_task,val,cycle2,78,,,,,,,,,,2000,532.0,28.0,1440.0,0.0,0.95,1.0,0.9743589162826538,0.9743589162826538,0.9743589162826538,532.0,0.26600000262260437
fedavg,fedavg,510|859,510|859,2,510,data_2000_5_5.5_chordal,global_val_client_task,val,cycle3,78,,,,,,,,,,2000,726.0,64.0,1206.0,4.0,0.9189873417721519,0.9945205479452055,0.955263078212738,0.955263078212738,0.955263078212738,730.0,0.36500000953674316
fedavg,fedavg,510|859,510|859,2,510,data_2000_5_5.5_chordal,global_val_client_task,val,cycle4,78,,,,,,,,,,2000,861.0,153.0,975.0,11.0,0.849112426035503,0.9873853211009175,0.9130434989929199,0.9130434989929199,0.9130434989929199,872.0,0.4359999895095825
fedavg,fedavg,510|859,510|859,2,510,data_2000_5_5.5_chordal,global_val_client_task,val,cycle5,78,,,,,,,,,,2000,1036.0,211.0,736.0,17.0,0.830793905372895,0.9838556505223172,0.900869607925415,0.900869607925415,0.8658823370933533,1053.0,0.5264999866485596
fedavg,fedavg,510|859,510|859,2,510,data_2000_5_5.5_chordal,global_val_client_task,val,cycle6,78,,,,,,,,,,2000,1000.0,166.0,712.0,122.0,0.8576329331046312,0.8912655971479501,0.8741258978843689,0.8741258978843689,0.8317757248878479,1122.0,0.5609999895095825
fedavg,fedavg,510|859,510|859,2,859,data_2000_4_1.5_chordal,global_val_client,val,,78,,,0.3542245948314667,0.9686,0.8744999766349792,0.9336713138994509,0.840680718421936,0.840680718421936,0.840680718421936,2000,,,,,,,,,,,
fedavg,fedavg,510|859,510|859,2,859,data_2000_4_1.5_chordal,global_val_client_task,val,cycle2,78,,,,,,,,,,2000,862.0,5.0,1133.0,0.0,0.994232987312572,1.0,0.9971081614494324,0.9971081614494324,0.9971081614494324,862.0,0.4309999942779541
fedavg,fedavg,510|859,510|859,2,859,data_2000_4_1.5_chordal,global_val_client_task,val,cycle3,78,,,,,,,,,,2000,691.0,5.0,1304.0,0.0,0.992816091954023,1.0,0.9963951110839844,0.9963951110839844,0.9963951110839844,691.0,0.34549999237060547
fedavg,fedavg,510|859,510|859,2,859,data_2000_4_1.5_chordal,global_val_client_task,val,cycle4,78,,,,,,,,,,2000,377.0,34.0,1575.0,14.0,0.9172749391727494,0.9641943734015346,0.9401496648788452,0.9401496648788452,0.9401496648788452,391.0,0.19550000131130219
fedavg,fedavg,510|859,510|859,2,859,data_2000_4_1.5_chordal,global_val_client_task,val,cycle5,78,,,,,,,,,,2000,214.0,85.0,1679.0,22.0,0.7157190635451505,0.9067796610169492,0.7999999523162842,0.7999999523162842,0.7999999523162842,236.0,0.11800000071525574
fedavg,fedavg,510|859,510|859,2,859,data_2000_4_1.5_chordal,global_val_client_task,val,cycle6,78,,,,,,,,,,2000,66.0,87.0,1785.0,62.0,0.43137254901960786,0.515625,0.46975091099739075,0.46975091099739075,0.46975091099739075,128.0,0.06400000303983688
fedavg,fedavg,510|859,510|859,2,all,all,global_val_mean,val,,78,,,0.27646753841638566,0.9455,0.7899999916553497,0.9241325972975133,0.8821064531803131,0.8821064531803131,0.8743727207183838,4000,,,,,,,,,,,
fedavg,fedavg,510|859,510|859,2,510,data_2000_5_5.5_chordal,train_epoch,train,,79,1.0,0.18120459854602813,,,,,,,,2000,,,,,,,,,,,
fedavg,fedavg,510|859,510|859,2,510,data_2000_5_5.5_chordal,val_epoch,val,,79,,,0.1751535540819168,0.9279,0.7289999723434448,0.9192156862745098,0.9267259836196899,0.9267259836196899,0.9151567220687866,2000,,,,,,,,,,,
fedavg,fedavg,510|859,510|859,2,510,data_2000_5_5.5_chordal,val_epoch_task,val,cycle2,79,,,,,,,,,,2000,532.0,39.0,1429.0,0.0,0.9316987740805605,1.0,0.9646419286727905,0.9646419286727905,0.9646419286727905,532.0,0.26600000262260437
fedavg,fedavg,510|859,510|859,2,510,data_2000_5_5.5_chordal,val_epoch_task,val,cycle3,79,,,,,,,,,,2000,730.0,61.0,1209.0,0.0,0.922882427307206,1.0,0.9598948359489441,0.9598948359489441,0.9598948359489441,730.0,0.36500000953674316
fedavg,fedavg,510|859,510|859,2,510,data_2000_5_5.5_chordal,val_epoch_task,val,cycle4,79,,,,,,,,,,2000,854.0,123.0,1005.0,18.0,0.8741044012282497,0.9793577981651376,0.9237425327301025,0.9237425327301025,0.9237425327301025,872.0,0.4359999895095825
fedavg,fedavg,510|859,510|859,2,510,data_2000_5_5.5_chordal,val_epoch_task,val,cycle5,79,,,,,,,,,,2000,996.0,128.0,819.0,57.0,0.8861209964412812,0.9458689458689459,0.9150206446647644,0.9150206446647644,0.8985189199447632,1053.0,0.5264999866485596
fedavg,fedavg,510|859,510|859,2,510,data_2000_5_5.5_chordal,val_epoch_task,val,cycle6,79,,,,,,,,,,2000,990.0,163.0,715.0,132.0,0.8586296617519514,0.8823529411764706,0.8703296780586243,0.8703296780586243,0.8289855122566223,1122.0,0.5609999895095825
fedavg,fedavg,510|859,510|859,2,859,data_2000_4_1.5_chordal,train_epoch,train,,79,1.0,0.2009948365688324,,,,,,,,2000,,,,,,,,,,,
fedavg,fedavg,510|859,510|859,2,859,data_2000_4_1.5_chordal,val_epoch,val,,79,,,0.3227818092703819,0.9424,0.7839999794960022,0.8861660079051382,0.7879260182380676,0.7879260182380676,0.7879260182380676,2000,,,,,,,,,,,
fedavg,fedavg,510|859,510|859,2,859,data_2000_4_1.5_chordal,val_epoch_task,val,cycle2,79,,,,,,,,,,2000,862.0,2.0,1136.0,0.0,0.9976851851851852,1.0,0.9988412261009216,0.9988412261009216,0.9988412261009216,862.0,0.4309999942779541
fedavg,fedavg,510|859,510|859,2,859,data_2000_4_1.5_chordal,val_epoch_task,val,cycle3,79,,,,,,,,,,2000,690.0,17.0,1292.0,1.0,0.9759547383309759,0.9985528219971056,0.9871244430541992,0.9871244430541992,0.9871244430541992,691.0,0.34549999237060547
fedavg,fedavg,510|859,510|859,2,859,data_2000_4_1.5_chordal,val_epoch_task,val,cycle4,79,,,,,,,,,,2000,387.0,107.0,1502.0,4.0,0.7834008097165992,0.989769820971867,0.8745762705802917,0.8745762705802917,0.8745762705802917,391.0,0.19550000131130219
fedavg,fedavg,510|859,510|859,2,859,data_2000_4_1.5_chordal,val_epoch_task,val,cycle5,79,,,,,,,,,,2000,229.0,245.0,1519.0,7.0,0.4831223628691983,0.9703389830508474,0.6450703740119934,0.6450703740119934,0.6450703740119934,236.0,0.11800000071525574
fedavg,fedavg,510|859,510|859,2,859,data_2000_4_1.5_chordal,val_epoch_task,val,cycle6,79,,,,,,,,,,2000,74.0,139.0,1733.0,54.0,0.3474178403755869,0.578125,0.4340175986289978,0.4340175986289978,0.4340175986289978,128.0,0.06400000303983688
fedavg,fedavg,510|859,510|859,2,510,data_2000_5_5.5_chordal,global_val_client,val,,79,,,0.1912325540781021,0.9211,0.7009999752044678,0.9140429240658023,0.9222623705863953,0.9222623705863953,0.904687762260437,2000,,,,,,,,,,,
fedavg,fedavg,510|859,510|859,2,510,data_2000_5_5.5_chordal,global_val_client_task,val,cycle2,79,,,,,,,,,,2000,532.0,35.0,1433.0,0.0,0.9382716049382716,1.0,0.9681528806686401,0.9681528806686401,0.9681528806686401,532.0,0.26600000262260437
fedavg,fedavg,510|859,510|859,2,510,data_2000_5_5.5_chordal,global_val_client_task,val,cycle3,79,,,,,,,,,,2000,729.0,78.0,1192.0,1.0,0.9033457249070632,0.9986301369863013,0.9486011266708374,0.9486011266708374,0.9486011266708374,730.0,0.36500000953674316
fedavg,fedavg,510|859,510|859,2,510,data_2000_5_5.5_chordal,global_val_client_task,val,cycle4,79,,,,,,,,,,2000,867.0,156.0,972.0,5.0,0.8475073313782991,0.9942660550458715,0.915039598941803,0.915039598941803,0.915039598941803,872.0,0.4359999895095825
fedavg,fedavg,510|859,510|859,2,510,data_2000_5_5.5_chordal,global_val_client_task,val,cycle5,79,,,,,,,,,,2000,1036.0,192.0,755.0,17.0,0.8436482084690554,0.9838556505223172,0.9083734750747681,0.9083734750747681,0.8784177899360657,1053.0,0.5264999866485596
fedavg,fedavg,510|859,510|859,2,510,data_2000_5_5.5_chordal,global_val_client_task,val,cycle6,79,,,,,,,,,,2000,1031.0,214.0,664.0,91.0,0.8281124497991967,0.9188948306595366,0.8711448907852173,0.8711448907852173,0.8132272362709045,1122.0,0.5609999895095825
fedavg,fedavg,510|859,510|859,2,859,data_2000_4_1.5_chordal,global_val_client,val,,79,,,0.271082338809967,0.9606,0.8429999947547913,0.9192953707496928,0.8340188264846802,0.8340188264846802,0.8340188264846802,2000,,,,,,,,,,,
fedavg,fedavg,510|859,510|859,2,859,data_2000_4_1.5_chordal,global_val_client_task,val,cycle2,79,,,,,,,,,,2000,862.0,2.0,1136.0,0.0,0.9976851851851852,1.0,0.9988412261009216,0.9988412261009216,0.9988412261009216,862.0,0.4309999942779541
fedavg,fedavg,510|859,510|859,2,859,data_2000_4_1.5_chordal,global_val_client_task,val,cycle3,79,,,,,,,,,,2000,691.0,20.0,1289.0,0.0,0.9718706047819972,1.0,0.9857346415519714,0.9857346415519714,0.9857346415519714,691.0,0.34549999237060547
fedavg,fedavg,510|859,510|859,2,859,data_2000_4_1.5_chordal,global_val_client_task,val,cycle4,79,,,,,,,,,,2000,385.0,44.0,1565.0,6.0,0.8974358974358975,0.9846547314578005,0.9390243887901306,0.9390243887901306,0.9390243887901306,391.0,0.19550000131130219
fedavg,fedavg,510|859,510|859,2,859,data_2000_4_1.5_chordal,global_val_client_task,val,cycle5,79,,,,,,,,,,2000,219.0,122.0,1642.0,17.0,0.6422287390029325,0.9279661016949152,0.7590988278388977,0.7590988278388977,0.7590988278388977,236.0,0.11800000071525574
fedavg,fedavg,510|859,510|859,2,859,data_2000_4_1.5_chordal,global_val_client_task,val,cycle6,79,,,,,,,,,,2000,87.0,142.0,1730.0,41.0,0.3799126637554585,0.6796875,0.4873949885368347,0.4873949885368347,0.4873949885368347,128.0,0.06400000303983688
fedavg,fedavg,510|859,510|859,2,all,all,global_val_mean,val,,79,,,0.23115744644403458,0.9408500000000001,0.7719999849796295,0.9166691474077475,0.8781405985355377,0.8781405985355377,0.8693532943725586,4000,,,,,,,,,,,
fedavg,fedavg,510|859,510|859,2,510,data_2000_5_5.5_chordal,train_epoch,train,,80,1.0,0.1645806746482849,,,,,,,,2000,,,,,,,,,,,
fedavg,fedavg,510|859,510|859,2,510,data_2000_5_5.5_chordal,val_epoch,val,,80,,,0.16190108913183213,0.9347,0.7319999933242798,0.9270309531791261,0.9350696802139282,0.9350696802139282,0.9210788607597351,2000,,,,,,,,,,,
fedavg,fedavg,510|859,510|859,2,510,data_2000_5_5.5_chordal,val_epoch_task,val,cycle2,80,,,,,,,,,,2000,531.0,31.0,1437.0,1.0,0.9448398576512456,0.9981203007518797,0.97074955701828,0.97074955701828,0.97074955701828,532.0,0.26600000262260437
fedavg,fedavg,510|859,510|859,2,510,data_2000_5_5.5_chordal,val_epoch_task,val,cycle3,80,,,,,,,,,,2000,722.0,47.0,1223.0,8.0,0.9388816644993498,0.989041095890411,0.9633088111877441,0.9633088111877441,0.9633088111877441,730.0,0.36500000953674316
fedavg,fedavg,510|859,510|859,2,510,data_2000_5_5.5_chordal,val_epoch_task,val,cycle4,80,,,,,,,,,,2000,850.0,74.0,1054.0,22.0,0.9199134199134199,0.9747706422018348,0.9465479254722595,0.9465479254722595,0.9465479254722595,872.0,0.4359999895095825
fedavg,fedavg,510|859,510|859,2,510,data_2000_5_5.5_chordal,val_epoch_task,val,cycle5,80,,,,,,,,,,2000,1023.0,154.0,793.0,30.0,0.8691588785046729,0.9715099715099715,0.9174887537956238,0.9174887537956238,0.8960452079772949,1053.0,0.5264999866485596
fedavg,fedavg,510|859,510|859,2,510,data_2000_5_5.5_chordal,val_epoch_task,val,cycle6,80,,,,,,,,,,2000,1022.0,186.0,692.0,100.0,0.8460264900662252,0.910873440285205,0.8772532343864441,0.8772532343864441,0.828742504119873,1122.0,0.5609999895095825
fedavg,fedavg,510|859,510|859,2,859,data_2000_4_1.5_chordal,train_epoch,train,,80,1.0,0.1912899566888809,,,,,,,,2000,,,,,,,,,,,
fedavg,fedavg,510|859,510|859,2,859,data_2000_4_1.5_chordal,val_epoch,val,,80,,,0.2893217457532883,0.9564,0.8349999785423279,0.9118479579458149,0.8307182192802429,0.8307182192802429,0.8307182192802429,2000,,,,,,,,,,,
fedavg,fedavg,510|859,510|859,2,859,data_2000_4_1.5_chordal,val_epoch_task,val,cycle2,80,,,,,,,,,,2000,862.0,5.0,1133.0,0.0,0.994232987312572,1.0,0.9971081614494324,0.9971081614494324,0.9971081614494324,862.0,0.4309999942779541
fedavg,fedavg,510|859,510|859,2,859,data_2000_4_1.5_chordal,val_epoch_task,val,cycle3,80,,,,,,,,,,2000,686.0,19.0,1290.0,5.0,0.9730496453900709,0.9927641099855282,0.9828080534934998,0.9828080534934998,0.9828080534934998,691.0,0.34549999237060547
fedavg,fedavg,510|859,510|859,2,859,data_2000_4_1.5_chordal,val_epoch_task,val,cycle4,80,,,,,,,,,,2000,382.0,36.0,1573.0,9.0,0.9138755980861244,0.9769820971867008,0.94437575340271,0.94437575340271,0.94437575340271,391.0,0.19550000131130219
fedavg,fedavg,510|859,510|859,2,859,data_2000_4_1.5_chordal,val_epoch_task,val,cycle5,80,,,,,,,,,,2000,229.0,163.0,1601.0,7.0,0.5841836734693877,0.9703389830508474,0.7292993068695068,0.7292993068695068,0.7292993068695068,236.0,0.11800000071525574
fedavg,fedavg,510|859,510|859,2,859,data_2000_4_1.5_chordal,val_epoch_task,val,cycle6,80,,,,,,,,,,2000,96.0,160.0,1712.0,32.0,0.375,0.75,0.5,0.5,0.5,128.0,0.06400000303983688
fedavg,fedavg,510|859,510|859,2,510,data_2000_5_5.5_chordal,global_val_client,val,,80,,,0.18430200761556625,0.9269,0.7080000042915344,0.9195376995046781,0.9290380477905273,0.9290380477905273,0.912540078163147,2000,,,,,,,,,,,
fedavg,fedavg,510|859,510|859,2,510,data_2000_5_5.5_chordal,global_val_client_task,val,cycle2,80,,,,,,,,,,2000,532.0,19.0,1449.0,0.0,0.9655172413793104,1.0,0.9824560880661011,0.9824560880661011,0.9824560880661011,532.0,0.26600000262260437
fedavg,fedavg,510|859,510|859,2,510,data_2000_5_5.5_chordal,global_val_client_task,val,cycle3,80,,,,,,,,,,2000,728.0,65.0,1205.0,2.0,0.9180327868852459,0.9972602739726028,0.9560078978538513,0.9560078978538513,0.9560078978538513,730.0,0.36500000953674316
fedavg,fedavg,510|859,510|859,2,510,data_2000_5_5.5_chordal,global_val_client_task,val,cycle4,80,,,,,,,,,,2000,857.0,120.0,1008.0,15.0,0.8771750255885363,0.9827981651376146,0.9269875288009644,0.9269875288009644,0.9269875288009644,872.0,0.4359999895095825
fedavg,fedavg,510|859,510|859,2,510,data_2000_5_5.5_chordal,global_val_client_task,val,cycle5,80,,,,,,,,,,2000,1042.0,216.0,731.0,11.0,0.8282988871224165,0.9895536562203229,0.9017741084098816,0.9017741084098816,0.8656009435653687,1053.0,0.5264999866485596
fedavg,fedavg,510|859,510|859,2,510,data_2000_5_5.5_chordal,global_val_client_task,val,cycle6,80,,,,,,,,,,2000,1018.0,179.0,699.0,104.0,0.8504594820384294,0.9073083778966132,0.8779646158218384,0.8779646158218384,0.8316478133201599,1122.0,0.5609999895095825
fedavg,fedavg,510|859,510|859,2,859,data_2000_4_1.5_chordal,global_val_client,val,,80,,,0.2804403704404831,0.9667,0.8694999814033508,0.9302617801047119,0.8458961248397827,0.8458961248397827,0.8458961248397827,2000,,,,,,,,,,,
fedavg,fedavg,510|859,510|859,2,859,data_2000_4_1.5_chordal,global_val_client_task,val,cycle2,80,,,,,,,,,,2000,862.0,2.0,1136.0,0.0,0.9976851851851852,1.0,0.9988412261009216,0.9988412261009216,0.9988412261009216,862.0,0.4309999942779541
fedavg,fedavg,510|859,510|859,2,859,data_2000_4_1.5_chordal,global_val_client_task,val,cycle3,80,,,,,,,,,,2000,687.0,7.0,1302.0,4.0,0.9899135446685879,0.9942112879884226,0.992057740688324,0.992057740688324,0.992057740688324,691.0,0.34549999237060547
fedavg,fedavg,510|859,510|859,2,859,data_2000_4_1.5_chordal,global_val_client_task,val,cycle4,80,,,,,,,,,,2000,374.0,19.0,1590.0,17.0,0.9516539440203562,0.9565217391304348,0.954081654548645,0.954081654548645,0.954081654548645,391.0,0.19550000131130219
fedavg,fedavg,510|859,510|859,2,859,data_2000_4_1.5_chordal,global_val_client_task,val,cycle5,80,,,,,,,,,,2000,215.0,90.0,1674.0,21.0,0.7049180327868853,0.9110169491525424,0.7948243618011475,0.7948243618011475,0.7948243618011475,236.0,0.11800000071525574
fedavg,fedavg,510|859,510|859,2,859,data_2000_4_1.5_chordal,global_val_client_task,val,cycle6,80,,,,,,,,,,2000,83.0,128.0,1744.0,45.0,0.3933649289099526,0.6484375,0.48967552185058594,0.48967552185058594,0.48967552185058594,128.0,0.06400000303983688
fedavg,fedavg,510|859,510|859,2,all,all,global_val_mean,val,,80,,,0.23237118902802467,0.9468,0.7887499928474426,0.9248997398046951,0.887467086315155,0.887467086315155,0.8792181015014648,4000,,,,,,,,,,,
fedavg,fedavg,510|859,510|859,2,510,data_2000_5_5.5_chordal,best_global_train,train,,62,,,0.17448165659606457,0.9321,0.7310000061988831,0.9234584601510539,0.9321815371513367,0.9321815371513367,0.915247917175293,2000,,,,,,,,,,,
fedavg,fedavg,510|859,510|859,2,510,data_2000_5_5.5_chordal,best_global_train_task,train,cycle2,62,,,,,,,,,,2000,499.0,25.0,1476.0,0.0,0.9522900763358778,1.0,0.9755620360374451,0.9755620360374451,0.9755620360374451,499.0,0.24950000643730164
fedavg,fedavg,510|859,510|859,2,510,data_2000_5_5.5_chordal,best_global_train_task,train,cycle3,62,,,,,,,,,,2000,657.0,67.0,1275.0,1.0,0.9074585635359116,0.9984802431610942,0.9507959485054016,0.9507959485054016,0.9507959485054016,658.0,0.32899999618530273
fedavg,fedavg,510|859,510|859,2,510,data_2000_5_5.5_chordal,best_global_train_task,train,cycle4,62,,,,,,,,,,2000,839.0,109.0,1043.0,9.0,0.8850210970464135,0.9893867924528302,0.9342984557151794,0.9342984557151794,0.9342984557151794,848.0,0.42399999499320984
fedavg,fedavg,510|859,510|859,2,510,data_2000_5_5.5_chordal,best_global_train_task,train,cycle5,62,,,,,,,,,,2000,1011.0,193.0,783.0,13.0,0.8397009966777409,0.9873046875,0.9075403809547424,0.9075403809547424,0.8837471604347229,1024.0,0.5120000243186951
fedavg,fedavg,510|859,510|859,2,510,data_2000_5_5.5_chordal,best_global_train_task,train,cycle6,62,,,,,,,,,,2000,1090.0,191.0,648.0,71.0,0.8508977361436377,0.9388458225667528,0.8927108645439148,0.8927108645439148,0.8318357467651367,1161.0,0.5805000066757202
fedavg,fedavg,510|859,510|859,2,859,data_2000_4_1.5_chordal,best_global_train,train,,62,,,0.16585136419534682,0.9616,0.8335000276565552,0.9260969976905312,0.852353572845459,0.852353572845459,0.852353572845459,2000,,,,,,,,,,,
fedavg,fedavg,510|859,510|859,2,859,data_2000_4_1.5_chordal,best_global_train_task,train,cycle2,62,,,,,,,,,,2000,898.0,0.0,1101.0,1.0,1.0,0.9988876529477196,0.999443531036377,0.999443531036377,0.999443531036377,899.0,0.4494999945163727
fedavg,fedavg,510|859,510|859,2,859,data_2000_4_1.5_chordal,best_global_train_task,train,cycle3,62,,,,,,,,,,2000,675.0,10.0,1314.0,1.0,0.9854014598540146,0.9985207100591716,0.9919176697731018,0.9919176697731018,0.9919176697731018,676.0,0.33799999952316284
fedavg,fedavg,510|859,510|859,2,859,data_2000_4_1.5_chordal,best_global_train_task,train,cycle4,62,,,,,,,,,,2000,442.0,18.0,1532.0,8.0,0.9608695652173913,0.9822222222222222,0.9714285731315613,0.9714285731315613,0.9714285731315613,450.0,0.22499999403953552
fedavg,fedavg,510|859,510|859,2,859,data_2000_4_1.5_chordal,best_global_train_task,train,cycle5,62,,,,,,,,,,2000,293.0,85.0,1612.0,10.0,0.7751322751322751,0.966996699669967,0.8604992628097534,0.8604992628097534,0.8604992628097534,303.0,0.15150000154972076
fedavg,fedavg,510|859,510|859,2,859,data_2000_4_1.5_chordal,best_global_train_task,train,cycle6,62,,,,,,,,,,2000,98.0,243.0,1651.0,8.0,0.2873900293255132,0.9245283018867925,0.4384787380695343,0.4384787380695343,0.4384787380695343,106.0,0.05299999937415123
fedavg,fedavg,510|859,510|859,2,510,data_2000_5_5.5_chordal,best_global_val,val,,62,,,0.19116750288009643,0.9284,0.718999981880188,0.9217828271793751,0.9298731684684753,0.9298731684684753,0.9115073084831238,2000,,,,,,,,,,,
fedavg,fedavg,510|859,510|859,2,510,data_2000_5_5.5_chordal,best_global_val_task,val,cycle2,62,,,,,,,,,,2000,532.0,40.0,1428.0,0.0,0.9300699300699301,1.0,0.9637681245803833,0.9637681245803833,0.9637681245803833,532.0,0.26600000262260437
fedavg,fedavg,510|859,510|859,2,510,data_2000_5_5.5_chordal,best_global_val_task,val,cycle3,62,,,,,,,,,,2000,727.0,50.0,1220.0,3.0,0.9356499356499357,0.9958904109589041,0.9648308157920837,0.9648308157920837,0.9648308157920837,730.0,0.36500000953674316
fedavg,fedavg,510|859,510|859,2,510,data_2000_5_5.5_chordal,best_global_val_task,val,cycle4,62,,,,,,,,,,2000,860.0,114.0,1014.0,12.0,0.8829568788501027,0.9862385321100917,0.9317442774772644,0.9317442774772644,0.9317442774772644,872.0,0.4359999895095825
fedavg,fedavg,510|859,510|859,2,510,data_2000_5_5.5_chordal,best_global_val_task,val,cycle5,62,,,,,,,,,,2000,1042.0,199.0,748.0,11.0,0.8396454472199839,0.9895536562203229,0.9084568619728088,0.9084568619728088,0.8769050240516663,1053.0,0.5264999866485596
fedavg,fedavg,510|859,510|859,2,510,data_2000_5_5.5_chordal,best_global_val_task,val,cycle6,62,,,,,,,,,,2000,1058.0,223.0,655.0,64.0,0.8259172521467604,0.9429590017825312,0.880565881729126,0.880565881729126,0.8202880620956421,1122.0,0.5609999895095825
fedavg,fedavg,510|859,510|859,2,859,data_2000_4_1.5_chordal,best_global_val,val,,62,,,0.2436049730181694,0.9579,0.8429999947547913,0.9140289973453134,0.8359438180923462,0.8359438180923462,0.8359438180923462,2000,,,,,,,,,,,
fedavg,fedavg,510|859,510|859,2,859,data_2000_4_1.5_chordal,best_global_val_task,val,cycle2,62,,,,,,,,,,2000,860.0,5.0,1133.0,2.0,0.9942196531791907,0.9976798143851509,0.9959467649459839,0.9959467649459839,0.9959467649459839,862.0,0.4309999942779541
fedavg,fedavg,510|859,510|859,2,859,data_2000_4_1.5_chordal,best_global_val_task,val,cycle3,62,,,,,,,,,,2000,689.0,13.0,1296.0,2.0,0.9814814814814815,0.9971056439942113,0.9892318844795227,0.9892318844795227,0.9892318844795227,691.0,0.34549999237060547
fedavg,fedavg,510|859,510|859,2,859,data_2000_4_1.5_chordal,best_global_val_task,val,cycle4,62,,,,,,,,,,2000,367.0,25.0,1584.0,24.0,0.9362244897959183,0.9386189258312021,0.937420129776001,0.937420129776001,0.937420129776001,391.0,0.19550000131130219
fedavg,fedavg,510|859,510|859,2,859,data_2000_4_1.5_chordal,best_global_val_task,val,cycle5,62,,,,,,,,,,2000,220.0,100.0,1664.0,16.0,0.6875,0.9322033898305084,0.7913668751716614,0.7913668751716614,0.7913668751716614,236.0,0.11800000071525574
fedavg,fedavg,510|859,510|859,2,859,data_2000_4_1.5_chordal,best_global_val_task,val,cycle6,62,,,,,,,,,,2000,102.0,208.0,1664.0,26.0,0.32903225806451614,0.796875,0.4657534062862396,0.4657534062862396,0.4657534062862396,128.0,0.06400000303983688
fedavg,fedavg,510|859,510|859,2,510,data_2000_5_5.5_chordal,best_global_test,test,,62,,,0.18259460842609407,0.9324,0.7254999876022339,0.9265377091936535,0.9336258769035339,0.9336258769035339,0.9105744361877441,2000,,,,,,,,,,,
fedavg,fedavg,510|859,510|859,2,510,data_2000_5_5.5_chordal,best_global_test_task,test,cycle2,62,,,,,,,,,,2000,501.0,38.0,1461.0,0.0,0.9294990723562152,1.0,0.9634615182876587,0.9634615182876587,0.9634615182876587,501.0,0.25049999356269836
fedavg,fedavg,510|859,510|859,2,510,data_2000_5_5.5_chordal,best_global_test_task,test,cycle3,62,,,,,,,,,,2000,649.0,71.0,1278.0,2.0,0.9013888888888889,0.9969278033794163,0.9467542171478271,0.9467542171478271,0.9467542171478271,651.0,0.3255000114440918
fedavg,fedavg,510|859,510|859,2,510,data_2000_5_5.5_chordal,best_global_test_task,test,cycle4,62,,,,,,,,,,2000,886.0,96.0,1010.0,8.0,0.9022403258655805,0.9910514541387024,0.9445629119873047,0.9445629119873047,0.9445629119873047,894.0,0.44699999690055847
fedavg,fedavg,510|859,510|859,2,510,data_2000_5_5.5_chordal,best_global_test_task,test,cycle5,62,,,,,,,,,,2000,1113.0,160.0,712.0,15.0,0.8743126472898665,0.9867021276595744,0.9271136522293091,0.9271136522293091,0.8905566334724426,1128.0,0.5640000104904175
fedavg,fedavg,510|859,510|859,2,510,data_2000_5_5.5_chordal,best_global_test_task,test,cycle6,62,,,,,,,,,,2000,1114.0,209.0,600.0,77.0,0.8420256991685563,0.9353484466834593,0.8862370252609253,0.8862370252609253,0.8075370192527771,1191.0,0.5954999923706055
fedavg,fedavg,510|859,510|859,2,859,data_2000_4_1.5_chordal,best_global_test,test,,62,,,0.22597662675380706,0.9604,0.8410000205039978,0.9193154034229829,0.8345556259155273,0.8345556259155273,0.8345556259155273,2000,,,,,,,,,,,
fedavg,fedavg,510|859,510|859,2,859,data_2000_4_1.5_chordal,best_global_test_task,test,cycle2,62,,,,,,,,,,2000,880.0,4.0,1116.0,0.0,0.995475113122172,1.0,0.9977324604988098,0.9977324604988098,0.9977324604988098,880.0,0.4399999976158142
fedavg,fedavg,510|859,510|859,2,859,data_2000_4_1.5_chordal,best_global_test_task,test,cycle3,62,,,,,,,,,,2000,667.0,5.0,1328.0,0.0,0.9925595238095238,1.0,0.9962658882141113,0.9962658882141113,0.9962658882141113,667.0,0.3334999978542328
fedavg,fedavg,510|859,510|859,2,859,data_2000_4_1.5_chordal,best_global_test_task,test,cycle4,62,,,,,,,,,,2000,388.0,23.0,1578.0,11.0,0.9440389294403893,0.9724310776942355,0.9580246806144714,0.9580246806144714,0.9580246806144714,399.0,0.19949999451637268
fedavg,fedavg,510|859,510|859,2,859,data_2000_4_1.5_chordal,best_global_test_task,test,cycle5,62,,,,,,,,,,2000,236.0,95.0,1649.0,20.0,0.7129909365558912,0.921875,0.8040885925292969,0.8040885925292969,0.8040885925292969,256.0,0.12800000607967377
fedavg,fedavg,510|859,510|859,2,859,data_2000_4_1.5_chordal,best_global_test_task,test,cycle6,62,,,,,,,,,,2000,85.0,211.0,1677.0,27.0,0.28716216216216217,0.7589285714285714,0.4166666865348816,0.4166666865348816,0.4166666865348816,112.0,0.0560000017285347
