run_type,algorithm,subset_id,subset_clients,seed,graph_id,dataset_id,phase,split,task,round,local_epoch,train_loss,eval_loss,pair_acc,subset_acc,micro_f1,macro_f1,macro_pos_f1,macro_minority_f1,num_nodes,tp,fp,tn,fn,precision,recall,f1,positive_f1,minority_f1,pos_cnt,pos_rate
fedavg,fedavg,49|374,49|374,2,49,data_2000_3_6.5_chordal,train_epoch,train,,1,1.0,1.013694932460785,,,,,,,,2000,,,,,,,,,,,
fedavg,fedavg,49|374,49|374,2,49,data_2000_3_6.5_chordal,train_epoch,train,,1,2.0,0.6601774715185166,,,,,,,,2000,,,,,,,,,,,
fedavg,fedavg,49|374,49|374,2,49,data_2000_3_6.5_chordal,train_epoch,train,,1,3.0,0.5315493779182434,,,,,,,,2000,,,,,,,,,,,
fedavg,fedavg,49|374,49|374,2,49,data_2000_3_6.5_chordal,val_epoch,val,,1,,,0.5857726900577546,0.8292,0.6800000071525574,0.5066435586366262,0.508466362953186,0.508466362953186,0.508466362953186,2000,,,,,,,,,,,
fedavg,fedavg,49|374,49|374,2,49,data_2000_3_6.5_chordal,val_epoch_task,val,cycle2,1,,,,,,,,,,2000,182.0,252.0,1566.0,0.0,0.41935483870967744,1.0,0.5909090638160706,0.5909090638160706,0.5909090638160706,182.0,0.09099999815225601
fedavg,fedavg,49|374,49|374,2,49,data_2000_3_6.5_chordal,val_epoch_task,val,cycle3,1,,,,,,,,,,2000,191.0,370.0,1437.0,2.0,0.3404634581105169,0.9896373056994818,0.5066313147544861,0.5066313147544861,0.5066313147544861,193.0,0.09650000184774399
fedavg,fedavg,49|374,49|374,2,49,data_2000_3_6.5_chordal,val_epoch_task,val,cycle4,1,,,,,,,,,,2000,173.0,392.0,1434.0,1.0,0.30619469026548674,0.9942528735632183,0.4682002663612366,0.4682002663612366,0.4682002663612366,174.0,0.08699999749660492
fedavg,fedavg,49|374,49|374,2,49,data_2000_3_6.5_chordal,val_epoch_task,val,cycle5,1,,,,,,,,,,2000,182.0,349.0,1457.0,12.0,0.3427495291902072,0.9381443298969072,0.5020689964294434,0.5020689964294434,0.5020689964294434,194.0,0.09700000286102295
fedavg,fedavg,49|374,49|374,2,49,data_2000_3_6.5_chordal,val_epoch_task,val,cycle6,1,,,,,,,,,,2000,149.0,262.0,1521.0,68.0,0.36253041362530414,0.6866359447004609,0.47452226281166077,0.47452226281166077,0.47452226281166077,217.0,0.10849999636411667
fedavg,fedavg,49|374,49|374,2,374,data_2000_3_7.0_chordal,train_epoch,train,,1,1.0,1.0244045157432555,,,,,,,,2000,,,,,,,,,,,
fedavg,fedavg,49|374,49|374,2,374,data_2000_3_7.0_chordal,train_epoch,train,,1,2.0,0.6617877097129822,,,,,,,,2000,,,,,,,,,,,
fedavg,fedavg,49|374,49|374,2,374,data_2000_3_7.0_chordal,train_epoch,train,,1,3.0,0.5501305832862854,,,,,,,,2000,,,,,,,,,,,
fedavg,fedavg,49|374,49|374,2,374,data_2000_3_7.0_chordal,val_epoch,val,,1,,,0.45108635878562925,0.842,0.7260000109672546,0.499683343888537,0.4994252324104309,0.4994252324104309,0.4994252324104309,2000,,,,,,,,,,,
fedavg,fedavg,49|374,49|374,2,374,data_2000_3_7.0_chordal,val_epoch_task,val,cycle2,1,,,,,,,,,,2000,177.0,250.0,1572.0,1.0,0.41451990632318503,0.9943820224719101,0.5851239562034607,0.5851239562034607,0.5851239562034607,178.0,0.08900000154972076
fedavg,fedavg,49|374,49|374,2,374,data_2000_3_7.0_chordal,val_epoch_task,val,cycle3,1,,,,,,,,,,2000,179.0,298.0,1523.0,0.0,0.3752620545073375,1.0,0.5457317233085632,0.5457317233085632,0.5457317233085632,179.0,0.08950000256299973
fedavg,fedavg,49|374,49|374,2,374,data_2000_3_7.0_chordal,val_epoch_task,val,cycle4,1,,,,,,,,,,2000,170.0,297.0,1533.0,0.0,0.3640256959314775,1.0,0.5337519645690918,0.5337519645690918,0.5337519645690918,170.0,0.08500000089406967
fedavg,fedavg,49|374,49|374,2,374,data_2000_3_7.0_chordal,val_epoch_task,val,cycle5,1,,,,,,,,,,2000,148.0,335.0,1499.0,18.0,0.3064182194616977,0.891566265060241,0.45608627796173096,0.45608627796173096,0.45608627796173096,166.0,0.08299999684095383
fedavg,fedavg,49|374,49|374,2,374,data_2000_3_7.0_chordal,val_epoch_task,val,cycle6,1,,,,,,,,,,2000,115.0,349.0,1504.0,32.0,0.2478448275862069,0.782312925170068,0.37643206119537354,0.37643206119537354,0.37643206119537354,147.0,0.07349999994039536
fedavg,fedavg,49|374,49|374,2,49,data_2000_3_6.5_chordal,global_val_client,val,,1,,,1.537684316635132,0.904,0.7145000100135803,0.0,0.0,0.0,0.0,2000,,,,,,,,,,,
fedavg,fedavg,49|374,49|374,2,49,data_2000_3_6.5_chordal,global_val_client_task,val,cycle2,1,,,,,,,,,,2000,0.0,0.0,1818.0,182.0,0.0,0.0,0.0,0.0,0.0,182.0,0.09099999815225601
fedavg,fedavg,49|374,49|374,2,49,data_2000_3_6.5_chordal,global_val_client_task,val,cycle3,1,,,,,,,,,,2000,0.0,0.0,1807.0,193.0,0.0,0.0,0.0,0.0,0.0,193.0,0.09650000184774399
fedavg,fedavg,49|374,49|374,2,49,data_2000_3_6.5_chordal,global_val_client_task,val,cycle4,1,,,,,,,,,,2000,0.0,0.0,1826.0,174.0,0.0,0.0,0.0,0.0,0.0,174.0,0.08699999749660492
fedavg,fedavg,49|374,49|374,2,49,data_2000_3_6.5_chordal,global_val_client_task,val,cycle5,1,,,,,,,,,,2000,0.0,0.0,1806.0,194.0,0.0,0.0,0.0,0.0,0.0,194.0,0.09700000286102295
fedavg,fedavg,49|374,49|374,2,49,data_2000_3_6.5_chordal,global_val_client_task,val,cycle6,1,,,,,,,,,,2000,0.0,0.0,1783.0,217.0,0.0,0.0,0.0,0.0,0.0,217.0,0.10849999636411667
fedavg,fedavg,49|374,49|374,2,374,data_2000_3_7.0_chordal,global_val_client,val,,1,,,1.345000518798828,0.9164,0.7300000190734863,0.009478672985781991,0.010395209304988384,0.010395209304988384,0.010395209304988384,2000,,,,,,,,,,,
fedavg,fedavg,49|374,49|374,2,374,data_2000_3_7.0_chordal,global_val_client_task,val,cycle2,1,,,,,,,,,,2000,0.0,0.0,1822.0,178.0,0.0,0.0,0.0,0.0,0.0,178.0,0.08900000154972076
fedavg,fedavg,49|374,49|374,2,374,data_2000_3_7.0_chordal,global_val_client_task,val,cycle3,1,,,,,,,,,,2000,0.0,0.0,1821.0,179.0,0.0,0.0,0.0,0.0,0.0,179.0,0.08950000256299973
fedavg,fedavg,49|374,49|374,2,374,data_2000_3_7.0_chordal,global_val_client_task,val,cycle4,1,,,,,,,,,,2000,0.0,0.0,1830.0,170.0,0.0,0.0,0.0,0.0,0.0,170.0,0.08500000089406967
fedavg,fedavg,49|374,49|374,2,374,data_2000_3_7.0_chordal,global_val_client_task,val,cycle5,1,,,,,,,,,,2000,1.0,0.0,1834.0,165.0,1.0,0.006024096385542169,0.011976047419011593,0.011976047419011593,0.011976047419011593,166.0,0.08299999684095383
fedavg,fedavg,49|374,49|374,2,374,data_2000_3_7.0_chordal,global_val_client_task,val,cycle6,1,,,,,,,,,,2000,3.0,0.0,1853.0,144.0,1.0,0.02040816326530612,0.03999999910593033,0.03999999910593033,0.03999999910593033,147.0,0.07349999994039536
fedavg,fedavg,49|374,49|374,2,all,all,global_val_mean,val,,1,,,1.44134241771698,0.9102,0.7222500145435333,0.004739336492890996,0.005197604652494192,0.005197604652494192,0.005197604652494192,4000,,,,,,,,,,,
fedavg,fedavg,49|374,49|374,2,49,data_2000_3_6.5_chordal,train_epoch,train,,2,1.0,0.49701304292678833,,,,,,,,2000,,,,,,,,,,,
fedavg,fedavg,49|374,49|374,2,49,data_2000_3_6.5_chordal,train_epoch,train,,2,2.0,0.38322632312774657,,,,,,,,2000,,,,,,,,,,,
fedavg,fedavg,49|374,49|374,2,49,data_2000_3_6.5_chordal,train_epoch,train,,2,3.0,0.32425050806999206,,,,,,,,2000,,,,,,,,,,,
fedavg,fedavg,49|374,49|374,2,49,data_2000_3_6.5_chordal,val_epoch,val,,2,,,0.3687458109855652,0.9251,0.7879999876022339,0.6990759341100845,0.717822253704071,0.717822253704071,0.717822253704071,2000,,,,,,,,,,,
fedavg,fedavg,49|374,49|374,2,49,data_2000_3_6.5_chordal,val_epoch_task,val,cycle2,2,,,,,,,,,,2000,182.0,20.0,1798.0,0.0,0.900990099009901,1.0,0.9479166865348816,0.9479166865348816,0.9479166865348816,182.0,0.09099999815225601
fedavg,fedavg,49|374,49|374,2,49,data_2000_3_6.5_chordal,val_epoch_task,val,cycle3,2,,,,,,,,,,2000,188.0,91.0,1716.0,5.0,0.6738351254480287,0.9740932642487047,0.7966101169586182,0.7966101169586182,0.7966101169586182,193.0,0.09650000184774399
fedavg,fedavg,49|374,49|374,2,49,data_2000_3_6.5_chordal,val_epoch_task,val,cycle4,2,,,,,,,,,,2000,173.0,174.0,1652.0,1.0,0.49855907780979825,0.9942528735632183,0.6641075015068054,0.6641075015068054,0.6641075015068054,174.0,0.08699999749660492
fedavg,fedavg,49|374,49|374,2,49,data_2000_3_6.5_chordal,val_epoch_task,val,cycle5,2,,,,,,,,,,2000,170.0,168.0,1638.0,24.0,0.5029585798816568,0.8762886597938144,0.6390978097915649,0.6390978097915649,0.6390978097915649,194.0,0.09700000286102295
fedavg,fedavg,49|374,49|374,2,49,data_2000_3_6.5_chordal,val_epoch_task,val,cycle6,2,,,,,,,,,,2000,157.0,206.0,1577.0,60.0,0.4325068870523416,0.7235023041474654,0.5413792729377747,0.5413792729377747,0.5413792729377747,217.0,0.10849999636411667
fedavg,fedavg,49|374,49|374,2,374,data_2000_3_7.0_chordal,train_epoch,train,,2,1.0,0.5010258201956749,,,,,,,,2000,,,,,,,,,,,
fedavg,fedavg,49|374,49|374,2,374,data_2000_3_7.0_chordal,train_epoch,train,,2,2.0,0.3924658102989197,,,,,,,,2000,,,,,,,,,,,
fedavg,fedavg,49|374,49|374,2,374,data_2000_3_7.0_chordal,train_epoch,train,,2,3.0,0.3534758951663971,,,,,,,,2000,,,,,,,,,,,
fedavg,fedavg,49|374,49|374,2,374,data_2000_3_7.0_chordal,val_epoch,val,,2,,,0.39305843544006347,0.8832,0.7229999899864197,0.5721611721611722,0.6457358002662659,0.6457358002662659,0.6457358002662659,2000,,,,,,,,,,,
fedavg,fedavg,49|374,49|374,2,374,data_2000_3_7.0_chordal,val_epoch_task,val,cycle2,2,,,,,,,,,,2000,163.0,5.0,1817.0,15.0,0.9702380952380952,0.9157303370786517,0.9421965479850769,0.9421965479850769,0.9421965479850769,178.0,0.08900000154972076
fedavg,fedavg,49|374,49|374,2,374,data_2000_3_7.0_chordal,val_epoch_task,val,cycle3,2,,,,,,,,,,2000,161.0,10.0,1811.0,18.0,0.9415204678362573,0.8994413407821229,0.9199999570846558,0.9199999570846558,0.9199999570846558,179.0,0.08950000256299973
fedavg,fedavg,49|374,49|374,2,374,data_2000_3_7.0_chordal,val_epoch_task,val,cycle4,2,,,,,,,,,,2000,170.0,267.0,1563.0,0.0,0.3890160183066362,1.0,0.5601317882537842,0.5601317882537842,0.5601317882537842,170.0,0.08500000089406967
fedavg,fedavg,49|374,49|374,2,374,data_2000_3_7.0_chordal,val_epoch_task,val,cycle5,2,,,,,,,,,,2000,164.0,373.0,1461.0,2.0,0.3054003724394786,0.9879518072289156,0.4665718674659729,0.4665718674659729,0.4665718674659729,166.0,0.08299999684095383
fedavg,fedavg,49|374,49|374,2,374,data_2000_3_7.0_chordal,val_epoch_task,val,cycle6,2,,,,,,,,,,2000,123.0,454.0,1399.0,24.0,0.21317157712305027,0.8367346938775511,0.33977898955345154,0.33977898955345154,0.33977898955345154,147.0,0.07349999994039536
fedavg,fedavg,49|374,49|374,2,49,data_2000_3_6.5_chordal,global_val_client,val,,2,,,0.4087841444015503,0.9127,0.7620000243186951,0.673888681359731,0.7068774700164795,0.7068774700164795,0.7068774700164795,2000,,,,,,,,,,,
fedavg,fedavg,49|374,49|374,2,49,data_2000_3_6.5_chordal,global_val_client_task,val,cycle2,2,,,,,,,,,,2000,181.0,15.0,1803.0,1.0,0.923469387755102,0.9945054945054945,0.9576719403266907,0.9576719403266907,0.9576719403266907,182.0,0.09099999815225601
fedavg,fedavg,49|374,49|374,2,49,data_2000_3_6.5_chordal,global_val_client_task,val,cycle3,2,,,,,,,,,,2000,190.0,68.0,1739.0,3.0,0.7364341085271318,0.9844559585492227,0.842572033405304,0.842572033405304,0.842572033405304,193.0,0.09650000184774399
fedavg,fedavg,49|374,49|374,2,49,data_2000_3_6.5_chordal,global_val_client_task,val,cycle4,2,,,,,,,,,,2000,174.0,225.0,1601.0,0.0,0.43609022556390975,1.0,0.6073298454284668,0.6073298454284668,0.6073298454284668,174.0,0.08699999749660492
fedavg,fedavg,49|374,49|374,2,49,data_2000_3_6.5_chordal,global_val_client_task,val,cycle5,2,,,,,,,,,,2000,188.0,220.0,1586.0,6.0,0.46078431372549017,0.9690721649484536,0.6245847344398499,0.6245847344398499,0.6245847344398499,194.0,0.09700000286102295
fedavg,fedavg,49|374,49|374,2,49,data_2000_3_6.5_chordal,global_val_client_task,val,cycle6,2,,,,,,,,,,2000,169.0,287.0,1496.0,48.0,0.3706140350877193,0.7788018433179723,0.502228856086731,0.502228856086731,0.502228856086731,217.0,0.10849999636411667
fedavg,fedavg,49|374,49|374,2,374,data_2000_3_7.0_chordal,global_val_client,val,,2,,,0.3415747867822647,0.9116,0.7774999737739563,0.6421052631578947,0.6740167737007141,0.6740167737007141,0.6740167737007141,2000,,,,,,,,,,,
fedavg,fedavg,49|374,49|374,2,374,data_2000_3_7.0_chordal,global_val_client_task,val,cycle2,2,,,,,,,,,,2000,178.0,15.0,1807.0,0.0,0.9222797927461139,1.0,0.9595686793327332,0.9595686793327332,0.9595686793327332,178.0,0.08900000154972076
fedavg,fedavg,49|374,49|374,2,374,data_2000_3_7.0_chordal,global_val_client_task,val,cycle3,2,,,,,,,,,,2000,176.0,70.0,1751.0,3.0,0.7154471544715447,0.9832402234636871,0.8282353281974792,0.8282353281974792,0.8282353281974792,179.0,0.08950000256299973
fedavg,fedavg,49|374,49|374,2,374,data_2000_3_7.0_chordal,global_val_client_task,val,cycle4,2,,,,,,,,,,2000,168.0,208.0,1622.0,2.0,0.44680851063829785,0.9882352941176471,0.6153846383094788,0.6153846383094788,0.6153846383094788,170.0,0.08500000089406967
fedavg,fedavg,49|374,49|374,2,374,data_2000_3_7.0_chordal,global_val_client_task,val,cycle5,2,,,,,,,,,,2000,159.0,222.0,1612.0,7.0,0.41732283464566927,0.9578313253012049,0.5813528895378113,0.5813528895378113,0.5813528895378113,166.0,0.08299999684095383
fedavg,fedavg,49|374,49|374,2,374,data_2000_3_7.0_chordal,global_val_client_task,val,cycle6,2,,,,,,,,,,2000,112.0,322.0,1531.0,35.0,0.25806451612903225,0.7619047619047619,0.3855421841144562,0.3855421841144562,0.3855421841144562,147.0,0.07349999994039536
fedavg,fedavg,49|374,49|374,2,all,all,global_val_mean,val,,2,,,0.3751794655919075,0.9121499999999999,0.7697499990463257,0.6579969722588128,0.6904471218585968,0.6904471218585968,0.6904471218585968,4000,,,,,,,,,,,
fedavg,fedavg,49|374,49|374,2,49,data_2000_3_6.5_chordal,train_epoch,train,,3,1.0,0.3461013324856758,,,,,,,,2000,,,,,,,,,,,
fedavg,fedavg,49|374,49|374,2,49,data_2000_3_6.5_chordal,train_epoch,train,,3,2.0,0.3085106506347656,,,,,,,,2000,,,,,,,,,,,
fedavg,fedavg,49|374,49|374,2,49,data_2000_3_6.5_chordal,train_epoch,train,,3,3.0,0.304056750535965,,,,,,,,2000,,,,,,,,,,,
fedavg,fedavg,49|374,49|374,2,49,data_2000_3_6.5_chordal,val_epoch,val,,3,,,0.27532957458496093,0.9324,0.7935000061988831,0.7325949367088607,0.760759711265564,0.760759711265564,0.760759711265564,2000,,,,,,,,,,,
fedavg,fedavg,49|374,49|374,2,49,data_2000_3_6.5_chordal,val_epoch_task,val,cycle2,3,,,,,,,,,,2000,182.0,12.0,1806.0,0.0,0.9381443298969072,1.0,0.9680851101875305,0.9680851101875305,0.9680851101875305,182.0,0.09099999815225601
fedavg,fedavg,49|374,49|374,2,49,data_2000_3_6.5_chordal,val_epoch_task,val,cycle3,3,,,,,,,,,,2000,193.0,52.0,1755.0,0.0,0.7877551020408163,1.0,0.8812785744667053,0.8812785744667053,0.8812785744667053,193.0,0.09650000184774399
fedavg,fedavg,49|374,49|374,2,49,data_2000_3_6.5_chordal,val_epoch_task,val,cycle4,3,,,,,,,,,,2000,172.0,123.0,1703.0,2.0,0.5830508474576271,0.9885057471264368,0.7334754467010498,0.7334754467010498,0.7334754467010498,174.0,0.08699999749660492
fedavg,fedavg,49|374,49|374,2,49,data_2000_3_6.5_chordal,val_epoch_task,val,cycle5,3,,,,,,,,,,2000,190.0,207.0,1599.0,4.0,0.47858942065491183,0.979381443298969,0.6429780125617981,0.6429780125617981,0.6429780125617981,194.0,0.09700000286102295
fedavg,fedavg,49|374,49|374,2,49,data_2000_3_6.5_chordal,val_epoch_task,val,cycle6,3,,,,,,,,,,2000,189.0,248.0,1535.0,28.0,0.43249427917620137,0.8709677419354839,0.5779816508293152,0.5779816508293152,0.5779816508293152,217.0,0.10849999636411667
fedavg,fedavg,49|374,49|374,2,374,data_2000_3_7.0_chordal,train_epoch,train,,3,1.0,0.35417995452880857,,,,,,,,2000,,,,,,,,,,,
fedavg,fedavg,49|374,49|374,2,374,data_2000_3_7.0_chordal,train_epoch,train,,3,2.0,0.35132556116580965,,,,,,,,2000,,,,,,,,,,,
fedavg,fedavg,49|374,49|374,2,374,data_2000_3_7.0_chordal,train_epoch,train,,3,3.0,0.3122889807224274,,,,,,,,2000,,,,,,,,,,,
fedavg,fedavg,49|374,49|374,2,374,data_2000_3_7.0_chordal,val_epoch,val,,3,,,0.39838729178905485,0.8799,0.6945000290870667,0.5763668430335097,0.5885958075523376,0.5885958075523376,0.5885958075523376,2000,,,,,,,,,,,
fedavg,fedavg,49|374,49|374,2,374,data_2000_3_7.0_chordal,val_epoch_task,val,cycle2,3,,,,,,,,,,2000,178.0,138.0,1684.0,0.0,0.5632911392405063,1.0,0.7206478118896484,0.7206478118896484,0.7206478118896484,178.0,0.08900000154972076
fedavg,fedavg,49|374,49|374,2,374,data_2000_3_7.0_chordal,val_epoch_task,val,cycle3,3,,,,,,,,,,2000,179.0,181.0,1640.0,0.0,0.49722222222222223,1.0,0.6641929745674133,0.6641929745674133,0.6641929745674133,179.0,0.08950000256299973
fedavg,fedavg,49|374,49|374,2,374,data_2000_3_7.0_chordal,val_epoch_task,val,cycle4,3,,,,,,,,,,2000,167.0,182.0,1648.0,3.0,0.4785100286532951,0.9823529411764705,0.6435452699661255,0.6435452699661255,0.6435452699661255,170.0,0.08500000089406967
fedavg,fedavg,49|374,49|374,2,374,data_2000_3_7.0_chordal,val_epoch_task,val,cycle5,3,,,,,,,,,,2000,160.0,308.0,1526.0,6.0,0.3418803418803419,0.963855421686747,0.5047318339347839,0.5047318339347839,0.5047318339347839,166.0,0.08299999684095383
fedavg,fedavg,49|374,49|374,2,374,data_2000_3_7.0_chordal,val_epoch_task,val,cycle6,3,,,,,,,,,,2000,133.0,369.0,1484.0,14.0,0.2649402390438247,0.9047619047619048,0.409861296415329,0.409861296415329,0.409861296415329,147.0,0.07349999994039536
fedavg,fedavg,49|374,49|374,2,49,data_2000_3_6.5_chordal,global_val_client,val,,3,,,0.32667016780376434,0.9131,0.7639999985694885,0.6751401869158878,0.6970723867416382,0.6970723867416382,0.6970723867416382,2000,,,,,,,,,,,
fedavg,fedavg,49|374,49|374,2,49,data_2000_3_6.5_chordal,global_val_client_task,val,cycle2,3,,,,,,,,,,2000,182.0,51.0,1767.0,0.0,0.7811158798283262,1.0,0.8771084547042847,0.8771084547042847,0.8771084547042847,182.0,0.09099999815225601
fedavg,fedavg,49|374,49|374,2,49,data_2000_3_6.5_chordal,global_val_client_task,val,cycle3,3,,,,,,,,,,2000,193.0,83.0,1724.0,0.0,0.6992753623188406,1.0,0.8230277299880981,0.8230277299880981,0.8230277299880981,193.0,0.09650000184774399
fedavg,fedavg,49|374,49|374,2,49,data_2000_3_6.5_chordal,global_val_client_task,val,cycle4,3,,,,,,,,,,2000,174.0,171.0,1655.0,0.0,0.5043478260869565,1.0,0.6705201864242554,0.6705201864242554,0.6705201864242554,174.0,0.08699999749660492
fedavg,fedavg,49|374,49|374,2,49,data_2000_3_6.5_chordal,global_val_client_task,val,cycle5,3,,,,,,,,,,2000,179.0,243.0,1563.0,15.0,0.42417061611374407,0.9226804123711341,0.5811688303947449,0.5811688303947449,0.5811688303947449,194.0,0.09700000286102295
fedavg,fedavg,49|374,49|374,2,49,data_2000_3_6.5_chordal,global_val_client_task,val,cycle6,3,,,,,,,,,,2000,175.0,264.0,1519.0,42.0,0.39863325740318906,0.8064516129032258,0.5335366129875183,0.5335366129875183,0.5335366129875183,217.0,0.10849999636411667
fedavg,fedavg,49|374,49|374,2,374,data_2000_3_7.0_chordal,global_val_client,val,,3,,,0.2670470990538597,0.9185,0.7954999804496765,0.6658466584665846,0.6825389266014099,0.6825389266014099,0.6825389266014099,2000,,,,,,,,,,,
fedavg,fedavg,49|374,49|374,2,374,data_2000_3_7.0_chordal,global_val_client_task,val,cycle2,3,,,,,,,,,,2000,178.0,47.0,1775.0,0.0,0.7911111111111111,1.0,0.8833746910095215,0.8833746910095215,0.8833746910095215,178.0,0.08900000154972076
fedavg,fedavg,49|374,49|374,2,374,data_2000_3_7.0_chordal,global_val_client_task,val,cycle3,3,,,,,,,,,,2000,179.0,100.0,1721.0,0.0,0.6415770609318996,1.0,0.7816594243049622,0.7816594243049622,0.7816594243049622,179.0,0.08950000256299973
fedavg,fedavg,49|374,49|374,2,374,data_2000_3_7.0_chordal,global_val_client_task,val,cycle4,3,,,,,,,,,,2000,170.0,138.0,1692.0,0.0,0.551948051948052,1.0,0.7112970948219299,0.7112970948219299,0.7112970948219299,170.0,0.08500000089406967
fedavg,fedavg,49|374,49|374,2,374,data_2000_3_7.0_chordal,global_val_client_task,val,cycle5,3,,,,,,,,,,2000,161.0,223.0,1611.0,5.0,0.4192708333333333,0.9698795180722891,0.585454523563385,0.585454523563385,0.585454523563385,166.0,0.08299999684095383
fedavg,fedavg,49|374,49|374,2,374,data_2000_3_7.0_chordal,global_val_client_task,val,cycle6,3,,,,,,,,,,2000,124.0,279.0,1574.0,23.0,0.3076923076923077,0.8435374149659864,0.4509090781211853,0.4509090781211853,0.4509090781211853,147.0,0.07349999994039536
fedavg,fedavg,49|374,49|374,2,all,all,global_val_mean,val,,3,,,0.296858633428812,0.9158,0.7797499895095825,0.6704934226912362,0.689805656671524,0.689805656671524,0.689805656671524,4000,,,,,,,,,,,
fedavg,fedavg,49|374,49|374,2,49,data_2000_3_6.5_chordal,train_epoch,train,,4,1.0,0.3143645391464233,,,,,,,,2000,,,,,,,,,,,
fedavg,fedavg,49|374,49|374,2,49,data_2000_3_6.5_chordal,train_epoch,train,,4,2.0,0.29977321898937226,,,,,,,,2000,,,,,,,,,,,
fedavg,fedavg,49|374,49|374,2,49,data_2000_3_6.5_chordal,train_epoch,train,,4,3.0,0.2737562017440796,,,,,,,,2000,,,,,,,,,,,
fedavg,fedavg,49|374,49|374,2,49,data_2000_3_6.5_chordal,val_epoch,val,,4,,,0.36209671807289123,0.8905,0.7434999942779541,0.6306913996627319,0.6571056842803955,0.6571056842803955,0.6571056842803955,2000,,,,,,,,,,,
fedavg,fedavg,49|374,49|374,2,49,data_2000_3_6.5_chordal,val_epoch_task,val,cycle2,4,,,,,,,,,,2000,182.0,41.0,1777.0,0.0,0.8161434977578476,1.0,0.8987654447555542,0.8987654447555542,0.8987654447555542,182.0,0.09099999815225601
fedavg,fedavg,49|374,49|374,2,49,data_2000_3_6.5_chordal,val_epoch_task,val,cycle3,4,,,,,,,,,,2000,193.0,147.0,1660.0,0.0,0.5676470588235294,1.0,0.7242026329040527,0.7242026329040527,0.7242026329040527,193.0,0.09650000184774399
fedavg,fedavg,49|374,49|374,2,49,data_2000_3_6.5_chordal,val_epoch_task,val,cycle4,4,,,,,,,,,,2000,174.0,250.0,1576.0,0.0,0.41037735849056606,1.0,0.5819397568702698,0.5819397568702698,0.5819397568702698,174.0,0.08699999749660492
fedavg,fedavg,49|374,49|374,2,49,data_2000_3_6.5_chordal,val_epoch_task,val,cycle5,4,,,,,,,,,,2000,189.0,313.0,1493.0,5.0,0.37649402390438247,0.9742268041237113,0.5431033968925476,0.5431033968925476,0.5431033968925476,194.0,0.09700000286102295
fedavg,fedavg,49|374,49|374,2,49,data_2000_3_6.5_chordal,val_epoch_task,val,cycle6,4,,,,,,,,,,2000,197.0,319.0,1464.0,20.0,0.3817829457364341,0.9078341013824884,0.5375170707702637,0.5375170707702637,0.5375170707702637,217.0,0.10849999636411667
fedavg,fedavg,49|374,49|374,2,374,data_2000_3_7.0_chordal,train_epoch,train,,4,1.0,0.31391614151000974,,,,,,,,2000,,,,,,,,,,,
fedavg,fedavg,49|374,49|374,2,374,data_2000_3_7.0_chordal,train_epoch,train,,4,2.0,0.26664312481880187,,,,,,,,2000,,,,,,,,,,,
fedavg,fedavg,49|374,49|374,2,374,data_2000_3_7.0_chordal,train_epoch,train,,4,3.0,0.32473590040206907,,,,,,,,2000,,,,,,,,,,,
fedavg,fedavg,49|374,49|374,2,374,data_2000_3_7.0_chordal,val_epoch,val,,4,,,0.26172023671865463,0.9113,0.7825000286102295,0.6522932183457468,0.6854239106178284,0.6854239106178284,0.6854239106178284,2000,,,,,,,,,,,
fedavg,fedavg,49|374,49|374,2,374,data_2000_3_7.0_chordal,val_epoch_task,val,cycle2,4,,,,,,,,,,2000,178.0,12.0,1810.0,0.0,0.9368421052631579,1.0,0.967391312122345,0.967391312122345,0.967391312122345,178.0,0.08900000154972076
fedavg,fedavg,49|374,49|374,2,374,data_2000_3_7.0_chordal,val_epoch_task,val,cycle3,4,,,,,,,,,,2000,179.0,97.0,1724.0,0.0,0.6485507246376812,1.0,0.7868131995201111,0.7868131995201111,0.7868131995201111,179.0,0.08950000256299973
fedavg,fedavg,49|374,49|374,2,374,data_2000_3_7.0_chordal,val_epoch_task,val,cycle4,4,,,,,,,,,,2000,170.0,167.0,1663.0,0.0,0.5044510385756676,1.0,0.6706114411354065,0.6706114411354065,0.6706114411354065,170.0,0.08500000089406967
fedavg,fedavg,49|374,49|374,2,374,data_2000_3_7.0_chordal,val_epoch_task,val,cycle5,4,,,,,,,,,,2000,166.0,262.0,1572.0,0.0,0.3878504672897196,1.0,0.558922529220581,0.558922529220581,0.558922529220581,166.0,0.08299999684095383
fedavg,fedavg,49|374,49|374,2,374,data_2000_3_7.0_chordal,val_epoch_task,val,cycle6,4,,,,,,,,,,2000,139.0,341.0,1512.0,8.0,0.28958333333333336,0.9455782312925171,0.4433811604976654,0.4433811604976654,0.4433811604976654,147.0,0.07349999994039536
fedavg,fedavg,49|374,49|374,2,49,data_2000_3_6.5_chordal,global_val_client,val,,4,,,0.28157120072841646,0.9023,0.7615000009536743,0.6601739130434783,0.6887519955635071,0.6887519955635071,0.6887519955635071,2000,,,,,,,,,,,
fedavg,fedavg,49|374,49|374,2,49,data_2000_3_6.5_chordal,global_val_client_task,val,cycle2,4,,,,,,,,,,2000,182.0,34.0,1784.0,0.0,0.8425925925925926,1.0,0.9145728945732117,0.9145728945732117,0.9145728945732117,182.0,0.09099999815225601
fedavg,fedavg,49|374,49|374,2,49,data_2000_3_6.5_chordal,global_val_client_task,val,cycle3,4,,,,,,,,,,2000,193.0,103.0,1704.0,0.0,0.652027027027027,1.0,0.7893660664558411,0.7893660664558411,0.7893660664558411,193.0,0.09650000184774399
fedavg,fedavg,49|374,49|374,2,49,data_2000_3_6.5_chordal,global_val_client_task,val,cycle4,4,,,,,,,,,,2000,174.0,219.0,1607.0,0.0,0.44274809160305345,1.0,0.6137566566467285,0.6137566566467285,0.6137566566467285,174.0,0.08699999749660492
fedavg,fedavg,49|374,49|374,2,49,data_2000_3_6.5_chordal,global_val_client_task,val,cycle5,4,,,,,,,,,,2000,193.0,297.0,1509.0,1.0,0.39387755102040817,0.9948453608247423,0.5643275380134583,0.5643275380134583,0.5643275380134583,194.0,0.09700000286102295
fedavg,fedavg,49|374,49|374,2,49,data_2000_3_6.5_chordal,global_val_client_task,val,cycle6,4,,,,,,,,,,2000,207.0,313.0,1470.0,10.0,0.39807692307692305,0.9539170506912442,0.5617367625236511,0.5617367625236511,0.5617367625236511,217.0,0.10849999636411667
fedavg,fedavg,49|374,49|374,2,374,data_2000_3_7.0_chordal,global_val_client,val,,4,,,0.2606423134803772,0.8962,0.7710000276565552,0.6149851632047478,0.6462416648864746,0.6462416648864746,0.6462416648864746,2000,,,,,,,,,,,
fedavg,fedavg,49|374,49|374,2,374,data_2000_3_7.0_chordal,global_val_client_task,val,cycle2,4,,,,,,,,,,2000,178.0,30.0,1792.0,0.0,0.8557692307692307,1.0,0.9222798347473145,0.9222798347473145,0.9222798347473145,178.0,0.08900000154972076
fedavg,fedavg,49|374,49|374,2,374,data_2000_3_7.0_chordal,global_val_client_task,val,cycle3,4,,,,,,,,,,2000,179.0,120.0,1701.0,0.0,0.5986622073578596,1.0,0.7489539980888367,0.7489539980888367,0.7489539980888367,179.0,0.08950000256299973
fedavg,fedavg,49|374,49|374,2,374,data_2000_3_7.0_chordal,global_val_client_task,val,cycle4,4,,,,,,,,,,2000,170.0,212.0,1618.0,0.0,0.44502617801047123,1.0,0.6159420609474182,0.6159420609474182,0.6159420609474182,170.0,0.08500000089406967
fedavg,fedavg,49|374,49|374,2,374,data_2000_3_7.0_chordal,global_val_client_task,val,cycle5,4,,,,,,,,,,2000,165.0,307.0,1527.0,1.0,0.3495762711864407,0.9939759036144579,0.517241358757019,0.517241358757019,0.517241358757019,166.0,0.08299999684095383
fedavg,fedavg,49|374,49|374,2,374,data_2000_3_7.0_chordal,global_val_client_task,val,cycle6,4,,,,,,,,,,2000,137.0,358.0,1495.0,10.0,0.2767676767676768,0.9319727891156463,0.426791250705719,0.426791250705719,0.426791250705719,147.0,0.07349999994039536
fedavg,fedavg,49|374,49|374,2,all,all,global_val_mean,val,,4,,,0.2711067571043968,0.89925,0.7662500143051147,0.637579538124113,0.6674968302249908,0.6674968302249908,0.6674968302249908,4000,,,,,,,,,,,
fedavg,fedavg,49|374,49|374,2,49,data_2000_3_6.5_chordal,train_epoch,train,,5,1.0,0.28107522892951964,,,,,,,,2000,,,,,,,,,,,
fedavg,fedavg,49|374,49|374,2,49,data_2000_3_6.5_chordal,train_epoch,train,,5,2.0,0.2757420678138733,,,,,,,,2000,,,,,,,,,,,
fedavg,fedavg,49|374,49|374,2,49,data_2000_3_6.5_chordal,train_epoch,train,,5,3.0,0.2561563346385956,,,,,,,,2000,,,,,,,,,,,
fedavg,fedavg,49|374,49|374,2,49,data_2000_3_6.5_chordal,val_epoch,val,,5,,,0.2966998647451401,0.9224,0.765999972820282,0.7038167938931297,0.7411030530929565,0.7411030530929565,0.7411030530929565,2000,,,,,,,,,,,
fedavg,fedavg,49|374,49|374,2,49,data_2000_3_6.5_chordal,val_epoch_task,val,cycle2,5,,,,,,,,,,2000,182.0,26.0,1792.0,0.0,0.875,1.0,0.9333333373069763,0.9333333373069763,0.9333333373069763,182.0,0.09099999815225601
fedavg,fedavg,49|374,49|374,2,49,data_2000_3_6.5_chordal,val_epoch_task,val,cycle3,5,,,,,,,,,,2000,182.0,14.0,1793.0,11.0,0.9285714285714286,0.9430051813471503,0.9357326626777649,0.9357326626777649,0.9357326626777649,193.0,0.09650000184774399
fedavg,fedavg,49|374,49|374,2,49,data_2000_3_6.5_chordal,val_epoch_task,val,cycle4,5,,,,,,,,,,2000,168.0,156.0,1670.0,6.0,0.5185185185185185,0.9655172413793104,0.6746987700462341,0.6746987700462341,0.6746987700462341,174.0,0.08699999749660492
fedavg,fedavg,49|374,49|374,2,49,data_2000_3_6.5_chordal,val_epoch_task,val,cycle5,5,,,,,,,,,,2000,189.0,265.0,1541.0,5.0,0.41629955947136565,0.9742268041237113,0.5833333134651184,0.5833333134651184,0.5833333134651184,194.0,0.09700000286102295
fedavg,fedavg,49|374,49|374,2,49,data_2000_3_6.5_chordal,val_epoch_task,val,cycle6,5,,,,,,,,,,2000,201.0,277.0,1506.0,16.0,0.4205020920502092,0.9262672811059908,0.5784173011779785,0.5784173011779785,0.5784173011779785,217.0,0.10849999636411667
fedavg,fedavg,49|374,49|374,2,374,data_2000_3_7.0_chordal,train_epoch,train,,5,1.0,0.25653537100553514,,,,,,,,2000,,,,,,,,,,,
fedavg,fedavg,49|374,49|374,2,374,data_2000_3_7.0_chordal,train_epoch,train,,5,2.0,0.2683881646990776,,,,,,,,2000,,,,,,,,,,,
fedavg,fedavg,49|374,49|374,2,374,data_2000_3_7.0_chordal,train_epoch,train,,5,3.0,0.3128156021237373,,,,,,,,2000,,,,,,,,,,,
fedavg,fedavg,49|374,49|374,2,374,data_2000_3_7.0_chordal,val_epoch,val,,5,,,0.3215243513584137,0.8961,0.7494999766349792,0.6121687196715192,0.628095269203186,0.628095269203186,0.628095269203186,2000,,,,,,,,,,,
fedavg,fedavg,49|374,49|374,2,374,data_2000_3_7.0_chordal,val_epoch_task,val,cycle2,5,,,,,,,,,,2000,178.0,150.0,1672.0,0.0,0.5426829268292683,1.0,0.7035573720932007,0.7035573720932007,0.7035573720932007,178.0,0.08900000154972076
fedavg,fedavg,49|374,49|374,2,374,data_2000_3_7.0_chordal,val_epoch_task,val,cycle3,5,,,,,,,,,,2000,175.0,67.0,1754.0,4.0,0.7231404958677686,0.9776536312849162,0.8313539028167725,0.8313539028167725,0.8313539028167725,179.0,0.08950000256299973
fedavg,fedavg,49|374,49|374,2,374,data_2000_3_7.0_chordal,val_epoch_task,val,cycle4,5,,,,,,,,,,2000,169.0,212.0,1618.0,1.0,0.4435695538057743,0.9941176470588236,0.6134300827980042,0.6134300827980042,0.6134300827980042,170.0,0.08500000089406967
fedavg,fedavg,49|374,49|374,2,374,data_2000_3_7.0_chordal,val_epoch_task,val,cycle5,5,,,,,,,,,,2000,163.0,274.0,1560.0,3.0,0.37299771167048057,0.9819277108433735,0.5406301617622375,0.5406301617622375,0.5406301617622375,166.0,0.08299999684095383
fedavg,fedavg,49|374,49|374,2,374,data_2000_3_7.0_chordal,val_epoch_task,val,cycle6,5,,,,,,,,,,2000,135.0,316.0,1537.0,12.0,0.29933481152993346,0.9183673469387755,0.45150503516197205,0.45150503516197205,0.45150503516197205,147.0,0.07349999994039536
fedavg,fedavg,49|374,49|374,2,49,data_2000_3_6.5_chordal,global_val_client,val,,5,,,0.2693476974964142,0.9145,0.7590000033378601,0.688070047427946,0.7241295576095581,0.7241295576095581,0.7241295576095581,2000,,,,,,,,,,,
fedavg,fedavg,49|374,49|374,2,49,data_2000_3_6.5_chordal,global_val_client_task,val,cycle2,5,,,,,,,,,,2000,182.0,23.0,1795.0,0.0,0.8878048780487805,1.0,0.9405684471130371,0.9405684471130371,0.9405684471130371,182.0,0.09099999815225601
fedavg,fedavg,49|374,49|374,2,49,data_2000_3_6.5_chordal,global_val_client_task,val,cycle3,5,,,,,,,,,,2000,193.0,38.0,1769.0,0.0,0.8354978354978355,1.0,0.9103773832321167,0.9103773832321167,0.9103773832321167,193.0,0.09650000184774399
fedavg,fedavg,49|374,49|374,2,49,data_2000_3_6.5_chordal,global_val_client_task,val,cycle4,5,,,,,,,,,,2000,172.0,215.0,1611.0,2.0,0.4444444444444444,0.9885057471264368,0.613190770149231,0.613190770149231,0.613190770149231,174.0,0.08699999749660492
fedavg,fedavg,49|374,49|374,2,49,data_2000_3_6.5_chordal,global_val_client_task,val,cycle5,5,,,,,,,,,,2000,189.0,281.0,1525.0,5.0,0.4021276595744681,0.9742268041237113,0.5692771077156067,0.5692771077156067,0.5692771077156067,194.0,0.09700000286102295
fedavg,fedavg,49|374,49|374,2,49,data_2000_3_6.5_chordal,global_val_client_task,val,cycle6,5,,,,,,,,,,2000,207.0,281.0,1502.0,10.0,0.42418032786885246,0.9539170506912442,0.5872340798377991,0.5872340798377991,0.5872340798377991,217.0,0.10849999636411667
fedavg,fedavg,49|374,49|374,2,374,data_2000_3_7.0_chordal,global_val_client,val,,5,,,0.24372316825389861,0.9173,0.7864999771118164,0.6645030425963488,0.6966160535812378,0.6966160535812378,0.6966160535812378,2000,,,,,,,,,,,
fedavg,fedavg,49|374,49|374,2,374,data_2000_3_7.0_chordal,global_val_client_task,val,cycle2,5,,,,,,,,,,2000,178.0,36.0,1786.0,0.0,0.8317757009345794,1.0,0.90816330909729,0.90816330909729,0.90816330909729,178.0,0.08900000154972076
fedavg,fedavg,49|374,49|374,2,374,data_2000_3_7.0_chordal,global_val_client_task,val,cycle3,5,,,,,,,,,,2000,178.0,29.0,1792.0,1.0,0.8599033816425121,0.994413407821229,0.9222798347473145,0.9222798347473145,0.9222798347473145,179.0,0.08950000256299973
fedavg,fedavg,49|374,49|374,2,374,data_2000_3_7.0_chordal,global_val_client_task,val,cycle4,5,,,,,,,,,,2000,163.0,197.0,1633.0,7.0,0.4527777777777778,0.9588235294117647,0.6150943040847778,0.6150943040847778,0.6150943040847778,170.0,0.08500000089406967
fedavg,fedavg,49|374,49|374,2,374,data_2000_3_7.0_chordal,global_val_client_task,val,cycle5,5,,,,,,,,,,2000,162.0,248.0,1586.0,4.0,0.3951219512195122,0.9759036144578314,0.5625,0.5625,0.5625,166.0,0.08299999684095383
fedavg,fedavg,49|374,49|374,2,374,data_2000_3_7.0_chordal,global_val_client_task,val,cycle6,5,,,,,,,,,,2000,138.0,296.0,1557.0,9.0,0.31797235023041476,0.9387755102040817,0.47504302859306335,0.47504302859306335,0.47504302859306335,147.0,0.07349999994039536
fedavg,fedavg,49|374,49|374,2,all,all,global_val_mean,val,,5,,,0.2565354328751564,0.9158999999999999,0.7727499902248383,0.6762865450121474,0.710372805595398,0.710372805595398,0.710372805595398,4000,,,,,,,,,,,
fedavg,fedavg,49|374,49|374,2,49,data_2000_3_6.5_chordal,train_epoch,train,,6,1.0,0.26070378470420835,,,,,,,,2000,,,,,,,,,,,
fedavg,fedavg,49|374,49|374,2,49,data_2000_3_6.5_chordal,train_epoch,train,,6,2.0,0.23522376477718354,,,,,,,,2000,,,,,,,,,,,
fedavg,fedavg,49|374,49|374,2,49,data_2000_3_6.5_chordal,train_epoch,train,,6,3.0,0.24652298218011856,,,,,,,,2000,,,,,,,,,,,
fedavg,fedavg,49|374,49|374,2,49,data_2000_3_6.5_chordal,val_epoch,val,,6,,,0.49620134675502775,0.9418,0.8069999814033508,0.7424778761061946,0.7619773745536804,0.7619773745536804,0.7619773745536804,2000,,,,,,,,,,,
fedavg,fedavg,49|374,49|374,2,49,data_2000_3_6.5_chordal,val_epoch_task,val,cycle2,6,,,,,,,,,,2000,182.0,21.0,1797.0,0.0,0.896551724137931,1.0,0.9454545378684998,0.9454545378684998,0.9454545378684998,182.0,0.09099999815225601
fedavg,fedavg,49|374,49|374,2,49,data_2000_3_6.5_chordal,val_epoch_task,val,cycle3,6,,,,,,,,,,2000,186.0,25.0,1782.0,7.0,0.8815165876777251,0.9637305699481865,0.9207920432090759,0.9207920432090759,0.9207920432090759,193.0,0.09650000184774399
fedavg,fedavg,49|374,49|374,2,49,data_2000_3_6.5_chordal,val_epoch_task,val,cycle4,6,,,,,,,,,,2000,167.0,93.0,1733.0,7.0,0.6423076923076924,0.9597701149425287,0.7695853114128113,0.7695853114128113,0.7695853114128113,174.0,0.08699999749660492
fedavg,fedavg,49|374,49|374,2,49,data_2000_3_6.5_chordal,val_epoch_task,val,cycle5,6,,,,,,,,,,2000,168.0,151.0,1655.0,26.0,0.5266457680250783,0.865979381443299,0.6549707651138306,0.6549707651138306,0.6549707651138306,194.0,0.09700000286102295
fedavg,fedavg,49|374,49|374,2,49,data_2000_3_6.5_chordal,val_epoch_task,val,cycle6,6,,,,,,,,,,2000,136.0,171.0,1612.0,81.0,0.44299674267100975,0.6267281105990783,0.5190840363502502,0.5190840363502502,0.5190840363502502,217.0,0.10849999636411667
fedavg,fedavg,49|374,49|374,2,374,data_2000_3_7.0_chordal,train_epoch,train,,6,1.0,0.2829963556528091,,,,,,,,2000,,,,,,,,,,,
fedavg,fedavg,49|374,49|374,2,374,data_2000_3_7.0_chordal,train_epoch,train,,6,2.0,0.24133391726016998,,,,,,,,2000,,,,,,,,,,,
fedavg,fedavg,49|374,49|374,2,374,data_2000_3_7.0_chordal,train_epoch,train,,6,3.0,0.22095258408784865,,,,,,,,2000,,,,,,,,,,,
fedavg,fedavg,49|374,49|374,2,374,data_2000_3_7.0_chordal,val_epoch,val,,6,,,0.21434396088123323,0.9416,0.8320000171661377,0.7352674524025384,0.7568844556808472,0.7568844556808472,0.7568844556808472,2000,,,,,,,,,,,
fedavg,fedavg,49|374,49|374,2,374,data_2000_3_7.0_chordal,val_epoch_task,val,cycle2,6,,,,,,,,,,2000,178.0,15.0,1807.0,0.0,0.9222797927461139,1.0,0.9595686793327332,0.9595686793327332,0.9595686793327332,178.0,0.08900000154972076
fedavg,fedavg,49|374,49|374,2,374,data_2000_3_7.0_chordal,val_epoch_task,val,cycle3,6,,,,,,,,,,2000,178.0,56.0,1765.0,1.0,0.7606837606837606,0.994413407821229,0.8619855046272278,0.8619855046272278,0.8619855046272278,179.0,0.08950000256299973
fedavg,fedavg,49|374,49|374,2,374,data_2000_3_7.0_chordal,val_epoch_task,val,cycle4,6,,,,,,,,,,2000,169.0,66.0,1764.0,1.0,0.7191489361702128,0.9941176470588236,0.8345678448677063,0.8345678448677063,0.8345678448677063,170.0,0.08500000089406967
fedavg,fedavg,49|374,49|374,2,374,data_2000_3_7.0_chordal,val_epoch_task,val,cycle5,6,,,,,,,,,,2000,159.0,172.0,1662.0,7.0,0.48036253776435045,0.9578313253012049,0.6398390531539917,0.6398390531539917,0.6398390531539917,166.0,0.08299999684095383
fedavg,fedavg,49|374,49|374,2,374,data_2000_3_7.0_chordal,val_epoch_task,val,cycle6,6,,,,,,,,,,2000,127.0,246.0,1607.0,20.0,0.34048257372654156,0.8639455782312925,0.4884614944458008,0.4884614944458008,0.4884614944458008,147.0,0.07349999994039536
fedavg,fedavg,49|374,49|374,2,49,data_2000_3_6.5_chordal,global_val_client,val,,6,,,0.32728766596317294,0.9363,0.8019999861717224,0.736231884057971,0.7610203623771667,0.7610203623771667,0.7610203623771667,2000,,,,,,,,,,,
fedavg,fedavg,49|374,49|374,2,49,data_2000_3_6.5_chordal,global_val_client_task,val,cycle2,6,,,,,,,,,,2000,182.0,25.0,1793.0,0.0,0.8792270531400966,1.0,0.9357326626777649,0.9357326626777649,0.9357326626777649,182.0,0.09099999815225601
fedavg,fedavg,49|374,49|374,2,49,data_2000_3_6.5_chordal,global_val_client_task,val,cycle3,6,,,,,,,,,,2000,189.0,39.0,1768.0,4.0,0.8289473684210527,0.9792746113989638,0.8978621959686279,0.8978621959686279,0.8978621959686279,193.0,0.09650000184774399
fedavg,fedavg,49|374,49|374,2,49,data_2000_3_6.5_chordal,global_val_client_task,val,cycle4,6,,,,,,,,,,2000,172.0,97.0,1729.0,2.0,0.6394052044609665,0.9885057471264368,0.7765237092971802,0.7765237092971802,0.7765237092971802,174.0,0.08699999749660492
fedavg,fedavg,49|374,49|374,2,49,data_2000_3_6.5_chordal,global_val_client_task,val,cycle5,6,,,,,,,,,,2000,178.0,183.0,1623.0,16.0,0.4930747922437673,0.9175257731958762,0.6414414644241333,0.6414414644241333,0.6414414644241333,194.0,0.09700000286102295
fedavg,fedavg,49|374,49|374,2,49,data_2000_3_6.5_chordal,global_val_client_task,val,cycle6,6,,,,,,,,,,2000,168.0,222.0,1561.0,49.0,0.4307692307692308,0.7741935483870968,0.5535420179367065,0.5535420179367065,0.5535420179367065,217.0,0.10849999636411667
fedavg,fedavg,49|374,49|374,2,374,data_2000_3_7.0_chordal,global_val_client,val,,6,,,0.22872840571403502,0.9406,0.8234999775886536,0.7282708142726442,0.7495636940002441,0.7495636940002441,0.7495636940002441,2000,,,,,,,,,,,
fedavg,fedavg,49|374,49|374,2,374,data_2000_3_7.0_chordal,global_val_client_task,val,cycle2,6,,,,,,,,,,2000,178.0,16.0,1806.0,0.0,0.9175257731958762,1.0,0.9569892287254333,0.9569892287254333,0.9569892287254333,178.0,0.08900000154972076
fedavg,fedavg,49|374,49|374,2,374,data_2000_3_7.0_chordal,global_val_client_task,val,cycle3,6,,,,,,,,,,2000,176.0,36.0,1785.0,3.0,0.8301886792452831,0.9832402234636871,0.9002557992935181,0.9002557992935181,0.9002557992935181,179.0,0.08950000256299973
fedavg,fedavg,49|374,49|374,2,374,data_2000_3_7.0_chordal,global_val_client_task,val,cycle4,6,,,,,,,,,,2000,167.0,86.0,1744.0,3.0,0.6600790513833992,0.9823529411764705,0.7895981073379517,0.7895981073379517,0.7895981073379517,170.0,0.08500000089406967
fedavg,fedavg,49|374,49|374,2,374,data_2000_3_7.0_chordal,global_val_client_task,val,cycle5,6,,,,,,,,,,2000,157.0,174.0,1660.0,9.0,0.4743202416918429,0.9457831325301205,0.6317907571792603,0.6317907571792603,0.6317907571792603,166.0,0.08299999684095383
fedavg,fedavg,49|374,49|374,2,374,data_2000_3_7.0_chordal,global_val_client_task,val,cycle6,6,,,,,,,,,,2000,118.0,238.0,1615.0,29.0,0.33146067415730335,0.8027210884353742,0.469184935092926,0.469184935092926,0.469184935092926,147.0,0.07349999994039536
fedavg,fedavg,49|374,49|374,2,all,all,global_val_mean,val,,6,,,0.27800803583860395,0.93845,0.812749981880188,0.7322513491653077,0.7552920281887054,0.7552920281887054,0.7552920281887054,4000,,,,,,,,,,,
fedavg,fedavg,49|374,49|374,2,49,data_2000_3_6.5_chordal,train_epoch,train,,7,1.0,0.23363949251174926,,,,,,,,2000,,,,,,,,,,,
fedavg,fedavg,49|374,49|374,2,49,data_2000_3_6.5_chordal,train_epoch,train,,7,2.0,0.24044849783182143,,,,,,,,2000,,,,,,,,,,,
fedavg,fedavg,49|374,49|374,2,49,data_2000_3_6.5_chordal,train_epoch,train,,7,3.0,0.21716132640838623,,,,,,,,2000,,,,,,,,,,,
fedavg,fedavg,49|374,49|374,2,49,data_2000_3_6.5_chordal,val_epoch,val,,7,,,0.2795215478539467,0.9369,0.7994999885559082,0.7446377984621609,0.7702743411064148,0.7702743411064148,0.7702743411064148,2000,,,,,,,,,,,
fedavg,fedavg,49|374,49|374,2,49,data_2000_3_6.5_chordal,val_epoch_task,val,cycle2,7,,,,,,,,,,2000,182.0,13.0,1805.0,0.0,0.9333333333333333,1.0,0.9655172228813171,0.9655172228813171,0.9655172228813171,182.0,0.09099999815225601
fedavg,fedavg,49|374,49|374,2,49,data_2000_3_6.5_chordal,val_epoch_task,val,cycle3,7,,,,,,,,,,2000,192.0,39.0,1768.0,1.0,0.8311688311688312,0.9948186528497409,0.9056603312492371,0.9056603312492371,0.9056603312492371,193.0,0.09650000184774399
fedavg,fedavg,49|374,49|374,2,49,data_2000_3_6.5_chordal,val_epoch_task,val,cycle4,7,,,,,,,,,,2000,172.0,121.0,1705.0,2.0,0.5870307167235495,0.9885057471264368,0.7366166710853577,0.7366166710853577,0.7366166710853577,174.0,0.08699999749660492
fedavg,fedavg,49|374,49|374,2,49,data_2000_3_6.5_chordal,val_epoch_task,val,cycle5,7,,,,,,,,,,2000,186.0,217.0,1589.0,8.0,0.46153846153846156,0.9587628865979382,0.623115599155426,0.623115599155426,0.623115599155426,194.0,0.09700000286102295
fedavg,fedavg,49|374,49|374,2,49,data_2000_3_6.5_chordal,val_epoch_task,val,cycle6,7,,,,,,,,,,2000,188.0,201.0,1582.0,29.0,0.4832904884318766,0.8663594470046083,0.6204620599746704,0.6204620599746704,0.6204620599746704,217.0,0.10849999636411667
fedavg,fedavg,49|374,49|374,2,374,data_2000_3_7.0_chordal,train_epoch,train,,7,1.0,0.2733650553226471,,,,,,,,2000,,,,,,,,,,,
fedavg,fedavg,49|374,49|374,2,374,data_2000_3_7.0_chordal,train_epoch,train,,7,2.0,0.25214292347431183,,,,,,,,2000,,,,,,,,,,,
fedavg,fedavg,49|374,49|374,2,374,data_2000_3_7.0_chordal,train_epoch,train,,7,3.0,0.24166227984428407,,,,,,,,2000,,,,,,,,,,,
fedavg,fedavg,49|374,49|374,2,374,data_2000_3_7.0_chordal,val_epoch,val,,7,,,0.22970963072776795,0.9484,0.8379999995231628,0.7556818181818181,0.7803075909614563,0.7803075909614563,0.7803075909614563,2000,,,,,,,,,,,
fedavg,fedavg,49|374,49|374,2,374,data_2000_3_7.0_chordal,val_epoch_task,val,cycle2,7,,,,,,,,,,2000,178.0,10.0,1812.0,0.0,0.9468085106382979,1.0,0.9726775884628296,0.9726775884628296,0.9726775884628296,178.0,0.08900000154972076
fedavg,fedavg,49|374,49|374,2,374,data_2000_3_7.0_chordal,val_epoch_task,val,cycle3,7,,,,,,,,,,2000,177.0,9.0,1812.0,2.0,0.9516129032258065,0.9888268156424581,0.9698629975318909,0.9698629975318909,0.9698629975318909,179.0,0.08950000256299973
fedavg,fedavg,49|374,49|374,2,374,data_2000_3_7.0_chordal,val_epoch_task,val,cycle4,7,,,,,,,,,,2000,160.0,71.0,1759.0,10.0,0.6926406926406926,0.9411764705882353,0.7980049848556519,0.7980049848556519,0.7980049848556519,170.0,0.08500000089406967
fedavg,fedavg,49|374,49|374,2,374,data_2000_3_7.0_chordal,val_epoch_task,val,cycle5,7,,,,,,,,,,2000,146.0,150.0,1684.0,20.0,0.49324324324324326,0.8795180722891566,0.6320346593856812,0.6320346593856812,0.6320346593856812,166.0,0.08299999684095383
fedavg,fedavg,49|374,49|374,2,374,data_2000_3_7.0_chordal,val_epoch_task,val,cycle6,7,,,,,,,,,,2000,137.0,234.0,1619.0,10.0,0.3692722371967655,0.9319727891156463,0.5289575457572937,0.5289575457572937,0.5289575457572937,147.0,0.07349999994039536
fedavg,fedavg,49|374,49|374,2,49,data_2000_3_6.5_chordal,global_val_client,val,,7,,,0.2424260241985321,0.9333,0.7944999933242798,0.737504919323101,0.7669902443885803,0.7669902443885803,0.7669902443885803,2000,,,,,,,,,,,
fedavg,fedavg,49|374,49|374,2,49,data_2000_3_6.5_chordal,global_val_client_task,val,cycle2,7,,,,,,,,,,2000,182.0,17.0,1801.0,0.0,0.914572864321608,1.0,0.9553805589675903,0.9553805589675903,0.9553805589675903,182.0,0.09099999815225601
fedavg,fedavg,49|374,49|374,2,49,data_2000_3_6.5_chordal,global_val_client_task,val,cycle3,7,,,,,,,,,,2000,189.0,29.0,1778.0,4.0,0.8669724770642202,0.9792746113989638,0.9197080731391907,0.9197080731391907,0.9197080731391907,193.0,0.09650000184774399
fedavg,fedavg,49|374,49|374,2,49,data_2000_3_6.5_chordal,global_val_client_task,val,cycle4,7,,,,,,,,,,2000,172.0,132.0,1694.0,2.0,0.5657894736842105,0.9885057471264368,0.7196652293205261,0.7196652293205261,0.7196652293205261,174.0,0.08699999749660492
fedavg,fedavg,49|374,49|374,2,49,data_2000_3_6.5_chordal,global_val_client_task,val,cycle5,7,,,,,,,,,,2000,190.0,226.0,1580.0,4.0,0.4567307692307692,0.979381443298969,0.6229508519172668,0.6229508519172668,0.6229508519172668,194.0,0.09700000286102295
fedavg,fedavg,49|374,49|374,2,49,data_2000_3_6.5_chordal,global_val_client_task,val,cycle6,7,,,,,,,,,,2000,204.0,240.0,1543.0,13.0,0.4594594594594595,0.9400921658986175,0.6172465682029724,0.6172465682029724,0.6172465682029724,217.0,0.10849999636411667
fedavg,fedavg,49|374,49|374,2,374,data_2000_3_7.0_chordal,global_val_client,val,,7,,,0.17163678288459777,0.9438,0.8309999704360962,0.7450090744101633,0.7726088166236877,0.7726088166236877,0.7726088166236877,2000,,,,,,,,,,,
fedavg,fedavg,49|374,49|374,2,374,data_2000_3_7.0_chordal,global_val_client_task,val,cycle2,7,,,,,,,,,,2000,178.0,2.0,1820.0,0.0,0.9888888888888889,1.0,0.9944133758544922,0.9944133758544922,0.9944133758544922,178.0,0.08900000154972076
fedavg,fedavg,49|374,49|374,2,374,data_2000_3_7.0_chordal,global_val_client_task,val,cycle3,7,,,,,,,,,,2000,178.0,26.0,1795.0,1.0,0.8725490196078431,0.994413407821229,0.9295039176940918,0.9295039176940918,0.9295039176940918,179.0,0.08950000256299973
fedavg,fedavg,49|374,49|374,2,374,data_2000_3_7.0_chordal,global_val_client_task,val,cycle4,7,,,,,,,,,,2000,169.0,82.0,1748.0,1.0,0.6733067729083665,0.9941176470588236,0.8028503060340881,0.8028503060340881,0.8028503060340881,170.0,0.08500000089406967
fedavg,fedavg,49|374,49|374,2,374,data_2000_3_7.0_chordal,global_val_client_task,val,cycle5,7,,,,,,,,,,2000,159.0,196.0,1638.0,7.0,0.447887323943662,0.9578313253012049,0.6103646755218506,0.6103646755218506,0.6103646755218506,166.0,0.08299999684095383
fedavg,fedavg,49|374,49|374,2,374,data_2000_3_7.0_chordal,global_val_client_task,val,cycle6,7,,,,,,,,,,2000,137.0,237.0,1616.0,10.0,0.3663101604278075,0.9319727891156463,0.5259116888046265,0.5259116888046265,0.5259116888046265,147.0,0.07349999994039536
fedavg,fedavg,49|374,49|374,2,all,all,global_val_mean,val,,7,,,0.20703140354156493,0.93855,0.812749981880188,0.7412569968666322,0.769799530506134,0.769799530506134,0.769799530506134,4000,,,,,,,,,,,
fedavg,fedavg,49|374,49|374,2,49,data_2000_3_6.5_chordal,train_epoch,train,,8,1.0,0.2592805224657059,,,,,,,,2000,,,,,,,,,,,
fedavg,fedavg,49|374,49|374,2,49,data_2000_3_6.5_chordal,train_epoch,train,,8,2.0,0.23384337091445923,,,,,,,,2000,,,,,,,,,,,
fedavg,fedavg,49|374,49|374,2,49,data_2000_3_6.5_chordal,train_epoch,train,,8,3.0,0.22446655428409576,,,,,,,,2000,,,,,,,,,,,
fedavg,fedavg,49|374,49|374,2,49,data_2000_3_6.5_chordal,val_epoch,val,,8,,,0.30114983797073364,0.8891,0.7135000228881836,0.6326598211328255,0.6826819181442261,0.6826819181442261,0.6826819181442261,2000,,,,,,,,,,,
fedavg,fedavg,49|374,49|374,2,49,data_2000_3_6.5_chordal,val_epoch_task,val,cycle2,8,,,,,,,,,,2000,182.0,41.0,1777.0,0.0,0.8161434977578476,1.0,0.8987654447555542,0.8987654447555542,0.8987654447555542,182.0,0.09099999815225601
fedavg,fedavg,49|374,49|374,2,49,data_2000_3_6.5_chordal,val_epoch_task,val,cycle3,8,,,,,,,,,,2000,188.0,33.0,1774.0,5.0,0.8506787330316742,0.9740932642487047,0.9082125425338745,0.9082125425338745,0.9082125425338745,193.0,0.09650000184774399
fedavg,fedavg,49|374,49|374,2,49,data_2000_3_6.5_chordal,val_epoch_task,val,cycle4,8,,,,,,,,,,2000,174.0,253.0,1573.0,0.0,0.40749414519906324,1.0,0.5790349245071411,0.5790349245071411,0.5790349245071411,174.0,0.08699999749660492
fedavg,fedavg,49|374,49|374,2,49,data_2000_3_6.5_chordal,val_epoch_task,val,cycle5,8,,,,,,,,,,2000,194.0,383.0,1423.0,0.0,0.3362218370883882,1.0,0.503242552280426,0.503242552280426,0.503242552280426,194.0,0.09700000286102295
fedavg,fedavg,49|374,49|374,2,49,data_2000_3_6.5_chordal,val_epoch_task,val,cycle6,8,,,,,,,,,,2000,217.0,394.0,1389.0,0.0,0.35515548281505727,1.0,0.524154543876648,0.524154543876648,0.524154543876648,217.0,0.10849999636411667
fedavg,fedavg,49|374,49|374,2,374,data_2000_3_7.0_chordal,train_epoch,train,,8,1.0,0.2725878468751907,,,,,,,,2000,,,,,,,,,,,
fedavg,fedavg,49|374,49|374,2,374,data_2000_3_7.0_chordal,train_epoch,train,,8,2.0,0.23889996641874314,,,,,,,,2000,,,,,,,,,,,
fedavg,fedavg,49|374,49|374,2,374,data_2000_3_7.0_chordal,train_epoch,train,,8,3.0,0.2363170894384384,,,,,,,,2000,,,,,,,,,,,
fedavg,fedavg,49|374,49|374,2,374,data_2000_3_7.0_chordal,val_epoch,val,,8,,,0.22379224401712416,0.9221,0.7774999737739563,0.6798191533086724,0.7234541773796082,0.7234541773796082,0.7234541773796082,2000,,,,,,,,,,,
fedavg,fedavg,49|374,49|374,2,374,data_2000_3_7.0_chordal,val_epoch_task,val,cycle2,8,,,,,,,,,,2000,178.0,21.0,1801.0,0.0,0.8944723618090452,1.0,0.9442970752716064,0.9442970752716064,0.9442970752716064,178.0,0.08900000154972076
fedavg,fedavg,49|374,49|374,2,374,data_2000_3_7.0_chordal,val_epoch_task,val,cycle3,8,,,,,,,,,,2000,177.0,18.0,1803.0,2.0,0.9076923076923077,0.9888268156424581,0.9465240836143494,0.9465240836143494,0.9465240836143494,179.0,0.08950000256299973
fedavg,fedavg,49|374,49|374,2,374,data_2000_3_7.0_chordal,val_epoch_task,val,cycle4,8,,,,,,,,,,2000,163.0,124.0,1706.0,7.0,0.5679442508710801,0.9588235294117647,0.7133479118347168,0.7133479118347168,0.7133479118347168,170.0,0.08500000089406967
fedavg,fedavg,49|374,49|374,2,374,data_2000_3_7.0_chordal,val_epoch_task,val,cycle5,8,,,,,,,,,,2000,165.0,258.0,1576.0,1.0,0.3900709219858156,0.9939759036144579,0.560271680355072,0.560271680355072,0.560271680355072,166.0,0.08299999684095383
fedavg,fedavg,49|374,49|374,2,374,data_2000_3_7.0_chordal,val_epoch_task,val,cycle6,8,,,,,,,,,,2000,144.0,345.0,1508.0,3.0,0.294478527607362,0.9795918367346939,0.4528301954269409,0.4528301954269409,0.4528301954269409,147.0,0.07349999994039536
fedavg,fedavg,49|374,49|374,2,49,data_2000_3_6.5_chordal,global_val_client,val,,8,,,0.2413137011528015,0.9095,0.7369999885559082,0.6794190577399929,0.7313803434371948,0.7313803434371948,0.7313803434371948,2000,,,,,,,,,,,
fedavg,fedavg,49|374,49|374,2,49,data_2000_3_6.5_chordal,global_val_client_task,val,cycle2,8,,,,,,,,,,2000,182.0,13.0,1805.0,0.0,0.9333333333333333,1.0,0.9655172228813171,0.9655172228813171,0.9655172228813171,182.0,0.09099999815225601
fedavg,fedavg,49|374,49|374,2,49,data_2000_3_6.5_chordal,global_val_client_task,val,cycle3,8,,,,,,,,,,2000,193.0,21.0,1786.0,0.0,0.9018691588785047,1.0,0.9484029412269592,0.9484029412269592,0.9484029412269592,193.0,0.09650000184774399
fedavg,fedavg,49|374,49|374,2,49,data_2000_3_6.5_chordal,global_val_client_task,val,cycle4,8,,,,,,,,,,2000,173.0,181.0,1645.0,1.0,0.4887005649717514,0.9942528735632183,0.6553030014038086,0.6553030014038086,0.6553030014038086,174.0,0.08699999749660492
fedavg,fedavg,49|374,49|374,2,49,data_2000_3_6.5_chordal,global_val_client_task,val,cycle5,8,,,,,,,,,,2000,194.0,330.0,1476.0,0.0,0.3702290076335878,1.0,0.5403899550437927,0.5403899550437927,0.5403899550437927,194.0,0.09700000286102295
fedavg,fedavg,49|374,49|374,2,49,data_2000_3_6.5_chordal,global_val_client_task,val,cycle6,8,,,,,,,,,,2000,217.0,359.0,1424.0,0.0,0.3767361111111111,1.0,0.5472887754440308,0.5472887754440308,0.5472887754440308,217.0,0.10849999636411667
fedavg,fedavg,49|374,49|374,2,374,data_2000_3_7.0_chordal,global_val_client,val,,8,,,0.23099241149425506,0.9049,0.7584999799728394,0.6366068016813144,0.6835285425186157,0.6835285425186157,0.6835285425186157,2000,,,,,,,,,,,
fedavg,fedavg,49|374,49|374,2,374,data_2000_3_7.0_chordal,global_val_client_task,val,cycle2,8,,,,,,,,,,2000,178.0,33.0,1789.0,0.0,0.8436018957345972,1.0,0.9151670336723328,0.9151670336723328,0.9151670336723328,178.0,0.08900000154972076
fedavg,fedavg,49|374,49|374,2,374,data_2000_3_7.0_chordal,global_val_client_task,val,cycle3,8,,,,,,,,,,2000,176.0,31.0,1790.0,3.0,0.8502415458937198,0.9832402234636871,0.9119170904159546,0.9119170904159546,0.9119170904159546,179.0,0.08950000256299973
fedavg,fedavg,49|374,49|374,2,374,data_2000_3_7.0_chordal,global_val_client_task,val,cycle4,8,,,,,,,,,,2000,168.0,178.0,1652.0,2.0,0.48554913294797686,0.9882352941176471,0.6511628031730652,0.6511628031730652,0.6511628031730652,170.0,0.08500000089406967
fedavg,fedavg,49|374,49|374,2,374,data_2000_3_7.0_chordal,global_val_client_task,val,cycle5,8,,,,,,,,,,2000,164.0,321.0,1513.0,2.0,0.33814432989690724,0.9879518072289156,0.5038402080535889,0.5038402080535889,0.5038402080535889,166.0,0.08299999684095383
fedavg,fedavg,49|374,49|374,2,374,data_2000_3_7.0_chordal,global_val_client_task,val,cycle6,8,,,,,,,,,,2000,147.0,381.0,1472.0,0.0,0.2784090909090909,1.0,0.4355555474758148,0.4355555474758148,0.4355555474758148,147.0,0.07349999994039536
fedavg,fedavg,49|374,49|374,2,all,all,global_val_mean,val,,8,,,0.2361530563235283,0.9072,0.7477499842643738,0.6580129297106537,0.7074544429779053,0.7074544429779053,0.7074544429779053,4000,,,,,,,,,,,
fedavg,fedavg,49|374,49|374,2,49,data_2000_3_6.5_chordal,train_epoch,train,,9,1.0,0.26036356049776077,,,,,,,,2000,,,,,,,,,,,
fedavg,fedavg,49|374,49|374,2,49,data_2000_3_6.5_chordal,train_epoch,train,,9,2.0,0.25853656923770907,,,,,,,,2000,,,,,,,,,,,
fedavg,fedavg,49|374,49|374,2,49,data_2000_3_6.5_chordal,train_epoch,train,,9,3.0,0.2283237293958664,,,,,,,,2000,,,,,,,,,,,
fedavg,fedavg,49|374,49|374,2,49,data_2000_3_6.5_chordal,val_epoch,val,,9,,,0.2770704436302185,0.9331,0.7914999723434448,0.732934131736527,0.7642804980278015,0.7642804980278015,0.7642804980278015,2000,,,,,,,,,,,
fedavg,fedavg,49|374,49|374,2,49,data_2000_3_6.5_chordal,val_epoch_task,val,cycle2,9,,,,,,,,,,2000,181.0,5.0,1813.0,1.0,0.9731182795698925,0.9945054945054945,0.9836956858634949,0.9836956858634949,0.9836956858634949,182.0,0.09099999815225601
fedavg,fedavg,49|374,49|374,2,49,data_2000_3_6.5_chordal,val_epoch_task,val,cycle3,9,,,,,,,,,,2000,193.0,39.0,1768.0,0.0,0.8318965517241379,1.0,0.9082353115081787,0.9082353115081787,0.9082353115081787,193.0,0.09650000184774399
fedavg,fedavg,49|374,49|374,2,49,data_2000_3_6.5_chordal,val_epoch_task,val,cycle4,9,,,,,,,,,,2000,169.0,124.0,1702.0,5.0,0.5767918088737202,0.9712643678160919,0.7237687706947327,0.7237687706947327,0.7237687706947327,174.0,0.08699999749660492
fedavg,fedavg,49|374,49|374,2,49,data_2000_3_6.5_chordal,val_epoch_task,val,cycle5,9,,,,,,,,,,2000,185.0,222.0,1584.0,9.0,0.45454545454545453,0.9536082474226805,0.6156406402587891,0.6156406402587891,0.6156406402587891,194.0,0.09700000286102295
fedavg,fedavg,49|374,49|374,2,49,data_2000_3_6.5_chordal,val_epoch_task,val,cycle6,9,,,,,,,,,,2000,190.0,237.0,1546.0,27.0,0.4449648711943794,0.8755760368663594,0.5900620818138123,0.5900620818138123,0.5900620818138123,217.0,0.10849999636411667
fedavg,fedavg,49|374,49|374,2,374,data_2000_3_7.0_chordal,train_epoch,train,,9,1.0,0.259991357088089,,,,,,,,2000,,,,,,,,,,,
fedavg,fedavg,49|374,49|374,2,374,data_2000_3_7.0_chordal,train_epoch,train,,9,2.0,0.23072350895404817,,,,,,,,2000,,,,,,,,,,,
fedavg,fedavg,49|374,49|374,2,374,data_2000_3_7.0_chordal,train_epoch,train,,9,3.0,0.23466285640001297,,,,,,,,2000,,,,,,,,,,,
fedavg,fedavg,49|374,49|374,2,374,data_2000_3_7.0_chordal,val_epoch,val,,9,,,0.2739789599776268,0.947,0.8399999737739563,0.7490530303030304,0.7715387940406799,0.7715387940406799,0.7715387940406799,2000,,,,,,,,,,,
fedavg,fedavg,49|374,49|374,2,374,data_2000_3_7.0_chordal,val_epoch_task,val,cycle2,9,,,,,,,,,,2000,166.0,4.0,1818.0,12.0,0.9764705882352941,0.9325842696629213,0.954023003578186,0.954023003578186,0.954023003578186,178.0,0.08900000154972076
fedavg,fedavg,49|374,49|374,2,374,data_2000_3_7.0_chordal,val_epoch_task,val,cycle3,9,,,,,,,,,,2000,177.0,33.0,1788.0,2.0,0.8428571428571429,0.9888268156424581,0.9100257158279419,0.9100257158279419,0.9100257158279419,179.0,0.08950000256299973
fedavg,fedavg,49|374,49|374,2,374,data_2000_3_7.0_chordal,val_epoch_task,val,cycle4,9,,,,,,,,,,2000,158.0,57.0,1773.0,12.0,0.7348837209302326,0.9294117647058824,0.8207792043685913,0.8207792043685913,0.8207792043685913,170.0,0.08500000089406967
fedavg,fedavg,49|374,49|374,2,374,data_2000_3_7.0_chordal,val_epoch_task,val,cycle5,9,,,,,,,,,,2000,153.0,169.0,1665.0,13.0,0.4751552795031056,0.9216867469879518,0.6270492076873779,0.6270492076873779,0.6270492076873779,166.0,0.08299999684095383
fedavg,fedavg,49|374,49|374,2,374,data_2000_3_7.0_chordal,val_epoch_task,val,cycle6,9,,,,,,,,,,2000,137.0,218.0,1635.0,10.0,0.38591549295774646,0.9319727891156463,0.5458167195320129,0.5458167195320129,0.5458167195320129,147.0,0.07349999994039536
fedavg,fedavg,49|374,49|374,2,49,data_2000_3_6.5_chordal,global_val_client,val,,9,,,0.22361616647243499,0.9343,0.7935000061988831,0.7420494699646643,0.7718649506568909,0.7718649506568909,0.7718649506568909,2000,,,,,,,,,,,
fedavg,fedavg,49|374,49|374,2,49,data_2000_3_6.5_chordal,global_val_client_task,val,cycle2,9,,,,,,,,,,2000,182.0,10.0,1808.0,0.0,0.9479166666666666,1.0,0.9732620120048523,0.9732620120048523,0.9732620120048523,182.0,0.09099999815225601
fedavg,fedavg,49|374,49|374,2,49,data_2000_3_6.5_chordal,global_val_client_task,val,cycle3,9,,,,,,,,,,2000,193.0,42.0,1765.0,0.0,0.8212765957446808,1.0,0.9018691182136536,0.9018691182136536,0.9018691182136536,193.0,0.09650000184774399
fedavg,fedavg,49|374,49|374,2,49,data_2000_3_6.5_chordal,global_val_client_task,val,cycle4,9,,,,,,,,,,2000,172.0,117.0,1709.0,2.0,0.5951557093425606,0.9885057471264368,0.7429805397987366,0.7429805397987366,0.7429805397987366,174.0,0.08699999749660492
fedavg,fedavg,49|374,49|374,2,49,data_2000_3_6.5_chordal,global_val_client_task,val,cycle5,9,,,,,,,,,,2000,189.0,234.0,1572.0,5.0,0.44680851063829785,0.9742268041237113,0.6126418709754944,0.6126418709754944,0.6126418709754944,194.0,0.09700000286102295
fedavg,fedavg,49|374,49|374,2,49,data_2000_3_6.5_chordal,global_val_client_task,val,cycle6,9,,,,,,,,,,2000,209.0,239.0,1544.0,8.0,0.46651785714285715,0.9631336405529954,0.6285713911056519,0.6285713911056519,0.6285713911056519,217.0,0.10849999636411667
fedavg,fedavg,49|374,49|374,2,374,data_2000_3_7.0_chordal,global_val_client,val,,9,,,0.18530480659008025,0.948,0.840499997138977,0.7590361445783131,0.7768449783325195,0.7768449783325195,0.7768449783325195,2000,,,,,,,,,,,
fedavg,fedavg,49|374,49|374,2,374,data_2000_3_7.0_chordal,global_val_client_task,val,cycle2,9,,,,,,,,,,2000,178.0,17.0,1805.0,0.0,0.9128205128205128,1.0,0.9544235467910767,0.9544235467910767,0.9544235467910767,178.0,0.08900000154972076
fedavg,fedavg,49|374,49|374,2,374,data_2000_3_7.0_chordal,global_val_client_task,val,cycle3,9,,,,,,,,,,2000,179.0,34.0,1787.0,0.0,0.8403755868544601,1.0,0.9132652878761292,0.9132652878761292,0.9132652878761292,179.0,0.08950000256299973
fedavg,fedavg,49|374,49|374,2,374,data_2000_3_7.0_chordal,global_val_client_task,val,cycle4,9,,,,,,,,,,2000,166.0,71.0,1759.0,4.0,0.70042194092827,0.9764705882352941,0.815724790096283,0.815724790096283,0.815724790096283,170.0,0.08500000089406967
fedavg,fedavg,49|374,49|374,2,374,data_2000_3_7.0_chordal,global_val_client_task,val,cycle5,9,,,,,,,,,,2000,163.0,164.0,1670.0,3.0,0.4984709480122324,0.9819277108433735,0.6612576246261597,0.6612576246261597,0.6612576246261597,166.0,0.08299999684095383
fedavg,fedavg,49|374,49|374,2,374,data_2000_3_7.0_chordal,global_val_client_task,val,cycle6,9,,,,,,,,,,2000,133.0,213.0,1640.0,14.0,0.38439306358381503,0.9047619047619048,0.539553701877594,0.539553701877594,0.539553701877594,147.0,0.07349999994039536
fedavg,fedavg,49|374,49|374,2,all,all,global_val_mean,val,,9,,,0.20446048653125762,0.94115,0.81700000166893,0.7505428072714888,0.7743549644947052,0.7743549644947052,0.7743549644947052,4000,,,,,,,,,,,
fedavg,fedavg,49|374,49|374,2,49,data_2000_3_6.5_chordal,train_epoch,train,,10,1.0,0.22840181660652162,,,,,,,,2000,,,,,,,,,,,
fedavg,fedavg,49|374,49|374,2,49,data_2000_3_6.5_chordal,train_epoch,train,,10,2.0,0.23425824391841887,,,,,,,,2000,,,,,,,,,,,
fedavg,fedavg,49|374,49|374,2,49,data_2000_3_6.5_chordal,train_epoch,train,,10,3.0,0.211299990773201,,,,,,,,2000,,,,,,,,,,,
fedavg,fedavg,49|374,49|374,2,49,data_2000_3_6.5_chordal,val_epoch,val,,10,,,0.32729155984520913,0.9535,0.8355000019073486,0.7923179991067442,0.8115929365158081,0.8115929365158081,0.8115929365158081,2000,,,,,,,,,,,
fedavg,fedavg,49|374,49|374,2,49,data_2000_3_6.5_chordal,val_epoch_task,val,cycle2,10,,,,,,,,,,2000,180.0,6.0,1812.0,2.0,0.967741935483871,0.989010989010989,0.9782608151435852,0.9782608151435852,0.9782608151435852,182.0,0.09099999815225601
fedavg,fedavg,49|374,49|374,2,49,data_2000_3_6.5_chordal,val_epoch_task,val,cycle3,10,,,,,,,,,,2000,192.0,38.0,1769.0,1.0,0.8347826086956521,0.9948186528497409,0.9078013896942139,0.9078013896942139,0.9078013896942139,193.0,0.09650000184774399
fedavg,fedavg,49|374,49|374,2,49,data_2000_3_6.5_chordal,val_epoch_task,val,cycle4,10,,,,,,,,,,2000,161.0,48.0,1778.0,13.0,0.7703349282296651,0.9252873563218391,0.8407310843467712,0.8407310843467712,0.8407310843467712,174.0,0.08699999749660492
fedavg,fedavg,49|374,49|374,2,49,data_2000_3_6.5_chordal,val_epoch_task,val,cycle5,10,,,,,,,,,,2000,183.0,144.0,1662.0,11.0,0.5596330275229358,0.9432989690721649,0.7024952173233032,0.7024952173233032,0.7024952173233032,194.0,0.09700000286102295
fedavg,fedavg,49|374,49|374,2,49,data_2000_3_6.5_chordal,val_epoch_task,val,cycle6,10,,,,,,,,,,2000,171.0,156.0,1627.0,46.0,0.5229357798165137,0.7880184331797235,0.6286764740943909,0.6286764740943909,0.6286764740943909,217.0,0.10849999636411667
fedavg,fedavg,49|374,49|374,2,374,data_2000_3_7.0_chordal,train_epoch,train,,10,1.0,0.22521675890684129,,,,,,,,2000,,,,,,,,,,,
fedavg,fedavg,49|374,49|374,2,374,data_2000_3_7.0_chordal,train_epoch,train,,10,2.0,0.22959345817565918,,,,,,,,2000,,,,,,,,,,,
fedavg,fedavg,49|374,49|374,2,374,data_2000_3_7.0_chordal,train_epoch,train,,10,3.0,0.2347038700580597,,,,,,,,2000,,,,,,,,,,,
fedavg,fedavg,49|374,49|374,2,374,data_2000_3_7.0_chordal,val_epoch,val,,10,,,0.23938872307538986,0.9167,0.7724999785423279,0.6663996796155387,0.6907182931900024,0.6907182931900024,0.6907182931900024,2000,,,,,,,,,,,
fedavg,fedavg,49|374,49|374,2,374,data_2000_3_7.0_chordal,val_epoch_task,val,cycle2,10,,,,,,,,,,2000,178.0,31.0,1791.0,0.0,0.8516746411483254,1.0,0.91989666223526,0.91989666223526,0.91989666223526,178.0,0.08900000154972076
fedavg,fedavg,49|374,49|374,2,374,data_2000_3_7.0_chordal,val_epoch_task,val,cycle3,10,,,,,,,,,,2000,179.0,100.0,1721.0,0.0,0.6415770609318996,1.0,0.7816594243049622,0.7816594243049622,0.7816594243049622,179.0,0.08950000256299973
fedavg,fedavg,49|374,49|374,2,374,data_2000_3_7.0_chordal,val_epoch_task,val,cycle4,10,,,,,,,,,,2000,170.0,148.0,1682.0,0.0,0.5345911949685535,1.0,0.6967213153839111,0.6967213153839111,0.6967213153839111,170.0,0.08500000089406967
fedavg,fedavg,49|374,49|374,2,374,data_2000_3_7.0_chordal,val_epoch_task,val,cycle5,10,,,,,,,,,,2000,164.0,221.0,1613.0,2.0,0.42597402597402595,0.9879518072289156,0.5952812433242798,0.5952812433242798,0.5952812433242798,166.0,0.08299999684095383
fedavg,fedavg,49|374,49|374,2,374,data_2000_3_7.0_chordal,val_epoch_task,val,cycle6,10,,,,,,,,,,2000,141.0,325.0,1528.0,6.0,0.30257510729613735,0.9591836734693877,0.4600326418876648,0.4600326418876648,0.4600326418876648,147.0,0.07349999994039536
fedavg,fedavg,49|374,49|374,2,49,data_2000_3_6.5_chordal,global_val_client,val,,10,,,0.24300577226281167,0.936,0.8029999732971191,0.7456279809220986,0.7687911987304688,0.7687911987304688,0.7687911987304688,2000,,,,,,,,,,,
fedavg,fedavg,49|374,49|374,2,49,data_2000_3_6.5_chordal,global_val_client_task,val,cycle2,10,,,,,,,,,,2000,182.0,20.0,1798.0,0.0,0.900990099009901,1.0,0.9479166865348816,0.9479166865348816,0.9479166865348816,182.0,0.09099999815225601
fedavg,fedavg,49|374,49|374,2,49,data_2000_3_6.5_chordal,global_val_client_task,val,cycle3,10,,,,,,,,,,2000,193.0,61.0,1746.0,0.0,0.7598425196850394,1.0,0.863534688949585,0.863534688949585,0.863534688949585,193.0,0.09650000184774399
fedavg,fedavg,49|374,49|374,2,49,data_2000_3_6.5_chordal,global_val_client_task,val,cycle4,10,,,,,,,,,,2000,173.0,105.0,1721.0,1.0,0.6223021582733813,0.9942528735632183,0.7654867768287659,0.7654867768287659,0.7654867768287659,174.0,0.08699999749660492
fedavg,fedavg,49|374,49|374,2,49,data_2000_3_6.5_chordal,global_val_client_task,val,cycle5,10,,,,,,,,,,2000,190.0,200.0,1606.0,4.0,0.48717948717948717,0.979381443298969,0.6506849527359009,0.6506849527359009,0.6506849527359009,194.0,0.09700000286102295
fedavg,fedavg,49|374,49|374,2,49,data_2000_3_6.5_chordal,global_val_client_task,val,cycle6,10,,,,,,,,,,2000,200.0,232.0,1551.0,17.0,0.46296296296296297,0.9216589861751152,0.6163328289985657,0.6163328289985657,0.6163328289985657,217.0,0.10849999636411667
fedavg,fedavg,49|374,49|374,2,374,data_2000_3_7.0_chordal,global_val_client,val,,10,,,0.17473837769031525,0.9444,0.8345000147819519,0.7484162895927602,0.7659673690795898,0.7659673690795898,0.7659673690795898,2000,,,,,,,,,,,
fedavg,fedavg,49|374,49|374,2,374,data_2000_3_7.0_chordal,global_val_client_task,val,cycle2,10,,,,,,,,,,2000,178.0,15.0,1807.0,0.0,0.9222797927461139,1.0,0.9595686793327332,0.9595686793327332,0.9595686793327332,178.0,0.08900000154972076
fedavg,fedavg,49|374,49|374,2,374,data_2000_3_7.0_chordal,global_val_client_task,val,cycle3,10,,,,,,,,,,2000,179.0,61.0,1760.0,0.0,0.7458333333333333,1.0,0.854415237903595,0.854415237903595,0.854415237903595,179.0,0.08950000256299973
fedavg,fedavg,49|374,49|374,2,374,data_2000_3_7.0_chordal,global_val_client_task,val,cycle4,10,,,,,,,,,,2000,167.0,74.0,1756.0,3.0,0.6929460580912863,0.9823529411764705,0.8126521110534668,0.8126521110534668,0.8126521110534668,170.0,0.08500000089406967
fedavg,fedavg,49|374,49|374,2,374,data_2000_3_7.0_chordal,global_val_client_task,val,cycle5,10,,,,,,,,,,2000,164.0,166.0,1668.0,2.0,0.49696969696969695,0.9879518072289156,0.6612903475761414,0.6612903475761414,0.6612903475761414,166.0,0.08299999684095383
fedavg,fedavg,49|374,49|374,2,374,data_2000_3_7.0_chordal,global_val_client_task,val,cycle6,10,,,,,,,,,,2000,139.0,227.0,1626.0,8.0,0.3797814207650273,0.9455782312925171,0.5419103503227234,0.5419103503227234,0.5419103503227234,147.0,0.07349999994039536
fedavg,fedavg,49|374,49|374,2,all,all,global_val_mean,val,,10,,,0.20887207497656346,0.9402,0.8187499940395355,0.7470221352574294,0.7673792839050293,0.7673792839050293,0.7673792839050293,4000,,,,,,,,,,,
fedavg,fedavg,49|374,49|374,2,49,data_2000_3_6.5_chordal,train_epoch,train,,11,1.0,0.23045968592166902,,,,,,,,2000,,,,,,,,,,,
fedavg,fedavg,49|374,49|374,2,49,data_2000_3_6.5_chordal,train_epoch,train,,11,2.0,0.24761267995834352,,,,,,,,2000,,,,,,,,,,,
fedavg,fedavg,49|374,49|374,2,49,data_2000_3_6.5_chordal,train_epoch,train,,11,3.0,0.21310136753320694,,,,,,,,2000,,,,,,,,,,,
fedavg,fedavg,49|374,49|374,2,49,data_2000_3_6.5_chordal,val_epoch,val,,11,,,0.23564493310451506,0.9214,0.7620000243186951,0.7062780269058296,0.7395346760749817,0.7395346760749817,0.7395346760749817,2000,,,,,,,,,,,
fedavg,fedavg,49|374,49|374,2,49,data_2000_3_6.5_chordal,val_epoch_task,val,cycle2,11,,,,,,,,,,2000,182.0,22.0,1796.0,0.0,0.8921568627450981,1.0,0.9430051445960999,0.9430051445960999,0.9430051445960999,182.0,0.09099999815225601
fedavg,fedavg,49|374,49|374,2,49,data_2000_3_6.5_chordal,val_epoch_task,val,cycle3,11,,,,,,,,,,2000,193.0,36.0,1771.0,0.0,0.8427947598253275,1.0,0.9146919250488281,0.9146919250488281,0.9146919250488281,193.0,0.09650000184774399
fedavg,fedavg,49|374,49|374,2,49,data_2000_3_6.5_chordal,val_epoch_task,val,cycle4,11,,,,,,,,,,2000,170.0,179.0,1647.0,4.0,0.4871060171919771,0.9770114942528736,0.6500956416130066,0.6500956416130066,0.6500956416130066,174.0,0.08699999749660492
fedavg,fedavg,49|374,49|374,2,49,data_2000_3_6.5_chordal,val_epoch_task,val,cycle5,11,,,,,,,,,,2000,192.0,256.0,1550.0,2.0,0.42857142857142855,0.9896907216494846,0.5981308817863464,0.5981308817863464,0.5981308817863464,194.0,0.09700000286102295
fedavg,fedavg,49|374,49|374,2,49,data_2000_3_6.5_chordal,val_epoch_task,val,cycle6,11,,,,,,,,,,2000,208.0,278.0,1505.0,9.0,0.4279835390946502,0.9585253456221198,0.5917496085166931,0.5917496085166931,0.5917496085166931,217.0,0.10849999636411667
fedavg,fedavg,49|374,49|374,2,374,data_2000_3_7.0_chordal,train_epoch,train,,11,1.0,0.24238435995578766,,,,,,,,2000,,,,,,,,,,,
fedavg,fedavg,49|374,49|374,2,374,data_2000_3_7.0_chordal,train_epoch,train,,11,2.0,0.23399691891670227,,,,,,,,2000,,,,,,,,,,,
fedavg,fedavg,49|374,49|374,2,374,data_2000_3_7.0_chordal,train_epoch,train,,11,3.0,0.22502019464969636,,,,,,,,2000,,,,,,,,,,,
fedavg,fedavg,49|374,49|374,2,374,data_2000_3_7.0_chordal,val_epoch,val,,11,,,0.15751697492599487,0.9497,0.847000002861023,0.7676674364896074,0.791983425617218,0.791983425617218,0.791983425617218,2000,,,,,,,,,,,
fedavg,fedavg,49|374,49|374,2,374,data_2000_3_7.0_chordal,val_epoch_task,val,cycle2,11,,,,,,,,,,2000,178.0,17.0,1805.0,0.0,0.9128205128205128,1.0,0.9544235467910767,0.9544235467910767,0.9544235467910767,178.0,0.08900000154972076
fedavg,fedavg,49|374,49|374,2,374,data_2000_3_7.0_chordal,val_epoch_task,val,cycle3,11,,,,,,,,,,2000,179.0,15.0,1806.0,0.0,0.9226804123711341,1.0,0.9597855806350708,0.9597855806350708,0.9597855806350708,179.0,0.08950000256299973
fedavg,fedavg,49|374,49|374,2,374,data_2000_3_7.0_chordal,val_epoch_task,val,cycle4,11,,,,,,,,,,2000,170.0,60.0,1770.0,0.0,0.7391304347826086,1.0,0.8499999642372131,0.8499999642372131,0.8499999642372131,170.0,0.08500000089406967
fedavg,fedavg,49|374,49|374,2,374,data_2000_3_7.0_chordal,val_epoch_task,val,cycle5,11,,,,,,,,,,2000,162.0,170.0,1664.0,4.0,0.4879518072289157,0.9759036144578314,0.650602400302887,0.650602400302887,0.650602400302887,166.0,0.08299999684095383
fedavg,fedavg,49|374,49|374,2,374,data_2000_3_7.0_chordal,val_epoch_task,val,cycle6,11,,,,,,,,,,2000,142.0,232.0,1621.0,5.0,0.37967914438502676,0.9659863945578231,0.5451055765151978,0.5451055765151978,0.5451055765151978,147.0,0.07349999994039536
fedavg,fedavg,49|374,49|374,2,49,data_2000_3_6.5_chordal,global_val_client,val,,11,,,0.20067786812782287,0.9341,0.7910000085830688,0.7430799220272905,0.7749433517456055,0.7749433517456055,0.7749433517456055,2000,,,,,,,,,,,
fedavg,fedavg,49|374,49|374,2,49,data_2000_3_6.5_chordal,global_val_client_task,val,cycle2,11,,,,,,,,,,2000,182.0,17.0,1801.0,0.0,0.914572864321608,1.0,0.9553805589675903,0.9553805589675903,0.9553805589675903,182.0,0.09099999815225601
fedavg,fedavg,49|374,49|374,2,49,data_2000_3_6.5_chordal,global_val_client_task,val,cycle3,11,,,,,,,,,,2000,193.0,21.0,1786.0,0.0,0.9018691588785047,1.0,0.9484029412269592,0.9484029412269592,0.9484029412269592,193.0,0.09650000184774399
fedavg,fedavg,49|374,49|374,2,49,data_2000_3_6.5_chordal,global_val_client_task,val,cycle4,11,,,,,,,,,,2000,172.0,132.0,1694.0,2.0,0.5657894736842105,0.9885057471264368,0.7196652293205261,0.7196652293205261,0.7196652293205261,174.0,0.08699999749660492
fedavg,fedavg,49|374,49|374,2,49,data_2000_3_6.5_chordal,global_val_client_task,val,cycle5,11,,,,,,,,,,2000,192.0,220.0,1586.0,2.0,0.46601941747572817,0.9896907216494846,0.6336633563041687,0.6336633563041687,0.6336633563041687,194.0,0.09700000286102295
fedavg,fedavg,49|374,49|374,2,49,data_2000_3_6.5_chordal,global_val_client_task,val,cycle6,11,,,,,,,,,,2000,214.0,262.0,1521.0,3.0,0.4495798319327731,0.9861751152073732,0.6176046133041382,0.6176046133041382,0.6176046133041382,217.0,0.10849999636411667
fedavg,fedavg,49|374,49|374,2,374,data_2000_3_7.0_chordal,global_val_client,val,,11,,,0.1698275412917137,0.9361,0.809499979019165,0.7232568211346904,0.7513237595558167,0.7513237595558167,0.7513237595558167,2000,,,,,,,,,,,
fedavg,fedavg,49|374,49|374,2,374,data_2000_3_7.0_chordal,global_val_client_task,val,cycle2,11,,,,,,,,,,2000,178.0,15.0,1807.0,0.0,0.9222797927461139,1.0,0.9595686793327332,0.9595686793327332,0.9595686793327332,178.0,0.08900000154972076
fedavg,fedavg,49|374,49|374,2,374,data_2000_3_7.0_chordal,global_val_client_task,val,cycle3,11,,,,,,,,,,2000,179.0,37.0,1784.0,0.0,0.8287037037037037,1.0,0.9063291549682617,0.9063291549682617,0.9063291549682617,179.0,0.08950000256299973
fedavg,fedavg,49|374,49|374,2,374,data_2000_3_7.0_chordal,global_val_client_task,val,cycle4,11,,,,,,,,,,2000,170.0,107.0,1723.0,0.0,0.6137184115523465,1.0,0.7606263756752014,0.7606263756752014,0.7606263756752014,170.0,0.08500000089406967
fedavg,fedavg,49|374,49|374,2,374,data_2000_3_7.0_chordal,global_val_client_task,val,cycle5,11,,,,,,,,,,2000,164.0,192.0,1642.0,2.0,0.4606741573033708,0.9879518072289156,0.6283524632453918,0.6283524632453918,0.6283524632453918,166.0,0.08299999684095383
fedavg,fedavg,49|374,49|374,2,374,data_2000_3_7.0_chordal,global_val_client_task,val,cycle6,11,,,,,,,,,,2000,144.0,283.0,1570.0,3.0,0.3372365339578454,0.9795918367346939,0.5017421841621399,0.5017421841621399,0.5017421841621399,147.0,0.07349999994039536
fedavg,fedavg,49|374,49|374,2,all,all,global_val_mean,val,,11,,,0.1852527047097683,0.9351,0.8002499938011169,0.7331683715809905,0.7631335556507111,0.7631335556507111,0.7631335556507111,4000,,,,,,,,,,,
fedavg,fedavg,49|374,49|374,2,49,data_2000_3_6.5_chordal,train_epoch,train,,12,1.0,0.21156979411840438,,,,,,,,2000,,,,,,,,,,,
fedavg,fedavg,49|374,49|374,2,49,data_2000_3_6.5_chordal,train_epoch,train,,12,2.0,0.2386954265832901,,,,,,,,2000,,,,,,,,,,,
fedavg,fedavg,49|374,49|374,2,49,data_2000_3_6.5_chordal,train_epoch,train,,12,3.0,0.20594840240478515,,,,,,,,2000,,,,,,,,,,,
fedavg,fedavg,49|374,49|374,2,49,data_2000_3_6.5_chordal,val_epoch,val,,12,,,0.2420409581065178,0.9283,0.7689999938011169,0.7245485977718017,0.7540768384933472,0.7540768384933472,0.7540768384933472,2000,,,,,,,,,,,
fedavg,fedavg,49|374,49|374,2,49,data_2000_3_6.5_chordal,val_epoch_task,val,cycle2,12,,,,,,,,,,2000,182.0,29.0,1789.0,0.0,0.8625592417061612,1.0,0.9262086153030396,0.9262086153030396,0.9262086153030396,182.0,0.09099999815225601
fedavg,fedavg,49|374,49|374,2,49,data_2000_3_6.5_chordal,val_epoch_task,val,cycle3,12,,,,,,,,,,2000,190.0,30.0,1777.0,3.0,0.8636363636363636,0.9844559585492227,0.9200968742370605,0.9200968742370605,0.9200968742370605,193.0,0.09650000184774399
fedavg,fedavg,49|374,49|374,2,49,data_2000_3_6.5_chordal,val_epoch_task,val,cycle4,12,,,,,,,,,,2000,173.0,149.0,1677.0,1.0,0.5372670807453416,0.9942528735632183,0.6975806355476379,0.6975806355476379,0.6975806355476379,174.0,0.08699999749660492
fedavg,fedavg,49|374,49|374,2,49,data_2000_3_6.5_chordal,val_epoch_task,val,cycle5,12,,,,,,,,,,2000,185.0,210.0,1596.0,9.0,0.46835443037974683,0.9536082474226805,0.6281833648681641,0.6281833648681641,0.6281833648681641,194.0,0.09700000286102295
fedavg,fedavg,49|374,49|374,2,49,data_2000_3_6.5_chordal,val_epoch_task,val,cycle6,12,,,,,,,,,,2000,213.0,282.0,1501.0,4.0,0.4303030303030303,0.9815668202764977,0.598314642906189,0.598314642906189,0.598314642906189,217.0,0.10849999636411667
fedavg,fedavg,49|374,49|374,2,374,data_2000_3_7.0_chordal,train_epoch,train,,12,1.0,0.23730895948410033,,,,,,,,2000,,,,,,,,,,,
fedavg,fedavg,49|374,49|374,2,374,data_2000_3_7.0_chordal,train_epoch,train,,12,2.0,0.22051154255867003,,,,,,,,2000,,,,,,,,,,,
fedavg,fedavg,49|374,49|374,2,374,data_2000_3_7.0_chordal,train_epoch,train,,12,3.0,0.2260900555253029,,,,,,,,2000,,,,,,,,,,,
fedavg,fedavg,49|374,49|374,2,374,data_2000_3_7.0_chordal,val_epoch,val,,12,,,0.19097437846660614,0.9551,0.8525000214576721,0.783822821376986,0.8014178276062012,0.8014178276062012,0.8014178276062012,2000,,,,,,,,,,,
fedavg,fedavg,49|374,49|374,2,374,data_2000_3_7.0_chordal,val_epoch_task,val,cycle2,12,,,,,,,,,,2000,178.0,4.0,1818.0,0.0,0.978021978021978,1.0,0.9888889193534851,0.9888889193534851,0.9888889193534851,178.0,0.08900000154972076
fedavg,fedavg,49|374,49|374,2,374,data_2000_3_7.0_chordal,val_epoch_task,val,cycle3,12,,,,,,,,,,2000,179.0,48.0,1773.0,0.0,0.788546255506608,1.0,0.8817733526229858,0.8817733526229858,0.8817733526229858,179.0,0.08950000256299973
fedavg,fedavg,49|374,49|374,2,374,data_2000_3_7.0_chordal,val_epoch_task,val,cycle4,12,,,,,,,,,,2000,160.0,54.0,1776.0,10.0,0.7476635514018691,0.9411764705882353,0.8333333730697632,0.8333333730697632,0.8333333730697632,170.0,0.08500000089406967
fedavg,fedavg,49|374,49|374,2,374,data_2000_3_7.0_chordal,val_epoch_task,val,cycle5,12,,,,,,,,,,2000,160.0,93.0,1741.0,6.0,0.6324110671936759,0.963855421686747,0.7637231945991516,0.7637231945991516,0.7637231945991516,166.0,0.08299999684095383
fedavg,fedavg,49|374,49|374,2,374,data_2000_3_7.0_chordal,val_epoch_task,val,cycle6,12,,,,,,,,,,2000,137.0,224.0,1629.0,10.0,0.37950138504155123,0.9319727891156463,0.539370059967041,0.539370059967041,0.539370059967041,147.0,0.07349999994039536
fedavg,fedavg,49|374,49|374,2,49,data_2000_3_6.5_chordal,global_val_client,val,,12,,,0.21161233097314835,0.9423,0.8144999742507935,0.7668686868686868,0.7872263789176941,0.7872263789176941,0.7872263789176941,2000,,,,,,,,,,,
fedavg,fedavg,49|374,49|374,2,49,data_2000_3_6.5_chordal,global_val_client_task,val,cycle2,12,,,,,,,,,,2000,182.0,21.0,1797.0,0.0,0.896551724137931,1.0,0.9454545378684998,0.9454545378684998,0.9454545378684998,182.0,0.09099999815225601
fedavg,fedavg,49|374,49|374,2,49,data_2000_3_6.5_chordal,global_val_client_task,val,cycle3,12,,,,,,,,,,2000,193.0,47.0,1760.0,0.0,0.8041666666666667,1.0,0.8914549946784973,0.8914549946784973,0.8914549946784973,193.0,0.09650000184774399
fedavg,fedavg,49|374,49|374,2,49,data_2000_3_6.5_chordal,global_val_client_task,val,cycle4,12,,,,,,,,,,2000,172.0,110.0,1716.0,2.0,0.6099290780141844,0.9885057471264368,0.7543859481811523,0.7543859481811523,0.7543859481811523,174.0,0.08699999749660492
fedavg,fedavg,49|374,49|374,2,49,data_2000_3_6.5_chordal,global_val_client_task,val,cycle5,12,,,,,,,,,,2000,191.0,158.0,1648.0,3.0,0.5472779369627507,0.9845360824742269,0.7034990787506104,0.7034990787506104,0.7034990787506104,194.0,0.09700000286102295
fedavg,fedavg,49|374,49|374,2,49,data_2000_3_6.5_chordal,global_val_client_task,val,cycle6,12,,,,,,,,,,2000,211.0,230.0,1553.0,6.0,0.47845804988662133,0.9723502304147466,0.6413373947143555,0.6413373947143555,0.6413373947143555,217.0,0.10849999636411667
fedavg,fedavg,49|374,49|374,2,374,data_2000_3_7.0_chordal,global_val_client,val,,12,,,0.16212614631652833,0.9499,0.8414999842643738,0.7681628875520592,0.7868098020553589,0.7868098020553589,0.7868098020553589,2000,,,,,,,,,,,
fedavg,fedavg,49|374,49|374,2,374,data_2000_3_7.0_chordal,global_val_client_task,val,cycle2,12,,,,,,,,,,2000,178.0,13.0,1809.0,0.0,0.9319371727748691,1.0,0.9647696018218994,0.9647696018218994,0.9647696018218994,178.0,0.08900000154972076
fedavg,fedavg,49|374,49|374,2,374,data_2000_3_7.0_chordal,global_val_client_task,val,cycle3,12,,,,,,,,,,2000,179.0,33.0,1788.0,0.0,0.8443396226415094,1.0,0.9156010150909424,0.9156010150909424,0.9156010150909424,179.0,0.08950000256299973
fedavg,fedavg,49|374,49|374,2,374,data_2000_3_7.0_chordal,global_val_client_task,val,cycle4,12,,,,,,,,,,2000,168.0,76.0,1754.0,2.0,0.6885245901639344,0.9882352941176471,0.8115941882133484,0.8115941882133484,0.8115941882133484,170.0,0.08500000089406967
fedavg,fedavg,49|374,49|374,2,374,data_2000_3_7.0_chordal,global_val_client_task,val,cycle5,12,,,,,,,,,,2000,164.0,143.0,1691.0,2.0,0.5342019543973942,0.9879518072289156,0.6934460997581482,0.6934460997581482,0.6934460997581482,166.0,0.08299999684095383
fedavg,fedavg,49|374,49|374,2,374,data_2000_3_7.0_chordal,global_val_client_task,val,cycle6,12,,,,,,,,,,2000,141.0,226.0,1627.0,6.0,0.38419618528610355,0.9591836734693877,0.5486381649971008,0.5486381649971008,0.5486381649971008,147.0,0.07349999994039536
fedavg,fedavg,49|374,49|374,2,all,all,global_val_mean,val,,12,,,0.18686923864483834,0.9461,0.8279999792575836,0.767515787210373,0.7870180904865265,0.7870180904865265,0.7870180904865265,4000,,,,,,,,,,,
fedavg,fedavg,49|374,49|374,2,49,data_2000_3_6.5_chordal,train_epoch,train,,13,1.0,0.18948445600271224,,,,,,,,2000,,,,,,,,,,,
fedavg,fedavg,49|374,49|374,2,49,data_2000_3_6.5_chordal,train_epoch,train,,13,2.0,0.2033395854085684,,,,,,,,2000,,,,,,,,,,,
fedavg,fedavg,49|374,49|374,2,49,data_2000_3_6.5_chordal,train_epoch,train,,13,3.0,0.19273993265628814,,,,,,,,2000,,,,,,,,,,,
fedavg,fedavg,49|374,49|374,2,49,data_2000_3_6.5_chordal,val_epoch,val,,13,,,0.22701055705547332,0.9488,0.828499972820282,0.7826825127334465,0.8063278198242188,0.8063278198242188,0.8063278198242188,2000,,,,,,,,,,,
fedavg,fedavg,49|374,49|374,2,49,data_2000_3_6.5_chordal,val_epoch_task,val,cycle2,13,,,,,,,,,,2000,182.0,6.0,1812.0,0.0,0.9680851063829787,1.0,0.9837838411331177,0.9837838411331177,0.9837838411331177,182.0,0.09099999815225601
fedavg,fedavg,49|374,49|374,2,49,data_2000_3_6.5_chordal,val_epoch_task,val,cycle3,13,,,,,,,,,,2000,188.0,21.0,1786.0,5.0,0.8995215311004785,0.9740932642487047,0.9353233575820923,0.9353233575820923,0.9353233575820923,193.0,0.09650000184774399
fedavg,fedavg,49|374,49|374,2,49,data_2000_3_6.5_chordal,val_epoch_task,val,cycle4,13,,,,,,,,,,2000,171.0,112.0,1714.0,3.0,0.6042402826855123,0.9827586206896551,0.7483588457107544,0.7483588457107544,0.7483588457107544,174.0,0.08699999749660492
fedavg,fedavg,49|374,49|374,2,49,data_2000_3_6.5_chordal,val_epoch_task,val,cycle5,13,,,,,,,,,,2000,192.0,127.0,1679.0,2.0,0.6018808777429467,0.9896907216494846,0.7485379576683044,0.7485379576683044,0.7485379576683044,194.0,0.09700000286102295
fedavg,fedavg,49|374,49|374,2,49,data_2000_3_6.5_chordal,val_epoch_task,val,cycle6,13,,,,,,,,,,2000,189.0,208.0,1575.0,28.0,0.4760705289672544,0.8709677419354839,0.6156351566314697,0.6156351566314697,0.6156351566314697,217.0,0.10849999636411667
fedavg,fedavg,49|374,49|374,2,374,data_2000_3_7.0_chordal,train_epoch,train,,13,1.0,0.22036042511463166,,,,,,,,2000,,,,,,,,,,,
fedavg,fedavg,49|374,49|374,2,374,data_2000_3_7.0_chordal,train_epoch,train,,13,2.0,0.18684972202777864,,,,,,,,2000,,,,,,,,,,,
fedavg,fedavg,49|374,49|374,2,374,data_2000_3_7.0_chordal,train_epoch,train,,13,3.0,0.174549577832222,,,,,,,,2000,,,,,,,,,,,
fedavg,fedavg,49|374,49|374,2,374,data_2000_3_7.0_chordal,val_epoch,val,,13,,,0.1565278904438019,0.9618,0.8585000038146973,0.8095712861415753,0.826508641242981,0.826508641242981,0.826508641242981,2000,,,,,,,,,,,
fedavg,fedavg,49|374,49|374,2,374,data_2000_3_7.0_chordal,val_epoch_task,val,cycle2,13,,,,,,,,,,2000,178.0,10.0,1812.0,0.0,0.9468085106382979,1.0,0.9726775884628296,0.9726775884628296,0.9726775884628296,178.0,0.08900000154972076
fedavg,fedavg,49|374,49|374,2,374,data_2000_3_7.0_chordal,val_epoch_task,val,cycle3,13,,,,,,,,,,2000,179.0,15.0,1806.0,0.0,0.9226804123711341,1.0,0.9597855806350708,0.9597855806350708,0.9597855806350708,179.0,0.08950000256299973
fedavg,fedavg,49|374,49|374,2,374,data_2000_3_7.0_chordal,val_epoch_task,val,cycle4,13,,,,,,,,,,2000,168.0,43.0,1787.0,2.0,0.7962085308056872,0.9882352941176471,0.8818897604942322,0.8818897604942322,0.8818897604942322,170.0,0.08500000089406967
fedavg,fedavg,49|374,49|374,2,374,data_2000_3_7.0_chordal,val_epoch_task,val,cycle5,13,,,,,,,,,,2000,160.0,79.0,1755.0,6.0,0.6694560669456067,0.963855421686747,0.7901234030723572,0.7901234030723572,0.7901234030723572,166.0,0.08299999684095383
fedavg,fedavg,49|374,49|374,2,374,data_2000_3_7.0_chordal,val_epoch_task,val,cycle6,13,,,,,,,,,,2000,127.0,207.0,1646.0,20.0,0.38023952095808383,0.8639455782312925,0.5280665159225464,0.5280665159225464,0.5280665159225464,147.0,0.07349999994039536
fedavg,fedavg,49|374,49|374,2,49,data_2000_3_6.5_chordal,global_val_client,val,,13,,,0.17478285205364227,0.9539,0.8370000123977661,0.80407989800255,0.8241694569587708,0.8241694569587708,0.8241694569587708,2000,,,,,,,,,,,
fedavg,fedavg,49|374,49|374,2,49,data_2000_3_6.5_chordal,global_val_client_task,val,cycle2,13,,,,,,,,,,2000,182.0,12.0,1806.0,0.0,0.9381443298969072,1.0,0.9680851101875305,0.9680851101875305,0.9680851101875305,182.0,0.09099999815225601
fedavg,fedavg,49|374,49|374,2,49,data_2000_3_6.5_chordal,global_val_client_task,val,cycle3,13,,,,,,,,,,2000,193.0,30.0,1777.0,0.0,0.8654708520179372,1.0,0.927884578704834,0.927884578704834,0.927884578704834,193.0,0.09650000184774399
fedavg,fedavg,49|374,49|374,2,49,data_2000_3_6.5_chordal,global_val_client_task,val,cycle4,13,,,,,,,,,,2000,174.0,81.0,1745.0,0.0,0.6823529411764706,1.0,0.811188817024231,0.811188817024231,0.811188817024231,174.0,0.08699999749660492
fedavg,fedavg,49|374,49|374,2,49,data_2000_3_6.5_chordal,global_val_client_task,val,cycle5,13,,,,,,,,,,2000,193.0,121.0,1685.0,1.0,0.6146496815286624,0.9948453608247423,0.7598425149917603,0.7598425149917603,0.7598425149917603,194.0,0.09700000286102295
fedavg,fedavg,49|374,49|374,2,49,data_2000_3_6.5_chordal,global_val_client_task,val,cycle6,13,,,,,,,,,,2000,204.0,203.0,1580.0,13.0,0.5012285012285013,0.9400921658986175,0.6538461446762085,0.6538461446762085,0.6538461446762085,217.0,0.10849999636411667
fedavg,fedavg,49|374,49|374,2,374,data_2000_3_7.0_chordal,global_val_client,val,,13,,,0.14537650215625764,0.9573,0.8579999804496765,0.7944150216658642,0.8092429041862488,0.8092429041862488,0.8092429041862488,2000,,,,,,,,,,,
fedavg,fedavg,49|374,49|374,2,374,data_2000_3_7.0_chordal,global_val_client_task,val,cycle2,13,,,,,,,,,,2000,178.0,16.0,1806.0,0.0,0.9175257731958762,1.0,0.9569892287254333,0.9569892287254333,0.9569892287254333,178.0,0.08900000154972076
fedavg,fedavg,49|374,49|374,2,374,data_2000_3_7.0_chordal,global_val_client_task,val,cycle3,13,,,,,,,,,,2000,179.0,16.0,1805.0,0.0,0.9179487179487179,1.0,0.9572192430496216,0.9572192430496216,0.9572192430496216,179.0,0.08950000256299973
fedavg,fedavg,49|374,49|374,2,374,data_2000_3_7.0_chordal,global_val_client_task,val,cycle4,13,,,,,,,,,,2000,168.0,74.0,1756.0,2.0,0.6942148760330579,0.9882352941176471,0.8155339956283569,0.8155339956283569,0.8155339956283569,170.0,0.08500000089406967
fedavg,fedavg,49|374,49|374,2,374,data_2000_3_7.0_chordal,global_val_client_task,val,cycle5,13,,,,,,,,,,2000,165.0,104.0,1730.0,1.0,0.6133828996282528,0.9939759036144579,0.7586207389831543,0.7586207389831543,0.7586207389831543,166.0,0.08299999684095383
fedavg,fedavg,49|374,49|374,2,374,data_2000_3_7.0_chordal,global_val_client_task,val,cycle6,13,,,,,,,,,,2000,135.0,202.0,1651.0,12.0,0.40059347181008903,0.9183673469387755,0.5578511953353882,0.5578511953353882,0.5578511953353882,147.0,0.07349999994039536
fedavg,fedavg,49|374,49|374,2,all,all,global_val_mean,val,,13,,,0.16007967710494994,0.9556,0.8474999964237213,0.7992474598342071,0.8167061805725098,0.8167061805725098,0.8167061805725098,4000,,,,,,,,,,,
fedavg,fedavg,49|374,49|374,2,49,data_2000_3_6.5_chordal,train_epoch,train,,14,1.0,0.20292650771141052,,,,,,,,2000,,,,,,,,,,,
fedavg,fedavg,49|374,49|374,2,49,data_2000_3_6.5_chordal,train_epoch,train,,14,2.0,0.20857436454296113,,,,,,,,2000,,,,,,,,,,,
fedavg,fedavg,49|374,49|374,2,49,data_2000_3_6.5_chordal,train_epoch,train,,14,3.0,0.20881937730312347,,,,,,,,2000,,,,,,,,,,,
fedavg,fedavg,49|374,49|374,2,49,data_2000_3_6.5_chordal,val_epoch,val,,14,,,0.23594338870048523,0.9331,0.7929999828338623,0.7358863008290566,0.7603991627693176,0.7603991627693176,0.7603991627693176,2000,,,,,,,,,,,
fedavg,fedavg,49|374,49|374,2,49,data_2000_3_6.5_chordal,val_epoch_task,val,cycle2,14,,,,,,,,,,2000,182.0,27.0,1791.0,0.0,0.8708133971291866,1.0,0.9309462904930115,0.9309462904930115,0.9309462904930115,182.0,0.09099999815225601
fedavg,fedavg,49|374,49|374,2,49,data_2000_3_6.5_chordal,val_epoch_task,val,cycle3,14,,,,,,,,,,2000,193.0,56.0,1751.0,0.0,0.7751004016064257,1.0,0.8733031153678894,0.8733031153678894,0.8733031153678894,193.0,0.09650000184774399
fedavg,fedavg,49|374,49|374,2,49,data_2000_3_6.5_chordal,val_epoch_task,val,cycle4,14,,,,,,,,,,2000,167.0,109.0,1717.0,7.0,0.605072463768116,0.9597701149425287,0.7422221899032593,0.7422221899032593,0.7422221899032593,174.0,0.08699999749660492
fedavg,fedavg,49|374,49|374,2,49,data_2000_3_6.5_chordal,val_epoch_task,val,cycle5,14,,,,,,,,,,2000,190.0,184.0,1622.0,4.0,0.5080213903743316,0.979381443298969,0.669014036655426,0.669014036655426,0.669014036655426,194.0,0.09700000286102295
fedavg,fedavg,49|374,49|374,2,49,data_2000_3_6.5_chordal,val_epoch_task,val,cycle6,14,,,,,,,,,,2000,200.0,265.0,1518.0,17.0,0.43010752688172044,0.9216589861751152,0.5865102410316467,0.5865102410316467,0.5865102410316467,217.0,0.10849999636411667
fedavg,fedavg,49|374,49|374,2,374,data_2000_3_7.0_chordal,train_epoch,train,,14,1.0,0.22264816284179687,,,,,,,,2000,,,,,,,,,,,
fedavg,fedavg,49|374,49|374,2,374,data_2000_3_7.0_chordal,train_epoch,train,,14,2.0,0.1906576031446457,,,,,,,,2000,,,,,,,,,,,
fedavg,fedavg,49|374,49|374,2,374,data_2000_3_7.0_chordal,train_epoch,train,,14,3.0,0.20841440546512605,,,,,,,,2000,,,,,,,,,,,
fedavg,fedavg,49|374,49|374,2,374,data_2000_3_7.0_chordal,val_epoch,val,,14,,,0.17484677612781524,0.939,0.8080000281333923,0.7310405643738976,0.757291316986084,0.757291316986084,0.757291316986084,2000,,,,,,,,,,,
fedavg,fedavg,49|374,49|374,2,374,data_2000_3_7.0_chordal,val_epoch_task,val,cycle2,14,,,,,,,,,,2000,178.0,17.0,1805.0,0.0,0.9128205128205128,1.0,0.9544235467910767,0.9544235467910767,0.9544235467910767,178.0,0.08900000154972076
fedavg,fedavg,49|374,49|374,2,374,data_2000_3_7.0_chordal,val_epoch_task,val,cycle3,14,,,,,,,,,,2000,179.0,49.0,1772.0,0.0,0.7850877192982456,1.0,0.8796068429946899,0.8796068429946899,0.8796068429946899,179.0,0.08950000256299973
fedavg,fedavg,49|374,49|374,2,374,data_2000_3_7.0_chordal,val_epoch_task,val,cycle4,14,,,,,,,,,,2000,168.0,90.0,1740.0,2.0,0.6511627906976745,0.9882352941176471,0.7850467562675476,0.7850467562675476,0.7850467562675476,170.0,0.08500000089406967
fedavg,fedavg,49|374,49|374,2,374,data_2000_3_7.0_chordal,val_epoch_task,val,cycle5,14,,,,,,,,,,2000,161.0,147.0,1687.0,5.0,0.5227272727272727,0.9698795180722891,0.6793248653411865,0.6793248653411865,0.6793248653411865,166.0,0.08299999684095383
fedavg,fedavg,49|374,49|374,2,374,data_2000_3_7.0_chordal,val_epoch_task,val,cycle6,14,,,,,,,,,,2000,143.0,296.0,1557.0,4.0,0.32574031890660593,0.9727891156462585,0.4880546033382416,0.4880546033382416,0.4880546033382416,147.0,0.07349999994039536
fedavg,fedavg,49|374,49|374,2,49,data_2000_3_6.5_chordal,global_val_client,val,,14,,,0.19846696180105208,0.9336,0.8009999990463257,0.7422360248447204,0.7653105854988098,0.7653105854988098,0.7653105854988098,2000,,,,,,,,,,,
fedavg,fedavg,49|374,49|374,2,49,data_2000_3_6.5_chordal,global_val_client_task,val,cycle2,14,,,,,,,,,,2000,182.0,24.0,1794.0,0.0,0.883495145631068,1.0,0.9381443858146667,0.9381443858146667,0.9381443858146667,182.0,0.09099999815225601
fedavg,fedavg,49|374,49|374,2,49,data_2000_3_6.5_chordal,global_val_client_task,val,cycle3,14,,,,,,,,,,2000,193.0,60.0,1747.0,0.0,0.7628458498023716,1.0,0.8654708862304688,0.8654708862304688,0.8654708862304688,193.0,0.09650000184774399
fedavg,fedavg,49|374,49|374,2,49,data_2000_3_6.5_chordal,global_val_client_task,val,cycle4,14,,,,,,,,,,2000,173.0,121.0,1705.0,1.0,0.5884353741496599,0.9942528735632183,0.7393161654472351,0.7393161654472351,0.7393161654472351,174.0,0.08699999749660492
fedavg,fedavg,49|374,49|374,2,49,data_2000_3_6.5_chordal,global_val_client_task,val,cycle5,14,,,,,,,,,,2000,192.0,198.0,1608.0,2.0,0.49230769230769234,0.9896907216494846,0.6575342416763306,0.6575342416763306,0.6575342416763306,194.0,0.09700000286102295
fedavg,fedavg,49|374,49|374,2,49,data_2000_3_6.5_chordal,global_val_client_task,val,cycle6,14,,,,,,,,,,2000,216.0,257.0,1526.0,1.0,0.45665961945031713,0.9953917050691244,0.626086950302124,0.626086950302124,0.626086950302124,217.0,0.10849999636411667
fedavg,fedavg,49|374,49|374,2,374,data_2000_3_7.0_chordal,global_val_client,val,,14,,,0.17410628420114518,0.9385,0.8230000138282776,0.7308533916849015,0.7476680874824524,0.7476680874824524,0.7476680874824524,2000,,,,,,,,,,,
fedavg,fedavg,49|374,49|374,2,374,data_2000_3_7.0_chordal,global_val_client_task,val,cycle2,14,,,,,,,,,,2000,178.0,29.0,1793.0,0.0,0.8599033816425121,1.0,0.9246753454208374,0.9246753454208374,0.9246753454208374,178.0,0.08900000154972076
fedavg,fedavg,49|374,49|374,2,374,data_2000_3_7.0_chordal,global_val_client_task,val,cycle3,14,,,,,,,,,,2000,179.0,64.0,1757.0,0.0,0.7366255144032922,1.0,0.8483412265777588,0.8483412265777588,0.8483412265777588,179.0,0.08950000256299973
fedavg,fedavg,49|374,49|374,2,374,data_2000_3_7.0_chordal,global_val_client_task,val,cycle4,14,,,,,,,,,,2000,168.0,108.0,1722.0,2.0,0.6086956521739131,0.9882352941176471,0.7533631324768066,0.7533631324768066,0.7533631324768066,170.0,0.08500000089406967
fedavg,fedavg,49|374,49|374,2,374,data_2000_3_7.0_chordal,global_val_client_task,val,cycle5,14,,,,,,,,,,2000,166.0,151.0,1683.0,0.0,0.5236593059936908,1.0,0.6873705983161926,0.6873705983161926,0.6873705983161926,166.0,0.08299999684095383
fedavg,fedavg,49|374,49|374,2,374,data_2000_3_7.0_chordal,global_val_client_task,val,cycle6,14,,,,,,,,,,2000,144.0,258.0,1595.0,3.0,0.3582089552238806,0.9795918367346939,0.5245901942253113,0.5245901942253113,0.5245901942253113,147.0,0.07349999994039536
fedavg,fedavg,49|374,49|374,2,all,all,global_val_mean,val,,14,,,0.18628662300109863,0.9360499999999999,0.8120000064373016,0.7365447082648109,0.7564893364906311,0.7564893364906311,0.7564893364906311,4000,,,,,,,,,,,
fedavg,fedavg,49|374,49|374,2,49,data_2000_3_6.5_chordal,train_epoch,train,,15,1.0,0.19326703584566712,,,,,,,,2000,,,,,,,,,,,
fedavg,fedavg,49|374,49|374,2,49,data_2000_3_6.5_chordal,train_epoch,train,,15,2.0,0.20461492133140563,,,,,,,,2000,,,,,,,,,,,
fedavg,fedavg,49|374,49|374,2,49,data_2000_3_6.5_chordal,train_epoch,train,,15,3.0,0.18578711527585984,,,,,,,,2000,,,,,,,,,,,
fedavg,fedavg,49|374,49|374,2,49,data_2000_3_6.5_chordal,val_epoch,val,,15,,,0.22301540160179137,0.9422,0.8019999861717224,0.7615511551155115,0.7827759385108948,0.7827759385108948,0.7827759385108948,2000,,,,,,,,,,,
fedavg,fedavg,49|374,49|374,2,49,data_2000_3_6.5_chordal,val_epoch_task,val,cycle2,15,,,,,,,,,,2000,182.0,17.0,1801.0,0.0,0.914572864321608,1.0,0.9553805589675903,0.9553805589675903,0.9553805589675903,182.0,0.09099999815225601
fedavg,fedavg,49|374,49|374,2,49,data_2000_3_6.5_chordal,val_epoch_task,val,cycle3,15,,,,,,,,,,2000,193.0,26.0,1781.0,0.0,0.8812785388127854,1.0,0.9368931651115417,0.9368931651115417,0.9368931651115417,193.0,0.09650000184774399
fedavg,fedavg,49|374,49|374,2,49,data_2000_3_6.5_chordal,val_epoch_task,val,cycle4,15,,,,,,,,,,2000,174.0,155.0,1671.0,0.0,0.5288753799392097,1.0,0.691848874092102,0.691848874092102,0.691848874092102,174.0,0.08699999749660492
fedavg,fedavg,49|374,49|374,2,49,data_2000_3_6.5_chordal,val_epoch_task,val,cycle5,15,,,,,,,,,,2000,187.0,154.0,1652.0,7.0,0.5483870967741935,0.9639175257731959,0.6990654468536377,0.6990654468536377,0.6990654468536377,194.0,0.09700000286102295
fedavg,fedavg,49|374,49|374,2,49,data_2000_3_6.5_chordal,val_epoch_task,val,cycle6,15,,,,,,,,,,2000,187.0,189.0,1594.0,30.0,0.4973404255319149,0.8617511520737328,0.6306913495063782,0.6306913495063782,0.6306913495063782,217.0,0.10849999636411667
fedavg,fedavg,49|374,49|374,2,374,data_2000_3_7.0_chordal,train_epoch,train,,15,1.0,0.22484379148483277,,,,,,,,2000,,,,,,,,,,,
fedavg,fedavg,49|374,49|374,2,374,data_2000_3_7.0_chordal,train_epoch,train,,15,2.0,0.19596112698316573,,,,,,,,2000,,,,,,,,,,,
fedavg,fedavg,49|374,49|374,2,374,data_2000_3_7.0_chordal,train_epoch,train,,15,3.0,0.20025593185424806,,,,,,,,2000,,,,,,,,,,,
fedavg,fedavg,49|374,49|374,2,374,data_2000_3_7.0_chordal,val_epoch,val,,15,,,0.15937091195583344,0.9481,0.8270000219345093,0.7613793103448276,0.784974217414856,0.784974217414856,0.784974217414856,2000,,,,,,,,,,,
fedavg,fedavg,49|374,49|374,2,374,data_2000_3_7.0_chordal,val_epoch_task,val,cycle2,15,,,,,,,,,,2000,178.0,13.0,1809.0,0.0,0.9319371727748691,1.0,0.9647696018218994,0.9647696018218994,0.9647696018218994,178.0,0.08900000154972076
fedavg,fedavg,49|374,49|374,2,374,data_2000_3_7.0_chordal,val_epoch_task,val,cycle3,15,,,,,,,,,,2000,179.0,24.0,1797.0,0.0,0.8817733990147784,1.0,0.9371727705001831,0.9371727705001831,0.9371727705001831,179.0,0.08950000256299973
fedavg,fedavg,49|374,49|374,2,374,data_2000_3_7.0_chordal,val_epoch_task,val,cycle4,15,,,,,,,,,,2000,170.0,101.0,1729.0,0.0,0.6273062730627307,1.0,0.7709751129150391,0.7709751129150391,0.7709751129150391,170.0,0.08500000089406967
fedavg,fedavg,49|374,49|374,2,374,data_2000_3_7.0_chordal,val_epoch_task,val,cycle5,15,,,,,,,,,,2000,161.0,107.0,1727.0,5.0,0.6007462686567164,0.9698795180722891,0.7419354915618896,0.7419354915618896,0.7419354915618896,166.0,0.08299999684095383
fedavg,fedavg,49|374,49|374,2,374,data_2000_3_7.0_chordal,val_epoch_task,val,cycle6,15,,,,,,,,,,2000,140.0,262.0,1591.0,7.0,0.3482587064676617,0.9523809523809523,0.5100182294845581,0.5100182294845581,0.5100182294845581,147.0,0.07349999994039536
fedavg,fedavg,49|374,49|374,2,49,data_2000_3_6.5_chordal,global_val_client,val,,15,,,0.19932935106754304,0.9459,0.8220000267028809,0.7774578362813659,0.7979544997215271,0.7979544997215271,0.7979544997215271,2000,,,,,,,,,,,
fedavg,fedavg,49|374,49|374,2,49,data_2000_3_6.5_chordal,global_val_client_task,val,cycle2,15,,,,,,,,,,2000,182.0,17.0,1801.0,0.0,0.914572864321608,1.0,0.9553805589675903,0.9553805589675903,0.9553805589675903,182.0,0.09099999815225601
fedavg,fedavg,49|374,49|374,2,49,data_2000_3_6.5_chordal,global_val_client_task,val,cycle3,15,,,,,,,,,,2000,193.0,26.0,1781.0,0.0,0.8812785388127854,1.0,0.9368931651115417,0.9368931651115417,0.9368931651115417,193.0,0.09650000184774399
fedavg,fedavg,49|374,49|374,2,49,data_2000_3_6.5_chordal,global_val_client_task,val,cycle4,15,,,,,,,,,,2000,174.0,130.0,1696.0,0.0,0.5723684210526315,1.0,0.7280335426330566,0.7280335426330566,0.7280335426330566,174.0,0.08699999749660492
fedavg,fedavg,49|374,49|374,2,49,data_2000_3_6.5_chordal,global_val_client_task,val,cycle5,15,,,,,,,,,,2000,188.0,149.0,1657.0,6.0,0.5578635014836796,0.9690721649484536,0.7080979347229004,0.7080979347229004,0.7080979347229004,194.0,0.09700000286102295
fedavg,fedavg,49|374,49|374,2,49,data_2000_3_6.5_chordal,global_val_client_task,val,cycle6,15,,,,,,,,,,2000,208.0,204.0,1579.0,9.0,0.5048543689320388,0.9585253456221198,0.6613672375679016,0.6613672375679016,0.6613672375679016,217.0,0.10849999636411667
fedavg,fedavg,49|374,49|374,2,374,data_2000_3_7.0_chordal,global_val_client,val,,15,,,0.14979937267303467,0.9541,0.8519999980926514,0.7829787234042553,0.7947775721549988,0.7947775721549988,0.7947775721549988,2000,,,,,,,,,,,
fedavg,fedavg,49|374,49|374,2,374,data_2000_3_7.0_chordal,global_val_client_task,val,cycle2,15,,,,,,,,,,2000,178.0,12.0,1810.0,0.0,0.9368421052631579,1.0,0.967391312122345,0.967391312122345,0.967391312122345,178.0,0.08900000154972076
fedavg,fedavg,49|374,49|374,2,374,data_2000_3_7.0_chordal,global_val_client_task,val,cycle3,15,,,,,,,,,,2000,179.0,36.0,1785.0,0.0,0.8325581395348837,1.0,0.9086294770240784,0.9086294770240784,0.9086294770240784,179.0,0.08950000256299973
fedavg,fedavg,49|374,49|374,2,374,data_2000_3_7.0_chordal,global_val_client_task,val,cycle4,15,,,,,,,,,,2000,170.0,100.0,1730.0,0.0,0.6296296296296297,1.0,0.7727272510528564,0.7727272510528564,0.7727272510528564,170.0,0.08500000089406967
fedavg,fedavg,49|374,49|374,2,374,data_2000_3_7.0_chordal,global_val_client_task,val,cycle5,15,,,,,,,,,,2000,160.0,110.0,1724.0,6.0,0.5925925925925926,0.963855421686747,0.7339450120925903,0.7339450120925903,0.7339450120925903,166.0,0.08299999684095383
fedavg,fedavg,49|374,49|374,2,374,data_2000_3_7.0_chordal,global_val_client_task,val,cycle6,15,,,,,,,,,,2000,141.0,189.0,1664.0,6.0,0.42727272727272725,0.9591836734693877,0.5911949872970581,0.5911949872970581,0.5911949872970581,147.0,0.07349999994039536
fedavg,fedavg,49|374,49|374,2,all,all,global_val_mean,val,,15,,,0.17456436187028884,0.95,0.8370000123977661,0.7802182798428106,0.7963660359382629,0.7963660359382629,0.7963660359382629,4000,,,,,,,,,,,
fedavg,fedavg,49|374,49|374,2,49,data_2000_3_6.5_chordal,train_epoch,train,,16,1.0,0.2032288887500763,,,,,,,,2000,,,,,,,,,,,
fedavg,fedavg,49|374,49|374,2,49,data_2000_3_6.5_chordal,train_epoch,train,,16,2.0,0.1991436033695936,,,,,,,,2000,,,,,,,,,,,
fedavg,fedavg,49|374,49|374,2,49,data_2000_3_6.5_chordal,train_epoch,train,,16,3.0,0.18441174548864364,,,,,,,,2000,,,,,,,,,,,
fedavg,fedavg,49|374,49|374,2,49,data_2000_3_6.5_chordal,val_epoch,val,,16,,,0.22712747383117676,0.9523,0.8324999809265137,0.7946620749031426,0.8192329406738281,0.8192329406738281,0.8192329406738281,2000,,,,,,,,,,,
fedavg,fedavg,49|374,49|374,2,49,data_2000_3_6.5_chordal,val_epoch_task,val,cycle2,16,,,,,,,,,,2000,180.0,16.0,1802.0,2.0,0.9183673469387755,0.989010989010989,0.9523809552192688,0.9523809552192688,0.9523809552192688,182.0,0.09099999815225601
fedavg,fedavg,49|374,49|374,2,49,data_2000_3_6.5_chordal,val_epoch_task,val,cycle3,16,,,,,,,,,,2000,193.0,27.0,1780.0,0.0,0.8772727272727273,1.0,0.9346246719360352,0.9346246719360352,0.9346246719360352,193.0,0.09650000184774399
fedavg,fedavg,49|374,49|374,2,49,data_2000_3_6.5_chordal,val_epoch_task,val,cycle4,16,,,,,,,,,,2000,169.0,50.0,1776.0,5.0,0.771689497716895,0.9712643678160919,0.8600508570671082,0.8600508570671082,0.8600508570671082,174.0,0.08699999749660492
fedavg,fedavg,49|374,49|374,2,49,data_2000_3_6.5_chordal,val_epoch_task,val,cycle5,16,,,,,,,,,,2000,180.0,126.0,1680.0,14.0,0.5882352941176471,0.9278350515463918,0.7200000286102295,0.7200000286102295,0.7200000286102295,194.0,0.09700000286102295
fedavg,fedavg,49|374,49|374,2,49,data_2000_3_6.5_chordal,val_epoch_task,val,cycle6,16,,,,,,,,,,2000,201.0,221.0,1562.0,16.0,0.476303317535545,0.9262672811059908,0.6291079521179199,0.6291079521179199,0.6291079521179199,217.0,0.10849999636411667
fedavg,fedavg,49|374,49|374,2,374,data_2000_3_7.0_chordal,train_epoch,train,,16,1.0,0.19703018021583557,,,,,,,,2000,,,,,,,,,,,
fedavg,fedavg,49|374,49|374,2,374,data_2000_3_7.0_chordal,train_epoch,train,,16,2.0,0.21418385899066925,,,,,,,,2000,,,,,,,,,,,
fedavg,fedavg,49|374,49|374,2,374,data_2000_3_7.0_chordal,train_epoch,train,,16,3.0,0.1811552985906601,,,,,,,,2000,,,,,,,,,,,
fedavg,fedavg,49|374,49|374,2,374,data_2000_3_7.0_chordal,val_epoch,val,,16,,,0.17662953060865402,0.9477,0.8364999890327454,0.7584295612009239,0.7823953032493591,0.7823953032493591,0.7823953032493591,2000,,,,,,,,,,,
fedavg,fedavg,49|374,49|374,2,374,data_2000_3_7.0_chordal,val_epoch_task,val,cycle2,16,,,,,,,,,,2000,178.0,9.0,1813.0,0.0,0.9518716577540107,1.0,0.9753424525260925,0.9753424525260925,0.9753424525260925,178.0,0.08900000154972076
fedavg,fedavg,49|374,49|374,2,374,data_2000_3_7.0_chordal,val_epoch_task,val,cycle3,16,,,,,,,,,,2000,179.0,32.0,1789.0,0.0,0.8483412322274881,1.0,0.9179487228393555,0.9179487228393555,0.9179487228393555,179.0,0.08950000256299973
fedavg,fedavg,49|374,49|374,2,374,data_2000_3_7.0_chordal,val_epoch_task,val,cycle4,16,,,,,,,,,,2000,167.0,69.0,1761.0,3.0,0.7076271186440678,0.9823529411764705,0.8226601481437683,0.8226601481437683,0.8226601481437683,170.0,0.08500000089406967
fedavg,fedavg,49|374,49|374,2,374,data_2000_3_7.0_chordal,val_epoch_task,val,cycle5,16,,,,,,,,,,2000,161.0,140.0,1694.0,5.0,0.5348837209302325,0.9698795180722891,0.6895074844360352,0.6895074844360352,0.6895074844360352,166.0,0.08299999684095383
fedavg,fedavg,49|374,49|374,2,374,data_2000_3_7.0_chordal,val_epoch_task,val,cycle6,16,,,,,,,,,,2000,136.0,254.0,1599.0,11.0,0.3487179487179487,0.9251700680272109,0.5065177083015442,0.5065177083015442,0.5065177083015442,147.0,0.07349999994039536
fedavg,fedavg,49|374,49|374,2,49,data_2000_3_6.5_chordal,global_val_client,val,,16,,,0.1824733408689499,0.9491,0.8264999985694885,0.7880049979175344,0.8127919435501099,0.8127919435501099,0.8127919435501099,2000,,,,,,,,,,,
fedavg,fedavg,49|374,49|374,2,49,data_2000_3_6.5_chordal,global_val_client_task,val,cycle2,16,,,,,,,,,,2000,182.0,12.0,1806.0,0.0,0.9381443298969072,1.0,0.9680851101875305,0.9680851101875305,0.9680851101875305,182.0,0.09099999815225601
fedavg,fedavg,49|374,49|374,2,49,data_2000_3_6.5_chordal,global_val_client_task,val,cycle3,16,,,,,,,,,,2000,193.0,45.0,1762.0,0.0,0.8109243697478992,1.0,0.895591676235199,0.895591676235199,0.895591676235199,193.0,0.09650000184774399
fedavg,fedavg,49|374,49|374,2,49,data_2000_3_6.5_chordal,global_val_client_task,val,cycle4,16,,,,,,,,,,2000,171.0,55.0,1771.0,3.0,0.7566371681415929,0.9827586206896551,0.8550000190734863,0.8550000190734863,0.8550000190734863,174.0,0.08699999749660492
fedavg,fedavg,49|374,49|374,2,49,data_2000_3_6.5_chordal,global_val_client_task,val,cycle5,16,,,,,,,,,,2000,191.0,159.0,1647.0,3.0,0.5457142857142857,0.9845360824742269,0.7022058963775635,0.7022058963775635,0.7022058963775635,194.0,0.09700000286102295
fedavg,fedavg,49|374,49|374,2,49,data_2000_3_6.5_chordal,global_val_client_task,val,cycle6,16,,,,,,,,,,2000,209.0,224.0,1559.0,8.0,0.48267898383371827,0.9631336405529954,0.6430769562721252,0.6430769562721252,0.6430769562721252,217.0,0.10849999636411667
fedavg,fedavg,49|374,49|374,2,374,data_2000_3_7.0_chordal,global_val_client,val,,16,,,0.13512113542854787,0.9601,0.8690000176429749,0.8064046579330423,0.8235883712768555,0.8235883712768555,0.8235883712768555,2000,,,,,,,,,,,
fedavg,fedavg,49|374,49|374,2,374,data_2000_3_7.0_chordal,global_val_client_task,val,cycle2,16,,,,,,,,,,2000,178.0,10.0,1812.0,0.0,0.9468085106382979,1.0,0.9726775884628296,0.9726775884628296,0.9726775884628296,178.0,0.08900000154972076
fedavg,fedavg,49|374,49|374,2,374,data_2000_3_7.0_chordal,global_val_client_task,val,cycle3,16,,,,,,,,,,2000,178.0,20.0,1801.0,1.0,0.898989898989899,0.994413407821229,0.9442971348762512,0.9442971348762512,0.9442971348762512,179.0,0.08950000256299973
fedavg,fedavg,49|374,49|374,2,374,data_2000_3_7.0_chordal,global_val_client_task,val,cycle4,16,,,,,,,,,,2000,167.0,45.0,1785.0,3.0,0.7877358490566038,0.9823529411764705,0.8743455410003662,0.8743455410003662,0.8743455410003662,170.0,0.08500000089406967
fedavg,fedavg,49|374,49|374,2,374,data_2000_3_7.0_chordal,global_val_client_task,val,cycle5,16,,,,,,,,,,2000,163.0,109.0,1725.0,3.0,0.5992647058823529,0.9819277108433735,0.7442921996116638,0.7442921996116638,0.7442921996116638,166.0,0.08299999684095383
fedavg,fedavg,49|374,49|374,2,374,data_2000_3_7.0_chordal,global_val_client_task,val,cycle6,16,,,,,,,,,,2000,145.0,206.0,1647.0,2.0,0.4131054131054131,0.9863945578231292,0.582329273223877,0.582329273223877,0.582329273223877,147.0,0.07349999994039536
fedavg,fedavg,49|374,49|374,2,all,all,global_val_mean,val,,16,,,0.15879723814874888,0.9545999999999999,0.8477500081062317,0.7972048279252884,0.8181901574134827,0.8181901574134827,0.8181901574134827,4000,,,,,,,,,,,
fedavg,fedavg,49|374,49|374,2,49,data_2000_3_6.5_chordal,train_epoch,train,,17,1.0,0.1892774384021759,,,,,,,,2000,,,,,,,,,,,
fedavg,fedavg,49|374,49|374,2,49,data_2000_3_6.5_chordal,train_epoch,train,,17,2.0,0.16430722612142562,,,,,,,,2000,,,,,,,,,,,
fedavg,fedavg,49|374,49|374,2,49,data_2000_3_6.5_chordal,train_epoch,train,,17,3.0,0.18081140634417533,,,,,,,,2000,,,,,,,,,,,
fedavg,fedavg,49|374,49|374,2,49,data_2000_3_6.5_chordal,val_epoch,val,,17,,,0.20092982709407806,0.9483,0.8240000009536743,0.7841336116910229,0.8082631230354309,0.8082631230354309,0.8082631230354309,2000,,,,,,,,,,,
fedavg,fedavg,49|374,49|374,2,49,data_2000_3_6.5_chordal,val_epoch_task,val,cycle2,17,,,,,,,,,,2000,182.0,18.0,1800.0,0.0,0.91,1.0,0.9528795480728149,0.9528795480728149,0.9528795480728149,182.0,0.09099999815225601
fedavg,fedavg,49|374,49|374,2,49,data_2000_3_6.5_chordal,val_epoch_task,val,cycle3,17,,,,,,,,,,2000,193.0,31.0,1776.0,0.0,0.8616071428571429,1.0,0.9256594777107239,0.9256594777107239,0.9256594777107239,193.0,0.09650000184774399
fedavg,fedavg,49|374,49|374,2,49,data_2000_3_6.5_chordal,val_epoch_task,val,cycle4,17,,,,,,,,,,2000,173.0,68.0,1758.0,1.0,0.7178423236514523,0.9942528735632183,0.833734929561615,0.833734929561615,0.833734929561615,174.0,0.08699999749660492
fedavg,fedavg,49|374,49|374,2,49,data_2000_3_6.5_chordal,val_epoch_task,val,cycle5,17,,,,,,,,,,2000,190.0,162.0,1644.0,4.0,0.5397727272727273,0.979381443298969,0.6959707140922546,0.6959707140922546,0.6959707140922546,194.0,0.09700000286102295
fedavg,fedavg,49|374,49|374,2,49,data_2000_3_6.5_chordal,val_epoch_task,val,cycle6,17,,,,,,,,,,2000,201.0,217.0,1566.0,16.0,0.48086124401913877,0.9262672811059908,0.6330708265304565,0.6330708265304565,0.6330708265304565,217.0,0.10849999636411667
fedavg,fedavg,49|374,49|374,2,374,data_2000_3_7.0_chordal,train_epoch,train,,17,1.0,0.18791497135162352,,,,,,,,2000,,,,,,,,,,,
fedavg,fedavg,49|374,49|374,2,374,data_2000_3_7.0_chordal,train_epoch,train,,17,2.0,0.19241162204742432,,,,,,,,2000,,,,,,,,,,,
fedavg,fedavg,49|374,49|374,2,374,data_2000_3_7.0_chordal,train_epoch,train,,17,3.0,0.17658083415031434,,,,,,,,2000,,,,,,,,,,,
fedavg,fedavg,49|374,49|374,2,374,data_2000_3_7.0_chordal,val_epoch,val,,17,,,0.18395361769199373,0.9374,0.8130000233650208,0.7285342584562012,0.7515564560890198,0.7515564560890198,0.7515564560890198,2000,,,,,,,,,,,
fedavg,fedavg,49|374,49|374,2,374,data_2000_3_7.0_chordal,val_epoch_task,val,cycle2,17,,,,,,,,,,2000,178.0,16.0,1806.0,0.0,0.9175257731958762,1.0,0.9569892287254333,0.9569892287254333,0.9569892287254333,178.0,0.08900000154972076
fedavg,fedavg,49|374,49|374,2,374,data_2000_3_7.0_chordal,val_epoch_task,val,cycle3,17,,,,,,,,,,2000,179.0,69.0,1752.0,0.0,0.7217741935483871,1.0,0.8384075164794922,0.8384075164794922,0.8384075164794922,179.0,0.08950000256299973
fedavg,fedavg,49|374,49|374,2,374,data_2000_3_7.0_chordal,val_epoch_task,val,cycle4,17,,,,,,,,,,2000,170.0,96.0,1734.0,0.0,0.6390977443609023,1.0,0.7798165678977966,0.7798165678977966,0.7798165678977966,170.0,0.08500000089406967
fedavg,fedavg,49|374,49|374,2,374,data_2000_3_7.0_chordal,val_epoch_task,val,cycle5,17,,,,,,,,,,2000,166.0,160.0,1674.0,0.0,0.50920245398773,1.0,0.6747967600822449,0.6747967600822449,0.6747967600822449,166.0,0.08299999684095383
fedavg,fedavg,49|374,49|374,2,374,data_2000_3_7.0_chordal,val_epoch_task,val,cycle6,17,,,,,,,,,,2000,147.0,285.0,1568.0,0.0,0.3402777777777778,1.0,0.5077720284461975,0.5077720284461975,0.5077720284461975,147.0,0.07349999994039536
fedavg,fedavg,49|374,49|374,2,49,data_2000_3_6.5_chordal,global_val_client,val,,17,,,0.19052362078428267,0.9387,0.8059999942779541,0.7562624254473161,0.7796330451965332,0.7796330451965332,0.7796330451965332,2000,,,,,,,,,,,
fedavg,fedavg,49|374,49|374,2,49,data_2000_3_6.5_chordal,global_val_client_task,val,cycle2,17,,,,,,,,,,2000,182.0,17.0,1801.0,0.0,0.914572864321608,1.0,0.9553805589675903,0.9553805589675903,0.9553805589675903,182.0,0.09099999815225601
fedavg,fedavg,49|374,49|374,2,49,data_2000_3_6.5_chordal,global_val_client_task,val,cycle3,17,,,,,,,,,,2000,193.0,54.0,1753.0,0.0,0.7813765182186235,1.0,0.8772727251052856,0.8772727251052856,0.8772727251052856,193.0,0.09650000184774399
fedavg,fedavg,49|374,49|374,2,49,data_2000_3_6.5_chordal,global_val_client_task,val,cycle4,17,,,,,,,,,,2000,174.0,105.0,1721.0,0.0,0.6236559139784946,1.0,0.7682119011878967,0.7682119011878967,0.7682119011878967,174.0,0.08699999749660492
fedavg,fedavg,49|374,49|374,2,49,data_2000_3_6.5_chordal,global_val_client_task,val,cycle5,17,,,,,,,,,,2000,188.0,189.0,1617.0,6.0,0.4986737400530504,0.9690721649484536,0.6584938764572144,0.6584938764572144,0.6584938764572144,194.0,0.09700000286102295
fedavg,fedavg,49|374,49|374,2,49,data_2000_3_6.5_chordal,global_val_client_task,val,cycle6,17,,,,,,,,,,2000,214.0,239.0,1544.0,3.0,0.47240618101545256,0.9861751152073732,0.6388059258460999,0.6388059258460999,0.6388059258460999,217.0,0.10849999636411667
fedavg,fedavg,49|374,49|374,2,374,data_2000_3_7.0_chordal,global_val_client,val,,17,,,0.15888405239582062,0.9455,0.8349999785423279,0.7539503386004515,0.7729941010475159,0.7729941010475159,0.7729941010475159,2000,,,,,,,,,,,
fedavg,fedavg,49|374,49|374,2,374,data_2000_3_7.0_chordal,global_val_client_task,val,cycle2,17,,,,,,,,,,2000,178.0,19.0,1803.0,0.0,0.9035532994923858,1.0,0.9493333697319031,0.9493333697319031,0.9493333697319031,178.0,0.08900000154972076
fedavg,fedavg,49|374,49|374,2,374,data_2000_3_7.0_chordal,global_val_client_task,val,cycle3,17,,,,,,,,,,2000,179.0,43.0,1778.0,0.0,0.8063063063063063,1.0,0.8927680253982544,0.8927680253982544,0.8927680253982544,179.0,0.08950000256299973
fedavg,fedavg,49|374,49|374,2,374,data_2000_3_7.0_chordal,global_val_client_task,val,cycle4,17,,,,,,,,,,2000,169.0,80.0,1750.0,1.0,0.678714859437751,0.9941176470588236,0.8066825866699219,0.8066825866699219,0.8066825866699219,170.0,0.08500000089406967
fedavg,fedavg,49|374,49|374,2,374,data_2000_3_7.0_chordal,global_val_client_task,val,cycle5,17,,,,,,,,,,2000,165.0,161.0,1673.0,1.0,0.5061349693251533,0.9939759036144579,0.6707317233085632,0.6707317233085632,0.6707317233085632,166.0,0.08299999684095383
fedavg,fedavg,49|374,49|374,2,374,data_2000_3_7.0_chordal,global_val_client_task,val,cycle6,17,,,,,,,,,,2000,144.0,237.0,1616.0,3.0,0.3779527559055118,0.9795918367346939,0.5454545021057129,0.5454545021057129,0.5454545021057129,147.0,0.07349999994039536
fedavg,fedavg,49|374,49|374,2,all,all,global_val_mean,val,,17,,,0.17470383659005165,0.9420999999999999,0.820499986410141,0.7551063820238837,0.7763135731220245,0.7763135731220245,0.7763135731220245,4000,,,,,,,,,,,
fedavg,fedavg,49|374,49|374,2,49,data_2000_3_6.5_chordal,train_epoch,train,,18,1.0,0.18043757951259612,,,,,,,,2000,,,,,,,,,,,
fedavg,fedavg,49|374,49|374,2,49,data_2000_3_6.5_chordal,train_epoch,train,,18,2.0,0.16601701205223798,,,,,,,,2000,,,,,,,,,,,
fedavg,fedavg,49|374,49|374,2,49,data_2000_3_6.5_chordal,train_epoch,train,,18,3.0,0.15129297494888305,,,,,,,,2000,,,,,,,,,,,
fedavg,fedavg,49|374,49|374,2,49,data_2000_3_6.5_chordal,val_epoch,val,,18,,,0.24065360796451568,0.9377,0.8109999895095825,0.7496986741663318,0.7604361176490784,0.7604361176490784,0.7604361176490784,2000,,,,,,,,,,,
fedavg,fedavg,49|374,49|374,2,49,data_2000_3_6.5_chordal,val_epoch_task,val,cycle2,18,,,,,,,,,,2000,182.0,83.0,1735.0,0.0,0.6867924528301886,1.0,0.8143177032470703,0.8143177032470703,0.8143177032470703,182.0,0.09099999815225601
fedavg,fedavg,49|374,49|374,2,49,data_2000_3_6.5_chordal,val_epoch_task,val,cycle3,18,,,,,,,,,,2000,193.0,61.0,1746.0,0.0,0.7598425196850394,1.0,0.863534688949585,0.863534688949585,0.863534688949585,193.0,0.09650000184774399
fedavg,fedavg,49|374,49|374,2,49,data_2000_3_6.5_chordal,val_epoch_task,val,cycle4,18,,,,,,,,,,2000,174.0,97.0,1729.0,0.0,0.6420664206642066,1.0,0.7820224165916443,0.7820224165916443,0.7820224165916443,174.0,0.08699999749660492
fedavg,fedavg,49|374,49|374,2,49,data_2000_3_6.5_chordal,val_epoch_task,val,cycle5,18,,,,,,,,,,2000,191.0,148.0,1658.0,3.0,0.5634218289085545,0.9845360824742269,0.7166979908943176,0.7166979908943176,0.7166979908943176,194.0,0.09700000286102295
fedavg,fedavg,49|374,49|374,2,49,data_2000_3_6.5_chordal,val_epoch_task,val,cycle6,18,,,,,,,,,,2000,193.0,207.0,1576.0,24.0,0.4825,0.8894009216589862,0.6256077289581299,0.6256077289581299,0.6256077289581299,217.0,0.10849999636411667
fedavg,fedavg,49|374,49|374,2,374,data_2000_3_7.0_chordal,train_epoch,train,,18,1.0,0.19767727309465408,,,,,,,,2000,,,,,,,,,,,
fedavg,fedavg,49|374,49|374,2,374,data_2000_3_7.0_chordal,train_epoch,train,,18,2.0,0.18132619404792785,,,,,,,,2000,,,,,,,,,,,
fedavg,fedavg,49|374,49|374,2,374,data_2000_3_7.0_chordal,train_epoch,train,,18,3.0,0.17808256225287913,,,,,,,,2000,,,,,,,,,,,
fedavg,fedavg,49|374,49|374,2,374,data_2000_3_7.0_chordal,val_epoch,val,,18,,,0.1479260268807411,0.9587,0.8529999852180481,0.8003866602223297,0.8193537592887878,0.8193537592887878,0.8193537592887878,2000,,,,,,,,,,,
fedavg,fedavg,49|374,49|374,2,374,data_2000_3_7.0_chordal,val_epoch_task,val,cycle2,18,,,,,,,,,,2000,178.0,14.0,1808.0,0.0,0.9270833333333334,1.0,0.9621621966362,0.9621621966362,0.9621621966362,178.0,0.08900000154972076
fedavg,fedavg,49|374,49|374,2,374,data_2000_3_7.0_chordal,val_epoch_task,val,cycle3,18,,,,,,,,,,2000,179.0,16.0,1805.0,0.0,0.9179487179487179,1.0,0.9572192430496216,0.9572192430496216,0.9572192430496216,179.0,0.08950000256299973
fedavg,fedavg,49|374,49|374,2,374,data_2000_3_7.0_chordal,val_epoch_task,val,cycle4,18,,,,,,,,,,2000,167.0,60.0,1770.0,3.0,0.73568281938326,0.9823529411764705,0.8413098454475403,0.8413098454475403,0.8413098454475403,170.0,0.08500000089406967
fedavg,fedavg,49|374,49|374,2,374,data_2000_3_7.0_chordal,val_epoch_task,val,cycle5,18,,,,,,,,,,2000,163.0,85.0,1749.0,3.0,0.657258064516129,0.9819277108433735,0.7874395847320557,0.7874395847320557,0.7874395847320557,166.0,0.08299999684095383
fedavg,fedavg,49|374,49|374,2,374,data_2000_3_7.0_chordal,val_epoch_task,val,cycle6,18,,,,,,,,,,2000,141.0,226.0,1627.0,6.0,0.38419618528610355,0.9591836734693877,0.5486381649971008,0.5486381649971008,0.5486381649971008,147.0,0.07349999994039536
fedavg,fedavg,49|374,49|374,2,49,data_2000_3_6.5_chordal,global_val_client,val,,18,,,0.18472522151470183,0.9492,0.8324999809265137,0.788685524126456,0.8060340881347656,0.8060340881347656,0.8060340881347656,2000,,,,,,,,,,,
fedavg,fedavg,49|374,49|374,2,49,data_2000_3_6.5_chordal,global_val_client_task,val,cycle2,18,,,,,,,,,,2000,182.0,23.0,1795.0,0.0,0.8878048780487805,1.0,0.9405684471130371,0.9405684471130371,0.9405684471130371,182.0,0.09099999815225601
fedavg,fedavg,49|374,49|374,2,49,data_2000_3_6.5_chordal,global_val_client_task,val,cycle3,18,,,,,,,,,,2000,193.0,35.0,1772.0,0.0,0.8464912280701754,1.0,0.9168645739555359,0.9168645739555359,0.9168645739555359,193.0,0.09650000184774399
fedavg,fedavg,49|374,49|374,2,49,data_2000_3_6.5_chordal,global_val_client_task,val,cycle4,18,,,,,,,,,,2000,173.0,104.0,1722.0,1.0,0.6245487364620939,0.9942528735632183,0.7671840190887451,0.7671840190887451,0.7671840190887451,174.0,0.08699999749660492
fedavg,fedavg,49|374,49|374,2,49,data_2000_3_6.5_chordal,global_val_client_task,val,cycle5,18,,,,,,,,,,2000,192.0,130.0,1676.0,2.0,0.5962732919254659,0.9896907216494846,0.7441861033439636,0.7441861033439636,0.7441861033439636,194.0,0.09700000286102295
fedavg,fedavg,49|374,49|374,2,49,data_2000_3_6.5_chordal,global_val_client_task,val,cycle6,18,,,,,,,,,,2000,208.0,204.0,1579.0,9.0,0.5048543689320388,0.9585253456221198,0.6613672375679016,0.6613672375679016,0.6613672375679016,217.0,0.10849999636411667
fedavg,fedavg,49|374,49|374,2,374,data_2000_3_7.0_chordal,global_val_client,val,,18,,,0.1390579221844673,0.9561,0.8544999957084656,0.7898516036381044,0.8006676435470581,0.8006676435470581,0.8006676435470581,2000,,,,,,,,,,,
fedavg,fedavg,49|374,49|374,2,374,data_2000_3_7.0_chordal,global_val_client_task,val,cycle2,18,,,,,,,,,,2000,178.0,24.0,1798.0,0.0,0.8811881188118812,1.0,0.9368420839309692,0.9368420839309692,0.9368420839309692,178.0,0.08900000154972076
fedavg,fedavg,49|374,49|374,2,374,data_2000_3_7.0_chordal,global_val_client_task,val,cycle3,18,,,,,,,,,,2000,179.0,36.0,1785.0,0.0,0.8325581395348837,1.0,0.9086294770240784,0.9086294770240784,0.9086294770240784,179.0,0.08950000256299973
fedavg,fedavg,49|374,49|374,2,374,data_2000_3_7.0_chordal,global_val_client_task,val,cycle4,18,,,,,,,,,,2000,170.0,72.0,1758.0,0.0,0.7024793388429752,1.0,0.8252427577972412,0.8252427577972412,0.8252427577972412,170.0,0.08500000089406967
fedavg,fedavg,49|374,49|374,2,374,data_2000_3_7.0_chordal,global_val_client_task,val,cycle5,18,,,,,,,,,,2000,162.0,95.0,1739.0,4.0,0.6303501945525292,0.9759036144578314,0.7659573554992676,0.7659573554992676,0.7659573554992676,166.0,0.08299999684095383
fedavg,fedavg,49|374,49|374,2,374,data_2000_3_7.0_chordal,global_val_client_task,val,cycle6,18,,,,,,,,,,2000,136.0,197.0,1656.0,11.0,0.4084084084084084,0.9251700680272109,0.5666666626930237,0.5666666626930237,0.5666666626930237,147.0,0.07349999994039536
fedavg,fedavg,49|374,49|374,2,all,all,global_val_mean,val,,18,,,0.16189157184958458,0.95265,0.8434999883174896,0.7892685638822802,0.8033508658409119,0.8033508658409119,0.8033508658409119,4000,,,,,,,,,,,
fedavg,fedavg,49|374,49|374,2,49,data_2000_3_6.5_chordal,train_epoch,train,,19,1.0,0.17843601763248443,,,,,,,,2000,,,,,,,,,,,
fedavg,fedavg,49|374,49|374,2,49,data_2000_3_6.5_chordal,train_epoch,train,,19,2.0,0.1671928564310074,,,,,,,,2000,,,,,,,,,,,
fedavg,fedavg,49|374,49|374,2,49,data_2000_3_6.5_chordal,train_epoch,train,,19,3.0,0.20208035331964494,,,,,,,,2000,,,,,,,,,,,
fedavg,fedavg,49|374,49|374,2,49,data_2000_3_6.5_chordal,val_epoch,val,,19,,,0.24748660230636596,0.9405,0.7914999723434448,0.7542337876910368,0.7787643671035767,0.7787643671035767,0.7787643671035767,2000,,,,,,,,,,,
fedavg,fedavg,49|374,49|374,2,49,data_2000_3_6.5_chordal,val_epoch_task,val,cycle2,19,,,,,,,,,,2000,182.0,7.0,1811.0,0.0,0.9629629629629629,1.0,0.9811320900917053,0.9811320900917053,0.9811320900917053,182.0,0.09099999815225601
fedavg,fedavg,49|374,49|374,2,49,data_2000_3_6.5_chordal,val_epoch_task,val,cycle3,19,,,,,,,,,,2000,192.0,31.0,1776.0,1.0,0.8609865470852018,0.9948186528497409,0.923076868057251,0.923076868057251,0.923076868057251,193.0,0.09650000184774399
fedavg,fedavg,49|374,49|374,2,49,data_2000_3_6.5_chordal,val_epoch_task,val,cycle4,19,,,,,,,,,,2000,174.0,196.0,1630.0,0.0,0.4702702702702703,1.0,0.6397058963775635,0.6397058963775635,0.6397058963775635,174.0,0.08699999749660492
fedavg,fedavg,49|374,49|374,2,49,data_2000_3_6.5_chordal,val_epoch_task,val,cycle5,19,,,,,,,,,,2000,191.0,123.0,1683.0,3.0,0.60828025477707,0.9845360824742269,0.751968502998352,0.751968502998352,0.751968502998352,194.0,0.09700000286102295
fedavg,fedavg,49|374,49|374,2,49,data_2000_3_6.5_chordal,val_epoch_task,val,cycle6,19,,,,,,,,,,2000,174.0,191.0,1592.0,43.0,0.4767123287671233,0.8018433179723502,0.5979381799697876,0.5979381799697876,0.5979381799697876,217.0,0.10849999636411667
fedavg,fedavg,49|374,49|374,2,374,data_2000_3_7.0_chordal,train_epoch,train,,19,1.0,0.1658363288640976,,,,,,,,2000,,,,,,,,,,,
fedavg,fedavg,49|374,49|374,2,374,data_2000_3_7.0_chordal,train_epoch,train,,19,2.0,0.17531950837373733,,,,,,,,2000,,,,,,,,,,,
fedavg,fedavg,49|374,49|374,2,374,data_2000_3_7.0_chordal,train_epoch,train,,19,3.0,0.17550657373666764,,,,,,,,2000,,,,,,,,,,,
fedavg,fedavg,49|374,49|374,2,374,data_2000_3_7.0_chordal,val_epoch,val,,19,,,0.15304663330316542,0.9518,0.8460000157356262,0.7753960857409132,0.7959212064743042,0.7959212064743042,0.7959212064743042,2000,,,,,,,,,,,
fedavg,fedavg,49|374,49|374,2,374,data_2000_3_7.0_chordal,val_epoch_task,val,cycle2,19,,,,,,,,,,2000,178.0,17.0,1805.0,0.0,0.9128205128205128,1.0,0.9544235467910767,0.9544235467910767,0.9544235467910767,178.0,0.08900000154972076
fedavg,fedavg,49|374,49|374,2,374,data_2000_3_7.0_chordal,val_epoch_task,val,cycle3,19,,,,,,,,,,2000,178.0,19.0,1802.0,1.0,0.9035532994923858,0.994413407821229,0.9468085765838623,0.9468085765838623,0.9468085765838623,179.0,0.08950000256299973
fedavg,fedavg,49|374,49|374,2,374,data_2000_3_7.0_chordal,val_epoch_task,val,cycle4,19,,,,,,,,,,2000,168.0,75.0,1755.0,2.0,0.691358024691358,0.9882352941176471,0.8135592937469482,0.8135592937469482,0.8135592937469482,170.0,0.08500000089406967
fedavg,fedavg,49|374,49|374,2,374,data_2000_3_7.0_chordal,val_epoch_task,val,cycle5,19,,,,,,,,,,2000,166.0,126.0,1708.0,0.0,0.5684931506849316,1.0,0.7248908281326294,0.7248908281326294,0.7248908281326294,166.0,0.08299999684095383
fedavg,fedavg,49|374,49|374,2,374,data_2000_3_7.0_chordal,val_epoch_task,val,cycle6,19,,,,,,,,,,2000,142.0,237.0,1616.0,5.0,0.37467018469656993,0.9659863945578231,0.5399239659309387,0.5399239659309387,0.5399239659309387,147.0,0.07349999994039536
fedavg,fedavg,49|374,49|374,2,49,data_2000_3_6.5_chordal,global_val_client,val,,19,,,0.2032581638097763,0.9468,0.828000009059906,0.7783333333333333,0.799782395362854,0.799782395362854,0.799782395362854,2000,,,,,,,,,,,
fedavg,fedavg,49|374,49|374,2,49,data_2000_3_6.5_chordal,global_val_client_task,val,cycle2,19,,,,,,,,,,2000,182.0,12.0,1806.0,0.0,0.9381443298969072,1.0,0.9680851101875305,0.9680851101875305,0.9680851101875305,182.0,0.09099999815225601
fedavg,fedavg,49|374,49|374,2,49,data_2000_3_6.5_chordal,global_val_client_task,val,cycle3,19,,,,,,,,,,2000,193.0,31.0,1776.0,0.0,0.8616071428571429,1.0,0.9256594777107239,0.9256594777107239,0.9256594777107239,193.0,0.09650000184774399
fedavg,fedavg,49|374,49|374,2,49,data_2000_3_6.5_chordal,global_val_client_task,val,cycle4,19,,,,,,,,,,2000,173.0,120.0,1706.0,1.0,0.590443686006826,0.9942528735632183,0.740899384021759,0.740899384021759,0.740899384021759,174.0,0.08699999749660492
fedavg,fedavg,49|374,49|374,2,49,data_2000_3_6.5_chordal,global_val_client_task,val,cycle5,19,,,,,,,,,,2000,192.0,134.0,1672.0,2.0,0.588957055214724,0.9896907216494846,0.7384614944458008,0.7384614944458008,0.7384614944458008,194.0,0.09700000286102295
fedavg,fedavg,49|374,49|374,2,49,data_2000_3_6.5_chordal,global_val_client_task,val,cycle6,19,,,,,,,,,,2000,194.0,209.0,1574.0,23.0,0.4813895781637717,0.8940092165898618,0.625806450843811,0.625806450843811,0.625806450843811,217.0,0.10849999636411667
fedavg,fedavg,49|374,49|374,2,374,data_2000_3_7.0_chordal,global_val_client,val,,19,,,0.14804173278808594,0.9545,0.8510000109672546,0.7840531561461794,0.798202395439148,0.798202395439148,0.798202395439148,2000,,,,,,,,,,,
fedavg,fedavg,49|374,49|374,2,374,data_2000_3_7.0_chordal,global_val_client_task,val,cycle2,19,,,,,,,,,,2000,178.0,10.0,1812.0,0.0,0.9468085106382979,1.0,0.9726775884628296,0.9726775884628296,0.9726775884628296,178.0,0.08900000154972076
fedavg,fedavg,49|374,49|374,2,374,data_2000_3_7.0_chordal,global_val_client_task,val,cycle3,19,,,,,,,,,,2000,179.0,20.0,1801.0,0.0,0.8994974874371859,1.0,0.9470899701118469,0.9470899701118469,0.9470899701118469,179.0,0.08950000256299973
fedavg,fedavg,49|374,49|374,2,374,data_2000_3_7.0_chordal,global_val_client_task,val,cycle4,19,,,,,,,,,,2000,169.0,107.0,1723.0,1.0,0.6123188405797102,0.9941176470588236,0.7578474283218384,0.7578474283218384,0.7578474283218384,170.0,0.08500000089406967
fedavg,fedavg,49|374,49|374,2,374,data_2000_3_7.0_chordal,global_val_client_task,val,cycle5,19,,,,,,,,,,2000,166.0,114.0,1720.0,0.0,0.5928571428571429,1.0,0.7443946003913879,0.7443946003913879,0.7443946003913879,166.0,0.08299999684095383
fedavg,fedavg,49|374,49|374,2,374,data_2000_3_7.0_chordal,global_val_client_task,val,cycle6,19,,,,,,,,,,2000,134.0,190.0,1663.0,13.0,0.41358024691358025,0.9115646258503401,0.5690021514892578,0.5690021514892578,0.5690021514892578,147.0,0.07349999994039536
fedavg,fedavg,49|374,49|374,2,all,all,global_val_mean,val,,19,,,0.17564994829893113,0.95065,0.8395000100135803,0.7811932447397565,0.798992395401001,0.798992395401001,0.798992395401001,4000,,,,,,,,,,,
fedavg,fedavg,49|374,49|374,2,49,data_2000_3_6.5_chordal,train_epoch,train,,20,1.0,0.1776968051046133,,,,,,,,2000,,,,,,,,,,,
fedavg,fedavg,49|374,49|374,2,49,data_2000_3_6.5_chordal,train_epoch,train,,20,2.0,0.16976939260959625,,,,,,,,2000,,,,,,,,,,,
fedavg,fedavg,49|374,49|374,2,49,data_2000_3_6.5_chordal,train_epoch,train,,20,3.0,0.17896063876152038,,,,,,,,2000,,,,,,,,,,,
fedavg,fedavg,49|374,49|374,2,49,data_2000_3_6.5_chordal,val_epoch,val,,20,,,0.20625577729940414,0.9514,0.8389999866485596,0.7949367088607595,0.8191429376602173,0.8191429376602173,0.8191429376602173,2000,,,,,,,,,,,
fedavg,fedavg,49|374,49|374,2,49,data_2000_3_6.5_chordal,val_epoch_task,val,cycle2,20,,,,,,,,,,2000,182.0,10.0,1808.0,0.0,0.9479166666666666,1.0,0.9732620120048523,0.9732620120048523,0.9732620120048523,182.0,0.09099999815225601
fedavg,fedavg,49|374,49|374,2,49,data_2000_3_6.5_chordal,val_epoch_task,val,cycle3,20,,,,,,,,,,2000,193.0,23.0,1784.0,0.0,0.8935185185185185,1.0,0.9437652826309204,0.9437652826309204,0.9437652826309204,193.0,0.09650000184774399
fedavg,fedavg,49|374,49|374,2,49,data_2000_3_6.5_chordal,val_epoch_task,val,cycle4,20,,,,,,,,,,2000,174.0,82.0,1744.0,0.0,0.6796875,1.0,0.8093023300170898,0.8093023300170898,0.8093023300170898,174.0,0.08699999749660492
fedavg,fedavg,49|374,49|374,2,49,data_2000_3_6.5_chordal,val_epoch_task,val,cycle5,20,,,,,,,,,,2000,193.0,135.0,1671.0,1.0,0.5884146341463414,0.9948453608247423,0.7394635677337646,0.7394635677337646,0.7394635677337646,194.0,0.09700000286102295
fedavg,fedavg,49|374,49|374,2,49,data_2000_3_6.5_chordal,val_epoch_task,val,cycle6,20,,,,,,,,,,2000,200.0,218.0,1565.0,17.0,0.4784688995215311,0.9216589861751152,0.6299212574958801,0.6299212574958801,0.6299212574958801,217.0,0.10849999636411667
fedavg,fedavg,49|374,49|374,2,374,data_2000_3_7.0_chordal,train_epoch,train,,20,1.0,0.19300794187188147,,,,,,,,2000,,,,,,,,,,,
fedavg,fedavg,49|374,49|374,2,374,data_2000_3_7.0_chordal,train_epoch,train,,20,2.0,0.15703652411699295,,,,,,,,2000,,,,,,,,,,,
fedavg,fedavg,49|374,49|374,2,374,data_2000_3_7.0_chordal,train_epoch,train,,20,3.0,0.19176058658957482,,,,,,,,2000,,,,,,,,,,,
fedavg,fedavg,49|374,49|374,2,374,data_2000_3_7.0_chordal,val_epoch,val,,20,,,0.15705511522293092,0.9493,0.8295000195503235,0.7653863951874132,0.7896659970283508,0.7896659970283508,0.7896659970283508,2000,,,,,,,,,,,
fedavg,fedavg,49|374,49|374,2,374,data_2000_3_7.0_chordal,val_epoch_task,val,cycle2,20,,,,,,,,,,2000,178.0,15.0,1807.0,0.0,0.9222797927461139,1.0,0.9595686793327332,0.9595686793327332,0.9595686793327332,178.0,0.08900000154972076
fedavg,fedavg,49|374,49|374,2,374,data_2000_3_7.0_chordal,val_epoch_task,val,cycle3,20,,,,,,,,,,2000,178.0,33.0,1788.0,1.0,0.8436018957345972,0.994413407821229,0.9128205180168152,0.9128205180168152,0.9128205180168152,179.0,0.08950000256299973
fedavg,fedavg,49|374,49|374,2,374,data_2000_3_7.0_chordal,val_epoch_task,val,cycle4,20,,,,,,,,,,2000,169.0,63.0,1767.0,1.0,0.728448275862069,0.9941176470588236,0.8407959938049316,0.8407959938049316,0.8407959938049316,170.0,0.08500000089406967
fedavg,fedavg,49|374,49|374,2,374,data_2000_3_7.0_chordal,val_epoch_task,val,cycle5,20,,,,,,,,,,2000,162.0,116.0,1718.0,4.0,0.5827338129496403,0.9759036144578314,0.7297297716140747,0.7297297716140747,0.7297297716140747,166.0,0.08299999684095383
fedavg,fedavg,49|374,49|374,2,374,data_2000_3_7.0_chordal,val_epoch_task,val,cycle6,20,,,,,,,,,,2000,140.0,267.0,1586.0,7.0,0.343980343980344,0.9523809523809523,0.505415141582489,0.505415141582489,0.505415141582489,147.0,0.07349999994039536
fedavg,fedavg,49|374,49|374,2,49,data_2000_3_6.5_chordal,global_val_client,val,,20,,,0.19182553553581239,0.9444,0.8199999928474426,0.7737998372660699,0.7984141111373901,0.7984141111373901,0.7984141111373901,2000,,,,,,,,,,,
fedavg,fedavg,49|374,49|374,2,49,data_2000_3_6.5_chordal,global_val_client_task,val,cycle2,20,,,,,,,,,,2000,182.0,17.0,1801.0,0.0,0.914572864321608,1.0,0.9553805589675903,0.9553805589675903,0.9553805589675903,182.0,0.09099999815225601
fedavg,fedavg,49|374,49|374,2,49,data_2000_3_6.5_chordal,global_val_client_task,val,cycle3,20,,,,,,,,,,2000,193.0,34.0,1773.0,0.0,0.8502202643171806,1.0,0.9190476536750793,0.9190476536750793,0.9190476536750793,193.0,0.09650000184774399
fedavg,fedavg,49|374,49|374,2,49,data_2000_3_6.5_chordal,global_val_client_task,val,cycle4,20,,,,,,,,,,2000,171.0,94.0,1732.0,3.0,0.6452830188679245,0.9827586206896551,0.7790432572364807,0.7790432572364807,0.7790432572364807,174.0,0.08699999749660492
fedavg,fedavg,49|374,49|374,2,49,data_2000_3_6.5_chordal,global_val_client_task,val,cycle5,20,,,,,,,,,,2000,194.0,158.0,1648.0,0.0,0.5511363636363636,1.0,0.7106227278709412,0.7106227278709412,0.7106227278709412,194.0,0.09700000286102295
fedavg,fedavg,49|374,49|374,2,49,data_2000_3_6.5_chordal,global_val_client_task,val,cycle6,20,,,,,,,,,,2000,211.0,244.0,1539.0,6.0,0.46373626373626375,0.9723502304147466,0.6279761791229248,0.6279761791229248,0.6279761791229248,217.0,0.10849999636411667
fedavg,fedavg,49|374,49|374,2,374,data_2000_3_7.0_chordal,global_val_client,val,,20,,,0.14369125974178315,0.9489,0.8485000133514404,0.7661327231121282,0.7876062393188477,0.7876062393188477,0.7876062393188477,2000,,,,,,,,,,,
fedavg,fedavg,49|374,49|374,2,374,data_2000_3_7.0_chordal,global_val_client_task,val,cycle2,20,,,,,,,,,,2000,178.0,15.0,1807.0,0.0,0.9222797927461139,1.0,0.9595686793327332,0.9595686793327332,0.9595686793327332,178.0,0.08900000154972076
fedavg,fedavg,49|374,49|374,2,374,data_2000_3_7.0_chordal,global_val_client_task,val,cycle3,20,,,,,,,,,,2000,179.0,21.0,1800.0,0.0,0.895,1.0,0.9445910453796387,0.9445910453796387,0.9445910453796387,179.0,0.08950000256299973
fedavg,fedavg,49|374,49|374,2,374,data_2000_3_7.0_chordal,global_val_client_task,val,cycle4,20,,,,,,,,,,2000,169.0,90.0,1740.0,1.0,0.6525096525096525,0.9941176470588236,0.7878788113594055,0.7878788113594055,0.7878788113594055,170.0,0.08500000089406967
fedavg,fedavg,49|374,49|374,2,374,data_2000_3_7.0_chordal,global_val_client_task,val,cycle5,20,,,,,,,,,,2000,166.0,141.0,1693.0,0.0,0.5407166123778502,1.0,0.7019026875495911,0.7019026875495911,0.7019026875495911,166.0,0.08299999684095383
fedavg,fedavg,49|374,49|374,2,374,data_2000_3_7.0_chordal,global_val_client_task,val,cycle6,20,,,,,,,,,,2000,145.0,241.0,1612.0,2.0,0.3756476683937824,0.9863945578231292,0.5440900921821594,0.5440900921821594,0.5440900921821594,147.0,0.07349999994039536
fedavg,fedavg,49|374,49|374,2,all,all,global_val_mean,val,,20,,,0.16775839763879777,0.94665,0.8342500030994415,0.7699662801890991,0.7930101752281189,0.7930101752281189,0.7930101752281189,4000,,,,,,,,,,,
fedavg,fedavg,49|374,49|374,2,49,data_2000_3_6.5_chordal,train_epoch,train,,21,1.0,0.19411854332685471,,,,,,,,2000,,,,,,,,,,,
fedavg,fedavg,49|374,49|374,2,49,data_2000_3_6.5_chordal,train_epoch,train,,21,2.0,0.18567512559890748,,,,,,,,2000,,,,,,,,,,,
fedavg,fedavg,49|374,49|374,2,49,data_2000_3_6.5_chordal,train_epoch,train,,21,3.0,0.14958067041262985,,,,,,,,2000,,,,,,,,,,,
fedavg,fedavg,49|374,49|374,2,49,data_2000_3_6.5_chordal,val_epoch,val,,21,,,0.23835403174161912,0.9533,0.843500018119812,0.797044763146458,0.8193866610527039,0.8193866610527039,0.8193866610527039,2000,,,,,,,,,,,
fedavg,fedavg,49|374,49|374,2,49,data_2000_3_6.5_chordal,val_epoch_task,val,cycle2,21,,,,,,,,,,2000,181.0,11.0,1807.0,1.0,0.9427083333333334,0.9945054945054945,0.9679144024848938,0.9679144024848938,0.9679144024848938,182.0,0.09099999815225601
fedavg,fedavg,49|374,49|374,2,49,data_2000_3_6.5_chordal,val_epoch_task,val,cycle3,21,,,,,,,,,,2000,187.0,6.0,1801.0,6.0,0.9689119170984456,0.9689119170984456,0.9689119458198547,0.9689119458198547,0.9689119458198547,193.0,0.09650000184774399
fedavg,fedavg,49|374,49|374,2,49,data_2000_3_6.5_chordal,val_epoch_task,val,cycle4,21,,,,,,,,,,2000,173.0,101.0,1725.0,1.0,0.6313868613138686,0.9942528735632183,0.7723214626312256,0.7723214626312256,0.7723214626312256,174.0,0.08699999749660492
fedavg,fedavg,49|374,49|374,2,49,data_2000_3_6.5_chordal,val_epoch_task,val,cycle5,21,,,,,,,,,,2000,190.0,115.0,1691.0,4.0,0.6229508196721312,0.979381443298969,0.7615230679512024,0.7615230679512024,0.7615230679512024,194.0,0.09700000286102295
fedavg,fedavg,49|374,49|374,2,49,data_2000_3_6.5_chordal,val_epoch_task,val,cycle6,21,,,,,,,,,,2000,186.0,191.0,1592.0,31.0,0.493368700265252,0.8571428571428571,0.6262626647949219,0.6262626647949219,0.6262626647949219,217.0,0.10849999636411667
fedavg,fedavg,49|374,49|374,2,374,data_2000_3_7.0_chordal,train_epoch,train,,21,1.0,0.1685867015272379,,,,,,,,2000,,,,,,,,,,,
fedavg,fedavg,49|374,49|374,2,374,data_2000_3_7.0_chordal,train_epoch,train,,21,2.0,0.19938901180028915,,,,,,,,2000,,,,,,,,,,,
fedavg,fedavg,49|374,49|374,2,374,data_2000_3_7.0_chordal,train_epoch,train,,21,3.0,0.15724023342132568,,,,,,,,2000,,,,,,,,,,,
fedavg,fedavg,49|374,49|374,2,374,data_2000_3_7.0_chordal,val_epoch,val,,21,,,0.1306716323494911,0.9647,0.8769999742507935,0.8232348522784176,0.8383798599243164,0.8383798599243164,0.8383798599243164,2000,,,,,,,,,,,
fedavg,fedavg,49|374,49|374,2,374,data_2000_3_7.0_chordal,val_epoch_task,val,cycle2,21,,,,,,,,,,2000,178.0,5.0,1817.0,0.0,0.9726775956284153,1.0,0.9861496090888977,0.9861496090888977,0.9861496090888977,178.0,0.08900000154972076
fedavg,fedavg,49|374,49|374,2,374,data_2000_3_7.0_chordal,val_epoch_task,val,cycle3,21,,,,,,,,,,2000,179.0,18.0,1803.0,0.0,0.9086294416243654,1.0,0.9521276354789734,0.9521276354789734,0.9521276354789734,179.0,0.08950000256299973
fedavg,fedavg,49|374,49|374,2,374,data_2000_3_7.0_chordal,val_epoch_task,val,cycle4,21,,,,,,,,,,2000,168.0,34.0,1796.0,2.0,0.8316831683168316,0.9882352941176471,0.903225839138031,0.903225839138031,0.903225839138031,170.0,0.08500000089406967
fedavg,fedavg,49|374,49|374,2,374,data_2000_3_7.0_chordal,val_epoch_task,val,cycle5,21,,,,,,,,,,2000,158.0,89.0,1745.0,8.0,0.6396761133603239,0.9518072289156626,0.7651331424713135,0.7651331424713135,0.7651331424713135,166.0,0.08299999684095383
fedavg,fedavg,49|374,49|374,2,374,data_2000_3_7.0_chordal,val_epoch_task,val,cycle6,21,,,,,,,,,,2000,139.0,189.0,1664.0,8.0,0.42378048780487804,0.9455782312925171,0.5852631330490112,0.5852631330490112,0.5852631330490112,147.0,0.07349999994039536
fedavg,fedavg,49|374,49|374,2,49,data_2000_3_6.5_chordal,global_val_client,val,,21,,,0.1887234079837799,0.9492,0.8330000042915344,0.7870913663034367,0.8122671246528625,0.8122671246528625,0.8122671246528625,2000,,,,,,,,,,,
fedavg,fedavg,49|374,49|374,2,49,data_2000_3_6.5_chordal,global_val_client_task,val,cycle2,21,,,,,,,,,,2000,182.0,8.0,1810.0,0.0,0.9578947368421052,1.0,0.9784945845603943,0.9784945845603943,0.9784945845603943,182.0,0.09099999815225601
fedavg,fedavg,49|374,49|374,2,49,data_2000_3_6.5_chordal,global_val_client_task,val,cycle3,21,,,,,,,,,,2000,193.0,26.0,1781.0,0.0,0.8812785388127854,1.0,0.9368931651115417,0.9368931651115417,0.9368931651115417,193.0,0.09650000184774399
fedavg,fedavg,49|374,49|374,2,49,data_2000_3_6.5_chordal,global_val_client_task,val,cycle4,21,,,,,,,,,,2000,169.0,89.0,1737.0,5.0,0.6550387596899225,0.9712643678160919,0.7824074029922485,0.7824074029922485,0.7824074029922485,174.0,0.08699999749660492
fedavg,fedavg,49|374,49|374,2,49,data_2000_3_6.5_chordal,global_val_client_task,val,cycle5,21,,,,,,,,,,2000,192.0,133.0,1673.0,2.0,0.5907692307692308,0.9896907216494846,0.7398843765258789,0.7398843765258789,0.7398843765258789,194.0,0.09700000286102295
fedavg,fedavg,49|374,49|374,2,49,data_2000_3_6.5_chordal,global_val_client_task,val,cycle6,21,,,,,,,,,,2000,203.0,231.0,1552.0,14.0,0.46774193548387094,0.9354838709677419,0.6236559152603149,0.6236559152603149,0.6236559152603149,217.0,0.10849999636411667
fedavg,fedavg,49|374,49|374,2,374,data_2000_3_7.0_chordal,global_val_client,val,,21,,,0.1354060840010643,0.9576,0.8659999966621399,0.7965451055662187,0.8127570152282715,0.8127570152282715,0.8127570152282715,2000,,,,,,,,,,,
fedavg,fedavg,49|374,49|374,2,374,data_2000_3_7.0_chordal,global_val_client_task,val,cycle2,21,,,,,,,,,,2000,178.0,8.0,1814.0,0.0,0.956989247311828,1.0,0.9780219197273254,0.9780219197273254,0.9780219197273254,178.0,0.08900000154972076
fedavg,fedavg,49|374,49|374,2,374,data_2000_3_7.0_chordal,global_val_client_task,val,cycle3,21,,,,,,,,,,2000,179.0,17.0,1804.0,0.0,0.9132653061224489,1.0,0.9546666741371155,0.9546666741371155,0.9546666741371155,179.0,0.08950000256299973
fedavg,fedavg,49|374,49|374,2,374,data_2000_3_7.0_chordal,global_val_client_task,val,cycle4,21,,,,,,,,,,2000,170.0,79.0,1751.0,0.0,0.6827309236947792,1.0,0.8114558458328247,0.8114558458328247,0.8114558458328247,170.0,0.08500000089406967
fedavg,fedavg,49|374,49|374,2,374,data_2000_3_7.0_chordal,global_val_client_task,val,cycle5,21,,,,,,,,,,2000,164.0,106.0,1728.0,2.0,0.6074074074074074,0.9879518072289156,0.752293586730957,0.752293586730957,0.752293586730957,166.0,0.08299999684095383
fedavg,fedavg,49|374,49|374,2,374,data_2000_3_7.0_chordal,global_val_client_task,val,cycle6,21,,,,,,,,,,2000,139.0,204.0,1649.0,8.0,0.40524781341107874,0.9455782312925171,0.5673469305038452,0.5673469305038452,0.5673469305038452,147.0,0.07349999994039536
fedavg,fedavg,49|374,49|374,2,all,all,global_val_mean,val,,21,,,0.1620647459924221,0.9534000000000001,0.8495000004768372,0.7918182359348277,0.812512069940567,0.812512069940567,0.812512069940567,4000,,,,,,,,,,,
fedavg,fedavg,49|374,49|374,2,49,data_2000_3_6.5_chordal,train_epoch,train,,22,1.0,0.16180546170473098,,,,,,,,2000,,,,,,,,,,,
fedavg,fedavg,49|374,49|374,2,49,data_2000_3_6.5_chordal,train_epoch,train,,22,2.0,0.1676264990568161,,,,,,,,2000,,,,,,,,,,,
fedavg,fedavg,49|374,49|374,2,49,data_2000_3_6.5_chordal,train_epoch,train,,22,3.0,0.14808716022968293,,,,,,,,2000,,,,,,,,,,,
fedavg,fedavg,49|374,49|374,2,49,data_2000_3_6.5_chordal,val_epoch,val,,22,,,0.19890391457080842,0.9532,0.840499997138977,0.7981018119068162,0.818238377571106,0.818238377571106,0.818238377571106,2000,,,,,,,,,,,
fedavg,fedavg,49|374,49|374,2,49,data_2000_3_6.5_chordal,val_epoch_task,val,cycle2,22,,,,,,,,,,2000,182.0,30.0,1788.0,0.0,0.8584905660377359,1.0,0.9238578677177429,0.9238578677177429,0.9238578677177429,182.0,0.09099999815225601
fedavg,fedavg,49|374,49|374,2,49,data_2000_3_6.5_chordal,val_epoch_task,val,cycle3,22,,,,,,,,,,2000,189.0,24.0,1783.0,4.0,0.8873239436619719,0.9792746113989638,0.9310344457626343,0.9310344457626343,0.9310344457626343,193.0,0.09650000184774399
fedavg,fedavg,49|374,49|374,2,49,data_2000_3_6.5_chordal,val_epoch_task,val,cycle4,22,,,,,,,,,,2000,173.0,63.0,1763.0,1.0,0.7330508474576272,0.9942528735632183,0.8439024090766907,0.8439024090766907,0.8439024090766907,174.0,0.08699999749660492
fedavg,fedavg,49|374,49|374,2,49,data_2000_3_6.5_chordal,val_epoch_task,val,cycle5,22,,,,,,,,,,2000,192.0,109.0,1697.0,2.0,0.6378737541528239,0.9896907216494846,0.7757576107978821,0.7757576107978821,0.7757576107978821,194.0,0.09700000286102295
fedavg,fedavg,49|374,49|374,2,49,data_2000_3_6.5_chordal,val_epoch_task,val,cycle6,22,,,,,,,,,,2000,189.0,207.0,1576.0,28.0,0.4772727272727273,0.8709677419354839,0.6166394352912903,0.6166394352912903,0.6166394352912903,217.0,0.10849999636411667
fedavg,fedavg,49|374,49|374,2,374,data_2000_3_7.0_chordal,train_epoch,train,,22,1.0,0.19065715277194978,,,,,,,,2000,,,,,,,,,,,
fedavg,fedavg,49|374,49|374,2,374,data_2000_3_7.0_chordal,train_epoch,train,,22,2.0,0.17292596399784088,,,,,,,,2000,,,,,,,,,,,
fedavg,fedavg,49|374,49|374,2,374,data_2000_3_7.0_chordal,train_epoch,train,,22,3.0,0.16349252033233644,,,,,,,,2000,,,,,,,,,,,
fedavg,fedavg,49|374,49|374,2,374,data_2000_3_7.0_chordal,val_epoch,val,,22,,,0.16476004597265273,0.9613,0.8659999966621399,0.8081308874566188,0.8233410716056824,0.8233410716056824,0.8233410716056824,2000,,,,,,,,,,,
fedavg,fedavg,49|374,49|374,2,374,data_2000_3_7.0_chordal,val_epoch_task,val,cycle2,22,,,,,,,,,,2000,178.0,11.0,1811.0,0.0,0.9417989417989417,1.0,0.9700272679328918,0.9700272679328918,0.9700272679328918,178.0,0.08900000154972076
fedavg,fedavg,49|374,49|374,2,374,data_2000_3_7.0_chordal,val_epoch_task,val,cycle3,22,,,,,,,,,,2000,177.0,9.0,1812.0,2.0,0.9516129032258065,0.9888268156424581,0.9698629975318909,0.9698629975318909,0.9698629975318909,179.0,0.08950000256299973
fedavg,fedavg,49|374,49|374,2,374,data_2000_3_7.0_chordal,val_epoch_task,val,cycle4,22,,,,,,,,,,2000,164.0,54.0,1776.0,6.0,0.7522935779816514,0.9647058823529412,0.8453608155250549,0.8453608155250549,0.8453608155250549,170.0,0.08500000089406967
fedavg,fedavg,49|374,49|374,2,374,data_2000_3_7.0_chordal,val_epoch_task,val,cycle5,22,,,,,,,,,,2000,161.0,95.0,1739.0,5.0,0.62890625,0.9698795180722891,0.7630332112312317,0.7630332112312317,0.7630332112312317,166.0,0.08299999684095383
fedavg,fedavg,49|374,49|374,2,374,data_2000_3_7.0_chordal,val_epoch_task,val,cycle6,22,,,,,,,,,,2000,135.0,193.0,1660.0,12.0,0.4115853658536585,0.9183673469387755,0.5684210062026978,0.5684210062026978,0.5684210062026978,147.0,0.07349999994039536
fedavg,fedavg,49|374,49|374,2,49,data_2000_3_6.5_chordal,global_val_client,val,,22,,,0.1917268860936165,0.9549,0.8464999794960022,0.8058544984933277,0.8266886472702026,0.8266886472702026,0.8266886472702026,2000,,,,,,,,,,,
fedavg,fedavg,49|374,49|374,2,49,data_2000_3_6.5_chordal,global_val_client_task,val,cycle2,22,,,,,,,,,,2000,182.0,13.0,1805.0,0.0,0.9333333333333333,1.0,0.9655172228813171,0.9655172228813171,0.9655172228813171,182.0,0.09099999815225601
fedavg,fedavg,49|374,49|374,2,49,data_2000_3_6.5_chordal,global_val_client_task,val,cycle3,22,,,,,,,,,,2000,193.0,25.0,1782.0,0.0,0.8853211009174312,1.0,0.9391726851463318,0.9391726851463318,0.9391726851463318,193.0,0.09650000184774399
fedavg,fedavg,49|374,49|374,2,49,data_2000_3_6.5_chordal,global_val_client_task,val,cycle4,22,,,,,,,,,,2000,172.0,71.0,1755.0,2.0,0.7078189300411523,0.9885057471264368,0.8249400854110718,0.8249400854110718,0.8249400854110718,174.0,0.08699999749660492
fedavg,fedavg,49|374,49|374,2,49,data_2000_3_6.5_chordal,global_val_client_task,val,cycle5,22,,,,,,,,,,2000,191.0,117.0,1689.0,3.0,0.6201298701298701,0.9845360824742269,0.7609562277793884,0.7609562277793884,0.7609562277793884,194.0,0.09700000286102295
fedavg,fedavg,49|374,49|374,2,49,data_2000_3_6.5_chordal,global_val_client_task,val,cycle6,22,,,,,,,,,,2000,198.0,201.0,1582.0,19.0,0.49624060150375937,0.9124423963133641,0.6428571343421936,0.6428571343421936,0.6428571343421936,217.0,0.10849999636411667
fedavg,fedavg,49|374,49|374,2,374,data_2000_3_7.0_chordal,global_val_client,val,,22,,,0.1337028048634529,0.9615,0.8725000023841858,0.8089330024813896,0.8214331865310669,0.8214331865310669,0.8214331865310669,2000,,,,,,,,,,,
fedavg,fedavg,49|374,49|374,2,374,data_2000_3_7.0_chordal,global_val_client_task,val,cycle2,22,,,,,,,,,,2000,178.0,10.0,1812.0,0.0,0.9468085106382979,1.0,0.9726775884628296,0.9726775884628296,0.9726775884628296,178.0,0.08900000154972076
fedavg,fedavg,49|374,49|374,2,374,data_2000_3_7.0_chordal,global_val_client_task,val,cycle3,22,,,,,,,,,,2000,179.0,20.0,1801.0,0.0,0.8994974874371859,1.0,0.9470899701118469,0.9470899701118469,0.9470899701118469,179.0,0.08950000256299973
fedavg,fedavg,49|374,49|374,2,374,data_2000_3_7.0_chordal,global_val_client_task,val,cycle4,22,,,,,,,,,,2000,164.0,50.0,1780.0,6.0,0.7663551401869159,0.9647058823529412,0.8541667461395264,0.8541667461395264,0.8541667461395264,170.0,0.08500000089406967
fedavg,fedavg,49|374,49|374,2,374,data_2000_3_7.0_chordal,global_val_client_task,val,cycle5,22,,,,,,,,,,2000,162.0,98.0,1736.0,4.0,0.6230769230769231,0.9759036144578314,0.7605633735656738,0.7605633735656738,0.7605633735656738,166.0,0.08299999684095383
fedavg,fedavg,49|374,49|374,2,374,data_2000_3_7.0_chordal,global_val_client_task,val,cycle6,22,,,,,,,,,,2000,132.0,182.0,1671.0,15.0,0.42038216560509556,0.8979591836734694,0.5726680755615234,0.5726680755615234,0.5726680755615234,147.0,0.07349999994039536
fedavg,fedavg,49|374,49|374,2,all,all,global_val_mean,val,,22,,,0.1627148454785347,0.9582,0.859499990940094,0.8073937504873586,0.8240609169006348,0.8240609169006348,0.8240609169006348,4000,,,,,,,,,,,
fedavg,fedavg,49|374,49|374,2,49,data_2000_3_6.5_chordal,train_epoch,train,,23,1.0,0.1794009969830513,,,,,,,,2000,,,,,,,,,,,
fedavg,fedavg,49|374,49|374,2,49,data_2000_3_6.5_chordal,train_epoch,train,,23,2.0,0.1445993157327175,,,,,,,,2000,,,,,,,,,,,
fedavg,fedavg,49|374,49|374,2,49,data_2000_3_6.5_chordal,train_epoch,train,,23,3.0,0.17159676790237427,,,,,,,,2000,,,,,,,,,,,
fedavg,fedavg,49|374,49|374,2,49,data_2000_3_6.5_chordal,val_epoch,val,,23,,,0.2181023045927286,0.9403,0.8040000200271606,0.7572183814558764,0.7815702557563782,0.7815702557563782,0.7815702557563782,2000,,,,,,,,,,,
fedavg,fedavg,49|374,49|374,2,49,data_2000_3_6.5_chordal,val_epoch_task,val,cycle2,23,,,,,,,,,,2000,182.0,25.0,1793.0,0.0,0.8792270531400966,1.0,0.9357326626777649,0.9357326626777649,0.9357326626777649,182.0,0.09099999815225601
fedavg,fedavg,49|374,49|374,2,49,data_2000_3_6.5_chordal,val_epoch_task,val,cycle3,23,,,,,,,,,,2000,193.0,44.0,1763.0,0.0,0.8143459915611815,1.0,0.8976743817329407,0.8976743817329407,0.8976743817329407,193.0,0.09650000184774399
fedavg,fedavg,49|374,49|374,2,49,data_2000_3_6.5_chordal,val_epoch_task,val,cycle4,23,,,,,,,,,,2000,170.0,85.0,1741.0,4.0,0.6666666666666666,0.9770114942528736,0.7925407886505127,0.7925407886505127,0.7925407886505127,174.0,0.08699999749660492
fedavg,fedavg,49|374,49|374,2,49,data_2000_3_6.5_chordal,val_epoch_task,val,cycle5,23,,,,,,,,,,2000,193.0,174.0,1632.0,1.0,0.5258855585831063,0.9948453608247423,0.6880570650100708,0.6880570650100708,0.6880570650100708,194.0,0.09700000286102295
fedavg,fedavg,49|374,49|374,2,49,data_2000_3_6.5_chordal,val_epoch_task,val,cycle6,23,,,,,,,,,,2000,193.0,240.0,1543.0,24.0,0.4457274826789838,0.8894009216589862,0.5938461422920227,0.5938461422920227,0.5938461422920227,217.0,0.10849999636411667
fedavg,fedavg,49|374,49|374,2,374,data_2000_3_7.0_chordal,train_epoch,train,,23,1.0,0.18705423510074615,,,,,,,,2000,,,,,,,,,,,
fedavg,fedavg,49|374,49|374,2,374,data_2000_3_7.0_chordal,train_epoch,train,,23,2.0,0.17388239520788193,,,,,,,,2000,,,,,,,,,,,
fedavg,fedavg,49|374,49|374,2,374,data_2000_3_7.0_chordal,train_epoch,train,,23,3.0,0.1795676724910736,,,,,,,,2000,,,,,,,,,,,
fedavg,fedavg,49|374,49|374,2,374,data_2000_3_7.0_chordal,val_epoch,val,,23,,,0.16120328682661056,0.9542,0.8385000228881836,0.7816968541468066,0.808377742767334,0.808377742767334,0.808377742767334,2000,,,,,,,,,,,
fedavg,fedavg,49|374,49|374,2,374,data_2000_3_7.0_chordal,val_epoch_task,val,cycle2,23,,,,,,,,,,2000,178.0,9.0,1813.0,0.0,0.9518716577540107,1.0,0.9753424525260925,0.9753424525260925,0.9753424525260925,178.0,0.08900000154972076
fedavg,fedavg,49|374,49|374,2,374,data_2000_3_7.0_chordal,val_epoch_task,val,cycle3,23,,,,,,,,,,2000,176.0,12.0,1809.0,3.0,0.9361702127659575,0.9832402234636871,0.9591280817985535,0.9591280817985535,0.9591280817985535,179.0,0.08950000256299973
fedavg,fedavg,49|374,49|374,2,374,data_2000_3_7.0_chordal,val_epoch_task,val,cycle4,23,,,,,,,,,,2000,165.0,51.0,1779.0,5.0,0.7638888888888888,0.9705882352941176,0.854922354221344,0.854922354221344,0.854922354221344,170.0,0.08500000089406967
fedavg,fedavg,49|374,49|374,2,374,data_2000_3_7.0_chordal,val_epoch_task,val,cycle5,23,,,,,,,,,,2000,161.0,110.0,1724.0,5.0,0.5940959409594095,0.9698795180722891,0.7368420958518982,0.7368420958518982,0.7368420958518982,166.0,0.08299999684095383
fedavg,fedavg,49|374,49|374,2,374,data_2000_3_7.0_chordal,val_epoch_task,val,cycle6,23,,,,,,,,,,2000,140.0,256.0,1597.0,7.0,0.35353535353535354,0.9523809523809523,0.5156537890434265,0.5156537890434265,0.5156537890434265,147.0,0.07349999994039536
fedavg,fedavg,49|374,49|374,2,49,data_2000_3_6.5_chordal,global_val_client,val,,23,,,0.181075031042099,0.9467,0.8209999799728394,0.780387309435517,0.8070915341377258,0.8070915341377258,0.8070915341377258,2000,,,,,,,,,,,
fedavg,fedavg,49|374,49|374,2,49,data_2000_3_6.5_chordal,global_val_client_task,val,cycle2,23,,,,,,,,,,2000,182.0,9.0,1809.0,0.0,0.9528795811518325,1.0,0.9758713245391846,0.9758713245391846,0.9758713245391846,182.0,0.09099999815225601
fedavg,fedavg,49|374,49|374,2,49,data_2000_3_6.5_chordal,global_val_client_task,val,cycle3,23,,,,,,,,,,2000,193.0,34.0,1773.0,0.0,0.8502202643171806,1.0,0.9190476536750793,0.9190476536750793,0.9190476536750793,193.0,0.09650000184774399
fedavg,fedavg,49|374,49|374,2,49,data_2000_3_6.5_chordal,global_val_client_task,val,cycle4,23,,,,,,,,,,2000,172.0,79.0,1747.0,2.0,0.6852589641434262,0.9885057471264368,0.8094117641448975,0.8094117641448975,0.8094117641448975,174.0,0.08699999749660492
fedavg,fedavg,49|374,49|374,2,49,data_2000_3_6.5_chordal,global_val_client_task,val,cycle5,23,,,,,,,,,,2000,191.0,158.0,1648.0,3.0,0.5472779369627507,0.9845360824742269,0.7034990787506104,0.7034990787506104,0.7034990787506104,194.0,0.09700000286102295
fedavg,fedavg,49|374,49|374,2,49,data_2000_3_6.5_chordal,global_val_client_task,val,cycle6,23,,,,,,,,,,2000,209.0,240.0,1543.0,8.0,0.46547884187082406,0.9631336405529954,0.6276276111602783,0.6276276111602783,0.6276276111602783,217.0,0.10849999636411667
fedavg,fedavg,49|374,49|374,2,374,data_2000_3_7.0_chordal,global_val_client,val,,23,,,0.13977355027198793,0.9534,0.8454999923706055,0.7806026365348399,0.8016229867935181,0.8016229867935181,0.8016229867935181,2000,,,,,,,,,,,
fedavg,fedavg,49|374,49|374,2,374,data_2000_3_7.0_chordal,global_val_client_task,val,cycle2,23,,,,,,,,,,2000,178.0,15.0,1807.0,0.0,0.9222797927461139,1.0,0.9595686793327332,0.9595686793327332,0.9595686793327332,178.0,0.08900000154972076
fedavg,fedavg,49|374,49|374,2,374,data_2000_3_7.0_chordal,global_val_client_task,val,cycle3,23,,,,,,,,,,2000,179.0,18.0,1803.0,0.0,0.9086294416243654,1.0,0.9521276354789734,0.9521276354789734,0.9521276354789734,179.0,0.08950000256299973
fedavg,fedavg,49|374,49|374,2,374,data_2000_3_7.0_chordal,global_val_client_task,val,cycle4,23,,,,,,,,,,2000,167.0,58.0,1772.0,3.0,0.7422222222222222,0.9823529411764705,0.8455696105957031,0.8455696105957031,0.8455696105957031,170.0,0.08500000089406967
fedavg,fedavg,49|374,49|374,2,374,data_2000_3_7.0_chordal,global_val_client_task,val,cycle5,23,,,,,,,,,,2000,163.0,135.0,1699.0,3.0,0.5469798657718121,0.9819277108433735,0.7025861740112305,0.7025861740112305,0.7025861740112305,166.0,0.08299999684095383
fedavg,fedavg,49|374,49|374,2,374,data_2000_3_7.0_chordal,global_val_client_task,val,cycle6,23,,,,,,,,,,2000,142.0,229.0,1624.0,5.0,0.38274932614555257,0.9659863945578231,0.5482625365257263,0.5482625365257263,0.5482625365257263,147.0,0.07349999994039536
fedavg,fedavg,49|374,49|374,2,all,all,global_val_mean,val,,23,,,0.16042429065704344,0.95005,0.8332499861717224,0.7804949729851784,0.804357260465622,0.804357260465622,0.804357260465622,4000,,,,,,,,,,,
fedavg,fedavg,49|374,49|374,2,49,data_2000_3_6.5_chordal,train_epoch,train,,24,1.0,0.17642960941791536,,,,,,,,2000,,,,,,,,,,,
fedavg,fedavg,49|374,49|374,2,49,data_2000_3_6.5_chordal,train_epoch,train,,24,2.0,0.17246461272239685,,,,,,,,2000,,,,,,,,,,,
fedavg,fedavg,49|374,49|374,2,49,data_2000_3_6.5_chordal,train_epoch,train,,24,3.0,0.18643359339237214,,,,,,,,2000,,,,,,,,,,,
fedavg,fedavg,49|374,49|374,2,49,data_2000_3_6.5_chordal,val_epoch,val,,24,,,0.19604459941387176,0.9371,0.7860000133514404,0.751481627815093,0.7847511172294617,0.7847511172294617,0.7847511172294617,2000,,,,,,,,,,,
fedavg,fedavg,49|374,49|374,2,49,data_2000_3_6.5_chordal,val_epoch_task,val,cycle2,24,,,,,,,,,,2000,182.0,25.0,1793.0,0.0,0.8792270531400966,1.0,0.9357326626777649,0.9357326626777649,0.9357326626777649,182.0,0.09099999815225601
fedavg,fedavg,49|374,49|374,2,49,data_2000_3_6.5_chordal,val_epoch_task,val,cycle3,24,,,,,,,,,,2000,193.0,45.0,1762.0,0.0,0.8109243697478992,1.0,0.895591676235199,0.895591676235199,0.895591676235199,193.0,0.09650000184774399
fedavg,fedavg,49|374,49|374,2,49,data_2000_3_6.5_chordal,val_epoch_task,val,cycle4,24,,,,,,,,,,2000,168.0,61.0,1765.0,6.0,0.7336244541484717,0.9655172413793104,0.8337468504905701,0.8337468504905701,0.8337468504905701,174.0,0.08699999749660492
fedavg,fedavg,49|374,49|374,2,49,data_2000_3_6.5_chordal,val_epoch_task,val,cycle5,24,,,,,,,,,,2000,194.0,187.0,1619.0,0.0,0.5091863517060368,1.0,0.6747826337814331,0.6747826337814331,0.6747826337814331,194.0,0.09700000286102295
fedavg,fedavg,49|374,49|374,2,49,data_2000_3_6.5_chordal,val_epoch_task,val,cycle6,24,,,,,,,,,,2000,214.0,302.0,1481.0,3.0,0.41472868217054265,0.9861751152073732,0.5839017629623413,0.5839017629623413,0.5839017629623413,217.0,0.10849999636411667
fedavg,fedavg,49|374,49|374,2,374,data_2000_3_7.0_chordal,train_epoch,train,,24,1.0,0.16828686040639879,,,,,,,,2000,,,,,,,,,,,
fedavg,fedavg,49|374,49|374,2,374,data_2000_3_7.0_chordal,train_epoch,train,,24,2.0,0.17265208637714385,,,,,,,,2000,,,,,,,,,,,
fedavg,fedavg,49|374,49|374,2,374,data_2000_3_7.0_chordal,train_epoch,train,,24,3.0,0.17733131569623947,,,,,,,,2000,,,,,,,,,,,
fedavg,fedavg,49|374,49|374,2,374,data_2000_3_7.0_chordal,val_epoch,val,,24,,,0.16052964061498642,0.9539,0.8489999771118164,0.7818267865593942,0.8027445673942566,0.8027445673942566,0.8027445673942566,2000,,,,,,,,,,,
fedavg,fedavg,49|374,49|374,2,374,data_2000_3_7.0_chordal,val_epoch_task,val,cycle2,24,,,,,,,,,,2000,178.0,7.0,1815.0,0.0,0.9621621621621622,1.0,0.9807162284851074,0.9807162284851074,0.9807162284851074,178.0,0.08900000154972076
fedavg,fedavg,49|374,49|374,2,374,data_2000_3_7.0_chordal,val_epoch_task,val,cycle3,24,,,,,,,,,,2000,179.0,27.0,1794.0,0.0,0.8689320388349514,1.0,0.9298701882362366,0.9298701882362366,0.9298701882362366,179.0,0.08950000256299973
fedavg,fedavg,49|374,49|374,2,374,data_2000_3_7.0_chordal,val_epoch_task,val,cycle4,24,,,,,,,,,,2000,167.0,55.0,1775.0,3.0,0.7522522522522522,0.9823529411764705,0.8520407676696777,0.8520407676696777,0.8520407676696777,170.0,0.08500000089406967
fedavg,fedavg,49|374,49|374,2,374,data_2000_3_7.0_chordal,val_epoch_task,val,cycle5,24,,,,,,,,,,2000,163.0,130.0,1704.0,3.0,0.5563139931740614,0.9819277108433735,0.7102396488189697,0.7102396488189697,0.7102396488189697,166.0,0.08299999684095383
fedavg,fedavg,49|374,49|374,2,374,data_2000_3_7.0_chordal,val_epoch_task,val,cycle6,24,,,,,,,,,,2000,139.0,228.0,1625.0,8.0,0.3787465940054496,0.9455782312925171,0.5408560037612915,0.5408560037612915,0.5408560037612915,147.0,0.07349999994039536
fedavg,fedavg,49|374,49|374,2,49,data_2000_3_6.5_chordal,global_val_client,val,,24,,,0.18286503434181214,0.9401,0.7979999780654907,0.7603041216486595,0.791164219379425,0.791164219379425,0.791164219379425,2000,,,,,,,,,,,
fedavg,fedavg,49|374,49|374,2,49,data_2000_3_6.5_chordal,global_val_client_task,val,cycle2,24,,,,,,,,,,2000,182.0,16.0,1802.0,0.0,0.9191919191919192,1.0,0.9578947424888611,0.9578947424888611,0.9578947424888611,182.0,0.09099999815225601
fedavg,fedavg,49|374,49|374,2,49,data_2000_3_6.5_chordal,global_val_client_task,val,cycle3,24,,,,,,,,,,2000,193.0,38.0,1769.0,0.0,0.8354978354978355,1.0,0.9103773832321167,0.9103773832321167,0.9103773832321167,193.0,0.09650000184774399
fedavg,fedavg,49|374,49|374,2,49,data_2000_3_6.5_chordal,global_val_client_task,val,cycle4,24,,,,,,,,,,2000,171.0,74.0,1752.0,3.0,0.6979591836734694,0.9827586206896551,0.8162291049957275,0.8162291049957275,0.8162291049957275,174.0,0.08699999749660492
fedavg,fedavg,49|374,49|374,2,49,data_2000_3_6.5_chordal,global_val_client_task,val,cycle5,24,,,,,,,,,,2000,194.0,196.0,1610.0,0.0,0.49743589743589745,1.0,0.6643835306167603,0.6643835306167603,0.6643835306167603,194.0,0.09700000286102295
fedavg,fedavg,49|374,49|374,2,49,data_2000_3_6.5_chordal,global_val_client_task,val,cycle6,24,,,,,,,,,,2000,210.0,265.0,1518.0,7.0,0.4421052631578947,0.967741935483871,0.6069363951683044,0.6069363951683044,0.6069363951683044,217.0,0.10849999636411667
fedavg,fedavg,49|374,49|374,2,374,data_2000_3_7.0_chordal,global_val_client,val,,24,,,0.12903530871868132,0.9525,0.8395000100135803,0.7791724779172479,0.8029869198799133,0.8029869198799133,0.8029869198799133,2000,,,,,,,,,,,
fedavg,fedavg,49|374,49|374,2,374,data_2000_3_7.0_chordal,global_val_client_task,val,cycle2,24,,,,,,,,,,2000,178.0,5.0,1817.0,0.0,0.9726775956284153,1.0,0.9861496090888977,0.9861496090888977,0.9861496090888977,178.0,0.08900000154972076
fedavg,fedavg,49|374,49|374,2,374,data_2000_3_7.0_chordal,global_val_client_task,val,cycle3,24,,,,,,,,,,2000,179.0,24.0,1797.0,0.0,0.8817733990147784,1.0,0.9371727705001831,0.9371727705001831,0.9371727705001831,179.0,0.08950000256299973
fedavg,fedavg,49|374,49|374,2,374,data_2000_3_7.0_chordal,global_val_client_task,val,cycle4,24,,,,,,,,,,2000,169.0,62.0,1768.0,1.0,0.7316017316017316,0.9941176470588236,0.8428927063941956,0.8428927063941956,0.8428927063941956,170.0,0.08500000089406967
fedavg,fedavg,49|374,49|374,2,374,data_2000_3_7.0_chordal,global_val_client_task,val,cycle5,24,,,,,,,,,,2000,166.0,141.0,1693.0,0.0,0.5407166123778502,1.0,0.7019026875495911,0.7019026875495911,0.7019026875495911,166.0,0.08299999684095383
fedavg,fedavg,49|374,49|374,2,374,data_2000_3_7.0_chordal,global_val_client_task,val,cycle6,24,,,,,,,,,,2000,146.0,241.0,1612.0,1.0,0.3772609819121447,0.9931972789115646,0.5468164682388306,0.5468164682388306,0.5468164682388306,147.0,0.07349999994039536
fedavg,fedavg,49|374,49|374,2,all,all,global_val_mean,val,,24,,,0.15595017153024673,0.9462999999999999,0.8187499940395355,0.7697382997829536,0.7970755696296692,0.7970755696296692,0.7970755696296692,4000,,,,,,,,,,,
fedavg,fedavg,49|374,49|374,2,49,data_2000_3_6.5_chordal,train_epoch,train,,25,1.0,0.19083461141586303,,,,,,,,2000,,,,,,,,,,,
fedavg,fedavg,49|374,49|374,2,49,data_2000_3_6.5_chordal,train_epoch,train,,25,2.0,0.17902056926488877,,,,,,,,2000,,,,,,,,,,,
fedavg,fedavg,49|374,49|374,2,49,data_2000_3_6.5_chordal,train_epoch,train,,25,3.0,0.16379710984230042,,,,,,,,2000,,,,,,,,,,,
fedavg,fedavg,49|374,49|374,2,49,data_2000_3_6.5_chordal,val_epoch,val,,25,,,0.19620567965507507,0.958,0.8550000190734863,0.8141592920353983,0.8326193690299988,0.8326193690299988,0.8326193690299988,2000,,,,,,,,,,,
fedavg,fedavg,49|374,49|374,2,49,data_2000_3_6.5_chordal,val_epoch_task,val,cycle2,25,,,,,,,,,,2000,182.0,7.0,1811.0,0.0,0.9629629629629629,1.0,0.9811320900917053,0.9811320900917053,0.9811320900917053,182.0,0.09099999815225601
fedavg,fedavg,49|374,49|374,2,49,data_2000_3_6.5_chordal,val_epoch_task,val,cycle3,25,,,,,,,,,,2000,193.0,30.0,1777.0,0.0,0.8654708520179372,1.0,0.927884578704834,0.927884578704834,0.927884578704834,193.0,0.09650000184774399
fedavg,fedavg,49|374,49|374,2,49,data_2000_3_6.5_chordal,val_epoch_task,val,cycle4,25,,,,,,,,,,2000,170.0,63.0,1763.0,4.0,0.7296137339055794,0.9770114942528736,0.8353807926177979,0.8353807926177979,0.8353807926177979,174.0,0.08699999749660492
fedavg,fedavg,49|374,49|374,2,49,data_2000_3_6.5_chordal,val_epoch_task,val,cycle5,25,,,,,,,,,,2000,193.0,105.0,1701.0,1.0,0.6476510067114094,0.9948453608247423,0.7845528721809387,0.7845528721809387,0.7845528721809387,194.0,0.09700000286102295
fedavg,fedavg,49|374,49|374,2,49,data_2000_3_6.5_chordal,val_epoch_task,val,cycle6,25,,,,,,,,,,2000,182.0,175.0,1608.0,35.0,0.5098039215686274,0.8387096774193549,0.6341463327407837,0.6341463327407837,0.6341463327407837,217.0,0.10849999636411667
fedavg,fedavg,49|374,49|374,2,374,data_2000_3_7.0_chordal,train_epoch,train,,25,1.0,0.19996257231384515,,,,,,,,2000,,,,,,,,,,,
fedavg,fedavg,49|374,49|374,2,374,data_2000_3_7.0_chordal,train_epoch,train,,25,2.0,0.16557811473309994,,,,,,,,2000,,,,,,,,,,,
fedavg,fedavg,49|374,49|374,2,374,data_2000_3_7.0_chordal,train_epoch,train,,25,3.0,0.16958038556575775,,,,,,,,2000,,,,,,,,,,,
fedavg,fedavg,49|374,49|374,2,374,data_2000_3_7.0_chordal,val_epoch,val,,25,,,0.1272633640319109,0.959,0.8565000295639038,0.8021235521235521,0.8193991780281067,0.8193991780281067,0.8193991780281067,2000,,,,,,,,,,,
fedavg,fedavg,49|374,49|374,2,374,data_2000_3_7.0_chordal,val_epoch_task,val,cycle2,25,,,,,,,,,,2000,178.0,7.0,1815.0,0.0,0.9621621621621622,1.0,0.9807162284851074,0.9807162284851074,0.9807162284851074,178.0,0.08900000154972076
fedavg,fedavg,49|374,49|374,2,374,data_2000_3_7.0_chordal,val_epoch_task,val,cycle3,25,,,,,,,,,,2000,179.0,26.0,1795.0,0.0,0.8731707317073171,1.0,0.9322916865348816,0.9322916865348816,0.9322916865348816,179.0,0.08950000256299973
fedavg,fedavg,49|374,49|374,2,374,data_2000_3_7.0_chordal,val_epoch_task,val,cycle4,25,,,,,,,,,,2000,166.0,62.0,1768.0,4.0,0.7280701754385965,0.9764705882352941,0.8341708779335022,0.8341708779335022,0.8341708779335022,170.0,0.08500000089406967
fedavg,fedavg,49|374,49|374,2,374,data_2000_3_7.0_chordal,val_epoch_task,val,cycle5,25,,,,,,,,,,2000,165.0,89.0,1745.0,1.0,0.6496062992125984,0.9939759036144579,0.785714328289032,0.785714328289032,0.785714328289032,166.0,0.08299999684095383
fedavg,fedavg,49|374,49|374,2,374,data_2000_3_7.0_chordal,val_epoch_task,val,cycle6,25,,,,,,,,,,2000,143.0,217.0,1636.0,4.0,0.3972222222222222,0.9727891156462585,0.5641025900840759,0.5641025900840759,0.5641025900840759,147.0,0.07349999994039536
fedavg,fedavg,49|374,49|374,2,49,data_2000_3_6.5_chordal,global_val_client,val,,25,,,0.16375895977020263,0.9544,0.8399999737739563,0.8059574468085107,0.8258941769599915,0.8258941769599915,0.8258941769599915,2000,,,,,,,,,,,
fedavg,fedavg,49|374,49|374,2,49,data_2000_3_6.5_chordal,global_val_client_task,val,cycle2,25,,,,,,,,,,2000,182.0,9.0,1809.0,0.0,0.9528795811518325,1.0,0.9758713245391846,0.9758713245391846,0.9758713245391846,182.0,0.09099999815225601
fedavg,fedavg,49|374,49|374,2,49,data_2000_3_6.5_chordal,global_val_client_task,val,cycle3,25,,,,,,,,,,2000,193.0,29.0,1778.0,0.0,0.8693693693693694,1.0,0.9301204681396484,0.9301204681396484,0.9301204681396484,193.0,0.09650000184774399
fedavg,fedavg,49|374,49|374,2,49,data_2000_3_6.5_chordal,global_val_client_task,val,cycle4,25,,,,,,,,,,2000,173.0,83.0,1743.0,1.0,0.67578125,0.9942528735632183,0.8046510815620422,0.8046510815620422,0.8046510815620422,174.0,0.08699999749660492
fedavg,fedavg,49|374,49|374,2,49,data_2000_3_6.5_chordal,global_val_client_task,val,cycle5,25,,,,,,,,,,2000,193.0,124.0,1682.0,1.0,0.6088328075709779,0.9948453608247423,0.7553816437721252,0.7553816437721252,0.7553816437721252,194.0,0.09700000286102295
fedavg,fedavg,49|374,49|374,2,49,data_2000_3_6.5_chordal,global_val_client_task,val,cycle6,25,,,,,,,,,,2000,206.0,198.0,1585.0,11.0,0.5099009900990099,0.9493087557603687,0.6634460687637329,0.6634460687637329,0.6634460687637329,217.0,0.10849999636411667
fedavg,fedavg,49|374,49|374,2,374,data_2000_3_7.0_chordal,global_val_client,val,,25,,,0.12460059785097838,0.96,0.8650000095367432,0.8063891577928365,0.8182692527770996,0.8182692527770996,0.8182692527770996,2000,,,,,,,,,,,
fedavg,fedavg,49|374,49|374,2,374,data_2000_3_7.0_chordal,global_val_client_task,val,cycle2,25,,,,,,,,,,2000,178.0,4.0,1818.0,0.0,0.978021978021978,1.0,0.9888889193534851,0.9888889193534851,0.9888889193534851,178.0,0.08900000154972076
fedavg,fedavg,49|374,49|374,2,374,data_2000_3_7.0_chordal,global_val_client_task,val,cycle3,25,,,,,,,,,,2000,179.0,39.0,1782.0,0.0,0.8211009174311926,1.0,0.9017632007598877,0.9017632007598877,0.9017632007598877,179.0,0.08950000256299973
fedavg,fedavg,49|374,49|374,2,374,data_2000_3_7.0_chordal,global_val_client_task,val,cycle4,25,,,,,,,,,,2000,170.0,67.0,1763.0,0.0,0.7172995780590717,1.0,0.8353808522224426,0.8353808522224426,0.8353808522224426,170.0,0.08500000089406967
fedavg,fedavg,49|374,49|374,2,374,data_2000_3_7.0_chordal,global_val_client_task,val,cycle5,25,,,,,,,,,,2000,166.0,98.0,1736.0,0.0,0.6287878787878788,1.0,0.7720929980278015,0.7720929980278015,0.7720929980278015,166.0,0.08299999684095383
fedavg,fedavg,49|374,49|374,2,374,data_2000_3_7.0_chordal,global_val_client_task,val,cycle6,25,,,,,,,,,,2000,140.0,185.0,1668.0,7.0,0.4307692307692308,0.9523809523809523,0.5932203531265259,0.5932203531265259,0.5932203531265259,147.0,0.07349999994039536
fedavg,fedavg,49|374,49|374,2,all,all,global_val_mean,val,,25,,,0.1441797788105905,0.9572,0.8524999916553497,0.8061733023006736,0.8220817148685455,0.8220817148685455,0.8220817148685455,4000,,,,,,,,,,,
fedavg,fedavg,49|374,49|374,2,49,data_2000_3_6.5_chordal,train_epoch,train,,26,1.0,0.17142027628421783,,,,,,,,2000,,,,,,,,,,,
fedavg,fedavg,49|374,49|374,2,49,data_2000_3_6.5_chordal,train_epoch,train,,26,2.0,0.16724688279628755,,,,,,,,2000,,,,,,,,,,,
fedavg,fedavg,49|374,49|374,2,49,data_2000_3_6.5_chordal,train_epoch,train,,26,3.0,0.17810055553913118,,,,,,,,2000,,,,,,,,,,,
fedavg,fedavg,49|374,49|374,2,49,data_2000_3_6.5_chordal,val_epoch,val,,26,,,0.19254588532447814,0.943,0.8190000057220459,0.7688564476885644,0.7920954823493958,0.7920954823493958,0.7920954823493958,2000,,,,,,,,,,,
fedavg,fedavg,49|374,49|374,2,49,data_2000_3_6.5_chordal,val_epoch_task,val,cycle2,26,,,,,,,,,,2000,182.0,10.0,1808.0,0.0,0.9479166666666666,1.0,0.9732620120048523,0.9732620120048523,0.9732620120048523,182.0,0.09099999815225601
fedavg,fedavg,49|374,49|374,2,49,data_2000_3_6.5_chordal,val_epoch_task,val,cycle3,26,,,,,,,,,,2000,193.0,33.0,1774.0,0.0,0.8539823008849557,1.0,0.921241044998169,0.921241044998169,0.921241044998169,193.0,0.09650000184774399
fedavg,fedavg,49|374,49|374,2,49,data_2000_3_6.5_chordal,val_epoch_task,val,cycle4,26,,,,,,,,,,2000,173.0,128.0,1698.0,1.0,0.574750830564784,0.9942528735632183,0.7284210324287415,0.7284210324287415,0.7284210324287415,174.0,0.08699999749660492
fedavg,fedavg,49|374,49|374,2,49,data_2000_3_6.5_chordal,val_epoch_task,val,cycle5,26,,,,,,,,,,2000,192.0,175.0,1631.0,2.0,0.5231607629427792,0.9896907216494846,0.6844919919967651,0.6844919919967651,0.6844919919967651,194.0,0.09700000286102295
fedavg,fedavg,49|374,49|374,2,49,data_2000_3_6.5_chordal,val_epoch_task,val,cycle6,26,,,,,,,,,,2000,208.0,212.0,1571.0,9.0,0.49523809523809526,0.9585253456221198,0.6530612111091614,0.6530612111091614,0.6530612111091614,217.0,0.10849999636411667
fedavg,fedavg,49|374,49|374,2,374,data_2000_3_7.0_chordal,train_epoch,train,,26,1.0,0.1844990121126175,,,,,,,,2000,,,,,,,,,,,
fedavg,fedavg,49|374,49|374,2,374,data_2000_3_7.0_chordal,train_epoch,train,,26,2.0,0.17167018699645997,,,,,,,,2000,,,,,,,,,,,
fedavg,fedavg,49|374,49|374,2,374,data_2000_3_7.0_chordal,train_epoch,train,,26,3.0,0.15975425136089325,,,,,,,,2000,,,,,,,,,,,
fedavg,fedavg,49|374,49|374,2,374,data_2000_3_7.0_chordal,val_epoch,val,,26,,,0.1410688714981079,0.9561,0.8454999923706055,0.791250594388968,0.8132916688919067,0.8132916688919067,0.8132916688919067,2000,,,,,,,,,,,
fedavg,fedavg,49|374,49|374,2,374,data_2000_3_7.0_chordal,val_epoch_task,val,cycle2,26,,,,,,,,,,2000,178.0,9.0,1813.0,0.0,0.9518716577540107,1.0,0.9753424525260925,0.9753424525260925,0.9753424525260925,178.0,0.08900000154972076
fedavg,fedavg,49|374,49|374,2,374,data_2000_3_7.0_chordal,val_epoch_task,val,cycle3,26,,,,,,,,,,2000,179.0,19.0,1802.0,0.0,0.9040404040404041,1.0,0.9496021270751953,0.9496021270751953,0.9496021270751953,179.0,0.08950000256299973
fedavg,fedavg,49|374,49|374,2,374,data_2000_3_7.0_chordal,val_epoch_task,val,cycle4,26,,,,,,,,,,2000,168.0,47.0,1783.0,2.0,0.7813953488372093,0.9882352941176471,0.8727272748947144,0.8727272748947144,0.8727272748947144,170.0,0.08500000089406967
fedavg,fedavg,49|374,49|374,2,374,data_2000_3_7.0_chordal,val_epoch_task,val,cycle5,26,,,,,,,,,,2000,165.0,127.0,1707.0,1.0,0.565068493150685,0.9939759036144579,0.72052401304245,0.72052401304245,0.72052401304245,166.0,0.08299999684095383
fedavg,fedavg,49|374,49|374,2,374,data_2000_3_7.0_chordal,val_epoch_task,val,cycle6,26,,,,,,,,,,2000,142.0,229.0,1624.0,5.0,0.38274932614555257,0.9659863945578231,0.5482625365257263,0.5482625365257263,0.5482625365257263,147.0,0.07349999994039536
fedavg,fedavg,49|374,49|374,2,49,data_2000_3_6.5_chordal,global_val_client,val,,26,,,0.163246274612844,0.9469,0.8224999904632568,0.7824662023760754,0.8041872978210449,0.8041872978210449,0.8041872978210449,2000,,,,,,,,,,,
fedavg,fedavg,49|374,49|374,2,49,data_2000_3_6.5_chordal,global_val_client_task,val,cycle2,26,,,,,,,,,,2000,182.0,12.0,1806.0,0.0,0.9381443298969072,1.0,0.9680851101875305,0.9680851101875305,0.9680851101875305,182.0,0.09099999815225601
fedavg,fedavg,49|374,49|374,2,49,data_2000_3_6.5_chordal,global_val_client_task,val,cycle3,26,,,,,,,,,,2000,193.0,36.0,1771.0,0.0,0.8427947598253275,1.0,0.9146919250488281,0.9146919250488281,0.9146919250488281,193.0,0.09650000184774399
fedavg,fedavg,49|374,49|374,2,49,data_2000_3_6.5_chordal,global_val_client_task,val,cycle4,26,,,,,,,,,,2000,173.0,100.0,1726.0,1.0,0.6336996336996337,0.9942528735632183,0.7740492224693298,0.7740492224693298,0.7740492224693298,174.0,0.08699999749660492
fedavg,fedavg,49|374,49|374,2,49,data_2000_3_6.5_chordal,global_val_client_task,val,cycle5,26,,,,,,,,,,2000,193.0,164.0,1642.0,1.0,0.5406162464985994,0.9948453608247423,0.700544536113739,0.700544536113739,0.700544536113739,194.0,0.09700000286102295
fedavg,fedavg,49|374,49|374,2,49,data_2000_3_6.5_chordal,global_val_client_task,val,cycle6,26,,,,,,,,,,2000,214.0,214.0,1569.0,3.0,0.5,0.9861751152073732,0.6635659337043762,0.6635659337043762,0.6635659337043762,217.0,0.10849999636411667
fedavg,fedavg,49|374,49|374,2,374,data_2000_3_7.0_chordal,global_val_client,val,,26,,,0.14237497738003732,0.9555,0.8525000214576721,0.788999525841631,0.8035981059074402,0.8035981059074402,0.8035981059074402,2000,,,,,,,,,,,
fedavg,fedavg,49|374,49|374,2,374,data_2000_3_7.0_chordal,global_val_client_task,val,cycle2,26,,,,,,,,,,2000,178.0,13.0,1809.0,0.0,0.9319371727748691,1.0,0.9647696018218994,0.9647696018218994,0.9647696018218994,178.0,0.08900000154972076
fedavg,fedavg,49|374,49|374,2,374,data_2000_3_7.0_chordal,global_val_client_task,val,cycle3,26,,,,,,,,,,2000,179.0,27.0,1794.0,0.0,0.8689320388349514,1.0,0.9298701882362366,0.9298701882362366,0.9298701882362366,179.0,0.08950000256299973
fedavg,fedavg,49|374,49|374,2,374,data_2000_3_7.0_chordal,global_val_client_task,val,cycle4,26,,,,,,,,,,2000,167.0,76.0,1754.0,3.0,0.6872427983539094,0.9823529411764705,0.8087167143821716,0.8087167143821716,0.8087167143821716,170.0,0.08500000089406967
fedavg,fedavg,49|374,49|374,2,374,data_2000_3_7.0_chordal,global_val_client_task,val,cycle5,26,,,,,,,,,,2000,165.0,119.0,1715.0,1.0,0.5809859154929577,0.9939759036144579,0.7333333492279053,0.7333333492279053,0.7333333492279053,166.0,0.08299999684095383
fedavg,fedavg,49|374,49|374,2,374,data_2000_3_7.0_chordal,global_val_client_task,val,cycle6,26,,,,,,,,,,2000,143.0,202.0,1651.0,4.0,0.4144927536231884,0.9727891156462585,0.5813007950782776,0.5813007950782776,0.5813007950782776,147.0,0.07349999994039536
fedavg,fedavg,49|374,49|374,2,all,all,global_val_mean,val,,26,,,0.15281062599644066,0.9512,0.8375000059604645,0.7857328641088531,0.8038927018642426,0.8038927018642426,0.8038927018642426,4000,,,,,,,,,,,
fedavg,fedavg,49|374,49|374,2,49,data_2000_3_6.5_chordal,train_epoch,train,,27,1.0,0.1861741052865982,,,,,,,,2000,,,,,,,,,,,
fedavg,fedavg,49|374,49|374,2,49,data_2000_3_6.5_chordal,train_epoch,train,,27,2.0,0.14863589254766701,,,,,,,,2000,,,,,,,,,,,
fedavg,fedavg,49|374,49|374,2,49,data_2000_3_6.5_chordal,train_epoch,train,,27,3.0,0.17546104598045348,,,,,,,,2000,,,,,,,,,,,
fedavg,fedavg,49|374,49|374,2,49,data_2000_3_6.5_chordal,val_epoch,val,,27,,,0.22670019555091858,0.9401,0.8050000071525574,0.7560081466395112,0.778124213218689,0.778124213218689,0.778124213218689,2000,,,,,,,,,,,
fedavg,fedavg,49|374,49|374,2,49,data_2000_3_6.5_chordal,val_epoch_task,val,cycle2,27,,,,,,,,,,2000,182.0,11.0,1807.0,0.0,0.9430051813471503,1.0,0.9706667065620422,0.9706667065620422,0.9706667065620422,182.0,0.09099999815225601
fedavg,fedavg,49|374,49|374,2,49,data_2000_3_6.5_chordal,val_epoch_task,val,cycle3,27,,,,,,,,,,2000,193.0,45.0,1762.0,0.0,0.8109243697478992,1.0,0.895591676235199,0.895591676235199,0.895591676235199,193.0,0.09650000184774399
fedavg,fedavg,49|374,49|374,2,49,data_2000_3_6.5_chordal,val_epoch_task,val,cycle4,27,,,,,,,,,,2000,173.0,156.0,1670.0,1.0,0.5258358662613982,0.9942528735632183,0.6878727674484253,0.6878727674484253,0.6878727674484253,174.0,0.08699999749660492
fedavg,fedavg,49|374,49|374,2,49,data_2000_3_6.5_chordal,val_epoch_task,val,cycle5,27,,,,,,,,,,2000,192.0,140.0,1666.0,2.0,0.5783132530120482,0.9896907216494846,0.7300379872322083,0.7300379872322083,0.7300379872322083,194.0,0.09700000286102295
fedavg,fedavg,49|374,49|374,2,49,data_2000_3_6.5_chordal,val_epoch_task,val,cycle6,27,,,,,,,,,,2000,188.0,215.0,1568.0,29.0,0.4665012406947891,0.8663594470046083,0.6064516305923462,0.6064516305923462,0.6064516305923462,217.0,0.10849999636411667
fedavg,fedavg,49|374,49|374,2,374,data_2000_3_7.0_chordal,train_epoch,train,,27,1.0,0.15505740679986774,,,,,,,,2000,,,,,,,,,,,
fedavg,fedavg,49|374,49|374,2,374,data_2000_3_7.0_chordal,train_epoch,train,,27,2.0,0.15873112864792346,,,,,,,,2000,,,,,,,,,,,
fedavg,fedavg,49|374,49|374,2,374,data_2000_3_7.0_chordal,train_epoch,train,,27,3.0,0.17888650858402252,,,,,,,,2000,,,,,,,,,,,
fedavg,fedavg,49|374,49|374,2,374,data_2000_3_7.0_chordal,val_epoch,val,,27,,,0.16154540586471558,0.9546,0.847000002861023,0.7838095238095237,0.8001046180725098,0.8001046180725098,0.8001046180725098,2000,,,,,,,,,,,
fedavg,fedavg,49|374,49|374,2,374,data_2000_3_7.0_chordal,val_epoch_task,val,cycle2,27,,,,,,,,,,2000,178.0,5.0,1817.0,0.0,0.9726775956284153,1.0,0.9861496090888977,0.9861496090888977,0.9861496090888977,178.0,0.08900000154972076
fedavg,fedavg,49|374,49|374,2,374,data_2000_3_7.0_chordal,val_epoch_task,val,cycle3,27,,,,,,,,,,2000,179.0,32.0,1789.0,0.0,0.8483412322274881,1.0,0.9179487228393555,0.9179487228393555,0.9179487228393555,179.0,0.08950000256299973
fedavg,fedavg,49|374,49|374,2,374,data_2000_3_7.0_chordal,val_epoch_task,val,cycle4,27,,,,,,,,,,2000,170.0,97.0,1733.0,0.0,0.6367041198501873,1.0,0.7780320048332214,0.7780320048332214,0.7780320048332214,170.0,0.08500000089406967
fedavg,fedavg,49|374,49|374,2,374,data_2000_3_7.0_chordal,val_epoch_task,val,cycle5,27,,,,,,,,,,2000,162.0,89.0,1745.0,4.0,0.6454183266932271,0.9759036144578314,0.7769784927368164,0.7769784927368164,0.7769784927368164,166.0,0.08299999684095383
fedavg,fedavg,49|374,49|374,2,374,data_2000_3_7.0_chordal,val_epoch_task,val,cycle6,27,,,,,,,,,,2000,134.0,214.0,1639.0,13.0,0.3850574712643678,0.9115646258503401,0.5414141416549683,0.5414141416549683,0.5414141416549683,147.0,0.07349999994039536
fedavg,fedavg,49|374,49|374,2,49,data_2000_3_6.5_chordal,global_val_client,val,,27,,,0.17972585341334343,0.9443,0.8270000219345093,0.7725602286647612,0.7923548817634583,0.7923548817634583,0.7923548817634583,2000,,,,,,,,,,,
fedavg,fedavg,49|374,49|374,2,49,data_2000_3_6.5_chordal,global_val_client_task,val,cycle2,27,,,,,,,,,,2000,182.0,11.0,1807.0,0.0,0.9430051813471503,1.0,0.9706667065620422,0.9706667065620422,0.9706667065620422,182.0,0.09099999815225601
fedavg,fedavg,49|374,49|374,2,49,data_2000_3_6.5_chordal,global_val_client_task,val,cycle3,27,,,,,,,,,,2000,193.0,51.0,1756.0,0.0,0.7909836065573771,1.0,0.8832951784133911,0.8832951784133911,0.8832951784133911,193.0,0.09650000184774399
fedavg,fedavg,49|374,49|374,2,49,data_2000_3_6.5_chordal,global_val_client_task,val,cycle4,27,,,,,,,,,,2000,174.0,138.0,1688.0,0.0,0.5576923076923077,1.0,0.7160493731498718,0.7160493731498718,0.7160493731498718,174.0,0.08699999749660492
fedavg,fedavg,49|374,49|374,2,49,data_2000_3_6.5_chordal,global_val_client_task,val,cycle5,27,,,,,,,,,,2000,194.0,127.0,1679.0,0.0,0.6043613707165109,1.0,0.753398060798645,0.753398060798645,0.753398060798645,194.0,0.09700000286102295
fedavg,fedavg,49|374,49|374,2,49,data_2000_3_6.5_chordal,global_val_client_task,val,cycle6,27,,,,,,,,,,2000,203.0,216.0,1567.0,14.0,0.48448687350835323,0.9354838709677419,0.6383647918701172,0.6383647918701172,0.6383647918701172,217.0,0.10849999636411667
fedavg,fedavg,49|374,49|374,2,374,data_2000_3_7.0_chordal,global_val_client,val,,27,,,0.16648696410655975,0.9489,0.840499997138977,0.7624360762436077,0.7764168381690979,0.7764168381690979,0.7764168381690979,2000,,,,,,,,,,,
fedavg,fedavg,49|374,49|374,2,374,data_2000_3_7.0_chordal,global_val_client_task,val,cycle2,27,,,,,,,,,,2000,178.0,14.0,1808.0,0.0,0.9270833333333334,1.0,0.9621621966362,0.9621621966362,0.9621621966362,178.0,0.08900000154972076
fedavg,fedavg,49|374,49|374,2,374,data_2000_3_7.0_chordal,global_val_client_task,val,cycle3,27,,,,,,,,,,2000,179.0,37.0,1784.0,0.0,0.8287037037037037,1.0,0.9063291549682617,0.9063291549682617,0.9063291549682617,179.0,0.08950000256299973
fedavg,fedavg,49|374,49|374,2,374,data_2000_3_7.0_chordal,global_val_client_task,val,cycle4,27,,,,,,,,,,2000,167.0,115.0,1715.0,3.0,0.5921985815602837,0.9823529411764705,0.73893803358078,0.73893803358078,0.73893803358078,170.0,0.08500000089406967
fedavg,fedavg,49|374,49|374,2,374,data_2000_3_7.0_chordal,global_val_client_task,val,cycle5,27,,,,,,,,,,2000,162.0,120.0,1714.0,4.0,0.574468085106383,0.9759036144578314,0.723214328289032,0.723214328289032,0.723214328289032,166.0,0.08299999684095383
fedavg,fedavg,49|374,49|374,2,374,data_2000_3_7.0_chordal,global_val_client_task,val,cycle6,27,,,,,,,,,,2000,134.0,205.0,1648.0,13.0,0.3952802359882006,0.9115646258503401,0.5514402985572815,0.5514402985572815,0.5514402985572815,147.0,0.07349999994039536
fedavg,fedavg,49|374,49|374,2,all,all,global_val_mean,val,,27,,,0.1731064087599516,0.9466,0.8337500095367432,0.7674981524541844,0.7843858599662781,0.7843858599662781,0.7843858599662781,4000,,,,,,,,,,,
fedavg,fedavg,49|374,49|374,2,49,data_2000_3_6.5_chordal,train_epoch,train,,28,1.0,0.161886858522892,,,,,,,,2000,,,,,,,,,,,
fedavg,fedavg,49|374,49|374,2,49,data_2000_3_6.5_chordal,train_epoch,train,,28,2.0,0.15482510575652123,,,,,,,,2000,,,,,,,,,,,
fedavg,fedavg,49|374,49|374,2,49,data_2000_3_6.5_chordal,train_epoch,train,,28,3.0,0.16651492834091186,,,,,,,,2000,,,,,,,,,,,
fedavg,fedavg,49|374,49|374,2,49,data_2000_3_6.5_chordal,val_epoch,val,,28,,,0.19354188150167465,0.9585,0.8550000190734863,0.8185395714910363,0.837597668170929,0.837597668170929,0.837597668170929,2000,,,,,,,,,,,
fedavg,fedavg,49|374,49|374,2,49,data_2000_3_6.5_chordal,val_epoch_task,val,cycle2,28,,,,,,,,,,2000,182.0,17.0,1801.0,0.0,0.914572864321608,1.0,0.9553805589675903,0.9553805589675903,0.9553805589675903,182.0,0.09099999815225601
fedavg,fedavg,49|374,49|374,2,49,data_2000_3_6.5_chordal,val_epoch_task,val,cycle3,28,,,,,,,,,,2000,193.0,17.0,1790.0,0.0,0.919047619047619,1.0,0.9578163623809814,0.9578163623809814,0.9578163623809814,193.0,0.09650000184774399
fedavg,fedavg,49|374,49|374,2,49,data_2000_3_6.5_chordal,val_epoch_task,val,cycle4,28,,,,,,,,,,2000,171.0,59.0,1767.0,3.0,0.7434782608695653,0.9827586206896551,0.8465346693992615,0.8465346693992615,0.8465346693992615,174.0,0.08699999749660492
fedavg,fedavg,49|374,49|374,2,49,data_2000_3_6.5_chordal,val_epoch_task,val,cycle5,28,,,,,,,,,,2000,192.0,116.0,1690.0,2.0,0.6233766233766234,0.9896907216494846,0.7649402022361755,0.7649402022361755,0.7649402022361755,194.0,0.09700000286102295
fedavg,fedavg,49|374,49|374,2,49,data_2000_3_6.5_chordal,val_epoch_task,val,cycle6,28,,,,,,,,,,2000,198.0,182.0,1601.0,19.0,0.5210526315789473,0.9124423963133641,0.6633166074752808,0.6633166074752808,0.6633166074752808,217.0,0.10849999636411667
fedavg,fedavg,49|374,49|374,2,374,data_2000_3_7.0_chordal,train_epoch,train,,28,1.0,0.18301269972324372,,,,,,,,2000,,,,,,,,,,,
fedavg,fedavg,49|374,49|374,2,374,data_2000_3_7.0_chordal,train_epoch,train,,28,2.0,0.16478712117671968,,,,,,,,2000,,,,,,,,,,,
fedavg,fedavg,49|374,49|374,2,374,data_2000_3_7.0_chordal,train_epoch,train,,28,3.0,0.16034879738092422,,,,,,,,2000,,,,,,,,,,,
fedavg,fedavg,49|374,49|374,2,374,data_2000_3_7.0_chordal,val_epoch,val,,28,,,0.13869688248634338,0.9643,0.8784999847412109,0.8215892053973014,0.8325215578079224,0.8325215578079224,0.8325215578079224,2000,,,,,,,,,,,
fedavg,fedavg,49|374,49|374,2,374,data_2000_3_7.0_chordal,val_epoch_task,val,cycle2,28,,,,,,,,,,2000,178.0,9.0,1813.0,0.0,0.9518716577540107,1.0,0.9753424525260925,0.9753424525260925,0.9753424525260925,178.0,0.08900000154972076
fedavg,fedavg,49|374,49|374,2,374,data_2000_3_7.0_chordal,val_epoch_task,val,cycle3,28,,,,,,,,,,2000,173.0,16.0,1805.0,6.0,0.9153439153439153,0.9664804469273743,0.9402174353599548,0.9402174353599548,0.9402174353599548,179.0,0.08950000256299973
fedavg,fedavg,49|374,49|374,2,374,data_2000_3_7.0_chordal,val_epoch_task,val,cycle4,28,,,,,,,,,,2000,168.0,59.0,1771.0,2.0,0.7400881057268722,0.9882352941176471,0.8463475704193115,0.8463475704193115,0.8463475704193115,170.0,0.08500000089406967
fedavg,fedavg,49|374,49|374,2,374,data_2000_3_7.0_chordal,val_epoch_task,val,cycle5,28,,,,,,,,,,2000,163.0,84.0,1750.0,3.0,0.659919028340081,0.9819277108433735,0.7893462777137756,0.7893462777137756,0.7893462777137756,166.0,0.08299999684095383
fedavg,fedavg,49|374,49|374,2,374,data_2000_3_7.0_chordal,val_epoch_task,val,cycle6,28,,,,,,,,,,2000,140.0,171.0,1682.0,7.0,0.45016077170418006,0.9523809523809523,0.6113536953926086,0.6113536953926086,0.6113536953926086,147.0,0.07349999994039536
fedavg,fedavg,49|374,49|374,2,49,data_2000_3_6.5_chordal,global_val_client,val,,28,,,0.15412099580280483,0.9607,0.8565000295639038,0.8280087527352298,0.8481308221817017,0.8481308221817017,0.8481308221817017,2000,,,,,,,,,,,
fedavg,fedavg,49|374,49|374,2,49,data_2000_3_6.5_chordal,global_val_client_task,val,cycle2,28,,,,,,,,,,2000,182.0,3.0,1815.0,0.0,0.9837837837837838,1.0,0.9918256402015686,0.9918256402015686,0.9918256402015686,182.0,0.09099999815225601
fedavg,fedavg,49|374,49|374,2,49,data_2000_3_6.5_chordal,global_val_client_task,val,cycle3,28,,,,,,,,,,2000,193.0,19.0,1788.0,0.0,0.910377358490566,1.0,0.9530864357948303,0.9530864357948303,0.9530864357948303,193.0,0.09650000184774399
fedavg,fedavg,49|374,49|374,2,49,data_2000_3_6.5_chordal,global_val_client_task,val,cycle4,28,,,,,,,,,,2000,174.0,68.0,1758.0,0.0,0.71900826446281,1.0,0.8365384936332703,0.8365384936332703,0.8365384936332703,174.0,0.08699999749660492
fedavg,fedavg,49|374,49|374,2,49,data_2000_3_6.5_chordal,global_val_client_task,val,cycle5,28,,,,,,,,,,2000,194.0,105.0,1701.0,0.0,0.6488294314381271,1.0,0.7870182991027832,0.7870182991027832,0.7870182991027832,194.0,0.09700000286102295
fedavg,fedavg,49|374,49|374,2,49,data_2000_3_6.5_chordal,global_val_client_task,val,cycle6,28,,,,,,,,,,2000,203.0,184.0,1599.0,14.0,0.524547803617571,0.9354838709677419,0.6721854209899902,0.6721854209899902,0.6721854209899902,217.0,0.10849999636411667
fedavg,fedavg,49|374,49|374,2,374,data_2000_3_7.0_chordal,global_val_client,val,,28,,,0.11526535043120384,0.9676,0.8809999823570251,0.8363636363636364,0.8490184545516968,0.8490184545516968,0.8490184545516968,2000,,,,,,,,,,,
fedavg,fedavg,49|374,49|374,2,374,data_2000_3_7.0_chordal,global_val_client_task,val,cycle2,28,,,,,,,,,,2000,178.0,5.0,1817.0,0.0,0.9726775956284153,1.0,0.9861496090888977,0.9861496090888977,0.9861496090888977,178.0,0.08900000154972076
fedavg,fedavg,49|374,49|374,2,374,data_2000_3_7.0_chordal,global_val_client_task,val,cycle3,28,,,,,,,,,,2000,179.0,10.0,1811.0,0.0,0.9470899470899471,1.0,0.9728261232376099,0.9728261232376099,0.9728261232376099,179.0,0.08950000256299973
fedavg,fedavg,49|374,49|374,2,374,data_2000_3_7.0_chordal,global_val_client_task,val,cycle4,28,,,,,,,,,,2000,168.0,43.0,1787.0,2.0,0.7962085308056872,0.9882352941176471,0.8818897604942322,0.8818897604942322,0.8818897604942322,170.0,0.08500000089406967
fedavg,fedavg,49|374,49|374,2,374,data_2000_3_7.0_chordal,global_val_client_task,val,cycle5,28,,,,,,,,,,2000,165.0,80.0,1754.0,1.0,0.673469387755102,0.9939759036144579,0.8029197454452515,0.8029197454452515,0.8029197454452515,166.0,0.08299999684095383
fedavg,fedavg,49|374,49|374,2,374,data_2000_3_7.0_chordal,global_val_client_task,val,cycle6,28,,,,,,,,,,2000,138.0,174.0,1679.0,9.0,0.4423076923076923,0.9387755102040817,0.6013071537017822,0.6013071537017822,0.6013071537017822,147.0,0.07349999994039536
fedavg,fedavg,49|374,49|374,2,all,all,global_val_mean,val,,28,,,0.13469317311700432,0.9641500000000001,0.8687500059604645,0.8321861945494331,0.8485746383666992,0.8485746383666992,0.8485746383666992,4000,,,,,,,,,,,
fedavg,fedavg,49|374,49|374,2,49,data_2000_3_6.5_chordal,train_epoch,train,,29,1.0,0.17053112164139747,,,,,,,,2000,,,,,,,,,,,
fedavg,fedavg,49|374,49|374,2,49,data_2000_3_6.5_chordal,train_epoch,train,,29,2.0,0.16864901530742646,,,,,,,,2000,,,,,,,,,,,
fedavg,fedavg,49|374,49|374,2,49,data_2000_3_6.5_chordal,train_epoch,train,,29,3.0,0.17450898206233978,,,,,,,,2000,,,,,,,,,,,
fedavg,fedavg,49|374,49|374,2,49,data_2000_3_6.5_chordal,val_epoch,val,,29,,,0.19310510969161987,0.949,0.8224999904632568,0.7860738255033558,0.8122151494026184,0.8122151494026184,0.8122151494026184,2000,,,,,,,,,,,
fedavg,fedavg,49|374,49|374,2,49,data_2000_3_6.5_chordal,val_epoch_task,val,cycle2,29,,,,,,,,,,2000,178.0,8.0,1810.0,4.0,0.956989247311828,0.978021978021978,0.967391312122345,0.967391312122345,0.967391312122345,182.0,0.09099999815225601
fedavg,fedavg,49|374,49|374,2,49,data_2000_3_6.5_chordal,val_epoch_task,val,cycle3,29,,,,,,,,,,2000,193.0,47.0,1760.0,0.0,0.8041666666666667,1.0,0.8914549946784973,0.8914549946784973,0.8914549946784973,193.0,0.09650000184774399
fedavg,fedavg,49|374,49|374,2,49,data_2000_3_6.5_chordal,val_epoch_task,val,cycle4,29,,,,,,,,,,2000,173.0,59.0,1767.0,1.0,0.7456896551724138,0.9942528735632183,0.8522167205810547,0.8522167205810547,0.8522167205810547,174.0,0.08699999749660492
fedavg,fedavg,49|374,49|374,2,49,data_2000_3_6.5_chordal,val_epoch_task,val,cycle5,29,,,,,,,,,,2000,191.0,134.0,1672.0,3.0,0.5876923076923077,0.9845360824742269,0.7360308766365051,0.7360308766365051,0.7360308766365051,194.0,0.09700000286102295
fedavg,fedavg,49|374,49|374,2,49,data_2000_3_6.5_chordal,val_epoch_task,val,cycle6,29,,,,,,,,,,2000,202.0,239.0,1544.0,15.0,0.4580498866213152,0.9308755760368663,0.6139817237854004,0.6139817237854004,0.6139817237854004,217.0,0.10849999636411667
fedavg,fedavg,49|374,49|374,2,374,data_2000_3_7.0_chordal,train_epoch,train,,29,1.0,0.15034499549865724,,,,,,,,2000,,,,,,,,,,,
fedavg,fedavg,49|374,49|374,2,374,data_2000_3_7.0_chordal,train_epoch,train,,29,2.0,0.16241210988163948,,,,,,,,2000,,,,,,,,,,,
fedavg,fedavg,49|374,49|374,2,374,data_2000_3_7.0_chordal,train_epoch,train,,29,3.0,0.17202471566200256,,,,,,,,2000,,,,,,,,,,,
fedavg,fedavg,49|374,49|374,2,374,data_2000_3_7.0_chordal,val_epoch,val,,29,,,0.15681144601106645,0.9463,0.8080000281333923,0.7557980900409277,0.7942490577697754,0.7942490577697754,0.7942490577697754,2000,,,,,,,,,,,
fedavg,fedavg,49|374,49|374,2,374,data_2000_3_7.0_chordal,val_epoch_task,val,cycle2,29,,,,,,,,,,2000,177.0,8.0,1814.0,1.0,0.9567567567567568,0.9943820224719101,0.9752066731452942,0.9752066731452942,0.9752066731452942,178.0,0.08900000154972076
fedavg,fedavg,49|374,49|374,2,374,data_2000_3_7.0_chordal,val_epoch_task,val,cycle3,29,,,,,,,,,,2000,177.0,11.0,1810.0,2.0,0.9414893617021277,0.9888268156424581,0.9645776152610779,0.9645776152610779,0.9645776152610779,179.0,0.08950000256299973
fedavg,fedavg,49|374,49|374,2,374,data_2000_3_7.0_chordal,val_epoch_task,val,cycle4,29,,,,,,,,,,2000,164.0,67.0,1763.0,6.0,0.70995670995671,0.9647058823529412,0.8179550766944885,0.8179550766944885,0.8179550766944885,170.0,0.08500000089406967
fedavg,fedavg,49|374,49|374,2,374,data_2000_3_7.0_chordal,val_epoch_task,val,cycle5,29,,,,,,,,,,2000,166.0,118.0,1716.0,0.0,0.5845070422535211,1.0,0.737777829170227,0.737777829170227,0.737777829170227,166.0,0.08299999684095383
fedavg,fedavg,49|374,49|374,2,374,data_2000_3_7.0_chordal,val_epoch_task,val,cycle6,29,,,,,,,,,,2000,147.0,324.0,1529.0,0.0,0.31210191082802546,1.0,0.4757281541824341,0.4757281541824341,0.4757281541824341,147.0,0.07349999994039536
fedavg,fedavg,49|374,49|374,2,49,data_2000_3_6.5_chordal,global_val_client,val,,29,,,0.15276460462808608,0.9504,0.8270000219345093,0.7936772046589018,0.8231906890869141,0.8231906890869141,0.8231906890869141,2000,,,,,,,,,,,
fedavg,fedavg,49|374,49|374,2,49,data_2000_3_6.5_chordal,global_val_client_task,val,cycle2,29,,,,,,,,,,2000,181.0,3.0,1815.0,1.0,0.9836956521739131,0.9945054945054945,0.9890709519386292,0.9890709519386292,0.9890709519386292,182.0,0.09099999815225601
fedavg,fedavg,49|374,49|374,2,49,data_2000_3_6.5_chordal,global_val_client_task,val,cycle3,29,,,,,,,,,,2000,193.0,17.0,1790.0,0.0,0.919047619047619,1.0,0.9578163623809814,0.9578163623809814,0.9578163623809814,193.0,0.09650000184774399
fedavg,fedavg,49|374,49|374,2,49,data_2000_3_6.5_chordal,global_val_client_task,val,cycle4,29,,,,,,,,,,2000,174.0,79.0,1747.0,0.0,0.6877470355731226,1.0,0.8149883151054382,0.8149883151054382,0.8149883151054382,174.0,0.08699999749660492
fedavg,fedavg,49|374,49|374,2,49,data_2000_3_6.5_chordal,global_val_client_task,val,cycle5,29,,,,,,,,,,2000,193.0,149.0,1657.0,1.0,0.564327485380117,0.9948453608247423,0.7201492786407471,0.7201492786407471,0.7201492786407471,194.0,0.09700000286102295
fedavg,fedavg,49|374,49|374,2,49,data_2000_3_6.5_chordal,global_val_client_task,val,cycle6,29,,,,,,,,,,2000,213.0,242.0,1541.0,4.0,0.46813186813186813,0.9815668202764977,0.6339285969734192,0.6339285969734192,0.6339285969734192,217.0,0.10849999636411667
fedavg,fedavg,49|374,49|374,2,374,data_2000_3_7.0_chordal,global_val_client,val,,29,,,0.12454755741357804,0.9581,0.8560000061988831,0.7999999999999999,0.8224788904190063,0.8224788904190063,0.8224788904190063,2000,,,,,,,,,,,
fedavg,fedavg,49|374,49|374,2,374,data_2000_3_7.0_chordal,global_val_client_task,val,cycle2,29,,,,,,,,,,2000,178.0,5.0,1817.0,0.0,0.9726775956284153,1.0,0.9861496090888977,0.9861496090888977,0.9861496090888977,178.0,0.08900000154972076
fedavg,fedavg,49|374,49|374,2,374,data_2000_3_7.0_chordal,global_val_client_task,val,cycle3,29,,,,,,,,,,2000,179.0,14.0,1807.0,0.0,0.927461139896373,1.0,0.9623655676841736,0.9623655676841736,0.9623655676841736,179.0,0.08950000256299973
fedavg,fedavg,49|374,49|374,2,374,data_2000_3_7.0_chordal,global_val_client_task,val,cycle4,29,,,,,,,,,,2000,169.0,57.0,1773.0,1.0,0.7477876106194691,0.9941176470588236,0.8535353541374207,0.8535353541374207,0.8535353541374207,170.0,0.08500000089406967
fedavg,fedavg,49|374,49|374,2,374,data_2000_3_7.0_chordal,global_val_client_task,val,cycle5,29,,,,,,,,,,2000,166.0,107.0,1727.0,0.0,0.608058608058608,1.0,0.7562642097473145,0.7562642097473145,0.7562642097473145,166.0,0.08299999684095383
fedavg,fedavg,49|374,49|374,2,374,data_2000_3_7.0_chordal,global_val_client_task,val,cycle6,29,,,,,,,,,,2000,146.0,234.0,1619.0,1.0,0.38421052631578945,0.9931972789115646,0.5540796518325806,0.5540796518325806,0.5540796518325806,147.0,0.07349999994039536
fedavg,fedavg,49|374,49|374,2,all,all,global_val_mean,val,,29,,,0.13865608102083207,0.95425,0.8415000140666962,0.7968386023294508,0.8228347897529602,0.8228347897529602,0.8228347897529602,4000,,,,,,,,,,,
fedavg,fedavg,49|374,49|374,2,49,data_2000_3_6.5_chordal,train_epoch,train,,30,1.0,0.15998608204722403,,,,,,,,2000,,,,,,,,,,,
fedavg,fedavg,49|374,49|374,2,49,data_2000_3_6.5_chordal,train_epoch,train,,30,2.0,0.176799468845129,,,,,,,,2000,,,,,,,,,,,
fedavg,fedavg,49|374,49|374,2,49,data_2000_3_6.5_chordal,train_epoch,train,,30,3.0,0.14716377925872803,,,,,,,,2000,,,,,,,,,,,
fedavg,fedavg,49|374,49|374,2,49,data_2000_3_6.5_chordal,val_epoch,val,,30,,,0.23220907402038574,0.9536,0.8464999794960022,0.7963125548726954,0.8121477365493774,0.8121477365493774,0.8121477365493774,2000,,,,,,,,,,,
fedavg,fedavg,49|374,49|374,2,49,data_2000_3_6.5_chordal,val_epoch_task,val,cycle2,30,,,,,,,,,,2000,182.0,14.0,1804.0,0.0,0.9285714285714286,1.0,0.9629629254341125,0.9629629254341125,0.9629629254341125,182.0,0.09099999815225601
fedavg,fedavg,49|374,49|374,2,49,data_2000_3_6.5_chordal,val_epoch_task,val,cycle3,30,,,,,,,,,,2000,193.0,51.0,1756.0,0.0,0.7909836065573771,1.0,0.8832951784133911,0.8832951784133911,0.8832951784133911,193.0,0.09650000184774399
fedavg,fedavg,49|374,49|374,2,49,data_2000_3_6.5_chordal,val_epoch_task,val,cycle4,30,,,,,,,,,,2000,173.0,84.0,1742.0,1.0,0.6731517509727627,0.9942528735632183,0.8027841448783875,0.8027841448783875,0.8027841448783875,174.0,0.08699999749660492
fedavg,fedavg,49|374,49|374,2,49,data_2000_3_6.5_chordal,val_epoch_task,val,cycle5,30,,,,,,,,,,2000,183.0,82.0,1724.0,11.0,0.690566037735849,0.9432989690721649,0.7973856329917908,0.7973856329917908,0.7973856329917908,194.0,0.09700000286102295
fedavg,fedavg,49|374,49|374,2,49,data_2000_3_6.5_chordal,val_epoch_task,val,cycle6,30,,,,,,,,,,2000,176.0,180.0,1603.0,41.0,0.4943820224719101,0.8110599078341014,0.6143106818199158,0.6143106818199158,0.6143106818199158,217.0,0.10849999636411667
fedavg,fedavg,49|374,49|374,2,374,data_2000_3_7.0_chordal,train_epoch,train,,30,1.0,0.17527567771077157,,,,,,,,2000,,,,,,,,,,,
fedavg,fedavg,49|374,49|374,2,374,data_2000_3_7.0_chordal,train_epoch,train,,30,2.0,0.1855973311662674,,,,,,,,2000,,,,,,,,,,,
fedavg,fedavg,49|374,49|374,2,374,data_2000_3_7.0_chordal,train_epoch,train,,30,3.0,0.17348281267285348,,,,,,,,2000,,,,,,,,,,,
fedavg,fedavg,49|374,49|374,2,374,data_2000_3_7.0_chordal,val_epoch,val,,30,,,0.17292120611667633,0.94,0.8044999837875366,0.7368421052631579,0.7595345377922058,0.7595345377922058,0.7595345377922058,2000,,,,,,,,,,,
fedavg,fedavg,49|374,49|374,2,374,data_2000_3_7.0_chordal,val_epoch_task,val,cycle2,30,,,,,,,,,,2000,178.0,5.0,1817.0,0.0,0.9726775956284153,1.0,0.9861496090888977,0.9861496090888977,0.9861496090888977,178.0,0.08900000154972076
fedavg,fedavg,49|374,49|374,2,374,data_2000_3_7.0_chordal,val_epoch_task,val,cycle3,30,,,,,,,,,,2000,179.0,51.0,1770.0,0.0,0.7782608695652173,1.0,0.8753055930137634,0.8753055930137634,0.8753055930137634,179.0,0.08950000256299973
fedavg,fedavg,49|374,49|374,2,374,data_2000_3_7.0_chordal,val_epoch_task,val,cycle4,30,,,,,,,,,,2000,170.0,177.0,1653.0,0.0,0.4899135446685879,1.0,0.6576402187347412,0.6576402187347412,0.6576402187347412,170.0,0.08500000089406967
fedavg,fedavg,49|374,49|374,2,374,data_2000_3_7.0_chordal,val_epoch_task,val,cycle5,30,,,,,,,,,,2000,166.0,119.0,1715.0,0.0,0.5824561403508772,1.0,0.7361418604850769,0.7361418604850769,0.7361418604850769,166.0,0.08299999684095383
fedavg,fedavg,49|374,49|374,2,374,data_2000_3_7.0_chordal,val_epoch_task,val,cycle6,30,,,,,,,,,,2000,147.0,248.0,1605.0,0.0,0.3721518987341772,1.0,0.5424354672431946,0.5424354672431946,0.5424354672431946,147.0,0.07349999994039536
fedavg,fedavg,49|374,49|374,2,49,data_2000_3_6.5_chordal,global_val_client,val,,30,,,0.16731776225566863,0.9482,0.8335000276565552,0.7863036303630363,0.8037484288215637,0.8037484288215637,0.8037484288215637,2000,,,,,,,,,,,
fedavg,fedavg,49|374,49|374,2,49,data_2000_3_6.5_chordal,global_val_client_task,val,cycle2,30,,,,,,,,,,2000,182.0,7.0,1811.0,0.0,0.9629629629629629,1.0,0.9811320900917053,0.9811320900917053,0.9811320900917053,182.0,0.09099999815225601
fedavg,fedavg,49|374,49|374,2,49,data_2000_3_6.5_chordal,global_val_client_task,val,cycle3,30,,,,,,,,,,2000,193.0,66.0,1741.0,0.0,0.7451737451737451,1.0,0.8539823293685913,0.8539823293685913,0.8539823293685913,193.0,0.09650000184774399
fedavg,fedavg,49|374,49|374,2,49,data_2000_3_6.5_chordal,global_val_client_task,val,cycle4,30,,,,,,,,,,2000,174.0,111.0,1715.0,0.0,0.6105263157894737,1.0,0.758169949054718,0.758169949054718,0.758169949054718,174.0,0.08699999749660492
fedavg,fedavg,49|374,49|374,2,49,data_2000_3_6.5_chordal,global_val_client_task,val,cycle5,30,,,,,,,,,,2000,193.0,121.0,1685.0,1.0,0.6146496815286624,0.9948453608247423,0.7598425149917603,0.7598425149917603,0.7598425149917603,194.0,0.09700000286102295
fedavg,fedavg,49|374,49|374,2,49,data_2000_3_6.5_chordal,global_val_client_task,val,cycle6,30,,,,,,,,,,2000,211.0,206.0,1577.0,6.0,0.5059952038369304,0.9723502304147466,0.6656152009963989,0.6656152009963989,0.6656152009963989,217.0,0.10849999636411667
fedavg,fedavg,49|374,49|374,2,374,data_2000_3_7.0_chordal,global_val_client,val,,30,,,0.1341508213877678,0.9548,0.8525000214576721,0.7869934024505184,0.7992781400680542,0.7992781400680542,0.7992781400680542,2000,,,,,,,,,,,
fedavg,fedavg,49|374,49|374,2,374,data_2000_3_7.0_chordal,global_val_client_task,val,cycle2,30,,,,,,,,,,2000,178.0,9.0,1813.0,0.0,0.9518716577540107,1.0,0.9753424525260925,0.9753424525260925,0.9753424525260925,178.0,0.08900000154972076
fedavg,fedavg,49|374,49|374,2,374,data_2000_3_7.0_chordal,global_val_client_task,val,cycle3,30,,,,,,,,,,2000,179.0,50.0,1771.0,0.0,0.7816593886462883,1.0,0.8774509429931641,0.8774509429931641,0.8774509429931641,179.0,0.08950000256299973
fedavg,fedavg,49|374,49|374,2,374,data_2000_3_7.0_chordal,global_val_client_task,val,cycle4,30,,,,,,,,,,2000,169.0,92.0,1738.0,1.0,0.6475095785440613,0.9941176470588236,0.7842227220535278,0.7842227220535278,0.7842227220535278,170.0,0.08500000089406967
fedavg,fedavg,49|374,49|374,2,374,data_2000_3_7.0_chordal,global_val_client_task,val,cycle5,30,,,,,,,,,,2000,166.0,96.0,1738.0,0.0,0.6335877862595419,1.0,0.7757009267807007,0.7757009267807007,0.7757009267807007,166.0,0.08299999684095383
fedavg,fedavg,49|374,49|374,2,374,data_2000_3_7.0_chordal,global_val_client_task,val,cycle6,30,,,,,,,,,,2000,143.0,200.0,1653.0,4.0,0.41690962099125367,0.9727891156462585,0.5836734771728516,0.5836734771728516,0.5836734771728516,147.0,0.07349999994039536
fedavg,fedavg,49|374,49|374,2,all,all,global_val_mean,val,,30,,,0.1507342918217182,0.9515,0.8430000245571136,0.7866485164067774,0.801513284444809,0.801513284444809,0.801513284444809,4000,,,,,,,,,,,
fedavg,fedavg,49|374,49|374,2,49,data_2000_3_6.5_chordal,train_epoch,train,,31,1.0,0.14724718717485666,,,,,,,,2000,,,,,,,,,,,
fedavg,fedavg,49|374,49|374,2,49,data_2000_3_6.5_chordal,train_epoch,train,,31,2.0,0.15908475935459138,,,,,,,,2000,,,,,,,,,,,
fedavg,fedavg,49|374,49|374,2,49,data_2000_3_6.5_chordal,train_epoch,train,,31,3.0,0.18106302654743195,,,,,,,,2000,,,,,,,,,,,
fedavg,fedavg,49|374,49|374,2,49,data_2000_3_6.5_chordal,val_epoch,val,,31,,,0.1893432779312134,0.9397,0.7879999876022339,0.7594734742720384,0.7905960083007812,0.7905960083007812,0.7905960083007812,2000,,,,,,,,,,,
fedavg,fedavg,49|374,49|374,2,49,data_2000_3_6.5_chordal,val_epoch_task,val,cycle2,31,,,,,,,,,,2000,182.0,12.0,1806.0,0.0,0.9381443298969072,1.0,0.9680851101875305,0.9680851101875305,0.9680851101875305,182.0,0.09099999815225601
fedavg,fedavg,49|374,49|374,2,49,data_2000_3_6.5_chordal,val_epoch_task,val,cycle3,31,,,,,,,,,,2000,190.0,26.0,1781.0,3.0,0.8796296296296297,0.9844559585492227,0.9290953278541565,0.9290953278541565,0.9290953278541565,193.0,0.09650000184774399
fedavg,fedavg,49|374,49|374,2,49,data_2000_3_6.5_chordal,val_epoch_task,val,cycle4,31,,,,,,,,,,2000,173.0,110.0,1716.0,1.0,0.6113074204946997,0.9942528735632183,0.7571116089820862,0.7571116089820862,0.7571116089820862,174.0,0.08699999749660492
fedavg,fedavg,49|374,49|374,2,49,data_2000_3_6.5_chordal,val_epoch_task,val,cycle5,31,,,,,,,,,,2000,194.0,168.0,1638.0,0.0,0.5359116022099447,1.0,0.6978417634963989,0.6978417634963989,0.6978417634963989,194.0,0.09700000286102295
fedavg,fedavg,49|374,49|374,2,49,data_2000_3_6.5_chordal,val_epoch_task,val,cycle6,31,,,,,,,,,,2000,213.0,279.0,1504.0,4.0,0.4329268292682927,0.9815668202764977,0.6008462905883789,0.6008462905883789,0.6008462905883789,217.0,0.10849999636411667
fedavg,fedavg,49|374,49|374,2,374,data_2000_3_7.0_chordal,train_epoch,train,,31,1.0,0.14742907805740832,,,,,,,,2000,,,,,,,,,,,
fedavg,fedavg,49|374,49|374,2,374,data_2000_3_7.0_chordal,train_epoch,train,,31,2.0,0.15877789306640624,,,,,,,,2000,,,,,,,,,,,
fedavg,fedavg,49|374,49|374,2,374,data_2000_3_7.0_chordal,train_epoch,train,,31,3.0,0.18090657959040254,,,,,,,,2000,,,,,,,,,,,
fedavg,fedavg,49|374,49|374,2,374,data_2000_3_7.0_chordal,val_epoch,val,,31,,,0.1402250513136387,0.9603,0.8650000095367432,0.8068126520681265,0.8203484416007996,0.8203484416007996,0.8203484416007996,2000,,,,,,,,,,,
fedavg,fedavg,49|374,49|374,2,374,data_2000_3_7.0_chordal,val_epoch_task,val,cycle2,31,,,,,,,,,,2000,178.0,8.0,1814.0,0.0,0.956989247311828,1.0,0.9780219197273254,0.9780219197273254,0.9780219197273254,178.0,0.08900000154972076
fedavg,fedavg,49|374,49|374,2,374,data_2000_3_7.0_chordal,val_epoch_task,val,cycle3,31,,,,,,,,,,2000,179.0,20.0,1801.0,0.0,0.8994974874371859,1.0,0.9470899701118469,0.9470899701118469,0.9470899701118469,179.0,0.08950000256299973
fedavg,fedavg,49|374,49|374,2,374,data_2000_3_7.0_chordal,val_epoch_task,val,cycle4,31,,,,,,,,,,2000,170.0,81.0,1749.0,0.0,0.6772908366533864,1.0,0.8076009154319763,0.8076009154319763,0.8076009154319763,170.0,0.08500000089406967
fedavg,fedavg,49|374,49|374,2,374,data_2000_3_7.0_chordal,val_epoch_task,val,cycle5,31,,,,,,,,,,2000,163.0,85.0,1749.0,3.0,0.657258064516129,0.9819277108433735,0.7874395847320557,0.7874395847320557,0.7874395847320557,166.0,0.08299999684095383
fedavg,fedavg,49|374,49|374,2,374,data_2000_3_7.0_chordal,val_epoch_task,val,cycle6,31,,,,,,,,,,2000,139.0,192.0,1661.0,8.0,0.4199395770392749,0.9455782312925171,0.581589937210083,0.581589937210083,0.581589937210083,147.0,0.07349999994039536
fedavg,fedavg,49|374,49|374,2,49,data_2000_3_6.5_chordal,global_val_client,val,,31,,,0.17639036703109742,0.9491,0.8339999914169312,0.7885334441213129,0.8090502023696899,0.8090502023696899,0.8090502023696899,2000,,,,,,,,,,,
fedavg,fedavg,49|374,49|374,2,49,data_2000_3_6.5_chordal,global_val_client_task,val,cycle2,31,,,,,,,,,,2000,182.0,16.0,1802.0,0.0,0.9191919191919192,1.0,0.9578947424888611,0.9578947424888611,0.9578947424888611,182.0,0.09099999815225601
fedavg,fedavg,49|374,49|374,2,49,data_2000_3_6.5_chordal,global_val_client_task,val,cycle3,31,,,,,,,,,,2000,193.0,28.0,1779.0,0.0,0.8733031674208145,1.0,0.9323671460151672,0.9323671460151672,0.9323671460151672,193.0,0.09650000184774399
fedavg,fedavg,49|374,49|374,2,49,data_2000_3_6.5_chordal,global_val_client_task,val,cycle4,31,,,,,,,,,,2000,172.0,108.0,1718.0,2.0,0.6142857142857143,0.9885057471264368,0.757709264755249,0.757709264755249,0.757709264755249,174.0,0.08699999749660492
fedavg,fedavg,49|374,49|374,2,49,data_2000_3_6.5_chordal,global_val_client_task,val,cycle5,31,,,,,,,,,,2000,193.0,131.0,1675.0,1.0,0.595679012345679,0.9948453608247423,0.7451737523078918,0.7451737523078918,0.7451737523078918,194.0,0.09700000286102295
fedavg,fedavg,49|374,49|374,2,49,data_2000_3_6.5_chordal,global_val_client_task,val,cycle6,31,,,,,,,,,,2000,209.0,215.0,1568.0,8.0,0.49292452830188677,0.9631336405529954,0.6521061062812805,0.6521061062812805,0.6521061062812805,217.0,0.10849999636411667
fedavg,fedavg,49|374,49|374,2,374,data_2000_3_7.0_chordal,global_val_client,val,,31,,,0.13748497915267943,0.9529,0.8525000214576721,0.7800093414292386,0.7976444363594055,0.7976444363594055,0.7976444363594055,2000,,,,,,,,,,,
fedavg,fedavg,49|374,49|374,2,374,data_2000_3_7.0_chordal,global_val_client_task,val,cycle2,31,,,,,,,,,,2000,178.0,13.0,1809.0,0.0,0.9319371727748691,1.0,0.9647696018218994,0.9647696018218994,0.9647696018218994,178.0,0.08900000154972076
fedavg,fedavg,49|374,49|374,2,374,data_2000_3_7.0_chordal,global_val_client_task,val,cycle3,31,,,,,,,,,,2000,179.0,24.0,1797.0,0.0,0.8817733990147784,1.0,0.9371727705001831,0.9371727705001831,0.9371727705001831,179.0,0.08950000256299973
fedavg,fedavg,49|374,49|374,2,374,data_2000_3_7.0_chordal,global_val_client_task,val,cycle4,31,,,,,,,,,,2000,170.0,91.0,1739.0,0.0,0.6513409961685823,1.0,0.7888631820678711,0.7888631820678711,0.7888631820678711,170.0,0.08500000089406967
fedavg,fedavg,49|374,49|374,2,374,data_2000_3_7.0_chordal,global_val_client_task,val,cycle5,31,,,,,,,,,,2000,166.0,115.0,1719.0,0.0,0.5907473309608541,1.0,0.7427293062210083,0.7427293062210083,0.7427293062210083,166.0,0.08299999684095383
fedavg,fedavg,49|374,49|374,2,374,data_2000_3_7.0_chordal,global_val_client_task,val,cycle6,31,,,,,,,,,,2000,142.0,223.0,1630.0,5.0,0.38904109589041097,0.9659863945578231,0.5546875,0.5546875,0.5546875,147.0,0.07349999994039536
fedavg,fedavg,49|374,49|374,2,all,all,global_val_mean,val,,31,,,0.15693767309188844,0.951,0.8432500064373016,0.7842713927752757,0.8033473193645477,0.8033473193645477,0.8033473193645477,4000,,,,,,,,,,,
fedavg,fedavg,49|374,49|374,2,49,data_2000_3_6.5_chordal,train_epoch,train,,32,1.0,0.17985651540756226,,,,,,,,2000,,,,,,,,,,,
fedavg,fedavg,49|374,49|374,2,49,data_2000_3_6.5_chordal,train_epoch,train,,32,2.0,0.13166070836782456,,,,,,,,2000,,,,,,,,,,,
fedavg,fedavg,49|374,49|374,2,49,data_2000_3_6.5_chordal,train_epoch,train,,32,3.0,0.18442913222312926,,,,,,,,2000,,,,,,,,,,,
fedavg,fedavg,49|374,49|374,2,49,data_2000_3_6.5_chordal,val_epoch,val,,32,,,0.188329489082098,0.9376,0.7919999957084656,0.7537490134175218,0.7801036238670349,0.7801036238670349,0.7801036238670349,2000,,,,,,,,,,,
fedavg,fedavg,49|374,49|374,2,49,data_2000_3_6.5_chordal,val_epoch_task,val,cycle2,32,,,,,,,,,,2000,182.0,14.0,1804.0,0.0,0.9285714285714286,1.0,0.9629629254341125,0.9629629254341125,0.9629629254341125,182.0,0.09099999815225601
fedavg,fedavg,49|374,49|374,2,49,data_2000_3_6.5_chordal,val_epoch_task,val,cycle3,32,,,,,,,,,,2000,193.0,33.0,1774.0,0.0,0.8539823008849557,1.0,0.921241044998169,0.921241044998169,0.921241044998169,193.0,0.09650000184774399
fedavg,fedavg,49|374,49|374,2,49,data_2000_3_6.5_chordal,val_epoch_task,val,cycle4,32,,,,,,,,,,2000,173.0,147.0,1679.0,1.0,0.540625,0.9942528735632183,0.7004048228263855,0.7004048228263855,0.7004048228263855,174.0,0.08699999749660492
fedavg,fedavg,49|374,49|374,2,49,data_2000_3_6.5_chordal,val_epoch_task,val,cycle5,32,,,,,,,,,,2000,192.0,172.0,1634.0,2.0,0.5274725274725275,0.9896907216494846,0.6881721019744873,0.6881721019744873,0.6881721019744873,194.0,0.09700000286102295
fedavg,fedavg,49|374,49|374,2,49,data_2000_3_6.5_chordal,val_epoch_task,val,cycle6,32,,,,,,,,,,2000,215.0,253.0,1530.0,2.0,0.4594017094017094,0.9907834101382489,0.6277372241020203,0.6277372241020203,0.6277372241020203,217.0,0.10849999636411667
fedavg,fedavg,49|374,49|374,2,374,data_2000_3_7.0_chordal,train_epoch,train,,32,1.0,0.15161860083043574,,,,,,,,2000,,,,,,,,,,,
fedavg,fedavg,49|374,49|374,2,374,data_2000_3_7.0_chordal,train_epoch,train,,32,2.0,0.1556877566576004,,,,,,,,2000,,,,,,,,,,,
fedavg,fedavg,49|374,49|374,2,374,data_2000_3_7.0_chordal,train_epoch,train,,32,3.0,0.15560251855850218,,,,,,,,2000,,,,,,,,,,,
fedavg,fedavg,49|374,49|374,2,374,data_2000_3_7.0_chordal,val_epoch,val,,32,,,0.12835159254074097,0.9628,0.8765000104904175,0.8165680473372782,0.829115092754364,0.829115092754364,0.829115092754364,2000,,,,,,,,,,,
fedavg,fedavg,49|374,49|374,2,374,data_2000_3_7.0_chordal,val_epoch_task,val,cycle2,32,,,,,,,,,,2000,178.0,6.0,1816.0,0.0,0.967391304347826,1.0,0.9834254384040833,0.9834254384040833,0.9834254384040833,178.0,0.08900000154972076
fedavg,fedavg,49|374,49|374,2,374,data_2000_3_7.0_chordal,val_epoch_task,val,cycle3,32,,,,,,,,,,2000,179.0,24.0,1797.0,0.0,0.8817733990147784,1.0,0.9371727705001831,0.9371727705001831,0.9371727705001831,179.0,0.08950000256299973
fedavg,fedavg,49|374,49|374,2,374,data_2000_3_7.0_chordal,val_epoch_task,val,cycle4,32,,,,,,,,,,2000,168.0,50.0,1780.0,2.0,0.7706422018348624,0.9882352941176471,0.8659793734550476,0.8659793734550476,0.8659793734550476,170.0,0.08500000089406967
fedavg,fedavg,49|374,49|374,2,374,data_2000_3_7.0_chordal,val_epoch_task,val,cycle5,32,,,,,,,,,,2000,163.0,101.0,1733.0,3.0,0.6174242424242424,0.9819277108433735,0.7581395506858826,0.7581395506858826,0.7581395506858826,166.0,0.08299999684095383
fedavg,fedavg,49|374,49|374,2,374,data_2000_3_7.0_chordal,val_epoch_task,val,cycle6,32,,,,,,,,,,2000,140.0,179.0,1674.0,7.0,0.438871473354232,0.9523809523809523,0.6008583903312683,0.6008583903312683,0.6008583903312683,147.0,0.07349999994039536
fedavg,fedavg,49|374,49|374,2,49,data_2000_3_6.5_chordal,global_val_client,val,,32,,,0.1780157676935196,0.9427,0.8190000057220459,0.7690447400241838,0.7885943651199341,0.7885943651199341,0.7885943651199341,2000,,,,,,,,,,,
fedavg,fedavg,49|374,49|374,2,49,data_2000_3_6.5_chordal,global_val_client_task,val,cycle2,32,,,,,,,,,,2000,182.0,20.0,1798.0,0.0,0.900990099009901,1.0,0.9479166865348816,0.9479166865348816,0.9479166865348816,182.0,0.09099999815225601
fedavg,fedavg,49|374,49|374,2,49,data_2000_3_6.5_chordal,global_val_client_task,val,cycle3,32,,,,,,,,,,2000,193.0,46.0,1761.0,0.0,0.8075313807531381,1.0,0.8935185074806213,0.8935185074806213,0.8935185074806213,193.0,0.09650000184774399
fedavg,fedavg,49|374,49|374,2,49,data_2000_3_6.5_chordal,global_val_client_task,val,cycle4,32,,,,,,,,,,2000,173.0,119.0,1707.0,1.0,0.5924657534246576,0.9942528735632183,0.7424893379211426,0.7424893379211426,0.7424893379211426,174.0,0.08699999749660492
fedavg,fedavg,49|374,49|374,2,49,data_2000_3_6.5_chordal,global_val_client_task,val,cycle5,32,,,,,,,,,,2000,194.0,161.0,1645.0,0.0,0.5464788732394367,1.0,0.7067395448684692,0.7067395448684692,0.7067395448684692,194.0,0.09700000286102295
fedavg,fedavg,49|374,49|374,2,49,data_2000_3_6.5_chordal,global_val_client_task,val,cycle6,32,,,,,,,,,,2000,212.0,221.0,1562.0,5.0,0.4896073903002309,0.9769585253456221,0.6523077487945557,0.6523077487945557,0.6523077487945557,217.0,0.10849999636411667
fedavg,fedavg,49|374,49|374,2,374,data_2000_3_7.0_chordal,global_val_client,val,,32,,,0.13075627774000168,0.9525,0.8454999923706055,0.7789669613773849,0.797676682472229,0.797676682472229,0.797676682472229,2000,,,,,,,,,,,
fedavg,fedavg,49|374,49|374,2,374,data_2000_3_7.0_chordal,global_val_client_task,val,cycle2,32,,,,,,,,,,2000,178.0,7.0,1815.0,0.0,0.9621621621621622,1.0,0.9807162284851074,0.9807162284851074,0.9807162284851074,178.0,0.08900000154972076
fedavg,fedavg,49|374,49|374,2,374,data_2000_3_7.0_chordal,global_val_client_task,val,cycle3,32,,,,,,,,,,2000,179.0,29.0,1792.0,0.0,0.8605769230769231,1.0,0.9250646233558655,0.9250646233558655,0.9250646233558655,179.0,0.08950000256299973
fedavg,fedavg,49|374,49|374,2,374,data_2000_3_7.0_chordal,global_val_client_task,val,cycle4,32,,,,,,,,,,2000,170.0,78.0,1752.0,0.0,0.6854838709677419,1.0,0.8133971095085144,0.8133971095085144,0.8133971095085144,170.0,0.08500000089406967
fedavg,fedavg,49|374,49|374,2,374,data_2000_3_7.0_chordal,global_val_client_task,val,cycle5,32,,,,,,,,,,2000,166.0,140.0,1694.0,0.0,0.5424836601307189,1.0,0.7033898830413818,0.7033898830413818,0.7033898830413818,166.0,0.08299999684095383
fedavg,fedavg,49|374,49|374,2,374,data_2000_3_7.0_chordal,global_val_client_task,val,cycle6,32,,,,,,,,,,2000,144.0,218.0,1635.0,3.0,0.39779005524861877,0.9795918367346939,0.5658153295516968,0.5658153295516968,0.5658153295516968,147.0,0.07349999994039536
fedavg,fedavg,49|374,49|374,2,all,all,global_val_mean,val,,32,,,0.15438602271676063,0.9475999999999999,0.8322499990463257,0.7740058507007843,0.7931355237960815,0.7931355237960815,0.7931355237960815,4000,,,,,,,,,,,
fedavg,fedavg,49|374,49|374,2,49,data_2000_3_6.5_chordal,train_epoch,train,,33,1.0,0.13880338464677333,,,,,,,,2000,,,,,,,,,,,
fedavg,fedavg,49|374,49|374,2,49,data_2000_3_6.5_chordal,train_epoch,train,,33,2.0,0.16602271270751953,,,,,,,,2000,,,,,,,,,,,
fedavg,fedavg,49|374,49|374,2,49,data_2000_3_6.5_chordal,train_epoch,train,,33,3.0,0.15140863370895385,,,,,,,,2000,,,,,,,,,,,
fedavg,fedavg,49|374,49|374,2,49,data_2000_3_6.5_chordal,val_epoch,val,,33,,,0.18139323914051056,0.9564,0.8445000052452087,0.8127147766323025,0.8381727337837219,0.8381727337837219,0.8381727337837219,2000,,,,,,,,,,,
fedavg,fedavg,49|374,49|374,2,49,data_2000_3_6.5_chordal,val_epoch_task,val,cycle2,33,,,,,,,,,,2000,182.0,6.0,1812.0,0.0,0.9680851063829787,1.0,0.9837838411331177,0.9837838411331177,0.9837838411331177,182.0,0.09099999815225601
fedavg,fedavg,49|374,49|374,2,49,data_2000_3_6.5_chordal,val_epoch_task,val,cycle3,33,,,,,,,,,,2000,193.0,15.0,1792.0,0.0,0.9278846153846154,1.0,0.9625935554504395,0.9625935554504395,0.9625935554504395,193.0,0.09650000184774399
fedavg,fedavg,49|374,49|374,2,49,data_2000_3_6.5_chordal,val_epoch_task,val,cycle4,33,,,,,,,,,,2000,173.0,52.0,1774.0,1.0,0.7688888888888888,0.9942528735632183,0.8671678900718689,0.8671678900718689,0.8671678900718689,174.0,0.08699999749660492
fedavg,fedavg,49|374,49|374,2,49,data_2000_3_6.5_chordal,val_epoch_task,val,cycle5,33,,,,,,,,,,2000,192.0,156.0,1650.0,2.0,0.5517241379310345,0.9896907216494846,0.7084870934486389,0.7084870934486389,0.7084870934486389,194.0,0.09700000286102295
fedavg,fedavg,49|374,49|374,2,49,data_2000_3_6.5_chordal,val_epoch_task,val,cycle6,33,,,,,,,,,,2000,206.0,193.0,1590.0,11.0,0.5162907268170426,0.9493087557603687,0.6688311696052551,0.6688311696052551,0.6688311696052551,217.0,0.10849999636411667
fedavg,fedavg,49|374,49|374,2,374,data_2000_3_7.0_chordal,train_epoch,train,,33,1.0,0.1694065157175064,,,,,,,,2000,,,,,,,,,,,
fedavg,fedavg,49|374,49|374,2,374,data_2000_3_7.0_chordal,train_epoch,train,,33,2.0,0.1388235363960266,,,,,,,,2000,,,,,,,,,,,
fedavg,fedavg,49|374,49|374,2,374,data_2000_3_7.0_chordal,train_epoch,train,,33,3.0,0.14573697444796563,,,,,,,,2000,,,,,,,,,,,
fedavg,fedavg,49|374,49|374,2,374,data_2000_3_7.0_chordal,val_epoch,val,,33,,,0.12382308721542358,0.9589,0.8579999804496765,0.8024987986544931,0.8220656514167786,0.8220656514167786,0.8220656514167786,2000,,,,,,,,,,,
fedavg,fedavg,49|374,49|374,2,374,data_2000_3_7.0_chordal,val_epoch_task,val,cycle2,33,,,,,,,,,,2000,178.0,15.0,1807.0,0.0,0.9222797927461139,1.0,0.9595686793327332,0.9595686793327332,0.9595686793327332,178.0,0.08900000154972076
fedavg,fedavg,49|374,49|374,2,374,data_2000_3_7.0_chordal,val_epoch_task,val,cycle3,33,,,,,,,,,,2000,179.0,9.0,1812.0,0.0,0.9521276595744681,1.0,0.9754768013954163,0.9754768013954163,0.9754768013954163,179.0,0.08950000256299973
fedavg,fedavg,49|374,49|374,2,374,data_2000_3_7.0_chordal,val_epoch_task,val,cycle4,33,,,,,,,,,,2000,167.0,55.0,1775.0,3.0,0.7522522522522522,0.9823529411764705,0.8520407676696777,0.8520407676696777,0.8520407676696777,170.0,0.08500000089406967
fedavg,fedavg,49|374,49|374,2,374,data_2000_3_7.0_chordal,val_epoch_task,val,cycle5,33,,,,,,,,,,2000,165.0,106.0,1728.0,1.0,0.6088560885608856,0.9939759036144579,0.755148708820343,0.755148708820343,0.755148708820343,166.0,0.08299999684095383
fedavg,fedavg,49|374,49|374,2,374,data_2000_3_7.0_chordal,val_epoch_task,val,cycle6,33,,,,,,,,,,2000,146.0,221.0,1632.0,1.0,0.3978201634877384,0.9931972789115646,0.5680934190750122,0.5680934190750122,0.5680934190750122,147.0,0.07349999994039536
fedavg,fedavg,49|374,49|374,2,49,data_2000_3_6.5_chordal,global_val_client,val,,33,,,0.18228247022628785,0.9492,0.8314999938011169,0.7883333333333333,0.8121536374092102,0.8121536374092102,0.8121536374092102,2000,,,,,,,,,,,
fedavg,fedavg,49|374,49|374,2,49,data_2000_3_6.5_chordal,global_val_client_task,val,cycle2,33,,,,,,,,,,2000,182.0,12.0,1806.0,0.0,0.9381443298969072,1.0,0.9680851101875305,0.9680851101875305,0.9680851101875305,182.0,0.09099999815225601
fedavg,fedavg,49|374,49|374,2,49,data_2000_3_6.5_chordal,global_val_client_task,val,cycle3,33,,,,,,,,,,2000,193.0,31.0,1776.0,0.0,0.8616071428571429,1.0,0.9256594777107239,0.9256594777107239,0.9256594777107239,193.0,0.09650000184774399
fedavg,fedavg,49|374,49|374,2,49,data_2000_3_6.5_chordal,global_val_client_task,val,cycle4,33,,,,,,,,,,2000,171.0,76.0,1750.0,3.0,0.6923076923076923,0.9827586206896551,0.8123515844345093,0.8123515844345093,0.8123515844345093,174.0,0.08699999749660492
fedavg,fedavg,49|374,49|374,2,49,data_2000_3_6.5_chordal,global_val_client_task,val,cycle5,33,,,,,,,,,,2000,194.0,157.0,1649.0,0.0,0.5527065527065527,1.0,0.7119266390800476,0.7119266390800476,0.7119266390800476,194.0,0.09700000286102295
fedavg,fedavg,49|374,49|374,2,49,data_2000_3_6.5_chordal,global_val_client_task,val,cycle6,33,,,,,,,,,,2000,206.0,218.0,1565.0,11.0,0.4858490566037736,0.9493087557603687,0.6427457332611084,0.6427457332611084,0.6427457332611084,217.0,0.10849999636411667
fedavg,fedavg,49|374,49|374,2,374,data_2000_3_7.0_chordal,global_val_client,val,,33,,,0.12529318571090697,0.9576,0.8615000247955322,0.7973231357552581,0.8111831545829773,0.8111831545829773,0.8111831545829773,2000,,,,,,,,,,,
fedavg,fedavg,49|374,49|374,2,374,data_2000_3_7.0_chordal,global_val_client_task,val,cycle2,33,,,,,,,,,,2000,178.0,14.0,1808.0,0.0,0.9270833333333334,1.0,0.9621621966362,0.9621621966362,0.9621621966362,178.0,0.08900000154972076
fedavg,fedavg,49|374,49|374,2,374,data_2000_3_7.0_chordal,global_val_client_task,val,cycle3,33,,,,,,,,,,2000,179.0,27.0,1794.0,0.0,0.8689320388349514,1.0,0.9298701882362366,0.9298701882362366,0.9298701882362366,179.0,0.08950000256299973
fedavg,fedavg,49|374,49|374,2,374,data_2000_3_7.0_chordal,global_val_client_task,val,cycle4,33,,,,,,,,,,2000,168.0,66.0,1764.0,2.0,0.717948717948718,0.9882352941176471,0.8316831588745117,0.8316831588745117,0.8316831588745117,170.0,0.08500000089406967
fedavg,fedavg,49|374,49|374,2,374,data_2000_3_7.0_chordal,global_val_client_task,val,cycle5,33,,,,,,,,,,2000,165.0,113.0,1721.0,1.0,0.5935251798561151,0.9939759036144579,0.7432432770729065,0.7432432770729065,0.7432432770729065,166.0,0.08299999684095383
fedavg,fedavg,49|374,49|374,2,374,data_2000_3_7.0_chordal,global_val_client_task,val,cycle6,33,,,,,,,,,,2000,144.0,198.0,1655.0,3.0,0.42105263157894735,0.9795918367346939,0.5889570116996765,0.5889570116996765,0.5889570116996765,147.0,0.07349999994039536
fedavg,fedavg,49|374,49|374,2,all,all,global_val_mean,val,,33,,,0.1537878279685974,0.9534000000000001,0.8465000092983246,0.7928282345442959,0.8116683959960938,0.8116683959960938,0.8116683959960938,4000,,,,,,,,,,,
fedavg,fedavg,49|374,49|374,2,49,data_2000_3_6.5_chordal,train_epoch,train,,34,1.0,0.135070742726326,,,,,,,,2000,,,,,,,,,,,
fedavg,fedavg,49|374,49|374,2,49,data_2000_3_6.5_chordal,train_epoch,train,,34,2.0,0.1875272987484932,,,,,,,,2000,,,,,,,,,,,
fedavg,fedavg,49|374,49|374,2,49,data_2000_3_6.5_chordal,train_epoch,train,,34,3.0,0.14981407010555267,,,,,,,,2000,,,,,,,,,,,
fedavg,fedavg,49|374,49|374,2,49,data_2000_3_6.5_chordal,val_epoch,val,,34,,,0.1702745022252202,0.9509,0.8345000147819519,0.7951606174384647,0.8177984952926636,0.8177984952926636,0.8177984952926636,2000,,,,,,,,,,,
fedavg,fedavg,49|374,49|374,2,49,data_2000_3_6.5_chordal,val_epoch_task,val,cycle2,34,,,,,,,,,,2000,182.0,17.0,1801.0,0.0,0.914572864321608,1.0,0.9553805589675903,0.9553805589675903,0.9553805589675903,182.0,0.09099999815225601
fedavg,fedavg,49|374,49|374,2,49,data_2000_3_6.5_chordal,val_epoch_task,val,cycle3,34,,,,,,,,,,2000,193.0,18.0,1789.0,0.0,0.9146919431279621,1.0,0.9554455280303955,0.9554455280303955,0.9554455280303955,193.0,0.09650000184774399
fedavg,fedavg,49|374,49|374,2,49,data_2000_3_6.5_chordal,val_epoch_task,val,cycle4,34,,,,,,,,,,2000,174.0,82.0,1744.0,0.0,0.6796875,1.0,0.8093023300170898,0.8093023300170898,0.8093023300170898,174.0,0.08699999749660492
fedavg,fedavg,49|374,49|374,2,49,data_2000_3_6.5_chordal,val_epoch_task,val,cycle5,34,,,,,,,,,,2000,192.0,165.0,1641.0,2.0,0.5378151260504201,0.9896907216494846,0.6969147324562073,0.6969147324562073,0.6969147324562073,194.0,0.09700000286102295
fedavg,fedavg,49|374,49|374,2,49,data_2000_3_6.5_chordal,val_epoch_task,val,cycle6,34,,,,,,,,,,2000,212.0,202.0,1581.0,5.0,0.5120772946859904,0.9769585253456221,0.6719492077827454,0.6719492077827454,0.6719492077827454,217.0,0.10849999636411667
fedavg,fedavg,49|374,49|374,2,374,data_2000_3_7.0_chordal,train_epoch,train,,34,1.0,0.14755644521117212,,,,,,,,2000,,,,,,,,,,,
fedavg,fedavg,49|374,49|374,2,374,data_2000_3_7.0_chordal,train_epoch,train,,34,2.0,0.1824230356812477,,,,,,,,2000,,,,,,,,,,,
fedavg,fedavg,49|374,49|374,2,374,data_2000_3_7.0_chordal,train_epoch,train,,34,3.0,0.18216491949558258,,,,,,,,2000,,,,,,,,,,,
fedavg,fedavg,49|374,49|374,2,374,data_2000_3_7.0_chordal,val_epoch,val,,34,,,0.1522488089799881,0.9509,0.8255000114440918,0.7723690310616597,0.8032056093215942,0.8032056093215942,0.8032056093215942,2000,,,,,,,,,,,
fedavg,fedavg,49|374,49|374,2,374,data_2000_3_7.0_chordal,val_epoch_task,val,cycle2,34,,,,,,,,,,2000,178.0,4.0,1818.0,0.0,0.978021978021978,1.0,0.9888889193534851,0.9888889193534851,0.9888889193534851,178.0,0.08900000154972076
fedavg,fedavg,49|374,49|374,2,374,data_2000_3_7.0_chordal,val_epoch_task,val,cycle3,34,,,,,,,,,,2000,178.0,11.0,1810.0,1.0,0.9417989417989417,0.994413407821229,0.967391312122345,0.967391312122345,0.967391312122345,179.0,0.08950000256299973
fedavg,fedavg,49|374,49|374,2,374,data_2000_3_7.0_chordal,val_epoch_task,val,cycle4,34,,,,,,,,,,2000,168.0,67.0,1763.0,2.0,0.7148936170212766,0.9882352941176471,0.82962965965271,0.82962965965271,0.82962965965271,170.0,0.08500000089406967
fedavg,fedavg,49|374,49|374,2,374,data_2000_3_7.0_chordal,val_epoch_task,val,cycle5,34,,,,,,,,,,2000,162.0,125.0,1709.0,4.0,0.5644599303135889,0.9759036144578314,0.7152317762374878,0.7152317762374878,0.7152317762374878,166.0,0.08299999684095383
fedavg,fedavg,49|374,49|374,2,374,data_2000_3_7.0_chordal,val_epoch_task,val,cycle6,34,,,,,,,,,,2000,147.0,277.0,1576.0,0.0,0.3466981132075472,1.0,0.514886200428009,0.514886200428009,0.514886200428009,147.0,0.07349999994039536
fedavg,fedavg,49|374,49|374,2,49,data_2000_3_6.5_chordal,global_val_client,val,,34,,,0.1599881145954132,0.9525,0.8370000123977661,0.7998314369995786,0.8232609629631042,0.8232609629631042,0.8232609629631042,2000,,,,,,,,,,,
fedavg,fedavg,49|374,49|374,2,49,data_2000_3_6.5_chordal,global_val_client_task,val,cycle2,34,,,,,,,,,,2000,182.0,12.0,1806.0,0.0,0.9381443298969072,1.0,0.9680851101875305,0.9680851101875305,0.9680851101875305,182.0,0.09099999815225601
fedavg,fedavg,49|374,49|374,2,49,data_2000_3_6.5_chordal,global_val_client_task,val,cycle3,34,,,,,,,,,,2000,193.0,16.0,1791.0,0.0,0.9234449760765551,1.0,0.9601989984512329,0.9601989984512329,0.9601989984512329,193.0,0.09650000184774399
fedavg,fedavg,49|374,49|374,2,49,data_2000_3_6.5_chordal,global_val_client_task,val,cycle4,34,,,,,,,,,,2000,170.0,78.0,1748.0,4.0,0.6854838709677419,0.9770114942528736,0.8056872487068176,0.8056872487068176,0.8056872487068176,174.0,0.08699999749660492
fedavg,fedavg,49|374,49|374,2,49,data_2000_3_6.5_chordal,global_val_client_task,val,cycle5,34,,,,,,,,,,2000,192.0,149.0,1657.0,2.0,0.5630498533724341,0.9896907216494846,0.717756986618042,0.717756986618042,0.717756986618042,194.0,0.09700000286102295
fedavg,fedavg,49|374,49|374,2,49,data_2000_3_6.5_chordal,global_val_client_task,val,cycle6,34,,,,,,,,,,2000,212.0,209.0,1574.0,5.0,0.503562945368171,0.9769585253456221,0.6645767688751221,0.6645767688751221,0.6645767688751221,217.0,0.10849999636411667
fedavg,fedavg,49|374,49|374,2,374,data_2000_3_7.0_chordal,global_val_client,val,,34,,,0.126257992208004,0.958,0.8569999933242798,0.7986577181208053,0.8154007196426392,0.8154007196426392,0.8154007196426392,2000,,,,,,,,,,,
fedavg,fedavg,49|374,49|374,2,374,data_2000_3_7.0_chordal,global_val_client_task,val,cycle2,34,,,,,,,,,,2000,178.0,7.0,1815.0,0.0,0.9621621621621622,1.0,0.9807162284851074,0.9807162284851074,0.9807162284851074,178.0,0.08900000154972076
fedavg,fedavg,49|374,49|374,2,374,data_2000_3_7.0_chordal,global_val_client_task,val,cycle3,34,,,,,,,,,,2000,179.0,23.0,1798.0,0.0,0.8861386138613861,1.0,0.9396325349807739,0.9396325349807739,0.9396325349807739,179.0,0.08950000256299973
fedavg,fedavg,49|374,49|374,2,374,data_2000_3_7.0_chordal,global_val_client_task,val,cycle4,34,,,,,,,,,,2000,169.0,63.0,1767.0,1.0,0.728448275862069,0.9941176470588236,0.8407959938049316,0.8407959938049316,0.8407959938049316,170.0,0.08500000089406967
fedavg,fedavg,49|374,49|374,2,374,data_2000_3_7.0_chordal,global_val_client_task,val,cycle5,34,,,,,,,,,,2000,164.0,113.0,1721.0,2.0,0.592057761732852,0.9879518072289156,0.7404062747955322,0.7404062747955322,0.7404062747955322,166.0,0.08299999684095383
fedavg,fedavg,49|374,49|374,2,374,data_2000_3_7.0_chordal,global_val_client_task,val,cycle6,34,,,,,,,,,,2000,143.0,207.0,1646.0,4.0,0.4085714285714286,0.9727891156462585,0.5754526853561401,0.5754526853561401,0.5754526853561401,147.0,0.07349999994039536
fedavg,fedavg,49|374,49|374,2,all,all,global_val_mean,val,,34,,,0.1431230534017086,0.95525,0.847000002861023,0.799244577560192,0.8193308413028717,0.8193308413028717,0.8193308413028717,4000,,,,,,,,,,,
fedavg,fedavg,49|374,49|374,2,49,data_2000_3_6.5_chordal,train_epoch,train,,35,1.0,0.14402806615829467,,,,,,,,2000,,,,,,,,,,,
fedavg,fedavg,49|374,49|374,2,49,data_2000_3_6.5_chordal,train_epoch,train,,35,2.0,0.147375683426857,,,,,,,,2000,,,,,,,,,,,
fedavg,fedavg,49|374,49|374,2,49,data_2000_3_6.5_chordal,train_epoch,train,,35,3.0,0.15131764158606528,,,,,,,,2000,,,,,,,,,,,
fedavg,fedavg,49|374,49|374,2,49,data_2000_3_6.5_chordal,val_epoch,val,,35,,,0.1804608847796917,0.9494,0.8330000042915344,0.7891666666666666,0.8111618757247925,0.8111618757247925,0.8111618757247925,2000,,,,,,,,,,,
fedavg,fedavg,49|374,49|374,2,49,data_2000_3_6.5_chordal,val_epoch_task,val,cycle2,35,,,,,,,,,,2000,182.0,3.0,1815.0,0.0,0.9837837837837838,1.0,0.9918256402015686,0.9918256402015686,0.9918256402015686,182.0,0.09099999815225601
fedavg,fedavg,49|374,49|374,2,49,data_2000_3_6.5_chordal,val_epoch_task,val,cycle3,35,,,,,,,,,,2000,192.0,42.0,1765.0,1.0,0.8205128205128205,0.9948186528497409,0.8992974162101746,0.8992974162101746,0.8992974162101746,193.0,0.09650000184774399
fedavg,fedavg,49|374,49|374,2,49,data_2000_3_6.5_chordal,val_epoch_task,val,cycle4,35,,,,,,,,,,2000,174.0,96.0,1730.0,0.0,0.6444444444444445,1.0,0.7837837934494019,0.7837837934494019,0.7837837934494019,174.0,0.08699999749660492
fedavg,fedavg,49|374,49|374,2,49,data_2000_3_6.5_chordal,val_epoch_task,val,cycle5,35,,,,,,,,,,2000,193.0,141.0,1665.0,1.0,0.5778443113772455,0.9948453608247423,0.7310605645179749,0.7310605645179749,0.7310605645179749,194.0,0.09700000286102295
fedavg,fedavg,49|374,49|374,2,49,data_2000_3_6.5_chordal,val_epoch_task,val,cycle6,35,,,,,,,,,,2000,206.0,211.0,1572.0,11.0,0.4940047961630695,0.9493087557603687,0.6498422026634216,0.6498422026634216,0.6498422026634216,217.0,0.10849999636411667
fedavg,fedavg,49|374,49|374,2,374,data_2000_3_7.0_chordal,train_epoch,train,,35,1.0,0.17619461691379548,,,,,,,,2000,,,,,,,,,,,
fedavg,fedavg,49|374,49|374,2,374,data_2000_3_7.0_chordal,train_epoch,train,,35,2.0,0.1451028797030449,,,,,,,,2000,,,,,,,,,,,
fedavg,fedavg,49|374,49|374,2,374,data_2000_3_7.0_chordal,train_epoch,train,,35,3.0,0.1484598315656185,,,,,,,,2000,,,,,,,,,,,
fedavg,fedavg,49|374,49|374,2,374,data_2000_3_7.0_chordal,val_epoch,val,,35,,,0.15390630328655244,0.9521,0.8429999947547913,0.7756440281030446,0.7949651479721069,0.7949651479721069,0.7949651479721069,2000,,,,,,,,,,,
fedavg,fedavg,49|374,49|374,2,374,data_2000_3_7.0_chordal,val_epoch_task,val,cycle2,35,,,,,,,,,,2000,178.0,14.0,1808.0,0.0,0.9270833333333334,1.0,0.9621621966362,0.9621621966362,0.9621621966362,178.0,0.08900000154972076
fedavg,fedavg,49|374,49|374,2,374,data_2000_3_7.0_chordal,val_epoch_task,val,cycle3,35,,,,,,,,,,2000,177.0,23.0,1798.0,2.0,0.885,0.9888268156424581,0.9340369701385498,0.9340369701385498,0.9340369701385498,179.0,0.08950000256299973
fedavg,fedavg,49|374,49|374,2,374,data_2000_3_7.0_chordal,val_epoch_task,val,cycle4,35,,,,,,,,,,2000,168.0,81.0,1749.0,2.0,0.6746987951807228,0.9882352941176471,0.801909327507019,0.801909327507019,0.801909327507019,170.0,0.08500000089406967
fedavg,fedavg,49|374,49|374,2,374,data_2000_3_7.0_chordal,val_epoch_task,val,cycle5,35,,,,,,,,,,2000,166.0,116.0,1718.0,0.0,0.5886524822695035,1.0,0.7410714626312256,0.7410714626312256,0.7410714626312256,166.0,0.08299999684095383
fedavg,fedavg,49|374,49|374,2,374,data_2000_3_7.0_chordal,val_epoch_task,val,cycle6,35,,,,,,,,,,2000,139.0,233.0,1620.0,8.0,0.3736559139784946,0.9455782312925171,0.5356454849243164,0.5356454849243164,0.5356454849243164,147.0,0.07349999994039536
fedavg,fedavg,49|374,49|374,2,49,data_2000_3_6.5_chordal,global_val_client,val,,35,,,0.14902723717689514,0.9527,0.8424999713897705,0.8015107007973143,0.823209285736084,0.823209285736084,0.823209285736084,2000,,,,,,,,,,,
fedavg,fedavg,49|374,49|374,2,49,data_2000_3_6.5_chordal,global_val_client_task,val,cycle2,35,,,,,,,,,,2000,182.0,5.0,1813.0,0.0,0.9732620320855615,1.0,0.9864498376846313,0.9864498376846313,0.9864498376846313,182.0,0.09099999815225601
fedavg,fedavg,49|374,49|374,2,49,data_2000_3_6.5_chordal,global_val_client_task,val,cycle3,35,,,,,,,,,,2000,193.0,30.0,1777.0,0.0,0.8654708520179372,1.0,0.927884578704834,0.927884578704834,0.927884578704834,193.0,0.09650000184774399
fedavg,fedavg,49|374,49|374,2,49,data_2000_3_6.5_chordal,global_val_client_task,val,cycle4,35,,,,,,,,,,2000,174.0,99.0,1727.0,0.0,0.6373626373626373,1.0,0.7785235047340393,0.7785235047340393,0.7785235047340393,174.0,0.08699999749660492
fedavg,fedavg,49|374,49|374,2,49,data_2000_3_6.5_chordal,global_val_client_task,val,cycle5,35,,,,,,,,,,2000,194.0,120.0,1686.0,0.0,0.6178343949044586,1.0,0.7637795805931091,0.7637795805931091,0.7637795805931091,194.0,0.09700000286102295
fedavg,fedavg,49|374,49|374,2,49,data_2000_3_6.5_chordal,global_val_client_task,val,cycle6,35,,,,,,,,,,2000,212.0,214.0,1569.0,5.0,0.49765258215962443,0.9769585253456221,0.6594090461730957,0.6594090461730957,0.6594090461730957,217.0,0.10849999636411667
fedavg,fedavg,49|374,49|374,2,374,data_2000_3_7.0_chordal,global_val_client,val,,35,,,0.13511482439935207,0.9555,0.8560000061988831,0.7893989588263133,0.8050531148910522,0.8050531148910522,0.8050531148910522,2000,,,,,,,,,,,
fedavg,fedavg,49|374,49|374,2,374,data_2000_3_7.0_chordal,global_val_client_task,val,cycle2,35,,,,,,,,,,2000,178.0,6.0,1816.0,0.0,0.967391304347826,1.0,0.9834254384040833,0.9834254384040833,0.9834254384040833,178.0,0.08900000154972076
fedavg,fedavg,49|374,49|374,2,374,data_2000_3_7.0_chordal,global_val_client_task,val,cycle3,35,,,,,,,,,,2000,179.0,24.0,1797.0,0.0,0.8817733990147784,1.0,0.9371727705001831,0.9371727705001831,0.9371727705001831,179.0,0.08950000256299973
fedavg,fedavg,49|374,49|374,2,374,data_2000_3_7.0_chordal,global_val_client_task,val,cycle4,35,,,,,,,,,,2000,168.0,101.0,1729.0,2.0,0.6245353159851301,0.9882352941176471,0.7653759121894836,0.7653759121894836,0.7653759121894836,170.0,0.08500000089406967
fedavg,fedavg,49|374,49|374,2,374,data_2000_3_7.0_chordal,global_val_client_task,val,cycle5,35,,,,,,,,,,2000,166.0,106.0,1728.0,0.0,0.6102941176470589,1.0,0.757990837097168,0.757990837097168,0.757990837097168,166.0,0.08299999684095383
fedavg,fedavg,49|374,49|374,2,374,data_2000_3_7.0_chordal,global_val_client_task,val,cycle6,35,,,,,,,,,,2000,143.0,202.0,1651.0,4.0,0.4144927536231884,0.9727891156462585,0.5813007950782776,0.5813007950782776,0.5813007950782776,147.0,0.07349999994039536
fedavg,fedavg,49|374,49|374,2,all,all,global_val_mean,val,,35,,,0.1420710307881236,0.9541000000000001,0.8492499887943268,0.7954548298118138,0.8141312003135681,0.8141312003135681,0.8141312003135681,4000,,,,,,,,,,,
fedavg,fedavg,49|374,49|374,2,49,data_2000_3_6.5_chordal,train_epoch,train,,36,1.0,0.1392039692401886,,,,,,,,2000,,,,,,,,,,,
fedavg,fedavg,49|374,49|374,2,49,data_2000_3_6.5_chordal,train_epoch,train,,36,2.0,0.1837516313791275,,,,,,,,2000,,,,,,,,,,,
fedavg,fedavg,49|374,49|374,2,49,data_2000_3_6.5_chordal,train_epoch,train,,36,3.0,0.13647882956266402,,,,,,,,2000,,,,,,,,,,,
fedavg,fedavg,49|374,49|374,2,49,data_2000_3_6.5_chordal,val_epoch,val,,36,,,0.17771730023622512,0.9527,0.8389999866485596,0.7993211709800594,0.8207021951675415,0.8207021951675415,0.8207021951675415,2000,,,,,,,,,,,
fedavg,fedavg,49|374,49|374,2,49,data_2000_3_6.5_chordal,val_epoch_task,val,cycle2,36,,,,,,,,,,2000,182.0,8.0,1810.0,0.0,0.9578947368421052,1.0,0.9784945845603943,0.9784945845603943,0.9784945845603943,182.0,0.09099999815225601
fedavg,fedavg,49|374,49|374,2,49,data_2000_3_6.5_chordal,val_epoch_task,val,cycle3,36,,,,,,,,,,2000,191.0,29.0,1778.0,2.0,0.8681818181818182,0.9896373056994818,0.9249395132064819,0.9249395132064819,0.9249395132064819,193.0,0.09650000184774399
fedavg,fedavg,49|374,49|374,2,49,data_2000_3_6.5_chordal,val_epoch_task,val,cycle4,36,,,,,,,,,,2000,173.0,90.0,1736.0,1.0,0.6577946768060836,0.9942528735632183,0.7917619943618774,0.7917619943618774,0.7917619943618774,174.0,0.08699999749660492
fedavg,fedavg,49|374,49|374,2,49,data_2000_3_6.5_chordal,val_epoch_task,val,cycle5,36,,,,,,,,,,2000,193.0,119.0,1687.0,1.0,0.6185897435897436,0.9948453608247423,0.7628458142280579,0.7628458142280579,0.7628458142280579,194.0,0.09700000286102295
fedavg,fedavg,49|374,49|374,2,49,data_2000_3_6.5_chordal,val_epoch_task,val,cycle6,36,,,,,,,,,,2000,203.0,209.0,1574.0,14.0,0.49271844660194175,0.9354838709677419,0.6454689502716064,0.6454689502716064,0.6454689502716064,217.0,0.10849999636411667
fedavg,fedavg,49|374,49|374,2,374,data_2000_3_7.0_chordal,train_epoch,train,,36,1.0,0.1708680486381054,,,,,,,,2000,,,,,,,,,,,
fedavg,fedavg,49|374,49|374,2,374,data_2000_3_7.0_chordal,train_epoch,train,,36,2.0,0.15763468116521837,,,,,,,,2000,,,,,,,,,,,
fedavg,fedavg,49|374,49|374,2,374,data_2000_3_7.0_chordal,train_epoch,train,,36,3.0,0.17686784249544144,,,,,,,,2000,,,,,,,,,,,
fedavg,fedavg,49|374,49|374,2,374,data_2000_3_7.0_chordal,val_epoch,val,,36,,,0.13202383953332902,0.9587,0.8669999837875366,0.8011555127587866,0.8209747076034546,0.8209747076034546,0.8209747076034546,2000,,,,,,,,,,,
fedavg,fedavg,49|374,49|374,2,374,data_2000_3_7.0_chordal,val_epoch_task,val,cycle2,36,,,,,,,,,,2000,178.0,7.0,1815.0,0.0,0.9621621621621622,1.0,0.9807162284851074,0.9807162284851074,0.9807162284851074,178.0,0.08900000154972076
fedavg,fedavg,49|374,49|374,2,374,data_2000_3_7.0_chordal,val_epoch_task,val,cycle3,36,,,,,,,,,,2000,179.0,20.0,1801.0,0.0,0.8994974874371859,1.0,0.9470899701118469,0.9470899701118469,0.9470899701118469,179.0,0.08950000256299973
fedavg,fedavg,49|374,49|374,2,374,data_2000_3_7.0_chordal,val_epoch_task,val,cycle4,36,,,,,,,,,,2000,166.0,52.0,1778.0,4.0,0.7614678899082569,0.9764705882352941,0.8556700944900513,0.8556700944900513,0.8556700944900513,170.0,0.08500000089406967
fedavg,fedavg,49|374,49|374,2,374,data_2000_3_7.0_chordal,val_epoch_task,val,cycle5,36,,,,,,,,,,2000,166.0,102.0,1732.0,0.0,0.6194029850746269,1.0,0.764976978302002,0.764976978302002,0.764976978302002,166.0,0.08299999684095383
fedavg,fedavg,49|374,49|374,2,374,data_2000_3_7.0_chordal,val_epoch_task,val,cycle6,36,,,,,,,,,,2000,143.0,224.0,1629.0,4.0,0.3896457765667575,0.9727891156462585,0.5564202070236206,0.5564202070236206,0.5564202070236206,147.0,0.07349999994039536
fedavg,fedavg,49|374,49|374,2,49,data_2000_3_6.5_chordal,global_val_client,val,,36,,,0.15279255402088165,0.9531,0.843500018119812,0.802692469499369,0.8280889391899109,0.8280889391899109,0.8280889391899109,2000,,,,,,,,,,,
fedavg,fedavg,49|374,49|374,2,49,data_2000_3_6.5_chordal,global_val_client_task,val,cycle2,36,,,,,,,,,,2000,182.0,3.0,1815.0,0.0,0.9837837837837838,1.0,0.9918256402015686,0.9918256402015686,0.9918256402015686,182.0,0.09099999815225601
fedavg,fedavg,49|374,49|374,2,49,data_2000_3_6.5_chordal,global_val_client_task,val,cycle3,36,,,,,,,,,,2000,193.0,25.0,1782.0,0.0,0.8853211009174312,1.0,0.9391726851463318,0.9391726851463318,0.9391726851463318,193.0,0.09650000184774399
fedavg,fedavg,49|374,49|374,2,49,data_2000_3_6.5_chordal,global_val_client_task,val,cycle4,36,,,,,,,,,,2000,174.0,76.0,1750.0,0.0,0.696,1.0,0.8207547068595886,0.8207547068595886,0.8207547068595886,174.0,0.08699999749660492
fedavg,fedavg,49|374,49|374,2,49,data_2000_3_6.5_chordal,global_val_client_task,val,cycle5,36,,,,,,,,,,2000,194.0,136.0,1670.0,0.0,0.5878787878787879,1.0,0.7404580116271973,0.7404580116271973,0.7404580116271973,194.0,0.09700000286102295
fedavg,fedavg,49|374,49|374,2,49,data_2000_3_6.5_chordal,global_val_client_task,val,cycle6,36,,,,,,,,,,2000,211.0,223.0,1560.0,6.0,0.4861751152073733,0.9723502304147466,0.6482334733009338,0.6482334733009338,0.6482334733009338,217.0,0.10849999636411667
fedavg,fedavg,49|374,49|374,2,374,data_2000_3_7.0_chordal,global_val_client,val,,36,,,0.12695635265111924,0.9562,0.8610000014305115,0.7924170616113743,0.8110947608947754,0.8110947608947754,0.8110947608947754,2000,,,,,,,,,,,
fedavg,fedavg,49|374,49|374,2,374,data_2000_3_7.0_chordal,global_val_client_task,val,cycle2,36,,,,,,,,,,2000,178.0,10.0,1812.0,0.0,0.9468085106382979,1.0,0.9726775884628296,0.9726775884628296,0.9726775884628296,178.0,0.08900000154972076
fedavg,fedavg,49|374,49|374,2,374,data_2000_3_7.0_chordal,global_val_client_task,val,cycle3,36,,,,,,,,,,2000,179.0,23.0,1798.0,0.0,0.8861386138613861,1.0,0.9396325349807739,0.9396325349807739,0.9396325349807739,179.0,0.08950000256299973
fedavg,fedavg,49|374,49|374,2,374,data_2000_3_7.0_chordal,global_val_client_task,val,cycle4,36,,,,,,,,,,2000,170.0,60.0,1770.0,0.0,0.7391304347826086,1.0,0.8499999642372131,0.8499999642372131,0.8499999642372131,170.0,0.08500000089406967
fedavg,fedavg,49|374,49|374,2,374,data_2000_3_7.0_chordal,global_val_client_task,val,cycle5,36,,,,,,,,,,2000,166.0,122.0,1712.0,0.0,0.5763888888888888,1.0,0.731277585029602,0.731277585029602,0.731277585029602,166.0,0.08299999684095383
fedavg,fedavg,49|374,49|374,2,374,data_2000_3_7.0_chordal,global_val_client_task,val,cycle6,36,,,,,,,,,,2000,143.0,219.0,1634.0,4.0,0.39502762430939226,0.9727891156462585,0.5618861317634583,0.5618861317634583,0.5618861317634583,147.0,0.07349999994039536
fedavg,fedavg,49|374,49|374,2,all,all,global_val_mean,val,,36,,,0.13987445333600043,0.95465,0.8522500097751617,0.7975547655553716,0.8195918500423431,0.8195918500423431,0.8195918500423431,4000,,,,,,,,,,,
fedavg,fedavg,49|374,49|374,2,49,data_2000_3_6.5_chordal,train_epoch,train,,37,1.0,0.17581636130809783,,,,,,,,2000,,,,,,,,,,,
fedavg,fedavg,49|374,49|374,2,49,data_2000_3_6.5_chordal,train_epoch,train,,37,2.0,0.1479647282361984,,,,,,,,2000,,,,,,,,,,,
fedavg,fedavg,49|374,49|374,2,49,data_2000_3_6.5_chordal,train_epoch,train,,37,3.0,0.14403824388235809,,,,,,,,2000,,,,,,,,,,,
fedavg,fedavg,49|374,49|374,2,49,data_2000_3_6.5_chordal,val_epoch,val,,37,,,0.1920043419599533,0.957,0.8454999923706055,0.8118985126859143,0.8304240107536316,0.8304240107536316,0.8304240107536316,2000,,,,,,,,,,,
fedavg,fedavg,49|374,49|374,2,49,data_2000_3_6.5_chordal,val_epoch_task,val,cycle2,37,,,,,,,,,,2000,182.0,9.0,1809.0,0.0,0.9528795811518325,1.0,0.9758713245391846,0.9758713245391846,0.9758713245391846,182.0,0.09099999815225601
fedavg,fedavg,49|374,49|374,2,49,data_2000_3_6.5_chordal,val_epoch_task,val,cycle3,37,,,,,,,,,,2000,193.0,20.0,1787.0,0.0,0.9061032863849765,1.0,0.9507389068603516,0.9507389068603516,0.9507389068603516,193.0,0.09650000184774399
fedavg,fedavg,49|374,49|374,2,49,data_2000_3_6.5_chordal,val_epoch_task,val,cycle4,37,,,,,,,,,,2000,171.0,74.0,1752.0,3.0,0.6979591836734694,0.9827586206896551,0.8162291049957275,0.8162291049957275,0.8162291049957275,174.0,0.08699999749660492
fedavg,fedavg,49|374,49|374,2,49,data_2000_3_6.5_chordal,val_epoch_task,val,cycle5,37,,,,,,,,,,2000,194.0,128.0,1678.0,0.0,0.6024844720496895,1.0,0.751937985420227,0.751937985420227,0.751937985420227,194.0,0.09700000286102295
fedavg,fedavg,49|374,49|374,2,49,data_2000_3_6.5_chordal,val_epoch_task,val,cycle6,37,,,,,,,,,,2000,188.0,167.0,1616.0,29.0,0.5295774647887324,0.8663594470046083,0.6573426723480225,0.6573426723480225,0.6573426723480225,217.0,0.10849999636411667
fedavg,fedavg,49|374,49|374,2,374,data_2000_3_7.0_chordal,train_epoch,train,,37,1.0,0.15314928638935088,,,,,,,,2000,,,,,,,,,,,
fedavg,fedavg,49|374,49|374,2,374,data_2000_3_7.0_chordal,train_epoch,train,,37,2.0,0.153032146692276,,,,,,,,2000,,,,,,,,,,,
fedavg,fedavg,49|374,49|374,2,374,data_2000_3_7.0_chordal,train_epoch,train,,37,3.0,0.160331487596035,,,,,,,,2000,,,,,,,,,,,
fedavg,fedavg,49|374,49|374,2,374,data_2000_3_7.0_chordal,val_epoch,val,,37,,,0.12918407496809958,0.9616,0.8640000224113464,0.8126829268292682,0.8313873410224915,0.8313873410224915,0.8313873410224915,2000,,,,,,,,,,,
fedavg,fedavg,49|374,49|374,2,374,data_2000_3_7.0_chordal,val_epoch_task,val,cycle2,37,,,,,,,,,,2000,178.0,9.0,1813.0,0.0,0.9518716577540107,1.0,0.9753424525260925,0.9753424525260925,0.9753424525260925,178.0,0.08900000154972076
fedavg,fedavg,49|374,49|374,2,374,data_2000_3_7.0_chordal,val_epoch_task,val,cycle3,37,,,,,,,,,,2000,178.0,8.0,1813.0,1.0,0.956989247311828,0.994413407821229,0.9753424525260925,0.9753424525260925,0.9753424525260925,179.0,0.08950000256299973
fedavg,fedavg,49|374,49|374,2,374,data_2000_3_7.0_chordal,val_epoch_task,val,cycle4,37,,,,,,,,,,2000,167.0,49.0,1781.0,3.0,0.7731481481481481,0.9823529411764705,0.8652849793434143,0.8652849793434143,0.8652849793434143,170.0,0.08500000089406967
fedavg,fedavg,49|374,49|374,2,374,data_2000_3_7.0_chordal,val_epoch_task,val,cycle5,37,,,,,,,,,,2000,165.0,102.0,1732.0,1.0,0.6179775280898876,0.9939759036144579,0.7621246576309204,0.7621246576309204,0.7621246576309204,166.0,0.08299999684095383
fedavg,fedavg,49|374,49|374,2,374,data_2000_3_7.0_chordal,val_epoch_task,val,cycle6,37,,,,,,,,,,2000,145.0,209.0,1644.0,2.0,0.4096045197740113,0.9863945578231292,0.5788423418998718,0.5788423418998718,0.5788423418998718,147.0,0.07349999994039536
fedavg,fedavg,49|374,49|374,2,49,data_2000_3_6.5_chordal,global_val_client,val,,37,,,0.15112625253200532,0.9559,0.8454999923706055,0.8124202467035304,0.8380550146102905,0.8380550146102905,0.8380550146102905,2000,,,,,,,,,,,
fedavg,fedavg,49|374,49|374,2,49,data_2000_3_6.5_chordal,global_val_client_task,val,cycle2,37,,,,,,,,,,2000,182.0,7.0,1811.0,0.0,0.9629629629629629,1.0,0.9811320900917053,0.9811320900917053,0.9811320900917053,182.0,0.09099999815225601
fedavg,fedavg,49|374,49|374,2,49,data_2000_3_6.5_chordal,global_val_client_task,val,cycle3,37,,,,,,,,,,2000,193.0,12.0,1795.0,0.0,0.9414634146341463,1.0,0.9698492288589478,0.9698492288589478,0.9698492288589478,193.0,0.09650000184774399
fedavg,fedavg,49|374,49|374,2,49,data_2000_3_6.5_chordal,global_val_client_task,val,cycle4,37,,,,,,,,,,2000,174.0,65.0,1761.0,0.0,0.7280334728033473,1.0,0.842615008354187,0.842615008354187,0.842615008354187,174.0,0.08699999749660492
fedavg,fedavg,49|374,49|374,2,49,data_2000_3_6.5_chordal,global_val_client_task,val,cycle5,37,,,,,,,,,,2000,194.0,139.0,1667.0,0.0,0.5825825825825826,1.0,0.7362428903579712,0.7362428903579712,0.7362428903579712,194.0,0.09700000286102295
fedavg,fedavg,49|374,49|374,2,49,data_2000_3_6.5_chordal,global_val_client_task,val,cycle6,37,,,,,,,,,,2000,212.0,213.0,1570.0,5.0,0.4988235294117647,0.9769585253456221,0.6604361534118652,0.6604361534118652,0.6604361534118652,217.0,0.10849999636411667
fedavg,fedavg,49|374,49|374,2,374,data_2000_3_7.0_chordal,global_val_client,val,,37,,,0.11974181768298149,0.9613,0.8690000176429749,0.8114953726254261,0.824140727519989,0.824140727519989,0.824140727519989,2000,,,,,,,,,,,
fedavg,fedavg,49|374,49|374,2,374,data_2000_3_7.0_chordal,global_val_client_task,val,cycle2,37,,,,,,,,,,2000,178.0,11.0,1811.0,0.0,0.9417989417989417,1.0,0.9700272679328918,0.9700272679328918,0.9700272679328918,178.0,0.08900000154972076
fedavg,fedavg,49|374,49|374,2,374,data_2000_3_7.0_chordal,global_val_client_task,val,cycle3,37,,,,,,,,,,2000,179.0,18.0,1803.0,0.0,0.9086294416243654,1.0,0.9521276354789734,0.9521276354789734,0.9521276354789734,179.0,0.08950000256299973
fedavg,fedavg,49|374,49|374,2,374,data_2000_3_7.0_chordal,global_val_client_task,val,cycle4,37,,,,,,,,,,2000,168.0,63.0,1767.0,2.0,0.7272727272727273,0.9882352941176471,0.8379052877426147,0.8379052877426147,0.8379052877426147,170.0,0.08500000089406967
fedavg,fedavg,49|374,49|374,2,374,data_2000_3_7.0_chordal,global_val_client_task,val,cycle5,37,,,,,,,,,,2000,165.0,107.0,1727.0,1.0,0.6066176470588235,0.9939759036144579,0.7534245848655701,0.7534245848655701,0.7534245848655701,166.0,0.08299999684095383
fedavg,fedavg,49|374,49|374,2,374,data_2000_3_7.0_chordal,global_val_client_task,val,cycle6,37,,,,,,,,,,2000,143.0,181.0,1672.0,4.0,0.44135802469135804,0.9727891156462585,0.6072186827659607,0.6072186827659607,0.6072186827659607,147.0,0.07349999994039536
fedavg,fedavg,49|374,49|374,2,all,all,global_val_mean,val,,37,,,0.1354340351074934,0.9586,0.8572500050067902,0.8119578096644783,0.8310978710651398,0.8310978710651398,0.8310978710651398,4000,,,,,,,,,,,
fedavg,fedavg,49|374,49|374,2,49,data_2000_3_6.5_chordal,train_epoch,train,,38,1.0,0.17892842096090317,,,,,,,,2000,,,,,,,,,,,
fedavg,fedavg,49|374,49|374,2,49,data_2000_3_6.5_chordal,train_epoch,train,,38,2.0,0.12749547308683395,,,,,,,,2000,,,,,,,,,,,
fedavg,fedavg,49|374,49|374,2,49,data_2000_3_6.5_chordal,train_epoch,train,,38,3.0,0.14226909399032592,,,,,,,,2000,,,,,,,,,,,
fedavg,fedavg,49|374,49|374,2,49,data_2000_3_6.5_chordal,val_epoch,val,,38,,,0.21386383492127062,0.9596,0.8495000004768372,0.8193202146690518,0.8377561569213867,0.8377561569213867,0.8377561569213867,2000,,,,,,,,,,,
fedavg,fedavg,49|374,49|374,2,49,data_2000_3_6.5_chordal,val_epoch_task,val,cycle2,38,,,,,,,,,,2000,182.0,9.0,1809.0,0.0,0.9528795811518325,1.0,0.9758713245391846,0.9758713245391846,0.9758713245391846,182.0,0.09099999815225601
fedavg,fedavg,49|374,49|374,2,49,data_2000_3_6.5_chordal,val_epoch_task,val,cycle3,38,,,,,,,,,,2000,192.0,24.0,1783.0,1.0,0.8888888888888888,0.9948186528497409,0.9388753175735474,0.9388753175735474,0.9388753175735474,193.0,0.09650000184774399
fedavg,fedavg,49|374,49|374,2,49,data_2000_3_6.5_chordal,val_epoch_task,val,cycle4,38,,,,,,,,,,2000,172.0,57.0,1769.0,2.0,0.7510917030567685,0.9885057471264368,0.8535979986190796,0.8535979986190796,0.8535979986190796,174.0,0.08699999749660492
fedavg,fedavg,49|374,49|374,2,49,data_2000_3_6.5_chordal,val_epoch_task,val,cycle5,38,,,,,,,,,,2000,189.0,99.0,1707.0,5.0,0.65625,0.9742268041237113,0.7842323780059814,0.7842323780059814,0.7842323780059814,194.0,0.09700000286102295
fedavg,fedavg,49|374,49|374,2,49,data_2000_3_6.5_chordal,val_epoch_task,val,cycle6,38,,,,,,,,,,2000,181.0,171.0,1612.0,36.0,0.5142045454545454,0.8341013824884793,0.6362038850784302,0.6362038850784302,0.6362038850784302,217.0,0.10849999636411667
fedavg,fedavg,49|374,49|374,2,374,data_2000_3_7.0_chordal,train_epoch,train,,38,1.0,0.15457111549377442,,,,,,,,2000,,,,,,,,,,,
fedavg,fedavg,49|374,49|374,2,374,data_2000_3_7.0_chordal,train_epoch,train,,38,2.0,0.16755845922231674,,,,,,,,2000,,,,,,,,,,,
fedavg,fedavg,49|374,49|374,2,374,data_2000_3_7.0_chordal,train_epoch,train,,38,3.0,0.18478566765785218,,,,,,,,2000,,,,,,,,,,,
fedavg,fedavg,49|374,49|374,2,374,data_2000_3_7.0_chordal,val_epoch,val,,38,,,0.14258583563566207,0.9581,0.8479999899864197,0.7972907595549104,0.8157461881637573,0.8157461881637573,0.8157461881637573,2000,,,,,,,,,,,
fedavg,fedavg,49|374,49|374,2,374,data_2000_3_7.0_chordal,val_epoch_task,val,cycle2,38,,,,,,,,,,2000,178.0,9.0,1813.0,0.0,0.9518716577540107,1.0,0.9753424525260925,0.9753424525260925,0.9753424525260925,178.0,0.08900000154972076
fedavg,fedavg,49|374,49|374,2,374,data_2000_3_7.0_chordal,val_epoch_task,val,cycle3,38,,,,,,,,,,2000,179.0,27.0,1794.0,0.0,0.8689320388349514,1.0,0.9298701882362366,0.9298701882362366,0.9298701882362366,179.0,0.08950000256299973
fedavg,fedavg,49|374,49|374,2,374,data_2000_3_7.0_chordal,val_epoch_task,val,cycle4,38,,,,,,,,,,2000,169.0,54.0,1776.0,1.0,0.757847533632287,0.9941176470588236,0.8600508570671082,0.8600508570671082,0.8600508570671082,170.0,0.08500000089406967
fedavg,fedavg,49|374,49|374,2,374,data_2000_3_7.0_chordal,val_epoch_task,val,cycle5,38,,,,,,,,,,2000,162.0,89.0,1745.0,4.0,0.6454183266932271,0.9759036144578314,0.7769784927368164,0.7769784927368164,0.7769784927368164,166.0,0.08299999684095383
fedavg,fedavg,49|374,49|374,2,374,data_2000_3_7.0_chordal,val_epoch_task,val,cycle6,38,,,,,,,,,,2000,136.0,224.0,1629.0,11.0,0.37777777777777777,0.9251700680272109,0.5364891290664673,0.5364891290664673,0.5364891290664673,147.0,0.07349999994039536
fedavg,fedavg,49|374,49|374,2,49,data_2000_3_6.5_chordal,global_val_client,val,,38,,,0.17125241872668268,0.959,0.8510000109672546,0.8208041958041958,0.8377065658569336,0.8377065658569336,0.8377065658569336,2000,,,,,,,,,,,
fedavg,fedavg,49|374,49|374,2,49,data_2000_3_6.5_chordal,global_val_client_task,val,cycle2,38,,,,,,,,,,2000,182.0,9.0,1809.0,0.0,0.9528795811518325,1.0,0.9758713245391846,0.9758713245391846,0.9758713245391846,182.0,0.09099999815225601
fedavg,fedavg,49|374,49|374,2,49,data_2000_3_6.5_chordal,global_val_client_task,val,cycle3,38,,,,,,,,,,2000,193.0,23.0,1784.0,0.0,0.8935185185185185,1.0,0.9437652826309204,0.9437652826309204,0.9437652826309204,193.0,0.09650000184774399
fedavg,fedavg,49|374,49|374,2,49,data_2000_3_6.5_chordal,global_val_client_task,val,cycle4,38,,,,,,,,,,2000,174.0,87.0,1739.0,0.0,0.6666666666666666,1.0,0.800000011920929,0.800000011920929,0.800000011920929,174.0,0.08699999749660492
fedavg,fedavg,49|374,49|374,2,49,data_2000_3_6.5_chordal,global_val_client_task,val,cycle5,38,,,,,,,,,,2000,185.0,92.0,1714.0,9.0,0.6678700361010831,0.9536082474226805,0.7855626940727234,0.7855626940727234,0.7855626940727234,194.0,0.09700000286102295
fedavg,fedavg,49|374,49|374,2,49,data_2000_3_6.5_chordal,global_val_client_task,val,cycle6,38,,,,,,,,,,2000,205.0,178.0,1605.0,12.0,0.5352480417754569,0.9447004608294931,0.6833333373069763,0.6833333373069763,0.6833333373069763,217.0,0.10849999636411667
fedavg,fedavg,49|374,49|374,2,374,data_2000_3_7.0_chordal,global_val_client,val,,38,,,0.12995422384142877,0.9609,0.8629999756813049,0.8091752074182528,0.8206837773323059,0.8206837773323059,0.8206837773323059,2000,,,,,,,,,,,
fedavg,fedavg,49|374,49|374,2,374,data_2000_3_7.0_chordal,global_val_client_task,val,cycle2,38,,,,,,,,,,2000,178.0,11.0,1811.0,0.0,0.9417989417989417,1.0,0.9700272679328918,0.9700272679328918,0.9700272679328918,178.0,0.08900000154972076
fedavg,fedavg,49|374,49|374,2,374,data_2000_3_7.0_chordal,global_val_client_task,val,cycle3,38,,,,,,,,,,2000,179.0,30.0,1791.0,0.0,0.8564593301435407,1.0,0.9226803779602051,0.9226803779602051,0.9226803779602051,179.0,0.08950000256299973
fedavg,fedavg,49|374,49|374,2,374,data_2000_3_7.0_chordal,global_val_client_task,val,cycle4,38,,,,,,,,,,2000,166.0,64.0,1766.0,4.0,0.7217391304347827,0.9764705882352941,0.8299999833106995,0.8299999833106995,0.8299999833106995,170.0,0.08500000089406967
fedavg,fedavg,49|374,49|374,2,374,data_2000_3_7.0_chordal,global_val_client_task,val,cycle5,38,,,,,,,,,,2000,164.0,89.0,1745.0,2.0,0.6482213438735178,0.9879518072289156,0.7828162312507629,0.7828162312507629,0.7828162312507629,166.0,0.08299999684095383
fedavg,fedavg,49|374,49|374,2,374,data_2000_3_7.0_chordal,global_val_client_task,val,cycle6,38,,,,,,,,,,2000,142.0,186.0,1667.0,5.0,0.4329268292682927,0.9659863945578231,0.5978947281837463,0.5978947281837463,0.5978947281837463,147.0,0.07349999994039536
fedavg,fedavg,49|374,49|374,2,all,all,global_val_mean,val,,38,,,0.1506033212840557,0.9599500000000001,0.8569999933242798,0.8149897016112243,0.8291951715946198,0.8291951715946198,0.8291951715946198,4000,,,,,,,,,,,
fedavg,fedavg,49|374,49|374,2,49,data_2000_3_6.5_chordal,train_epoch,train,,39,1.0,0.1445399132668972,,,,,,,,2000,,,,,,,,,,,
fedavg,fedavg,49|374,49|374,2,49,data_2000_3_6.5_chordal,train_epoch,train,,39,2.0,0.15180012881755828,,,,,,,,2000,,,,,,,,,,,
fedavg,fedavg,49|374,49|374,2,49,data_2000_3_6.5_chordal,train_epoch,train,,39,3.0,0.1371935574412346,,,,,,,,2000,,,,,,,,,,,
fedavg,fedavg,49|374,49|374,2,49,data_2000_3_6.5_chordal,val_epoch,val,,39,,,0.2164834860563278,0.9604,0.8565000295639038,0.8221024258760108,0.8415255546569824,0.8415255546569824,0.8415255546569824,2000,,,,,,,,,,,
fedavg,fedavg,49|374,49|374,2,49,data_2000_3_6.5_chordal,val_epoch_task,val,cycle2,39,,,,,,,,,,2000,182.0,6.0,1812.0,0.0,0.9680851063829787,1.0,0.9837838411331177,0.9837838411331177,0.9837838411331177,182.0,0.09099999815225601
fedavg,fedavg,49|374,49|374,2,49,data_2000_3_6.5_chordal,val_epoch_task,val,cycle3,39,,,,,,,,,,2000,193.0,30.0,1777.0,0.0,0.8654708520179372,1.0,0.927884578704834,0.927884578704834,0.927884578704834,193.0,0.09650000184774399
fedavg,fedavg,49|374,49|374,2,49,data_2000_3_6.5_chordal,val_epoch_task,val,cycle4,39,,,,,,,,,,2000,170.0,50.0,1776.0,4.0,0.7727272727272727,0.9770114942528736,0.8629441857337952,0.8629441857337952,0.8629441857337952,174.0,0.08699999749660492
fedavg,fedavg,49|374,49|374,2,49,data_2000_3_6.5_chordal,val_epoch_task,val,cycle5,39,,,,,,,,,,2000,191.0,87.0,1719.0,3.0,0.6870503597122302,0.9845360824742269,0.8093219995498657,0.8093219995498657,0.8093219995498657,194.0,0.09700000286102295
fedavg,fedavg,49|374,49|374,2,49,data_2000_3_6.5_chordal,val_epoch_task,val,cycle6,39,,,,,,,,,,2000,179.0,178.0,1605.0,38.0,0.5014005602240896,0.8248847926267281,0.6236934065818787,0.6236934065818787,0.6236934065818787,217.0,0.10849999636411667
fedavg,fedavg,49|374,49|374,2,374,data_2000_3_7.0_chordal,train_epoch,train,,39,1.0,0.1566724225282669,,,,,,,,2000,,,,,,,,,,,
fedavg,fedavg,49|374,49|374,2,374,data_2000_3_7.0_chordal,train_epoch,train,,39,2.0,0.1605458401441574,,,,,,,,2000,,,,,,,,,,,
fedavg,fedavg,49|374,49|374,2,374,data_2000_3_7.0_chordal,train_epoch,train,,39,3.0,0.15440756750106813,,,,,,,,2000,,,,,,,,,,,
fedavg,fedavg,49|374,49|374,2,374,data_2000_3_7.0_chordal,val_epoch,val,,39,,,0.12517239932715893,0.9592,0.8659999966621399,0.8036573628488931,0.8216686248779297,0.8216686248779297,0.8216686248779297,2000,,,,,,,,,,,
fedavg,fedavg,49|374,49|374,2,374,data_2000_3_7.0_chordal,val_epoch_task,val,cycle2,39,,,,,,,,,,2000,178.0,3.0,1819.0,0.0,0.9834254143646409,1.0,0.991643488407135,0.991643488407135,0.991643488407135,178.0,0.08900000154972076
fedavg,fedavg,49|374,49|374,2,374,data_2000_3_7.0_chordal,val_epoch_task,val,cycle3,39,,,,,,,,,,2000,179.0,23.0,1798.0,0.0,0.8861386138613861,1.0,0.9396325349807739,0.9396325349807739,0.9396325349807739,179.0,0.08950000256299973
fedavg,fedavg,49|374,49|374,2,374,data_2000_3_7.0_chordal,val_epoch_task,val,cycle4,39,,,,,,,,,,2000,170.0,71.0,1759.0,0.0,0.7053941908713693,1.0,0.827250599861145,0.827250599861145,0.827250599861145,170.0,0.08500000089406967
fedavg,fedavg,49|374,49|374,2,374,data_2000_3_7.0_chordal,val_epoch_task,val,cycle5,39,,,,,,,,,,2000,165.0,89.0,1745.0,1.0,0.6496062992125984,0.9939759036144579,0.785714328289032,0.785714328289032,0.785714328289032,166.0,0.08299999684095383
fedavg,fedavg,49|374,49|374,2,374,data_2000_3_7.0_chordal,val_epoch_task,val,cycle6,39,,,,,,,,,,2000,143.0,217.0,1636.0,4.0,0.3972222222222222,0.9727891156462585,0.5641025900840759,0.5641025900840759,0.5641025900840759,147.0,0.07349999994039536
fedavg,fedavg,49|374,49|374,2,49,data_2000_3_6.5_chordal,global_val_client,val,,39,,,0.16717517614364624,0.9543,0.8429999947547913,0.8052833404345974,0.8292978405952454,0.8292978405952454,0.8292978405952454,2000,,,,,,,,,,,
fedavg,fedavg,49|374,49|374,2,49,data_2000_3_6.5_chordal,global_val_client_task,val,cycle2,39,,,,,,,,,,2000,182.0,7.0,1811.0,0.0,0.9629629629629629,1.0,0.9811320900917053,0.9811320900917053,0.9811320900917053,182.0,0.09099999815225601
fedavg,fedavg,49|374,49|374,2,49,data_2000_3_6.5_chordal,global_val_client_task,val,cycle3,39,,,,,,,,,,2000,193.0,26.0,1781.0,0.0,0.8812785388127854,1.0,0.9368931651115417,0.9368931651115417,0.9368931651115417,193.0,0.09650000184774399
fedavg,fedavg,49|374,49|374,2,49,data_2000_3_6.5_chordal,global_val_client_task,val,cycle4,39,,,,,,,,,,2000,172.0,67.0,1759.0,2.0,0.7196652719665272,0.9885057471264368,0.832929790019989,0.832929790019989,0.832929790019989,174.0,0.08699999749660492
fedavg,fedavg,49|374,49|374,2,49,data_2000_3_6.5_chordal,global_val_client_task,val,cycle5,39,,,,,,,,,,2000,193.0,125.0,1681.0,1.0,0.6069182389937107,0.9948453608247423,0.75390625,0.75390625,0.75390625,194.0,0.09700000286102295
fedavg,fedavg,49|374,49|374,2,49,data_2000_3_6.5_chordal,global_val_client_task,val,cycle6,39,,,,,,,,,,2000,205.0,217.0,1566.0,12.0,0.48578199052132703,0.9447004608294931,0.6416275501251221,0.6416275501251221,0.6416275501251221,217.0,0.10849999636411667
fedavg,fedavg,49|374,49|374,2,374,data_2000_3_7.0_chordal,global_val_client,val,,39,,,0.12519445687532424,0.9625,0.8690000176429749,0.8155435317265126,0.828399658203125,0.828399658203125,0.828399658203125,2000,,,,,,,,,,,
fedavg,fedavg,49|374,49|374,2,374,data_2000_3_7.0_chordal,global_val_client_task,val,cycle2,39,,,,,,,,,,2000,178.0,6.0,1816.0,0.0,0.967391304347826,1.0,0.9834254384040833,0.9834254384040833,0.9834254384040833,178.0,0.08900000154972076
fedavg,fedavg,49|374,49|374,2,374,data_2000_3_7.0_chordal,global_val_client_task,val,cycle3,39,,,,,,,,,,2000,179.0,25.0,1796.0,0.0,0.8774509803921569,1.0,0.9347258806228638,0.9347258806228638,0.9347258806228638,179.0,0.08950000256299973
fedavg,fedavg,49|374,49|374,2,374,data_2000_3_7.0_chordal,global_val_client_task,val,cycle4,39,,,,,,,,,,2000,168.0,54.0,1776.0,2.0,0.7567567567567568,0.9882352941176471,0.8571429252624512,0.8571429252624512,0.8571429252624512,170.0,0.08500000089406967
fedavg,fedavg,49|374,49|374,2,374,data_2000_3_7.0_chordal,global_val_client_task,val,cycle5,39,,,,,,,,,,2000,165.0,94.0,1740.0,1.0,0.637065637065637,0.9939759036144579,0.7764706015586853,0.7764706015586853,0.7764706015586853,166.0,0.08299999684095383
fedavg,fedavg,49|374,49|374,2,374,data_2000_3_7.0_chordal,global_val_client_task,val,cycle6,39,,,,,,,,,,2000,139.0,185.0,1668.0,8.0,0.42901234567901236,0.9455782312925171,0.5902335047721863,0.5902335047721863,0.5902335047721863,147.0,0.07349999994039536
fedavg,fedavg,49|374,49|374,2,all,all,global_val_mean,val,,39,,,0.14618481650948525,0.9584000000000001,0.8560000061988831,0.8104134360805549,0.8288487493991852,0.8288487493991852,0.8288487493991852,4000,,,,,,,,,,,
fedavg,fedavg,49|374,49|374,2,49,data_2000_3_6.5_chordal,train_epoch,train,,40,1.0,0.13505519599001856,,,,,,,,2000,,,,,,,,,,,
fedavg,fedavg,49|374,49|374,2,49,data_2000_3_6.5_chordal,train_epoch,train,,40,2.0,0.14387240064144136,,,,,,,,2000,,,,,,,,,,,
fedavg,fedavg,49|374,49|374,2,49,data_2000_3_6.5_chordal,train_epoch,train,,40,3.0,0.15532349425554276,,,,,,,,2000,,,,,,,,,,,
fedavg,fedavg,49|374,49|374,2,49,data_2000_3_6.5_chordal,val_epoch,val,,40,,,0.1949172301888466,0.9573,0.8410000205039978,0.8121425428948525,0.8340911865234375,0.8340911865234375,0.8340911865234375,2000,,,,,,,,,,,
fedavg,fedavg,49|374,49|374,2,49,data_2000_3_6.5_chordal,val_epoch_task,val,cycle2,40,,,,,,,,,,2000,182.0,7.0,1811.0,0.0,0.9629629629629629,1.0,0.9811320900917053,0.9811320900917053,0.9811320900917053,182.0,0.09099999815225601
fedavg,fedavg,49|374,49|374,2,49,data_2000_3_6.5_chordal,val_epoch_task,val,cycle3,40,,,,,,,,,,2000,193.0,16.0,1791.0,0.0,0.9234449760765551,1.0,0.9601989984512329,0.9601989984512329,0.9601989984512329,193.0,0.09650000184774399
fedavg,fedavg,49|374,49|374,2,49,data_2000_3_6.5_chordal,val_epoch_task,val,cycle4,40,,,,,,,,,,2000,173.0,66.0,1760.0,1.0,0.7238493723849372,0.9942528735632183,0.8377724289894104,0.8377724289894104,0.8377724289894104,174.0,0.08699999749660492
fedavg,fedavg,49|374,49|374,2,49,data_2000_3_6.5_chordal,val_epoch_task,val,cycle5,40,,,,,,,,,,2000,188.0,113.0,1693.0,6.0,0.6245847176079734,0.9690721649484536,0.7595959901809692,0.7595959901809692,0.7595959901809692,194.0,0.09700000286102295
fedavg,fedavg,49|374,49|374,2,49,data_2000_3_6.5_chordal,val_epoch_task,val,cycle6,40,,,,,,,,,,2000,187.0,188.0,1595.0,30.0,0.49866666666666665,0.8617511520737328,0.6317567229270935,0.6317567229270935,0.6317567229270935,217.0,0.10849999636411667
fedavg,fedavg,49|374,49|374,2,374,data_2000_3_7.0_chordal,train_epoch,train,,40,1.0,0.16287003679573536,,,,,,,,2000,,,,,,,,,,,
fedavg,fedavg,49|374,49|374,2,374,data_2000_3_7.0_chordal,train_epoch,train,,40,2.0,0.1678966760635376,,,,,,,,2000,,,,,,,,,,,
fedavg,fedavg,49|374,49|374,2,374,data_2000_3_7.0_chordal,train_epoch,train,,40,3.0,0.1538527535200119,,,,,,,,2000,,,,,,,,,,,
fedavg,fedavg,49|374,49|374,2,374,data_2000_3_7.0_chordal,val_epoch,val,,40,,,0.12899981474876404,0.9664,0.8834999799728394,0.8296146044624747,0.8438963890075684,0.8438963890075684,0.8438963890075684,2000,,,,,,,,,,,
fedavg,fedavg,49|374,49|374,2,374,data_2000_3_7.0_chordal,val_epoch_task,val,cycle2,40,,,,,,,,,,2000,178.0,6.0,1816.0,0.0,0.967391304347826,1.0,0.9834254384040833,0.9834254384040833,0.9834254384040833,178.0,0.08900000154972076
fedavg,fedavg,49|374,49|374,2,374,data_2000_3_7.0_chordal,val_epoch_task,val,cycle3,40,,,,,,,,,,2000,179.0,11.0,1810.0,0.0,0.9421052631578948,1.0,0.97018963098526,0.97018963098526,0.97018963098526,179.0,0.08950000256299973
fedavg,fedavg,49|374,49|374,2,374,data_2000_3_7.0_chordal,val_epoch_task,val,cycle4,40,,,,,,,,,,2000,160.0,28.0,1802.0,10.0,0.851063829787234,0.9411764705882353,0.8938546776771545,0.8938546776771545,0.8938546776771545,170.0,0.08500000089406967
fedavg,fedavg,49|374,49|374,2,374,data_2000_3_7.0_chordal,val_epoch_task,val,cycle5,40,,,,,,,,,,2000,165.0,91.0,1743.0,1.0,0.64453125,0.9939759036144579,0.7819905281066895,0.7819905281066895,0.7819905281066895,166.0,0.08299999684095383
fedavg,fedavg,49|374,49|374,2,374,data_2000_3_7.0_chordal,val_epoch_task,val,cycle6,40,,,,,,,,,,2000,136.0,178.0,1675.0,11.0,0.43312101910828027,0.9251700680272109,0.5900216698646545,0.5900216698646545,0.5900216698646545,147.0,0.07349999994039536
fedavg,fedavg,49|374,49|374,2,49,data_2000_3_6.5_chordal,global_val_client,val,,40,,,0.17241389971971513,0.9545,0.8460000157356262,0.8049721388769825,0.8258086442947388,0.8258086442947388,0.8258086442947388,2000,,,,,,,,,,,
fedavg,fedavg,49|374,49|374,2,49,data_2000_3_6.5_chordal,global_val_client_task,val,cycle2,40,,,,,,,,,,2000,182.0,13.0,1805.0,0.0,0.9333333333333333,1.0,0.9655172228813171,0.9655172228813171,0.9655172228813171,182.0,0.09099999815225601
fedavg,fedavg,49|374,49|374,2,49,data_2000_3_6.5_chordal,global_val_client_task,val,cycle3,40,,,,,,,,,,2000,193.0,27.0,1780.0,0.0,0.8772727272727273,1.0,0.9346246719360352,0.9346246719360352,0.9346246719360352,193.0,0.09650000184774399
fedavg,fedavg,49|374,49|374,2,49,data_2000_3_6.5_chordal,global_val_client_task,val,cycle4,40,,,,,,,,,,2000,169.0,65.0,1761.0,5.0,0.7222222222222222,0.9712643678160919,0.8284313678741455,0.8284313678741455,0.8284313678741455,174.0,0.08699999749660492
fedavg,fedavg,49|374,49|374,2,49,data_2000_3_6.5_chordal,global_val_client_task,val,cycle5,40,,,,,,,,,,2000,192.0,129.0,1677.0,2.0,0.5981308411214953,0.9896907216494846,0.7456310987472534,0.7456310987472534,0.7456310987472534,194.0,0.09700000286102295
fedavg,fedavg,49|374,49|374,2,49,data_2000_3_6.5_chordal,global_val_client_task,val,cycle6,40,,,,,,,,,,2000,203.0,200.0,1583.0,14.0,0.5037220843672456,0.9354838709677419,0.6548386812210083,0.6548386812210083,0.6548386812210083,217.0,0.10849999636411667
fedavg,fedavg,49|374,49|374,2,374,data_2000_3_7.0_chordal,global_val_client,val,,40,,,0.10579334610700607,0.966,0.8784999847412109,0.8310139165009941,0.8451088070869446,0.8451088070869446,0.8451088070869446,2000,,,,,,,,,,,
fedavg,fedavg,49|374,49|374,2,374,data_2000_3_7.0_chordal,global_val_client_task,val,cycle2,40,,,,,,,,,,2000,178.0,4.0,1818.0,0.0,0.978021978021978,1.0,0.9888889193534851,0.9888889193534851,0.9888889193534851,178.0,0.08900000154972076
fedavg,fedavg,49|374,49|374,2,374,data_2000_3_7.0_chordal,global_val_client_task,val,cycle3,40,,,,,,,,,,2000,179.0,14.0,1807.0,0.0,0.927461139896373,1.0,0.9623655676841736,0.9623655676841736,0.9623655676841736,179.0,0.08950000256299973
fedavg,fedavg,49|374,49|374,2,374,data_2000_3_7.0_chordal,global_val_client_task,val,cycle4,40,,,,,,,,,,2000,170.0,41.0,1789.0,0.0,0.8056872037914692,1.0,0.8923884630203247,0.8923884630203247,0.8923884630203247,170.0,0.08500000089406967
fedavg,fedavg,49|374,49|374,2,374,data_2000_3_7.0_chordal,global_val_client_task,val,cycle5,40,,,,,,,,,,2000,166.0,98.0,1736.0,0.0,0.6287878787878788,1.0,0.7720929980278015,0.7720929980278015,0.7720929980278015,166.0,0.08299999684095383
fedavg,fedavg,49|374,49|374,2,374,data_2000_3_7.0_chordal,global_val_client_task,val,cycle6,40,,,,,,,,,,2000,143.0,179.0,1674.0,4.0,0.4440993788819876,0.9727891156462585,0.609808087348938,0.609808087348938,0.609808087348938,147.0,0.07349999994039536
fedavg,fedavg,49|374,49|374,2,all,all,global_val_mean,val,,40,,,0.1391036229133606,0.96025,0.8622500002384186,0.8179930276889884,0.8354587256908417,0.8354587256908417,0.8354587256908417,4000,,,,,,,,,,,
fedavg,fedavg,49|374,49|374,2,49,data_2000_3_6.5_chordal,train_epoch,train,,41,1.0,0.13891647684574127,,,,,,,,2000,,,,,,,,,,,
fedavg,fedavg,49|374,49|374,2,49,data_2000_3_6.5_chordal,train_epoch,train,,41,2.0,0.1520672749876976,,,,,,,,2000,,,,,,,,,,,
fedavg,fedavg,49|374,49|374,2,49,data_2000_3_6.5_chordal,train_epoch,train,,41,3.0,0.12254665267467499,,,,,,,,2000,,,,,,,,,,,
fedavg,fedavg,49|374,49|374,2,49,data_2000_3_6.5_chordal,val_epoch,val,,41,,,0.156062548995018,0.9578,0.8504999876022339,0.8174740484429065,0.8390206098556519,0.8390206098556519,0.8390206098556519,2000,,,,,,,,,,,
fedavg,fedavg,49|374,49|374,2,49,data_2000_3_6.5_chordal,val_epoch_task,val,cycle2,41,,,,,,,,,,2000,182.0,5.0,1813.0,0.0,0.9732620320855615,1.0,0.9864498376846313,0.9864498376846313,0.9864498376846313,182.0,0.09099999815225601
fedavg,fedavg,49|374,49|374,2,49,data_2000_3_6.5_chordal,val_epoch_task,val,cycle3,41,,,,,,,,,,2000,193.0,13.0,1794.0,0.0,0.9368932038834952,1.0,0.9674185514450073,0.9674185514450073,0.9674185514450073,193.0,0.09650000184774399
fedavg,fedavg,49|374,49|374,2,49,data_2000_3_6.5_chordal,val_epoch_task,val,cycle4,41,,,,,,,,,,2000,173.0,75.0,1751.0,1.0,0.6975806451612904,0.9942528735632183,0.8199052214622498,0.8199052214622498,0.8199052214622498,174.0,0.08699999749660492
fedavg,fedavg,49|374,49|374,2,49,data_2000_3_6.5_chordal,val_epoch_task,val,cycle5,41,,,,,,,,,,2000,193.0,129.0,1677.0,1.0,0.5993788819875776,0.9948453608247423,0.7480620741844177,0.7480620741844177,0.7480620741844177,194.0,0.09700000286102295
fedavg,fedavg,49|374,49|374,2,49,data_2000_3_6.5_chordal,val_epoch_task,val,cycle6,41,,,,,,,,,,2000,204.0,185.0,1598.0,13.0,0.5244215938303342,0.9400921658986175,0.6732672452926636,0.6732672452926636,0.6732672452926636,217.0,0.10849999636411667
fedavg,fedavg,49|374,49|374,2,374,data_2000_3_7.0_chordal,train_epoch,train,,41,1.0,0.14651472118496894,,,,,,,,2000,,,,,,,,,,,
fedavg,fedavg,49|374,49|374,2,374,data_2000_3_7.0_chordal,train_epoch,train,,41,2.0,0.15416106295585633,,,,,,,,2000,,,,,,,,,,,
fedavg,fedavg,49|374,49|374,2,374,data_2000_3_7.0_chordal,train_epoch,train,,41,3.0,0.1655937333703041,,,,,,,,2000,,,,,,,,,,,
fedavg,fedavg,49|374,49|374,2,374,data_2000_3_7.0_chordal,val_epoch,val,,41,,,0.11873140785098076,0.9634,0.8665000200271606,0.819704433497537,0.8390887379646301,0.8390887379646301,0.8390887379646301,2000,,,,,,,,,,,
fedavg,fedavg,49|374,49|374,2,374,data_2000_3_7.0_chordal,val_epoch_task,val,cycle2,41,,,,,,,,,,2000,178.0,2.0,1820.0,0.0,0.9888888888888889,1.0,0.9944133758544922,0.9944133758544922,0.9944133758544922,178.0,0.08900000154972076
fedavg,fedavg,49|374,49|374,2,374,data_2000_3_7.0_chordal,val_epoch_task,val,cycle3,41,,,,,,,,,,2000,179.0,13.0,1808.0,0.0,0.9322916666666666,1.0,0.9649595618247986,0.9649595618247986,0.9649595618247986,179.0,0.08950000256299973
fedavg,fedavg,49|374,49|374,2,374,data_2000_3_7.0_chordal,val_epoch_task,val,cycle4,41,,,,,,,,,,2000,168.0,42.0,1788.0,2.0,0.8,0.9882352941176471,0.8842105269432068,0.8842105269432068,0.8842105269432068,170.0,0.08500000089406967
fedavg,fedavg,49|374,49|374,2,374,data_2000_3_7.0_chordal,val_epoch_task,val,cycle5,41,,,,,,,,,,2000,166.0,90.0,1744.0,0.0,0.6484375,1.0,0.7867298722267151,0.7867298722267151,0.7867298722267151,166.0,0.08299999684095383
fedavg,fedavg,49|374,49|374,2,374,data_2000_3_7.0_chordal,val_epoch_task,val,cycle6,41,,,,,,,,,,2000,141.0,211.0,1642.0,6.0,0.4005681818181818,0.9591836734693877,0.5651302337646484,0.5651302337646484,0.5651302337646484,147.0,0.07349999994039536
fedavg,fedavg,49|374,49|374,2,49,data_2000_3_6.5_chordal,global_val_client,val,,41,,,0.15619458270072936,0.9541,0.8410000205039978,0.8055908513341805,0.8288459777832031,0.8288459777832031,0.8288459777832031,2000,,,,,,,,,,,
fedavg,fedavg,49|374,49|374,2,49,data_2000_3_6.5_chordal,global_val_client_task,val,cycle2,41,,,,,,,,,,2000,182.0,4.0,1814.0,0.0,0.978494623655914,1.0,0.989130437374115,0.989130437374115,0.989130437374115,182.0,0.09099999815225601
fedavg,fedavg,49|374,49|374,2,49,data_2000_3_6.5_chordal,global_val_client_task,val,cycle3,41,,,,,,,,,,2000,193.0,25.0,1782.0,0.0,0.8853211009174312,1.0,0.9391726851463318,0.9391726851463318,0.9391726851463318,193.0,0.09650000184774399
fedavg,fedavg,49|374,49|374,2,49,data_2000_3_6.5_chordal,global_val_client_task,val,cycle4,41,,,,,,,,,,2000,173.0,75.0,1751.0,1.0,0.6975806451612904,0.9942528735632183,0.8199052214622498,0.8199052214622498,0.8199052214622498,174.0,0.08699999749660492
fedavg,fedavg,49|374,49|374,2,49,data_2000_3_6.5_chordal,global_val_client_task,val,cycle5,41,,,,,,,,,,2000,191.0,138.0,1668.0,3.0,0.5805471124620061,0.9845360824742269,0.7304014563560486,0.7304014563560486,0.7304014563560486,194.0,0.09700000286102295
fedavg,fedavg,49|374,49|374,2,49,data_2000_3_6.5_chordal,global_val_client_task,val,cycle6,41,,,,,,,,,,2000,212.0,208.0,1575.0,5.0,0.5047619047619047,0.9769585253456221,0.6656200885772705,0.6656200885772705,0.6656200885772705,217.0,0.10849999636411667
fedavg,fedavg,49|374,49|374,2,374,data_2000_3_7.0_chordal,global_val_client,val,,41,,,0.1215437464416027,0.964,0.8705000281333923,0.8219584569732938,0.8359733819961548,0.8359733819961548,0.8359733819961548,2000,,,,,,,,,,,
fedavg,fedavg,49|374,49|374,2,374,data_2000_3_7.0_chordal,global_val_client_task,val,cycle2,41,,,,,,,,,,2000,178.0,7.0,1815.0,0.0,0.9621621621621622,1.0,0.9807162284851074,0.9807162284851074,0.9807162284851074,178.0,0.08900000154972076
fedavg,fedavg,49|374,49|374,2,374,data_2000_3_7.0_chordal,global_val_client_task,val,cycle3,41,,,,,,,,,,2000,179.0,17.0,1804.0,0.0,0.9132653061224489,1.0,0.9546666741371155,0.9546666741371155,0.9546666741371155,179.0,0.08950000256299973
fedavg,fedavg,49|374,49|374,2,374,data_2000_3_7.0_chordal,global_val_client_task,val,cycle4,41,,,,,,,,,,2000,168.0,46.0,1784.0,2.0,0.7850467289719626,0.9882352941176471,0.875,0.875,0.875,170.0,0.08500000089406967
fedavg,fedavg,49|374,49|374,2,374,data_2000_3_7.0_chordal,global_val_client_task,val,cycle5,41,,,,,,,,,,2000,166.0,95.0,1739.0,0.0,0.6360153256704981,1.0,0.777517557144165,0.777517557144165,0.777517557144165,166.0,0.08299999684095383
fedavg,fedavg,49|374,49|374,2,374,data_2000_3_7.0_chordal,global_val_client_task,val,cycle6,41,,,,,,,,,,2000,140.0,186.0,1667.0,7.0,0.4294478527607362,0.9523809523809523,0.5919661521911621,0.5919661521911621,0.5919661521911621,147.0,0.07349999994039536
fedavg,fedavg,49|374,49|374,2,all,all,global_val_mean,val,,41,,,0.13886916457116605,0.95905,0.8557500243186951,0.8137746541537372,0.832409679889679,0.832409679889679,0.832409679889679,4000,,,,,,,,,,,
fedavg,fedavg,49|374,49|374,2,49,data_2000_3_6.5_chordal,train_epoch,train,,42,1.0,0.13987579840421677,,,,,,,,2000,,,,,,,,,,,
fedavg,fedavg,49|374,49|374,2,49,data_2000_3_6.5_chordal,train_epoch,train,,42,2.0,0.17977521491050721,,,,,,,,2000,,,,,,,,,,,
fedavg,fedavg,49|374,49|374,2,49,data_2000_3_6.5_chordal,train_epoch,train,,42,3.0,0.15123919051885604,,,,,,,,2000,,,,,,,,,,,
fedavg,fedavg,49|374,49|374,2,49,data_2000_3_6.5_chordal,val_epoch,val,,42,,,0.19303856965899469,0.9538,0.8399999737739563,0.8013757523645744,0.8203529119491577,0.8203529119491577,0.8203529119491577,2000,,,,,,,,,,,
fedavg,fedavg,49|374,49|374,2,49,data_2000_3_6.5_chordal,val_epoch_task,val,cycle2,42,,,,,,,,,,2000,182.0,16.0,1802.0,0.0,0.9191919191919192,1.0,0.9578947424888611,0.9578947424888611,0.9578947424888611,182.0,0.09099999815225601
fedavg,fedavg,49|374,49|374,2,49,data_2000_3_6.5_chordal,val_epoch_task,val,cycle3,42,,,,,,,,,,2000,193.0,16.0,1791.0,0.0,0.9234449760765551,1.0,0.9601989984512329,0.9601989984512329,0.9601989984512329,193.0,0.09650000184774399
fedavg,fedavg,49|374,49|374,2,49,data_2000_3_6.5_chordal,val_epoch_task,val,cycle4,42,,,,,,,,,,2000,172.0,98.0,1728.0,2.0,0.6370370370370371,0.9885057471264368,0.7747747898101807,0.7747747898101807,0.7747747898101807,174.0,0.08699999749660492
fedavg,fedavg,49|374,49|374,2,49,data_2000_3_6.5_chordal,val_epoch_task,val,cycle5,42,,,,,,,,,,2000,193.0,120.0,1686.0,1.0,0.6166134185303515,0.9948453608247423,0.7613412737846375,0.7613412737846375,0.7613412737846375,194.0,0.09700000286102295
fedavg,fedavg,49|374,49|374,2,49,data_2000_3_6.5_chordal,val_epoch_task,val,cycle6,42,,,,,,,,,,2000,192.0,184.0,1599.0,25.0,0.5106382978723404,0.8847926267281107,0.6475548148155212,0.6475548148155212,0.6475548148155212,217.0,0.10849999636411667
fedavg,fedavg,49|374,49|374,2,374,data_2000_3_7.0_chordal,train_epoch,train,,42,1.0,0.16250848400592804,,,,,,,,2000,,,,,,,,,,,
fedavg,fedavg,49|374,49|374,2,374,data_2000_3_7.0_chordal,train_epoch,train,,42,2.0,0.15245544064044952,,,,,,,,2000,,,,,,,,,,,
fedavg,fedavg,49|374,49|374,2,374,data_2000_3_7.0_chordal,train_epoch,train,,42,3.0,0.1586165235042572,,,,,,,,2000,,,,,,,,,,,
fedavg,fedavg,49|374,49|374,2,374,data_2000_3_7.0_chordal,val_epoch,val,,42,,,0.13619408190250396,0.9622,0.8659999966621399,0.8143418467583496,0.8280395269393921,0.8280395269393921,0.8280395269393921,2000,,,,,,,,,,,
fedavg,fedavg,49|374,49|374,2,374,data_2000_3_7.0_chordal,val_epoch_task,val,cycle2,42,,,,,,,,,,2000,178.0,3.0,1819.0,0.0,0.9834254143646409,1.0,0.991643488407135,0.991643488407135,0.991643488407135,178.0,0.08900000154972076
fedavg,fedavg,49|374,49|374,2,374,data_2000_3_7.0_chordal,val_epoch_task,val,cycle3,42,,,,,,,,,,2000,179.0,18.0,1803.0,0.0,0.9086294416243654,1.0,0.9521276354789734,0.9521276354789734,0.9521276354789734,179.0,0.08950000256299973
fedavg,fedavg,49|374,49|374,2,374,data_2000_3_7.0_chordal,val_epoch_task,val,cycle4,42,,,,,,,,,,2000,169.0,64.0,1766.0,1.0,0.7253218884120172,0.9941176470588236,0.8387096524238586,0.8387096524238586,0.8387096524238586,170.0,0.08500000089406967
fedavg,fedavg,49|374,49|374,2,374,data_2000_3_7.0_chordal,val_epoch_task,val,cycle5,42,,,,,,,,,,2000,165.0,98.0,1736.0,1.0,0.6273764258555133,0.9939759036144579,0.7692307233810425,0.7692307233810425,0.7692307233810425,166.0,0.08299999684095383
fedavg,fedavg,49|374,49|374,2,374,data_2000_3_7.0_chordal,val_epoch_task,val,cycle6,42,,,,,,,,,,2000,138.0,184.0,1669.0,9.0,0.42857142857142855,0.9387755102040817,0.5884861350059509,0.5884861350059509,0.5884861350059509,147.0,0.07349999994039536
fedavg,fedavg,49|374,49|374,2,49,data_2000_3_6.5_chordal,global_val_client,val,,42,,,0.16543536508083342,0.9535,0.8389999866485596,0.8025477707006369,0.826004683971405,0.826004683971405,0.826004683971405,2000,,,,,,,,,,,
fedavg,fedavg,49|374,49|374,2,49,data_2000_3_6.5_chordal,global_val_client_task,val,cycle2,42,,,,,,,,,,2000,182.0,5.0,1813.0,0.0,0.9732620320855615,1.0,0.9864498376846313,0.9864498376846313,0.9864498376846313,182.0,0.09099999815225601
fedavg,fedavg,49|374,49|374,2,49,data_2000_3_6.5_chordal,global_val_client_task,val,cycle3,42,,,,,,,,,,2000,193.0,21.0,1786.0,0.0,0.9018691588785047,1.0,0.9484029412269592,0.9484029412269592,0.9484029412269592,193.0,0.09650000184774399
fedavg,fedavg,49|374,49|374,2,49,data_2000_3_6.5_chordal,global_val_client_task,val,cycle4,42,,,,,,,,,,2000,173.0,84.0,1742.0,1.0,0.6731517509727627,0.9942528735632183,0.8027841448783875,0.8027841448783875,0.8027841448783875,174.0,0.08699999749660492
fedavg,fedavg,49|374,49|374,2,49,data_2000_3_6.5_chordal,global_val_client_task,val,cycle5,42,,,,,,,,,,2000,193.0,132.0,1674.0,1.0,0.5938461538461538,0.9948453608247423,0.7437379956245422,0.7437379956245422,0.7437379956245422,194.0,0.09700000286102295
fedavg,fedavg,49|374,49|374,2,49,data_2000_3_6.5_chordal,global_val_client_task,val,cycle6,42,,,,,,,,,,2000,204.0,208.0,1575.0,13.0,0.49514563106796117,0.9400921658986175,0.6486486196517944,0.6486486196517944,0.6486486196517944,217.0,0.10849999636411667
fedavg,fedavg,49|374,49|374,2,374,data_2000_3_7.0_chordal,global_val_client,val,,42,,,0.12144796156883239,0.9639,0.8734999895095825,0.8206656731246895,0.8318184614181519,0.8318184614181519,0.8318184614181519,2000,,,,,,,,,,,
fedavg,fedavg,49|374,49|374,2,374,data_2000_3_7.0_chordal,global_val_client_task,val,cycle2,42,,,,,,,,,,2000,178.0,9.0,1813.0,0.0,0.9518716577540107,1.0,0.9753424525260925,0.9753424525260925,0.9753424525260925,178.0,0.08900000154972076
fedavg,fedavg,49|374,49|374,2,374,data_2000_3_7.0_chordal,global_val_client_task,val,cycle3,42,,,,,,,,,,2000,179.0,14.0,1807.0,0.0,0.927461139896373,1.0,0.9623655676841736,0.9623655676841736,0.9623655676841736,179.0,0.08950000256299973
fedavg,fedavg,49|374,49|374,2,374,data_2000_3_7.0_chordal,global_val_client_task,val,cycle4,42,,,,,,,,,,2000,167.0,64.0,1766.0,3.0,0.7229437229437229,0.9823529411764705,0.8329176902770996,0.8329176902770996,0.8329176902770996,170.0,0.08500000089406967
fedavg,fedavg,49|374,49|374,2,374,data_2000_3_7.0_chordal,global_val_client_task,val,cycle5,42,,,,,,,,,,2000,165.0,88.0,1746.0,1.0,0.6521739130434783,0.9939759036144579,0.7875894904136658,0.7875894904136658,0.7875894904136658,166.0,0.08299999684095383
fedavg,fedavg,49|374,49|374,2,374,data_2000_3_7.0_chordal,global_val_client_task,val,cycle6,42,,,,,,,,,,2000,137.0,172.0,1681.0,10.0,0.44336569579288027,0.9319727891156463,0.6008771657943726,0.6008771657943726,0.6008771657943726,147.0,0.07349999994039536
fedavg,fedavg,49|374,49|374,2,all,all,global_val_mean,val,,42,,,0.1434416633248329,0.9587,0.856249988079071,0.8116067219126633,0.8289115726947784,0.8289115726947784,0.8289115726947784,4000,,,,,,,,,,,
fedavg,fedavg,49|374,49|374,2,49,data_2000_3_6.5_chordal,train_epoch,train,,43,1.0,0.16715640327334405,,,,,,,,2000,,,,,,,,,,,
fedavg,fedavg,49|374,49|374,2,49,data_2000_3_6.5_chordal,train_epoch,train,,43,2.0,0.1380131322927773,,,,,,,,2000,,,,,,,,,,,
fedavg,fedavg,49|374,49|374,2,49,data_2000_3_6.5_chordal,train_epoch,train,,43,3.0,0.15287652945518493,,,,,,,,2000,,,,,,,,,,,
fedavg,fedavg,49|374,49|374,2,49,data_2000_3_6.5_chordal,val_epoch,val,,43,,,0.2501254460811615,0.9589,0.8529999852180481,0.8159426780116437,0.8337873220443726,0.8337873220443726,0.8337873220443726,2000,,,,,,,,,,,
fedavg,fedavg,49|374,49|374,2,49,data_2000_3_6.5_chordal,val_epoch_task,val,cycle2,43,,,,,,,,,,2000,178.0,10.0,1808.0,4.0,0.9468085106382979,0.978021978021978,0.9621621966362,0.9621621966362,0.9621621966362,182.0,0.09099999815225601
fedavg,fedavg,49|374,49|374,2,49,data_2000_3_6.5_chordal,val_epoch_task,val,cycle3,43,,,,,,,,,,2000,193.0,24.0,1783.0,0.0,0.8894009216589862,1.0,0.9414633512496948,0.9414633512496948,0.9414633512496948,193.0,0.09650000184774399
fedavg,fedavg,49|374,49|374,2,49,data_2000_3_6.5_chordal,val_epoch_task,val,cycle4,43,,,,,,,,,,2000,171.0,61.0,1765.0,3.0,0.7370689655172413,0.9827586206896551,0.842364490032196,0.842364490032196,0.842364490032196,174.0,0.08699999749660492
fedavg,fedavg,49|374,49|374,2,49,data_2000_3_6.5_chordal,val_epoch_task,val,cycle5,43,,,,,,,,,,2000,189.0,96.0,1710.0,5.0,0.6631578947368421,0.9742268041237113,0.7891440391540527,0.7891440391540527,0.7891440391540527,194.0,0.09700000286102295
fedavg,fedavg,49|374,49|374,2,49,data_2000_3_6.5_chordal,val_epoch_task,val,cycle6,43,,,,,,,,,,2000,180.0,171.0,1612.0,37.0,0.5128205128205128,0.8294930875576036,0.6338028311729431,0.6338028311729431,0.6338028311729431,217.0,0.10849999636411667
fedavg,fedavg,49|374,49|374,2,374,data_2000_3_7.0_chordal,train_epoch,train,,43,1.0,0.15141729855537414,,,,,,,,2000,,,,,,,,,,,
fedavg,fedavg,49|374,49|374,2,374,data_2000_3_7.0_chordal,train_epoch,train,,43,2.0,0.1409315985441208,,,,,,,,2000,,,,,,,,,,,
fedavg,fedavg,49|374,49|374,2,374,data_2000_3_7.0_chordal,train_epoch,train,,43,3.0,0.17224042671918868,,,,,,,,2000,,,,,,,,,,,
fedavg,fedavg,49|374,49|374,2,374,data_2000_3_7.0_chordal,val_epoch,val,,43,,,0.17488002797961236,0.9404,0.8180000185966492,0.7365163572060125,0.7570695281028748,0.7570695281028748,0.7570695281028748,2000,,,,,,,,,,,
fedavg,fedavg,49|374,49|374,2,374,data_2000_3_7.0_chordal,val_epoch_task,val,cycle2,43,,,,,,,,,,2000,178.0,8.0,1814.0,0.0,0.956989247311828,1.0,0.9780219197273254,0.9780219197273254,0.9780219197273254,178.0,0.08900000154972076
fedavg,fedavg,49|374,49|374,2,374,data_2000_3_7.0_chordal,val_epoch_task,val,cycle3,43,,,,,,,,,,2000,179.0,77.0,1744.0,0.0,0.69921875,1.0,0.8229885101318359,0.8229885101318359,0.8229885101318359,179.0,0.08950000256299973
fedavg,fedavg,49|374,49|374,2,374,data_2000_3_7.0_chordal,val_epoch_task,val,cycle4,43,,,,,,,,,,2000,166.0,85.0,1745.0,4.0,0.6613545816733067,0.9764705882352941,0.7885985374450684,0.7885985374450684,0.7885985374450684,170.0,0.08500000089406967
fedavg,fedavg,49|374,49|374,2,374,data_2000_3_7.0_chordal,val_epoch_task,val,cycle5,43,,,,,,,,,,2000,165.0,167.0,1667.0,1.0,0.49698795180722893,0.9939759036144579,0.6626505851745605,0.6626505851745605,0.6626505851745605,166.0,0.08299999684095383
fedavg,fedavg,49|374,49|374,2,374,data_2000_3_7.0_chordal,val_epoch_task,val,cycle6,43,,,,,,,,,,2000,145.0,252.0,1601.0,2.0,0.36523929471032746,0.9863945578231292,0.533088207244873,0.533088207244873,0.533088207244873,147.0,0.07349999994039536
fedavg,fedavg,49|374,49|374,2,49,data_2000_3_6.5_chordal,global_val_client,val,,43,,,0.1698074341416359,0.9471,0.8320000171661377,0.7827515400410677,0.8018289804458618,0.8018289804458618,0.8018289804458618,2000,,,,,,,,,,,
fedavg,fedavg,49|374,49|374,2,49,data_2000_3_6.5_chordal,global_val_client_task,val,cycle2,43,,,,,,,,,,2000,182.0,14.0,1804.0,0.0,0.9285714285714286,1.0,0.9629629254341125,0.9629629254341125,0.9629629254341125,182.0,0.09099999815225601
fedavg,fedavg,49|374,49|374,2,49,data_2000_3_6.5_chordal,global_val_client_task,val,cycle3,43,,,,,,,,,,2000,193.0,49.0,1758.0,0.0,0.7975206611570248,1.0,0.8873562812805176,0.8873562812805176,0.8873562812805176,193.0,0.09650000184774399
fedavg,fedavg,49|374,49|374,2,49,data_2000_3_6.5_chordal,global_val_client_task,val,cycle4,43,,,,,,,,,,2000,170.0,96.0,1730.0,4.0,0.6390977443609023,0.9770114942528736,0.7727273106575012,0.7727273106575012,0.7727273106575012,174.0,0.08699999749660492
fedavg,fedavg,49|374,49|374,2,49,data_2000_3_6.5_chordal,global_val_client_task,val,cycle5,43,,,,,,,,,,2000,194.0,149.0,1657.0,0.0,0.565597667638484,1.0,0.7225325703620911,0.7225325703620911,0.7225325703620911,194.0,0.09700000286102295
fedavg,fedavg,49|374,49|374,2,49,data_2000_3_6.5_chordal,global_val_client_task,val,cycle6,43,,,,,,,,,,2000,214.0,214.0,1569.0,3.0,0.5,0.9861751152073732,0.6635659337043762,0.6635659337043762,0.6635659337043762,217.0,0.10849999636411667
fedavg,fedavg,49|374,49|374,2,374,data_2000_3_7.0_chordal,global_val_client,val,,43,,,0.13137955403327942,0.9556,0.8539999723434448,0.7893738140417459,0.8045854568481445,0.8045854568481445,0.8045854568481445,2000,,,,,,,,,,,
fedavg,fedavg,49|374,49|374,2,374,data_2000_3_7.0_chordal,global_val_client_task,val,cycle2,43,,,,,,,,,,2000,178.0,11.0,1811.0,0.0,0.9417989417989417,1.0,0.9700272679328918,0.9700272679328918,0.9700272679328918,178.0,0.08900000154972076
fedavg,fedavg,49|374,49|374,2,374,data_2000_3_7.0_chordal,global_val_client_task,val,cycle3,43,,,,,,,,,,2000,179.0,27.0,1794.0,0.0,0.8689320388349514,1.0,0.9298701882362366,0.9298701882362366,0.9298701882362366,179.0,0.08950000256299973
fedavg,fedavg,49|374,49|374,2,374,data_2000_3_7.0_chordal,global_val_client_task,val,cycle4,43,,,,,,,,,,2000,166.0,68.0,1762.0,4.0,0.7094017094017094,0.9764705882352941,0.8217821717262268,0.8217821717262268,0.8217821717262268,170.0,0.08500000089406967
fedavg,fedavg,49|374,49|374,2,374,data_2000_3_7.0_chordal,global_val_client_task,val,cycle5,43,,,,,,,,,,2000,166.0,133.0,1701.0,0.0,0.5551839464882943,1.0,0.7139785289764404,0.7139785289764404,0.7139785289764404,166.0,0.08299999684095383
fedavg,fedavg,49|374,49|374,2,374,data_2000_3_7.0_chordal,global_val_client_task,val,cycle6,43,,,,,,,,,,2000,143.0,197.0,1656.0,4.0,0.42058823529411765,0.9727891156462585,0.5872690081596375,0.5872690081596375,0.5872690081596375,147.0,0.07349999994039536
fedavg,fedavg,49|374,49|374,2,all,all,global_val_mean,val,,43,,,0.15059349408745765,0.95135,0.8429999947547913,0.7860626770414068,0.8032072186470032,0.8032072186470032,0.8032072186470032,4000,,,,,,,,,,,
fedavg,fedavg,49|374,49|374,2,49,data_2000_3_6.5_chordal,train_epoch,train,,44,1.0,0.17501166850328445,,,,,,,,2000,,,,,,,,,,,
fedavg,fedavg,49|374,49|374,2,49,data_2000_3_6.5_chordal,train_epoch,train,,44,2.0,0.16784243965148926,,,,,,,,2000,,,,,,,,,,,
fedavg,fedavg,49|374,49|374,2,49,data_2000_3_6.5_chordal,train_epoch,train,,44,3.0,0.1539800136089325,,,,,,,,2000,,,,,,,,,,,
fedavg,fedavg,49|374,49|374,2,49,data_2000_3_6.5_chordal,val_epoch,val,,44,,,0.1706862160563469,0.9493,0.8345000147819519,0.7886619424760317,0.8063186407089233,0.8063186407089233,0.8063186407089233,2000,,,,,,,,,,,
fedavg,fedavg,49|374,49|374,2,49,data_2000_3_6.5_chordal,val_epoch_task,val,cycle2,44,,,,,,,,,,2000,182.0,16.0,1802.0,0.0,0.9191919191919192,1.0,0.9578947424888611,0.9578947424888611,0.9578947424888611,182.0,0.09099999815225601
fedavg,fedavg,49|374,49|374,2,49,data_2000_3_6.5_chordal,val_epoch_task,val,cycle3,44,,,,,,,,,,2000,193.0,31.0,1776.0,0.0,0.8616071428571429,1.0,0.9256594777107239,0.9256594777107239,0.9256594777107239,193.0,0.09650000184774399
fedavg,fedavg,49|374,49|374,2,49,data_2000_3_6.5_chordal,val_epoch_task,val,cycle4,44,,,,,,,,,,2000,174.0,117.0,1709.0,0.0,0.5979381443298969,1.0,0.7483870983123779,0.7483870983123779,0.7483870983123779,174.0,0.08699999749660492
fedavg,fedavg,49|374,49|374,2,49,data_2000_3_6.5_chordal,val_epoch_task,val,cycle5,44,,,,,,,,,,2000,194.0,147.0,1659.0,0.0,0.5689149560117303,1.0,0.7252336740493774,0.7252336740493774,0.7252336740493774,194.0,0.09700000286102295
fedavg,fedavg,49|374,49|374,2,49,data_2000_3_6.5_chordal,val_epoch_task,val,cycle6,44,,,,,,,,,,2000,203.0,182.0,1601.0,14.0,0.5272727272727272,0.9354838709677419,0.674418568611145,0.674418568611145,0.674418568611145,217.0,0.10849999636411667
fedavg,fedavg,49|374,49|374,2,374,data_2000_3_7.0_chordal,train_epoch,train,,44,1.0,0.17833190429210663,,,,,,,,2000,,,,,,,,,,,
fedavg,fedavg,49|374,49|374,2,374,data_2000_3_7.0_chordal,train_epoch,train,,44,2.0,0.14184884876012802,,,,,,,,2000,,,,,,,,,,,
fedavg,fedavg,49|374,49|374,2,374,data_2000_3_7.0_chordal,train_epoch,train,,44,3.0,0.13355772957205772,,,,,,,,2000,,,,,,,,,,,
fedavg,fedavg,49|374,49|374,2,374,data_2000_3_7.0_chordal,val_epoch,val,,44,,,0.1270444571375847,0.9632,0.8725000023841858,0.8180019782393669,0.8360654711723328,0.8360654711723328,0.8360654711723328,2000,,,,,,,,,,,
fedavg,fedavg,49|374,49|374,2,374,data_2000_3_7.0_chordal,val_epoch_task,val,cycle2,44,,,,,,,,,,2000,178.0,6.0,1816.0,0.0,0.967391304347826,1.0,0.9834254384040833,0.9834254384040833,0.9834254384040833,178.0,0.08900000154972076
fedavg,fedavg,49|374,49|374,2,374,data_2000_3_7.0_chordal,val_epoch_task,val,cycle3,44,,,,,,,,,,2000,179.0,14.0,1807.0,0.0,0.927461139896373,1.0,0.9623655676841736,0.9623655676841736,0.9623655676841736,179.0,0.08950000256299973
fedavg,fedavg,49|374,49|374,2,374,data_2000_3_7.0_chordal,val_epoch_task,val,cycle4,44,,,,,,,,,,2000,167.0,35.0,1795.0,3.0,0.8267326732673267,0.9823529411764705,0.897849440574646,0.897849440574646,0.897849440574646,170.0,0.08500000089406967
fedavg,fedavg,49|374,49|374,2,374,data_2000_3_7.0_chordal,val_epoch_task,val,cycle5,44,,,,,,,,,,2000,163.0,97.0,1737.0,3.0,0.6269230769230769,0.9819277108433735,0.765258252620697,0.765258252620697,0.765258252620697,166.0,0.08299999684095383
fedavg,fedavg,49|374,49|374,2,374,data_2000_3_7.0_chordal,val_epoch_task,val,cycle6,44,,,,,,,,,,2000,140.0,203.0,1650.0,7.0,0.40816326530612246,0.9523809523809523,0.5714285969734192,0.5714285969734192,0.5714285969734192,147.0,0.07349999994039536
fedavg,fedavg,49|374,49|374,2,49,data_2000_3_6.5_chordal,global_val_client,val,,44,,,0.16244125020503997,0.9513,0.8410000205039978,0.7954640907181856,0.816309928894043,0.816309928894043,0.816309928894043,2000,,,,,,,,,,,
fedavg,fedavg,49|374,49|374,2,49,data_2000_3_6.5_chordal,global_val_client_task,val,cycle2,44,,,,,,,,,,2000,182.0,15.0,1803.0,0.0,0.9238578680203046,1.0,0.960422158241272,0.960422158241272,0.960422158241272,182.0,0.09099999815225601
fedavg,fedavg,49|374,49|374,2,49,data_2000_3_6.5_chordal,global_val_client_task,val,cycle3,44,,,,,,,,,,2000,193.0,24.0,1783.0,0.0,0.8894009216589862,1.0,0.9414633512496948,0.9414633512496948,0.9414633512496948,193.0,0.09650000184774399
fedavg,fedavg,49|374,49|374,2,49,data_2000_3_6.5_chordal,global_val_client_task,val,cycle4,44,,,,,,,,,,2000,174.0,93.0,1733.0,0.0,0.651685393258427,1.0,0.7891156077384949,0.7891156077384949,0.7891156077384949,174.0,0.08699999749660492
fedavg,fedavg,49|374,49|374,2,49,data_2000_3_6.5_chordal,global_val_client_task,val,cycle5,44,,,,,,,,,,2000,193.0,137.0,1669.0,1.0,0.5848484848484848,0.9948453608247423,0.7366412281990051,0.7366412281990051,0.7366412281990051,194.0,0.09700000286102295
fedavg,fedavg,49|374,49|374,2,49,data_2000_3_6.5_chordal,global_val_client_task,val,cycle6,44,,,,,,,,,,2000,205.0,205.0,1578.0,12.0,0.5,0.9447004608294931,0.6539074778556824,0.6539074778556824,0.6539074778556824,217.0,0.10849999636411667
fedavg,fedavg,49|374,49|374,2,374,data_2000_3_7.0_chordal,global_val_client,val,,44,,,0.12431670635938645,0.9619,0.8669999837875366,0.8122227698373583,0.8251620531082153,0.8251620531082153,0.8251620531082153,2000,,,,,,,,,,,
fedavg,fedavg,49|374,49|374,2,374,data_2000_3_7.0_chordal,global_val_client_task,val,cycle2,44,,,,,,,,,,2000,178.0,14.0,1808.0,0.0,0.9270833333333334,1.0,0.9621621966362,0.9621621966362,0.9621621966362,178.0,0.08900000154972076
fedavg,fedavg,49|374,49|374,2,374,data_2000_3_7.0_chordal,global_val_client_task,val,cycle3,44,,,,,,,,,,2000,179.0,11.0,1810.0,0.0,0.9421052631578948,1.0,0.97018963098526,0.97018963098526,0.97018963098526,179.0,0.08950000256299973
fedavg,fedavg,49|374,49|374,2,374,data_2000_3_7.0_chordal,global_val_client_task,val,cycle4,44,,,,,,,,,,2000,166.0,55.0,1775.0,4.0,0.751131221719457,0.9764705882352941,0.8491048812866211,0.8491048812866211,0.8491048812866211,170.0,0.08500000089406967
fedavg,fedavg,49|374,49|374,2,374,data_2000_3_7.0_chordal,global_val_client_task,val,cycle5,44,,,,,,,,,,2000,165.0,105.0,1729.0,1.0,0.6111111111111112,0.9939759036144579,0.7568807005882263,0.7568807005882263,0.7568807005882263,166.0,0.08299999684095383
fedavg,fedavg,49|374,49|374,2,374,data_2000_3_7.0_chordal,global_val_client_task,val,cycle6,44,,,,,,,,,,2000,136.0,180.0,1673.0,11.0,0.43037974683544306,0.9251700680272109,0.5874730348587036,0.5874730348587036,0.5874730348587036,147.0,0.07349999994039536
fedavg,fedavg,49|374,49|374,2,all,all,global_val_mean,val,,44,,,0.14337897828221322,0.9566,0.8540000021457672,0.8038434302777719,0.8207359910011292,0.8207359910011292,0.8207359910011292,4000,,,,,,,,,,,
fedavg,fedavg,49|374,49|374,2,49,data_2000_3_6.5_chordal,train_epoch,train,,45,1.0,0.13941210913658142,,,,,,,,2000,,,,,,,,,,,
fedavg,fedavg,49|374,49|374,2,49,data_2000_3_6.5_chordal,train_epoch,train,,45,2.0,0.15964245545864106,,,,,,,,2000,,,,,,,,,,,
fedavg,fedavg,49|374,49|374,2,49,data_2000_3_6.5_chordal,train_epoch,train,,45,3.0,0.16178942400217056,,,,,,,,2000,,,,,,,,,,,
fedavg,fedavg,49|374,49|374,2,49,data_2000_3_6.5_chordal,val_epoch,val,,45,,,0.15989412054419516,0.9469,0.8169999718666077,0.7819301848049282,0.807223916053772,0.807223916053772,0.807223916053772,2000,,,,,,,,,,,
fedavg,fedavg,49|374,49|374,2,49,data_2000_3_6.5_chordal,val_epoch_task,val,cycle2,45,,,,,,,,,,2000,182.0,11.0,1807.0,0.0,0.9430051813471503,1.0,0.9706667065620422,0.9706667065620422,0.9706667065620422,182.0,0.09099999815225601
fedavg,fedavg,49|374,49|374,2,49,data_2000_3_6.5_chordal,val_epoch_task,val,cycle3,45,,,,,,,,,,2000,193.0,49.0,1758.0,0.0,0.7975206611570248,1.0,0.8873562812805176,0.8873562812805176,0.8873562812805176,193.0,0.09650000184774399
fedavg,fedavg,49|374,49|374,2,49,data_2000_3_6.5_chordal,val_epoch_task,val,cycle4,45,,,,,,,,,,2000,171.0,63.0,1763.0,3.0,0.7307692307692307,0.9827586206896551,0.8382352590560913,0.8382352590560913,0.8382352590560913,174.0,0.08699999749660492
fedavg,fedavg,49|374,49|374,2,49,data_2000_3_6.5_chordal,val_epoch_task,val,cycle5,45,,,,,,,,,,2000,192.0,164.0,1642.0,2.0,0.5393258426966292,0.9896907216494846,0.6981818675994873,0.6981818675994873,0.6981818675994873,194.0,0.09700000286102295
fedavg,fedavg,49|374,49|374,2,49,data_2000_3_6.5_chordal,val_epoch_task,val,cycle6,45,,,,,,,,,,2000,214.0,236.0,1547.0,3.0,0.47555555555555556,0.9861751152073732,0.6416791677474976,0.6416791677474976,0.6416791677474976,217.0,0.10849999636411667
fedavg,fedavg,49|374,49|374,2,374,data_2000_3_7.0_chordal,train_epoch,train,,45,1.0,0.16531017309427262,,,,,,,,2000,,,,,,,,,,,
fedavg,fedavg,49|374,49|374,2,374,data_2000_3_7.0_chordal,train_epoch,train,,45,2.0,0.1460618988275528,,,,,,,,2000,,,,,,,,,,,
fedavg,fedavg,49|374,49|374,2,374,data_2000_3_7.0_chordal,train_epoch,train,,45,3.0,0.1377367991656065,,,,,,,,2000,,,,,,,,,,,
fedavg,fedavg,49|374,49|374,2,374,data_2000_3_7.0_chordal,val_epoch,val,,45,,,0.13966803288459778,0.9615,0.8650000095367432,0.8109965635738831,0.8246135711669922,0.8246135711669922,0.8246135711669922,2000,,,,,,,,,,,
fedavg,fedavg,49|374,49|374,2,374,data_2000_3_7.0_chordal,val_epoch_task,val,cycle2,45,,,,,,,,,,2000,178.0,9.0,1813.0,0.0,0.9518716577540107,1.0,0.9753424525260925,0.9753424525260925,0.9753424525260925,178.0,0.08900000154972076
fedavg,fedavg,49|374,49|374,2,374,data_2000_3_7.0_chordal,val_epoch_task,val,cycle3,45,,,,,,,,,,2000,178.0,19.0,1802.0,1.0,0.9035532994923858,0.994413407821229,0.9468085765838623,0.9468085765838623,0.9468085765838623,179.0,0.08950000256299973
fedavg,fedavg,49|374,49|374,2,374,data_2000_3_7.0_chordal,val_epoch_task,val,cycle4,45,,,,,,,,,,2000,166.0,54.0,1776.0,4.0,0.7545454545454545,0.9764705882352941,0.8512820601463318,0.8512820601463318,0.8512820601463318,170.0,0.08500000089406967
fedavg,fedavg,49|374,49|374,2,374,data_2000_3_7.0_chordal,val_epoch_task,val,cycle5,45,,,,,,,,,,2000,162.0,103.0,1731.0,4.0,0.6113207547169811,0.9759036144578314,0.7517400979995728,0.7517400979995728,0.7517400979995728,166.0,0.08299999684095383
fedavg,fedavg,49|374,49|374,2,374,data_2000_3_7.0_chordal,val_epoch_task,val,cycle6,45,,,,,,,,,,2000,142.0,186.0,1667.0,5.0,0.4329268292682927,0.9659863945578231,0.5978947281837463,0.5978947281837463,0.5978947281837463,147.0,0.07349999994039536
fedavg,fedavg,49|374,49|374,2,49,data_2000_3_6.5_chordal,global_val_client,val,,45,,,0.15327272778749465,0.952,0.8324999809265137,0.7984886649874057,0.8194452524185181,0.8194452524185181,0.8194452524185181,2000,,,,,,,,,,,
fedavg,fedavg,49|374,49|374,2,49,data_2000_3_6.5_chordal,global_val_client_task,val,cycle2,45,,,,,,,,,,2000,182.0,16.0,1802.0,0.0,0.9191919191919192,1.0,0.9578947424888611,0.9578947424888611,0.9578947424888611,182.0,0.09099999815225601
fedavg,fedavg,49|374,49|374,2,49,data_2000_3_6.5_chordal,global_val_client_task,val,cycle3,45,,,,,,,,,,2000,193.0,22.0,1785.0,0.0,0.8976744186046511,1.0,0.9460784196853638,0.9460784196853638,0.9460784196853638,193.0,0.09650000184774399
fedavg,fedavg,49|374,49|374,2,49,data_2000_3_6.5_chordal,global_val_client_task,val,cycle4,45,,,,,,,,,,2000,171.0,87.0,1739.0,3.0,0.6627906976744186,0.9827586206896551,0.7916667461395264,0.7916667461395264,0.7916667461395264,174.0,0.08699999749660492
fedavg,fedavg,49|374,49|374,2,49,data_2000_3_6.5_chordal,global_val_client_task,val,cycle5,45,,,,,,,,,,2000,193.0,136.0,1670.0,1.0,0.5866261398176292,0.9948453608247423,0.7380497455596924,0.7380497455596924,0.7380497455596924,194.0,0.09700000286102295
fedavg,fedavg,49|374,49|374,2,49,data_2000_3_6.5_chordal,global_val_client_task,val,cycle6,45,,,,,,,,,,2000,212.0,210.0,1573.0,5.0,0.5023696682464455,0.9769585253456221,0.6635367274284363,0.6635367274284363,0.6635367274284363,217.0,0.10849999636411667
fedavg,fedavg,49|374,49|374,2,374,data_2000_3_7.0_chordal,global_val_client,val,,45,,,0.1316576828956604,0.9578,0.8569999933242798,0.796920115495669,0.8138225674629211,0.8138225674629211,0.8138225674629211,2000,,,,,,,,,,,
fedavg,fedavg,49|374,49|374,2,374,data_2000_3_7.0_chordal,global_val_client_task,val,cycle2,45,,,,,,,,,,2000,178.0,13.0,1809.0,0.0,0.9319371727748691,1.0,0.9647696018218994,0.9647696018218994,0.9647696018218994,178.0,0.08900000154972076
fedavg,fedavg,49|374,49|374,2,374,data_2000_3_7.0_chordal,global_val_client_task,val,cycle3,45,,,,,,,,,,2000,179.0,13.0,1808.0,0.0,0.9322916666666666,1.0,0.9649595618247986,0.9649595618247986,0.9649595618247986,179.0,0.08950000256299973
fedavg,fedavg,49|374,49|374,2,374,data_2000_3_7.0_chordal,global_val_client_task,val,cycle4,45,,,,,,,,,,2000,168.0,62.0,1768.0,2.0,0.7304347826086957,0.9882352941176471,0.8399999737739563,0.8399999737739563,0.8399999737739563,170.0,0.08500000089406967
fedavg,fedavg,49|374,49|374,2,374,data_2000_3_7.0_chordal,global_val_client_task,val,cycle5,45,,,,,,,,,,2000,165.0,118.0,1716.0,1.0,0.5830388692579506,0.9939759036144579,0.7349665760993958,0.7349665760993958,0.7349665760993958,166.0,0.08299999684095383
fedavg,fedavg,49|374,49|374,2,374,data_2000_3_7.0_chordal,global_val_client_task,val,cycle6,45,,,,,,,,,,2000,138.0,204.0,1649.0,9.0,0.40350877192982454,0.9387755102040817,0.5644171833992004,0.5644171833992004,0.5644171833992004,147.0,0.07349999994039536
fedavg,fedavg,49|374,49|374,2,all,all,global_val_mean,val,,45,,,0.14246520534157753,0.9549,0.8447499871253967,0.7977043902415374,0.8166339099407196,0.8166339099407196,0.8166339099407196,4000,,,,,,,,,,,
fedavg,fedavg,49|374,49|374,2,49,data_2000_3_6.5_chordal,train_epoch,train,,46,1.0,0.13810666698217391,,,,,,,,2000,,,,,,,,,,,
fedavg,fedavg,49|374,49|374,2,49,data_2000_3_6.5_chordal,train_epoch,train,,46,2.0,0.14107620010524988,,,,,,,,2000,,,,,,,,,,,
fedavg,fedavg,49|374,49|374,2,49,data_2000_3_6.5_chordal,train_epoch,train,,46,3.0,0.1553723513484001,,,,,,,,2000,,,,,,,,,,,
fedavg,fedavg,49|374,49|374,2,49,data_2000_3_6.5_chordal,val_epoch,val,,46,,,0.18643098104000091,0.9529,0.8370000123977661,0.7989756722151088,0.8207720518112183,0.8207720518112183,0.8207720518112183,2000,,,,,,,,,,,
fedavg,fedavg,49|374,49|374,2,49,data_2000_3_6.5_chordal,val_epoch_task,val,cycle2,46,,,,,,,,,,2000,182.0,8.0,1810.0,0.0,0.9578947368421052,1.0,0.9784945845603943,0.9784945845603943,0.9784945845603943,182.0,0.09099999815225601
fedavg,fedavg,49|374,49|374,2,49,data_2000_3_6.5_chordal,val_epoch_task,val,cycle3,46,,,,,,,,,,2000,192.0,11.0,1796.0,1.0,0.9458128078817734,0.9948186528497409,0.9696969389915466,0.9696969389915466,0.9696969389915466,193.0,0.09650000184774399
fedavg,fedavg,49|374,49|374,2,49,data_2000_3_6.5_chordal,val_epoch_task,val,cycle4,46,,,,,,,,,,2000,174.0,112.0,1714.0,0.0,0.6083916083916084,1.0,0.7565217614173889,0.7565217614173889,0.7565217614173889,174.0,0.08699999749660492
fedavg,fedavg,49|374,49|374,2,49,data_2000_3_6.5_chordal,val_epoch_task,val,cycle5,46,,,,,,,,,,2000,193.0,129.0,1677.0,1.0,0.5993788819875776,0.9948453608247423,0.7480620741844177,0.7480620741844177,0.7480620741844177,194.0,0.09700000286102295
fedavg,fedavg,49|374,49|374,2,49,data_2000_3_6.5_chordal,val_epoch_task,val,cycle6,46,,,,,,,,,,2000,195.0,187.0,1596.0,22.0,0.5104712041884817,0.8986175115207373,0.6510851979255676,0.6510851979255676,0.6510851979255676,217.0,0.10849999636411667
fedavg,fedavg,49|374,49|374,2,374,data_2000_3_7.0_chordal,train_epoch,train,,46,1.0,0.1718113398551941,,,,,,,,2000,,,,,,,,,,,
fedavg,fedavg,49|374,49|374,2,374,data_2000_3_7.0_chordal,train_epoch,train,,46,2.0,0.15371258091926573,,,,,,,,2000,,,,,,,,,,,
fedavg,fedavg,49|374,49|374,2,374,data_2000_3_7.0_chordal,train_epoch,train,,46,3.0,0.14216374748945237,,,,,,,,2000,,,,,,,,,,,
fedavg,fedavg,49|374,49|374,2,374,data_2000_3_7.0_chordal,val_epoch,val,,46,,,0.12128164739906788,0.9579,0.8535000085830688,0.7990453460620525,0.8197295069694519,0.8197295069694519,0.8197295069694519,2000,,,,,,,,,,,
fedavg,fedavg,49|374,49|374,2,374,data_2000_3_7.0_chordal,val_epoch_task,val,cycle2,46,,,,,,,,,,2000,178.0,9.0,1813.0,0.0,0.9518716577540107,1.0,0.9753424525260925,0.9753424525260925,0.9753424525260925,178.0,0.08900000154972076
fedavg,fedavg,49|374,49|374,2,374,data_2000_3_7.0_chordal,val_epoch_task,val,cycle3,46,,,,,,,,,,2000,179.0,32.0,1789.0,0.0,0.8483412322274881,1.0,0.9179487228393555,0.9179487228393555,0.9179487228393555,179.0,0.08950000256299973
fedavg,fedavg,49|374,49|374,2,374,data_2000_3_7.0_chordal,val_epoch_task,val,cycle4,46,,,,,,,,,,2000,169.0,50.0,1780.0,1.0,0.771689497716895,0.9941176470588236,0.8688945770263672,0.8688945770263672,0.8688945770263672,170.0,0.08500000089406967
fedavg,fedavg,49|374,49|374,2,374,data_2000_3_7.0_chordal,val_epoch_task,val,cycle5,46,,,,,,,,,,2000,165.0,88.0,1746.0,1.0,0.6521739130434783,0.9939759036144579,0.7875894904136658,0.7875894904136658,0.7875894904136658,166.0,0.08299999684095383
fedavg,fedavg,49|374,49|374,2,374,data_2000_3_7.0_chordal,val_epoch_task,val,cycle6,46,,,,,,,,,,2000,146.0,239.0,1614.0,1.0,0.37922077922077924,0.9931972789115646,0.548872172832489,0.548872172832489,0.548872172832489,147.0,0.07349999994039536
fedavg,fedavg,49|374,49|374,2,49,data_2000_3_6.5_chordal,global_val_client,val,,46,,,0.14504759418964386,0.9539,0.8454999923706055,0.8055672711935892,0.827495276927948,0.827495276927948,0.827495276927948,2000,,,,,,,,,,,
fedavg,fedavg,49|374,49|374,2,49,data_2000_3_6.5_chordal,global_val_client_task,val,cycle2,46,,,,,,,,,,2000,182.0,7.0,1811.0,0.0,0.9629629629629629,1.0,0.9811320900917053,0.9811320900917053,0.9811320900917053,182.0,0.09099999815225601
fedavg,fedavg,49|374,49|374,2,49,data_2000_3_6.5_chordal,global_val_client_task,val,cycle3,46,,,,,,,,,,2000,193.0,25.0,1782.0,0.0,0.8853211009174312,1.0,0.9391726851463318,0.9391726851463318,0.9391726851463318,193.0,0.09650000184774399
fedavg,fedavg,49|374,49|374,2,49,data_2000_3_6.5_chordal,global_val_client_task,val,cycle4,46,,,,,,,,,,2000,172.0,85.0,1741.0,2.0,0.669260700389105,0.9885057471264368,0.7981438040733337,0.7981438040733337,0.7981438040733337,174.0,0.08699999749660492
fedavg,fedavg,49|374,49|374,2,49,data_2000_3_6.5_chordal,global_val_client_task,val,cycle5,46,,,,,,,,,,2000,194.0,127.0,1679.0,0.0,0.6043613707165109,1.0,0.753398060798645,0.753398060798645,0.753398060798645,194.0,0.09700000286102295
fedavg,fedavg,49|374,49|374,2,49,data_2000_3_6.5_chordal,global_val_client_task,val,cycle6,46,,,,,,,,,,2000,214.0,212.0,1571.0,3.0,0.5023474178403756,0.9861751152073732,0.6656298637390137,0.6656298637390137,0.6656298637390137,217.0,0.10849999636411667
fedavg,fedavg,49|374,49|374,2,374,data_2000_3_7.0_chordal,global_val_client,val,,46,,,0.11778830650448799,0.9615,0.871999979019165,0.8126520681265206,0.8255119323730469,0.8255119323730469,0.8255119323730469,2000,,,,,,,,,,,
fedavg,fedavg,49|374,49|374,2,374,data_2000_3_7.0_chordal,global_val_client_task,val,cycle2,46,,,,,,,,,,2000,178.0,17.0,1805.0,0.0,0.9128205128205128,1.0,0.9544235467910767,0.9544235467910767,0.9544235467910767,178.0,0.08900000154972076
fedavg,fedavg,49|374,49|374,2,374,data_2000_3_7.0_chordal,global_val_client_task,val,cycle3,46,,,,,,,,,,2000,176.0,12.0,1809.0,3.0,0.9361702127659575,0.9832402234636871,0.9591280817985535,0.9591280817985535,0.9591280817985535,179.0,0.08950000256299973
fedavg,fedavg,49|374,49|374,2,374,data_2000_3_7.0_chordal,global_val_client_task,val,cycle4,46,,,,,,,,,,2000,169.0,66.0,1764.0,1.0,0.7191489361702128,0.9941176470588236,0.8345678448677063,0.8345678448677063,0.8345678448677063,170.0,0.08500000089406967
fedavg,fedavg,49|374,49|374,2,374,data_2000_3_7.0_chordal,global_val_client_task,val,cycle5,46,,,,,,,,,,2000,165.0,100.0,1734.0,1.0,0.6226415094339622,0.9939759036144579,0.7656612396240234,0.7656612396240234,0.7656612396240234,166.0,0.08299999684095383
fedavg,fedavg,49|374,49|374,2,374,data_2000_3_7.0_chordal,global_val_client_task,val,cycle6,46,,,,,,,,,,2000,147.0,185.0,1668.0,0.0,0.4427710843373494,1.0,0.6137787103652954,0.6137787103652954,0.6137787103652954,147.0,0.07349999994039536
fedavg,fedavg,49|374,49|374,2,all,all,global_val_mean,val,,46,,,0.13141795034706594,0.9577,0.8587499856948853,0.8091096696600548,0.8265036046504974,0.8265036046504974,0.8265036046504974,4000,,,,,,,,,,,
fedavg,fedavg,49|374,49|374,2,49,data_2000_3_6.5_chordal,train_epoch,train,,47,1.0,0.14332291662693022,,,,,,,,2000,,,,,,,,,,,
fedavg,fedavg,49|374,49|374,2,49,data_2000_3_6.5_chordal,train_epoch,train,,47,2.0,0.1408648162484169,,,,,,,,2000,,,,,,,,,,,
fedavg,fedavg,49|374,49|374,2,49,data_2000_3_6.5_chordal,train_epoch,train,,47,3.0,0.13351606971025468,,,,,,,,2000,,,,,,,,,,,
fedavg,fedavg,49|374,49|374,2,49,data_2000_3_6.5_chordal,val_epoch,val,,47,,,0.20901202416419984,0.9501,0.8379999995231628,0.7886488775942396,0.8071085810661316,0.8071085810661316,0.8071085810661316,2000,,,,,,,,,,,
fedavg,fedavg,49|374,49|374,2,49,data_2000_3_6.5_chordal,val_epoch_task,val,cycle2,47,,,,,,,,,,2000,182.0,21.0,1797.0,0.0,0.896551724137931,1.0,0.9454545378684998,0.9454545378684998,0.9454545378684998,182.0,0.09099999815225601
fedavg,fedavg,49|374,49|374,2,49,data_2000_3_6.5_chordal,val_epoch_task,val,cycle3,47,,,,,,,,,,2000,192.0,20.0,1787.0,1.0,0.9056603773584906,0.9948186528497409,0.9481481313705444,0.9481481313705444,0.9481481313705444,193.0,0.09650000184774399
fedavg,fedavg,49|374,49|374,2,49,data_2000_3_6.5_chordal,val_epoch_task,val,cycle4,47,,,,,,,,,,2000,173.0,124.0,1702.0,1.0,0.5824915824915825,0.9942528735632183,0.7346072196960449,0.7346072196960449,0.7346072196960449,174.0,0.08699999749660492
fedavg,fedavg,49|374,49|374,2,49,data_2000_3_6.5_chordal,val_epoch_task,val,cycle5,47,,,,,,,,,,2000,191.0,115.0,1691.0,3.0,0.6241830065359477,0.9845360824742269,0.7639999985694885,0.7639999985694885,0.7639999985694885,194.0,0.09700000286102295
fedavg,fedavg,49|374,49|374,2,49,data_2000_3_6.5_chordal,val_epoch_task,val,cycle6,47,,,,,,,,,,2000,193.0,190.0,1593.0,24.0,0.5039164490861618,0.8894009216589862,0.6433333158493042,0.6433333158493042,0.6433333158493042,217.0,0.10849999636411667
fedavg,fedavg,49|374,49|374,2,374,data_2000_3_7.0_chordal,train_epoch,train,,47,1.0,0.1517974067926407,,,,,,,,2000,,,,,,,,,,,
fedavg,fedavg,49|374,49|374,2,374,data_2000_3_7.0_chordal,train_epoch,train,,47,2.0,0.1715341408252716,,,,,,,,2000,,,,,,,,,,,
fedavg,fedavg,49|374,49|374,2,374,data_2000_3_7.0_chordal,train_epoch,train,,47,3.0,0.1452780572772026,,,,,,,,2000,,,,,,,,,,,
fedavg,fedavg,49|374,49|374,2,374,data_2000_3_7.0_chordal,val_epoch,val,,47,,,0.14199369541555643,0.966,0.8805000185966492,0.8281092012133467,0.8384906649589539,0.8384906649589539,0.8384906649589539,2000,,,,,,,,,,,
fedavg,fedavg,49|374,49|374,2,374,data_2000_3_7.0_chordal,val_epoch_task,val,cycle2,47,,,,,,,,,,2000,178.0,5.0,1817.0,0.0,0.9726775956284153,1.0,0.9861496090888977,0.9861496090888977,0.9861496090888977,178.0,0.08900000154972076
fedavg,fedavg,49|374,49|374,2,374,data_2000_3_7.0_chordal,val_epoch_task,val,cycle3,47,,,,,,,,,,2000,179.0,18.0,1803.0,0.0,0.9086294416243654,1.0,0.9521276354789734,0.9521276354789734,0.9521276354789734,179.0,0.08950000256299973
fedavg,fedavg,49|374,49|374,2,374,data_2000_3_7.0_chordal,val_epoch_task,val,cycle4,47,,,,,,,,,,2000,168.0,49.0,1781.0,2.0,0.7741935483870968,0.9882352941176471,0.8682170510292053,0.8682170510292053,0.8682170510292053,170.0,0.08500000089406967
fedavg,fedavg,49|374,49|374,2,374,data_2000_3_7.0_chordal,val_epoch_task,val,cycle5,47,,,,,,,,,,2000,165.0,79.0,1755.0,1.0,0.6762295081967213,0.9939759036144579,0.8048781156539917,0.8048781156539917,0.8048781156539917,166.0,0.08299999684095383
fedavg,fedavg,49|374,49|374,2,374,data_2000_3_7.0_chordal,val_epoch_task,val,cycle6,47,,,,,,,,,,2000,129.0,168.0,1685.0,18.0,0.43434343434343436,0.8775510204081632,0.5810810923576355,0.5810810923576355,0.5810810923576355,147.0,0.07349999994039536
fedavg,fedavg,49|374,49|374,2,49,data_2000_3_6.5_chordal,global_val_client,val,,47,,,0.16892492327094077,0.9537,0.8479999899864197,0.8023900981647459,0.8229309320449829,0.8229309320449829,0.8229309320449829,2000,,,,,,,,,,,
fedavg,fedavg,49|374,49|374,2,49,data_2000_3_6.5_chordal,global_val_client_task,val,cycle2,47,,,,,,,,,,2000,182.0,8.0,1810.0,0.0,0.9578947368421052,1.0,0.9784945845603943,0.9784945845603943,0.9784945845603943,182.0,0.09099999815225601
fedavg,fedavg,49|374,49|374,2,49,data_2000_3_6.5_chordal,global_val_client_task,val,cycle3,47,,,,,,,,,,2000,193.0,22.0,1785.0,0.0,0.8976744186046511,1.0,0.9460784196853638,0.9460784196853638,0.9460784196853638,193.0,0.09650000184774399
fedavg,fedavg,49|374,49|374,2,49,data_2000_3_6.5_chordal,global_val_client_task,val,cycle4,47,,,,,,,,,,2000,172.0,100.0,1726.0,2.0,0.6323529411764706,0.9885057471264368,0.7713004350662231,0.7713004350662231,0.7713004350662231,174.0,0.08699999749660492
fedavg,fedavg,49|374,49|374,2,49,data_2000_3_6.5_chordal,global_val_client_task,val,cycle5,47,,,,,,,,,,2000,191.0,115.0,1691.0,3.0,0.6241830065359477,0.9845360824742269,0.7639999985694885,0.7639999985694885,0.7639999985694885,194.0,0.09700000286102295
fedavg,fedavg,49|374,49|374,2,49,data_2000_3_6.5_chordal,global_val_client_task,val,cycle6,47,,,,,,,,,,2000,202.0,198.0,1585.0,15.0,0.505,0.9308755760368663,0.6547811627388,0.6547811627388,0.6547811627388,217.0,0.10849999636411667
fedavg,fedavg,49|374,49|374,2,374,data_2000_3_7.0_chordal,global_val_client,val,,47,,,0.12995200246572494,0.9609,0.8694999814033508,0.8089887640449439,0.8213205337524414,0.8213205337524414,0.8213205337524414,2000,,,,,,,,,,,
fedavg,fedavg,49|374,49|374,2,374,data_2000_3_7.0_chordal,global_val_client_task,val,cycle2,47,,,,,,,,,,2000,178.0,12.0,1810.0,0.0,0.9368421052631579,1.0,0.967391312122345,0.967391312122345,0.967391312122345,178.0,0.08900000154972076
fedavg,fedavg,49|374,49|374,2,374,data_2000_3_7.0_chordal,global_val_client_task,val,cycle3,47,,,,,,,,,,2000,179.0,13.0,1808.0,0.0,0.9322916666666666,1.0,0.9649595618247986,0.9649595618247986,0.9649595618247986,179.0,0.08950000256299973
fedavg,fedavg,49|374,49|374,2,374,data_2000_3_7.0_chordal,global_val_client_task,val,cycle4,47,,,,,,,,,,2000,168.0,80.0,1750.0,2.0,0.6774193548387096,0.9882352941176471,0.8038277626037598,0.8038277626037598,0.8038277626037598,170.0,0.08500000089406967
fedavg,fedavg,49|374,49|374,2,374,data_2000_3_7.0_chordal,global_val_client_task,val,cycle5,47,,,,,,,,,,2000,166.0,93.0,1741.0,0.0,0.640926640926641,1.0,0.7811765074729919,0.7811765074729919,0.7811765074729919,166.0,0.08299999684095383
fedavg,fedavg,49|374,49|374,2,374,data_2000_3_7.0_chordal,global_val_client_task,val,cycle6,47,,,,,,,,,,2000,137.0,181.0,1672.0,10.0,0.4308176100628931,0.9319727891156463,0.5892473459243774,0.5892473459243774,0.5892473459243774,147.0,0.07349999994039536
fedavg,fedavg,49|374,49|374,2,all,all,global_val_mean,val,,47,,,0.14943846286833287,0.9572999999999999,0.8587499856948853,0.8056894311048449,0.8221257328987122,0.8221257328987122,0.8221257328987122,4000,,,,,,,,,,,
fedavg,fedavg,49|374,49|374,2,49,data_2000_3_6.5_chordal,train_epoch,train,,48,1.0,0.1337095343004912,,,,,,,,2000,,,,,,,,,,,
fedavg,fedavg,49|374,49|374,2,49,data_2000_3_6.5_chordal,train_epoch,train,,48,2.0,0.13188463258743285,,,,,,,,2000,,,,,,,,,,,
fedavg,fedavg,49|374,49|374,2,49,data_2000_3_6.5_chordal,train_epoch,train,,48,3.0,0.1546375597268343,,,,,,,,2000,,,,,,,,,,,
fedavg,fedavg,49|374,49|374,2,49,data_2000_3_6.5_chordal,val_epoch,val,,48,,,0.251788933634758,0.9636,0.8709999918937683,0.8302238805970149,0.8443855047225952,0.8443855047225952,0.8443855047225952,2000,,,,,,,,,,,
fedavg,fedavg,49|374,49|374,2,49,data_2000_3_6.5_chordal,val_epoch_task,val,cycle2,48,,,,,,,,,,2000,177.0,10.0,1808.0,5.0,0.946524064171123,0.9725274725274725,0.9593496322631836,0.9593496322631836,0.9593496322631836,182.0,0.09099999815225601
fedavg,fedavg,49|374,49|374,2,49,data_2000_3_6.5_chordal,val_epoch_task,val,cycle3,48,,,,,,,,,,2000,192.0,12.0,1795.0,1.0,0.9411764705882353,0.9948186528497409,0.9672543406486511,0.9672543406486511,0.9672543406486511,193.0,0.09650000184774399
fedavg,fedavg,49|374,49|374,2,49,data_2000_3_6.5_chordal,val_epoch_task,val,cycle4,48,,,,,,,,,,2000,171.0,50.0,1776.0,3.0,0.7737556561085973,0.9827586206896551,0.8658227920532227,0.8658227920532227,0.8658227920532227,174.0,0.08699999749660492
fedavg,fedavg,49|374,49|374,2,49,data_2000_3_6.5_chordal,val_epoch_task,val,cycle5,48,,,,,,,,,,2000,187.0,93.0,1713.0,7.0,0.6678571428571428,0.9639175257731959,0.789029598236084,0.789029598236084,0.789029598236084,194.0,0.09700000286102295
fedavg,fedavg,49|374,49|374,2,49,data_2000_3_6.5_chordal,val_epoch_task,val,cycle6,48,,,,,,,,,,2000,163.0,129.0,1654.0,54.0,0.5582191780821918,0.7511520737327189,0.6404715776443481,0.6404715776443481,0.6404715776443481,217.0,0.10849999636411667
fedavg,fedavg,49|374,49|374,2,374,data_2000_3_7.0_chordal,train_epoch,train,,48,1.0,0.15790841180086135,,,,,,,,2000,,,,,,,,,,,
fedavg,fedavg,49|374,49|374,2,374,data_2000_3_7.0_chordal,train_epoch,train,,48,2.0,0.1545055323243141,,,,,,,,2000,,,,,,,,,,,
fedavg,fedavg,49|374,49|374,2,374,data_2000_3_7.0_chordal,train_epoch,train,,48,3.0,0.15241566669940948,,,,,,,,2000,,,,,,,,,,,
fedavg,fedavg,49|374,49|374,2,374,data_2000_3_7.0_chordal,val_epoch,val,,48,,,0.13838614025712012,0.9493,0.8374999761581421,0.7673244607618174,0.7983050346374512,0.7983050346374512,0.7983050346374512,2000,,,,,,,,,,,
fedavg,fedavg,49|374,49|374,2,374,data_2000_3_7.0_chordal,val_epoch_task,val,cycle2,48,,,,,,,,,,2000,176.0,2.0,1820.0,2.0,0.9887640449438202,0.9887640449438202,0.9887640476226807,0.9887640476226807,0.9887640476226807,178.0,0.08900000154972076
fedavg,fedavg,49|374,49|374,2,374,data_2000_3_7.0_chordal,val_epoch_task,val,cycle3,48,,,,,,,,,,2000,179.0,19.0,1802.0,0.0,0.9040404040404041,1.0,0.9496021270751953,0.9496021270751953,0.9496021270751953,179.0,0.08950000256299973
fedavg,fedavg,49|374,49|374,2,374,data_2000_3_7.0_chordal,val_epoch_task,val,cycle4,48,,,,,,,,,,2000,170.0,79.0,1751.0,0.0,0.6827309236947792,1.0,0.8114558458328247,0.8114558458328247,0.8114558458328247,170.0,0.08500000089406967
fedavg,fedavg,49|374,49|374,2,374,data_2000_3_7.0_chordal,val_epoch_task,val,cycle5,48,,,,,,,,,,2000,165.0,116.0,1718.0,1.0,0.5871886120996441,0.9939759036144579,0.7382550239562988,0.7382550239562988,0.7382550239562988,166.0,0.08299999684095383
fedavg,fedavg,49|374,49|374,2,374,data_2000_3_7.0_chordal,val_epoch_task,val,cycle6,48,,,,,,,,,,2000,146.0,287.0,1566.0,1.0,0.3371824480369515,0.9931972789115646,0.5034483075141907,0.5034483075141907,0.5034483075141907,147.0,0.07349999994039536
fedavg,fedavg,49|374,49|374,2,49,data_2000_3_6.5_chordal,global_val_client,val,,48,,,0.15950842106342317,0.9546,0.8495000004768372,0.8064791133844843,0.8276769518852234,0.8276769518852234,0.8276769518852234,2000,,,,,,,,,,,
fedavg,fedavg,49|374,49|374,2,49,data_2000_3_6.5_chordal,global_val_client_task,val,cycle2,48,,,,,,,,,,2000,180.0,6.0,1812.0,2.0,0.967741935483871,0.989010989010989,0.9782608151435852,0.9782608151435852,0.9782608151435852,182.0,0.09099999815225601
fedavg,fedavg,49|374,49|374,2,49,data_2000_3_6.5_chordal,global_val_client_task,val,cycle3,48,,,,,,,,,,2000,193.0,29.0,1778.0,0.0,0.8693693693693694,1.0,0.9301204681396484,0.9301204681396484,0.9301204681396484,193.0,0.09650000184774399
fedavg,fedavg,49|374,49|374,2,49,data_2000_3_6.5_chordal,global_val_client_task,val,cycle4,48,,,,,,,,,,2000,172.0,71.0,1755.0,2.0,0.7078189300411523,0.9885057471264368,0.8249400854110718,0.8249400854110718,0.8249400854110718,174.0,0.08699999749660492
fedavg,fedavg,49|374,49|374,2,49,data_2000_3_6.5_chordal,global_val_client_task,val,cycle5,48,,,,,,,,,,2000,194.0,139.0,1667.0,0.0,0.5825825825825826,1.0,0.7362428903579712,0.7362428903579712,0.7362428903579712,194.0,0.09700000286102295
fedavg,fedavg,49|374,49|374,2,49,data_2000_3_6.5_chordal,global_val_client_task,val,cycle6,48,,,,,,,,,,2000,207.0,195.0,1588.0,10.0,0.5149253731343284,0.9539170506912442,0.6688206791877747,0.6688206791877747,0.6688206791877747,217.0,0.10849999636411667
fedavg,fedavg,49|374,49|374,2,374,data_2000_3_7.0_chordal,global_val_client,val,,48,,,0.12678031235933304,0.9587,0.862500011920929,0.8003866602223297,0.8153047561645508,0.8153047561645508,0.8153047561645508,2000,,,,,,,,,,,
fedavg,fedavg,49|374,49|374,2,374,data_2000_3_7.0_chordal,global_val_client_task,val,cycle2,48,,,,,,,,,,2000,177.0,7.0,1815.0,1.0,0.9619565217391305,0.9943820224719101,0.9779005646705627,0.9779005646705627,0.9779005646705627,178.0,0.08900000154972076
fedavg,fedavg,49|374,49|374,2,374,data_2000_3_7.0_chordal,global_val_client_task,val,cycle3,48,,,,,,,,,,2000,179.0,15.0,1806.0,0.0,0.9226804123711341,1.0,0.9597855806350708,0.9597855806350708,0.9597855806350708,179.0,0.08950000256299973
fedavg,fedavg,49|374,49|374,2,374,data_2000_3_7.0_chordal,global_val_client_task,val,cycle4,48,,,,,,,,,,2000,169.0,72.0,1758.0,1.0,0.7012448132780082,0.9941176470588236,0.8223844170570374,0.8223844170570374,0.8223844170570374,170.0,0.08500000089406967
fedavg,fedavg,49|374,49|374,2,374,data_2000_3_7.0_chordal,global_val_client_task,val,cycle5,48,,,,,,,,,,2000,165.0,120.0,1714.0,1.0,0.5789473684210527,0.9939759036144579,0.7317073345184326,0.7317073345184326,0.7317073345184326,166.0,0.08299999684095383
fedavg,fedavg,49|374,49|374,2,374,data_2000_3_7.0_chordal,global_val_client_task,val,cycle6,48,,,,,,,,,,2000,138.0,187.0,1666.0,9.0,0.4246153846153846,0.9387755102040817,0.5847457647323608,0.5847457647323608,0.5847457647323608,147.0,0.07349999994039536
fedavg,fedavg,49|374,49|374,2,all,all,global_val_mean,val,,48,,,0.1431443667113781,0.9566500000000001,0.8560000061988831,0.803432886803407,0.8214908540248871,0.8214908540248871,0.8214908540248871,4000,,,,,,,,,,,
fedavg,fedavg,49|374,49|374,2,49,data_2000_3_6.5_chordal,train_epoch,train,,49,1.0,0.15132966344058513,,,,,,,,2000,,,,,,,,,,,
fedavg,fedavg,49|374,49|374,2,49,data_2000_3_6.5_chordal,train_epoch,train,,49,2.0,0.12641669070720674,,,,,,,,2000,,,,,,,,,,,
fedavg,fedavg,49|374,49|374,2,49,data_2000_3_6.5_chordal,train_epoch,train,,49,3.0,0.12909320995956658,,,,,,,,2000,,,,,,,,,,,
fedavg,fedavg,49|374,49|374,2,49,data_2000_3_6.5_chordal,val_epoch,val,,49,,,0.20002651288360357,0.9501,0.8370000123977661,0.7891846218842417,0.8014246225357056,0.8014246225357056,0.8014246225357056,2000,,,,,,,,,,,
fedavg,fedavg,49|374,49|374,2,49,data_2000_3_6.5_chordal,val_epoch_task,val,cycle2,49,,,,,,,,,,2000,182.0,45.0,1773.0,0.0,0.801762114537445,1.0,0.8899755477905273,0.8899755477905273,0.8899755477905273,182.0,0.09099999815225601
fedavg,fedavg,49|374,49|374,2,49,data_2000_3_6.5_chordal,val_epoch_task,val,cycle3,49,,,,,,,,,,2000,193.0,38.0,1769.0,0.0,0.8354978354978355,1.0,0.9103773832321167,0.9103773832321167,0.9103773832321167,193.0,0.09650000184774399
fedavg,fedavg,49|374,49|374,2,49,data_2000_3_6.5_chordal,val_epoch_task,val,cycle4,49,,,,,,,,,,2000,171.0,87.0,1739.0,3.0,0.6627906976744186,0.9827586206896551,0.7916667461395264,0.7916667461395264,0.7916667461395264,174.0,0.08699999749660492
fedavg,fedavg,49|374,49|374,2,49,data_2000_3_6.5_chordal,val_epoch_task,val,cycle5,49,,,,,,,,,,2000,192.0,124.0,1682.0,2.0,0.6075949367088608,0.9896907216494846,0.7529411911964417,0.7529411911964417,0.7529411911964417,194.0,0.09700000286102295
fedavg,fedavg,49|374,49|374,2,49,data_2000_3_6.5_chordal,val_epoch_task,val,cycle6,49,,,,,,,,,,2000,196.0,179.0,1604.0,21.0,0.5226666666666666,0.9032258064516129,0.662162184715271,0.662162184715271,0.662162184715271,217.0,0.10849999636411667
fedavg,fedavg,49|374,49|374,2,374,data_2000_3_7.0_chordal,train_epoch,train,,49,1.0,0.14815564715862276,,,,,,,,2000,,,,,,,,,,,
fedavg,fedavg,49|374,49|374,2,374,data_2000_3_7.0_chordal,train_epoch,train,,49,2.0,0.14332826447486877,,,,,,,,2000,,,,,,,,,,,
fedavg,fedavg,49|374,49|374,2,374,data_2000_3_7.0_chordal,train_epoch,train,,49,3.0,0.153604692324996,,,,,,,,2000,,,,,,,,,,,
fedavg,fedavg,49|374,49|374,2,374,data_2000_3_7.0_chordal,val_epoch,val,,49,,,0.11429139989614487,0.9614,0.8684999942779541,0.8124392614188533,0.8300787210464478,0.8300787210464478,0.8300787210464478,2000,,,,,,,,,,,
fedavg,fedavg,49|374,49|374,2,374,data_2000_3_7.0_chordal,val_epoch_task,val,cycle2,49,,,,,,,,,,2000,178.0,7.0,1815.0,0.0,0.9621621621621622,1.0,0.9807162284851074,0.9807162284851074,0.9807162284851074,178.0,0.08900000154972076
fedavg,fedavg,49|374,49|374,2,374,data_2000_3_7.0_chordal,val_epoch_task,val,cycle3,49,,,,,,,,,,2000,179.0,22.0,1799.0,0.0,0.8905472636815921,1.0,0.9421052932739258,0.9421052932739258,0.9421052932739258,179.0,0.08950000256299973
fedavg,fedavg,49|374,49|374,2,374,data_2000_3_7.0_chordal,val_epoch_task,val,cycle4,49,,,,,,,,,,2000,168.0,44.0,1786.0,2.0,0.7924528301886793,0.9882352941176471,0.8795811533927917,0.8795811533927917,0.8795811533927917,170.0,0.08500000089406967
fedavg,fedavg,49|374,49|374,2,374,data_2000_3_7.0_chordal,val_epoch_task,val,cycle5,49,,,,,,,,,,2000,166.0,99.0,1735.0,0.0,0.6264150943396226,1.0,0.7703016400337219,0.7703016400337219,0.7703016400337219,166.0,0.08299999684095383
fedavg,fedavg,49|374,49|374,2,374,data_2000_3_7.0_chordal,val_epoch_task,val,cycle6,49,,,,,,,,,,2000,145.0,210.0,1643.0,2.0,0.4084507042253521,0.9863945578231292,0.5776892304420471,0.5776892304420471,0.5776892304420471,147.0,0.07349999994039536
fedavg,fedavg,49|374,49|374,2,49,data_2000_3_6.5_chordal,global_val_client,val,,49,,,0.15686945807933808,0.955,0.8510000109672546,0.8078565328778822,0.8281423449516296,0.8281423449516296,0.8281423449516296,2000,,,,,,,,,,,
fedavg,fedavg,49|374,49|374,2,49,data_2000_3_6.5_chordal,global_val_client_task,val,cycle2,49,,,,,,,,,,2000,182.0,4.0,1814.0,0.0,0.978494623655914,1.0,0.989130437374115,0.989130437374115,0.989130437374115,182.0,0.09099999815225601
fedavg,fedavg,49|374,49|374,2,49,data_2000_3_6.5_chordal,global_val_client_task,val,cycle3,49,,,,,,,,,,2000,193.0,40.0,1767.0,0.0,0.8283261802575107,1.0,0.906103253364563,0.906103253364563,0.906103253364563,193.0,0.09650000184774399
fedavg,fedavg,49|374,49|374,2,49,data_2000_3_6.5_chordal,global_val_client_task,val,cycle4,49,,,,,,,,,,2000,172.0,69.0,1757.0,2.0,0.7136929460580913,0.9885057471264368,0.8289156556129456,0.8289156556129456,0.8289156556129456,174.0,0.08699999749660492
fedavg,fedavg,49|374,49|374,2,49,data_2000_3_6.5_chordal,global_val_client_task,val,cycle5,49,,,,,,,,,,2000,193.0,127.0,1679.0,1.0,0.603125,0.9948453608247423,0.7509727478027344,0.7509727478027344,0.7509727478027344,194.0,0.09700000286102295
fedavg,fedavg,49|374,49|374,2,49,data_2000_3_6.5_chordal,global_val_client_task,val,cycle6,49,,,,,,,,,,2000,206.0,196.0,1587.0,11.0,0.5124378109452736,0.9493087557603687,0.6655896306037903,0.6655896306037903,0.6655896306037903,217.0,0.10849999636411667
fedavg,fedavg,49|374,49|374,2,374,data_2000_3_7.0_chordal,global_val_client,val,,49,,,0.12295289859175682,0.9629,0.8715000152587891,0.8164275111331024,0.8261510133743286,0.8261510133743286,0.8261510133743286,2000,,,,,,,,,,,
fedavg,fedavg,49|374,49|374,2,374,data_2000_3_7.0_chordal,global_val_client_task,val,cycle2,49,,,,,,,,,,2000,178.0,11.0,1811.0,0.0,0.9417989417989417,1.0,0.9700272679328918,0.9700272679328918,0.9700272679328918,178.0,0.08900000154972076
fedavg,fedavg,49|374,49|374,2,374,data_2000_3_7.0_chordal,global_val_client_task,val,cycle3,49,,,,,,,,,,2000,179.0,30.0,1791.0,0.0,0.8564593301435407,1.0,0.9226803779602051,0.9226803779602051,0.9226803779602051,179.0,0.08950000256299973
fedavg,fedavg,49|374,49|374,2,374,data_2000_3_7.0_chordal,global_val_client_task,val,cycle4,49,,,,,,,,,,2000,168.0,46.0,1784.0,2.0,0.7850467289719626,0.9882352941176471,0.875,0.875,0.875,170.0,0.08500000089406967
fedavg,fedavg,49|374,49|374,2,374,data_2000_3_7.0_chordal,global_val_client_task,val,cycle5,49,,,,,,,,,,2000,165.0,103.0,1731.0,1.0,0.6156716417910447,0.9939759036144579,0.7603686451911926,0.7603686451911926,0.7603686451911926,166.0,0.08299999684095383
fedavg,fedavg,49|374,49|374,2,374,data_2000_3_7.0_chordal,global_val_client_task,val,cycle6,49,,,,,,,,,,2000,135.0,166.0,1687.0,12.0,0.4485049833887043,0.9183673469387755,0.6026785969734192,0.6026785969734192,0.6026785969734192,147.0,0.07349999994039536
fedavg,fedavg,49|374,49|374,2,all,all,global_val_mean,val,,49,,,0.13991117833554745,0.9589500000000001,0.8612500131130219,0.8121420220054922,0.8271466791629791,0.8271466791629791,0.8271466791629791,4000,,,,,,,,,,,
fedavg,fedavg,49|374,49|374,2,49,data_2000_3_6.5_chordal,train_epoch,train,,50,1.0,0.13021061580255627,,,,,,,,2000,,,,,,,,,,,
fedavg,fedavg,49|374,49|374,2,49,data_2000_3_6.5_chordal,train_epoch,train,,50,2.0,0.15376214402914049,,,,,,,,2000,,,,,,,,,,,
fedavg,fedavg,49|374,49|374,2,49,data_2000_3_6.5_chordal,train_epoch,train,,50,3.0,0.1585860080718994,,,,,,,,2000,,,,,,,,,,,
fedavg,fedavg,49|374,49|374,2,49,data_2000_3_6.5_chordal,val_epoch,val,,50,,,0.1749924866259098,0.9558,0.847000002861023,0.8096468561584842,0.831957221031189,0.831957221031189,0.831957221031189,2000,,,,,,,,,,,
fedavg,fedavg,49|374,49|374,2,49,data_2000_3_6.5_chordal,val_epoch_task,val,cycle2,50,,,,,,,,,,2000,182.0,14.0,1804.0,0.0,0.9285714285714286,1.0,0.9629629254341125,0.9629629254341125,0.9629629254341125,182.0,0.09099999815225601
fedavg,fedavg,49|374,49|374,2,49,data_2000_3_6.5_chordal,val_epoch_task,val,cycle3,50,,,,,,,,,,2000,191.0,25.0,1782.0,2.0,0.8842592592592593,0.9896373056994818,0.9339853525161743,0.9339853525161743,0.9339853525161743,193.0,0.09650000184774399
fedavg,fedavg,49|374,49|374,2,49,data_2000_3_6.5_chordal,val_epoch_task,val,cycle4,50,,,,,,,,,,2000,171.0,55.0,1771.0,3.0,0.7566371681415929,0.9827586206896551,0.8550000190734863,0.8550000190734863,0.8550000190734863,174.0,0.08699999749660492
fedavg,fedavg,49|374,49|374,2,49,data_2000_3_6.5_chordal,val_epoch_task,val,cycle5,50,,,,,,,,,,2000,193.0,120.0,1686.0,1.0,0.6166134185303515,0.9948453608247423,0.7613412737846375,0.7613412737846375,0.7613412737846375,194.0,0.09700000286102295
fedavg,fedavg,49|374,49|374,2,49,data_2000_3_6.5_chordal,val_epoch_task,val,cycle6,50,,,,,,,,,,2000,203.0,208.0,1575.0,14.0,0.49391727493917276,0.9354838709677419,0.6464968323707581,0.6464968323707581,0.6464968323707581,217.0,0.10849999636411667
fedavg,fedavg,49|374,49|374,2,374,data_2000_3_7.0_chordal,train_epoch,train,,50,1.0,0.1698607199192047,,,,,,,,2000,,,,,,,,,,,
fedavg,fedavg,49|374,49|374,2,374,data_2000_3_7.0_chordal,train_epoch,train,,50,2.0,0.15409993490576743,,,,,,,,2000,,,,,,,,,,,
fedavg,fedavg,49|374,49|374,2,374,data_2000_3_7.0_chordal,train_epoch,train,,50,3.0,0.15151366859674453,,,,,,,,2000,,,,,,,,,,,
fedavg,fedavg,49|374,49|374,2,374,data_2000_3_7.0_chordal,val_epoch,val,,50,,,0.1279185760617256,0.9584,0.8565000295639038,0.8007662835249042,0.8158493041992188,0.8158493041992188,0.8158493041992188,2000,,,,,,,,,,,
fedavg,fedavg,49|374,49|374,2,374,data_2000_3_7.0_chordal,val_epoch_task,val,cycle2,50,,,,,,,,,,2000,178.0,15.0,1807.0,0.0,0.9222797927461139,1.0,0.9595686793327332,0.9595686793327332,0.9595686793327332,178.0,0.08900000154972076
fedavg,fedavg,49|374,49|374,2,374,data_2000_3_7.0_chordal,val_epoch_task,val,cycle3,50,,,,,,,,,,2000,179.0,36.0,1785.0,0.0,0.8325581395348837,1.0,0.9086294770240784,0.9086294770240784,0.9086294770240784,179.0,0.08950000256299973
fedavg,fedavg,49|374,49|374,2,374,data_2000_3_7.0_chordal,val_epoch_task,val,cycle4,50,,,,,,,,,,2000,168.0,61.0,1769.0,2.0,0.7336244541484717,0.9882352941176471,0.8421053290367126,0.8421053290367126,0.8421053290367126,170.0,0.08500000089406967
fedavg,fedavg,49|374,49|374,2,374,data_2000_3_7.0_chordal,val_epoch_task,val,cycle5,50,,,,,,,,,,2000,166.0,84.0,1750.0,0.0,0.664,1.0,0.798076868057251,0.798076868057251,0.798076868057251,166.0,0.08299999684095383
fedavg,fedavg,49|374,49|374,2,374,data_2000_3_7.0_chordal,val_epoch_task,val,cycle6,50,,,,,,,,,,2000,145.0,216.0,1637.0,2.0,0.40166204986149584,0.9863945578231292,0.5708661079406738,0.5708661079406738,0.5708661079406738,147.0,0.07349999994039536
fedavg,fedavg,49|374,49|374,2,49,data_2000_3_6.5_chordal,global_val_client,val,,50,,,0.14480448657274247,0.9552,0.8495000004768372,0.8103302286198137,0.8300153613090515,0.8300153613090515,0.8300153613090515,2000,,,,,,,,,,,
fedavg,fedavg,49|374,49|374,2,49,data_2000_3_6.5_chordal,global_val_client_task,val,cycle2,50,,,,,,,,,,2000,182.0,11.0,1807.0,0.0,0.9430051813471503,1.0,0.9706667065620422,0.9706667065620422,0.9706667065620422,182.0,0.09099999815225601
fedavg,fedavg,49|374,49|374,2,49,data_2000_3_6.5_chordal,global_val_client_task,val,cycle3,50,,,,,,,,,,2000,193.0,41.0,1766.0,0.0,0.8247863247863247,1.0,0.9039812684059143,0.9039812684059143,0.9039812684059143,193.0,0.09650000184774399
fedavg,fedavg,49|374,49|374,2,49,data_2000_3_6.5_chordal,global_val_client_task,val,cycle4,50,,,,,,,,,,2000,174.0,64.0,1762.0,0.0,0.7310924369747899,1.0,0.844660222530365,0.844660222530365,0.844660222530365,174.0,0.08699999749660492
fedavg,fedavg,49|374,49|374,2,49,data_2000_3_6.5_chordal,global_val_client_task,val,cycle5,50,,,,,,,,,,2000,194.0,124.0,1682.0,0.0,0.610062893081761,1.0,0.7578125596046448,0.7578125596046448,0.7578125596046448,194.0,0.09700000286102295
fedavg,fedavg,49|374,49|374,2,49,data_2000_3_6.5_chordal,global_val_client_task,val,cycle6,50,,,,,,,,,,2000,214.0,205.0,1578.0,3.0,0.5107398568019093,0.9861751152073732,0.6729559302330017,0.6729559302330017,0.6729559302330017,217.0,0.10849999636411667
fedavg,fedavg,49|374,49|374,2,374,data_2000_3_7.0_chordal,global_val_client,val,,50,,,0.11382079783082008,0.9619,0.8659999966621399,0.8144179249878227,0.8262184262275696,0.8262184262275696,0.8262184262275696,2000,,,,,,,,,,,
fedavg,fedavg,49|374,49|374,2,374,data_2000_3_7.0_chordal,global_val_client_task,val,cycle2,50,,,,,,,,,,2000,178.0,10.0,1812.0,0.0,0.9468085106382979,1.0,0.9726775884628296,0.9726775884628296,0.9726775884628296,178.0,0.08900000154972076
fedavg,fedavg,49|374,49|374,2,374,data_2000_3_7.0_chordal,global_val_client_task,val,cycle3,50,,,,,,,,,,2000,179.0,28.0,1793.0,0.0,0.8647342995169082,1.0,0.9274611473083496,0.9274611473083496,0.9274611473083496,179.0,0.08950000256299973
fedavg,fedavg,49|374,49|374,2,374,data_2000_3_7.0_chordal,global_val_client_task,val,cycle4,50,,,,,,,,,,2000,169.0,62.0,1768.0,1.0,0.7316017316017316,0.9941176470588236,0.8428927063941956,0.8428927063941956,0.8428927063941956,170.0,0.08500000089406967
fedavg,fedavg,49|374,49|374,2,374,data_2000_3_7.0_chordal,global_val_client_task,val,cycle5,50,,,,,,,,,,2000,166.0,92.0,1742.0,0.0,0.6434108527131783,1.0,0.7830188274383545,0.7830188274383545,0.7830188274383545,166.0,0.08299999684095383
fedavg,fedavg,49|374,49|374,2,374,data_2000_3_7.0_chordal,global_val_client_task,val,cycle6,50,,,,,,,,,,2000,144.0,185.0,1668.0,3.0,0.4376899696048632,0.9795918367346939,0.6050419807434082,0.6050419807434082,0.6050419807434082,147.0,0.07349999994039536
fedavg,fedavg,49|374,49|374,2,all,all,global_val_mean,val,,50,,,0.12931264220178126,0.9585499999999999,0.8577499985694885,0.8123740768038183,0.8281168937683105,0.8281168937683105,0.8281168937683105,4000,,,,,,,,,,,
fedavg,fedavg,49|374,49|374,2,49,data_2000_3_6.5_chordal,train_epoch,train,,51,1.0,0.13767788499593736,,,,,,,,2000,,,,,,,,,,,
fedavg,fedavg,49|374,49|374,2,49,data_2000_3_6.5_chordal,train_epoch,train,,51,2.0,0.14890111419558524,,,,,,,,2000,,,,,,,,,,,
fedavg,fedavg,49|374,49|374,2,49,data_2000_3_6.5_chordal,train_epoch,train,,51,3.0,0.14477212883532048,,,,,,,,2000,,,,,,,,,,,
fedavg,fedavg,49|374,49|374,2,49,data_2000_3_6.5_chordal,val_epoch,val,,51,,,0.1745803711414337,0.9465,0.8255000114440918,0.7799259563965447,0.8053363561630249,0.8053363561630249,0.8053363561630249,2000,,,,,,,,,,,
fedavg,fedavg,49|374,49|374,2,49,data_2000_3_6.5_chordal,val_epoch_task,val,cycle2,51,,,,,,,,,,2000,182.0,7.0,1811.0,0.0,0.9629629629629629,1.0,0.9811320900917053,0.9811320900917053,0.9811320900917053,182.0,0.09099999815225601
fedavg,fedavg,49|374,49|374,2,49,data_2000_3_6.5_chordal,val_epoch_task,val,cycle3,51,,,,,,,,,,2000,193.0,34.0,1773.0,0.0,0.8502202643171806,1.0,0.9190476536750793,0.9190476536750793,0.9190476536750793,193.0,0.09650000184774399
fedavg,fedavg,49|374,49|374,2,49,data_2000_3_6.5_chordal,val_epoch_task,val,cycle4,51,,,,,,,,,,2000,171.0,84.0,1742.0,3.0,0.6705882352941176,0.9827586206896551,0.7972028255462646,0.7972028255462646,0.7972028255462646,174.0,0.08699999749660492
fedavg,fedavg,49|374,49|374,2,49,data_2000_3_6.5_chordal,val_epoch_task,val,cycle5,51,,,,,,,,,,2000,193.0,183.0,1623.0,1.0,0.5132978723404256,0.9948453608247423,0.6771929860115051,0.6771929860115051,0.6771929860115051,194.0,0.09700000286102295
fedavg,fedavg,49|374,49|374,2,49,data_2000_3_6.5_chordal,val_epoch_task,val,cycle6,51,,,,,,,,,,2000,209.0,215.0,1568.0,8.0,0.49292452830188677,0.9631336405529954,0.6521061062812805,0.6521061062812805,0.6521061062812805,217.0,0.10849999636411667
fedavg,fedavg,49|374,49|374,2,374,data_2000_3_7.0_chordal,train_epoch,train,,51,1.0,0.17280778217315673,,,,,,,,2000,,,,,,,,,,,
fedavg,fedavg,49|374,49|374,2,374,data_2000_3_7.0_chordal,train_epoch,train,,51,2.0,0.1297098130583763,,,,,,,,2000,,,,,,,,,,,
fedavg,fedavg,49|374,49|374,2,374,data_2000_3_7.0_chordal,train_epoch,train,,51,3.0,0.14989983403682708,,,,,,,,2000,,,,,,,,,,,
fedavg,fedavg,49|374,49|374,2,374,data_2000_3_7.0_chordal,val_epoch,val,,51,,,0.12759353148937225,0.9621,0.8700000047683716,0.8139420716740304,0.8251204490661621,0.8251204490661621,0.8251204490661621,2000,,,,,,,,,,,
fedavg,fedavg,49|374,49|374,2,374,data_2000_3_7.0_chordal,val_epoch_task,val,cycle2,51,,,,,,,,,,2000,178.0,9.0,1813.0,0.0,0.9518716577540107,1.0,0.9753424525260925,0.9753424525260925,0.9753424525260925,178.0,0.08900000154972076
fedavg,fedavg,49|374,49|374,2,374,data_2000_3_7.0_chordal,val_epoch_task,val,cycle3,51,,,,,,,,,,2000,179.0,15.0,1806.0,0.0,0.9226804123711341,1.0,0.9597855806350708,0.9597855806350708,0.9597855806350708,179.0,0.08950000256299973
fedavg,fedavg,49|374,49|374,2,374,data_2000_3_7.0_chordal,val_epoch_task,val,cycle4,51,,,,,,,,,,2000,168.0,76.0,1754.0,2.0,0.6885245901639344,0.9882352941176471,0.8115941882133484,0.8115941882133484,0.8115941882133484,170.0,0.08500000089406967
fedavg,fedavg,49|374,49|374,2,374,data_2000_3_7.0_chordal,val_epoch_task,val,cycle5,51,,,,,,,,,,2000,165.0,98.0,1736.0,1.0,0.6273764258555133,0.9939759036144579,0.7692307233810425,0.7692307233810425,0.7692307233810425,166.0,0.08299999684095383
fedavg,fedavg,49|374,49|374,2,374,data_2000_3_7.0_chordal,val_epoch_task,val,cycle6,51,,,,,,,,,,2000,139.0,170.0,1683.0,8.0,0.44983818770226536,0.9455782312925171,0.609649121761322,0.609649121761322,0.609649121761322,147.0,0.07349999994039536
fedavg,fedavg,49|374,49|374,2,49,data_2000_3_6.5_chordal,global_val_client,val,,51,,,0.16034323516488075,0.9507,0.8360000252723694,0.7938101212881641,0.8146543502807617,0.8146543502807617,0.8146543502807617,2000,,,,,,,,,,,
fedavg,fedavg,49|374,49|374,2,49,data_2000_3_6.5_chordal,global_val_client_task,val,cycle2,51,,,,,,,,,,2000,182.0,3.0,1815.0,0.0,0.9837837837837838,1.0,0.9918256402015686,0.9918256402015686,0.9918256402015686,182.0,0.09099999815225601
fedavg,fedavg,49|374,49|374,2,49,data_2000_3_6.5_chordal,global_val_client_task,val,cycle3,51,,,,,,,,,,2000,193.0,37.0,1770.0,0.0,0.8391304347826087,1.0,0.9125295877456665,0.9125295877456665,0.9125295877456665,193.0,0.09650000184774399
fedavg,fedavg,49|374,49|374,2,49,data_2000_3_6.5_chordal,global_val_client_task,val,cycle4,51,,,,,,,,,,2000,174.0,97.0,1729.0,0.0,0.6420664206642066,1.0,0.7820224165916443,0.7820224165916443,0.7820224165916443,174.0,0.08699999749660492
fedavg,fedavg,49|374,49|374,2,49,data_2000_3_6.5_chordal,global_val_client_task,val,cycle5,51,,,,,,,,,,2000,192.0,152.0,1654.0,2.0,0.5581395348837209,0.9896907216494846,0.7137546539306641,0.7137546539306641,0.7137546539306641,194.0,0.09700000286102295
fedavg,fedavg,49|374,49|374,2,49,data_2000_3_6.5_chordal,global_val_client_task,val,cycle6,51,,,,,,,,,,2000,208.0,193.0,1590.0,9.0,0.5187032418952618,0.9585253456221198,0.6731391549110413,0.6731391549110413,0.6731391549110413,217.0,0.10849999636411667
fedavg,fedavg,49|374,49|374,2,374,data_2000_3_7.0_chordal,global_val_client,val,,51,,,0.13484088683128356,0.9565,0.8569999933242798,0.7927584564078131,0.8061217069625854,0.8061217069625854,0.8061217069625854,2000,,,,,,,,,,,
fedavg,fedavg,49|374,49|374,2,374,data_2000_3_7.0_chordal,global_val_client_task,val,cycle2,51,,,,,,,,,,2000,178.0,9.0,1813.0,0.0,0.9518716577540107,1.0,0.9753424525260925,0.9753424525260925,0.9753424525260925,178.0,0.08900000154972076
fedavg,fedavg,49|374,49|374,2,374,data_2000_3_7.0_chordal,global_val_client_task,val,cycle3,51,,,,,,,,,,2000,179.0,25.0,1796.0,0.0,0.8774509803921569,1.0,0.9347258806228638,0.9347258806228638,0.9347258806228638,179.0,0.08950000256299973
fedavg,fedavg,49|374,49|374,2,374,data_2000_3_7.0_chordal,global_val_client_task,val,cycle4,51,,,,,,,,,,2000,170.0,84.0,1746.0,0.0,0.6692913385826772,1.0,0.801886796951294,0.801886796951294,0.801886796951294,170.0,0.08500000089406967
fedavg,fedavg,49|374,49|374,2,374,data_2000_3_7.0_chordal,global_val_client_task,val,cycle5,51,,,,,,,,,,2000,166.0,123.0,1711.0,0.0,0.5743944636678201,1.0,0.7296703457832336,0.7296703457832336,0.7296703457832336,166.0,0.08299999684095383
fedavg,fedavg,49|374,49|374,2,374,data_2000_3_7.0_chordal,global_val_client_task,val,cycle6,51,,,,,,,,,,2000,139.0,186.0,1667.0,8.0,0.4276923076923077,0.9455782312925171,0.5889830589294434,0.5889830589294434,0.5889830589294434,147.0,0.07349999994039536
fedavg,fedavg,49|374,49|374,2,all,all,global_val_mean,val,,51,,,0.14759206099808217,0.9536,0.8465000092983246,0.7932842888479886,0.8103880286216736,0.8103880286216736,0.8103880286216736,4000,,,,,,,,,,,
fedavg,fedavg,49|374,49|374,2,49,data_2000_3_6.5_chordal,train_epoch,train,,52,1.0,0.1609142004745081,,,,,,,,2000,,,,,,,,,,,
fedavg,fedavg,49|374,49|374,2,49,data_2000_3_6.5_chordal,train_epoch,train,,52,2.0,0.14129621613025664,,,,,,,,2000,,,,,,,,,,,
fedavg,fedavg,49|374,49|374,2,49,data_2000_3_6.5_chordal,train_epoch,train,,52,3.0,0.13128049594163896,,,,,,,,2000,,,,,,,,,,,
fedavg,fedavg,49|374,49|374,2,49,data_2000_3_6.5_chordal,val_epoch,val,,52,,,0.1583053292632103,0.9494,0.8195000290870667,0.7903893951946976,0.8178132176399231,0.8178132176399231,0.8178132176399231,2000,,,,,,,,,,,
fedavg,fedavg,49|374,49|374,2,49,data_2000_3_6.5_chordal,val_epoch_task,val,cycle2,52,,,,,,,,,,2000,182.0,8.0,1810.0,0.0,0.9578947368421052,1.0,0.9784945845603943,0.9784945845603943,0.9784945845603943,182.0,0.09099999815225601
fedavg,fedavg,49|374,49|374,2,49,data_2000_3_6.5_chordal,val_epoch_task,val,cycle3,52,,,,,,,,,,2000,192.0,15.0,1792.0,1.0,0.927536231884058,0.9948186528497409,0.9599999785423279,0.9599999785423279,0.9599999785423279,193.0,0.09650000184774399
fedavg,fedavg,49|374,49|374,2,49,data_2000_3_6.5_chordal,val_epoch_task,val,cycle4,52,,,,,,,,,,2000,174.0,88.0,1738.0,0.0,0.6641221374045801,1.0,0.7981652021408081,0.7981652021408081,0.7981652021408081,174.0,0.08699999749660492
fedavg,fedavg,49|374,49|374,2,49,data_2000_3_6.5_chordal,val_epoch_task,val,cycle5,52,,,,,,,,,,2000,194.0,160.0,1646.0,0.0,0.5480225988700564,1.0,0.7080292105674744,0.7080292105674744,0.7080292105674744,194.0,0.09700000286102295
fedavg,fedavg,49|374,49|374,2,49,data_2000_3_6.5_chordal,val_epoch_task,val,cycle6,52,,,,,,,,,,2000,212.0,229.0,1554.0,5.0,0.48072562358276644,0.9769585253456221,0.6443768739700317,0.6443768739700317,0.6443768739700317,217.0,0.10849999636411667
fedavg,fedavg,49|374,49|374,2,374,data_2000_3_7.0_chordal,train_epoch,train,,52,1.0,0.1563618660569191,,,,,,,,2000,,,,,,,,,,,
fedavg,fedavg,49|374,49|374,2,374,data_2000_3_7.0_chordal,train_epoch,train,,52,2.0,0.13965339723229409,,,,,,,,2000,,,,,,,,,,,
fedavg,fedavg,49|374,49|374,2,374,data_2000_3_7.0_chordal,train_epoch,train,,52,3.0,0.11494654761254787,,,,,,,,2000,,,,,,,,,,,
fedavg,fedavg,49|374,49|374,2,374,data_2000_3_7.0_chordal,val_epoch,val,,52,,,0.12718699026107788,0.9658,0.8730000257492065,0.8276209677419356,0.8392311334609985,0.8392311334609985,0.8392311334609985,2000,,,,,,,,,,,
fedavg,fedavg,49|374,49|374,2,374,data_2000_3_7.0_chordal,val_epoch_task,val,cycle2,52,,,,,,,,,,2000,178.0,5.0,1817.0,0.0,0.9726775956284153,1.0,0.9861496090888977,0.9861496090888977,0.9861496090888977,178.0,0.08900000154972076
fedavg,fedavg,49|374,49|374,2,374,data_2000_3_7.0_chordal,val_epoch_task,val,cycle3,52,,,,,,,,,,2000,179.0,14.0,1807.0,0.0,0.927461139896373,1.0,0.9623655676841736,0.9623655676841736,0.9623655676841736,179.0,0.08950000256299973
fedavg,fedavg,49|374,49|374,2,374,data_2000_3_7.0_chordal,val_epoch_task,val,cycle4,52,,,,,,,,,,2000,168.0,69.0,1761.0,2.0,0.7088607594936709,0.9882352941176471,0.8255528211593628,0.8255528211593628,0.8255528211593628,170.0,0.08500000089406967
fedavg,fedavg,49|374,49|374,2,374,data_2000_3_7.0_chordal,val_epoch_task,val,cycle5,52,,,,,,,,,,2000,159.0,61.0,1773.0,7.0,0.7227272727272728,0.9578313253012049,0.8238341808319092,0.8238341808319092,0.8238341808319092,166.0,0.08299999684095383
fedavg,fedavg,49|374,49|374,2,374,data_2000_3_7.0_chordal,val_epoch_task,val,cycle6,52,,,,,,,,,,2000,137.0,174.0,1679.0,10.0,0.4405144694533762,0.9319727891156463,0.5982532501220703,0.5982532501220703,0.5982532501220703,147.0,0.07349999994039536
fedavg,fedavg,49|374,49|374,2,49,data_2000_3_6.5_chordal,global_val_client,val,,52,,,0.15255071640014647,0.9527,0.8395000100135803,0.8011769651113914,0.8214287757873535,0.8214287757873535,0.8214287757873535,2000,,,,,,,,,,,
fedavg,fedavg,49|374,49|374,2,49,data_2000_3_6.5_chordal,global_val_client_task,val,cycle2,52,,,,,,,,,,2000,182.0,12.0,1806.0,0.0,0.9381443298969072,1.0,0.9680851101875305,0.9680851101875305,0.9680851101875305,182.0,0.09099999815225601
fedavg,fedavg,49|374,49|374,2,49,data_2000_3_6.5_chordal,global_val_client_task,val,cycle3,52,,,,,,,,,,2000,193.0,20.0,1787.0,0.0,0.9061032863849765,1.0,0.9507389068603516,0.9507389068603516,0.9507389068603516,193.0,0.09650000184774399
fedavg,fedavg,49|374,49|374,2,49,data_2000_3_6.5_chordal,global_val_client_task,val,cycle4,52,,,,,,,,,,2000,172.0,108.0,1718.0,2.0,0.6142857142857143,0.9885057471264368,0.757709264755249,0.757709264755249,0.757709264755249,174.0,0.08699999749660492
fedavg,fedavg,49|374,49|374,2,49,data_2000_3_6.5_chordal,global_val_client_task,val,cycle5,52,,,,,,,,,,2000,194.0,122.0,1684.0,0.0,0.6139240506329114,1.0,0.7607842683792114,0.7607842683792114,0.7607842683792114,194.0,0.09700000286102295
fedavg,fedavg,49|374,49|374,2,49,data_2000_3_6.5_chordal,global_val_client_task,val,cycle6,52,,,,,,,,,,2000,212.0,204.0,1579.0,5.0,0.5096153846153846,0.9769585253456221,0.6698261499404907,0.6698261499404907,0.6698261499404907,217.0,0.10849999636411667
fedavg,fedavg,49|374,49|374,2,374,data_2000_3_7.0_chordal,global_val_client,val,,52,,,0.11776104574650526,0.962,0.8629999756813049,0.8144531250000001,0.8276082873344421,0.8276082873344421,0.8276082873344421,2000,,,,,,,,,,,
fedavg,fedavg,49|374,49|374,2,374,data_2000_3_7.0_chordal,global_val_client_task,val,cycle2,52,,,,,,,,,,2000,178.0,4.0,1818.0,0.0,0.978021978021978,1.0,0.9888889193534851,0.9888889193534851,0.9888889193534851,178.0,0.08900000154972076
fedavg,fedavg,49|374,49|374,2,374,data_2000_3_7.0_chordal,global_val_client_task,val,cycle3,52,,,,,,,,,,2000,179.0,16.0,1805.0,0.0,0.9179487179487179,1.0,0.9572192430496216,0.9572192430496216,0.9572192430496216,179.0,0.08950000256299973
fedavg,fedavg,49|374,49|374,2,374,data_2000_3_7.0_chordal,global_val_client_task,val,cycle4,52,,,,,,,,,,2000,169.0,83.0,1747.0,1.0,0.6706349206349206,0.9941176470588236,0.800947904586792,0.800947904586792,0.800947904586792,170.0,0.08500000089406967
fedavg,fedavg,49|374,49|374,2,374,data_2000_3_7.0_chordal,global_val_client_task,val,cycle5,52,,,,,,,,,,2000,166.0,90.0,1744.0,0.0,0.6484375,1.0,0.7867298722267151,0.7867298722267151,0.7867298722267151,166.0,0.08299999684095383
fedavg,fedavg,49|374,49|374,2,374,data_2000_3_7.0_chordal,global_val_client_task,val,cycle6,52,,,,,,,,,,2000,142.0,181.0,1672.0,5.0,0.43962848297213625,0.9659863945578231,0.6042553186416626,0.6042553186416626,0.6042553186416626,147.0,0.07349999994039536
fedavg,fedavg,49|374,49|374,2,all,all,global_val_mean,val,,52,,,0.13515588107332588,0.95735,0.8512499928474426,0.8078150450556957,0.8245185315608978,0.8245185315608978,0.8245185315608978,4000,,,,,,,,,,,
fedavg,fedavg,49|374,49|374,2,49,data_2000_3_6.5_chordal,train_epoch,train,,53,1.0,0.15786182916164399,,,,,,,,2000,,,,,,,,,,,
fedavg,fedavg,49|374,49|374,2,49,data_2000_3_6.5_chordal,train_epoch,train,,53,2.0,0.1537374410033226,,,,,,,,2000,,,,,,,,,,,
fedavg,fedavg,49|374,49|374,2,49,data_2000_3_6.5_chordal,train_epoch,train,,53,3.0,0.1279632404744625,,,,,,,,2000,,,,,,,,,,,
fedavg,fedavg,49|374,49|374,2,49,data_2000_3_6.5_chordal,val_epoch,val,,53,,,0.16326089288294315,0.964,0.8715000152587891,0.838420107719928,0.8525748252868652,0.8525748252868652,0.8525748252868652,2000,,,,,,,,,,,
fedavg,fedavg,49|374,49|374,2,49,data_2000_3_6.5_chordal,val_epoch_task,val,cycle2,53,,,,,,,,,,2000,182.0,10.0,1808.0,0.0,0.9479166666666666,1.0,0.9732620120048523,0.9732620120048523,0.9732620120048523,182.0,0.09099999815225601
fedavg,fedavg,49|374,49|374,2,49,data_2000_3_6.5_chordal,val_epoch_task,val,cycle3,53,,,,,,,,,,2000,193.0,24.0,1783.0,0.0,0.8894009216589862,1.0,0.9414633512496948,0.9414633512496948,0.9414633512496948,193.0,0.09650000184774399
fedavg,fedavg,49|374,49|374,2,49,data_2000_3_6.5_chordal,val_epoch_task,val,cycle4,53,,,,,,,,,,2000,169.0,54.0,1772.0,5.0,0.757847533632287,0.9712643678160919,0.8513854146003723,0.8513854146003723,0.8513854146003723,174.0,0.08699999749660492
fedavg,fedavg,49|374,49|374,2,49,data_2000_3_6.5_chordal,val_epoch_task,val,cycle5,53,,,,,,,,,,2000,192.0,98.0,1708.0,2.0,0.6620689655172414,0.9896907216494846,0.7933884859085083,0.7933884859085083,0.7933884859085083,194.0,0.09700000286102295
fedavg,fedavg,49|374,49|374,2,49,data_2000_3_6.5_chordal,val_epoch_task,val,cycle6,53,,,,,,,,,,2000,198.0,148.0,1635.0,19.0,0.5722543352601156,0.9124423963133641,0.7033748030662537,0.7033748030662537,0.7033748030662537,217.0,0.10849999636411667
fedavg,fedavg,49|374,49|374,2,374,data_2000_3_7.0_chordal,train_epoch,train,,53,1.0,0.16151242101192476,,,,,,,,2000,,,,,,,,,,,
fedavg,fedavg,49|374,49|374,2,374,data_2000_3_7.0_chordal,train_epoch,train,,53,2.0,0.14191818368434905,,,,,,,,2000,,,,,,,,,,,
fedavg,fedavg,49|374,49|374,2,374,data_2000_3_7.0_chordal,train_epoch,train,,53,3.0,0.14748034429550172,,,,,,,,2000,,,,,,,,,,,
fedavg,fedavg,49|374,49|374,2,374,data_2000_3_7.0_chordal,val_epoch,val,,53,,,0.1478134214580059,0.9592,0.8619999885559082,0.80078125,0.816788375377655,0.816788375377655,0.816788375377655,2000,,,,,,,,,,,
fedavg,fedavg,49|374,49|374,2,374,data_2000_3_7.0_chordal,val_epoch_task,val,cycle2,53,,,,,,,,,,2000,177.0,6.0,1816.0,1.0,0.9672131147540983,0.9943820224719101,0.9806094169616699,0.9806094169616699,0.9806094169616699,178.0,0.08900000154972076
fedavg,fedavg,49|374,49|374,2,374,data_2000_3_7.0_chordal,val_epoch_task,val,cycle3,53,,,,,,,,,,2000,179.0,9.0,1812.0,0.0,0.9521276595744681,1.0,0.9754768013954163,0.9754768013954163,0.9754768013954163,179.0,0.08950000256299973
fedavg,fedavg,49|374,49|374,2,374,data_2000_3_7.0_chordal,val_epoch_task,val,cycle4,53,,,,,,,,,,2000,169.0,99.0,1731.0,1.0,0.6305970149253731,0.9941176470588236,0.7716894745826721,0.7716894745826721,0.7716894745826721,170.0,0.08500000089406967
fedavg,fedavg,49|374,49|374,2,374,data_2000_3_7.0_chordal,val_epoch_task,val,cycle5,53,,,,,,,,,,2000,159.0,79.0,1755.0,7.0,0.6680672268907563,0.9578313253012049,0.7871286273002625,0.7871286273002625,0.7871286273002625,166.0,0.08299999684095383
fedavg,fedavg,49|374,49|374,2,374,data_2000_3_7.0_chordal,val_epoch_task,val,cycle6,53,,,,,,,,,,2000,136.0,195.0,1658.0,11.0,0.4108761329305136,0.9251700680272109,0.5690376162528992,0.5690376162528992,0.5690376162528992,147.0,0.07349999994039536
fedavg,fedavg,49|374,49|374,2,49,data_2000_3_6.5_chordal,global_val_client,val,,53,,,0.15212366288900375,0.9557,0.8504999876022339,0.8101157308186884,0.8327164649963379,0.8327164649963379,0.8327164649963379,2000,,,,,,,,,,,
fedavg,fedavg,49|374,49|374,2,49,data_2000_3_6.5_chordal,global_val_client_task,val,cycle2,53,,,,,,,,,,2000,182.0,3.0,1815.0,0.0,0.9837837837837838,1.0,0.9918256402015686,0.9918256402015686,0.9918256402015686,182.0,0.09099999815225601
fedavg,fedavg,49|374,49|374,2,49,data_2000_3_6.5_chordal,global_val_client_task,val,cycle3,53,,,,,,,,,,2000,193.0,19.0,1788.0,0.0,0.910377358490566,1.0,0.9530864357948303,0.9530864357948303,0.9530864357948303,193.0,0.09650000184774399
fedavg,fedavg,49|374,49|374,2,49,data_2000_3_6.5_chordal,global_val_client_task,val,cycle4,53,,,,,,,,,,2000,173.0,89.0,1737.0,1.0,0.6603053435114504,0.9942528735632183,0.7935779690742493,0.7935779690742493,0.7935779690742493,174.0,0.08699999749660492
fedavg,fedavg,49|374,49|374,2,49,data_2000_3_6.5_chordal,global_val_client_task,val,cycle5,53,,,,,,,,,,2000,194.0,113.0,1693.0,0.0,0.6319218241042345,1.0,0.7744511365890503,0.7744511365890503,0.7744511365890503,194.0,0.09700000286102295
fedavg,fedavg,49|374,49|374,2,49,data_2000_3_6.5_chordal,global_val_client_task,val,cycle6,53,,,,,,,,,,2000,203.0,204.0,1579.0,14.0,0.4987714987714988,0.9354838709677419,0.6506410241127014,0.6506410241127014,0.6506410241127014,217.0,0.10849999636411667
fedavg,fedavg,49|374,49|374,2,374,data_2000_3_7.0_chordal,global_val_client,val,,53,,,0.11282663813233376,0.9644,0.8790000081062317,0.8235877106045589,0.8360784649848938,0.8360784649848938,0.8360784649848938,2000,,,,,,,,,,,
fedavg,fedavg,49|374,49|374,2,374,data_2000_3_7.0_chordal,global_val_client_task,val,cycle2,53,,,,,,,,,,2000,178.0,7.0,1815.0,0.0,0.9621621621621622,1.0,0.9807162284851074,0.9807162284851074,0.9807162284851074,178.0,0.08900000154972076
fedavg,fedavg,49|374,49|374,2,374,data_2000_3_7.0_chordal,global_val_client_task,val,cycle3,53,,,,,,,,,,2000,179.0,16.0,1805.0,0.0,0.9179487179487179,1.0,0.9572192430496216,0.9572192430496216,0.9572192430496216,179.0,0.08950000256299973
fedavg,fedavg,49|374,49|374,2,374,data_2000_3_7.0_chordal,global_val_client_task,val,cycle4,53,,,,,,,,,,2000,170.0,55.0,1775.0,0.0,0.7555555555555555,1.0,0.8607594966888428,0.8607594966888428,0.8607594966888428,170.0,0.08500000089406967
fedavg,fedavg,49|374,49|374,2,374,data_2000_3_7.0_chordal,global_val_client_task,val,cycle5,53,,,,,,,,,,2000,165.0,90.0,1744.0,1.0,0.6470588235294118,0.9939759036144579,0.783847987651825,0.783847987651825,0.783847987651825,166.0,0.08299999684095383
fedavg,fedavg,49|374,49|374,2,374,data_2000_3_7.0_chordal,global_val_client_task,val,cycle6,53,,,,,,,,,,2000,139.0,179.0,1674.0,8.0,0.4371069182389937,0.9455782312925171,0.597849428653717,0.597849428653717,0.597849428653717,147.0,0.07349999994039536
fedavg,fedavg,49|374,49|374,2,all,all,global_val_mean,val,,53,,,0.13247515051066874,0.9600500000000001,0.8647499978542328,0.8168517207116236,0.8343974649906158,0.8343974649906158,0.8343974649906158,4000,,,,,,,,,,,
fedavg,fedavg,49|374,49|374,2,49,data_2000_3_6.5_chordal,train_epoch,train,,54,1.0,0.12321062955260277,,,,,,,,2000,,,,,,,,,,,
fedavg,fedavg,49|374,49|374,2,49,data_2000_3_6.5_chordal,train_epoch,train,,54,2.0,0.14354782238602637,,,,,,,,2000,,,,,,,,,,,
fedavg,fedavg,49|374,49|374,2,49,data_2000_3_6.5_chordal,train_epoch,train,,54,3.0,0.13742284139990807,,,,,,,,2000,,,,,,,,,,,
fedavg,fedavg,49|374,49|374,2,49,data_2000_3_6.5_chordal,val_epoch,val,,54,,,0.16726609361171724,0.9624,0.8665000200271606,0.8331854480922803,0.8482115864753723,0.8482115864753723,0.8482115864753723,2000,,,,,,,,,,,
fedavg,fedavg,49|374,49|374,2,49,data_2000_3_6.5_chordal,val_epoch_task,val,cycle2,54,,,,,,,,,,2000,182.0,5.0,1813.0,0.0,0.9732620320855615,1.0,0.9864498376846313,0.9864498376846313,0.9864498376846313,182.0,0.09099999815225601
fedavg,fedavg,49|374,49|374,2,49,data_2000_3_6.5_chordal,val_epoch_task,val,cycle3,54,,,,,,,,,,2000,193.0,23.0,1784.0,0.0,0.8935185185185185,1.0,0.9437652826309204,0.9437652826309204,0.9437652826309204,193.0,0.09650000184774399
fedavg,fedavg,49|374,49|374,2,49,data_2000_3_6.5_chordal,val_epoch_task,val,cycle4,54,,,,,,,,,,2000,174.0,75.0,1751.0,0.0,0.6987951807228916,1.0,0.8226950764656067,0.8226950764656067,0.8226950764656067,174.0,0.08699999749660492
fedavg,fedavg,49|374,49|374,2,49,data_2000_3_6.5_chordal,val_epoch_task,val,cycle5,54,,,,,,,,,,2000,192.0,101.0,1705.0,2.0,0.6552901023890785,0.9896907216494846,0.788500964641571,0.788500964641571,0.788500964641571,194.0,0.09700000286102295
fedavg,fedavg,49|374,49|374,2,49,data_2000_3_6.5_chordal,val_epoch_task,val,cycle6,54,,,,,,,,,,2000,198.0,151.0,1632.0,19.0,0.5673352435530086,0.9124423963133641,0.6996467113494873,0.6996467113494873,0.6996467113494873,217.0,0.10849999636411667
fedavg,fedavg,49|374,49|374,2,374,data_2000_3_7.0_chordal,train_epoch,train,,54,1.0,0.14039877611398696,,,,,,,,2000,,,,,,,,,,,
fedavg,fedavg,49|374,49|374,2,374,data_2000_3_7.0_chordal,train_epoch,train,,54,2.0,0.1434591471850872,,,,,,,,2000,,,,,,,,,,,
fedavg,fedavg,49|374,49|374,2,374,data_2000_3_7.0_chordal,train_epoch,train,,54,3.0,0.14366885995864867,,,,,,,,2000,,,,,,,,,,,
fedavg,fedavg,49|374,49|374,2,374,data_2000_3_7.0_chordal,val_epoch,val,,54,,,0.13311793479323386,0.9677,0.8859999775886536,0.834782608695652,0.8466922044754028,0.8466922044754028,0.8466922044754028,2000,,,,,,,,,,,
fedavg,fedavg,49|374,49|374,2,374,data_2000_3_7.0_chordal,val_epoch_task,val,cycle2,54,,,,,,,,,,2000,178.0,15.0,1807.0,0.0,0.9222797927461139,1.0,0.9595686793327332,0.9595686793327332,0.9595686793327332,178.0,0.08900000154972076
fedavg,fedavg,49|374,49|374,2,374,data_2000_3_7.0_chordal,val_epoch_task,val,cycle3,54,,,,,,,,,,2000,179.0,14.0,1807.0,0.0,0.927461139896373,1.0,0.9623655676841736,0.9623655676841736,0.9623655676841736,179.0,0.08950000256299973
fedavg,fedavg,49|374,49|374,2,374,data_2000_3_7.0_chordal,val_epoch_task,val,cycle4,54,,,,,,,,,,2000,163.0,31.0,1799.0,7.0,0.8402061855670103,0.9588235294117647,0.8956044316291809,0.8956044316291809,0.8956044316291809,170.0,0.08500000089406967
fedavg,fedavg,49|374,49|374,2,374,data_2000_3_7.0_chordal,val_epoch_task,val,cycle5,54,,,,,,,,,,2000,162.0,62.0,1772.0,4.0,0.7232142857142857,0.9759036144578314,0.8307692408561707,0.8307692408561707,0.8307692408561707,166.0,0.08299999684095383
fedavg,fedavg,49|374,49|374,2,374,data_2000_3_7.0_chordal,val_epoch_task,val,cycle6,54,,,,,,,,,,2000,134.0,177.0,1676.0,13.0,0.43086816720257237,0.9115646258503401,0.5851528644561768,0.5851528644561768,0.5851528644561768,147.0,0.07349999994039536
fedavg,fedavg,49|374,49|374,2,49,data_2000_3_6.5_chordal,global_val_client,val,,54,,,0.13975186109542848,0.9668,0.8790000081062317,0.8503155996393147,0.8671975135803223,0.8671975135803223,0.8671975135803223,2000,,,,,,,,,,,
fedavg,fedavg,49|374,49|374,2,49,data_2000_3_6.5_chordal,global_val_client_task,val,cycle2,54,,,,,,,,,,2000,182.0,6.0,1812.0,0.0,0.9680851063829787,1.0,0.9837838411331177,0.9837838411331177,0.9837838411331177,182.0,0.09099999815225601
fedavg,fedavg,49|374,49|374,2,49,data_2000_3_6.5_chordal,global_val_client_task,val,cycle3,54,,,,,,,,,,2000,193.0,14.0,1793.0,0.0,0.9323671497584541,1.0,0.9650000333786011,0.9650000333786011,0.9650000333786011,193.0,0.09650000184774399
fedavg,fedavg,49|374,49|374,2,49,data_2000_3_6.5_chordal,global_val_client_task,val,cycle4,54,,,,,,,,,,2000,172.0,49.0,1777.0,2.0,0.7782805429864253,0.9885057471264368,0.8708860278129578,0.8708860278129578,0.8708860278129578,174.0,0.08699999749660492
fedavg,fedavg,49|374,49|374,2,49,data_2000_3_6.5_chordal,global_val_client_task,val,cycle5,54,,,,,,,,,,2000,192.0,85.0,1721.0,2.0,0.6931407942238267,0.9896907216494846,0.8152866363525391,0.8152866363525391,0.8152866363525391,194.0,0.09700000286102295
fedavg,fedavg,49|374,49|374,2,49,data_2000_3_6.5_chordal,global_val_client_task,val,cycle6,54,,,,,,,,,,2000,204.0,161.0,1622.0,13.0,0.5589041095890411,0.9400921658986175,0.701030969619751,0.701030969619751,0.701030969619751,217.0,0.10849999636411667
fedavg,fedavg,49|374,49|374,2,374,data_2000_3_7.0_chordal,global_val_client,val,,54,,,0.10753528234362603,0.9705,0.8955000042915344,0.8487954894925679,0.8545594215393066,0.8545594215393066,0.8545594215393066,2000,,,,,,,,,,,
fedavg,fedavg,49|374,49|374,2,374,data_2000_3_7.0_chordal,global_val_client_task,val,cycle2,54,,,,,,,,,,2000,178.0,7.0,1815.0,0.0,0.9621621621621622,1.0,0.9807162284851074,0.9807162284851074,0.9807162284851074,178.0,0.08900000154972076
fedavg,fedavg,49|374,49|374,2,374,data_2000_3_7.0_chordal,global_val_client_task,val,cycle3,54,,,,,,,,,,2000,179.0,18.0,1803.0,0.0,0.9086294416243654,1.0,0.9521276354789734,0.9521276354789734,0.9521276354789734,179.0,0.08950000256299973
fedavg,fedavg,49|374,49|374,2,374,data_2000_3_7.0_chordal,global_val_client_task,val,cycle4,54,,,,,,,,,,2000,170.0,46.0,1784.0,0.0,0.7870370370370371,1.0,0.8808289766311646,0.8808289766311646,0.8808289766311646,170.0,0.08500000089406967
fedavg,fedavg,49|374,49|374,2,374,data_2000_3_7.0_chordal,global_val_client_task,val,cycle5,54,,,,,,,,,,2000,165.0,78.0,1756.0,1.0,0.6790123456790124,0.9939759036144579,0.806846022605896,0.806846022605896,0.806846022605896,166.0,0.08299999684095383
fedavg,fedavg,49|374,49|374,2,374,data_2000_3_7.0_chordal,global_val_client_task,val,cycle6,54,,,,,,,,,,2000,136.0,134.0,1719.0,11.0,0.5037037037037037,0.9251700680272109,0.6522781848907471,0.6522781848907471,0.6522781848907471,147.0,0.07349999994039536
fedavg,fedavg,49|374,49|374,2,all,all,global_val_mean,val,,54,,,0.12364357171952725,0.96865,0.8872500061988831,0.8495555445659413,0.8608784675598145,0.8608784675598145,0.8608784675598145,4000,,,,,,,,,,,
fedavg,fedavg,49|374,49|374,2,49,data_2000_3_6.5_chordal,train_epoch,train,,55,1.0,0.16053411307930945,,,,,,,,2000,,,,,,,,,,,
fedavg,fedavg,49|374,49|374,2,49,data_2000_3_6.5_chordal,train_epoch,train,,55,2.0,0.15503807140886783,,,,,,,,2000,,,,,,,,,,,
fedavg,fedavg,49|374,49|374,2,49,data_2000_3_6.5_chordal,train_epoch,train,,55,3.0,0.13955303013324738,,,,,,,,2000,,,,,,,,,,,
fedavg,fedavg,49|374,49|374,2,49,data_2000_3_6.5_chordal,val_epoch,val,,55,,,0.1904918867945671,0.9618,0.8684999942779541,0.8286995515695068,0.8427759408950806,0.8427759408950806,0.8427759408950806,2000,,,,,,,,,,,
fedavg,fedavg,49|374,49|374,2,49,data_2000_3_6.5_chordal,val_epoch_task,val,cycle2,55,,,,,,,,,,2000,182.0,4.0,1814.0,0.0,0.978494623655914,1.0,0.989130437374115,0.989130437374115,0.989130437374115,182.0,0.09099999815225601
fedavg,fedavg,49|374,49|374,2,49,data_2000_3_6.5_chordal,val_epoch_task,val,cycle3,55,,,,,,,,,,2000,193.0,34.0,1773.0,0.0,0.8502202643171806,1.0,0.9190476536750793,0.9190476536750793,0.9190476536750793,193.0,0.09650000184774399
fedavg,fedavg,49|374,49|374,2,49,data_2000_3_6.5_chordal,val_epoch_task,val,cycle4,55,,,,,,,,,,2000,174.0,65.0,1761.0,0.0,0.7280334728033473,1.0,0.842615008354187,0.842615008354187,0.842615008354187,174.0,0.08699999749660492
fedavg,fedavg,49|374,49|374,2,49,data_2000_3_6.5_chordal,val_epoch_task,val,cycle5,55,,,,,,,,,,2000,194.0,103.0,1703.0,0.0,0.6531986531986532,1.0,0.790224015712738,0.790224015712738,0.790224015712738,194.0,0.09700000286102295
fedavg,fedavg,49|374,49|374,2,49,data_2000_3_6.5_chordal,val_epoch_task,val,cycle6,55,,,,,,,,,,2000,181.0,140.0,1643.0,36.0,0.5638629283489096,0.8341013824884793,0.6728624701499939,0.6728624701499939,0.6728624701499939,217.0,0.10849999636411667
fedavg,fedavg,49|374,49|374,2,374,data_2000_3_7.0_chordal,train_epoch,train,,55,1.0,0.14961728423833848,,,,,,,,2000,,,,,,,,,,,
fedavg,fedavg,49|374,49|374,2,374,data_2000_3_7.0_chordal,train_epoch,train,,55,2.0,0.13831663393974306,,,,,,,,2000,,,,,,,,,,,
fedavg,fedavg,49|374,49|374,2,374,data_2000_3_7.0_chordal,train_epoch,train,,55,3.0,0.14880126523971557,,,,,,,,2000,,,,,,,,,,,
fedavg,fedavg,49|374,49|374,2,374,data_2000_3_7.0_chordal,val_epoch,val,,55,,,0.13458238196372985,0.9624,0.8709999918937683,0.8140454995054401,0.8254663348197937,0.8254663348197937,0.8254663348197937,2000,,,,,,,,,,,
fedavg,fedavg,49|374,49|374,2,374,data_2000_3_7.0_chordal,val_epoch_task,val,cycle2,55,,,,,,,,,,2000,178.0,8.0,1814.0,0.0,0.956989247311828,1.0,0.9780219197273254,0.9780219197273254,0.9780219197273254,178.0,0.08900000154972076
fedavg,fedavg,49|374,49|374,2,374,data_2000_3_7.0_chordal,val_epoch_task,val,cycle3,55,,,,,,,,,,2000,179.0,22.0,1799.0,0.0,0.8905472636815921,1.0,0.9421052932739258,0.9421052932739258,0.9421052932739258,179.0,0.08950000256299973
fedavg,fedavg,49|374,49|374,2,374,data_2000_3_7.0_chordal,val_epoch_task,val,cycle4,55,,,,,,,,,,2000,167.0,64.0,1766.0,3.0,0.7229437229437229,0.9823529411764705,0.8329176902770996,0.8329176902770996,0.8329176902770996,170.0,0.08500000089406967
fedavg,fedavg,49|374,49|374,2,374,data_2000_3_7.0_chordal,val_epoch_task,val,cycle5,55,,,,,,,,,,2000,163.0,86.0,1748.0,3.0,0.6546184738955824,0.9819277108433735,0.7855422496795654,0.7855422496795654,0.7855422496795654,166.0,0.08299999684095383
fedavg,fedavg,49|374,49|374,2,374,data_2000_3_7.0_chordal,val_epoch_task,val,cycle6,55,,,,,,,,,,2000,136.0,179.0,1674.0,11.0,0.43174603174603177,0.9251700680272109,0.588744580745697,0.588744580745697,0.588744580745697,147.0,0.07349999994039536
fedavg,fedavg,49|374,49|374,2,49,data_2000_3_6.5_chordal,global_val_client,val,,55,,,0.1678290567100048,0.9554,0.8539999723434448,0.8084192439862543,0.8264336585998535,0.8264336585998535,0.8264336585998535,2000,,,,,,,,,,,
fedavg,fedavg,49|374,49|374,2,49,data_2000_3_6.5_chordal,global_val_client_task,val,cycle2,55,,,,,,,,,,2000,182.0,16.0,1802.0,0.0,0.9191919191919192,1.0,0.9578947424888611,0.9578947424888611,0.9578947424888611,182.0,0.09099999815225601
fedavg,fedavg,49|374,49|374,2,49,data_2000_3_6.5_chordal,global_val_client_task,val,cycle3,55,,,,,,,,,,2000,193.0,23.0,1784.0,0.0,0.8935185185185185,1.0,0.9437652826309204,0.9437652826309204,0.9437652826309204,193.0,0.09650000184774399
fedavg,fedavg,49|374,49|374,2,49,data_2000_3_6.5_chordal,global_val_client_task,val,cycle4,55,,,,,,,,,,2000,172.0,84.0,1742.0,2.0,0.671875,0.9885057471264368,0.7999999523162842,0.7999999523162842,0.7999999523162842,174.0,0.08699999749660492
fedavg,fedavg,49|374,49|374,2,49,data_2000_3_6.5_chordal,global_val_client_task,val,cycle5,55,,,,,,,,,,2000,192.0,116.0,1690.0,2.0,0.6233766233766234,0.9896907216494846,0.7649402022361755,0.7649402022361755,0.7649402022361755,194.0,0.09700000286102295
fedavg,fedavg,49|374,49|374,2,49,data_2000_3_6.5_chordal,global_val_client_task,val,cycle6,55,,,,,,,,,,2000,202.0,188.0,1595.0,15.0,0.517948717948718,0.9308755760368663,0.6655683517456055,0.6655683517456055,0.6655683517456055,217.0,0.10849999636411667
fedavg,fedavg,49|374,49|374,2,374,data_2000_3_7.0_chordal,global_val_client,val,,55,,,0.11856723527051509,0.966,0.8859999775886536,0.8301698301698301,0.8364956974983215,0.8364956974983215,0.8364956974983215,2000,,,,,,,,,,,
fedavg,fedavg,49|374,49|374,2,374,data_2000_3_7.0_chordal,global_val_client_task,val,cycle2,55,,,,,,,,,,2000,178.0,8.0,1814.0,0.0,0.956989247311828,1.0,0.9780219197273254,0.9780219197273254,0.9780219197273254,178.0,0.08900000154972076
fedavg,fedavg,49|374,49|374,2,374,data_2000_3_7.0_chordal,global_val_client_task,val,cycle3,55,,,,,,,,,,2000,179.0,29.0,1792.0,0.0,0.8605769230769231,1.0,0.9250646233558655,0.9250646233558655,0.9250646233558655,179.0,0.08950000256299973
fedavg,fedavg,49|374,49|374,2,374,data_2000_3_7.0_chordal,global_val_client_task,val,cycle4,55,,,,,,,,,,2000,170.0,63.0,1767.0,0.0,0.7296137339055794,1.0,0.8436723947525024,0.8436723947525024,0.8436723947525024,170.0,0.08500000089406967
fedavg,fedavg,49|374,49|374,2,374,data_2000_3_7.0_chordal,global_val_client_task,val,cycle5,55,,,,,,,,,,2000,166.0,87.0,1747.0,0.0,0.6561264822134387,1.0,0.7923628091812134,0.7923628091812134,0.7923628091812134,166.0,0.08299999684095383
fedavg,fedavg,49|374,49|374,2,374,data_2000_3_7.0_chordal,global_val_client_task,val,cycle6,55,,,,,,,,,,2000,138.0,144.0,1709.0,9.0,0.48936170212765956,0.9387755102040817,0.6433566212654114,0.6433566212654114,0.6433566212654114,147.0,0.07349999994039536
fedavg,fedavg,49|374,49|374,2,all,all,global_val_mean,val,,55,,,0.14319814599025996,0.9607,0.8699999749660492,0.8192945370780421,0.8314646780490875,0.8314646780490875,0.8314646780490875,4000,,,,,,,,,,,
fedavg,fedavg,49|374,49|374,2,49,data_2000_3_6.5_chordal,train_epoch,train,,56,1.0,0.14765141046047212,,,,,,,,2000,,,,,,,,,,,
fedavg,fedavg,49|374,49|374,2,49,data_2000_3_6.5_chordal,train_epoch,train,,56,2.0,0.1307313584089279,,,,,,,,2000,,,,,,,,,,,
fedavg,fedavg,49|374,49|374,2,49,data_2000_3_6.5_chordal,train_epoch,train,,56,3.0,0.12469452035427094,,,,,,,,2000,,,,,,,,,,,
fedavg,fedavg,49|374,49|374,2,49,data_2000_3_6.5_chordal,val_epoch,val,,56,,,0.16295955657958985,0.9625,0.8640000224113464,0.8332592263228102,0.8505752682685852,0.8505752682685852,0.8505752682685852,2000,,,,,,,,,,,
fedavg,fedavg,49|374,49|374,2,49,data_2000_3_6.5_chordal,val_epoch_task,val,cycle2,56,,,,,,,,,,2000,182.0,10.0,1808.0,0.0,0.9479166666666666,1.0,0.9732620120048523,0.9732620120048523,0.9732620120048523,182.0,0.09099999815225601
fedavg,fedavg,49|374,49|374,2,49,data_2000_3_6.5_chordal,val_epoch_task,val,cycle3,56,,,,,,,,,,2000,193.0,12.0,1795.0,0.0,0.9414634146341463,1.0,0.9698492288589478,0.9698492288589478,0.9698492288589478,193.0,0.09650000184774399
fedavg,fedavg,49|374,49|374,2,49,data_2000_3_6.5_chordal,val_epoch_task,val,cycle4,56,,,,,,,,,,2000,171.0,56.0,1770.0,3.0,0.7533039647577092,0.9827586206896551,0.852867841720581,0.852867841720581,0.852867841720581,174.0,0.08699999749660492
fedavg,fedavg,49|374,49|374,2,49,data_2000_3_6.5_chordal,val_epoch_task,val,cycle5,56,,,,,,,,,,2000,194.0,122.0,1684.0,0.0,0.6139240506329114,1.0,0.7607842683792114,0.7607842683792114,0.7607842683792114,194.0,0.09700000286102295
fedavg,fedavg,49|374,49|374,2,49,data_2000_3_6.5_chordal,val_epoch_task,val,cycle6,56,,,,,,,,,,2000,197.0,152.0,1631.0,20.0,0.5644699140401146,0.9078341013824884,0.6961130499839783,0.6961130499839783,0.6961130499839783,217.0,0.10849999636411667
fedavg,fedavg,49|374,49|374,2,374,data_2000_3_7.0_chordal,train_epoch,train,,56,1.0,0.16267320930957793,,,,,,,,2000,,,,,,,,,,,
fedavg,fedavg,49|374,49|374,2,374,data_2000_3_7.0_chordal,train_epoch,train,,56,2.0,0.14198334348201752,,,,,,,,2000,,,,,,,,,,,
fedavg,fedavg,49|374,49|374,2,374,data_2000_3_7.0_chordal,train_epoch,train,,56,3.0,0.12399042159318924,,,,,,,,2000,,,,,,,,,,,
fedavg,fedavg,49|374,49|374,2,374,data_2000_3_7.0_chordal,val_epoch,val,,56,,,0.1451419348716736,0.9492,0.8364999890327454,0.7673992673992676,0.7909446954727173,0.7909446954727173,0.7909446954727173,2000,,,,,,,,,,,
fedavg,fedavg,49|374,49|374,2,374,data_2000_3_7.0_chordal,val_epoch_task,val,cycle2,56,,,,,,,,,,2000,178.0,6.0,1816.0,0.0,0.967391304347826,1.0,0.9834254384040833,0.9834254384040833,0.9834254384040833,178.0,0.08900000154972076
fedavg,fedavg,49|374,49|374,2,374,data_2000_3_7.0_chordal,val_epoch_task,val,cycle3,56,,,,,,,,,,2000,179.0,13.0,1808.0,0.0,0.9322916666666666,1.0,0.9649595618247986,0.9649595618247986,0.9649595618247986,179.0,0.08950000256299973
fedavg,fedavg,49|374,49|374,2,374,data_2000_3_7.0_chordal,val_epoch_task,val,cycle4,56,,,,,,,,,,2000,170.0,112.0,1718.0,0.0,0.6028368794326241,1.0,0.7522124648094177,0.7522124648094177,0.7522124648094177,170.0,0.08500000089406967
fedavg,fedavg,49|374,49|374,2,374,data_2000_3_7.0_chordal,val_epoch_task,val,cycle5,56,,,,,,,,,,2000,166.0,139.0,1695.0,0.0,0.5442622950819672,1.0,0.7048832178115845,0.7048832178115845,0.7048832178115845,166.0,0.08299999684095383
fedavg,fedavg,49|374,49|374,2,374,data_2000_3_7.0_chordal,val_epoch_task,val,cycle6,56,,,,,,,,,,2000,145.0,236.0,1617.0,2.0,0.3805774278215223,0.9863945578231292,0.5492424368858337,0.5492424368858337,0.5492424368858337,147.0,0.07349999994039536
fedavg,fedavg,49|374,49|374,2,49,data_2000_3_6.5_chordal,global_val_client,val,,56,,,0.1368280530422926,0.9552,0.8355000019073486,0.8096856414613424,0.8335871696472168,0.8335871696472168,0.8335871696472168,2000,,,,,,,,,,,
fedavg,fedavg,49|374,49|374,2,49,data_2000_3_6.5_chordal,global_val_client_task,val,cycle2,56,,,,,,,,,,2000,182.0,4.0,1814.0,0.0,0.978494623655914,1.0,0.989130437374115,0.989130437374115,0.989130437374115,182.0,0.09099999815225601
fedavg,fedavg,49|374,49|374,2,49,data_2000_3_6.5_chordal,global_val_client_task,val,cycle3,56,,,,,,,,,,2000,193.0,12.0,1795.0,0.0,0.9414634146341463,1.0,0.9698492288589478,0.9698492288589478,0.9698492288589478,193.0,0.09650000184774399
fedavg,fedavg,49|374,49|374,2,49,data_2000_3_6.5_chordal,global_val_client_task,val,cycle4,56,,,,,,,,,,2000,171.0,81.0,1745.0,3.0,0.6785714285714286,0.9827586206896551,0.8028169274330139,0.8028169274330139,0.8028169274330139,174.0,0.08699999749660492
fedavg,fedavg,49|374,49|374,2,49,data_2000_3_6.5_chordal,global_val_client_task,val,cycle5,56,,,,,,,,,,2000,193.0,141.0,1665.0,1.0,0.5778443113772455,0.9948453608247423,0.7310605645179749,0.7310605645179749,0.7310605645179749,194.0,0.09700000286102295
fedavg,fedavg,49|374,49|374,2,49,data_2000_3_6.5_chordal,global_val_client_task,val,cycle6,56,,,,,,,,,,2000,214.0,203.0,1580.0,3.0,0.513189448441247,0.9861751152073732,0.675078809261322,0.675078809261322,0.675078809261322,217.0,0.10849999636411667
fedavg,fedavg,49|374,49|374,2,374,data_2000_3_7.0_chordal,global_val_client,val,,56,,,0.1135443474650383,0.9616,0.8629999756813049,0.8137730358874878,0.8295960426330566,0.8295960426330566,0.8295960426330566,2000,,,,,,,,,,,
fedavg,fedavg,49|374,49|374,2,374,data_2000_3_7.0_chordal,global_val_client_task,val,cycle2,56,,,,,,,,,,2000,178.0,4.0,1818.0,0.0,0.978021978021978,1.0,0.9888889193534851,0.9888889193534851,0.9888889193534851,178.0,0.08900000154972076
fedavg,fedavg,49|374,49|374,2,374,data_2000_3_7.0_chordal,global_val_client_task,val,cycle3,56,,,,,,,,,,2000,179.0,11.0,1810.0,0.0,0.9421052631578948,1.0,0.97018963098526,0.97018963098526,0.97018963098526,179.0,0.08950000256299973
fedavg,fedavg,49|374,49|374,2,374,data_2000_3_7.0_chordal,global_val_client_task,val,cycle4,56,,,,,,,,,,2000,170.0,66.0,1764.0,0.0,0.7203389830508474,1.0,0.8374384045600891,0.8374384045600891,0.8374384045600891,170.0,0.08500000089406967
fedavg,fedavg,49|374,49|374,2,374,data_2000_3_7.0_chordal,global_val_client_task,val,cycle5,56,,,,,,,,,,2000,166.0,114.0,1720.0,0.0,0.5928571428571429,1.0,0.7443946003913879,0.7443946003913879,0.7443946003913879,166.0,0.08299999684095383
fedavg,fedavg,49|374,49|374,2,374,data_2000_3_7.0_chordal,global_val_client_task,val,cycle6,56,,,,,,,,,,2000,146.0,188.0,1665.0,1.0,0.437125748502994,0.9931972789115646,0.6070685982704163,0.6070685982704163,0.6070685982704163,147.0,0.07349999994039536
fedavg,fedavg,49|374,49|374,2,all,all,global_val_mean,val,,56,,,0.12518620025366545,0.9584000000000001,0.8492499887943268,0.8117293386744151,0.8315916061401367,0.8315916061401367,0.8315916061401367,4000,,,,,,,,,,,
fedavg,fedavg,49|374,49|374,2,49,data_2000_3_6.5_chordal,train_epoch,train,,57,1.0,0.13514776667952538,,,,,,,,2000,,,,,,,,,,,
fedavg,fedavg,49|374,49|374,2,49,data_2000_3_6.5_chordal,train_epoch,train,,57,2.0,0.13993276971578597,,,,,,,,2000,,,,,,,,,,,
fedavg,fedavg,49|374,49|374,2,49,data_2000_3_6.5_chordal,train_epoch,train,,57,3.0,0.15367283850908278,,,,,,,,2000,,,,,,,,,,,
fedavg,fedavg,49|374,49|374,2,49,data_2000_3_6.5_chordal,val_epoch,val,,57,,,0.1841131840646267,0.9571,0.8479999899864197,0.8140442132639794,0.8366717100143433,0.8366717100143433,0.8366717100143433,2000,,,,,,,,,,,
fedavg,fedavg,49|374,49|374,2,49,data_2000_3_6.5_chordal,val_epoch_task,val,cycle2,57,,,,,,,,,,2000,182.0,6.0,1812.0,0.0,0.9680851063829787,1.0,0.9837838411331177,0.9837838411331177,0.9837838411331177,182.0,0.09099999815225601
fedavg,fedavg,49|374,49|374,2,49,data_2000_3_6.5_chordal,val_epoch_task,val,cycle3,57,,,,,,,,,,2000,193.0,20.0,1787.0,0.0,0.9061032863849765,1.0,0.9507389068603516,0.9507389068603516,0.9507389068603516,193.0,0.09650000184774399
fedavg,fedavg,49|374,49|374,2,49,data_2000_3_6.5_chordal,val_epoch_task,val,cycle4,57,,,,,,,,,,2000,174.0,75.0,1751.0,0.0,0.6987951807228916,1.0,0.8226950764656067,0.8226950764656067,0.8226950764656067,174.0,0.08699999749660492
fedavg,fedavg,49|374,49|374,2,49,data_2000_3_6.5_chordal,val_epoch_task,val,cycle5,57,,,,,,,,,,2000,194.0,102.0,1704.0,0.0,0.6554054054054054,1.0,0.7918367385864258,0.7918367385864258,0.7918367385864258,194.0,0.09700000286102295
fedavg,fedavg,49|374,49|374,2,49,data_2000_3_6.5_chordal,val_epoch_task,val,cycle6,57,,,,,,,,,,2000,196.0,205.0,1578.0,21.0,0.48877805486284287,0.9032258064516129,0.6343042254447937,0.6343042254447937,0.6343042254447937,217.0,0.10849999636411667
fedavg,fedavg,49|374,49|374,2,374,data_2000_3_7.0_chordal,train_epoch,train,,57,1.0,0.14725627055764198,,,,,,,,2000,,,,,,,,,,,
fedavg,fedavg,49|374,49|374,2,374,data_2000_3_7.0_chordal,train_epoch,train,,57,2.0,0.13217101621627808,,,,,,,,2000,,,,,,,,,,,
fedavg,fedavg,49|374,49|374,2,374,data_2000_3_7.0_chordal,train_epoch,train,,57,3.0,0.1272815889120102,,,,,,,,2000,,,,,,,,,,,
fedavg,fedavg,49|374,49|374,2,374,data_2000_3_7.0_chordal,val_epoch,val,,57,,,0.10156393885612487,0.9759,0.9100000262260437,0.872284048754637,0.8755282163619995,0.8755282163619995,0.8755282163619995,2000,,,,,,,,,,,
fedavg,fedavg,49|374,49|374,2,374,data_2000_3_7.0_chordal,val_epoch_task,val,cycle2,57,,,,,,,,,,2000,178.0,7.0,1815.0,0.0,0.9621621621621622,1.0,0.9807162284851074,0.9807162284851074,0.9807162284851074,178.0,0.08900000154972076
fedavg,fedavg,49|374,49|374,2,374,data_2000_3_7.0_chordal,val_epoch_task,val,cycle3,57,,,,,,,,,,2000,179.0,9.0,1812.0,0.0,0.9521276595744681,1.0,0.9754768013954163,0.9754768013954163,0.9754768013954163,179.0,0.08950000256299973
fedavg,fedavg,49|374,49|374,2,374,data_2000_3_7.0_chordal,val_epoch_task,val,cycle4,57,,,,,,,,,,2000,169.0,45.0,1785.0,1.0,0.7897196261682243,0.9941176470588236,0.8802083134651184,0.8802083134651184,0.8802083134651184,170.0,0.08500000089406967
fedavg,fedavg,49|374,49|374,2,374,data_2000_3_7.0_chordal,val_epoch_task,val,cycle5,57,,,,,,,,,,2000,160.0,50.0,1784.0,6.0,0.7619047619047619,0.963855421686747,0.8510638475418091,0.8510638475418091,0.8510638475418091,166.0,0.08299999684095383
fedavg,fedavg,49|374,49|374,2,374,data_2000_3_7.0_chordal,val_epoch_task,val,cycle6,57,,,,,,,,,,2000,137.0,113.0,1740.0,10.0,0.548,0.9319727891156463,0.6901763081550598,0.6901763081550598,0.6901763081550598,147.0,0.07349999994039536
fedavg,fedavg,49|374,49|374,2,49,data_2000_3_6.5_chordal,global_val_client,val,,57,,,0.15953408801555632,0.9585,0.8519999980926514,0.8191721132897605,0.8394808769226074,0.8394808769226074,0.8394808769226074,2000,,,,,,,,,,,
fedavg,fedavg,49|374,49|374,2,49,data_2000_3_6.5_chordal,global_val_client_task,val,cycle2,57,,,,,,,,,,2000,182.0,14.0,1804.0,0.0,0.9285714285714286,1.0,0.9629629254341125,0.9629629254341125,0.9629629254341125,182.0,0.09099999815225601
fedavg,fedavg,49|374,49|374,2,49,data_2000_3_6.5_chordal,global_val_client_task,val,cycle3,57,,,,,,,,,,2000,193.0,20.0,1787.0,0.0,0.9061032863849765,1.0,0.9507389068603516,0.9507389068603516,0.9507389068603516,193.0,0.09650000184774399
fedavg,fedavg,49|374,49|374,2,49,data_2000_3_6.5_chordal,global_val_client_task,val,cycle4,57,,,,,,,,,,2000,173.0,64.0,1762.0,1.0,0.729957805907173,0.9942528735632183,0.841849148273468,0.841849148273468,0.841849148273468,174.0,0.08699999749660492
fedavg,fedavg,49|374,49|374,2,49,data_2000_3_6.5_chordal,global_val_client_task,val,cycle5,57,,,,,,,,,,2000,191.0,99.0,1707.0,3.0,0.6586206896551724,0.9845360824742269,0.7892562747001648,0.7892562747001648,0.7892562747001648,194.0,0.09700000286102295
fedavg,fedavg,49|374,49|374,2,49,data_2000_3_6.5_chordal,global_val_client_task,val,cycle6,57,,,,,,,,,,2000,201.0,198.0,1585.0,16.0,0.5037593984962406,0.9262672811059908,0.6525973677635193,0.6525973677635193,0.6525973677635193,217.0,0.10849999636411667
fedavg,fedavg,49|374,49|374,2,374,data_2000_3_7.0_chordal,global_val_client,val,,57,,,0.1221871013045311,0.9677,0.8880000114440918,0.8364556962025316,0.8472239375114441,0.8472239375114441,0.8472239375114441,2000,,,,,,,,,,,
fedavg,fedavg,49|374,49|374,2,374,data_2000_3_7.0_chordal,global_val_client_task,val,cycle2,57,,,,,,,,,,2000,178.0,9.0,1813.0,0.0,0.9518716577540107,1.0,0.9753424525260925,0.9753424525260925,0.9753424525260925,178.0,0.08900000154972076
fedavg,fedavg,49|374,49|374,2,374,data_2000_3_7.0_chordal,global_val_client_task,val,cycle3,57,,,,,,,,,,2000,179.0,12.0,1809.0,0.0,0.93717277486911,1.0,0.9675675630569458,0.9675675630569458,0.9675675630569458,179.0,0.08950000256299973
fedavg,fedavg,49|374,49|374,2,374,data_2000_3_7.0_chordal,global_val_client_task,val,cycle4,57,,,,,,,,,,2000,166.0,49.0,1781.0,4.0,0.772093023255814,0.9764705882352941,0.8623376488685608,0.8623376488685608,0.8623376488685608,170.0,0.08500000089406967
fedavg,fedavg,49|374,49|374,2,374,data_2000_3_7.0_chordal,global_val_client_task,val,cycle5,57,,,,,,,,,,2000,165.0,70.0,1764.0,1.0,0.7021276595744681,0.9939759036144579,0.8229425549507141,0.8229425549507141,0.8229425549507141,166.0,0.08299999684095383
fedavg,fedavg,49|374,49|374,2,374,data_2000_3_7.0_chordal,global_val_client_task,val,cycle6,57,,,,,,,,,,2000,138.0,169.0,1684.0,9.0,0.4495114006514658,0.9387755102040817,0.607929527759552,0.607929527759552,0.607929527759552,147.0,0.07349999994039536
fedavg,fedavg,49|374,49|374,2,all,all,global_val_mean,val,,57,,,0.14086059466004372,0.9631000000000001,0.8700000047683716,0.827813904746146,0.8433524072170258,0.8433524072170258,0.8433524072170258,4000,,,,,,,,,,,
fedavg,fedavg,49|374,49|374,2,49,data_2000_3_6.5_chordal,train_epoch,train,,58,1.0,0.12993102643452584,,,,,,,,2000,,,,,,,,,,,
fedavg,fedavg,49|374,49|374,2,49,data_2000_3_6.5_chordal,train_epoch,train,,58,2.0,0.13136435351334513,,,,,,,,2000,,,,,,,,,,,
fedavg,fedavg,49|374,49|374,2,49,data_2000_3_6.5_chordal,train_epoch,train,,58,3.0,0.1444719111919403,,,,,,,,2000,,,,,,,,,,,
fedavg,fedavg,49|374,49|374,2,49,data_2000_3_6.5_chordal,val_epoch,val,,58,,,0.2023788141012192,0.9335,0.7919999957084656,0.7413457798521976,0.7648584246635437,0.7648584246635437,0.7648584246635437,2000,,,,,,,,,,,
fedavg,fedavg,49|374,49|374,2,49,data_2000_3_6.5_chordal,val_epoch_task,val,cycle2,58,,,,,,,,,,2000,182.0,5.0,1813.0,0.0,0.9732620320855615,1.0,0.9864498376846313,0.9864498376846313,0.9864498376846313,182.0,0.09099999815225601
fedavg,fedavg,49|374,49|374,2,49,data_2000_3_6.5_chordal,val_epoch_task,val,cycle3,58,,,,,,,,,,2000,193.0,81.0,1726.0,0.0,0.7043795620437956,1.0,0.8265524506568909,0.8265524506568909,0.8265524506568909,193.0,0.09650000184774399
fedavg,fedavg,49|374,49|374,2,49,data_2000_3_6.5_chordal,val_epoch_task,val,cycle4,58,,,,,,,,,,2000,174.0,149.0,1677.0,0.0,0.5386996904024768,1.0,0.7002012133598328,0.7002012133598328,0.7002012133598328,174.0,0.08699999749660492
fedavg,fedavg,49|374,49|374,2,49,data_2000_3_6.5_chordal,val_epoch_task,val,cycle5,58,,,,,,,,,,2000,194.0,176.0,1630.0,0.0,0.5243243243243243,1.0,0.6879432201385498,0.6879432201385498,0.6879432201385498,194.0,0.09700000286102295
fedavg,fedavg,49|374,49|374,2,49,data_2000_3_6.5_chordal,val_epoch_task,val,cycle6,58,,,,,,,,,,2000,210.0,247.0,1536.0,7.0,0.45951859956236324,0.967741935483871,0.6231454014778137,0.6231454014778137,0.6231454014778137,217.0,0.10849999636411667
fedavg,fedavg,49|374,49|374,2,374,data_2000_3_7.0_chordal,train_epoch,train,,58,1.0,0.15803300470113754,,,,,,,,2000,,,,,,,,,,,
fedavg,fedavg,49|374,49|374,2,374,data_2000_3_7.0_chordal,train_epoch,train,,58,2.0,0.1480680569112301,,,,,,,,2000,,,,,,,,,,,
fedavg,fedavg,49|374,49|374,2,374,data_2000_3_7.0_chordal,train_epoch,train,,58,3.0,0.14125788283348084,,,,,,,,2000,,,,,,,,,,,
fedavg,fedavg,49|374,49|374,2,374,data_2000_3_7.0_chordal,val_epoch,val,,58,,,0.11904783129692077,0.9692,0.8809999823570251,0.8422131147540983,0.8552592396736145,0.8552592396736145,0.8552592396736145,2000,,,,,,,,,,,
fedavg,fedavg,49|374,49|374,2,374,data_2000_3_7.0_chordal,val_epoch_task,val,cycle2,58,,,,,,,,,,2000,177.0,3.0,1819.0,1.0,0.9833333333333333,0.9943820224719101,0.9888268113136292,0.9888268113136292,0.9888268113136292,178.0,0.08900000154972076
fedavg,fedavg,49|374,49|374,2,374,data_2000_3_7.0_chordal,val_epoch_task,val,cycle3,58,,,,,,,,,,2000,179.0,5.0,1816.0,0.0,0.9728260869565217,1.0,0.9862259030342102,0.9862259030342102,0.9862259030342102,179.0,0.08950000256299973
fedavg,fedavg,49|374,49|374,2,374,data_2000_3_7.0_chordal,val_epoch_task,val,cycle4,58,,,,,,,,,,2000,167.0,45.0,1785.0,3.0,0.7877358490566038,0.9823529411764705,0.8743455410003662,0.8743455410003662,0.8743455410003662,170.0,0.08500000089406967
fedavg,fedavg,49|374,49|374,2,374,data_2000_3_7.0_chordal,val_epoch_task,val,cycle5,58,,,,,,,,,,2000,162.0,63.0,1771.0,4.0,0.72,0.9759036144578314,0.8286445736885071,0.8286445736885071,0.8286445736885071,166.0,0.08299999684095383
fedavg,fedavg,49|374,49|374,2,374,data_2000_3_7.0_chordal,val_epoch_task,val,cycle6,58,,,,,,,,,,2000,137.0,174.0,1679.0,10.0,0.4405144694533762,0.9319727891156463,0.5982532501220703,0.5982532501220703,0.5982532501220703,147.0,0.07349999994039536
fedavg,fedavg,49|374,49|374,2,49,data_2000_3_6.5_chordal,global_val_client,val,,58,,,0.13964752313494683,0.9579,0.8500000238418579,0.819235723486475,0.8393298983573914,0.8393298983573914,0.8393298983573914,2000,,,,,,,,,,,
fedavg,fedavg,49|374,49|374,2,49,data_2000_3_6.5_chordal,global_val_client_task,val,cycle2,58,,,,,,,,,,2000,182.0,9.0,1809.0,0.0,0.9528795811518325,1.0,0.9758713245391846,0.9758713245391846,0.9758713245391846,182.0,0.09099999815225601
fedavg,fedavg,49|374,49|374,2,49,data_2000_3_6.5_chordal,global_val_client_task,val,cycle3,58,,,,,,,,,,2000,193.0,16.0,1791.0,0.0,0.9234449760765551,1.0,0.9601989984512329,0.9601989984512329,0.9601989984512329,193.0,0.09650000184774399
fedavg,fedavg,49|374,49|374,2,49,data_2000_3_6.5_chordal,global_val_client_task,val,cycle4,58,,,,,,,,,,2000,174.0,81.0,1745.0,0.0,0.6823529411764706,1.0,0.811188817024231,0.811188817024231,0.811188817024231,174.0,0.08699999749660492
fedavg,fedavg,49|374,49|374,2,49,data_2000_3_6.5_chordal,global_val_client_task,val,cycle5,58,,,,,,,,,,2000,194.0,116.0,1690.0,0.0,0.6258064516129033,1.0,0.7698412537574768,0.7698412537574768,0.7698412537574768,194.0,0.09700000286102295
fedavg,fedavg,49|374,49|374,2,49,data_2000_3_6.5_chordal,global_val_client_task,val,cycle6,58,,,,,,,,,,2000,211.0,193.0,1590.0,6.0,0.5222772277227723,0.9723502304147466,0.6795491576194763,0.6795491576194763,0.6795491576194763,217.0,0.10849999636411667
fedavg,fedavg,49|374,49|374,2,374,data_2000_3_7.0_chordal,global_val_client,val,,58,,,0.13048461949825288,0.959,0.8610000014305115,0.802504816955684,0.8135161399841309,0.8135161399841309,0.8135161399841309,2000,,,,,,,,,,,
fedavg,fedavg,49|374,49|374,2,374,data_2000_3_7.0_chordal,global_val_client_task,val,cycle2,58,,,,,,,,,,2000,178.0,8.0,1814.0,0.0,0.956989247311828,1.0,0.9780219197273254,0.9780219197273254,0.9780219197273254,178.0,0.08900000154972076
fedavg,fedavg,49|374,49|374,2,374,data_2000_3_7.0_chordal,global_val_client_task,val,cycle3,58,,,,,,,,,,2000,179.0,31.0,1790.0,0.0,0.8523809523809524,1.0,0.9203084707260132,0.9203084707260132,0.9203084707260132,179.0,0.08950000256299973
fedavg,fedavg,49|374,49|374,2,374,data_2000_3_7.0_chordal,global_val_client_task,val,cycle4,58,,,,,,,,,,2000,170.0,85.0,1745.0,0.0,0.6666666666666666,1.0,0.800000011920929,0.800000011920929,0.800000011920929,170.0,0.08500000089406967
fedavg,fedavg,49|374,49|374,2,374,data_2000_3_7.0_chordal,global_val_client_task,val,cycle5,58,,,,,,,,,,2000,163.0,101.0,1733.0,3.0,0.6174242424242424,0.9819277108433735,0.7581395506858826,0.7581395506858826,0.7581395506858826,166.0,0.08299999684095383
fedavg,fedavg,49|374,49|374,2,374,data_2000_3_7.0_chordal,global_val_client_task,val,cycle6,58,,,,,,,,,,2000,143.0,178.0,1675.0,4.0,0.4454828660436137,0.9727891156462585,0.6111111044883728,0.6111111044883728,0.6111111044883728,147.0,0.07349999994039536
fedavg,fedavg,49|374,49|374,2,all,all,global_val_mean,val,,58,,,0.13506607131659984,0.95845,0.8555000126361847,0.8108702702210794,0.8264230191707611,0.8264230191707611,0.8264230191707611,4000,,,,,,,,,,,
fedavg,fedavg,49|374,49|374,2,49,data_2000_3_6.5_chordal,train_epoch,train,,59,1.0,0.16696415293216704,,,,,,,,2000,,,,,,,,,,,
fedavg,fedavg,49|374,49|374,2,49,data_2000_3_6.5_chordal,train_epoch,train,,59,2.0,0.13497110253572464,,,,,,,,2000,,,,,,,,,,,
fedavg,fedavg,49|374,49|374,2,49,data_2000_3_6.5_chordal,train_epoch,train,,59,3.0,0.14241927774250507,,,,,,,,2000,,,,,,,,,,,
fedavg,fedavg,49|374,49|374,2,49,data_2000_3_6.5_chordal,val_epoch,val,,59,,,0.23208329021930696,0.9613,0.8665000200271606,0.82464884458541,0.8381444811820984,0.8381444811820984,0.8381444811820984,2000,,,,,,,,,,,
fedavg,fedavg,49|374,49|374,2,49,data_2000_3_6.5_chordal,val_epoch_task,val,cycle2,59,,,,,,,,,,2000,182.0,10.0,1808.0,0.0,0.9479166666666666,1.0,0.9732620120048523,0.9732620120048523,0.9732620120048523,182.0,0.09099999815225601
fedavg,fedavg,49|374,49|374,2,49,data_2000_3_6.5_chordal,val_epoch_task,val,cycle3,59,,,,,,,,,,2000,193.0,21.0,1786.0,0.0,0.9018691588785047,1.0,0.9484029412269592,0.9484029412269592,0.9484029412269592,193.0,0.09650000184774399
fedavg,fedavg,49|374,49|374,2,49,data_2000_3_6.5_chordal,val_epoch_task,val,cycle4,59,,,,,,,,,,2000,172.0,71.0,1755.0,2.0,0.7078189300411523,0.9885057471264368,0.8249400854110718,0.8249400854110718,0.8249400854110718,174.0,0.08699999749660492
fedavg,fedavg,49|374,49|374,2,49,data_2000_3_6.5_chordal,val_epoch_task,val,cycle5,59,,,,,,,,,,2000,191.0,100.0,1706.0,3.0,0.6563573883161512,0.9845360824742269,0.7876289486885071,0.7876289486885071,0.7876289486885071,194.0,0.09700000286102295
fedavg,fedavg,49|374,49|374,2,49,data_2000_3_6.5_chordal,val_epoch_task,val,cycle6,59,,,,,,,,,,2000,172.0,135.0,1648.0,45.0,0.5602605863192183,0.7926267281105991,0.6564885377883911,0.6564885377883911,0.6564885377883911,217.0,0.10849999636411667
fedavg,fedavg,49|374,49|374,2,374,data_2000_3_7.0_chordal,train_epoch,train,,59,1.0,0.16774325188994407,,,,,,,,2000,,,,,,,,,,,
fedavg,fedavg,49|374,49|374,2,374,data_2000_3_7.0_chordal,train_epoch,train,,59,2.0,0.14560151821374892,,,,,,,,2000,,,,,,,,,,,
fedavg,fedavg,49|374,49|374,2,374,data_2000_3_7.0_chordal,train_epoch,train,,59,3.0,0.13944068115949632,,,,,,,,2000,,,,,,,,,,,
fedavg,fedavg,49|374,49|374,2,374,data_2000_3_7.0_chordal,val_epoch,val,,59,,,0.1354602410197258,0.9588,0.8579999804496765,0.8011583011583012,0.8167685270309448,0.8167685270309448,0.8167685270309448,2000,,,,,,,,,,,
fedavg,fedavg,49|374,49|374,2,374,data_2000_3_7.0_chordal,val_epoch_task,val,cycle2,59,,,,,,,,,,2000,178.0,22.0,1800.0,0.0,0.89,1.0,0.9417989253997803,0.9417989253997803,0.9417989253997803,178.0,0.08900000154972076
fedavg,fedavg,49|374,49|374,2,374,data_2000_3_7.0_chordal,val_epoch_task,val,cycle3,59,,,,,,,,,,2000,179.0,18.0,1803.0,0.0,0.9086294416243654,1.0,0.9521276354789734,0.9521276354789734,0.9521276354789734,179.0,0.08950000256299973
fedavg,fedavg,49|374,49|374,2,374,data_2000_3_7.0_chordal,val_epoch_task,val,cycle4,59,,,,,,,,,,2000,168.0,66.0,1764.0,2.0,0.717948717948718,0.9882352941176471,0.8316831588745117,0.8316831588745117,0.8316831588745117,170.0,0.08500000089406967
fedavg,fedavg,49|374,49|374,2,374,data_2000_3_7.0_chordal,val_epoch_task,val,cycle5,59,,,,,,,,,,2000,160.0,81.0,1753.0,6.0,0.6639004149377593,0.963855421686747,0.7862407565116882,0.7862407565116882,0.7862407565116882,166.0,0.08299999684095383
fedavg,fedavg,49|374,49|374,2,374,data_2000_3_7.0_chordal,val_epoch_task,val,cycle6,59,,,,,,,,,,2000,145.0,215.0,1638.0,2.0,0.4027777777777778,0.9863945578231292,0.5719921588897705,0.5719921588897705,0.5719921588897705,147.0,0.07349999994039536
fedavg,fedavg,49|374,49|374,2,49,data_2000_3_6.5_chordal,global_val_client,val,,59,,,0.15222586458921433,0.9624,0.8684999942779541,0.83348095659876,0.8493508100509644,0.8493508100509644,0.8493508100509644,2000,,,,,,,,,,,
fedavg,fedavg,49|374,49|374,2,49,data_2000_3_6.5_chordal,global_val_client_task,val,cycle2,59,,,,,,,,,,2000,182.0,9.0,1809.0,0.0,0.9528795811518325,1.0,0.9758713245391846,0.9758713245391846,0.9758713245391846,182.0,0.09099999815225601
fedavg,fedavg,49|374,49|374,2,49,data_2000_3_6.5_chordal,global_val_client_task,val,cycle3,59,,,,,,,,,,2000,193.0,13.0,1794.0,0.0,0.9368932038834952,1.0,0.9674185514450073,0.9674185514450073,0.9674185514450073,193.0,0.09650000184774399
fedavg,fedavg,49|374,49|374,2,49,data_2000_3_6.5_chordal,global_val_client_task,val,cycle4,59,,,,,,,,,,2000,172.0,86.0,1740.0,2.0,0.6666666666666666,0.9885057471264368,0.7962963581085205,0.7962963581085205,0.7962963581085205,174.0,0.08699999749660492
fedavg,fedavg,49|374,49|374,2,49,data_2000_3_6.5_chordal,global_val_client_task,val,cycle5,59,,,,,,,,,,2000,194.0,88.0,1718.0,0.0,0.6879432624113475,1.0,0.8151261210441589,0.8151261210441589,0.8151261210441589,194.0,0.09700000286102295
fedavg,fedavg,49|374,49|374,2,49,data_2000_3_6.5_chordal,global_val_client_task,val,cycle6,59,,,,,,,,,,2000,200.0,161.0,1622.0,17.0,0.554016620498615,0.9216589861751152,0.6920416355133057,0.6920416355133057,0.6920416355133057,217.0,0.10849999636411667
fedavg,fedavg,49|374,49|374,2,374,data_2000_3_7.0_chordal,global_val_client,val,,59,,,0.10359206062555314,0.9682,0.8920000195503235,0.8393939393939395,0.8467569351196289,0.8467569351196289,0.8467569351196289,2000,,,,,,,,,,,
fedavg,fedavg,49|374,49|374,2,374,data_2000_3_7.0_chordal,global_val_client_task,val,cycle2,59,,,,,,,,,,2000,178.0,8.0,1814.0,0.0,0.956989247311828,1.0,0.9780219197273254,0.9780219197273254,0.9780219197273254,178.0,0.08900000154972076
fedavg,fedavg,49|374,49|374,2,374,data_2000_3_7.0_chordal,global_val_client_task,val,cycle3,59,,,,,,,,,,2000,179.0,18.0,1803.0,0.0,0.9086294416243654,1.0,0.9521276354789734,0.9521276354789734,0.9521276354789734,179.0,0.08950000256299973
fedavg,fedavg,49|374,49|374,2,374,data_2000_3_7.0_chordal,global_val_client_task,val,cycle4,59,,,,,,,,,,2000,168.0,52.0,1778.0,2.0,0.7636363636363637,0.9882352941176471,0.8615384697914124,0.8615384697914124,0.8615384697914124,170.0,0.08500000089406967
fedavg,fedavg,49|374,49|374,2,374,data_2000_3_7.0_chordal,global_val_client_task,val,cycle5,59,,,,,,,,,,2000,164.0,88.0,1746.0,2.0,0.6507936507936508,0.9879518072289156,0.7846890091896057,0.7846890091896057,0.7846890091896057,166.0,0.08299999684095383
fedavg,fedavg,49|374,49|374,2,374,data_2000_3_7.0_chordal,global_val_client_task,val,cycle6,59,,,,,,,,,,2000,142.0,143.0,1710.0,5.0,0.4982456140350877,0.9659863945578231,0.6574074029922485,0.6574074029922485,0.6574074029922485,147.0,0.07349999994039536
fedavg,fedavg,49|374,49|374,2,all,all,global_val_mean,val,,59,,,0.12790896260738374,0.9652999999999999,0.8802500069141388,0.8364374479963498,0.8480538725852966,0.8480538725852966,0.8480538725852966,4000,,,,,,,,,,,
fedavg,fedavg,49|374,49|374,2,49,data_2000_3_6.5_chordal,train_epoch,train,,60,1.0,0.11850008022785187,,,,,,,,2000,,,,,,,,,,,
fedavg,fedavg,49|374,49|374,2,49,data_2000_3_6.5_chordal,train_epoch,train,,60,2.0,0.12358864569664002,,,,,,,,2000,,,,,,,,,,,
fedavg,fedavg,49|374,49|374,2,49,data_2000_3_6.5_chordal,train_epoch,train,,60,3.0,0.1383423488140106,,,,,,,,2000,,,,,,,,,,,
fedavg,fedavg,49|374,49|374,2,49,data_2000_3_6.5_chordal,val_epoch,val,,60,,,0.19653066402673722,0.9467,0.7990000247955322,0.7800247626908791,0.8164921998977661,0.8164921998977661,0.8164921998977661,2000,,,,,,,,,,,
fedavg,fedavg,49|374,49|374,2,49,data_2000_3_6.5_chordal,val_epoch_task,val,cycle2,60,,,,,,,,,,2000,182.0,7.0,1811.0,0.0,0.9629629629629629,1.0,0.9811320900917053,0.9811320900917053,0.9811320900917053,182.0,0.09099999815225601
fedavg,fedavg,49|374,49|374,2,49,data_2000_3_6.5_chordal,val_epoch_task,val,cycle3,60,,,,,,,,,,2000,191.0,14.0,1793.0,2.0,0.9317073170731708,0.9896373056994818,0.9597989916801453,0.9597989916801453,0.9597989916801453,193.0,0.09650000184774399
fedavg,fedavg,49|374,49|374,2,49,data_2000_3_6.5_chordal,val_epoch_task,val,cycle4,60,,,,,,,,,,2000,173.0,61.0,1765.0,1.0,0.7393162393162394,0.9942528735632183,0.8480391502380371,0.8480391502380371,0.8480391502380371,174.0,0.08699999749660492
fedavg,fedavg,49|374,49|374,2,49,data_2000_3_6.5_chordal,val_epoch_task,val,cycle5,60,,,,,,,,,,2000,191.0,162.0,1644.0,3.0,0.5410764872521246,0.9845360824742269,0.6983547210693359,0.6983547210693359,0.6983547210693359,194.0,0.09700000286102295
fedavg,fedavg,49|374,49|374,2,49,data_2000_3_6.5_chordal,val_epoch_task,val,cycle6,60,,,,,,,,,,2000,208.0,274.0,1509.0,9.0,0.4315352697095436,0.9585253456221198,0.5951358675956726,0.5951358675956726,0.5951358675956726,217.0,0.10849999636411667
fedavg,fedavg,49|374,49|374,2,374,data_2000_3_7.0_chordal,train_epoch,train,,60,1.0,0.1601932852268219,,,,,,,,2000,,,,,,,,,,,
fedavg,fedavg,49|374,49|374,2,374,data_2000_3_7.0_chordal,train_epoch,train,,60,2.0,0.1214471150636673,,,,,,,,2000,,,,,,,,,,,
fedavg,fedavg,49|374,49|374,2,374,data_2000_3_7.0_chordal,train_epoch,train,,60,3.0,0.1480057997405529,,,,,,,,2000,,,,,,,,,,,
fedavg,fedavg,49|374,49|374,2,374,data_2000_3_7.0_chordal,val_epoch,val,,60,,,0.10494329525530338,0.9711,0.8920000195503235,0.8518708354689902,0.86082923412323,0.86082923412323,0.86082923412323,2000,,,,,,,,,,,
fedavg,fedavg,49|374,49|374,2,374,data_2000_3_7.0_chordal,val_epoch_task,val,cycle2,60,,,,,,,,,,2000,177.0,7.0,1815.0,1.0,0.9619565217391305,0.9943820224719101,0.9779005646705627,0.9779005646705627,0.9779005646705627,178.0,0.08900000154972076
fedavg,fedavg,49|374,49|374,2,374,data_2000_3_7.0_chordal,val_epoch_task,val,cycle3,60,,,,,,,,,,2000,178.0,5.0,1816.0,1.0,0.9726775956284153,0.994413407821229,0.9834253787994385,0.9834253787994385,0.9834253787994385,179.0,0.08950000256299973
fedavg,fedavg,49|374,49|374,2,374,data_2000_3_7.0_chordal,val_epoch_task,val,cycle4,60,,,,,,,,,,2000,170.0,44.0,1786.0,0.0,0.794392523364486,1.0,0.8854166269302368,0.8854166269302368,0.8854166269302368,170.0,0.08500000089406967
fedavg,fedavg,49|374,49|374,2,374,data_2000_3_7.0_chordal,val_epoch_task,val,cycle5,60,,,,,,,,,,2000,166.0,76.0,1758.0,0.0,0.6859504132231405,1.0,0.813725471496582,0.813725471496582,0.813725471496582,166.0,0.08299999684095383
fedavg,fedavg,49|374,49|374,2,374,data_2000_3_7.0_chordal,val_epoch_task,val,cycle6,60,,,,,,,,,,2000,140.0,148.0,1705.0,7.0,0.4861111111111111,0.9523809523809523,0.6436781287193298,0.6436781287193298,0.6436781287193298,147.0,0.07349999994039536
fedavg,fedavg,49|374,49|374,2,49,data_2000_3_6.5_chordal,global_val_client,val,,60,,,0.17399322989583016,0.9555,0.8420000076293945,0.808437365475678,0.8303217887878418,0.8303217887878418,0.8303217887878418,2000,,,,,,,,,,,
fedavg,fedavg,49|374,49|374,2,49,data_2000_3_6.5_chordal,global_val_client_task,val,cycle2,60,,,,,,,,,,2000,182.0,18.0,1800.0,0.0,0.91,1.0,0.9528795480728149,0.9528795480728149,0.9528795480728149,182.0,0.09099999815225601
fedavg,fedavg,49|374,49|374,2,49,data_2000_3_6.5_chordal,global_val_client_task,val,cycle3,60,,,,,,,,,,2000,193.0,13.0,1794.0,0.0,0.9368932038834952,1.0,0.9674185514450073,0.9674185514450073,0.9674185514450073,193.0,0.09650000184774399
fedavg,fedavg,49|374,49|374,2,49,data_2000_3_6.5_chordal,global_val_client_task,val,cycle4,60,,,,,,,,,,2000,168.0,60.0,1766.0,6.0,0.7368421052631579,0.9655172413793104,0.8358208537101746,0.8358208537101746,0.8358208537101746,174.0,0.08699999749660492
fedavg,fedavg,49|374,49|374,2,49,data_2000_3_6.5_chordal,global_val_client_task,val,cycle5,60,,,,,,,,,,2000,192.0,137.0,1669.0,2.0,0.5835866261398176,0.9896907216494846,0.7342256307601929,0.7342256307601929,0.7342256307601929,194.0,0.09700000286102295
fedavg,fedavg,49|374,49|374,2,49,data_2000_3_6.5_chordal,global_val_client_task,val,cycle6,60,,,,,,,,,,2000,204.0,196.0,1587.0,13.0,0.51,0.9400921658986175,0.661264181137085,0.661264181137085,0.661264181137085,217.0,0.10849999636411667
fedavg,fedavg,49|374,49|374,2,374,data_2000_3_7.0_chordal,global_val_client,val,,60,,,0.1139536721110344,0.9651,0.8725000023841858,0.8273132112815438,0.840813159942627,0.840813159942627,0.840813159942627,2000,,,,,,,,,,,
fedavg,fedavg,49|374,49|374,2,374,data_2000_3_7.0_chordal,global_val_client_task,val,cycle2,60,,,,,,,,,,2000,178.0,6.0,1816.0,0.0,0.967391304347826,1.0,0.9834254384040833,0.9834254384040833,0.9834254384040833,178.0,0.08900000154972076
fedavg,fedavg,49|374,49|374,2,374,data_2000_3_7.0_chordal,global_val_client_task,val,cycle3,60,,,,,,,,,,2000,179.0,9.0,1812.0,0.0,0.9521276595744681,1.0,0.9754768013954163,0.9754768013954163,0.9754768013954163,179.0,0.08950000256299973
fedavg,fedavg,49|374,49|374,2,374,data_2000_3_7.0_chordal,global_val_client_task,val,cycle4,60,,,,,,,,,,2000,168.0,50.0,1780.0,2.0,0.7706422018348624,0.9882352941176471,0.8659793734550476,0.8659793734550476,0.8659793734550476,170.0,0.08500000089406967
fedavg,fedavg,49|374,49|374,2,374,data_2000_3_7.0_chordal,global_val_client_task,val,cycle5,60,,,,,,,,,,2000,166.0,109.0,1725.0,0.0,0.6036363636363636,1.0,0.7528344988822937,0.7528344988822937,0.7528344988822937,166.0,0.08299999684095383
fedavg,fedavg,49|374,49|374,2,374,data_2000_3_7.0_chordal,global_val_client_task,val,cycle6,60,,,,,,,,,,2000,145.0,171.0,1682.0,2.0,0.4588607594936709,0.9863945578231292,0.626349925994873,0.626349925994873,0.626349925994873,147.0,0.07349999994039536
fedavg,fedavg,49|374,49|374,2,all,all,global_val_mean,val,,60,,,0.14397345100343228,0.9602999999999999,0.8572500050067902,0.8178752883786109,0.8355674743652344,0.8355674743652344,0.8355674743652344,4000,,,,,,,,,,,
fedavg,fedavg,49|374,49|374,2,49,data_2000_3_6.5_chordal,train_epoch,train,,61,1.0,0.13304034036397933,,,,,,,,2000,,,,,,,,,,,
fedavg,fedavg,49|374,49|374,2,49,data_2000_3_6.5_chordal,train_epoch,train,,61,2.0,0.12980696675181388,,,,,,,,2000,,,,,,,,,,,
fedavg,fedavg,49|374,49|374,2,49,data_2000_3_6.5_chordal,train_epoch,train,,61,3.0,0.12510946056246758,,,,,,,,2000,,,,,,,,,,,
fedavg,fedavg,49|374,49|374,2,49,data_2000_3_6.5_chordal,val_epoch,val,,61,,,0.17089220499992372,0.9453,0.8169999718666077,0.7768257853937169,0.7981681823730469,0.7981681823730469,0.7981681823730469,2000,,,,,,,,,,,
fedavg,fedavg,49|374,49|374,2,49,data_2000_3_6.5_chordal,val_epoch_task,val,cycle2,61,,,,,,,,,,2000,182.0,6.0,1812.0,0.0,0.9680851063829787,1.0,0.9837838411331177,0.9837838411331177,0.9837838411331177,182.0,0.09099999815225601
fedavg,fedavg,49|374,49|374,2,49,data_2000_3_6.5_chordal,val_epoch_task,val,cycle3,61,,,,,,,,,,2000,193.0,69.0,1738.0,0.0,0.7366412213740458,1.0,0.8483516573905945,0.8483516573905945,0.8483516573905945,193.0,0.09650000184774399
fedavg,fedavg,49|374,49|374,2,49,data_2000_3_6.5_chordal,val_epoch_task,val,cycle4,61,,,,,,,,,,2000,172.0,84.0,1742.0,2.0,0.671875,0.9885057471264368,0.7999999523162842,0.7999999523162842,0.7999999523162842,174.0,0.08699999749660492
fedavg,fedavg,49|374,49|374,2,49,data_2000_3_6.5_chordal,val_epoch_task,val,cycle5,61,,,,,,,,,,2000,194.0,162.0,1644.0,0.0,0.5449438202247191,1.0,0.7054545283317566,0.7054545283317566,0.7054545283317566,194.0,0.09700000286102295
fedavg,fedavg,49|374,49|374,2,49,data_2000_3_6.5_chordal,val_epoch_task,val,cycle6,61,,,,,,,,,,2000,211.0,218.0,1565.0,6.0,0.49184149184149184,0.9723502304147466,0.6532508134841919,0.6532508134841919,0.6532508134841919,217.0,0.10849999636411667
fedavg,fedavg,49|374,49|374,2,374,data_2000_3_7.0_chordal,train_epoch,train,,61,1.0,0.1386706754141487,,,,,,,,2000,,,,,,,,,,,
fedavg,fedavg,49|374,49|374,2,374,data_2000_3_7.0_chordal,train_epoch,train,,61,2.0,0.12899725186824798,,,,,,,,2000,,,,,,,,,,,
fedavg,fedavg,49|374,49|374,2,374,data_2000_3_7.0_chordal,train_epoch,train,,61,3.0,0.15771842938661576,,,,,,,,2000,,,,,,,,,,,
fedavg,fedavg,49|374,49|374,2,374,data_2000_3_7.0_chordal,val_epoch,val,,61,,,0.11559892442822456,0.9701,0.890500009059906,0.8465879938429964,0.8530693054199219,0.8530693054199219,0.8530693054199219,2000,,,,,,,,,,,
fedavg,fedavg,49|374,49|374,2,374,data_2000_3_7.0_chordal,val_epoch_task,val,cycle2,61,,,,,,,,,,2000,178.0,5.0,1817.0,0.0,0.9726775956284153,1.0,0.9861496090888977,0.9861496090888977,0.9861496090888977,178.0,0.08900000154972076
fedavg,fedavg,49|374,49|374,2,374,data_2000_3_7.0_chordal,val_epoch_task,val,cycle3,61,,,,,,,,,,2000,179.0,16.0,1805.0,0.0,0.9179487179487179,1.0,0.9572192430496216,0.9572192430496216,0.9572192430496216,179.0,0.08950000256299973
fedavg,fedavg,49|374,49|374,2,374,data_2000_3_7.0_chordal,val_epoch_task,val,cycle4,61,,,,,,,,,,2000,170.0,45.0,1785.0,0.0,0.7906976744186046,1.0,0.8831169009208679,0.8831169009208679,0.8831169009208679,170.0,0.08500000089406967
fedavg,fedavg,49|374,49|374,2,374,data_2000_3_7.0_chordal,val_epoch_task,val,cycle5,61,,,,,,,,,,2000,165.0,81.0,1753.0,1.0,0.6707317073170732,0.9939759036144579,0.8009707927703857,0.8009707927703857,0.8009707927703857,166.0,0.08299999684095383
fedavg,fedavg,49|374,49|374,2,374,data_2000_3_7.0_chordal,val_epoch_task,val,cycle6,61,,,,,,,,,,2000,133.0,137.0,1716.0,14.0,0.4925925925925926,0.9047619047619048,0.6378897428512573,0.6378897428512573,0.6378897428512573,147.0,0.07349999994039536
fedavg,fedavg,49|374,49|374,2,49,data_2000_3_6.5_chordal,global_val_client,val,,61,,,0.13583714175224304,0.9571,0.8575000166893005,0.816116588084012,0.8365257978439331,0.8365257978439331,0.8365257978439331,2000,,,,,,,,,,,
fedavg,fedavg,49|374,49|374,2,49,data_2000_3_6.5_chordal,global_val_client_task,val,cycle2,61,,,,,,,,,,2000,182.0,5.0,1813.0,0.0,0.9732620320855615,1.0,0.9864498376846313,0.9864498376846313,0.9864498376846313,182.0,0.09099999815225601
fedavg,fedavg,49|374,49|374,2,49,data_2000_3_6.5_chordal,global_val_client_task,val,cycle3,61,,,,,,,,,,2000,193.0,26.0,1781.0,0.0,0.8812785388127854,1.0,0.9368931651115417,0.9368931651115417,0.9368931651115417,193.0,0.09650000184774399
fedavg,fedavg,49|374,49|374,2,49,data_2000_3_6.5_chordal,global_val_client_task,val,cycle4,61,,,,,,,,,,2000,171.0,75.0,1751.0,3.0,0.6951219512195121,0.9827586206896551,0.8142857551574707,0.8142857551574707,0.8142857551574707,174.0,0.08699999749660492
fedavg,fedavg,49|374,49|374,2,49,data_2000_3_6.5_chordal,global_val_client_task,val,cycle5,61,,,,,,,,,,2000,194.0,116.0,1690.0,0.0,0.6258064516129033,1.0,0.7698412537574768,0.7698412537574768,0.7698412537574768,194.0,0.09700000286102295
fedavg,fedavg,49|374,49|374,2,49,data_2000_3_6.5_chordal,global_val_client_task,val,cycle6,61,,,,,,,,,,2000,212.0,199.0,1584.0,5.0,0.5158150851581509,0.9769585253456221,0.675159215927124,0.675159215927124,0.675159215927124,217.0,0.10849999636411667
fedavg,fedavg,49|374,49|374,2,374,data_2000_3_7.0_chordal,global_val_client,val,,61,,,0.11568719076365233,0.9602,0.8679999709129333,0.807170542635659,0.8220775723457336,0.8220775723457336,0.8220775723457336,2000,,,,,,,,,,,
fedavg,fedavg,49|374,49|374,2,374,data_2000_3_7.0_chordal,global_val_client_task,val,cycle2,61,,,,,,,,,,2000,178.0,3.0,1819.0,0.0,0.9834254143646409,1.0,0.991643488407135,0.991643488407135,0.991643488407135,178.0,0.08900000154972076
fedavg,fedavg,49|374,49|374,2,374,data_2000_3_7.0_chordal,global_val_client_task,val,cycle3,61,,,,,,,,,,2000,179.0,21.0,1800.0,0.0,0.895,1.0,0.9445910453796387,0.9445910453796387,0.9445910453796387,179.0,0.08950000256299973
fedavg,fedavg,49|374,49|374,2,374,data_2000_3_7.0_chordal,global_val_client_task,val,cycle4,61,,,,,,,,,,2000,168.0,65.0,1765.0,2.0,0.721030042918455,0.9882352941176471,0.8337469100952148,0.8337469100952148,0.8337469100952148,170.0,0.08500000089406967
fedavg,fedavg,49|374,49|374,2,374,data_2000_3_7.0_chordal,global_val_client_task,val,cycle5,61,,,,,,,,,,2000,164.0,113.0,1721.0,2.0,0.592057761732852,0.9879518072289156,0.7404062747955322,0.7404062747955322,0.7404062747955322,166.0,0.08299999684095383
fedavg,fedavg,49|374,49|374,2,374,data_2000_3_7.0_chordal,global_val_client_task,val,cycle6,61,,,,,,,,,,2000,144.0,189.0,1664.0,3.0,0.43243243243243246,0.9795918367346939,0.6000000238418579,0.6000000238418579,0.6000000238418579,147.0,0.07349999994039536
fedavg,fedavg,49|374,49|374,2,all,all,global_val_mean,val,,61,,,0.12576216625794767,0.95865,0.8627499938011169,0.8116435653598355,0.8293016850948334,0.8293016850948334,0.8293016850948334,4000,,,,,,,,,,,
fedavg,fedavg,49|374,49|374,2,49,data_2000_3_6.5_chordal,train_epoch,train,,62,1.0,0.15149070084095,,,,,,,,2000,,,,,,,,,,,
fedavg,fedavg,49|374,49|374,2,49,data_2000_3_6.5_chordal,train_epoch,train,,62,2.0,0.12041000738739967,,,,,,,,2000,,,,,,,,,,,
fedavg,fedavg,49|374,49|374,2,49,data_2000_3_6.5_chordal,train_epoch,train,,62,3.0,0.13263882571458815,,,,,,,,2000,,,,,,,,,,,
fedavg,fedavg,49|374,49|374,2,49,data_2000_3_6.5_chordal,val_epoch,val,,62,,,0.21427915787696838,0.9672,0.8759999871253967,0.8457196613358419,0.8592537641525269,0.8592537641525269,0.8592537641525269,2000,,,,,,,,,,,
fedavg,fedavg,49|374,49|374,2,49,data_2000_3_6.5_chordal,val_epoch_task,val,cycle2,62,,,,,,,,,,2000,182.0,8.0,1810.0,0.0,0.9578947368421052,1.0,0.9784945845603943,0.9784945845603943,0.9784945845603943,182.0,0.09099999815225601
fedavg,fedavg,49|374,49|374,2,49,data_2000_3_6.5_chordal,val_epoch_task,val,cycle3,62,,,,,,,,,,2000,192.0,8.0,1799.0,1.0,0.96,0.9948186528497409,0.9770991802215576,0.9770991802215576,0.9770991802215576,193.0,0.09650000184774399
fedavg,fedavg,49|374,49|374,2,49,data_2000_3_6.5_chordal,val_epoch_task,val,cycle4,62,,,,,,,,,,2000,168.0,44.0,1782.0,6.0,0.7924528301886793,0.9655172413793104,0.8704662322998047,0.8704662322998047,0.8704662322998047,174.0,0.08699999749660492
fedavg,fedavg,49|374,49|374,2,49,data_2000_3_6.5_chordal,val_epoch_task,val,cycle5,62,,,,,,,,,,2000,185.0,86.0,1720.0,9.0,0.6826568265682657,0.9536082474226805,0.7956990003585815,0.7956990003585815,0.7956990003585815,194.0,0.09700000286102295
fedavg,fedavg,49|374,49|374,2,49,data_2000_3_6.5_chordal,val_epoch_task,val,cycle6,62,,,,,,,,,,2000,172.0,121.0,1662.0,45.0,0.5870307167235495,0.7926267281105991,0.6745097637176514,0.6745097637176514,0.6745097637176514,217.0,0.10849999636411667
fedavg,fedavg,49|374,49|374,2,374,data_2000_3_7.0_chordal,train_epoch,train,,62,1.0,0.15836719518899917,,,,,,,,2000,,,,,,,,,,,
fedavg,fedavg,49|374,49|374,2,374,data_2000_3_7.0_chordal,train_epoch,train,,62,2.0,0.1384565646648407,,,,,,,,2000,,,,,,,,,,,
fedavg,fedavg,49|374,49|374,2,374,data_2000_3_7.0_chordal,train_epoch,train,,62,3.0,0.14035196454823018,,,,,,,,2000,,,,,,,,,,,
fedavg,fedavg,49|374,49|374,2,374,data_2000_3_7.0_chordal,val_epoch,val,,62,,,0.14130484080314637,0.9665,0.8759999871253967,0.830207805372529,0.8431841731071472,0.8431841731071472,0.8431841731071472,2000,,,,,,,,,,,
fedavg,fedavg,49|374,49|374,2,374,data_2000_3_7.0_chordal,val_epoch_task,val,cycle2,62,,,,,,,,,,2000,178.0,7.0,1815.0,0.0,0.9621621621621622,1.0,0.9807162284851074,0.9807162284851074,0.9807162284851074,178.0,0.08900000154972076
fedavg,fedavg,49|374,49|374,2,374,data_2000_3_7.0_chordal,val_epoch_task,val,cycle3,62,,,,,,,,,,2000,178.0,14.0,1807.0,1.0,0.9270833333333334,0.994413407821229,0.9595687389373779,0.9595687389373779,0.9595687389373779,179.0,0.08950000256299973
fedavg,fedavg,49|374,49|374,2,374,data_2000_3_7.0_chordal,val_epoch_task,val,cycle4,62,,,,,,,,,,2000,168.0,49.0,1781.0,2.0,0.7741935483870968,0.9882352941176471,0.8682170510292053,0.8682170510292053,0.8682170510292053,170.0,0.08500000089406967
fedavg,fedavg,49|374,49|374,2,374,data_2000_3_7.0_chordal,val_epoch_task,val,cycle5,62,,,,,,,,,,2000,162.0,61.0,1773.0,4.0,0.726457399103139,0.9759036144578314,0.8329048752784729,0.8329048752784729,0.8329048752784729,166.0,0.08299999684095383
fedavg,fedavg,49|374,49|374,2,374,data_2000_3_7.0_chordal,val_epoch_task,val,cycle6,62,,,,,,,,,,2000,133.0,183.0,1670.0,14.0,0.4208860759493671,0.9047619047619048,0.5745140314102173,0.5745140314102173,0.5745140314102173,147.0,0.07349999994039536
fedavg,fedavg,49|374,49|374,2,49,data_2000_3_6.5_chordal,global_val_client,val,,62,,,0.15881003469228744,0.964,0.8700000047683716,0.8385650224215246,0.8527587652206421,0.8527587652206421,0.8527587652206421,2000,,,,,,,,,,,
fedavg,fedavg,49|374,49|374,2,49,data_2000_3_6.5_chordal,global_val_client_task,val,cycle2,62,,,,,,,,,,2000,182.0,11.0,1807.0,0.0,0.9430051813471503,1.0,0.9706667065620422,0.9706667065620422,0.9706667065620422,182.0,0.09099999815225601
fedavg,fedavg,49|374,49|374,2,49,data_2000_3_6.5_chordal,global_val_client_task,val,cycle3,62,,,,,,,,,,2000,193.0,27.0,1780.0,0.0,0.8772727272727273,1.0,0.9346246719360352,0.9346246719360352,0.9346246719360352,193.0,0.09650000184774399
fedavg,fedavg,49|374,49|374,2,49,data_2000_3_6.5_chordal,global_val_client_task,val,cycle4,62,,,,,,,,,,2000,170.0,62.0,1764.0,4.0,0.7327586206896551,0.9770114942528736,0.8374384045600891,0.8374384045600891,0.8374384045600891,174.0,0.08699999749660492
fedavg,fedavg,49|374,49|374,2,49,data_2000_3_6.5_chordal,global_val_client_task,val,cycle5,62,,,,,,,,,,2000,192.0,76.0,1730.0,2.0,0.7164179104477612,0.9896907216494846,0.8311688899993896,0.8311688899993896,0.8311688899993896,194.0,0.09700000286102295
fedavg,fedavg,49|374,49|374,2,49,data_2000_3_6.5_chordal,global_val_client_task,val,cycle6,62,,,,,,,,,,2000,198.0,159.0,1624.0,19.0,0.5546218487394958,0.9124423963133641,0.6898954510688782,0.6898954510688782,0.6898954510688782,217.0,0.10849999636411667
fedavg,fedavg,49|374,49|374,2,374,data_2000_3_7.0_chordal,global_val_client,val,,62,,,0.12276901632547378,0.9688,0.8820000290870667,0.8406537282941778,0.8474480509757996,0.8474480509757996,0.8474480509757996,2000,,,,,,,,,,,
fedavg,fedavg,49|374,49|374,2,374,data_2000_3_7.0_chordal,global_val_client_task,val,cycle2,62,,,,,,,,,,2000,178.0,4.0,1818.0,0.0,0.978021978021978,1.0,0.9888889193534851,0.9888889193534851,0.9888889193534851,178.0,0.08900000154972076
fedavg,fedavg,49|374,49|374,2,374,data_2000_3_7.0_chordal,global_val_client_task,val,cycle3,62,,,,,,,,,,2000,179.0,30.0,1791.0,0.0,0.8564593301435407,1.0,0.9226803779602051,0.9226803779602051,0.9226803779602051,179.0,0.08950000256299973
fedavg,fedavg,49|374,49|374,2,374,data_2000_3_7.0_chordal,global_val_client_task,val,cycle4,62,,,,,,,,,,2000,169.0,54.0,1776.0,1.0,0.757847533632287,0.9941176470588236,0.8600508570671082,0.8600508570671082,0.8600508570671082,170.0,0.08500000089406967
fedavg,fedavg,49|374,49|374,2,374,data_2000_3_7.0_chordal,global_val_client_task,val,cycle5,62,,,,,,,,,,2000,166.0,57.0,1777.0,0.0,0.7443946188340808,1.0,0.8534704446792603,0.8534704446792603,0.8534704446792603,166.0,0.08299999684095383
fedavg,fedavg,49|374,49|374,2,374,data_2000_3_7.0_chordal,global_val_client_task,val,cycle6,62,,,,,,,,,,2000,131.0,150.0,1703.0,16.0,0.46619217081850534,0.891156462585034,0.6121494770050049,0.6121494770050049,0.6121494770050049,147.0,0.07349999994039536
fedavg,fedavg,49|374,49|374,2,all,all,global_val_mean,val,,62,,,0.1407895255088806,0.9663999999999999,0.8760000169277191,0.8396093753578513,0.8501034080982208,0.8501034080982208,0.8501034080982208,4000,,,,,,,,,,,
fedavg,fedavg,49|374,49|374,2,49,data_2000_3_6.5_chordal,train_epoch,train,,63,1.0,0.13360815052688121,,,,,,,,2000,,,,,,,,,,,
fedavg,fedavg,49|374,49|374,2,49,data_2000_3_6.5_chordal,train_epoch,train,,63,2.0,0.11970553247630596,,,,,,,,2000,,,,,,,,,,,
fedavg,fedavg,49|374,49|374,2,49,data_2000_3_6.5_chordal,train_epoch,train,,63,3.0,0.1458584464788437,,,,,,,,2000,,,,,,,,,,,
fedavg,fedavg,49|374,49|374,2,49,data_2000_3_6.5_chordal,val_epoch,val,,63,,,0.20633329916000367,0.9599,0.8690000176429749,0.8216985326811916,0.8371613621711731,0.8371613621711731,0.8371613621711731,2000,,,,,,,,,,,
fedavg,fedavg,49|374,49|374,2,49,data_2000_3_6.5_chordal,val_epoch_task,val,cycle2,63,,,,,,,,,,2000,177.0,8.0,1810.0,5.0,0.9567567567567568,0.9725274725274725,0.9645776152610779,0.9645776152610779,0.9645776152610779,182.0,0.09099999815225601
fedavg,fedavg,49|374,49|374,2,49,data_2000_3_6.5_chordal,val_epoch_task,val,cycle3,63,,,,,,,,,,2000,190.0,16.0,1791.0,3.0,0.9223300970873787,0.9844559585492227,0.9523809552192688,0.9523809552192688,0.9523809552192688,193.0,0.09650000184774399
fedavg,fedavg,49|374,49|374,2,49,data_2000_3_6.5_chordal,val_epoch_task,val,cycle4,63,,,,,,,,,,2000,174.0,85.0,1741.0,0.0,0.6718146718146718,1.0,0.8036951422691345,0.8036951422691345,0.8036951422691345,174.0,0.08699999749660492
fedavg,fedavg,49|374,49|374,2,49,data_2000_3_6.5_chordal,val_epoch_task,val,cycle5,63,,,,,,,,,,2000,190.0,105.0,1701.0,4.0,0.6440677966101694,0.979381443298969,0.7770960927009583,0.7770960927009583,0.7770960927009583,194.0,0.09700000286102295
fedavg,fedavg,49|374,49|374,2,49,data_2000_3_6.5_chordal,val_epoch_task,val,cycle6,63,,,,,,,,,,2000,193.0,151.0,1632.0,24.0,0.561046511627907,0.8894009216589862,0.6880570650100708,0.6880570650100708,0.6880570650100708,217.0,0.10849999636411667
fedavg,fedavg,49|374,49|374,2,374,data_2000_3_7.0_chordal,train_epoch,train,,63,1.0,0.127474380671978,,,,,,,,2000,,,,,,,,,,,
fedavg,fedavg,49|374,49|374,2,374,data_2000_3_7.0_chordal,train_epoch,train,,63,2.0,0.11949923795461655,,,,,,,,2000,,,,,,,,,,,
fedavg,fedavg,49|374,49|374,2,374,data_2000_3_7.0_chordal,train_epoch,train,,63,3.0,0.1300056825876236,,,,,,,,2000,,,,,,,,,,,
fedavg,fedavg,49|374,49|374,2,374,data_2000_3_7.0_chordal,val_epoch,val,,63,,,0.12891731935739517,0.97,0.8949999809265137,0.8439125910509887,0.8492799997329712,0.8492799997329712,0.8492799997329712,2000,,,,,,,,,,,
fedavg,fedavg,49|374,49|374,2,374,data_2000_3_7.0_chordal,val_epoch_task,val,cycle2,63,,,,,,,,,,2000,178.0,8.0,1814.0,0.0,0.956989247311828,1.0,0.9780219197273254,0.9780219197273254,0.9780219197273254,178.0,0.08900000154972076
fedavg,fedavg,49|374,49|374,2,374,data_2000_3_7.0_chordal,val_epoch_task,val,cycle3,63,,,,,,,,,,2000,179.0,12.0,1809.0,0.0,0.93717277486911,1.0,0.9675675630569458,0.9675675630569458,0.9675675630569458,179.0,0.08950000256299973
fedavg,fedavg,49|374,49|374,2,374,data_2000_3_7.0_chordal,val_epoch_task,val,cycle4,63,,,,,,,,,,2000,166.0,35.0,1795.0,4.0,0.8258706467661692,0.9764705882352941,0.8948786854743958,0.8948786854743958,0.8948786854743958,170.0,0.08500000089406967
fedavg,fedavg,49|374,49|374,2,374,data_2000_3_7.0_chordal,val_epoch_task,val,cycle5,63,,,,,,,,,,2000,164.0,89.0,1745.0,2.0,0.6482213438735178,0.9879518072289156,0.7828162312507629,0.7828162312507629,0.7828162312507629,166.0,0.08299999684095383
fedavg,fedavg,49|374,49|374,2,374,data_2000_3_7.0_chordal,val_epoch_task,val,cycle6,63,,,,,,,,,,2000,124.0,127.0,1726.0,23.0,0.4940239043824701,0.8435374149659864,0.623115599155426,0.623115599155426,0.623115599155426,147.0,0.07349999994039536
fedavg,fedavg,49|374,49|374,2,49,data_2000_3_6.5_chordal,global_val_client,val,,63,,,0.16354307040572166,0.9597,0.8705000281333923,0.8231680561649847,0.8383833169937134,0.8383833169937134,0.8383833169937134,2000,,,,,,,,,,,
fedavg,fedavg,49|374,49|374,2,49,data_2000_3_6.5_chordal,global_val_client_task,val,cycle2,63,,,,,,,,,,2000,182.0,14.0,1804.0,0.0,0.9285714285714286,1.0,0.9629629254341125,0.9629629254341125,0.9629629254341125,182.0,0.09099999815225601
fedavg,fedavg,49|374,49|374,2,49,data_2000_3_6.5_chordal,global_val_client_task,val,cycle3,63,,,,,,,,,,2000,193.0,20.0,1787.0,0.0,0.9061032863849765,1.0,0.9507389068603516,0.9507389068603516,0.9507389068603516,193.0,0.09650000184774399
fedavg,fedavg,49|374,49|374,2,49,data_2000_3_6.5_chordal,global_val_client_task,val,cycle4,63,,,,,,,,,,2000,171.0,74.0,1752.0,3.0,0.6979591836734694,0.9827586206896551,0.8162291049957275,0.8162291049957275,0.8162291049957275,174.0,0.08699999749660492
fedavg,fedavg,49|374,49|374,2,49,data_2000_3_6.5_chordal,global_val_client_task,val,cycle5,63,,,,,,,,,,2000,193.0,116.0,1690.0,1.0,0.6245954692556634,0.9948453608247423,0.7673956751823425,0.7673956751823425,0.7673956751823425,194.0,0.09700000286102295
fedavg,fedavg,49|374,49|374,2,49,data_2000_3_6.5_chordal,global_val_client_task,val,cycle6,63,,,,,,,,,,2000,199.0,157.0,1626.0,18.0,0.5589887640449438,0.9170506912442397,0.6945899128913879,0.6945899128913879,0.6945899128913879,217.0,0.10849999636411667
fedavg,fedavg,49|374,49|374,2,374,data_2000_3_7.0_chordal,global_val_client,val,,63,,,0.10921011857688427,0.9688,0.8949999809265137,0.8419452887537995,0.8487451672554016,0.8487451672554016,0.8487451672554016,2000,,,,,,,,,,,
fedavg,fedavg,49|374,49|374,2,374,data_2000_3_7.0_chordal,global_val_client_task,val,cycle2,63,,,,,,,,,,2000,178.0,10.0,1812.0,0.0,0.9468085106382979,1.0,0.9726775884628296,0.9726775884628296,0.9726775884628296,178.0,0.08900000154972076
fedavg,fedavg,49|374,49|374,2,374,data_2000_3_7.0_chordal,global_val_client_task,val,cycle3,63,,,,,,,,,,2000,179.0,13.0,1808.0,0.0,0.9322916666666666,1.0,0.9649595618247986,0.9649595618247986,0.9649595618247986,179.0,0.08950000256299973
fedavg,fedavg,49|374,49|374,2,374,data_2000_3_7.0_chordal,global_val_client_task,val,cycle4,63,,,,,,,,,,2000,169.0,51.0,1779.0,1.0,0.7681818181818182,0.9941176470588236,0.8666666150093079,0.8666666150093079,0.8666666150093079,170.0,0.08500000089406967
fedavg,fedavg,49|374,49|374,2,374,data_2000_3_7.0_chordal,global_val_client_task,val,cycle5,63,,,,,,,,,,2000,166.0,95.0,1739.0,0.0,0.6360153256704981,1.0,0.777517557144165,0.777517557144165,0.777517557144165,166.0,0.08299999684095383
fedavg,fedavg,49|374,49|374,2,374,data_2000_3_7.0_chordal,global_val_client_task,val,cycle6,63,,,,,,,,,,2000,139.0,134.0,1719.0,8.0,0.5091575091575091,0.9455782312925171,0.6619047522544861,0.6619047522544861,0.6619047522544861,147.0,0.07349999994039536
fedavg,fedavg,49|374,49|374,2,all,all,global_val_mean,val,,63,,,0.13637659449130296,0.96425,0.882750004529953,0.832556672459392,0.8435642421245575,0.8435642421245575,0.8435642421245575,4000,,,,,,,,,,,
fedavg,fedavg,49|374,49|374,2,49,data_2000_3_6.5_chordal,train_epoch,train,,64,1.0,0.14531217676401137,,,,,,,,2000,,,,,,,,,,,
fedavg,fedavg,49|374,49|374,2,49,data_2000_3_6.5_chordal,train_epoch,train,,64,2.0,0.13154704463481903,,,,,,,,2000,,,,,,,,,,,
fedavg,fedavg,49|374,49|374,2,49,data_2000_3_6.5_chordal,train_epoch,train,,64,3.0,0.11736226981878281,,,,,,,,2000,,,,,,,,,,,
fedavg,fedavg,49|374,49|374,2,49,data_2000_3_6.5_chordal,val_epoch,val,,64,,,0.20420059693045914,0.9619,0.8579999804496765,0.82907133243607,0.8479892611503601,0.8479892611503601,0.8479892611503601,2000,,,,,,,,,,,
fedavg,fedavg,49|374,49|374,2,49,data_2000_3_6.5_chordal,val_epoch_task,val,cycle2,64,,,,,,,,,,2000,181.0,15.0,1803.0,1.0,0.923469387755102,0.9945054945054945,0.9576719403266907,0.9576719403266907,0.9576719403266907,182.0,0.09099999815225601
fedavg,fedavg,49|374,49|374,2,49,data_2000_3_6.5_chordal,val_epoch_task,val,cycle3,64,,,,,,,,,,2000,191.0,15.0,1792.0,2.0,0.9271844660194175,0.9896373056994818,0.9573934674263,0.9573934674263,0.9573934674263,193.0,0.09650000184774399
fedavg,fedavg,49|374,49|374,2,49,data_2000_3_6.5_chordal,val_epoch_task,val,cycle4,64,,,,,,,,,,2000,167.0,38.0,1788.0,7.0,0.8146341463414634,0.9597701149425287,0.8812665343284607,0.8812665343284607,0.8812665343284607,174.0,0.08699999749660492
fedavg,fedavg,49|374,49|374,2,49,data_2000_3_6.5_chordal,val_epoch_task,val,cycle5,64,,,,,,,,,,2000,190.0,108.0,1698.0,4.0,0.6375838926174496,0.979381443298969,0.7723577618598938,0.7723577618598938,0.7723577618598938,194.0,0.09700000286102295
fedavg,fedavg,49|374,49|374,2,49,data_2000_3_6.5_chordal,val_epoch_task,val,cycle6,64,,,,,,,,,,2000,195.0,169.0,1614.0,22.0,0.5357142857142857,0.8986175115207373,0.671256422996521,0.671256422996521,0.671256422996521,217.0,0.10849999636411667
fedavg,fedavg,49|374,49|374,2,374,data_2000_3_7.0_chordal,train_epoch,train,,64,1.0,0.14313402247428894,,,,,,,,2000,,,,,,,,,,,
fedavg,fedavg,49|374,49|374,2,374,data_2000_3_7.0_chordal,train_epoch,train,,64,2.0,0.14412961092591287,,,,,,,,2000,,,,,,,,,,,
fedavg,fedavg,49|374,49|374,2,374,data_2000_3_7.0_chordal,train_epoch,train,,64,3.0,0.13242060381174087,,,,,,,,2000,,,,,,,,,,,
fedavg,fedavg,49|374,49|374,2,374,data_2000_3_7.0_chordal,val_epoch,val,,64,,,0.17201801478862763,0.962,0.8640000224113464,0.8109452736318409,0.8300040364265442,0.8300040364265442,0.8300040364265442,2000,,,,,,,,,,,
fedavg,fedavg,49|374,49|374,2,374,data_2000_3_7.0_chordal,val_epoch_task,val,cycle2,64,,,,,,,,,,2000,178.0,10.0,1812.0,0.0,0.9468085106382979,1.0,0.9726775884628296,0.9726775884628296,0.9726775884628296,178.0,0.08900000154972076
fedavg,fedavg,49|374,49|374,2,374,data_2000_3_7.0_chordal,val_epoch_task,val,cycle3,64,,,,,,,,,,2000,179.0,19.0,1802.0,0.0,0.9040404040404041,1.0,0.9496021270751953,0.9496021270751953,0.9496021270751953,179.0,0.08950000256299973
fedavg,fedavg,49|374,49|374,2,374,data_2000_3_7.0_chordal,val_epoch_task,val,cycle4,64,,,,,,,,,,2000,161.0,31.0,1799.0,9.0,0.8385416666666666,0.9470588235294117,0.889502763748169,0.889502763748169,0.889502763748169,170.0,0.08500000089406967
fedavg,fedavg,49|374,49|374,2,374,data_2000_3_7.0_chordal,val_epoch_task,val,cycle5,64,,,,,,,,,,2000,162.0,79.0,1755.0,4.0,0.6721991701244814,0.9759036144578314,0.7960688471794128,0.7960688471794128,0.7960688471794128,166.0,0.08299999684095383
fedavg,fedavg,49|374,49|374,2,374,data_2000_3_7.0_chordal,val_epoch_task,val,cycle6,64,,,,,,,,,,2000,135.0,216.0,1637.0,12.0,0.38461538461538464,0.9183673469387755,0.5421686768531799,0.5421686768531799,0.5421686768531799,147.0,0.07349999994039536
fedavg,fedavg,49|374,49|374,2,49,data_2000_3_6.5_chordal,global_val_client,val,,64,,,0.14755954849720002,0.9627,0.8600000143051147,0.8347363757199823,0.8574945330619812,0.8574945330619812,0.8574945330619812,2000,,,,,,,,,,,
fedavg,fedavg,49|374,49|374,2,49,data_2000_3_6.5_chordal,global_val_client_task,val,cycle2,64,,,,,,,,,,2000,182.0,5.0,1813.0,0.0,0.9732620320855615,1.0,0.9864498376846313,0.9864498376846313,0.9864498376846313,182.0,0.09099999815225601
fedavg,fedavg,49|374,49|374,2,49,data_2000_3_6.5_chordal,global_val_client_task,val,cycle3,64,,,,,,,,,,2000,193.0,13.0,1794.0,0.0,0.9368932038834952,1.0,0.9674185514450073,0.9674185514450073,0.9674185514450073,193.0,0.09650000184774399
fedavg,fedavg,49|374,49|374,2,49,data_2000_3_6.5_chordal,global_val_client_task,val,cycle4,64,,,,,,,,,,2000,171.0,54.0,1772.0,3.0,0.76,0.9827586206896551,0.8571428656578064,0.8571428656578064,0.8571428656578064,174.0,0.08699999749660492
fedavg,fedavg,49|374,49|374,2,49,data_2000_3_6.5_chordal,global_val_client_task,val,cycle5,64,,,,,,,,,,2000,192.0,82.0,1724.0,2.0,0.7007299270072993,0.9896907216494846,0.8205128312110901,0.8205128312110901,0.8205128312110901,194.0,0.09700000286102295
fedavg,fedavg,49|374,49|374,2,49,data_2000_3_6.5_chordal,global_val_client_task,val,cycle6,64,,,,,,,,,,2000,204.0,201.0,1582.0,13.0,0.5037037037037037,0.9400921658986175,0.6559485197067261,0.6559485197067261,0.6559485197067261,217.0,0.10849999636411667
fedavg,fedavg,49|374,49|374,2,374,data_2000_3_7.0_chordal,global_val_client,val,,64,,,0.11486829543113708,0.9694,0.8845000267028809,0.8433981576253838,0.8541318774223328,0.8541318774223328,0.8541318774223328,2000,,,,,,,,,,,
fedavg,fedavg,49|374,49|374,2,374,data_2000_3_7.0_chordal,global_val_client_task,val,cycle2,64,,,,,,,,,,2000,178.0,12.0,1810.0,0.0,0.9368421052631579,1.0,0.967391312122345,0.967391312122345,0.967391312122345,178.0,0.08900000154972076
fedavg,fedavg,49|374,49|374,2,374,data_2000_3_7.0_chordal,global_val_client_task,val,cycle3,64,,,,,,,,,,2000,179.0,17.0,1804.0,0.0,0.9132653061224489,1.0,0.9546666741371155,0.9546666741371155,0.9546666741371155,179.0,0.08950000256299973
fedavg,fedavg,49|374,49|374,2,374,data_2000_3_7.0_chordal,global_val_client_task,val,cycle4,64,,,,,,,,,,2000,163.0,25.0,1805.0,7.0,0.8670212765957447,0.9588235294117647,0.9106144905090332,0.9106144905090332,0.9106144905090332,170.0,0.08500000089406967
fedavg,fedavg,49|374,49|374,2,374,data_2000_3_7.0_chordal,global_val_client_task,val,cycle5,64,,,,,,,,,,2000,165.0,70.0,1764.0,1.0,0.7021276595744681,0.9939759036144579,0.8229425549507141,0.8229425549507141,0.8229425549507141,166.0,0.08299999684095383
fedavg,fedavg,49|374,49|374,2,374,data_2000_3_7.0_chordal,global_val_client_task,val,cycle6,64,,,,,,,,,,2000,139.0,166.0,1687.0,8.0,0.4557377049180328,0.9455782312925171,0.6150442361831665,0.6150442361831665,0.6150442361831665,147.0,0.07349999994039536
fedavg,fedavg,49|374,49|374,2,all,all,global_val_mean,val,,64,,,0.13121392196416856,0.9660500000000001,0.8722500205039978,0.8390672666726829,0.855813205242157,0.855813205242157,0.855813205242157,4000,,,,,,,,,,,
fedavg,fedavg,49|374,49|374,2,49,data_2000_3_6.5_chordal,train_epoch,train,,65,1.0,0.15052027729153633,,,,,,,,2000,,,,,,,,,,,
fedavg,fedavg,49|374,49|374,2,49,data_2000_3_6.5_chordal,train_epoch,train,,65,2.0,0.12223724234104157,,,,,,,,2000,,,,,,,,,,,
fedavg,fedavg,49|374,49|374,2,49,data_2000_3_6.5_chordal,train_epoch,train,,65,3.0,0.1165107459127903,,,,,,,,2000,,,,,,,,,,,
fedavg,fedavg,49|374,49|374,2,49,data_2000_3_6.5_chordal,val_epoch,val,,65,,,0.1971580866649747,0.9563,0.8554999828338623,0.8102475032566219,0.8238738775253296,0.8238738775253296,0.8238738775253296,2000,,,,,,,,,,,
fedavg,fedavg,49|374,49|374,2,49,data_2000_3_6.5_chordal,val_epoch_task,val,cycle2,65,,,,,,,,,,2000,178.0,9.0,1809.0,4.0,0.9518716577540107,0.978021978021978,0.9647696018218994,0.9647696018218994,0.9647696018218994,182.0,0.09099999815225601
fedavg,fedavg,49|374,49|374,2,49,data_2000_3_6.5_chordal,val_epoch_task,val,cycle3,65,,,,,,,,,,2000,193.0,26.0,1781.0,0.0,0.8812785388127854,1.0,0.9368931651115417,0.9368931651115417,0.9368931651115417,193.0,0.09650000184774399
fedavg,fedavg,49|374,49|374,2,49,data_2000_3_6.5_chordal,val_epoch_task,val,cycle4,65,,,,,,,,,,2000,172.0,110.0,1716.0,2.0,0.6099290780141844,0.9885057471264368,0.7543859481811523,0.7543859481811523,0.7543859481811523,174.0,0.08699999749660492
fedavg,fedavg,49|374,49|374,2,49,data_2000_3_6.5_chordal,val_epoch_task,val,cycle5,65,,,,,,,,,,2000,187.0,131.0,1675.0,7.0,0.5880503144654088,0.9639175257731959,0.73046875,0.73046875,0.73046875,194.0,0.09700000286102295
fedavg,fedavg,49|374,49|374,2,49,data_2000_3_6.5_chordal,val_epoch_task,val,cycle6,65,,,,,,,,,,2000,203.0,134.0,1649.0,14.0,0.6023738872403561,0.9354838709677419,0.7328519821166992,0.7328519821166992,0.7328519821166992,217.0,0.10849999636411667
fedavg,fedavg,49|374,49|374,2,374,data_2000_3_7.0_chordal,train_epoch,train,,65,1.0,0.14992897295951843,,,,,,,,2000,,,,,,,,,,,
fedavg,fedavg,49|374,49|374,2,374,data_2000_3_7.0_chordal,train_epoch,train,,65,2.0,0.1431195112466812,,,,,,,,2000,,,,,,,,,,,
fedavg,fedavg,49|374,49|374,2,374,data_2000_3_7.0_chordal,train_epoch,train,,65,3.0,0.14750808295607568,,,,,,,,2000,,,,,,,,,,,
fedavg,fedavg,49|374,49|374,2,374,data_2000_3_7.0_chordal,val_epoch,val,,65,,,0.14466173617728054,0.9538,0.8500000238418579,0.7824858757062146,0.8022672533988953,0.8022672533988953,0.8022672533988953,2000,,,,,,,,,,,
fedavg,fedavg,49|374,49|374,2,374,data_2000_3_7.0_chordal,val_epoch_task,val,cycle2,65,,,,,,,,,,2000,178.0,8.0,1814.0,0.0,0.956989247311828,1.0,0.9780219197273254,0.9780219197273254,0.9780219197273254,178.0,0.08900000154972076
fedavg,fedavg,49|374,49|374,2,374,data_2000_3_7.0_chordal,val_epoch_task,val,cycle3,65,,,,,,,,,,2000,179.0,26.0,1795.0,0.0,0.8731707317073171,1.0,0.9322916865348816,0.9322916865348816,0.9322916865348816,179.0,0.08950000256299973
fedavg,fedavg,49|374,49|374,2,374,data_2000_3_7.0_chordal,val_epoch_task,val,cycle4,65,,,,,,,,,,2000,169.0,63.0,1767.0,1.0,0.728448275862069,0.9941176470588236,0.8407959938049316,0.8407959938049316,0.8407959938049316,170.0,0.08500000089406967
fedavg,fedavg,49|374,49|374,2,374,data_2000_3_7.0_chordal,val_epoch_task,val,cycle5,65,,,,,,,,,,2000,165.0,133.0,1701.0,1.0,0.5536912751677853,0.9939759036144579,0.7112069129943848,0.7112069129943848,0.7112069129943848,166.0,0.08299999684095383
fedavg,fedavg,49|374,49|374,2,374,data_2000_3_7.0_chordal,val_epoch_task,val,cycle6,65,,,,,,,,,,2000,140.0,223.0,1630.0,7.0,0.3856749311294766,0.9523809523809523,0.5490196347236633,0.5490196347236633,0.5490196347236633,147.0,0.07349999994039536
fedavg,fedavg,49|374,49|374,2,49,data_2000_3_6.5_chordal,global_val_client,val,,65,,,0.14700376814603805,0.954,0.8460000157356262,0.8049194232400341,0.8229278326034546,0.8229278326034546,0.8229278326034546,2000,,,,,,,,,,,
fedavg,fedavg,49|374,49|374,2,49,data_2000_3_6.5_chordal,global_val_client_task,val,cycle2,65,,,,,,,,,,2000,182.0,8.0,1810.0,0.0,0.9578947368421052,1.0,0.9784945845603943,0.9784945845603943,0.9784945845603943,182.0,0.09099999815225601
fedavg,fedavg,49|374,49|374,2,49,data_2000_3_6.5_chordal,global_val_client_task,val,cycle3,65,,,,,,,,,,2000,193.0,32.0,1775.0,0.0,0.8577777777777778,1.0,0.923444926738739,0.923444926738739,0.923444926738739,193.0,0.09650000184774399
fedavg,fedavg,49|374,49|374,2,49,data_2000_3_6.5_chordal,global_val_client_task,val,cycle4,65,,,,,,,,,,2000,172.0,98.0,1728.0,2.0,0.6370370370370371,0.9885057471264368,0.7747747898101807,0.7747747898101807,0.7747747898101807,174.0,0.08699999749660492
fedavg,fedavg,49|374,49|374,2,49,data_2000_3_6.5_chordal,global_val_client_task,val,cycle5,65,,,,,,,,,,2000,194.0,123.0,1683.0,0.0,0.61198738170347,1.0,0.7592954635620117,0.7592954635620117,0.7592954635620117,194.0,0.09700000286102295
fedavg,fedavg,49|374,49|374,2,49,data_2000_3_6.5_chordal,global_val_client_task,val,cycle6,65,,,,,,,,,,2000,208.0,188.0,1595.0,9.0,0.5252525252525253,0.9585253456221198,0.6786296963691711,0.6786296963691711,0.6786296963691711,217.0,0.10849999636411667
fedavg,fedavg,49|374,49|374,2,374,data_2000_3_7.0_chordal,global_val_client,val,,65,,,0.12609335005283356,0.9615,0.8684999942779541,0.8115516397454724,0.8223783373832703,0.8223783373832703,0.8223783373832703,2000,,,,,,,,,,,
fedavg,fedavg,49|374,49|374,2,374,data_2000_3_7.0_chordal,global_val_client_task,val,cycle2,65,,,,,,,,,,2000,178.0,5.0,1817.0,0.0,0.9726775956284153,1.0,0.9861496090888977,0.9861496090888977,0.9861496090888977,178.0,0.08900000154972076
fedavg,fedavg,49|374,49|374,2,374,data_2000_3_7.0_chordal,global_val_client_task,val,cycle3,65,,,,,,,,,,2000,179.0,23.0,1798.0,0.0,0.8861386138613861,1.0,0.9396325349807739,0.9396325349807739,0.9396325349807739,179.0,0.08950000256299973
fedavg,fedavg,49|374,49|374,2,374,data_2000_3_7.0_chordal,global_val_client_task,val,cycle4,65,,,,,,,,,,2000,169.0,80.0,1750.0,1.0,0.678714859437751,0.9941176470588236,0.8066825866699219,0.8066825866699219,0.8066825866699219,170.0,0.08500000089406967
fedavg,fedavg,49|374,49|374,2,374,data_2000_3_7.0_chordal,global_val_client_task,val,cycle5,65,,,,,,,,,,2000,165.0,96.0,1738.0,1.0,0.632183908045977,0.9939759036144579,0.7728337049484253,0.7728337049484253,0.7728337049484253,166.0,0.08299999684095383
fedavg,fedavg,49|374,49|374,2,374,data_2000_3_7.0_chordal,global_val_client_task,val,cycle6,65,,,,,,,,,,2000,138.0,170.0,1683.0,9.0,0.44805194805194803,0.9387755102040817,0.6065934300422668,0.6065934300422668,0.6065934300422668,147.0,0.07349999994039536
fedavg,fedavg,49|374,49|374,2,all,all,global_val_mean,val,,65,,,0.1365485590994358,0.95775,0.8572500050067902,0.8082355314927533,0.8226530849933624,0.8226530849933624,0.8226530849933624,4000,,,,,,,,,,,
fedavg,fedavg,49|374,49|374,2,49,data_2000_3_6.5_chordal,train_epoch,train,,66,1.0,0.12041946810483932,,,,,,,,2000,,,,,,,,,,,
fedavg,fedavg,49|374,49|374,2,49,data_2000_3_6.5_chordal,train_epoch,train,,66,2.0,0.15465315175056457,,,,,,,,2000,,,,,,,,,,,
fedavg,fedavg,49|374,49|374,2,49,data_2000_3_6.5_chordal,train_epoch,train,,66,3.0,0.13491022580862044,,,,,,,,2000,,,,,,,,,,,
fedavg,fedavg,49|374,49|374,2,49,data_2000_3_6.5_chordal,val_epoch,val,,66,,,0.17708949089050294,0.9608,0.8629999756813049,0.8263950398582817,0.8416880369186401,0.8416880369186401,0.8416880369186401,2000,,,,,,,,,,,
fedavg,fedavg,49|374,49|374,2,49,data_2000_3_6.5_chordal,val_epoch_task,val,cycle2,66,,,,,,,,,,2000,182.0,0.0,1818.0,0.0,1.0,1.0,1.0,1.0,1.0,182.0,0.09099999815225601
fedavg,fedavg,49|374,49|374,2,49,data_2000_3_6.5_chordal,val_epoch_task,val,cycle3,66,,,,,,,,,,2000,193.0,18.0,1789.0,0.0,0.9146919431279621,1.0,0.9554455280303955,0.9554455280303955,0.9554455280303955,193.0,0.09650000184774399
fedavg,fedavg,49|374,49|374,2,49,data_2000_3_6.5_chordal,val_epoch_task,val,cycle4,66,,,,,,,,,,2000,174.0,103.0,1723.0,0.0,0.628158844765343,1.0,0.771618664264679,0.771618664264679,0.771618664264679,174.0,0.08699999749660492
fedavg,fedavg,49|374,49|374,2,49,data_2000_3_6.5_chordal,val_epoch_task,val,cycle5,66,,,,,,,,,,2000,192.0,110.0,1696.0,2.0,0.6357615894039735,0.9896907216494846,0.7741935849189758,0.7741935849189758,0.7741935849189758,194.0,0.09700000286102295
fedavg,fedavg,49|374,49|374,2,49,data_2000_3_6.5_chordal,val_epoch_task,val,cycle6,66,,,,,,,,,,2000,192.0,134.0,1649.0,25.0,0.588957055214724,0.8847926267281107,0.7071823477745056,0.7071823477745056,0.7071823477745056,217.0,0.10849999636411667
fedavg,fedavg,49|374,49|374,2,374,data_2000_3_7.0_chordal,train_epoch,train,,66,1.0,0.15484114849567412,,,,,,,,2000,,,,,,,,,,,
fedavg,fedavg,49|374,49|374,2,374,data_2000_3_7.0_chordal,train_epoch,train,,66,2.0,0.1371920518875122,,,,,,,,2000,,,,,,,,,,,
fedavg,fedavg,49|374,49|374,2,374,data_2000_3_7.0_chordal,train_epoch,train,,66,3.0,0.12873838979005814,,,,,,,,2000,,,,,,,,,,,
fedavg,fedavg,49|374,49|374,2,374,data_2000_3_7.0_chordal,val_epoch,val,,66,,,0.13886989697813987,0.9713,0.8970000147819519,0.8498168498168498,0.8524050712585449,0.8524050712585449,0.8524050712585449,2000,,,,,,,,,,,
fedavg,fedavg,49|374,49|374,2,374,data_2000_3_7.0_chordal,val_epoch_task,val,cycle2,66,,,,,,,,,,2000,178.0,14.0,1808.0,0.0,0.9270833333333334,1.0,0.9621621966362,0.9621621966362,0.9621621966362,178.0,0.08900000154972076
fedavg,fedavg,49|374,49|374,2,374,data_2000_3_7.0_chordal,val_epoch_task,val,cycle3,66,,,,,,,,,,2000,178.0,16.0,1805.0,1.0,0.9175257731958762,0.994413407821229,0.9544236063957214,0.9544236063957214,0.9544236063957214,179.0,0.08950000256299973
fedavg,fedavg,49|374,49|374,2,374,data_2000_3_7.0_chordal,val_epoch_task,val,cycle4,66,,,,,,,,,,2000,163.0,53.0,1777.0,7.0,0.7546296296296297,0.9588235294117647,0.8445595502853394,0.8445595502853394,0.8445595502853394,170.0,0.08500000089406967
fedavg,fedavg,49|374,49|374,2,374,data_2000_3_7.0_chordal,val_epoch_task,val,cycle5,66,,,,,,,,,,2000,158.0,61.0,1773.0,8.0,0.7214611872146118,0.9518072289156626,0.8207792043685913,0.8207792043685913,0.8207792043685913,166.0,0.08299999684095383
fedavg,fedavg,49|374,49|374,2,374,data_2000_3_7.0_chordal,val_epoch_task,val,cycle6,66,,,,,,,,,,2000,135.0,115.0,1738.0,12.0,0.54,0.9183673469387755,0.6801007390022278,0.6801007390022278,0.6801007390022278,147.0,0.07349999994039536
fedavg,fedavg,49|374,49|374,2,49,data_2000_3_6.5_chordal,global_val_client,val,,66,,,0.1426474499925971,0.9617,0.8634999990463257,0.8312031732040547,0.846501350402832,0.846501350402832,0.846501350402832,2000,,,,,,,,,,,
fedavg,fedavg,49|374,49|374,2,49,data_2000_3_6.5_chordal,global_val_client_task,val,cycle2,66,,,,,,,,,,2000,182.0,8.0,1810.0,0.0,0.9578947368421052,1.0,0.9784945845603943,0.9784945845603943,0.9784945845603943,182.0,0.09099999815225601
fedavg,fedavg,49|374,49|374,2,49,data_2000_3_6.5_chordal,global_val_client_task,val,cycle3,66,,,,,,,,,,2000,193.0,19.0,1788.0,0.0,0.910377358490566,1.0,0.9530864357948303,0.9530864357948303,0.9530864357948303,193.0,0.09650000184774399
fedavg,fedavg,49|374,49|374,2,49,data_2000_3_6.5_chordal,global_val_client_task,val,cycle4,66,,,,,,,,,,2000,173.0,85.0,1741.0,1.0,0.6705426356589147,0.9942528735632183,0.8009259700775146,0.8009259700775146,0.8009259700775146,174.0,0.08699999749660492
fedavg,fedavg,49|374,49|374,2,49,data_2000_3_6.5_chordal,global_val_client_task,val,cycle5,66,,,,,,,,,,2000,192.0,94.0,1712.0,2.0,0.6713286713286714,0.9896907216494846,0.800000011920929,0.800000011920929,0.800000011920929,194.0,0.09700000286102295
fedavg,fedavg,49|374,49|374,2,49,data_2000_3_6.5_chordal,global_val_client_task,val,cycle6,66,,,,,,,,,,2000,203.0,160.0,1623.0,14.0,0.559228650137741,0.9354838709677419,0.6999999284744263,0.6999999284744263,0.6999999284744263,217.0,0.10849999636411667
fedavg,fedavg,49|374,49|374,2,374,data_2000_3_7.0_chordal,global_val_client,val,,66,,,0.10702329325675965,0.9703,0.8865000009536743,0.8476141611082605,0.8532495498657227,0.8532495498657227,0.8532495498657227,2000,,,,,,,,,,,
fedavg,fedavg,49|374,49|374,2,374,data_2000_3_7.0_chordal,global_val_client_task,val,cycle2,66,,,,,,,,,,2000,178.0,1.0,1821.0,0.0,0.994413407821229,1.0,0.9971989393234253,0.9971989393234253,0.9971989393234253,178.0,0.08900000154972076
fedavg,fedavg,49|374,49|374,2,374,data_2000_3_7.0_chordal,global_val_client_task,val,cycle3,66,,,,,,,,,,2000,179.0,15.0,1806.0,0.0,0.9226804123711341,1.0,0.9597855806350708,0.9597855806350708,0.9597855806350708,179.0,0.08950000256299973
fedavg,fedavg,49|374,49|374,2,374,data_2000_3_7.0_chordal,global_val_client_task,val,cycle4,66,,,,,,,,,,2000,170.0,57.0,1773.0,0.0,0.748898678414097,1.0,0.8564231395721436,0.8564231395721436,0.8564231395721436,170.0,0.08500000089406967
fedavg,fedavg,49|374,49|374,2,374,data_2000_3_7.0_chordal,global_val_client_task,val,cycle5,66,,,,,,,,,,2000,165.0,87.0,1747.0,1.0,0.6547619047619048,0.9939759036144579,0.7894737124443054,0.7894737124443054,0.7894737124443054,166.0,0.08299999684095383
fedavg,fedavg,49|374,49|374,2,374,data_2000_3_7.0_chordal,global_val_client_task,val,cycle6,66,,,,,,,,,,2000,134.0,123.0,1730.0,13.0,0.5214007782101168,0.9115646258503401,0.6633663177490234,0.6633663177490234,0.6633663177490234,147.0,0.07349999994039536
fedavg,fedavg,49|374,49|374,2,all,all,global_val_mean,val,,66,,,0.12483537162467838,0.966,0.875,0.8394086671561577,0.8498754501342773,0.8498754501342773,0.8498754501342773,4000,,,,,,,,,,,
fedavg,fedavg,49|374,49|374,2,49,data_2000_3_6.5_chordal,train_epoch,train,,67,1.0,0.12546018570661543,,,,,,,,2000,,,,,,,,,,,
fedavg,fedavg,49|374,49|374,2,49,data_2000_3_6.5_chordal,train_epoch,train,,67,2.0,0.14352950724959374,,,,,,,,2000,,,,,,,,,,,
fedavg,fedavg,49|374,49|374,2,49,data_2000_3_6.5_chordal,train_epoch,train,,67,3.0,0.1380157988667488,,,,,,,,2000,,,,,,,,,,,
fedavg,fedavg,49|374,49|374,2,49,data_2000_3_6.5_chordal,val_epoch,val,,67,,,0.20287897223234178,0.9664,0.8774999976158142,0.8443002780352178,0.8541349172592163,0.8541349172592163,0.8541349172592163,2000,,,,,,,,,,,
fedavg,fedavg,49|374,49|374,2,49,data_2000_3_6.5_chordal,val_epoch_task,val,cycle2,67,,,,,,,,,,2000,182.0,17.0,1801.0,0.0,0.914572864321608,1.0,0.9553805589675903,0.9553805589675903,0.9553805589675903,182.0,0.09099999815225601
fedavg,fedavg,49|374,49|374,2,49,data_2000_3_6.5_chordal,val_epoch_task,val,cycle3,67,,,,,,,,,,2000,193.0,21.0,1786.0,0.0,0.9018691588785047,1.0,0.9484029412269592,0.9484029412269592,0.9484029412269592,193.0,0.09650000184774399
fedavg,fedavg,49|374,49|374,2,49,data_2000_3_6.5_chordal,val_epoch_task,val,cycle4,67,,,,,,,,,,2000,173.0,60.0,1766.0,1.0,0.7424892703862661,0.9942528735632183,0.8501228094100952,0.8501228094100952,0.8501228094100952,174.0,0.08699999749660492
fedavg,fedavg,49|374,49|374,2,49,data_2000_3_6.5_chordal,val_epoch_task,val,cycle5,67,,,,,,,,,,2000,187.0,70.0,1736.0,7.0,0.7276264591439688,0.9639175257731959,0.8292682766914368,0.8292682766914368,0.8292682766914368,194.0,0.09700000286102295
fedavg,fedavg,49|374,49|374,2,49,data_2000_3_6.5_chordal,val_epoch_task,val,cycle6,67,,,,,,,,,,2000,176.0,119.0,1664.0,41.0,0.5966101694915255,0.8110599078341014,0.6875000596046448,0.6875000596046448,0.6875000596046448,217.0,0.10849999636411667
fedavg,fedavg,49|374,49|374,2,374,data_2000_3_7.0_chordal,train_epoch,train,,67,1.0,0.15284286069869996,,,,,,,,2000,,,,,,,,,,,
fedavg,fedavg,49|374,49|374,2,374,data_2000_3_7.0_chordal,train_epoch,train,,67,2.0,0.1501050162911415,,,,,,,,2000,,,,,,,,,,,
fedavg,fedavg,49|374,49|374,2,374,data_2000_3_7.0_chordal,train_epoch,train,,67,3.0,0.12425152111053467,,,,,,,,2000,,,,,,,,,,,
fedavg,fedavg,49|374,49|374,2,374,data_2000_3_7.0_chordal,val_epoch,val,,67,,,0.13121033558249473,0.9701,0.890500009059906,0.8454780361757106,0.8516135215759277,0.8516135215759277,0.8516135215759277,2000,,,,,,,,,,,
fedavg,fedavg,49|374,49|374,2,374,data_2000_3_7.0_chordal,val_epoch_task,val,cycle2,67,,,,,,,,,,2000,178.0,5.0,1817.0,0.0,0.9726775956284153,1.0,0.9861496090888977,0.9861496090888977,0.9861496090888977,178.0,0.08900000154972076
fedavg,fedavg,49|374,49|374,2,374,data_2000_3_7.0_chordal,val_epoch_task,val,cycle3,67,,,,,,,,,,2000,178.0,23.0,1798.0,1.0,0.8855721393034826,0.994413407821229,0.936842143535614,0.936842143535614,0.936842143535614,179.0,0.08950000256299973
fedavg,fedavg,49|374,49|374,2,374,data_2000_3_7.0_chordal,val_epoch_task,val,cycle4,67,,,,,,,,,,2000,167.0,34.0,1796.0,3.0,0.8308457711442786,0.9823529411764705,0.9002695083618164,0.9002695083618164,0.9002695083618164,170.0,0.08500000089406967
fedavg,fedavg,49|374,49|374,2,374,data_2000_3_7.0_chordal,val_epoch_task,val,cycle5,67,,,,,,,,,,2000,164.0,79.0,1755.0,2.0,0.6748971193415638,0.9879518072289156,0.8019559979438782,0.8019559979438782,0.8019559979438782,166.0,0.08299999684095383
fedavg,fedavg,49|374,49|374,2,374,data_2000_3_7.0_chordal,val_epoch_task,val,cycle6,67,,,,,,,,,,2000,131.0,136.0,1717.0,16.0,0.49063670411985016,0.891156462585034,0.6328502297401428,0.6328502297401428,0.6328502297401428,147.0,0.07349999994039536
fedavg,fedavg,49|374,49|374,2,49,data_2000_3_6.5_chordal,global_val_client,val,,67,,,0.16614389681816102,0.9666,0.8790000081062317,0.8473491773308958,0.8591545224189758,0.8591545224189758,0.8591545224189758,2000,,,,,,,,,,,
fedavg,fedavg,49|374,49|374,2,49,data_2000_3_6.5_chordal,global_val_client_task,val,cycle2,67,,,,,,,,,,2000,182.0,12.0,1806.0,0.0,0.9381443298969072,1.0,0.9680851101875305,0.9680851101875305,0.9680851101875305,182.0,0.09099999815225601
fedavg,fedavg,49|374,49|374,2,49,data_2000_3_6.5_chordal,global_val_client_task,val,cycle3,67,,,,,,,,,,2000,193.0,19.0,1788.0,0.0,0.910377358490566,1.0,0.9530864357948303,0.9530864357948303,0.9530864357948303,193.0,0.09650000184774399
fedavg,fedavg,49|374,49|374,2,49,data_2000_3_6.5_chordal,global_val_client_task,val,cycle4,67,,,,,,,,,,2000,170.0,59.0,1767.0,4.0,0.74235807860262,0.9770114942528736,0.8436724543571472,0.8436724543571472,0.8436724543571472,174.0,0.08699999749660492
fedavg,fedavg,49|374,49|374,2,49,data_2000_3_6.5_chordal,global_val_client_task,val,cycle5,67,,,,,,,,,,2000,193.0,79.0,1727.0,1.0,0.7095588235294118,0.9948453608247423,0.8283261656761169,0.8283261656761169,0.8283261656761169,194.0,0.09700000286102295
fedavg,fedavg,49|374,49|374,2,49,data_2000_3_6.5_chordal,global_val_client_task,val,cycle6,67,,,,,,,,,,2000,189.0,132.0,1651.0,28.0,0.5887850467289719,0.8709677419354839,0.7026022672653198,0.7026022672653198,0.7026022672653198,217.0,0.10849999636411667
fedavg,fedavg,49|374,49|374,2,374,data_2000_3_7.0_chordal,global_val_client,val,,67,,,0.12546541130542754,0.9739,0.906000018119812,0.8621236133122028,0.8641054034233093,0.8641054034233093,0.8641054034233093,2000,,,,,,,,,,,
fedavg,fedavg,49|374,49|374,2,374,data_2000_3_7.0_chordal,global_val_client_task,val,cycle2,67,,,,,,,,,,2000,178.0,6.0,1816.0,0.0,0.967391304347826,1.0,0.9834254384040833,0.9834254384040833,0.9834254384040833,178.0,0.08900000154972076
fedavg,fedavg,49|374,49|374,2,374,data_2000_3_7.0_chordal,global_val_client_task,val,cycle3,67,,,,,,,,,,2000,179.0,19.0,1802.0,0.0,0.9040404040404041,1.0,0.9496021270751953,0.9496021270751953,0.9496021270751953,179.0,0.08950000256299973
fedavg,fedavg,49|374,49|374,2,374,data_2000_3_7.0_chordal,global_val_client_task,val,cycle4,67,,,,,,,,,,2000,168.0,38.0,1792.0,2.0,0.8155339805825242,0.9882352941176471,0.8936170339584351,0.8936170339584351,0.8936170339584351,170.0,0.08500000089406967
fedavg,fedavg,49|374,49|374,2,374,data_2000_3_7.0_chordal,global_val_client_task,val,cycle5,67,,,,,,,,,,2000,162.0,67.0,1767.0,4.0,0.7074235807860262,0.9759036144578314,0.8202531933784485,0.8202531933784485,0.8202531933784485,166.0,0.08299999684095383
fedavg,fedavg,49|374,49|374,2,374,data_2000_3_7.0_chordal,global_val_client_task,val,cycle6,67,,,,,,,,,,2000,129.0,107.0,1746.0,18.0,0.5466101694915254,0.8775510204081632,0.6736292243003845,0.6736292243003845,0.6736292243003845,147.0,0.07349999994039536
fedavg,fedavg,49|374,49|374,2,all,all,global_val_mean,val,,67,,,0.14580465406179427,0.97025,0.8925000131130219,0.8547363953215492,0.8616299629211426,0.8616299629211426,0.8616299629211426,4000,,,,,,,,,,,
fedavg,fedavg,49|374,49|374,2,49,data_2000_3_6.5_chordal,train_epoch,train,,68,1.0,0.12486709603667259,,,,,,,,2000,,,,,,,,,,,
fedavg,fedavg,49|374,49|374,2,49,data_2000_3_6.5_chordal,train_epoch,train,,68,2.0,0.13585654157400132,,,,,,,,2000,,,,,,,,,,,
fedavg,fedavg,49|374,49|374,2,49,data_2000_3_6.5_chordal,train_epoch,train,,68,3.0,0.14495509946346283,,,,,,,,2000,,,,,,,,,,,
fedavg,fedavg,49|374,49|374,2,49,data_2000_3_6.5_chordal,val_epoch,val,,68,,,0.1555144053697586,0.9524,0.8264999985694885,0.8005029337803857,0.8229451179504395,0.8229451179504395,0.8229451179504395,2000,,,,,,,,,,,
fedavg,fedavg,49|374,49|374,2,49,data_2000_3_6.5_chordal,val_epoch_task,val,cycle2,68,,,,,,,,,,2000,182.0,14.0,1804.0,0.0,0.9285714285714286,1.0,0.9629629254341125,0.9629629254341125,0.9629629254341125,182.0,0.09099999815225601
fedavg,fedavg,49|374,49|374,2,49,data_2000_3_6.5_chordal,val_epoch_task,val,cycle3,68,,,,,,,,,,2000,193.0,16.0,1791.0,0.0,0.9234449760765551,1.0,0.9601989984512329,0.9601989984512329,0.9601989984512329,193.0,0.09650000184774399
fedavg,fedavg,49|374,49|374,2,49,data_2000_3_6.5_chordal,val_epoch_task,val,cycle4,68,,,,,,,,,,2000,174.0,102.0,1724.0,0.0,0.6304347826086957,1.0,0.7733333706855774,0.7733333706855774,0.7733333706855774,174.0,0.08699999749660492
fedavg,fedavg,49|374,49|374,2,49,data_2000_3_6.5_chordal,val_epoch_task,val,cycle5,68,,,,,,,,,,2000,193.0,119.0,1687.0,1.0,0.6185897435897436,0.9948453608247423,0.7628458142280579,0.7628458142280579,0.7628458142280579,194.0,0.09700000286102295
fedavg,fedavg,49|374,49|374,2,49,data_2000_3_6.5_chordal,val_epoch_task,val,cycle6,68,,,,,,,,,,2000,213.0,220.0,1563.0,4.0,0.49191685912240185,0.9815668202764977,0.6553846597671509,0.6553846597671509,0.6553846597671509,217.0,0.10849999636411667
fedavg,fedavg,49|374,49|374,2,374,data_2000_3_7.0_chordal,train_epoch,train,,68,1.0,0.15234155893325807,,,,,,,,2000,,,,,,,,,,,
fedavg,fedavg,49|374,49|374,2,374,data_2000_3_7.0_chordal,train_epoch,train,,68,2.0,0.12599803110957145,,,,,,,,2000,,,,,,,,,,,
fedavg,fedavg,49|374,49|374,2,374,data_2000_3_7.0_chordal,train_epoch,train,,68,3.0,0.13887083411216736,,,,,,,,2000,,,,,,,,,,,
fedavg,fedavg,49|374,49|374,2,374,data_2000_3_7.0_chordal,val_epoch,val,,68,,,0.13197091794013976,0.9714,0.9035000205039978,0.8508863399374349,0.8533734083175659,0.8533734083175659,0.8533734083175659,2000,,,,,,,,,,,
fedavg,fedavg,49|374,49|374,2,374,data_2000_3_7.0_chordal,val_epoch_task,val,cycle2,68,,,,,,,,,,2000,178.0,17.0,1805.0,0.0,0.9128205128205128,1.0,0.9544235467910767,0.9544235467910767,0.9544235467910767,178.0,0.08900000154972076
fedavg,fedavg,49|374,49|374,2,374,data_2000_3_7.0_chordal,val_epoch_task,val,cycle3,68,,,,,,,,,,2000,178.0,13.0,1808.0,1.0,0.9319371727748691,0.994413407821229,0.9621621370315552,0.9621621370315552,0.9621621370315552,179.0,0.08950000256299973
fedavg,fedavg,49|374,49|374,2,374,data_2000_3_7.0_chordal,val_epoch_task,val,cycle4,68,,,,,,,,,,2000,166.0,48.0,1782.0,4.0,0.7757009345794392,0.9764705882352941,0.8645833134651184,0.8645833134651184,0.8645833134651184,170.0,0.08500000089406967
fedavg,fedavg,49|374,49|374,2,374,data_2000_3_7.0_chordal,val_epoch_task,val,cycle5,68,,,,,,,,,,2000,164.0,68.0,1766.0,2.0,0.7068965517241379,0.9879518072289156,0.8241205811500549,0.8241205811500549,0.8241205811500549,166.0,0.08299999684095383
fedavg,fedavg,49|374,49|374,2,374,data_2000_3_7.0_chordal,val_epoch_task,val,cycle6,68,,,,,,,,,,2000,130.0,116.0,1737.0,17.0,0.5284552845528455,0.8843537414965986,0.661577582359314,0.661577582359314,0.661577582359314,147.0,0.07349999994039536
fedavg,fedavg,49|374,49|374,2,49,data_2000_3_6.5_chordal,global_val_client,val,,68,,,0.15003245788812639,0.9586,0.8565000295639038,0.8204683434518646,0.8393235206604004,0.8393235206604004,0.8393235206604004,2000,,,,,,,,,,,
fedavg,fedavg,49|374,49|374,2,49,data_2000_3_6.5_chordal,global_val_client_task,val,cycle2,68,,,,,,,,,,2000,182.0,8.0,1810.0,0.0,0.9578947368421052,1.0,0.9784945845603943,0.9784945845603943,0.9784945845603943,182.0,0.09099999815225601
fedavg,fedavg,49|374,49|374,2,49,data_2000_3_6.5_chordal,global_val_client_task,val,cycle3,68,,,,,,,,,,2000,193.0,16.0,1791.0,0.0,0.9234449760765551,1.0,0.9601989984512329,0.9601989984512329,0.9601989984512329,193.0,0.09650000184774399
fedavg,fedavg,49|374,49|374,2,49,data_2000_3_6.5_chordal,global_val_client_task,val,cycle4,68,,,,,,,,,,2000,171.0,78.0,1748.0,3.0,0.6867469879518072,0.9827586206896551,0.8085106611251831,0.8085106611251831,0.8085106611251831,174.0,0.08699999749660492
fedavg,fedavg,49|374,49|374,2,49,data_2000_3_6.5_chordal,global_val_client_task,val,cycle5,68,,,,,,,,,,2000,193.0,119.0,1687.0,1.0,0.6185897435897436,0.9948453608247423,0.7628458142280579,0.7628458142280579,0.7628458142280579,194.0,0.09700000286102295
fedavg,fedavg,49|374,49|374,2,49,data_2000_3_6.5_chordal,global_val_client_task,val,cycle6,68,,,,,,,,,,2000,207.0,179.0,1604.0,10.0,0.5362694300518135,0.9539170506912442,0.6865671873092651,0.6865671873092651,0.6865671873092651,217.0,0.10849999636411667
fedavg,fedavg,49|374,49|374,2,374,data_2000_3_7.0_chordal,global_val_client,val,,68,,,0.11014933182299137,0.9645,0.8805000185966492,0.8245180425111223,0.8343209028244019,0.8343209028244019,0.8343209028244019,2000,,,,,,,,,,,
fedavg,fedavg,49|374,49|374,2,374,data_2000_3_7.0_chordal,global_val_client_task,val,cycle2,68,,,,,,,,,,2000,178.0,10.0,1812.0,0.0,0.9468085106382979,1.0,0.9726775884628296,0.9726775884628296,0.9726775884628296,178.0,0.08900000154972076
fedavg,fedavg,49|374,49|374,2,374,data_2000_3_7.0_chordal,global_val_client_task,val,cycle3,68,,,,,,,,,,2000,179.0,20.0,1801.0,0.0,0.8994974874371859,1.0,0.9470899701118469,0.9470899701118469,0.9470899701118469,179.0,0.08950000256299973
fedavg,fedavg,49|374,49|374,2,374,data_2000_3_7.0_chordal,global_val_client_task,val,cycle4,68,,,,,,,,,,2000,169.0,63.0,1767.0,1.0,0.728448275862069,0.9941176470588236,0.8407959938049316,0.8407959938049316,0.8407959938049316,170.0,0.08500000089406967
fedavg,fedavg,49|374,49|374,2,374,data_2000_3_7.0_chordal,global_val_client_task,val,cycle5,68,,,,,,,,,,2000,165.0,90.0,1744.0,1.0,0.6470588235294118,0.9939759036144579,0.783847987651825,0.783847987651825,0.783847987651825,166.0,0.08299999684095383
fedavg,fedavg,49|374,49|374,2,374,data_2000_3_7.0_chordal,global_val_client_task,val,cycle6,68,,,,,,,,,,2000,143.0,166.0,1687.0,4.0,0.4627831715210356,0.9727891156462585,0.6271929740905762,0.6271929740905762,0.6271929740905762,147.0,0.07349999994039536
fedavg,fedavg,49|374,49|374,2,all,all,global_val_mean,val,,68,,,0.13009089485555886,0.9615499999999999,0.8685000240802765,0.8224931929814934,0.8368222117424011,0.8368222117424011,0.8368222117424011,4000,,,,,,,,,,,
fedavg,fedavg,49|374,49|374,2,49,data_2000_3_6.5_chordal,train_epoch,train,,69,1.0,0.11910409104824066,,,,,,,,2000,,,,,,,,,,,
fedavg,fedavg,49|374,49|374,2,49,data_2000_3_6.5_chordal,train_epoch,train,,69,2.0,0.12603645449876785,,,,,,,,2000,,,,,,,,,,,
fedavg,fedavg,49|374,49|374,2,49,data_2000_3_6.5_chordal,train_epoch,train,,69,3.0,0.13815695399045944,,,,,,,,2000,,,,,,,,,,,
fedavg,fedavg,49|374,49|374,2,49,data_2000_3_6.5_chordal,val_epoch,val,,69,,,0.1606772877573967,0.948,0.8259999752044678,0.7856553998351196,0.8043454885482788,0.8043454885482788,0.8043454885482788,2000,,,,,,,,,,,
fedavg,fedavg,49|374,49|374,2,49,data_2000_3_6.5_chordal,val_epoch_task,val,cycle2,69,,,,,,,,,,2000,182.0,9.0,1809.0,0.0,0.9528795811518325,1.0,0.9758713245391846,0.9758713245391846,0.9758713245391846,182.0,0.09099999815225601
fedavg,fedavg,49|374,49|374,2,49,data_2000_3_6.5_chordal,val_epoch_task,val,cycle3,69,,,,,,,,,,2000,193.0,42.0,1765.0,0.0,0.8212765957446808,1.0,0.9018691182136536,0.9018691182136536,0.9018691182136536,193.0,0.09650000184774399
fedavg,fedavg,49|374,49|374,2,49,data_2000_3_6.5_chordal,val_epoch_task,val,cycle4,69,,,,,,,,,,2000,174.0,110.0,1716.0,0.0,0.6126760563380281,1.0,0.7598253488540649,0.7598253488540649,0.7598253488540649,174.0,0.08699999749660492
fedavg,fedavg,49|374,49|374,2,49,data_2000_3_6.5_chordal,val_epoch_task,val,cycle5,69,,,,,,,,,,2000,192.0,175.0,1631.0,2.0,0.5231607629427792,0.9896907216494846,0.6844919919967651,0.6844919919967651,0.6844919919967651,194.0,0.09700000286102295
fedavg,fedavg,49|374,49|374,2,49,data_2000_3_6.5_chordal,val_epoch_task,val,cycle6,69,,,,,,,,,,2000,212.0,177.0,1606.0,5.0,0.5449871465295629,0.9769585253456221,0.6996698975563049,0.6996698975563049,0.6996698975563049,217.0,0.10849999636411667
fedavg,fedavg,49|374,49|374,2,374,data_2000_3_7.0_chordal,train_epoch,train,,69,1.0,0.14347976709529758,,,,,,,,2000,,,,,,,,,,,
fedavg,fedavg,49|374,49|374,2,374,data_2000_3_7.0_chordal,train_epoch,train,,69,2.0,0.1414590119123459,,,,,,,,2000,,,,,,,,,,,
fedavg,fedavg,49|374,49|374,2,374,data_2000_3_7.0_chordal,train_epoch,train,,69,3.0,0.13106530743837358,,,,,,,,2000,,,,,,,,,,,
fedavg,fedavg,49|374,49|374,2,374,data_2000_3_7.0_chordal,val_epoch,val,,69,,,0.09592460918426514,0.9726,0.9020000100135803,0.8584710743801652,0.8665904998779297,0.8665904998779297,0.8665904998779297,2000,,,,,,,,,,,
fedavg,fedavg,49|374,49|374,2,374,data_2000_3_7.0_chordal,val_epoch_task,val,cycle2,69,,,,,,,,,,2000,178.0,7.0,1815.0,0.0,0.9621621621621622,1.0,0.9807162284851074,0.9807162284851074,0.9807162284851074,178.0,0.08900000154972076
fedavg,fedavg,49|374,49|374,2,374,data_2000_3_7.0_chordal,val_epoch_task,val,cycle3,69,,,,,,,,,,2000,179.0,12.0,1809.0,0.0,0.93717277486911,1.0,0.9675675630569458,0.9675675630569458,0.9675675630569458,179.0,0.08950000256299973
fedavg,fedavg,49|374,49|374,2,374,data_2000_3_7.0_chordal,val_epoch_task,val,cycle4,69,,,,,,,,,,2000,167.0,35.0,1795.0,3.0,0.8267326732673267,0.9823529411764705,0.897849440574646,0.897849440574646,0.897849440574646,170.0,0.08500000089406967
fedavg,fedavg,49|374,49|374,2,374,data_2000_3_7.0_chordal,val_epoch_task,val,cycle5,69,,,,,,,,,,2000,165.0,64.0,1770.0,1.0,0.7205240174672489,0.9939759036144579,0.8354430198669434,0.8354430198669434,0.8354430198669434,166.0,0.08299999684095383
fedavg,fedavg,49|374,49|374,2,374,data_2000_3_7.0_chordal,val_epoch_task,val,cycle6,69,,,,,,,,,,2000,142.0,147.0,1706.0,5.0,0.4913494809688581,0.9659863945578231,0.6513761878013611,0.6513761878013611,0.6513761878013611,147.0,0.07349999994039536
fedavg,fedavg,49|374,49|374,2,49,data_2000_3_6.5_chordal,global_val_client,val,,69,,,0.16420050477981568,0.9513,0.8410000205039978,0.7964897618052653,0.8146098256111145,0.8146098256111145,0.8146098256111145,2000,,,,,,,,,,,
fedavg,fedavg,49|374,49|374,2,49,data_2000_3_6.5_chordal,global_val_client_task,val,cycle2,69,,,,,,,,,,2000,182.0,9.0,1809.0,0.0,0.9528795811518325,1.0,0.9758713245391846,0.9758713245391846,0.9758713245391846,182.0,0.09099999815225601
fedavg,fedavg,49|374,49|374,2,49,data_2000_3_6.5_chordal,global_val_client_task,val,cycle3,69,,,,,,,,,,2000,193.0,40.0,1767.0,0.0,0.8283261802575107,1.0,0.906103253364563,0.906103253364563,0.906103253364563,193.0,0.09650000184774399
fedavg,fedavg,49|374,49|374,2,49,data_2000_3_6.5_chordal,global_val_client_task,val,cycle4,69,,,,,,,,,,2000,173.0,95.0,1731.0,1.0,0.6455223880597015,0.9942528735632183,0.7828054428100586,0.7828054428100586,0.7828054428100586,174.0,0.08699999749660492
fedavg,fedavg,49|374,49|374,2,49,data_2000_3_6.5_chordal,global_val_client_task,val,cycle5,69,,,,,,,,,,2000,194.0,151.0,1655.0,0.0,0.5623188405797102,1.0,0.7198516130447388,0.7198516130447388,0.7198516130447388,194.0,0.09700000286102295
fedavg,fedavg,49|374,49|374,2,49,data_2000_3_6.5_chordal,global_val_client_task,val,cycle6,69,,,,,,,,,,2000,211.0,185.0,1598.0,6.0,0.5328282828282829,0.9723502304147466,0.6884176135063171,0.6884176135063171,0.6884176135063171,217.0,0.10849999636411667
fedavg,fedavg,49|374,49|374,2,374,data_2000_3_7.0_chordal,global_val_client,val,,69,,,0.1120516919568181,0.966,0.8870000243186951,0.8303393213572854,0.8389638662338257,0.8389638662338257,0.8389638662338257,2000,,,,,,,,,,,
fedavg,fedavg,49|374,49|374,2,374,data_2000_3_7.0_chordal,global_val_client_task,val,cycle2,69,,,,,,,,,,2000,178.0,11.0,1811.0,0.0,0.9417989417989417,1.0,0.9700272679328918,0.9700272679328918,0.9700272679328918,178.0,0.08900000154972076
fedavg,fedavg,49|374,49|374,2,374,data_2000_3_7.0_chordal,global_val_client_task,val,cycle3,69,,,,,,,,,,2000,179.0,14.0,1807.0,0.0,0.927461139896373,1.0,0.9623655676841736,0.9623655676841736,0.9623655676841736,179.0,0.08950000256299973
fedavg,fedavg,49|374,49|374,2,374,data_2000_3_7.0_chordal,global_val_client_task,val,cycle4,69,,,,,,,,,,2000,167.0,58.0,1772.0,3.0,0.7422222222222222,0.9823529411764705,0.8455696105957031,0.8455696105957031,0.8455696105957031,170.0,0.08500000089406967
fedavg,fedavg,49|374,49|374,2,374,data_2000_3_7.0_chordal,global_val_client_task,val,cycle5,69,,,,,,,,,,2000,165.0,101.0,1733.0,1.0,0.6203007518796992,0.9939759036144579,0.7638888359069824,0.7638888359069824,0.7638888359069824,166.0,0.08299999684095383
fedavg,fedavg,49|374,49|374,2,374,data_2000_3_7.0_chordal,global_val_client_task,val,cycle6,69,,,,,,,,,,2000,143.0,148.0,1705.0,4.0,0.49140893470790376,0.9727891156462585,0.6529679894447327,0.6529679894447327,0.6529679894447327,147.0,0.07349999994039536
fedavg,fedavg,49|374,49|374,2,all,all,global_val_mean,val,,69,,,0.13812609836831688,0.9586500000000001,0.8640000224113464,0.8134145415812754,0.8267868459224701,0.8267868459224701,0.8267868459224701,4000,,,,,,,,,,,
fedavg,fedavg,49|374,49|374,2,49,data_2000_3_6.5_chordal,train_epoch,train,,70,1.0,0.12426185868307948,,,,,,,,2000,,,,,,,,,,,
fedavg,fedavg,49|374,49|374,2,49,data_2000_3_6.5_chordal,train_epoch,train,,70,2.0,0.13806412237137555,,,,,,,,2000,,,,,,,,,,,
fedavg,fedavg,49|374,49|374,2,49,data_2000_3_6.5_chordal,train_epoch,train,,70,3.0,0.12773721879720687,,,,,,,,2000,,,,,,,,,,,
fedavg,fedavg,49|374,49|374,2,49,data_2000_3_6.5_chordal,val_epoch,val,,70,,,0.15038506115227937,0.9588,0.8539999723434448,0.8222605694564279,0.8507599830627441,0.8507599830627441,0.8507599830627441,2000,,,,,,,,,,,
fedavg,fedavg,49|374,49|374,2,49,data_2000_3_6.5_chordal,val_epoch_task,val,cycle2,70,,,,,,,,,,2000,182.0,0.0,1818.0,0.0,1.0,1.0,1.0,1.0,1.0,182.0,0.09099999815225601
fedavg,fedavg,49|374,49|374,2,49,data_2000_3_6.5_chordal,val_epoch_task,val,cycle3,70,,,,,,,,,,2000,193.0,16.0,1791.0,0.0,0.9234449760765551,1.0,0.9601989984512329,0.9601989984512329,0.9601989984512329,193.0,0.09650000184774399
fedavg,fedavg,49|374,49|374,2,49,data_2000_3_6.5_chordal,val_epoch_task,val,cycle4,70,,,,,,,,,,2000,173.0,35.0,1791.0,1.0,0.8317307692307693,0.9942528735632183,0.9057591557502747,0.9057591557502747,0.9057591557502747,174.0,0.08699999749660492
fedavg,fedavg,49|374,49|374,2,49,data_2000_3_6.5_chordal,val_epoch_task,val,cycle5,70,,,,,,,,,,2000,194.0,154.0,1652.0,0.0,0.5574712643678161,1.0,0.7158671617507935,0.7158671617507935,0.7158671617507935,194.0,0.09700000286102295
fedavg,fedavg,49|374,49|374,2,49,data_2000_3_6.5_chordal,val_epoch_task,val,cycle6,70,,,,,,,,,,2000,211.0,200.0,1583.0,6.0,0.51338199513382,0.9723502304147466,0.6719745397567749,0.6719745397567749,0.6719745397567749,217.0,0.10849999636411667
fedavg,fedavg,49|374,49|374,2,374,data_2000_3_7.0_chordal,train_epoch,train,,70,1.0,0.13620620574057102,,,,,,,,2000,,,,,,,,,,,
fedavg,fedavg,49|374,49|374,2,374,data_2000_3_7.0_chordal,train_epoch,train,,70,2.0,0.1214513155221939,,,,,,,,2000,,,,,,,,,,,
fedavg,fedavg,49|374,49|374,2,374,data_2000_3_7.0_chordal,train_epoch,train,,70,3.0,0.13582136872410774,,,,,,,,2000,,,,,,,,,,,
fedavg,fedavg,49|374,49|374,2,374,data_2000_3_7.0_chordal,val_epoch,val,,70,,,0.1316105723977089,0.9641,0.8690000176429749,0.822365165759525,0.8392060399055481,0.8392060399055481,0.8392060399055481,2000,,,,,,,,,,,
fedavg,fedavg,49|374,49|374,2,374,data_2000_3_7.0_chordal,val_epoch_task,val,cycle2,70,,,,,,,,,,2000,178.0,5.0,1817.0,0.0,0.9726775956284153,1.0,0.9861496090888977,0.9861496090888977,0.9861496090888977,178.0,0.08900000154972076
fedavg,fedavg,49|374,49|374,2,374,data_2000_3_7.0_chordal,val_epoch_task,val,cycle3,70,,,,,,,,,,2000,179.0,17.0,1804.0,0.0,0.9132653061224489,1.0,0.9546666741371155,0.9546666741371155,0.9546666741371155,179.0,0.08950000256299973
fedavg,fedavg,49|374,49|374,2,374,data_2000_3_7.0_chordal,val_epoch_task,val,cycle4,70,,,,,,,,,,2000,168.0,37.0,1793.0,2.0,0.8195121951219512,0.9882352941176471,0.8960000276565552,0.8960000276565552,0.8960000276565552,170.0,0.08500000089406967
fedavg,fedavg,49|374,49|374,2,374,data_2000_3_7.0_chordal,val_epoch_task,val,cycle5,70,,,,,,,,,,2000,163.0,92.0,1742.0,3.0,0.6392156862745098,0.9819277108433735,0.7743468284606934,0.7743468284606934,0.7743468284606934,166.0,0.08299999684095383
fedavg,fedavg,49|374,49|374,2,374,data_2000_3_7.0_chordal,val_epoch_task,val,cycle6,70,,,,,,,,,,2000,143.0,199.0,1654.0,4.0,0.41812865497076024,0.9727891156462585,0.5848670601844788,0.5848670601844788,0.5848670601844788,147.0,0.07349999994039536
fedavg,fedavg,49|374,49|374,2,49,data_2000_3_6.5_chordal,global_val_client,val,,70,,,0.12521429368853568,0.9621,0.8615000247955322,0.8344255133245958,0.858704686164856,0.858704686164856,0.858704686164856,2000,,,,,,,,,,,
fedavg,fedavg,49|374,49|374,2,49,data_2000_3_6.5_chordal,global_val_client_task,val,cycle2,70,,,,,,,,,,2000,182.0,6.0,1812.0,0.0,0.9680851063829787,1.0,0.9837838411331177,0.9837838411331177,0.9837838411331177,182.0,0.09099999815225601
fedavg,fedavg,49|374,49|374,2,49,data_2000_3_6.5_chordal,global_val_client_task,val,cycle3,70,,,,,,,,,,2000,193.0,11.0,1796.0,0.0,0.946078431372549,1.0,0.9722921848297119,0.9722921848297119,0.9722921848297119,193.0,0.09650000184774399
fedavg,fedavg,49|374,49|374,2,49,data_2000_3_6.5_chordal,global_val_client_task,val,cycle4,70,,,,,,,,,,2000,170.0,37.0,1789.0,4.0,0.821256038647343,0.9770114942528736,0.8923884630203247,0.8923884630203247,0.8923884630203247,174.0,0.08699999749660492
fedavg,fedavg,49|374,49|374,2,49,data_2000_3_6.5_chordal,global_val_client_task,val,cycle5,70,,,,,,,,,,2000,193.0,122.0,1684.0,1.0,0.6126984126984127,0.9948453608247423,0.7583497166633606,0.7583497166633606,0.7583497166633606,194.0,0.09700000286102295
fedavg,fedavg,49|374,49|374,2,49,data_2000_3_6.5_chordal,global_val_client_task,val,cycle6,70,,,,,,,,,,2000,217.0,198.0,1585.0,0.0,0.5228915662650603,1.0,0.686708927154541,0.686708927154541,0.686708927154541,217.0,0.10849999636411667
fedavg,fedavg,49|374,49|374,2,374,data_2000_3_7.0_chordal,global_val_client,val,,70,,,0.11454852885007859,0.966,0.8809999823570251,0.8311817279046674,0.8446040153503418,0.8446040153503418,0.8446040153503418,2000,,,,,,,,,,,
fedavg,fedavg,49|374,49|374,2,374,data_2000_3_7.0_chordal,global_val_client_task,val,cycle2,70,,,,,,,,,,2000,178.0,11.0,1811.0,0.0,0.9417989417989417,1.0,0.9700272679328918,0.9700272679328918,0.9700272679328918,178.0,0.08900000154972076
fedavg,fedavg,49|374,49|374,2,374,data_2000_3_7.0_chordal,global_val_client_task,val,cycle3,70,,,,,,,,,,2000,179.0,11.0,1810.0,0.0,0.9421052631578948,1.0,0.97018963098526,0.97018963098526,0.97018963098526,179.0,0.08950000256299973
fedavg,fedavg,49|374,49|374,2,374,data_2000_3_7.0_chordal,global_val_client_task,val,cycle4,70,,,,,,,,,,2000,167.0,39.0,1791.0,3.0,0.8106796116504854,0.9823529411764705,0.8882978558540344,0.8882978558540344,0.8882978558540344,170.0,0.08500000089406967
fedavg,fedavg,49|374,49|374,2,374,data_2000_3_7.0_chordal,global_val_client_task,val,cycle5,70,,,,,,,,,,2000,166.0,99.0,1735.0,0.0,0.6264150943396226,1.0,0.7703016400337219,0.7703016400337219,0.7703016400337219,166.0,0.08299999684095383
fedavg,fedavg,49|374,49|374,2,374,data_2000_3_7.0_chordal,global_val_client_task,val,cycle6,70,,,,,,,,,,2000,147.0,177.0,1676.0,0.0,0.4537037037037037,1.0,0.6242038607597351,0.6242038607597351,0.6242038607597351,147.0,0.07349999994039536
fedavg,fedavg,49|374,49|374,2,all,all,global_val_mean,val,,70,,,0.11988141126930714,0.96405,0.8712500035762787,0.8328036206146316,0.8516543507575989,0.8516543507575989,0.8516543507575989,4000,,,,,,,,,,,
fedavg,fedavg,49|374,49|374,2,49,data_2000_3_6.5_chordal,train_epoch,train,,71,1.0,0.14620270067453384,,,,,,,,2000,,,,,,,,,,,
fedavg,fedavg,49|374,49|374,2,49,data_2000_3_6.5_chordal,train_epoch,train,,71,2.0,0.1302765216678381,,,,,,,,2000,,,,,,,,,,,
fedavg,fedavg,49|374,49|374,2,49,data_2000_3_6.5_chordal,train_epoch,train,,71,3.0,0.12534381806850434,,,,,,,,2000,,,,,,,,,,,
fedavg,fedavg,49|374,49|374,2,49,data_2000_3_6.5_chordal,val_epoch,val,,71,,,0.21287091088294982,0.9613,0.8544999957084656,0.8255971158179362,0.8431154489517212,0.8431154489517212,0.8431154489517212,2000,,,,,,,,,,,
fedavg,fedavg,49|374,49|374,2,49,data_2000_3_6.5_chordal,val_epoch_task,val,cycle2,71,,,,,,,,,,2000,182.0,6.0,1812.0,0.0,0.9680851063829787,1.0,0.9837838411331177,0.9837838411331177,0.9837838411331177,182.0,0.09099999815225601
fedavg,fedavg,49|374,49|374,2,49,data_2000_3_6.5_chordal,val_epoch_task,val,cycle3,71,,,,,,,,,,2000,193.0,22.0,1785.0,0.0,0.8976744186046511,1.0,0.9460784196853638,0.9460784196853638,0.9460784196853638,193.0,0.09650000184774399
fedavg,fedavg,49|374,49|374,2,49,data_2000_3_6.5_chordal,val_epoch_task,val,cycle4,71,,,,,,,,,,2000,172.0,56.0,1770.0,2.0,0.7543859649122807,0.9885057471264368,0.8557214140892029,0.8557214140892029,0.8557214140892029,174.0,0.08699999749660492
fedavg,fedavg,49|374,49|374,2,49,data_2000_3_6.5_chordal,val_epoch_task,val,cycle5,71,,,,,,,,,,2000,188.0,100.0,1706.0,6.0,0.6527777777777778,0.9690721649484536,0.7800830006599426,0.7800830006599426,0.7800830006599426,194.0,0.09700000286102295
fedavg,fedavg,49|374,49|374,2,49,data_2000_3_6.5_chordal,val_epoch_task,val,cycle6,71,,,,,,,,,,2000,181.0,159.0,1624.0,36.0,0.5323529411764706,0.8341013824884793,0.6499102115631104,0.6499102115631104,0.6499102115631104,217.0,0.10849999636411667
fedavg,fedavg,49|374,49|374,2,374,data_2000_3_7.0_chordal,train_epoch,train,,71,1.0,0.1180169693827629,,,,,,,,2000,,,,,,,,,,,
fedavg,fedavg,49|374,49|374,2,374,data_2000_3_7.0_chordal,train_epoch,train,,71,2.0,0.14350687089562417,,,,,,,,2000,,,,,,,,,,,
fedavg,fedavg,49|374,49|374,2,374,data_2000_3_7.0_chordal,train_epoch,train,,71,3.0,0.1364173054099083,,,,,,,,2000,,,,,,,,,,,
fedavg,fedavg,49|374,49|374,2,374,data_2000_3_7.0_chordal,val_epoch,val,,71,,,0.15397117042541503,0.9603,0.8774999976158142,0.8051055473735886,0.8124726414680481,0.8124726414680481,0.8124726414680481,2000,,,,,,,,,,,
fedavg,fedavg,49|374,49|374,2,374,data_2000_3_7.0_chordal,val_epoch_task,val,cycle2,71,,,,,,,,,,2000,178.0,62.0,1760.0,0.0,0.7416666666666667,1.0,0.8516746759414673,0.8516746759414673,0.8516746759414673,178.0,0.08900000154972076
fedavg,fedavg,49|374,49|374,2,374,data_2000_3_7.0_chordal,val_epoch_task,val,cycle3,71,,,,,,,,,,2000,175.0,14.0,1807.0,4.0,0.9259259259259259,0.9776536312849162,0.9510869383811951,0.9510869383811951,0.9510869383811951,179.0,0.08950000256299973
fedavg,fedavg,49|374,49|374,2,374,data_2000_3_7.0_chordal,val_epoch_task,val,cycle4,71,,,,,,,,,,2000,166.0,46.0,1784.0,4.0,0.7830188679245284,0.9764705882352941,0.8691099286079407,0.8691099286079407,0.8691099286079407,170.0,0.08500000089406967
fedavg,fedavg,49|374,49|374,2,374,data_2000_3_7.0_chordal,val_epoch_task,val,cycle5,71,,,,,,,,,,2000,165.0,91.0,1743.0,1.0,0.64453125,0.9939759036144579,0.7819905281066895,0.7819905281066895,0.7819905281066895,166.0,0.08299999684095383
fedavg,fedavg,49|374,49|374,2,374,data_2000_3_7.0_chordal,val_epoch_task,val,cycle6,71,,,,,,,,,,2000,136.0,164.0,1689.0,11.0,0.4533333333333333,0.9251700680272109,0.608501136302948,0.608501136302948,0.608501136302948,147.0,0.07349999994039536
fedavg,fedavg,49|374,49|374,2,49,data_2000_3_6.5_chordal,global_val_client,val,,71,,,0.15634116846323012,0.9599,0.8629999756813049,0.8243539202803329,0.8402783274650574,0.8402783274650574,0.8402783274650574,2000,,,,,,,,,,,
fedavg,fedavg,49|374,49|374,2,49,data_2000_3_6.5_chordal,global_val_client_task,val,cycle2,71,,,,,,,,,,2000,182.0,22.0,1796.0,0.0,0.8921568627450981,1.0,0.9430051445960999,0.9430051445960999,0.9430051445960999,182.0,0.09099999815225601
fedavg,fedavg,49|374,49|374,2,49,data_2000_3_6.5_chordal,global_val_client_task,val,cycle3,71,,,,,,,,,,2000,193.0,27.0,1780.0,0.0,0.8772727272727273,1.0,0.9346246719360352,0.9346246719360352,0.9346246719360352,193.0,0.09650000184774399
fedavg,fedavg,49|374,49|374,2,49,data_2000_3_6.5_chordal,global_val_client_task,val,cycle4,71,,,,,,,,,,2000,173.0,51.0,1775.0,1.0,0.7723214285714286,0.9942528735632183,0.8693467378616333,0.8693467378616333,0.8693467378616333,174.0,0.08699999749660492
fedavg,fedavg,49|374,49|374,2,49,data_2000_3_6.5_chordal,global_val_client_task,val,cycle5,71,,,,,,,,,,2000,194.0,114.0,1692.0,0.0,0.6298701298701299,1.0,0.7729083299636841,0.7729083299636841,0.7729083299636841,194.0,0.09700000286102295
fedavg,fedavg,49|374,49|374,2,49,data_2000_3_6.5_chordal,global_val_client_task,val,cycle6,71,,,,,,,,,,2000,199.0,168.0,1615.0,18.0,0.5422343324250681,0.9170506912442397,0.681506872177124,0.681506872177124,0.681506872177124,217.0,0.10849999636411667
fedavg,fedavg,49|374,49|374,2,374,data_2000_3_7.0_chordal,global_val_client,val,,71,,,0.11369159585237502,0.9693,0.8924999833106995,0.8428059395801332,0.8494399785995483,0.8494399785995483,0.8494399785995483,2000,,,,,,,,,,,
fedavg,fedavg,49|374,49|374,2,374,data_2000_3_7.0_chordal,global_val_client_task,val,cycle2,71,,,,,,,,,,2000,178.0,16.0,1806.0,0.0,0.9175257731958762,1.0,0.9569892287254333,0.9569892287254333,0.9569892287254333,178.0,0.08900000154972076
fedavg,fedavg,49|374,49|374,2,374,data_2000_3_7.0_chordal,global_val_client_task,val,cycle3,71,,,,,,,,,,2000,179.0,11.0,1810.0,0.0,0.9421052631578948,1.0,0.97018963098526,0.97018963098526,0.97018963098526,179.0,0.08950000256299973
fedavg,fedavg,49|374,49|374,2,374,data_2000_3_7.0_chordal,global_val_client_task,val,cycle4,71,,,,,,,,,,2000,165.0,44.0,1786.0,5.0,0.7894736842105263,0.9705882352941176,0.870712399482727,0.870712399482727,0.870712399482727,170.0,0.08500000089406967
fedavg,fedavg,49|374,49|374,2,374,data_2000_3_7.0_chordal,global_val_client_task,val,cycle5,71,,,,,,,,,,2000,165.0,76.0,1758.0,1.0,0.6846473029045643,0.9939759036144579,0.8108108043670654,0.8108108043670654,0.8108108043670654,166.0,0.08299999684095383
fedavg,fedavg,49|374,49|374,2,374,data_2000_3_7.0_chordal,global_val_client_task,val,cycle6,71,,,,,,,,,,2000,136.0,143.0,1710.0,11.0,0.4874551971326165,0.9251700680272109,0.6384975910186768,0.6384975910186768,0.6384975910186768,147.0,0.07349999994039536
fedavg,fedavg,49|374,49|374,2,all,all,global_val_mean,val,,71,,,0.1350163821578026,0.9646,0.8777499794960022,0.833579929930233,0.8448591530323029,0.8448591530323029,0.8448591530323029,4000,,,,,,,,,,,
fedavg,fedavg,49|374,49|374,2,49,data_2000_3_6.5_chordal,train_epoch,train,,72,1.0,0.148420632481575,,,,,,,,2000,,,,,,,,,,,
fedavg,fedavg,49|374,49|374,2,49,data_2000_3_6.5_chordal,train_epoch,train,,72,2.0,0.12065049254894257,,,,,,,,2000,,,,,,,,,,,
fedavg,fedavg,49|374,49|374,2,49,data_2000_3_6.5_chordal,train_epoch,train,,72,3.0,0.13076430010795592,,,,,,,,2000,,,,,,,,,,,
fedavg,fedavg,49|374,49|374,2,49,data_2000_3_6.5_chordal,val_epoch,val,,72,,,0.16508572566509247,0.9708,0.8914999961853027,0.8639328984156569,0.8791495561599731,0.8791495561599731,0.8791495561599731,2000,,,,,,,,,,,
fedavg,fedavg,49|374,49|374,2,49,data_2000_3_6.5_chordal,val_epoch_task,val,cycle2,72,,,,,,,,,,2000,182.0,5.0,1813.0,0.0,0.9732620320855615,1.0,0.9864498376846313,0.9864498376846313,0.9864498376846313,182.0,0.09099999815225601
fedavg,fedavg,49|374,49|374,2,49,data_2000_3_6.5_chordal,val_epoch_task,val,cycle3,72,,,,,,,,,,2000,192.0,12.0,1795.0,1.0,0.9411764705882353,0.9948186528497409,0.9672543406486511,0.9672543406486511,0.9672543406486511,193.0,0.09650000184774399
fedavg,fedavg,49|374,49|374,2,49,data_2000_3_6.5_chordal,val_epoch_task,val,cycle4,72,,,,,,,,,,2000,168.0,23.0,1803.0,6.0,0.8795811518324608,0.9655172413793104,0.9205479025840759,0.9205479025840759,0.9205479025840759,174.0,0.08699999749660492
fedavg,fedavg,49|374,49|374,2,49,data_2000_3_6.5_chordal,val_epoch_task,val,cycle5,72,,,,,,,,,,2000,192.0,94.0,1712.0,2.0,0.6713286713286714,0.9896907216494846,0.800000011920929,0.800000011920929,0.800000011920929,194.0,0.09700000286102295
fedavg,fedavg,49|374,49|374,2,49,data_2000_3_6.5_chordal,val_epoch_task,val,cycle6,72,,,,,,,,,,2000,193.0,125.0,1658.0,24.0,0.6069182389937107,0.8894009216589862,0.7214953303337097,0.7214953303337097,0.7214953303337097,217.0,0.10849999636411667
fedavg,fedavg,49|374,49|374,2,374,data_2000_3_7.0_chordal,train_epoch,train,,72,1.0,0.13062957799434663,,,,,,,,2000,,,,,,,,,,,
fedavg,fedavg,49|374,49|374,2,374,data_2000_3_7.0_chordal,train_epoch,train,,72,2.0,0.13135681512951852,,,,,,,,2000,,,,,,,,,,,
fedavg,fedavg,49|374,49|374,2,374,data_2000_3_7.0_chordal,train_epoch,train,,72,3.0,0.1441911103129387,,,,,,,,2000,,,,,,,,,,,
fedavg,fedavg,49|374,49|374,2,374,data_2000_3_7.0_chordal,val_epoch,val,,72,,,0.11420182964205741,0.9618,0.8650000095367432,0.8134765625000001,0.8328522443771362,0.8328522443771362,0.8328522443771362,2000,,,,,,,,,,,
fedavg,fedavg,49|374,49|374,2,374,data_2000_3_7.0_chordal,val_epoch_task,val,cycle2,72,,,,,,,,,,2000,178.0,8.0,1814.0,0.0,0.956989247311828,1.0,0.9780219197273254,0.9780219197273254,0.9780219197273254,178.0,0.08900000154972076
fedavg,fedavg,49|374,49|374,2,374,data_2000_3_7.0_chordal,val_epoch_task,val,cycle3,72,,,,,,,,,,2000,179.0,32.0,1789.0,0.0,0.8483412322274881,1.0,0.9179487228393555,0.9179487228393555,0.9179487228393555,179.0,0.08950000256299973
fedavg,fedavg,49|374,49|374,2,374,data_2000_3_7.0_chordal,val_epoch_task,val,cycle4,72,,,,,,,,,,2000,168.0,28.0,1802.0,2.0,0.8571428571428571,0.9882352941176471,0.9180327653884888,0.9180327653884888,0.9180327653884888,170.0,0.08500000089406967
fedavg,fedavg,49|374,49|374,2,374,data_2000_3_7.0_chordal,val_epoch_task,val,cycle5,72,,,,,,,,,,2000,165.0,87.0,1747.0,1.0,0.6547619047619048,0.9939759036144579,0.7894737124443054,0.7894737124443054,0.7894737124443054,166.0,0.08299999684095383
fedavg,fedavg,49|374,49|374,2,374,data_2000_3_7.0_chordal,val_epoch_task,val,cycle6,72,,,,,,,,,,2000,143.0,220.0,1633.0,4.0,0.3939393939393939,0.9727891156462585,0.5607842803001404,0.5607842803001404,0.5607842803001404,147.0,0.07349999994039536
fedavg,fedavg,49|374,49|374,2,49,data_2000_3_6.5_chordal,global_val_client,val,,72,,,0.1322243861556053,0.966,0.8820000290870667,0.8478066248880932,0.8634663820266724,0.8634663820266724,0.8634663820266724,2000,,,,,,,,,,,
fedavg,fedavg,49|374,49|374,2,49,data_2000_3_6.5_chordal,global_val_client_task,val,cycle2,72,,,,,,,,,,2000,182.0,15.0,1803.0,0.0,0.9238578680203046,1.0,0.960422158241272,0.960422158241272,0.960422158241272,182.0,0.09099999815225601
fedavg,fedavg,49|374,49|374,2,49,data_2000_3_6.5_chordal,global_val_client_task,val,cycle3,72,,,,,,,,,,2000,193.0,25.0,1782.0,0.0,0.8853211009174312,1.0,0.9391726851463318,0.9391726851463318,0.9391726851463318,193.0,0.09650000184774399
fedavg,fedavg,49|374,49|374,2,49,data_2000_3_6.5_chordal,global_val_client_task,val,cycle4,72,,,,,,,,,,2000,172.0,34.0,1792.0,2.0,0.8349514563106796,0.9885057471264368,0.9052631258964539,0.9052631258964539,0.9052631258964539,174.0,0.08699999749660492
fedavg,fedavg,49|374,49|374,2,49,data_2000_3_6.5_chordal,global_val_client_task,val,cycle5,72,,,,,,,,,,2000,191.0,93.0,1713.0,3.0,0.6725352112676056,0.9845360824742269,0.7991632223129272,0.7991632223129272,0.7991632223129272,194.0,0.09700000286102295
fedavg,fedavg,49|374,49|374,2,49,data_2000_3_6.5_chordal,global_val_client_task,val,cycle6,72,,,,,,,,,,2000,209.0,160.0,1623.0,8.0,0.5663956639566395,0.9631336405529954,0.7133105397224426,0.7133105397224426,0.7133105397224426,217.0,0.10849999636411667
fedavg,fedavg,49|374,49|374,2,374,data_2000_3_7.0_chordal,global_val_client,val,,72,,,0.10488613492250443,0.9728,0.8995000123977661,0.8590673575129534,0.866860032081604,0.866860032081604,0.866860032081604,2000,,,,,,,,,,,
fedavg,fedavg,49|374,49|374,2,374,data_2000_3_7.0_chordal,global_val_client_task,val,cycle2,72,,,,,,,,,,2000,178.0,10.0,1812.0,0.0,0.9468085106382979,1.0,0.9726775884628296,0.9726775884628296,0.9726775884628296,178.0,0.08900000154972076
fedavg,fedavg,49|374,49|374,2,374,data_2000_3_7.0_chordal,global_val_client_task,val,cycle3,72,,,,,,,,,,2000,179.0,16.0,1805.0,0.0,0.9179487179487179,1.0,0.9572192430496216,0.9572192430496216,0.9572192430496216,179.0,0.08950000256299973
fedavg,fedavg,49|374,49|374,2,374,data_2000_3_7.0_chordal,global_val_client_task,val,cycle4,72,,,,,,,,,,2000,165.0,26.0,1804.0,5.0,0.8638743455497382,0.9705882352941176,0.9141274094581604,0.9141274094581604,0.9141274094581604,170.0,0.08500000089406967
fedavg,fedavg,49|374,49|374,2,374,data_2000_3_7.0_chordal,global_val_client_task,val,cycle5,72,,,,,,,,,,2000,166.0,63.0,1771.0,0.0,0.7248908296943232,1.0,0.8405063152313232,0.8405063152313232,0.8405063152313232,166.0,0.08299999684095383
fedavg,fedavg,49|374,49|374,2,374,data_2000_3_7.0_chordal,global_val_client_task,val,cycle6,72,,,,,,,,,,2000,141.0,146.0,1707.0,6.0,0.4912891986062718,0.9591836734693877,0.6497696042060852,0.6497696042060852,0.6497696042060852,147.0,0.07349999994039536
fedavg,fedavg,49|374,49|374,2,all,all,global_val_mean,val,,72,,,0.11855526053905487,0.9693999999999999,0.8907500207424164,0.8534369912005233,0.8651632070541382,0.8651632070541382,0.8651632070541382,4000,,,,,,,,,,,
fedavg,fedavg,49|374,49|374,2,49,data_2000_3_6.5_chordal,train_epoch,train,,73,1.0,0.13397216099500656,,,,,,,,2000,,,,,,,,,,,
fedavg,fedavg,49|374,49|374,2,49,data_2000_3_6.5_chordal,train_epoch,train,,73,2.0,0.12355887019634247,,,,,,,,2000,,,,,,,,,,,
fedavg,fedavg,49|374,49|374,2,49,data_2000_3_6.5_chordal,train_epoch,train,,73,3.0,0.12308391839265824,,,,,,,,2000,,,,,,,,,,,
fedavg,fedavg,49|374,49|374,2,49,data_2000_3_6.5_chordal,val_epoch,val,,73,,,0.1884664407670498,0.9668,0.8784999847412109,0.8467220683287165,0.8579534292221069,0.8579534292221069,0.8579534292221069,2000,,,,,,,,,,,
fedavg,fedavg,49|374,49|374,2,49,data_2000_3_6.5_chordal,val_epoch_task,val,cycle2,73,,,,,,,,,,2000,182.0,8.0,1810.0,0.0,0.9578947368421052,1.0,0.9784945845603943,0.9784945845603943,0.9784945845603943,182.0,0.09099999815225601
fedavg,fedavg,49|374,49|374,2,49,data_2000_3_6.5_chordal,val_epoch_task,val,cycle3,73,,,,,,,,,,2000,193.0,23.0,1784.0,0.0,0.8935185185185185,1.0,0.9437652826309204,0.9437652826309204,0.9437652826309204,193.0,0.09650000184774399
fedavg,fedavg,49|374,49|374,2,49,data_2000_3_6.5_chordal,val_epoch_task,val,cycle4,73,,,,,,,,,,2000,172.0,56.0,1770.0,2.0,0.7543859649122807,0.9885057471264368,0.8557214140892029,0.8557214140892029,0.8557214140892029,174.0,0.08699999749660492
fedavg,fedavg,49|374,49|374,2,49,data_2000_3_6.5_chordal,val_epoch_task,val,cycle5,73,,,,,,,,,,2000,191.0,82.0,1724.0,3.0,0.6996336996336996,0.9845360824742269,0.8179872035980225,0.8179872035980225,0.8179872035980225,194.0,0.09700000286102295
fedavg,fedavg,49|374,49|374,2,49,data_2000_3_6.5_chordal,val_epoch_task,val,cycle6,73,,,,,,,,,,2000,179.0,120.0,1663.0,38.0,0.5986622073578596,0.8248847926267281,0.6937984228134155,0.6937984228134155,0.6937984228134155,217.0,0.10849999636411667
fedavg,fedavg,49|374,49|374,2,374,data_2000_3_7.0_chordal,train_epoch,train,,73,1.0,0.12043678107857704,,,,,,,,2000,,,,,,,,,,,
fedavg,fedavg,49|374,49|374,2,374,data_2000_3_7.0_chordal,train_epoch,train,,73,2.0,0.14508252519369125,,,,,,,,2000,,,,,,,,,,,
fedavg,fedavg,49|374,49|374,2,374,data_2000_3_7.0_chordal,train_epoch,train,,73,3.0,0.14119136661291123,,,,,,,,2000,,,,,,,,,,,
fedavg,fedavg,49|374,49|374,2,374,data_2000_3_7.0_chordal,val_epoch,val,,73,,,0.10529690098762512,0.9641,0.8824999928474426,0.8228909718796251,0.8364116549491882,0.8364116549491882,0.8364116549491882,2000,,,,,,,,,,,
fedavg,fedavg,49|374,49|374,2,374,data_2000_3_7.0_chordal,val_epoch_task,val,cycle2,73,,,,,,,,,,2000,178.0,14.0,1808.0,0.0,0.9270833333333334,1.0,0.9621621966362,0.9621621966362,0.9621621966362,178.0,0.08900000154972076
fedavg,fedavg,49|374,49|374,2,374,data_2000_3_7.0_chordal,val_epoch_task,val,cycle3,73,,,,,,,,,,2000,179.0,9.0,1812.0,0.0,0.9521276595744681,1.0,0.9754768013954163,0.9754768013954163,0.9754768013954163,179.0,0.08950000256299973
fedavg,fedavg,49|374,49|374,2,374,data_2000_3_7.0_chordal,val_epoch_task,val,cycle4,73,,,,,,,,,,2000,170.0,60.0,1770.0,0.0,0.7391304347826086,1.0,0.8499999642372131,0.8499999642372131,0.8499999642372131,170.0,0.08500000089406967
fedavg,fedavg,49|374,49|374,2,374,data_2000_3_7.0_chordal,val_epoch_task,val,cycle5,73,,,,,,,,,,2000,165.0,82.0,1752.0,1.0,0.6680161943319838,0.9939759036144579,0.7990314960479736,0.7990314960479736,0.7990314960479736,166.0,0.08299999684095383
fedavg,fedavg,49|374,49|374,2,374,data_2000_3_7.0_chordal,val_epoch_task,val,cycle6,73,,,,,,,,,,2000,142.0,188.0,1665.0,5.0,0.4303030303030303,0.9659863945578231,0.595387876033783,0.595387876033783,0.595387876033783,147.0,0.07349999994039536
fedavg,fedavg,49|374,49|374,2,49,data_2000_3_6.5_chordal,global_val_client,val,,73,,,0.14221540659666063,0.962,0.8709999918937683,0.831858407079646,0.8470954895019531,0.8470954895019531,0.8470954895019531,2000,,,,,,,,,,,
fedavg,fedavg,49|374,49|374,2,49,data_2000_3_6.5_chordal,global_val_client_task,val,cycle2,73,,,,,,,,,,2000,182.0,8.0,1810.0,0.0,0.9578947368421052,1.0,0.9784945845603943,0.9784945845603943,0.9784945845603943,182.0,0.09099999815225601
fedavg,fedavg,49|374,49|374,2,49,data_2000_3_6.5_chordal,global_val_client_task,val,cycle3,73,,,,,,,,,,2000,193.0,20.0,1787.0,0.0,0.9061032863849765,1.0,0.9507389068603516,0.9507389068603516,0.9507389068603516,193.0,0.09650000184774399
fedavg,fedavg,49|374,49|374,2,49,data_2000_3_6.5_chordal,global_val_client_task,val,cycle4,73,,,,,,,,,,2000,173.0,85.0,1741.0,1.0,0.6705426356589147,0.9942528735632183,0.8009259700775146,0.8009259700775146,0.8009259700775146,174.0,0.08699999749660492
fedavg,fedavg,49|374,49|374,2,49,data_2000_3_6.5_chordal,global_val_client_task,val,cycle5,73,,,,,,,,,,2000,193.0,87.0,1719.0,1.0,0.6892857142857143,0.9948453608247423,0.8143460154533386,0.8143460154533386,0.8143460154533386,194.0,0.09700000286102295
fedavg,fedavg,49|374,49|374,2,49,data_2000_3_6.5_chordal,global_val_client_task,val,cycle6,73,,,,,,,,,,2000,199.0,160.0,1623.0,18.0,0.5543175487465181,0.9170506912442397,0.6909722089767456,0.6909722089767456,0.6909722089767456,217.0,0.10849999636411667
fedavg,fedavg,49|374,49|374,2,374,data_2000_3_7.0_chordal,global_val_client,val,,73,,,0.11017883798480034,0.9688,0.890999972820282,0.8414634146341464,0.8476413488388062,0.8476413488388062,0.8476413488388062,2000,,,,,,,,,,,
fedavg,fedavg,49|374,49|374,2,374,data_2000_3_7.0_chordal,global_val_client_task,val,cycle2,73,,,,,,,,,,2000,178.0,10.0,1812.0,0.0,0.9468085106382979,1.0,0.9726775884628296,0.9726775884628296,0.9726775884628296,178.0,0.08900000154972076
fedavg,fedavg,49|374,49|374,2,374,data_2000_3_7.0_chordal,global_val_client_task,val,cycle3,73,,,,,,,,,,2000,179.0,17.0,1804.0,0.0,0.9132653061224489,1.0,0.9546666741371155,0.9546666741371155,0.9546666741371155,179.0,0.08950000256299973
fedavg,fedavg,49|374,49|374,2,374,data_2000_3_7.0_chordal,global_val_client_task,val,cycle4,73,,,,,,,,,,2000,169.0,54.0,1776.0,1.0,0.757847533632287,0.9941176470588236,0.8600508570671082,0.8600508570671082,0.8600508570671082,170.0,0.08500000089406967
fedavg,fedavg,49|374,49|374,2,374,data_2000_3_7.0_chordal,global_val_client_task,val,cycle5,73,,,,,,,,,,2000,166.0,79.0,1755.0,0.0,0.6775510204081633,1.0,0.8077858686447144,0.8077858686447144,0.8077858686447144,166.0,0.08299999684095383
fedavg,fedavg,49|374,49|374,2,374,data_2000_3_7.0_chordal,global_val_client_task,val,cycle6,73,,,,,,,,,,2000,136.0,140.0,1713.0,11.0,0.4927536231884058,0.9251700680272109,0.6430259943008423,0.6430259943008423,0.6430259943008423,147.0,0.07349999994039536
fedavg,fedavg,49|374,49|374,2,all,all,global_val_mean,val,,73,,,0.1261971222907305,0.9653999999999999,0.8809999823570251,0.8366609108568962,0.8473684191703796,0.8473684191703796,0.8473684191703796,4000,,,,,,,,,,,
fedavg,fedavg,49|374,49|374,2,49,data_2000_3_6.5_chordal,train_epoch,train,,74,1.0,0.13965120652318,,,,,,,,2000,,,,,,,,,,,
fedavg,fedavg,49|374,49|374,2,49,data_2000_3_6.5_chordal,train_epoch,train,,74,2.0,0.09941608703136444,,,,,,,,2000,,,,,,,,,,,
fedavg,fedavg,49|374,49|374,2,49,data_2000_3_6.5_chordal,train_epoch,train,,74,3.0,0.12615078936889768,,,,,,,,2000,,,,,,,,,,,
fedavg,fedavg,49|374,49|374,2,49,data_2000_3_6.5_chordal,val_epoch,val,,74,,,0.30362580163404346,0.9681,0.8830000162124634,0.8474414155906265,0.8546302914619446,0.8546302914619446,0.8546302914619446,2000,,,,,,,,,,,
fedavg,fedavg,49|374,49|374,2,49,data_2000_3_6.5_chordal,val_epoch_task,val,cycle2,74,,,,,,,,,,2000,182.0,17.0,1801.0,0.0,0.914572864321608,1.0,0.9553805589675903,0.9553805589675903,0.9553805589675903,182.0,0.09099999815225601
fedavg,fedavg,49|374,49|374,2,49,data_2000_3_6.5_chordal,val_epoch_task,val,cycle3,74,,,,,,,,,,2000,191.0,14.0,1793.0,2.0,0.9317073170731708,0.9896373056994818,0.9597989916801453,0.9597989916801453,0.9597989916801453,193.0,0.09650000184774399
fedavg,fedavg,49|374,49|374,2,49,data_2000_3_6.5_chordal,val_epoch_task,val,cycle4,74,,,,,,,,,,2000,167.0,53.0,1773.0,7.0,0.759090909090909,0.9597701149425287,0.8477156758308411,0.8477156758308411,0.8477156758308411,174.0,0.08699999749660492
fedavg,fedavg,49|374,49|374,2,49,data_2000_3_6.5_chordal,val_epoch_task,val,cycle5,74,,,,,,,,,,2000,185.0,71.0,1735.0,9.0,0.72265625,0.9536082474226805,0.8222222328186035,0.8222222328186035,0.8222222328186035,194.0,0.09700000286102295
fedavg,fedavg,49|374,49|374,2,49,data_2000_3_6.5_chordal,val_epoch_task,val,cycle6,74,,,,,,,,,,2000,161.0,90.0,1693.0,56.0,0.6414342629482072,0.7419354838709677,0.688034176826477,0.688034176826477,0.688034176826477,217.0,0.10849999636411667
fedavg,fedavg,49|374,49|374,2,374,data_2000_3_7.0_chordal,train_epoch,train,,74,1.0,0.14263496381044388,,,,,,,,2000,,,,,,,,,,,
fedavg,fedavg,49|374,49|374,2,374,data_2000_3_7.0_chordal,train_epoch,train,,74,2.0,0.1303033262193203,,,,,,,,2000,,,,,,,,,,,
fedavg,fedavg,49|374,49|374,2,374,data_2000_3_7.0_chordal,train_epoch,train,,74,3.0,0.13182834735512733,,,,,,,,2000,,,,,,,,,,,
fedavg,fedavg,49|374,49|374,2,374,data_2000_3_7.0_chordal,val_epoch,val,,74,,,0.15183488804101944,0.97,0.8845000267028809,0.842436974789916,0.849452793598175,0.849452793598175,0.849452793598175,2000,,,,,,,,,,,
fedavg,fedavg,49|374,49|374,2,374,data_2000_3_7.0_chordal,val_epoch_task,val,cycle2,74,,,,,,,,,,2000,178.0,14.0,1808.0,0.0,0.9270833333333334,1.0,0.9621621966362,0.9621621966362,0.9621621966362,178.0,0.08900000154972076
fedavg,fedavg,49|374,49|374,2,374,data_2000_3_7.0_chordal,val_epoch_task,val,cycle3,74,,,,,,,,,,2000,177.0,6.0,1815.0,2.0,0.9672131147540983,0.9888268156424581,0.9779005646705627,0.9779005646705627,0.9779005646705627,179.0,0.08950000256299973
fedavg,fedavg,49|374,49|374,2,374,data_2000_3_7.0_chordal,val_epoch_task,val,cycle4,74,,,,,,,,,,2000,160.0,36.0,1794.0,10.0,0.8163265306122449,0.9411764705882353,0.874316930770874,0.874316930770874,0.874316930770874,170.0,0.08500000089406967
fedavg,fedavg,49|374,49|374,2,374,data_2000_3_7.0_chordal,val_epoch_task,val,cycle5,74,,,,,,,,,,2000,155.0,63.0,1771.0,11.0,0.7110091743119266,0.9337349397590361,0.8072916269302368,0.8072916269302368,0.8072916269302368,166.0,0.08299999684095383
fedavg,fedavg,49|374,49|374,2,374,data_2000_3_7.0_chordal,val_epoch_task,val,cycle6,74,,,,,,,,,,2000,132.0,143.0,1710.0,15.0,0.48,0.8979591836734694,0.6255924105644226,0.6255924105644226,0.6255924105644226,147.0,0.07349999994039536
fedavg,fedavg,49|374,49|374,2,49,data_2000_3_6.5_chordal,global_val_client,val,,74,,,0.19181945684552193,0.9692,0.8845000267028809,0.856610800744879,0.8696781396865845,0.8696781396865845,0.8696781396865845,2000,,,,,,,,,,,
fedavg,fedavg,49|374,49|374,2,49,data_2000_3_6.5_chordal,global_val_client_task,val,cycle2,74,,,,,,,,,,2000,182.0,8.0,1810.0,0.0,0.9578947368421052,1.0,0.9784945845603943,0.9784945845603943,0.9784945845603943,182.0,0.09099999815225601
fedavg,fedavg,49|374,49|374,2,49,data_2000_3_6.5_chordal,global_val_client_task,val,cycle3,74,,,,,,,,,,2000,190.0,19.0,1788.0,3.0,0.9090909090909091,0.9844559585492227,0.9452736973762512,0.9452736973762512,0.9452736973762512,193.0,0.09650000184774399
fedavg,fedavg,49|374,49|374,2,49,data_2000_3_6.5_chordal,global_val_client_task,val,cycle4,74,,,,,,,,,,2000,172.0,36.0,1790.0,2.0,0.8269230769230769,0.9885057471264368,0.9005236029624939,0.9005236029624939,0.9005236029624939,174.0,0.08699999749660492
fedavg,fedavg,49|374,49|374,2,49,data_2000_3_6.5_chordal,global_val_client_task,val,cycle5,74,,,,,,,,,,2000,192.0,79.0,1727.0,2.0,0.7084870848708487,0.9896907216494846,0.8258064389228821,0.8258064389228821,0.8258064389228821,194.0,0.09700000286102295
fedavg,fedavg,49|374,49|374,2,49,data_2000_3_6.5_chordal,global_val_client_task,val,cycle6,74,,,,,,,,,,2000,184.0,126.0,1657.0,33.0,0.5935483870967742,0.847926267281106,0.6982921361923218,0.6982921361923218,0.6982921361923218,217.0,0.10849999636411667
fedavg,fedavg,49|374,49|374,2,374,data_2000_3_7.0_chordal,global_val_client,val,,74,,,0.12245968614891171,0.9778,0.9150000214576721,0.8796095444685466,0.8807283639907837,0.8807283639907837,0.8807283639907837,2000,,,,,,,,,,,
fedavg,fedavg,49|374,49|374,2,374,data_2000_3_7.0_chordal,global_val_client_task,val,cycle2,74,,,,,,,,,,2000,178.0,6.0,1816.0,0.0,0.967391304347826,1.0,0.9834254384040833,0.9834254384040833,0.9834254384040833,178.0,0.08900000154972076
fedavg,fedavg,49|374,49|374,2,374,data_2000_3_7.0_chordal,global_val_client_task,val,cycle3,74,,,,,,,,,,2000,179.0,7.0,1814.0,0.0,0.9623655913978495,1.0,0.9808218479156494,0.9808218479156494,0.9808218479156494,179.0,0.08950000256299973
fedavg,fedavg,49|374,49|374,2,374,data_2000_3_7.0_chordal,global_val_client_task,val,cycle4,74,,,,,,,,,,2000,167.0,27.0,1803.0,3.0,0.8608247422680413,0.9823529411764705,0.9175823926925659,0.9175823926925659,0.9175823926925659,170.0,0.08500000089406967
fedavg,fedavg,49|374,49|374,2,374,data_2000_3_7.0_chordal,global_val_client_task,val,cycle5,74,,,,,,,,,,2000,161.0,56.0,1778.0,5.0,0.7419354838709677,0.9698795180722891,0.8407310843467712,0.8407310843467712,0.8407310843467712,166.0,0.08299999684095383
fedavg,fedavg,49|374,49|374,2,374,data_2000_3_7.0_chordal,global_val_client_task,val,cycle6,74,,,,,,,,,,2000,126.0,97.0,1756.0,21.0,0.5650224215246636,0.8571428571428571,0.6810810565948486,0.6810810565948486,0.6810810565948486,147.0,0.07349999994039536
fedavg,fedavg,49|374,49|374,2,all,all,global_val_mean,val,,74,,,0.15713957149721683,0.9735,0.8997500240802765,0.8681101726067129,0.8752032518386841,0.8752032518386841,0.8752032518386841,4000,,,,,,,,,,,
fedavg,fedavg,49|374,49|374,2,49,data_2000_3_6.5_chordal,train_epoch,train,,75,1.0,0.12841677355766296,,,,,,,,2000,,,,,,,,,,,
fedavg,fedavg,49|374,49|374,2,49,data_2000_3_6.5_chordal,train_epoch,train,,75,2.0,0.11911669582128524,,,,,,,,2000,,,,,,,,,,,
fedavg,fedavg,49|374,49|374,2,49,data_2000_3_6.5_chordal,train_epoch,train,,75,3.0,0.12836260491609575,,,,,,,,2000,,,,,,,,,,,
fedavg,fedavg,49|374,49|374,2,49,data_2000_3_6.5_chordal,val_epoch,val,,75,,,0.18708608242869376,0.9624,0.8675000071525574,0.8318425760286225,0.8469575047492981,0.8469575047492981,0.8469575047492981,2000,,,,,,,,,,,
fedavg,fedavg,49|374,49|374,2,49,data_2000_3_6.5_chordal,val_epoch_task,val,cycle2,75,,,,,,,,,,2000,178.0,2.0,1816.0,4.0,0.9888888888888889,0.978021978021978,0.9834253787994385,0.9834253787994385,0.9834253787994385,182.0,0.09099999815225601
fedavg,fedavg,49|374,49|374,2,49,data_2000_3_6.5_chordal,val_epoch_task,val,cycle3,75,,,,,,,,,,2000,193.0,27.0,1780.0,0.0,0.8772727272727273,1.0,0.9346246719360352,0.9346246719360352,0.9346246719360352,193.0,0.09650000184774399
fedavg,fedavg,49|374,49|374,2,49,data_2000_3_6.5_chordal,val_epoch_task,val,cycle4,75,,,,,,,,,,2000,172.0,58.0,1768.0,2.0,0.7478260869565218,0.9885057471264368,0.8514851927757263,0.8514851927757263,0.8514851927757263,174.0,0.08699999749660492
fedavg,fedavg,49|374,49|374,2,49,data_2000_3_6.5_chordal,val_epoch_task,val,cycle5,75,,,,,,,,,,2000,193.0,129.0,1677.0,1.0,0.5993788819875776,0.9948453608247423,0.7480620741844177,0.7480620741844177,0.7480620741844177,194.0,0.09700000286102295
fedavg,fedavg,49|374,49|374,2,49,data_2000_3_6.5_chordal,val_epoch_task,val,cycle6,75,,,,,,,,,,2000,194.0,130.0,1653.0,23.0,0.5987654320987654,0.8940092165898618,0.7171903252601624,0.7171903252601624,0.7171903252601624,217.0,0.10849999636411667
fedavg,fedavg,49|374,49|374,2,374,data_2000_3_7.0_chordal,train_epoch,train,,75,1.0,0.14762552440166474,,,,,,,,2000,,,,,,,,,,,
fedavg,fedavg,49|374,49|374,2,374,data_2000_3_7.0_chordal,train_epoch,train,,75,2.0,0.1347306946516037,,,,,,,,2000,,,,,,,,,,,
fedavg,fedavg,49|374,49|374,2,374,data_2000_3_7.0_chordal,train_epoch,train,,75,3.0,0.14356513476371766,,,,,,,,2000,,,,,,,,,,,
fedavg,fedavg,49|374,49|374,2,374,data_2000_3_7.0_chordal,val_epoch,val,,75,,,0.11464708466827869,0.9691,0.8974999785423279,0.8427480916030534,0.8466693162918091,0.8466693162918091,0.8466693162918091,2000,,,,,,,,,,,
fedavg,fedavg,49|374,49|374,2,374,data_2000_3_7.0_chordal,val_epoch_task,val,cycle2,75,,,,,,,,,,2000,178.0,6.0,1816.0,0.0,0.967391304347826,1.0,0.9834254384040833,0.9834254384040833,0.9834254384040833,178.0,0.08900000154972076
fedavg,fedavg,49|374,49|374,2,374,data_2000_3_7.0_chordal,val_epoch_task,val,cycle3,75,,,,,,,,,,2000,179.0,21.0,1800.0,0.0,0.895,1.0,0.9445910453796387,0.9445910453796387,0.9445910453796387,179.0,0.08950000256299973
fedavg,fedavg,49|374,49|374,2,374,data_2000_3_7.0_chordal,val_epoch_task,val,cycle4,75,,,,,,,,,,2000,168.0,74.0,1756.0,2.0,0.6942148760330579,0.9882352941176471,0.8155339956283569,0.8155339956283569,0.8155339956283569,170.0,0.08500000089406967
fedavg,fedavg,49|374,49|374,2,374,data_2000_3_7.0_chordal,val_epoch_task,val,cycle5,75,,,,,,,,,,2000,165.0,89.0,1745.0,1.0,0.6496062992125984,0.9939759036144579,0.785714328289032,0.785714328289032,0.785714328289032,166.0,0.08299999684095383
fedavg,fedavg,49|374,49|374,2,374,data_2000_3_7.0_chordal,val_epoch_task,val,cycle6,75,,,,,,,,,,2000,138.0,107.0,1746.0,9.0,0.563265306122449,0.9387755102040817,0.7040815949440002,0.7040815949440002,0.7040815949440002,147.0,0.07349999994039536
fedavg,fedavg,49|374,49|374,2,49,data_2000_3_6.5_chordal,global_val_client,val,,75,,,0.1725675313472748,0.9564,0.8539999723434448,0.8117443868739205,0.8261825442314148,0.8261825442314148,0.8261825442314148,2000,,,,,,,,,,,
fedavg,fedavg,49|374,49|374,2,49,data_2000_3_6.5_chordal,global_val_client_task,val,cycle2,75,,,,,,,,,,2000,182.0,9.0,1809.0,0.0,0.9528795811518325,1.0,0.9758713245391846,0.9758713245391846,0.9758713245391846,182.0,0.09099999815225601
fedavg,fedavg,49|374,49|374,2,49,data_2000_3_6.5_chordal,global_val_client_task,val,cycle3,75,,,,,,,,,,2000,193.0,37.0,1770.0,0.0,0.8391304347826087,1.0,0.9125295877456665,0.9125295877456665,0.9125295877456665,193.0,0.09650000184774399
fedavg,fedavg,49|374,49|374,2,49,data_2000_3_6.5_chordal,global_val_client_task,val,cycle4,75,,,,,,,,,,2000,174.0,89.0,1737.0,0.0,0.6615969581749049,1.0,0.7963386178016663,0.7963386178016663,0.7963386178016663,174.0,0.08699999749660492
fedavg,fedavg,49|374,49|374,2,49,data_2000_3_6.5_chordal,global_val_client_task,val,cycle5,75,,,,,,,,,,2000,194.0,131.0,1675.0,0.0,0.5969230769230769,1.0,0.747591495513916,0.747591495513916,0.747591495513916,194.0,0.09700000286102295
fedavg,fedavg,49|374,49|374,2,49,data_2000_3_6.5_chordal,global_val_client_task,val,cycle6,75,,,,,,,,,,2000,197.0,150.0,1633.0,20.0,0.5677233429394812,0.9078341013824884,0.6985815763473511,0.6985815763473511,0.6985815763473511,217.0,0.10849999636411667
fedavg,fedavg,49|374,49|374,2,374,data_2000_3_7.0_chordal,global_val_client,val,,75,,,0.12411458729952574,0.9656,0.8799999952316284,0.8276553106212424,0.8346004486083984,0.8346004486083984,0.8346004486083984,2000,,,,,,,,,,,
fedavg,fedavg,49|374,49|374,2,374,data_2000_3_7.0_chordal,global_val_client_task,val,cycle2,75,,,,,,,,,,2000,178.0,9.0,1813.0,0.0,0.9518716577540107,1.0,0.9753424525260925,0.9753424525260925,0.9753424525260925,178.0,0.08900000154972076
fedavg,fedavg,49|374,49|374,2,374,data_2000_3_7.0_chordal,global_val_client_task,val,cycle3,75,,,,,,,,,,2000,179.0,14.0,1807.0,0.0,0.927461139896373,1.0,0.9623655676841736,0.9623655676841736,0.9623655676841736,179.0,0.08950000256299973
fedavg,fedavg,49|374,49|374,2,374,data_2000_3_7.0_chordal,global_val_client_task,val,cycle4,75,,,,,,,,,,2000,167.0,71.0,1759.0,3.0,0.7016806722689075,0.9823529411764705,0.8186274170875549,0.8186274170875549,0.8186274170875549,170.0,0.08500000089406967
fedavg,fedavg,49|374,49|374,2,374,data_2000_3_7.0_chordal,global_val_client_task,val,cycle5,75,,,,,,,,,,2000,165.0,109.0,1725.0,1.0,0.6021897810218978,0.9939759036144579,0.75,0.75,0.75,166.0,0.08299999684095383
fedavg,fedavg,49|374,49|374,2,374,data_2000_3_7.0_chordal,global_val_client_task,val,cycle6,75,,,,,,,,,,2000,137.0,127.0,1726.0,10.0,0.5189393939393939,0.9319727891156463,0.6666666269302368,0.6666666269302368,0.6666666269302368,147.0,0.07349999994039536
fedavg,fedavg,49|374,49|374,2,all,all,global_val_mean,val,,75,,,0.14834105932340025,0.961,0.8669999837875366,0.8196998487475814,0.8303914964199066,0.8303914964199066,0.8303914964199066,4000,,,,,,,,,,,
fedavg,fedavg,49|374,49|374,2,49,data_2000_3_6.5_chordal,train_epoch,train,,76,1.0,0.12189128333330154,,,,,,,,2000,,,,,,,,,,,
fedavg,fedavg,49|374,49|374,2,49,data_2000_3_6.5_chordal,train_epoch,train,,76,2.0,0.11563509985804558,,,,,,,,2000,,,,,,,,,,,
fedavg,fedavg,49|374,49|374,2,49,data_2000_3_6.5_chordal,train_epoch,train,,76,3.0,0.12345592868328094,,,,,,,,2000,,,,,,,,,,,
fedavg,fedavg,49|374,49|374,2,49,data_2000_3_6.5_chordal,val_epoch,val,,76,,,0.15608103439211846,0.9696,0.8790000081062317,0.8596491228070176,0.8746486902236938,0.8746486902236938,0.8746486902236938,2000,,,,,,,,,,,
fedavg,fedavg,49|374,49|374,2,49,data_2000_3_6.5_chordal,val_epoch_task,val,cycle2,76,,,,,,,,,,2000,182.0,3.0,1815.0,0.0,0.9837837837837838,1.0,0.9918256402015686,0.9918256402015686,0.9918256402015686,182.0,0.09099999815225601
fedavg,fedavg,49|374,49|374,2,49,data_2000_3_6.5_chordal,val_epoch_task,val,cycle3,76,,,,,,,,,,2000,193.0,14.0,1793.0,0.0,0.9323671497584541,1.0,0.9650000333786011,0.9650000333786011,0.9650000333786011,193.0,0.09650000184774399
fedavg,fedavg,49|374,49|374,2,49,data_2000_3_6.5_chordal,val_epoch_task,val,cycle4,76,,,,,,,,,,2000,173.0,39.0,1787.0,1.0,0.8160377358490566,0.9942528735632183,0.8963730335235596,0.8963730335235596,0.8963730335235596,174.0,0.08699999749660492
fedavg,fedavg,49|374,49|374,2,49,data_2000_3_6.5_chordal,val_epoch_task,val,cycle5,76,,,,,,,,,,2000,189.0,84.0,1722.0,5.0,0.6923076923076923,0.9742268041237113,0.8094218969345093,0.8094218969345093,0.8094218969345093,194.0,0.09700000286102295
fedavg,fedavg,49|374,49|374,2,49,data_2000_3_6.5_chordal,val_epoch_task,val,cycle6,76,,,,,,,,,,2000,194.0,135.0,1648.0,23.0,0.5896656534954408,0.8940092165898618,0.7106227278709412,0.7106227278709412,0.7106227278709412,217.0,0.10849999636411667
fedavg,fedavg,49|374,49|374,2,374,data_2000_3_7.0_chordal,train_epoch,train,,76,1.0,0.130544445335865,,,,,,,,2000,,,,,,,,,,,
fedavg,fedavg,49|374,49|374,2,374,data_2000_3_7.0_chordal,train_epoch,train,,76,2.0,0.11201930212974548,,,,,,,,2000,,,,,,,,,,,
fedavg,fedavg,49|374,49|374,2,374,data_2000_3_7.0_chordal,train_epoch,train,,76,3.0,0.12407467406988144,,,,,,,,2000,,,,,,,,,,,
fedavg,fedavg,49|374,49|374,2,374,data_2000_3_7.0_chordal,val_epoch,val,,76,,,0.14695355205237864,0.9704,0.8934999704360962,0.844700944386149,0.8462015986442566,0.8462015986442566,0.8462015986442566,2000,,,,,,,,,,,
fedavg,fedavg,49|374,49|374,2,374,data_2000_3_7.0_chordal,val_epoch_task,val,cycle2,76,,,,,,,,,,2000,178.0,15.0,1807.0,0.0,0.9222797927461139,1.0,0.9595686793327332,0.9595686793327332,0.9595686793327332,178.0,0.08900000154972076
fedavg,fedavg,49|374,49|374,2,374,data_2000_3_7.0_chordal,val_epoch_task,val,cycle3,76,,,,,,,,,,2000,179.0,24.0,1797.0,0.0,0.8817733990147784,1.0,0.9371727705001831,0.9371727705001831,0.9371727705001831,179.0,0.08950000256299973
fedavg,fedavg,49|374,49|374,2,374,data_2000_3_7.0_chordal,val_epoch_task,val,cycle4,76,,,,,,,,,,2000,163.0,37.0,1793.0,7.0,0.815,0.9588235294117647,0.8810810446739197,0.8810810446739197,0.8810810446739197,170.0,0.08500000089406967
fedavg,fedavg,49|374,49|374,2,374,data_2000_3_7.0_chordal,val_epoch_task,val,cycle5,76,,,,,,,,,,2000,158.0,76.0,1758.0,8.0,0.6752136752136753,0.9518072289156626,0.7900000214576721,0.7900000214576721,0.7900000214576721,166.0,0.08299999684095383
fedavg,fedavg,49|374,49|374,2,374,data_2000_3_7.0_chordal,val_epoch_task,val,cycle6,76,,,,,,,,,,2000,127.0,109.0,1744.0,20.0,0.538135593220339,0.8639455782312925,0.6631853580474854,0.6631853580474854,0.6631853580474854,147.0,0.07349999994039536
fedavg,fedavg,49|374,49|374,2,49,data_2000_3_6.5_chordal,global_val_client,val,,76,,,0.13678628945350646,0.9703,0.8895000219345093,0.8635737253100596,0.8750413656234741,0.8750413656234741,0.8750413656234741,2000,,,,,,,,,,,
fedavg,fedavg,49|374,49|374,2,49,data_2000_3_6.5_chordal,global_val_client_task,val,cycle2,76,,,,,,,,,,2000,182.0,7.0,1811.0,0.0,0.9629629629629629,1.0,0.9811320900917053,0.9811320900917053,0.9811320900917053,182.0,0.09099999815225601
fedavg,fedavg,49|374,49|374,2,49,data_2000_3_6.5_chordal,global_val_client_task,val,cycle3,76,,,,,,,,,,2000,193.0,16.0,1791.0,0.0,0.9234449760765551,1.0,0.9601989984512329,0.9601989984512329,0.9601989984512329,193.0,0.09650000184774399
fedavg,fedavg,49|374,49|374,2,49,data_2000_3_6.5_chordal,global_val_client_task,val,cycle4,76,,,,,,,,,,2000,173.0,49.0,1777.0,1.0,0.7792792792792793,0.9942528735632183,0.8737373948097229,0.8737373948097229,0.8737373948097229,174.0,0.08699999749660492
fedavg,fedavg,49|374,49|374,2,49,data_2000_3_6.5_chordal,global_val_client_task,val,cycle5,76,,,,,,,,,,2000,194.0,86.0,1720.0,0.0,0.6928571428571428,1.0,0.8185654282569885,0.8185654282569885,0.8185654282569885,194.0,0.09700000286102295
fedavg,fedavg,49|374,49|374,2,49,data_2000_3_6.5_chordal,global_val_client_task,val,cycle6,76,,,,,,,,,,2000,198.0,119.0,1664.0,19.0,0.6246056782334385,0.9124423963133641,0.7415729761123657,0.7415729761123657,0.7415729761123657,217.0,0.10849999636411667
fedavg,fedavg,49|374,49|374,2,374,data_2000_3_7.0_chordal,global_val_client,val,,76,,,0.10188444924354553,0.9735,0.8974999785423279,0.8617631716223266,0.8655230402946472,0.8655230402946472,0.8655230402946472,2000,,,,,,,,,,,
fedavg,fedavg,49|374,49|374,2,374,data_2000_3_7.0_chordal,global_val_client_task,val,cycle2,76,,,,,,,,,,2000,178.0,0.0,1822.0,0.0,1.0,1.0,1.0,1.0,1.0,178.0,0.08900000154972076
fedavg,fedavg,49|374,49|374,2,374,data_2000_3_7.0_chordal,global_val_client_task,val,cycle3,76,,,,,,,,,,2000,179.0,21.0,1800.0,0.0,0.895,1.0,0.9445910453796387,0.9445910453796387,0.9445910453796387,179.0,0.08950000256299973
fedavg,fedavg,49|374,49|374,2,374,data_2000_3_7.0_chordal,global_val_client_task,val,cycle4,76,,,,,,,,,,2000,170.0,49.0,1781.0,0.0,0.776255707762557,1.0,0.8740360140800476,0.8740360140800476,0.8740360140800476,170.0,0.08500000089406967
fedavg,fedavg,49|374,49|374,2,374,data_2000_3_7.0_chordal,global_val_client_task,val,cycle5,76,,,,,,,,,,2000,161.0,67.0,1767.0,5.0,0.706140350877193,0.9698795180722891,0.8172588348388672,0.8172588348388672,0.8172588348388672,166.0,0.08299999684095383
fedavg,fedavg,49|374,49|374,2,374,data_2000_3_7.0_chordal,global_val_client_task,val,cycle6,76,,,,,,,,,,2000,138.0,114.0,1739.0,9.0,0.5476190476190477,0.9387755102040817,0.6917293071746826,0.6917293071746826,0.6917293071746826,147.0,0.07349999994039536
fedavg,fedavg,49|374,49|374,2,all,all,global_val_mean,val,,76,,,0.119335369348526,0.9719000000000001,0.8935000002384186,0.8626684484661931,0.8702822029590607,0.8702822029590607,0.8702822029590607,4000,,,,,,,,,,,
fedavg,fedavg,49|374,49|374,2,49,data_2000_3_6.5_chordal,train_epoch,train,,77,1.0,0.11809994357824326,,,,,,,,2000,,,,,,,,,,,
fedavg,fedavg,49|374,49|374,2,49,data_2000_3_6.5_chordal,train_epoch,train,,77,2.0,0.12673349210619927,,,,,,,,2000,,,,,,,,,,,
fedavg,fedavg,49|374,49|374,2,49,data_2000_3_6.5_chordal,train_epoch,train,,77,3.0,0.13147108978033065,,,,,,,,2000,,,,,,,,,,,
fedavg,fedavg,49|374,49|374,2,49,data_2000_3_6.5_chordal,val_epoch,val,,77,,,0.17696708959341048,0.9636,0.8709999918937683,0.8349954669084315,0.8471585512161255,0.8471585512161255,0.8471585512161255,2000,,,,,,,,,,,
fedavg,fedavg,49|374,49|374,2,49,data_2000_3_6.5_chordal,val_epoch_task,val,cycle2,77,,,,,,,,,,2000,182.0,16.0,1802.0,0.0,0.9191919191919192,1.0,0.9578947424888611,0.9578947424888611,0.9578947424888611,182.0,0.09099999815225601
fedavg,fedavg,49|374,49|374,2,49,data_2000_3_6.5_chordal,val_epoch_task,val,cycle3,77,,,,,,,,,,2000,192.0,18.0,1789.0,1.0,0.9142857142857143,0.9948186528497409,0.9528535604476929,0.9528535604476929,0.9528535604476929,193.0,0.09650000184774399
fedavg,fedavg,49|374,49|374,2,49,data_2000_3_6.5_chordal,val_epoch_task,val,cycle4,77,,,,,,,,,,2000,166.0,53.0,1773.0,8.0,0.7579908675799086,0.9540229885057471,0.8447837233543396,0.8447837233543396,0.8447837233543396,174.0,0.08699999749660492
fedavg,fedavg,49|374,49|374,2,49,data_2000_3_6.5_chordal,val_epoch_task,val,cycle5,77,,,,,,,,,,2000,189.0,119.0,1687.0,5.0,0.6136363636363636,0.9742268041237113,0.7529880404472351,0.7529880404472351,0.7529880404472351,194.0,0.09700000286102295
fedavg,fedavg,49|374,49|374,2,49,data_2000_3_6.5_chordal,val_epoch_task,val,cycle6,77,,,,,,,,,,2000,192.0,119.0,1664.0,25.0,0.617363344051447,0.8847926267281107,0.7272726893424988,0.7272726893424988,0.7272726893424988,217.0,0.10849999636411667
fedavg,fedavg,49|374,49|374,2,374,data_2000_3_7.0_chordal,train_epoch,train,,77,1.0,0.15051107762008906,,,,,,,,2000,,,,,,,,,,,
fedavg,fedavg,49|374,49|374,2,374,data_2000_3_7.0_chordal,train_epoch,train,,77,2.0,0.14243479883670807,,,,,,,,2000,,,,,,,,,,,
fedavg,fedavg,49|374,49|374,2,374,data_2000_3_7.0_chordal,train_epoch,train,,77,3.0,0.12824223420023917,,,,,,,,2000,,,,,,,,,,,
fedavg,fedavg,49|374,49|374,2,374,data_2000_3_7.0_chordal,val_epoch,val,,77,,,0.14357998758554458,0.9689,0.8930000066757202,0.8387765681700363,0.8442436456680298,0.8442436456680298,0.8442436456680298,2000,,,,,,,,,,,
fedavg,fedavg,49|374,49|374,2,374,data_2000_3_7.0_chordal,val_epoch_task,val,cycle2,77,,,,,,,,,,2000,178.0,10.0,1812.0,0.0,0.9468085106382979,1.0,0.9726775884628296,0.9726775884628296,0.9726775884628296,178.0,0.08900000154972076
fedavg,fedavg,49|374,49|374,2,374,data_2000_3_7.0_chordal,val_epoch_task,val,cycle3,77,,,,,,,,,,2000,179.0,19.0,1802.0,0.0,0.9040404040404041,1.0,0.9496021270751953,0.9496021270751953,0.9496021270751953,179.0,0.08950000256299973
fedavg,fedavg,49|374,49|374,2,374,data_2000_3_7.0_chordal,val_epoch_task,val,cycle4,77,,,,,,,,,,2000,166.0,61.0,1769.0,4.0,0.7312775330396476,0.9764705882352941,0.8362720012664795,0.8362720012664795,0.8362720012664795,170.0,0.08500000089406967
fedavg,fedavg,49|374,49|374,2,374,data_2000_3_7.0_chordal,val_epoch_task,val,cycle5,77,,,,,,,,,,2000,152.0,50.0,1784.0,14.0,0.7524752475247525,0.9156626506024096,0.8260869383811951,0.8260869383811951,0.8260869383811951,166.0,0.08299999684095383
fedavg,fedavg,49|374,49|374,2,374,data_2000_3_7.0_chordal,val_epoch_task,val,cycle6,77,,,,,,,,,,2000,134.0,140.0,1713.0,13.0,0.48905109489051096,0.9115646258503401,0.6365796327590942,0.6365796327590942,0.6365796327590942,147.0,0.07349999994039536
fedavg,fedavg,49|374,49|374,2,49,data_2000_3_6.5_chordal,global_val_client,val,,77,,,0.14104600539803505,0.9645,0.871999979019165,0.8418708240534521,0.8561979532241821,0.8561979532241821,0.8561979532241821,2000,,,,,,,,,,,
fedavg,fedavg,49|374,49|374,2,49,data_2000_3_6.5_chordal,global_val_client_task,val,cycle2,77,,,,,,,,,,2000,182.0,6.0,1812.0,0.0,0.9680851063829787,1.0,0.9837838411331177,0.9837838411331177,0.9837838411331177,182.0,0.09099999815225601
fedavg,fedavg,49|374,49|374,2,49,data_2000_3_6.5_chordal,global_val_client_task,val,cycle3,77,,,,,,,,,,2000,193.0,15.0,1792.0,0.0,0.9278846153846154,1.0,0.9625935554504395,0.9625935554504395,0.9625935554504395,193.0,0.09650000184774399
fedavg,fedavg,49|374,49|374,2,49,data_2000_3_6.5_chordal,global_val_client_task,val,cycle4,77,,,,,,,,,,2000,170.0,81.0,1745.0,4.0,0.6772908366533864,0.9770114942528736,0.800000011920929,0.800000011920929,0.800000011920929,174.0,0.08699999749660492
fedavg,fedavg,49|374,49|374,2,49,data_2000_3_6.5_chordal,global_val_client_task,val,cycle5,77,,,,,,,,,,2000,194.0,87.0,1719.0,0.0,0.6903914590747331,1.0,0.8168420791625977,0.8168420791625977,0.8168420791625977,194.0,0.09700000286102295
fedavg,fedavg,49|374,49|374,2,49,data_2000_3_6.5_chordal,global_val_client_task,val,cycle6,77,,,,,,,,,,2000,206.0,151.0,1632.0,11.0,0.5770308123249299,0.9493087557603687,0.7177700996398926,0.7177700996398926,0.7177700996398926,217.0,0.10849999636411667
fedavg,fedavg,49|374,49|374,2,374,data_2000_3_7.0_chordal,global_val_client,val,,77,,,0.10222673443704844,0.9702,0.890500009059906,0.8476482617586912,0.8545481562614441,0.8545481562614441,0.8545481562614441,2000,,,,,,,,,,,
fedavg,fedavg,49|374,49|374,2,374,data_2000_3_7.0_chordal,global_val_client_task,val,cycle2,77,,,,,,,,,,2000,178.0,2.0,1820.0,0.0,0.9888888888888889,1.0,0.9944133758544922,0.9944133758544922,0.9944133758544922,178.0,0.08900000154972076
fedavg,fedavg,49|374,49|374,2,374,data_2000_3_7.0_chordal,global_val_client_task,val,cycle3,77,,,,,,,,,,2000,179.0,10.0,1811.0,0.0,0.9470899470899471,1.0,0.9728261232376099,0.9728261232376099,0.9728261232376099,179.0,0.08950000256299973
fedavg,fedavg,49|374,49|374,2,374,data_2000_3_7.0_chordal,global_val_client_task,val,cycle4,77,,,,,,,,,,2000,170.0,68.0,1762.0,0.0,0.7142857142857143,1.0,0.8333333730697632,0.8333333730697632,0.8333333730697632,170.0,0.08500000089406967
fedavg,fedavg,49|374,49|374,2,374,data_2000_3_7.0_chordal,global_val_client_task,val,cycle5,77,,,,,,,,,,2000,164.0,74.0,1760.0,2.0,0.6890756302521008,0.9879518072289156,0.8118812441825867,0.8118812441825867,0.8118812441825867,166.0,0.08299999684095383
fedavg,fedavg,49|374,49|374,2,374,data_2000_3_7.0_chordal,global_val_client_task,val,cycle6,77,,,,,,,,,,2000,138.0,133.0,1720.0,9.0,0.5092250922509225,0.9387755102040817,0.6602870225906372,0.6602870225906372,0.6602870225906372,147.0,0.07349999994039536
fedavg,fedavg,49|374,49|374,2,all,all,global_val_mean,val,,77,,,0.12163636991754175,0.9673499999999999,0.8812499940395355,0.8447595429060716,0.8553730547428131,0.8553730547428131,0.8553730547428131,4000,,,,,,,,,,,
fedavg,fedavg,49|374,49|374,2,49,data_2000_3_6.5_chordal,train_epoch,train,,78,1.0,0.12829336827993393,,,,,,,,2000,,,,,,,,,,,
fedavg,fedavg,49|374,49|374,2,49,data_2000_3_6.5_chordal,train_epoch,train,,78,2.0,0.1217818619608879,,,,,,,,2000,,,,,,,,,,,
fedavg,fedavg,49|374,49|374,2,49,data_2000_3_6.5_chordal,train_epoch,train,,78,3.0,0.12342673951387405,,,,,,,,2000,,,,,,,,,,,
fedavg,fedavg,49|374,49|374,2,49,data_2000_3_6.5_chordal,val_epoch,val,,78,,,0.1946230694949627,0.9532,0.8424999713897705,0.7994858611825192,0.8157103657722473,0.8157103657722473,0.8157103657722473,2000,,,,,,,,,,,
fedavg,fedavg,49|374,49|374,2,49,data_2000_3_6.5_chordal,val_epoch_task,val,cycle2,78,,,,,,,,,,2000,182.0,18.0,1800.0,0.0,0.91,1.0,0.9528795480728149,0.9528795480728149,0.9528795480728149,182.0,0.09099999815225601
fedavg,fedavg,49|374,49|374,2,49,data_2000_3_6.5_chordal,val_epoch_task,val,cycle3,78,,,,,,,,,,2000,193.0,11.0,1796.0,0.0,0.946078431372549,1.0,0.9722921848297119,0.9722921848297119,0.9722921848297119,193.0,0.09650000184774399
fedavg,fedavg,49|374,49|374,2,49,data_2000_3_6.5_chordal,val_epoch_task,val,cycle4,78,,,,,,,,,,2000,173.0,150.0,1676.0,1.0,0.5356037151702786,0.9942528735632183,0.696177065372467,0.696177065372467,0.696177065372467,174.0,0.08699999749660492
fedavg,fedavg,49|374,49|374,2,49,data_2000_3_6.5_chordal,val_epoch_task,val,cycle5,78,,,,,,,,,,2000,193.0,125.0,1681.0,1.0,0.6069182389937107,0.9948453608247423,0.75390625,0.75390625,0.75390625,194.0,0.09700000286102295
fedavg,fedavg,49|374,49|374,2,49,data_2000_3_6.5_chordal,val_epoch_task,val,cycle6,78,,,,,,,,,,2000,192.0,137.0,1646.0,25.0,0.5835866261398176,0.8847926267281107,0.7032966613769531,0.7032966613769531,0.7032966613769531,217.0,0.10849999636411667
fedavg,fedavg,49|374,49|374,2,374,data_2000_3_7.0_chordal,train_epoch,train,,78,1.0,0.13268948507308959,,,,,,,,2000,,,,,,,,,,,
fedavg,fedavg,49|374,49|374,2,374,data_2000_3_7.0_chordal,train_epoch,train,,78,2.0,0.13188933050632476,,,,,,,,2000,,,,,,,,,,,
fedavg,fedavg,49|374,49|374,2,374,data_2000_3_7.0_chordal,train_epoch,train,,78,3.0,0.1347704475224018,,,,,,,,2000,,,,,,,,,,,
fedavg,fedavg,49|374,49|374,2,374,data_2000_3_7.0_chordal,val_epoch,val,,78,,,0.11211813434958458,0.9654,0.8725000023841858,0.8276892430278885,0.8436292409896851,0.8436292409896851,0.8436292409896851,2000,,,,,,,,,,,
fedavg,fedavg,49|374,49|374,2,374,data_2000_3_7.0_chordal,val_epoch_task,val,cycle2,78,,,,,,,,,,2000,178.0,2.0,1820.0,0.0,0.9888888888888889,1.0,0.9944133758544922,0.9944133758544922,0.9944133758544922,178.0,0.08900000154972076
fedavg,fedavg,49|374,49|374,2,374,data_2000_3_7.0_chordal,val_epoch_task,val,cycle3,78,,,,,,,,,,2000,179.0,12.0,1809.0,0.0,0.93717277486911,1.0,0.9675675630569458,0.9675675630569458,0.9675675630569458,179.0,0.08950000256299973
fedavg,fedavg,49|374,49|374,2,374,data_2000_3_7.0_chordal,val_epoch_task,val,cycle4,78,,,,,,,,,,2000,169.0,52.0,1778.0,1.0,0.7647058823529411,0.9941176470588236,0.8644500970840454,0.8644500970840454,0.8644500970840454,170.0,0.08500000089406967
fedavg,fedavg,49|374,49|374,2,374,data_2000_3_7.0_chordal,val_epoch_task,val,cycle5,78,,,,,,,,,,2000,163.0,76.0,1758.0,3.0,0.6820083682008368,0.9819277108433735,0.8049382567405701,0.8049382567405701,0.8049382567405701,166.0,0.08299999684095383
fedavg,fedavg,49|374,49|374,2,374,data_2000_3_7.0_chordal,val_epoch_task,val,cycle6,78,,,,,,,,,,2000,142.0,195.0,1658.0,5.0,0.42136498516320475,0.9659863945578231,0.586776852607727,0.586776852607727,0.586776852607727,147.0,0.07349999994039536
fedavg,fedavg,49|374,49|374,2,49,data_2000_3_6.5_chordal,global_val_client,val,,78,,,0.13784511537477373,0.9613,0.8650000095367432,0.8300395256916996,0.8438307046890259,0.8438307046890259,0.8438307046890259,2000,,,,,,,,,,,
fedavg,fedavg,49|374,49|374,2,49,data_2000_3_6.5_chordal,global_val_client_task,val,cycle2,78,,,,,,,,,,2000,182.0,7.0,1811.0,0.0,0.9629629629629629,1.0,0.9811320900917053,0.9811320900917053,0.9811320900917053,182.0,0.09099999815225601
fedavg,fedavg,49|374,49|374,2,49,data_2000_3_6.5_chordal,global_val_client_task,val,cycle3,78,,,,,,,,,,2000,193.0,23.0,1784.0,0.0,0.8935185185185185,1.0,0.9437652826309204,0.9437652826309204,0.9437652826309204,193.0,0.09650000184774399
fedavg,fedavg,49|374,49|374,2,49,data_2000_3_6.5_chordal,global_val_client_task,val,cycle4,78,,,,,,,,,,2000,172.0,88.0,1738.0,2.0,0.6615384615384615,0.9885057471264368,0.7926267385482788,0.7926267385482788,0.7926267385482788,174.0,0.08699999749660492
fedavg,fedavg,49|374,49|374,2,49,data_2000_3_6.5_chordal,global_val_client_task,val,cycle5,78,,,,,,,,,,2000,193.0,108.0,1698.0,1.0,0.6411960132890365,0.9948453608247423,0.7797979712486267,0.7797979712486267,0.7797979712486267,194.0,0.09700000286102295
fedavg,fedavg,49|374,49|374,2,49,data_2000_3_6.5_chordal,global_val_client_task,val,cycle6,78,,,,,,,,,,2000,205.0,146.0,1637.0,12.0,0.584045584045584,0.9447004608294931,0.7218309640884399,0.7218309640884399,0.7218309640884399,217.0,0.10849999636411667
fedavg,fedavg,49|374,49|374,2,374,data_2000_3_7.0_chordal,global_val_client,val,,78,,,0.10495666825771331,0.9678,0.8880000114440918,0.8377016129032259,0.8453429341316223,0.8453429341316223,0.8453429341316223,2000,,,,,,,,,,,
fedavg,fedavg,49|374,49|374,2,374,data_2000_3_7.0_chordal,global_val_client_task,val,cycle2,78,,,,,,,,,,2000,178.0,5.0,1817.0,0.0,0.9726775956284153,1.0,0.9861496090888977,0.9861496090888977,0.9861496090888977,178.0,0.08900000154972076
fedavg,fedavg,49|374,49|374,2,374,data_2000_3_7.0_chordal,global_val_client_task,val,cycle3,78,,,,,,,,,,2000,179.0,12.0,1809.0,0.0,0.93717277486911,1.0,0.9675675630569458,0.9675675630569458,0.9675675630569458,179.0,0.08950000256299973
fedavg,fedavg,49|374,49|374,2,374,data_2000_3_7.0_chordal,global_val_client_task,val,cycle4,78,,,,,,,,,,2000,168.0,66.0,1764.0,2.0,0.717948717948718,0.9882352941176471,0.8316831588745117,0.8316831588745117,0.8316831588745117,170.0,0.08500000089406967
fedavg,fedavg,49|374,49|374,2,374,data_2000_3_7.0_chordal,global_val_client_task,val,cycle5,78,,,,,,,,,,2000,165.0,95.0,1739.0,1.0,0.6346153846153846,0.9939759036144579,0.7746478319168091,0.7746478319168091,0.7746478319168091,166.0,0.08299999684095383
fedavg,fedavg,49|374,49|374,2,374,data_2000_3_7.0_chordal,global_val_client_task,val,cycle6,78,,,,,,,,,,2000,141.0,135.0,1718.0,6.0,0.5108695652173914,0.9591836734693877,0.6666666865348816,0.6666666865348816,0.6666666865348816,147.0,0.07349999994039536
fedavg,fedavg,49|374,49|374,2,all,all,global_val_mean,val,,78,,,0.12140089181624353,0.9645499999999999,0.8765000104904175,0.8338705692974627,0.8445868194103241,0.8445868194103241,0.8445868194103241,4000,,,,,,,,,,,
fedavg,fedavg,49|374,49|374,2,49,data_2000_3_6.5_chordal,train_epoch,train,,79,1.0,0.13845830166339873,,,,,,,,2000,,,,,,,,,,,
fedavg,fedavg,49|374,49|374,2,49,data_2000_3_6.5_chordal,train_epoch,train,,79,2.0,0.10630869454145432,,,,,,,,2000,,,,,,,,,,,
fedavg,fedavg,49|374,49|374,2,49,data_2000_3_6.5_chordal,train_epoch,train,,79,3.0,0.13369618555903434,,,,,,,,2000,,,,,,,,,,,
fedavg,fedavg,49|374,49|374,2,49,data_2000_3_6.5_chordal,val_epoch,val,,79,,,0.15412595808506013,0.9624,0.8684999942779541,0.83348095659876,0.8522226214408875,0.8522226214408875,0.8522226214408875,2000,,,,,,,,,,,
fedavg,fedavg,49|374,49|374,2,49,data_2000_3_6.5_chordal,val_epoch_task,val,cycle2,79,,,,,,,,,,2000,182.0,12.0,1806.0,0.0,0.9381443298969072,1.0,0.9680851101875305,0.9680851101875305,0.9680851101875305,182.0,0.09099999815225601
fedavg,fedavg,49|374,49|374,2,49,data_2000_3_6.5_chordal,val_epoch_task,val,cycle3,79,,,,,,,,,,2000,192.0,15.0,1792.0,1.0,0.927536231884058,0.9948186528497409,0.9599999785423279,0.9599999785423279,0.9599999785423279,193.0,0.09650000184774399
fedavg,fedavg,49|374,49|374,2,49,data_2000_3_6.5_chordal,val_epoch_task,val,cycle4,79,,,,,,,,,,2000,173.0,43.0,1783.0,1.0,0.8009259259259259,0.9942528735632183,0.8871794939041138,0.8871794939041138,0.8871794939041138,174.0,0.08699999749660492
fedavg,fedavg,49|374,49|374,2,49,data_2000_3_6.5_chordal,val_epoch_task,val,cycle5,79,,,,,,,,,,2000,191.0,128.0,1678.0,3.0,0.5987460815047022,0.9845360824742269,0.7446393370628357,0.7446393370628357,0.7446393370628357,194.0,0.09700000286102295
fedavg,fedavg,49|374,49|374,2,49,data_2000_3_6.5_chordal,val_epoch_task,val,cycle6,79,,,,,,,,,,2000,203.0,159.0,1624.0,14.0,0.5607734806629834,0.9354838709677419,0.7012090086936951,0.7012090086936951,0.7012090086936951,217.0,0.10849999636411667
fedavg,fedavg,49|374,49|374,2,374,data_2000_3_7.0_chordal,train_epoch,train,,79,1.0,0.12950363194942474,,,,,,,,2000,,,,,,,,,,,
fedavg,fedavg,49|374,49|374,2,374,data_2000_3_7.0_chordal,train_epoch,train,,79,2.0,0.13823396122455597,,,,,,,,2000,,,,,,,,,,,
fedavg,fedavg,49|374,49|374,2,374,data_2000_3_7.0_chordal,train_epoch,train,,79,3.0,0.126644407376647,,,,,,,,2000,,,,,,,,,,,
fedavg,fedavg,49|374,49|374,2,374,data_2000_3_7.0_chordal,val_epoch,val,,79,,,0.140781174659729,0.9657,0.8884999752044678,0.828242363545318,0.8384726643562317,0.8384726643562317,0.8384726643562317,2000,,,,,,,,,,,
fedavg,fedavg,49|374,49|374,2,374,data_2000_3_7.0_chordal,val_epoch_task,val,cycle2,79,,,,,,,,,,2000,178.0,8.0,1814.0,0.0,0.956989247311828,1.0,0.9780219197273254,0.9780219197273254,0.9780219197273254,178.0,0.08900000154972076
fedavg,fedavg,49|374,49|374,2,374,data_2000_3_7.0_chordal,val_epoch_task,val,cycle3,79,,,,,,,,,,2000,178.0,15.0,1806.0,1.0,0.9222797927461139,0.994413407821229,0.9569892287254333,0.9569892287254333,0.9569892287254333,179.0,0.08950000256299973
fedavg,fedavg,49|374,49|374,2,374,data_2000_3_7.0_chordal,val_epoch_task,val,cycle4,79,,,,,,,,,,2000,166.0,54.0,1776.0,4.0,0.7545454545454545,0.9764705882352941,0.8512820601463318,0.8512820601463318,0.8512820601463318,170.0,0.08500000089406967
fedavg,fedavg,49|374,49|374,2,374,data_2000_3_7.0_chordal,val_epoch_task,val,cycle5,79,,,,,,,,,,2000,165.0,90.0,1744.0,1.0,0.6470588235294118,0.9939759036144579,0.783847987651825,0.783847987651825,0.783847987651825,166.0,0.08299999684095383
fedavg,fedavg,49|374,49|374,2,374,data_2000_3_7.0_chordal,val_epoch_task,val,cycle6,79,,,,,,,,,,2000,140.0,163.0,1690.0,7.0,0.46204620462046203,0.9523809523809523,0.6222222447395325,0.6222222447395325,0.6222222447395325,147.0,0.07349999994039536
fedavg,fedavg,49|374,49|374,2,49,data_2000_3_6.5_chordal,global_val_client,val,,79,,,0.12329171741008758,0.9651,0.8755000233650208,0.8453699601240585,0.8612998723983765,0.8612998723983765,0.8612998723983765,2000,,,,,,,,,,,
fedavg,fedavg,49|374,49|374,2,49,data_2000_3_6.5_chordal,global_val_client_task,val,cycle2,79,,,,,,,,,,2000,182.0,8.0,1810.0,0.0,0.9578947368421052,1.0,0.9784945845603943,0.9784945845603943,0.9784945845603943,182.0,0.09099999815225601
fedavg,fedavg,49|374,49|374,2,49,data_2000_3_6.5_chordal,global_val_client_task,val,cycle3,79,,,,,,,,,,2000,193.0,16.0,1791.0,0.0,0.9234449760765551,1.0,0.9601989984512329,0.9601989984512329,0.9601989984512329,193.0,0.09650000184774399
fedavg,fedavg,49|374,49|374,2,49,data_2000_3_6.5_chordal,global_val_client_task,val,cycle4,79,,,,,,,,,,2000,174.0,59.0,1767.0,0.0,0.7467811158798283,1.0,0.8550368547439575,0.8550368547439575,0.8550368547439575,174.0,0.08699999749660492
fedavg,fedavg,49|374,49|374,2,49,data_2000_3_6.5_chordal,global_val_client_task,val,cycle5,79,,,,,,,,,,2000,194.0,100.0,1706.0,0.0,0.6598639455782312,1.0,0.7950819730758667,0.7950819730758667,0.7950819730758667,194.0,0.09700000286102295
fedavg,fedavg,49|374,49|374,2,49,data_2000_3_6.5_chordal,global_val_client_task,val,cycle6,79,,,,,,,,,,2000,211.0,160.0,1623.0,6.0,0.568733153638814,0.9723502304147466,0.7176871299743652,0.7176871299743652,0.7176871299743652,217.0,0.10849999636411667
fedavg,fedavg,49|374,49|374,2,374,data_2000_3_7.0_chordal,global_val_client,val,,79,,,0.09623080444335938,0.9677,0.8865000009536743,0.837769964841788,0.8477351069450378,0.8477351069450378,0.8477351069450378,2000,,,,,,,,,,,
fedavg,fedavg,49|374,49|374,2,374,data_2000_3_7.0_chordal,global_val_client_task,val,cycle2,79,,,,,,,,,,2000,178.0,9.0,1813.0,0.0,0.9518716577540107,1.0,0.9753424525260925,0.9753424525260925,0.9753424525260925,178.0,0.08900000154972076
fedavg,fedavg,49|374,49|374,2,374,data_2000_3_7.0_chordal,global_val_client_task,val,cycle3,79,,,,,,,,,,2000,179.0,11.0,1810.0,0.0,0.9421052631578948,1.0,0.97018963098526,0.97018963098526,0.97018963098526,179.0,0.08950000256299973
fedavg,fedavg,49|374,49|374,2,374,data_2000_3_7.0_chordal,global_val_client_task,val,cycle4,79,,,,,,,,,,2000,170.0,50.0,1780.0,0.0,0.7727272727272727,1.0,0.8717948794364929,0.8717948794364929,0.8717948794364929,170.0,0.08500000089406967
fedavg,fedavg,49|374,49|374,2,374,data_2000_3_7.0_chordal,global_val_client_task,val,cycle5,79,,,,,,,,,,2000,166.0,88.0,1746.0,0.0,0.6535433070866141,1.0,0.7904762029647827,0.7904762029647827,0.7904762029647827,166.0,0.08299999684095383
fedavg,fedavg,49|374,49|374,2,374,data_2000_3_7.0_chordal,global_val_client_task,val,cycle6,79,,,,,,,,,,2000,141.0,159.0,1694.0,6.0,0.47,0.9591836734693877,0.6308724880218506,0.6308724880218506,0.6308724880218506,147.0,0.07349999994039536
fedavg,fedavg,49|374,49|374,2,all,all,global_val_mean,val,,79,,,0.10976126092672348,0.9663999999999999,0.8810000121593475,0.8415699624829233,0.8545174896717072,0.8545174896717072,0.8545174896717072,4000,,,,,,,,,,,
fedavg,fedavg,49|374,49|374,2,49,data_2000_3_6.5_chordal,train_epoch,train,,80,1.0,0.11655849653482438,,,,,,,,2000,,,,,,,,,,,
fedavg,fedavg,49|374,49|374,2,49,data_2000_3_6.5_chordal,train_epoch,train,,80,2.0,0.14820409183204175,,,,,,,,2000,,,,,,,,,,,
fedavg,fedavg,49|374,49|374,2,49,data_2000_3_6.5_chordal,train_epoch,train,,80,3.0,0.12253774407505989,,,,,,,,2000,,,,,,,,,,,
fedavg,fedavg,49|374,49|374,2,49,data_2000_3_6.5_chordal,val_epoch,val,,80,,,0.16149920987337826,0.964,0.875,0.8381294964028777,0.8543298840522766,0.8543298840522766,0.8543298840522766,2000,,,,,,,,,,,
fedavg,fedavg,49|374,49|374,2,49,data_2000_3_6.5_chordal,val_epoch_task,val,cycle2,80,,,,,,,,,,2000,182.0,2.0,1816.0,0.0,0.9891304347826086,1.0,0.994535505771637,0.994535505771637,0.994535505771637,182.0,0.09099999815225601
fedavg,fedavg,49|374,49|374,2,49,data_2000_3_6.5_chordal,val_epoch_task,val,cycle3,80,,,,,,,,,,2000,193.0,14.0,1793.0,0.0,0.9323671497584541,1.0,0.9650000333786011,0.9650000333786011,0.9650000333786011,193.0,0.09650000184774399
fedavg,fedavg,49|374,49|374,2,49,data_2000_3_6.5_chordal,val_epoch_task,val,cycle4,80,,,,,,,,,,2000,174.0,64.0,1762.0,0.0,0.7310924369747899,1.0,0.844660222530365,0.844660222530365,0.844660222530365,174.0,0.08699999749660492
fedavg,fedavg,49|374,49|374,2,49,data_2000_3_6.5_chordal,val_epoch_task,val,cycle5,80,,,,,,,,,,2000,193.0,115.0,1691.0,1.0,0.6266233766233766,0.9948453608247423,0.768924355506897,0.768924355506897,0.768924355506897,194.0,0.09700000286102295
fedavg,fedavg,49|374,49|374,2,49,data_2000_3_6.5_chordal,val_epoch_task,val,cycle6,80,,,,,,,,,,2000,190.0,137.0,1646.0,27.0,0.581039755351682,0.8755760368663594,0.6985294222831726,0.6985294222831726,0.6985294222831726,217.0,0.10849999636411667
fedavg,fedavg,49|374,49|374,2,374,data_2000_3_7.0_chordal,train_epoch,train,,80,1.0,0.12723234029114247,,,,,,,,2000,,,,,,,,,,,
fedavg,fedavg,49|374,49|374,2,374,data_2000_3_7.0_chordal,train_epoch,train,,80,2.0,0.14673984491825104,,,,,,,,2000,,,,,,,,,,,
fedavg,fedavg,49|374,49|374,2,374,data_2000_3_7.0_chordal,train_epoch,train,,80,3.0,0.12071065554022789,,,,,,,,2000,,,,,,,,,,,
fedavg,fedavg,49|374,49|374,2,374,data_2000_3_7.0_chordal,val_epoch,val,,80,,,0.11057756397128105,0.9679,0.887499988079071,0.8384499245093107,0.8509308099746704,0.8509308099746704,0.8509308099746704,2000,,,,,,,,,,,
fedavg,fedavg,49|374,49|374,2,374,data_2000_3_7.0_chordal,val_epoch_task,val,cycle2,80,,,,,,,,,,2000,178.0,7.0,1815.0,0.0,0.9621621621621622,1.0,0.9807162284851074,0.9807162284851074,0.9807162284851074,178.0,0.08900000154972076
fedavg,fedavg,49|374,49|374,2,374,data_2000_3_7.0_chordal,val_epoch_task,val,cycle3,80,,,,,,,,,,2000,179.0,13.0,1808.0,0.0,0.9322916666666666,1.0,0.9649595618247986,0.9649595618247986,0.9649595618247986,179.0,0.08950000256299973
fedavg,fedavg,49|374,49|374,2,374,data_2000_3_7.0_chordal,val_epoch_task,val,cycle4,80,,,,,,,,,,2000,167.0,38.0,1792.0,3.0,0.8146341463414634,0.9823529411764705,0.890666663646698,0.890666663646698,0.890666663646698,170.0,0.08500000089406967
fedavg,fedavg,49|374,49|374,2,374,data_2000_3_7.0_chordal,val_epoch_task,val,cycle5,80,,,,,,,,,,2000,166.0,82.0,1752.0,0.0,0.6693548387096774,1.0,0.8019323348999023,0.8019323348999023,0.8019323348999023,166.0,0.08299999684095383
fedavg,fedavg,49|374,49|374,2,374,data_2000_3_7.0_chordal,val_epoch_task,val,cycle6,80,,,,,,,,,,2000,143.0,174.0,1679.0,4.0,0.45110410094637227,0.9727891156462585,0.6163793206214905,0.6163793206214905,0.6163793206214905,147.0,0.07349999994039536
fedavg,fedavg,49|374,49|374,2,49,data_2000_3_6.5_chordal,global_val_client,val,,80,,,0.13293894094228745,0.9643,0.8675000071525574,0.8418254319893664,0.8598631620407104,0.8598631620407104,0.8598631620407104,2000,,,,,,,,,,,
fedavg,fedavg,49|374,49|374,2,49,data_2000_3_6.5_chordal,global_val_client_task,val,cycle2,80,,,,,,,,,,2000,182.0,6.0,1812.0,0.0,0.9680851063829787,1.0,0.9837838411331177,0.9837838411331177,0.9837838411331177,182.0,0.09099999815225601
fedavg,fedavg,49|374,49|374,2,49,data_2000_3_6.5_chordal,global_val_client_task,val,cycle3,80,,,,,,,,,,2000,193.0,13.0,1794.0,0.0,0.9368932038834952,1.0,0.9674185514450073,0.9674185514450073,0.9674185514450073,193.0,0.09650000184774399
fedavg,fedavg,49|374,49|374,2,49,data_2000_3_6.5_chordal,global_val_client_task,val,cycle4,80,,,,,,,,,,2000,173.0,58.0,1768.0,1.0,0.7489177489177489,0.9942528735632183,0.8543210029602051,0.8543210029602051,0.8543210029602051,174.0,0.08699999749660492
fedavg,fedavg,49|374,49|374,2,49,data_2000_3_6.5_chordal,global_val_client_task,val,cycle5,80,,,,,,,,,,2000,194.0,101.0,1705.0,0.0,0.6576271186440678,1.0,0.7934560179710388,0.7934560179710388,0.7934560179710388,194.0,0.09700000286102295
fedavg,fedavg,49|374,49|374,2,49,data_2000_3_6.5_chordal,global_val_client_task,val,cycle6,80,,,,,,,,,,2000,208.0,169.0,1614.0,9.0,0.5517241379310345,0.9585253456221198,0.7003366947174072,0.7003366947174072,0.7003366947174072,217.0,0.10849999636411667
fedavg,fedavg,49|374,49|374,2,374,data_2000_3_7.0_chordal,global_val_client,val,,80,,,0.12187600773572922,0.9654,0.8845000267028809,0.8271728271728273,0.8367226719856262,0.8367226719856262,0.8367226719856262,2000,,,,,,,,,,,
fedavg,fedavg,49|374,49|374,2,374,data_2000_3_7.0_chordal,global_val_client_task,val,cycle2,80,,,,,,,,,,2000,178.0,4.0,1818.0,0.0,0.978021978021978,1.0,0.9888889193534851,0.9888889193534851,0.9888889193534851,178.0,0.08900000154972076
fedavg,fedavg,49|374,49|374,2,374,data_2000_3_7.0_chordal,global_val_client_task,val,cycle3,80,,,,,,,,,,2000,179.0,14.0,1807.0,0.0,0.927461139896373,1.0,0.9623655676841736,0.9623655676841736,0.9623655676841736,179.0,0.08950000256299973
fedavg,fedavg,49|374,49|374,2,374,data_2000_3_7.0_chordal,global_val_client_task,val,cycle4,80,,,,,,,,,,2000,166.0,63.0,1767.0,4.0,0.7248908296943232,0.9764705882352941,0.8320802450180054,0.8320802450180054,0.8320802450180054,170.0,0.08500000089406967
fedavg,fedavg,49|374,49|374,2,374,data_2000_3_7.0_chordal,global_val_client_task,val,cycle5,80,,,,,,,,,,2000,166.0,105.0,1729.0,0.0,0.6125461254612546,1.0,0.7597253918647766,0.7597253918647766,0.7597253918647766,166.0,0.08299999684095383
fedavg,fedavg,49|374,49|374,2,374,data_2000_3_7.0_chordal,global_val_client_task,val,cycle6,80,,,,,,,,,,2000,139.0,148.0,1705.0,8.0,0.4843205574912892,0.9455782312925171,0.6405529975891113,0.6405529975891113,0.6405529975891113,147.0,0.07349999994039536
fedavg,fedavg,49|374,49|374,2,all,all,global_val_mean,val,,80,,,0.12740747433900834,0.9648500000000001,0.8760000169277191,0.8344991295810968,0.8482929170131683,0.8482929170131683,0.8482929170131683,4000,,,,,,,,,,,
fedavg,fedavg,49|374,49|374,2,49,data_2000_3_6.5_chordal,best_global_train,train,,79,,,0.09604883978515863,0.9696,0.8924999833106995,0.8616924476797088,0.870754599571228,0.870754599571228,0.870754599571228,2000,,,,,,,,,,,
fedavg,fedavg,49|374,49|374,2,49,data_2000_3_6.5_chordal,best_global_train_task,train,cycle2,79,,,,,,,,,,2000,181.0,13.0,1806.0,0.0,0.9329896907216495,1.0,0.9653333425521851,0.9653333425521851,0.9653333425521851,181.0,0.09049999713897705
fedavg,fedavg,49|374,49|374,2,49,data_2000_3_6.5_chordal,best_global_train_task,train,cycle3,79,,,,,,,,,,2000,187.0,14.0,1799.0,0.0,0.9303482587064676,1.0,0.9639175534248352,0.9639175534248352,0.9639175534248352,187.0,0.09350000321865082
fedavg,fedavg,49|374,49|374,2,49,data_2000_3_6.5_chordal,best_global_train_task,train,cycle4,79,,,,,,,,,,2000,207.0,47.0,1743.0,3.0,0.8149606299212598,0.9857142857142858,0.892241358757019,0.892241358757019,0.892241358757019,210.0,0.10499999672174454
fedavg,fedavg,49|374,49|374,2,49,data_2000_3_6.5_chordal,best_global_train_task,train,cycle5,79,,,,,,,,,,2000,205.0,75.0,1719.0,1.0,0.7321428571428571,0.9951456310679612,0.8436213731765747,0.8436213731765747,0.8436213731765747,206.0,0.10300000011920929
fedavg,fedavg,49|374,49|374,2,49,data_2000_3_6.5_chordal,best_global_train_task,train,cycle6,79,,,,,,,,,,2000,167.0,150.0,1682.0,1.0,0.526813880126183,0.9940476190476191,0.6886597871780396,0.6886597871780396,0.6886597871780396,168.0,0.08399999886751175
fedavg,fedavg,49|374,49|374,2,374,data_2000_3_7.0_chordal,best_global_train,train,,79,,,0.10686492322385312,0.9644,0.8744999766349792,0.8452173913043479,0.8611658811569214,0.8611658811569214,0.8611658811569214,2000,,,,,,,,,,,
fedavg,fedavg,49|374,49|374,2,374,data_2000_3_7.0_chordal,best_global_train_task,train,cycle2,79,,,,,,,,,,2000,185.0,9.0,1806.0,0.0,0.9536082474226805,1.0,0.97625333070755,0.97625333070755,0.97625333070755,185.0,0.0925000011920929
fedavg,fedavg,49|374,49|374,2,374,data_2000_3_7.0_chordal,best_global_train_task,train,cycle3,79,,,,,,,,,,2000,187.0,16.0,1797.0,0.0,0.9211822660098522,1.0,0.9589743614196777,0.9589743614196777,0.9589743614196777,187.0,0.09350000321865082
fedavg,fedavg,49|374,49|374,2,374,data_2000_3_7.0_chordal,best_global_train_task,train,cycle4,79,,,,,,,,,,2000,192.0,57.0,1751.0,0.0,0.7710843373493976,1.0,0.8707482814788818,0.8707482814788818,0.8707482814788818,192.0,0.09600000083446503
fedavg,fedavg,49|374,49|374,2,374,data_2000_3_7.0_chordal,best_global_train_task,train,cycle5,79,,,,,,,,,,2000,208.0,110.0,1681.0,1.0,0.6540880503144654,0.9952153110047847,0.7893738150596619,0.7893738150596619,0.7893738150596619,209.0,0.10450000315904617
fedavg,fedavg,49|374,49|374,2,374,data_2000_3_7.0_chordal,best_global_train_task,train,cycle6,79,,,,,,,,,,2000,200.0,160.0,1637.0,3.0,0.5555555555555556,0.9852216748768473,0.7104796171188354,0.7104796171188354,0.7104796171188354,203.0,0.1014999970793724
fedavg,fedavg,49|374,49|374,2,49,data_2000_3_6.5_chordal,best_global_val,val,,79,,,0.12516447126865388,0.9663,0.8744999766349792,0.8493518104604381,0.8658698201179504,0.8658698201179504,0.8658698201179504,2000,,,,,,,,,,,
fedavg,fedavg,49|374,49|374,2,49,data_2000_3_6.5_chordal,best_global_val_task,val,cycle2,79,,,,,,,,,,2000,182.0,7.0,1811.0,0.0,0.9629629629629629,1.0,0.9811320900917053,0.9811320900917053,0.9811320900917053,182.0,0.09099999815225601
fedavg,fedavg,49|374,49|374,2,49,data_2000_3_6.5_chordal,best_global_val_task,val,cycle3,79,,,,,,,,,,2000,193.0,9.0,1798.0,0.0,0.9554455445544554,1.0,0.9772151708602905,0.9772151708602905,0.9772151708602905,193.0,0.09650000184774399
fedavg,fedavg,49|374,49|374,2,49,data_2000_3_6.5_chordal,best_global_val_task,val,cycle4,79,,,,,,,,,,2000,174.0,55.0,1771.0,0.0,0.759825327510917,1.0,0.8635236024856567,0.8635236024856567,0.8635236024856567,174.0,0.08699999749660492
fedavg,fedavg,49|374,49|374,2,49,data_2000_3_6.5_chordal,best_global_val_task,val,cycle5,79,,,,,,,,,,2000,193.0,103.0,1703.0,1.0,0.652027027027027,0.9948453608247423,0.7877551317214966,0.7877551317214966,0.7877551317214966,194.0,0.09700000286102295
fedavg,fedavg,49|374,49|374,2,49,data_2000_3_6.5_chordal,best_global_val_task,val,cycle6,79,,,,,,,,,,2000,208.0,153.0,1630.0,9.0,0.5761772853185596,0.9585253456221198,0.7197231650352478,0.7197231650352478,0.7197231650352478,217.0,0.10849999636411667
fedavg,fedavg,49|374,49|374,2,374,data_2000_3_7.0_chordal,best_global_val,val,,79,,,0.11888843425735832,0.9658,0.8845000267028809,0.8286573146292586,0.8365276455879211,0.8365276455879211,0.8365276455879211,2000,,,,,,,,,,,
fedavg,fedavg,49|374,49|374,2,374,data_2000_3_7.0_chordal,best_global_val_task,val,cycle2,79,,,,,,,,,,2000,178.0,15.0,1807.0,0.0,0.9222797927461139,1.0,0.9595686793327332,0.9595686793327332,0.9595686793327332,178.0,0.08900000154972076
fedavg,fedavg,49|374,49|374,2,374,data_2000_3_7.0_chordal,best_global_val_task,val,cycle3,79,,,,,,,,,,2000,179.0,16.0,1805.0,0.0,0.9179487179487179,1.0,0.9572192430496216,0.9572192430496216,0.9572192430496216,179.0,0.08950000256299973
fedavg,fedavg,49|374,49|374,2,374,data_2000_3_7.0_chordal,best_global_val_task,val,cycle4,79,,,,,,,,,,2000,168.0,62.0,1768.0,2.0,0.7304347826086957,0.9882352941176471,0.8399999737739563,0.8399999737739563,0.8399999737739563,170.0,0.08500000089406967
fedavg,fedavg,49|374,49|374,2,374,data_2000_3_7.0_chordal,best_global_val_task,val,cycle5,79,,,,,,,,,,2000,164.0,80.0,1754.0,2.0,0.6721311475409836,0.9879518072289156,0.800000011920929,0.800000011920929,0.800000011920929,166.0,0.08299999684095383
fedavg,fedavg,49|374,49|374,2,374,data_2000_3_7.0_chordal,best_global_val_task,val,cycle6,79,,,,,,,,,,2000,138.0,156.0,1697.0,9.0,0.46938775510204084,0.9387755102040817,0.6258503198623657,0.6258503198623657,0.6258503198623657,147.0,0.07349999994039536
fedavg,fedavg,49|374,49|374,2,49,data_2000_3_6.5_chordal,best_global_test,test,,79,,,0.11590133093297482,0.9647,0.878000020980835,0.8255066732575382,0.8421825170516968,0.8421825170516968,0.8421825170516968,2000,,,,,,,,,,,
fedavg,fedavg,49|374,49|374,2,49,data_2000_3_6.5_chordal,best_global_test_task,test,cycle2,79,,,,,,,,,,2000,168.0,9.0,1823.0,0.0,0.9491525423728814,1.0,0.9739130735397339,0.9739130735397339,0.9739130735397339,168.0,0.08399999886751175
fedavg,fedavg,49|374,49|374,2,49,data_2000_3_6.5_chordal,best_global_test_task,test,cycle3,79,,,,,,,,,,2000,176.0,7.0,1817.0,0.0,0.9617486338797814,1.0,0.9805014133453369,0.9805014133453369,0.9805014133453369,176.0,0.08799999952316284
fedavg,fedavg,49|374,49|374,2,49,data_2000_3_6.5_chordal,best_global_test_task,test,cycle4,79,,,,,,,,,,2000,160.0,61.0,1777.0,2.0,0.7239819004524887,0.9876543209876543,0.835509181022644,0.835509181022644,0.835509181022644,162.0,0.08100000023841858
fedavg,fedavg,49|374,49|374,2,49,data_2000_3_6.5_chordal,best_global_test_task,test,cycle5,79,,,,,,,,,,2000,159.0,107.0,1733.0,1.0,0.5977443609022557,0.99375,0.7464788556098938,0.7464788556098938,0.7464788556098938,160.0,0.07999999821186066
fedavg,fedavg,49|374,49|374,2,49,data_2000_3_6.5_chordal,best_global_test_task,test,cycle6,79,,,,,,,,,,2000,172.0,160.0,1662.0,6.0,0.5180722891566265,0.9662921348314607,0.6745098233222961,0.6745098233222961,0.6745098233222961,178.0,0.08900000154972076
fedavg,fedavg,49|374,49|374,2,374,data_2000_3_7.0_chordal,best_global_test,test,,79,,,0.10582986402511596,0.9667,0.8840000033378601,0.831733198585144,0.8424361944198608,0.8424361944198608,0.8424361944198608,2000,,,,,,,,,,,
fedavg,fedavg,49|374,49|374,2,374,data_2000_3_7.0_chordal,best_global_test_task,test,cycle2,79,,,,,,,,,,2000,191.0,7.0,1802.0,0.0,0.9646464646464646,1.0,0.9820051193237305,0.9820051193237305,0.9820051193237305,191.0,0.09549999982118607
fedavg,fedavg,49|374,49|374,2,374,data_2000_3_7.0_chordal,best_global_test_task,test,cycle3,79,,,,,,,,,,2000,165.0,16.0,1819.0,0.0,0.9116022099447514,1.0,0.9537571668624878,0.9537571668624878,0.9537571668624878,165.0,0.08250000327825546
fedavg,fedavg,49|374,49|374,2,374,data_2000_3_7.0_chordal,best_global_test_task,test,cycle4,79,,,,,,,,,,2000,155.0,56.0,1788.0,1.0,0.7345971563981043,0.9935897435897436,0.8446866869926453,0.8446866869926453,0.8446866869926453,156.0,0.07800000160932541
fedavg,fedavg,49|374,49|374,2,374,data_2000_3_7.0_chordal,best_global_test_task,test,cycle5,79,,,,,,,,,,2000,158.0,90.0,1751.0,1.0,0.6370967741935484,0.9937106918238994,0.7764127850532532,0.7764127850532532,0.7764127850532532,159.0,0.0794999971985817
fedavg,fedavg,49|374,49|374,2,374,data_2000_3_7.0_chordal,best_global_test_task,test,cycle6,79,,,,,,,,,,2000,154.0,155.0,1684.0,7.0,0.49838187702265374,0.9565217391304348,0.6553192138671875,0.6553192138671875,0.6553192138671875,161.0,0.08049999922513962
