subset_id,subset_clients,seed,round,cluster_id,members,member_indices,cluster_size,selected_members,selected_member_indices,selected_size,full_participation,born_round,cluster_age,mean_update_norm,max_update_norm,eps1,eps2,split_status,split_triggered,split_applied,cut_status,split_rejected_reason,cut_value,left_child_id,right_child_id,child_cluster_ids,left_size,right_size,smaller_child_size,larger_child_size,child_balance_ratio,left_members,right_members,singleton_side,singleton_graph_id,singleton_dataset_id,dtw_dist_mean,dtw_dist_max,all_dtw_n,all_dtw_min,all_dtw_mean,all_dtw_median,all_dtw_max,all_dtw_std,all_aff_n,all_aff_min,all_aff_mean,all_aff_median,all_aff_max,all_aff_std,left_dtw_n,left_dtw_min,left_dtw_mean,left_dtw_median,left_dtw_max,left_dtw_std,right_dtw_n,right_dtw_min,right_dtw_mean,right_dtw_median,right_dtw_max,right_dtw_std,cross_dtw_n,cross_dtw_min,cross_dtw_mean,cross_dtw_median,cross_dtw_max,cross_dtw_std,left_aff_n,left_aff_min,left_aff_mean,left_aff_median,left_aff_max,left_aff_std,right_aff_n,right_aff_min,right_aff_mean,right_aff_median,right_aff_max,right_aff_std,cross_aff_n,cross_aff_min,cross_aff_mean,cross_aff_median,cross_aff_max,cross_aff_std,selected_delta_norm_n,selected_delta_norm_min,selected_delta_norm_mean,selected_delta_norm_median,selected_delta_norm_max,selected_delta_norm_std,member_mean_dtw_text,member_mean_aff_text,selected_grad_tails_text,gate_cluster_size_ok,gate_can_form_two_children,gate_full_participation_ok,gate_warmup_ok,gate_history_ok,gate_mean_below_eps1,gate_max_above_eps2,history_len_prev_mean,history_len_prev_max,min_cluster_size,min_child_size
87|157|149|109|143|114|117|2|88|145|166|141|65|6|131|119|96|162|107|0,87|157|149|109|143|114|117|2|88|145|166|141|65|6|131|119|96|162|107|0,0,1,0,87|157|149|109|143|114|117|2|88|145|166|141|65|6|131|119|96|162|107|0,0|1|2|3|4|5|6|7|8|9|10|11|12|13|14|15|16|17|18|19,20,87|157|149|109|143|114|117|2|88|145|166|141|65|6|131|119|96|162|107|0,0|1|2|3|4|5|6|7|8|9|10|11|12|13|14|15|16|17|18|19,20,1,1,1,158.05947875976562,164.98118591308594,,,warmup,0,0,,,,,,,,,,,,,,,,,,,0,,,,,,0,,,,,,0,,,,,,0,,,,,,0,,,,,,0,,,,,,0,,,,,,0,,,,,,20,148.4777374267578,159.1190383911133,160.82373046875,164.98118591308594,5.411963691993544,,,87:160.7764|157:163.2286|149:164.9812|109:163.5481|143:164.0543|114:161.6516|117:156.1275|2:149.2701|88:148.4777|145:162.9173|166:160.8344|141:160.4950|65:150.9448|6:163.0183|131:160.8130|119:155.8312|96:163.0368|162:148.5124|107:163.2695|0:160.5924,1,1,1,0,0,,,0,0,2,1
87|157|149|109|143|114|117|2|88|145|166|141|65|6|131|119|96|162|107|0,87|157|149|109|143|114|117|2|88|145|166|141|65|6|131|119|96|162|107|0,0,2,0,87|157|149|109|143|114|117|2|88|145|166|141|65|6|131|119|96|162|107|0,0|1|2|3|4|5|6|7|8|9|10|11|12|13|14|15|16|17|18|19,20,87|157|149|109|143|114|117|2|88|145|166|141|65|6|131|119|96|162|107|0,0|1|2|3|4|5|6|7|8|9|10|11|12|13|14|15|16|17|18|19,20,1,1,2,158.21292114257812,165.59152221679688,,,warmup,0,0,,,,,,,,,,,,,,,,,,,0,,,,,,0,,,,,,0,,,,,,0,,,,,,0,,,,,,0,,,,,,0,,,,,,0,,,,,,20,148.51492309570312,159.3025230407715,161.24021911621094,165.59152221679688,5.532943745764255,,,"87:160.7764,161.1059|157:163.2286,164.2410|149:164.9812,163.5668|109:163.5481,165.5915|143:164.0543,163.7378|114:161.6516,162.2859|117:156.1275,157.3725|2:149.2701,148.7551|88:148.4777,148.9686|145:162.9173,162.9247|166:160.8344,160.7641|141:160.4950,161.3745|65:150.9448,150.4458|6:163.0183,162.7164|131:160.8130,160.1742|119:155.8312,155.8838|96:163.0368,163.5791|162:148.5124,148.5149|107:163.2695,163.6033|0:160.5924,160.4446",1,1,1,0,0,,,1,1,2,1
87|157|149|109|143|114|117|2|88|145|166|141|65|6|131|119|96|162|107|0,87|157|149|109|143|114|117|2|88|145|166|141|65|6|131|119|96|162|107|0,0,3,0,87|157|149|109|143|114|117|2|88|145|166|141|65|6|131|119|96|162|107|0,0|1|2|3|4|5|6|7|8|9|10|11|12|13|14|15|16|17|18|19,20,87|157|149|109|143|114|117|2|88|145|166|141|65|6|131|119|96|162|107|0,0|1|2|3|4|5|6|7|8|9|10|11|12|13|14|15|16|17|18|19,20,1,1,3,159.91575622558594,167.3302764892578,,,warmup,0,0,,,,,,,,,,,,,,,,,,,0,,,,,,0,,,,,,0,,,,,,0,,,,,,0,,,,,,0,,,,,,0,,,,,,0,,,,,,20,149.10516357421875,161.3036766052246,163.1014633178711,167.3302764892578,5.979574037240956,,,"87:160.7764,161.1059,164.9666|157:163.2286,164.2410,166.1808|149:164.9812,163.5668,164.7400|109:163.5481,165.5915,167.3303|143:164.0543,163.7378,166.5645|114:161.6516,162.2859,162.3150|117:156.1275,157.3725,156.8242|2:149.2701,148.7551,151.5170|88:148.4777,148.9686,149.1052|145:162.9173,162.9247,166.8677|166:160.8344,160.7641,162.7059|141:160.4950,161.3745,161.9903|65:150.9448,150.4458,152.1198|6:163.0183,162.7164,167.2212|131:160.8130,160.1742,163.1189|119:155.8312,155.8838,157.4607|96:163.0368,163.5791,166.2931|162:148.5124,148.5149,150.3019|107:163.2695,163.6033,165.3664|0:160.5924,160.4446,163.0840",1,1,1,0,0,,,2,2,2,1
87|157|149|109|143|114|117|2|88|145|166|141|65|6|131|119|96|162|107|0,87|157|149|109|143|114|117|2|88|145|166|141|65|6|131|119|96|162|107|0,0,4,0,87|157|149|109|143|114|117|2|88|145|166|141|65|6|131|119|96|162|107|0,0|1|2|3|4|5|6|7|8|9|10|11|12|13|14|15|16|17|18|19,20,87|157|149|109|143|114|117|2|88|145|166|141|65|6|131|119|96|162|107|0,0|1|2|3|4|5|6|7|8|9|10|11|12|13|14|15|16|17|18|19,20,1,1,4,165.68939208984375,180.6812286376953,,,warmup,0,0,,,,,,,,,,,,,,,,,,,0,,,,,,0,,,,,,0,,,,,,0,,,,,,0,,,,,,0,,,,,,0,,,,,,0,,,,,,20,155.52732849121094,168.71051635742188,169.32713317871094,180.6812286376953,7.676642575140906,,,"87:160.7764,161.1059,164.9666,166.3277|157:163.2286,164.2410,166.1808,173.2372|149:164.9812,163.5668,164.7400,180.6812|109:163.5481,165.5915,167.3303,178.5502|143:164.0543,163.7378,166.5645,172.6478|114:161.6516,162.2859,162.3150,166.0484|117:156.1275,157.3725,156.8242,166.1992|2:149.2701,148.7551,151.5170,155.5273|88:148.4777,148.9686,149.1052,158.5296|145:162.9173,162.9247,166.8677,170.1790|166:160.8344,160.7641,162.7059,168.4753|141:160.4950,161.3745,161.9903,171.0223|65:150.9448,150.4458,152.1198,157.1750|6:163.0183,162.7164,167.2212,170.3431|131:160.8130,160.1742,163.1189,163.7620|119:155.8312,155.8838,157.4607,161.4952|96:163.0368,163.5791,166.2931,180.5853|162:148.5124,148.5149,150.3019,159.6249|107:163.2695,163.6033,165.3664,173.1272|0:160.5924,160.4446,163.0840,180.6724",1,1,1,0,0,,,3,3,2,1
87|157|149|109|143|114|117|2|88|145|166|141|65|6|131|119|96|162|107|0,87|157|149|109|143|114|117|2|88|145|166|141|65|6|131|119|96|162|107|0,0,5,0,87|157|149|109|143|114|117|2|88|145|166|141|65|6|131|119|96|162|107|0,0|1|2|3|4|5|6|7|8|9|10|11|12|13|14|15|16|17|18|19,20,87|157|149|109|143|114|117|2|88|145|166|141|65|6|131|119|96|162|107|0,0|1|2|3|4|5|6|7|8|9|10|11|12|13|14|15|16|17|18|19,20,1,1,5,172.12925720214844,198.46055603027344,,,warmup,0,0,,,,,,,,,,,,,,,,,,,0,,,,,,0,,,,,,0,,,,,,0,,,,,,0,,,,,,0,,,,,,0,,,,,,0,,,,,,20,158.8565216064453,177.91398849487305,179.97162628173828,198.46055603027344,11.008506221810949,,,"87:160.7764,161.1059,164.9666,166.3277,187.1038|157:163.2286,164.2410,166.1808,173.2372,184.4462|149:164.9812,163.5668,164.7400,180.6812,183.1559|109:163.5481,165.5915,167.3303,178.5502,193.0721|143:164.0543,163.7378,166.5645,172.6478,179.0894|114:161.6516,162.2859,162.3150,166.0484,171.6908|117:156.1275,157.3725,156.8242,166.1992,170.0369|2:149.2701,148.7551,151.5170,155.5273,160.9222|88:148.4777,148.9686,149.1052,158.5296,168.5648|145:162.9173,162.9247,166.8677,170.1790,187.5281|166:160.8344,160.7641,162.7059,168.4753,174.5975|141:160.4950,161.3745,161.9903,171.0223,184.0299|65:150.9448,150.4458,152.1198,157.1750,158.8565|6:163.0183,162.7164,167.2212,170.3431,180.8539|131:160.8130,160.1742,163.1189,163.7620,169.0941|119:155.8312,155.8838,157.4607,161.4952,161.4768|96:163.0368,163.5791,166.2931,180.5853,198.4606|162:148.5124,148.5149,150.3019,159.6249,170.8655|107:163.2695,163.6033,165.3664,173.1272,192.4853|0:160.5924,160.4446,163.0840,180.6724,181.9494",1,1,1,0,0,,,4,4,2,1
87|157|149|109|143|114|117|2|88|145|166|141|65|6|131|119|96|162|107|0,87|157|149|109|143|114|117|2|88|145|166|141|65|6|131|119|96|162|107|0,0,6,0,87|157|149|109|143|114|117|2|88|145|166|141|65|6|131|119|96|162|107|0,0|1|2|3|4|5|6|7|8|9|10|11|12|13|14|15|16|17|18|19,20,87|157|149|109|143|114|117|2|88|145|166|141|65|6|131|119|96|162|107|0,0|1|2|3|4|5|6|7|8|9|10|11|12|13|14|15|16|17|18|19,20,1,1,6,179.98870849609375,245.95962524414062,158.89405517578126,172.6706573486328,eligible,0,0,,,,,,,,,,,,,,,,,,,0,,,,,,0,,,,,,0,,,,,,0,,,,,,0,,,,,,0,,,,,,0,,,,,,0,,,,,,20,158.04949951171875,191.5765037536621,188.36746215820312,245.95962524414062,21.90997470551639,,,"87:161.1059,164.9666,166.3277,187.1038,216.4670|157:164.2410,166.1808,173.2372,184.4462,228.2971|149:163.5668,164.7400,180.6812,183.1559,207.5793|109:165.5915,167.3303,178.5502,193.0721,245.9596|143:163.7378,166.5645,172.6478,179.0894,182.2036|114:162.2859,162.3150,166.0484,171.6908,184.2668|117:157.3725,156.8242,166.1992,170.0369,179.1668|2:148.7551,151.5170,155.5273,160.9222,193.4820|88:148.9686,149.1052,158.5296,168.5648,165.4484|145:162.9247,166.8677,170.1790,187.5281,187.4566|166:160.7641,162.7059,168.4753,174.5975,193.5250|141:161.3745,161.9903,171.0223,184.0299,182.8984|65:150.4458,152.1198,157.1750,158.8565,158.0495|6:162.7164,167.2212,170.3431,180.8539,169.8231|131:160.1742,163.1189,163.7620,169.0941,169.6757|119:155.8838,157.4607,161.4952,161.4768,165.1255|96:163.5791,166.2931,180.5853,198.4606,198.2062|162:148.5149,150.3019,159.6249,170.8655,189.2783|107:163.6033,165.3664,173.1272,192.4853,210.5349|0:160.4446,163.0840,180.6724,181.9494,204.0862",1,1,1,1,1,False,True,5,5,2,1
87|157|149|109|143|114|117|2|88|145|166|141|65|6|131|119|96|162|107|0,87|157|149|109|143|114|117|2|88|145|166|141|65|6|131|119|96|162|107|0,0,7,0,87|157|149|109|143|114|117|2|88|145|166|141|65|6|131|119|96|162|107|0,0|1|2|3|4|5|6|7|8|9|10|11|12|13|14|15|16|17|18|19,20,87|157|149|109|143|114|117|2|88|145|166|141|65|6|131|119|96|162|107|0,0|1|2|3|4|5|6|7|8|9|10|11|12|13|14|15|16|17|18|19,20,1,1,7,178.9629364013672,231.42665100097656,159.49004745483398,180.6812286376953,eligible,0,0,,,,,,,,,,,,,,,,,,,0,,,,,,0,,,,,,0,,,,,,0,,,,,,0,,,,,,0,,,,,,0,,,,,,0,,,,,,20,164.5970458984375,194.59402389526366,196.67190551757812,231.42665100097656,19.409720192782626,,,"87:164.9666,166.3277,187.1038,216.4670,231.4267|157:166.1808,173.2372,184.4462,228.2971,221.5402|149:164.7400,180.6812,183.1559,207.5793,214.2863|109:167.3303,178.5502,193.0721,245.9596,206.1474|143:166.5645,172.6478,179.0894,182.2036,179.9145|114:162.3150,166.0484,171.6908,184.2668,177.7513|117:156.8242,166.1992,170.0369,179.1668,186.5862|2:151.5170,155.5273,160.9222,193.4820,170.5312|88:149.1052,158.5296,168.5648,165.4484,173.8055|145:166.8677,170.1790,187.5281,187.4566,204.6607|166:162.7059,168.4753,174.5975,193.5250,196.4532|141:161.9903,171.0223,184.0299,182.8984,204.2175|65:152.1198,157.1750,158.8565,158.0495,164.5970|6:167.2212,170.3431,180.8539,169.8231,179.3351|131:163.1189,163.7620,169.0941,169.6757,175.7121|119:157.4607,161.4952,161.4768,165.1255,170.3187|96:166.2931,180.5853,198.4606,198.2062,215.6721|162:150.3019,159.6249,170.8655,189.2783,196.8907|107:165.3664,173.1272,192.4853,210.5349,217.7773|0:163.0840,180.6724,181.9494,204.0862,204.2569",1,1,1,1,1,False,True,6,6,2,1
87|157|149|109|143|114|117|2|88|145|166|141|65|6|131|119|96|162|107|0,87|157|149|109|143|114|117|2|88|145|166|141|65|6|131|119|96|162|107|0,0,8,0,87|157|149|109|143|114|117|2|88|145|166|141|65|6|131|119|96|162|107|0,0|1|2|3|4|5|6|7|8|9|10|11|12|13|14|15|16|17|18|19,20,87|157|149|109|143|114|117|2|88|145|166|141|65|6|131|119|96|162|107|0,0|1|2|3|4|5|6|7|8|9|10|11|12|13|14|15|16|17|18|19,20,1,1,8,184.40359497070312,336.568603515625,160.4931198120117,191.34882507324218,eligible,0,0,,,,,,,,,,,,,,,,,,,0,,,,,,0,,,,,,0,,,,,,0,,,,,,0,,,,,,0,,,,,,0,,,,,,0,,,,,,20,169.40969848632812,212.79333038330077,202.57872772216797,336.568603515625,35.932115102398065,,,"87:166.3277,187.1038,216.4670,231.4267,224.8716|157:173.2372,184.4462,228.2971,221.5402,252.4033|149:180.6812,183.1559,207.5793,214.2863,245.8207|109:178.5502,193.0721,245.9596,206.1474,336.5686|143:172.6478,179.0894,182.2036,179.9145,199.5940|114:166.0484,171.6908,184.2668,177.7513,189.1584|117:166.1992,170.0369,179.1668,186.5862,186.7522|2:155.5273,160.9222,193.4820,170.5312,196.4398|88:158.5296,168.5648,165.4484,173.8055,187.2993|145:170.1790,187.5281,187.4566,204.6607,215.6670|166:168.4753,174.5975,193.5250,196.4532,186.4715|141:171.0223,184.0299,182.8984,204.2175,205.5635|65:157.1750,158.8565,158.0495,164.5970,194.3504|6:170.3431,180.8539,169.8231,179.3351,184.9026|131:163.7620,169.0941,169.6757,175.7121,182.1863|119:161.4952,161.4768,165.1255,170.3187,169.4097|96:180.5853,198.4606,198.2062,215.6721,221.9323|162:159.6249,170.8655,189.2783,196.8907,216.9546|107:173.1272,192.4853,210.5349,217.7773,230.4989|0:180.6724,181.9494,204.0862,204.2569,229.0219",1,1,1,1,1,False,True,7,7,2,1
87|157|149|109|143|114|117|2|88|145|166|141|65|6|131|119|96|162|107|0,87|157|149|109|143|114|117|2|88|145|166|141|65|6|131|119|96|162|107|0,0,9,0,87|157|149|109|143|114|117|2|88|145|166|141|65|6|131|119|96|162|107|0,0|1|2|3|4|5|6|7|8|9|10|11|12|13|14|15|16|17|18|19,20,87|157|149|109|143|114|117|2|88|145|166|141|65|6|131|119|96|162|107|0,0|1|2|3|4|5|6|7|8|9|10|11|12|13|14|15|16|17|18|19,20,1,1,9,177.5371551513672,275.7276916503906,162.51389236450194,205.05377502441408,eligible,0,0,,,,,,,,,,,,,,,,,,,0,,,,,,0,,,,,,0,,,,,,0,,,,,,0,,,,,,0,,,,,,0,,,,,,0,,,,,,20,167.14088439941406,210.71373443603517,213.4203338623047,275.7276916503906,27.59244685327714,,,"87:187.1038,216.4670,231.4267,224.8716,238.1021|157:184.4462,228.2971,221.5402,252.4033,275.7277|149:183.1559,207.5793,214.2863,245.8207,241.4521|109:193.0721,245.9596,206.1474,336.5686,238.5529|143:179.0894,182.2036,179.9145,199.5940,184.6306|114:171.6908,184.2668,177.7513,189.1584,193.2054|117:170.0369,179.1668,186.5862,186.7522,236.0405|2:160.9222,193.4820,170.5312,196.4398,167.1409|88:168.5648,165.4484,173.8055,187.2993,204.4842|145:187.5281,187.4566,204.6607,215.6670,220.2703|166:174.5975,193.5250,196.4532,186.4715,209.5732|141:184.0299,182.8984,204.2175,205.5635,217.2675|65:158.8565,158.0495,164.5970,194.3504,172.7065|6:180.8539,169.8231,179.3351,184.9026,178.8129|131:169.0941,169.6757,175.7121,182.1863,187.1974|119:161.4768,165.1255,170.3187,169.4097,173.5844|96:198.4606,198.2062,215.6721,221.9323,218.3198|162:170.8655,189.2783,196.8907,216.9546,226.5820|107:192.4853,210.5349,217.7773,230.4989,221.7542|0:181.9494,204.0862,204.2569,229.0219,208.8703",1,1,1,1,1,False,True,8,8,2,1
87|157|149|109|143|114|117|2|88|145|166|141|65|6|131|119|96|162|107|0,87|157|149|109|143|114|117|2|88|145|166|141|65|6|131|119|96|162|107|0,0,10,0,87|157|149|109|143|114|117|2|88|145|166|141|65|6|131|119|96|162|107|0,0|1|2|3|4|5|6|7|8|9|10|11|12|13|14|15|16|17|18|19,20,87|157|149|109|143|114|117|2|88|145|166|141|65|6|131|119|96|162|107|0,0|1|2|3|4|5|6|7|8|9|10|11|12|13|14|15|16|17|18|19,20,1,1,10,172.57464599609375,291.5613098144531,164.5346649169922,224.83343200683592,eligible,0,0,,,,,,,,,,,,,,,,,,,0,,,,,,0,,,,,,0,,,,,,0,,,,,,0,,,,,,0,,,,,,0,,,,,,0,,,,,,20,172.94329833984375,215.10242385864257,205.75328826904297,291.5613098144531,30.716096710182924,,,"87:216.4670,231.4267,224.8716,238.1021,266.2946|157:228.2971,221.5402,252.4033,275.7277,254.2138|149:207.5793,214.2863,245.8207,241.4521,248.2697|109:245.9596,206.1474,336.5686,238.5529,291.5613|143:182.2036,179.9145,199.5940,184.6306,194.0279|114:184.2668,177.7513,189.1584,193.2054,209.9513|117:179.1668,186.5862,186.7522,236.0405,196.1200|2:193.4820,170.5312,196.4398,167.1409,237.8282|88:165.4484,173.8055,187.2993,204.4842,189.6567|145:187.4566,204.6607,215.6670,220.2703,201.5552|166:193.5250,196.4532,186.4715,209.5732,196.5359|141:182.8984,204.2175,205.5635,217.2675,188.4237|65:158.0495,164.5970,194.3504,172.7065,172.9433|6:169.8231,179.3351,184.9026,178.8129,186.2366|131:169.6757,175.7121,182.1863,187.1974,185.0316|119:165.1255,170.3187,169.4097,173.5844,194.6008|96:198.2062,215.6721,221.9323,218.3198,216.5222|162:189.2783,196.8907,216.9546,226.5820,222.9510|107:210.5349,217.7773,230.4989,221.7542,211.3083|0:204.0862,204.2569,229.0219,208.8703,238.0163",1,1,1,1,1,False,True,9,9,2,1
87|157|149|109|143|114|117|2|88|145|166|141|65|6|131|119|96|162|107|0,87|157|149|109|143|114|117|2|88|145|166|141|65|6|131|119|96|162|107|0,0,11,0,87|157|149|109|143|114|117|2|88|145|166|141|65|6|131|119|96|162|107|0,0|1|2|3|4|5|6|7|8|9|10|11|12|13|14|15|16|17|18|19,20,87|157|149|109|143|114|117|2|88|145|166|141|65|6|131|119|96|162|107|0,0|1|2|3|4|5|6|7|8|9|10|11|12|13|14|15|16|17|18|19,20,1,1,11,172.74191284179688,362.52593994140625,166.65537185668944,237.23984069824218,eligible,0,0,,,,,,,,,,,,,,,,,,,0,,,,,,0,,,,,,0,,,,,,0,,,,,,0,,,,,,0,,,,,,0,,,,,,0,,,,,,20,181.76156616210938,223.5495407104492,210.58513641357422,362.52593994140625,44.88987647457802,,,"87:231.4267,224.8716,238.1021,266.2946,299.3454|157:221.5402,252.4033,275.7277,254.2138,225.8292|149:214.2863,245.8207,241.4521,248.2697,211.7988|109:206.1474,336.5686,238.5529,291.5613,207.6006|143:179.9145,199.5940,184.6306,194.0279,214.2634|114:177.7513,189.1584,193.2054,209.9513,226.2614|117:186.5862,186.7522,236.0405,196.1200,186.0791|2:170.5312,196.4398,167.1409,237.8282,181.7616|88:173.8055,187.2993,204.4842,189.6567,197.3311|145:204.6607,215.6670,220.2703,201.5552,254.6510|166:196.4532,186.4715,209.5732,196.5359,182.1663|141:204.2175,205.5635,217.2675,188.4237,190.6031|65:164.5970,194.3504,172.7065,172.9433,187.3022|6:179.3351,184.9026,178.8129,186.2366,190.2073|131:175.7121,182.1863,187.1974,185.0316,199.5828|119:170.3187,169.4097,173.5844,194.6008,209.3715|96:215.6721,221.9323,218.3198,216.5222,280.1624|162:196.8907,216.9546,226.5820,222.9510,249.3507|107:217.7773,230.4989,221.7542,211.3083,362.5259|0:204.2569,229.0219,208.8703,238.0163,214.7970",1,1,1,1,1,False,True,10,10,2,1
87|157|149|109|143|114|117|2|88|145|166|141|65|6|131|119|96|162|107|0,87|157|149|109|143|114|117|2|88|145|166|141|65|6|131|119|96|162|107|0,0,12,0,87|157|149|109|143|114|117|2|88|145|166|141|65|6|131|119|96|162|107|0,0|1|2|3|4|5|6|7|8|9|10|11|12|13|14|15|16|17|18|19,20,87|157|149|109|143|114|117|2|88|145|166|141|65|6|131|119|96|162|107|0,0|1|2|3|4|5|6|7|8|9|10|11|12|13|14|15|16|17|18|19,20,1,1,12,168.06085205078125,289.1632385253906,168.9093246459961,245.95962524414062,eligible,1,1,valid_cut,,0.07086214513586706,1.0,2.0,1|2,1.0,19.0,1.0,19.0,0.05263157894736842,107,87|157|149|109|143|114|117|2|88|145|166|141|65|6|131|119|96|162|0,left,107,data_4200_4_7.5_chordal,168.90437854967618,388.8612518310547,190,24.410232543945312,168.90437854967618,156.0154037475586,388.8612518310547,96.26113494966421,190,0.0025650151055107862,0.008906735098815902,0.006368999144098308,0.0393542246522367,0.006515288457361716,0,,,,,,171,24.410232543945312,154.65928176969115,144.85385131835938,369.6229705810547,87.23530875910426,19,102.46942138671875,297.1102495695415,317.9969024658203,388.8612518310547,76.87014221988765,0,,,,,,171,0.0026981597995186903,0.009481973822451195,0.006856178228830389,0.0393542246522367,0.006600824906076879,19,0.0025650151055107862,0.003729586586098266,0.0031348266778457117,0.009664691138674514,0.001603392913444515,20,188.62252807617188,219.16347122192383,217.00006103515625,289.1632385253906,25.9910592763186,87:205.9887|157:213.8906|149:165.2895|109:279.7635|143:130.5814|114:125.7843|117:132.7039|2:159.8810|88:145.1157|145:136.8154|166:132.5555|141:131.9216|65:164.8766|6:151.2612|131:148.2266|119:160.1380|96:215.5000|162:141.4363|107:297.1102|0:139.2477,87:0.0057|157:0.0055|149:0.0070|109:0.0039|143:0.0123|114:0.0114|117:0.0105|2:0.0083|88:0.0112|145:0.0087|166:0.0112|141:0.0091|65:0.0112|6:0.0132|131:0.0131|119:0.0103|96:0.0052|162:0.0086|107:0.0037|0:0.0081,87:|157:|149:|109:|143:|114:|117:|2:|88:|145:|166:|141:|65:|6:|131:|119:|96:|162:|107:|0:,1,1,1,1,1,True,True,11,11,2,1
87|157|149|109|143|114|117|2|88|145|166|141|65|6|131|119|96|162|107|0,87|157|149|109|143|114|117|2|88|145|166|141|65|6|131|119|96|162|107|0,0,13,1,107,18,1,107,18,1,1,13,1,277.0232238769531,277.0232238769531,,,cluster_too_small,0,0,,,,,,,,,,,,,,,,,,,0,,,,,,0,,,,,,0,,,,,,0,,,,,,0,,,,,,0,,,,,,0,,,,,,0,,,,,,1,277.0232238769531,277.0232238769531,277.0232238769531,277.0232238769531,0.0,,,107:277.0232,0,0,1,0,0,,,0,0,2,1
87|157|149|109|143|114|117|2|88|145|166|141|65|6|131|119|96|162|107|0,87|157|149|109|143|114|117|2|88|145|166|141|65|6|131|119|96|162|107|0,0,13,2,87|157|149|109|143|114|117|2|88|145|166|141|65|6|131|119|96|162|0,0|1|2|3|4|5|6|7|8|9|10|11|12|13|14|15|16|17|19,19,87|157|149|109|143|114|117|2|88|145|166|141|65|6|131|119|96|162|0,0|1|2|3|4|5|6|7|8|9|10|11|12|13|14|15|16|17|19,19,1,13,1,166.92718505859375,289.5613098144531,,,warmup,0,0,,,,,,,,,,,,,,,,,,,0,,,,,,0,,,,,,0,,,,,,0,,,,,,0,,,,,,0,,,,,,0,,,,,,0,,,,,,19,183.4179229736328,216.34033765290914,211.37547302246094,289.5613098144531,24.65158276175136,,,87:244.2566|157:190.5054|149:200.7803|109:224.5801|143:209.7756|114:222.1347|117:233.4361|2:183.4179|88:194.9990|145:234.1219|166:199.0710|141:211.3755|65:188.9267|6:203.3559|131:213.3915|119:206.4603|96:245.5304|162:214.7862|0:289.5613,1,1,1,0,0,,,0,0,2,1
87|157|149|109|143|114|117|2|88|145|166|141|65|6|131|119|96|162|107|0,87|157|149|109|143|114|117|2|88|145|166|141|65|6|131|119|96|162|107|0,0,14,1,107,18,1,107,18,1,1,13,2,296.2828674316406,296.2828674316406,,,cluster_too_small,0,0,,,,,,,,,,,,,,,,,,,0,,,,,,0,,,,,,0,,,,,,0,,,,,,0,,,,,,0,,,,,,0,,,,,,0,,,,,,1,296.2828674316406,296.2828674316406,296.2828674316406,296.2828674316406,0.0,,,"107:277.0232,296.2829",0,0,1,0,0,,,1,1,2,1
87|157|149|109|143|114|117|2|88|145|166|141|65|6|131|119|96|162|107|0,87|157|149|109|143|114|117|2|88|145|166|141|65|6|131|119|96|162|107|0,0,14,2,87|157|149|109|143|114|117|2|88|145|166|141|65|6|131|119|96|162|0,0|1|2|3|4|5|6|7|8|9|10|11|12|13|14|15|16|17|19,19,87|157|149|109|143|114|117|2|88|145|166|141|65|6|131|119|96|162|0,0|1|2|3|4|5|6|7|8|9|10|11|12|13|14|15|16|17|19,19,1,13,2,167.9242706298828,256.5693664550781,,,warmup,0,0,,,,,,,,,,,,,,,,,,,0,,,,,,0,,,,,,0,,,,,,0,,,,,,0,,,,,,0,,,,,,0,,,,,,0,,,,,,19,195.0481414794922,219.74593152497945,208.76937866210938,256.5693664550781,19.251820821189035,,,"87:244.2566,195.0481|157:190.5054,206.5818|149:200.7803,256.5694|109:224.5801,236.6283|143:209.7756,202.9075|114:222.1347,200.2050|117:233.4361,204.6936|2:183.4179,226.5406|88:194.9990,245.1985|145:234.1219,249.7095|166:199.0710,225.0975|141:211.3755,208.7694|65:188.9267,204.1604|6:203.3559,200.1777|131:213.3915,203.0079|119:206.4603,202.9339|96:245.5304,239.6501|162:214.7862,236.2542|0:289.5613,231.0393",1,1,1,0,0,,,1,1,2,1
87|157|149|109|143|114|117|2|88|145|166|141|65|6|131|119|96|162|107|0,87|157|149|109|143|114|117|2|88|145|166|141|65|6|131|119|96|162|107|0,0,15,1,107,18,1,107,18,1,1,13,3,259.3804931640625,259.3804931640625,,,cluster_too_small,0,0,,,,,,,,,,,,,,,,,,,0,,,,,,0,,,,,,0,,,,,,0,,,,,,0,,,,,,0,,,,,,0,,,,,,0,,,,,,1,259.3804931640625,259.3804931640625,259.3804931640625,259.3804931640625,0.0,,,"107:277.0232,296.2829,259.3805",0,0,1,0,0,,,2,2,2,1
87|157|149|109|143|114|117|2|88|145|166|141|65|6|131|119|96|162|107|0,87|157|149|109|143|114|117|2|88|145|166|141|65|6|131|119|96|162|107|0,0,15,2,87|157|149|109|143|114|117|2|88|145|166|141|65|6|131|119|96|162|0,0|1|2|3|4|5|6|7|8|9|10|11|12|13|14|15|16|17|19,19,87|157|149|109|143|114|117|2|88|145|166|141|65|6|131|119|96|162|0,0|1|2|3|4|5|6|7|8|9|10|11|12|13|14|15|16|17|19,19,1,13,3,176.83834838867188,286.12481689453125,,,warmup,0,0,,,,,,,,,,,,,,,,,,,0,,,,,,0,,,,,,0,,,,,,0,,,,,,0,,,,,,0,,,,,,0,,,,,,0,,,,,,19,195.24000549316406,236.35748371325042,237.7339324951172,286.12481689453125,31.322474872551897,,,"87:244.2566,195.0481,286.1248|157:190.5054,206.5818,249.7668|149:200.7803,256.5694,237.7339|109:224.5801,236.6283,271.5788|143:209.7756,202.9075,195.2400|114:222.1347,200.2050,237.7769|117:233.4361,204.6936,204.8926|2:183.4179,226.5406,199.7374|88:194.9990,245.1985,199.9536|145:234.1219,249.7095,280.0642|166:199.0710,225.0975,246.4654|141:211.3755,208.7694,229.0589|65:188.9267,204.1604,225.2667|6:203.3559,200.1777,202.2625|131:213.3915,203.0079,220.6055|119:206.4603,202.9339,197.8157|96:245.5304,239.6501,280.3441|162:214.7862,236.2542,241.2804|0:289.5613,231.0393,284.8239",1,1,1,0,0,,,2,2,2,1
87|157|149|109|143|114|117|2|88|145|166|141|65|6|131|119|96|162|107|0,87|157|149|109|143|114|117|2|88|145|166|141|65|6|131|119|96|162|107|0,0,16,1,107,18,1,107,18,1,1,13,4,405.48480224609375,405.48480224609375,,,cluster_too_small,0,0,,,,,,,,,,,,,,,,,,,0,,,,,,0,,,,,,0,,,,,,0,,,,,,0,,,,,,0,,,,,,0,,,,,,0,,,,,,1,405.48480224609375,405.48480224609375,405.48480224609375,405.48480224609375,0.0,,,"107:277.0232,296.2829,259.3805,405.4848",0,0,1,0,0,,,3,3,2,1
87|157|149|109|143|114|117|2|88|145|166|141|65|6|131|119|96|162|107|0,87|157|149|109|143|114|117|2|88|145|166|141|65|6|131|119|96|162|107|0,0,16,2,87|157|149|109|143|114|117|2|88|145|166|141|65|6|131|119|96|162|0,0|1|2|3|4|5|6|7|8|9|10|11|12|13|14|15|16|17|19,19,87|157|149|109|143|114|117|2|88|145|166|141|65|6|131|119|96|162|0,0|1|2|3|4|5|6|7|8|9|10|11|12|13|14|15|16|17|19,19,1,13,4,165.38641357421875,430.00689697265625,,,warmup,0,0,,,,,,,,,,,,,,,,,,,0,,,,,,0,,,,,,0,,,,,,0,,,,,,0,,,,,,0,,,,,,0,,,,,,0,,,,,,19,194.90206909179688,251.4037716514186,250.29425048828125,430.00689697265625,49.95018031708837,,,"87:244.2566,195.0481,286.1248,257.7987|157:190.5054,206.5818,249.7668,266.0399|149:200.7803,256.5694,237.7339,250.2943|109:224.5801,236.6283,271.5788,305.0940|143:209.7756,202.9075,195.2400,225.5732|114:222.1347,200.2050,237.7769,254.4155|117:233.4361,204.6936,204.8926,234.5231|2:183.4179,226.5406,199.7374,250.8579|88:194.9990,245.1985,199.9536,194.9021|145:234.1219,249.7095,280.0642,263.6293|166:199.0710,225.0975,246.4654,207.5515|141:211.3755,208.7694,229.0589,218.2568|65:188.9267,204.1604,225.2667,254.5470|6:203.3559,200.1777,202.2625,205.6850|131:213.3915,203.0079,220.6055,239.7082|119:206.4603,202.9339,197.8157,201.7206|96:245.5304,239.6501,280.3441,430.0069|162:214.7862,236.2542,241.2804,246.8778|0:289.5613,231.0393,284.8239,269.1901",1,1,1,0,0,,,3,3,2,1
87|157|149|109|143|114|117|2|88|145|166|141|65|6|131|119|96|162|107|0,87|157|149|109|143|114|117|2|88|145|166|141|65|6|131|119|96|162|107|0,0,17,1,107,18,1,107,18,1,1,13,5,361.49688720703125,361.49688720703125,,,cluster_too_small,0,0,,,,,,,,,,,,,,,,,,,0,,,,,,0,,,,,,0,,,,,,0,,,,,,0,,,,,,0,,,,,,0,,,,,,0,,,,,,1,361.49688720703125,361.49688720703125,361.49688720703125,361.49688720703125,0.0,,,"107:277.0232,296.2829,259.3805,405.4848,361.4969",0,0,1,0,0,,,4,4,2,1
87|157|149|109|143|114|117|2|88|145|166|141|65|6|131|119|96|162|107|0,87|157|149|109|143|114|117|2|88|145|166|141|65|6|131|119|96|162|107|0,0,17,2,87|157|149|109|143|114|117|2|88|145|166|141|65|6|131|119|96|162|0,0|1|2|3|4|5|6|7|8|9|10|11|12|13|14|15|16|17|19,19,87|157|149|109|143|114|117|2|88|145|166|141|65|6|131|119|96|162|0,0|1|2|3|4|5|6|7|8|9|10|11|12|13|14|15|16|17|19,19,1,13,5,164.99237060546875,358.60888671875,,,warmup,0,0,,,,,,,,,,,,,,,,,,,0,,,,,,0,,,,,,0,,,,,,0,,,,,,0,,,,,,0,,,,,,0,,,,,,0,,,,,,19,191.1815185546875,249.85507523386102,230.6205596923828,358.60888671875,45.79772437746946,,,"87:244.2566,195.0481,286.1248,257.7987,345.5648|157:190.5054,206.5818,249.7668,266.0399,247.4297|149:200.7803,256.5694,237.7339,250.2943,226.8866|109:224.5801,236.6283,271.5788,305.0940,261.7770|143:209.7756,202.9075,195.2400,225.5732,223.6469|114:222.1347,200.2050,237.7769,254.4155,249.6325|117:233.4361,204.6936,204.8926,234.5231,230.6206|2:183.4179,226.5406,199.7374,250.8579,227.3615|88:194.9990,245.1985,199.9536,194.9021,210.3259|145:234.1219,249.7095,280.0642,263.6293,216.4347|166:199.0710,225.0975,246.4654,207.5515,191.1815|141:211.3755,208.7694,229.0589,218.2568,204.4676|65:188.9267,204.1604,225.2667,254.5470,199.6453|6:203.3559,200.1777,202.2625,205.6850,270.5582|131:213.3915,203.0079,220.6055,239.7082,299.5923|119:206.4603,202.9339,197.8157,201.7206,222.8650|96:245.5304,239.6501,280.3441,430.0069,265.5863|162:214.7862,236.2542,241.2804,246.8778,295.0611|0:289.5613,231.0393,284.8239,269.1901,358.6089",1,1,1,0,0,,,4,4,2,1
87|157|149|109|143|114|117|2|88|145|166|141|65|6|131|119|96|162|107|0,87|157|149|109|143|114|117|2|88|145|166|141|65|6|131|119|96|162|107|0,0,18,1,107,18,1,107,18,1,1,13,6,343.873046875,343.873046875,,,cluster_too_small,0,0,,,,,,,,,,,,,,,,,,,0,,,,,,0,,,,,,0,,,,,,0,,,,,,0,,,,,,0,,,,,,0,,,,,,0,,,,,,1,343.873046875,343.873046875,343.873046875,343.873046875,0.0,,,"107:296.2829,259.3805,405.4848,361.4969,343.8730",0,0,1,1,1,,,5,5,2,1
87|157|149|109|143|114|117|2|88|145|166|141|65|6|131|119|96|162|107|0,87|157|149|109|143|114|117|2|88|145|166|141|65|6|131|119|96|162|107|0,0,18,2,87|157|149|109|143|114|117|2|88|145|166|141|65|6|131|119|96|162|0,0|1|2|3|4|5|6|7|8|9|10|11|12|13|14|15|16|17|19,19,87|157|149|109|143|114|117|2|88|145|166|141|65|6|131|119|96|162|0,0|1|2|3|4|5|6|7|8|9|10|11|12|13|14|15|16|17|19,19,1,13,6,168.85557556152344,421.4913635253906,166.00272216796876,317.1803405761719,eligible,0,0,,,,,,,,,,,,,,,,,,,0,,,,,,0,,,,,,0,,,,,,0,,,,,,0,,,,,,0,,,,,,0,,,,,,0,,,,,,19,199.8895263671875,246.2203015779194,233.2220001220703,421.4913635253906,46.54368085967687,,,"87:195.0481,286.1248,257.7987,345.5648,278.2923|157:206.5818,249.7668,266.0399,247.4297,292.8372|149:256.5694,237.7339,250.2943,226.8866,242.9935|109:236.6283,271.5788,305.0940,261.7770,244.8442|143:202.9075,195.2400,225.5732,223.6469,220.7874|114:200.2050,237.7769,254.4155,249.6325,209.4963|117:204.6936,204.8926,234.5231,230.6206,233.2220|2:226.5406,199.7374,250.8579,227.3615,220.2836|88:245.1985,199.9536,194.9021,210.3259,199.8895|145:249.7095,280.0642,263.6293,216.4347,229.8621|166:225.0975,246.4654,207.5515,191.1815,224.9710|141:208.7694,229.0589,218.2568,204.4676,240.0917|65:204.1604,225.2667,254.5470,199.6453,227.2908|6:200.1777,202.2625,205.6850,270.5582,252.5912|131:203.0079,220.6055,239.7082,299.5923,230.1479|119:202.9339,197.8157,201.7206,222.8650,219.7700|96:239.6501,280.3441,430.0069,265.5863,252.5319|162:236.2542,241.2804,246.8778,295.0611,421.4914|0:231.0393,284.8239,269.1901,358.6089,236.7917",1,1,1,1,1,False,True,5,5,2,1
87|157|149|109|143|114|117|2|88|145|166|141|65|6|131|119|96|162|107|0,87|157|149|109|143|114|117|2|88|145|166|141|65|6|131|119|96|162|107|0,0,19,1,107,18,1,107,18,1,1,13,7,335.3205261230469,335.3205261230469,,,cluster_too_small,0,0,,,,,,,,,,,,,,,,,,,0,,,,,,0,,,,,,0,,,,,,0,,,,,,0,,,,,,0,,,,,,0,,,,,,0,,,,,,1,335.3205261230469,335.3205261230469,335.3205261230469,335.3205261230469,0.0,,,"107:259.3805,405.4848,361.4969,343.8730,335.3205",0,0,1,1,1,,,6,6,2,1
87|157|149|109|143|114|117|2|88|145|166|141|65|6|131|119|96|162|107|0,87|157|149|109|143|114|117|2|88|145|166|141|65|6|131|119|96|162|107|0,0,19,2,87|157|149|109|143|114|117|2|88|145|166|141|65|6|131|119|96|162|0,0|1|2|3|4|5|6|7|8|9|10|11|12|13|14|15|16|17|19,19,87|157|149|109|143|114|117|2|88|145|166|141|65|6|131|119|96|162|0,0|1|2|3|4|5|6|7|8|9|10|11|12|13|14|15|16|17|19,19,1,13,7,173.15756225585938,407.69818115234375,166.5419921875,358.60888671875,eligible,0,0,,,,,,,,,,,,,,,,,,,0,,,,,,0,,,,,,0,,,,,,0,,,,,,0,,,,,,0,,,,,,0,,,,,,0,,,,,,19,197.8246612548828,252.59846737510279,245.688720703125,407.69818115234375,50.13665435315109,,,"87:286.1248,257.7987,345.5648,278.2923,289.6296|157:249.7668,266.0399,247.4297,292.8372,302.1290|149:237.7339,250.2943,226.8866,242.9935,306.2757|109:271.5788,305.0940,261.7770,244.8442,223.1922|143:195.2400,225.5732,223.6469,220.7874,218.7557|114:237.7769,254.4155,249.6325,209.4963,245.6887|117:204.8926,234.5231,230.6206,233.2220,255.2257|2:199.7374,250.8579,227.3615,220.2836,205.9242|88:199.9536,194.9021,210.3259,199.8895,212.5574|145:280.0642,263.6293,216.4347,229.8621,210.1371|166:246.4654,207.5515,191.1815,224.9710,253.2298|141:229.0589,218.2568,204.4676,240.0917,256.2877|65:225.2667,254.5470,199.6453,227.2908,197.8247|6:202.2625,205.6850,270.5582,252.5912,207.9480|131:220.6055,239.7082,299.5923,230.1479,221.7671|119:197.8157,201.7206,222.8650,219.7700,218.0570|96:280.3441,430.0069,265.5863,252.5319,407.6982|162:241.2804,246.8778,295.0611,421.4914,271.5880|0:284.8239,269.1901,358.6089,236.7917,295.4549",1,1,1,1,1,False,True,6,6,2,1
87|157|149|109|143|114|117|2|88|145|166|141|65|6|131|119|96|162|107|0,87|157|149|109|143|114|117|2|88|145|166|141|65|6|131|119|96|162|107|0,0,20,1,107,18,1,107,18,1,1,13,8,444.108154296875,444.108154296875,,,cluster_too_small,0,0,,,,,,,,,,,,,,,,,,,0,,,,,,0,,,,,,0,,,,,,0,,,,,,0,,,,,,0,,,,,,0,,,,,,0,,,,,,1,444.108154296875,444.108154296875,444.108154296875,444.108154296875,0.0,,,"107:405.4848,361.4969,343.8730,335.3205,444.1082",0,0,1,1,1,,,7,7,2,1
87|157|149|109|143|114|117|2|88|145|166|141|65|6|131|119|96|162|107|0,87|157|149|109|143|114|117|2|88|145|166|141|65|6|131|119|96|162|107|0,0,20,2,87|157|149|109|143|114|117|2|88|145|166|141|65|6|131|119|96|162|0,0|1|2|3|4|5|6|7|8|9|10|11|12|13|14|15|16|17|19,19,87|157|149|109|143|114|117|2|88|145|166|141|65|6|131|119|96|162|0,0|1|2|3|4|5|6|7|8|9|10|11|12|13|14|15|16|17|19,19,1,13,8,168.71206665039062,407.9536437988281,167.02689361572266,388.0624633789062,eligible,0,0,,,,,,,,,,,,,,,,,,,0,,,,,,0,,,,,,0,,,,,,0,,,,,,0,,,,,,0,,,,,,0,,,,,,0,,,,,,19,200.28244018554688,257.03289152446547,233.55706787109375,407.9536437988281,54.98917248630796,,,"87:257.7987,345.5648,278.2923,289.6296,371.5066|157:266.0399,247.4297,292.8372,302.1290,308.1818|149:250.2943,226.8866,242.9935,306.2757,323.2099|109:305.0940,261.7770,244.8442,223.1922,237.5277|143:225.5732,223.6469,220.7874,218.7557,249.3577|114:254.4155,249.6325,209.4963,245.6887,233.5571|117:234.5231,230.6206,233.2220,255.2257,210.7129|2:250.8579,227.3615,220.2836,205.9242,223.4440|88:194.9021,210.3259,199.8895,212.5574,221.5318|145:263.6293,216.4347,229.8621,210.1371,226.1854|166:207.5515,191.1815,224.9710,253.2298,228.1699|141:218.2568,204.4676,240.0917,256.2877,222.5805|65:254.5470,199.6453,227.2908,197.8247,200.2824|6:205.6850,270.5582,252.5912,207.9480,233.0082|131:239.7082,299.5923,230.1479,221.7671,240.0010|119:201.7206,222.8650,219.7700,218.0570,214.9377|96:430.0069,265.5863,252.5319,407.6982,407.9536|162:246.8778,295.0611,421.4914,271.5880,271.5619|0:269.1901,358.6089,236.7917,295.4549,259.9149",1,1,1,1,1,False,True,7,7,2,1
87|157|149|109|143|114|117|2|88|145|166|141|65|6|131|119|96|162|107|0,87|157|149|109|143|114|117|2|88|145|166|141|65|6|131|119|96|162|107|0,0,21,1,107,18,1,107,18,1,1,13,9,337.314697265625,337.314697265625,,,cluster_too_small,0,0,,,,,,,,,,,,,,,,,,,0,,,,,,0,,,,,,0,,,,,,0,,,,,,0,,,,,,0,,,,,,0,,,,,,0,,,,,,1,337.314697265625,337.314697265625,337.314697265625,337.314697265625,0.0,,,"107:361.4969,343.8730,335.3205,444.1082,337.3147",0,0,1,1,1,,,8,8,2,1
87|157|149|109|143|114|117|2|88|145|166|141|65|6|131|119|96|162|107|0,87|157|149|109|143|114|117|2|88|145|166|141|65|6|131|119|96|162|107|0,0,21,2,87|157|149|109|143|114|117|2|88|145|166|141|65|6|131|119|96|162|0,0|1|2|3|4|5|6|7|8|9|10|11|12|13|14|15|16|17|19,19,87|157|149|109|143|114|117|2|88|145|166|141|65|6|131|119|96|162|0,0|1|2|3|4|5|6|7|8|9|10|11|12|13|14|15|16|17|19,19,1,13,9,165.89410400390625,289.37579345703125,167.37587356567383,407.7492736816406,eligible,0,0,,,,,,,,,,,,,,,,,,,0,,,,,,0,,,,,,0,,,,,,0,,,,,,0,,,,,,0,,,,,,0,,,,,,0,,,,,,19,203.58599853515625,245.48589043868216,247.25686645507812,289.37579345703125,21.662365831660257,,,"87:345.5648,278.2923,289.6296,371.5066,250.0065|157:247.4297,292.8372,302.1290,308.1818,239.8017|149:226.8866,242.9935,306.2757,323.2099,280.3415|109:261.7770,244.8442,223.1922,237.5277,220.2934|143:223.6469,220.7874,218.7557,249.3577,289.3758|114:249.6325,209.4963,245.6887,233.5571,242.7664|117:230.6206,233.2220,255.2257,210.7129,256.4447|2:227.3615,220.2836,205.9242,223.4440,255.0380|88:210.3259,199.8895,212.5574,221.5318,211.0176|145:216.4347,229.8621,210.1371,226.1854,225.7858|166:191.1815,224.9710,253.2298,228.1699,203.5860|141:204.4676,240.0917,256.2877,222.5805,250.5485|65:199.6453,227.2908,197.8247,200.2824,250.0558|6:270.5582,252.5912,207.9480,233.0082,247.2569|131:299.5923,230.1479,221.7671,240.0010,226.7753|119:222.8650,219.7700,218.0570,214.9377,266.0715|96:265.5863,252.5319,407.6982,407.9536,234.3109|162:295.0611,421.4914,271.5880,271.5619,269.7379|0:358.6089,236.7917,295.4549,259.9149,245.0177",1,1,1,1,1,True,False,8,8,2,1
87|157|149|109|143|114|117|2|88|145|166|141|65|6|131|119|96|162|107|0,87|157|149|109|143|114|117|2|88|145|166|141|65|6|131|119|96|162|107|0,0,22,1,107,18,1,107,18,1,1,13,10,331.50250244140625,331.50250244140625,,,cluster_too_small,0,0,,,,,,,,,,,,,,,,,,,0,,,,,,0,,,,,,0,,,,,,0,,,,,,0,,,,,,0,,,,,,0,,,,,,0,,,,,,1,331.50250244140625,331.50250244140625,331.50250244140625,331.50250244140625,0.0,,,"107:343.8730,335.3205,444.1082,337.3147,331.5025",0,0,1,1,1,,,9,9,2,1
87|157|149|109|143|114|117|2|88|145|166|141|65|6|131|119|96|162|107|0,87|157|149|109|143|114|117|2|88|145|166|141|65|6|131|119|96|162|107|0,0,22,2,87|157|149|109|143|114|117|2|88|145|166|141|65|6|131|119|96|162|0,0|1|2|3|4|5|6|7|8|9|10|11|12|13|14|15|16|17|19,19,87|157|149|109|143|114|117|2|88|145|166|141|65|6|131|119|96|162|0,0|1|2|3|4|5|6|7|8|9|10|11|12|13|14|15|16|17|19,19,1,13,10,162.97030639648438,344.38714599609375,166.72056884765624,397.880322265625,eligible,0,0,,,,,,,,,,,,,,,,,,,0,,,,,,0,,,,,,0,,,,,,0,,,,,,0,,,,,,0,,,,,,0,,,,,,0,,,,,,19,209.74685668945312,240.05658601459703,231.6877899169922,344.38714599609375,31.867508941116515,,,"87:278.2923,289.6296,371.5066,250.0065,231.2436|157:292.8372,302.1290,308.1818,239.8017,221.0832|149:242.9935,306.2757,323.2099,280.3415,209.7469|109:244.8442,223.1922,237.5277,220.2934,239.5887|143:220.7874,218.7557,249.3577,289.3758,236.2380|114:209.4963,245.6887,233.5571,242.7664,212.4856|117:233.2220,255.2257,210.7129,256.4447,228.2222|2:220.2836,205.9242,223.4440,255.0380,230.1443|88:199.8895,212.5574,221.5318,211.0176,240.9454|145:229.8621,210.1371,226.1854,225.7858,231.6878|166:224.9710,253.2298,228.1699,203.5860,222.0379|141:240.0917,256.2877,222.5805,250.5485,212.4247|65:227.2908,197.8247,200.2824,250.0558,234.3610|6:252.5912,207.9480,233.0082,247.2569,238.5989|131:230.1479,221.7671,240.0010,226.7753,265.6662|119:219.7700,218.0570,214.9377,266.0715,209.8199|96:252.5319,407.6982,407.9536,234.3109,344.3871|162:421.4914,271.5880,271.5619,269.7379,257.9648|0:236.7917,295.4549,259.9149,245.0177,294.4290",1,1,1,1,1,True,False,9,9,2,1
87|157|149|109|143|114|117|2|88|145|166|141|65|6|131|119|96|162|107|0,87|157|149|109|143|114|117|2|88|145|166|141|65|6|131|119|96|162|107|0,0,23,1,107,18,1,107,18,1,1,13,11,348.38824462890625,348.38824462890625,,,cluster_too_small,0,0,,,,,,,,,,,,,,,,,,,0,,,,,,0,,,,,,0,,,,,,0,,,,,,0,,,,,,0,,,,,,0,,,,,,0,,,,,,1,348.38824462890625,348.38824462890625,348.38824462890625,348.38824462890625,0.0,,,"107:335.3205,444.1082,337.3147,331.5025,348.3882",0,0,1,1,1,,,10,10,2,1
87|157|149|109|143|114|117|2|88|145|166|141|65|6|131|119|96|162|107|0,87|157|149|109|143|114|117|2|88|145|166|141|65|6|131|119|96|162|107|0,0,23,2,87|157|149|109|143|114|117|2|88|145|166|141|65|6|131|119|96|162|0,0|1|2|3|4|5|6|7|8|9|10|11|12|13|14|15|16|17|19,19,87|157|149|109|143|114|117|2|88|145|166|141|65|6|131|119|96|162|0,0|1|2|3|4|5|6|7|8|9|10|11|12|13|14|15|16|17|19,19,1,13,11,166.6386260986328,352.0309143066406,166.04906616210937,378.2446044921875,eligible,0,0,,,,,,,,,,,,,,,,,,,0,,,,,,0,,,,,,0,,,,,,0,,,,,,0,,,,,,0,,,,,,0,,,,,,0,,,,,,19,200.89181518554688,257.58726099917766,247.13046264648438,352.0309143066406,40.4903536785765,,,"87:289.6296,371.5066,250.0065,231.2436,269.9489|157:302.1290,308.1818,239.8017,221.0832,294.2087|149:306.2757,323.2099,280.3415,209.7469,219.2734|109:223.1922,237.5277,220.2934,239.5887,315.4336|143:218.7557,249.3577,289.3758,236.2380,229.0436|114:245.6887,233.5571,242.7664,212.4856,261.5664|117:255.2257,210.7129,256.4447,228.2222,271.1923|2:205.9242,223.4440,255.0380,230.1443,210.9048|88:212.5574,221.5318,211.0176,240.9454,243.5108|145:210.1371,226.1854,225.7858,231.6878,330.6432|166:253.2298,228.1699,203.5860,222.0379,232.7347|141:256.2877,222.5805,250.5485,212.4247,200.8918|65:197.8247,200.2824,250.0558,234.3610,222.0042|6:207.9480,233.0082,247.2569,238.5989,269.1426|131:221.7671,240.0010,226.7753,265.6662,247.1305|119:218.0570,214.9377,266.0715,209.8199,233.6056|96:407.6982,407.9536,234.3109,344.3871,267.5931|162:271.5880,271.5619,269.7379,257.9648,223.2989|0:295.4549,259.9149,245.0177,294.4290,352.0309",1,1,1,1,1,False,False,10,10,2,1
87|157|149|109|143|114|117|2|88|145|166|141|65|6|131|119|96|162|107|0,87|157|149|109|143|114|117|2|88|145|166|141|65|6|131|119|96|162|107|0,0,24,1,107,18,1,107,18,1,1,13,12,364.9445495605469,364.9445495605469,,,cluster_too_small,0,0,,,,,,,,,,,,,,,,,,,0,,,,,,0,,,,,,0,,,,,,0,,,,,,0,,,,,,0,,,,,,0,,,,,,0,,,,,,1,364.9445495605469,364.9445495605469,364.9445495605469,364.9445495605469,0.0,,,"107:444.1082,337.3147,331.5025,348.3882,364.9445",0,0,1,1,1,,,11,11,2,1
87|157|149|109|143|114|117|2|88|145|166|141|65|6|131|119|96|162|107|0,87|157|149|109|143|114|117|2|88|145|166|141|65|6|131|119|96|162|107|0,0,24,2,87|157|149|109|143|114|117|2|88|145|166|141|65|6|131|119|96|162|0,0|1|2|3|4|5|6|7|8|9|10|11|12|13|14|15|16|17|19,19,87|157|149|109|143|114|117|2|88|145|166|141|65|6|131|119|96|162|0,0|1|2|3|4|5|6|7|8|9|10|11|12|13|14|15|16|17|19,19,1,13,12,164.08853149414062,347.5211181640625,166.26636505126953,358.60888671875,eligible,0,0,,,,,,,,,,,,,,,,,,,0,,,,,,0,,,,,,0,,,,,,0,,,,,,0,,,,,,0,,,,,,0,,,,,,0,,,,,,19,206.4697723388672,254.29478615208677,249.0123291015625,347.5211181640625,36.43115219187681,,,"87:371.5066,250.0065,231.2436,269.9489,255.8554|157:308.1818,239.8017,221.0832,294.2087,249.0123|149:323.2099,280.3415,209.7469,219.2734,247.3438|109:237.5277,220.2934,239.5887,315.4336,347.5211|143:249.3577,289.3758,236.2380,229.0436,277.0333|114:233.5571,242.7664,212.4856,261.5664,236.1637|117:210.7129,256.4447,228.2222,271.1923,206.4698|2:223.4440,255.0380,230.1443,210.9048,227.4409|88:221.5318,211.0176,240.9454,243.5108,209.7850|145:226.1854,225.7858,231.6878,330.6432,234.1722|166:228.1699,203.5860,222.0379,232.7347,260.1804|141:222.5805,250.5485,212.4247,200.8918,208.2205|65:200.2824,250.0558,234.3610,222.0042,289.9059|6:233.0082,247.2569,238.5989,269.1426,279.1839|131:240.0010,226.7753,265.6662,247.1305,231.9711|119:214.9377,266.0715,209.8199,233.6056,217.5018|96:407.9536,234.3109,344.3871,267.5931,307.9061|162:271.5619,269.7379,257.9648,223.2989,292.1857|0:259.9149,245.0177,294.4290,352.0309,253.7479",1,1,1,1,1,True,False,11,11,2,1
87|157|149|109|143|114|117|2|88|145|166|141|65|6|131|119|96|162|107|0,87|157|149|109|143|114|117|2|88|145|166|141|65|6|131|119|96|162|107|0,0,25,1,107,18,1,107,18,1,1,13,13,289.9894104003906,289.9894104003906,,,cluster_too_small,0,0,,,,,,,,,,,,,,,,,,,0,,,,,,0,,,,,,0,,,,,,0,,,,,,0,,,,,,0,,,,,,0,,,,,,0,,,,,,1,289.9894104003906,289.9894104003906,289.9894104003906,289.9894104003906,0.0,,,"107:337.3147,331.5025,348.3882,364.9445,289.9894",0,0,1,1,1,,,12,12,2,1
87|157|149|109|143|114|117|2|88|145|166|141|65|6|131|119|96|162|107|0,87|157|149|109|143|114|117|2|88|145|166|141|65|6|131|119|96|162|107|0,0,25,2,87|157|149|109|143|114|117|2|88|145|166|141|65|6|131|119|96|162|0,0|1|2|3|4|5|6|7|8|9|10|11|12|13|14|15|16|17|19,19,87|157|149|109|143|114|117|2|88|145|166|141|65|6|131|119|96|162|0,0|1|2|3|4|5|6|7|8|9|10|11|12|13|14|15|16|17|19,19,1,13,13,168.1767578125,380.7159729003906,165.8179504394531,355.9776977539062,eligible,0,0,,,,,,,,,,,,,,,,,,,0,,,,,,0,,,,,,0,,,,,,0,,,,,,0,,,,,,0,,,,,,0,,,,,,0,,,,,,19,195.81410217285156,244.807960911801,232.2666778564453,380.7159729003906,40.26410183166972,,,"87:250.0065,231.2436,269.9489,255.8554,218.9305|157:239.8017,221.0832,294.2087,249.0123,228.0073|149:280.3415,209.7469,219.2734,247.3438,268.8517|109:220.2934,239.5887,315.4336,347.5211,253.8027|143:289.3758,236.2380,229.0436,277.0333,232.2667|114:242.7664,212.4856,261.5664,236.1637,210.2563|117:256.4447,228.2222,271.1923,206.4698,231.3327|2:255.0380,230.1443,210.9048,227.4409,212.0783|88:211.0176,240.9454,243.5108,209.7850,195.8141|145:225.7858,231.6878,330.6432,234.1722,217.9319|166:203.5860,222.0379,232.7347,260.1804,216.5629|141:250.5485,212.4247,200.8918,208.2205,226.1750|65:250.0558,234.3610,222.0042,289.9059,249.0461|6:247.2569,238.5989,269.1426,279.1839,250.0605|131:226.7753,265.6662,247.1305,231.9711,267.2253|119:266.0715,209.8199,233.6056,217.5018,243.9894|96:234.3109,344.3871,267.5931,307.9061,246.0598|162:269.7379,257.9648,223.2989,292.1857,302.2442|0:245.0177,294.4290,352.0309,253.7479,380.7160",1,1,1,1,1,False,True,12,12,2,1
87|157|149|109|143|114|117|2|88|145|166|141|65|6|131|119|96|162|107|0,87|157|149|109|143|114|117|2|88|145|166|141|65|6|131|119|96|162|107|0,0,26,1,107,18,1,107,18,1,1,13,14,370.5661926269531,370.5661926269531,,,cluster_too_small,0,0,,,,,,,,,,,,,,,,,,,0,,,,,,0,,,,,,0,,,,,,0,,,,,,0,,,,,,0,,,,,,0,,,,,,0,,,,,,1,370.5661926269531,370.5661926269531,370.5661926269531,370.5661926269531,0.0,,,"107:331.5025,348.3882,364.9445,289.9894,370.5662",0,0,1,1,1,,,13,13,2,1
87|157|149|109|143|114|117|2|88|145|166|141|65|6|131|119|96|162|107|0,87|157|149|109|143|114|117|2|88|145|166|141|65|6|131|119|96|162|107|0,0,26,2,87|157|149|109|143|114|117|2|88|145|166|141|65|6|131|119|96|162|0,0|1|2|3|4|5|6|7|8|9|10|11|12|13|14|15|16|17|19,19,87|157|149|109|143|114|117|2|88|145|166|141|65|6|131|119|96|162|0,0|1|2|3|4|5|6|7|8|9|10|11|12|13|14|15|16|17|19,19,1,13,14,162.82752990722656,345.59149169921875,166.04300842285156,363.0303039550781,eligible,0,0,,,,,,,,,,,,,,,,,,,0,,,,,,0,,,,,,0,,,,,,0,,,,,,0,,,,,,0,,,,,,0,,,,,,0,,,,,,19,195.67025756835938,246.8797567267167,230.99234008789062,345.59149169921875,41.37547537272947,,,"87:231.2436,269.9489,255.8554,218.9305,280.4529|157:221.0832,294.2087,249.0123,228.0073,230.7764|149:209.7469,219.2734,247.3438,268.8517,238.1346|109:239.5887,315.4336,347.5211,253.8027,230.5655|143:236.2380,229.0436,277.0333,232.2667,230.9923|114:212.4856,261.5664,236.1637,210.2563,216.8383|117:228.2222,271.1923,206.4698,231.3327,241.3262|2:230.1443,210.9048,227.4409,212.0783,244.0718|88:240.9454,243.5108,209.7850,195.8141,218.6429|145:231.6878,330.6432,234.1722,217.9319,214.2530|166:222.0379,232.7347,260.1804,216.5629,195.6703|141:212.4247,200.8918,208.2205,226.1750,227.3109|65:234.3610,222.0042,289.9059,249.0461,234.1134|6:238.5989,269.1426,279.1839,250.0605,224.7558|131:265.6662,247.1305,231.9711,267.2253,233.7727|119:209.8199,233.6056,217.5018,243.9894,224.9347|96:344.3871,267.5931,307.9061,246.0598,321.6660|162:257.9648,223.2989,292.1857,302.2442,336.8461|0:294.4290,352.0309,253.7479,380.7160,345.5915",1,1,1,1,1,True,False,13,13,2,1
87|157|149|109|143|114|117|2|88|145|166|141|65|6|131|119|96|162|107|0,87|157|149|109|143|114|117|2|88|145|166|141|65|6|131|119|96|162|107|0,0,27,1,107,18,1,107,18,1,1,13,15,371.8580017089844,371.8580017089844,,,cluster_too_small,0,0,,,,,,,,,,,,,,,,,,,0,,,,,,0,,,,,,0,,,,,,0,,,,,,0,,,,,,0,,,,,,0,,,,,,0,,,,,,1,371.8580017089844,371.8580017089844,371.8580017089844,371.8580017089844,0.0,,,"107:348.3882,364.9445,289.9894,370.5662,371.8580",0,0,1,1,1,,,14,14,2,1
87|157|149|109|143|114|117|2|88|145|166|141|65|6|131|119|96|162|107|0,87|157|149|109|143|114|117|2|88|145|166|141|65|6|131|119|96|162|107|0,0,27,2,87|157|149|109|143|114|117|2|88|145|166|141|65|6|131|119|96|162|0,0|1|2|3|4|5|6|7|8|9|10|11|12|13|14|15|16|17|19,19,87|157|149|109|143|114|117|2|88|145|166|141|65|6|131|119|96|162|0,0|1|2|3|4|5|6|7|8|9|10|11|12|13|14|15|16|17|19,19,1,13,15,162.11825561523438,318.66925048828125,165.66564331054687,357.2932922363281,eligible,0,0,,,,,,,,,,,,,,,,,,,0,,,,,,0,,,,,,0,,,,,,0,,,,,,0,,,,,,0,,,,,,0,,,,,,0,,,,,,19,204.74179077148438,248.87633313630758,244.50462341308594,318.66925048828125,29.997268252690773,,,"87:269.9489,255.8554,218.9305,280.4529,268.8480|157:294.2087,249.0123,228.0073,230.7764,207.3382|149:219.2734,247.3438,268.8517,238.1346,277.7218|109:315.4336,347.5211,253.8027,230.5655,235.6468|143:229.0436,277.0333,232.2667,230.9923,221.8171|114:261.5664,236.1637,210.2563,216.8383,258.7439|117:271.1923,206.4698,231.3327,241.3262,254.0082|2:210.9048,227.4409,212.0783,244.0718,219.8703|88:243.5108,209.7850,195.8141,218.6429,204.7418|145:330.6432,234.1722,217.9319,214.2530,216.0178|166:232.7347,260.1804,216.5629,195.6703,244.5046|141:200.8918,208.2205,226.1750,227.3109,250.8277|65:222.0042,289.9059,249.0461,234.1134,232.9120|6:269.1426,279.1839,250.0605,224.7558,268.2048|131:247.1305,231.9711,267.2253,233.7727,233.3929|119:233.6056,217.5018,243.9894,224.9347,240.6617|96:267.5931,307.9061,246.0598,321.6660,272.3814|162:223.2989,292.1857,302.2442,336.8461,302.3422|0:352.0309,253.7479,380.7160,345.5915,318.6693",1,1,1,1,1,True,False,14,14,2,1
87|157|149|109|143|114|117|2|88|145|166|141|65|6|131|119|96|162|107|0,87|157|149|109|143|114|117|2|88|145|166|141|65|6|131|119|96|162|107|0,0,28,1,107,18,1,107,18,1,1,13,16,347.3832702636719,347.3832702636719,,,cluster_too_small,0,0,,,,,,,,,,,,,,,,,,,0,,,,,,0,,,,,,0,,,,,,0,,,,,,0,,,,,,0,,,,,,0,,,,,,0,,,,,,1,347.3832702636719,347.3832702636719,347.3832702636719,347.3832702636719,0.0,,,"107:364.9445,289.9894,370.5662,371.8580,347.3833",0,0,1,1,1,,,15,15,2,1
87|157|149|109|143|114|117|2|88|145|166|141|65|6|131|119|96|162|107|0,87|157|149|109|143|114|117|2|88|145|166|141|65|6|131|119|96|162|107|0,0,28,2,87|157|149|109|143|114|117|2|88|145|166|141|65|6|131|119|96|162|0,0|1|2|3|4|5|6|7|8|9|10|11|12|13|14|15|16|17|19,19,87|157|149|109|143|114|117|2|88|145|166|141|65|6|131|119|96|162|0,0|1|2|3|4|5|6|7|8|9|10|11|12|13|14|15|16|17|19,19,1,13,16,167.45347595214844,373.24603271484375,165.34700927734374,354.6621032714844,eligible,0,0,,,,,,,,,,,,,,,,,,,0,,,,,,0,,,,,,0,,,,,,0,,,,,,0,,,,,,0,,,,,,0,,,,,,0,,,,,,19,206.40896606445312,250.57151312577096,242.5475311279297,373.24603271484375,37.43006645868077,,,"87:255.8554,218.9305,280.4529,268.8480,242.5475|157:249.0123,228.0073,230.7764,207.3382,228.8224|149:247.3438,268.8517,238.1346,277.7218,253.4032|109:347.5211,253.8027,230.5655,235.6468,234.6348|143:277.0333,232.2667,230.9923,221.8171,235.0025|114:236.1637,210.2563,216.8383,258.7439,310.9278|117:206.4698,231.3327,241.3262,254.0082,247.6141|2:227.4409,212.0783,244.0718,219.8703,373.2460|88:209.7850,195.8141,218.6429,204.7418,241.2198|145:234.1722,217.9319,214.2530,216.0178,206.4090|166:260.1804,216.5629,195.6703,244.5046,219.1016|141:208.2205,226.1750,227.3109,250.8277,208.2345|65:289.9059,249.0461,234.1134,232.9120,223.1815|6:279.1839,250.0605,224.7558,268.2048,267.4193|131:231.9711,267.2253,233.7727,233.3929,253.4557|119:217.5018,243.9894,224.9347,240.6617,266.6866|96:307.9061,246.0598,321.6660,272.3814,259.8677|162:292.1857,302.2442,336.8461,302.3422,261.7901|0:253.7479,380.7160,345.5915,318.6693,227.2946",1,1,1,1,1,False,True,15,15,2,1
87|157|149|109|143|114|117|2|88|145|166|141|65|6|131|119|96|162|107|0,87|157|149|109|143|114|117|2|88|145|166|141|65|6|131|119|96|162|107|0,0,29,1,107,18,1,107,18,1,1,13,17,272.7451477050781,272.7451477050781,,,cluster_too_small,0,0,,,,,,,,,,,,,,,,,,,0,,,,,,0,,,,,,0,,,,,,0,,,,,,0,,,,,,0,,,,,,0,,,,,,0,,,,,,1,272.7451477050781,272.7451477050781,272.7451477050781,272.7451477050781,0.0,,,"107:289.9894,370.5662,371.8580,347.3833,272.7451",0,0,1,1,1,,,16,16,2,1
87|157|149|109|143|114|117|2|88|145|166|141|65|6|131|119|96|162|107|0,87|157|149|109|143|114|117|2|88|145|166|141|65|6|131|119|96|162|107|0,0,29,2,87|157|149|109|143|114|117|2|88|145|166|141|65|6|131|119|96|162|0,0|1|2|3|4|5|6|7|8|9|10|11|12|13|14|15|16|17|19,19,87|157|149|109|143|114|117|2|88|145|166|141|65|6|131|119|96|162|0,0|1|2|3|4|5|6|7|8|9|10|11|12|13|14|15|16|17|19,19,1,13,17,163.87515258789062,278.5394287109375,165.51333618164062,358.60888671875,eligible,0,0,,,,,,,,,,,,,,,,,,,0,,,,,,0,,,,,,0,,,,,,0,,,,,,0,,,,,,0,,,,,,0,,,,,,0,,,,,,19,194.08396911621094,237.74871344315378,235.46664428710938,278.5394287109375,20.596122353158016,,,"87:218.9305,280.4529,268.8480,242.5475,277.5594|157:228.0073,230.7764,207.3382,228.8224,235.6436|149:268.8517,238.1346,277.7218,253.4032,220.5390|109:253.8027,230.5655,235.6468,234.6348,253.8863|143:232.2667,230.9923,221.8171,235.0025,241.2083|114:210.2563,216.8383,258.7439,310.9278,238.1056|117:231.3327,241.3262,254.0082,247.6141,224.9750|2:212.0783,244.0718,219.8703,373.2460,221.9804|88:195.8141,218.6429,204.7418,241.2198,252.8747|145:217.9319,214.2530,216.0178,206.4090,194.0840|166:216.5629,195.6703,244.5046,219.1016,226.8280|141:226.1750,227.3109,250.8277,208.2345,230.7282|65:249.0461,234.1134,232.9120,223.1815,218.4819|6:250.0605,224.7558,268.2048,267.4193,235.4666|131:267.2253,233.7727,233.3929,253.4557,253.9637|119:243.9894,224.9347,240.6617,266.6866,223.7505|96:246.0598,321.6660,272.3814,259.8677,261.6386|162:302.2442,336.8461,302.3422,261.7901,278.5394|0:380.7160,345.5915,318.6693,227.2946,226.9723",1,1,1,1,1,True,False,16,16,2,1
87|157|149|109|143|114|117|2|88|145|166|141|65|6|131|119|96|162|107|0,87|157|149|109|143|114|117|2|88|145|166|141|65|6|131|119|96|162|107|0,0,30,1,107,18,1,107,18,1,1,13,18,342.8419189453125,342.8419189453125,,,cluster_too_small,0,0,,,,,,,,,,,,,,,,,,,0,,,,,,0,,,,,,0,,,,,,0,,,,,,0,,,,,,0,,,,,,0,,,,,,0,,,,,,1,342.8419189453125,342.8419189453125,342.8419189453125,342.8419189453125,0.0,,,"107:370.5662,371.8580,347.3833,272.7451,342.8419",0,0,1,1,1,,,17,17,2,1
87|157|149|109|143|114|117|2|88|145|166|141|65|6|131|119|96|162|107|0,87|157|149|109|143|114|117|2|88|145|166|141|65|6|131|119|96|162|107|0,0,30,2,87|157|149|109|143|114|117|2|88|145|166|141|65|6|131|119|96|162|0,0|1|2|3|4|5|6|7|8|9|10|11|12|13|14|15|16|17|19,19,87|157|149|109|143|114|117|2|88|145|166|141|65|6|131|119|96|162|0,0|1|2|3|4|5|6|7|8|9|10|11|12|13|14|15|16|17|19,19,1,13,18,164.30125427246094,287.4083251953125,165.22879638671876,355.9776977539062,eligible,0,0,,,,,,,,,,,,,,,,,,,0,,,,,,0,,,,,,0,,,,,,0,,,,,,0,,,,,,0,,,,,,0,,,,,,0,,,,,,19,198.4044189453125,242.2737394634046,243.77667236328125,287.4083251953125,23.24793412188513,,,"87:280.4529,268.8480,242.5475,277.5594,237.4936|157:230.7764,207.3382,228.8224,235.6436,251.8814|149:238.1346,277.7218,253.4032,220.5390,250.2398|109:230.5655,235.6468,234.6348,253.8863,223.8918|143:230.9923,221.8171,235.0025,241.2083,259.4724|114:216.8383,258.7439,310.9278,238.1056,246.2626|117:241.3262,254.0082,247.6141,224.9750,216.2549|2:244.0718,219.8703,373.2460,221.9804,215.6323|88:218.6429,204.7418,241.2198,252.8747,210.5202|145:214.2530,216.0178,206.4090,194.0840,218.9805|166:195.6703,244.5046,219.1016,226.8280,198.4044|141:227.3109,250.8277,208.2345,230.7282,243.6377|65:234.1134,232.9120,223.1815,218.4819,238.1991|6:224.7558,268.2048,267.4193,235.4666,287.4083|131:233.7727,233.3929,253.4557,253.9637,243.7767|119:224.9347,240.6617,266.6866,223.7505,252.4218|96:321.6660,272.3814,259.8677,261.6386,277.0514|162:336.8461,302.3422,261.7901,278.5394,258.8421|0:345.5915,318.6693,227.2946,226.9723,272.8301",1,1,1,1,1,True,False,17,17,2,1
87|157|149|109|143|114|117|2|88|145|166|141|65|6|131|119|96|162|107|0,87|157|149|109|143|114|117|2|88|145|166|141|65|6|131|119|96|162|107|0,0,31,1,107,18,1,107,18,1,1,13,19,431.9599609375,431.9599609375,,,cluster_too_small,0,0,,,,,,,,,,,,,,,,,,,0,,,,,,0,,,,,,0,,,,,,0,,,,,,0,,,,,,0,,,,,,0,,,,,,0,,,,,,1,431.9599609375,431.9599609375,431.9599609375,431.9599609375,0.0,,,"107:371.8580,347.3833,272.7451,342.8419,431.9600",0,0,1,1,1,,,18,18,2,1
87|157|149|109|143|114|117|2|88|145|166|141|65|6|131|119|96|162|107|0,87|157|149|109|143|114|117|2|88|145|166|141|65|6|131|119|96|162|107|0,0,31,2,87|157|149|109|143|114|117|2|88|145|166|141|65|6|131|119|96|162|0,0|1|2|3|4|5|6|7|8|9|10|11|12|13|14|15|16|17|19,19,87|157|149|109|143|114|117|2|88|145|166|141|65|6|131|119|96|162|0,0|1|2|3|4|5|6|7|8|9|10|11|12|13|14|15|16|17|19,19,1,13,19,165.71231079101562,336.018798828125,164.95781478881835,353.3465087890625,eligible,0,0,,,,,,,,,,,,,,,,,,,0,,,,,,0,,,,,,0,,,,,,0,,,,,,0,,,,,,0,,,,,,0,,,,,,0,,,,,,19,196.24949645996094,247.3697052001953,240.03955078125,336.018798828125,35.49896122973464,,,"87:268.8480,242.5475,277.5594,237.4936,221.4323|157:207.3382,228.8224,235.6436,251.8814,238.6460|149:277.7218,253.4032,220.5390,250.2398,231.2630|109:235.6468,234.6348,253.8863,223.8918,245.5021|143:221.8171,235.0025,241.2083,259.4724,253.5968|114:258.7439,310.9278,238.1056,246.2626,246.0977|117:254.0082,247.6141,224.9750,216.2549,336.0188|2:219.8703,373.2460,221.9804,215.6323,235.7339|88:204.7418,241.2198,252.8747,210.5202,196.2495|145:216.0178,206.4090,194.0840,218.9805,246.2614|166:244.5046,219.1016,226.8280,198.4044,215.6261|141:250.8277,208.2345,230.7282,243.6377,213.7317|65:232.9120,223.1815,218.4819,238.1991,242.9381|6:268.2048,267.4193,235.4666,287.4083,240.0396|131:233.3929,253.4557,253.9637,243.7767,237.1339|119:240.6617,266.6866,223.7505,252.4218,228.1503|96:272.3814,259.8677,261.6386,277.0514,301.3612|162:302.3422,261.7901,278.5394,258.8421,328.8847|0:318.6693,227.2946,226.9723,272.8301,241.3572",1,1,1,1,1,False,False,18,18,2,1
87|157|149|109|143|114|117|2|88|145|166|141|65|6|131|119|96|162|107|0,87|157|149|109|143|114|117|2|88|145|166|141|65|6|131|119|96|162|107|0,0,32,1,107,18,1,107,18,1,1,13,20,498.1506042480469,498.1506042480469,,,cluster_too_small,0,0,,,,,,,,,,,,,,,,,,,0,,,,,,0,,,,,,0,,,,,,0,,,,,,0,,,,,,0,,,,,,0,,,,,,0,,,,,,1,498.1506042480469,498.1506042480469,498.1506042480469,498.1506042480469,0.0,,,"107:347.3833,272.7451,342.8419,431.9600,498.1506",0,0,1,1,1,,,19,19,2,1
87|157|149|109|143|114|117|2|88|145|166|141|65|6|131|119|96|162|107|0,87|157|149|109|143|114|117|2|88|145|166|141|65|6|131|119|96|162|107|0,0,32,2,87|157|149|109|143|114|117|2|88|145|166|141|65|6|131|119|96|162|0,0|1|2|3|4|5|6|7|8|9|10|11|12|13|14|15|16|17|19,19,87|157|149|109|143|114|117|2|88|145|166|141|65|6|131|119|96|162|0,0|1|2|3|4|5|6|7|8|9|10|11|12|13|14|15|16|17|19,19,1,13,20,163.2271270751953,322.48602294921875,165.11058349609374,351.128955078125,eligible,0,0,,,,,,,,,,,,,,,,,,,0,,,,,,0,,,,,,0,,,,,,0,,,,,,0,,,,,,0,,,,,,0,,,,,,0,,,,,,19,205.56495666503906,249.80304035387542,239.40005493164062,322.48602294921875,28.72583710740459,,,"87:242.5475,277.5594,237.4936,221.4323,233.9514|157:228.8224,235.6436,251.8814,238.6460,236.6456|149:253.4032,220.5390,250.2398,231.2630,257.1116|109:234.6348,253.8863,223.8918,245.5021,322.4860|143:235.0025,241.2083,259.4724,253.5968,234.3991|114:310.9278,238.1056,246.2626,246.0977,276.3272|117:247.6141,224.9750,216.2549,336.0188,257.6467|2:373.2460,221.9804,215.6323,235.7339,238.0586|88:241.2198,252.8747,210.5202,196.2495,239.4001|145:206.4090,194.0840,218.9805,246.2614,205.5650|166:219.1016,226.8280,198.4044,215.6261,207.4534|141:208.2345,230.7282,243.6377,213.7317,232.7235|65:223.1815,218.4819,238.1991,242.9381,239.8991|6:267.4193,235.4666,287.4083,240.0396,284.7141|131:253.4557,253.9637,243.7767,237.1339,268.4146|119:266.6866,223.7505,252.4218,228.1503,227.4478|96:259.8677,261.6386,277.0514,301.3612,249.6565|162:261.7901,278.5394,258.8421,328.8847,297.6755|0:227.2946,226.9723,272.8301,241.3572,236.6819",1,1,1,1,1,True,False,19,19,2,1
87|157|149|109|143|114|117|2|88|145|166|141|65|6|131|119|96|162|107|0,87|157|149|109|143|114|117|2|88|145|166|141|65|6|131|119|96|162|107|0,0,33,1,107,18,1,107,18,1,1,13,21,439.7467956542969,439.7467956542969,,,cluster_too_small,0,0,,,,,,,,,,,,,,,,,,,0,,,,,,0,,,,,,0,,,,,,0,,,,,,0,,,,,,0,,,,,,0,,,,,,0,,,,,,1,439.7467956542969,439.7467956542969,439.7467956542969,439.7467956542969,0.0,,,"107:272.7451,342.8419,431.9600,498.1506,439.7468",0,0,1,1,1,,,20,20,2,1
87|157|149|109|143|114|117|2|88|145|166|141|65|6|131|119|96|162|107|0,87|157|149|109|143|114|117|2|88|145|166|141|65|6|131|119|96|162|107|0,0,33,2,87|157|149|109|143|114|117|2|88|145|166|141|65|6|131|119|96|162|0,0|1|2|3|4|5|6|7|8|9|10|11|12|13|14|15|16|17|19,19,87|157|149|109|143|114|117|2|88|145|166|141|65|6|131|119|96|162|0,0|1|2|3|4|5|6|7|8|9|10|11|12|13|14|15|16|17|19,19,1,13,21,161.25274658203125,295.60986328125,164.750479888916,349.3250366210938,eligible,0,0,,,,,,,,,,,,,,,,,,,0,,,,,,0,,,,,,0,,,,,,0,,,,,,0,,,,,,0,,,,,,0,,,,,,0,,,,,,19,193.8434600830078,239.16427853232935,236.8220672607422,295.60986328125,25.84315297998238,,,"87:277.5594,237.4936,221.4323,233.9514,246.0650|157:235.6436,251.8814,238.6460,236.6456,234.3766|149:220.5390,250.2398,231.2630,257.1116,256.8019|109:253.8863,223.8918,245.5021,322.4860,243.4151|143:241.2083,259.4724,253.5968,234.3991,291.5757|114:238.1056,246.2626,246.0977,276.3272,249.3286|117:224.9750,216.2549,336.0188,257.6467,205.4062|2:221.9804,215.6323,235.7339,238.0586,213.4219|88:252.8747,210.5202,196.2495,239.4001,214.4884|145:194.0840,218.9805,246.2614,205.5650,243.9577|166:226.8280,198.4044,215.6261,207.4534,248.6573|141:230.7282,243.6377,213.7317,232.7235,193.8435|65:218.4819,238.1991,242.9381,239.8991,223.7020|6:235.4666,287.4083,240.0396,284.7141,236.8221|131:253.9637,243.7767,237.1339,268.4146,234.9552|119:223.7505,252.4218,228.1503,227.4478,225.8773|96:261.6386,277.0514,301.3612,249.6565,267.4882|162:278.5394,258.8421,328.8847,297.6755,295.6099|0:226.9723,272.8301,241.3572,236.6819,218.3289",1,1,1,1,1,True,False,20,20,2,1
87|157|149|109|143|114|117|2|88|145|166|141|65|6|131|119|96|162|107|0,87|157|149|109|143|114|117|2|88|145|166|141|65|6|131|119|96|162|107|0,0,34,1,107,18,1,107,18,1,1,13,22,393.8196105957031,393.8196105957031,,,cluster_too_small,0,0,,,,,,,,,,,,,,,,,,,0,,,,,,0,,,,,,0,,,,,,0,,,,,,0,,,,,,0,,,,,,0,,,,,,0,,,,,,1,393.8196105957031,393.8196105957031,393.8196105957031,393.8196105957031,0.0,,,"107:342.8419,431.9600,498.1506,439.7468,393.8196",0,0,1,1,1,,,21,21,2,1
87|157|149|109|143|114|117|2|88|145|166|141|65|6|131|119|96|162|107|0,87|157|149|109|143|114|117|2|88|145|166|141|65|6|131|119|96|162|107|0,0,34,2,87|157|149|109|143|114|117|2|88|145|166|141|65|6|131|119|96|162|0,0|1|2|3|4|5|6|7|8|9|10|11|12|13|14|15|16|17|19,19,87|157|149|109|143|114|117|2|88|145|166|141|65|6|131|119|96|162|0,0|1|2|3|4|5|6|7|8|9|10|11|12|13|14|15|16|17|19,19,1,13,22,165.90328979492188,357.5378723144531,164.30125427246094,347.5211181640625,eligible,0,0,,,,,,,,,,,,,,,,,,,0,,,,,,0,,,,,,0,,,,,,0,,,,,,0,,,,,,0,,,,,,0,,,,,,0,,,,,,19,198.1595916748047,242.73029206928453,228.73919677734375,357.5378723144531,42.49480855062463,,,"87:237.4936,221.4323,233.9514,246.0650,266.2251|157:251.8814,238.6460,236.6456,234.3766,265.1292|149:250.2398,231.2630,257.1116,256.8019,297.6602|109:223.8918,245.5021,322.4860,243.4151,273.8456|143:259.4724,253.5968,234.3991,291.5757,275.8488|114:246.2626,246.0977,276.3272,249.3286,233.7525|117:216.2549,336.0188,257.6467,205.4062,209.5975|2:215.6323,235.7339,238.0586,213.4219,212.6010|88:210.5202,196.2495,239.4001,214.4884,198.1596|145:218.9805,246.2614,205.5650,243.9577,236.3019|166:198.4044,215.6261,207.4534,248.6573,199.2119|141:243.6377,213.7317,232.7235,193.8435,204.1076|65:238.1991,242.9381,239.8991,223.7020,215.4040|6:287.4083,240.0396,284.7141,236.8221,208.9495|131:243.7767,237.1339,268.4146,234.9552,228.7392|119:252.4218,228.1503,227.4478,225.8773,204.5685|96:277.0514,301.3612,249.6565,267.4882,357.5379|162:258.8421,328.8847,297.6755,295.6099,222.1034|0:272.8301,241.3572,236.6819,218.3289,302.1321",1,1,1,1,1,False,True,21,21,2,1
87|157|149|109|143|114|117|2|88|145|166|141|65|6|131|119|96|162|107|0,87|157|149|109|143|114|117|2|88|145|166|141|65|6|131|119|96|162|107|0,0,35,1,107,18,1,107,18,1,1,13,23,314.3412780761719,314.3412780761719,,,cluster_too_small,0,0,,,,,,,,,,,,,,,,,,,0,,,,,,0,,,,,,0,,,,,,0,,,,,,0,,,,,,0,,,,,,0,,,,,,0,,,,,,1,314.3412780761719,314.3412780761719,314.3412780761719,314.3412780761719,0.0,,,"107:431.9600,498.1506,439.7468,393.8196,314.3413",0,0,1,1,1,,,22,22,2,1
87|157|149|109|143|114|117|2|88|145|166|141|65|6|131|119|96|162|107|0,87|157|149|109|143|114|117|2|88|145|166|141|65|6|131|119|96|162|107|0,0,35,2,87|157|149|109|143|114|117|2|88|145|166|141|65|6|131|119|96|162|0,0|1|2|3|4|5|6|7|8|9|10|11|12|13|14|15|16|17|19,19,87|157|149|109|143|114|117|2|88|145|166|141|65|6|131|119|96|162|0,0|1|2|3|4|5|6|7|8|9|10|11|12|13|14|15|16|17|19,19,1,13,23,166.16192626953125,309.5500793457031,164.54314498901368,350.22699584960935,eligible,0,0,,,,,,,,,,,,,,,,,,,0,,,,,,0,,,,,,0,,,,,,0,,,,,,0,,,,,,0,,,,,,0,,,,,,0,,,,,,19,202.3472900390625,249.32918187191612,246.59259033203125,309.5500793457031,33.99918335670953,,,"87:221.4323,233.9514,246.0650,266.2251,214.5292|157:238.6460,236.6456,234.3766,265.1292,216.5514|149:231.2630,257.1116,256.8019,297.6602,273.6293|109:245.5021,322.4860,243.4151,273.8456,261.5466|143:253.5968,234.3991,291.5757,275.8488,242.6402|114:246.0977,276.3272,249.3286,233.7525,262.8971|117:336.0188,257.6467,205.4062,209.5975,219.8478|2:235.7339,238.0586,213.4219,212.6010,206.3029|88:196.2495,239.4001,214.4884,198.1596,202.3473|145:246.2614,205.5650,243.9577,236.3019,255.5878|166:215.6261,207.4534,248.6573,199.2119,213.4114|141:213.7317,232.7235,193.8435,204.1076,223.5670|65:242.9381,239.8991,223.7020,215.4040,275.9136|6:240.0396,284.7141,236.8221,208.9495,309.5501|131:237.1339,268.4146,234.9552,228.7392,308.0395|119:228.1503,227.4478,225.8773,204.5685,246.5926|96:301.3612,249.6565,267.4882,357.5379,267.7326|162:328.8847,297.6755,295.6099,222.1034,306.6464|0:241.3572,236.6819,218.3289,302.1321,229.9218",1,1,1,1,1,False,False,22,22,2,1
87|157|149|109|143|114|117|2|88|145|166|141|65|6|131|119|96|162|107|0,87|157|149|109|143|114|117|2|88|145|166|141|65|6|131|119|96|162|107|0,0,36,1,107,18,1,107,18,1,1,13,24,416.7985534667969,416.7985534667969,,,cluster_too_small,0,0,,,,,,,,,,,,,,,,,,,0,,,,,,0,,,,,,0,,,,,,0,,,,,,0,,,,,,0,,,,,,0,,,,,,0,,,,,,1,416.7985534667969,416.7985534667969,416.7985534667969,416.7985534667969,0.0,,,"107:498.1506,439.7468,393.8196,314.3413,416.7986",0,0,1,1,1,,,23,23,2,1
87|157|149|109|143|114|117|2|88|145|166|141|65|6|131|119|96|162|107|0,87|157|149|109|143|114|117|2|88|145|166|141|65|6|131|119|96|162|107|0,0,36,2,87|157|149|109|143|114|117|2|88|145|166|141|65|6|131|119|96|162|0,0|1|2|3|4|5|6|7|8|9|10|11|12|13|14|15|16|17|19,19,87|157|149|109|143|114|117|2|88|145|166|141|65|6|131|119|96|162|0,0|1|2|3|4|5|6|7|8|9|10|11|12|13|14|15|16|17|19,19,1,13,24,162.30825805664062,299.99273681640625,164.7850357055664,348.42307739257814,eligible,0,0,,,,,,,,,,,,,,,,,,,0,,,,,,0,,,,,,0,,,,,,0,,,,,,0,,,,,,0,,,,,,0,,,,,,0,,,,,,19,195.74273681640625,226.50248397024055,225.54171752929688,299.99273681640625,23.302321594220064,,,"87:233.9514,246.0650,266.2251,214.5292,203.0012|157:236.6456,234.3766,265.1292,216.5514,229.4082|149:257.1116,256.8019,297.6602,273.6293,209.1472|109:322.4860,243.4151,273.8456,261.5466,226.1592|143:234.3991,291.5757,275.8488,242.6402,210.3746|114:276.3272,249.3286,233.7525,262.8971,214.4567|117:257.6467,205.4062,209.5975,219.8478,209.1686|2:238.0586,213.4219,212.6010,206.3029,240.9124|88:239.4001,214.4884,198.1596,202.3473,195.7427|145:205.5650,243.9577,236.3019,255.5878,230.8670|166:207.4534,248.6573,199.2119,213.4114,214.4152|141:232.7235,193.8435,204.1076,223.5670,225.5417|65:239.8991,223.7020,215.4040,275.9136,216.2839|6:284.7141,236.8221,208.9495,309.5501,230.6805|131:268.4146,234.9552,228.7392,308.0395,215.6528|119:227.4478,225.8773,204.5685,246.5926,227.0879|96:249.6565,267.4882,357.5379,267.7326,237.2484|162:297.6755,295.6099,222.1034,306.6464,299.9927|0:236.6819,218.3289,302.1321,229.9218,267.4062",1,1,1,1,1,True,False,23,23,2,1
87|157|149|109|143|114|117|2|88|145|166|141|65|6|131|119|96|162|107|0,87|157|149|109|143|114|117|2|88|145|166|141|65|6|131|119|96|162|107|0,0,37,1,107,18,1,107,18,1,1,13,25,312.8297424316406,312.8297424316406,,,cluster_too_small,0,0,,,,,,,,,,,,,,,,,,,0,,,,,,0,,,,,,0,,,,,,0,,,,,,0,,,,,,0,,,,,,0,,,,,,0,,,,,,1,312.8297424316406,312.8297424316406,312.8297424316406,312.8297424316406,0.0,,,"107:439.7468,393.8196,314.3413,416.7986,312.8297",0,0,1,1,1,,,24,24,2,1
87|157|149|109|143|114|117|2|88|145|166|141|65|6|131|119|96|162|107|0,87|157|149|109|143|114|117|2|88|145|166|141|65|6|131|119|96|162|107|0,0,37,2,87|157|149|109|143|114|117|2|88|145|166|141|65|6|131|119|96|162|0,0|1|2|3|4|5|6|7|8|9|10|11|12|13|14|15|16|17|19,19,87|157|149|109|143|114|117|2|88|145|166|141|65|6|131|119|96|162|0,0|1|2|3|4|5|6|7|8|9|10|11|12|13|14|15|16|17|19,19,1,13,25,162.36378479003906,275.2438049316406,164.33581008911133,347.13519287109375,eligible,0,0,,,,,,,,,,,,,,,,,,,0,,,,,,0,,,,,,0,,,,,,0,,,,,,0,,,,,,0,,,,,,0,,,,,,0,,,,,,19,201.15298461914062,228.03166279039885,225.53778076171875,275.2438049316406,19.80856435032846,,,"87:246.0650,266.2251,214.5292,203.0012,229.1089|157:234.3766,265.1292,216.5514,229.4082,213.5994|149:256.8019,297.6602,273.6293,209.1472,233.3158|109:243.4151,273.8456,261.5466,226.1592,230.9359|143:291.5757,275.8488,242.6402,210.3746,259.8460|114:249.3286,233.7525,262.8971,214.4567,204.4878|117:205.4062,209.5975,219.8478,209.1686,225.5378|2:213.4219,212.6010,206.3029,240.9124,209.7260|88:214.4884,198.1596,202.3473,195.7427,223.7529|145:243.9577,236.3019,255.5878,230.8670,201.1530|166:248.6573,199.2119,213.4114,214.4152,214.5186|141:193.8435,204.1076,223.5670,225.5417,206.4385|65:223.7020,215.4040,275.9136,216.2839,220.3477|6:236.8221,208.9495,309.5501,230.6805,235.4448|131:234.9552,228.7392,308.0395,215.6528,265.3558|119:225.8773,204.5685,246.5926,227.0879,275.2438|96:267.4882,357.5379,267.7326,237.2484,227.8487|162:295.6099,222.1034,306.6464,299.9927,218.5929|0:218.3289,302.1321,229.9218,267.4062,237.3472",1,1,1,1,1,True,False,24,24,2,1
87|157|149|109|143|114|117|2|88|145|166|141|65|6|131|119|96|162|107|0,87|157|149|109|143|114|117|2|88|145|166|141|65|6|131|119|96|162|107|0,0,38,1,107,18,1,107,18,1,1,13,26,342.6628112792969,342.6628112792969,,,cluster_too_small,0,0,,,,,,,,,,,,,,,,,,,0,,,,,,0,,,,,,0,,,,,,0,,,,,,0,,,,,,0,,,,,,0,,,,,,0,,,,,,1,342.6628112792969,342.6628112792969,342.6628112792969,342.6628112792969,0.0,,,"107:393.8196,314.3413,416.7986,312.8297,342.6628",0,0,1,1,1,,,25,25,2,1
87|157|149|109|143|114|117|2|88|145|166|141|65|6|131|119|96|162|107|0,87|157|149|109|143|114|117|2|88|145|166|141|65|6|131|119|96|162|107|0,0,38,2,87|157|149|109|143|114|117|2|88|145|166|141|65|6|131|119|96|162|0,0|1|2|3|4|5|6|7|8|9|10|11|12|13|14|15|16|17|19,19,87|157|149|109|143|114|117|2|88|145|166|141|65|6|131|119|96|162|0,0|1|2|3|4|5|6|7|8|9|10|11|12|13|14|15|16|17|19,19,1,13,26,162.53123474121094,324.0707092285156,164.17362060546876,346.36334228515625,eligible,0,0,,,,,,,,,,,,,,,,,,,0,,,,,,0,,,,,,0,,,,,,0,,,,,,0,,,,,,0,,,,,,0,,,,,,0,,,,,,19,192.00234985351562,237.43816737124794,233.8135986328125,324.0707092285156,32.66259700925177,,,"87:266.2251,214.5292,203.0012,229.1089,245.5849|157:265.1292,216.5514,229.4082,213.5994,238.7295|149:297.6602,273.6293,209.1472,233.3158,224.8201|109:273.8456,261.5466,226.1592,230.9359,239.3019|143:275.8488,242.6402,210.3746,259.8460,254.6490|114:233.7525,262.8971,214.4567,204.4878,220.3274|117:209.5975,219.8478,209.1686,225.5378,228.5840|2:212.6010,206.3029,240.9124,209.7260,294.2544|88:198.1596,202.3473,195.7427,223.7529,192.0023|145:236.3019,255.5878,230.8670,201.1530,222.2884|166:199.2119,213.4114,214.4152,214.5186,194.2617|141:204.1076,223.5670,225.5417,206.4385,233.8136|65:215.4040,275.9136,216.2839,220.3477,197.0063|6:208.9495,309.5501,230.6805,235.4448,206.0284|131:228.7392,308.0395,215.6528,265.3558,247.8587|119:204.5685,246.5926,227.0879,275.2438,239.1663|96:357.5379,267.7326,237.2484,227.8487,324.0707|162:222.1034,306.6464,299.9927,218.5929,230.1369|0:302.1321,229.9218,267.4062,237.3472,278.4407",1,1,1,1,1,True,False,25,25,2,1
87|157|149|109|143|114|117|2|88|145|166|141|65|6|131|119|96|162|107|0,87|157|149|109|143|114|117|2|88|145|166|141|65|6|131|119|96|162|107|0,0,39,1,107,18,1,107,18,1,1,13,27,307.3663635253906,307.3663635253906,,,cluster_too_small,0,0,,,,,,,,,,,,,,,,,,,0,,,,,,0,,,,,,0,,,,,,0,,,,,,0,,,,,,0,,,,,,0,,,,,,0,,,,,,1,307.3663635253906,307.3663635253906,307.3663635253906,307.3663635253906,0.0,,,"107:314.3413,416.7986,312.8297,342.6628,307.3664",0,0,1,1,1,,,26,26,2,1
87|157|149|109|143|114|117|2|88|145|166|141|65|6|131|119|96|162|107|0,87|157|149|109|143|114|117|2|88|145|166|141|65|6|131|119|96|162|107|0,0,39,2,87|157|149|109|143|114|117|2|88|145|166|141|65|6|131|119|96|162|0,0|1|2|3|4|5|6|7|8|9|10|11|12|13|14|15|16|17|19,19,87|157|149|109|143|114|117|2|88|145|166|141|65|6|131|119|96|162|0,0|1|2|3|4|5|6|7|8|9|10|11|12|13|14|15|16|17|19,19,1,13,27,162.61947631835938,284.3469543457031,164.03518676757812,345.59149169921875,eligible,0,0,,,,,,,,,,,,,,,,,,,0,,,,,,0,,,,,,0,,,,,,0,,,,,,0,,,,,,0,,,,,,0,,,,,,0,,,,,,19,180.25669860839844,230.63931595651727,220.201416015625,284.3469543457031,29.007999089301403,,,"87:214.5292,203.0012,229.1089,245.5849,203.5106|157:216.5514,229.4082,213.5994,238.7295,205.5169|149:273.6293,209.1472,233.3158,224.8201,219.3125|109:261.5466,226.1592,230.9359,239.3019,284.3470|143:242.6402,210.3746,259.8460,254.6490,220.2014|114:262.8971,214.4567,204.4878,220.3274,261.5767|117:219.8478,209.1686,225.5378,228.5840,206.1870|2:206.3029,240.9124,209.7260,294.2544,216.2844|88:202.3473,195.7427,223.7529,192.0023,180.2567|145:255.5878,230.8670,201.1530,222.2884,229.7459|166:213.4114,214.4152,214.5186,194.2617,199.0032|141:223.5670,225.5417,206.4385,233.8136,210.1700|65:275.9136,216.2839,220.3477,197.0063,214.5730|6:309.5501,230.6805,235.4448,206.0284,260.7458|131:308.0395,215.6528,265.3558,247.8587,238.4997|119:246.5926,227.0879,275.2438,239.1663,225.6447|96:267.7326,237.2484,227.8487,324.0707,270.2616|162:306.6464,299.9927,218.5929,230.1369,259.7060|0:229.9218,267.4062,237.3472,278.4407,276.6040",1,1,1,1,1,True,False,26,26,2,1
87|157|149|109|143|114|117|2|88|145|166|141|65|6|131|119|96|162|107|0,87|157|149|109|143|114|117|2|88|145|166|141|65|6|131|119|96|162|107|0,0,40,1,107,18,1,107,18,1,1,13,28,259.58270263671875,259.58270263671875,,,cluster_too_small,0,0,,,,,,,,,,,,,,,,,,,0,,,,,,0,,,,,,0,,,,,,0,,,,,,0,,,,,,0,,,,,,0,,,,,,0,,,,,,1,259.58270263671875,259.58270263671875,259.58270263671875,259.58270263671875,0.0,,,"107:416.7986,312.8297,342.6628,307.3664,259.5827",0,0,1,1,1,,,27,27,2,1
87|157|149|109|143|114|117|2|88|145|166|141|65|6|131|119|96|162|107|0,87|157|149|109|143|114|117|2|88|145|166|141|65|6|131|119|96|162|107|0,0,40,2,87|157|149|109|143|114|117|2|88|145|166|141|65|6|131|119|96|162|0,0|1|2|3|4|5|6|7|8|9|10|11|12|13|14|15|16|17|19,19,87|157|149|109|143|114|117|2|88|145|166|141|65|6|131|119|96|162|0,0|1|2|3|4|5|6|7|8|9|10|11|12|13|14|15|16|17|19,19,1,13,28,160.36923217773438,319.501953125,163.89649047851563,345.10975341796876,eligible,0,0,,,,,,,,,,,,,,,,,,,0,,,,,,0,,,,,,0,,,,,,0,,,,,,0,,,,,,0,,,,,,0,,,,,,0,,,,,,19,198.8753662109375,229.59606130499589,222.87591552734375,319.501953125,29.150243314895032,,,"87:203.0012,229.1089,245.5849,203.5106,205.5522|157:229.4082,213.5994,238.7295,205.5169,215.7497|149:209.1472,233.3158,224.8201,219.3125,232.4533|109:226.1592,230.9359,239.3019,284.3470,216.8803|143:210.3746,259.8460,254.6490,220.2014,229.5905|114:214.4567,204.4878,220.3274,261.5767,248.2324|117:209.1686,225.5378,228.5840,206.1870,260.9458|2:240.9124,209.7260,294.2544,216.2844,200.3432|88:195.7427,223.7529,192.0023,180.2567,205.3045|145:230.8670,201.1530,222.2884,229.7459,207.8714|166:214.4152,214.5186,194.2617,199.0032,198.8754|141:225.5417,206.4385,233.8136,210.1700,214.5766|65:216.2839,220.3477,197.0063,214.5730,253.2169|6:230.6805,235.4448,206.0284,260.7458,226.7301|131:215.6528,265.3558,247.8587,238.4997,222.8759|119:227.0879,275.2438,239.1663,225.6447,205.3759|96:237.2484,227.8487,324.0707,270.2616,268.4164|162:299.9927,218.5929,230.1369,259.7060,319.5020|0:267.4062,237.3472,278.4407,276.6040,229.8325",1,1,1,1,1,True,False,27,27,2,1
87|157|149|109|143|114|117|2|88|145|166|141|65|6|131|119|96|162|107|0,87|157|149|109|143|114|117|2|88|145|166|141|65|6|131|119|96|162|107|0,0,41,1,107,18,1,107,18,1,1,13,29,278.7427062988281,278.7427062988281,,,cluster_too_small,0,0,,,,,,,,,,,,,,,,,,,0,,,,,,0,,,,,,0,,,,,,0,,,,,,0,,,,,,0,,,,,,0,,,,,,0,,,,,,1,278.7427062988281,278.7427062988281,278.7427062988281,278.7427062988281,0.0,,,"107:312.8297,342.6628,307.3664,259.5827,278.7427",0,0,1,1,1,,,28,28,2,1
87|157|149|109|143|114|117|2|88|145|166|141|65|6|131|119|96|162|107|0,87|157|149|109|143|114|117|2|88|145|166|141|65|6|131|119|96|162|107|0,0,41,2,87|157|149|109|143|114|117|2|88|145|166|141|65|6|131|119|96|162|0,0|1|2|3|4|5|6|7|8|9|10|11|12|13|14|15|16|17|19,19,87|157|149|109|143|114|117|2|88|145|166|141|65|6|131|119|96|162|0,0|1|2|3|4|5|6|7|8|9|10|11|12|13|14|15|16|17|19,19,1,13,29,160.8311309814453,328.4367980957031,163.51873855590821,344.6280151367188,eligible,0,0,,,,,,,,,,,,,,,,,,,0,,,,,,0,,,,,,0,,,,,,0,,,,,,0,,,,,,0,,,,,,0,,,,,,0,,,,,,19,189.16175842285156,233.22937172337583,229.77378845214844,328.4367980957031,32.76667098438899,,,"87:229.1089,245.5849,203.5106,205.5522,248.6494|157:213.5994,238.7295,205.5169,215.7497,229.7738|149:233.3158,224.8201,219.3125,232.4533,214.5919|109:230.9359,239.3019,284.3470,216.8803,248.6899|143:259.8460,254.6490,220.2014,229.5905,218.7406|114:204.4878,220.3274,261.5767,248.2324,213.5303|117:225.5378,228.5840,206.1870,260.9458,240.1519|2:209.7260,294.2544,216.2844,200.3432,230.1642|88:223.7529,192.0023,180.2567,205.3045,207.8287|145:201.1530,222.2884,229.7459,207.8714,189.1618|166:214.5186,194.2617,199.0032,198.8754,208.7039|141:206.4385,233.8136,210.1700,214.5766,197.4225|65:220.3477,197.0063,214.5730,253.2169,207.1007|6:235.4448,206.0284,260.7458,226.7301,240.8292|131:265.3558,247.8587,238.4997,222.8759,223.6562|119:275.2438,239.1663,225.6447,205.3759,242.4390|96:227.8487,324.0707,270.2616,268.4164,299.3902|162:218.5929,230.1369,259.7060,319.5020,242.0971|0:237.3472,278.4407,276.6040,229.8325,328.4368",1,1,1,1,1,True,False,28,28,2,1
87|157|149|109|143|114|117|2|88|145|166|141|65|6|131|119|96|162|107|0,87|157|149|109|143|114|117|2|88|145|166|141|65|6|131|119|96|162|107|0,0,42,1,107,18,1,107,18,1,1,13,30,446.4523010253906,446.4523010253906,,,cluster_too_small,0,0,,,,,,,,,,,,,,,,,,,0,,,,,,0,,,,,,0,,,,,,0,,,,,,0,,,,,,0,,,,,,0,,,,,,0,,,,,,1,446.4523010253906,446.4523010253906,446.4523010253906,446.4523010253906,0.0,,,"107:342.6628,307.3664,259.5827,278.7427,446.4523",0,0,1,1,1,,,29,29,2,1
87|157|149|109|143|114|117|2|88|145|166|141|65|6|131|119|96|162|107|0,87|157|149|109|143|114|117|2|88|145|166|141|65|6|131|119|96|162|107|0,0,42,2,87|157|149|109|143|114|117|2|88|145|166|141|65|6|131|119|96|162|0,0|1|2|3|4|5|6|7|8|9|10|11|12|13|14|15|16|17|19,19,87|157|149|109|143|114|117|2|88|145|166|141|65|6|131|119|96|162|0,0|1|2|3|4|5|6|7|8|9|10|11|12|13|14|15|16|17|19,19,1,13,30,161.1359405517578,279.6451110839844,163.17576293945314,342.71347656250003,eligible,0,0,,,,,,,,,,,,,,,,,,,0,,,,,,0,,,,,,0,,,,,,0,,,,,,0,,,,,,0,,,,,,0,,,,,,0,,,,,,19,186.89389038085938,231.515380859375,232.06517028808594,279.6451110839844,23.35499768758225,,,"87:245.5849,203.5106,205.5522,248.6494,203.6078|157:238.7295,205.5169,215.7497,229.7738,200.0463|149:224.8201,219.3125,232.4533,214.5919,265.8021|109:239.3019,284.3470,216.8803,248.6899,231.0829|143:254.6490,220.2014,229.5905,218.7406,256.9351|114:220.3274,261.5767,248.2324,213.5303,215.9465|117:228.5840,206.1870,260.9458,240.1519,247.1825|2:294.2544,216.2844,200.3432,230.1642,215.4590|88:192.0023,180.2567,205.3045,207.8287,186.8939|145:222.2884,229.7459,207.8714,189.1618,244.6723|166:194.2617,199.0032,198.8754,208.7039,238.4880|141:233.8136,210.1700,214.5766,197.4225,224.7637|65:197.0063,214.5730,253.2169,207.1007,232.0652|6:206.0284,260.7458,226.7301,240.8292,209.6419|131:247.8587,238.4997,222.8759,223.6562,247.1265|119:239.1663,225.6447,205.3759,242.4390,211.2134|96:324.0707,270.2616,268.4164,299.3902,279.6451|162:230.1369,259.7060,319.5020,242.0971,243.7827|0:278.4407,276.6040,229.8325,328.4368,244.4372",1,1,1,1,1,True,False,29,29,2,1
87|157|149|109|143|114|117|2|88|145|166|141|65|6|131|119|96|162|107|0,87|157|149|109|143|114|117|2|88|145|166|141|65|6|131|119|96|162|107|0,0,43,1,107,18,1,107,18,1,1,13,31,427.4951171875,427.4951171875,,,cluster_too_small,0,0,,,,,,,,,,,,,,,,,,,0,,,,,,0,,,,,,0,,,,,,0,,,,,,0,,,,,,0,,,,,,0,,,,,,0,,,,,,1,427.4951171875,427.4951171875,427.4951171875,427.4951171875,0.0,,,"107:307.3664,259.5827,278.7427,446.4523,427.4951",0,0,1,1,1,,,30,30,2,1
87|157|149|109|143|114|117|2|88|145|166|141|65|6|131|119|96|162|107|0,87|157|149|109|143|114|117|2|88|145|166|141|65|6|131|119|96|162|107|0,0,43,2,87|157|149|109|143|114|117|2|88|145|166|141|65|6|131|119|96|162|0,0|1|2|3|4|5|6|7|8|9|10|11|12|13|14|15|16|17|19,19,87|157|149|109|143|114|117|2|88|145|166|141|65|6|131|119|96|162|0,0|1|2|3|4|5|6|7|8|9|10|11|12|13|14|15|16|17|19,19,1,13,31,161.7743682861328,256.1134338378906,163.00882949829102,339.3661376953125,eligible,0,0,,,,,,,,,,,,,,,,,,,0,,,,,,0,,,,,,0,,,,,,0,,,,,,0,,,,,,0,,,,,,0,,,,,,0,,,,,,19,194.3759765625,223.53744587145354,223.8740997314453,256.1134338378906,20.267257477173946,,,"87:203.5106,205.5522,248.6494,203.6078,194.3760|157:205.5169,215.7497,229.7738,200.0463,206.4914|149:219.3125,232.4533,214.5919,265.8021,240.1554|109:284.3470,216.8803,248.6899,231.0829,213.4845|143:220.2014,229.5905,218.7406,256.9351,246.7403|114:261.5767,248.2324,213.5303,215.9465,250.1259|117:206.1870,260.9458,240.1519,247.1825,201.6169|2:216.2844,200.3432,230.1642,215.4590,205.0072|88:180.2567,205.3045,207.8287,186.8939,201.5148|145:229.7459,207.8714,189.1618,244.6723,200.8682|166:199.0032,198.8754,208.7039,238.4880,196.0716|141:210.1700,214.5766,197.4225,224.7637,223.8741|65:214.5730,253.2169,207.1007,232.0652,235.8989|6:260.7458,226.7301,240.8292,209.6419,246.3345|131:238.4997,222.8759,223.6562,247.1265,235.5284|119:225.6447,205.3759,242.4390,211.2134,225.9652|96:270.2616,268.4164,299.3902,279.6451,256.1134|162:259.7060,319.5020,242.0971,243.7827,247.3235|0:276.6040,229.8325,328.4368,244.4372,219.7213",1,1,1,1,1,True,False,30,30,2,1
87|157|149|109|143|114|117|2|88|145|166|141|65|6|131|119|96|162|107|0,87|157|149|109|143|114|117|2|88|145|166|141|65|6|131|119|96|162|107|0,0,44,1,107,18,1,107,18,1,1,13,32,305.1606140136719,305.1606140136719,,,cluster_too_small,0,0,,,,,,,,,,,,,,,,,,,0,,,,,,0,,,,,,0,,,,,,0,,,,,,0,,,,,,0,,,,,,0,,,,,,0,,,,,,1,305.1606140136719,305.1606140136719,305.1606140136719,305.1606140136719,0.0,,,"107:259.5827,278.7427,446.4523,427.4951,305.1606",0,0,1,1,1,,,31,31,2,1
87|157|149|109|143|114|117|2|88|145|166|141|65|6|131|119|96|162|107|0,87|157|149|109|143|114|117|2|88|145|166|141|65|6|131|119|96|162|107|0,0,44,2,87|157|149|109|143|114|117|2|88|145|166|141|65|6|131|119|96|162|0,0|1|2|3|4|5|6|7|8|9|10|11|12|13|14|15|16|17|19,19,87|157|149|109|143|114|117|2|88|145|166|141|65|6|131|119|96|162|0,0|1|2|3|4|5|6|7|8|9|10|11|12|13|14|15|16|17|19,19,1,13,32,162.1468505859375,326.7435302734375,162.89891815185547,336.018798828125,eligible,0,0,,,,,,,,,,,,,,,,,,,0,,,,,,0,,,,,,0,,,,,,0,,,,,,0,,,,,,0,,,,,,0,,,,,,0,,,,,,19,194.02511596679688,232.59931463944284,222.68603515625,326.7435302734375,36.29412880022698,,,"87:205.5522,248.6494,203.6078,194.3760,221.7855|157:215.7497,229.7738,200.0463,206.4914,213.3577|149:232.4533,214.5919,265.8021,240.1554,218.5364|109:216.8803,248.6899,231.0829,213.4845,250.1348|143:229.5905,218.7406,256.9351,246.7403,228.1996|114:248.2324,213.5303,215.9465,250.1259,222.6860|117:260.9458,240.1519,247.1825,201.6169,206.4072|2:200.3432,230.1642,215.4590,205.0072,227.7699|88:205.3045,207.8287,186.8939,201.5148,225.6120|145:207.8714,189.1618,244.6723,200.8682,194.0251|166:198.8754,208.7039,238.4880,196.0716,263.1543|141:214.5766,197.4225,224.7637,223.8741,197.4000|65:253.2169,207.1007,232.0652,235.8989,200.9420|6:226.7301,240.8292,209.6419,246.3345,202.1951|131:222.8759,223.6562,247.1265,235.5284,227.7973|119:205.3759,242.4390,211.2134,225.9652,205.9061|96:268.4164,299.3902,279.6451,256.1134,310.5200|162:319.5020,242.0971,243.7827,247.3235,276.2142|0:229.8325,328.4368,244.4372,219.7213,326.7435",1,1,1,1,1,True,False,31,31,2,1
87|157|149|109|143|114|117|2|88|145|166|141|65|6|131|119|96|162|107|0,87|157|149|109|143|114|117|2|88|145|166|141|65|6|131|119|96|162|107|0,0,45,1,107,18,1,107,18,1,1,13,33,286.35479736328125,286.35479736328125,,,cluster_too_small,0,0,,,,,,,,,,,,,,,,,,,0,,,,,,0,,,,,,0,,,,,,0,,,,,,0,,,,,,0,,,,,,0,,,,,,0,,,,,,1,286.35479736328125,286.35479736328125,286.35479736328125,286.35479736328125,0.0,,,"107:278.7427,446.4523,427.4951,305.1606,286.3548",0,0,1,1,1,,,32,32,2,1
87|157|149|109|143|114|117|2|88|145|166|141|65|6|131|119|96|162|107|0,87|157|149|109|143|114|117|2|88|145|166|141|65|6|131|119|96|162|107|0,0,45,2,87|157|149|109|143|114|117|2|88|145|166|141|65|6|131|119|96|162|0,0|1|2|3|4|5|6|7|8|9|10|11|12|13|14|15|16|17|19,19,87|157|149|109|143|114|117|2|88|145|166|141|65|6|131|119|96|162|0,0|1|2|3|4|5|6|7|8|9|10|11|12|13|14|15|16|17|19,19,1,13,33,167.83181762695312,287.8396911621094,162.79632186889648,332.9859985351562,eligible,0,0,,,,,,,,,,,,,,,,,,,0,,,,,,0,,,,,,0,,,,,,0,,,,,,0,,,,,,0,,,,,,0,,,,,,0,,,,,,19,194.58685302734375,234.3153284976357,231.02357482910156,287.8396911621094,28.515667267028046,,,"87:248.6494,203.6078,194.3760,221.7855,209.3626|157:229.7738,200.0463,206.4914,213.3577,217.9806|149:214.5919,265.8021,240.1554,218.5364,276.4305|109:248.6899,231.0829,213.4845,250.1348,234.0873|143:218.7406,256.9351,246.7403,228.1996,216.2082|114:213.5303,215.9465,250.1259,222.6860,230.7855|117:240.1519,247.1825,201.6169,206.4072,268.4475|2:230.1642,215.4590,205.0072,227.7699,231.0236|88:207.8287,186.8939,201.5148,225.6120,199.3973|145:189.1618,244.6723,200.8682,194.0251,207.0396|166:208.7039,238.4880,196.0716,263.1543,202.3766|141:197.4225,224.7637,223.8741,197.4000,194.5869|65:207.1007,232.0652,235.8989,200.9420,232.9200|6:240.8292,209.6419,246.3345,202.1951,265.1049|131:223.6562,247.1265,235.5284,227.7973,271.3629|119:242.4390,211.2134,225.9652,205.9061,242.9690|96:299.3902,279.6451,256.1134,310.5200,205.2382|162:242.0971,243.7827,247.3235,276.2142,258.8304|0:328.4368,244.4372,219.7213,326.7435,287.8397",1,1,1,1,1,False,False,32,32,2,1
87|157|149|109|143|114|117|2|88|145|166|141|65|6|131|119|96|162|107|0,87|157|149|109|143|114|117|2|88|145|166|141|65|6|131|119|96|162|107|0,0,46,1,107,18,1,107,18,1,1,13,34,312.3501281738281,312.3501281738281,,,cluster_too_small,0,0,,,,,,,,,,,,,,,,,,,0,,,,,,0,,,,,,0,,,,,,0,,,,,,0,,,,,,0,,,,,,0,,,,,,0,,,,,,1,312.3501281738281,312.3501281738281,312.3501281738281,312.3501281738281,0.0,,,"107:446.4523,427.4951,305.1606,286.3548,312.3501",0,0,1,1,1,,,33,33,2,1
87|157|149|109|143|114|117|2|88|145|166|141|65|6|131|119|96|162|107|0,87|157|149|109|143|114|117|2|88|145|166|141|65|6|131|119|96|162|107|0,0,46,2,87|157|149|109|143|114|117|2|88|145|166|141|65|6|131|119|96|162|0,0|1|2|3|4|5|6|7|8|9|10|11|12|13|14|15|16|17|19,19,87|157|149|109|143|114|117|2|88|145|166|141|65|6|131|119|96|162|0,0|1|2|3|4|5|6|7|8|9|10|11|12|13|14|15|16|17|19,19,1,13,34,162.75440979003906,323.15838623046875,162.85608520507813,329.9531982421875,eligible,0,0,,,,,,,,,,,,,,,,,,,0,,,,,,0,,,,,,0,,,,,,0,,,,,,0,,,,,,0,,,,,,0,,,,,,0,,,,,,19,184.74560546875,235.49352143940172,224.86959838867188,323.15838623046875,36.39131360420785,,,"87:203.6078,194.3760,221.7855,209.3626,241.2021|157:200.0463,206.4914,213.3577,217.9806,207.0559|149:265.8021,240.1554,218.5364,276.4305,224.8696|109:231.0829,213.4845,250.1348,234.0873,309.6613|143:256.9351,246.7403,228.1996,216.2082,256.2179|114:215.9465,250.1259,222.6860,230.7855,227.4839|117:247.1825,201.6169,206.4072,268.4475,214.7147|2:215.4590,205.0072,227.7699,231.0236,242.3940|88:186.8939,201.5148,225.6120,199.3973,184.7456|145:244.6723,200.8682,194.0251,207.0396,217.3123|166:238.4880,196.0716,263.1543,202.3766,198.6931|141:224.7637,223.8741,197.4000,194.5869,252.5621|65:232.0652,235.8989,200.9420,232.9200,208.4796|6:209.6419,246.3345,202.1951,265.1049,199.5599|131:247.1265,235.5284,227.7973,271.3629,220.7799|119:211.2134,225.9652,205.9061,242.9690,207.6884|96:279.6451,256.1134,310.5200,205.2382,257.6057|162:243.7827,247.3235,276.2142,258.8304,323.1584|0:244.4372,219.7213,326.7435,287.8397,280.1924",1,1,1,1,1,True,False,33,33,2,1
87|157|149|109|143|114|117|2|88|145|166|141|65|6|131|119|96|162|107|0,87|157|149|109|143|114|117|2|88|145|166|141|65|6|131|119|96|162|107|0,0,47,1,107,18,1,107,18,1,1,13,35,316.7261657714844,316.7261657714844,,,cluster_too_small,0,0,,,,,,,,,,,,,,,,,,,0,,,,,,0,,,,,,0,,,,,,0,,,,,,0,,,,,,0,,,,,,0,,,,,,0,,,,,,1,316.7261657714844,316.7261657714844,316.7261657714844,316.7261657714844,0.0,,,"107:427.4951,305.1606,286.3548,312.3501,316.7262",0,0,1,1,1,,,34,34,2,1
87|157|149|109|143|114|117|2|88|145|166|141|65|6|131|119|96|162|107|0,87|157|149|109|143|114|117|2|88|145|166|141|65|6|131|119|96|162|107|0,0,47,2,87|157|149|109|143|114|117|2|88|145|166|141|65|6|131|119|96|162|0,0|1|2|3|4|5|6|7|8|9|10|11|12|13|14|15|16|17|19,19,87|157|149|109|143|114|117|2|88|145|166|141|65|6|131|119|96|162|0,0|1|2|3|4|5|6|7|8|9|10|11|12|13|14|15|16|17|19,19,1,13,35,161.0944366455078,314.5038757324219,162.79462585449218,328.09814453125,eligible,0,0,,,,,,,,,,,,,,,,,,,0,,,,,,0,,,,,,0,,,,,,0,,,,,,0,,,,,,0,,,,,,0,,,,,,0,,,,,,19,174.9158935546875,226.21633589895148,219.980224609375,314.5038757324219,32.07554441694194,,,"87:194.3760,221.7855,209.3626,241.2021,205.2097|157:206.4914,213.3577,217.9806,207.0559,228.3866|149:240.1554,218.5364,276.4305,224.8696,194.6301|109:213.4845,250.1348,234.0873,309.6613,314.5039|143:246.7403,228.1996,216.2082,256.2179,217.1447|114:250.1259,222.6860,230.7855,227.4839,233.2639|117:201.6169,206.4072,268.4475,214.7147,207.2593|2:205.0072,227.7699,231.0236,242.3940,243.8000|88:201.5148,225.6120,199.3973,184.7456,174.9159|145:200.8682,194.0251,207.0396,217.3123,210.7295|166:196.0716,263.1543,202.3766,198.6931,208.5754|141:223.8741,197.4000,194.5869,252.5621,190.8963|65:235.8989,200.9420,232.9200,208.4796,242.3113|6:246.3345,202.1951,265.1049,199.5599,228.7111|131:235.5284,227.7973,271.3629,220.7799,219.9802|119:225.9652,205.9061,242.9690,207.6884,229.5602|96:256.1134,310.5200,205.2382,257.6057,203.9451|162:247.3235,276.2142,258.8304,323.1584,277.0839|0:219.7213,326.7435,287.8397,280.1924,267.2034",1,1,1,1,1,True,False,34,34,2,1
87|157|149|109|143|114|117|2|88|145|166|141|65|6|131|119|96|162|107|0,87|157|149|109|143|114|117|2|88|145|166|141|65|6|131|119|96|162|107|0,0,48,1,107,18,1,107,18,1,1,13,36,278.2580261230469,278.2580261230469,,,cluster_too_small,0,0,,,,,,,,,,,,,,,,,,,0,,,,,,0,,,,,,0,,,,,,0,,,,,,0,,,,,,0,,,,,,0,,,,,,0,,,,,,1,278.2580261230469,278.2580261230469,278.2580261230469,278.2580261230469,0.0,,,"107:305.1606,286.3548,312.3501,316.7262,278.2580",0,0,1,1,1,,,35,35,2,1
87|157|149|109|143|114|117|2|88|145|166|141|65|6|131|119|96|162|107|0,87|157|149|109|143|114|117|2|88|145|166|141|65|6|131|119|96|162|107|0,0,48,2,87|157|149|109|143|114|117|2|88|145|166|141|65|6|131|119|96|162|0,0|1|2|3|4|5|6|7|8|9|10|11|12|13|14|15|16|17|19,19,87|157|149|109|143|114|117|2|88|145|166|141|65|6|131|119|96|162|0,0|1|2|3|4|5|6|7|8|9|10|11|12|13|14|15|16|17|19,19,1,13,36,163.70257568359375,261.7084045410156,162.74091644287108,327.42083740234375,eligible,0,0,,,,,,,,,,,,,,,,,,,0,,,,,,0,,,,,,0,,,,,,0,,,,,,0,,,,,,0,,,,,,0,,,,,,0,,,,,,19,172.8038330078125,219.70745929918792,217.79942321777344,261.7084045410156,20.539505523231924,,,"87:221.7855,209.3626,241.2021,205.2097,215.2178|157:213.3577,217.9806,207.0559,228.3866,205.9820|149:218.5364,276.4305,224.8696,194.6301,217.8799|109:250.1348,234.0873,309.6613,314.5039,229.0021|143:228.1996,216.2082,256.2179,217.1447,217.7994|114:222.6860,230.7855,227.4839,233.2639,237.1466|117:206.4072,268.4475,214.7147,207.2593,212.6272|2:227.7699,231.0236,242.3940,243.8000,242.9563|88:225.6120,199.3973,184.7456,174.9159,172.8038|145:194.0251,207.0396,217.3123,210.7295,199.7621|166:263.1543,202.3766,198.6931,208.5754,197.7165|141:197.4000,194.5869,252.5621,190.8963,198.2777|65:200.9420,232.9200,208.4796,242.3113,208.8587|6:202.1951,265.1049,199.5599,228.7111,235.9925|131:227.7973,271.3629,220.7799,219.9802,211.2506|119:205.9061,242.9690,207.6884,229.5602,244.8619|96:310.5200,205.2382,257.6057,203.9451,261.7084|162:276.2142,258.8304,323.1584,277.0839,224.8853|0:326.7435,287.8397,280.1924,267.2034,239.7129",1,1,1,1,1,False,False,35,35,2,1
87|157|149|109|143|114|117|2|88|145|166|141|65|6|131|119|96|162|107|0,87|157|149|109|143|114|117|2|88|145|166|141|65|6|131|119|96|162|107|0,0,49,1,107,18,1,107,18,1,1,13,37,244.6136016845703,244.6136016845703,,,cluster_too_small,0,0,,,,,,,,,,,,,,,,,,,0,,,,,,0,,,,,,0,,,,,,0,,,,,,0,,,,,,0,,,,,,0,,,,,,0,,,,,,1,244.6136016845703,244.6136016845703,244.6136016845703,244.6136016845703,0.0,,,"107:286.3548,312.3501,316.7262,278.2580,244.6136",0,0,1,1,1,,,36,36,2,1
87|157|149|109|143|114|117|2|88|145|166|141|65|6|131|119|96|162|107|0,87|157|149|109|143|114|117|2|88|145|166|141|65|6|131|119|96|162|107|0,0,49,2,87|157|149|109|143|114|117|2|88|145|166|141|65|6|131|119|96|162|0,0|1|2|3|4|5|6|7|8|9|10|11|12|13|14|15|16|17|19,19,87|157|149|109|143|114|117|2|88|145|166|141|65|6|131|119|96|162|0,0|1|2|3|4|5|6|7|8|9|10|11|12|13|14|15|16|17|19,19,1,13,37,159.9308624267578,252.57339477539062,162.77268981933594,326.7435302734375,eligible,0,0,,,,,,,,,,,,,,,,,,,0,,,,,,0,,,,,,0,,,,,,0,,,,,,0,,,,,,0,,,,,,0,,,,,,0,,,,,,19,182.33189392089844,218.60830849095396,223.44879150390625,252.57339477539062,20.08608330314445,,,"87:209.3626,241.2021,205.2097,215.2178,234.1555|157:217.9806,207.0559,228.3866,205.9820,225.1703|149:276.4305,224.8696,194.6301,217.8799,215.1646|109:234.0873,309.6613,314.5039,229.0021,230.7918|143:216.2082,256.2179,217.1447,217.7994,228.0117|114:230.7855,227.4839,233.2639,237.1466,207.2002|117:268.4475,214.7147,207.2593,212.6272,199.1514|2:231.0236,242.3940,243.8000,242.9563,202.2931|88:199.3973,184.7456,174.9159,172.8038,182.3319|145:207.0396,217.3123,210.7295,199.7621,252.5734|166:202.3766,198.6931,208.5754,197.7165,205.5818|141:194.5869,252.5621,190.8963,198.2777,188.0531|65:232.9200,208.4796,242.3113,208.8587,205.0926|6:265.1049,199.5599,228.7111,235.9925,251.0084|131:271.3629,220.7799,219.9802,211.2506,226.7773|119:242.9690,207.6884,229.5602,244.8619,197.4280|96:205.2382,257.6057,203.9451,261.7084,231.7084|162:258.8304,323.1584,277.0839,224.8853,223.4488|0:287.8397,280.1924,267.2034,239.7129,247.6157",1,1,1,1,1,True,False,36,36,2,1
87|157|149|109|143|114|117|2|88|145|166|141|65|6|131|119|96|162|107|0,87|157|149|109|143|114|117|2|88|145|166|141|65|6|131|119|96|162|107|0,0,50,1,107,18,1,107,18,1,1,13,38,432.204345703125,432.204345703125,,,cluster_too_small,0,0,,,,,,,,,,,,,,,,,,,0,,,,,,0,,,,,,0,,,,,,0,,,,,,0,,,,,,0,,,,,,0,,,,,,0,,,,,,1,432.204345703125,432.204345703125,432.204345703125,432.204345703125,0.0,,,"107:312.3501,316.7262,278.2580,244.6136,432.2043",0,0,1,1,1,,,37,37,2,1
87|157|149|109|143|114|117|2|88|145|166|141|65|6|131|119|96|162|107|0,87|157|149|109|143|114|117|2|88|145|166|141|65|6|131|119|96|162|107|0,0,50,2,87|157|149|109|143|114|117|2|88|145|166|141|65|6|131|119|96|162|0,0|1|2|3|4|5|6|7|8|9|10|11|12|13|14|15|16|17|19,19,87|157|149|109|143|114|117|2|88|145|166|141|65|6|131|119|96|162|0,0|1|2|3|4|5|6|7|8|9|10|11|12|13|14|15|16|17|19,19,1,13,38,163.88638305664062,287.2861022949219,162.7004364013672,325.6744018554688,eligible,0,0,,,,,,,,,,,,,,,,,,,0,,,,,,0,,,,,,0,,,,,,0,,,,,,0,,,,,,0,,,,,,0,,,,,,0,,,,,,19,178.3344268798828,223.54956857781661,214.63145446777344,287.2861022949219,28.3194934343874,,,"87:241.2021,205.2097,215.2178,234.1555,213.7360|157:207.0559,228.3866,205.9820,225.1703,244.4383|149:224.8696,194.6301,217.8799,215.1646,271.4816|109:309.6613,314.5039,229.0021,230.7918,273.0181|143:256.2179,217.1447,217.7994,228.0117,237.6429|114:227.4839,233.2639,237.1466,207.2002,231.8529|117:214.7147,207.2593,212.6272,199.1514,216.7996|2:242.3940,243.8000,242.9563,202.2931,214.1983|88:184.7456,174.9159,172.8038,182.3319,178.3344|145:217.3123,210.7295,199.7621,252.5734,196.3493|166:198.6931,208.5754,197.7165,205.5818,203.9161|141:252.5621,190.8963,198.2777,188.0531,198.1836|65:208.4796,242.3113,208.8587,205.0926,205.0690|6:199.5599,228.7111,235.9925,251.0084,214.6315|131:220.7799,219.9802,211.2506,226.7773,215.8921|119:207.6884,229.5602,244.8619,197.4280,199.4719|96:257.6057,203.9451,261.7084,231.7084,204.9182|162:323.1584,277.0839,224.8853,223.4488,240.2219|0:280.1924,267.2034,239.7129,247.6157,287.2861",1,1,1,1,1,False,False,37,37,2,1
87|157|149|109|143|114|117|2|88|145|166|141|65|6|131|119|96|162|107|0,87|157|149|109|143|114|117|2|88|145|166|141|65|6|131|119|96|162|107|0,0,51,1,107,18,1,107,18,1,1,13,39,405.5151672363281,405.5151672363281,,,cluster_too_small,0,0,,,,,,,,,,,,,,,,,,,0,,,,,,0,,,,,,0,,,,,,0,,,,,,0,,,,,,0,,,,,,0,,,,,,0,,,,,,1,405.5151672363281,405.5151672363281,405.5151672363281,405.5151672363281,0.0,,,"107:316.7262,278.2580,244.6136,432.2043,405.5152",0,0,1,1,1,,,38,38,2,1
87|157|149|109|143|114|117|2|88|145|166|141|65|6|131|119|96|162|107|0,87|157|149|109|143|114|117|2|88|145|166|141|65|6|131|119|96|162|107|0,0,51,2,87|157|149|109|143|114|117|2|88|145|166|141|65|6|131|119|96|162|0,0|1|2|3|4|5|6|7|8|9|10|11|12|13|14|15|16|17|19,19,87|157|149|109|143|114|117|2|88|145|166|141|65|6|131|119|96|162|0,0|1|2|3|4|5|6|7|8|9|10|11|12|13|14|15|16|17|19,19,1,13,39,161.6042938232422,257.999755859375,162.74766311645507,324.6052734375,eligible,0,0,,,,,,,,,,,,,,,,,,,0,,,,,,0,,,,,,0,,,,,,0,,,,,,0,,,,,,0,,,,,,0,,,,,,0,,,,,,19,188.83641052246094,211.1117336875514,206.93362426757812,257.999755859375,15.137967121343596,,,"87:205.2097,215.2178,234.1555,213.7360,203.0437|157:228.3866,205.9820,225.1703,244.4383,204.1971|149:194.6301,217.8799,215.1646,271.4816,197.8272|109:314.5039,229.0021,230.7918,273.0181,216.4207|143:217.1447,217.7994,228.0117,237.6429,212.4601|114:233.2639,237.1466,207.2002,231.8529,206.9504|117:207.2593,212.6272,199.1514,216.7996,232.6058|2:243.8000,242.9563,202.2931,214.1983,204.9155|88:174.9159,172.8038,182.3319,178.3344,188.8364|145:210.7295,199.7621,252.5734,196.3493,204.5726|166:208.5754,197.7165,205.5818,203.9161,204.0992|141:190.8963,198.2777,188.0531,198.1836,197.7547|65:242.3113,208.8587,205.0926,205.0690,197.2066|6:228.7111,235.9925,251.0084,214.6315,215.9901|131:219.9802,211.2506,226.7773,215.8921,206.9336|119:229.5602,244.8619,197.4280,199.4719,212.1699|96:203.9451,261.7084,231.7084,204.9182,225.2653|162:277.0839,224.8853,223.4488,240.2219,221.8744|0:267.2034,239.7129,247.6157,287.2861,257.9998",1,1,1,1,1,True,False,38,38,2,1
87|157|149|109|143|114|117|2|88|145|166|141|65|6|131|119|96|162|107|0,87|157|149|109|143|114|117|2|88|145|166|141|65|6|131|119|96|162|107|0,0,52,1,107,18,1,107,18,1,1,13,40,358.8772277832031,358.8772277832031,,,cluster_too_small,0,0,,,,,,,,,,,,,,,,,,,0,,,,,,0,,,,,,0,,,,,,0,,,,,,0,,,,,,0,,,,,,0,,,,,,0,,,,,,1,358.8772277832031,358.8772277832031,358.8772277832031,358.8772277832031,0.0,,,"107:278.2580,244.6136,432.2043,405.5152,358.8772",0,0,1,1,1,,,39,39,2,1
87|157|149|109|143|114|117|2|88|145|166|141|65|6|131|119|96|162|107|0,87|157|149|109|143|114|117|2|88|145|166|141|65|6|131|119|96|162|107|0,0,52,2,87|157|149|109|143|114|117|2|88|145|166|141|65|6|131|119|96|162|0,0|1|2|3|4|5|6|7|8|9|10|11|12|13|14|15|16|17|19,19,87|157|149|109|143|114|117|2|88|145|166|141|65|6|131|119|96|162|0,0|1|2|3|4|5|6|7|8|9|10|11|12|13|14|15|16|17|19,19,1,13,40,161.19406127929688,333.23516845703125,162.6599563598633,323.88824462890625,eligible,1,1,valid_cut,,0.08838916419575285,3.0,4.0,3|4,1.0,18.0,1.0,18.0,0.05555555555555555,96,87|157|149|109|143|114|117|2|88|145|166|141|65|6|131|119|162|0,left,96,data_4200_4_7.0_chordal,122.189272071883,359.0703887939453,171,28.994537353515625,122.189272071883,104.58836364746094,359.0703887939453,62.74809556337765,171,0.0027772347605408403,0.010364615761038904,0.00947074057647873,0.033339404045943426,0.005354374435719822,0,,,,,,153,28.994537353515625,111.53803128510519,98.26225280761719,359.0703887939453,55.165269483744495,18,142.77806091308594,212.72481875949435,206.05660247802734,338.66151428222656,48.74744056886579,0,,,,,,153,0.0027772347605408403,0.011006275365633332,0.01007432303534483,0.033339404045943426,0.005291600884342904,18,0.002944107465672707,0.00491050912198627,0.00483415939990082,0.006955164046929953,0.0010501403369779126,19,183.84921264648438,222.24516135767885,217.31533813476562,333.23516845703125,33.39475339376091,87:119.5575|157:94.7824|149:117.7947|109:118.4230|143:93.2260|114:94.5122|117:104.7845|2:98.1704|88:187.8612|145:109.3341|166:122.2870|141:125.2014|65:110.1745|6:102.4734|131:91.7279|119:104.4371|96:212.7248|162:109.7944|0:204.3297,87:0.0090|157:0.0125|149:0.0096|109:0.0101|143:0.0136|114:0.0125|117:0.0110|2:0.0118|88:0.0064|145:0.0099|166:0.0111|141:0.0107|65:0.0120|6:0.0118|131:0.0128|119:0.0110|96:0.0049|162:0.0108|0:0.0053,87:|157:|149:|109:|143:|114:|117:|2:|88:|145:|166:|141:|65:|6:|131:|119:|96:|162:|0:,1,1,1,1,1,True,True,39,39,2,1
87|157|149|109|143|114|117|2|88|145|166|141|65|6|131|119|96|162|107|0,87|157|149|109|143|114|117|2|88|145|166|141|65|6|131|119|96|162|107|0,0,53,1,107,18,1,107,18,1,1,13,41,352.9329833984375,352.9329833984375,,,cluster_too_small,0,0,,,,,,,,,,,,,,,,,,,0,,,,,,0,,,,,,0,,,,,,0,,,,,,0,,,,,,0,,,,,,0,,,,,,0,,,,,,1,352.9329833984375,352.9329833984375,352.9329833984375,352.9329833984375,0.0,,,"107:244.6136,432.2043,405.5152,358.8772,352.9330",0,0,1,1,1,,,40,40,2,1
87|157|149|109|143|114|117|2|88|145|166|141|65|6|131|119|96|162|107|0,87|157|149|109|143|114|117|2|88|145|166|141|65|6|131|119|96|162|107|0,0,53,3,96,16,1,96,16,1,1,53,1,266.8289794921875,266.8289794921875,,,cluster_too_small,0,0,,,,,,,,,,,,,,,,,,,0,,,,,,0,,,,,,0,,,,,,0,,,,,,0,,,,,,0,,,,,,0,,,,,,0,,,,,,1,266.8289794921875,266.8289794921875,266.8289794921875,266.8289794921875,0.0,,,96:266.8290,0,0,1,0,0,,,0,0,2,1
87|157|149|109|143|114|117|2|88|145|166|141|65|6|131|119|96|162|107|0,87|157|149|109|143|114|117|2|88|145|166|141|65|6|131|119|96|162|107|0,0,53,4,87|157|149|109|143|114|117|2|88|145|166|141|65|6|131|119|162|0,0|1|2|3|4|5|6|7|8|9|10|11|12|13|14|15|17|19,18,87|157|149|109|143|114|117|2|88|145|166|141|65|6|131|119|162|0,0|1|2|3|4|5|6|7|8|9|10|11|12|13|14|15|17|19,18,1,53,1,160.8418731689453,243.94886779785156,,,warmup,0,0,,,,,,,,,,,,,,,,,,,0,,,,,,0,,,,,,0,,,,,,0,,,,,,0,,,,,,0,,,,,,0,,,,,,0,,,,,,18,182.71621704101562,213.0609868367513,207.12432861328125,243.94886779785156,17.41142255649502,,,87:193.0260|157:206.1514|149:225.4730|109:224.1034|143:243.9489|114:207.6621|117:198.2581|2:204.9346|88:199.0740|145:182.7162|166:202.1246|141:197.7720|65:213.1914|6:206.5865|131:232.0264|119:215.6865|162:242.5068|0:239.8558,1,1,1,0,0,,,0,0,2,1
87|157|149|109|143|114|117|2|88|145|166|141|65|6|131|119|96|162|107|0,87|157|149|109|143|114|117|2|88|145|166|141|65|6|131|119|96|162|107|0,0,54,1,107,18,1,107,18,1,1,13,42,287.42645263671875,287.42645263671875,,,cluster_too_small,0,0,,,,,,,,,,,,,,,,,,,0,,,,,,0,,,,,,0,,,,,,0,,,,,,0,,,,,,0,,,,,,0,,,,,,0,,,,,,1,287.42645263671875,287.42645263671875,287.42645263671875,287.42645263671875,0.0,,,"107:432.2043,405.5152,358.8772,352.9330,287.4265",0,0,1,1,1,,,41,41,2,1
87|157|149|109|143|114|117|2|88|145|166|141|65|6|131|119|96|162|107|0,87|157|149|109|143|114|117|2|88|145|166|141|65|6|131|119|96|162|107|0,0,54,3,96,16,1,96,16,1,1,53,2,204.4649658203125,204.4649658203125,,,cluster_too_small,0,0,,,,,,,,,,,,,,,,,,,0,,,,,,0,,,,,,0,,,,,,0,,,,,,0,,,,,,0,,,,,,0,,,,,,0,,,,,,1,204.4649658203125,204.4649658203125,204.4649658203125,204.4649658203125,0.0,,,"96:266.8290,204.4650",0,0,1,0,0,,,1,1,2,1
87|157|149|109|143|114|117|2|88|145|166|141|65|6|131|119|96|162|107|0,87|157|149|109|143|114|117|2|88|145|166|141|65|6|131|119|96|162|107|0,0,54,4,87|157|149|109|143|114|117|2|88|145|166|141|65|6|131|119|162|0,0|1|2|3|4|5|6|7|8|9|10|11|12|13|14|15|17|19,18,87|157|149|109|143|114|117|2|88|145|166|141|65|6|131|119|162|0,0|1|2|3|4|5|6|7|8|9|10|11|12|13|14|15|17|19,18,1,53,2,160.7061309814453,257.44085693359375,,,warmup,0,0,,,,,,,,,,,,,,,,,,,0,,,,,,0,,,,,,0,,,,,,0,,,,,,0,,,,,,0,,,,,,0,,,,,,0,,,,,,18,178.10452270507812,206.28789774576822,200.14708709716797,257.44085693359375,22.435684456883138,,,"87:193.0260,190.8927|157:206.1514,216.3788|149:225.4730,235.9784|109:224.1034,226.8042|143:243.9489,204.1057|114:207.6621,191.2275|117:198.2581,220.2875|2:204.9346,186.0941|88:199.0740,186.2637|145:182.7162,186.8838|166:202.1246,184.6685|141:197.7720,203.7185|65:213.1914,178.1045|6:206.5865,202.3091|131:232.0264,197.9850|119:215.6865,196.1190|162:242.5068,247.9202|0:239.8558,257.4409",1,1,1,0,0,,,1,1,2,1
87|157|149|109|143|114|117|2|88|145|166|141|65|6|131|119|96|162|107|0,87|157|149|109|143|114|117|2|88|145|166|141|65|6|131|119|96|162|107|0,0,55,1,107,18,1,107,18,1,1,13,43,396.5033264160156,396.5033264160156,,,cluster_too_small,0,0,,,,,,,,,,,,,,,,,,,0,,,,,,0,,,,,,0,,,,,,0,,,,,,0,,,,,,0,,,,,,0,,,,,,0,,,,,,1,396.5033264160156,396.5033264160156,396.5033264160156,396.5033264160156,0.0,,,"107:405.5152,358.8772,352.9330,287.4265,396.5033",0,0,1,1,1,,,42,42,2,1
87|157|149|109|143|114|117|2|88|145|166|141|65|6|131|119|96|162|107|0,87|157|149|109|143|114|117|2|88|145|166|141|65|6|131|119|96|162|107|0,0,55,3,96,16,1,96,16,1,1,53,3,217.13320922851562,217.13320922851562,,,cluster_too_small,0,0,,,,,,,,,,,,,,,,,,,0,,,,,,0,,,,,,0,,,,,,0,,,,,,0,,,,,,0,,,,,,0,,,,,,0,,,,,,1,217.13320922851562,217.13320922851562,217.13320922851562,217.13320922851562,0.0,,,"96:266.8290,204.4650,217.1332",0,0,1,0,0,,,2,2,2,1
87|157|149|109|143|114|117|2|88|145|166|141|65|6|131|119|96|162|107|0,87|157|149|109|143|114|117|2|88|145|166|141|65|6|131|119|96|162|107|0,0,55,4,87|157|149|109|143|114|117|2|88|145|166|141|65|6|131|119|162|0,0|1|2|3|4|5|6|7|8|9|10|11|12|13|14|15|17|19,18,87|157|149|109|143|114|117|2|88|145|166|141|65|6|131|119|162|0,0|1|2|3|4|5|6|7|8|9|10|11|12|13|14|15|17|19,18,1,53,3,161.7960205078125,261.6986999511719,,,warmup,0,0,,,,,,,,,,,,,,,,,,,0,,,,,,0,,,,,,0,,,,,,0,,,,,,0,,,,,,0,,,,,,0,,,,,,0,,,,,,18,184.8192138671875,213.37633599175348,208.0339813232422,261.6986999511719,21.30699374908977,,,"87:193.0260,190.8927,201.6826|157:206.1514,216.3788,198.6179|149:225.4730,235.9784,221.6062|109:224.1034,226.8042,222.8826|143:243.9489,204.1057,203.3872|114:207.6621,191.2275,237.3348|117:198.2581,220.2875,246.7870|2:204.9346,186.0941,192.7501|88:199.0740,186.2637,192.7258|145:182.7162,186.8838,198.1876|166:202.1246,184.6685,186.4224|141:197.7720,203.7185,206.2587|65:213.1914,178.1045,184.8192|6:206.5865,202.3091,212.8171|131:232.0264,197.9850,221.7658|119:215.6865,196.1190,209.8092|162:242.5068,247.9202,241.2210|0:239.8558,257.4409,261.6987",1,1,1,0,0,,,2,2,2,1
87|157|149|109|143|114|117|2|88|145|166|141|65|6|131|119|96|162|107|0,87|157|149|109|143|114|117|2|88|145|166|141|65|6|131|119|96|162|107|0,0,56,1,107,18,1,107,18,1,1,13,44,320.43890380859375,320.43890380859375,,,cluster_too_small,0,0,,,,,,,,,,,,,,,,,,,0,,,,,,0,,,,,,0,,,,,,0,,,,,,0,,,,,,0,,,,,,0,,,,,,0,,,,,,1,320.43890380859375,320.43890380859375,320.43890380859375,320.43890380859375,0.0,,,"107:358.8772,352.9330,287.4265,396.5033,320.4389",0,0,1,1,1,,,43,43,2,1
87|157|149|109|143|114|117|2|88|145|166|141|65|6|131|119|96|162|107|0,87|157|149|109|143|114|117|2|88|145|166|141|65|6|131|119|96|162|107|0,0,56,3,96,16,1,96,16,1,1,53,4,217.66322326660156,217.66322326660156,,,cluster_too_small,0,0,,,,,,,,,,,,,,,,,,,0,,,,,,0,,,,,,0,,,,,,0,,,,,,0,,,,,,0,,,,,,0,,,,,,0,,,,,,1,217.66322326660156,217.66322326660156,217.66322326660156,217.66322326660156,0.0,,,"96:266.8290,204.4650,217.1332,217.6632",0,0,1,0,0,,,3,3,2,1
87|157|149|109|143|114|117|2|88|145|166|141|65|6|131|119|96|162|107|0,87|157|149|109|143|114|117|2|88|145|166|141|65|6|131|119|96|162|107|0,0,56,4,87|157|149|109|143|114|117|2|88|145|166|141|65|6|131|119|162|0,0|1|2|3|4|5|6|7|8|9|10|11|12|13|14|15|17|19,18,87|157|149|109|143|114|117|2|88|145|166|141|65|6|131|119|162|0,0|1|2|3|4|5|6|7|8|9|10|11|12|13|14|15|17|19,18,1,53,4,161.40713500976562,238.27279663085938,,,warmup,0,0,,,,,,,,,,,,,,,,,,,0,,,,,,0,,,,,,0,,,,,,0,,,,,,0,,,,,,0,,,,,,0,,,,,,0,,,,,,18,184.1903839111328,204.1941884358724,203.3292465209961,238.27279663085938,14.511794423042335,,,"87:193.0260,190.8927,201.6826,199.6787|157:206.1514,216.3788,198.6179,199.9109|149:225.4730,235.9784,221.6062,216.6673|109:224.1034,226.8042,222.8826,223.2868|143:243.9489,204.1057,203.3872,198.5909|114:207.6621,191.2275,237.3348,210.5211|117:198.2581,220.2875,246.7870,213.8494|2:204.9346,186.0941,192.7501,208.6936|88:199.0740,186.2637,192.7258,184.1904|145:182.7162,186.8838,198.1876,238.2728|166:202.1246,184.6685,186.4224,191.6966|141:197.7720,203.7185,206.2587,186.2290|65:213.1914,178.1045,184.8192,186.2086|6:206.5865,202.3091,212.8171,208.7979|131:232.0264,197.9850,221.7658,220.1226|119:215.6865,196.1190,209.8092,196.2223|162:242.5068,247.9202,241.2210,185.8088|0:239.8558,257.4409,261.6987,206.7476",1,1,1,0,0,,,3,3,2,1
87|157|149|109|143|114|117|2|88|145|166|141|65|6|131|119|96|162|107|0,87|157|149|109|143|114|117|2|88|145|166|141|65|6|131|119|96|162|107|0,0,57,1,107,18,1,107,18,1,1,13,45,314.4993591308594,314.4993591308594,,,cluster_too_small,0,0,,,,,,,,,,,,,,,,,,,0,,,,,,0,,,,,,0,,,,,,0,,,,,,0,,,,,,0,,,,,,0,,,,,,0,,,,,,1,314.4993591308594,314.4993591308594,314.4993591308594,314.4993591308594,0.0,,,"107:352.9330,287.4265,396.5033,320.4389,314.4994",0,0,1,1,1,,,44,44,2,1
87|157|149|109|143|114|117|2|88|145|166|141|65|6|131|119|96|162|107|0,87|157|149|109|143|114|117|2|88|145|166|141|65|6|131|119|96|162|107|0,0,57,3,96,16,1,96,16,1,1,53,5,234.54595947265625,234.54595947265625,,,cluster_too_small,0,0,,,,,,,,,,,,,,,,,,,0,,,,,,0,,,,,,0,,,,,,0,,,,,,0,,,,,,0,,,,,,0,,,,,,0,,,,,,1,234.54595947265625,234.54595947265625,234.54595947265625,234.54595947265625,0.0,,,"96:266.8290,204.4650,217.1332,217.6632,234.5460",0,0,1,0,0,,,4,4,2,1
87|157|149|109|143|114|117|2|88|145|166|141|65|6|131|119|96|162|107|0,87|157|149|109|143|114|117|2|88|145|166|141|65|6|131|119|96|162|107|0,0,57,4,87|157|149|109|143|114|117|2|88|145|166|141|65|6|131|119|162|0,0|1|2|3|4|5|6|7|8|9|10|11|12|13|14|15|17|19,18,87|157|149|109|143|114|117|2|88|145|166|141|65|6|131|119|162|0,0|1|2|3|4|5|6|7|8|9|10|11|12|13|14|15|17|19,18,1,53,5,159.3589324951172,263.2392578125,,,warmup,0,0,,,,,,,,,,,,,,,,,,,0,,,,,,0,,,,,,0,,,,,,0,,,,,,0,,,,,,0,,,,,,0,,,,,,0,,,,,,18,182.0044708251953,206.92445373535156,201.5653076171875,263.2392578125,21.052990495386496,,,"87:193.0260,190.8927,201.6826,199.6787,226.5078|157:206.1514,216.3788,198.6179,199.9109,190.0162|149:225.4730,235.9784,221.6062,216.6673,205.3884|109:224.1034,226.8042,222.8826,223.2868,263.2393|143:243.9489,204.1057,203.3872,198.5909,208.5913|114:207.6621,191.2275,237.3348,210.5211,182.0045|117:198.2581,220.2875,246.7870,213.8494,191.6279|2:204.9346,186.0941,192.7501,208.6936,207.7947|88:199.0740,186.2637,192.7258,184.1904,183.4147|145:182.7162,186.8838,198.1876,238.2728,197.7422|166:202.1246,184.6685,186.4224,191.6966,188.1115|141:197.7720,203.7185,206.2587,186.2290,185.6697|65:213.1914,178.1045,184.8192,186.2086,197.6037|6:206.5865,202.3091,212.8171,208.7979,196.4363|131:232.0264,197.9850,221.7658,220.1226,221.3655|119:215.6865,196.1190,209.8092,196.2223,220.3840|162:242.5068,247.9202,241.2210,185.8088,218.4294|0:239.8558,257.4409,261.6987,206.7476,240.3133",1,1,1,0,0,,,4,4,2,1
87|157|149|109|143|114|117|2|88|145|166|141|65|6|131|119|96|162|107|0,87|157|149|109|143|114|117|2|88|145|166|141|65|6|131|119|96|162|107|0,0,58,1,107,18,1,107,18,1,1,13,46,361.85870361328125,361.85870361328125,,,cluster_too_small,0,0,,,,,,,,,,,,,,,,,,,0,,,,,,0,,,,,,0,,,,,,0,,,,,,0,,,,,,0,,,,,,0,,,,,,0,,,,,,1,361.85870361328125,361.85870361328125,361.85870361328125,361.85870361328125,0.0,,,"107:287.4265,396.5033,320.4389,314.4994,361.8587",0,0,1,1,1,,,45,45,2,1
87|157|149|109|143|114|117|2|88|145|166|141|65|6|131|119|96|162|107|0,87|157|149|109|143|114|117|2|88|145|166|141|65|6|131|119|96|162|107|0,0,58,3,96,16,1,96,16,1,1,53,6,216.9664764404297,216.9664764404297,,,cluster_too_small,0,0,,,,,,,,,,,,,,,,,,,0,,,,,,0,,,,,,0,,,,,,0,,,,,,0,,,,,,0,,,,,,0,,,,,,0,,,,,,1,216.9664764404297,216.9664764404297,216.9664764404297,216.9664764404297,0.0,,,"96:204.4650,217.1332,217.6632,234.5460,216.9665",0,0,1,1,1,,,5,5,2,1
87|157|149|109|143|114|117|2|88|145|166|141|65|6|131|119|96|162|107|0,87|157|149|109|143|114|117|2|88|145|166|141|65|6|131|119|96|162|107|0,0,58,4,87|157|149|109|143|114|117|2|88|145|166|141|65|6|131|119|162|0,0|1|2|3|4|5|6|7|8|9|10|11|12|13|14|15|17|19,18,87|157|149|109|143|114|117|2|88|145|166|141|65|6|131|119|162|0,0|1|2|3|4|5|6|7|8|9|10|11|12|13|14|15|17|19,18,1,53,6,161.9800262451172,292.29339599609375,160.76042785644532,259.143994140625,eligible,0,0,,,,,,,,,,,,,,,,,,,0,,,,,,0,,,,,,0,,,,,,0,,,,,,0,,,,,,0,,,,,,0,,,,,,0,,,,,,18,188.89773559570312,215.82997809516058,208.86864471435547,292.29339599609375,30.165439056773085,,,"87:190.8927,201.6826,199.6787,226.5078,218.8334|157:216.3788,198.6179,199.9109,190.0162,200.1089|149:235.9784,221.6062,216.6673,205.3884,197.0909|109:226.8042,222.8826,223.2868,263.2393,211.9824|143:204.1057,203.3872,198.5909,208.5913,216.9710|114:191.2275,237.3348,210.5211,182.0045,241.9598|117:220.2875,246.7870,213.8494,191.6279,219.2580|2:186.0941,192.7501,208.6936,207.7947,188.9202|88:186.2637,192.7258,184.1904,183.4147,198.9393|145:186.8838,198.1876,238.2728,197.7422,195.1630|166:184.6685,186.4224,191.6966,188.1115,207.3496|141:203.7185,206.2587,186.2290,185.6697,193.0893|65:178.1045,184.8192,186.2086,197.6037,191.6174|6:202.3091,212.8171,208.7979,196.4363,210.3877|131:197.9850,221.7658,220.1226,221.3655,219.8847|119:196.1190,209.8092,196.2223,220.3840,188.8977|162:247.9202,241.2210,185.8088,218.4294,292.2934|0:257.4409,261.6987,206.7476,240.3133,292.1929",1,1,1,1,1,False,True,5,5,2,1
87|157|149|109|143|114|117|2|88|145|166|141|65|6|131|119|96|162|107|0,87|157|149|109|143|114|117|2|88|145|166|141|65|6|131|119|96|162|107|0,0,59,1,107,18,1,107,18,1,1,13,47,339.9007568359375,339.9007568359375,,,cluster_too_small,0,0,,,,,,,,,,,,,,,,,,,0,,,,,,0,,,,,,0,,,,,,0,,,,,,0,,,,,,0,,,,,,0,,,,,,0,,,,,,1,339.9007568359375,339.9007568359375,339.9007568359375,339.9007568359375,0.0,,,"107:396.5033,320.4389,314.4994,361.8587,339.9008",0,0,1,1,1,,,46,46,2,1
87|157|149|109|143|114|117|2|88|145|166|141|65|6|131|119|96|162|107|0,87|157|149|109|143|114|117|2|88|145|166|141|65|6|131|119|96|162|107|0,0,59,3,96,16,1,96,16,1,1,53,7,212.41400146484375,212.41400146484375,,,cluster_too_small,0,0,,,,,,,,,,,,,,,,,,,0,,,,,,0,,,,,,0,,,,,,0,,,,,,0,,,,,,0,,,,,,0,,,,,,0,,,,,,1,212.41400146484375,212.41400146484375,212.41400146484375,212.41400146484375,0.0,,,"96:217.1332,217.6632,234.5460,216.9665,212.4140",0,0,1,1,1,,,6,6,2,1
87|157|149|109|143|114|117|2|88|145|166|141|65|6|131|119|96|162|107|0,87|157|149|109|143|114|117|2|88|145|166|141|65|6|131|119|96|162|107|0,0,59,4,87|157|149|109|143|114|117|2|88|145|166|141|65|6|131|119|162|0,0|1|2|3|4|5|6|7|8|9|10|11|12|13|14|15|17|19,18,87|157|149|109|143|114|117|2|88|145|166|141|65|6|131|119|162|0,0|1|2|3|4|5|6|7|8|9|10|11|12|13|14|15|17|19,18,1,53,7,162.44325256347656,326.4685974121094,160.8079376220703,261.6986999511719,eligible,0,0,,,,,,,,,,,,,,,,,,,0,,,,,,0,,,,,,0,,,,,,0,,,,,,0,,,,,,0,,,,,,0,,,,,,0,,,,,,18,185.61802673339844,217.40997483995227,215.21484375,326.4685974121094,31.626868799842402,,,"87:201.6826,199.6787,226.5078,218.8334,199.1725|157:198.6179,199.9109,190.0162,200.1089,208.7243|149:221.6062,216.6673,205.3884,197.0909,212.8634|109:222.8826,223.2868,263.2393,211.9824,232.0340|143:203.3872,198.5909,208.5913,216.9710,223.1782|114:237.3348,210.5211,182.0045,241.9598,232.7917|117:246.7870,213.8494,191.6279,219.2580,217.5663|2:192.7501,208.6936,207.7947,188.9202,209.0426|88:192.7258,184.1904,183.4147,198.9393,186.8980|145:198.1876,238.2728,197.7422,195.1630,222.1821|166:186.4224,191.6966,188.1115,207.3496,188.1031|141:206.2587,186.2290,185.6697,193.0893,185.6180|65:184.8192,186.2086,197.6037,191.6174,191.7098|6:212.8171,208.7979,196.4363,210.3877,222.1068|131:221.7658,220.1226,221.3655,219.8847,245.7209|119:209.8092,196.2223,220.3840,188.8977,188.9035|162:241.2210,185.8088,218.4294,292.2934,220.2958|0:261.6987,206.7476,240.3133,292.1929,326.4686",1,1,1,1,1,False,True,6,6,2,1
87|157|149|109|143|114|117|2|88|145|166|141|65|6|131|119|96|162|107|0,87|157|149|109|143|114|117|2|88|145|166|141|65|6|131|119|96|162|107|0,0,60,1,107,18,1,107,18,1,1,13,48,313.5492858886719,313.5492858886719,,,cluster_too_small,0,0,,,,,,,,,,,,,,,,,,,0,,,,,,0,,,,,,0,,,,,,0,,,,,,0,,,,,,0,,,,,,0,,,,,,0,,,,,,1,313.5492858886719,313.5492858886719,313.5492858886719,313.5492858886719,0.0,,,"107:320.4389,314.4994,361.8587,339.9008,313.5493",0,0,1,1,1,,,47,47,2,1
87|157|149|109|143|114|117|2|88|145|166|141|65|6|131|119|96|162|107|0,87|157|149|109|143|114|117|2|88|145|166|141|65|6|131|119|96|162|107|0,0,60,3,96,16,1,96,16,1,1,53,8,222.45620727539062,222.45620727539062,,,cluster_too_small,0,0,,,,,,,,,,,,,,,,,,,0,,,,,,0,,,,,,0,,,,,,0,,,,,,0,,,,,,0,,,,,,0,,,,,,0,,,,,,1,222.45620727539062,222.45620727539062,222.45620727539062,222.45620727539062,0.0,,,"96:217.6632,234.5460,216.9665,212.4140,222.4562",0,0,1,1,1,,,7,7,2,1
87|157|149|109|143|114|117|2|88|145|166|141|65|6|131|119|96|162|107|0,87|157|149|109|143|114|117|2|88|145|166|141|65|6|131|119|96|162|107|0,0,60,4,87|157|149|109|143|114|117|2|88|145|166|141|65|6|131|119|162|0,0|1|2|3|4|5|6|7|8|9|10|11|12|13|14|15|17|19,18,87|157|149|109|143|114|117|2|88|145|166|141|65|6|131|119|162|0,0|1|2|3|4|5|6|7|8|9|10|11|12|13|14|15|17|19,18,1,53,8,159.78421020507812,256.364013671875,160.89839935302734,262.62303466796874,eligible,0,0,,,,,,,,,,,,,,,,,,,0,,,,,,0,,,,,,0,,,,,,0,,,,,,0,,,,,,0,,,,,,0,,,,,,0,,,,,,18,178.01214599609375,203.9095696343316,205.4722137451172,256.364013671875,18.496473561937677,,,"87:199.6787,226.5078,218.8334,199.1725,190.5551|157:199.9109,190.0162,200.1089,208.7243,186.3104|149:216.6673,205.3884,197.0909,212.8634,210.5538|109:223.2868,263.2393,211.9824,232.0340,205.6107|143:198.5909,208.5913,216.9710,223.1782,203.5453|114:210.5211,182.0045,241.9598,232.7917,220.5657|117:213.8494,191.6279,219.2580,217.5663,222.0102|2:208.6936,207.7947,188.9202,209.0426,219.0891|88:184.1904,183.4147,198.9393,186.8980,187.3735|145:238.2728,197.7422,195.1630,222.1821,212.6584|166:191.6966,188.1115,207.3496,188.1031,178.0121|141:186.2290,185.6697,193.0893,185.6180,186.4029|65:186.2086,197.6037,191.6174,191.7098,190.7408|6:208.7979,196.4363,210.3877,222.1068,205.3337|131:220.1226,221.3655,219.8847,245.7209,207.3783|119:196.2223,220.3840,188.8977,188.9035,181.2392|162:185.8088,218.4294,292.2934,220.2958,256.3640|0:206.7476,240.3133,292.1929,326.4686,206.6290",1,1,1,1,1,True,False,7,7,2,1
87|157|149|109|143|114|117|2|88|145|166|141|65|6|131|119|96|162|107|0,87|157|149|109|143|114|117|2|88|145|166|141|65|6|131|119|96|162|107|0,0,61,1,107,18,1,107,18,1,1,13,49,225.35366821289062,225.35366821289062,,,cluster_too_small,0,0,,,,,,,,,,,,,,,,,,,0,,,,,,0,,,,,,0,,,,,,0,,,,,,0,,,,,,0,,,,,,0,,,,,,0,,,,,,1,225.35366821289062,225.35366821289062,225.35366821289062,225.35366821289062,0.0,,,"107:314.4994,361.8587,339.9008,313.5493,225.3537",0,0,1,1,1,,,48,48,2,1
87|157|149|109|143|114|117|2|88|145|166|141|65|6|131|119|96|162|107|0,87|157|149|109|143|114|117|2|88|145|166|141|65|6|131|119|96|162|107|0,0,61,3,96,16,1,96,16,1,1,53,9,227.84422302246094,227.84422302246094,,,cluster_too_small,0,0,,,,,,,,,,,,,,,,,,,0,,,,,,0,,,,,,0,,,,,,0,,,,,,0,,,,,,0,,,,,,0,,,,,,0,,,,,,1,227.84422302246094,227.84422302246094,227.84422302246094,227.84422302246094,0.0,,,"96:234.5460,216.9665,212.4140,222.4562,227.8442",0,0,1,1,1,,,8,8,2,1
87|157|149|109|143|114|117|2|88|145|166|141|65|6|131|119|96|162|107|0,87|157|149|109|143|114|117|2|88|145|166|141|65|6|131|119|96|162|107|0,0,61,4,87|157|149|109|143|114|117|2|88|145|166|141|65|6|131|119|162|0,0|1|2|3|4|5|6|7|8|9|10|11|12|13|14|15|17|19,18,87|157|149|109|143|114|117|2|88|145|166|141|65|6|131|119|162|0,0|1|2|3|4|5|6|7|8|9|10|11|12|13|14|15|17|19,18,1,53,9,160.07322692871094,304.63970947265625,160.7672149658203,262.0068115234375,eligible,1,1,valid_cut,,0.05071555180462974,5.0,6.0,5|6,1.0,17.0,1.0,17.0,0.058823529411764705,0,87|157|149|109|143|114|117|2|88|145|166|141|65|6|131|119|162,left,0,data_4100_4_6.5_chordal,123.20021446078431,438.5151062011719,153,20.524978637695312,123.20021446078431,93.71737670898438,438.5151062011719,92.01023157598605,153,0.0022752346526680855,0.01204462342051351,0.010557724830919494,0.04645765353972358,0.007407565634118287,0,,,,,,136,20.524978637695312,95.39834157158347,84.88841247558594,224.69725036621094,46.14218460782632,17,231.9298095703125,345.61519757439106,341.8400115966797,438.5151062011719,59.229697165638015,0,,,,,,136,0.00443071414639489,0.013177292878926009,0.011648234914622278,0.04645765353972358,0.007081074824235952,17,0.0022752346526680855,0.0029832677532135145,0.0029168124086298586,0.004293138786507009,0.000586178246809941,18,175.10281372070312,204.50376213921442,195.50215911865234,304.63970947265625,27.841364190502382,87:94.1306|157:96.2946|149:100.1088|109:140.5007|143:85.1205|114:117.8686|117:96.1025|2:95.2392|88:125.0130|145:100.0654|166:113.0294|141:122.6482|65:105.7813|6:85.1091|131:116.6211|119:101.2515|162:177.1040|0:345.6152,87:0.0129|157:0.0150|149:0.0132|109:0.0078|143:0.0159|114:0.0096|117:0.0143|2:0.0149|88:0.0127|145:0.0131|166:0.0113|141:0.0135|65:0.0142|6:0.0168|131:0.0099|119:0.0129|162:0.0058|0:0.0030,87:|157:|149:|109:|143:|114:|117:|2:|88:|145:|166:|141:|65:|6:|131:|119:|162:|0:,1,1,1,1,1,True,True,8,8,2,1
87|157|149|109|143|114|117|2|88|145|166|141|65|6|131|119|96|162|107|0,87|157|149|109|143|114|117|2|88|145|166|141|65|6|131|119|96|162|107|0,0,62,1,107,18,1,107,18,1,1,13,50,362.01434326171875,362.01434326171875,,,cluster_too_small,0,0,,,,,,,,,,,,,,,,,,,0,,,,,,0,,,,,,0,,,,,,0,,,,,,0,,,,,,0,,,,,,0,,,,,,0,,,,,,1,362.01434326171875,362.01434326171875,362.01434326171875,362.01434326171875,0.0,,,"107:361.8587,339.9008,313.5493,225.3537,362.0143",0,0,1,1,1,,,49,49,2,1
87|157|149|109|143|114|117|2|88|145|166|141|65|6|131|119|96|162|107|0,87|157|149|109|143|114|117|2|88|145|166|141|65|6|131|119|96|162|107|0,0,62,3,96,16,1,96,16,1,1,53,10,233.0919952392578,233.0919952392578,,,cluster_too_small,0,0,,,,,,,,,,,,,,,,,,,0,,,,,,0,,,,,,0,,,,,,0,,,,,,0,,,,,,0,,,,,,0,,,,,,0,,,,,,1,233.0919952392578,233.0919952392578,233.0919952392578,233.0919952392578,0.0,,,"96:216.9665,212.4140,222.4562,227.8442,233.0920",0,0,1,1,1,,,9,9,2,1
87|157|149|109|143|114|117|2|88|145|166|141|65|6|131|119|96|162|107|0,87|157|149|109|143|114|117|2|88|145|166|141|65|6|131|119|96|162|107|0,0,62,5,0,19,1,0,19,1,1,62,1,231.01025390625,231.01025390625,,,cluster_too_small,0,0,,,,,,,,,,,,,,,,,,,0,,,,,,0,,,,,,0,,,,,,0,,,,,,0,,,,,,0,,,,,,0,,,,,,0,,,,,,1,231.01025390625,231.01025390625,231.01025390625,231.01025390625,0.0,,,0:231.0103,0,0,1,0,0,,,0,0,2,1
87|157|149|109|143|114|117|2|88|145|166|141|65|6|131|119|96|162|107|0,87|157|149|109|143|114|117|2|88|145|166|141|65|6|131|119|96|162|107|0,0,62,6,87|157|149|109|143|114|117|2|88|145|166|141|65|6|131|119|162,0|1|2|3|4|5|6|7|8|9|10|11|12|13|14|15|17,17,87|157|149|109|143|114|117|2|88|145|166|141|65|6|131|119|162,0|1|2|3|4|5|6|7|8|9|10|11|12|13|14|15|17,17,1,62,1,159.25303649902344,232.3994140625,,,warmup,0,0,,,,,,,,,,,,,,,,,,,0,,,,,,0,,,,,,0,,,,,,0,,,,,,0,,,,,,0,,,,,,0,,,,,,0,,,,,,17,175.9290008544922,194.7186144660501,192.11427307128906,232.3994140625,15.34219621888707,,,87:187.3885|157:206.4589|149:188.0776|109:227.7290|143:192.4749|114:209.2113|117:175.9290|2:192.4281|88:183.1173|145:192.1143|166:193.9103|141:189.7389|65:176.9685|6:192.3573|131:186.5192|119:183.3940|162:232.3994,1,1,1,0,0,,,0,0,2,1
87|157|149|109|143|114|117|2|88|145|166|141|65|6|131|119|96|162|107|0,87|157|149|109|143|114|117|2|88|145|166|141|65|6|131|119|96|162|107|0,0,63,1,107,18,1,107,18,1,1,13,51,403.5465087890625,403.5465087890625,,,cluster_too_small,0,0,,,,,,,,,,,,,,,,,,,0,,,,,,0,,,,,,0,,,,,,0,,,,,,0,,,,,,0,,,,,,0,,,,,,0,,,,,,1,403.5465087890625,403.5465087890625,403.5465087890625,403.5465087890625,0.0,,,"107:339.9008,313.5493,225.3537,362.0143,403.5465",0,0,1,1,1,,,50,50,2,1
87|157|149|109|143|114|117|2|88|145|166|141|65|6|131|119|96|162|107|0,87|157|149|109|143|114|117|2|88|145|166|141|65|6|131|119|96|162|107|0,0,63,3,96,16,1,96,16,1,1,53,11,211.46836853027344,211.46836853027344,,,cluster_too_small,0,0,,,,,,,,,,,,,,,,,,,0,,,,,,0,,,,,,0,,,,,,0,,,,,,0,,,,,,0,,,,,,0,,,,,,0,,,,,,1,211.46836853027344,211.46836853027344,211.46836853027344,211.46836853027344,0.0,,,"96:212.4140,222.4562,227.8442,233.0920,211.4684",0,0,1,1,1,,,10,10,2,1
87|157|149|109|143|114|117|2|88|145|166|141|65|6|131|119|96|162|107|0,87|157|149|109|143|114|117|2|88|145|166|141|65|6|131|119|96|162|107|0,0,63,5,0,19,1,0,19,1,1,62,2,200.56114196777344,200.56114196777344,,,cluster_too_small,0,0,,,,,,,,,,,,,,,,,,,0,,,,,,0,,,,,,0,,,,,,0,,,,,,0,,,,,,0,,,,,,0,,,,,,0,,,,,,1,200.56114196777344,200.56114196777344,200.56114196777344,200.56114196777344,0.0,,,"0:231.0103,200.5611",0,0,1,0,0,,,1,1,2,1
87|157|149|109|143|114|117|2|88|145|166|141|65|6|131|119|96|162|107|0,87|157|149|109|143|114|117|2|88|145|166|141|65|6|131|119|96|162|107|0,0,63,6,87|157|149|109|143|114|117|2|88|145|166|141|65|6|131|119|162,0|1|2|3|4|5|6|7|8|9|10|11|12|13|14|15|17,17,87|157|149|109|143|114|117|2|88|145|166|141|65|6|131|119|162,0|1|2|3|4|5|6|7|8|9|10|11|12|13|14|15|17,17,1,62,2,162.2321014404297,255.20310974121094,,,warmup,0,0,,,,,,,,,,,,,,,,,,,0,,,,,,0,,,,,,0,,,,,,0,,,,,,0,,,,,,0,,,,,,0,,,,,,0,,,,,,17,168.06497192382812,200.89304845473345,199.6258544921875,255.20310974121094,18.99960808760779,,,"87:187.3885,193.1265|157:206.4589,209.9558|149:188.0776,208.4456|109:227.7290,203.2694|143:192.4749,255.2031|114:209.2113,192.0269|117:175.9290,200.6153|2:192.4281,197.2592|88:183.1173,168.0650|145:192.1143,179.0268|166:193.9103,193.9214|141:189.7389,187.3910|65:176.9685,186.6113|6:192.3573,199.6259|131:186.5192,210.5063|119:183.3940,200.8594|162:232.3994,229.2730",1,1,1,0,0,,,1,1,2,1
87|157|149|109|143|114|117|2|88|145|166|141|65|6|131|119|96|162|107|0,87|157|149|109|143|114|117|2|88|145|166|141|65|6|131|119|96|162|107|0,0,64,1,107,18,1,107,18,1,1,13,52,254.23532104492188,254.23532104492188,,,cluster_too_small,0,0,,,,,,,,,,,,,,,,,,,0,,,,,,0,,,,,,0,,,,,,0,,,,,,0,,,,,,0,,,,,,0,,,,,,0,,,,,,1,254.23532104492188,254.23532104492188,254.23532104492188,254.23532104492188,0.0,,,"107:313.5493,225.3537,362.0143,403.5465,254.2353",0,0,1,1,1,,,51,51,2,1
87|157|149|109|143|114|117|2|88|145|166|141|65|6|131|119|96|162|107|0,87|157|149|109|143|114|117|2|88|145|166|141|65|6|131|119|96|162|107|0,0,64,3,96,16,1,96,16,1,1,53,12,231.28146362304688,231.28146362304688,,,cluster_too_small,0,0,,,,,,,,,,,,,,,,,,,0,,,,,,0,,,,,,0,,,,,,0,,,,,,0,,,,,,0,,,,,,0,,,,,,0,,,,,,1,231.28146362304688,231.28146362304688,231.28146362304688,231.28146362304688,0.0,,,"96:222.4562,227.8442,233.0920,211.4684,231.2815",0,0,1,1,1,,,11,11,2,1
87|157|149|109|143|114|117|2|88|145|166|141|65|6|131|119|96|162|107|0,87|157|149|109|143|114|117|2|88|145|166|141|65|6|131|119|96|162|107|0,0,64,5,0,19,1,0,19,1,1,62,3,229.76394653320312,229.76394653320312,,,cluster_too_small,0,0,,,,,,,,,,,,,,,,,,,0,,,,,,0,,,,,,0,,,,,,0,,,,,,0,,,,,,0,,,,,,0,,,,,,0,,,,,,1,229.76394653320312,229.76394653320312,229.76394653320312,229.76394653320312,0.0,,,"0:231.0103,200.5611,229.7639",0,0,1,0,0,,,2,2,2,1
87|157|149|109|143|114|117|2|88|145|166|141|65|6|131|119|96|162|107|0,87|157|149|109|143|114|117|2|88|145|166|141|65|6|131|119|96|162|107|0,0,64,6,87|157|149|109|143|114|117|2|88|145|166|141|65|6|131|119|162,0|1|2|3|4|5|6|7|8|9|10|11|12|13|14|15|17,17,87|157|149|109|143|114|117|2|88|145|166|141|65|6|131|119|162,0|1|2|3|4|5|6|7|8|9|10|11|12|13|14|15|17,17,1,62,3,161.89971923828125,236.9200897216797,,,warmup,0,0,,,,,,,,,,,,,,,,,,,0,,,,,,0,,,,,,0,,,,,,0,,,,,,0,,,,,,0,,,,,,0,,,,,,0,,,,,,17,175.87188720703125,200.45667042451745,194.76036071777344,236.9200897216797,17.201196211579223,,,"87:187.3885,193.1265,208.9101|157:206.4589,209.9558,190.6656|149:188.0776,208.4456,201.6497|109:227.7290,203.2694,232.6919|143:192.4749,255.2031,196.2304|114:209.2113,192.0269,193.1746|117:175.9290,200.6153,194.2512|2:192.4281,197.2592,186.1817|88:183.1173,168.0650,192.3500|145:192.1143,179.0268,195.9699|166:193.9103,193.9214,194.7604|141:189.7389,187.3910,236.9201|65:176.9685,186.6113,175.8719|6:192.3573,199.6259,204.1844|131:186.5192,210.5063,182.1075|119:183.3940,200.8594,189.8624|162:232.3994,229.2730,231.9817",1,1,1,0,0,,,2,2,2,1
87|157|149|109|143|114|117|2|88|145|166|141|65|6|131|119|96|162|107|0,87|157|149|109|143|114|117|2|88|145|166|141|65|6|131|119|96|162|107|0,0,65,1,107,18,1,107,18,1,1,13,53,286.11614990234375,286.11614990234375,,,cluster_too_small,0,0,,,,,,,,,,,,,,,,,,,0,,,,,,0,,,,,,0,,,,,,0,,,,,,0,,,,,,0,,,,,,0,,,,,,0,,,,,,1,286.11614990234375,286.11614990234375,286.11614990234375,286.11614990234375,0.0,,,"107:225.3537,362.0143,403.5465,254.2353,286.1161",0,0,1,1,1,,,52,52,2,1
87|157|149|109|143|114|117|2|88|145|166|141|65|6|131|119|96|162|107|0,87|157|149|109|143|114|117|2|88|145|166|141|65|6|131|119|96|162|107|0,0,65,3,96,16,1,96,16,1,1,53,13,222.24429321289062,222.24429321289062,,,cluster_too_small,0,0,,,,,,,,,,,,,,,,,,,0,,,,,,0,,,,,,0,,,,,,0,,,,,,0,,,,,,0,,,,,,0,,,,,,0,,,,,,1,222.24429321289062,222.24429321289062,222.24429321289062,222.24429321289062,0.0,,,"96:227.8442,233.0920,211.4684,231.2815,222.2443",0,0,1,1,1,,,12,12,2,1
87|157|149|109|143|114|117|2|88|145|166|141|65|6|131|119|96|162|107|0,87|157|149|109|143|114|117|2|88|145|166|141|65|6|131|119|96|162|107|0,0,65,5,0,19,1,0,19,1,1,62,4,225.16143798828125,225.16143798828125,,,cluster_too_small,0,0,,,,,,,,,,,,,,,,,,,0,,,,,,0,,,,,,0,,,,,,0,,,,,,0,,,,,,0,,,,,,0,,,,,,0,,,,,,1,225.16143798828125,225.16143798828125,225.16143798828125,225.16143798828125,0.0,,,"0:231.0103,200.5611,229.7639,225.1614",0,0,1,0,0,,,3,3,2,1
87|157|149|109|143|114|117|2|88|145|166|141|65|6|131|119|96|162|107|0,87|157|149|109|143|114|117|2|88|145|166|141|65|6|131|119|96|162|107|0,0,65,6,87|157|149|109|143|114|117|2|88|145|166|141|65|6|131|119|162,0|1|2|3|4|5|6|7|8|9|10|11|12|13|14|15|17,17,87|157|149|109|143|114|117|2|88|145|166|141|65|6|131|119|162,0|1|2|3|4|5|6|7|8|9|10|11|12|13|14|15|17,17,1,62,4,159.0436248779297,240.490966796875,,,warmup,0,0,,,,,,,,,,,,,,,,,,,0,,,,,,0,,,,,,0,,,,,,0,,,,,,0,,,,,,0,,,,,,0,,,,,,0,,,,,,17,173.62599182128906,198.17479571174172,193.73313903808594,240.490966796875,17.89186706289854,,,"87:187.3885,193.1265,208.9101,208.4469|157:206.4589,209.9558,190.6656,206.8755|149:188.0776,208.4456,201.6497,224.0755|109:227.7290,203.2694,232.6919,220.1844|143:192.4749,255.2031,196.2304,195.1285|114:209.2113,192.0269,193.1746,193.7331|117:175.9290,200.6153,194.2512,179.6762|2:192.4281,197.2592,186.1817,190.8114|88:183.1173,168.0650,192.3500,173.6260|145:192.1143,179.0268,195.9699,182.2044|166:193.9103,193.9214,194.7604,188.4896|141:189.7389,187.3910,236.9201,180.5670|65:176.9685,186.6113,175.8719,191.0602|6:192.3573,199.6259,204.1844,206.8798|131:186.5192,210.5063,182.1075,208.4470|119:183.3940,200.8594,189.8624,178.2749|162:232.3994,229.2730,231.9817,240.4910",1,1,1,0,0,,,3,3,2,1
87|157|149|109|143|114|117|2|88|145|166|141|65|6|131|119|96|162|107|0,87|157|149|109|143|114|117|2|88|145|166|141|65|6|131|119|96|162|107|0,0,66,1,107,18,1,107,18,1,1,13,54,260.7000427246094,260.7000427246094,,,cluster_too_small,0,0,,,,,,,,,,,,,,,,,,,0,,,,,,0,,,,,,0,,,,,,0,,,,,,0,,,,,,0,,,,,,0,,,,,,0,,,,,,1,260.7000427246094,260.7000427246094,260.7000427246094,260.7000427246094,0.0,,,"107:362.0143,403.5465,254.2353,286.1161,260.7000",0,0,1,1,1,,,53,53,2,1
87|157|149|109|143|114|117|2|88|145|166|141|65|6|131|119|96|162|107|0,87|157|149|109|143|114|117|2|88|145|166|141|65|6|131|119|96|162|107|0,0,66,3,96,16,1,96,16,1,1,53,14,253.46929931640625,253.46929931640625,,,cluster_too_small,0,0,,,,,,,,,,,,,,,,,,,0,,,,,,0,,,,,,0,,,,,,0,,,,,,0,,,,,,0,,,,,,0,,,,,,0,,,,,,1,253.46929931640625,253.46929931640625,253.46929931640625,253.46929931640625,0.0,,,"96:233.0920,211.4684,231.2815,222.2443,253.4693",0,0,1,1,1,,,13,13,2,1
87|157|149|109|143|114|117|2|88|145|166|141|65|6|131|119|96|162|107|0,87|157|149|109|143|114|117|2|88|145|166|141|65|6|131|119|96|162|107|0,0,66,5,0,19,1,0,19,1,1,62,5,193.89541625976562,193.89541625976562,,,cluster_too_small,0,0,,,,,,,,,,,,,,,,,,,0,,,,,,0,,,,,,0,,,,,,0,,,,,,0,,,,,,0,,,,,,0,,,,,,0,,,,,,1,193.89541625976562,193.89541625976562,193.89541625976562,193.89541625976562,0.0,,,"0:231.0103,200.5611,229.7639,225.1614,193.8954",0,0,1,0,0,,,4,4,2,1
87|157|149|109|143|114|117|2|88|145|166|141|65|6|131|119|96|162|107|0,87|157|149|109|143|114|117|2|88|145|166|141|65|6|131|119|96|162|107|0,0,66,6,87|157|149|109|143|114|117|2|88|145|166|141|65|6|131|119|162,0|1|2|3|4|5|6|7|8|9|10|11|12|13|14|15|17,17,87|157|149|109|143|114|117|2|88|145|166|141|65|6|131|119|162,0|1|2|3|4|5|6|7|8|9|10|11|12|13|14|15|17,17,1,62,5,159.439453125,213.06753540039062,,,warmup,0,0,,,,,,,,,,,,,,,,,,,0,,,,,,0,,,,,,0,,,,,,0,,,,,,0,,,,,,0,,,,,,0,,,,,,0,,,,,,17,186.8468780517578,196.66171892951516,194.7028045654297,213.06753540039062,6.908334786967018,,,"87:187.3885,193.1265,208.9101,208.4469,191.6286|157:206.4589,209.9558,190.6656,206.8755,187.3826|149:188.0776,208.4456,201.6497,224.0755,190.7354|109:227.7290,203.2694,232.6919,220.1844,202.5865|143:192.4749,255.2031,196.2304,195.1285,203.7166|114:209.2113,192.0269,193.1746,193.7331,194.7028|117:175.9290,200.6153,194.2512,179.6762,190.8194|2:192.4281,197.2592,186.1817,190.8114,205.5644|88:183.1173,168.0650,192.3500,173.6260,191.9932|145:192.1143,179.0268,195.9699,182.2044,192.3913|166:193.9103,193.9214,194.7604,188.4896,194.5765|141:189.7389,187.3910,236.9201,180.5670,213.0675|65:176.9685,186.6113,175.8719,191.0602,197.6132|6:192.3573,199.6259,204.1844,206.8798,200.1427|131:186.5192,210.5063,182.1075,208.4470,196.5143|119:183.3940,200.8594,189.8624,178.2749,186.8469|162:232.3994,229.2730,231.9817,240.4910,202.9674",1,1,1,0,0,,,4,4,2,1
87|157|149|109|143|114|117|2|88|145|166|141|65|6|131|119|96|162|107|0,87|157|149|109|143|114|117|2|88|145|166|141|65|6|131|119|96|162|107|0,0,67,1,107,18,1,107,18,1,1,13,55,271.9816589355469,271.9816589355469,,,cluster_too_small,0,0,,,,,,,,,,,,,,,,,,,0,,,,,,0,,,,,,0,,,,,,0,,,,,,0,,,,,,0,,,,,,0,,,,,,0,,,,,,1,271.9816589355469,271.9816589355469,271.9816589355469,271.9816589355469,0.0,,,"107:403.5465,254.2353,286.1161,260.7000,271.9817",0,0,1,1,1,,,54,54,2,1
87|157|149|109|143|114|117|2|88|145|166|141|65|6|131|119|96|162|107|0,87|157|149|109|143|114|117|2|88|145|166|141|65|6|131|119|96|162|107|0,0,67,3,96,16,1,96,16,1,1,53,15,236.7949981689453,236.7949981689453,,,cluster_too_small,0,0,,,,,,,,,,,,,,,,,,,0,,,,,,0,,,,,,0,,,,,,0,,,,,,0,,,,,,0,,,,,,0,,,,,,0,,,,,,1,236.7949981689453,236.7949981689453,236.7949981689453,236.7949981689453,0.0,,,"96:211.4684,231.2815,222.2443,253.4693,236.7950",0,0,1,1,1,,,14,14,2,1
87|157|149|109|143|114|117|2|88|145|166|141|65|6|131|119|96|162|107|0,87|157|149|109|143|114|117|2|88|145|166|141|65|6|131|119|96|162|107|0,0,67,5,0,19,1,0,19,1,1,62,6,200.31150817871094,200.31150817871094,,,cluster_too_small,0,0,,,,,,,,,,,,,,,,,,,0,,,,,,0,,,,,,0,,,,,,0,,,,,,0,,,,,,0,,,,,,0,,,,,,0,,,,,,1,200.31150817871094,200.31150817871094,200.31150817871094,200.31150817871094,0.0,,,"0:200.5611,229.7639,225.1614,193.8954,200.3115",0,0,1,1,1,,,5,5,2,1
87|157|149|109|143|114|117|2|88|145|166|141|65|6|131|119|96|162|107|0,87|157|149|109|143|114|117|2|88|145|166|141|65|6|131|119|96|162|107|0,0,67,6,87|157|149|109|143|114|117|2|88|145|166|141|65|6|131|119|162,0|1|2|3|4|5|6|7|8|9|10|11|12|13|14|15|17,17,87|157|149|109|143|114|117|2|88|145|166|141|65|6|131|119|162,0|1|2|3|4|5|6|7|8|9|10|11|12|13|14|15|17,17,1,62,6,158.90029907226562,213.79302978515625,159.32760314941407,238.34844055175782,eligible,0,0,,,,,,,,,,,,,,,,,,,0,,,,,,0,,,,,,0,,,,,,0,,,,,,0,,,,,,0,,,,,,0,,,,,,0,,,,,,17,170.2457275390625,190.33321694766775,189.81704711914062,213.79302978515625,12.819423083187274,,,"87:193.1265,208.9101,208.4469,191.6286,192.4843|157:209.9558,190.6656,206.8755,187.3826,184.0237|149:208.4456,201.6497,224.0755,190.7354,189.8170|109:203.2694,232.6919,220.1844,202.5865,208.8264|143:255.2031,196.2304,195.1285,203.7166,187.7513|114:192.0269,193.1746,193.7331,194.7028,192.2570|117:200.6153,194.2512,179.6762,190.8194,178.8016|2:197.2592,186.1817,190.8114,205.5644,170.2457|88:168.0650,192.3500,173.6260,191.9932,178.4558|145:179.0268,195.9699,182.2044,192.3913,213.7930|166:193.9214,194.7604,188.4896,194.5765,178.9330|141:187.3910,236.9201,180.5670,213.0675,190.5848|65:186.6113,175.8719,191.0602,197.6132,183.5055|6:199.6259,204.1844,206.8798,200.1427,191.5085|131:210.5063,182.1075,208.4470,196.5143,206.5588|119:200.8594,189.8624,178.2749,186.8469,175.3551|162:229.2730,231.9817,240.4910,202.9674,212.7632",1,1,1,1,1,True,False,5,5,2,1
87|157|149|109|143|114|117|2|88|145|166|141|65|6|131|119|96|162|107|0,87|157|149|109|143|114|117|2|88|145|166|141|65|6|131|119|96|162|107|0,0,68,1,107,18,1,107,18,1,1,13,56,244.15565490722656,244.15565490722656,,,cluster_too_small,0,0,,,,,,,,,,,,,,,,,,,0,,,,,,0,,,,,,0,,,,,,0,,,,,,0,,,,,,0,,,,,,0,,,,,,0,,,,,,1,244.15565490722656,244.15565490722656,244.15565490722656,244.15565490722656,0.0,,,"107:254.2353,286.1161,260.7000,271.9817,244.1557",0,0,1,1,1,,,55,55,2,1
87|157|149|109|143|114|117|2|88|145|166|141|65|6|131|119|96|162|107|0,87|157|149|109|143|114|117|2|88|145|166|141|65|6|131|119|96|162|107|0,0,68,3,96,16,1,96,16,1,1,53,16,250.57083129882812,250.57083129882812,,,cluster_too_small,0,0,,,,,,,,,,,,,,,,,,,0,,,,,,0,,,,,,0,,,,,,0,,,,,,0,,,,,,0,,,,,,0,,,,,,0,,,,,,1,250.57083129882812,250.57083129882812,250.57083129882812,250.57083129882812,0.0,,,"96:231.2815,222.2443,253.4693,236.7950,250.5708",0,0,1,1,1,,,15,15,2,1
87|157|149|109|143|114|117|2|88|145|166|141|65|6|131|119|96|162|107|0,87|157|149|109|143|114|117|2|88|145|166|141|65|6|131|119|96|162|107|0,0,68,5,0,19,1,0,19,1,1,62,7,213.7965850830078,213.7965850830078,,,cluster_too_small,0,0,,,,,,,,,,,,,,,,,,,0,,,,,,0,,,,,,0,,,,,,0,,,,,,0,,,,,,0,,,,,,0,,,,,,0,,,,,,1,213.7965850830078,213.7965850830078,213.7965850830078,213.7965850830078,0.0,,,"0:229.7639,225.1614,193.8954,200.3115,213.7966",0,0,1,1,1,,,6,6,2,1
87|157|149|109|143|114|117|2|88|145|166|141|65|6|131|119|96|162|107|0,87|157|149|109|143|114|117|2|88|145|166|141|65|6|131|119|96|162|107|0,0,68,6,87|157|149|109|143|114|117|2|88|145|166|141|65|6|131|119|162,0|1|2|3|4|5|6|7|8|9|10|11|12|13|14|15|17,17,87|157|149|109|143|114|117|2|88|145|166|141|65|6|131|119|162,0|1|2|3|4|5|6|7|8|9|10|11|12|13|14|15|17,17,1,62,7,159.00682067871094,222.09637451171875,159.20068359375,236.9200897216797,eligible,0,0,,,,,,,,,,,,,,,,,,,0,,,,,,0,,,,,,0,,,,,,0,,,,,,0,,,,,,0,,,,,,0,,,,,,0,,,,,,17,168.2962188720703,191.55512372185203,191.6700897216797,222.09637451171875,12.386499499930714,,,"87:208.9101,208.4469,191.6286,192.4843,196.4742|157:190.6656,206.8755,187.3826,184.0237,185.6307|149:201.6497,224.0755,190.7354,189.8170,207.3157|109:232.6919,220.1844,202.5865,208.8264,182.1235|143:196.2304,195.1285,203.7166,187.7513,201.8958|114:193.1746,193.7331,194.7028,192.2570,201.1894|117:194.2512,179.6762,190.8194,178.8016,185.0681|2:186.1817,190.8114,205.5644,170.2457,186.5341|88:192.3500,173.6260,191.9932,178.4558,168.2962|145:195.9699,182.2044,192.3913,213.7930,191.6701|166:194.7604,188.4896,194.5765,178.9330,184.2174|141:236.9201,180.5670,213.0675,190.5848,177.3061|65:175.8719,191.0602,197.6132,183.5055,179.2553|6:204.1844,206.8798,200.1427,191.5085,193.5810|131:182.1075,208.4470,196.5143,206.5588,197.7760|119:189.8624,178.2749,186.8469,175.3551,196.0069|162:231.9817,240.4910,202.9674,212.7632,222.0964",1,1,1,1,1,True,False,6,6,2,1
87|157|149|109|143|114|117|2|88|145|166|141|65|6|131|119|96|162|107|0,87|157|149|109|143|114|117|2|88|145|166|141|65|6|131|119|96|162|107|0,0,69,1,107,18,1,107,18,1,1,13,57,268.68768310546875,268.68768310546875,,,cluster_too_small,0,0,,,,,,,,,,,,,,,,,,,0,,,,,,0,,,,,,0,,,,,,0,,,,,,0,,,,,,0,,,,,,0,,,,,,0,,,,,,1,268.68768310546875,268.68768310546875,268.68768310546875,268.68768310546875,0.0,,,"107:286.1161,260.7000,271.9817,244.1557,268.6877",0,0,1,1,1,,,56,56,2,1
87|157|149|109|143|114|117|2|88|145|166|141|65|6|131|119|96|162|107|0,87|157|149|109|143|114|117|2|88|145|166|141|65|6|131|119|96|162|107|0,0,69,3,96,16,1,96,16,1,1,53,17,225.41697692871094,225.41697692871094,,,cluster_too_small,0,0,,,,,,,,,,,,,,,,,,,0,,,,,,0,,,,,,0,,,,,,0,,,,,,0,,,,,,0,,,,,,0,,,,,,0,,,,,,1,225.41697692871094,225.41697692871094,225.41697692871094,225.41697692871094,0.0,,,"96:222.2443,253.4693,236.7950,250.5708,225.4170",0,0,1,1,1,,,16,16,2,1
87|157|149|109|143|114|117|2|88|145|166|141|65|6|131|119|96|162|107|0,87|157|149|109|143|114|117|2|88|145|166|141|65|6|131|119|96|162|107|0,0,69,5,0,19,1,0,19,1,1,62,8,204.4858856201172,204.4858856201172,,,cluster_too_small,0,0,,,,,,,,,,,,,,,,,,,0,,,,,,0,,,,,,0,,,,,,0,,,,,,0,,,,,,0,,,,,,0,,,,,,0,,,,,,1,204.4858856201172,204.4858856201172,204.4858856201172,204.4858856201172,0.0,,,"0:225.1614,193.8954,200.3115,213.7966,204.4859",0,0,1,1,1,,,7,7,2,1
87|157|149|109|143|114|117|2|88|145|166|141|65|6|131|119|96|162|107|0,87|157|149|109|143|114|117|2|88|145|166|141|65|6|131|119|96|162|107|0,0,69,6,87|157|149|109|143|114|117|2|88|145|166|141|65|6|131|119|162,0|1|2|3|4|5|6|7|8|9|10|11|12|13|14|15|17,17,87|157|149|109|143|114|117|2|88|145|166|141|65|6|131|119|162,0|1|2|3|4|5|6|7|8|9|10|11|12|13|14|15|17,17,1,62,8,160.00582885742188,230.50035095214844,159.06456604003907,235.1118194580078,eligible,0,0,,,,,,,,,,,,,,,,,,,0,,,,,,0,,,,,,0,,,,,,0,,,,,,0,,,,,,0,,,,,,0,,,,,,0,,,,,,17,178.92076110839844,196.9915376551011,194.5408935546875,230.50035095214844,12.9523672763367,,,"87:208.4469,191.6286,192.4843,196.4742,199.9985|157:206.8755,187.3826,184.0237,185.6307,199.5772|149:224.0755,190.7354,189.8170,207.3157,195.8690|109:220.1844,202.5865,208.8264,182.1235,230.5004|143:195.1285,203.7166,187.7513,201.8958,194.5409|114:193.7331,194.7028,192.2570,201.1894,201.1762|117:179.6762,190.8194,178.8016,185.0681,192.0155|2:190.8114,205.5644,170.2457,186.5341,227.3997|88:173.6260,191.9932,178.4558,168.2962,184.1677|145:182.2044,192.3913,213.7930,191.6701,186.3175|166:188.4896,194.5765,178.9330,184.2174,178.9208|141:180.5670,213.0675,190.5848,177.3061,196.6687|65:191.0602,197.6132,183.5055,179.2553,196.4454|6:206.8798,200.1427,191.5085,193.5810,190.9327|131:208.4470,196.5143,206.5588,197.7760,190.0499|119:178.2749,186.8469,175.3551,196.0069,193.1048|162:240.4910,202.9674,212.7632,222.0964,191.1712",1,1,1,1,1,False,False,7,7,2,1
87|157|149|109|143|114|117|2|88|145|166|141|65|6|131|119|96|162|107|0,87|157|149|109|143|114|117|2|88|145|166|141|65|6|131|119|96|162|107|0,0,70,1,107,18,1,107,18,1,1,13,58,307.53131103515625,307.53131103515625,,,cluster_too_small,0,0,,,,,,,,,,,,,,,,,,,0,,,,,,0,,,,,,0,,,,,,0,,,,,,0,,,,,,0,,,,,,0,,,,,,0,,,,,,1,307.53131103515625,307.53131103515625,307.53131103515625,307.53131103515625,0.0,,,"107:260.7000,271.9817,244.1557,268.6877,307.5313",0,0,1,1,1,,,57,57,2,1
87|157|149|109|143|114|117|2|88|145|166|141|65|6|131|119|96|162|107|0,87|157|149|109|143|114|117|2|88|145|166|141|65|6|131|119|96|162|107|0,0,70,3,96,16,1,96,16,1,1,53,18,243.9152374267578,243.9152374267578,,,cluster_too_small,0,0,,,,,,,,,,,,,,,,,,,0,,,,,,0,,,,,,0,,,,,,0,,,,,,0,,,,,,0,,,,,,0,,,,,,0,,,,,,1,243.9152374267578,243.9152374267578,243.9152374267578,243.9152374267578,0.0,,,"96:253.4693,236.7950,250.5708,225.4170,243.9152",0,0,1,1,1,,,17,17,2,1
87|157|149|109|143|114|117|2|88|145|166|141|65|6|131|119|96|162|107|0,87|157|149|109|143|114|117|2|88|145|166|141|65|6|131|119|96|162|107|0,0,70,5,0,19,1,0,19,1,1,62,9,219.152099609375,219.152099609375,,,cluster_too_small,0,0,,,,,,,,,,,,,,,,,,,0,,,,,,0,,,,,,0,,,,,,0,,,,,,0,,,,,,0,,,,,,0,,,,,,0,,,,,,1,219.152099609375,219.152099609375,219.152099609375,219.152099609375,0.0,,,"0:193.8954,200.3115,213.7966,204.4859,219.1521",0,0,1,1,1,,,8,8,2,1
87|157|149|109|143|114|117|2|88|145|166|141|65|6|131|119|96|162|107|0,87|157|149|109|143|114|117|2|88|145|166|141|65|6|131|119|96|162|107|0,0,70,6,87|157|149|109|143|114|117|2|88|145|166|141|65|6|131|119|162,0|1|2|3|4|5|6|7|8|9|10|11|12|13|14|15|17,17,87|157|149|109|143|114|117|2|88|145|166|141|65|6|131|119|162,0|1|2|3|4|5|6|7|8|9|10|11|12|13|14|15|17,17,1,62,9,161.14328002929688,213.31239318847656,159.1378601074219,233.30354919433594,eligible,0,0,,,,,,,,,,,,,,,,,,,0,,,,,,0,,,,,,0,,,,,,0,,,,,,0,,,,,,0,,,,,,0,,,,,,0,,,,,,17,173.43722534179688,193.20155065199907,190.2432098388672,213.31239318847656,11.956263895691752,,,"87:191.6286,192.4843,196.4742,199.9985,212.6998|157:187.3826,184.0237,185.6307,199.5772,190.2432|149:190.7354,189.8170,207.3157,195.8690,213.3124|109:202.5865,208.8264,182.1235,230.5004,192.3686|143:203.7166,187.7513,201.8958,194.5409,204.4328|114:194.7028,192.2570,201.1894,201.1762,207.5546|117:190.8194,178.8016,185.0681,192.0155,184.1195|2:205.5644,170.2457,186.5341,227.3997,210.0438|88:191.9932,178.4558,168.2962,184.1677,173.4372|145:192.3913,213.7930,191.6701,186.3175,182.9031|166:194.5765,178.9330,184.2174,178.9208,185.8817|141:213.0675,190.5848,177.3061,196.6687,195.8433|65:197.6132,183.5055,179.2553,196.4454,184.0818|6:200.1427,191.5085,193.5810,190.9327,194.9088|131:196.5143,206.5588,197.7760,190.0499,189.5459|119:186.8469,175.3551,196.0069,193.1048,179.4706|162:202.9674,212.7632,222.0964,191.1712,183.5793",1,1,1,1,1,False,False,8,8,2,1
87|157|149|109|143|114|117|2|88|145|166|141|65|6|131|119|96|162|107|0,87|157|149|109|143|114|117|2|88|145|166|141|65|6|131|119|96|162|107|0,0,71,1,107,18,1,107,18,1,1,13,59,302.6884765625,302.6884765625,,,cluster_too_small,0,0,,,,,,,,,,,,,,,,,,,0,,,,,,0,,,,,,0,,,,,,0,,,,,,0,,,,,,0,,,,,,0,,,,,,0,,,,,,1,302.6884765625,302.6884765625,302.6884765625,302.6884765625,0.0,,,"107:271.9817,244.1557,268.6877,307.5313,302.6885",0,0,1,1,1,,,58,58,2,1
87|157|149|109|143|114|117|2|88|145|166|141|65|6|131|119|96|162|107|0,87|157|149|109|143|114|117|2|88|145|166|141|65|6|131|119|96|162|107|0,0,71,3,96,16,1,96,16,1,1,53,19,236.34124755859375,236.34124755859375,,,cluster_too_small,0,0,,,,,,,,,,,,,,,,,,,0,,,,,,0,,,,,,0,,,,,,0,,,,,,0,,,,,,0,,,,,,0,,,,,,0,,,,,,1,236.34124755859375,236.34124755859375,236.34124755859375,236.34124755859375,0.0,,,"96:236.7950,250.5708,225.4170,243.9152,236.3412",0,0,1,1,1,,,18,18,2,1
87|157|149|109|143|114|117|2|88|145|166|141|65|6|131|119|96|162|107|0,87|157|149|109|143|114|117|2|88|145|166|141|65|6|131|119|96|162|107|0,0,71,5,0,19,1,0,19,1,1,62,10,231.4349822998047,231.4349822998047,,,cluster_too_small,0,0,,,,,,,,,,,,,,,,,,,0,,,,,,0,,,,,,0,,,,,,0,,,,,,0,,,,,,0,,,,,,0,,,,,,0,,,,,,1,231.4349822998047,231.4349822998047,231.4349822998047,231.4349822998047,0.0,,,"0:200.3115,213.7966,204.4859,219.1521,231.4350",0,0,1,1,1,,,9,9,2,1
87|157|149|109|143|114|117|2|88|145|166|141|65|6|131|119|96|162|107|0,87|157|149|109|143|114|117|2|88|145|166|141|65|6|131|119|96|162|107|0,0,71,6,87|157|149|109|143|114|117|2|88|145|166|141|65|6|131|119|162,0|1|2|3|4|5|6|7|8|9|10|11|12|13|14|15|17,17,87|157|149|109|143|114|117|2|88|145|166|141|65|6|131|119|162,0|1|2|3|4|5|6|7|8|9|10|11|12|13|14|15|17,17,1,62,10,161.9394073486328,251.3619384765625,159.21115417480468,232.01960144042968,eligible,0,0,,,,,,,,,,,,,,,,,,,0,,,,,,0,,,,,,0,,,,,,0,,,,,,0,,,,,,0,,,,,,0,,,,,,0,,,,,,17,175.8549041748047,196.8160992790671,191.70608520507812,251.3619384765625,18.126565939287836,,,"87:192.4843,196.4742,199.9985,212.6998,184.1504|157:184.0237,185.6307,199.5772,190.2432,189.6266|149:189.8170,207.3157,195.8690,213.3124,195.9868|109:208.8264,182.1235,230.5004,192.3686,197.1028|143:187.7513,201.8958,194.5409,204.4328,184.9238|114:192.2570,201.1894,201.1762,207.5546,201.1809|117:178.8016,185.0681,192.0155,184.1195,191.7061|2:170.2457,186.5341,227.3997,210.0438,176.5690|88:178.4558,168.2962,184.1677,173.4372,213.2758|145:213.7930,191.6701,186.3175,182.9031,206.5780|166:178.9330,184.2174,178.9208,185.8817,223.2058|141:190.5848,177.3061,196.6687,195.8433,191.9830|65:183.5055,179.2553,196.4454,184.0818,175.8549|6:191.5085,193.5810,190.9327,194.9088,184.5508|131:206.5588,197.7760,190.0499,189.5459,189.2279|119:175.3551,196.0069,193.1048,179.4706,188.5890|162:212.7632,222.0964,191.1712,183.5793,251.3619",1,1,1,1,1,False,True,9,9,2,1
87|157|149|109|143|114|117|2|88|145|166|141|65|6|131|119|96|162|107|0,87|157|149|109|143|114|117|2|88|145|166|141|65|6|131|119|96|162|107|0,0,72,1,107,18,1,107,18,1,1,13,60,302.26226806640625,302.26226806640625,,,cluster_too_small,0,0,,,,,,,,,,,,,,,,,,,0,,,,,,0,,,,,,0,,,,,,0,,,,,,0,,,,,,0,,,,,,0,,,,,,0,,,,,,1,302.26226806640625,302.26226806640625,302.26226806640625,302.26226806640625,0.0,,,"107:244.1557,268.6877,307.5313,302.6885,302.2623",0,0,1,1,1,,,59,59,2,1
87|157|149|109|143|114|117|2|88|145|166|141|65|6|131|119|96|162|107|0,87|157|149|109|143|114|117|2|88|145|166|141|65|6|131|119|96|162|107|0,0,72,3,96,16,1,96,16,1,1,53,20,245.9927520751953,245.9927520751953,,,cluster_too_small,0,0,,,,,,,,,,,,,,,,,,,0,,,,,,0,,,,,,0,,,,,,0,,,,,,0,,,,,,0,,,,,,0,,,,,,0,,,,,,1,245.9927520751953,245.9927520751953,245.9927520751953,245.9927520751953,0.0,,,"96:250.5708,225.4170,243.9152,236.3412,245.9928",0,0,1,1,1,,,19,19,2,1
87|157|149|109|143|114|117|2|88|145|166|141|65|6|131|119|96|162|107|0,87|157|149|109|143|114|117|2|88|145|166|141|65|6|131|119|96|162|107|0,0,72,5,0,19,1,0,19,1,1,62,11,206.80856323242188,206.80856323242188,,,cluster_too_small,0,0,,,,,,,,,,,,,,,,,,,0,,,,,,0,,,,,,0,,,,,,0,,,,,,0,,,,,,0,,,,,,0,,,,,,0,,,,,,1,206.80856323242188,206.80856323242188,206.80856323242188,206.80856323242188,0.0,,,"0:213.7966,204.4859,219.1521,231.4350,206.8086",0,0,1,1,1,,,10,10,2,1
87|157|149|109|143|114|117|2|88|145|166|141|65|6|131|119|96|162|107|0,87|157|149|109|143|114|117|2|88|145|166|141|65|6|131|119|96|162|107|0,0,72,6,87|157|149|109|143|114|117|2|88|145|166|141|65|6|131|119|162,0|1|2|3|4|5|6|7|8|9|10|11|12|13|14|15|17,17,87|157|149|109|143|114|117|2|88|145|166|141|65|6|131|119|162,0|1|2|3|4|5|6|7|8|9|10|11|12|13|14|15|17,17,1,62,11,158.7761993408203,202.9994354248047,159.28099899291993,234.2076843261719,eligible,0,0,,,,,,,,,,,,,,,,,,,0,,,,,,0,,,,,,0,,,,,,0,,,,,,0,,,,,,0,,,,,,0,,,,,,0,,,,,,17,171.98793029785156,187.9864205753102,189.52024841308594,202.9994354248047,10.150120923401143,,,"87:196.4742,199.9985,212.6998,184.1504,197.5022|157:185.6307,199.5772,190.2432,189.6266,199.1206|149:207.3157,195.8690,213.3124,195.9868,201.7881|109:182.1235,230.5004,192.3686,197.1028,194.3593|143:201.8958,194.5409,204.4328,184.9238,186.5506|114:201.1894,201.1762,207.5546,201.1809,189.6546|117:185.0681,192.0155,184.1195,191.7061,191.6922|2:186.5341,227.3997,210.0438,176.5690,179.3156|88:168.2962,184.1677,173.4372,213.2758,178.0111|145:191.6701,186.3175,182.9031,206.5780,179.0735|166:184.2174,178.9208,185.8817,223.2058,173.5851|141:177.3061,196.6687,195.8433,191.9830,173.6087|65:179.2553,196.4454,184.0818,175.8549,171.9879|6:193.5810,190.9327,194.9088,184.5508,189.5202|131:197.7760,190.0499,189.5459,189.2279,199.6027|119:196.0069,193.1048,179.4706,188.5890,187.3974|162:222.0964,191.1712,183.5793,251.3619,202.9994",1,1,1,1,1,True,False,10,10,2,1
87|157|149|109|143|114|117|2|88|145|166|141|65|6|131|119|96|162|107|0,87|157|149|109|143|114|117|2|88|145|166|141|65|6|131|119|96|162|107|0,0,73,1,107,18,1,107,18,1,1,13,61,328.0198669433594,328.0198669433594,,,cluster_too_small,0,0,,,,,,,,,,,,,,,,,,,0,,,,,,0,,,,,,0,,,,,,0,,,,,,0,,,,,,0,,,,,,0,,,,,,0,,,,,,1,328.0198669433594,328.0198669433594,328.0198669433594,328.0198669433594,0.0,,,"107:268.6877,307.5313,302.6885,302.2623,328.0199",0,0,1,1,1,,,60,60,2,1
87|157|149|109|143|114|117|2|88|145|166|141|65|6|131|119|96|162|107|0,87|157|149|109|143|114|117|2|88|145|166|141|65|6|131|119|96|162|107|0,0,73,3,96,16,1,96,16,1,1,53,21,237.47262573242188,237.47262573242188,,,cluster_too_small,0,0,,,,,,,,,,,,,,,,,,,0,,,,,,0,,,,,,0,,,,,,0,,,,,,0,,,,,,0,,,,,,0,,,,,,0,,,,,,1,237.47262573242188,237.47262573242188,237.47262573242188,237.47262573242188,0.0,,,"96:225.4170,243.9152,236.3412,245.9928,237.4726",0,0,1,1,1,,,20,20,2,1
87|157|149|109|143|114|117|2|88|145|166|141|65|6|131|119|96|162|107|0,87|157|149|109|143|114|117|2|88|145|166|141|65|6|131|119|96|162|107|0,0,73,5,0,19,1,0,19,1,1,62,12,223.9848175048828,223.9848175048828,,,cluster_too_small,0,0,,,,,,,,,,,,,,,,,,,0,,,,,,0,,,,,,0,,,,,,0,,,,,,0,,,,,,0,,,,,,0,,,,,,0,,,,,,1,223.9848175048828,223.9848175048828,223.9848175048828,223.9848175048828,0.0,,,"0:204.4859,219.1521,231.4350,206.8086,223.9848",0,0,1,1,1,,,11,11,2,1
87|157|149|109|143|114|117|2|88|145|166|141|65|6|131|119|96|162|107|0,87|157|149|109|143|114|117|2|88|145|166|141|65|6|131|119|96|162|107|0,0,73,6,87|157|149|109|143|114|117|2|88|145|166|141|65|6|131|119|162,0|1|2|3|4|5|6|7|8|9|10|11|12|13|14|15|17,17,87|157|149|109|143|114|117|2|88|145|166|141|65|6|131|119|162,0|1|2|3|4|5|6|7|8|9|10|11|12|13|14|15|17,17,1,62,12,159.5263214111328,248.9443817138672,159.14833068847656,232.3994140625,eligible,0,0,,,,,,,,,,,,,,,,,,,0,,,,,,0,,,,,,0,,,,,,0,,,,,,0,,,,,,0,,,,,,0,,,,,,0,,,,,,17,171.0426788330078,196.78410608628218,189.4077911376953,248.9443817138672,19.3575357870156,,,"87:199.9985,212.6998,184.1504,197.5022,216.1510|157:199.5772,190.2432,189.6266,199.1206,220.0225|149:195.8690,213.3124,195.9868,201.7881,186.8436|109:230.5004,192.3686,197.1028,194.3593,187.3522|143:194.5409,204.4328,184.9238,186.5506,191.9977|114:201.1762,207.5546,201.1809,189.6546,185.8760|117:192.0155,184.1195,191.7061,191.6922,189.5677|2:227.3997,210.0438,176.5690,179.3156,171.0427|88:184.1677,173.4372,213.2758,178.0111,189.1664|145:186.3175,182.9031,206.5780,179.0735,218.8837|166:178.9208,185.8817,223.2058,173.5851,248.9444|141:196.6687,195.8433,191.9830,173.6087,189.4078|65:196.4454,184.0818,175.8549,171.9879,175.0622|6:190.9327,194.9088,184.5508,189.5202,194.9562|131:190.0499,189.5459,189.2279,199.6027,182.8050|119:193.1048,179.4706,188.5890,187.3974,184.2766|162:191.1712,183.5793,251.3619,202.9994,212.9741",1,1,1,1,1,False,True,11,11,2,1
87|157|149|109|143|114|117|2|88|145|166|141|65|6|131|119|96|162|107|0,87|157|149|109|143|114|117|2|88|145|166|141|65|6|131|119|96|162|107|0,0,74,1,107,18,1,107,18,1,1,13,62,345.1802673339844,345.1802673339844,,,cluster_too_small,0,0,,,,,,,,,,,,,,,,,,,0,,,,,,0,,,,,,0,,,,,,0,,,,,,0,,,,,,0,,,,,,0,,,,,,0,,,,,,1,345.1802673339844,345.1802673339844,345.1802673339844,345.1802673339844,0.0,,,"107:307.5313,302.6885,302.2623,328.0199,345.1803",0,0,1,1,1,,,61,61,2,1
87|157|149|109|143|114|117|2|88|145|166|141|65|6|131|119|96|162|107|0,87|157|149|109|143|114|117|2|88|145|166|141|65|6|131|119|96|162|107|0,0,74,3,96,16,1,96,16,1,1,53,22,216.6634521484375,216.6634521484375,,,cluster_too_small,0,0,,,,,,,,,,,,,,,,,,,0,,,,,,0,,,,,,0,,,,,,0,,,,,,0,,,,,,0,,,,,,0,,,,,,0,,,,,,1,216.6634521484375,216.6634521484375,216.6634521484375,216.6634521484375,0.0,,,"96:243.9152,236.3412,245.9928,237.4726,216.6635",0,0,1,1,1,,,21,21,2,1
87|157|149|109|143|114|117|2|88|145|166|141|65|6|131|119|96|162|107|0,87|157|149|109|143|114|117|2|88|145|166|141|65|6|131|119|96|162|107|0,0,74,5,0,19,1,0,19,1,1,62,13,238.5322265625,238.5322265625,,,cluster_too_small,0,0,,,,,,,,,,,,,,,,,,,0,,,,,,0,,,,,,0,,,,,,0,,,,,,0,,,,,,0,,,,,,0,,,,,,0,,,,,,1,238.5322265625,238.5322265625,238.5322265625,238.5322265625,0.0,,,"0:219.1521,231.4350,206.8086,223.9848,238.5322",0,0,1,1,1,,,12,12,2,1
87|157|149|109|143|114|117|2|88|145|166|141|65|6|131|119|96|162|107|0,87|157|149|109|143|114|117|2|88|145|166|141|65|6|131|119|96|162|107|0,0,74,6,87|157|149|109|143|114|117|2|88|145|166|141|65|6|131|119|162,0|1|2|3|4|5|6|7|8|9|10|11|12|13|14|15|17,17,87|157|149|109|143|114|117|2|88|145|166|141|65|6|131|119|162,0|1|2|3|4|5|6|7|8|9|10|11|12|13|14|15|17,17,1,62,13,161.2998046875,229.78793334960938,159.22162475585938,235.1118194580078,eligible,0,0,,,,,,,,,,,,,,,,,,,0,,,,,,0,,,,,,0,,,,,,0,,,,,,0,,,,,,0,,,,,,0,,,,,,0,,,,,,17,174.21348571777344,193.8378349752987,190.74655151367188,229.78793334960938,15.042181251424624,,,"87:212.6998,184.1504,197.5022,216.1510,187.5248|157:190.2432,189.6266,199.1206,220.0225,184.7088|149:213.3124,195.9868,201.7881,186.8436,198.6342|109:192.3686,197.1028,194.3593,187.3522,190.9691|143:204.4328,184.9238,186.5506,191.9977,179.6488|114:207.5546,201.1809,189.6546,185.8760,196.3503|117:184.1195,191.7061,191.6922,189.5677,191.1571|2:210.0438,176.5690,179.3156,171.0427,175.7022|88:173.4372,213.2758,178.0111,189.1664,188.1795|145:182.9031,206.5780,179.0735,218.8837,182.2144|166:185.8817,223.2058,173.5851,248.9444,190.7466|141:195.8433,191.9830,173.6087,189.4078,229.7879|65:184.0818,175.8549,171.9879,175.0622,221.3528|6:194.9088,184.5508,189.5202,194.9562,214.0436|131:189.5459,189.2279,199.6027,182.8050,202.9458|119:179.4706,188.5890,187.3974,184.2766,187.0640|162:183.5793,251.3619,202.9994,212.9741,174.2135",1,1,1,1,1,False,False,12,12,2,1
87|157|149|109|143|114|117|2|88|145|166|141|65|6|131|119|96|162|107|0,87|157|149|109|143|114|117|2|88|145|166|141|65|6|131|119|96|162|107|0,0,75,1,107,18,1,107,18,1,1,13,63,283.09814453125,283.09814453125,,,cluster_too_small,0,0,,,,,,,,,,,,,,,,,,,0,,,,,,0,,,,,,0,,,,,,0,,,,,,0,,,,,,0,,,,,,0,,,,,,0,,,,,,1,283.09814453125,283.09814453125,283.09814453125,283.09814453125,0.0,,,"107:302.6885,302.2623,328.0199,345.1803,283.0981",0,0,1,1,1,,,62,62,2,1
87|157|149|109|143|114|117|2|88|145|166|141|65|6|131|119|96|162|107|0,87|157|149|109|143|114|117|2|88|145|166|141|65|6|131|119|96|162|107|0,0,75,3,96,16,1,96,16,1,1,53,23,260.3931579589844,260.3931579589844,,,cluster_too_small,0,0,,,,,,,,,,,,,,,,,,,0,,,,,,0,,,,,,0,,,,,,0,,,,,,0,,,,,,0,,,,,,0,,,,,,0,,,,,,1,260.3931579589844,260.3931579589844,260.3931579589844,260.3931579589844,0.0,,,"96:236.3412,245.9928,237.4726,216.6635,260.3932",0,0,1,1,1,,,22,22,2,1
87|157|149|109|143|114|117|2|88|145|166|141|65|6|131|119|96|162|107|0,87|157|149|109|143|114|117|2|88|145|166|141|65|6|131|119|96|162|107|0,0,75,5,0,19,1,0,19,1,1,62,14,224.58908081054688,224.58908081054688,,,cluster_too_small,0,0,,,,,,,,,,,,,,,,,,,0,,,,,,0,,,,,,0,,,,,,0,,,,,,0,,,,,,0,,,,,,0,,,,,,0,,,,,,1,224.58908081054688,224.58908081054688,224.58908081054688,224.58908081054688,0.0,,,"0:231.4350,206.8086,223.9848,238.5322,224.5891",0,0,1,1,1,,,13,13,2,1
87|157|149|109|143|114|117|2|88|145|166|141|65|6|131|119|96|162|107|0,87|157|149|109|143|114|117|2|88|145|166|141|65|6|131|119|96|162|107|0,0,75,6,87|157|149|109|143|114|117|2|88|145|166|141|65|6|131|119|162,0|1|2|3|4|5|6|7|8|9|10|11|12|13|14|15|17,17,87|157|149|109|143|114|117|2|88|145|166|141|65|6|131|119|162,0|1|2|3|4|5|6|7|8|9|10|11|12|13|14|15|17,17,1,62,14,159.76329040527344,216.14369201660156,159.29031982421876,233.30354919433594,eligible,0,0,,,,,,,,,,,,,,,,,,,0,,,,,,0,,,,,,0,,,,,,0,,,,,,0,,,,,,0,,,,,,0,,,,,,0,,,,,,17,161.84780883789062,189.9206776338465,188.07525634765625,216.14369201660156,14.561887870211658,,,"87:184.1504,197.5022,216.1510,187.5248,190.7145|157:189.6266,199.1206,220.0225,184.7088,188.7574|149:195.9868,201.7881,186.8436,198.6342,187.6452|109:197.1028,194.3593,187.3522,190.9691,216.1437|143:184.9238,186.5506,191.9977,179.6488,188.0753|114:201.1809,189.6546,185.8760,196.3503,196.6203|117:191.7061,191.6922,189.5677,191.1571,179.3354|2:176.5690,179.3156,171.0427,175.7022,197.1736|88:213.2758,178.0111,189.1664,188.1795,161.8478|145:206.5780,179.0735,218.8837,182.2144,182.4005|166:223.2058,173.5851,248.9444,190.7466,214.1574|141:191.9830,173.6087,189.4078,229.7879,183.3121|65:175.8549,171.9879,175.0622,221.3528,175.2931|6:184.5508,189.5202,194.9562,214.0436,207.3651|131:189.2279,199.6027,182.8050,202.9458,207.6994|119:188.5890,187.3974,184.2766,187.0640,177.1723|162:251.3619,202.9994,212.9741,174.2135,174.9384",1,1,1,1,1,False,False,13,13,2,1
87|157|149|109|143|114|117|2|88|145|166|141|65|6|131|119|96|162|107|0,87|157|149|109|143|114|117|2|88|145|166|141|65|6|131|119|96|162|107|0,0,76,1,107,18,1,107,18,1,1,13,64,483.40045166015625,483.40045166015625,,,cluster_too_small,0,0,,,,,,,,,,,,,,,,,,,0,,,,,,0,,,,,,0,,,,,,0,,,,,,0,,,,,,0,,,,,,0,,,,,,0,,,,,,1,483.40045166015625,483.40045166015625,483.40045166015625,483.40045166015625,0.0,,,"107:302.2623,328.0199,345.1803,283.0981,483.4005",0,0,1,1,1,,,63,63,2,1
87|157|149|109|143|114|117|2|88|145|166|141|65|6|131|119|96|162|107|0,87|157|149|109|143|114|117|2|88|145|166|141|65|6|131|119|96|162|107|0,0,76,3,96,16,1,96,16,1,1,53,24,279.61212158203125,279.61212158203125,,,cluster_too_small,0,0,,,,,,,,,,,,,,,,,,,0,,,,,,0,,,,,,0,,,,,,0,,,,,,0,,,,,,0,,,,,,0,,,,,,0,,,,,,1,279.61212158203125,279.61212158203125,279.61212158203125,279.61212158203125,0.0,,,"96:245.9928,237.4726,216.6635,260.3932,279.6121",0,0,1,1,1,,,23,23,2,1
87|157|149|109|143|114|117|2|88|145|166|141|65|6|131|119|96|162|107|0,87|157|149|109|143|114|117|2|88|145|166|141|65|6|131|119|96|162|107|0,0,76,5,0,19,1,0,19,1,1,62,15,216.30636596679688,216.30636596679688,,,cluster_too_small,0,0,,,,,,,,,,,,,,,,,,,0,,,,,,0,,,,,,0,,,,,,0,,,,,,0,,,,,,0,,,,,,0,,,,,,0,,,,,,1,216.30636596679688,216.30636596679688,216.30636596679688,216.30636596679688,0.0,,,"0:206.8086,223.9848,238.5322,224.5891,216.3064",0,0,1,1,1,,,14,14,2,1
87|157|149|109|143|114|117|2|88|145|166|141|65|6|131|119|96|162|107|0,87|157|149|109|143|114|117|2|88|145|166|141|65|6|131|119|96|162|107|0,0,76,6,87|157|149|109|143|114|117|2|88|145|166|141|65|6|131|119|162,0|1|2|3|4|5|6|7|8|9|10|11|12|13|14|15|17,17,87|157|149|109|143|114|117|2|88|145|166|141|65|6|131|119|162,0|1|2|3|4|5|6|7|8|9|10|11|12|13|14|15|17,17,1,62,15,159.8907470703125,206.36663818359375,159.35556564331054,232.01960144042968,eligible,0,0,,,,,,,,,,,,,,,,,,,0,,,,,,0,,,,,,0,,,,,,0,,,,,,0,,,,,,0,,,,,,0,,,,,,0,,,,,,17,170.28424072265625,187.73984662224265,186.58065795898438,206.36663818359375,10.475028969434007,,,"87:197.5022,216.1510,187.5248,190.7145,187.5012|157:199.1206,220.0225,184.7088,188.7574,186.5807|149:201.7881,186.8436,198.6342,187.6452,206.3666|109:194.3593,187.3522,190.9691,216.1437,202.6703|143:186.5506,191.9977,179.6488,188.0753,186.0277|114:189.6546,185.8760,196.3503,196.6203,197.0320|117:191.6922,189.5677,191.1571,179.3354,203.6024|2:179.3156,171.0427,175.7022,197.1736,174.8205|88:178.0111,189.1664,188.1795,161.8478,170.2842|145:179.0735,218.8837,182.2144,182.4005,178.3832|166:173.5851,248.9444,190.7466,214.1574,177.8552|141:173.6087,189.4078,229.7879,183.3121,184.4729|65:171.9879,175.0622,221.3528,175.2931,181.7567|6:189.5202,194.9562,214.0436,207.3651,188.2880|131:199.6027,182.8050,202.9458,207.6994,187.1693|119:187.3974,184.2766,187.0640,177.1723,178.3421|162:202.9994,212.9741,174.2135,174.9384,200.4243",1,1,1,1,1,False,False,14,14,2,1
87|157|149|109|143|114|117|2|88|145|166|141|65|6|131|119|96|162|107|0,87|157|149|109|143|114|117|2|88|145|166|141|65|6|131|119|96|162|107|0,0,77,1,107,18,1,107,18,1,1,13,65,620.59521484375,620.59521484375,,,cluster_too_small,0,0,,,,,,,,,,,,,,,,,,,0,,,,,,0,,,,,,0,,,,,,0,,,,,,0,,,,,,0,,,,,,0,,,,,,0,,,,,,1,620.59521484375,620.59521484375,620.59521484375,620.59521484375,0.0,,,"107:328.0199,345.1803,283.0981,483.4005,620.5952",0,0,1,1,1,,,64,64,2,1
87|157|149|109|143|114|117|2|88|145|166|141|65|6|131|119|96|162|107|0,87|157|149|109|143|114|117|2|88|145|166|141|65|6|131|119|96|162|107|0,0,77,3,96,16,1,96,16,1,1,53,25,224.42189025878906,224.42189025878906,,,cluster_too_small,0,0,,,,,,,,,,,,,,,,,,,0,,,,,,0,,,,,,0,,,,,,0,,,,,,0,,,,,,0,,,,,,0,,,,,,0,,,,,,1,224.42189025878906,224.42189025878906,224.42189025878906,224.42189025878906,0.0,,,"96:237.4726,216.6635,260.3932,279.6121,224.4219",0,0,1,1,1,,,24,24,2,1
87|157|149|109|143|114|117|2|88|145|166|141|65|6|131|119|96|162|107|0,87|157|149|109|143|114|117|2|88|145|166|141|65|6|131|119|96|162|107|0,0,77,5,0,19,1,0,19,1,1,62,16,203.51966857910156,203.51966857910156,,,cluster_too_small,0,0,,,,,,,,,,,,,,,,,,,0,,,,,,0,,,,,,0,,,,,,0,,,,,,0,,,,,,0,,,,,,0,,,,,,0,,,,,,1,203.51966857910156,203.51966857910156,203.51966857910156,203.51966857910156,0.0,,,"0:223.9848,238.5322,224.5891,216.3064,203.5197",0,0,1,1,1,,,15,15,2,1
87|157|149|109|143|114|117|2|88|145|166|141|65|6|131|119|96|162|107|0,87|157|149|109|143|114|117|2|88|145|166|141|65|6|131|119|96|162|107|0,0,77,6,87|157|149|109|143|114|117|2|88|145|166|141|65|6|131|119|162,0|1|2|3|4|5|6|7|8|9|10|11|12|13|14|15|17,17,87|157|149|109|143|114|117|2|88|145|166|141|65|6|131|119|162,0|1|2|3|4|5|6|7|8|9|10|11|12|13|14|15|17,17,1,62,16,160.5526580810547,210.9232177734375,159.42081146240236,231.25997619628907,eligible,0,0,,,,,,,,,,,,,,,,,,,0,,,,,,0,,,,,,0,,,,,,0,,,,,,0,,,,,,0,,,,,,0,,,,,,0,,,,,,17,170.79608154296875,191.64817630543428,191.8809814453125,210.9232177734375,10.941340385632683,,,"87:216.1510,187.5248,190.7145,187.5012,204.8229|157:220.0225,184.7088,188.7574,186.5807,189.2902|149:186.8436,198.6342,187.6452,206.3666,191.8810|109:187.3522,190.9691,216.1437,202.6703,189.7236|143:191.9977,179.6488,188.0753,186.0277,196.7166|114:185.8760,196.3503,196.6203,197.0320,207.9216|117:189.5677,191.1571,179.3354,203.6024,186.3848|2:171.0427,175.7022,197.1736,174.8205,180.2552|88:189.1664,188.1795,161.8478,170.2842,197.0637|145:218.8837,182.2144,182.4005,178.3832,186.2505|166:248.9444,190.7466,214.1574,177.8552,201.7195|141:189.4078,229.7879,183.3121,184.4729,181.4562|65:175.0622,221.3528,175.2931,181.7567,173.8304|6:194.9562,214.0436,207.3651,188.2880,210.9232|131:182.8050,202.9458,207.6994,187.1693,194.9718|119:184.2766,187.0640,177.1723,178.3421,170.7961|162:212.9741,174.2135,174.9384,200.4243,194.0117",1,1,1,1,1,False,False,15,15,2,1
87|157|149|109|143|114|117|2|88|145|166|141|65|6|131|119|96|162|107|0,87|157|149|109|143|114|117|2|88|145|166|141|65|6|131|119|96|162|107|0,0,78,1,107,18,1,107,18,1,1,13,66,301.1430969238281,301.1430969238281,,,cluster_too_small,0,0,,,,,,,,,,,,,,,,,,,0,,,,,,0,,,,,,0,,,,,,0,,,,,,0,,,,,,0,,,,,,0,,,,,,0,,,,,,1,301.1430969238281,301.1430969238281,301.1430969238281,301.1430969238281,0.0,,,"107:345.1803,283.0981,483.4005,620.5952,301.1431",0,0,1,1,1,,,65,65,2,1
87|157|149|109|143|114|117|2|88|145|166|141|65|6|131|119|96|162|107|0,87|157|149|109|143|114|117|2|88|145|166|141|65|6|131|119|96|162|107|0,0,78,3,96,16,1,96,16,1,1,53,26,230.84869384765625,230.84869384765625,,,cluster_too_small,0,0,,,,,,,,,,,,,,,,,,,0,,,,,,0,,,,,,0,,,,,,0,,,,,,0,,,,,,0,,,,,,0,,,,,,0,,,,,,1,230.84869384765625,230.84869384765625,230.84869384765625,230.84869384765625,0.0,,,"96:216.6635,260.3932,279.6121,224.4219,230.8487",0,0,1,1,1,,,25,25,2,1
87|157|149|109|143|114|117|2|88|145|166|141|65|6|131|119|96|162|107|0,87|157|149|109|143|114|117|2|88|145|166|141|65|6|131|119|96|162|107|0,0,78,5,0,19,1,0,19,1,1,62,17,211.88986206054688,211.88986206054688,,,cluster_too_small,0,0,,,,,,,,,,,,,,,,,,,0,,,,,,0,,,,,,0,,,,,,0,,,,,,0,,,,,,0,,,,,,0,,,,,,0,,,,,,1,211.88986206054688,211.88986206054688,211.88986206054688,211.88986206054688,0.0,,,"0:238.5322,224.5891,216.3064,203.5197,211.8899",0,0,1,1,1,,,16,16,2,1
87|157|149|109|143|114|117|2|88|145|166|141|65|6|131|119|96|162|107|0,87|157|149|109|143|114|117|2|88|145|166|141|65|6|131|119|96|162|107|0,0,78,6,87|157|149|109|143|114|117|2|88|145|166|141|65|6|131|119|162,0|1|2|3|4|5|6|7|8|9|10|11|12|13|14|15|17,17,87|157|149|109|143|114|117|2|88|145|166|141|65|6|131|119|162,0|1|2|3|4|5|6|7|8|9|10|11|12|13|14|15|17,17,1,62,17,159.22488403320312,226.5700225830078,159.4611701965332,230.50035095214844,eligible,0,0,,,,,,,,,,,,,,,,,,,0,,,,,,0,,,,,,0,,,,,,0,,,,,,0,,,,,,0,,,,,,0,,,,,,0,,,,,,17,168.64004516601562,191.68935169893152,190.18743896484375,226.5700225830078,14.855623298456631,,,"87:187.5248,190.7145,187.5012,204.8229,178.3008|157:184.7088,188.7574,186.5807,189.2902,192.1096|149:198.6342,187.6452,206.3666,191.8810,205.5309|109:190.9691,216.1437,202.6703,189.7236,193.6617|143:179.6488,188.0753,186.0277,196.7166,194.9669|114:196.3503,196.6203,197.0320,207.9216,187.9570|117:191.1571,179.3354,203.6024,186.3848,190.0675|2:175.7022,197.1736,174.8205,180.2552,176.1433|88:188.1795,161.8478,170.2842,197.0637,168.6400|145:182.2144,182.4005,178.3832,186.2505,189.0134|166:190.7466,214.1574,177.8552,201.7195,226.5700|141:229.7879,183.3121,184.4729,181.4562,196.4560|65:221.3528,175.2931,181.7567,173.8304,170.1611|6:214.0436,207.3651,188.2880,210.9232,201.5098|131:202.9458,207.6994,187.1693,194.9718,190.1874|119:187.0640,177.1723,178.3421,170.7961,180.4331|162:174.2135,174.9384,200.4243,194.0117,217.0104",1,1,1,1,1,True,False,16,16,2,1
87|157|149|109|143|114|117|2|88|145|166|141|65|6|131|119|96|162|107|0,87|157|149|109|143|114|117|2|88|145|166|141|65|6|131|119|96|162|107|0,0,79,1,107,18,1,107,18,1,1,13,67,321.4813232421875,321.4813232421875,,,cluster_too_small,0,0,,,,,,,,,,,,,,,,,,,0,,,,,,0,,,,,,0,,,,,,0,,,,,,0,,,,,,0,,,,,,0,,,,,,0,,,,,,1,321.4813232421875,321.4813232421875,321.4813232421875,321.4813232421875,0.0,,,"107:283.0981,483.4005,620.5952,301.1431,321.4813",0,0,1,1,1,,,66,66,2,1
87|157|149|109|143|114|117|2|88|145|166|141|65|6|131|119|96|162|107|0,87|157|149|109|143|114|117|2|88|145|166|141|65|6|131|119|96|162|107|0,0,79,3,96,16,1,96,16,1,1,53,27,211.7446746826172,211.7446746826172,,,cluster_too_small,0,0,,,,,,,,,,,,,,,,,,,0,,,,,,0,,,,,,0,,,,,,0,,,,,,0,,,,,,0,,,,,,0,,,,,,0,,,,,,1,211.7446746826172,211.7446746826172,211.7446746826172,211.7446746826172,0.0,,,"96:260.3932,279.6121,224.4219,230.8487,211.7447",0,0,1,1,1,,,26,26,2,1
87|157|149|109|143|114|117|2|88|145|166|141|65|6|131|119|96|162|107|0,87|157|149|109|143|114|117|2|88|145|166|141|65|6|131|119|96|162|107|0,0,79,5,0,19,1,0,19,1,1,62,18,210.88198852539062,210.88198852539062,,,cluster_too_small,0,0,,,,,,,,,,,,,,,,,,,0,,,,,,0,,,,,,0,,,,,,0,,,,,,0,,,,,,0,,,,,,0,,,,,,0,,,,,,1,210.88198852539062,210.88198852539062,210.88198852539062,210.88198852539062,0.0,,,"0:224.5891,216.3064,203.5197,211.8899,210.8820",0,0,1,1,1,,,17,17,2,1
87|157|149|109|143|114|117|2|88|145|166|141|65|6|131|119|96|162|107|0,87|157|149|109|143|114|117|2|88|145|166|141|65|6|131|119|96|162|107|0,0,79,6,87|157|149|109|143|114|117|2|88|145|166|141|65|6|131|119|162,0|1|2|3|4|5|6|7|8|9|10|11|12|13|14|15|17,17,87|157|149|109|143|114|117|2|88|145|166|141|65|6|131|119|162,0|1|2|3|4|5|6|7|8|9|10|11|12|13|14|15|17,17,1,62,18,158.77992248535156,214.95599365234375,159.36488647460936,230.21538391113282,eligible,0,0,,,,,,,,,,,,,,,,,,,0,,,,,,0,,,,,,0,,,,,,0,,,,,,0,,,,,,0,,,,,,0,,,,,,0,,,,,,17,174.69790649414062,193.33189481847427,191.00814819335938,214.95599365234375,11.650308151480647,,,"87:190.7145,187.5012,204.8229,178.3008,192.3280|157:188.7574,186.5807,189.2902,192.1096,214.9560|149:187.6452,206.3666,191.8810,205.5309,194.7670|109:216.1437,202.6703,189.7236,193.6617,198.6205|143:188.0753,186.0277,196.7166,194.9669,212.9390|114:196.6203,197.0320,207.9216,187.9570,191.0081|117:179.3354,203.6024,186.3848,190.0675,185.0204|2:197.1736,174.8205,180.2552,176.1433,190.3747|88:161.8478,170.2842,197.0637,168.6400,209.2403|145:182.4005,178.3832,186.2505,189.0134,186.8688|166:214.1574,177.8552,201.7195,226.5700,179.8423|141:183.3121,184.4729,181.4562,196.4560,187.7816|65:175.2931,181.7567,173.8304,170.1611,177.5705|6:207.3651,188.2880,210.9232,201.5098,205.3249|131:207.6994,187.1693,194.9718,190.1874,185.8294|119:177.1723,178.3421,170.7961,180.4331,174.6979|162:174.9384,200.4243,194.0117,217.0104,199.4727",1,1,1,1,1,True,False,17,17,2,1
87|157|149|109|143|114|117|2|88|145|166|141|65|6|131|119|96|162|107|0,87|157|149|109|143|114|117|2|88|145|166|141|65|6|131|119|96|162|107|0,0,80,1,107,18,1,107,18,1,1,13,68,269.8753662109375,269.8753662109375,,,cluster_too_small,0,0,,,,,,,,,,,,,,,,,,,0,,,,,,0,,,,,,0,,,,,,0,,,,,,0,,,,,,0,,,,,,0,,,,,,0,,,,,,1,269.8753662109375,269.8753662109375,269.8753662109375,269.8753662109375,0.0,,,"107:483.4005,620.5952,301.1431,321.4813,269.8754",0,0,1,1,1,,,67,67,2,1
87|157|149|109|143|114|117|2|88|145|166|141|65|6|131|119|96|162|107|0,87|157|149|109|143|114|117|2|88|145|166|141|65|6|131|119|96|162|107|0,0,80,3,96,16,1,96,16,1,1,53,28,229.96060180664062,229.96060180664062,,,cluster_too_small,0,0,,,,,,,,,,,,,,,,,,,0,,,,,,0,,,,,,0,,,,,,0,,,,,,0,,,,,,0,,,,,,0,,,,,,0,,,,,,1,229.96060180664062,229.96060180664062,229.96060180664062,229.96060180664062,0.0,,,"96:279.6121,224.4219,230.8487,211.7447,229.9606",0,0,1,1,1,,,27,27,2,1
87|157|149|109|143|114|117|2|88|145|166|141|65|6|131|119|96|162|107|0,87|157|149|109|143|114|117|2|88|145|166|141|65|6|131|119|96|162|107|0,0,80,5,0,19,1,0,19,1,1,62,19,222.41001892089844,222.41001892089844,,,cluster_too_small,0,0,,,,,,,,,,,,,,,,,,,0,,,,,,0,,,,,,0,,,,,,0,,,,,,0,,,,,,0,,,,,,0,,,,,,0,,,,,,1,222.41001892089844,222.41001892089844,222.41001892089844,222.41001892089844,0.0,,,"0:216.3064,203.5197,211.8899,210.8820,222.4100",0,0,1,1,1,,,18,18,2,1
87|157|149|109|143|114|117|2|88|145|166|141|65|6|131|119|96|162|107|0,87|157|149|109|143|114|117|2|88|145|166|141|65|6|131|119|96|162|107|0,0,80,6,87|157|149|109|143|114|117|2|88|145|166|141|65|6|131|119|162,0|1|2|3|4|5|6|7|8|9|10|11|12|13|14|15|17,17,87|157|149|109|143|114|117|2|88|145|166|141|65|6|131|119|162,0|1|2|3|4|5|6|7|8|9|10|11|12|13|14|15|17,17,1,62,19,159.22708129882812,218.47377014160156,159.25162887573242,229.9304168701172,eligible,0,0,,,,,,,,,,,,,,,,,,,0,,,,,,0,,,,,,0,,,,,,0,,,,,,0,,,,,,0,,,,,,0,,,,,,0,,,,,,17,164.1862030029297,184.19411333869485,182.5900421142578,218.47377014160156,13.376649899843637,,,"87:187.5012,204.8229,178.3008,192.3280,186.8705|157:186.5807,189.2902,192.1096,214.9560,193.8874|149:206.3666,191.8810,205.5309,194.7670,186.5197|109:202.6703,189.7236,193.6617,198.6205,182.1067|143:186.0277,196.7166,194.9669,212.9390,198.2238|114:197.0320,207.9216,187.9570,191.0081,218.4738|117:203.6024,186.3848,190.0675,185.0204,182.5900|2:174.8205,180.2552,176.1433,190.3747,169.4846|88:170.2842,197.0637,168.6400,209.2403,164.1862|145:178.3832,186.2505,189.0134,186.8688,184.2573|166:177.8552,201.7195,226.5700,179.8423,181.8599|141:184.4729,181.4562,196.4560,187.7816,172.2820|65:181.7567,173.8304,170.1611,177.5705,176.7401|6:188.2880,210.9232,201.5098,205.3249,185.8568|131:187.1693,194.9718,190.1874,185.8294,204.2492|119:178.3421,170.7961,180.4331,174.6979,168.1496|162:200.4243,194.0117,217.0104,199.4727,175.5624",1,1,1,1,1,True,False,18,18,2,1
