subset_id,subset_clients,seed,round,cluster_id,members,member_indices,cluster_size,selected_members,selected_member_indices,selected_size,full_participation,born_round,cluster_age,mean_update_norm,max_update_norm,eps1,eps2,split_status,split_triggered,split_applied,cut_status,split_rejected_reason,cut_value,left_child_id,right_child_id,child_cluster_ids,left_size,right_size,smaller_child_size,larger_child_size,child_balance_ratio,left_members,right_members,singleton_side,singleton_graph_id,singleton_dataset_id,dtw_dist_mean,dtw_dist_max,all_dtw_n,all_dtw_min,all_dtw_mean,all_dtw_median,all_dtw_max,all_dtw_std,all_aff_n,all_aff_min,all_aff_mean,all_aff_median,all_aff_max,all_aff_std,left_dtw_n,left_dtw_min,left_dtw_mean,left_dtw_median,left_dtw_max,left_dtw_std,right_dtw_n,right_dtw_min,right_dtw_mean,right_dtw_median,right_dtw_max,right_dtw_std,cross_dtw_n,cross_dtw_min,cross_dtw_mean,cross_dtw_median,cross_dtw_max,cross_dtw_std,left_aff_n,left_aff_min,left_aff_mean,left_aff_median,left_aff_max,left_aff_std,right_aff_n,right_aff_min,right_aff_mean,right_aff_median,right_aff_max,right_aff_std,cross_aff_n,cross_aff_min,cross_aff_mean,cross_aff_median,cross_aff_max,cross_aff_std,selected_delta_norm_n,selected_delta_norm_min,selected_delta_norm_mean,selected_delta_norm_median,selected_delta_norm_max,selected_delta_norm_std,member_mean_dtw_text,member_mean_aff_text,member_sum_aff_text,member_max_dtw_text,member_max_dtw_partner_text,member_min_aff_partner_text,global_max_pair_dtw,global_max_pair_dtw_graph_i,global_max_pair_dtw_graph_j,global_max_pair_dtw_member_idx_i,global_max_pair_dtw_member_idx_j,global_min_pair_aff,global_min_pair_aff_graph_i,global_min_pair_aff_graph_j,global_min_pair_aff_member_idx_i,global_min_pair_aff_member_idx_j,peeled_sum_aff,peeled_max_dtw,peeled_max_dtw_partner_graph_id,peeled_in_global_max_pair,selected_grad_tails_text,applied_split_event_idx,pairwise_n_members,pairwise_logged_for_applied_split,pairwise_member_order_json,pairwise_histories_json,pairwise_dtw_json,pairwise_affinity_json,gate_cluster_size_ok,gate_can_form_two_children,gate_full_participation_ok,gate_warmup_ok,gate_history_ok,gate_mean_below_eps1,gate_max_above_eps2,history_len_prev_mean,history_len_prev_max,min_cluster_size,min_child_size
87|157|149|109|143|114|117|2|88|145|166|141|65|6|131|119|96|162|107|0,87|157|149|109|143|114|117|2|88|145|166|141|65|6|131|119|96|162|107|0,0,1,0,87|157|149|109|143|114|117|2|88|145|166|141|65|6|131|119|96|162|107|0,0|1|2|3|4|5|6|7|8|9|10|11|12|13|14|15|16|17|18|19,20,87|157|149|109|143|114|117|2|88|145|166|141|65|6|131|119|96|162|107|0,0|1|2|3|4|5|6|7|8|9|10|11|12|13|14|15|16|17|18|19,20,1,1,1,158.03509521484375,163.47023010253906,,,warmup,0,0,,,,,,,,,,,,,,,,,,,0,,,,,,0,,,,,,0,,,,,,0,,,,,,0,,,,,,0,,,,,,0,,,,,,0,,,,,,20,148.50880432128906,159.0485580444336,160.96075439453125,163.47023010253906,5.233215770173733,,,,,,,,,,,,,,,,,,,,,87:160.9894|157:163.1707|149:163.2353|109:163.3278|143:163.2436|114:161.4807|117:155.8691|2:149.9859|88:148.5250|145:162.9626|166:160.8673|141:160.7932|65:150.9204|6:163.1253|131:160.9321|119:156.0894|96:162.9365|162:148.5088|107:163.4702|0:160.5378,,,0,,,,,1,1,1,0,0,,,0,0,2,1
87|157|149|109|143|114|117|2|88|145|166|141|65|6|131|119|96|162|107|0,87|157|149|109|143|114|117|2|88|145|166|141|65|6|131|119|96|162|107|0,0,2,0,87|157|149|109|143|114|117|2|88|145|166|141|65|6|131|119|96|162|107|0,0|1|2|3|4|5|6|7|8|9|10|11|12|13|14|15|16|17|18|19,20,87|157|149|109|143|114|117|2|88|145|166|141|65|6|131|119|96|162|107|0,0|1|2|3|4|5|6|7|8|9|10|11|12|13|14|15|16|17|18|19,20,1,1,2,158.04010009765625,165.37220764160156,,,warmup,0,0,,,,,,,,,,,,,,,,,,,0,,,,,,0,,,,,,0,,,,,,0,,,,,,0,,,,,,0,,,,,,0,,,,,,0,,,,,,20,148.06536865234375,158.88685836791993,160.8467025756836,165.37220764160156,5.542864366475966,,,,,,,,,,,,,,,,,,,,,"87:160.9894,160.4972|157:163.1707,163.5230|149:163.2353,162.6290|109:163.3278,165.3722|143:163.2436,163.0264|114:161.4807,161.1962|117:155.8691,155.7957|2:149.9859,148.4328|88:148.5250,148.3409|145:162.9626,162.9488|166:160.8673,160.1059|141:160.7932,161.2711|65:150.9204,150.3676|6:163.1253,162.9390|131:160.9321,160.3783|119:156.0894,155.8972|96:162.9365,162.9708|162:148.5088,148.0654|107:163.4702,163.5580|0:160.5378,160.4216",,,0,,,,,1,1,1,0,0,,,1,1,2,1
87|157|149|109|143|114|117|2|88|145|166|141|65|6|131|119|96|162|107|0,87|157|149|109|143|114|117|2|88|145|166|141|65|6|131|119|96|162|107|0,0,3,0,87|157|149|109|143|114|117|2|88|145|166|141|65|6|131|119|96|162|107|0,0|1|2|3|4|5|6|7|8|9|10|11|12|13|14|15|16|17|18|19,20,87|157|149|109|143|114|117|2|88|145|166|141|65|6|131|119|96|162|107|0,0|1|2|3|4|5|6|7|8|9|10|11|12|13|14|15|16|17|18|19,20,1,1,3,160.32435607910156,167.5209197998047,,,warmup,0,0,,,,,,,,,,,,,,,,,,,0,,,,,,0,,,,,,0,,,,,,0,,,,,,0,,,,,,0,,,,,,0,,,,,,0,,,,,,20,149.82177734375,161.76517715454102,163.8414306640625,167.5209197998047,5.906127792038675,,,,,,,,,,,,,,,,,,,,,"87:160.9894,160.4972,163.5014|157:163.1707,163.5230,166.0801|149:163.2353,162.6290,166.9058|109:163.3278,165.3722,167.3559|143:163.2436,163.0264,166.7148|114:161.4807,161.1962,162.0847|117:155.8691,155.7957,158.5948|2:149.9859,148.4328,151.8228|88:148.5250,148.3409,150.0052|145:162.9626,162.9488,166.4344|166:160.8673,160.1059,161.6852|141:160.7932,161.2711,167.5209|65:150.9204,150.3676,154.4314|6:163.1253,162.9390,166.6280|131:160.9321,160.3783,162.1528|119:156.0894,155.8972,156.8282|96:162.9365,162.9708,165.8052|162:148.5088,148.0654,149.8218|107:163.4702,163.5580,166.7485|0:160.5378,160.4216,164.1815",,,0,,,,,1,1,1,0,0,,,2,2,2,1
87|157|149|109|143|114|117|2|88|145|166|141|65|6|131|119|96|162|107|0,87|157|149|109|143|114|117|2|88|145|166|141|65|6|131|119|96|162|107|0,0,4,0,87|157|149|109|143|114|117|2|88|145|166|141|65|6|131|119|96|162|107|0,0|1|2|3|4|5|6|7|8|9|10|11|12|13|14|15|16|17|18|19,20,87|157|149|109|143|114|117|2|88|145|166|141|65|6|131|119|96|162|107|0,0|1|2|3|4|5|6|7|8|9|10|11|12|13|14|15|16|17|18|19,20,1,1,4,165.60989379882812,182.663330078125,,,warmup,0,0,,,,,,,,,,,,,,,,,,,0,,,,,,0,,,,,,0,,,,,,0,,,,,,0,,,,,,0,,,,,,0,,,,,,0,,,,,,20,156.4356231689453,168.36736450195312,169.0706787109375,182.663330078125,7.167482024172241,,,,,,,,,,,,,,,,,,,,,"87:160.9894,160.4972,163.5014,172.5872|157:163.1707,163.5230,166.0801,168.5772|149:163.2353,162.6290,166.9058,180.3507|109:163.3278,165.3722,167.3559,171.9443|143:163.2436,163.0264,166.7148,170.3480|114:161.4807,161.1962,162.0847,171.1450|117:155.8691,155.7957,158.5948,163.0451|2:149.9859,148.4328,151.8228,156.4356|88:148.5250,148.3409,150.0052,157.2515|145:162.9626,162.9488,166.4344,176.6629|166:160.8673,160.1059,161.6852,166.4943|141:160.7932,161.2711,167.5209,173.9917|65:150.9204,150.3676,154.4314,156.6083|6:163.1253,162.9390,166.6280,168.6969|131:160.9321,160.3783,162.1528,164.3532|119:156.0894,155.8972,156.8282,161.3402|96:162.9365,162.9708,165.8052,182.6633|162:148.5088,148.0654,149.8218,163.6377|107:163.4702,163.5580,166.7485,171.7697|0:160.5378,160.4216,164.1815,169.4444",,,0,,,,,1,1,1,0,0,,,3,3,2,1
87|157|149|109|143|114|117|2|88|145|166|141|65|6|131|119|96|162|107|0,87|157|149|109|143|114|117|2|88|145|166|141|65|6|131|119|96|162|107|0,0,5,0,87|157|149|109|143|114|117|2|88|145|166|141|65|6|131|119|96|162|107|0,0|1|2|3|4|5|6|7|8|9|10|11|12|13|14|15|16|17|18|19,20,87|157|149|109|143|114|117|2|88|145|166|141|65|6|131|119|96|162|107|0,0|1|2|3|4|5|6|7|8|9|10|11|12|13|14|15|16|17|18|19,20,1,1,5,175.02731323242188,220.96900939941406,,,warmup,0,0,,,,,,,,,,,,,,,,,,,0,,,,,,0,,,,,,0,,,,,,0,,,,,,0,,,,,,0,,,,,,0,,,,,,0,,,,,,20,161.2994384765625,181.46170959472656,179.68145751953125,220.96900939941406,15.364910911086026,,,,,,,,,,,,,,,,,,,,,"87:160.9894,160.4972,163.5014,172.5872,185.0077|157:163.1707,163.5230,166.0801,168.5772,194.3040|149:163.2353,162.6290,166.9058,180.3507,180.4488|109:163.3278,165.3722,167.3559,171.9443,193.2410|143:163.2436,163.0264,166.7148,170.3480,178.9141|114:161.4807,161.1962,162.0847,171.1450,173.7949|117:155.8691,155.7957,158.5948,163.0451,169.8299|2:149.9859,148.4328,151.8228,156.4356,164.6889|88:148.5250,148.3409,150.0052,157.2515,167.1541|145:162.9626,162.9488,166.4344,176.6629,188.8391|166:160.8673,160.1059,161.6852,166.4943,175.7280|141:160.7932,161.2711,167.5209,173.9917,181.5705|65:150.9204,150.3676,154.4314,156.6083,161.2994|6:163.1253,162.9390,166.6280,168.6969,170.9595|131:160.9321,160.3783,162.1528,164.3532,165.6623|119:156.0894,155.8972,156.8282,161.3402,164.4774|96:162.9365,162.9708,165.8052,182.6633,204.4777|162:148.5088,148.0654,149.8218,163.6377,184.6108|107:163.4702,163.5580,166.7485,171.7697,220.9690|0:160.5378,160.4216,164.1815,169.4444,203.2570",,,0,,,,,1,1,1,0,0,,,4,4,2,1
87|157|149|109|143|114|117|2|88|145|166|141|65|6|131|119|96|162|107|0,87|157|149|109|143|114|117|2|88|145|166|141|65|6|131|119|96|162|107|0,0,6,0,87|157|149|109|143|114|117|2|88|145|166|141|65|6|131|119|96|162|107|0,0|1|2|3|4|5|6|7|8|9|10|11|12|13|14|15|16|17|18|19,20,87|157|149|109|143|114|117|2|88|145|166|141|65|6|131|119|96|162|107|0,0|1|2|3|4|5|6|7|8|9|10|11|12|13|14|15|16|17|18|19,20,1,1,6,178.22494506835938,230.8901824951172,158.04010009765625,179.63484802246094,eligible,0,0,,,,,,,,,,,,,,,,,,,0,,,,,,0,,,,,,0,,,,,,0,,,,,,0,,,,,,0,,,,,,0,,,,,,0,,,,,,20,164.39767456054688,189.3617088317871,188.10466766357422,230.8901824951172,17.89580805399036,,,,,,,,,,,,,,,,,,,,,"87:160.4972,163.5014,172.5872,185.0077,207.8332|157:163.5230,166.0801,168.5772,194.3040,230.8902|149:162.6290,166.9058,180.3507,180.4488,198.4586|109:165.3722,167.3559,171.9443,193.2410,185.9885|143:163.0264,166.7148,170.3480,178.9141,191.3306|114:161.1962,162.0847,171.1450,173.7949,181.7876|117:155.7957,158.5948,163.0451,169.8299,175.7613|2:148.4328,151.8228,156.4356,164.6889,177.5957|88:148.3409,150.0052,157.2515,167.1541,174.2029|145:162.9488,166.4344,176.6629,188.8391,190.6503|166:160.1059,161.6852,166.4943,175.7280,190.2209|141:161.2711,167.5209,173.9917,181.5705,192.5611|65:150.3676,154.4314,156.6083,161.2994,164.3977|6:162.9390,166.6280,168.6969,170.9595,176.5144|131:160.3783,162.1528,164.3532,165.6623,167.3343|119:155.8972,156.8282,161.3402,164.4774,166.1057|96:162.9708,165.8052,182.6633,204.4777,219.0377|162:148.0654,149.8218,163.6377,184.6108,177.9922|107:163.5580,166.7485,171.7697,220.9690,209.2086|0:160.4216,164.1815,169.4444,203.2570,209.3629",,,0,,,,,1,1,1,1,1,False,True,5,5,2,1
87|157|149|109|143|114|117|2|88|145|166|141|65|6|131|119|96|162|107|0,87|157|149|109|143|114|117|2|88|145|166|141|65|6|131|119|96|162|107|0,0,7,0,87|157|149|109|143|114|117|2|88|145|166|141|65|6|131|119|96|162|107|0,0|1|2|3|4|5|6|7|8|9|10|11|12|13|14|15|16|17|18|19,20,87|157|149|109|143|114|117|2|88|145|166|141|65|6|131|119|96|162|107|0,0|1|2|3|4|5|6|7|8|9|10|11|12|13|14|15|16|17|18|19,20,1,1,7,174.2533416748047,219.20602416992188,158.61116409301758,201.81616973876953,eligible,0,0,,,,,,,,,,,,,,,,,,,0,,,,,,0,,,,,,0,,,,,,0,,,,,,0,,,,,,0,,,,,,0,,,,,,0,,,,,,20,159.61419677734375,191.9600067138672,188.48956298828125,219.20602416992188,18.004808188449967,,,,,,,,,,,,,,,,,,,,,"87:163.5014,172.5872,185.0077,207.8332,212.7319|157:166.0801,168.5772,194.3040,230.8902,188.1220|149:166.9058,180.3507,180.4488,198.4586,206.2146|109:167.3559,171.9443,193.2410,185.9885,211.2919|143:166.7148,170.3480,178.9141,191.3306,175.5644|114:162.0847,171.1450,173.7949,181.7876,200.3335|117:158.5948,163.0451,169.8299,175.7613,187.9106|2:151.8228,156.4356,164.6889,177.5957,159.6142|88:150.0052,157.2515,167.1541,174.2029,166.4166|145:166.4344,176.6629,188.8391,190.6503,214.6839|166:161.6852,166.4943,175.7280,190.2209,188.1199|141:167.5209,173.9917,181.5705,192.5611,202.6798|65:154.4314,156.6083,161.2994,164.3977,168.7608|6:166.6280,168.6969,170.9595,176.5144,177.0561|131:162.1528,164.3532,165.6623,167.3343,175.6705|119:156.8282,161.3402,164.4774,166.1057,174.9659|96:165.8052,182.6633,204.4777,219.0377,219.2060|162:149.8218,163.6377,184.6108,177.9922,212.2800|107:166.7485,171.7697,220.9690,209.2086,188.8572|0:164.1815,169.4444,203.2570,209.3629,208.7203",,,0,,,,,1,1,1,1,1,False,True,6,6,2,1
87|157|149|109|143|114|117|2|88|145|166|141|65|6|131|119|96|162|107|0,87|157|149|109|143|114|117|2|88|145|166|141|65|6|131|119|96|162|107|0,0,8,0,87|157|149|109|143|114|117|2|88|145|166|141|65|6|131|119|96|162|107|0,0|1|2|3|4|5|6|7|8|9|10|11|12|13|14|15|16|17|18|19,20,87|157|149|109|143|114|117|2|88|145|166|141|65|6|131|119|96|162|107|0,0|1|2|3|4|5|6|7|8|9|10|11|12|13|14|15|16|17|18|19,20,1,1,8,175.867431640625,233.22811889648438,159.1822280883789,219.55862121582032,eligible,0,0,,,,,,,,,,,,,,,,,,,0,,,,,,0,,,,,,0,,,,,,0,,,,,,0,,,,,,0,,,,,,0,,,,,,0,,,,,,20,170.52069091796875,197.03773727416993,197.07294464111328,233.22811889648438,16.015888021172554,,,,,,,,,,,,,,,,,,,,,"87:172.5872,185.0077,207.8332,212.7319,187.7285|157:168.5772,194.3040,230.8902,188.1220,214.2656|149:180.3507,180.4488,198.4586,206.2146,223.4966|109:171.9443,193.2410,185.9885,211.2919,200.1836|143:170.3480,178.9141,191.3306,175.5644,183.8473|114:171.1450,173.7949,181.7876,200.3335,184.9702|117:163.0451,169.8299,175.7613,187.9106,199.2041|2:156.4356,164.6889,177.5957,159.6142,194.3368|88:157.2515,167.1541,174.2029,166.4166,194.9418|145:176.6629,188.8391,190.6503,214.6839,205.9525|166:166.4943,175.7280,190.2209,188.1199,204.1288|141:173.9917,181.5705,192.5611,202.6798,193.7295|65:156.6083,161.2994,164.3977,168.7608,171.0699|6:168.6969,170.9595,176.5144,177.0561,184.4141|131:164.3532,165.6623,167.3343,175.6705,176.8698|119:161.3402,164.4774,166.1057,174.9659,170.5207|96:182.6633,204.4777,219.0377,219.2060,204.6333|162:163.6377,184.6108,177.9922,212.2800,212.3400|107:171.7697,220.9690,209.2086,188.8572,233.2281|0:169.4444,203.2570,209.3629,208.7203,200.8936",,,0,,,,,1,1,1,1,1,False,True,7,7,2,1
87|157|149|109|143|114|117|2|88|145|166|141|65|6|131|119|96|162|107|0,87|157|149|109|143|114|117|2|88|145|166|141|65|6|131|119|96|162|107|0,0,9,0,87|157|149|109|143|114|117|2|88|145|166|141|65|6|131|119|96|162|107|0,0|1|2|3|4|5|6|7|8|9|10|11|12|13|14|15|16|17|18|19,20,87|157|149|109|143|114|117|2|88|145|166|141|65|6|131|119|96|162|107|0,0|1|2|3|4|5|6|7|8|9|10|11|12|13|14|15|16|17|18|19,20,1,1,9,175.3514404296875,267.5750732421875,159.75329208374023,220.79271087646484,eligible,0,0,,,,,,,,,,,,,,,,,,,0,,,,,,0,,,,,,0,,,,,,0,,,,,,0,,,,,,0,,,,,,0,,,,,,0,,,,,,20,167.48265075683594,206.84110336303712,212.7095489501953,267.5750732421875,26.48979238945378,,,,,,,,,,,,,,,,,,,,,"87:185.0077,207.8332,212.7319,187.7285,267.5751|157:194.3040,230.8902,188.1220,214.2656,214.9388|149:180.4488,198.4586,206.2146,223.4966,229.8667|109:193.2410,185.9885,211.2919,200.1836,223.0507|143:178.9141,191.3306,175.5644,183.8473,184.4129|114:173.7949,181.7876,200.3335,184.9702,224.5206|117:169.8299,175.7613,187.9106,199.2041,231.7620|2:164.6889,177.5957,159.6142,194.3368,167.4827|88:167.1541,174.2029,166.4166,194.9418,180.9492|145:188.8391,190.6503,214.6839,205.9525,202.3893|166:175.7280,190.2209,188.1199,204.1288,173.5880|141:181.5705,192.5611,202.6798,193.7295,215.7933|65:161.2994,164.3977,168.7608,171.0699,170.2230|6:170.9595,176.5144,177.0561,184.4141,187.8461|131:165.6623,167.3343,175.6705,176.8698,187.4345|119:164.4774,166.1057,174.9659,170.5207,177.2208|96:204.4777,219.0377,219.2060,204.6333,236.7255|162:184.6108,177.9922,212.2800,212.3400,210.4803|107:220.9690,209.2086,188.8572,233.2281,218.8340|0:203.2570,209.3629,208.7203,200.8936,231.7287",,,0,,,,,1,1,1,1,1,False,True,8,8,2,1
87|157|149|109|143|114|117|2|88|145|166|141|65|6|131|119|96|162|107|0,87|157|149|109|143|114|117|2|88|145|166|141|65|6|131|119|96|162|107|0,0,10,0,87|157|149|109|143|114|117|2|88|145|166|141|65|6|131|119|96|162|107|0,0|1|2|3|4|5|6|7|8|9|10|11|12|13|14|15|16|17|18|19,20,87|157|149|109|143|114|117|2|88|145|166|141|65|6|131|119|96|162|107|0,0|1|2|3|4|5|6|7|8|9|10|11|12|13|14|15|16|17|18|19,20,1,1,10,174.0020294189453,274.9246826171875,160.32435607910156,226.92171325683594,eligible,0,0,,,,,,,,,,,,,,,,,,,0,,,,,,0,,,,,,0,,,,,,0,,,,,,0,,,,,,0,,,,,,0,,,,,,0,,,,,,20,169.104736328125,212.91747512817383,202.42562103271484,274.9246826171875,30.452916326675073,,,,,,,,,,,,,,,,,,,,,"87:207.8332,212.7319,187.7285,267.5751,245.6896|157:230.8902,188.1220,214.2656,214.9388,217.0418|149:198.4586,206.2146,223.4966,229.8667,202.6189|109:185.9885,211.2919,200.1836,223.0507,274.9247|143:191.3306,175.5644,183.8473,184.4129,202.2323|114:181.7876,200.3335,184.9702,224.5206,185.3097|117:175.7613,187.9106,199.2041,231.7620,185.7602|2:177.5957,159.6142,194.3368,167.4827,222.6920|88:174.2029,166.4166,194.9418,180.9492,198.3734|145:190.6503,214.6839,205.9525,202.3893,180.3270|166:190.2209,188.1199,204.1288,173.5880,180.0008|141:192.5611,202.6798,193.7295,215.7933,213.7389|65:164.3977,168.7608,171.0699,170.2230,169.1047|6:176.5144,177.0561,184.4141,187.8461,199.7434|131:167.3343,175.6705,176.8698,187.4345,178.5190|119:166.1057,174.9659,170.5207,177.2208,201.0142|96:219.0377,219.2060,204.6333,236.7255,244.2705|162:177.9922,212.2800,212.3400,210.4803,236.9361|107:209.2086,188.8572,233.2281,218.8340,256.7139|0:209.3629,208.7203,200.8936,231.7287,263.3383",,,0,,,,,1,1,1,1,1,False,True,9,9,2,1
87|157|149|109|143|114|117|2|88|145|166|141|65|6|131|119|96|162|107|0,87|157|149|109|143|114|117|2|88|145|166|141|65|6|131|119|96|162|107|0,0,11,0,87|157|149|109|143|114|117|2|88|145|166|141|65|6|131|119|96|162|107|0,0|1|2|3|4|5|6|7|8|9|10|11|12|13|14|15|16|17|18|19,20,87|157|149|109|143|114|117|2|88|145|166|141|65|6|131|119|96|162|107|0,0|1|2|3|4|5|6|7|8|9|10|11|12|13|14|15|16|17|18|19,20,1,1,11,169.49008178710938,337.05133056640625,161.6457405090332,231.59156341552733,eligible,0,0,,,,,,,,,,,,,,,,,,,0,,,,,,0,,,,,,0,,,,,,0,,,,,,0,,,,,,0,,,,,,0,,,,,,0,,,,,,20,178.98321533203125,214.38368911743163,197.92935943603516,337.05133056640625,43.21882336814333,,,,,,,,,,,,,,,,,,,,,"87:212.7319,187.7285,267.5751,245.6896,324.9167|157:188.1220,214.2656,214.9388,217.0418,191.1146|149:206.2146,223.4966,229.8667,202.6189,201.5578|109:211.2919,200.1836,223.0507,274.9247,202.7642|143:175.5644,183.8473,184.4129,202.2323,205.8540|114:200.3335,184.9702,224.5206,185.3097,184.0813|117:187.9106,199.2041,231.7620,185.7602,194.0685|2:159.6142,194.3368,167.4827,222.6920,187.8989|88:166.4166,194.9418,180.9492,198.3734,200.2547|145:214.6839,205.9525,202.3893,180.3270,195.6040|166:188.1199,204.1288,173.5880,180.0008,192.2528|141:202.6798,193.7295,215.7933,213.7389,178.9832|65:168.7608,171.0699,170.2230,169.1047,202.2639|6:177.0561,184.4141,187.8461,199.7434,190.6566|131:175.6705,176.8698,187.4345,178.5190,193.6357|119:174.9659,170.5207,177.2208,201.0142,180.1715|96:219.2060,204.6333,236.7255,244.2705,255.6768|162:212.2800,212.3400,210.4803,236.9361,238.3788|107:188.8572,233.2281,218.8340,256.7139,337.0513|0:208.7203,200.8936,231.7287,263.3383,230.4884",,,0,,,,,1,1,1,1,1,False,True,10,10,2,1
87|157|149|109|143|114|117|2|88|145|166|141|65|6|131|119|96|162|107|0,87|157|149|109|143|114|117|2|88|145|166|141|65|6|131|119|96|162|107|0,0,12,0,87|157|149|109|143|114|117|2|88|145|166|141|65|6|131|119|96|162|107|0,0|1|2|3|4|5|6|7|8|9|10|11|12|13|14|15|16|17|18|19,20,87|157|149|109|143|114|117|2|88|145|166|141|65|6|131|119|96|162|107|0,0|1|2|3|4|5|6|7|8|9|10|11|12|13|14|15|16|17|18|19,20,1,1,12,172.0231170654297,313.69024658203125,162.96712493896484,233.22811889648438,eligible,0,0,,,,,,,,,,,,,,,,,,,0,,,,,,0,,,,,,0,,,,,,0,,,,,,0,,,,,,0,,,,,,0,,,,,,0,,,,,,20,172.05015563964844,222.6925926208496,207.52291870117188,313.69024658203125,41.924945823585624,,,,,,,,,,,,,,,,,,,,,"87:187.7285,267.5751,245.6896,324.9167,220.3175|157:214.2656,214.9388,217.0418,191.1146,253.7083|149:223.4966,229.8667,202.6189,201.5578,274.8218|109:200.1836,223.0507,274.9247,202.7642,221.8930|143:183.8473,184.4129,202.2323,205.8540,200.8652|114:184.9702,224.5206,185.3097,184.0813,195.6518|117:199.2041,231.7620,185.7602,194.0685,191.7722|2:194.3368,167.4827,222.6920,187.8989,187.5983|88:194.9418,180.9492,198.3734,200.2547,172.0502|145:205.9525,202.3893,180.3270,195.6040,313.6902|166:204.1288,173.5880,180.0008,192.2528,201.5535|141:193.7295,215.7933,213.7389,178.9832,208.2957|65:171.0699,170.2230,169.1047,202.2639,187.0379|6:184.4141,187.8461,199.7434,190.6566,211.3634|131:176.8698,187.4345,178.5190,193.6357,184.2654|119:170.5207,177.2208,201.0142,180.1715,206.7502|96:204.6333,236.7255,244.2705,255.6768,299.7274|162:212.3400,210.4803,236.9361,238.3788,198.2626|107:233.2281,218.8340,256.7139,337.0513,305.7255|0:200.8936,231.7287,263.3383,230.4884,218.5019",,,0,,,,,1,1,1,1,1,False,True,11,11,2,1
87|157|149|109|143|114|117|2|88|145|166|141|65|6|131|119|96|162|107|0,87|157|149|109|143|114|117|2|88|145|166|141|65|6|131|119|96|162|107|0,0,13,0,87|157|149|109|143|114|117|2|88|145|166|141|65|6|131|119|96|162|107|0,0|1|2|3|4|5|6|7|8|9|10|11|12|13|14|15|16|17|18|19,20,87|157|149|109|143|114|117|2|88|145|166|141|65|6|131|119|96|162|107|0,0|1|2|3|4|5|6|7|8|9|10|11|12|13|14|15|16|17|18|19,20,1,1,13,175.3197784423828,330.3351745605469,164.28850936889648,257.27098693847654,eligible,0,0,,,,,,,,,,,,,,,,,,,0,,,,,,0,,,,,,0,,,,,,0,,,,,,0,,,,,,0,,,,,,0,,,,,,0,,,,,,20,185.00743103027344,232.0086654663086,220.0129165649414,330.3351745605469,40.045830898609395,,,,,,,,,,,,,,,,,,,,,"87:267.5751,245.6896,324.9167,220.3175,218.5598|157:214.9388,217.0418,191.1146,253.7083,242.9631|149:229.8667,202.6189,201.5578,274.8218,330.3352|109:223.0507,274.9247,202.7642,221.8930,232.3388|143:184.4129,202.2323,205.8540,200.8652,249.0145|114:224.5206,185.3097,184.0813,195.6518,221.4660|117:231.7620,185.7602,194.0685,191.7722,215.9601|2:167.4827,222.6920,187.8989,187.5983,195.0722|88:180.9492,198.3734,200.2547,172.0502,185.0074|145:202.3893,180.3270,195.6040,313.6902,189.4877|166:173.5880,180.0008,192.2528,201.5535,201.7088|141:215.7933,213.7389,178.9832,208.2957,237.5444|65:170.2230,169.1047,202.2639,187.0379,198.2078|6:187.8461,199.7434,190.6566,211.3634,200.8047|131:187.4345,178.5190,193.6357,184.2654,203.9872|119:177.2208,201.0142,180.1715,206.7502,200.9800|96:236.7255,244.2705,255.6768,299.7274,311.7942|162:210.4803,236.9361,238.3788,198.2626,252.6733|107:218.8340,256.7139,337.0513,305.7255,292.9446|0:231.7287,263.3383,230.4884,218.5019,259.3235",,,0,,,,,1,1,1,1,1,False,True,12,12,2,1
87|157|149|109|143|114|117|2|88|145|166|141|65|6|131|119|96|162|107|0,87|157|149|109|143|114|117|2|88|145|166|141|65|6|131|119|96|162|107|0,0,14,0,87|157|149|109|143|114|117|2|88|145|166|141|65|6|131|119|96|162|107|0,0|1|2|3|4|5|6|7|8|9|10|11|12|13|14|15|16|17|18|19,20,87|157|149|109|143|114|117|2|88|145|166|141|65|6|131|119|96|162|107|0,0|1|2|3|4|5|6|7|8|9|10|11|12|13|14|15|16|17|18|19,20,1,1,14,167.67153930664062,365.4248046875,165.60989379882812,270.51491699218747,eligible,0,0,,,,,,,,,,,,,,,,,,,0,,,,,,0,,,,,,0,,,,,,0,,,,,,0,,,,,,0,,,,,,0,,,,,,0,,,,,,20,197.70745849609375,234.7942108154297,225.10002899169922,365.4248046875,38.579693328475145,,,,,,,,,,,,,,,,,,,,,"87:245.6896,324.9167,220.3175,218.5598,234.2199|157:217.0418,191.1146,253.7083,242.9631,288.5907|149:202.6189,201.5578,274.8218,330.3352,230.2944|109:274.9247,202.7642,221.8930,232.3388,232.4848|143:202.2323,205.8540,200.8652,249.0145,206.0017|114:185.3097,184.0813,195.6518,221.4660,219.9795|117:185.7602,194.0685,191.7722,215.9601,203.9192|2:222.6920,187.8989,187.5983,195.0722,230.2542|88:198.3734,200.2547,172.0502,185.0074,206.9757|145:180.3270,195.6040,313.6902,189.4877,215.0080|166:180.0008,192.2528,201.5535,201.7088,214.3540|141:213.7389,178.9832,208.2957,237.5444,216.5337|65:169.1047,202.2639,187.0379,198.2078,197.7075|6:199.7434,190.6566,211.3634,200.8047,229.6028|131:178.5190,193.6357,184.2654,203.9872,237.4112|119:201.0142,180.1715,206.7502,200.9800,209.2100|96:244.2705,255.6768,299.7274,311.7942,220.5973|162:236.9361,238.3788,198.2626,252.6733,365.4248|107:256.7139,337.0513,305.7255,292.9446,294.0127|0:263.3383,230.4884,218.5019,259.3235,243.3023",,,0,,,,,1,1,1,1,1,False,True,13,13,2,1
87|157|149|109|143|114|117|2|88|145|166|141|65|6|131|119|96|162|107|0,87|157|149|109|143|114|117|2|88|145|166|141|65|6|131|119|96|162|107|0,0,15,0,87|157|149|109|143|114|117|2|88|145|166|141|65|6|131|119|96|162|107|0,0|1|2|3|4|5|6|7|8|9|10|11|12|13|14|15|16|17|18|19,20,87|157|149|109|143|114|117|2|88|145|166|141|65|6|131|119|96|162|107|0,0|1|2|3|4|5|6|7|8|9|10|11|12|13|14|15|16|17|18|19,20,1,1,15,167.35272216796875,349.16668701171875,166.12530517578125,278.8012390136719,eligible,0,0,,,,,,,,,,,,,,,,,,,0,,,,,,0,,,,,,0,,,,,,0,,,,,,0,,,,,,0,,,,,,0,,,,,,0,,,,,,20,190.68356323242188,237.44897842407227,220.3058090209961,349.16668701171875,46.36194744437504,,,,,,,,,,,,,,,,,,,,,"87:324.9167,220.3175,218.5598,234.2199,271.0231|157:191.1146,253.7083,242.9631,288.5907,261.9221|149:201.5578,274.8218,330.3352,230.2944,201.9003|109:202.7642,221.8930,232.3388,232.4848,325.2719|143:205.8540,200.8652,249.0145,206.0017,229.1082|114:184.0813,195.6518,221.4660,219.9795,203.2894|117:194.0685,191.7722,215.9601,203.9192,221.7133|2:187.8989,187.5983,195.0722,230.2542,218.8983|88:200.2547,172.0502,185.0074,206.9757,205.9122|145:195.6040,313.6902,189.4877,215.0080,204.3494|166:192.2528,201.5535,201.7088,214.3540,243.3195|141:178.9832,208.2957,237.5444,216.5337,190.6836|65:202.2639,187.0379,198.2078,197.7075,196.9538|6:190.6566,211.3634,200.8047,229.6028,227.7486|131:193.6357,184.2654,203.9872,237.4112,205.8392|119:180.1715,206.7502,200.9800,209.2100,200.4394|96:255.6768,299.7274,311.7942,220.5973,349.1667|162:238.3788,198.2626,252.6733,365.4248,200.2528|107:337.0513,305.7255,292.9446,294.0127,322.2133|0:230.4884,218.5019,259.3235,243.3023,268.9744",,,0,,,,,1,1,1,1,1,False,True,14,14,2,1
87|157|149|109|143|114|117|2|88|145|166|141|65|6|131|119|96|162|107|0,87|157|149|109|143|114|117|2|88|145|166|141|65|6|131|119|96|162|107|0,0,16,0,87|157|149|109|143|114|117|2|88|145|166|141|65|6|131|119|96|162|107|0,0|1|2|3|4|5|6|7|8|9|10|11|12|13|14|15|16|17|18|19,20,87|157|149|109|143|114|117|2|88|145|166|141|65|6|131|119|96|162|107|0,0|1|2|3|4|5|6|7|8|9|10|11|12|13|14|15|16|17|18|19,20,1,1,16,167.40904235839844,309.41839599609375,166.48130798339844,305.93713378906244,eligible,0,0,,,,,,,,,,,,,,,,,,,0,,,,,,0,,,,,,0,,,,,,0,,,,,,0,,,,,,0,,,,,,0,,,,,,0,,,,,,20,199.53736877441406,242.55827865600585,246.4590835571289,309.41839599609375,30.95361874978307,,,,,,,,,,,,,,,,,,,,,"87:220.3175,218.5598,234.2199,271.0231,262.2635|157:253.7083,242.9631,288.5907,261.9221,256.7329|149:274.8218,330.3352,230.2944,201.9003,209.3296|109:221.8930,232.3388,232.4848,325.2719,276.9376|143:200.8652,249.0145,206.0017,229.1082,212.6907|114:195.6518,221.4660,219.9795,203.2894,256.6014|117:191.7722,215.9601,203.9192,221.7133,202.2962|2:187.5983,195.0722,230.2542,218.8983,206.4406|88:172.0502,185.0074,206.9757,205.9122,245.4230|145:313.6902,189.4877,215.0080,204.3494,199.5374|166:201.5535,201.7088,214.3540,243.3195,261.4338|141:208.2957,237.5444,216.5337,190.6836,280.0184|65:187.0379,198.2078,197.7075,196.9538,232.0092|6:211.3634,200.8047,229.6028,227.7486,215.3731|131:184.2654,203.9872,237.4112,205.8392,219.5124|119:206.7502,200.9800,209.2100,200.4394,212.2841|96:299.7274,311.7942,220.5973,349.1667,267.8801|162:198.2626,252.6733,365.4248,200.2528,277.4881|107:305.7255,292.9446,294.0127,322.2133,309.4184|0:218.5019,259.3235,243.3023,268.9744,247.4951",,,0,,,,,1,1,1,1,1,False,True,15,15,2,1
87|157|149|109|143|114|117|2|88|145|166|141|65|6|131|119|96|162|107|0,87|157|149|109|143|114|117|2|88|145|166|141|65|6|131|119|96|162|107|0,0,17,0,87|157|149|109|143|114|117|2|88|145|166|141|65|6|131|119|96|162|107|0,0|1|2|3|4|5|6|7|8|9|10|11|12|13|14|15|16|17|18|19,20,87|157|149|109|143|114|117|2|88|145|166|141|65|6|131|119|96|162|107|0,0|1|2|3|4|5|6|7|8|9|10|11|12|13|14|15|16|17|18|19,20,1,1,17,166.13258361816406,341.34844970703125,166.9170150756836,311.5543212890625,eligible,1,1,valid_cut,,0.05094795041325246,1.0,2.0,1|2,1.0,19.0,1.0,19.0,0.05263157894736842,107,87|157|149|109|143|114|117|2|88|145|166|141|65|6|131|119|96|162|0,left,107,data_4200_4_7.5_chordal,196.01751347592003,540.94580078125,190,36.18168640136719,196.01751347592003,171.17308807373047,540.94580078125,115.44009227484324,190,0.0018452029678215703,0.007433108270417375,0.005808166647086985,0.026894960847263494,0.004971636071797538,0,,,,,,171,36.18168640136719,172.65791160181948,158.2488250732422,393.9734649658203,90.29352134805197,19,187.4711456298828,406.25393034282484,432.793212890625,540.94580078125,103.81463814356754,0,,,,,,171,0.0025318156501640855,0.007961067958865782,0.006279481180097103,0.026894960847263494,0.004957950303990296,19,0.0018452029678215703,0.002681471074381708,0.002305245841299357,0.005305851973563035,0.0009238411205715293,20,194.12892150878906,241.48406677246095,232.0149383544922,341.34844970703125,37.60288672386659,87:155.0822|157:186.4248|149:233.6883|109:212.8854|143:155.7709|114:138.9585|117:158.5750|2:150.9700|88:169.9267|145:185.3867|166:156.4365|141:167.3115|65:188.1334|6:143.3040|131:150.6990|119:164.7318|96:275.5782|162:281.0760|107:406.2539|0:239.1575,87:0.0079|157:0.0059|149:0.0047|109:0.0052|143:0.0083|114:0.0095|117:0.0104|2:0.0106|88:0.0087|145:0.0089|166:0.0081|141:0.0068|65:0.0080|6:0.0101|131:0.0103|119:0.0105|96:0.0039|162:0.0037|107:0.0027|0:0.0044,87:0.1497|157:0.1129|149:0.0885|109:0.0994|143:0.1586|114:0.1808|117:0.1970|2:0.2006|88:0.1662|145:0.1700|166:0.1539|141:0.1300|65:0.1511|6:0.1923|131:0.1962|119:0.1999|96:0.0737|162:0.0696|107:0.0509|0:0.0831,87:340.7691|157:297.9412|149:456.0618|109:344.4063|143:443.5434|114:422.7908|117:491.7421|2:470.4917|88:509.2350|145:540.9458|166:379.9059|141:425.6583|65:540.9301|6:432.7932|131:462.2594|119:511.7535|96:393.9735|162:356.7850|107:540.9458|0:324.1071,87:107(340.7691)|157:107(297.9412)|149:107(456.0618)|109:149(344.4063)|143:107(443.5434)|114:107(422.7908)|117:107(491.7421)|2:107(470.4917)|88:107(509.2350)|145:107(540.9458)|166:107(379.9059)|141:107(425.6583)|65:107(540.9301)|6:107(432.7932)|131:107(462.2594)|119:107(511.7535)|96:145(393.9735)|162:65(356.7850)|107:145(540.9458)|0:145(324.1071),87:107(0.0029)|157:107(0.0033)|149:107(0.0022)|109:149(0.0029)|143:107(0.0022)|114:107(0.0024)|117:107(0.0020)|2:107(0.0021)|88:107(0.0020)|145:107(0.0018)|166:107(0.0026)|141:107(0.0023)|65:107(0.0018)|6:107(0.0023)|131:107(0.0022)|119:107(0.0020)|96:145(0.0025)|162:65(0.0028)|107:145(0.0018)|0:145(0.0031),540.94580078125,145,107,9.0,18.0,0.0018452029678215703,145,107,9.0,18.0,0.05094795041325246,540.94580078125,145,1.0,"87:218.5598,234.2199,271.0231,262.2635,233.1020|157:242.9631,288.5907,261.9221,256.7329,211.7873|149:330.3352,230.2944,201.9003,209.3296,206.7972|109:232.3388,232.4848,325.2719,276.9376,260.0373|143:249.0145,206.0017,229.1082,212.6907,219.5788|114:221.4660,219.9795,203.2894,256.6014,235.8103|117:215.9601,203.9192,221.7133,202.2962,224.3064|2:195.0722,230.2542,218.8983,206.4406,238.7805|88:185.0074,206.9757,205.9122,245.4230,207.3841|145:189.4877,215.0080,204.3494,199.5374,210.6091|166:201.7088,214.3540,243.3195,261.4338,259.2152|141:237.5444,216.5337,190.6836,280.0184,209.4991|65:198.2078,197.7075,196.9538,232.0092,194.1289|6:200.8047,229.6028,227.7486,215.3731,253.6150|131:203.9872,237.4112,205.8392,219.5124,230.9279|119:200.9800,209.2100,200.4394,212.2841,225.2704|96:311.7942,220.5973,349.1667,267.8801,263.5268|162:252.6733,365.4248,200.2528,277.4881,279.9532|107:292.9446,294.0127,322.2133,309.4184,341.3484|0:259.3235,243.3023,268.9744,247.4951,324.0033",1.0,20.0,1,"[{""pos"":0,""member_idx"":0,""graph_id"":""87"",""dataset_id"":""data_4100_3_7.0_chordal""},{""pos"":1,""member_idx"":1,""graph_id"":""157"",""dataset_id"":""data_4200_3_6.0_chordal""},{""pos"":2,""member_idx"":2,""graph_id"":""149"",""dataset_id"":""data_4200_3_6.5_chordal""},{""pos"":3,""member_idx"":3,""graph_id"":""109"",""dataset_id"":""data_4200_3_7.5_chordal""},{""pos"":4,""member_idx"":4,""graph_id"":""143"",""dataset_id"":""data_4200_3_3.0_chordal""},{""pos"":5,""member_idx"":5,""graph_id"":""114"",""dataset_id"":""data_4100_3_3.0_chordal""},{""pos"":6,""member_idx"":6,""graph_id"":""117"",""dataset_id"":""data_4000_3_3.0_chordal""},{""pos"":7,""member_idx"":7,""graph_id"":""2"",""dataset_id"":""data_3800_3_3.5_chordal""},{""pos"":8,""member_idx"":8,""graph_id"":""88"",""dataset_id"":""data_3800_4_4.5_chordal""},{""pos"":9,""member_idx"":9,""graph_id"":""145"",""dataset_id"":""data_4200_4_4.5_chordal""},{""pos"":10,""member_idx"":10,""graph_id"":""166"",""dataset_id"":""data_4100_4_4.0_chordal""},{""pos"":11,""member_idx"":11,""graph_id"":""141"",""dataset_id"":""data_4100_4_4.5_chordal""},{""pos"":12,""member_idx"":12,""graph_id"":""65"",""dataset_id"":""data_3900_4_2.0_chordal""},{""pos"":13,""member_idx"":13,""graph_id"":""6"",""dataset_id"":""data_4200_4_2.0_chordal""},{""pos"":14,""member_idx"":14,""graph_id"":""131"",""dataset_id"":""data_4100_4_2.0_chordal""},{""pos"":15,""member_idx"":15,""graph_id"":""119"",""dataset_id"":""data_4000_4_2.0_chordal""},{""pos"":16,""member_idx"":16,""graph_id"":""96"",""dataset_id"":""data_4200_4_7.0_chordal""},{""pos"":17,""member_idx"":17,""graph_id"":""162"",""dataset_id"":""data_3800_4_7.5_chordal""},{""pos"":18,""member_idx"":18,""graph_id"":""107"",""dataset_id"":""data_4200_4_7.5_chordal""},{""pos"":19,""member_idx"":19,""graph_id"":""0"",""dataset_id"":""data_4100_4_6.5_chordal""}]","[{""pos"":0,""member_idx"":0,""graph_id"":""87"",""dataset_id"":""data_4100_3_7.0_chordal"",""history"":[218.55979919433594,234.2199249267578,271.0231018066406,262.2634582519531,233.1020050048828]},{""pos"":1,""member_idx"":1,""graph_id"":""157"",""dataset_id"":""data_4200_3_6.0_chordal"",""history"":[242.96310424804688,288.5907287597656,261.9220886230469,256.73291015625,211.7873077392578]},{""pos"":2,""member_idx"":2,""graph_id"":""149"",""dataset_id"":""data_4200_3_6.5_chordal"",""history"":[330.3351745605469,230.29443359375,201.9003143310547,209.32958984375,206.79722595214844]},{""pos"":3,""member_idx"":3,""graph_id"":""109"",""dataset_id"":""data_4200_3_7.5_chordal"",""history"":[232.33877563476562,232.48475646972656,325.2718811035156,276.93756103515625,260.03729248046875]},{""pos"":4,""member_idx"":4,""graph_id"":""143"",""dataset_id"":""data_4200_3_3.0_chordal"",""history"":[249.01451110839844,206.001708984375,229.1082000732422,212.69070434570312,219.57882690429688]},{""pos"":5,""member_idx"":5,""graph_id"":""114"",""dataset_id"":""data_4100_3_3.0_chordal"",""history"":[221.46603393554688,219.97946166992188,203.28936767578125,256.60137939453125,235.81033325195312]},{""pos"":6,""member_idx"":6,""graph_id"":""117"",""dataset_id"":""data_4000_3_3.0_chordal"",""history"":[215.9601287841797,203.919189453125,221.71327209472656,202.2962188720703,224.30642700195312]},{""pos"":7,""member_idx"":7,""graph_id"":""2"",""dataset_id"":""data_3800_3_3.5_chordal"",""history"":[195.07215881347656,230.254150390625,218.89834594726562,206.4405975341797,238.7804718017578]},{""pos"":8,""member_idx"":8,""graph_id"":""88"",""dataset_id"":""data_3800_4_4.5_chordal"",""history"":[185.00743103027344,206.9756622314453,205.91221618652344,245.42303466796875,207.38406372070312]},{""pos"":9,""member_idx"":9,""graph_id"":""145"",""dataset_id"":""data_4200_4_4.5_chordal"",""history"":[189.4877166748047,215.00796508789062,204.3494110107422,199.53736877441406,210.60911560058594]},{""pos"":10,""member_idx"":10,""graph_id"":""166"",""dataset_id"":""data_4100_4_4.0_chordal"",""history"":[201.70884704589844,214.35400390625,243.31951904296875,261.433837890625,259.2152404785156]},{""pos"":11,""member_idx"":11,""graph_id"":""141"",""dataset_id"":""data_4100_4_4.5_chordal"",""history"":[237.54437255859375,216.53369140625,190.68356323242188,280.01837158203125,209.49905395507812]},{""pos"":12,""member_idx"":12,""graph_id"":""65"",""dataset_id"":""data_3900_4_2.0_chordal"",""history"":[198.2078399658203,197.70745849609375,196.9538116455078,232.0092315673828,194.12892150878906]},{""pos"":13,""member_idx"":13,""graph_id"":""6"",""dataset_id"":""data_4200_4_2.0_chordal"",""history"":[200.80465698242188,229.60275268554688,227.74864196777344,215.37310791015625,253.61500549316406]},{""pos"":14,""member_idx"":14,""graph_id"":""131"",""dataset_id"":""data_4100_4_2.0_chordal"",""history"":[203.9871826171875,237.41122436523438,205.83924865722656,219.51243591308594,230.92787170410156]},{""pos"":15,""member_idx"":15,""graph_id"":""119"",""dataset_id"":""data_4000_4_2.0_chordal"",""history"":[200.97996520996094,209.21002197265625,200.43943786621094,212.2841033935547,225.27035522460938]},{""pos"":16,""member_idx"":16,""graph_id"":""96"",""dataset_id"":""data_4200_4_7.0_chordal"",""history"":[311.7941589355469,220.59730529785156,349.16668701171875,267.88006591796875,263.5268249511719]},{""pos"":17,""member_idx"":17,""graph_id"":""162"",""dataset_id"":""data_3800_4_7.5_chordal"",""history"":[252.67332458496094,365.4248046875,200.25277709960938,277.4880676269531,279.9532470703125]},{""pos"":18,""member_idx"":18,""graph_id"":""107"",""dataset_id"":""data_4200_4_7.5_chordal"",""history"":[292.944580078125,294.0126953125,322.2132568359375,309.41839599609375,341.34844970703125]},{""pos"":19,""member_idx"":19,""graph_id"":""0"",""dataset_id"":""data_4100_4_6.5_chordal"",""history"":[259.32354736328125,243.30227661132812,268.97442626953125,247.49513244628906,324.0032958984375]}]","[{""row_pos"":0,""col_pos"":1,""member_idx_i"":0,""member_idx_j"":1,""graph_id_i"":""87"",""graph_id_j"":""157"",""dataset_id_i"":""data_4100_3_7.0_chordal"",""dataset_id_j"":""data_4200_3_6.0_chordal"",""dtw"":77.90072631835938},{""row_pos"":0,""col_pos"":2,""member_idx_i"":0,""member_idx_j"":2,""graph_id_i"":""87"",""graph_id_j"":""149"",""dataset_id_i"":""data_4100_3_7.0_chordal"",""dataset_id_j"":""data_4200_3_6.5_chordal"",""dtw"":264.0623016357422},{""row_pos"":0,""col_pos"":3,""member_idx_i"":0,""member_idx_j"":3,""graph_id_i"":""87"",""graph_id_j"":""109"",""dataset_id_i"":""data_4100_3_7.0_chordal"",""dataset_id_j"":""data_4200_3_7.5_chordal"",""dtw"":104.83883666992188},{""row_pos"":0,""col_pos"":4,""member_idx_i"":0,""member_idx_j"":4,""graph_id_i"":""87"",""graph_id_j"":""143"",""dataset_id_i"":""data_4100_3_7.0_chordal"",""dataset_id_j"":""data_4200_3_3.0_chordal"",""dtw"":145.53541564941406},{""row_pos"":0,""col_pos"":5,""member_idx_i"":0,""member_idx_j"":5,""graph_id_i"":""87"",""graph_id_j"":""114"",""dataset_id_i"":""data_4100_3_7.0_chordal"",""dataset_id_j"":""data_4100_3_3.0_chordal"",""dtw"":58.048583984375},{""row_pos"":0,""col_pos"":6,""member_idx_i"":0,""member_idx_j"":6,""graph_id_i"":""87"",""graph_id_j"":""117"",""dataset_id_i"":""data_4100_3_7.0_chordal"",""dataset_id_j"":""data_4000_3_3.0_chordal"",""dtw"":140.0401153564453},{""row_pos"":0,""col_pos"":7,""member_idx_i"":0,""member_idx_j"":7,""graph_id_i"":""87"",""graph_id_j"":""2"",""dataset_id_i"":""data_4100_3_7.0_chordal"",""dataset_id_j"":""data_3800_3_3.5_chordal"",""dtw"":113.6043701171875},{""row_pos"":0,""col_pos"":8,""member_idx_i"":0,""member_idx_j"":8,""graph_id_i"":""87"",""graph_id_j"":""88"",""dataset_id_i"":""data_4100_3_7.0_chordal"",""dataset_id_j"":""data_3800_4_4.5_chordal"",""dtw"":137.1456298828125},{""row_pos"":0,""col_pos"":9,""member_idx_i"":0,""member_idx_j"":9,""graph_id_i"":""87"",""graph_id_j"":""145"",""dataset_id_i"":""data_4100_3_7.0_chordal"",""dataset_id_j"":""data_4200_4_4.5_chordal"",""dtw"":200.1767120361328},{""row_pos"":0,""col_pos"":10,""member_idx_i"":0,""member_idx_j"":10,""graph_id_i"":""87"",""graph_id_j"":""166"",""dataset_id_i"":""data_4100_3_7.0_chordal"",""dataset_id_j"":""data_4100_4_4.0_chordal"",""dtw"":66.68846130371094},{""row_pos"":0,""col_pos"":11,""member_idx_i"":0,""member_idx_j"":11,""graph_id_i"":""87"",""graph_id_j"":""141"",""dataset_id_i"":""data_4100_3_7.0_chordal"",""dataset_id_j"":""data_4100_4_4.5_chordal"",""dtw"":114.90017700195312},{""row_pos"":0,""col_pos"":12,""member_idx_i"":0,""member_idx_j"":12,""graph_id_i"":""87"",""graph_id_j"":""65"",""dataset_id_i"":""data_4100_3_7.0_chordal"",""dataset_id_j"":""data_3900_4_2.0_chordal"",""dtw"":173.2621612548828},{""row_pos"":0,""col_pos"":13,""member_idx_i"":0,""member_idx_j"":13,""graph_id_i"":""87"",""graph_id_j"":""6"",""dataset_id_i"":""data_4100_3_7.0_chordal"",""dataset_id_j"":""data_4200_4_2.0_chordal"",""dtw"":94.25996398925781},{""row_pos"":0,""col_pos"":14,""member_idx_i"":0,""member_idx_j"":14,""graph_id_i"":""87"",""graph_id_j"":""131"",""dataset_id_i"":""data_4100_3_7.0_chordal"",""dataset_id_j"":""data_4100_4_2.0_chordal"",""dtw"":119.25448608398438},{""row_pos"":0,""col_pos"":15,""member_idx_i"":0,""member_idx_j"":15,""graph_id_i"":""87"",""graph_id_j"":""119"",""dataset_id_i"":""data_4100_3_7.0_chordal"",""dataset_id_j"":""data_4000_4_2.0_chordal"",""dtw"":150.8527374267578},{""row_pos"":0,""col_pos"":16,""member_idx_i"":0,""member_idx_j"":16,""graph_id_i"":""87"",""graph_id_j"":""96"",""dataset_id_i"":""data_4100_3_7.0_chordal"",""dataset_id_j"":""data_4200_4_7.0_chordal"",""dtw"":219.831787109375},{""row_pos"":0,""col_pos"":17,""member_idx_i"":0,""member_idx_j"":17,""graph_id_i"":""87"",""graph_id_j"":""162"",""dataset_id_i"":""data_4100_3_7.0_chordal"",""dataset_id_j"":""data_3800_4_7.5_chordal"",""dtw"":267.8263702392578},{""row_pos"":0,""col_pos"":18,""member_idx_i"":0,""member_idx_j"":18,""graph_id_i"":""87"",""graph_id_j"":""107"",""dataset_id_i"":""data_4100_3_7.0_chordal"",""dataset_id_j"":""data_4200_4_7.5_chordal"",""dtw"":340.7690887451172},{""row_pos"":0,""col_pos"":19,""member_idx_i"":0,""member_idx_j"":19,""graph_id_i"":""87"",""graph_id_j"":""0"",""dataset_id_i"":""data_4100_3_7.0_chordal"",""dataset_id_j"":""data_4100_4_6.5_chordal"",""dtw"":157.56439208984375},{""row_pos"":1,""col_pos"":2,""member_idx_i"":1,""member_idx_j"":2,""graph_id_i"":""157"",""graph_id_j"":""149"",""dataset_id_i"":""data_4200_3_6.0_chordal"",""dataset_id_j"":""data_4200_3_6.5_chordal"",""dtw"":204.51744079589844},{""row_pos"":1,""col_pos"":3,""member_idx_i"":1,""member_idx_j"":3,""graph_id_i"":""157"",""graph_id_j"":""109"",""dataset_id_i"":""data_4200_3_6.0_chordal"",""dataset_id_j"":""data_4200_3_7.5_chordal"",""dtw"":122.87615966796875},{""row_pos"":1,""col_pos"":4,""member_idx_i"":1,""member_idx_j"":4,""graph_id_i"":""157"",""graph_id_j"":""143"",""dataset_id_i"":""data_4200_3_6.0_chordal"",""dataset_id_j"":""data_4200_3_3.0_chordal"",""dtw"":98.05500793457031},{""row_pos"":1,""col_pos"":5,""member_idx_i"":1,""member_idx_j"":5,""graph_id_i"":""157"",""graph_id_j"":""114"",""dataset_id_i"":""data_4200_3_6.0_chordal"",""dataset_id_j"":""data_4100_3_3.0_chordal"",""dtw"":145.6190643310547},{""row_pos"":1,""col_pos"":6,""member_idx_i"":1,""member_idx_j"":6,""graph_id_i"":""157"",""graph_id_j"":""117"",""dataset_id_i"":""data_4200_3_6.0_chordal"",""dataset_id_j"":""data_4000_3_3.0_chordal"",""dtw"":208.91317749023438},{""row_pos"":1,""col_pos"":7,""member_idx_i"":1,""member_idx_j"":7,""graph_id_i"":""157"",""graph_id_j"":""2"",""dataset_id_i"":""data_4200_3_6.0_chordal"",""dataset_id_j"":""data_3800_3_3.5_chordal"",""dtw"":203.82513427734375},{""row_pos"":1,""col_pos"":8,""member_idx_i"":1,""member_idx_j"":8,""graph_id_i"":""157"",""graph_id_j"":""88"",""dataset_id_i"":""data_4200_3_6.0_chordal"",""dataset_id_j"":""data_3800_4_4.5_chordal"",""dtw"":206.37387084960938},{""row_pos"":1,""col_pos"":9,""member_idx_i"":1,""member_idx_j"":9,""graph_id_i"":""157"",""graph_id_j"":""145"",""dataset_id_i"":""data_4200_3_6.0_chordal"",""dataset_id_j"":""data_4200_4_4.5_chordal"",""dtw"":236.56324768066406},{""row_pos"":1,""col_pos"":10,""member_idx_i"":1,""member_idx_j"":10,""graph_id_i"":""157"",""graph_id_j"":""166"",""dataset_id_i"":""data_4200_3_6.0_chordal"",""dataset_id_j"":""data_4100_4_4.0_chordal"",""dtw"":147.77517700195312},{""row_pos"":1,""col_pos"":11,""member_idx_i"":1,""member_idx_j"":11,""graph_id_i"":""157"",""graph_id_j"":""141"",""dataset_id_i"":""data_4200_3_6.0_chordal"",""dataset_id_j"":""data_4100_4_4.5_chordal"",""dtw"":136.3700408935547},{""row_pos"":1,""col_pos"":12,""member_idx_i"":1,""member_idx_j"":12,""graph_id_i"":""157"",""graph_id_j"":""65"",""dataset_id_i"":""data_4200_3_6.0_chordal"",""dataset_id_j"":""data_3900_4_2.0_chordal"",""dtw"":242.98887634277344},{""row_pos"":1,""col_pos"":13,""member_idx_i"":1,""member_idx_j"":13,""graph_id_i"":""157"",""graph_id_j"":""6"",""dataset_id_i"":""data_4200_3_6.0_chordal"",""dataset_id_j"":""data_4200_4_2.0_chordal"",""dtw"":186.55166625976562},{""row_pos"":1,""col_pos"":14,""member_idx_i"":1,""member_idx_j"":14,""graph_id_i"":""157"",""graph_id_j"":""131"",""dataset_id_i"":""data_4200_3_6.0_chordal"",""dataset_id_j"":""data_4100_4_2.0_chordal"",""dtw"":166.80172729492188},{""row_pos"":1,""col_pos"":15,""member_idx_i"":1,""member_idx_j"":15,""graph_id_i"":""157"",""graph_id_j"":""119"",""dataset_id_i"":""data_4200_3_6.0_chordal"",""dataset_id_j"":""data_4000_4_2.0_chordal"",""dtw"":240.77835083007812},{""row_pos"":1,""col_pos"":16,""member_idx_i"":1,""member_idx_j"":16,""graph_id_i"":""157"",""graph_id_j"":""96"",""dataset_id_i"":""data_4200_3_6.0_chordal"",""dataset_id_j"":""data_4200_4_7.0_chordal"",""dtw"":216.26422119140625},{""row_pos"":1,""col_pos"":17,""member_idx_i"":1,""member_idx_j"":17,""graph_id_i"":""157"",""graph_id_j"":""162"",""dataset_id_i"":""data_4200_3_6.0_chordal"",""dataset_id_j"":""data_3800_4_7.5_chordal"",""dtw"":237.13470458984375},{""row_pos"":1,""col_pos"":18,""member_idx_i"":1,""member_idx_j"":18,""graph_id_i"":""157"",""graph_id_j"":""107"",""dataset_id_i"":""data_4200_3_6.0_chordal"",""dataset_id_j"":""data_4200_4_7.5_chordal"",""dtw"":297.9412384033203},{""row_pos"":1,""col_pos"":19,""member_idx_i"":1,""member_idx_j"":19,""graph_id_i"":""157"",""graph_id_j"":""0"",""dataset_id_i"":""data_4200_3_6.0_chordal"",""dataset_id_j"":""data_4100_4_6.5_chordal"",""dtw"":164.822021484375},{""row_pos"":2,""col_pos"":3,""member_idx_i"":2,""member_idx_j"":3,""graph_id_i"":""149"",""graph_id_j"":""109"",""dataset_id_i"":""data_4200_3_6.5_chordal"",""dataset_id_j"":""data_4200_3_7.5_chordal"",""dtw"":344.4063262939453},{""row_pos"":2,""col_pos"":4,""member_idx_i"":2,""member_idx_j"":4,""graph_id_i"":""149"",""graph_id_j"":""143"",""dataset_id_i"":""data_4200_3_6.5_chordal"",""dataset_id_j"":""data_4200_3_3.0_chordal"",""dtw"":133.73272705078125},{""row_pos"":2,""col_pos"":5,""member_idx_i"":2,""member_idx_j"":5,""graph_id_i"":""149"",""graph_id_j"":""114"",""dataset_id_i"":""data_4200_3_6.5_chordal"",""dataset_id_j"":""data_4100_3_3.0_chordal"",""dtw"":196.85806274414062},{""row_pos"":2,""col_pos"":6,""member_idx_i"":2,""member_idx_j"":6,""graph_id_i"":""149"",""graph_id_j"":""117"",""dataset_id_i"":""data_4200_3_6.5_chordal"",""dataset_id_j"":""data_4000_3_3.0_chordal"",""dtw"":165.1221160888672},{""row_pos"":2,""col_pos"":7,""member_idx_i"":2,""member_idx_j"":7,""graph_id_i"":""149"",""graph_id_j"":""2"",""dataset_id_i"":""data_4200_3_6.5_chordal"",""dataset_id_j"":""data_3800_3_3.5_chordal"",""dtw"":186.11190795898438},{""row_pos"":2,""col_pos"":8,""member_idx_i"":2,""member_idx_j"":8,""graph_id_i"":""149"",""graph_id_j"":""88"",""dataset_id_i"":""data_4200_3_6.5_chordal"",""dataset_id_j"":""data_3800_4_4.5_chordal"",""dtw"":209.3386993408203},{""row_pos"":2,""col_pos"":9,""member_idx_i"":2,""member_idx_j"":9,""graph_id_i"":""149"",""graph_id_j"":""145"",""dataset_id_i"":""data_4200_3_6.5_chordal"",""dataset_id_j"":""data_4200_4_4.5_chordal"",""dtw"":166.03738403320312},{""row_pos"":2,""col_pos"":10,""member_idx_i"":2,""member_idx_j"":10,""graph_id_i"":""149"",""graph_id_j"":""166"",""dataset_id_i"":""data_4200_3_6.5_chordal"",""dataset_id_j"":""data_4100_4_4.0_chordal"",""dtw"":290.5082244873047},{""row_pos"":2,""col_pos"":11,""member_idx_i"":2,""member_idx_j"":11,""graph_id_i"":""149"",""graph_id_j"":""141"",""dataset_id_i"":""data_4200_3_6.5_chordal"",""dataset_id_j"":""data_4100_4_4.5_chordal"",""dtw"":191.15890502929688},{""row_pos"":2,""col_pos"":12,""member_idx_i"":2,""member_idx_j"":12,""graph_id_i"":""149"",""graph_id_j"":""65"",""dataset_id_i"":""data_4200_3_6.5_chordal"",""dataset_id_j"":""data_3900_4_2.0_chordal"",""dtw"":205.00875854492188},{""row_pos"":2,""col_pos"":13,""member_idx_i"":2,""member_idx_j"":13,""graph_id_i"":""149"",""graph_id_j"":""6"",""dataset_id_i"":""data_4200_3_6.5_chordal"",""dataset_id_j"":""data_4200_4_2.0_chordal"",""dtw"":199.10208129882812},{""row_pos"":2,""col_pos"":14,""member_idx_i"":2,""member_idx_j"":14,""graph_id_i"":""149"",""graph_id_j"":""131"",""dataset_id_i"":""data_4200_3_6.5_chordal"",""dataset_id_j"":""data_4100_4_2.0_chordal"",""dtw"":171.7172088623047},{""row_pos"":2,""col_pos"":15,""member_idx_i"":2,""member_idx_j"":15,""graph_id_i"":""149"",""graph_id_j"":""119"",""dataset_id_i"":""data_4200_3_6.5_chordal"",""dataset_id_j"":""data_4000_4_2.0_chordal"",""dtw"":173.32814025878906},{""row_pos"":2,""col_pos"":16,""member_idx_i"":2,""member_idx_j"":16,""graph_id_i"":""149"",""graph_id_j"":""96"",""dataset_id_i"":""data_4200_3_6.5_chordal"",""dataset_id_j"":""data_4200_4_7.0_chordal"",""dtw"":290.7845916748047},{""row_pos"":2,""col_pos"":17,""member_idx_i"":2,""member_idx_j"":17,""graph_id_i"":""149"",""graph_id_j"":""162"",""dataset_id_i"":""data_4200_3_6.5_chordal"",""dataset_id_j"":""data_3800_4_7.5_chordal"",""dtw"":285.7551727294922},{""row_pos"":2,""col_pos"":18,""member_idx_i"":2,""member_idx_j"":18,""graph_id_i"":""149"",""graph_id_j"":""107"",""dataset_id_i"":""data_4200_3_6.5_chordal"",""dataset_id_j"":""data_4200_4_7.5_chordal"",""dtw"":456.06182861328125},{""row_pos"":2,""col_pos"":19,""member_idx_i"":2,""member_idx_j"":19,""graph_id_i"":""149"",""graph_id_j"":""0"",""dataset_id_i"":""data_4200_3_6.5_chordal"",""dataset_id_j"":""data_4100_4_6.5_chordal"",""dtw"":306.46519470214844},{""row_pos"":3,""col_pos"":4,""member_idx_i"":3,""member_idx_j"":4,""graph_id_i"":""109"",""graph_id_j"":""143"",""dataset_id_i"":""data_4200_3_7.5_chordal"",""dataset_id_j"":""data_4200_3_3.0_chordal"",""dtw"":244.0277862548828},{""row_pos"":3,""col_pos"":5,""member_idx_i"":3,""member_idx_j"":5,""graph_id_i"":""109"",""graph_id_j"":""114"",""dataset_id_i"":""data_4200_3_7.5_chordal"",""dataset_id_j"":""data_4100_3_3.0_chordal"",""dtw"":165.6610870361328},{""row_pos"":3,""col_pos"":6,""member_idx_i"":3,""member_idx_j"":6,""graph_id_i"":""109"",""graph_id_j"":""117"",""dataset_id_i"":""data_4200_3_7.5_chordal"",""dataset_id_j"":""data_4000_3_3.0_chordal"",""dtw"":258.8750305175781},{""row_pos"":3,""col_pos"":7,""member_idx_i"":3,""member_idx_j"":7,""graph_id_i"":""109"",""graph_id_j"":""2"",""dataset_id_i"":""data_4200_3_7.5_chordal"",""dataset_id_j"":""data_3800_3_3.5_chordal"",""dtw"":224.74114990234375},{""row_pos"":3,""col_pos"":8,""member_idx_i"":3,""member_idx_j"":8,""graph_id_i"":""109"",""graph_id_j"":""88"",""dataset_id_i"":""data_4200_3_7.5_chordal"",""dataset_id_j"":""data_3800_4_4.5_chordal"",""dtw"":263.2835998535156},{""row_pos"":3,""col_pos"":9,""member_idx_i"":3,""member_idx_j"":9,""graph_id_i"":""109"",""graph_id_j"":""145"",""dataset_id_i"":""data_4200_3_7.5_chordal"",""dataset_id_j"":""data_4200_4_4.5_chordal"",""dtw"":308.0786895751953},{""row_pos"":3,""col_pos"":10,""member_idx_i"":3,""member_idx_j"":10,""graph_id_i"":""109"",""graph_id_j"":""166"",""dataset_id_i"":""data_4200_3_7.5_chordal"",""dataset_id_j"":""data_4100_4_4.0_chordal"",""dtw"":139.61328125},{""row_pos"":3,""col_pos"":11,""member_idx_i"":3,""member_idx_j"":11,""graph_id_i"":""109"",""graph_id_j"":""141"",""dataset_id_i"":""data_4200_3_7.5_chordal"",""dataset_id_j"":""data_4100_4_4.5_chordal"",""dtw"":161.68443298339844},{""row_pos"":3,""col_pos"":12,""member_idx_i"":3,""member_idx_j"":12,""graph_id_i"":""109"",""graph_id_j"":""65"",""dataset_id_i"":""data_4200_3_7.5_chordal"",""dataset_id_j"":""data_3900_4_2.0_chordal"",""dtw"":308.06300354003906},{""row_pos"":3,""col_pos"":13,""member_idx_i"":3,""member_idx_j"":13,""graph_id_i"":""109"",""graph_id_j"":""6"",""dataset_id_i"":""data_4200_3_7.5_chordal"",""dataset_id_j"":""data_4200_4_2.0_chordal"",""dtw"":157.37364196777344},{""row_pos"":3,""col_pos"":14,""member_idx_i"":3,""member_idx_j"":14,""graph_id_i"":""109"",""graph_id_j"":""131"",""dataset_id_i"":""data_4200_3_7.5_chordal"",""dataset_id_j"":""data_4100_4_2.0_chordal"",""dtw"":239.2452392578125},{""row_pos"":3,""col_pos"":15,""member_idx_i"":3,""member_idx_j"":15,""graph_id_i"":""109"",""graph_id_j"":""119"",""dataset_id_i"":""data_4200_3_7.5_chordal"",""dataset_id_j"":""data_4000_4_2.0_chordal"",""dtw"":278.8863830566406},{""row_pos"":3,""col_pos"":16,""member_idx_i"":3,""member_idx_j"":16,""graph_id_i"":""109"",""graph_id_j"":""96"",""dataset_id_i"":""data_4200_3_7.5_chordal"",""dataset_id_j"":""data_4200_4_7.0_chordal"",""dtw"":127.78466796875},{""row_pos"":3,""col_pos"":17,""member_idx_i"":3,""member_idx_j"":17,""graph_id_i"":""109"",""graph_id_j"":""162"",""dataset_id_i"":""data_4200_3_7.5_chordal"",""dataset_id_j"":""data_3800_4_7.5_chordal"",""dtw"":177.82728576660156},{""row_pos"":3,""col_pos"":18,""member_idx_i"":3,""member_idx_j"":18,""graph_id_i"":""109"",""graph_id_j"":""107"",""dataset_id_i"":""data_4200_3_7.5_chordal"",""dataset_id_j"":""data_4200_4_7.5_chordal"",""dtw"":238.98435974121094},{""row_pos"":3,""col_pos"":19,""member_idx_i"":3,""member_idx_j"":19,""graph_id_i"":""109"",""graph_id_j"":""0"",""dataset_id_i"":""data_4200_3_7.5_chordal"",""dataset_id_j"":""data_4100_4_6.5_chordal"",""dtw"":178.571044921875},{""row_pos"":4,""col_pos"":5,""member_idx_i"":4,""member_idx_j"":5,""graph_id_i"":""143"",""graph_id_j"":""114"",""dataset_id_i"":""data_4200_3_3.0_chordal"",""dataset_id_j"":""data_4100_3_3.0_chordal"",""dtw"":111.0828857421875},{""row_pos"":4,""col_pos"":6,""member_idx_i"":4,""member_idx_j"":6,""graph_id_i"":""143"",""graph_id_j"":""117"",""dataset_id_i"":""data_4200_3_3.0_chordal"",""dataset_id_j"":""data_4000_3_3.0_chordal"",""dtw"":57.65391540527344},{""row_pos"":4,""col_pos"":7,""member_idx_i"":4,""member_idx_j"":7,""graph_id_i"":""143"",""graph_id_j"":""2"",""dataset_id_i"":""data_4200_3_3.0_chordal"",""dataset_id_j"":""data_3800_3_3.5_chordal"",""dtw"":97.67724609375},{""row_pos"":4,""col_pos"":8,""member_idx_i"":4,""member_idx_j"":8,""graph_id_i"":""143"",""graph_id_j"":""88"",""dataset_id_i"":""data_4200_3_3.0_chordal"",""dataset_id_j"":""data_3800_4_4.5_chordal"",""dtw"":98.88676452636719},{""row_pos"":4,""col_pos"":9,""member_idx_i"":4,""member_idx_j"":9,""graph_id_i"":""143"",""graph_id_j"":""145"",""dataset_id_i"":""data_4200_3_3.0_chordal"",""dataset_id_j"":""data_4200_4_4.5_chordal"",""dtw"":106.2000732421875},{""row_pos"":4,""col_pos"":10,""member_idx_i"":4,""member_idx_j"":10,""graph_id_i"":""143"",""graph_id_j"":""166"",""dataset_id_i"":""data_4200_3_3.0_chordal"",""dataset_id_j"":""data_4100_4_4.0_chordal"",""dtw"":158.2488250732422},{""row_pos"":4,""col_pos"":11,""member_idx_i"":4,""member_idx_j"":11,""graph_id_i"":""143"",""graph_id_j"":""141"",""dataset_id_i"":""data_4200_3_3.0_chordal"",""dataset_id_j"":""data_4100_4_4.5_chordal"",""dtw"":101.50186157226562},{""row_pos"":4,""col_pos"":12,""member_idx_i"":4,""member_idx_j"":12,""graph_id_i"":""143"",""graph_id_j"":""65"",""dataset_id_i"":""data_4200_3_3.0_chordal"",""dataset_id_j"":""data_3900_4_2.0_chordal"",""dtw"":115.06153869628906},{""row_pos"":4,""col_pos"":13,""member_idx_i"":4,""member_idx_j"":13,""graph_id_i"":""143"",""graph_id_j"":""6"",""dataset_id_i"":""data_4200_3_3.0_chordal"",""dataset_id_j"":""data_4200_4_2.0_chordal"",""dtw"":91.97959899902344},{""row_pos"":4,""col_pos"":14,""member_idx_i"":4,""member_idx_j"":14,""graph_id_i"":""143"",""graph_id_j"":""131"",""dataset_id_i"":""data_4200_3_3.0_chordal"",""dataset_id_j"":""data_4100_4_2.0_chordal"",""dtw"":73.61177062988281},{""row_pos"":4,""col_pos"":15,""member_idx_i"":4,""member_idx_j"":15,""graph_id_i"":""143"",""graph_id_j"":""119"",""dataset_id_i"":""data_4200_3_3.0_chordal"",""dataset_id_j"":""data_4000_4_2.0_chordal"",""dtw"":79.72735595703125},{""row_pos"":4,""col_pos"":16,""member_idx_i"":4,""member_idx_j"":16,""graph_id_i"":""143"",""graph_id_j"":""96"",""dataset_id_i"":""data_4200_3_3.0_chordal"",""dataset_id_j"":""data_4200_4_7.0_chordal"",""dtw"":296.5710906982422},{""row_pos"":4,""col_pos"":17,""member_idx_i"":4,""member_idx_j"":17,""graph_id_i"":""143"",""graph_id_j"":""162"",""dataset_id_i"":""data_4200_3_3.0_chordal"",""dataset_id_j"":""data_3800_4_7.5_chordal"",""dtw"":279.8452453613281},{""row_pos"":4,""col_pos"":18,""member_idx_i"":4,""member_idx_j"":18,""graph_id_i"":""143"",""graph_id_j"":""107"",""dataset_id_i"":""data_4200_3_3.0_chordal"",""dataset_id_j"":""data_4200_4_7.5_chordal"",""dtw"":443.5434265136719},{""row_pos"":4,""col_pos"":19,""member_idx_i"":4,""member_idx_j"":19,""graph_id_i"":""143"",""graph_id_j"":""0"",""dataset_id_i"":""data_4200_3_3.0_chordal"",""dataset_id_j"":""data_4100_4_6.5_chordal"",""dtw"":226.70472717285156},{""row_pos"":5,""col_pos"":6,""member_idx_i"":5,""member_idx_j"":6,""graph_id_i"":""114"",""graph_id_j"":""117"",""dataset_id_i"":""data_4100_3_3.0_chordal"",""dataset_id_j"":""data_4000_3_3.0_chordal"",""dtw"":68.09199523925781},{""row_pos"":5,""col_pos"":7,""member_idx_i"":5,""member_idx_j"":7,""graph_id_i"":""114"",""graph_id_j"":""2"",""dataset_id_i"":""data_4100_3_3.0_chordal"",""dataset_id_j"":""data_3800_3_3.5_chordal"",""dtw"":60.20538330078125},{""row_pos"":5,""col_pos"":8,""member_idx_i"":5,""member_idx_j"":8,""graph_id_i"":""114"",""graph_id_j"":""88"",""dataset_id_i"":""data_4100_3_3.0_chordal"",""dataset_id_j"":""data_3800_4_4.5_chordal"",""dtw"":91.68986511230469},{""row_pos"":5,""col_pos"":9,""member_idx_i"":5,""member_idx_j"":9,""graph_id_i"":""114"",""graph_id_j"":""145"",""dataset_id_i"":""data_4100_3_3.0_chordal"",""dataset_id_j"":""data_4200_4_4.5_chordal"",""dtw"":112.95533752441406},{""row_pos"":5,""col_pos"":10,""member_idx_i"":5,""member_idx_j"":10,""graph_id_i"":""114"",""graph_id_j"":""166"",""dataset_id_i"":""data_4100_3_3.0_chordal"",""dataset_id_j"":""data_4100_4_4.0_chordal"",""dtw"":77.96650695800781},{""row_pos"":5,""col_pos"":11,""member_idx_i"":5,""member_idx_j"":11,""graph_id_i"":""114"",""graph_id_j"":""141"",""dataset_id_i"":""data_4100_3_3.0_chordal"",""dataset_id_j"":""data_4100_4_4.5_chordal"",""dtw"":81.85818481445312},{""row_pos"":5,""col_pos"":12,""member_idx_i"":5,""member_idx_j"":12,""graph_id_i"":""114"",""graph_id_j"":""65"",""dataset_id_i"":""data_4100_3_3.0_chordal"",""dataset_id_j"":""data_3900_4_2.0_chordal"",""dtw"":118.13931274414062},{""row_pos"":5,""col_pos"":13,""member_idx_i"":5,""member_idx_j"":13,""graph_id_i"":""114"",""graph_id_j"":""6"",""dataset_id_i"":""data_4100_3_3.0_chordal"",""dataset_id_j"":""data_4200_4_2.0_chordal"",""dtw"":69.44206237792969},{""row_pos"":5,""col_pos"":14,""member_idx_i"":5,""member_idx_j"":14,""graph_id_i"":""114"",""graph_id_j"":""131"",""dataset_id_i"":""data_4100_3_3.0_chordal"",""dataset_id_j"":""data_4100_4_2.0_chordal"",""dtw"":79.43190002441406},{""row_pos"":5,""col_pos"":15,""member_idx_i"":5,""member_idx_j"":15,""graph_id_i"":""114"",""graph_id_j"":""119"",""dataset_id_i"":""data_4100_3_3.0_chordal"",""dataset_id_j"":""data_4000_4_2.0_chordal"",""dtw"":84.97117614746094},{""row_pos"":5,""col_pos"":16,""member_idx_i"":5,""member_idx_j"":16,""graph_id_i"":""114"",""graph_id_j"":""96"",""dataset_id_i"":""data_4100_3_3.0_chordal"",""dataset_id_j"":""data_4200_4_7.0_chordal"",""dtw"":239.81439208984375},{""row_pos"":5,""col_pos"":17,""member_idx_i"":5,""member_idx_j"":17,""graph_id_i"":""114"",""graph_id_j"":""162"",""dataset_id_i"":""data_4100_3_3.0_chordal"",""dataset_id_j"":""data_3800_4_7.5_chordal"",""dtw"":244.7188262939453},{""row_pos"":5,""col_pos"":18,""member_idx_i"":5,""member_idx_j"":18,""graph_id_i"":""114"",""graph_id_j"":""107"",""dataset_id_i"":""data_4100_3_3.0_chordal"",""dataset_id_j"":""data_4200_4_7.5_chordal"",""dtw"":422.7908020019531},{""row_pos"":5,""col_pos"":19,""member_idx_i"":5,""member_idx_j"":19,""graph_id_i"":""114"",""graph_id_j"":""0"",""dataset_id_i"":""data_4100_3_3.0_chordal"",""dataset_id_j"":""data_4100_4_6.5_chordal"",""dtw"":210.86549377441406},{""row_pos"":6,""col_pos"":7,""member_idx_i"":6,""member_idx_j"":7,""graph_id_i"":""117"",""graph_id_j"":""2"",""dataset_id_i"":""data_4000_3_3.0_chordal"",""dataset_id_j"":""data_3800_3_3.5_chordal"",""dtw"":59.709228515625},{""row_pos"":6,""col_pos"":8,""member_idx_i"":6,""member_idx_j"":8,""graph_id_i"":""117"",""graph_id_j"":""88"",""dataset_id_i"":""data_4000_3_3.0_chordal"",""dataset_id_j"":""data_3800_4_4.5_chordal"",""dtw"":81.72216796875},{""row_pos"":6,""col_pos"":9,""member_idx_i"":6,""member_idx_j"":9,""graph_id_i"":""117"",""graph_id_j"":""145"",""dataset_id_i"":""data_4000_3_3.0_chordal"",""dataset_id_j"":""data_4200_4_4.5_chordal"",""dtw"":61.67481994628906},{""row_pos"":6,""col_pos"":10,""member_idx_i"":6,""member_idx_j"":10,""graph_id_i"":""117"",""graph_id_j"":""166"",""dataset_id_i"":""data_4000_3_3.0_chordal"",""dataset_id_j"":""data_4100_4_4.0_chordal"",""dtw"":126.92799377441406},{""row_pos"":6,""col_pos"":11,""member_idx_i"":6,""member_idx_j"":11,""graph_id_i"":""117"",""graph_id_j"":""141"",""dataset_id_i"":""data_4000_3_3.0_chordal"",""dataset_id_j"":""data_4100_4_4.5_chordal"",""dtw"":115.708740234375},{""row_pos"":6,""col_pos"":12,""member_idx_i"":6,""member_idx_j"":12,""graph_id_i"":""117"",""graph_id_j"":""65"",""dataset_id_i"":""data_4000_3_3.0_chordal"",""dataset_id_j"":""data_3900_4_2.0_chordal"",""dtw"":79.57015991210938},{""row_pos"":6,""col_pos"":13,""member_idx_i"":6,""member_idx_j"":13,""graph_id_i"":""117"",""graph_id_j"":""6"",""dataset_id_i"":""data_4000_3_3.0_chordal"",""dataset_id_j"":""data_4200_4_2.0_chordal"",""dtw"":74.580322265625},{""row_pos"":6,""col_pos"":14,""member_idx_i"":6,""member_idx_j"":14,""graph_id_i"":""117"",""graph_id_j"":""131"",""dataset_id_i"":""data_4000_3_3.0_chordal"",""dataset_id_j"":""data_4100_4_2.0_chordal"",""dtw"":42.697357177734375},{""row_pos"":6,""col_pos"":15,""member_idx_i"":6,""member_idx_j"":15,""graph_id_i"":""117"",""graph_id_j"":""119"",""dataset_id_i"":""data_4000_3_3.0_chordal"",""dataset_id_j"":""data_4000_4_2.0_chordal"",""dtw"":43.231231689453125},{""row_pos"":6,""col_pos"":16,""member_idx_i"":6,""member_idx_j"":16,""graph_id_i"":""117"",""graph_id_j"":""96"",""dataset_id_i"":""data_4000_3_3.0_chordal"",""dataset_id_j"":""data_4200_4_7.0_chordal"",""dtw"":339.58349609375},{""row_pos"":6,""col_pos"":17,""member_idx_i"":6,""member_idx_j"":17,""graph_id_i"":""117"",""graph_id_j"":""162"",""dataset_id_i"":""data_4000_3_3.0_chordal"",""dataset_id_j"":""data_3800_4_7.5_chordal"",""dtw"":322.1766815185547},{""row_pos"":6,""col_pos"":18,""member_idx_i"":6,""member_idx_j"":18,""graph_id_i"":""117"",""graph_id_j"":""107"",""dataset_id_i"":""data_4000_3_3.0_chordal"",""dataset_id_j"":""data_4200_4_7.5_chordal"",""dtw"":491.7421417236328},{""row_pos"":6,""col_pos"":19,""member_idx_i"":6,""member_idx_j"":19,""graph_id_i"":""117"",""graph_id_j"":""0"",""dataset_id_i"":""data_4000_3_3.0_chordal"",""dataset_id_j"":""data_4100_4_6.5_chordal"",""dtw"":274.9034423828125},{""row_pos"":7,""col_pos"":8,""member_idx_i"":7,""member_idx_j"":8,""graph_id_i"":""2"",""graph_id_j"":""88"",""dataset_id_i"":""data_3800_3_3.5_chordal"",""dataset_id_j"":""data_3800_4_4.5_chordal"",""dtw"":83.833251953125},{""row_pos"":7,""col_pos"":9,""member_idx_i"":7,""member_idx_j"":9,""graph_id_i"":""2"",""graph_id_j"":""145"",""dataset_id_i"":""data_3800_3_3.5_chordal"",""dataset_id_j"":""data_4200_4_4.5_chordal"",""dtw"":61.88677978515625},{""row_pos"":7,""col_pos"":10,""member_idx_i"":7,""member_idx_j"":10,""graph_id_i"":""2"",""graph_id_j"":""166"",""dataset_id_i"":""data_3800_3_3.5_chordal"",""dataset_id_j"":""data_4100_4_4.0_chordal"",""dtw"":82.62176513671875},{""row_pos"":7,""col_pos"":11,""member_idx_i"":7,""member_idx_j"":11,""graph_id_i"":""2"",""graph_id_j"":""141"",""dataset_id_i"":""data_3800_3_3.5_chordal"",""dataset_id_j"":""data_4100_4_4.5_chordal"",""dtw"":138.4034423828125},{""row_pos"":7,""col_pos"":12,""member_idx_i"":7,""member_idx_j"":12,""graph_id_i"":""2"",""graph_id_j"":""65"",""dataset_id_i"":""data_3800_3_3.5_chordal"",""dataset_id_j"":""data_3900_4_2.0_chordal"",""dtw"":79.48182678222656},{""row_pos"":7,""col_pos"":13,""member_idx_i"":7,""member_idx_j"":13,""graph_id_i"":""2"",""graph_id_j"":""6"",""dataset_id_i"":""data_3800_3_3.5_chordal"",""dataset_id_j"":""data_4200_4_2.0_chordal"",""dtw"":36.18168640136719},{""row_pos"":7,""col_pos"":14,""member_idx_i"":7,""member_idx_j"":14,""graph_id_i"":""2"",""graph_id_j"":""131"",""dataset_id_i"":""data_3800_3_3.5_chordal"",""dataset_id_j"":""data_4100_4_2.0_chordal"",""dtw"":50.055633544921875},{""row_pos"":7,""col_pos"":15,""member_idx_i"":7,""member_idx_j"":15,""graph_id_i"":""2"",""graph_id_j"":""119"",""dataset_id_i"":""data_3800_3_3.5_chordal"",""dataset_id_j"":""data_4000_4_2.0_chordal"",""dtw"":61.99504089355469},{""row_pos"":7,""col_pos"":16,""member_idx_i"":7,""member_idx_j"":16,""graph_id_i"":""2"",""graph_id_j"":""96"",""dataset_id_i"":""data_3800_3_3.5_chordal"",""dataset_id_j"":""data_4200_4_7.0_chordal"",""dtw"":306.4666748046875},{""row_pos"":7,""col_pos"":17,""member_idx_i"":7,""member_idx_j"":17,""graph_id_i"":""2"",""graph_id_j"":""162"",""dataset_id_i"":""data_3800_3_3.5_chordal"",""dataset_id_j"":""data_3800_4_7.5_chordal"",""dtw"":297.48558044433594},{""row_pos"":7,""col_pos"":18,""member_idx_i"":7,""member_idx_j"":18,""graph_id_i"":""2"",""graph_id_j"":""107"",""dataset_id_i"":""data_3800_3_3.5_chordal"",""dataset_id_j"":""data_4200_4_7.5_chordal"",""dtw"":470.4916534423828},{""row_pos"":7,""col_pos"":19,""member_idx_i"":7,""member_idx_j"":19,""graph_id_i"":""2"",""graph_id_j"":""0"",""dataset_id_i"":""data_3800_3_3.5_chordal"",""dataset_id_j"":""data_4100_4_6.5_chordal"",""dtw"":253.6529541015625},{""row_pos"":8,""col_pos"":9,""member_idx_i"":8,""member_idx_j"":9,""graph_id_i"":""88"",""graph_id_j"":""145"",""dataset_id_i"":""data_3800_4_4.5_chordal"",""dataset_id_j"":""data_4200_4_4.5_chordal"",""dtw"":58.48921203613281},{""row_pos"":8,""col_pos"":10,""member_idx_i"":8,""member_idx_j"":10,""graph_id_i"":""88"",""graph_id_j"":""166"",""dataset_id_i"":""data_3800_4_4.5_chordal"",""dataset_id_j"":""data_4100_4_4.0_chordal"",""dtw"":100.35551452636719},{""row_pos"":8,""col_pos"":11,""member_idx_i"":8,""member_idx_j"":11,""graph_id_i"":""88"",""graph_id_j"":""141"",""dataset_id_i"":""data_3800_4_4.5_chordal"",""dataset_id_j"":""data_4100_4_4.5_chordal"",""dtw"":114.03395080566406},{""row_pos"":8,""col_pos"":12,""member_idx_i"":8,""member_idx_j"":12,""graph_id_i"":""88"",""graph_id_j"":""65"",""dataset_id_i"":""data_3800_4_4.5_chordal"",""dataset_id_j"":""data_3900_4_2.0_chordal"",""dtw"":58.09596252441406},{""row_pos"":8,""col_pos"":13,""member_idx_i"":8,""member_idx_j"":13,""graph_id_i"":""88"",""graph_id_j"":""6"",""dataset_id_i"":""data_3800_4_4.5_chordal"",""dataset_id_j"":""data_4200_4_2.0_chordal"",""dtw"":114.79045104980469},{""row_pos"":8,""col_pos"":14,""member_idx_i"":8,""member_idx_j"":14,""graph_id_i"":""88"",""graph_id_j"":""131"",""dataset_id_i"":""data_3800_4_4.5_chordal"",""dataset_id_j"":""data_4100_4_2.0_chordal"",""dtw"":69.1220703125},{""row_pos"":8,""col_pos"":15,""member_idx_i"":8,""member_idx_j"":15,""graph_id_i"":""88"",""graph_id_j"":""119"",""dataset_id_i"":""data_3800_4_4.5_chordal"",""dataset_id_j"":""data_4000_4_2.0_chordal"",""dtw"":68.09053039550781},{""row_pos"":8,""col_pos"":16,""member_idx_i"":8,""member_idx_j"":16,""graph_id_i"":""88"",""graph_id_j"":""96"",""dataset_id_i"":""data_3800_4_4.5_chordal"",""dataset_id_j"":""data_4200_4_7.0_chordal"",""dtw"":337.43690490722656},{""row_pos"":8,""col_pos"":17,""member_idx_i"":8,""member_idx_j"":17,""graph_id_i"":""88"",""graph_id_j"":""162"",""dataset_id_i"":""data_3800_4_4.5_chordal"",""dataset_id_j"":""data_3800_4_7.5_chordal"",""dtw"":336.40869140625},{""row_pos"":8,""col_pos"":18,""member_idx_i"":8,""member_idx_j"":18,""graph_id_i"":""88"",""graph_id_j"":""107"",""dataset_id_i"":""data_3800_4_4.5_chordal"",""dataset_id_j"":""data_4200_4_7.5_chordal"",""dtw"":509.23497009277344},{""row_pos"":8,""col_pos"":19,""member_idx_i"":8,""member_idx_j"":19,""graph_id_i"":""88"",""graph_id_j"":""0"",""dataset_id_i"":""data_3800_4_4.5_chordal"",""dataset_id_j"":""data_4100_4_6.5_chordal"",""dtw"":290.2755126953125},{""row_pos"":9,""col_pos"":10,""member_idx_i"":9,""member_idx_j"":10,""graph_id_i"":""145"",""graph_id_j"":""166"",""dataset_id_i"":""data_4200_4_4.5_chordal"",""dataset_id_j"":""data_4100_4_4.0_chordal"",""dtw"":162.34779357910156},{""row_pos"":9,""col_pos"":11,""member_idx_i"":9,""member_idx_j"":11,""graph_id_i"":""145"",""graph_id_j"":""141"",""dataset_id_i"":""data_4200_4_4.5_chordal"",""dataset_id_j"":""data_4100_4_4.5_chordal"",""dtw"":141.13978576660156},{""row_pos"":9,""col_pos"":12,""member_idx_i"":9,""member_idx_j"":12,""graph_id_i"":""145"",""graph_id_j"":""65"",""dataset_id_i"":""data_4200_4_4.5_chordal"",""dataset_id_j"":""data_3900_4_2.0_chordal"",""dtw"":72.62606811523438},{""row_pos"":9,""col_pos"":13,""member_idx_i"":9,""member_idx_j"":13,""graph_id_i"":""145"",""graph_id_j"":""6"",""dataset_id_i"":""data_4200_4_4.5_chordal"",""dataset_id_j"":""data_4200_4_2.0_chordal"",""dtw"":108.152587890625},{""row_pos"":9,""col_pos"":14,""member_idx_i"":9,""member_idx_j"":14,""graph_id_i"":""145"",""graph_id_j"":""131"",""dataset_id_i"":""data_4200_4_4.5_chordal"",""dataset_id_j"":""data_4100_4_2.0_chordal"",""dtw"":73.91651916503906},{""row_pos"":9,""col_pos"":15,""member_idx_i"":9,""member_idx_j"":15,""graph_id_i"":""145"",""graph_id_j"":""119"",""dataset_id_i"":""data_4200_4_4.5_chordal"",""dataset_id_j"":""data_4000_4_2.0_chordal"",""dtw"":38.43846130371094},{""row_pos"":9,""col_pos"":16,""member_idx_i"":9,""member_idx_j"":16,""graph_id_i"":""145"",""graph_id_j"":""96"",""dataset_id_i"":""data_4200_4_4.5_chordal"",""dataset_id_j"":""data_4200_4_7.0_chordal"",""dtw"":393.9734649658203},{""row_pos"":9,""col_pos"":17,""member_idx_i"":9,""member_idx_j"":17,""graph_id_i"":""145"",""graph_id_j"":""162"",""dataset_id_i"":""data_4200_4_4.5_chordal"",""dataset_id_j"":""data_3800_4_7.5_chordal"",""dtw"":354.6375732421875},{""row_pos"":9,""col_pos"":18,""member_idx_i"":9,""member_idx_j"":18,""graph_id_i"":""145"",""graph_id_j"":""107"",""dataset_id_i"":""data_4200_4_4.5_chordal"",""dataset_id_j"":""data_4200_4_7.5_chordal"",""dtw"":540.94580078125},{""row_pos"":9,""col_pos"":19,""member_idx_i"":9,""member_idx_j"":19,""graph_id_i"":""145"",""graph_id_j"":""0"",""dataset_id_i"":""data_4200_4_4.5_chordal"",""dataset_id_j"":""data_4100_4_6.5_chordal"",""dtw"":324.1071014404297},{""row_pos"":10,""col_pos"":11,""member_idx_i"":10,""member_idx_j"":11,""graph_id_i"":""166"",""graph_id_j"":""141"",""dataset_id_i"":""data_4100_4_4.0_chordal"",""dataset_id_j"":""data_4100_4_4.5_chordal"",""dtw"":158.95188903808594},{""row_pos"":10,""col_pos"":12,""member_idx_i"":10,""member_idx_j"":12,""graph_id_i"":""166"",""graph_id_j"":""65"",""dataset_id_i"":""data_4100_4_4.0_chordal"",""dataset_id_j"":""data_3900_4_2.0_chordal"",""dtw"":130.7238006591797},{""row_pos"":10,""col_pos"":13,""member_idx_i"":10,""member_idx_j"":13,""graph_id_i"":""166"",""graph_id_j"":""6"",""dataset_id_i"":""data_4100_4_4.0_chordal"",""dataset_id_j"":""data_4200_4_2.0_chordal"",""dtw"":54.28123474121094},{""row_pos"":10,""col_pos"":14,""member_idx_i"":10,""member_idx_j"":14,""graph_id_i"":""166"",""graph_id_j"":""131"",""dataset_id_i"":""data_4100_4_4.0_chordal"",""dataset_id_j"":""data_4100_4_2.0_chordal"",""dtw"":110.1937255859375},{""row_pos"":10,""col_pos"":15,""member_idx_i"":10,""member_idx_j"":15,""graph_id_i"":""166"",""graph_id_j"":""119"",""dataset_id_i"":""data_4100_4_4.0_chordal"",""dataset_id_j"":""data_4000_4_2.0_chordal"",""dtw"":99.72689819335938},{""row_pos"":10,""col_pos"":16,""member_idx_i"":10,""member_idx_j"":16,""graph_id_i"":""166"",""graph_id_j"":""96"",""dataset_id_i"":""data_4100_4_4.0_chordal"",""dataset_id_j"":""data_4200_4_7.0_chordal"",""dtw"":232.93359375},{""row_pos"":10,""col_pos"":17,""member_idx_i"":10,""member_idx_j"":17,""graph_id_i"":""166"",""graph_id_j"":""162"",""dataset_id_i"":""data_4100_4_4.0_chordal"",""dataset_id_j"":""data_3800_4_7.5_chordal"",""dtw"":281.8942565917969},{""row_pos"":10,""col_pos"":18,""member_idx_i"":10,""member_idx_j"":18,""graph_id_i"":""166"",""graph_id_j"":""107"",""dataset_id_i"":""data_4100_4_4.0_chordal"",""dataset_id_j"":""data_4200_4_7.5_chordal"",""dtw"":379.9059295654297},{""row_pos"":10,""col_pos"":19,""member_idx_i"":10,""member_idx_j"":19,""graph_id_i"":""166"",""graph_id_j"":""0"",""dataset_id_i"":""data_4100_4_4.0_chordal"",""dataset_id_j"":""data_4100_4_6.5_chordal"",""dtw"":170.62896728515625},{""row_pos"":11,""col_pos"":12,""member_idx_i"":11,""member_idx_j"":12,""graph_id_i"":""141"",""graph_id_j"":""65"",""dataset_id_i"":""data_4100_4_4.5_chordal"",""dataset_id_j"":""data_3900_4_2.0_chordal"",""dtw"":127.81228637695312},{""row_pos"":11,""col_pos"":13,""member_idx_i"":11,""member_idx_j"":13,""graph_id_i"":""141"",""graph_id_j"":""6"",""dataset_id_i"":""data_4100_4_4.5_chordal"",""dataset_id_j"":""data_4200_4_2.0_chordal"",""dtw"":150.8465118408203},{""row_pos"":11,""col_pos"":14,""member_idx_i"":11,""member_idx_j"":14,""graph_id_i"":""141"",""graph_id_j"":""131"",""dataset_id_i"":""data_4100_4_4.5_chordal"",""dataset_id_j"":""data_4100_4_2.0_chordal"",""dtw"":137.11647033691406},{""row_pos"":11,""col_pos"":15,""member_idx_i"":11,""member_idx_j"":15,""graph_id_i"":""141"",""graph_id_j"":""119"",""dataset_id_i"":""data_4100_4_4.5_chordal"",""dataset_id_j"":""data_4000_4_2.0_chordal"",""dtw"":137.14952087402344},{""row_pos"":11,""col_pos"":16,""member_idx_i"":11,""member_idx_j"":16,""graph_id_i"":""141"",""graph_id_j"":""96"",""dataset_id_i"":""data_4100_4_4.5_chordal"",""dataset_id_j"":""data_4200_4_7.0_chordal"",""dtw"":243.54153442382812},{""row_pos"":11,""col_pos"":17,""member_idx_i"":11,""member_idx_j"":17,""graph_id_i"":""141"",""graph_id_j"":""162"",""dataset_id_i"":""data_4100_4_4.5_chordal"",""dataset_id_j"":""data_3800_4_7.5_chordal"",""dtw"":241.84400939941406},{""row_pos"":11,""col_pos"":18,""member_idx_i"":11,""member_idx_j"":18,""graph_id_i"":""141"",""graph_id_j"":""107"",""dataset_id_i"":""data_4100_4_4.5_chordal"",""dataset_id_j"":""data_4200_4_7.5_chordal"",""dtw"":425.6583251953125},{""row_pos"":11,""col_pos"":19,""member_idx_i"":11,""member_idx_j"":19,""graph_id_i"":""141"",""graph_id_j"":""0"",""dataset_id_i"":""data_4100_4_4.5_chordal"",""dataset_id_j"":""data_4100_4_6.5_chordal"",""dtw"":259.23789978027344},{""row_pos"":12,""col_pos"":13,""member_idx_i"":12,""member_idx_j"":13,""graph_id_i"":""65"",""graph_id_j"":""6"",""dataset_id_i"":""data_3900_4_2.0_chordal"",""dataset_id_j"":""data_4200_4_2.0_chordal"",""dtw"":92.33413696289062},{""row_pos"":12,""col_pos"":14,""member_idx_i"":12,""member_idx_j"":14,""graph_id_i"":""65"",""graph_id_j"":""131"",""dataset_id_i"":""data_3900_4_2.0_chordal"",""dataset_id_j"":""data_4100_4_2.0_chordal"",""dtw"":98.38722229003906},{""row_pos"":12,""col_pos"":15,""member_idx_i"":12,""member_idx_j"":15,""graph_id_i"":""65"",""graph_id_j"":""119"",""dataset_id_i"":""data_3900_4_2.0_chordal"",""dataset_id_j"":""data_4000_4_2.0_chordal"",""dtw"":68.62687683105469},{""row_pos"":12,""col_pos"":16,""member_idx_i"":12,""member_idx_j"":16,""graph_id_i"":""65"",""graph_id_j"":""96"",""dataset_id_i"":""data_3900_4_2.0_chordal"",""dataset_id_j"":""data_4200_4_7.0_chordal"",""dtw"":382.5458526611328},{""row_pos"":12,""col_pos"":17,""member_idx_i"":12,""member_idx_j"":17,""graph_id_i"":""65"",""graph_id_j"":""162"",""dataset_id_i"":""data_3900_4_2.0_chordal"",""dataset_id_j"":""data_3800_4_7.5_chordal"",""dtw"":356.7849578857422},{""row_pos"":12,""col_pos"":18,""member_idx_i"":12,""member_idx_j"":18,""graph_id_i"":""65"",""graph_id_j"":""107"",""dataset_id_i"":""data_3900_4_2.0_chordal"",""dataset_id_j"":""data_4200_4_7.5_chordal"",""dtw"":540.9301147460938},{""row_pos"":12,""col_pos"":19,""member_idx_i"":12,""member_idx_j"":19,""graph_id_i"":""65"",""graph_id_j"":""0"",""dataset_id_i"":""data_3900_4_2.0_chordal"",""dataset_id_j"":""data_4100_4_6.5_chordal"",""dtw"":324.09141540527344},{""row_pos"":13,""col_pos"":14,""member_idx_i"":13,""member_idx_j"":14,""graph_id_i"":""6"",""graph_id_j"":""131"",""dataset_id_i"":""data_4200_4_2.0_chordal"",""dataset_id_j"":""data_4100_4_2.0_chordal"",""dtw"":57.01390075683594},{""row_pos"":13,""col_pos"":15,""member_idx_i"":13,""member_idx_j"":15,""graph_id_i"":""6"",""graph_id_j"":""119"",""dataset_id_i"":""data_4200_4_2.0_chordal"",""dataset_id_j"":""data_4000_4_2.0_chordal"",""dtw"":65.47792053222656},{""row_pos"":13,""col_pos"":16,""member_idx_i"":13,""member_idx_j"":16,""graph_id_i"":""6"",""graph_id_j"":""96"",""dataset_id_i"":""data_4200_4_2.0_chordal"",""dataset_id_j"":""data_4200_4_7.0_chordal"",""dtw"":252.0990447998047},{""row_pos"":13,""col_pos"":17,""member_idx_i"":13,""member_idx_j"":17,""graph_id_i"":""6"",""graph_id_j"":""162"",""dataset_id_i"":""data_4200_4_2.0_chordal"",""dataset_id_j"":""data_3800_4_7.5_chordal"",""dtw"":277.94703674316406},{""row_pos"":13,""col_pos"":18,""member_idx_i"":13,""member_idx_j"":18,""graph_id_i"":""6"",""graph_id_j"":""107"",""dataset_id_i"":""data_4200_4_2.0_chordal"",""dataset_id_j"":""data_4200_4_7.5_chordal"",""dtw"":432.793212890625},{""row_pos"":13,""col_pos"":19,""member_idx_i"":13,""member_idx_j"":19,""graph_id_i"":""6"",""graph_id_j"":""0"",""dataset_id_i"":""data_4200_4_2.0_chordal"",""dataset_id_j"":""data_4100_4_6.5_chordal"",""dtw"":207.5688018798828},{""row_pos"":14,""col_pos"":15,""member_idx_i"":14,""member_idx_j"":15,""graph_id_i"":""131"",""graph_id_j"":""119"",""dataset_id_i"":""data_4100_4_2.0_chordal"",""dataset_id_j"":""data_4000_4_2.0_chordal"",""dtw"":49.49407958984375},{""row_pos"":14,""col_pos"":16,""member_idx_i"":14,""member_idx_j"":16,""graph_id_i"":""131"",""graph_id_j"":""96"",""dataset_id_i"":""data_4100_4_2.0_chordal"",""dataset_id_j"":""data_4200_4_7.0_chordal"",""dtw"":328.2537841796875},{""row_pos"":14,""col_pos"":17,""member_idx_i"":14,""member_idx_j"":17,""graph_id_i"":""131"",""graph_id_j"":""162"",""dataset_id_i"":""data_4100_4_2.0_chordal"",""dataset_id_j"":""data_3800_4_7.5_chordal"",""dtw"":289.2872009277344},{""row_pos"":14,""col_pos"":18,""member_idx_i"":14,""member_idx_j"":18,""graph_id_i"":""131"",""graph_id_j"":""107"",""dataset_id_i"":""data_4100_4_2.0_chordal"",""dataset_id_j"":""data_4200_4_7.5_chordal"",""dtw"":462.25941467285156},{""row_pos"":14,""col_pos"":19,""member_idx_i"":14,""member_idx_j"":19,""graph_id_i"":""131"",""graph_id_j"":""0"",""dataset_id_i"":""data_4100_4_2.0_chordal"",""dataset_id_j"":""data_4100_4_6.5_chordal"",""dtw"":245.42071533203125},{""row_pos"":15,""col_pos"":16,""member_idx_i"":15,""member_idx_j"":16,""graph_id_i"":""119"",""graph_id_j"":""96"",""dataset_id_i"":""data_4000_4_2.0_chordal"",""dataset_id_j"":""data_4200_4_7.0_chordal"",""dtw"":355.43505859375},{""row_pos"":15,""col_pos"":17,""member_idx_i"":15,""member_idx_j"":17,""graph_id_i"":""119"",""graph_id_j"":""162"",""dataset_id_i"":""data_4000_4_2.0_chordal"",""dataset_id_j"":""data_3800_4_7.5_chordal"",""dtw"":327.0267333984375},{""row_pos"":15,""col_pos"":18,""member_idx_i"":15,""member_idx_j"":18,""graph_id_i"":""119"",""graph_id_j"":""107"",""dataset_id_i"":""data_4000_4_2.0_chordal"",""dataset_id_j"":""data_4200_4_7.5_chordal"",""dtw"":511.7534942626953},{""row_pos"":15,""col_pos"":19,""member_idx_i"":15,""member_idx_j"":19,""graph_id_i"":""119"",""graph_id_j"":""0"",""dataset_id_i"":""data_4000_4_2.0_chordal"",""dataset_id_j"":""data_4100_4_6.5_chordal"",""dtw"":294.914794921875},{""row_pos"":16,""col_pos"":17,""member_idx_i"":16,""member_idx_j"":17,""graph_id_i"":""96"",""graph_id_j"":""162"",""dataset_id_i"":""data_4200_4_7.0_chordal"",""dataset_id_j"":""data_3800_4_7.5_chordal"",""dtw"":201.11668395996094},{""row_pos"":16,""col_pos"":18,""member_idx_i"":16,""member_idx_j"":18,""graph_id_i"":""96"",""graph_id_j"":""107"",""dataset_id_i"":""data_4200_4_7.0_chordal"",""dataset_id_j"":""data_4200_4_7.5_chordal"",""dtw"":238.57835388183594},{""row_pos"":16,""col_pos"":19,""member_idx_i"":16,""member_idx_j"":19,""graph_id_i"":""96"",""graph_id_j"":""0"",""dataset_id_i"":""data_4200_4_7.0_chordal"",""dataset_id_j"":""data_4100_4_6.5_chordal"",""dtw"":232.97036743164062},{""row_pos"":17,""col_pos"":18,""member_idx_i"":17,""member_idx_j"":18,""graph_id_i"":""162"",""graph_id_j"":""107"",""dataset_id_i"":""data_3800_4_7.5_chordal"",""dataset_id_j"":""data_4200_4_7.5_chordal"",""dtw"":326.96937561035156},{""row_pos"":17,""col_pos"":19,""member_idx_i"":17,""member_idx_j"":19,""graph_id_i"":""162"",""graph_id_j"":""0"",""dataset_id_i"":""data_3800_4_7.5_chordal"",""dataset_id_j"":""data_4100_4_6.5_chordal"",""dtw"":233.75698852539062},{""row_pos"":18,""col_pos"":19,""member_idx_i"":18,""member_idx_j"":19,""graph_id_i"":""107"",""graph_id_j"":""0"",""dataset_id_i"":""data_4200_4_7.5_chordal"",""dataset_id_j"":""data_4100_4_6.5_chordal"",""dtw"":187.4711456298828}]","[{""row_pos"":0,""col_pos"":1,""member_idx_i"":0,""member_idx_j"":1,""graph_id_i"":""87"",""graph_id_j"":""157"",""dataset_id_i"":""data_4100_3_7.0_chordal"",""dataset_id_j"":""data_4200_3_6.0_chordal"",""affinity"":0.012674154556766234},{""row_pos"":0,""col_pos"":2,""member_idx_i"":0,""member_idx_j"":2,""graph_id_i"":""87"",""graph_id_j"":""149"",""dataset_id_i"":""data_4100_3_7.0_chordal"",""dataset_id_j"":""data_4200_3_6.5_chordal"",""affinity"":0.003772697942441603},{""row_pos"":0,""col_pos"":3,""member_idx_i"":0,""member_idx_j"":3,""graph_id_i"":""87"",""graph_id_j"":""109"",""dataset_id_i"":""data_4100_3_7.0_chordal"",""dataset_id_j"":""data_4200_3_7.5_chordal"",""affinity"":0.0094483275843128},{""row_pos"":0,""col_pos"":4,""member_idx_i"":0,""member_idx_j"":4,""graph_id_i"":""87"",""graph_id_j"":""143"",""dataset_id_i"":""data_4100_3_7.0_chordal"",""dataset_id_j"":""data_4200_3_3.0_chordal"",""affinity"":0.006824288828527977},{""row_pos"":0,""col_pos"":5,""member_idx_i"":0,""member_idx_j"":5,""graph_id_i"":""87"",""graph_id_j"":""114"",""dataset_id_i"":""data_4100_3_7.0_chordal"",""dataset_id_j"":""data_4100_3_3.0_chordal"",""affinity"":0.0169352071213869},{""row_pos"":0,""col_pos"":6,""member_idx_i"":0,""member_idx_j"":6,""graph_id_i"":""87"",""graph_id_j"":""117"",""dataset_id_i"":""data_4100_3_7.0_chordal"",""dataset_id_j"":""data_4000_3_3.0_chordal"",""affinity"":0.0070901813818908055},{""row_pos"":0,""col_pos"":7,""member_idx_i"":0,""member_idx_j"":7,""graph_id_i"":""87"",""graph_id_j"":""2"",""dataset_id_i"":""data_4100_3_7.0_chordal"",""dataset_id_j"":""data_3800_3_3.5_chordal"",""affinity"":0.008725670748658716},{""row_pos"":0,""col_pos"":8,""member_idx_i"":0,""member_idx_j"":8,""graph_id_i"":""87"",""graph_id_j"":""88"",""dataset_id_i"":""data_4100_3_7.0_chordal"",""dataset_id_j"":""data_3800_4_4.5_chordal"",""affinity"":0.007238737851123409},{""row_pos"":0,""col_pos"":9,""member_idx_i"":0,""member_idx_j"":9,""graph_id_i"":""87"",""graph_id_j"":""145"",""dataset_id_i"":""data_4100_3_7.0_chordal"",""dataset_id_j"":""data_4200_4_4.5_chordal"",""affinity"":0.004970754268120222},{""row_pos"":0,""col_pos"":10,""member_idx_i"":0,""member_idx_j"":10,""graph_id_i"":""87"",""graph_id_j"":""166"",""dataset_id_i"":""data_4100_3_7.0_chordal"",""dataset_id_j"":""data_4100_4_4.0_chordal"",""affinity"":0.014773566731161257},{""row_pos"":0,""col_pos"":11,""member_idx_i"":0,""member_idx_j"":11,""graph_id_i"":""87"",""graph_id_j"":""141"",""dataset_id_i"":""data_4100_3_7.0_chordal"",""dataset_id_j"":""data_4100_4_4.5_chordal"",""affinity"":0.008628114519472634},{""row_pos"":0,""col_pos"":12,""member_idx_i"":0,""member_idx_j"":12,""graph_id_i"":""87"",""graph_id_j"":""65"",""dataset_id_i"":""data_4100_3_7.0_chordal"",""dataset_id_j"":""data_3900_4_2.0_chordal"",""affinity"":0.0057384804182323895},{""row_pos"":0,""col_pos"":13,""member_idx_i"":0,""member_idx_j"":13,""graph_id_i"":""87"",""graph_id_j"":""6"",""dataset_id_i"":""data_4100_3_7.0_chordal"",""dataset_id_j"":""data_4200_4_2.0_chordal"",""affinity"":0.010497589523682448},{""row_pos"":0,""col_pos"":14,""member_idx_i"":0,""member_idx_j"":14,""graph_id_i"":""87"",""graph_id_j"":""131"",""dataset_id_i"":""data_4100_3_7.0_chordal"",""dataset_id_j"":""data_4100_4_2.0_chordal"",""affinity"":0.008315698087983273},{""row_pos"":0,""col_pos"":15,""member_idx_i"":0,""member_idx_j"":15,""graph_id_i"":""87"",""graph_id_j"":""119"",""dataset_id_i"":""data_4100_3_7.0_chordal"",""dataset_id_j"":""data_4000_4_2.0_chordal"",""affinity"":0.006585327449117101},{""row_pos"":0,""col_pos"":16,""member_idx_i"":0,""member_idx_j"":16,""graph_id_i"":""87"",""graph_id_j"":""96"",""dataset_id_i"":""data_4100_3_7.0_chordal"",""dataset_id_j"":""data_4200_4_7.0_chordal"",""affinity"":0.004528333593137629},{""row_pos"":0,""col_pos"":17,""member_idx_i"":0,""member_idx_j"":17,""graph_id_i"":""87"",""graph_id_j"":""162"",""dataset_id_i"":""data_4100_3_7.0_chordal"",""dataset_id_j"":""data_3800_4_7.5_chordal"",""affinity"":0.003719873162405873},{""row_pos"":0,""col_pos"":18,""member_idx_i"":0,""member_idx_j"":18,""graph_id_i"":""87"",""graph_id_j"":""107"",""dataset_id_i"":""data_4100_3_7.0_chordal"",""dataset_id_j"":""data_4200_4_7.5_chordal"",""affinity"":0.002925952149949333},{""row_pos"":0,""col_pos"":19,""member_idx_i"":0,""member_idx_j"":19,""graph_id_i"":""87"",""graph_id_j"":""0"",""dataset_id_i"":""data_4100_3_7.0_chordal"",""dataset_id_j"":""data_4100_4_6.5_chordal"",""affinity"":0.00630658615607338},{""row_pos"":1,""col_pos"":2,""member_idx_i"":1,""member_idx_j"":2,""graph_id_i"":""157"",""graph_id_j"":""149"",""dataset_id_i"":""data_4200_3_6.0_chordal"",""dataset_id_j"":""data_4200_3_6.5_chordal"",""affinity"":0.0048657670907507585},{""row_pos"":1,""col_pos"":3,""member_idx_i"":1,""member_idx_j"":3,""graph_id_i"":""157"",""graph_id_j"":""109"",""dataset_id_i"":""data_4200_3_6.0_chordal"",""dataset_id_j"":""data_4200_3_7.5_chordal"",""affinity"":0.00807257831273062},{""row_pos"":1,""col_pos"":4,""member_idx_i"":1,""member_idx_j"":4,""graph_id_i"":""157"",""graph_id_j"":""143"",""dataset_id_i"":""data_4200_3_6.0_chordal"",""dataset_id_j"":""data_4200_3_3.0_chordal"",""affinity"":0.010095400735927849},{""row_pos"":1,""col_pos"":5,""member_idx_i"":1,""member_idx_j"":5,""graph_id_i"":""157"",""graph_id_j"":""114"",""dataset_id_i"":""data_4200_3_6.0_chordal"",""dataset_id_j"":""data_4100_3_3.0_chordal"",""affinity"":0.00682039545513724},{""row_pos"":1,""col_pos"":6,""member_idx_i"":1,""member_idx_j"":6,""graph_id_i"":""157"",""graph_id_j"":""117"",""dataset_id_i"":""data_4200_3_6.0_chordal"",""dataset_id_j"":""data_4000_3_3.0_chordal"",""affinity"":0.004763874340602187},{""row_pos"":1,""col_pos"":7,""member_idx_i"":1,""member_idx_j"":7,""graph_id_i"":""157"",""graph_id_j"":""2"",""dataset_id_i"":""data_4200_3_6.0_chordal"",""dataset_id_j"":""data_3800_3_3.5_chordal"",""affinity"":0.004882213325665143},{""row_pos"":1,""col_pos"":8,""member_idx_i"":1,""member_idx_j"":8,""graph_id_i"":""157"",""graph_id_j"":""88"",""dataset_id_i"":""data_4200_3_6.0_chordal"",""dataset_id_j"":""data_3800_4_4.5_chordal"",""affinity"":0.004822208294145288},{""row_pos"":1,""col_pos"":9,""member_idx_i"":1,""member_idx_j"":9,""graph_id_i"":""157"",""graph_id_j"":""145"",""dataset_id_i"":""data_4200_3_6.0_chordal"",""dataset_id_j"":""data_4200_4_4.5_chordal"",""affinity"":0.004209405325794394},{""row_pos"":1,""col_pos"":10,""member_idx_i"":1,""member_idx_j"":10,""graph_id_i"":""157"",""graph_id_j"":""166"",""dataset_id_i"":""data_4200_3_6.0_chordal"",""dataset_id_j"":""data_4100_4_4.0_chordal"",""affinity"":0.006721551404955626},{""row_pos"":1,""col_pos"":11,""member_idx_i"":1,""member_idx_j"":11,""graph_id_i"":""157"",""graph_id_j"":""141"",""dataset_id_i"":""data_4200_3_6.0_chordal"",""dataset_id_j"":""data_4100_4_4.5_chordal"",""affinity"":0.007279607645854019},{""row_pos"":1,""col_pos"":12,""member_idx_i"":1,""member_idx_j"":12,""graph_id_i"":""157"",""graph_id_j"":""65"",""dataset_id_i"":""data_4200_3_6.0_chordal"",""dataset_id_j"":""data_3900_4_2.0_chordal"",""affinity"":0.004098547503432602},{""row_pos"":1,""col_pos"":13,""member_idx_i"":1,""member_idx_j"":13,""graph_id_i"":""157"",""graph_id_j"":""6"",""dataset_id_i"":""data_4200_3_6.0_chordal"",""dataset_id_j"":""data_4200_4_2.0_chordal"",""affinity"":0.005331864120124452},{""row_pos"":1,""col_pos"":14,""member_idx_i"":1,""member_idx_j"":14,""graph_id_i"":""157"",""graph_id_j"":""131"",""dataset_id_i"":""data_4200_3_6.0_chordal"",""dataset_id_j"":""data_4100_4_2.0_chordal"",""affinity"":0.005959414221299632},{""row_pos"":1,""col_pos"":15,""member_idx_i"":1,""member_idx_j"":15,""graph_id_i"":""157"",""graph_id_j"":""119"",""dataset_id_i"":""data_4200_3_6.0_chordal"",""dataset_id_j"":""data_4000_4_2.0_chordal"",""affinity"":0.004136019608731637},{""row_pos"":1,""col_pos"":16,""member_idx_i"":1,""member_idx_j"":16,""graph_id_i"":""157"",""graph_id_j"":""96"",""dataset_id_i"":""data_4200_3_6.0_chordal"",""dataset_id_j"":""data_4200_4_7.0_chordal"",""affinity"":0.004602690652498261},{""row_pos"":1,""col_pos"":17,""member_idx_i"":1,""member_idx_j"":17,""graph_id_i"":""157"",""graph_id_j"":""162"",""dataset_id_i"":""data_4200_3_6.0_chordal"",""dataset_id_j"":""data_3800_4_7.5_chordal"",""affinity"":0.004199303926415811},{""row_pos"":1,""col_pos"":18,""member_idx_i"":1,""member_idx_j"":18,""graph_id_i"":""157"",""graph_id_j"":""107"",""dataset_id_i"":""data_4200_3_6.0_chordal"",""dataset_id_j"":""data_4200_4_7.5_chordal"",""affinity"":0.003345139015751442},{""row_pos"":1,""col_pos"":19,""member_idx_i"":1,""member_idx_j"":19,""graph_id_i"":""157"",""graph_id_j"":""0"",""dataset_id_i"":""data_4200_3_6.0_chordal"",""dataset_id_j"":""data_4100_4_6.5_chordal"",""affinity"":0.006030562111403445},{""row_pos"":2,""col_pos"":3,""member_idx_i"":2,""member_idx_j"":3,""graph_id_i"":""149"",""graph_id_j"":""109"",""dataset_id_i"":""data_4200_3_6.5_chordal"",""dataset_id_j"":""data_4200_3_7.5_chordal"",""affinity"":0.0028951409510345415},{""row_pos"":2,""col_pos"":4,""member_idx_i"":2,""member_idx_j"":4,""graph_id_i"":""149"",""graph_id_j"":""143"",""dataset_id_i"":""data_4200_3_6.5_chordal"",""dataset_id_j"":""data_4200_3_3.0_chordal"",""affinity"":0.0074221016815246114},{""row_pos"":2,""col_pos"":5,""member_idx_i"":2,""member_idx_j"":5,""graph_id_i"":""149"",""graph_id_j"":""114"",""dataset_id_i"":""data_4200_3_6.5_chordal"",""dataset_id_j"":""data_4100_3_3.0_chordal"",""affinity"":0.005054128126651811},{""row_pos"":2,""col_pos"":6,""member_idx_i"":2,""member_idx_j"":6,""graph_id_i"":""149"",""graph_id_j"":""117"",""dataset_id_i"":""data_4200_3_6.5_chordal"",""dataset_id_j"":""data_4000_3_3.0_chordal"",""affinity"":0.006019668082394574},{""row_pos"":2,""col_pos"":7,""member_idx_i"":2,""member_idx_j"":7,""graph_id_i"":""149"",""graph_id_j"":""2"",""dataset_id_i"":""data_4200_3_6.5_chordal"",""dataset_id_j"":""data_3800_3_3.5_chordal"",""affinity"":0.005344395292143585},{""row_pos"":2,""col_pos"":8,""member_idx_i"":2,""member_idx_j"":8,""graph_id_i"":""149"",""graph_id_j"":""88"",""dataset_id_i"":""data_4200_3_6.5_chordal"",""dataset_id_j"":""data_3800_4_4.5_chordal"",""affinity"":0.00475423687193035},{""row_pos"":2,""col_pos"":9,""member_idx_i"":2,""member_idx_j"":9,""graph_id_i"":""149"",""graph_id_j"":""145"",""dataset_id_i"":""data_4200_3_6.5_chordal"",""dataset_id_j"":""data_4200_4_4.5_chordal"",""affinity"":0.005986683794097394},{""row_pos"":2,""col_pos"":10,""member_idx_i"":2,""member_idx_j"":10,""graph_id_i"":""149"",""graph_id_j"":""166"",""dataset_id_i"":""data_4200_3_6.5_chordal"",""dataset_id_j"":""data_4100_4_4.0_chordal"",""affinity"":0.0034304349448759735},{""row_pos"":2,""col_pos"":11,""member_idx_i"":2,""member_idx_j"":11,""graph_id_i"":""149"",""graph_id_j"":""141"",""dataset_id_i"":""data_4200_3_6.5_chordal"",""dataset_id_j"":""data_4100_4_4.5_chordal"",""affinity"":0.005204026323149262},{""row_pos"":2,""col_pos"":12,""member_idx_i"":2,""member_idx_j"":12,""graph_id_i"":""149"",""graph_id_j"":""65"",""dataset_id_i"":""data_4200_3_6.5_chordal"",""dataset_id_j"":""data_3900_4_2.0_chordal"",""affinity"":0.0048541625465984345},{""row_pos"":2,""col_pos"":13,""member_idx_i"":2,""member_idx_j"":13,""graph_id_i"":""149"",""graph_id_j"":""6"",""dataset_id_i"":""data_4200_3_6.5_chordal"",""dataset_id_j"":""data_4200_4_2.0_chordal"",""affinity"":0.004997449269438741},{""row_pos"":2,""col_pos"":14,""member_idx_i"":2,""member_idx_j"":14,""graph_id_i"":""149"",""graph_id_j"":""131"",""dataset_id_i"":""data_4200_3_6.5_chordal"",""dataset_id_j"":""data_4100_4_2.0_chordal"",""affinity"":0.005789811024547241},{""row_pos"":2,""col_pos"":15,""member_idx_i"":2,""member_idx_j"":15,""graph_id_i"":""149"",""graph_id_j"":""119"",""dataset_id_i"":""data_4200_3_6.5_chordal"",""dataset_id_j"":""data_4000_4_2.0_chordal"",""affinity"":0.005736308541555633},{""row_pos"":2,""col_pos"":16,""member_idx_i"":2,""member_idx_j"":16,""graph_id_i"":""149"",""graph_id_j"":""96"",""dataset_id_i"":""data_4200_3_6.5_chordal"",""dataset_id_j"":""data_4200_4_7.0_chordal"",""affinity"":0.0034271857683098794},{""row_pos"":2,""col_pos"":17,""member_idx_i"":2,""member_idx_j"":17,""graph_id_i"":""149"",""graph_id_j"":""162"",""dataset_id_i"":""data_4200_3_6.5_chordal"",""dataset_id_j"":""data_3800_4_7.5_chordal"",""affinity"":0.003487295418183583},{""row_pos"":2,""col_pos"":18,""member_idx_i"":2,""member_idx_j"":18,""graph_id_i"":""149"",""graph_id_j"":""107"",""dataset_id_i"":""data_4200_3_6.5_chordal"",""dataset_id_j"":""data_4200_4_7.5_chordal"",""affinity"":0.002187887802912759},{""row_pos"":2,""col_pos"":19,""member_idx_i"":2,""member_idx_j"":19,""graph_id_i"":""149"",""graph_id_j"":""0"",""dataset_id_i"":""data_4200_3_6.5_chordal"",""dataset_id_j"":""data_4100_4_6.5_chordal"",""affinity"":0.0032524006529218133},{""row_pos"":3,""col_pos"":4,""member_idx_i"":3,""member_idx_j"":4,""graph_id_i"":""109"",""graph_id_j"":""143"",""dataset_id_i"":""data_4200_3_7.5_chordal"",""dataset_id_j"":""data_4200_3_3.0_chordal"",""affinity"":0.00408116979418726},{""row_pos"":3,""col_pos"":5,""member_idx_i"":3,""member_idx_j"":5,""graph_id_i"":""109"",""graph_id_j"":""114"",""dataset_id_i"":""data_4200_3_7.5_chordal"",""dataset_id_j"":""data_4100_3_3.0_chordal"",""affinity"":0.006000200873424016},{""row_pos"":3,""col_pos"":6,""member_idx_i"":3,""member_idx_j"":6,""graph_id_i"":""109"",""graph_id_j"":""117"",""dataset_id_i"":""data_4200_3_7.5_chordal"",""dataset_id_j"":""data_4000_3_3.0_chordal"",""affinity"":0.0038480033961260443},{""row_pos"":3,""col_pos"":7,""member_idx_i"":3,""member_idx_j"":7,""graph_id_i"":""109"",""graph_id_j"":""2"",""dataset_id_i"":""data_4200_3_7.5_chordal"",""dataset_id_j"":""data_3800_3_3.5_chordal"",""affinity"":0.004429852512191963},{""row_pos"":3,""col_pos"":8,""member_idx_i"":3,""member_idx_j"":8,""graph_id_i"":""109"",""graph_id_j"":""88"",""dataset_id_i"":""data_4200_3_7.5_chordal"",""dataset_id_j"":""data_3800_4_4.5_chordal"",""affinity"":0.0037838140563934714},{""row_pos"":3,""col_pos"":9,""member_idx_i"":3,""member_idx_j"":9,""graph_id_i"":""109"",""graph_id_j"":""145"",""dataset_id_i"":""data_4200_3_7.5_chordal"",""dataset_id_j"":""data_4200_4_4.5_chordal"",""affinity"":0.0032354220259391627},{""row_pos"":3,""col_pos"":10,""member_idx_i"":3,""member_idx_j"":10,""graph_id_i"":""109"",""graph_id_j"":""166"",""dataset_id_i"":""data_4200_3_7.5_chordal"",""dataset_id_j"":""data_4100_4_4.0_chordal"",""affinity"":0.007111703753090536},{""row_pos"":3,""col_pos"":11,""member_idx_i"":3,""member_idx_j"":11,""graph_id_i"":""109"",""graph_id_j"":""141"",""dataset_id_i"":""data_4200_3_7.5_chordal"",""dataset_id_j"":""data_4100_4_4.5_chordal"",""affinity"":0.006146869627667742},{""row_pos"":3,""col_pos"":12,""member_idx_i"":3,""member_idx_j"":12,""graph_id_i"":""109"",""graph_id_j"":""65"",""dataset_id_i"":""data_4200_3_7.5_chordal"",""dataset_id_j"":""data_3900_4_2.0_chordal"",""affinity"":0.0032355862349938307},{""row_pos"":3,""col_pos"":13,""member_idx_i"":3,""member_idx_j"":13,""graph_id_i"":""109"",""graph_id_j"":""6"",""dataset_id_i"":""data_4200_3_7.5_chordal"",""dataset_id_j"":""data_4200_4_2.0_chordal"",""affinity"":0.006314182003868323},{""row_pos"":3,""col_pos"":14,""member_idx_i"":3,""member_idx_j"":14,""graph_id_i"":""109"",""graph_id_j"":""131"",""dataset_id_i"":""data_4200_3_7.5_chordal"",""dataset_id_j"":""data_4100_4_2.0_chordal"",""affinity"":0.0041624133867929755},{""row_pos"":3,""col_pos"":15,""member_idx_i"":3,""member_idx_j"":15,""graph_id_i"":""109"",""graph_id_j"":""119"",""dataset_id_i"":""data_4200_3_7.5_chordal"",""dataset_id_j"":""data_4000_4_2.0_chordal"",""affinity"":0.003572878355420492},{""row_pos"":3,""col_pos"":16,""member_idx_i"":3,""member_idx_j"":16,""graph_id_i"":""109"",""graph_id_j"":""96"",""dataset_id_i"":""data_4200_3_7.5_chordal"",""dataset_id_j"":""data_4200_4_7.0_chordal"",""affinity"":0.007764899469575471},{""row_pos"":3,""col_pos"":17,""member_idx_i"":3,""member_idx_j"":17,""graph_id_i"":""109"",""graph_id_j"":""162"",""dataset_id_i"":""data_4200_3_7.5_chordal"",""dataset_id_j"":""data_3800_4_7.5_chordal"",""affinity"":0.005591987798244398},{""row_pos"":3,""col_pos"":18,""member_idx_i"":3,""member_idx_j"":18,""graph_id_i"":""109"",""graph_id_j"":""107"",""dataset_id_i"":""data_4200_3_7.5_chordal"",""dataset_id_j"":""data_4200_4_7.5_chordal"",""affinity"":0.004166938216633609},{""row_pos"":3,""col_pos"":19,""member_idx_i"":3,""member_idx_j"":19,""graph_id_i"":""109"",""graph_id_j"":""0"",""dataset_id_i"":""data_4200_3_7.5_chordal"",""dataset_id_j"":""data_4100_4_6.5_chordal"",""affinity"":0.005568826535675975},{""row_pos"":4,""col_pos"":5,""member_idx_i"":4,""member_idx_j"":5,""graph_id_i"":""143"",""graph_id_j"":""114"",""dataset_id_i"":""data_4200_3_3.0_chordal"",""dataset_id_j"":""data_4100_3_3.0_chordal"",""affinity"":0.008921968714297695},{""row_pos"":4,""col_pos"":6,""member_idx_i"":4,""member_idx_j"":6,""graph_id_i"":""143"",""graph_id_j"":""117"",""dataset_id_i"":""data_4200_3_3.0_chordal"",""dataset_id_j"":""data_4000_3_3.0_chordal"",""affinity"":0.017049160198265165},{""row_pos"":4,""col_pos"":7,""member_idx_i"":4,""member_idx_j"":7,""graph_id_i"":""143"",""graph_id_j"":""2"",""dataset_id_i"":""data_4200_3_3.0_chordal"",""dataset_id_j"":""data_3800_3_3.5_chordal"",""affinity"":0.010134048522695222},{""row_pos"":4,""col_pos"":8,""member_idx_i"":4,""member_idx_j"":8,""graph_id_i"":""143"",""graph_id_j"":""88"",""dataset_id_i"":""data_4200_3_3.0_chordal"",""dataset_id_j"":""data_3800_4_4.5_chordal"",""affinity"":0.010011336384171591},{""row_pos"":4,""col_pos"":9,""member_idx_i"":4,""member_idx_j"":9,""graph_id_i"":""143"",""graph_id_j"":""145"",""dataset_id_i"":""data_4200_3_3.0_chordal"",""dataset_id_j"":""data_4200_4_4.5_chordal"",""affinity"":0.00932835183555136},{""row_pos"":4,""col_pos"":10,""member_idx_i"":4,""member_idx_j"":10,""graph_id_i"":""143"",""graph_id_j"":""166"",""dataset_id_i"":""data_4200_3_3.0_chordal"",""dataset_id_j"":""data_4100_4_4.0_chordal"",""affinity"":0.006279481180097103},{""row_pos"":4,""col_pos"":11,""member_idx_i"":4,""member_idx_j"":11,""graph_id_i"":""143"",""graph_id_j"":""141"",""dataset_id_i"":""data_4200_3_3.0_chordal"",""dataset_id_j"":""data_4100_4_4.5_chordal"",""affinity"":0.00975592037706537},{""row_pos"":4,""col_pos"":12,""member_idx_i"":4,""member_idx_j"":12,""graph_id_i"":""143"",""graph_id_j"":""65"",""dataset_id_i"":""data_4200_3_3.0_chordal"",""dataset_id_j"":""data_3900_4_2.0_chordal"",""affinity"":0.008616118752456053},{""row_pos"":4,""col_pos"":13,""member_idx_i"":4,""member_idx_j"":13,""graph_id_i"":""143"",""graph_id_j"":""6"",""dataset_id_i"":""data_4200_3_3.0_chordal"",""dataset_id_j"":""data_4200_4_2.0_chordal"",""affinity"":0.010755047459502412},{""row_pos"":4,""col_pos"":14,""member_idx_i"":4,""member_idx_j"":14,""graph_id_i"":""143"",""graph_id_j"":""131"",""dataset_id_i"":""data_4200_3_3.0_chordal"",""dataset_id_j"":""data_4100_4_2.0_chordal"",""affinity"":0.013402711014064707},{""row_pos"":4,""col_pos"":15,""member_idx_i"":4,""member_idx_j"":15,""graph_id_i"":""143"",""graph_id_j"":""119"",""dataset_id_i"":""data_4200_3_3.0_chordal"",""dataset_id_j"":""data_4000_4_2.0_chordal"",""affinity"":0.012387374616013313},{""row_pos"":4,""col_pos"":16,""member_idx_i"":4,""member_idx_j"":16,""graph_id_i"":""143"",""graph_id_j"":""96"",""dataset_id_i"":""data_4200_3_3.0_chordal"",""dataset_id_j"":""data_4200_4_7.0_chordal"",""affinity"":0.00336054150170814},{""row_pos"":4,""col_pos"":17,""member_idx_i"":4,""member_idx_j"":17,""graph_id_i"":""143"",""graph_id_j"":""162"",""dataset_id_i"":""data_4200_3_3.0_chordal"",""dataset_id_j"":""data_3800_4_7.5_chordal"",""affinity"":0.0035606798281858972},{""row_pos"":4,""col_pos"":18,""member_idx_i"":4,""member_idx_j"":18,""graph_id_i"":""143"",""graph_id_j"":""107"",""dataset_id_i"":""data_4200_3_3.0_chordal"",""dataset_id_j"":""data_4200_4_7.5_chordal"",""affinity"":0.0022494990148487666},{""row_pos"":4,""col_pos"":19,""member_idx_i"":4,""member_idx_j"":19,""graph_id_i"":""143"",""graph_id_j"":""0"",""dataset_id_i"":""data_4200_3_3.0_chordal"",""dataset_id_j"":""data_4100_4_6.5_chordal"",""affinity"":0.004391652349144671},{""row_pos"":5,""col_pos"":6,""member_idx_i"":5,""member_idx_j"":6,""graph_id_i"":""114"",""graph_id_j"":""117"",""dataset_id_i"":""data_4100_3_3.0_chordal"",""dataset_id_j"":""data_4000_3_3.0_chordal"",""affinity"":0.01447345667956342},{""row_pos"":5,""col_pos"":7,""member_idx_i"":5,""member_idx_j"":7,""graph_id_i"":""114"",""graph_id_j"":""2"",""dataset_id_i"":""data_4100_3_3.0_chordal"",""dataset_id_j"":""data_3800_3_3.5_chordal"",""affinity"":0.0163384321128373},{""row_pos"":5,""col_pos"":8,""member_idx_i"":5,""member_idx_j"":8,""graph_id_i"":""114"",""graph_id_j"":""88"",""dataset_id_i"":""data_4100_3_3.0_chordal"",""dataset_id_j"":""data_3800_4_4.5_chordal"",""affinity"":0.010788666040115413},{""row_pos"":5,""col_pos"":9,""member_idx_i"":5,""member_idx_j"":9,""graph_id_i"":""114"",""graph_id_j"":""145"",""dataset_id_i"":""data_4100_3_3.0_chordal"",""dataset_id_j"":""data_4200_4_4.5_chordal"",""affinity"":0.008775367803950013},{""row_pos"":5,""col_pos"":10,""member_idx_i"":5,""member_idx_j"":10,""graph_id_i"":""114"",""graph_id_j"":""166"",""dataset_id_i"":""data_4100_3_3.0_chordal"",""dataset_id_j"":""data_4100_4_4.0_chordal"",""affinity"":0.012663596738953797},{""row_pos"":5,""col_pos"":11,""member_idx_i"":5,""member_idx_j"":11,""graph_id_i"":""114"",""graph_id_j"":""141"",""dataset_id_i"":""data_4100_3_3.0_chordal"",""dataset_id_j"":""data_4100_4_4.5_chordal"",""affinity"":0.012068813747722456},{""row_pos"":5,""col_pos"":12,""member_idx_i"":5,""member_idx_j"":12,""graph_id_i"":""114"",""graph_id_j"":""65"",""dataset_id_i"":""data_4100_3_3.0_chordal"",""dataset_id_j"":""data_3900_4_2.0_chordal"",""affinity"":0.008393535072235683},{""row_pos"":5,""col_pos"":13,""member_idx_i"":5,""member_idx_j"":13,""graph_id_i"":""114"",""graph_id_j"":""6"",""dataset_id_i"":""data_4100_3_3.0_chordal"",""dataset_id_j"":""data_4200_4_2.0_chordal"",""affinity"":0.01419606363361263},{""row_pos"":5,""col_pos"":14,""member_idx_i"":5,""member_idx_j"":14,""graph_id_i"":""114"",""graph_id_j"":""131"",""dataset_id_i"":""data_4100_3_3.0_chordal"",""dataset_id_j"":""data_4100_4_2.0_chordal"",""affinity"":0.012432877996124211},{""row_pos"":5,""col_pos"":15,""member_idx_i"":5,""member_idx_j"":15,""graph_id_i"":""114"",""graph_id_j"":""119"",""dataset_id_i"":""data_4100_3_3.0_chordal"",""dataset_id_j"":""data_4000_4_2.0_chordal"",""affinity"":0.011631805505193544},{""row_pos"":5,""col_pos"":16,""member_idx_i"":5,""member_idx_j"":16,""graph_id_i"":""114"",""graph_id_j"":""96"",""dataset_id_i"":""data_4100_3_3.0_chordal"",""dataset_id_j"":""data_4200_4_7.0_chordal"",""affinity"":0.004152575729887926},{""row_pos"":5,""col_pos"":17,""member_idx_i"":5,""member_idx_j"":17,""graph_id_i"":""114"",""graph_id_j"":""162"",""dataset_id_i"":""data_4100_3_3.0_chordal"",""dataset_id_j"":""data_3800_4_7.5_chordal"",""affinity"":0.004069692237597347},{""row_pos"":5,""col_pos"":18,""member_idx_i"":5,""member_idx_j"":18,""graph_id_i"":""114"",""graph_id_j"":""107"",""dataset_id_i"":""data_4100_3_3.0_chordal"",""dataset_id_j"":""data_4200_4_7.5_chordal"",""affinity"":0.0023596547996702186},{""row_pos"":5,""col_pos"":19,""member_idx_i"":5,""member_idx_j"":19,""graph_id_i"":""114"",""graph_id_j"":""0"",""dataset_id_i"":""data_4100_3_3.0_chordal"",""dataset_id_j"":""data_4100_4_6.5_chordal"",""affinity"":0.004719975783620338},{""row_pos"":6,""col_pos"":7,""member_idx_i"":6,""member_idx_j"":7,""graph_id_i"":""117"",""graph_id_j"":""2"",""dataset_id_i"":""data_4000_3_3.0_chordal"",""dataset_id_j"":""data_3800_3_3.5_chordal"",""affinity"":0.016471960267830214},{""row_pos"":6,""col_pos"":8,""member_idx_i"":6,""member_idx_j"":8,""graph_id_i"":""117"",""graph_id_j"":""88"",""dataset_id_i"":""data_4000_3_3.0_chordal"",""dataset_id_j"":""data_3800_4_4.5_chordal"",""affinity"":0.01208865802910014},{""row_pos"":6,""col_pos"":9,""member_idx_i"":6,""member_idx_j"":9,""graph_id_i"":""117"",""graph_id_j"":""145"",""dataset_id_i"":""data_4000_3_3.0_chordal"",""dataset_id_j"":""data_4200_4_4.5_chordal"",""affinity"":0.015955370926585475},{""row_pos"":6,""col_pos"":10,""member_idx_i"":6,""member_idx_j"":10,""graph_id_i"":""117"",""graph_id_j"":""166"",""dataset_id_i"":""data_4000_3_3.0_chordal"",""dataset_id_j"":""data_4100_4_4.0_chordal"",""affinity"":0.007816897384972534},{""row_pos"":6,""col_pos"":11,""member_idx_i"":6,""member_idx_j"":11,""graph_id_i"":""117"",""graph_id_j"":""141"",""dataset_id_i"":""data_4000_3_3.0_chordal"",""dataset_id_j"":""data_4100_4_4.5_chordal"",""affinity"":0.00856833856651863},{""row_pos"":6,""col_pos"":12,""member_idx_i"":6,""member_idx_j"":12,""graph_id_i"":""117"",""graph_id_j"":""65"",""dataset_id_i"":""data_4000_3_3.0_chordal"",""dataset_id_j"":""data_3900_4_2.0_chordal"",""affinity"":0.012411542947052089},{""row_pos"":6,""col_pos"":13,""member_idx_i"":6,""member_idx_j"":13,""graph_id_i"":""117"",""graph_id_j"":""6"",""dataset_id_i"":""data_4000_3_3.0_chordal"",""dataset_id_j"":""data_4200_4_2.0_chordal"",""affinity"":0.013230957080144842},{""row_pos"":6,""col_pos"":14,""member_idx_i"":6,""member_idx_j"":14,""graph_id_i"":""117"",""graph_id_j"":""131"",""dataset_id_i"":""data_4000_3_3.0_chordal"",""dataset_id_j"":""data_4100_4_2.0_chordal"",""affinity"":0.022884679179397644},{""row_pos"":6,""col_pos"":15,""member_idx_i"":6,""member_idx_j"":15,""graph_id_i"":""117"",""graph_id_j"":""119"",""dataset_id_i"":""data_4000_3_3.0_chordal"",""dataset_id_j"":""data_4000_4_2.0_chordal"",""affinity"":0.02260845926744673},{""row_pos"":6,""col_pos"":16,""member_idx_i"":6,""member_idx_j"":16,""graph_id_i"":""117"",""graph_id_j"":""96"",""dataset_id_i"":""data_4000_3_3.0_chordal"",""dataset_id_j"":""data_4200_4_7.0_chordal"",""affinity"":0.002936137574102349},{""row_pos"":6,""col_pos"":17,""member_idx_i"":6,""member_idx_j"":17,""graph_id_i"":""117"",""graph_id_j"":""162"",""dataset_id_i"":""data_4000_3_3.0_chordal"",""dataset_id_j"":""data_3800_4_7.5_chordal"",""affinity"":0.0030942826546184045},{""row_pos"":6,""col_pos"":18,""member_idx_i"":6,""member_idx_j"":18,""graph_id_i"":""117"",""graph_id_j"":""107"",""dataset_id_i"":""data_4000_3_3.0_chordal"",""dataset_id_j"":""data_4200_4_7.5_chordal"",""affinity"":0.0020294590523594305},{""row_pos"":6,""col_pos"":19,""member_idx_i"":6,""member_idx_j"":19,""graph_id_i"":""117"",""graph_id_j"":""0"",""dataset_id_i"":""data_4000_3_3.0_chordal"",""dataset_id_j"":""data_4100_4_6.5_chordal"",""affinity"":0.0036244564089653974},{""row_pos"":7,""col_pos"":8,""member_idx_i"":7,""member_idx_j"":8,""graph_id_i"":""2"",""graph_id_j"":""88"",""dataset_id_i"":""data_3800_3_3.5_chordal"",""dataset_id_j"":""data_3800_4_4.5_chordal"",""affinity"":0.011787830561447233},{""row_pos"":7,""col_pos"":9,""member_idx_i"":7,""member_idx_j"":9,""graph_id_i"":""2"",""graph_id_j"":""145"",""dataset_id_i"":""data_3800_3_3.5_chordal"",""dataset_id_j"":""data_4200_4_4.5_chordal"",""affinity"":0.015901593362171795},{""row_pos"":7,""col_pos"":10,""member_idx_i"":7,""member_idx_j"":10,""graph_id_i"":""2"",""graph_id_j"":""166"",""dataset_id_i"":""data_3800_3_3.5_chordal"",""dataset_id_j"":""data_4100_4_4.0_chordal"",""affinity"":0.011958609081798667},{""row_pos"":7,""col_pos"":11,""member_idx_i"":7,""member_idx_j"":11,""graph_id_i"":""2"",""graph_id_j"":""141"",""dataset_id_i"":""data_3800_3_3.5_chordal"",""dataset_id_j"":""data_4100_4_4.5_chordal"",""affinity"":0.007173424005225951},{""row_pos"":7,""col_pos"":12,""member_idx_i"":7,""member_idx_j"":12,""graph_id_i"":""2"",""graph_id_j"":""65"",""dataset_id_i"":""data_3800_3_3.5_chordal"",""dataset_id_j"":""data_3900_4_2.0_chordal"",""affinity"":0.01242516528241675},{""row_pos"":7,""col_pos"":13,""member_idx_i"":7,""member_idx_j"":13,""graph_id_i"":""2"",""graph_id_j"":""6"",""dataset_id_i"":""data_3800_3_3.5_chordal"",""dataset_id_j"":""data_4200_4_2.0_chordal"",""affinity"":0.026894960847263494},{""row_pos"":7,""col_pos"":14,""member_idx_i"":7,""member_idx_j"":14,""graph_id_i"":""2"",""graph_id_j"":""131"",""dataset_id_i"":""data_3800_3_3.5_chordal"",""dataset_id_j"":""data_4100_4_2.0_chordal"",""affinity"":0.01958647715379222},{""row_pos"":7,""col_pos"":15,""member_idx_i"":7,""member_idx_j"":15,""graph_id_i"":""2"",""graph_id_j"":""119"",""dataset_id_i"":""data_3800_3_3.5_chordal"",""dataset_id_j"":""data_4000_4_2.0_chordal"",""affinity"":0.015874265431301826},{""row_pos"":7,""col_pos"":16,""member_idx_i"":7,""member_idx_j"":16,""graph_id_i"":""2"",""graph_id_j"":""96"",""dataset_id_i"":""data_3800_3_3.5_chordal"",""dataset_id_j"":""data_4200_4_7.0_chordal"",""affinity"":0.0032523849963097024},{""row_pos"":7,""col_pos"":17,""member_idx_i"":7,""member_idx_j"":17,""graph_id_i"":""2"",""graph_id_j"":""162"",""dataset_id_i"":""data_3800_3_3.5_chordal"",""dataset_id_j"":""data_3800_4_7.5_chordal"",""affinity"":0.003350245591466648},{""row_pos"":7,""col_pos"":18,""member_idx_i"":7,""member_idx_j"":18,""graph_id_i"":""2"",""graph_id_j"":""107"",""dataset_id_i"":""data_3800_3_3.5_chordal"",""dataset_id_j"":""data_4200_4_7.5_chordal"",""affinity"":0.002120928319088902},{""row_pos"":7,""col_pos"":19,""member_idx_i"":7,""member_idx_j"":19,""graph_id_i"":""2"",""graph_id_j"":""0"",""dataset_id_i"":""data_3800_3_3.5_chordal"",""dataset_id_j"":""data_4100_4_6.5_chordal"",""affinity"":0.003926913015904669},{""row_pos"":8,""col_pos"":9,""member_idx_i"":8,""member_idx_j"":9,""graph_id_i"":""88"",""graph_id_j"":""145"",""dataset_id_i"":""data_3800_4_4.5_chordal"",""dataset_id_j"":""data_4200_4_4.5_chordal"",""affinity"":0.016809770473890557},{""row_pos"":8,""col_pos"":10,""member_idx_i"":8,""member_idx_j"":10,""graph_id_i"":""88"",""graph_id_j"":""166"",""dataset_id_i"":""data_3800_4_4.5_chordal"",""dataset_id_j"":""data_4100_4_4.0_chordal"",""affinity"":0.00986626139360039},{""row_pos"":8,""col_pos"":11,""member_idx_i"":8,""member_idx_j"":11,""graph_id_i"":""88"",""graph_id_j"":""141"",""dataset_id_i"":""data_3800_4_4.5_chordal"",""dataset_id_j"":""data_4100_4_4.5_chordal"",""affinity"":0.008693085762909935},{""row_pos"":8,""col_pos"":12,""member_idx_i"":8,""member_idx_j"":12,""graph_id_i"":""88"",""graph_id_j"":""65"",""dataset_id_i"":""data_3800_4_4.5_chordal"",""dataset_id_j"":""data_3900_4_2.0_chordal"",""affinity"":0.01692162979132245},{""row_pos"":8,""col_pos"":13,""member_idx_i"":8,""member_idx_j"":13,""graph_id_i"":""88"",""graph_id_j"":""6"",""dataset_id_i"":""data_3800_4_4.5_chordal"",""dataset_id_j"":""data_4200_4_2.0_chordal"",""affinity"":0.008636290738429477},{""row_pos"":8,""col_pos"":14,""member_idx_i"":8,""member_idx_j"":14,""graph_id_i"":""88"",""graph_id_j"":""131"",""dataset_id_i"":""data_3800_4_4.5_chordal"",""dataset_id_j"":""data_4100_4_2.0_chordal"",""affinity"":0.014260845345031683},{""row_pos"":8,""col_pos"":15,""member_idx_i"":8,""member_idx_j"":15,""graph_id_i"":""88"",""graph_id_j"":""119"",""dataset_id_i"":""data_3800_4_4.5_chordal"",""dataset_id_j"":""data_4000_4_2.0_chordal"",""affinity"":0.014473763542927134},{""row_pos"":8,""col_pos"":16,""member_idx_i"":8,""member_idx_j"":16,""graph_id_i"":""88"",""graph_id_j"":""96"",""dataset_id_i"":""data_3800_4_4.5_chordal"",""dataset_id_j"":""data_4200_4_7.0_chordal"",""affinity"":0.002954760504839516},{""row_pos"":8,""col_pos"":17,""member_idx_i"":8,""member_idx_j"":17,""graph_id_i"":""88"",""graph_id_j"":""162"",""dataset_id_i"":""data_3800_4_4.5_chordal"",""dataset_id_j"":""data_3800_4_7.5_chordal"",""affinity"":0.0029637647916898814},{""row_pos"":8,""col_pos"":18,""member_idx_i"":8,""member_idx_j"":18,""graph_id_i"":""88"",""graph_id_j"":""107"",""dataset_id_i"":""data_3800_4_4.5_chordal"",""dataset_id_j"":""data_4200_4_7.5_chordal"",""affinity"":0.001959881346075074},{""row_pos"":8,""col_pos"":19,""member_idx_i"":8,""member_idx_j"":19,""graph_id_i"":""88"",""graph_id_j"":""0"",""dataset_id_i"":""data_3800_4_4.5_chordal"",""dataset_id_j"":""data_4100_4_6.5_chordal"",""affinity"":0.0034331756581475687},{""row_pos"":9,""col_pos"":10,""member_idx_i"":9,""member_idx_j"":10,""graph_id_i"":""145"",""graph_id_j"":""166"",""dataset_id_i"":""data_4200_4_4.5_chordal"",""dataset_id_j"":""data_4100_4_4.0_chordal"",""affinity"":0.006121906994205879},{""row_pos"":9,""col_pos"":11,""member_idx_i"":9,""member_idx_j"":11,""graph_id_i"":""145"",""graph_id_j"":""141"",""dataset_id_i"":""data_4200_4_4.5_chordal"",""dataset_id_j"":""data_4100_4_4.5_chordal"",""affinity"":0.007035327896455638},{""row_pos"":9,""col_pos"":12,""member_idx_i"":9,""member_idx_j"":12,""graph_id_i"":""145"",""graph_id_j"":""65"",""dataset_id_i"":""data_4200_4_4.5_chordal"",""dataset_id_j"":""data_3900_4_2.0_chordal"",""affinity"":0.013582145911076902},{""row_pos"":9,""col_pos"":13,""member_idx_i"":9,""member_idx_j"":13,""graph_id_i"":""145"",""graph_id_j"":""6"",""dataset_id_i"":""data_4200_4_4.5_chordal"",""dataset_id_j"":""data_4200_4_2.0_chordal"",""affinity"":0.009161486862794657},{""row_pos"":9,""col_pos"":14,""member_idx_i"":9,""member_idx_j"":14,""graph_id_i"":""145"",""graph_id_j"":""131"",""dataset_id_i"":""data_4200_4_4.5_chordal"",""dataset_id_j"":""data_4100_4_2.0_chordal"",""affinity"":0.013348190908296568},{""row_pos"":9,""col_pos"":15,""member_idx_i"":9,""member_idx_j"":15,""graph_id_i"":""145"",""graph_id_j"":""119"",""dataset_id_i"":""data_4200_4_4.5_chordal"",""dataset_id_j"":""data_4000_4_2.0_chordal"",""affinity"":0.025355958801209763},{""row_pos"":9,""col_pos"":16,""member_idx_i"":9,""member_idx_j"":16,""graph_id_i"":""145"",""graph_id_j"":""96"",""dataset_id_i"":""data_4200_4_4.5_chordal"",""dataset_id_j"":""data_4200_4_7.0_chordal"",""affinity"":0.0025318156501640855},{""row_pos"":9,""col_pos"":17,""member_idx_i"":9,""member_idx_j"":17,""graph_id_i"":""145"",""graph_id_j"":""162"",""dataset_id_i"":""data_4200_4_4.5_chordal"",""dataset_id_j"":""data_3800_4_7.5_chordal"",""affinity"":0.002811851376904444},{""row_pos"":9,""col_pos"":18,""member_idx_i"":9,""member_idx_j"":18,""graph_id_i"":""145"",""graph_id_j"":""107"",""dataset_id_i"":""data_4200_4_4.5_chordal"",""dataset_id_j"":""data_4200_4_7.5_chordal"",""affinity"":0.0018452029678215703},{""row_pos"":9,""col_pos"":19,""member_idx_i"":9,""member_idx_j"":19,""graph_id_i"":""145"",""graph_id_j"":""0"",""dataset_id_i"":""data_4200_4_4.5_chordal"",""dataset_id_j"":""data_4100_4_6.5_chordal"",""affinity"":0.0030759094328280394},{""row_pos"":10,""col_pos"":11,""member_idx_i"":10,""member_idx_j"":11,""graph_id_i"":""166"",""graph_id_j"":""141"",""dataset_id_i"":""data_4100_4_4.0_chordal"",""dataset_id_j"":""data_4100_4_4.5_chordal"",""affinity"":0.006251879899723418},{""row_pos"":10,""col_pos"":12,""member_idx_i"":10,""member_idx_j"":12,""graph_id_i"":""166"",""graph_id_j"":""65"",""dataset_id_i"":""data_4100_4_4.0_chordal"",""dataset_id_j"":""data_3900_4_2.0_chordal"",""affinity"":0.0075916424746002124},{""row_pos"":10,""col_pos"":13,""member_idx_i"":10,""member_idx_j"":13,""graph_id_i"":""166"",""graph_id_j"":""6"",""dataset_id_i"":""data_4100_4_4.0_chordal"",""dataset_id_j"":""data_4200_4_2.0_chordal"",""affinity"":0.018089320990772338},{""row_pos"":10,""col_pos"":14,""member_idx_i"":10,""member_idx_j"":14,""graph_id_i"":""166"",""graph_id_j"":""131"",""dataset_id_i"":""data_4100_4_4.0_chordal"",""dataset_id_j"":""data_4100_4_2.0_chordal"",""affinity"":0.008993313199377758},{""row_pos"":10,""col_pos"":15,""member_idx_i"":10,""member_idx_j"":15,""graph_id_i"":""166"",""graph_id_j"":""119"",""dataset_id_i"":""data_4100_4_4.0_chordal"",""dataset_id_j"":""data_4000_4_2.0_chordal"",""affinity"":0.009927834748572919},{""row_pos"":10,""col_pos"":16,""member_idx_i"":10,""member_idx_j"":16,""graph_id_i"":""166"",""graph_id_j"":""96"",""dataset_id_i"":""data_4100_4_4.0_chordal"",""dataset_id_j"":""data_4200_4_7.0_chordal"",""affinity"":0.0042747173844073},{""row_pos"":10,""col_pos"":17,""member_idx_i"":10,""member_idx_j"":17,""graph_id_i"":""166"",""graph_id_j"":""162"",""dataset_id_i"":""data_4100_4_4.0_chordal"",""dataset_id_j"":""data_3800_4_7.5_chordal"",""affinity"":0.003534889721861526},{""row_pos"":10,""col_pos"":18,""member_idx_i"":10,""member_idx_j"":18,""graph_id_i"":""166"",""graph_id_j"":""107"",""dataset_id_i"":""data_4100_4_4.0_chordal"",""dataset_id_j"":""data_4200_4_7.5_chordal"",""affinity"":0.0026253201181217793},{""row_pos"":10,""col_pos"":19,""member_idx_i"":10,""member_idx_j"":19,""graph_id_i"":""166"",""graph_id_j"":""0"",""dataset_id_i"":""data_4100_4_4.0_chordal"",""dataset_id_j"":""data_4100_4_6.5_chordal"",""affinity"":0.005826522269626728},{""row_pos"":11,""col_pos"":12,""member_idx_i"":11,""member_idx_j"":12,""graph_id_i"":""141"",""graph_id_j"":""65"",""dataset_id_i"":""data_4100_4_4.5_chordal"",""dataset_id_j"":""data_3900_4_2.0_chordal"",""affinity"":0.007763234611593063},{""row_pos"":11,""col_pos"":13,""member_idx_i"":11,""member_idx_j"":13,""graph_id_i"":""141"",""graph_id_j"":""6"",""dataset_id_i"":""data_4100_4_4.5_chordal"",""dataset_id_j"":""data_4200_4_2.0_chordal"",""affinity"":0.0065855974422928685},{""row_pos"":11,""col_pos"":14,""member_idx_i"":11,""member_idx_j"":14,""graph_id_i"":""141"",""graph_id_j"":""131"",""dataset_id_i"":""data_4100_4_4.5_chordal"",""dataset_id_j"":""data_4100_4_2.0_chordal"",""affinity"":0.007240266114248739},{""row_pos"":11,""col_pos"":15,""member_idx_i"":11,""member_idx_j"":15,""graph_id_i"":""141"",""graph_id_j"":""119"",""dataset_id_i"":""data_4100_4_4.5_chordal"",""dataset_id_j"":""data_4000_4_2.0_chordal"",""affinity"":0.007238533971550184},{""row_pos"":11,""col_pos"":16,""member_idx_i"":11,""member_idx_j"":16,""graph_id_i"":""141"",""graph_id_j"":""96"",""dataset_id_i"":""data_4100_4_4.5_chordal"",""dataset_id_j"":""data_4200_4_7.0_chordal"",""affinity"":0.004089284883061403},{""row_pos"":11,""col_pos"":17,""member_idx_i"":11,""member_idx_j"":17,""graph_id_i"":""141"",""graph_id_j"":""162"",""dataset_id_i"":""data_4100_4_4.5_chordal"",""dataset_id_j"":""data_3800_4_7.5_chordal"",""affinity"":0.004117869748869386},{""row_pos"":11,""col_pos"":18,""member_idx_i"":11,""member_idx_j"":18,""graph_id_i"":""141"",""graph_id_j"":""107"",""dataset_id_i"":""data_4100_4_4.5_chordal"",""dataset_id_j"":""data_4200_4_7.5_chordal"",""affinity"":0.0023437958219665054},{""row_pos"":11,""col_pos"":19,""member_idx_i"":11,""member_idx_j"":19,""graph_id_i"":""141"",""graph_id_j"":""0"",""dataset_id_i"":""data_4100_4_4.5_chordal"",""dataset_id_j"":""data_4100_4_6.5_chordal"",""affinity"":0.0038426378357815276},{""row_pos"":12,""col_pos"":13,""member_idx_i"":12,""member_idx_j"":13,""graph_id_i"":""65"",""graph_id_j"":""6"",""dataset_id_i"":""data_3900_4_2.0_chordal"",""dataset_id_j"":""data_4200_4_2.0_chordal"",""affinity"":0.010714193461686982},{""row_pos"":12,""col_pos"":14,""member_idx_i"":12,""member_idx_j"":14,""graph_id_i"":""65"",""graph_id_j"":""131"",""dataset_id_i"":""data_3900_4_2.0_chordal"",""dataset_id_j"":""data_4100_4_2.0_chordal"",""affinity"":0.010061655582663602},{""row_pos"":12,""col_pos"":15,""member_idx_i"":12,""member_idx_j"":15,""graph_id_i"":""65"",""graph_id_j"":""119"",""dataset_id_i"":""data_3900_4_2.0_chordal"",""dataset_id_j"":""data_4000_4_2.0_chordal"",""affinity"":0.014362269938179737},{""row_pos"":12,""col_pos"":16,""member_idx_i"":12,""member_idx_j"":16,""graph_id_i"":""65"",""graph_id_j"":""96"",""dataset_id_i"":""data_3900_4_2.0_chordal"",""dataset_id_j"":""data_4200_4_7.0_chordal"",""affinity"":0.002607250197236552},{""row_pos"":12,""col_pos"":17,""member_idx_i"":12,""member_idx_j"":17,""graph_id_i"":""65"",""graph_id_j"":""162"",""dataset_id_i"":""data_3900_4_2.0_chordal"",""dataset_id_j"":""data_3800_4_7.5_chordal"",""affinity"":0.002794974964596884},{""row_pos"":12,""col_pos"":18,""member_idx_i"":12,""member_idx_j"":18,""graph_id_i"":""65"",""graph_id_j"":""107"",""dataset_id_i"":""data_3900_4_2.0_chordal"",""dataset_id_j"":""data_4200_4_7.5_chordal"",""affinity"":0.0018452563767719795},{""row_pos"":12,""col_pos"":19,""member_idx_i"":12,""member_idx_j"":19,""graph_id_i"":""65"",""graph_id_j"":""0"",""dataset_id_i"":""data_3900_4_2.0_chordal"",""dataset_id_j"":""data_4100_4_6.5_chordal"",""affinity"":0.0030760578490002743},{""row_pos"":13,""col_pos"":14,""member_idx_i"":13,""member_idx_j"":14,""graph_id_i"":""6"",""graph_id_j"":""131"",""dataset_id_i"":""data_4200_4_2.0_chordal"",""dataset_id_j"":""data_4100_4_2.0_chordal"",""affinity"":0.01723724808975489},{""row_pos"":13,""col_pos"":15,""member_idx_i"":13,""member_idx_j"":15,""graph_id_i"":""6"",""graph_id_j"":""119"",""dataset_id_i"":""data_4200_4_2.0_chordal"",""dataset_id_j"":""data_4000_4_2.0_chordal"",""affinity"":0.015042588456346631},{""row_pos"":13,""col_pos"":16,""member_idx_i"":13,""member_idx_j"":16,""graph_id_i"":""6"",""graph_id_j"":""96"",""dataset_id_i"":""data_4200_4_2.0_chordal"",""dataset_id_j"":""data_4200_4_7.0_chordal"",""affinity"":0.0039510224180852845},{""row_pos"":13,""col_pos"":17,""member_idx_i"":13,""member_idx_j"":17,""graph_id_i"":""6"",""graph_id_j"":""162"",""dataset_id_i"":""data_4200_4_2.0_chordal"",""dataset_id_j"":""data_3800_4_7.5_chordal"",""affinity"":0.0035849099229569295},{""row_pos"":13,""col_pos"":18,""member_idx_i"":13,""member_idx_j"":18,""graph_id_i"":""6"",""graph_id_j"":""107"",""dataset_id_i"":""data_4200_4_2.0_chordal"",""dataset_id_j"":""data_4200_4_7.5_chordal"",""affinity"":0.002305245841299357},{""row_pos"":13,""col_pos"":19,""member_idx_i"":13,""member_idx_j"":19,""graph_id_i"":""6"",""graph_id_j"":""0"",""dataset_id_i"":""data_4200_4_2.0_chordal"",""dataset_id_j"":""data_4100_4_6.5_chordal"",""affinity"":0.004794580929586543},{""row_pos"":14,""col_pos"":15,""member_idx_i"":14,""member_idx_j"":15,""graph_id_i"":""131"",""graph_id_j"":""119"",""dataset_id_i"":""data_4100_4_2.0_chordal"",""dataset_id_j"":""data_4000_4_2.0_chordal"",""affinity"":0.019804301972089763},{""row_pos"":14,""col_pos"":16,""member_idx_i"":14,""member_idx_j"":16,""graph_id_i"":""131"",""graph_id_j"":""96"",""dataset_id_i"":""data_4100_4_2.0_chordal"",""dataset_id_j"":""data_4200_4_7.0_chordal"",""affinity"":0.003037170863476723},{""row_pos"":14,""col_pos"":17,""member_idx_i"":14,""member_idx_j"":17,""graph_id_i"":""131"",""graph_id_j"":""162"",""dataset_id_i"":""data_4100_4_2.0_chordal"",""dataset_id_j"":""data_3800_4_7.5_chordal"",""affinity"":0.0034448642475592484},{""row_pos"":14,""col_pos"":18,""member_idx_i"":14,""member_idx_j"":18,""graph_id_i"":""131"",""graph_id_j"":""107"",""dataset_id_i"":""data_4100_4_2.0_chordal"",""dataset_id_j"":""data_4200_4_7.5_chordal"",""affinity"":0.0021586177599999526},{""row_pos"":14,""col_pos"":19,""member_idx_i"":14,""member_idx_j"":19,""graph_id_i"":""131"",""graph_id_j"":""0"",""dataset_id_i"":""data_4100_4_2.0_chordal"",""dataset_id_j"":""data_4100_4_6.5_chordal"",""affinity"":0.004058100385970326},{""row_pos"":15,""col_pos"":16,""member_idx_i"":15,""member_idx_j"":16,""graph_id_i"":""119"",""graph_id_j"":""96"",""dataset_id_i"":""data_4000_4_2.0_chordal"",""dataset_id_j"":""data_4200_4_7.0_chordal"",""affinity"":0.0028055601599498068},{""row_pos"":15,""col_pos"":17,""member_idx_i"":15,""member_idx_j"":17,""graph_id_i"":""119"",""graph_id_j"":""162"",""dataset_id_i"":""data_4000_4_2.0_chordal"",""dataset_id_j"":""data_3800_4_7.5_chordal"",""affinity"":0.0030485320194477885},{""row_pos"":15,""col_pos"":18,""member_idx_i"":15,""member_idx_j"":18,""graph_id_i"":""119"",""graph_id_j"":""107"",""dataset_id_i"":""data_4000_4_2.0_chordal"",""dataset_id_j"":""data_4200_4_7.5_chordal"",""affinity"":0.0019502548713742694},{""row_pos"":15,""col_pos"":19,""member_idx_i"":15,""member_idx_j"":19,""graph_id_i"":""119"",""graph_id_j"":""0"",""dataset_id_i"":""data_4000_4_2.0_chordal"",""dataset_id_j"":""data_4100_4_6.5_chordal"",""affinity"":0.0033793511414798028},{""row_pos"":16,""col_pos"":17,""member_idx_i"":16,""member_idx_j"":17,""graph_id_i"":""96"",""graph_id_j"":""162"",""dataset_id_i"":""data_4200_4_7.0_chordal"",""dataset_id_j"":""data_3800_4_7.5_chordal"",""affinity"":0.004947637079767738},{""row_pos"":16,""col_pos"":18,""member_idx_i"":16,""member_idx_j"":18,""graph_id_i"":""96"",""graph_id_j"":""107"",""dataset_id_i"":""data_4200_4_7.0_chordal"",""dataset_id_j"":""data_4200_4_7.5_chordal"",""affinity"":0.004173999795044993},{""row_pos"":16,""col_pos"":19,""member_idx_i"":16,""member_idx_j"":19,""graph_id_i"":""96"",""graph_id_j"":""0"",""dataset_id_i"":""data_4200_4_7.0_chordal"",""dataset_id_j"":""data_4100_4_6.5_chordal"",""affinity"":0.004274045516863032},{""row_pos"":17,""col_pos"":18,""member_idx_i"":17,""member_idx_j"":18,""graph_id_i"":""162"",""graph_id_j"":""107"",""dataset_id_i"":""data_3800_4_7.5_chordal"",""dataset_id_j"":""data_4200_4_7.5_chordal"",""affinity"":0.0030490651699994803},{""row_pos"":17,""col_pos"":19,""member_idx_i"":17,""member_idx_j"":19,""graph_id_i"":""162"",""graph_id_j"":""0"",""dataset_id_i"":""data_3800_4_7.5_chordal"",""dataset_id_j"":""data_4100_4_6.5_chordal"",""affinity"":0.004259724092907432},{""row_pos"":18,""col_pos"":19,""member_idx_i"":18,""member_idx_j"":19,""graph_id_i"":""107"",""graph_id_j"":""0"",""dataset_id_i"":""data_4200_4_7.5_chordal"",""dataset_id_j"":""data_4100_4_6.5_chordal"",""affinity"":0.005305851973563035}]",1,1,1,1,1,True,True,16,16,2,1
87|157|149|109|143|114|117|2|88|145|166|141|65|6|131|119|96|162|107|0,87|157|149|109|143|114|117|2|88|145|166|141|65|6|131|119|96|162|107|0,0,18,1,107,18,1,107,18,1,1,18,1,267.2593078613281,267.2593078613281,,,cluster_too_small,0,0,,,,,,,,,,,,,,,,,,,0,,,,,,0,,,,,,0,,,,,,0,,,,,,0,,,,,,0,,,,,,0,,,,,,0,,,,,,1,267.2593078613281,267.2593078613281,267.2593078613281,267.2593078613281,0.0,,,,,,,,,,,,,,,,,,,,,107:267.2593,,,0,,,,,0,0,1,0,0,,,0,0,2,1
87|157|149|109|143|114|117|2|88|145|166|141|65|6|131|119|96|162|107|0,87|157|149|109|143|114|117|2|88|145|166|141|65|6|131|119|96|162|107|0,0,18,2,87|157|149|109|143|114|117|2|88|145|166|141|65|6|131|119|96|162|0,0|1|2|3|4|5|6|7|8|9|10|11|12|13|14|15|16|17|19,19,87|157|149|109|143|114|117|2|88|145|166|141|65|6|131|119|96|162|0,0|1|2|3|4|5|6|7|8|9|10|11|12|13|14|15|16|17|19,19,1,18,1,167.08441162109375,310.29522705078125,,,warmup,0,0,,,,,,,,,,,,,,,,,,,0,,,,,,0,,,,,,0,,,,,,0,,,,,,0,,,,,,0,,,,,,0,,,,,,0,,,,,,19,193.7267608642578,237.63521937320107,232.7177276611328,310.29522705078125,30.068877702406358,,,,,,,,,,,,,,,,,,,,,87:242.4227|157:223.7608|149:220.2761|109:254.6532|143:211.8046|114:265.8230|117:193.7268|2:194.5919|88:220.1298|145:218.6370|166:221.8345|141:261.4365|65:209.0203|6:232.7177|131:243.6251|119:236.6436|96:291.2166|162:262.4538|0:310.2952,,,0,,,,,1,1,1,0,0,,,0,0,2,1
87|157|149|109|143|114|117|2|88|145|166|141|65|6|131|119|96|162|107|0,87|157|149|109|143|114|117|2|88|145|166|141|65|6|131|119|96|162|107|0,0,19,1,107,18,1,107,18,1,1,18,2,241.66258239746094,241.66258239746094,,,cluster_too_small,0,0,,,,,,,,,,,,,,,,,,,0,,,,,,0,,,,,,0,,,,,,0,,,,,,0,,,,,,0,,,,,,0,,,,,,0,,,,,,1,241.66258239746094,241.66258239746094,241.66258239746094,241.66258239746094,0.0,,,,,,,,,,,,,,,,,,,,,"107:267.2593,241.6626",,,0,,,,,0,0,1,0,0,,,1,1,2,1
87|157|149|109|143|114|117|2|88|145|166|141|65|6|131|119|96|162|107|0,87|157|149|109|143|114|117|2|88|145|166|141|65|6|131|119|96|162|107|0,0,19,2,87|157|149|109|143|114|117|2|88|145|166|141|65|6|131|119|96|162|0,0|1|2|3|4|5|6|7|8|9|10|11|12|13|14|15|16|17|19,19,87|157|149|109|143|114|117|2|88|145|166|141|65|6|131|119|96|162|0,0|1|2|3|4|5|6|7|8|9|10|11|12|13|14|15|16|17|19,19,1,18,2,165.96238708496094,298.74237060546875,,,warmup,0,0,,,,,,,,,,,,,,,,,,,0,,,,,,0,,,,,,0,,,,,,0,,,,,,0,,,,,,0,,,,,,0,,,,,,0,,,,,,19,190.5393829345703,239.74047931871917,240.22225952148438,298.74237060546875,29.33569639369193,,,,,,,,,,,,,,,,,,,,,"87:242.4227,282.4451|157:223.7608,265.1643|149:220.2761,253.8441|109:254.6532,280.0445|143:211.8046,208.0072|114:265.8230,217.6052|117:193.7268,204.9128|2:194.5919,221.9210|88:220.1298,190.5394|145:218.6370,240.2223|166:221.8345,213.7752|141:261.4365,242.3170|65:209.0203,206.0372|6:232.7177,234.3674|131:243.6251,248.7251|119:236.6436,226.9095|96:291.2166,298.7424|162:262.4538,270.6239|0:310.2952,248.8654",,,0,,,,,1,1,1,0,0,,,1,1,2,1
87|157|149|109|143|114|117|2|88|145|166|141|65|6|131|119|96|162|107|0,87|157|149|109|143|114|117|2|88|145|166|141|65|6|131|119|96|162|107|0,0,20,1,107,18,1,107,18,1,1,18,3,304.32489013671875,304.32489013671875,,,cluster_too_small,0,0,,,,,,,,,,,,,,,,,,,0,,,,,,0,,,,,,0,,,,,,0,,,,,,0,,,,,,0,,,,,,0,,,,,,0,,,,,,1,304.32489013671875,304.32489013671875,304.32489013671875,304.32489013671875,0.0,,,,,,,,,,,,,,,,,,,,,"107:267.2593,241.6626,304.3249",,,0,,,,,0,0,1,0,0,,,2,2,2,1
87|157|149|109|143|114|117|2|88|145|166|141|65|6|131|119|96|162|107|0,87|157|149|109|143|114|117|2|88|145|166|141|65|6|131|119|96|162|107|0,0,20,2,87|157|149|109|143|114|117|2|88|145|166|141|65|6|131|119|96|162|0,0|1|2|3|4|5|6|7|8|9|10|11|12|13|14|15|16|17|19,19,87|157|149|109|143|114|117|2|88|145|166|141|65|6|131|119|96|162|0,0|1|2|3|4|5|6|7|8|9|10|11|12|13|14|15|16|17|19,19,1,18,3,162.7549285888672,299.64947509765625,,,warmup,0,0,,,,,,,,,,,,,,,,,,,0,,,,,,0,,,,,,0,,,,,,0,,,,,,0,,,,,,0,,,,,,0,,,,,,0,,,,,,19,197.90805053710938,252.56393031070107,253.2747802734375,299.64947509765625,29.94601402057947,,,,,,,,,,,,,,,,,,,,,"87:242.4227,282.4451,299.6495|157:223.7608,265.1643,266.3690|149:220.2761,253.8441,277.3615|109:254.6532,280.0445,252.9134|143:211.8046,208.0072,260.6364|114:265.8230,217.6052,221.8747|117:193.7268,204.9128,253.2748|2:194.5919,221.9210,294.3190|88:220.1298,190.5394,288.2253|145:218.6370,240.2223,220.2210|166:221.8345,213.7752,197.9081|141:261.4365,242.3170,247.9183|65:209.0203,206.0372,266.9042|6:232.7177,234.3674,230.1389|131:243.6251,248.7251,220.3677|119:236.6436,226.9095,233.7190|96:291.2166,298.7424,269.1551|162:262.4538,270.6239,290.9242|0:310.2952,248.8654,206.8346",,,0,,,,,1,1,1,0,0,,,2,2,2,1
87|157|149|109|143|114|117|2|88|145|166|141|65|6|131|119|96|162|107|0,87|157|149|109|143|114|117|2|88|145|166|141|65|6|131|119|96|162|107|0,0,21,1,107,18,1,107,18,1,1,18,4,269.37890625,269.37890625,,,cluster_too_small,0,0,,,,,,,,,,,,,,,,,,,0,,,,,,0,,,,,,0,,,,,,0,,,,,,0,,,,,,0,,,,,,0,,,,,,0,,,,,,1,269.37890625,269.37890625,269.37890625,269.37890625,0.0,,,,,,,,,,,,,,,,,,,,,"107:267.2593,241.6626,304.3249,269.3789",,,0,,,,,0,0,1,0,0,,,3,3,2,1
87|157|149|109|143|114|117|2|88|145|166|141|65|6|131|119|96|162|107|0,87|157|149|109|143|114|117|2|88|145|166|141|65|6|131|119|96|162|107|0,0,21,2,87|157|149|109|143|114|117|2|88|145|166|141|65|6|131|119|96|162|0,0|1|2|3|4|5|6|7|8|9|10|11|12|13|14|15|16|17|19,19,87|157|149|109|143|114|117|2|88|145|166|141|65|6|131|119|96|162|0,0|1|2|3|4|5|6|7|8|9|10|11|12|13|14|15|16|17|19,19,1,18,4,163.8472900390625,345.7068786621094,,,warmup,0,0,,,,,,,,,,,,,,,,,,,0,,,,,,0,,,,,,0,,,,,,0,,,,,,0,,,,,,0,,,,,,0,,,,,,0,,,,,,19,209.84860229492188,242.30473167017885,234.33148193359375,345.7068786621094,32.558900798795854,,,,,,,,,,,,,,,,,,,,,"87:242.4227,282.4451,299.6495,276.8940|157:223.7608,265.1643,266.3690,266.6186|149:220.2761,253.8441,277.3615,234.9108|109:254.6532,280.0445,252.9134,229.9433|143:211.8046,208.0072,260.6364,227.3951|114:265.8230,217.6052,221.8747,241.3271|117:193.7268,204.9128,253.2748,234.3315|2:194.5919,221.9210,294.3190,215.3944|88:220.1298,190.5394,288.2253,223.7926|145:218.6370,240.2223,220.2210,214.1917|166:221.8345,213.7752,197.9081,214.5893|141:261.4365,242.3170,247.9183,243.9309|65:209.0203,206.0372,266.9042,209.8486|6:232.7177,234.3674,230.1389,250.2730|131:243.6251,248.7251,220.3677,249.0702|119:236.6436,226.9095,233.7190,218.8911|96:291.2166,298.7424,269.1551,217.3874|162:262.4538,270.6239,290.9242,345.7069|0:310.2952,248.8654,206.8346,289.2935",,,0,,,,,1,1,1,0,0,,,3,3,2,1
87|157|149|109|143|114|117|2|88|145|166|141|65|6|131|119|96|162|107|0,87|157|149|109|143|114|117|2|88|145|166|141|65|6|131|119|96|162|107|0,0,22,1,107,18,1,107,18,1,1,18,5,251.74440002441406,251.74440002441406,,,cluster_too_small,0,0,,,,,,,,,,,,,,,,,,,0,,,,,,0,,,,,,0,,,,,,0,,,,,,0,,,,,,0,,,,,,0,,,,,,0,,,,,,1,251.74440002441406,251.74440002441406,251.74440002441406,251.74440002441406,0.0,,,,,,,,,,,,,,,,,,,,,"107:267.2593,241.6626,304.3249,269.3789,251.7444",,,0,,,,,0,0,1,0,0,,,4,4,2,1
87|157|149|109|143|114|117|2|88|145|166|141|65|6|131|119|96|162|107|0,87|157|149|109|143|114|117|2|88|145|166|141|65|6|131|119|96|162|107|0,0,22,2,87|157|149|109|143|114|117|2|88|145|166|141|65|6|131|119|96|162|0,0|1|2|3|4|5|6|7|8|9|10|11|12|13|14|15|16|17|19,19,87|157|149|109|143|114|117|2|88|145|166|141|65|6|131|119|96|162|0,0|1|2|3|4|5|6|7|8|9|10|11|12|13|14|15|16|17|19,19,1,18,5,162.73533630371094,275.7108459472656,,,warmup,0,0,,,,,,,,,,,,,,,,,,,0,,,,,,0,,,,,,0,,,,,,0,,,,,,0,,,,,,0,,,,,,0,,,,,,0,,,,,,19,203.40489196777344,235.58901897229646,227.60299682617188,275.7108459472656,21.010545172790287,,,,,,,,,,,,,,,,,,,,,"87:242.4227,282.4451,299.6495,276.8940,254.1149|157:223.7608,265.1643,266.3690,266.6186,239.1121|149:220.2761,253.8441,277.3615,234.9108,227.6030|109:254.6532,280.0445,252.9134,229.9433,257.7707|143:211.8046,208.0072,260.6364,227.3951,275.7108|114:265.8230,217.6052,221.8747,241.3271,218.5693|117:193.7268,204.9128,253.2748,234.3315,234.6071|2:194.5919,221.9210,294.3190,215.3944,203.4049|88:220.1298,190.5394,288.2253,223.7926,218.7744|145:218.6370,240.2223,220.2210,214.1917,215.3039|166:221.8345,213.7752,197.9081,214.5893,214.4924|141:261.4365,242.3170,247.9183,243.9309,207.8257|65:209.0203,206.0372,266.9042,209.8486,250.3452|6:232.7177,234.3674,230.1389,250.2730,226.3951|131:243.6251,248.7251,220.3677,249.0702,226.5036|119:236.6436,226.9095,233.7190,218.8911,269.3863|96:291.2166,298.7424,269.1551,217.3874,224.2397|162:262.4538,270.6239,290.9242,345.7069,264.3610|0:310.2952,248.8654,206.8346,289.2935,247.6712",,,0,,,,,1,1,1,0,0,,,4,4,2,1
87|157|149|109|143|114|117|2|88|145|166|141|65|6|131|119|96|162|107|0,87|157|149|109|143|114|117|2|88|145|166|141|65|6|131|119|96|162|107|0,0,23,1,107,18,1,107,18,1,1,18,6,298.08294677734375,298.08294677734375,,,cluster_too_small,0,0,,,,,,,,,,,,,,,,,,,0,,,,,,0,,,,,,0,,,,,,0,,,,,,0,,,,,,0,,,,,,0,,,,,,0,,,,,,1,298.08294677734375,298.08294677734375,298.08294677734375,298.08294677734375,0.0,,,,,,,,,,,,,,,,,,,,,"107:241.6626,304.3249,269.3789,251.7444,298.0829",,,0,,,,,0,0,1,1,1,,,5,5,2,1
87|157|149|109|143|114|117|2|88|145|166|141|65|6|131|119|96|162|107|0,87|157|149|109|143|114|117|2|88|145|166|141|65|6|131|119|96|162|107|0,0,23,2,87|157|149|109|143|114|117|2|88|145|166|141|65|6|131|119|96|162|0,0|1|2|3|4|5|6|7|8|9|10|11|12|13|14|15|16|17|19,19,87|157|149|109|143|114|117|2|88|145|166|141|65|6|131|119|96|162|0,0|1|2|3|4|5|6|7|8|9|10|11|12|13|14|15|16|17|19,19,1,18,6,162.7941436767578,397.70013427734375,162.7549285888672,308.16607666015625,eligible,0,0,,,,,,,,,,,,,,,,,,,0,,,,,,0,,,,,,0,,,,,,0,,,,,,0,,,,,,0,,,,,,0,,,,,,0,,,,,,19,192.8610076904297,246.72009839509664,234.57652282714844,397.70013427734375,46.82487020961637,,,,,,,,,,,,,,,,,,,,,"87:282.4451,299.6495,276.8940,254.1149,256.0287|157:265.1643,266.3690,266.6186,239.1121,234.5765|149:253.8441,277.3615,234.9108,227.6030,293.0896|109:280.0445,252.9134,229.9433,257.7707,303.0276|143:208.0072,260.6364,227.3951,275.7108,220.3226|114:217.6052,221.8747,241.3271,218.5693,228.0086|117:204.9128,253.2748,234.3315,234.6071,206.0793|2:221.9210,294.3190,215.3944,203.4049,231.2454|88:190.5394,288.2253,223.7926,218.7744,192.8610|145:240.2223,220.2210,214.1917,215.3039,208.3043|166:213.7752,197.9081,214.5893,214.4924,238.5090|141:242.3170,247.9183,243.9309,207.8257,216.1957|65:206.0372,266.9042,209.8486,250.3452,202.9808|6:234.3674,230.1389,250.2730,226.3951,254.9999|131:248.7251,220.3677,249.0702,226.5036,235.5723|119:226.9095,233.7190,218.8911,269.3863,220.7665|96:298.7424,269.1551,217.3874,224.2397,254.2251|162:270.6239,290.9242,345.7069,264.3610,397.7001|0:248.8654,206.8346,289.2935,247.6712,293.1889",,,0,,,,,1,1,1,1,1,False,True,5,5,2,1
87|157|149|109|143|114|117|2|88|145|166|141|65|6|131|119|96|162|107|0,87|157|149|109|143|114|117|2|88|145|166|141|65|6|131|119|96|162|107|0,0,24,1,107,18,1,107,18,1,1,18,7,339.2291259765625,339.2291259765625,,,cluster_too_small,0,0,,,,,,,,,,,,,,,,,,,0,,,,,,0,,,,,,0,,,,,,0,,,,,,0,,,,,,0,,,,,,0,,,,,,0,,,,,,1,339.2291259765625,339.2291259765625,339.2291259765625,339.2291259765625,0.0,,,,,,,,,,,,,,,,,,,,,"107:304.3249,269.3789,251.7444,298.0829,339.2291",,,0,,,,,0,0,1,1,1,,,6,6,2,1
87|157|149|109|143|114|117|2|88|145|166|141|65|6|131|119|96|162|107|0,87|157|149|109|143|114|117|2|88|145|166|141|65|6|131|119|96|162|107|0,0,24,2,87|157|149|109|143|114|117|2|88|145|166|141|65|6|131|119|96|162|0,0|1|2|3|4|5|6|7|8|9|10|11|12|13|14|15|16|17|19,19,87|157|149|109|143|114|117|2|88|145|166|141|65|6|131|119|96|162|0,0|1|2|3|4|5|6|7|8|9|10|11|12|13|14|15|16|17|19,19,1,18,7,167.50482177734375,273.5135192871094,162.76473236083984,328.0010528564453,eligible,0,0,,,,,,,,,,,,,,,,,,,0,,,,,,0,,,,,,0,,,,,,0,,,,,,0,,,,,,0,,,,,,0,,,,,,0,,,,,,19,189.22068786621094,233.94318108809622,232.70140075683594,273.5135192871094,22.89247696768609,,,,,,,,,,,,,,,,,,,,,"87:299.6495,276.8940,254.1149,256.0287,253.4397|157:266.3690,266.6186,239.1121,234.5765,234.1131|149:277.3615,234.9108,227.6030,293.0896,221.4759|109:252.9134,229.9433,257.7707,303.0276,258.7253|143:260.6364,227.3951,275.7108,220.3226,216.5107|114:221.8747,241.3271,218.5693,228.0086,250.4695|117:253.2748,234.3315,234.6071,206.0793,273.5135|2:294.3190,215.3944,203.4049,231.2454,232.7014|88:288.2253,223.7926,218.7744,192.8610,189.2207|145:220.2210,214.1917,215.3039,208.3043,221.6221|166:197.9081,214.5893,214.4924,238.5090,197.8093|141:247.9183,243.9309,207.8257,216.1957,218.7928|65:266.9042,209.8486,250.3452,202.9808,205.7672|6:230.1389,250.2730,226.3951,254.9999,243.4839|131:220.3677,249.0702,226.5036,235.5723,242.8955|119:233.7190,218.8911,269.3863,220.7665,261.2290|96:269.1551,217.3874,224.2397,254.2251,224.4066|162:290.9242,345.7069,264.3610,397.7001,230.6717|0:206.8346,289.2935,247.6712,293.1889,268.0728",,,0,,,,,1,1,1,1,1,False,False,6,6,2,1
87|157|149|109|143|114|117|2|88|145|166|141|65|6|131|119|96|162|107|0,87|157|149|109|143|114|117|2|88|145|166|141|65|6|131|119|96|162|107|0,0,25,1,107,18,1,107,18,1,1,18,8,277.5260009765625,277.5260009765625,,,cluster_too_small,0,0,,,,,,,,,,,,,,,,,,,0,,,,,,0,,,,,,0,,,,,,0,,,,,,0,,,,,,0,,,,,,0,,,,,,0,,,,,,1,277.5260009765625,277.5260009765625,277.5260009765625,277.5260009765625,0.0,,,,,,,,,,,,,,,,,,,,,"107:269.3789,251.7444,298.0829,339.2291,277.5260",,,0,,,,,0,0,1,1,1,,,7,7,2,1
87|157|149|109|143|114|117|2|88|145|166|141|65|6|131|119|96|162|107|0,87|157|149|109|143|114|117|2|88|145|166|141|65|6|131|119|96|162|107|0,0,25,2,87|157|149|109|143|114|117|2|88|145|166|141|65|6|131|119|96|162|0,0|1|2|3|4|5|6|7|8|9|10|11|12|13|14|15|16|17|19,19,87|157|149|109|143|114|117|2|88|145|166|141|65|6|131|119|96|162|0,0|1|2|3|4|5|6|7|8|9|10|11|12|13|14|15|16|17|19,19,1,18,8,171.55950927734375,334.3757019042969,162.7745361328125,317.37755737304684,eligible,0,0,,,,,,,,,,,,,,,,,,,0,,,,,,0,,,,,,0,,,,,,0,,,,,,0,,,,,,0,,,,,,0,,,,,,0,,,,,,19,210.46337890625,249.41415806820518,230.5736846923828,334.3757019042969,36.38422569820627,,,,,,,,,,,,,,,,,,,,,"87:276.8940,254.1149,256.0287,253.4397,237.5297|157:266.6186,239.1121,234.5765,234.1131,270.6753|149:234.9108,227.6030,293.0896,221.4759,271.8714|109:229.9433,257.7707,303.0276,258.7253,290.3371|143:227.3951,275.7108,220.3226,216.5107,226.0618|114:241.3271,218.5693,228.0086,250.4695,210.4634|117:234.3315,234.6071,206.0793,273.5135,214.0728|2:215.3944,203.4049,231.2454,232.7014,229.4436|88:223.7926,218.7744,192.8610,189.2207,216.2707|145:214.1917,215.3039,208.3043,221.6221,230.5737|166:214.5893,214.4924,238.5090,197.8093,261.2530|141:243.9309,207.8257,216.1957,218.7928,240.4348|65:209.8486,250.3452,202.9808,205.7672,219.8907|6:250.2730,226.3951,254.9999,243.4839,224.1902|131:249.0702,226.5036,235.5723,242.8955,226.7728|119:218.8911,269.3863,220.7665,261.2290,218.9587|96:217.3874,224.2397,254.2251,224.4066,334.3757|162:345.7069,264.3610,397.7001,230.6717,307.4701|0:289.2935,247.6712,293.1889,268.0728,308.2237",,,0,,,,,1,1,1,1,1,False,True,7,7,2,1
87|157|149|109|143|114|117|2|88|145|166|141|65|6|131|119|96|162|107|0,87|157|149|109|143|114|117|2|88|145|166|141|65|6|131|119|96|162|107|0,0,26,1,107,18,1,107,18,1,1,18,9,284.56121826171875,284.56121826171875,,,cluster_too_small,0,0,,,,,,,,,,,,,,,,,,,0,,,,,,0,,,,,,0,,,,,,0,,,,,,0,,,,,,0,,,,,,0,,,,,,0,,,,,,1,284.56121826171875,284.56121826171875,284.56121826171875,284.56121826171875,0.0,,,,,,,,,,,,,,,,,,,,,"107:251.7444,298.0829,339.2291,277.5260,284.5612",,,0,,,,,0,0,1,1,1,,,8,8,2,1
87|157|149|109|143|114|117|2|88|145|166|141|65|6|131|119|96|162|107|0,87|157|149|109|143|114|117|2|88|145|166|141|65|6|131|119|96|162|107|0,0,26,2,87|157|149|109|143|114|117|2|88|145|166|141|65|6|131|119|96|162|0,0|1|2|3|4|5|6|7|8|9|10|11|12|13|14|15|16|17|19,19,87|157|149|109|143|114|117|2|88|145|166|141|65|6|131|119|96|162|0,0|1|2|3|4|5|6|7|8|9|10|11|12|13|14|15|16|17|19,19,1,18,9,161.3946990966797,266.7145690917969,162.78433990478516,331.9676544189453,eligible,0,0,,,,,,,,,,,,,,,,,,,0,,,,,,0,,,,,,0,,,,,,0,,,,,,0,,,,,,0,,,,,,0,,,,,,0,,,,,,19,200.26756286621094,232.38831369500411,235.33154296875,266.7145690917969,19.14126990526218,,,,,,,,,,,,,,,,,,,,,"87:254.1149,256.0287,253.4397,237.5297,235.3315|157:239.1121,234.5765,234.1131,270.6753,213.4902|149:227.6030,293.0896,221.4759,271.8714,217.3172|109:257.7707,303.0276,258.7253,290.3371,261.1563|143:275.7108,220.3226,216.5107,226.0618,208.9266|114:218.5693,228.0086,250.4695,210.4634,216.4960|117:234.6071,206.0793,273.5135,214.0728,255.0883|2:203.4049,231.2454,232.7014,229.4436,243.0709|88:218.7744,192.8610,189.2207,216.2707,200.2676|145:215.3039,208.3043,221.6221,230.5737,217.9086|166:214.4924,238.5090,197.8093,261.2530,266.7146|141:207.8257,216.1957,218.7928,240.4348,236.7264|65:250.3452,202.9808,205.7672,219.8907,223.0375|6:226.3951,254.9999,243.4839,224.1902,225.3768|131:226.5036,235.5723,242.8955,226.7728,207.9093|119:269.3863,220.7665,261.2290,218.9587,252.0076|96:224.2397,254.2251,224.4066,334.3757,238.3791|162:264.3610,397.7001,230.6717,307.4701,251.2799|0:247.6712,293.1889,268.0728,308.2237,244.8935",,,0,,,,,1,1,1,1,1,True,False,8,8,2,1
87|157|149|109|143|114|117|2|88|145|166|141|65|6|131|119|96|162|107|0,87|157|149|109|143|114|117|2|88|145|166|141|65|6|131|119|96|162|107|0,0,27,1,107,18,1,107,18,1,1,18,10,344.06463623046875,344.06463623046875,,,cluster_too_small,0,0,,,,,,,,,,,,,,,,,,,0,,,,,,0,,,,,,0,,,,,,0,,,,,,0,,,,,,0,,,,,,0,,,,,,0,,,,,,1,344.06463623046875,344.06463623046875,344.06463623046875,344.06463623046875,0.0,,,,,,,,,,,,,,,,,,,,,"107:298.0829,339.2291,277.5260,284.5612,344.0646",,,0,,,,,0,0,1,1,1,,,9,9,2,1
87|157|149|109|143|114|117|2|88|145|166|141|65|6|131|119|96|162|107|0,87|157|149|109|143|114|117|2|88|145|166|141|65|6|131|119|96|162|107|0,0,27,2,87|157|149|109|143|114|117|2|88|145|166|141|65|6|131|119|96|162|0,0|1|2|3|4|5|6|7|8|9|10|11|12|13|14|15|16|17|19,19,87|157|149|109|143|114|117|2|88|145|166|141|65|6|131|119|96|162|0,0|1|2|3|4|5|6|7|8|9|10|11|12|13|14|15|16|17|19,19,1,18,10,162.44235229492188,269.5174255371094,162.7549285888672,324.74351196289064,eligible,0,0,,,,,,,,,,,,,,,,,,,0,,,,,,0,,,,,,0,,,,,,0,,,,,,0,,,,,,0,,,,,,0,,,,,,0,,,,,,19,217.61167907714844,239.23329242907073,235.34556579589844,269.5174255371094,15.529881792774502,,,,,,,,,,,,,,,,,,,,,"87:256.0287,253.4397,237.5297,235.3315,234.1075|157:234.5765,234.1131,270.6753,213.4902,240.2130|149:293.0896,221.4759,271.8714,217.3172,217.6117|109:303.0276,258.7253,290.3371,261.1563,226.3146|143:220.3226,216.5107,226.0618,208.9266,221.1904|114:228.0086,250.4695,210.4634,216.4960,228.8399|117:206.0793,273.5135,214.0728,255.0883,267.4222|2:231.2454,232.7014,229.4436,243.0709,269.5174|88:192.8610,189.2207,216.2707,200.2676,225.3672|145:208.3043,221.6221,230.5737,217.9086,219.3172|166:238.5090,197.8093,261.2530,266.7146,227.1499|141:216.1957,218.7928,240.4348,236.7264,247.4941|65:202.9808,205.7672,219.8907,223.0375,235.6632|6:254.9999,243.4839,224.1902,225.3768,249.7262|131:235.5723,242.8955,226.7728,207.9093,256.9409|119:220.7665,261.2290,218.9587,252.0076,233.6578|96:254.2251,224.4066,334.3757,238.3791,252.9811|162:397.7001,230.6717,307.4701,251.2799,256.5727|0:293.1889,268.0728,308.2237,244.8935,235.3456",,,0,,,,,1,1,1,1,1,True,False,9,9,2,1
87|157|149|109|143|114|117|2|88|145|166|141|65|6|131|119|96|162|107|0,87|157|149|109|143|114|117|2|88|145|166|141|65|6|131|119|96|162|107|0,0,28,1,107,18,1,107,18,1,1,18,11,318.2217712402344,318.2217712402344,,,cluster_too_small,0,0,,,,,,,,,,,,,,,,,,,0,,,,,,0,,,,,,0,,,,,,0,,,,,,0,,,,,,0,,,,,,0,,,,,,0,,,,,,1,318.2217712402344,318.2217712402344,318.2217712402344,318.2217712402344,0.0,,,,,,,,,,,,,,,,,,,,,"107:339.2291,277.5260,284.5612,344.0646,318.2218",,,0,,,,,0,0,1,1,1,,,10,10,2,1
87|157|149|109|143|114|117|2|88|145|166|141|65|6|131|119|96|162|107|0,87|157|149|109|143|114|117|2|88|145|166|141|65|6|131|119|96|162|107|0,0,28,2,87|157|149|109|143|114|117|2|88|145|166|141|65|6|131|119|96|162|0,0|1|2|3|4|5|6|7|8|9|10|11|12|13|14|15|16|17|19,19,87|157|149|109|143|114|117|2|88|145|166|141|65|6|131|119|96|162|0,0|1|2|3|4|5|6|7|8|9|10|11|12|13|14|15|16|17|19,19,1,18,11,163.04298400878906,307.4664306640625,162.740234375,317.5193695068359,eligible,0,0,,,,,,,,,,,,,,,,,,,0,,,,,,0,,,,,,0,,,,,,0,,,,,,0,,,,,,0,,,,,,0,,,,,,0,,,,,,19,197.92391967773438,239.82272017629523,243.96047973632812,307.4664306640625,24.972580048551706,,,,,,,,,,,,,,,,,,,,,"87:253.4397,237.5297,235.3315,234.1075,279.3881|157:234.1131,270.6753,213.4902,240.2130,248.4839|149:221.4759,271.8714,217.3172,217.6117,251.2628|109:258.7253,290.3371,261.1563,226.3146,307.4664|143:216.5107,226.0618,208.9266,221.1904,243.9605|114:250.4695,210.4634,216.4960,228.8399,238.5962|117:273.5135,214.0728,255.0883,267.4222,197.9239|2:232.7014,229.4436,243.0709,269.5174,247.2678|88:189.2207,216.2707,200.2676,225.3672,205.4309|145:221.6221,230.5737,217.9086,219.3172,218.4179|166:197.8093,261.2530,266.7146,227.1499,258.2056|141:218.7928,240.4348,236.7264,247.4941,212.1233|65:205.7672,219.8907,223.0375,235.6632,244.5029|6:243.4839,224.1902,225.3768,249.7262,228.5269|131:242.8955,226.7728,207.9093,256.9409,250.1145|119:261.2290,218.9587,252.0076,233.6578,220.1117|96:224.4066,334.3757,238.3791,252.9811,233.8315|162:230.6717,307.4701,251.2799,256.5727,225.2809|0:268.0728,308.2237,244.8935,235.3456,245.7358",,,0,,,,,1,1,1,1,1,False,False,10,10,2,1
87|157|149|109|143|114|117|2|88|145|166|141|65|6|131|119|96|162|107|0,87|157|149|109|143|114|117|2|88|145|166|141|65|6|131|119|96|162|107|0,0,29,1,107,18,1,107,18,1,1,18,12,268.0156555175781,268.0156555175781,,,cluster_too_small,0,0,,,,,,,,,,,,,,,,,,,0,,,,,,0,,,,,,0,,,,,,0,,,,,,0,,,,,,0,,,,,,0,,,,,,0,,,,,,1,268.0156555175781,268.0156555175781,268.0156555175781,268.0156555175781,0.0,,,,,,,,,,,,,,,,,,,,,"107:277.5260,284.5612,344.0646,318.2218,268.0157",,,0,,,,,0,0,1,1,1,,,11,11,2,1
87|157|149|109|143|114|117|2|88|145|166|141|65|6|131|119|96|162|107|0,87|157|149|109|143|114|117|2|88|145|166|141|65|6|131|119|96|162|107|0,0,29,2,87|157|149|109|143|114|117|2|88|145|166|141|65|6|131|119|96|162|0,0|1|2|3|4|5|6|7|8|9|10|11|12|13|14|15|16|17|19,19,87|157|149|109|143|114|117|2|88|145|166|141|65|6|131|119|96|162|0,0|1|2|3|4|5|6|7|8|9|10|11|12|13|14|15|16|17|19,19,1,18,12,161.9280242919922,304.2320251464844,162.74513244628906,310.29522705078125,eligible,0,0,,,,,,,,,,,,,,,,,,,0,,,,,,0,,,,,,0,,,,,,0,,,,,,0,,,,,,0,,,,,,0,,,,,,0,,,,,,19,204.28590393066406,235.97870113975122,223.34678649902344,304.2320251464844,32.90069424517699,,,,,,,,,,,,,,,,,,,,,"87:237.5297,235.3315,234.1075,279.3881,235.0836|157:270.6753,213.4902,240.2130,248.4839,291.3418|149:271.8714,217.3172,217.6117,251.2628,228.9453|109:290.3371,261.1563,226.3146,307.4664,283.3102|143:226.0618,208.9266,221.1904,243.9605,223.3468|114:210.4634,216.4960,228.8399,238.5962,215.5259|117:214.0728,255.0883,267.4222,197.9239,212.0018|2:229.4436,243.0709,269.5174,247.2678,204.2859|88:216.2707,200.2676,225.3672,205.4309,205.4129|145:230.5737,217.9086,219.3172,218.4179,215.4630|166:261.2530,266.7146,227.1499,258.2056,209.7169|141:240.4348,236.7264,247.4941,212.1233,212.1282|65:219.8907,223.0375,235.6632,244.5029,221.8510|6:224.1902,225.3768,249.7262,228.5269,209.3514|131:226.7728,207.9093,256.9409,250.1145,261.6420|119:218.9587,252.0076,233.6578,220.1117,227.2108|96:334.3757,238.3791,252.9811,233.8315,299.1076|162:307.4701,251.2799,256.5727,225.2809,223.6384|0:308.2237,244.8935,235.3456,245.7358,304.2320",,,0,,,,,1,1,1,1,1,True,False,11,11,2,1
87|157|149|109|143|114|117|2|88|145|166|141|65|6|131|119|96|162|107|0,87|157|149|109|143|114|117|2|88|145|166|141|65|6|131|119|96|162|107|0,0,30,1,107,18,1,107,18,1,1,18,13,252.08013916015625,252.08013916015625,,,cluster_too_small,0,0,,,,,,,,,,,,,,,,,,,0,,,,,,0,,,,,,0,,,,,,0,,,,,,0,,,,,,0,,,,,,0,,,,,,0,,,,,,1,252.08013916015625,252.08013916015625,252.08013916015625,252.08013916015625,0.0,,,,,,,,,,,,,,,,,,,,,"107:284.5612,344.0646,318.2218,268.0157,252.0801",,,0,,,,,0,0,1,1,1,,,12,12,2,1
87|157|149|109|143|114|117|2|88|145|166|141|65|6|131|119|96|162|107|0,87|157|149|109|143|114|117|2|88|145|166|141|65|6|131|119|96|162|107|0,0,30,2,87|157|149|109|143|114|117|2|88|145|166|141|65|6|131|119|96|162|0,0|1|2|3|4|5|6|7|8|9|10|11|12|13|14|15|16|17|19,19,87|157|149|109|143|114|117|2|88|145|166|141|65|6|131|119|96|162|0,0|1|2|3|4|5|6|7|8|9|10|11|12|13|14|15|16|17|19,19,1,18,13,162.0492401123047,275.38470458984375,162.66209030151367,309.44658813476565,eligible,0,0,,,,,,,,,,,,,,,,,,,0,,,,,,0,,,,,,0,,,,,,0,,,,,,0,,,,,,0,,,,,,0,,,,,,0,,,,,,19,189.5470428466797,230.03304652163857,224.9601287841797,275.38470458984375,22.06181642827281,,,,,,,,,,,,,,,,,,,,,"87:235.3315,234.1075,279.3881,235.0836,244.4885|157:213.4902,240.2130,248.4839,291.3418,258.8326|149:217.3172,217.6117,251.2628,228.9453,219.0826|109:261.1563,226.3146,307.4664,283.3102,224.9601|143:208.9266,221.1904,243.9605,223.3468,241.0260|114:216.4960,228.8399,238.5962,215.5259,245.3040|117:255.0883,267.4222,197.9239,212.0018,218.0008|2:243.0709,269.5174,247.2678,204.2859,198.1550|88:200.2676,225.3672,205.4309,205.4129,189.5470|145:217.9086,219.3172,218.4179,215.4630,213.9722|166:266.7146,227.1499,258.2056,209.7169,215.5257|141:236.7264,247.4941,212.1233,212.1282,213.2365|65:223.0375,235.6632,244.5029,221.8510,218.8714|6:225.3768,249.7262,228.5269,209.3514,253.6144|131:207.9093,256.9409,250.1145,261.6420,213.8410|119:252.0076,233.6578,220.1117,227.2108,226.3056|96:238.3791,252.9811,233.8315,299.1076,237.4158|162:251.2799,256.5727,225.2809,223.6384,263.0638|0:244.8935,235.3456,245.7358,304.2320,275.3847",,,0,,,,,1,1,1,1,1,True,False,12,12,2,1
87|157|149|109|143|114|117|2|88|145|166|141|65|6|131|119|96|162|107|0,87|157|149|109|143|114|117|2|88|145|166|141|65|6|131|119|96|162|107|0,0,31,1,107,18,1,107,18,1,1,18,14,262.7286376953125,262.7286376953125,,,cluster_too_small,0,0,,,,,,,,,,,,,,,,,,,0,,,,,,0,,,,,,0,,,,,,0,,,,,,0,,,,,,0,,,,,,0,,,,,,0,,,,,,1,262.7286376953125,262.7286376953125,262.7286376953125,262.7286376953125,0.0,,,,,,,,,,,,,,,,,,,,,"107:344.0646,318.2218,268.0157,252.0801,262.7286",,,0,,,,,0,0,1,1,1,,,13,13,2,1
87|157|149|109|143|114|117|2|88|145|166|141|65|6|131|119|96|162|107|0,87|157|149|109|143|114|117|2|88|145|166|141|65|6|131|119|96|162|107|0,0,31,2,87|157|149|109|143|114|117|2|88|145|166|141|65|6|131|119|96|162|0,0|1|2|3|4|5|6|7|8|9|10|11|12|13|14|15|16|17|19,19,87|157|149|109|143|114|117|2|88|145|166|141|65|6|131|119|96|162|0,0|1|2|3|4|5|6|7|8|9|10|11|12|13|14|15|16|17|19,19,1,18,14,163.4202423095703,286.66552734375,162.44235229492188,308.59794921875,eligible,0,0,,,,,,,,,,,,,,,,,,,0,,,,,,0,,,,,,0,,,,,,0,,,,,,0,,,,,,0,,,,,,0,,,,,,0,,,,,,19,198.90243530273438,235.82020247609992,233.5194854736328,286.66552734375,23.502684181435512,,,,,,,,,,,,,,,,,,,,,"87:234.1075,279.3881,235.0836,244.4885,251.1256|157:240.2130,248.4839,291.3418,258.8326,259.3914|149:217.6117,251.2628,228.9453,219.0826,220.0378|109:226.3146,307.4664,283.3102,224.9601,267.9264|143:221.1904,243.9605,223.3468,241.0260,233.5195|114:228.8399,238.5962,215.5259,245.3040,272.4173|117:267.4222,197.9239,212.0018,218.0008,225.4377|2:269.5174,247.2678,204.2859,198.1550,226.7789|88:225.3672,205.4309,205.4129,189.5470,220.6719|145:219.3172,218.4179,215.4630,213.9722,238.8194|166:227.1499,258.2056,209.7169,215.5257,201.2577|141:247.4941,212.1233,212.1282,213.2365,198.9024|65:235.6632,244.5029,221.8510,218.8714,230.7057|6:249.7262,228.5269,209.3514,253.6144,238.0105|131:256.9409,250.1145,261.6420,213.8410,234.8509|119:233.6578,220.1117,227.2108,226.3056,210.1294|96:252.9811,233.8315,299.1076,237.4158,286.6655|162:256.5727,225.2809,223.6384,263.0638,251.8227|0:235.3456,245.7358,304.2320,275.3847,212.1132",,,0,,,,,1,1,1,1,1,False,False,13,13,2,1
87|157|149|109|143|114|117|2|88|145|166|141|65|6|131|119|96|162|107|0,87|157|149|109|143|114|117|2|88|145|166|141|65|6|131|119|96|162|107|0,0,32,1,107,18,1,107,18,1,1,18,15,312.5264587402344,312.5264587402344,,,cluster_too_small,0,0,,,,,,,,,,,,,,,,,,,0,,,,,,0,,,,,,0,,,,,,0,,,,,,0,,,,,,0,,,,,,0,,,,,,0,,,,,,1,312.5264587402344,312.5264587402344,312.5264587402344,312.5264587402344,0.0,,,,,,,,,,,,,,,,,,,,,"107:318.2218,268.0157,252.0801,262.7286,312.5265",,,0,,,,,0,0,1,1,1,,,14,14,2,1
87|157|149|109|143|114|117|2|88|145|166|141|65|6|131|119|96|162|107|0,87|157|149|109|143|114|117|2|88|145|166|141|65|6|131|119|96|162|107|0,0,32,2,87|157|149|109|143|114|117|2|88|145|166|141|65|6|131|119|96|162|0,0|1|2|3|4|5|6|7|8|9|10|11|12|13|14|15|16|17|19,19,87|157|149|109|143|114|117|2|88|145|166|141|65|6|131|119|96|162|0,0|1|2|3|4|5|6|7|8|9|10|11|12|13|14|15|16|17|19,19,1,18,15,162.61363220214844,291.0193176269531,162.51559829711914,307.7493103027344,eligible,0,0,,,,,,,,,,,,,,,,,,,0,,,,,,0,,,,,,0,,,,,,0,,,,,,0,,,,,,0,,,,,,0,,,,,,0,,,,,,19,199.963134765625,231.89529740182977,228.06593322753906,291.0193176269531,26.364256967696797,,,,,,,,,,,,,,,,,,,,,"87:279.3881,235.0836,244.4885,251.1256,233.0942|157:248.4839,291.3418,258.8326,259.3914,206.4581|149:251.2628,228.9453,219.0826,220.0378,240.1715|109:307.4664,283.3102,224.9601,267.9264,247.9260|143:243.9605,223.3468,241.0260,233.5195,228.0659|114:238.5962,215.5259,245.3040,272.4173,225.8733|117:197.9239,212.0018,218.0008,225.4377,230.2520|2:247.2678,204.2859,198.1550,226.7789,219.2514|88:205.4309,205.4129,189.5470,220.6719,199.9631|145:218.4179,215.4630,213.9722,238.8194,206.1200|166:258.2056,209.7169,215.5257,201.2577,200.1057|141:212.1233,212.1282,213.2365,198.9024,203.0871|65:244.5029,221.8510,218.8714,230.7057,215.0248|6:228.5269,209.3514,253.6144,238.0105,217.8654|131:250.1145,261.6420,213.8410,234.8509,288.1378|119:220.1117,227.2108,226.3056,210.1294,256.8632|96:233.8315,299.1076,237.4158,286.6655,291.0193|162:225.2809,223.6384,263.0638,251.8227,258.0652|0:245.7358,304.2320,275.3847,212.1132,238.6667",,,0,,,,,1,1,1,1,1,False,False,14,14,2,1
87|157|149|109|143|114|117|2|88|145|166|141|65|6|131|119|96|162|107|0,87|157|149|109|143|114|117|2|88|145|166|141|65|6|131|119|96|162|107|0,0,33,1,107,18,1,107,18,1,1,18,16,299.3761291503906,299.3761291503906,,,cluster_too_small,0,0,,,,,,,,,,,,,,,,,,,0,,,,,,0,,,,,,0,,,,,,0,,,,,,0,,,,,,0,,,,,,0,,,,,,0,,,,,,1,299.3761291503906,299.3761291503906,299.3761291503906,299.3761291503906,0.0,,,,,,,,,,,,,,,,,,,,,"107:268.0157,252.0801,262.7286,312.5265,299.3761",,,0,,,,,0,0,1,1,1,,,15,15,2,1
87|157|149|109|143|114|117|2|88|145|166|141|65|6|131|119|96|162|107|0,87|157|149|109|143|114|117|2|88|145|166|141|65|6|131|119|96|162|107|0,0,33,2,87|157|149|109|143|114|117|2|88|145|166|141|65|6|131|119|96|162|0,0|1|2|3|4|5|6|7|8|9|10|11|12|13|14|15|16|17|19,19,87|157|149|109|143|114|117|2|88|145|166|141|65|6|131|119|96|162|0,0|1|2|3|4|5|6|7|8|9|10|11|12|13|14|15|16|17|19,19,1,18,16,162.46641540527344,311.2380676269531,162.52799224853516,306.8195495605469,eligible,1,1,valid_cut,,0.07818751499868126,3.0,4.0,3|4,1.0,18.0,1.0,18.0,0.05555555555555555,96,87|157|149|109|143|114|117|2|88|145|166|141|65|6|131|119|162|0,left,96,data_4200_4_7.0_chordal,147.40076138680442,418.3562469482422,171,13.12158203125,147.40076138680442,128.295654296875,418.3562469482422,81.17422320586034,171,0.0023846073768478333,0.009438578107180727,0.007734211992182705,0.07081359565713495,0.007051112932539026,0,,,,,,153,13.12158203125,132.57868059943704,124.9232177734375,327.0287628173828,65.33595714576161,18,91.32748413085938,273.38844807942706,273.4148178100586,418.3562469482422,92.59011280035327,0,,,,,,153,0.0030485131590631607,0.010037969551171392,0.007941347256541772,0.07081359565713495,0.007180132789458544,18,0.0023846073768478333,0.00434375083326007,0.003644305310947157,0.010831011040901544,0.0022583555569498878,19,191.49510192871094,234.0179130152652,220.49176025390625,311.2380676269531,34.793211672629454,87:150.3388|157:175.3965|149:118.4826|109:205.1885|143:109.4654|114:122.5913|117:113.4499|2:133.0594|88:171.8040|145:120.9139|166:143.1764|141:146.2776|65:110.5045|6:118.5827|131:156.5782|119:112.7785|96:273.3884|162:127.0570|0:191.5810,87:0.0071|157:0.0060|149:0.0101|109:0.0054|143:0.0120|114:0.0097|117:0.0125|2:0.0108|88:0.0082|145:0.0118|166:0.0129|141:0.0124|65:0.0114|6:0.0113|131:0.0069|119:0.0111|96:0.0043|162:0.0098|0:0.0055,87:0.1283|157:0.1085|149:0.1812|109:0.0979|143:0.2161|114:0.1751|117:0.2256|2:0.1944|88:0.1477|145:0.2117|166:0.2315|141:0.2237|65:0.2055|6:0.2036|131:0.1239|119:0.1992|96:0.0782|162:0.1760|0:0.0999,87:242.9231|157:245.7018|149:231.2242|109:327.0288|143:286.2168|114:271.4479|117:318.2601|2:356.8941|88:418.3562|145:350.0531|166:387.7262|141:390.0621|65:275.3817|6:330.5609|131:244.9990|119:264.4073|96:418.3562|162:268.3577|0:291.8495,87:88(242.9231)|157:96(245.7018)|149:96(231.2242)|109:88(327.0288)|143:96(286.2168)|114:96(271.4479)|117:96(318.2601)|2:96(356.8941)|88:96(418.3562)|145:96(350.0531)|166:96(387.7262)|141:96(390.0621)|65:96(275.3817)|6:96(330.5609)|131:88(244.9990)|119:96(264.4073)|96:88(418.3562)|162:96(268.3577)|0:88(291.8495),87:88(0.0041)|157:96(0.0041)|149:96(0.0043)|109:88(0.0030)|143:96(0.0035)|114:96(0.0037)|117:96(0.0031)|2:96(0.0028)|88:96(0.0024)|145:96(0.0028)|166:96(0.0026)|141:96(0.0026)|65:96(0.0036)|6:96(0.0030)|131:88(0.0041)|119:96(0.0038)|96:88(0.0024)|162:96(0.0037)|0:88(0.0034),418.3562469482422,88,96,8.0,16.0,0.0023846073768478333,88,96,8.0,16.0,0.07818751499868126,418.3562469482422,88,1.0,"87:235.0836,244.4885,251.1256,233.0942,286.2213|157:291.3418,258.8326,259.3914,206.4581,206.5542|149:228.9453,219.0826,220.0378,240.1715,255.4426|109:283.3102,224.9601,267.9264,247.9260,309.9962|143:223.3468,241.0260,233.5195,228.0659,220.4918|114:215.5259,245.3040,272.4173,225.8733,210.6544|117:212.0018,218.0008,225.4377,230.2520,221.4939|2:204.2859,198.1550,226.7789,219.2514,220.0810|88:205.4129,189.5470,220.6719,199.9631,191.4951|145:215.4630,213.9722,238.8194,206.1200,201.0186|166:209.7169,215.5257,201.2577,200.1057,211.1142|141:212.1282,213.2365,198.9024,203.0871,208.0299|65:221.8510,218.8714,230.7057,215.0248,246.1478|6:209.3514,253.6144,238.0105,217.8654,208.4410|131:261.6420,213.8410,234.8509,288.1378,253.6174|119:227.2108,226.3056,210.1294,256.8632,221.0826|96:299.1076,237.4158,286.6655,291.0193,311.2381|162:223.6384,263.0638,251.8227,258.0652,211.7947|0:304.2320,275.3847,212.1132,238.6667,251.4255",2.0,19.0,1,"[{""pos"":0,""member_idx"":0,""graph_id"":""87"",""dataset_id"":""data_4100_3_7.0_chordal""},{""pos"":1,""member_idx"":1,""graph_id"":""157"",""dataset_id"":""data_4200_3_6.0_chordal""},{""pos"":2,""member_idx"":2,""graph_id"":""149"",""dataset_id"":""data_4200_3_6.5_chordal""},{""pos"":3,""member_idx"":3,""graph_id"":""109"",""dataset_id"":""data_4200_3_7.5_chordal""},{""pos"":4,""member_idx"":4,""graph_id"":""143"",""dataset_id"":""data_4200_3_3.0_chordal""},{""pos"":5,""member_idx"":5,""graph_id"":""114"",""dataset_id"":""data_4100_3_3.0_chordal""},{""pos"":6,""member_idx"":6,""graph_id"":""117"",""dataset_id"":""data_4000_3_3.0_chordal""},{""pos"":7,""member_idx"":7,""graph_id"":""2"",""dataset_id"":""data_3800_3_3.5_chordal""},{""pos"":8,""member_idx"":8,""graph_id"":""88"",""dataset_id"":""data_3800_4_4.5_chordal""},{""pos"":9,""member_idx"":9,""graph_id"":""145"",""dataset_id"":""data_4200_4_4.5_chordal""},{""pos"":10,""member_idx"":10,""graph_id"":""166"",""dataset_id"":""data_4100_4_4.0_chordal""},{""pos"":11,""member_idx"":11,""graph_id"":""141"",""dataset_id"":""data_4100_4_4.5_chordal""},{""pos"":12,""member_idx"":12,""graph_id"":""65"",""dataset_id"":""data_3900_4_2.0_chordal""},{""pos"":13,""member_idx"":13,""graph_id"":""6"",""dataset_id"":""data_4200_4_2.0_chordal""},{""pos"":14,""member_idx"":14,""graph_id"":""131"",""dataset_id"":""data_4100_4_2.0_chordal""},{""pos"":15,""member_idx"":15,""graph_id"":""119"",""dataset_id"":""data_4000_4_2.0_chordal""},{""pos"":16,""member_idx"":16,""graph_id"":""96"",""dataset_id"":""data_4200_4_7.0_chordal""},{""pos"":17,""member_idx"":17,""graph_id"":""162"",""dataset_id"":""data_3800_4_7.5_chordal""},{""pos"":18,""member_idx"":19,""graph_id"":""0"",""dataset_id"":""data_4100_4_6.5_chordal""}]","[{""pos"":0,""member_idx"":0,""graph_id"":""87"",""dataset_id"":""data_4100_3_7.0_chordal"",""history"":[235.0835723876953,244.488525390625,251.12559509277344,233.09423828125,286.22125244140625]},{""pos"":1,""member_idx"":1,""graph_id"":""157"",""dataset_id"":""data_4200_3_6.0_chordal"",""history"":[291.341796875,258.8325500488281,259.39141845703125,206.4580841064453,206.55416870117188]},{""pos"":2,""member_idx"":2,""graph_id"":""149"",""dataset_id"":""data_4200_3_6.5_chordal"",""history"":[228.9452667236328,219.08262634277344,220.03782653808594,240.17147827148438,255.44264221191406]},{""pos"":3,""member_idx"":3,""graph_id"":""109"",""dataset_id"":""data_4200_3_7.5_chordal"",""history"":[283.3101501464844,224.9601287841797,267.9263916015625,247.92596435546875,309.9962158203125]},{""pos"":4,""member_idx"":4,""graph_id"":""143"",""dataset_id"":""data_4200_3_3.0_chordal"",""history"":[223.34678649902344,241.02603149414062,233.5194854736328,228.06593322753906,220.49176025390625]},{""pos"":5,""member_idx"":5,""graph_id"":""114"",""dataset_id"":""data_4100_3_3.0_chordal"",""history"":[215.52586364746094,245.30398559570312,272.4172668457031,225.87326049804688,210.65444946289062]},{""pos"":6,""member_idx"":6,""graph_id"":""117"",""dataset_id"":""data_4000_3_3.0_chordal"",""history"":[212.00180053710938,218.0007781982422,225.43771362304688,230.25204467773438,221.49386596679688]},{""pos"":7,""member_idx"":7,""graph_id"":""2"",""dataset_id"":""data_3800_3_3.5_chordal"",""history"":[204.28590393066406,198.15499877929688,226.77886962890625,219.25143432617188,220.0810089111328]},{""pos"":8,""member_idx"":8,""graph_id"":""88"",""dataset_id"":""data_3800_4_4.5_chordal"",""history"":[205.4128875732422,189.5470428466797,220.6719207763672,199.963134765625,191.49510192871094]},{""pos"":9,""member_idx"":9,""graph_id"":""145"",""dataset_id"":""data_4200_4_4.5_chordal"",""history"":[215.46299743652344,213.9722137451172,238.81935119628906,206.12001037597656,201.0186309814453]},{""pos"":10,""member_idx"":10,""graph_id"":""166"",""dataset_id"":""data_4100_4_4.0_chordal"",""history"":[209.7168731689453,215.52574157714844,201.2576904296875,200.10565185546875,211.11422729492188]},{""pos"":11,""member_idx"":11,""graph_id"":""141"",""dataset_id"":""data_4100_4_4.5_chordal"",""history"":[212.12818908691406,213.23654174804688,198.90243530273438,203.08712768554688,208.02989196777344]},{""pos"":12,""member_idx"":12,""graph_id"":""65"",""dataset_id"":""data_3900_4_2.0_chordal"",""history"":[221.85104370117188,218.8713836669922,230.70565795898438,215.02484130859375,246.1477508544922]},{""pos"":13,""member_idx"":13,""graph_id"":""6"",""dataset_id"":""data_4200_4_2.0_chordal"",""history"":[209.35137939453125,253.61441040039062,238.010498046875,217.8653564453125,208.4410400390625]},{""pos"":14,""member_idx"":14,""graph_id"":""131"",""dataset_id"":""data_4100_4_2.0_chordal"",""history"":[261.6419677734375,213.84100341796875,234.85092163085938,288.13775634765625,253.61744689941406]},{""pos"":15,""member_idx"":15,""graph_id"":""119"",""dataset_id"":""data_4000_4_2.0_chordal"",""history"":[227.2108154296875,226.3056182861328,210.12937927246094,256.8631591796875,221.0826416015625]},{""pos"":16,""member_idx"":16,""graph_id"":""96"",""dataset_id"":""data_4200_4_7.0_chordal"",""history"":[299.1076354980469,237.41578674316406,286.66552734375,291.0193176269531,311.2380676269531]},{""pos"":17,""member_idx"":17,""graph_id"":""162"",""dataset_id"":""data_3800_4_7.5_chordal"",""history"":[223.63836669921875,263.0638122558594,251.82272338867188,258.0651550292969,211.794677734375]},{""pos"":18,""member_idx"":19,""graph_id"":""0"",""dataset_id"":""data_4100_4_6.5_chordal"",""history"":[304.2320251464844,275.38470458984375,212.11317443847656,238.6667022705078,251.42550659179688]}]","[{""row_pos"":0,""col_pos"":1,""member_idx_i"":0,""member_idx_j"":1,""graph_id_i"":""87"",""graph_id_j"":""157"",""dataset_id_i"":""data_4100_3_7.0_chordal"",""dataset_id_j"":""data_4200_3_6.0_chordal"",""dtw"":185.1713104248047},{""row_pos"":0,""col_pos"":2,""member_idx_i"":0,""member_idx_j"":2,""graph_id_i"":""87"",""graph_id_j"":""149"",""dataset_id_i"":""data_4100_3_7.0_chordal"",""dataset_id_j"":""data_4200_3_6.5_chordal"",""dtw"":90.31201171875},{""row_pos"":0,""col_pos"":3,""member_idx_i"":0,""member_idx_j"":3,""graph_id_i"":""87"",""graph_id_j"":""109"",""dataset_id_i"":""data_4100_3_7.0_chordal"",""dataset_id_j"":""data_4200_3_7.5_chordal"",""dtw"":123.16246032714844},{""row_pos"":0,""col_pos"":4,""member_idx_i"":0,""member_idx_j"":4,""graph_id_i"":""87"",""graph_id_j"":""143"",""dataset_id_i"":""data_4100_3_7.0_chordal"",""dataset_id_j"":""data_4200_3_3.0_chordal"",""dtw"":96.48188781738281},{""row_pos"":0,""col_pos"":5,""member_idx_i"":0,""member_idx_j"":5,""graph_id_i"":""87"",""graph_id_j"":""114"",""dataset_id_i"":""data_4100_3_7.0_chordal"",""dataset_id_j"":""data_4100_3_3.0_chordal"",""dtw"":124.45262145996094},{""row_pos"":0,""col_pos"":6,""member_idx_i"":0,""member_idx_j"":6,""graph_id_i"":""87"",""graph_id_j"":""117"",""dataset_id_i"":""data_4100_3_7.0_chordal"",""dataset_id_j"":""data_4000_3_3.0_chordal"",""dtw"":142.8269805908203},{""row_pos"":0,""col_pos"":7,""member_idx_i"":0,""member_idx_j"":7,""graph_id_i"":""87"",""graph_id_j"":""2"",""dataset_id_i"":""data_4100_3_7.0_chordal"",""dataset_id_j"":""data_3800_3_3.5_chordal"",""dtw"":181.46096801757812},{""row_pos"":0,""col_pos"":8,""member_idx_i"":0,""member_idx_j"":8,""graph_id_i"":""87"",""graph_id_j"":""88"",""dataset_id_i"":""data_4100_3_7.0_chordal"",""dataset_id_j"":""data_3800_4_4.5_chordal"",""dtw"":242.923095703125},{""row_pos"":0,""col_pos"":9,""member_idx_i"":0,""member_idx_j"":9,""graph_id_i"":""87"",""graph_id_j"":""145"",""dataset_id_i"":""data_4100_3_7.0_chordal"",""dataset_id_j"":""data_4200_4_4.5_chordal"",""dtw"":170.8842010498047},{""row_pos"":0,""col_pos"":10,""member_idx_i"":0,""member_idx_j"":10,""graph_id_i"":""87"",""graph_id_j"":""166"",""dataset_id_i"":""data_4100_3_7.0_chordal"",""dataset_id_j"":""data_4100_4_4.0_chordal"",""dtw"":212.29299926757812},{""row_pos"":0,""col_pos"":11,""member_idx_i"":0,""member_idx_j"":11,""graph_id_i"":""87"",""graph_id_j"":""141"",""dataset_id_i"":""data_4100_3_7.0_chordal"",""dataset_id_j"":""data_4100_4_4.5_chordal"",""dtw"":214.62899780273438},{""row_pos"":0,""col_pos"":12,""member_idx_i"":0,""member_idx_j"":12,""graph_id_i"":""87"",""graph_id_j"":""65"",""dataset_id_i"":""data_4100_3_7.0_chordal"",""dataset_id_j"":""data_3900_4_2.0_chordal"",""dtw"":113.64544677734375},{""row_pos"":0,""col_pos"":13,""member_idx_i"":0,""member_idx_j"":13,""graph_id_i"":""87"",""graph_id_j"":""6"",""dataset_id_i"":""data_4100_3_7.0_chordal"",""dataset_id_j"":""data_4200_4_2.0_chordal"",""dtw"":135.27224731445312},{""row_pos"":0,""col_pos"":14,""member_idx_i"":0,""member_idx_j"":14,""graph_id_i"":""87"",""graph_id_j"":""131"",""dataset_id_i"":""data_4100_3_7.0_chordal"",""dataset_id_j"":""data_4100_4_2.0_chordal"",""dtw"":109.75758361816406},{""row_pos"":0,""col_pos"":15,""member_idx_i"":0,""member_idx_j"":15,""graph_id_i"":""87"",""graph_id_j"":""119"",""dataset_id_i"":""data_4100_3_7.0_chordal"",""dataset_id_j"":""data_4000_4_2.0_chordal"",""dtw"":133.8976287841797},{""row_pos"":0,""col_pos"":16,""member_idx_i"":0,""member_idx_j"":16,""graph_id_i"":""87"",""graph_id_j"":""96"",""dataset_id_i"":""data_4100_3_7.0_chordal"",""dataset_id_j"":""data_4200_4_7.0_chordal"",""dtw"":119.38731384277344},{""row_pos"":0,""col_pos"":17,""member_idx_i"":0,""member_idx_j"":17,""graph_id_i"":""87"",""graph_id_j"":""162"",""dataset_id_i"":""data_4100_3_7.0_chordal"",""dataset_id_j"":""data_3800_4_7.5_chordal"",""dtw"":130.1151123046875},{""row_pos"":0,""col_pos"":18,""member_idx_i"":0,""member_idx_j"":19,""graph_id_i"":""87"",""graph_id_j"":""0"",""dataset_id_i"":""data_4100_3_7.0_chordal"",""dataset_id_j"":""data_4100_4_6.5_chordal"",""dtw"":179.42526245117188},{""row_pos"":1,""col_pos"":2,""member_idx_i"":1,""member_idx_j"":2,""graph_id_i"":""157"",""graph_id_j"":""149"",""dataset_id_i"":""data_4200_3_6.0_chordal"",""dataset_id_j"":""data_4200_3_6.5_chordal"",""dtw"":224.10191345214844},{""row_pos"":1,""col_pos"":3,""member_idx_i"":1,""member_idx_j"":3,""graph_id_i"":""157"",""graph_id_j"":""109"",""dataset_id_i"":""data_4200_3_6.0_chordal"",""dataset_id_j"":""data_4200_3_7.5_chordal"",""dtw"":195.34896850585938},{""row_pos"":1,""col_pos"":4,""member_idx_i"":1,""member_idx_j"":4,""graph_id_i"":""157"",""graph_id_j"":""143"",""dataset_id_i"":""data_4200_3_6.0_chordal"",""dataset_id_j"":""data_4200_3_3.0_chordal"",""dtw"":147.21890258789062},{""row_pos"":1,""col_pos"":5,""member_idx_i"":1,""member_idx_j"":5,""graph_id_i"":""157"",""graph_id_j"":""114"",""dataset_id_i"":""data_4200_3_6.0_chordal"",""dataset_id_j"":""data_4100_3_3.0_chordal"",""dtw"":125.88580322265625},{""row_pos"":1,""col_pos"":6,""member_idx_i"":1,""member_idx_j"":6,""graph_id_i"":""157"",""graph_id_j"":""117"",""dataset_id_i"":""data_4200_3_6.0_chordal"",""dataset_id_j"":""data_4000_3_3.0_chordal"",""dtw"":192.859130859375},{""row_pos"":1,""col_pos"":7,""member_idx_i"":1,""member_idx_j"":7,""graph_id_i"":""157"",""graph_id_j"":""2"",""dataset_id_i"":""data_4200_3_6.0_chordal"",""dataset_id_j"":""data_3800_3_3.5_chordal"",""dtw"":206.6661834716797},{""row_pos"":1,""col_pos"":8,""member_idx_i"":1,""member_idx_j"":8,""graph_id_i"":""157"",""graph_id_j"":""88"",""dataset_id_i"":""data_4200_3_6.0_chordal"",""dataset_id_j"":""data_3800_4_4.5_chordal"",""dtw"":215.48793029785156},{""row_pos"":1,""col_pos"":9,""member_idx_i"":1,""member_idx_j"":9,""graph_id_i"":""157"",""graph_id_j"":""145"",""dataset_id_i"":""data_4200_3_6.0_chordal"",""dataset_id_j"":""data_4200_4_4.5_chordal"",""dtw"":147.184814453125},{""row_pos"":1,""col_pos"":10,""member_idx_i"":1,""member_idx_j"":10,""graph_id_i"":""157"",""graph_id_j"":""166"",""dataset_id_i"":""data_4200_3_6.0_chordal"",""dataset_id_j"":""data_4100_4_4.0_chordal"",""dtw"":184.91029357910156},{""row_pos"":1,""col_pos"":11,""member_idx_i"":1,""member_idx_j"":11,""graph_id_i"":""157"",""graph_id_j"":""141"",""dataset_id_i"":""data_4200_3_6.0_chordal"",""dataset_id_j"":""data_4100_4_4.5_chordal"",""dtw"":183.3668212890625},{""row_pos"":1,""col_pos"":12,""member_idx_i"":1,""member_idx_j"":12,""graph_id_i"":""157"",""graph_id_j"":""65"",""dataset_id_i"":""data_4200_3_6.0_chordal"",""dataset_id_j"":""data_3900_4_2.0_chordal"",""dtw"":186.2980194091797},{""row_pos"":1,""col_pos"":13,""member_idx_i"":1,""member_idx_j"":13,""graph_id_i"":""157"",""graph_id_j"":""6"",""dataset_id_i"":""data_4200_3_6.0_chordal"",""dataset_id_j"":""data_4200_4_2.0_chordal"",""dtw"":121.88362121582031},{""row_pos"":1,""col_pos"":14,""member_idx_i"":1,""member_idx_j"":14,""graph_id_i"":""157"",""graph_id_j"":""131"",""dataset_id_i"":""data_4200_3_6.0_chordal"",""dataset_id_j"":""data_4100_4_2.0_chordal"",""dtw"":199.08633422851562},{""row_pos"":1,""col_pos"":15,""member_idx_i"":1,""member_idx_j"":15,""graph_id_i"":""157"",""graph_id_j"":""119"",""dataset_id_i"":""data_4200_3_6.0_chordal"",""dataset_id_j"":""data_4000_4_2.0_chordal"",""dtw"":177.04237365722656},{""row_pos"":1,""col_pos"":16,""member_idx_i"":1,""member_idx_j"":16,""graph_id_i"":""157"",""graph_id_j"":""96"",""dataset_id_i"":""data_4200_3_6.0_chordal"",""dataset_id_j"":""data_4200_4_7.0_chordal"",""dtw"":245.70184326171875},{""row_pos"":1,""col_pos"":17,""member_idx_i"":1,""member_idx_j"":17,""graph_id_i"":""157"",""graph_id_j"":""162"",""dataset_id_i"":""data_4200_3_6.0_chordal"",""dataset_id_j"":""data_3800_4_7.5_chordal"",""dtw"":90.84788513183594},{""row_pos"":1,""col_pos"":18,""member_idx_i"":1,""member_idx_j"":19,""graph_id_i"":""157"",""graph_id_j"":""0"",""dataset_id_i"":""data_4200_3_6.0_chordal"",""dataset_id_j"":""data_4100_4_6.5_chordal"",""dtw"":128.0746307373047},{""row_pos"":2,""col_pos"":3,""member_idx_i"":2,""member_idx_j"":3,""graph_id_i"":""149"",""graph_id_j"":""109"",""dataset_id_i"":""data_4200_3_6.5_chordal"",""dataset_id_j"":""data_4200_3_7.5_chordal"",""dtw"":154.93003845214844},{""row_pos"":2,""col_pos"":4,""member_idx_i"":2,""member_idx_j"":4,""graph_id_i"":""149"",""graph_id_j"":""143"",""dataset_id_i"":""data_4200_3_6.5_chordal"",""dataset_id_j"":""data_4200_3_3.0_chordal"",""dtw"":67.73457336425781},{""row_pos"":2,""col_pos"":5,""member_idx_i"":2,""member_idx_j"":5,""graph_id_i"":""149"",""graph_id_j"":""114"",""dataset_id_i"":""data_4200_3_6.5_chordal"",""dataset_id_j"":""data_4100_3_3.0_chordal"",""dtw"":117.95283508300781},{""row_pos"":2,""col_pos"":6,""member_idx_i"":2,""member_idx_j"":6,""graph_id_i"":""149"",""graph_id_j"":""117"",""dataset_id_i"":""data_4200_3_6.5_chordal"",""dataset_id_j"":""data_4000_3_3.0_chordal"",""dtw"":67.29341125488281},{""row_pos"":2,""col_pos"":7,""member_idx_i"":2,""member_idx_j"":7,""graph_id_i"":""149"",""graph_id_j"":""2"",""dataset_id_i"":""data_4200_3_6.5_chordal"",""dataset_id_j"":""data_3800_3_3.5_chordal"",""dtw"":108.5665283203125},{""row_pos"":2,""col_pos"":8,""member_idx_i"":2,""member_idx_j"":8,""graph_id_i"":""149"",""graph_id_j"":""88"",""dataset_id_i"":""data_4200_3_6.5_chordal"",""dataset_id_j"":""data_3800_4_4.5_chordal"",""dtw"":157.85794067382812},{""row_pos"":2,""col_pos"":9,""member_idx_i"":2,""member_idx_j"":9,""graph_id_i"":""149"",""graph_id_j"":""145"",""dataset_id_i"":""data_4200_3_6.5_chordal"",""dataset_id_j"":""data_4200_4_4.5_chordal"",""dtw"":112.9951171875},{""row_pos"":2,""col_pos"":10,""member_idx_i"":2,""member_idx_j"":10,""graph_id_i"":""149"",""graph_id_j"":""166"",""dataset_id_i"":""data_4200_3_6.5_chordal"",""dataset_id_j"":""data_4100_4_4.0_chordal"",""dtw"":125.95965576171875},{""row_pos"":2,""col_pos"":11,""member_idx_i"":2,""member_idx_j"":11,""graph_id_i"":""149"",""graph_id_j"":""141"",""dataset_id_i"":""data_4200_3_6.5_chordal"",""dataset_id_j"":""data_4100_4_4.5_chordal"",""dtw"":128.295654296875},{""row_pos"":2,""col_pos"":12,""member_idx_i"":2,""member_idx_j"":12,""graph_id_i"":""149"",""graph_id_j"":""65"",""dataset_id_i"":""data_4200_3_6.5_chordal"",""dataset_id_j"":""data_3900_4_2.0_chordal"",""dtw"":38.2574462890625},{""row_pos"":2,""col_pos"":13,""member_idx_i"":2,""member_idx_j"":13,""graph_id_i"":""149"",""graph_id_j"":""6"",""dataset_id_i"":""data_4200_3_6.5_chordal"",""dataset_id_j"":""data_4200_4_2.0_chordal"",""dtw"":124.9232177734375},{""row_pos"":2,""col_pos"":14,""member_idx_i"":2,""member_idx_j"":14,""graph_id_i"":""149"",""graph_id_j"":""131"",""dataset_id_i"":""data_4200_3_6.5_chordal"",""dataset_id_j"":""data_4100_4_2.0_chordal"",""dtw"":83.97601318359375},{""row_pos"":2,""col_pos"":15,""member_idx_i"":2,""member_idx_j"":15,""graph_id_i"":""149"",""graph_id_j"":""119"",""dataset_id_i"":""data_4200_3_6.5_chordal"",""dataset_id_j"":""data_4000_4_2.0_chordal"",""dtw"":69.91757202148438},{""row_pos"":2,""col_pos"":16,""member_idx_i"":2,""member_idx_j"":16,""graph_id_i"":""149"",""graph_id_j"":""96"",""dataset_id_i"":""data_4200_3_6.5_chordal"",""dataset_id_j"":""data_4200_4_7.0_chordal"",""dtw"":231.2241668701172},{""row_pos"":2,""col_pos"":17,""member_idx_i"":2,""member_idx_j"":17,""graph_id_i"":""149"",""graph_id_j"":""162"",""dataset_id_i"":""data_4200_3_6.5_chordal"",""dataset_id_j"":""data_3800_4_7.5_chordal"",""dtw"":86.24591064453125},{""row_pos"":2,""col_pos"":18,""member_idx_i"":2,""member_idx_j"":19,""graph_id_i"":""149"",""graph_id_j"":""0"",""dataset_id_i"":""data_4200_3_6.5_chordal"",""dataset_id_j"":""data_4100_4_6.5_chordal"",""dtw"":142.1422119140625},{""row_pos"":3,""col_pos"":4,""member_idx_i"":3,""member_idx_j"":4,""graph_id_i"":""109"",""graph_id_j"":""143"",""dataset_id_i"":""data_4200_3_7.5_chordal"",""dataset_id_j"":""data_4200_3_3.0_chordal"",""dtw"":212.24803161621094},{""row_pos"":3,""col_pos"":5,""member_idx_i"":3,""member_idx_j"":5,""graph_id_i"":""109"",""graph_id_j"":""114"",""dataset_id_i"":""data_4200_3_7.5_chordal"",""dataset_id_j"":""data_4100_3_3.0_chordal"",""dtw"":214.01348876953125},{""row_pos"":3,""col_pos"":6,""member_idx_i"":3,""member_idx_j"":6,""graph_id_i"":""109"",""graph_id_j"":""117"",""dataset_id_i"":""data_4200_3_7.5_chordal"",""dataset_id_j"":""data_4000_3_3.0_chordal"",""dtw"":222.5959014892578},{""row_pos"":3,""col_pos"":7,""member_idx_i"":3,""member_idx_j"":7,""graph_id_i"":""109"",""graph_id_j"":""2"",""dataset_id_i"":""data_4200_3_7.5_chordal"",""dataset_id_j"":""data_3800_3_3.5_chordal"",""dtw"":265.56663513183594},{""row_pos"":3,""col_pos"":8,""member_idx_i"":3,""member_idx_j"":8,""graph_id_i"":""109"",""graph_id_j"":""88"",""dataset_id_i"":""data_4200_3_7.5_chordal"",""dataset_id_j"":""data_3800_4_4.5_chordal"",""dtw"":327.0287628173828},{""row_pos"":3,""col_pos"":9,""member_idx_i"":3,""member_idx_j"":9,""graph_id_i"":""109"",""graph_id_j"":""145"",""dataset_id_i"":""data_4200_3_7.5_chordal"",""dataset_id_j"":""data_4200_4_4.5_chordal"",""dtw"":258.72564697265625},{""row_pos"":3,""col_pos"":10,""member_idx_i"":3,""member_idx_j"":10,""graph_id_i"":""109"",""graph_id_j"":""166"",""dataset_id_i"":""data_4200_3_7.5_chordal"",""dataset_id_j"":""data_4100_4_4.0_chordal"",""dtw"":296.39866638183594},{""row_pos"":3,""col_pos"":11,""member_idx_i"":3,""member_idx_j"":11,""graph_id_i"":""109"",""graph_id_j"":""141"",""dataset_id_i"":""data_4200_3_7.5_chordal"",""dataset_id_j"":""data_4100_4_4.5_chordal"",""dtw"":298.7346649169922},{""row_pos"":3,""col_pos"":12,""member_idx_i"":3,""member_idx_j"":12,""graph_id_i"":""109"",""graph_id_j"":""65"",""dataset_id_i"":""data_4200_3_7.5_chordal"",""dataset_id_j"":""data_3900_4_2.0_chordal"",""dtw"":170.6339874267578},{""row_pos"":3,""col_pos"":13,""member_idx_i"":3,""member_idx_j"":13,""graph_id_i"":""109"",""graph_id_j"":""6"",""dataset_id_i"":""data_4200_3_7.5_chordal"",""dataset_id_j"":""data_4200_4_2.0_chordal"",""dtw"":245.41075134277344},{""row_pos"":3,""col_pos"":14,""member_idx_i"":3,""member_idx_j"":14,""graph_id_i"":""109"",""graph_id_j"":""131"",""dataset_id_i"":""data_4200_3_7.5_chordal"",""dataset_id_j"":""data_4100_4_2.0_chordal"",""dtw"":124.959716796875},{""row_pos"":3,""col_pos"":15,""member_idx_i"":3,""member_idx_j"":15,""graph_id_i"":""109"",""graph_id_j"":""119"",""dataset_id_i"":""data_4200_3_7.5_chordal"",""dataset_id_j"":""data_4000_4_2.0_chordal"",""dtw"":181.1895751953125},{""row_pos"":3,""col_pos"":16,""member_idx_i"":3,""member_idx_j"":16,""graph_id_i"":""109"",""graph_id_j"":""96"",""dataset_id_i"":""data_4200_3_7.5_chordal"",""dataset_id_j"":""data_4200_4_7.0_chordal"",""dtw"":91.32748413085938},{""row_pos"":3,""col_pos"":17,""member_idx_i"":3,""member_idx_j"":17,""graph_id_i"":""109"",""graph_id_j"":""162"",""dataset_id_i"":""data_4200_3_7.5_chordal"",""dataset_id_j"":""data_3800_4_7.5_chordal"",""dtw"":178.09361267089844},{""row_pos"":3,""col_pos"":18,""member_idx_i"":3,""member_idx_j"":19,""graph_id_i"":""109"",""graph_id_j"":""0"",""dataset_id_i"":""data_4200_3_7.5_chordal"",""dataset_id_j"":""data_4100_4_6.5_chordal"",""dtw"":133.0242156982422},{""row_pos"":4,""col_pos"":5,""member_idx_i"":4,""member_idx_j"":5,""graph_id_i"":""143"",""graph_id_j"":""114"",""dataset_id_i"":""data_4200_3_3.0_chordal"",""dataset_id_j"":""data_4100_3_3.0_chordal"",""dtw"":63.026641845703125},{""row_pos"":4,""col_pos"":6,""member_idx_i"":4,""member_idx_j"":6,""graph_id_i"":""143"",""graph_id_j"":""117"",""dataset_id_i"":""data_4200_3_3.0_chordal"",""dataset_id_j"":""data_4000_3_3.0_chordal"",""dtw"":36.011566162109375},{""row_pos"":4,""col_pos"":7,""member_idx_i"":4,""member_idx_j"":7,""graph_id_i"":""143"",""graph_id_j"":""2"",""dataset_id_i"":""data_4200_3_3.0_chordal"",""dataset_id_j"":""data_3800_3_3.5_chordal"",""dtw"":68.1785888671875},{""row_pos"":4,""col_pos"":8,""member_idx_i"":4,""member_idx_j"":8,""graph_id_i"":""143"",""graph_id_j"":""88"",""dataset_id_i"":""data_4200_3_3.0_chordal"",""dataset_id_j"":""data_3800_4_4.5_chordal"",""dtw"":139.17974853515625},{""row_pos"":4,""col_pos"":9,""member_idx_i"":4,""member_idx_j"":9,""graph_id_i"":""143"",""graph_id_j"":""145"",""dataset_id_i"":""data_4200_3_3.0_chordal"",""dataset_id_j"":""data_4200_4_4.5_chordal"",""dtw"":66.1839599609375},{""row_pos"":4,""col_pos"":10,""member_idx_i"":4,""member_idx_j"":10,""graph_id_i"":""143"",""graph_id_j"":""166"",""dataset_id_i"":""data_4200_3_3.0_chordal"",""dataset_id_j"":""data_4100_4_4.0_chordal"",""dtw"":108.72981262207031},{""row_pos"":4,""col_pos"":11,""member_idx_i"":4,""member_idx_j"":11,""graph_id_i"":""143"",""graph_id_j"":""141"",""dataset_id_i"":""data_4200_3_3.0_chordal"",""dataset_id_j"":""data_4100_4_4.5_chordal"",""dtw"":111.06581115722656},{""row_pos"":4,""col_pos"":12,""member_idx_i"":4,""member_idx_j"":12,""graph_id_i"":""143"",""graph_id_j"":""65"",""dataset_id_i"":""data_4200_3_3.0_chordal"",""dataset_id_j"":""data_3900_4_2.0_chordal"",""dtw"":52.86798095703125},{""row_pos"":4,""col_pos"":13,""member_idx_i"":4,""member_idx_j"":13,""graph_id_i"":""143"",""graph_id_j"":""6"",""dataset_id_i"":""data_4200_3_3.0_chordal"",""dataset_id_j"":""data_4200_4_2.0_chordal"",""dtw"":53.32609558105469},{""row_pos"":4,""col_pos"":14,""member_idx_i"":4,""member_idx_j"":14,""graph_id_i"":""143"",""graph_id_j"":""131"",""dataset_id_i"":""data_4200_3_3.0_chordal"",""dataset_id_j"":""data_4100_4_2.0_chordal"",""dtw"":148.50502014160156},{""row_pos"":4,""col_pos"":15,""member_idx_i"":4,""member_idx_j"":15,""graph_id_i"":""143"",""graph_id_j"":""119"",""dataset_id_i"":""data_4200_3_3.0_chordal"",""dataset_id_j"":""data_4000_4_2.0_chordal"",""dtw"":55.88841247558594},{""row_pos"":4,""col_pos"":16,""member_idx_i"":4,""member_idx_j"":16,""graph_id_i"":""143"",""graph_id_j"":""96"",""dataset_id_i"":""data_4200_3_3.0_chordal"",""dataset_id_j"":""data_4200_4_7.0_chordal"",""dtw"":286.2168273925781},{""row_pos"":4,""col_pos"":17,""member_idx_i"":4,""member_idx_j"":17,""graph_id_i"":""143"",""graph_id_j"":""162"",""dataset_id_i"":""data_4200_3_3.0_chordal"",""dataset_id_j"":""data_3800_4_7.5_chordal"",""dtw"":79.32890319824219},{""row_pos"":4,""col_pos"":18,""member_idx_i"":4,""member_idx_j"":19,""graph_id_i"":""143"",""graph_id_j"":""0"",""dataset_id_i"":""data_4200_3_3.0_chordal"",""dataset_id_j"":""data_4100_4_6.5_chordal"",""dtw"":178.1847381591797},{""row_pos"":5,""col_pos"":6,""member_idx_i"":5,""member_idx_j"":6,""graph_id_i"":""114"",""graph_id_j"":""117"",""dataset_id_i"":""data_4100_3_3.0_chordal"",""dataset_id_j"":""data_4000_3_3.0_chordal"",""dtw"":83.24867248535156},{""row_pos"":5,""col_pos"":7,""member_idx_i"":5,""member_idx_j"":7,""graph_id_i"":""114"",""graph_id_j"":""2"",""dataset_id_i"":""data_4100_3_3.0_chordal"",""dataset_id_j"":""data_3800_3_3.5_chordal"",""dtw"":108.82272338867188},{""row_pos"":5,""col_pos"":8,""member_idx_i"":5,""member_idx_j"":8,""graph_id_i"":""114"",""graph_id_j"":""88"",""dataset_id_i"":""data_4100_3_3.0_chordal"",""dataset_id_j"":""data_3800_4_4.5_chordal"",""dtw"":147.52120971679688},{""row_pos"":5,""col_pos"":9,""member_idx_i"":5,""member_idx_j"":9,""graph_id_i"":""114"",""graph_id_j"":""145"",""dataset_id_i"":""data_4100_3_3.0_chordal"",""dataset_id_j"":""data_4200_4_4.5_chordal"",""dtw"":68.81541442871094},{""row_pos"":5,""col_pos"":10,""member_idx_i"":5,""member_idx_j"":10,""graph_id_i"":""114"",""graph_id_j"":""166"",""dataset_id_i"":""data_4100_3_3.0_chordal"",""dataset_id_j"":""data_4100_4_4.0_chordal"",""dtw"":123.23161315917969},{""row_pos"":5,""col_pos"":11,""member_idx_i"":5,""member_idx_j"":11,""graph_id_i"":""114"",""graph_id_j"":""141"",""dataset_id_i"":""data_4100_3_3.0_chordal"",""dataset_id_j"":""data_4100_4_4.5_chordal"",""dtw"":129.22645568847656},{""row_pos"":5,""col_pos"":12,""member_idx_i"":5,""member_idx_j"":12,""graph_id_i"":""114"",""graph_id_j"":""65"",""dataset_id_i"":""data_4100_3_3.0_chordal"",""dataset_id_j"":""data_3900_4_2.0_chordal"",""dtw"":108.23258972167969},{""row_pos"":5,""col_pos"":13,""member_idx_i"":5,""member_idx_j"":13,""graph_id_i"":""114"",""graph_id_j"":""6"",""dataset_id_i"":""data_4100_3_3.0_chordal"",""dataset_id_j"":""data_4200_4_2.0_chordal"",""dtw"":54.84931945800781},{""row_pos"":5,""col_pos"":14,""member_idx_i"":5,""member_idx_j"":14,""graph_id_i"":""114"",""graph_id_j"":""131"",""dataset_id_i"":""data_4100_3_3.0_chordal"",""dataset_id_j"":""data_4100_4_2.0_chordal"",""dtw"":144.68170166015625},{""row_pos"":5,""col_pos"":15,""member_idx_i"":5,""member_idx_j"":15,""graph_id_i"":""114"",""graph_id_j"":""119"",""dataset_id_i"":""data_4100_3_3.0_chordal"",""dataset_id_j"":""data_4000_4_2.0_chordal"",""dtw"":70.19328308105469},{""row_pos"":5,""col_pos"":16,""member_idx_i"":5,""member_idx_j"":16,""graph_id_i"":""114"",""graph_id_j"":""96"",""dataset_id_i"":""data_4100_3_3.0_chordal"",""dataset_id_j"":""data_4200_4_7.0_chordal"",""dtw"":271.4479064941406},{""row_pos"":5,""col_pos"":17,""member_idx_i"":5,""member_idx_j"":17,""graph_id_i"":""114"",""graph_id_j"":""162"",""dataset_id_i"":""data_4100_3_3.0_chordal"",""dataset_id_j"":""data_3800_4_7.5_chordal"",""dtw"":61.96199035644531},{""row_pos"":5,""col_pos"":18,""member_idx_i"":5,""member_idx_j"":19,""graph_id_i"":""114"",""graph_id_j"":""0"",""dataset_id_i"":""data_4100_3_3.0_chordal"",""dataset_id_j"":""data_4100_4_6.5_chordal"",""dtw"":189.0789031982422},{""row_pos"":6,""col_pos"":7,""member_idx_i"":6,""member_idx_j"":7,""graph_id_i"":""117"",""graph_id_j"":""2"",""dataset_id_i"":""data_4000_3_3.0_chordal"",""dataset_id_j"":""data_3800_3_3.5_chordal"",""dtw"":36.03129577636719},{""row_pos"":6,""col_pos"":8,""member_idx_i"":6,""member_idx_j"":8,""graph_id_i"":""117"",""graph_id_j"":""88"",""dataset_id_i"":""data_4000_3_3.0_chordal"",""dataset_id_j"":""data_3800_4_4.5_chordal"",""dtw"":96.76828002929688},{""row_pos"":6,""col_pos"":9,""member_idx_i"":6,""member_idx_j"":9,""graph_id_i"":""117"",""graph_id_j"":""145"",""dataset_id_i"":""data_4000_3_3.0_chordal"",""dataset_id_j"":""data_4200_4_4.5_chordal"",""dtw"":61.88087463378906},{""row_pos"":6,""col_pos"":10,""member_idx_i"":6,""member_idx_j"":10,""graph_id_i"":""117"",""graph_id_j"":""166"",""dataset_id_i"":""data_4000_3_3.0_chordal"",""dataset_id_j"":""data_4100_4_4.0_chordal"",""dtw"":69.46601867675781},{""row_pos"":6,""col_pos"":11,""member_idx_i"":6,""member_idx_j"":11,""graph_id_i"":""117"",""graph_id_j"":""141"",""dataset_id_i"":""data_4000_3_3.0_chordal"",""dataset_id_j"":""data_4100_4_4.5_chordal"",""dtw"":72.05479431152344},{""row_pos"":6,""col_pos"":12,""member_idx_i"":6,""member_idx_j"":12,""graph_id_i"":""117"",""graph_id_j"":""65"",""dataset_id_i"":""data_4000_3_3.0_chordal"",""dataset_id_j"":""data_3900_4_2.0_chordal"",""dtw"":47.56431579589844},{""row_pos"":6,""col_pos"":13,""member_idx_i"":6,""member_idx_j"":13,""graph_id_i"":""117"",""graph_id_j"":""6"",""dataset_id_i"":""data_4000_3_3.0_chordal"",""dataset_id_j"":""data_4200_4_2.0_chordal"",""dtw"":63.91630554199219},{""row_pos"":6,""col_pos"":14,""member_idx_i"":6,""member_idx_j"":14,""graph_id_i"":""117"",""graph_id_j"":""131"",""dataset_id_i"":""data_4000_3_3.0_chordal"",""dataset_id_j"":""data_4100_4_2.0_chordal"",""dtw"":153.22244262695312},{""row_pos"":6,""col_pos"":15,""member_idx_i"":6,""member_idx_j"":15,""graph_id_i"":""117"",""graph_id_j"":""119"",""dataset_id_i"":""data_4000_3_3.0_chordal"",""dataset_id_j"":""data_4000_4_2.0_chordal"",""dtw"":65.84452819824219},{""row_pos"":6,""col_pos"":16,""member_idx_i"":6,""member_idx_j"":16,""graph_id_i"":""117"",""graph_id_j"":""96"",""dataset_id_i"":""data_4000_3_3.0_chordal"",""dataset_id_j"":""data_4200_4_7.0_chordal"",""dtw"":318.2601318359375},{""row_pos"":6,""col_pos"":17,""member_idx_i"":6,""member_idx_j"":17,""graph_id_i"":""117"",""graph_id_j"":""162"",""dataset_id_i"":""data_4000_3_3.0_chordal"",""dataset_id_j"":""data_3800_4_7.5_chordal"",""dtw"":110.96824645996094},{""row_pos"":6,""col_pos"":18,""member_idx_i"":6,""member_idx_j"":19,""graph_id_i"":""117"",""graph_id_j"":""0"",""dataset_id_i"":""data_4000_3_3.0_chordal"",""dataset_id_j"":""data_4100_4_6.5_chordal"",""dtw"":201.2849884033203},{""row_pos"":7,""col_pos"":8,""member_idx_i"":7,""member_idx_j"":8,""graph_id_i"":""2"",""graph_id_j"":""88"",""dataset_id_i"":""data_3800_3_3.5_chordal"",""dataset_id_j"":""data_3800_4_4.5_chordal"",""dtw"":63.716094970703125},{""row_pos"":7,""col_pos"":9,""member_idx_i"":7,""member_idx_j"":9,""graph_id_i"":""2"",""graph_id_j"":""145"",""dataset_id_i"":""data_3800_3_3.5_chordal"",""dataset_id_j"":""data_4200_4_4.5_chordal"",""dtw"":71.22859191894531},{""row_pos"":7,""col_pos"":10,""member_idx_i"":7,""member_idx_j"":10,""graph_id_i"":""2"",""graph_id_j"":""166"",""dataset_id_i"":""data_3800_3_3.5_chordal"",""dataset_id_j"":""data_4100_4_4.0_chordal"",""dtw"":54.418304443359375},{""row_pos"":7,""col_pos"":11,""member_idx_i"":7,""member_idx_j"":11,""graph_id_i"":""2"",""graph_id_j"":""141"",""dataset_id_i"":""data_3800_3_3.5_chordal"",""dataset_id_j"":""data_4100_4_4.5_chordal"",""dtw"":64.49412536621094},{""row_pos"":7,""col_pos"":12,""member_idx_i"":7,""member_idx_j"":12,""graph_id_i"":""2"",""graph_id_j"":""65"",""dataset_id_i"":""data_3800_3_3.5_chordal"",""dataset_id_j"":""data_3900_4_2.0_chordal"",""dtw"":72.50164794921875},{""row_pos"":7,""col_pos"":13,""member_idx_i"":7,""member_idx_j"":13,""graph_id_i"":""2"",""graph_id_j"":""6"",""dataset_id_i"":""data_3800_3_3.5_chordal"",""dataset_id_j"":""data_4200_4_2.0_chordal"",""dtw"":67.35507202148438},{""row_pos"":7,""col_pos"":14,""member_idx_i"":7,""member_idx_j"":14,""graph_id_i"":""2"",""graph_id_j"":""131"",""dataset_id_i"":""data_3800_3_3.5_chordal"",""dataset_id_j"":""data_4100_4_2.0_chordal"",""dtw"":183.53688049316406},{""row_pos"":7,""col_pos"":15,""member_idx_i"":7,""member_idx_j"":15,""graph_id_i"":""2"",""graph_id_j"":""119"",""dataset_id_i"":""data_3800_3_3.5_chordal"",""dataset_id_j"":""data_4000_4_2.0_chordal"",""dtw"":89.83613586425781},{""row_pos"":7,""col_pos"":16,""member_idx_i"":7,""member_idx_j"":16,""graph_id_i"":""2"",""graph_id_j"":""96"",""dataset_id_i"":""data_3800_3_3.5_chordal"",""dataset_id_j"":""data_4200_4_7.0_chordal"",""dtw"":356.8941192626953},{""row_pos"":7,""col_pos"":17,""member_idx_i"":7,""member_idx_j"":17,""graph_id_i"":""2"",""graph_id_j"":""162"",""dataset_id_i"":""data_3800_3_3.5_chordal"",""dataset_id_j"":""data_3800_4_7.5_chordal"",""dtw"":153.19400024414062},{""row_pos"":7,""col_pos"":18,""member_idx_i"":7,""member_idx_j"":19,""graph_id_i"":""2"",""graph_id_j"":""0"",""dataset_id_i"":""data_3800_3_3.5_chordal"",""dataset_id_j"":""data_4100_4_6.5_chordal"",""dtw"":242.60128784179688},{""row_pos"":8,""col_pos"":9,""member_idx_i"":8,""member_idx_j"":9,""graph_id_i"":""88"",""graph_id_j"":""145"",""dataset_id_i"":""data_3800_4_4.5_chordal"",""dataset_id_j"":""data_4200_4_4.5_chordal"",""dtw"":68.30311584472656},{""row_pos"":8,""col_pos"":10,""member_idx_i"":8,""member_idx_j"":10,""graph_id_i"":""88"",""graph_id_j"":""166"",""dataset_id_i"":""data_3800_4_4.5_chordal"",""dataset_id_j"":""data_4100_4_4.0_chordal"",""dtw"":50.67619323730469},{""row_pos"":8,""col_pos"":11,""member_idx_i"":8,""member_idx_j"":11,""graph_id_i"":""88"",""graph_id_j"":""141"",""dataset_id_i"":""data_3800_4_4.5_chordal"",""dataset_id_j"":""data_4100_4_4.5_chordal"",""dtw"":57.45130920410156},{""row_pos"":8,""col_pos"":12,""member_idx_i"":8,""member_idx_j"":12,""graph_id_i"":""88"",""graph_id_j"":""65"",""dataset_id_i"":""data_3800_4_4.5_chordal"",""dataset_id_j"":""data_3900_4_2.0_chordal"",""dtw"":125.51058959960938},{""row_pos"":8,""col_pos"":13,""member_idx_i"":8,""member_idx_j"":13,""graph_id_i"":""88"",""graph_id_j"":""6"",""dataset_id_i"":""data_3800_4_4.5_chordal"",""dataset_id_j"":""data_4200_4_2.0_chordal"",""dtw"":102.25430297851562},{""row_pos"":8,""col_pos"":14,""member_idx_i"":8,""member_idx_j"":14,""graph_id_i"":""88"",""graph_id_j"":""131"",""dataset_id_i"":""data_3800_4_4.5_chordal"",""dataset_id_j"":""data_4100_4_2.0_chordal"",""dtw"":244.99900817871094},{""row_pos"":8,""col_pos"":15,""member_idx_i"":8,""member_idx_j"":15,""graph_id_i"":""88"",""graph_id_j"":""119"",""dataset_id_i"":""data_3800_4_4.5_chordal"",""dataset_id_j"":""data_4000_4_2.0_chordal"",""dtw"":150.17127990722656},{""row_pos"":8,""col_pos"":16,""member_idx_i"":8,""member_idx_j"":16,""graph_id_i"":""88"",""graph_id_j"":""96"",""dataset_id_i"":""data_3800_4_4.5_chordal"",""dataset_id_j"":""data_4200_4_7.0_chordal"",""dtw"":418.3562469482422},{""row_pos"":8,""col_pos"":17,""member_idx_i"":8,""member_idx_j"":17,""graph_id_i"":""88"",""graph_id_j"":""162"",""dataset_id_i"":""data_3800_4_4.5_chordal"",""dataset_id_j"":""data_3800_4_7.5_chordal"",""dtw"":192.4174041748047},{""row_pos"":8,""col_pos"":18,""member_idx_i"":8,""member_idx_j"":19,""graph_id_i"":""88"",""graph_id_j"":""0"",""dataset_id_i"":""data_3800_4_4.5_chordal"",""dataset_id_j"":""data_4100_4_6.5_chordal"",""dtw"":291.8495178222656},{""row_pos"":9,""col_pos"":10,""member_idx_i"":9,""member_idx_j"":10,""graph_id_i"":""145"",""graph_id_j"":""166"",""dataset_id_i"":""data_4200_4_4.5_chordal"",""dataset_id_j"":""data_4100_4_4.0_chordal"",""dtw"":46.46415710449219},{""row_pos"":9,""col_pos"":11,""member_idx_i"":9,""member_idx_j"":11,""graph_id_i"":""145"",""graph_id_j"":""141"",""dataset_id_i"":""data_4200_4_4.5_chordal"",""dataset_id_j"":""data_4100_4_4.5_chordal"",""dtw"":45.95062255859375},{""row_pos"":9,""col_pos"":12,""member_idx_i"":9,""member_idx_j"":12,""graph_id_i"":""145"",""graph_id_j"":""65"",""dataset_id_i"":""data_4200_4_4.5_chordal"",""dataset_id_j"":""data_3900_4_2.0_chordal"",""dtw"":73.43486022949219},{""row_pos"":9,""col_pos"":13,""member_idx_i"":9,""member_idx_j"":13,""graph_id_i"":""145"",""graph_id_j"":""6"",""dataset_id_i"":""data_4200_4_4.5_chordal"",""dataset_id_j"":""data_4200_4_2.0_chordal"",""dtw"":45.504119873046875},{""row_pos"":9,""col_pos"":14,""member_idx_i"":9,""member_idx_j"":14,""graph_id_i"":""145"",""graph_id_j"":""131"",""dataset_id_i"":""data_4200_4_4.5_chordal"",""dataset_id_j"":""data_4100_4_2.0_chordal"",""dtw"":184.89517211914062},{""row_pos"":9,""col_pos"":15,""member_idx_i"":9,""member_idx_j"":15,""graph_id_i"":""145"",""graph_id_j"":""119"",""dataset_id_i"":""data_4200_4_4.5_chordal"",""dataset_id_j"":""data_4000_4_2.0_chordal"",""dtw"":79.50372314453125},{""row_pos"":9,""col_pos"":16,""member_idx_i"":9,""member_idx_j"":16,""graph_id_i"":""145"",""graph_id_j"":""96"",""dataset_id_i"":""data_4200_4_4.5_chordal"",""dataset_id_j"":""data_4200_4_7.0_chordal"",""dtw"":350.0531311035156},{""row_pos"":9,""col_pos"":17,""member_idx_i"":9,""member_idx_j"":17,""graph_id_i"":""145"",""graph_id_j"":""162"",""dataset_id_i"":""data_4200_4_4.5_chordal"",""dataset_id_j"":""data_3800_4_7.5_chordal"",""dtw"":90.78587341308594},{""row_pos"":9,""col_pos"":18,""member_idx_i"":9,""member_idx_j"":19,""graph_id_i"":""145"",""graph_id_j"":""0"",""dataset_id_i"":""data_4200_4_4.5_chordal"",""dataset_id_j"":""data_4100_4_6.5_chordal"",""dtw"":233.65599060058594},{""row_pos"":10,""col_pos"":11,""member_idx_i"":10,""member_idx_j"":11,""graph_id_i"":""166"",""graph_id_j"":""141"",""dataset_id_i"":""data_4100_4_4.0_chordal"",""dataset_id_j"":""data_4100_4_4.5_chordal"",""dtw"":13.12158203125},{""row_pos"":10,""col_pos"":12,""member_idx_i"":10,""member_idx_j"":12,""graph_id_i"":""166"",""graph_id_j"":""65"",""dataset_id_i"":""data_4100_4_4.0_chordal"",""dataset_id_j"":""data_3900_4_2.0_chordal"",""dtw"":94.37959289550781},{""row_pos"":10,""col_pos"":13,""member_idx_i"":10,""member_idx_j"":13,""graph_id_i"":""166"",""graph_id_j"":""6"",""dataset_id_i"":""data_4100_4_4.0_chordal"",""dataset_id_j"":""data_4200_4_2.0_chordal"",""dtw"":81.470458984375},{""row_pos"":10,""col_pos"":14,""member_idx_i"":10,""member_idx_j"":14,""graph_id_i"":""166"",""graph_id_j"":""131"",""dataset_id_i"":""data_4100_4_4.0_chordal"",""dataset_id_j"":""data_4100_4_2.0_chordal"",""dtw"":217.73838806152344},{""row_pos"":10,""col_pos"":15,""member_idx_i"":10,""member_idx_j"":15,""graph_id_i"":""166"",""graph_id_j"":""119"",""dataset_id_i"":""data_4100_4_4.0_chordal"",""dataset_id_j"":""data_4000_4_2.0_chordal"",""dtw"":102.88658142089844},{""row_pos"":10,""col_pos"":16,""member_idx_i"":10,""member_idx_j"":16,""graph_id_i"":""166"",""graph_id_j"":""96"",""dataset_id_i"":""data_4100_4_4.0_chordal"",""dataset_id_j"":""data_4200_4_7.0_chordal"",""dtw"":387.7261505126953},{""row_pos"":10,""col_pos"":17,""member_idx_i"":10,""member_idx_j"":17,""graph_id_i"":""166"",""graph_id_j"":""162"",""dataset_id_i"":""data_4100_4_4.0_chordal"",""dataset_id_j"":""data_3800_4_7.5_chordal"",""dtw"":163.20242309570312},{""row_pos"":10,""col_pos"":18,""member_idx_i"":10,""member_idx_j"":19,""graph_id_i"":""166"",""graph_id_j"":""0"",""dataset_id_i"":""data_4100_4_4.0_chordal"",""dataset_id_j"":""data_4100_4_6.5_chordal"",""dtw"":244.1019287109375},{""row_pos"":11,""col_pos"":12,""member_idx_i"":11,""member_idx_j"":12,""graph_id_i"":""141"",""graph_id_j"":""65"",""dataset_id_i"":""data_4100_4_4.5_chordal"",""dataset_id_j"":""data_3900_4_2.0_chordal"",""dtw"":97.21649169921875},{""row_pos"":11,""col_pos"":13,""member_idx_i"":11,""member_idx_j"":13,""graph_id_i"":""141"",""graph_id_j"":""6"",""dataset_id_i"":""data_4100_4_4.5_chordal"",""dataset_id_j"":""data_4200_4_2.0_chordal"",""dtw"":87.86111450195312},{""row_pos"":11,""col_pos"":14,""member_idx_i"":11,""member_idx_j"":14,""graph_id_i"":""141"",""graph_id_j"":""131"",""dataset_id_i"":""data_4100_4_4.5_chordal"",""dataset_id_j"":""data_4100_4_2.0_chordal"",""dtw"":216.7049102783203},{""row_pos"":11,""col_pos"":15,""member_idx_i"":11,""member_idx_j"":15,""graph_id_i"":""141"",""graph_id_j"":""119"",""dataset_id_i"":""data_4100_4_4.5_chordal"",""dataset_id_j"":""data_4000_4_2.0_chordal"",""dtw"":106.20742797851562},{""row_pos"":11,""col_pos"":16,""member_idx_i"":11,""member_idx_j"":16,""graph_id_i"":""141"",""graph_id_j"":""96"",""dataset_id_i"":""data_4100_4_4.5_chordal"",""dataset_id_j"":""data_4200_4_7.0_chordal"",""dtw"":390.06214904785156},{""row_pos"":11,""col_pos"":17,""member_idx_i"":11,""member_idx_j"":17,""graph_id_i"":""141"",""graph_id_j"":""162"",""dataset_id_i"":""data_4100_4_4.5_chordal"",""dataset_id_j"":""data_3800_4_7.5_chordal"",""dtw"":170.1168212890625},{""row_pos"":11,""col_pos"":18,""member_idx_i"":11,""member_idx_j"":19,""graph_id_i"":""141"",""graph_id_j"":""0"",""dataset_id_i"":""data_4100_4_4.5_chordal"",""dataset_id_j"":""data_4100_4_6.5_chordal"",""dtw"":246.43792724609375},{""row_pos"":12,""col_pos"":13,""member_idx_i"":12,""member_idx_j"":13,""graph_id_i"":""65"",""graph_id_j"":""6"",""dataset_id_i"":""data_3900_4_2.0_chordal"",""dataset_id_j"":""data_4200_4_2.0_chordal"",""dtw"":92.78048706054688},{""row_pos"":12,""col_pos"":14,""member_idx_i"":12,""member_idx_j"":14,""graph_id_i"":""65"",""graph_id_j"":""131"",""dataset_id_i"":""data_3900_4_2.0_chordal"",""dataset_id_j"":""data_4100_4_2.0_chordal"",""dtw"":118.25234985351562},{""row_pos"":12,""col_pos"":15,""member_idx_i"":12,""member_idx_j"":15,""graph_id_i"":""65"",""graph_id_j"":""119"",""dataset_id_i"":""data_3900_4_2.0_chordal"",""dataset_id_j"":""data_4000_4_2.0_chordal"",""dtw"":57.870025634765625},{""row_pos"":12,""col_pos"":16,""member_idx_i"":12,""member_idx_j"":16,""graph_id_i"":""65"",""graph_id_j"":""96"",""dataset_id_i"":""data_3900_4_2.0_chordal"",""dataset_id_j"":""data_4200_4_7.0_chordal"",""dtw"":275.38172912597656},{""row_pos"":12,""col_pos"":17,""member_idx_i"":12,""member_idx_j"":17,""graph_id_i"":""65"",""graph_id_j"":""162"",""dataset_id_i"":""data_3900_4_2.0_chordal"",""dataset_id_j"":""data_3800_4_7.5_chordal"",""dtw"":91.09663391113281},{""row_pos"":12,""col_pos"":18,""member_idx_i"":12,""member_idx_j"":19,""graph_id_i"":""65"",""graph_id_j"":""0"",""dataset_id_i"":""data_3900_4_2.0_chordal"",""dataset_id_j"":""data_4100_4_6.5_chordal"",""dtw"":173.15725708007812},{""row_pos"":13,""col_pos"":14,""member_idx_i"":13,""member_idx_j"":14,""graph_id_i"":""6"",""graph_id_j"":""131"",""dataset_id_i"":""data_4200_4_2.0_chordal"",""dataset_id_j"":""data_4100_4_2.0_chordal"",""dtw"":194.15208435058594},{""row_pos"":13,""col_pos"":15,""member_idx_i"":13,""member_idx_j"":15,""graph_id_i"":""6"",""graph_id_j"":""119"",""dataset_id_i"":""data_4200_4_2.0_chordal"",""dataset_id_j"":""data_4000_4_2.0_chordal"",""dtw"":71.62716674804688},{""row_pos"":13,""col_pos"":16,""member_idx_i"":13,""member_idx_j"":16,""graph_id_i"":""6"",""graph_id_j"":""96"",""dataset_id_i"":""data_4200_4_2.0_chordal"",""dataset_id_j"":""data_4200_4_7.0_chordal"",""dtw"":330.56089782714844},{""row_pos"":13,""col_pos"":17,""member_idx_i"":13,""member_idx_j"":17,""graph_id_i"":""6"",""graph_id_j"":""162"",""dataset_id_i"":""data_4200_4_2.0_chordal"",""dataset_id_j"":""data_3800_4_7.5_chordal"",""dtw"":55.007049560546875},{""row_pos"":13,""col_pos"":18,""member_idx_i"":13,""member_idx_j"":19,""graph_id_i"":""6"",""graph_id_j"":""0"",""dataset_id_i"":""data_4200_4_2.0_chordal"",""dataset_id_j"":""data_4100_4_6.5_chordal"",""dtw"":206.33407592773438},{""row_pos"":14,""col_pos"":15,""member_idx_i"":14,""member_idx_j"":15,""graph_id_i"":""131"",""graph_id_j"":""119"",""dataset_id_i"":""data_4100_4_2.0_chordal"",""dataset_id_j"":""data_4000_4_2.0_chordal"",""dtw"":135.4267120361328},{""row_pos"":14,""col_pos"":16,""member_idx_i"":14,""member_idx_j"":16,""graph_id_i"":""131"",""graph_id_j"":""96"",""dataset_id_i"":""data_4100_4_2.0_chordal"",""dataset_id_j"":""data_4200_4_7.0_chordal"",""dtw"":125.57972717285156},{""row_pos"":14,""col_pos"":17,""member_idx_i"":14,""member_idx_j"":17,""graph_id_i"":""131"",""graph_id_j"":""162"",""dataset_id_i"":""data_4100_4_2.0_chordal"",""dataset_id_j"":""data_3800_4_7.5_chordal"",""dtw"":132.1526641845703},{""row_pos"":14,""col_pos"":18,""member_idx_i"":14,""member_idx_j"":19,""graph_id_i"":""131"",""graph_id_j"":""0"",""dataset_id_i"":""data_4100_4_2.0_chordal"",""dataset_id_j"":""data_4100_4_6.5_chordal"",""dtw"":100.78059387207031},{""row_pos"":15,""col_pos"":16,""member_idx_i"":15,""member_idx_j"":16,""graph_id_i"":""119"",""graph_id_j"":""96"",""dataset_id_i"":""data_4000_4_2.0_chordal"",""dataset_id_j"":""data_4200_4_7.0_chordal"",""dtw"":264.4073486328125},{""row_pos"":15,""col_pos"":17,""member_idx_i"":15,""member_idx_j"":17,""graph_id_i"":""119"",""graph_id_j"":""162"",""dataset_id_i"":""data_4000_4_2.0_chordal"",""dataset_id_j"":""data_3800_4_7.5_chordal"",""dtw"":41.479736328125},{""row_pos"":15,""col_pos"":18,""member_idx_i"":15,""member_idx_j"":19,""graph_id_i"":""119"",""graph_id_j"":""0"",""dataset_id_i"":""data_4000_4_2.0_chordal"",""dataset_id_j"":""data_4100_4_6.5_chordal"",""dtw"":176.6234130859375},{""row_pos"":16,""col_pos"":17,""member_idx_i"":16,""member_idx_j"":17,""graph_id_i"":""96"",""graph_id_j"":""162"",""dataset_id_i"":""data_4200_4_7.0_chordal"",""dataset_id_j"":""data_3800_4_7.5_chordal"",""dtw"":268.35765075683594},{""row_pos"":16,""col_pos"":18,""member_idx_i"":16,""member_idx_j"":19,""graph_id_i"":""96"",""graph_id_j"":""0"",""dataset_id_i"":""data_4200_4_7.0_chordal"",""dataset_id_j"":""data_4100_4_6.5_chordal"",""dtw"":190.0472412109375},{""row_pos"":17,""col_pos"":18,""member_idx_i"":17,""member_idx_j"":19,""graph_id_i"":""162"",""graph_id_j"":""0"",""dataset_id_i"":""data_3800_4_7.5_chordal"",""dataset_id_j"":""data_4100_4_6.5_chordal"",""dtw"":191.65338134765625}]","[{""row_pos"":0,""col_pos"":1,""member_idx_i"":0,""member_idx_j"":1,""graph_id_i"":""87"",""graph_id_j"":""157"",""dataset_id_i"":""data_4100_3_7.0_chordal"",""dataset_id_j"":""data_4200_3_6.0_chordal"",""affinity"":0.005371396901693421},{""row_pos"":0,""col_pos"":2,""member_idx_i"":0,""member_idx_j"":2,""graph_id_i"":""87"",""graph_id_j"":""149"",""dataset_id_i"":""data_4100_3_7.0_chordal"",""dataset_id_j"":""data_4200_3_6.5_chordal"",""affinity"":0.010951461709989466},{""row_pos"":0,""col_pos"":3,""member_idx_i"":0,""member_idx_j"":3,""graph_id_i"":""87"",""graph_id_j"":""109"",""dataset_id_i"":""data_4100_3_7.0_chordal"",""dataset_id_j"":""data_4200_3_7.5_chordal"",""affinity"":0.008053964115765411},{""row_pos"":0,""col_pos"":4,""member_idx_i"":0,""member_idx_j"":4,""graph_id_i"":""87"",""graph_id_j"":""143"",""dataset_id_i"":""data_4100_3_7.0_chordal"",""dataset_id_j"":""data_4200_3_3.0_chordal"",""affinity"":0.01025831590247149},{""row_pos"":0,""col_pos"":5,""member_idx_i"":0,""member_idx_j"":5,""graph_id_i"":""87"",""graph_id_j"":""114"",""dataset_id_i"":""data_4100_3_7.0_chordal"",""dataset_id_j"":""data_4100_3_3.0_chordal"",""affinity"":0.007971136739610953},{""row_pos"":0,""col_pos"":6,""member_idx_i"":0,""member_idx_j"":6,""graph_id_i"":""87"",""graph_id_j"":""117"",""dataset_id_i"":""data_4100_3_7.0_chordal"",""dataset_id_j"":""data_4000_3_3.0_chordal"",""affinity"":0.006952798396324149},{""row_pos"":0,""col_pos"":7,""member_idx_i"":0,""member_idx_j"":7,""graph_id_i"":""87"",""graph_id_j"":""2"",""dataset_id_i"":""data_4100_3_7.0_chordal"",""dataset_id_j"":""data_3800_3_3.5_chordal"",""affinity"":0.005480624217140298},{""row_pos"":0,""col_pos"":8,""member_idx_i"":0,""member_idx_j"":8,""graph_id_i"":""87"",""graph_id_j"":""88"",""dataset_id_i"":""data_4100_3_7.0_chordal"",""dataset_id_j"":""data_3800_4_4.5_chordal"",""affinity"":0.004099652790636457},{""row_pos"":0,""col_pos"":9,""member_idx_i"":0,""member_idx_j"":9,""graph_id_i"":""87"",""graph_id_j"":""145"",""dataset_id_i"":""data_4100_3_7.0_chordal"",""dataset_id_j"":""data_4200_4_4.5_chordal"",""affinity"":0.005817870367912655},{""row_pos"":0,""col_pos"":10,""member_idx_i"":0,""member_idx_j"":10,""graph_id_i"":""87"",""graph_id_j"":""166"",""dataset_id_i"":""data_4100_3_7.0_chordal"",""dataset_id_j"":""data_4100_4_4.0_chordal"",""affinity"":0.0046883864141527235},{""row_pos"":0,""col_pos"":11,""member_idx_i"":0,""member_idx_j"":11,""graph_id_i"":""87"",""graph_id_j"":""141"",""dataset_id_i"":""data_4100_3_7.0_chordal"",""dataset_id_j"":""data_4100_4_4.5_chordal"",""affinity"":0.0046375951759273035},{""row_pos"":0,""col_pos"":12,""member_idx_i"":0,""member_idx_j"":12,""graph_id_i"":""87"",""graph_id_j"":""65"",""dataset_id_i"":""data_4100_3_7.0_chordal"",""dataset_id_j"":""data_3900_4_2.0_chordal"",""affinity"":0.008722544401978118},{""row_pos"":0,""col_pos"":13,""member_idx_i"":0,""member_idx_j"":13,""graph_id_i"":""87"",""graph_id_j"":""6"",""dataset_id_i"":""data_4100_3_7.0_chordal"",""dataset_id_j"":""data_4200_4_2.0_chordal"",""affinity"":0.0073382513292854406},{""row_pos"":0,""col_pos"":14,""member_idx_i"":0,""member_idx_j"":14,""graph_id_i"":""87"",""graph_id_j"":""131"",""dataset_id_i"":""data_4100_3_7.0_chordal"",""dataset_id_j"":""data_4100_4_2.0_chordal"",""affinity"":0.009028727129399035},{""row_pos"":0,""col_pos"":15,""member_idx_i"":0,""member_idx_j"":15,""graph_id_i"":""87"",""graph_id_j"":""119"",""dataset_id_i"":""data_4100_3_7.0_chordal"",""dataset_id_j"":""data_4000_4_2.0_chordal"",""affinity"":0.007413028746412453},{""row_pos"":0,""col_pos"":16,""member_idx_i"":0,""member_idx_j"":16,""graph_id_i"":""87"",""graph_id_j"":""96"",""dataset_id_i"":""data_4100_3_7.0_chordal"",""dataset_id_j"":""data_4200_4_7.0_chordal"",""affinity"":0.008306523071907776},{""row_pos"":0,""col_pos"":17,""member_idx_i"":0,""member_idx_j"":17,""graph_id_i"":""87"",""graph_id_j"":""162"",""dataset_id_i"":""data_4100_3_7.0_chordal"",""dataset_id_j"":""data_3800_4_7.5_chordal"",""affinity"":0.007626885889981798},{""row_pos"":0,""col_pos"":18,""member_idx_i"":0,""member_idx_j"":19,""graph_id_i"":""87"",""graph_id_j"":""0"",""dataset_id_i"":""data_4100_3_7.0_chordal"",""dataset_id_j"":""data_4100_4_6.5_chordal"",""affinity"":0.005542461107798737},{""row_pos"":1,""col_pos"":2,""member_idx_i"":1,""member_idx_j"":2,""graph_id_i"":""157"",""graph_id_j"":""149"",""dataset_id_i"":""data_4200_3_6.0_chordal"",""dataset_id_j"":""data_4200_3_6.5_chordal"",""affinity"":0.004442432250637342},{""row_pos"":1,""col_pos"":3,""member_idx_i"":1,""member_idx_j"":3,""graph_id_i"":""157"",""graph_id_j"":""109"",""dataset_id_i"":""data_4200_3_6.0_chordal"",""dataset_id_j"":""data_4200_3_7.5_chordal"",""affinity"":0.005092973024557338},{""row_pos"":1,""col_pos"":4,""member_idx_i"":1,""member_idx_j"":4,""graph_id_i"":""157"",""graph_id_j"":""143"",""dataset_id_i"":""data_4200_3_6.0_chordal"",""dataset_id_j"":""data_4200_3_3.0_chordal"",""affinity"":0.006746777789742584},{""row_pos"":1,""col_pos"":5,""member_idx_i"":1,""member_idx_j"":5,""graph_id_i"":""157"",""graph_id_j"":""114"",""dataset_id_i"":""data_4200_3_6.0_chordal"",""dataset_id_j"":""data_4100_3_3.0_chordal"",""affinity"":0.007881102334555296},{""row_pos"":1,""col_pos"":6,""member_idx_i"":1,""member_idx_j"":6,""graph_id_i"":""157"",""graph_id_j"":""117"",""dataset_id_i"":""data_4200_3_6.0_chordal"",""dataset_id_j"":""data_4000_3_3.0_chordal"",""affinity"":0.005158384831124606},{""row_pos"":1,""col_pos"":7,""member_idx_i"":1,""member_idx_j"":7,""graph_id_i"":""157"",""graph_id_j"":""2"",""dataset_id_i"":""data_4200_3_6.0_chordal"",""dataset_id_j"":""data_3800_3_3.5_chordal"",""affinity"":0.004815420514223368},{""row_pos"":1,""col_pos"":8,""member_idx_i"":1,""member_idx_j"":8,""graph_id_i"":""157"",""graph_id_j"":""88"",""dataset_id_i"":""data_4200_3_6.0_chordal"",""dataset_id_j"":""data_3800_4_4.5_chordal"",""affinity"":0.004619195160784093},{""row_pos"":1,""col_pos"":9,""member_idx_i"":1,""member_idx_j"":9,""graph_id_i"":""157"",""graph_id_j"":""145"",""dataset_id_i"":""data_4200_3_6.0_chordal"",""dataset_id_j"":""data_4200_4_4.5_chordal"",""affinity"":0.0067483298048487145},{""row_pos"":1,""col_pos"":10,""member_idx_i"":1,""member_idx_j"":10,""graph_id_i"":""157"",""graph_id_j"":""166"",""dataset_id_i"":""data_4200_3_6.0_chordal"",""dataset_id_j"":""data_4100_4_4.0_chordal"",""affinity"":0.005378938308085225},{""row_pos"":1,""col_pos"":11,""member_idx_i"":1,""member_idx_j"":11,""graph_id_i"":""157"",""graph_id_j"":""141"",""dataset_id_i"":""data_4200_3_6.0_chordal"",""dataset_id_j"":""data_4100_4_4.5_chordal"",""affinity"":0.005423969416016203},{""row_pos"":1,""col_pos"":12,""member_idx_i"":1,""member_idx_j"":12,""graph_id_i"":""157"",""graph_id_j"":""65"",""dataset_id_i"":""data_4200_3_6.0_chordal"",""dataset_id_j"":""data_3900_4_2.0_chordal"",""affinity"":0.005339084754630293},{""row_pos"":1,""col_pos"":13,""member_idx_i"":1,""member_idx_j"":13,""graph_id_i"":""157"",""graph_id_j"":""6"",""dataset_id_i"":""data_4200_3_6.0_chordal"",""dataset_id_j"":""data_4200_4_2.0_chordal"",""affinity"":0.008137781016753255},{""row_pos"":1,""col_pos"":14,""member_idx_i"":1,""member_idx_j"":14,""graph_id_i"":""157"",""graph_id_j"":""131"",""dataset_id_i"":""data_4200_3_6.0_chordal"",""dataset_id_j"":""data_4100_4_2.0_chordal"",""affinity"":0.004997842575584972},{""row_pos"":1,""col_pos"":15,""member_idx_i"":1,""member_idx_j"":15,""graph_id_i"":""157"",""graph_id_j"":""119"",""dataset_id_i"":""data_4200_3_6.0_chordal"",""dataset_id_j"":""data_4000_4_2.0_chordal"",""affinity"":0.005616640462934038},{""row_pos"":1,""col_pos"":16,""member_idx_i"":1,""member_idx_j"":16,""graph_id_i"":""157"",""graph_id_j"":""96"",""dataset_id_i"":""data_4200_3_6.0_chordal"",""dataset_id_j"":""data_4200_4_7.0_chordal"",""affinity"":0.004053475996687748},{""row_pos"":1,""col_pos"":17,""member_idx_i"":1,""member_idx_j"":17,""graph_id_i"":""157"",""graph_id_j"":""162"",""dataset_id_i"":""data_4200_3_6.0_chordal"",""dataset_id_j"":""data_3800_4_7.5_chordal"",""affinity"":0.010887566965364824},{""row_pos"":1,""col_pos"":18,""member_idx_i"":1,""member_idx_j"":19,""graph_id_i"":""157"",""graph_id_j"":""0"",""dataset_id_i"":""data_4200_3_6.0_chordal"",""dataset_id_j"":""data_4100_4_6.5_chordal"",""affinity"":0.0077474558268171255},{""row_pos"":2,""col_pos"":3,""member_idx_i"":2,""member_idx_j"":3,""graph_id_i"":""149"",""graph_id_j"":""109"",""dataset_id_i"":""data_4200_3_6.5_chordal"",""dataset_id_j"":""data_4200_3_7.5_chordal"",""affinity"":0.00641313251716332},{""row_pos"":2,""col_pos"":4,""member_idx_i"":2,""member_idx_j"":4,""graph_id_i"":""149"",""graph_id_j"":""143"",""dataset_id_i"":""data_4200_3_6.5_chordal"",""dataset_id_j"":""data_4200_3_3.0_chordal"",""affinity"":0.014548719095127213},{""row_pos"":2,""col_pos"":5,""member_idx_i"":2,""member_idx_j"":5,""graph_id_i"":""149"",""graph_id_j"":""114"",""dataset_id_i"":""data_4200_3_6.5_chordal"",""dataset_id_j"":""data_4100_3_3.0_chordal"",""affinity"":0.008406693285638622},{""row_pos"":2,""col_pos"":6,""member_idx_i"":2,""member_idx_j"":6,""graph_id_i"":""149"",""graph_id_j"":""117"",""dataset_id_i"":""data_4200_3_6.5_chordal"",""dataset_id_j"":""data_4000_3_3.0_chordal"",""affinity"":0.0146427009813264},{""row_pos"":2,""col_pos"":7,""member_idx_i"":2,""member_idx_j"":7,""graph_id_i"":""149"",""graph_id_j"":""2"",""dataset_id_i"":""data_4200_3_6.5_chordal"",""dataset_id_j"":""data_3800_3_3.5_chordal"",""affinity"":0.009126874925493193},{""row_pos"":2,""col_pos"":8,""member_idx_i"":2,""member_idx_j"":8,""graph_id_i"":""149"",""graph_id_j"":""88"",""dataset_id_i"":""data_4200_3_6.5_chordal"",""dataset_id_j"":""data_3800_4_4.5_chordal"",""affinity"":0.006294932414195334},{""row_pos"":2,""col_pos"":9,""member_idx_i"":2,""member_idx_j"":9,""graph_id_i"":""149"",""graph_id_j"":""145"",""dataset_id_i"":""data_4200_3_6.5_chordal"",""dataset_id_j"":""data_4200_4_4.5_chordal"",""affinity"":0.008772305557221303},{""row_pos"":2,""col_pos"":10,""member_idx_i"":2,""member_idx_j"":10,""graph_id_i"":""149"",""graph_id_j"":""166"",""dataset_id_i"":""data_4200_3_6.5_chordal"",""dataset_id_j"":""data_4100_4_4.0_chordal"",""affinity"":0.007876517890666202},{""row_pos"":2,""col_pos"":11,""member_idx_i"":2,""member_idx_j"":11,""graph_id_i"":""149"",""graph_id_j"":""141"",""dataset_id_i"":""data_4200_3_6.5_chordal"",""dataset_id_j"":""data_4100_4_4.5_chordal"",""affinity"":0.007734211992182705},{""row_pos"":2,""col_pos"":12,""member_idx_i"":2,""member_idx_j"":12,""graph_id_i"":""149"",""graph_id_j"":""65"",""dataset_id_i"":""data_4200_3_6.5_chordal"",""dataset_id_j"":""data_3900_4_2.0_chordal"",""affinity"":0.02547287443601775},{""row_pos"":2,""col_pos"":13,""member_idx_i"":2,""member_idx_j"":13,""graph_id_i"":""149"",""graph_id_j"":""6"",""dataset_id_i"":""data_4200_3_6.5_chordal"",""dataset_id_j"":""data_4200_4_2.0_chordal"",""affinity"":0.007941347256541772},{""row_pos"":2,""col_pos"":14,""member_idx_i"":2,""member_idx_j"":14,""graph_id_i"":""149"",""graph_id_j"":""131"",""dataset_id_i"":""data_4200_3_6.5_chordal"",""dataset_id_j"":""data_4100_4_2.0_chordal"",""affinity"":0.011768026794096163},{""row_pos"":2,""col_pos"":15,""member_idx_i"":2,""member_idx_j"":15,""graph_id_i"":""149"",""graph_id_j"":""119"",""dataset_id_i"":""data_4200_3_6.5_chordal"",""dataset_id_j"":""data_4000_4_2.0_chordal"",""affinity"":0.01410087756102326},{""row_pos"":2,""col_pos"":16,""member_idx_i"":2,""member_idx_j"":16,""graph_id_i"":""149"",""graph_id_j"":""96"",""dataset_id_i"":""data_4200_3_6.5_chordal"",""dataset_id_j"":""data_4200_4_7.0_chordal"",""affinity"":0.004306184035356231},{""row_pos"":2,""col_pos"":17,""member_idx_i"":2,""member_idx_j"":17,""graph_id_i"":""149"",""graph_id_j"":""162"",""dataset_id_i"":""data_4200_3_6.5_chordal"",""dataset_id_j"":""data_3800_4_7.5_chordal"",""affinity"":0.011461855261896817},{""row_pos"":2,""col_pos"":18,""member_idx_i"":2,""member_idx_j"":19,""graph_id_i"":""149"",""graph_id_j"":""0"",""dataset_id_i"":""data_4200_3_6.5_chordal"",""dataset_id_j"":""data_4100_4_6.5_chordal"",""affinity"":0.0069860594343782},{""row_pos"":3,""col_pos"":4,""member_idx_i"":3,""member_idx_j"":4,""graph_id_i"":""109"",""graph_id_j"":""143"",""dataset_id_i"":""data_4200_3_7.5_chordal"",""dataset_id_j"":""data_4200_3_3.0_chordal"",""affinity"":0.004689375055052001},{""row_pos"":3,""col_pos"":5,""member_idx_i"":3,""member_idx_j"":5,""graph_id_i"":""109"",""graph_id_j"":""114"",""dataset_id_i"":""data_4200_3_7.5_chordal"",""dataset_id_j"":""data_4100_3_3.0_chordal"",""affinity"":0.004650871002199682},{""row_pos"":3,""col_pos"":6,""member_idx_i"":3,""member_idx_j"":6,""graph_id_i"":""109"",""graph_id_j"":""117"",""dataset_id_i"":""data_4200_3_7.5_chordal"",""dataset_id_j"":""data_4000_3_3.0_chordal"",""affinity"":0.00447235389083392},{""row_pos"":3,""col_pos"":7,""member_idx_i"":3,""member_idx_j"":7,""graph_id_i"":""109"",""graph_id_j"":""2"",""dataset_id_i"":""data_4200_3_7.5_chordal"",""dataset_id_j"":""data_3800_3_3.5_chordal"",""affinity"":0.003751407221332969},{""row_pos"":3,""col_pos"":8,""member_idx_i"":3,""member_idx_j"":8,""graph_id_i"":""109"",""graph_id_j"":""88"",""dataset_id_i"":""data_4200_3_7.5_chordal"",""dataset_id_j"":""data_3800_4_4.5_chordal"",""affinity"":0.0030485131590631607},{""row_pos"":3,""col_pos"":9,""member_idx_i"":3,""member_idx_j"":9,""graph_id_i"":""109"",""graph_id_j"":""145"",""dataset_id_i"":""data_4200_3_7.5_chordal"",""dataset_id_j"":""data_4200_4_4.5_chordal"",""affinity"":0.0038502166099340946},{""row_pos"":3,""col_pos"":10,""member_idx_i"":3,""member_idx_j"":10,""graph_id_i"":""109"",""graph_id_j"":""166"",""dataset_id_i"":""data_4200_3_7.5_chordal"",""dataset_id_j"":""data_4100_4_4.0_chordal"",""affinity"":0.0033624898597093256},{""row_pos"":3,""col_pos"":11,""member_idx_i"":3,""member_idx_j"":11,""graph_id_i"":""109"",""graph_id_j"":""141"",""dataset_id_i"":""data_4200_3_7.5_chordal"",""dataset_id_j"":""data_4100_4_4.5_chordal"",""affinity"":0.0033362841107382013},{""row_pos"":3,""col_pos"":12,""member_idx_i"":3,""member_idx_j"":12,""graph_id_i"":""109"",""graph_id_j"":""65"",""dataset_id_i"":""data_4200_3_7.5_chordal"",""dataset_id_j"":""data_3900_4_2.0_chordal"",""affinity"":0.005826351849028356},{""row_pos"":3,""col_pos"":13,""member_idx_i"":3,""member_idx_j"":13,""graph_id_i"":""109"",""graph_id_j"":""6"",""dataset_id_i"":""data_4200_3_7.5_chordal"",""dataset_id_j"":""data_4200_4_2.0_chordal"",""affinity"":0.004058264481361589},{""row_pos"":3,""col_pos"":14,""member_idx_i"":3,""member_idx_j"":14,""graph_id_i"":""109"",""graph_id_j"":""131"",""dataset_id_i"":""data_4200_3_7.5_chordal"",""dataset_id_j"":""data_4100_4_2.0_chordal"",""affinity"":0.007939046112755388},{""row_pos"":3,""col_pos"":15,""member_idx_i"":3,""member_idx_j"":15,""graph_id_i"":""109"",""graph_id_j"":""119"",""dataset_id_i"":""data_4200_3_7.5_chordal"",""dataset_id_j"":""data_4000_4_2.0_chordal"",""affinity"":0.005488788252170691},{""row_pos"":3,""col_pos"":16,""member_idx_i"":3,""member_idx_j"":16,""graph_id_i"":""109"",""graph_id_j"":""96"",""dataset_id_i"":""data_4200_3_7.5_chordal"",""dataset_id_j"":""data_4200_4_7.0_chordal"",""affinity"":0.010831011040901544},{""row_pos"":3,""col_pos"":17,""member_idx_i"":3,""member_idx_j"":17,""graph_id_i"":""109"",""graph_id_j"":""162"",""dataset_id_i"":""data_4200_3_7.5_chordal"",""dataset_id_j"":""data_3800_4_7.5_chordal"",""affinity"":0.005583672053327749},{""row_pos"":3,""col_pos"":18,""member_idx_i"":3,""member_idx_j"":19,""graph_id_i"":""109"",""graph_id_j"":""0"",""dataset_id_i"":""data_4200_3_7.5_chordal"",""dataset_id_j"":""data_4100_4_6.5_chordal"",""affinity"":0.007461338197654647},{""row_pos"":4,""col_pos"":5,""member_idx_i"":4,""member_idx_j"":5,""graph_id_i"":""143"",""graph_id_j"":""114"",""dataset_id_i"":""data_4200_3_3.0_chordal"",""dataset_id_j"":""data_4100_3_3.0_chordal"",""affinity"":0.015618498349638351},{""row_pos"":4,""col_pos"":6,""member_idx_i"":4,""member_idx_j"":6,""graph_id_i"":""143"",""graph_id_j"":""117"",""dataset_id_i"":""data_4200_3_3.0_chordal"",""dataset_id_j"":""data_4000_3_3.0_chordal"",""affinity"":0.027018581046260908},{""row_pos"":4,""col_pos"":7,""member_idx_i"":4,""member_idx_j"":7,""graph_id_i"":""143"",""graph_id_j"":""2"",""dataset_id_i"":""data_4200_3_3.0_chordal"",""dataset_id_j"":""data_3800_3_3.5_chordal"",""affinity"":0.014455339670484603},{""row_pos"":4,""col_pos"":8,""member_idx_i"":4,""member_idx_j"":8,""graph_id_i"":""143"",""graph_id_j"":""88"",""dataset_id_i"":""data_4200_3_3.0_chordal"",""dataset_id_j"":""data_3800_4_4.5_chordal"",""affinity"":0.007133698058740674},{""row_pos"":4,""col_pos"":9,""member_idx_i"":4,""member_idx_j"":9,""graph_id_i"":""143"",""graph_id_j"":""145"",""dataset_id_i"":""data_4200_3_3.0_chordal"",""dataset_id_j"":""data_4200_4_4.5_chordal"",""affinity"":0.014884505179233645},{""row_pos"":4,""col_pos"":10,""member_idx_i"":4,""member_idx_j"":10,""graph_id_i"":""143"",""graph_id_j"":""166"",""dataset_id_i"":""data_4200_3_3.0_chordal"",""dataset_id_j"":""data_4100_4_4.0_chordal"",""affinity"":0.009113293608220987},{""row_pos"":4,""col_pos"":11,""member_idx_i"":4,""member_idx_j"":11,""graph_id_i"":""143"",""graph_id_j"":""141"",""dataset_id_i"":""data_4200_3_3.0_chordal"",""dataset_id_j"":""data_4100_4_4.5_chordal"",""affinity"":0.008923328084396907},{""row_pos"":4,""col_pos"":12,""member_idx_i"":4,""member_idx_j"":12,""graph_id_i"":""143"",""graph_id_j"":""65"",""dataset_id_i"":""data_4200_3_3.0_chordal"",""dataset_id_j"":""data_3900_4_2.0_chordal"",""affinity"":0.01856390349580148},{""row_pos"":4,""col_pos"":13,""member_idx_i"":4,""member_idx_j"":13,""graph_id_i"":""143"",""graph_id_j"":""6"",""dataset_id_i"":""data_4200_3_3.0_chordal"",""dataset_id_j"":""data_4200_4_2.0_chordal"",""affinity"":0.01840736002291932},{""row_pos"":4,""col_pos"":14,""member_idx_i"":4,""member_idx_j"":14,""graph_id_i"":""143"",""graph_id_j"":""131"",""dataset_id_i"":""data_4200_3_3.0_chordal"",""dataset_id_j"":""data_4100_4_2.0_chordal"",""affinity"":0.0066887386059201505},{""row_pos"":4,""col_pos"":15,""member_idx_i"":4,""member_idx_j"":15,""graph_id_i"":""143"",""graph_id_j"":""119"",""dataset_id_i"":""data_4200_3_3.0_chordal"",""dataset_id_j"":""data_4000_4_2.0_chordal"",""affinity"":0.01757827220840724},{""row_pos"":4,""col_pos"":16,""member_idx_i"":4,""member_idx_j"":16,""graph_id_i"":""143"",""graph_id_j"":""96"",""dataset_id_i"":""data_4200_3_3.0_chordal"",""dataset_id_j"":""data_4200_4_7.0_chordal"",""affinity"":0.0034816901540144253},{""row_pos"":4,""col_pos"":17,""member_idx_i"":4,""member_idx_j"":17,""graph_id_i"":""143"",""graph_id_j"":""162"",""dataset_id_i"":""data_4200_3_3.0_chordal"",""dataset_id_j"":""data_3800_4_7.5_chordal"",""affinity"":0.012448819293998312},{""row_pos"":4,""col_pos"":18,""member_idx_i"":4,""member_idx_j"":19,""graph_id_i"":""143"",""graph_id_j"":""0"",""dataset_id_i"":""data_4200_3_3.0_chordal"",""dataset_id_j"":""data_4100_4_6.5_chordal"",""affinity"":0.0055808324429486},{""row_pos"":5,""col_pos"":6,""member_idx_i"":5,""member_idx_j"":6,""graph_id_i"":""114"",""graph_id_j"":""117"",""dataset_id_i"":""data_4100_3_3.0_chordal"",""dataset_id_j"":""data_4000_3_3.0_chordal"",""affinity"":0.011869623229658264},{""row_pos"":5,""col_pos"":7,""member_idx_i"":5,""member_idx_j"":7,""graph_id_i"":""114"",""graph_id_j"":""2"",""dataset_id_i"":""data_4100_3_3.0_chordal"",""dataset_id_j"":""data_3800_3_3.5_chordal"",""affinity"":0.00910558370020488},{""row_pos"":5,""col_pos"":8,""member_idx_i"":5,""member_idx_j"":8,""graph_id_i"":""114"",""graph_id_j"":""88"",""dataset_id_i"":""data_4100_3_3.0_chordal"",""dataset_id_j"":""data_3800_4_4.5_chordal"",""affinity"":0.006733045077580633},{""row_pos"":5,""col_pos"":9,""member_idx_i"":5,""member_idx_j"":9,""graph_id_i"":""114"",""graph_id_j"":""145"",""dataset_id_i"":""data_4100_3_3.0_chordal"",""dataset_id_j"":""data_4200_4_4.5_chordal"",""affinity"":0.01432348440788972},{""row_pos"":5,""col_pos"":10,""member_idx_i"":5,""member_idx_j"":10,""graph_id_i"":""114"",""graph_id_j"":""166"",""dataset_id_i"":""data_4100_3_3.0_chordal"",""dataset_id_j"":""data_4100_4_4.0_chordal"",""affinity"":0.008049480921725504},{""row_pos"":5,""col_pos"":11,""member_idx_i"":5,""member_idx_j"":11,""graph_id_i"":""114"",""graph_id_j"":""141"",""dataset_id_i"":""data_4100_3_3.0_chordal"",""dataset_id_j"":""data_4100_4_4.5_chordal"",""affinity"":0.007678931248748465},{""row_pos"":5,""col_pos"":12,""member_idx_i"":5,""member_idx_j"":12,""graph_id_i"":""114"",""graph_id_j"":""65"",""dataset_id_i"":""data_4100_3_3.0_chordal"",""dataset_id_j"":""data_3900_4_2.0_chordal"",""affinity"":0.00915477699968444},{""row_pos"":5,""col_pos"":13,""member_idx_i"":5,""member_idx_j"":13,""graph_id_i"":""114"",""graph_id_j"":""6"",""dataset_id_i"":""data_4100_3_3.0_chordal"",""dataset_id_j"":""data_4200_4_2.0_chordal"",""affinity"":0.017905321133803314},{""row_pos"":5,""col_pos"":14,""member_idx_i"":5,""member_idx_j"":14,""graph_id_i"":""114"",""graph_id_j"":""131"",""dataset_id_i"":""data_4100_3_3.0_chordal"",""dataset_id_j"":""data_4100_4_2.0_chordal"",""affinity"":0.0068642800612858206},{""row_pos"":5,""col_pos"":15,""member_idx_i"":5,""member_idx_j"":15,""graph_id_i"":""114"",""graph_id_j"":""119"",""dataset_id_i"":""data_4100_3_3.0_chordal"",""dataset_id_j"":""data_4000_4_2.0_chordal"",""affinity"":0.01404626892766673},{""row_pos"":5,""col_pos"":16,""member_idx_i"":5,""member_idx_j"":16,""graph_id_i"":""114"",""graph_id_j"":""96"",""dataset_id_i"":""data_4100_3_3.0_chordal"",""dataset_id_j"":""data_4200_4_7.0_chordal"",""affinity"":0.0036704264417664243},{""row_pos"":5,""col_pos"":17,""member_idx_i"":5,""member_idx_j"":17,""graph_id_i"":""114"",""graph_id_j"":""162"",""dataset_id_i"":""data_4100_3_3.0_chordal"",""dataset_id_j"":""data_3800_4_7.5_chordal"",""affinity"":0.015882598284119073},{""row_pos"":5,""col_pos"":18,""member_idx_i"":5,""member_idx_j"":19,""graph_id_i"":""114"",""graph_id_j"":""0"",""dataset_id_i"":""data_4100_3_3.0_chordal"",""dataset_id_j"":""data_4100_4_6.5_chordal"",""affinity"":0.005260973117869126},{""row_pos"":6,""col_pos"":7,""member_idx_i"":6,""member_idx_j"":7,""graph_id_i"":""117"",""graph_id_j"":""2"",""dataset_id_i"":""data_4000_3_3.0_chordal"",""dataset_id_j"":""data_3800_3_3.5_chordal"",""affinity"":0.02700418602792141},{""row_pos"":6,""col_pos"":8,""member_idx_i"":6,""member_idx_j"":8,""graph_id_i"":""117"",""graph_id_j"":""88"",""dataset_id_i"":""data_4000_3_3.0_chordal"",""dataset_id_j"":""data_3800_4_4.5_chordal"",""affinity"":0.01022826626079894},{""row_pos"":6,""col_pos"":9,""member_idx_i"":6,""member_idx_j"":9,""graph_id_i"":""117"",""graph_id_j"":""145"",""dataset_id_i"":""data_4000_3_3.0_chordal"",""dataset_id_j"":""data_4200_4_4.5_chordal"",""affinity"":0.015903086682936333},{""row_pos"":6,""col_pos"":10,""member_idx_i"":6,""member_idx_j"":10,""graph_id_i"":""117"",""graph_id_j"":""166"",""dataset_id_i"":""data_4000_3_3.0_chordal"",""dataset_id_j"":""data_4100_4_4.0_chordal"",""affinity"":0.014191237404616353},{""row_pos"":6,""col_pos"":11,""member_idx_i"":6,""member_idx_j"":11,""graph_id_i"":""117"",""graph_id_j"":""141"",""dataset_id_i"":""data_4000_3_3.0_chordal"",""dataset_id_j"":""data_4100_4_4.5_chordal"",""affinity"":0.013688355561385286},{""row_pos"":6,""col_pos"":12,""member_idx_i"":6,""member_idx_j"":12,""graph_id_i"":""117"",""graph_id_j"":""65"",""dataset_id_i"":""data_4000_3_3.0_chordal"",""dataset_id_j"":""data_3900_4_2.0_chordal"",""affinity"":0.020591250666491555},{""row_pos"":6,""col_pos"":13,""member_idx_i"":6,""member_idx_j"":13,""graph_id_i"":""117"",""graph_id_j"":""6"",""dataset_id_i"":""data_4000_3_3.0_chordal"",""dataset_id_j"":""data_4200_4_2.0_chordal"",""affinity"":0.01540445026331841},{""row_pos"":6,""col_pos"":14,""member_idx_i"":6,""member_idx_j"":14,""graph_id_i"":""117"",""graph_id_j"":""131"",""dataset_id_i"":""data_4000_3_3.0_chordal"",""dataset_id_j"":""data_4100_4_2.0_chordal"",""affinity"":0.0064841405891805795},{""row_pos"":6,""col_pos"":15,""member_idx_i"":6,""member_idx_j"":15,""graph_id_i"":""117"",""graph_id_j"":""119"",""dataset_id_i"":""data_4000_3_3.0_chordal"",""dataset_id_j"":""data_4000_4_2.0_chordal"",""affinity"":0.01496008763850168},{""row_pos"":6,""col_pos"":16,""member_idx_i"":6,""member_idx_j"":16,""graph_id_i"":""117"",""graph_id_j"":""96"",""dataset_id_i"":""data_4000_3_3.0_chordal"",""dataset_id_j"":""data_4200_4_7.0_chordal"",""affinity"":0.0031322420192255117},{""row_pos"":6,""col_pos"":17,""member_idx_i"":6,""member_idx_j"":17,""graph_id_i"":""117"",""graph_id_j"":""162"",""dataset_id_i"":""data_4000_3_3.0_chordal"",""dataset_id_j"":""data_3800_4_7.5_chordal"",""affinity"":0.008931103519224918},{""row_pos"":6,""col_pos"":18,""member_idx_i"":6,""member_idx_j"":19,""graph_id_i"":""117"",""graph_id_j"":""0"",""dataset_id_i"":""data_4000_3_3.0_chordal"",""dataset_id_j"":""data_4100_4_6.5_chordal"",""affinity"":0.004943520564196181},{""row_pos"":7,""col_pos"":8,""member_idx_i"":7,""member_idx_j"":8,""graph_id_i"":""2"",""graph_id_j"":""88"",""dataset_id_i"":""data_3800_3_3.5_chordal"",""dataset_id_j"":""data_3800_4_4.5_chordal"",""affinity"":0.015452106627457952},{""row_pos"":7,""col_pos"":9,""member_idx_i"":7,""member_idx_j"":9,""graph_id_i"":""2"",""graph_id_j"":""145"",""dataset_id_i"":""data_3800_3_3.5_chordal"",""dataset_id_j"":""data_4200_4_4.5_chordal"",""affinity"":0.013844932781220443},{""row_pos"":7,""col_pos"":10,""member_idx_i"":7,""member_idx_j"":10,""graph_id_i"":""2"",""graph_id_j"":""166"",""dataset_id_i"":""data_3800_3_3.5_chordal"",""dataset_id_j"":""data_4100_4_4.0_chordal"",""affinity"":0.01804457949488614},{""row_pos"":7,""col_pos"":11,""member_idx_i"":7,""member_idx_j"":11,""graph_id_i"":""2"",""graph_id_j"":""141"",""dataset_id_i"":""data_3800_3_3.5_chordal"",""dataset_id_j"":""data_4100_4_4.5_chordal"",""affinity"":0.015268544994050868},{""row_pos"":7,""col_pos"":12,""member_idx_i"":7,""member_idx_j"":12,""graph_id_i"":""2"",""graph_id_j"":""65"",""dataset_id_i"":""data_3800_3_3.5_chordal"",""dataset_id_j"":""data_3900_4_2.0_chordal"",""affinity"":0.013605137135032482},{""row_pos"":7,""col_pos"":13,""member_idx_i"":7,""member_idx_j"":13,""graph_id_i"":""2"",""graph_id_j"":""6"",""dataset_id_i"":""data_3800_3_3.5_chordal"",""dataset_id_j"":""data_4200_4_2.0_chordal"",""affinity"":0.014629492302863707},{""row_pos"":7,""col_pos"":14,""member_idx_i"":7,""member_idx_j"":14,""graph_id_i"":""2"",""graph_id_j"":""131"",""dataset_id_i"":""data_3800_3_3.5_chordal"",""dataset_id_j"":""data_4100_4_2.0_chordal"",""affinity"":0.005418970979283698},{""row_pos"":7,""col_pos"":15,""member_idx_i"":7,""member_idx_j"":15,""graph_id_i"":""2"",""graph_id_j"":""119"",""dataset_id_i"":""data_3800_3_3.5_chordal"",""dataset_id_j"":""data_4000_4_2.0_chordal"",""affinity"":0.011008834650280184},{""row_pos"":7,""col_pos"":16,""member_idx_i"":7,""member_idx_j"":16,""graph_id_i"":""2"",""graph_id_j"":""96"",""dataset_id_i"":""data_3800_3_3.5_chordal"",""dataset_id_j"":""data_4200_4_7.0_chordal"",""affinity"":0.002794122468567295},{""row_pos"":7,""col_pos"":17,""member_idx_i"":7,""member_idx_j"":17,""graph_id_i"":""2"",""graph_id_j"":""162"",""dataset_id_i"":""data_3800_3_3.5_chordal"",""dataset_id_j"":""data_3800_4_7.5_chordal"",""affinity"":0.006485336643557245},{""row_pos"":7,""col_pos"":18,""member_idx_i"":7,""member_idx_j"":19,""graph_id_i"":""2"",""graph_id_j"":""0"",""dataset_id_i"":""data_3800_3_3.5_chordal"",""dataset_id_j"":""data_4100_4_6.5_chordal"",""affinity"":0.004105068609692387},{""row_pos"":8,""col_pos"":9,""member_idx_i"":8,""member_idx_j"":9,""graph_id_i"":""88"",""graph_id_j"":""145"",""dataset_id_i"":""data_3800_4_4.5_chordal"",""dataset_id_j"":""data_4200_4_4.5_chordal"",""affinity"":0.014429365661429959},{""row_pos"":8,""col_pos"":10,""member_idx_i"":8,""member_idx_j"":10,""graph_id_i"":""88"",""graph_id_j"":""166"",""dataset_id_i"":""data_3800_4_4.5_chordal"",""dataset_id_j"":""data_4100_4_4.0_chordal"",""affinity"":0.019351270621035352},{""row_pos"":8,""col_pos"":11,""member_idx_i"":8,""member_idx_j"":11,""graph_id_i"":""88"",""graph_id_j"":""141"",""dataset_id_i"":""data_3800_4_4.5_chordal"",""dataset_id_j"":""data_4100_4_4.5_chordal"",""affinity"":0.017108256660397086},{""row_pos"":8,""col_pos"":12,""member_idx_i"":8,""member_idx_j"":12,""graph_id_i"":""88"",""graph_id_j"":""65"",""dataset_id_i"":""data_3800_4_4.5_chordal"",""dataset_id_j"":""data_3900_4_2.0_chordal"",""affinity"":0.007904476638397452},{""row_pos"":8,""col_pos"":13,""member_idx_i"":8,""member_idx_j"":13,""graph_id_i"":""88"",""graph_id_j"":""6"",""dataset_id_i"":""data_3800_4_4.5_chordal"",""dataset_id_j"":""data_4200_4_2.0_chordal"",""affinity"":0.009684826405811605},{""row_pos"":8,""col_pos"":14,""member_idx_i"":8,""member_idx_j"":14,""graph_id_i"":""88"",""graph_id_j"":""131"",""dataset_id_i"":""data_3800_4_4.5_chordal"",""dataset_id_j"":""data_4100_4_2.0_chordal"",""affinity"":0.00406505703987851},{""row_pos"":8,""col_pos"":15,""member_idx_i"":8,""member_idx_j"":15,""graph_id_i"":""88"",""graph_id_j"":""119"",""dataset_id_i"":""data_3800_4_4.5_chordal"",""dataset_id_j"":""data_4000_4_2.0_chordal"",""affinity"":0.0066150131203076236},{""row_pos"":8,""col_pos"":16,""member_idx_i"":8,""member_idx_j"":16,""graph_id_i"":""88"",""graph_id_j"":""96"",""dataset_id_i"":""data_3800_4_4.5_chordal"",""dataset_id_j"":""data_4200_4_7.0_chordal"",""affinity"":0.0023846073768478333},{""row_pos"":8,""col_pos"":17,""member_idx_i"":8,""member_idx_j"":17,""graph_id_i"":""88"",""graph_id_j"":""162"",""dataset_id_i"":""data_3800_4_4.5_chordal"",""dataset_id_j"":""data_3800_4_7.5_chordal"",""affinity"":0.005170165550853071},{""row_pos"":8,""col_pos"":18,""member_idx_i"":8,""member_idx_j"":19,""graph_id_i"":""88"",""graph_id_j"":""0"",""dataset_id_i"":""data_3800_4_4.5_chordal"",""dataset_id_j"":""data_4100_4_6.5_chordal"",""affinity"":0.0034147230544764417},{""row_pos"":9,""col_pos"":10,""member_idx_i"":9,""member_idx_j"":10,""graph_id_i"":""145"",""graph_id_j"":""166"",""dataset_id_i"":""data_4200_4_4.5_chordal"",""dataset_id_j"":""data_4100_4_4.0_chordal"",""affinity"":0.0210685296232798},{""row_pos"":9,""col_pos"":11,""member_idx_i"":9,""member_idx_j"":11,""graph_id_i"":""145"",""graph_id_j"":""141"",""dataset_id_i"":""data_4200_4_4.5_chordal"",""dataset_id_j"":""data_4100_4_4.5_chordal"",""affinity"":0.021298972100998518},{""row_pos"":9,""col_pos"":12,""member_idx_i"":9,""member_idx_j"":12,""graph_id_i"":""145"",""graph_id_j"":""65"",""dataset_id_i"":""data_4200_4_4.5_chordal"",""dataset_id_j"":""data_3900_4_2.0_chordal"",""affinity"":0.013434565429650465},{""row_pos"":9,""col_pos"":13,""member_idx_i"":9,""member_idx_j"":13,""graph_id_i"":""145"",""graph_id_j"":""6"",""dataset_id_i"":""data_4200_4_4.5_chordal"",""dataset_id_j"":""data_4200_4_2.0_chordal"",""affinity"":0.02150347114900643},{""row_pos"":9,""col_pos"":14,""member_idx_i"":9,""member_idx_j"":14,""graph_id_i"":""145"",""graph_id_j"":""131"",""dataset_id_i"":""data_4200_4_4.5_chordal"",""dataset_id_j"":""data_4100_4_2.0_chordal"",""affinity"":0.005379375852532081},{""row_pos"":9,""col_pos"":15,""member_idx_i"":9,""member_idx_j"":15,""graph_id_i"":""145"",""graph_id_j"":""119"",""dataset_id_i"":""data_4200_4_4.5_chordal"",""dataset_id_j"":""data_4000_4_2.0_chordal"",""affinity"":0.012421785737843003},{""row_pos"":9,""col_pos"":16,""member_idx_i"":9,""member_idx_j"":16,""graph_id_i"":""145"",""graph_id_j"":""96"",""dataset_id_i"":""data_4200_4_4.5_chordal"",""dataset_id_j"":""data_4200_4_7.0_chordal"",""affinity"":0.0028485716588157375},{""row_pos"":9,""col_pos"":17,""member_idx_i"":9,""member_idx_j"":17,""graph_id_i"":""145"",""graph_id_j"":""162"",""dataset_id_i"":""data_4200_4_4.5_chordal"",""dataset_id_j"":""data_3800_4_7.5_chordal"",""affinity"":0.010894922745894247},{""row_pos"":9,""col_pos"":18,""member_idx_i"":9,""member_idx_j"":19,""graph_id_i"":""145"",""graph_id_j"":""0"",""dataset_id_i"":""data_4200_4_4.5_chordal"",""dataset_id_j"":""data_4100_4_6.5_chordal"",""affinity"":0.004261557514217167},{""row_pos"":10,""col_pos"":11,""member_idx_i"":10,""member_idx_j"":11,""graph_id_i"":""166"",""graph_id_j"":""141"",""dataset_id_i"":""data_4100_4_4.0_chordal"",""dataset_id_j"":""data_4100_4_4.5_chordal"",""affinity"":0.07081359565713495},{""row_pos"":10,""col_pos"":12,""member_idx_i"":10,""member_idx_j"":12,""graph_id_i"":""166"",""graph_id_j"":""65"",""dataset_id_i"":""data_4100_4_4.0_chordal"",""dataset_id_j"":""data_3900_4_2.0_chordal"",""affinity"":0.010484423026375677},{""row_pos"":10,""col_pos"":13,""member_idx_i"":10,""member_idx_j"":13,""graph_id_i"":""166"",""graph_id_j"":""6"",""dataset_id_i"":""data_4100_4_4.0_chordal"",""dataset_id_j"":""data_4200_4_2.0_chordal"",""affinity"":0.012125553953682516},{""row_pos"":10,""col_pos"":14,""member_idx_i"":10,""member_idx_j"":14,""graph_id_i"":""166"",""graph_id_j"":""131"",""dataset_id_i"":""data_4100_4_4.0_chordal"",""dataset_id_j"":""data_4100_4_2.0_chordal"",""affinity"":0.004571671250127047},{""row_pos"":10,""col_pos"":15,""member_idx_i"":10,""member_idx_j"":15,""graph_id_i"":""166"",""graph_id_j"":""119"",""dataset_id_i"":""data_4100_4_4.0_chordal"",""dataset_id_j"":""data_4000_4_2.0_chordal"",""affinity"":0.009625882248916067},{""row_pos"":10,""col_pos"":16,""member_idx_i"":10,""member_idx_j"":16,""graph_id_i"":""166"",""graph_id_j"":""96"",""dataset_id_i"":""data_4100_4_4.0_chordal"",""dataset_id_j"":""data_4200_4_7.0_chordal"",""affinity"":0.002572505087916233},{""row_pos"":10,""col_pos"":17,""member_idx_i"":10,""member_idx_j"":17,""graph_id_i"":""166"",""graph_id_j"":""162"",""dataset_id_i"":""data_4100_4_4.0_chordal"",""dataset_id_j"":""data_3800_4_7.5_chordal"",""affinity"":0.006090044112303773},{""row_pos"":10,""col_pos"":18,""member_idx_i"":10,""member_idx_j"":19,""graph_id_i"":""166"",""graph_id_j"":""0"",""dataset_id_i"":""data_4100_4_4.0_chordal"",""dataset_id_j"":""data_4100_4_6.5_chordal"",""affinity"":0.004079935254933699},{""row_pos"":11,""col_pos"":12,""member_idx_i"":11,""member_idx_j"":12,""graph_id_i"":""141"",""graph_id_j"":""65"",""dataset_id_i"":""data_4100_4_4.5_chordal"",""dataset_id_j"":""data_3900_4_2.0_chordal"",""affinity"":0.010181589493772911},{""row_pos"":11,""col_pos"":13,""member_idx_i"":11,""member_idx_j"":13,""graph_id_i"":""141"",""graph_id_j"":""6"",""dataset_id_i"":""data_4100_4_4.5_chordal"",""dataset_id_j"":""data_4200_4_2.0_chordal"",""affinity"":0.01125351629455447},{""row_pos"":11,""col_pos"":14,""member_idx_i"":11,""member_idx_j"":14,""graph_id_i"":""141"",""graph_id_j"":""131"",""dataset_id_i"":""data_4100_4_4.5_chordal"",""dataset_id_j"":""data_4100_4_2.0_chordal"",""affinity"":0.00459337365758802},{""row_pos"":11,""col_pos"":15,""member_idx_i"":11,""member_idx_j"":15,""graph_id_i"":""141"",""graph_id_j"":""119"",""dataset_id_i"":""data_4100_4_4.5_chordal"",""dataset_id_j"":""data_4000_4_2.0_chordal"",""affinity"":0.00932771188392282},{""row_pos"":11,""col_pos"":16,""member_idx_i"":11,""member_idx_j"":16,""graph_id_i"":""141"",""graph_id_j"":""96"",""dataset_id_i"":""data_4100_4_4.5_chordal"",""dataset_id_j"":""data_4200_4_7.0_chordal"",""affinity"":0.00255713830253011},{""row_pos"":11,""col_pos"":17,""member_idx_i"":11,""member_idx_j"":17,""graph_id_i"":""141"",""graph_id_j"":""162"",""dataset_id_i"":""data_4100_4_4.5_chordal"",""dataset_id_j"":""data_3800_4_7.5_chordal"",""affinity"":0.005843960824346603},{""row_pos"":11,""col_pos"":18,""member_idx_i"":11,""member_idx_j"":19,""graph_id_i"":""141"",""graph_id_j"":""0"",""dataset_id_i"":""data_4100_4_4.5_chordal"",""dataset_id_j"":""data_4100_4_6.5_chordal"",""affinity"":0.004041417623925666},{""row_pos"":12,""col_pos"":13,""member_idx_i"":12,""member_idx_j"":13,""graph_id_i"":""65"",""graph_id_j"":""6"",""dataset_id_i"":""data_3900_4_2.0_chordal"",""dataset_id_j"":""data_4200_4_2.0_chordal"",""affinity"":0.0106631990443212},{""row_pos"":12,""col_pos"":14,""member_idx_i"":12,""member_idx_j"":14,""graph_id_i"":""65"",""graph_id_j"":""131"",""dataset_id_i"":""data_3900_4_2.0_chordal"",""dataset_id_j"":""data_4100_4_2.0_chordal"",""affinity"":0.008385578994697851},{""row_pos"":12,""col_pos"":15,""member_idx_i"":12,""member_idx_j"":15,""graph_id_i"":""65"",""graph_id_j"":""119"",""dataset_id_i"":""data_3900_4_2.0_chordal"",""dataset_id_j"":""data_4000_4_2.0_chordal"",""affinity"":0.0169865732045724},{""row_pos"":12,""col_pos"":16,""member_idx_i"":12,""member_idx_j"":16,""graph_id_i"":""65"",""graph_id_j"":""96"",""dataset_id_i"":""data_3900_4_2.0_chordal"",""dataset_id_j"":""data_4200_4_7.0_chordal"",""affinity"":0.0036181841801278896},{""row_pos"":12,""col_pos"":17,""member_idx_i"":12,""member_idx_j"":17,""graph_id_i"":""65"",""graph_id_j"":""162"",""dataset_id_i"":""data_3900_4_2.0_chordal"",""dataset_id_j"":""data_3800_4_7.5_chordal"",""affinity"":0.01085816014692713},{""row_pos"":12,""col_pos"":18,""member_idx_i"":12,""member_idx_j"":19,""graph_id_i"":""65"",""graph_id_j"":""0"",""dataset_id_i"":""data_3900_4_2.0_chordal"",""dataset_id_j"":""data_4100_4_6.5_chordal"",""affinity"":0.005741937010067841},{""row_pos"":13,""col_pos"":14,""member_idx_i"":13,""member_idx_j"":14,""graph_id_i"":""6"",""graph_id_j"":""131"",""dataset_id_i"":""data_4200_4_2.0_chordal"",""dataset_id_j"":""data_4100_4_2.0_chordal"",""affinity"":0.0051242086566881066},{""row_pos"":13,""col_pos"":15,""member_idx_i"":13,""member_idx_j"":15,""graph_id_i"":""6"",""graph_id_j"":""119"",""dataset_id_i"":""data_4200_4_2.0_chordal"",""dataset_id_j"":""data_4000_4_2.0_chordal"",""affinity"":0.013768952373829075},{""row_pos"":13,""col_pos"":16,""member_idx_i"":13,""member_idx_j"":16,""graph_id_i"":""6"",""graph_id_j"":""96"",""dataset_id_i"":""data_4200_4_2.0_chordal"",""dataset_id_j"":""data_4200_4_7.0_chordal"",""affinity"":0.003016037194233099},{""row_pos"":13,""col_pos"":17,""member_idx_i"":13,""member_idx_j"":17,""graph_id_i"":""6"",""graph_id_j"":""162"",""dataset_id_i"":""data_4200_4_2.0_chordal"",""dataset_id_j"":""data_3800_4_7.5_chordal"",""affinity"":0.017854895193487062},{""row_pos"":13,""col_pos"":18,""member_idx_i"":13,""member_idx_j"":19,""graph_id_i"":""6"",""graph_id_j"":""0"",""dataset_id_i"":""data_4200_4_2.0_chordal"",""dataset_id_j"":""data_4100_4_6.5_chordal"",""affinity"":0.004823133850648587},{""row_pos"":14,""col_pos"":15,""member_idx_i"":14,""member_idx_j"":15,""graph_id_i"":""131"",""graph_id_j"":""119"",""dataset_id_i"":""data_4100_4_2.0_chordal"",""dataset_id_j"":""data_4000_4_2.0_chordal"",""affinity"":0.007329942832127689},{""row_pos"":14,""col_pos"":16,""member_idx_i"":14,""member_idx_j"":16,""graph_id_i"":""131"",""graph_id_j"":""96"",""dataset_id_i"":""data_4100_4_2.0_chordal"",""dataset_id_j"":""data_4200_4_7.0_chordal"",""affinity"":0.007900159230351676},{""row_pos"":14,""col_pos"":17,""member_idx_i"":14,""member_idx_j"":17,""graph_id_i"":""131"",""graph_id_j"":""162"",""dataset_id_i"":""data_4100_4_2.0_chordal"",""dataset_id_j"":""data_3800_4_7.5_chordal"",""affinity"":0.007510176428868478},{""row_pos"":14,""col_pos"":18,""member_idx_i"":14,""member_idx_j"":19,""graph_id_i"":""131"",""graph_id_j"":""0"",""dataset_id_i"":""data_4100_4_2.0_chordal"",""dataset_id_j"":""data_4100_4_6.5_chordal"",""affinity"":0.009825055660973213},{""row_pos"":15,""col_pos"":16,""member_idx_i"":15,""member_idx_j"":16,""graph_id_i"":""119"",""graph_id_j"":""96"",""dataset_id_i"":""data_4000_4_2.0_chordal"",""dataset_id_j"":""data_4200_4_7.0_chordal"",""affinity"":0.0037677931871565717},{""row_pos"":15,""col_pos"":17,""member_idx_i"":15,""member_idx_j"":17,""graph_id_i"":""119"",""graph_id_j"":""162"",""dataset_id_i"":""data_4000_4_2.0_chordal"",""dataset_id_j"":""data_3800_4_7.5_chordal"",""affinity"":0.023540635758087784},{""row_pos"":15,""col_pos"":18,""member_idx_i"":15,""member_idx_j"":19,""graph_id_i"":""119"",""graph_id_j"":""0"",""dataset_id_i"":""data_4000_4_2.0_chordal"",""dataset_id_j"":""data_4100_4_6.5_chordal"",""affinity"":0.005629888439966985},{""row_pos"":16,""col_pos"":17,""member_idx_i"":16,""member_idx_j"":17,""graph_id_i"":""96"",""graph_id_j"":""162"",""dataset_id_i"":""data_4200_4_7.0_chordal"",""dataset_id_j"":""data_3800_4_7.5_chordal"",""affinity"":0.0037125360916618454},{""row_pos"":16,""col_pos"":18,""member_idx_i"":16,""member_idx_j"":19,""graph_id_i"":""96"",""graph_id_j"":""0"",""dataset_id_i"":""data_4200_4_7.0_chordal"",""dataset_id_j"":""data_4100_4_6.5_chordal"",""affinity"":0.005234307460613306},{""row_pos"":17,""col_pos"":18,""member_idx_i"":17,""member_idx_j"":19,""graph_id_i"":""162"",""graph_id_j"":""0"",""dataset_id_i"":""data_3800_4_7.5_chordal"",""dataset_id_j"":""data_4100_4_6.5_chordal"",""affinity"":0.005190669340993457}]",1,1,1,1,1,True,True,15,15,2,1
87|157|149|109|143|114|117|2|88|145|166|141|65|6|131|119|96|162|107|0,87|157|149|109|143|114|117|2|88|145|166|141|65|6|131|119|96|162|107|0,0,34,1,107,18,1,107,18,1,1,18,17,379.9345397949219,379.9345397949219,,,cluster_too_small,0,0,,,,,,,,,,,,,,,,,,,0,,,,,,0,,,,,,0,,,,,,0,,,,,,0,,,,,,0,,,,,,0,,,,,,0,,,,,,1,379.9345397949219,379.9345397949219,379.9345397949219,379.9345397949219,0.0,,,,,,,,,,,,,,,,,,,,,"107:252.0801,262.7286,312.5265,299.3761,379.9345",,,0,,,,,0,0,1,1,1,,,16,16,2,1
87|157|149|109|143|114|117|2|88|145|166|141|65|6|131|119|96|162|107|0,87|157|149|109|143|114|117|2|88|145|166|141|65|6|131|119|96|162|107|0,0,34,3,96,16,1,96,16,1,1,34,1,236.72093200683594,236.72093200683594,,,cluster_too_small,0,0,,,,,,,,,,,,,,,,,,,0,,,,,,0,,,,,,0,,,,,,0,,,,,,0,,,,,,0,,,,,,0,,,,,,0,,,,,,1,236.72093200683594,236.72093200683594,236.72093200683594,236.72093200683594,0.0,,,,,,,,,,,,,,,,,,,,,96:236.7209,,,0,,,,,0,0,1,0,0,,,0,0,2,1
87|157|149|109|143|114|117|2|88|145|166|141|65|6|131|119|96|162|107|0,87|157|149|109|143|114|117|2|88|145|166|141|65|6|131|119|96|162|107|0,0,34,4,87|157|149|109|143|114|117|2|88|145|166|141|65|6|131|119|162|0,0|1|2|3|4|5|6|7|8|9|10|11|12|13|14|15|17|19,18,87|157|149|109|143|114|117|2|88|145|166|141|65|6|131|119|162|0,0|1|2|3|4|5|6|7|8|9|10|11|12|13|14|15|17|19,18,1,34,1,163.109375,324.556640625,,,warmup,0,0,,,,,,,,,,,,,,,,,,,0,,,,,,0,,,,,,0,,,,,,0,,,,,,0,,,,,,0,,,,,,0,,,,,,0,,,,,,18,191.94053649902344,232.99904547797308,228.06046295166016,324.556640625,31.801280412610744,,,,,,,,,,,,,,,,,,,,,87:324.5566|157:244.8029|149:220.1772|109:221.6803|143:232.9833|114:237.4444|117:223.1376|2:220.6812|88:194.4292|145:202.2777|166:247.6872|141:191.9405|65:242.5790|6:237.8286|131:233.6311|119:217.0303|162:294.1486|0:206.9671,,,0,,,,,1,1,1,0,0,,,0,0,2,1
87|157|149|109|143|114|117|2|88|145|166|141|65|6|131|119|96|162|107|0,87|157|149|109|143|114|117|2|88|145|166|141|65|6|131|119|96|162|107|0,0,35,1,107,18,1,107,18,1,1,18,18,337.0675354003906,337.0675354003906,,,cluster_too_small,0,0,,,,,,,,,,,,,,,,,,,0,,,,,,0,,,,,,0,,,,,,0,,,,,,0,,,,,,0,,,,,,0,,,,,,0,,,,,,1,337.0675354003906,337.0675354003906,337.0675354003906,337.0675354003906,0.0,,,,,,,,,,,,,,,,,,,,,"107:262.7286,312.5265,299.3761,379.9345,337.0675",,,0,,,,,0,0,1,1,1,,,17,17,2,1
87|157|149|109|143|114|117|2|88|145|166|141|65|6|131|119|96|162|107|0,87|157|149|109|143|114|117|2|88|145|166|141|65|6|131|119|96|162|107|0,0,35,3,96,16,1,96,16,1,1,34,2,297.6427001953125,297.6427001953125,,,cluster_too_small,0,0,,,,,,,,,,,,,,,,,,,0,,,,,,0,,,,,,0,,,,,,0,,,,,,0,,,,,,0,,,,,,0,,,,,,0,,,,,,1,297.6427001953125,297.6427001953125,297.6427001953125,297.6427001953125,0.0,,,,,,,,,,,,,,,,,,,,,"96:236.7209,297.6427",,,0,,,,,0,0,1,0,0,,,1,1,2,1
87|157|149|109|143|114|117|2|88|145|166|141|65|6|131|119|96|162|107|0,87|157|149|109|143|114|117|2|88|145|166|141|65|6|131|119|96|162|107|0,0,35,4,87|157|149|109|143|114|117|2|88|145|166|141|65|6|131|119|162|0,0|1|2|3|4|5|6|7|8|9|10|11|12|13|14|15|17|19,18,87|157|149|109|143|114|117|2|88|145|166|141|65|6|131|119|162|0,0|1|2|3|4|5|6|7|8|9|10|11|12|13|14|15|17|19,18,1,34,2,162.11622619628906,309.5832824707031,,,warmup,0,0,,,,,,,,,,,,,,,,,,,0,,,,,,0,,,,,,0,,,,,,0,,,,,,0,,,,,,0,,,,,,0,,,,,,0,,,,,,18,193.43678283691406,230.22886064317493,227.0279769897461,309.5832824707031,28.862112074395892,,,,,,,,,,,,,,,,,,,,,"87:324.5566,233.7232|157:244.8029,238.6123|149:220.1772,309.5833|109:221.6803,273.5496|143:232.9833,211.3116|114:237.4444,233.7512|117:223.1376,234.5595|2:220.6812,197.5286|88:194.4292,193.4368|145:202.2777,204.1594|166:247.6872,202.7977|141:191.9405,212.0165|65:242.5790,227.4713|6:237.8286,236.8044|131:233.6311,223.1270|119:217.0303,213.0210|162:294.1486,226.5846|0:206.9671,272.0816",,,0,,,,,1,1,1,0,0,,,1,1,2,1
87|157|149|109|143|114|117|2|88|145|166|141|65|6|131|119|96|162|107|0,87|157|149|109|143|114|117|2|88|145|166|141|65|6|131|119|96|162|107|0,0,36,1,107,18,1,107,18,1,1,18,19,283.2225646972656,283.2225646972656,,,cluster_too_small,0,0,,,,,,,,,,,,,,,,,,,0,,,,,,0,,,,,,0,,,,,,0,,,,,,0,,,,,,0,,,,,,0,,,,,,0,,,,,,1,283.2225646972656,283.2225646972656,283.2225646972656,283.2225646972656,0.0,,,,,,,,,,,,,,,,,,,,,"107:312.5265,299.3761,379.9345,337.0675,283.2226",,,0,,,,,0,0,1,1,1,,,18,18,2,1
87|157|149|109|143|114|117|2|88|145|166|141|65|6|131|119|96|162|107|0,87|157|149|109|143|114|117|2|88|145|166|141|65|6|131|119|96|162|107|0,0,36,3,96,16,1,96,16,1,1,34,3,243.90264892578125,243.90264892578125,,,cluster_too_small,0,0,,,,,,,,,,,,,,,,,,,0,,,,,,0,,,,,,0,,,,,,0,,,,,,0,,,,,,0,,,,,,0,,,,,,0,,,,,,1,243.90264892578125,243.90264892578125,243.90264892578125,243.90264892578125,0.0,,,,,,,,,,,,,,,,,,,,,"96:236.7209,297.6427,243.9026",,,0,,,,,0,0,1,0,0,,,2,2,2,1
87|157|149|109|143|114|117|2|88|145|166|141|65|6|131|119|96|162|107|0,87|157|149|109|143|114|117|2|88|145|166|141|65|6|131|119|96|162|107|0,0,36,4,87|157|149|109|143|114|117|2|88|145|166|141|65|6|131|119|162|0,0|1|2|3|4|5|6|7|8|9|10|11|12|13|14|15|17|19,18,87|157|149|109|143|114|117|2|88|145|166|141|65|6|131|119|162|0,0|1|2|3|4|5|6|7|8|9|10|11|12|13|14|15|17|19,18,1,34,3,161.80555725097656,285.4682922363281,,,warmup,0,0,,,,,,,,,,,,,,,,,,,0,,,,,,0,,,,,,0,,,,,,0,,,,,,0,,,,,,0,,,,,,0,,,,,,0,,,,,,18,189.76690673828125,227.8204574584961,220.52764892578125,285.4682922363281,28.603534173962267,,,,,,,,,,,,,,,,,,,,,"87:324.5566,233.7232,222.0969|157:244.8029,238.6123,234.0485|149:220.1772,309.5833,261.5375|109:221.6803,273.5496,260.0784|143:232.9833,211.3116,211.7482|114:237.4444,233.7512,267.0350|117:223.1376,234.5595,197.0397|2:220.6812,197.5286,218.9584|88:194.4292,193.4368,201.9890|145:202.2777,204.1594,189.7669|166:247.6872,202.7977,192.9817|141:191.9405,212.0165,204.8052|65:242.5790,227.4713,210.3265|6:237.8286,236.8044,211.3437|131:233.6311,223.1270,227.3548|119:217.0303,213.0210,233.1529|162:294.1486,226.5846,285.4683|0:206.9671,272.0816,271.0367",,,0,,,,,1,1,1,0,0,,,2,2,2,1
87|157|149|109|143|114|117|2|88|145|166|141|65|6|131|119|96|162|107|0,87|157|149|109|143|114|117|2|88|145|166|141|65|6|131|119|96|162|107|0,0,37,1,107,18,1,107,18,1,1,18,20,307.41705322265625,307.41705322265625,,,cluster_too_small,0,0,,,,,,,,,,,,,,,,,,,0,,,,,,0,,,,,,0,,,,,,0,,,,,,0,,,,,,0,,,,,,0,,,,,,0,,,,,,1,307.41705322265625,307.41705322265625,307.41705322265625,307.41705322265625,0.0,,,,,,,,,,,,,,,,,,,,,"107:299.3761,379.9345,337.0675,283.2226,307.4171",,,0,,,,,0,0,1,1,1,,,19,19,2,1
87|157|149|109|143|114|117|2|88|145|166|141|65|6|131|119|96|162|107|0,87|157|149|109|143|114|117|2|88|145|166|141|65|6|131|119|96|162|107|0,0,37,3,96,16,1,96,16,1,1,34,4,271.6608581542969,271.6608581542969,,,cluster_too_small,0,0,,,,,,,,,,,,,,,,,,,0,,,,,,0,,,,,,0,,,,,,0,,,,,,0,,,,,,0,,,,,,0,,,,,,0,,,,,,1,271.6608581542969,271.6608581542969,271.6608581542969,271.6608581542969,0.0,,,,,,,,,,,,,,,,,,,,,"96:236.7209,297.6427,243.9026,271.6609",,,0,,,,,0,0,1,0,0,,,3,3,2,1
87|157|149|109|143|114|117|2|88|145|166|141|65|6|131|119|96|162|107|0,87|157|149|109|143|114|117|2|88|145|166|141|65|6|131|119|96|162|107|0,0,37,4,87|157|149|109|143|114|117|2|88|145|166|141|65|6|131|119|162|0,0|1|2|3|4|5|6|7|8|9|10|11|12|13|14|15|17|19,18,87|157|149|109|143|114|117|2|88|145|166|141|65|6|131|119|162|0,0|1|2|3|4|5|6|7|8|9|10|11|12|13|14|15|17|19,18,1,34,4,161.801025390625,274.662353515625,,,warmup,0,0,,,,,,,,,,,,,,,,,,,0,,,,,,0,,,,,,0,,,,,,0,,,,,,0,,,,,,0,,,,,,0,,,,,,0,,,,,,18,194.95578002929688,223.10252804226346,216.47447967529297,274.662353515625,22.843628085493577,,,,,,,,,,,,,,,,,,,,,"87:324.5566,233.7232,222.0969,273.7586|157:244.8029,238.6123,234.0485,226.1541|149:220.1772,309.5833,261.5375,242.8414|109:221.6803,273.5496,260.0784,245.3737|143:232.9833,211.3116,211.7482,210.5858|114:237.4444,233.7512,267.0350,224.8674|117:223.1376,234.5595,197.0397,217.7287|2:220.6812,197.5286,218.9584,214.2219|88:194.4292,193.4368,201.9890,198.9595|145:202.2777,204.1594,189.7669,210.6220|166:247.6872,202.7977,192.9817,196.4074|141:191.9405,212.0165,204.8052,218.8467|65:242.5790,227.4713,210.3265,205.2659|6:237.8286,236.8044,211.3437,215.2203|131:233.6311,223.1270,227.3548,194.9558|119:217.0303,213.0210,233.1529,236.1738|162:294.1486,226.5846,285.4683,274.6624|0:206.9671,272.0816,271.0367,209.2002",,,0,,,,,1,1,1,0,0,,,3,3,2,1
87|157|149|109|143|114|117|2|88|145|166|141|65|6|131|119|96|162|107|0,87|157|149|109|143|114|117|2|88|145|166|141|65|6|131|119|96|162|107|0,0,38,1,107,18,1,107,18,1,1,18,21,312.51312255859375,312.51312255859375,,,cluster_too_small,0,0,,,,,,,,,,,,,,,,,,,0,,,,,,0,,,,,,0,,,,,,0,,,,,,0,,,,,,0,,,,,,0,,,,,,0,,,,,,1,312.51312255859375,312.51312255859375,312.51312255859375,312.51312255859375,0.0,,,,,,,,,,,,,,,,,,,,,"107:379.9345,337.0675,283.2226,307.4171,312.5131",,,0,,,,,0,0,1,1,1,,,20,20,2,1
87|157|149|109|143|114|117|2|88|145|166|141|65|6|131|119|96|162|107|0,87|157|149|109|143|114|117|2|88|145|166|141|65|6|131|119|96|162|107|0,0,38,3,96,16,1,96,16,1,1,34,5,223.45713806152344,223.45713806152344,,,cluster_too_small,0,0,,,,,,,,,,,,,,,,,,,0,,,,,,0,,,,,,0,,,,,,0,,,,,,0,,,,,,0,,,,,,0,,,,,,0,,,,,,1,223.45713806152344,223.45713806152344,223.45713806152344,223.45713806152344,0.0,,,,,,,,,,,,,,,,,,,,,"96:236.7209,297.6427,243.9026,271.6609,223.4571",,,0,,,,,0,0,1,0,0,,,4,4,2,1
87|157|149|109|143|114|117|2|88|145|166|141|65|6|131|119|96|162|107|0,87|157|149|109|143|114|117|2|88|145|166|141|65|6|131|119|96|162|107|0,0,38,4,87|157|149|109|143|114|117|2|88|145|166|141|65|6|131|119|162|0,0|1|2|3|4|5|6|7|8|9|10|11|12|13|14|15|17|19,18,87|157|149|109|143|114|117|2|88|145|166|141|65|6|131|119|162|0,0|1|2|3|4|5|6|7|8|9|10|11|12|13|14|15|17|19,18,1,34,5,160.79849243164062,276.0953063964844,,,warmup,0,0,,,,,,,,,,,,,,,,,,,0,,,,,,0,,,,,,0,,,,,,0,,,,,,0,,,,,,0,,,,,,0,,,,,,0,,,,,,18,174.67886352539062,220.04413096110025,221.10425567626953,276.0953063964844,24.70921465022297,,,,,,,,,,,,,,,,,,,,,"87:324.5566,233.7232,222.0969,273.7586,223.9555|157:244.8029,238.6123,234.0485,226.1541,199.0475|149:220.1772,309.5833,261.5375,242.8414,251.2433|109:221.6803,273.5496,260.0784,245.3737,260.7602|143:232.9833,211.3116,211.7482,210.5858,226.4436|114:237.4444,233.7512,267.0350,224.8674,198.5483|117:223.1376,234.5595,197.0397,217.7287,197.7383|2:220.6812,197.5286,218.9584,214.2219,206.9926|88:194.4292,193.4368,201.9890,198.9595,174.6789|145:202.2777,204.1594,189.7669,210.6220,224.9029|166:247.6872,202.7977,192.9817,196.4074,203.3557|141:191.9405,212.0165,204.8052,218.8467,195.4200|65:242.5790,227.4713,210.3265,205.2659,207.3055|6:237.8286,236.8044,211.3437,215.2203,218.2530|131:233.6311,223.1270,227.3548,194.9558,230.1854|119:217.0303,213.0210,233.1529,236.1738,236.3043|162:294.1486,226.5846,285.4683,274.6624,229.5641|0:206.9671,272.0816,271.0367,209.2002,276.0953",,,0,,,,,1,1,1,0,0,,,4,4,2,1
87|157|149|109|143|114|117|2|88|145|166|141|65|6|131|119|96|162|107|0,87|157|149|109|143|114|117|2|88|145|166|141|65|6|131|119|96|162|107|0,0,39,1,107,18,1,107,18,1,1,18,22,341.4486389160156,341.4486389160156,,,cluster_too_small,0,0,,,,,,,,,,,,,,,,,,,0,,,,,,0,,,,,,0,,,,,,0,,,,,,0,,,,,,0,,,,,,0,,,,,,0,,,,,,1,341.4486389160156,341.4486389160156,341.4486389160156,341.4486389160156,0.0,,,,,,,,,,,,,,,,,,,,,"107:337.0675,283.2226,307.4171,312.5131,341.4486",,,0,,,,,0,0,1,1,1,,,21,21,2,1
87|157|149|109|143|114|117|2|88|145|166|141|65|6|131|119|96|162|107|0,87|157|149|109|143|114|117|2|88|145|166|141|65|6|131|119|96|162|107|0,0,39,3,96,16,1,96,16,1,1,34,6,253.32762145996094,253.32762145996094,,,cluster_too_small,0,0,,,,,,,,,,,,,,,,,,,0,,,,,,0,,,,,,0,,,,,,0,,,,,,0,,,,,,0,,,,,,0,,,,,,0,,,,,,1,253.32762145996094,253.32762145996094,253.32762145996094,253.32762145996094,0.0,,,,,,,,,,,,,,,,,,,,,"96:297.6427,243.9026,271.6609,223.4571,253.3276",,,0,,,,,0,0,1,1,1,,,5,5,2,1
87|157|149|109|143|114|117|2|88|145|166|141|65|6|131|119|96|162|107|0,87|157|149|109|143|114|117|2|88|145|166|141|65|6|131|119|96|162|107|0,0,39,4,87|157|149|109|143|114|117|2|88|145|166|141|65|6|131|119|162|0,0|1|2|3|4|5|6|7|8|9|10|11|12|13|14|15|17|19,18,87|157|149|109|143|114|117|2|88|145|166|141|65|6|131|119|162|0,0|1|2|3|4|5|6|7|8|9|10|11|12|13|14|15|17|19,18,1,34,6,160.5413818359375,277.7175598144531,161.801025390625,304.7602844238281,eligible,0,0,,,,,,,,,,,,,,,,,,,0,,,,,,0,,,,,,0,,,,,,0,,,,,,0,,,,,,0,,,,,,0,,,,,,0,,,,,,18,198.16036987304688,218.02147589789496,211.91836547851562,277.7175598144531,18.765405652818266,,,,,,,,,,,,,,,,,,,,,"87:233.7232,222.0969,273.7586,223.9555,209.5055|157:238.6123,234.0485,226.1541,199.0475,218.6370|149:309.5833,261.5375,242.8414,251.2433,214.3312|109:273.5496,260.0784,245.3737,260.7602,240.6131|143:211.3116,211.7482,210.5858,226.4436,231.0382|114:233.7512,267.0350,224.8674,198.5483,207.1244|117:234.5595,197.0397,217.7287,197.7383,207.5106|2:197.5286,218.9584,214.2219,206.9926,199.1982|88:193.4368,201.9890,198.9595,174.6789,207.7611|145:204.1594,189.7669,210.6220,224.9029,198.1604|166:202.7977,192.9817,196.4074,203.3557,204.1459|141:212.0165,204.8052,218.8467,195.4200,204.9230|65:227.4713,210.3265,205.2659,207.3055,204.1780|6:236.8044,211.3437,215.2203,218.2530,217.8549|131:223.1270,227.3548,194.9558,230.1854,219.3353|119:213.0210,233.1529,236.1738,236.3043,227.8817|162:226.5846,285.4683,274.6624,229.5641,277.7176|0:272.0816,271.0367,209.2002,276.0953,234.4706",,,0,,,,,1,1,1,1,1,True,False,5,5,2,1
87|157|149|109|143|114|117|2|88|145|166|141|65|6|131|119|96|162|107|0,87|157|149|109|143|114|117|2|88|145|166|141|65|6|131|119|96|162|107|0,0,40,1,107,18,1,107,18,1,1,18,23,277.24884033203125,277.24884033203125,,,cluster_too_small,0,0,,,,,,,,,,,,,,,,,,,0,,,,,,0,,,,,,0,,,,,,0,,,,,,0,,,,,,0,,,,,,0,,,,,,0,,,,,,1,277.24884033203125,277.24884033203125,277.24884033203125,277.24884033203125,0.0,,,,,,,,,,,,,,,,,,,,,"107:283.2226,307.4171,312.5131,341.4486,277.2488",,,0,,,,,0,0,1,1,1,,,22,22,2,1
87|157|149|109|143|114|117|2|88|145|166|141|65|6|131|119|96|162|107|0,87|157|149|109|143|114|117|2|88|145|166|141|65|6|131|119|96|162|107|0,0,40,3,96,16,1,96,16,1,1,34,7,236.61639404296875,236.61639404296875,,,cluster_too_small,0,0,,,,,,,,,,,,,,,,,,,0,,,,,,0,,,,,,0,,,,,,0,,,,,,0,,,,,,0,,,,,,0,,,,,,0,,,,,,1,236.61639404296875,236.61639404296875,236.61639404296875,236.61639404296875,0.0,,,,,,,,,,,,,,,,,,,,,"96:243.9026,271.6609,223.4571,253.3276,236.6164",,,0,,,,,0,0,1,1,1,,,6,6,2,1
87|157|149|109|143|114|117|2|88|145|166|141|65|6|131|119|96|162|107|0,87|157|149|109|143|114|117|2|88|145|166|141|65|6|131|119|96|162|107|0,0,40,4,87|157|149|109|143|114|117|2|88|145|166|141|65|6|131|119|162|0,0|1|2|3|4|5|6|7|8|9|10|11|12|13|14|15|17|19,18,87|157|149|109|143|114|117|2|88|145|166|141|65|6|131|119|162|0,0|1|2|3|4|5|6|7|8|9|10|11|12|13|14|15|17|19,18,1,34,7,160.92172241210938,266.38470458984375,161.04912567138672,297.5257873535156,eligible,0,0,,,,,,,,,,,,,,,,,,,0,,,,,,0,,,,,,0,,,,,,0,,,,,,0,,,,,,0,,,,,,0,,,,,,0,,,,,,18,178.17604064941406,218.9838621351454,218.05172729492188,266.38470458984375,21.46519758495568,,,,,,,,,,,,,,,,,,,,,"87:222.0969,273.7586,223.9555,209.5055,238.2436|157:234.0485,226.1541,199.0475,218.6370,218.1425|149:261.5375,242.8414,251.2433,214.3312,234.3044|109:260.0784,245.3737,260.7602,240.6131,235.3300|143:211.7482,210.5858,226.4436,231.0382,226.3863|114:267.0350,224.8674,198.5483,207.1244,212.2502|117:197.0397,217.7287,197.7383,207.5106,217.9610|2:218.9584,214.2219,206.9926,199.1982,191.3125|88:201.9890,198.9595,174.6789,207.7611,178.1760|145:189.7669,210.6220,224.9029,198.1604,206.8798|166:192.9817,196.4074,203.3557,204.1459,204.2156|141:204.8052,218.8467,195.4200,204.9230,185.9741|65:210.3265,205.2659,207.3055,204.1780,214.1825|6:211.3437,215.2203,218.2530,217.8549,222.0151|131:227.3548,194.9558,230.1854,219.3353,230.6935|119:233.1529,236.1738,236.3043,227.8817,209.7446|162:285.4683,274.6624,229.5641,277.7176,249.5132|0:271.0367,209.2002,276.0953,234.4706,266.3847",,,0,,,,,1,1,1,1,1,True,False,6,6,2,1
87|157|149|109|143|114|117|2|88|145|166|141|65|6|131|119|96|162|107|0,87|157|149|109|143|114|117|2|88|145|166|141|65|6|131|119|96|162|107|0,0,41,1,107,18,1,107,18,1,1,18,24,291.4476623535156,291.4476623535156,,,cluster_too_small,0,0,,,,,,,,,,,,,,,,,,,0,,,,,,0,,,,,,0,,,,,,0,,,,,,0,,,,,,0,,,,,,0,,,,,,0,,,,,,1,291.4476623535156,291.4476623535156,291.4476623535156,291.4476623535156,0.0,,,,,,,,,,,,,,,,,,,,,"107:307.4171,312.5131,341.4486,277.2488,291.4477",,,0,,,,,0,0,1,1,1,,,23,23,2,1
87|157|149|109|143|114|117|2|88|145|166|141|65|6|131|119|96|162|107|0,87|157|149|109|143|114|117|2|88|145|166|141|65|6|131|119|96|162|107|0,0,41,3,96,16,1,96,16,1,1,34,8,228.1020050048828,228.1020050048828,,,cluster_too_small,0,0,,,,,,,,,,,,,,,,,,,0,,,,,,0,,,,,,0,,,,,,0,,,,,,0,,,,,,0,,,,,,0,,,,,,0,,,,,,1,228.1020050048828,228.1020050048828,228.1020050048828,228.1020050048828,0.0,,,,,,,,,,,,,,,,,,,,,"96:271.6609,223.4571,253.3276,236.6164,228.1020",,,0,,,,,0,0,1,1,1,,,7,7,2,1
87|157|149|109|143|114|117|2|88|145|166|141|65|6|131|119|96|162|107|0,87|157|149|109|143|114|117|2|88|145|166|141|65|6|131|119|96|162|107|0,0,41,4,87|157|149|109|143|114|117|2|88|145|166|141|65|6|131|119|162|0,0|1|2|3|4|5|6|7|8|9|10|11|12|13|14|15|17|19,18,87|157|149|109|143|114|117|2|88|145|166|141|65|6|131|119|162|0,0|1|2|3|4|5|6|7|8|9|10|11|12|13|14|15|17|19,18,1,34,8,162.7021942138672,238.13002014160156,160.860107421875,290.2912902832031,eligible,0,0,,,,,,,,,,,,,,,,,,,0,,,,,,0,,,,,,0,,,,,,0,,,,,,0,,,,,,0,,,,,,0,,,,,,0,,,,,,18,182.34857177734375,217.8567657470703,221.13115692138672,238.13002014160156,15.174274480864641,,,,,,,,,,,,,,,,,,,,,"87:273.7586,223.9555,209.5055,238.2436,215.6986|157:226.1541,199.0475,218.6370,218.1425,214.0250|149:242.8414,251.2433,214.3312,234.3044,209.3494|109:245.3737,260.7602,240.6131,235.3300,238.1300|143:210.5858,226.4436,231.0382,226.3863,221.9055|114:224.8674,198.5483,207.1244,212.2502,220.3568|117:217.7287,197.7383,207.5106,217.9610,214.2070|2:214.2219,206.9926,199.1982,191.3125,186.1783|88:198.9595,174.6789,207.7611,178.1760,182.3486|145:210.6220,224.9029,198.1604,206.8798,237.5514|166:196.4074,203.3557,204.1459,204.2156,230.4533|141:218.8467,195.4200,204.9230,185.9741,206.6743|65:205.2659,207.3055,204.1780,214.1825,224.3652|6:215.2203,218.2530,217.8549,222.0151,228.8049|131:194.9558,230.1854,219.3353,230.6935,206.6344|119:236.1738,236.3043,227.8817,209.7446,222.8333|162:274.6624,229.5641,277.7176,249.5132,228.3010|0:209.2002,276.0953,234.4706,266.3847,233.6049",,,0,,,,,1,1,1,1,1,False,False,7,7,2,1
87|157|149|109|143|114|117|2|88|145|166|141|65|6|131|119|96|162|107|0,87|157|149|109|143|114|117|2|88|145|166|141|65|6|131|119|96|162|107|0,0,42,1,107,18,1,107,18,1,1,18,25,380.1279602050781,380.1279602050781,,,cluster_too_small,0,0,,,,,,,,,,,,,,,,,,,0,,,,,,0,,,,,,0,,,,,,0,,,,,,0,,,,,,0,,,,,,0,,,,,,0,,,,,,1,380.1279602050781,380.1279602050781,380.1279602050781,380.1279602050781,0.0,,,,,,,,,,,,,,,,,,,,,"107:312.5131,341.4486,277.2488,291.4477,380.1280",,,0,,,,,0,0,1,1,1,,,24,24,2,1
87|157|149|109|143|114|117|2|88|145|166|141|65|6|131|119|96|162|107|0,87|157|149|109|143|114|117|2|88|145|166|141|65|6|131|119|96|162|107|0,0,42,3,96,16,1,96,16,1,1,34,9,268.8532409667969,268.8532409667969,,,cluster_too_small,0,0,,,,,,,,,,,,,,,,,,,0,,,,,,0,,,,,,0,,,,,,0,,,,,,0,,,,,,0,,,,,,0,,,,,,0,,,,,,1,268.8532409667969,268.8532409667969,268.8532409667969,268.8532409667969,0.0,,,,,,,,,,,,,,,,,,,,,"96:223.4571,253.3276,236.6164,228.1020,268.8532",,,0,,,,,0,0,1,1,1,,,8,8,2,1
87|157|149|109|143|114|117|2|88|145|166|141|65|6|131|119|96|162|107|0,87|157|149|109|143|114|117|2|88|145|166|141|65|6|131|119|96|162|107|0,0,42,4,87|157|149|109|143|114|117|2|88|145|166|141|65|6|131|119|162|0,0|1|2|3|4|5|6|7|8|9|10|11|12|13|14|15|17|19,18,87|157|149|109|143|114|117|2|88|145|166|141|65|6|131|119|162|0,0|1|2|3|4|5|6|7|8|9|10|11|12|13|14|15|17|19,18,1,34,9,164.46800231933594,249.323974609375,160.8909149169922,284.69321899414064,eligible,0,0,,,,,,,,,,,,,,,,,,,0,,,,,,0,,,,,,0,,,,,,0,,,,,,0,,,,,,0,,,,,,0,,,,,,0,,,,,,18,184.821044921875,214.25740559895834,211.9134979248047,249.323974609375,15.456989014333358,,,,,,,,,,,,,,,,,,,,,"87:223.9555,209.5055,238.2436,215.6986,217.1387|157:199.0475,218.6370,218.1425,214.0250,211.6029|149:251.2433,214.3312,234.3044,209.3494,225.8372|109:260.7602,240.6131,235.3300,238.1300,241.3796|143:226.4436,231.0382,226.3863,221.9055,209.4715|114:198.5483,207.1244,212.2502,220.3568,202.8092|117:197.7383,207.5106,217.9610,214.2070,231.4193|2:206.9926,199.1982,191.3125,186.1783,208.2781|88:174.6789,207.7611,178.1760,182.3486,184.8210|145:224.9029,198.1604,206.8798,237.5514,202.2972|166:203.3557,204.1459,204.2156,230.4533,195.8284|141:195.4200,204.9230,185.9741,206.6743,215.9384|65:207.3055,204.1780,214.1825,224.3652,224.5078|6:218.2530,217.8549,222.0151,228.8049,249.3240|131:230.1854,219.3353,230.6935,206.6344,212.2241|119:236.3043,227.8817,209.7446,222.8333,211.3439|162:229.5641,277.7176,249.5132,228.3010,199.0567|0:276.0953,234.4706,266.3847,233.6049,213.3553",,,0,,,,,1,1,1,1,1,False,False,8,8,2,1
87|157|149|109|143|114|117|2|88|145|166|141|65|6|131|119|96|162|107|0,87|157|149|109|143|114|117|2|88|145|166|141|65|6|131|119|96|162|107|0,0,43,1,107,18,1,107,18,1,1,18,26,432.14837646484375,432.14837646484375,,,cluster_too_small,0,0,,,,,,,,,,,,,,,,,,,0,,,,,,0,,,,,,0,,,,,,0,,,,,,0,,,,,,0,,,,,,0,,,,,,0,,,,,,1,432.14837646484375,432.14837646484375,432.14837646484375,432.14837646484375,0.0,,,,,,,,,,,,,,,,,,,,,"107:341.4486,277.2488,291.4477,380.1280,432.1484",,,0,,,,,0,0,1,1,1,,,25,25,2,1
87|157|149|109|143|114|117|2|88|145|166|141|65|6|131|119|96|162|107|0,87|157|149|109|143|114|117|2|88|145|166|141|65|6|131|119|96|162|107|0,0,43,3,96,16,1,96,16,1,1,34,10,272.0639343261719,272.0639343261719,,,cluster_too_small,0,0,,,,,,,,,,,,,,,,,,,0,,,,,,0,,,,,,0,,,,,,0,,,,,,0,,,,,,0,,,,,,0,,,,,,0,,,,,,1,272.0639343261719,272.0639343261719,272.0639343261719,272.0639343261719,0.0,,,,,,,,,,,,,,,,,,,,,"96:253.3276,236.6164,228.1020,268.8532,272.0639",,,0,,,,,0,0,1,1,1,,,9,9,2,1
87|157|149|109|143|114|117|2|88|145|166|141|65|6|131|119|96|162|107|0,87|157|149|109|143|114|117|2|88|145|166|141|65|6|131|119|96|162|107|0,0,43,4,87|157|149|109|143|114|117|2|88|145|166|141|65|6|131|119|162|0,0|1|2|3|4|5|6|7|8|9|10|11|12|13|14|15|17|19,18,87|157|149|109|143|114|117|2|88|145|166|141|65|6|131|119|162|0,0|1|2|3|4|5|6|7|8|9|10|11|12|13|14|15|17|19,18,1,34,10,161.34605407714844,290.6833801269531,160.92172241210938,282.3679992675781,eligible,0,0,,,,,,,,,,,,,,,,,,,0,,,,,,0,,,,,,0,,,,,,0,,,,,,0,,,,,,0,,,,,,0,,,,,,0,,,,,,18,184.87460327148438,219.71612548828125,211.1543197631836,290.6833801269531,27.039287275553054,,,,,,,,,,,,,,,,,,,,,"87:209.5055,238.2436,215.6986,217.1387,249.2041|157:218.6370,218.1425,214.0250,211.6029,248.5514|149:214.3312,234.3044,209.3494,225.8372,253.5138|109:240.6131,235.3300,238.1300,241.3796,230.9278|143:231.0382,226.3863,221.9055,209.4715,205.6385|114:207.1244,212.2502,220.3568,202.8092,206.2691|117:207.5106,217.9610,214.2070,231.4193,213.7166|2:199.1982,191.3125,186.1783,208.2781,195.0300|88:207.7611,178.1760,182.3486,184.8210,184.8746|145:198.1604,206.8798,237.5514,202.2972,187.4321|166:204.1459,204.2156,230.4533,195.8284,194.4474|141:204.9230,185.9741,206.6743,215.9384,196.3006|65:204.1780,214.1825,224.3652,224.5078,202.4121|6:217.8549,222.0151,228.8049,249.3240,229.0868|131:219.3353,230.6935,206.6344,212.2241,208.5920|119:227.8817,209.7446,222.8333,211.3439,228.7916|162:277.7176,249.5132,228.3010,199.0567,229.4185|0:234.4706,266.3847,233.6049,213.3553,290.6834",,,0,,,,,1,1,1,1,1,False,True,9,9,2,1
87|157|149|109|143|114|117|2|88|145|166|141|65|6|131|119|96|162|107|0,87|157|149|109|143|114|117|2|88|145|166|141|65|6|131|119|96|162|107|0,0,44,1,107,18,1,107,18,1,1,18,27,367.24884033203125,367.24884033203125,,,cluster_too_small,0,0,,,,,,,,,,,,,,,,,,,0,,,,,,0,,,,,,0,,,,,,0,,,,,,0,,,,,,0,,,,,,0,,,,,,0,,,,,,1,367.24884033203125,367.24884033203125,367.24884033203125,367.24884033203125,0.0,,,,,,,,,,,,,,,,,,,,,"107:277.2488,291.4477,380.1280,432.1484,367.2488",,,0,,,,,0,0,1,1,1,,,26,26,2,1
87|157|149|109|143|114|117|2|88|145|166|141|65|6|131|119|96|162|107|0,87|157|149|109|143|114|117|2|88|145|166|141|65|6|131|119|96|162|107|0,0,44,3,96,16,1,96,16,1,1,34,11,297.32000732421875,297.32000732421875,,,cluster_too_small,0,0,,,,,,,,,,,,,,,,,,,0,,,,,,0,,,,,,0,,,,,,0,,,,,,0,,,,,,0,,,,,,0,,,,,,0,,,,,,1,297.32000732421875,297.32000732421875,297.32000732421875,297.32000732421875,0.0,,,,,,,,,,,,,,,,,,,,,"96:236.6164,228.1020,268.8532,272.0639,297.3200",,,0,,,,,0,0,1,1,1,,,10,10,2,1
87|157|149|109|143|114|117|2|88|145|166|141|65|6|131|119|96|162|107|0,87|157|149|109|143|114|117|2|88|145|166|141|65|6|131|119|96|162|107|0,0,44,4,87|157|149|109|143|114|117|2|88|145|166|141|65|6|131|119|162|0,0|1|2|3|4|5|6|7|8|9|10|11|12|13|14|15|17|19,18,87|157|149|109|143|114|117|2|88|145|166|141|65|6|131|119|162|0,0|1|2|3|4|5|6|7|8|9|10|11|12|13|14|15|17|19,18,1,34,11,161.8201141357422,253.1763916015625,161.02780532836914,287.03281860351564,eligible,0,0,,,,,,,,,,,,,,,,,,,0,,,,,,0,,,,,,0,,,,,,0,,,,,,0,,,,,,0,,,,,,0,,,,,,0,,,,,,18,183.18382263183594,208.2774141099718,197.67211151123047,253.1763916015625,19.95080058643425,,,,,,,,,,,,,,,,,,,,,"87:238.2436,215.6986,217.1387,249.2041,195.5130|157:218.1425,214.0250,211.6029,248.5514,232.6819|149:234.3044,209.3494,225.8372,253.5138,199.8312|109:235.3300,238.1300,241.3796,230.9278,253.1764|143:226.3863,221.9055,209.4715,205.6385,209.3655|114:212.2502,220.3568,202.8092,206.2691,192.9870|117:217.9610,214.2070,231.4193,213.7166,193.9036|2:191.3125,186.1783,208.2781,195.0300,188.8840|88:178.1760,182.3486,184.8210,184.8746,183.1838|145:206.8798,237.5514,202.2972,187.4321,217.7708|166:204.2156,230.4533,195.8284,194.4474,194.9889|141:185.9741,206.6743,215.9384,196.3006,191.8048|65:214.1825,224.3652,224.5078,202.4121,212.4658|6:222.0151,228.8049,249.3240,229.0868,234.9764|131:230.6935,206.6344,212.2241,208.5920,242.8705|119:209.7446,222.8333,211.3439,228.7916,194.9414|162:249.5132,228.3010,199.0567,229.4185,194.7083|0:266.3847,233.6049,213.3553,290.6834,214.9402",,,0,,,,,1,1,1,1,1,False,False,10,10,2,1
87|157|149|109|143|114|117|2|88|145|166|141|65|6|131|119|96|162|107|0,87|157|149|109|143|114|117|2|88|145|166|141|65|6|131|119|96|162|107|0,0,45,1,107,18,1,107,18,1,1,18,28,284.5146484375,284.5146484375,,,cluster_too_small,0,0,,,,,,,,,,,,,,,,,,,0,,,,,,0,,,,,,0,,,,,,0,,,,,,0,,,,,,0,,,,,,0,,,,,,0,,,,,,1,284.5146484375,284.5146484375,284.5146484375,284.5146484375,0.0,,,,,,,,,,,,,,,,,,,,,"107:291.4477,380.1280,432.1484,367.2488,284.5146",,,0,,,,,0,0,1,1,1,,,27,27,2,1
87|157|149|109|143|114|117|2|88|145|166|141|65|6|131|119|96|162|107|0,87|157|149|109|143|114|117|2|88|145|166|141|65|6|131|119|96|162|107|0,0,45,3,96,16,1,96,16,1,1,34,12,407.47796630859375,407.47796630859375,,,cluster_too_small,0,0,,,,,,,,,,,,,,,,,,,0,,,,,,0,,,,,,0,,,,,,0,,,,,,0,,,,,,0,,,,,,0,,,,,,0,,,,,,1,407.47796630859375,407.47796630859375,407.47796630859375,407.47796630859375,0.0,,,,,,,,,,,,,,,,,,,,,"96:228.1020,268.8532,272.0639,297.3200,407.4780",,,0,,,,,0,0,1,1,1,,,11,11,2,1
87|157|149|109|143|114|117|2|88|145|166|141|65|6|131|119|96|162|107|0,87|157|149|109|143|114|117|2|88|145|166|141|65|6|131|119|96|162|107|0,0,45,4,87|157|149|109|143|114|117|2|88|145|166|141|65|6|131|119|162|0,0|1|2|3|4|5|6|7|8|9|10|11|12|13|14|15|17|19,18,87|157|149|109|143|114|117|2|88|145|166|141|65|6|131|119|162|0,0|1|2|3|4|5|6|7|8|9|10|11|12|13|14|15|17|19,18,1,34,12,159.82846069335938,270.76141357421875,161.1338882446289,285.4682922363281,eligible,0,0,,,,,,,,,,,,,,,,,,,0,,,,,,0,,,,,,0,,,,,,0,,,,,,0,,,,,,0,,,,,,0,,,,,,0,,,,,,18,180.12583923339844,208.19901445176868,200.1372833251953,270.76141357421875,22.72434500315516,,,,,,,,,,,,,,,,,,,,,"87:215.6986,217.1387,249.2041,195.5130,223.5594|157:214.0250,211.6029,248.5514,232.6819,190.6204|149:209.3494,225.8372,253.5138,199.8312,210.4906|109:238.1300,241.3796,230.9278,253.1764,239.0872|143:221.9055,209.4715,205.6385,209.3655,199.8028|114:220.3568,202.8092,206.2691,192.9870,199.5401|117:214.2070,231.4193,213.7166,193.9036,192.8328|2:186.1783,208.2781,195.0300,188.8840,188.7280|88:182.3486,184.8210,184.8746,183.1838,200.4718|145:237.5514,202.2972,187.4321,217.7708,216.2826|166:230.4533,195.8284,194.4474,194.9889,186.5738|141:206.6743,215.9384,196.3006,191.8048,189.9642|65:224.3652,224.5078,202.4121,212.4658,180.1258|6:228.8049,249.3240,229.0868,234.9764,217.7043|131:206.6344,212.2241,208.5920,242.8705,203.4716|119:222.8333,211.3439,228.7916,194.9414,195.6954|162:228.3010,199.0567,229.4185,194.7083,270.7614|0:233.6049,213.3553,290.6834,214.9402,241.8699",,,0,,,,,1,1,1,1,1,True,False,11,11,2,1
87|157|149|109|143|114|117|2|88|145|166|141|65|6|131|119|96|162|107|0,87|157|149|109|143|114|117|2|88|145|166|141|65|6|131|119|96|162|107|0,0,46,1,107,18,1,107,18,1,1,18,29,435.576904296875,435.576904296875,,,cluster_too_small,0,0,,,,,,,,,,,,,,,,,,,0,,,,,,0,,,,,,0,,,,,,0,,,,,,0,,,,,,0,,,,,,0,,,,,,0,,,,,,1,435.576904296875,435.576904296875,435.576904296875,435.576904296875,0.0,,,,,,,,,,,,,,,,,,,,,"107:380.1280,432.1484,367.2488,284.5146,435.5769",,,0,,,,,0,0,1,1,1,,,28,28,2,1
87|157|149|109|143|114|117|2|88|145|166|141|65|6|131|119|96|162|107|0,87|157|149|109|143|114|117|2|88|145|166|141|65|6|131|119|96|162|107|0,0,46,3,96,16,1,96,16,1,1,34,13,352.22821044921875,352.22821044921875,,,cluster_too_small,0,0,,,,,,,,,,,,,,,,,,,0,,,,,,0,,,,,,0,,,,,,0,,,,,,0,,,,,,0,,,,,,0,,,,,,0,,,,,,1,352.22821044921875,352.22821044921875,352.22821044921875,352.22821044921875,0.0,,,,,,,,,,,,,,,,,,,,,"96:268.8532,272.0639,297.3200,407.4780,352.2282",,,0,,,,,0,0,1,1,1,,,12,12,2,1
87|157|149|109|143|114|117|2|88|145|166|141|65|6|131|119|96|162|107|0,87|157|149|109|143|114|117|2|88|145|166|141|65|6|131|119|96|162|107|0,0,46,4,87|157|149|109|143|114|117|2|88|145|166|141|65|6|131|119|162|0,0|1|2|3|4|5|6|7|8|9|10|11|12|13|14|15|17|19,18,87|157|149|109|143|114|117|2|88|145|166|141|65|6|131|119|162|0,0|1|2|3|4|5|6|7|8|9|10|11|12|13|14|15|17|19,18,1,34,13,162.3589630126953,228.61276245117188,160.8909149169922,283.1430725097656,eligible,0,0,,,,,,,,,,,,,,,,,,,0,,,,,,0,,,,,,0,,,,,,0,,,,,,0,,,,,,0,,,,,,0,,,,,,0,,,,,,18,190.81793212890625,206.94176144070096,206.97308349609375,228.61276245117188,9.985133354613035,,,,,,,,,,,,,,,,,,,,,"87:217.1387,249.2041,195.5130,223.5594,222.3220|157:211.6029,248.5514,232.6819,190.6204,193.1479|149:225.8372,253.5138,199.8312,210.4906,217.0146|109:241.3796,230.9278,253.1764,239.0872,199.8847|143:209.4715,205.6385,209.3655,199.8028,209.6250|114:202.8092,206.2691,192.9870,199.5401,228.6128|117:231.4193,213.7166,193.9036,192.8328,201.7003|2:208.2781,195.0300,188.8840,188.7280,198.4411|88:184.8210,184.8746,183.1838,200.4718,211.2170|145:202.2972,187.4321,217.7708,216.2826,193.4354|166:195.8284,194.4474,194.9889,186.5738,190.8179|141:215.9384,196.3006,191.8048,189.9642,204.8433|65:224.5078,202.4121,212.4658,180.1258,210.4862|6:249.3240,229.0868,234.9764,217.7043,209.1029|131:212.2241,208.5920,242.8705,203.4716,213.9069|119:211.3439,228.7916,194.9414,195.6954,215.0477|162:199.0567,229.4185,194.7083,270.7614,200.7991|0:213.3553,290.6834,214.9402,241.8699,204.5470",,,0,,,,,1,1,1,1,1,False,False,12,12,2,1
87|157|149|109|143|114|117|2|88|145|166|141|65|6|131|119|96|162|107|0,87|157|149|109|143|114|117|2|88|145|166|141|65|6|131|119|96|162|107|0,0,47,1,107,18,1,107,18,1,1,18,30,296.6897888183594,296.6897888183594,,,cluster_too_small,0,0,,,,,,,,,,,,,,,,,,,0,,,,,,0,,,,,,0,,,,,,0,,,,,,0,,,,,,0,,,,,,0,,,,,,0,,,,,,1,296.6897888183594,296.6897888183594,296.6897888183594,296.6897888183594,0.0,,,,,,,,,,,,,,,,,,,,,"107:432.1484,367.2488,284.5146,435.5769,296.6898",,,0,,,,,0,0,1,1,1,,,29,29,2,1
87|157|149|109|143|114|117|2|88|145|166|141|65|6|131|119|96|162|107|0,87|157|149|109|143|114|117|2|88|145|166|141|65|6|131|119|96|162|107|0,0,47,3,96,16,1,96,16,1,1,34,14,292.98162841796875,292.98162841796875,,,cluster_too_small,0,0,,,,,,,,,,,,,,,,,,,0,,,,,,0,,,,,,0,,,,,,0,,,,,,0,,,,,,0,,,,,,0,,,,,,0,,,,,,1,292.98162841796875,292.98162841796875,292.98162841796875,292.98162841796875,0.0,,,,,,,,,,,,,,,,,,,,,"96:272.0639,297.3200,407.4780,352.2282,292.9816",,,0,,,,,0,0,1,1,1,,,13,13,2,1
87|157|149|109|143|114|117|2|88|145|166|141|65|6|131|119|96|162|107|0,87|157|149|109|143|114|117|2|88|145|166|141|65|6|131|119|96|162|107|0,0,47,4,87|157|149|109|143|114|117|2|88|145|166|141|65|6|131|119|162|0,0|1|2|3|4|5|6|7|8|9|10|11|12|13|14|15|17|19,18,87|157|149|109|143|114|117|2|88|145|166|141|65|6|131|119|162|0,0|1|2|3|4|5|6|7|8|9|10|11|12|13|14|15|17|19,18,1,34,14,160.77529907226562,291.1495666503906,160.92172241210938,280.81785278320314,eligible,1,1,valid_cut,,0.11399486267261716,5.0,6.0,5|6,1.0,17.0,1.0,17.0,0.058823529411764705,162,87|157|149|109|143|114|117|2|88|145|166|141|65|6|131|119|0,left,162,data_3800_4_7.5_chordal,109.61995901469312,271.37086486816406,153,31.914749145507812,109.61995901469312,99.31890869140625,271.37086486816406,45.902282556337845,153,0.0036714646424610468,0.010868794254001756,0.009968210510304967,0.030381516674462625,0.0050145755150814075,0,,,,,,136,31.914749145507812,104.16973057915183,94.77892303466797,271.37086486816406,44.714339798454596,17,113.87834167480469,153.22178649902344,153.88275146484375,210.64662170410156,28.799985174885848,0,,,,,,136,0.0036714646424610468,0.01138919601610038,0.010440715091539484,0.030381516674462625,0.005066595898236204,17,0.004724856895651648,0.006705580157212775,0.0064564968696787794,0.008704861033168289,0.0012048488835654392,18,177.0822296142578,212.02529568142361,207.09497833251953,291.1495666503906,26.757236756123696,87:102.0234|157:107.2132|149:97.2314|109:118.5859|143:83.8905|114:90.6329|117:84.7299|2:101.1887|88:123.3771|145:96.9984|166:121.2171|141:156.8005|65:94.6929|6:114.0538|131:92.1307|119:78.5920|162:153.2218|0:156.5791,87:0.0114|157:0.0102|149:0.0118|109:0.0104|143:0.0142|114:0.0130|117:0.0129|2:0.0123|88:0.0096|145:0.0114|166:0.0103|141:0.0068|65:0.0124|6:0.0095|131:0.0120|119:0.0140|162:0.0067|0:0.0068,87:0.1942|157:0.1731|149:0.2013|109:0.1769|143:0.2414|114:0.2204|117:0.2194|2:0.2099|88:0.1636|145:0.1937|166:0.1743|141:0.1152|65:0.2107|6:0.1614|131:0.2034|119:0.2374|162:0.1140|0:0.1155,87:173.7469|157:193.0206|149:178.9558|109:223.4035|143:157.0548|114:150.0728|117:169.4574|2:189.6615|88:210.6466|145:170.2443|166:207.1418|141:271.3709|65:170.8693|6:178.1319|131:168.0066|119:147.4333|162:210.6466|0:271.3709,87:141(173.7469)|157:141(193.0206)|149:141(178.9558)|109:141(223.4035)|143:162(157.0548)|114:0(150.0728)|117:0(169.4574)|2:0(189.6615)|88:162(210.6466)|145:0(170.2443)|166:162(207.1418)|141:0(271.3709)|65:0(170.8693)|6:166(178.1319)|131:141(168.0066)|119:141(147.4333)|162:88(210.6466)|0:141(271.3709),87:141(0.0057)|157:141(0.0052)|149:141(0.0056)|109:141(0.0045)|143:162(0.0063)|114:0(0.0066)|117:0(0.0059)|2:0(0.0052)|88:162(0.0047)|145:0(0.0058)|166:162(0.0048)|141:0(0.0037)|65:0(0.0058)|6:166(0.0056)|131:141(0.0059)|119:141(0.0067)|162:88(0.0047)|0:141(0.0037),271.37086486816406,141,0,11.0,19.0,0.0036714646424610468,141,0,11.0,19.0,0.11399486267261717,210.64662170410156,88,0.0,"87:249.2041,195.5130,223.5594,222.3220,215.7580|157:248.5514,232.6819,190.6204,193.1479,197.9862|149:253.5138,199.8312,210.4906,217.0146,205.1190|109:230.9278,253.1764,239.0872,199.8847,217.8265|143:205.6385,209.3655,199.8028,209.6250,204.8082|114:206.2691,192.9870,199.5401,228.6128,193.9939|117:213.7166,193.9036,192.8328,201.7003,227.4084|2:195.0300,188.8840,188.7280,198.4411,198.2029|88:184.8746,183.1838,200.4718,211.2170,177.0822|145:187.4321,217.7708,216.2826,193.4354,216.9624|166:194.4474,194.9889,186.5738,190.8179,178.2133|141:196.3006,191.8048,189.9642,204.8433,291.1496|65:202.4121,212.4658,180.1258,210.4862,209.8580|6:229.0868,234.9764,217.7043,209.1029,232.3028|131:208.5920,242.8705,203.4716,213.9069,209.0710|119:228.7916,194.9414,195.6954,215.0477,195.2794|162:229.4185,194.7083,270.7614,200.7991,255.9347|0:290.6834,214.9402,241.8699,204.5470,189.4988",3.0,18.0,1,"[{""pos"":0,""member_idx"":0,""graph_id"":""87"",""dataset_id"":""data_4100_3_7.0_chordal""},{""pos"":1,""member_idx"":1,""graph_id"":""157"",""dataset_id"":""data_4200_3_6.0_chordal""},{""pos"":2,""member_idx"":2,""graph_id"":""149"",""dataset_id"":""data_4200_3_6.5_chordal""},{""pos"":3,""member_idx"":3,""graph_id"":""109"",""dataset_id"":""data_4200_3_7.5_chordal""},{""pos"":4,""member_idx"":4,""graph_id"":""143"",""dataset_id"":""data_4200_3_3.0_chordal""},{""pos"":5,""member_idx"":5,""graph_id"":""114"",""dataset_id"":""data_4100_3_3.0_chordal""},{""pos"":6,""member_idx"":6,""graph_id"":""117"",""dataset_id"":""data_4000_3_3.0_chordal""},{""pos"":7,""member_idx"":7,""graph_id"":""2"",""dataset_id"":""data_3800_3_3.5_chordal""},{""pos"":8,""member_idx"":8,""graph_id"":""88"",""dataset_id"":""data_3800_4_4.5_chordal""},{""pos"":9,""member_idx"":9,""graph_id"":""145"",""dataset_id"":""data_4200_4_4.5_chordal""},{""pos"":10,""member_idx"":10,""graph_id"":""166"",""dataset_id"":""data_4100_4_4.0_chordal""},{""pos"":11,""member_idx"":11,""graph_id"":""141"",""dataset_id"":""data_4100_4_4.5_chordal""},{""pos"":12,""member_idx"":12,""graph_id"":""65"",""dataset_id"":""data_3900_4_2.0_chordal""},{""pos"":13,""member_idx"":13,""graph_id"":""6"",""dataset_id"":""data_4200_4_2.0_chordal""},{""pos"":14,""member_idx"":14,""graph_id"":""131"",""dataset_id"":""data_4100_4_2.0_chordal""},{""pos"":15,""member_idx"":15,""graph_id"":""119"",""dataset_id"":""data_4000_4_2.0_chordal""},{""pos"":16,""member_idx"":17,""graph_id"":""162"",""dataset_id"":""data_3800_4_7.5_chordal""},{""pos"":17,""member_idx"":19,""graph_id"":""0"",""dataset_id"":""data_4100_4_6.5_chordal""}]","[{""pos"":0,""member_idx"":0,""graph_id"":""87"",""dataset_id"":""data_4100_3_7.0_chordal"",""history"":[249.20408630371094,195.51303100585938,223.5594024658203,222.32196044921875,215.7579803466797]},{""pos"":1,""member_idx"":1,""graph_id"":""157"",""dataset_id"":""data_4200_3_6.0_chordal"",""history"":[248.55136108398438,232.68185424804688,190.62037658691406,193.14794921875,197.98617553710938]},{""pos"":2,""member_idx"":2,""graph_id"":""149"",""dataset_id"":""data_4200_3_6.5_chordal"",""history"":[253.51377868652344,199.83119201660156,210.49058532714844,217.0146484375,205.11895751953125]},{""pos"":3,""member_idx"":3,""graph_id"":""109"",""dataset_id"":""data_4200_3_7.5_chordal"",""history"":[230.9278106689453,253.1763916015625,239.0872039794922,199.88465881347656,217.82647705078125]},{""pos"":4,""member_idx"":4,""graph_id"":""143"",""dataset_id"":""data_4200_3_3.0_chordal"",""history"":[205.6385040283203,209.36549377441406,199.80276489257812,209.62496948242188,204.80821228027344]},{""pos"":5,""member_idx"":5,""graph_id"":""114"",""dataset_id"":""data_4100_3_3.0_chordal"",""history"":[206.26907348632812,192.98699951171875,199.54013061523438,228.61276245117188,193.99391174316406]},{""pos"":6,""member_idx"":6,""graph_id"":""117"",""dataset_id"":""data_4000_3_3.0_chordal"",""history"":[213.7166290283203,193.90362548828125,192.83279418945312,201.70033264160156,227.40843200683594]},{""pos"":7,""member_idx"":7,""graph_id"":""2"",""dataset_id"":""data_3800_3_3.5_chordal"",""history"":[195.02999877929688,188.88397216796875,188.72804260253906,198.44105529785156,198.2029266357422]},{""pos"":8,""member_idx"":8,""graph_id"":""88"",""dataset_id"":""data_3800_4_4.5_chordal"",""history"":[184.87460327148438,183.18382263183594,200.4718017578125,211.2169647216797,177.0822296142578]},{""pos"":9,""member_idx"":9,""graph_id"":""145"",""dataset_id"":""data_4200_4_4.5_chordal"",""history"":[187.43212890625,217.77076721191406,216.28257751464844,193.43540954589844,216.96237182617188]},{""pos"":10,""member_idx"":10,""graph_id"":""166"",""dataset_id"":""data_4100_4_4.0_chordal"",""history"":[194.4473876953125,194.9888916015625,186.57383728027344,190.81793212890625,178.2133331298828]},{""pos"":11,""member_idx"":11,""graph_id"":""141"",""dataset_id"":""data_4100_4_4.5_chordal"",""history"":[196.3006134033203,191.80479431152344,189.9642333984375,204.84327697753906,291.1495666503906]},{""pos"":12,""member_idx"":12,""graph_id"":""65"",""dataset_id"":""data_3900_4_2.0_chordal"",""history"":[202.4120635986328,212.46583557128906,180.12583923339844,210.48623657226562,209.8579864501953]},{""pos"":13,""member_idx"":13,""graph_id"":""6"",""dataset_id"":""data_4200_4_2.0_chordal"",""history"":[229.08677673339844,234.97640991210938,217.704345703125,209.10289001464844,232.30284118652344]},{""pos"":14,""member_idx"":14,""graph_id"":""131"",""dataset_id"":""data_4100_4_2.0_chordal"",""history"":[208.59201049804688,242.87046813964844,203.47161865234375,213.90689086914062,209.0709991455078]},{""pos"":15,""member_idx"":15,""graph_id"":""119"",""dataset_id"":""data_4000_4_2.0_chordal"",""history"":[228.79156494140625,194.94139099121094,195.6954345703125,215.04766845703125,195.27944946289062]},{""pos"":16,""member_idx"":17,""graph_id"":""162"",""dataset_id"":""data_3800_4_7.5_chordal"",""history"":[229.41848754882812,194.7083282470703,270.76141357421875,200.7991180419922,255.9346923828125]},{""pos"":17,""member_idx"":19,""graph_id"":""0"",""dataset_id"":""data_4100_4_6.5_chordal"",""history"":[290.6833801269531,214.940185546875,241.86985778808594,204.54698181152344,189.498779296875]}]","[{""row_pos"":0,""col_pos"":1,""member_idx_i"":0,""member_idx_j"":1,""graph_id_i"":""87"",""graph_id_j"":""157"",""dataset_id_i"":""data_4100_3_7.0_chordal"",""dataset_id_j"":""data_4200_3_6.0_chordal"",""dtw"":92.11351013183594},{""row_pos"":0,""col_pos"":2,""member_idx_i"":0,""member_idx_j"":2,""graph_id_i"":""87"",""graph_id_j"":""149"",""dataset_id_i"":""data_4100_3_7.0_chordal"",""dataset_id_j"":""data_4200_3_6.5_chordal"",""dtw"":37.64300537109375},{""row_pos"":0,""col_pos"":3,""member_idx_i"":0,""member_idx_j"":3,""graph_id_i"":""87"",""graph_id_j"":""109"",""dataset_id_i"":""data_4100_3_7.0_chordal"",""dataset_id_j"":""data_4200_3_7.5_chordal"",""dtw"":49.03399658203125},{""row_pos"":0,""col_pos"":4,""member_idx_i"":0,""member_idx_j"":4,""graph_id_i"":""87"",""graph_id_j"":""143"",""dataset_id_i"":""data_4100_3_7.0_chordal"",""dataset_id_j"":""data_4200_3_3.0_chordal"",""dtw"":99.28897094726562},{""row_pos"":0,""col_pos"":5,""member_idx_i"":0,""member_idx_j"":5,""graph_id_i"":""87"",""graph_id_j"":""114"",""dataset_id_i"":""data_4100_3_7.0_chordal"",""dataset_id_j"":""data_4100_3_3.0_chordal"",""dtw"":82.59637451171875},{""row_pos"":0,""col_pos"":6,""member_idx_i"":0,""member_idx_j"":6,""graph_id_i"":""87"",""graph_id_j"":""117"",""dataset_id_i"":""data_4100_3_7.0_chordal"",""dataset_id_j"":""data_4000_3_3.0_chordal"",""dtw"":66.55035400390625},{""row_pos"":0,""col_pos"":7,""member_idx_i"":0,""member_idx_j"":7,""graph_id_i"":""87"",""graph_id_j"":""2"",""dataset_id_i"":""data_4100_3_7.0_chordal"",""dataset_id_j"":""data_3800_3_3.5_chordal"",""dtw"":134.14244079589844},{""row_pos"":0,""col_pos"":8,""member_idx_i"":0,""member_idx_j"":8,""graph_id_i"":""87"",""graph_id_j"":""88"",""dataset_id_i"":""data_4100_3_7.0_chordal"",""dataset_id_j"":""data_3800_4_4.5_chordal"",""dtw"":143.7406463623047},{""row_pos"":0,""col_pos"":9,""member_idx_i"":0,""member_idx_j"":9,""graph_id_i"":""87"",""graph_id_j"":""145"",""dataset_id_i"":""data_4100_3_7.0_chordal"",""dataset_id_j"":""data_4200_4_4.5_chordal"",""dtw"":104.24424743652344},{""row_pos"":0,""col_pos"":10,""member_idx_i"":0,""member_idx_j"":10,""graph_id_i"":""87"",""graph_id_j"":""166"",""dataset_id_i"":""data_4100_3_7.0_chordal"",""dataset_id_j"":""data_4100_4_4.0_chordal"",""dtw"":161.31507873535156},{""row_pos"":0,""col_pos"":11,""member_idx_i"":0,""member_idx_j"":11,""graph_id_i"":""87"",""graph_id_j"":""141"",""dataset_id_i"":""data_4100_3_7.0_chordal"",""dataset_id_j"":""data_4100_4_4.5_chordal"",""dtw"":173.7469024658203},{""row_pos"":0,""col_pos"":12,""member_idx_i"":0,""member_idx_j"":12,""graph_id_i"":""87"",""graph_id_j"":""65"",""dataset_id_i"":""data_4100_3_7.0_chordal"",""dataset_id_j"":""data_3900_4_2.0_chordal"",""dtw"":109.94090270996094},{""row_pos"":0,""col_pos"":13,""member_idx_i"":0,""member_idx_j"":13,""graph_id_i"":""87"",""graph_id_j"":""6"",""dataset_id_i"":""data_4100_3_7.0_chordal"",""dataset_id_j"":""data_4200_4_2.0_chordal"",""dtw"":90.20892333984375},{""row_pos"":0,""col_pos"":14,""member_idx_i"":0,""member_idx_j"":14,""graph_id_i"":""87"",""graph_id_j"":""131"",""dataset_id_i"":""data_4100_3_7.0_chordal"",""dataset_id_j"":""data_4100_4_2.0_chordal"",""dtw"":79.65884399414062},{""row_pos"":0,""col_pos"":15,""member_idx_i"":0,""member_idx_j"":15,""graph_id_i"":""87"",""graph_id_j"":""119"",""dataset_id_i"":""data_4100_3_7.0_chordal"",""dataset_id_j"":""data_4000_4_2.0_chordal"",""dtw"":57.431121826171875},{""row_pos"":0,""col_pos"":16,""member_idx_i"":0,""member_idx_j"":17,""graph_id_i"":""87"",""graph_id_j"":""162"",""dataset_id_i"":""data_4100_3_7.0_chordal"",""dataset_id_j"":""data_3800_4_7.5_chordal"",""dtw"":129.4918670654297},{""row_pos"":0,""col_pos"":17,""member_idx_i"":0,""member_idx_j"":19,""graph_id_i"":""87"",""graph_id_j"":""0"",""dataset_id_i"":""data_4100_3_7.0_chordal"",""dataset_id_j"":""data_4100_4_6.5_chordal"",""dtw"":123.25108337402344},{""row_pos"":1,""col_pos"":2,""member_idx_i"":1,""member_idx_j"":2,""graph_id_i"":""157"",""graph_id_j"":""149"",""dataset_id_i"":""data_4200_3_6.0_chordal"",""dataset_id_j"":""data_4200_3_6.5_chordal"",""dtw"":78.50904846191406},{""row_pos"":1,""col_pos"":3,""member_idx_i"":1,""member_idx_j"":3,""graph_id_i"":""157"",""graph_id_j"":""109"",""dataset_id_i"":""data_4200_3_6.0_chordal"",""dataset_id_j"":""data_4200_3_7.5_chordal"",""dtw"":64.49522399902344},{""row_pos"":1,""col_pos"":4,""member_idx_i"":1,""member_idx_j"":4,""graph_id_i"":""157"",""graph_id_j"":""143"",""dataset_id_i"":""data_4200_3_6.0_chordal"",""dataset_id_j"":""data_4200_3_3.0_chordal"",""dtw"":98.71066284179688},{""row_pos"":1,""col_pos"":5,""member_idx_i"":1,""member_idx_j"":5,""graph_id_i"":""157"",""graph_id_j"":""114"",""dataset_id_i"":""data_4200_3_6.0_chordal"",""dataset_id_j"":""data_4100_3_3.0_chordal"",""dtw"":107.39544677734375},{""row_pos"":1,""col_pos"":6,""member_idx_i"":1,""member_idx_j"":6,""graph_id_i"":""157"",""graph_id_j"":""117"",""dataset_id_i"":""data_4200_3_6.0_chordal"",""dataset_id_j"":""data_4000_3_3.0_chordal"",""dtw"":90.53477478027344},{""row_pos"":1,""col_pos"":7,""member_idx_i"":1,""member_idx_j"":7,""graph_id_i"":""157"",""graph_id_j"":""2"",""dataset_id_i"":""data_4200_3_6.0_chordal"",""dataset_id_j"":""data_3800_3_3.5_chordal"",""dtw"":98.00115966796875},{""row_pos"":1,""col_pos"":8,""member_idx_i"":1,""member_idx_j"":8,""graph_id_i"":""157"",""graph_id_j"":""88"",""dataset_id_i"":""data_4200_3_6.0_chordal"",""dataset_id_j"":""data_3800_4_4.5_chordal"",""dtw"":160.379150390625},{""row_pos"":1,""col_pos"":9,""member_idx_i"":1,""member_idx_j"":9,""graph_id_i"":""157"",""graph_id_j"":""145"",""dataset_id_i"":""data_4200_3_6.0_chordal"",""dataset_id_j"":""data_4200_4_4.5_chordal"",""dtw"":114.50828552246094},{""row_pos"":1,""col_pos"":10,""member_idx_i"":1,""member_idx_j"":10,""graph_id_i"":""157"",""graph_id_j"":""166"",""dataset_id_i"":""data_4200_3_6.0_chordal"",""dataset_id_j"":""data_4100_4_4.0_chordal"",""dtw"":117.94633483886719},{""row_pos"":1,""col_pos"":11,""member_idx_i"":1,""member_idx_j"":11,""graph_id_i"":""157"",""graph_id_j"":""141"",""dataset_id_i"":""data_4200_3_6.0_chordal"",""dataset_id_j"":""data_4100_4_4.5_chordal"",""dtw"":193.02061462402344},{""row_pos"":1,""col_pos"":12,""member_idx_i"":1,""member_idx_j"":12,""graph_id_i"":""157"",""graph_id_j"":""65"",""dataset_id_i"":""data_4200_3_6.0_chordal"",""dataset_id_j"":""data_3900_4_2.0_chordal"",""dtw"":106.05995178222656},{""row_pos"":1,""col_pos"":13,""member_idx_i"":1,""member_idx_j"":13,""graph_id_i"":""157"",""graph_id_j"":""6"",""dataset_id_i"":""data_4200_3_6.0_chordal"",""dataset_id_j"":""data_4200_4_2.0_chordal"",""dtw"":99.11471557617188},{""row_pos"":1,""col_pos"":14,""member_idx_i"":1,""member_idx_j"":14,""graph_id_i"":""157"",""graph_id_j"":""131"",""dataset_id_i"":""data_4200_3_6.0_chordal"",""dataset_id_j"":""data_4100_4_2.0_chordal"",""dtw"":94.84297180175781},{""row_pos"":1,""col_pos"":15,""member_idx_i"":1,""member_idx_j"":15,""graph_id_i"":""157"",""graph_id_j"":""119"",""dataset_id_i"":""data_4200_3_6.0_chordal"",""dataset_id_j"":""data_4000_4_2.0_chordal"",""dtw"":50.28680419921875},{""row_pos"":1,""col_pos"":16,""member_idx_i"":1,""member_idx_j"":17,""graph_id_i"":""157"",""graph_id_j"":""162"",""dataset_id_i"":""data_4200_3_6.0_chordal"",""dataset_id_j"":""data_3800_4_7.5_chordal"",""dtw"":161.58126831054688},{""row_pos"":1,""col_pos"":17,""member_idx_i"":1,""member_idx_j"":19,""graph_id_i"":""157"",""graph_id_j"":""0"",""dataset_id_i"":""data_4200_3_6.0_chordal"",""dataset_id_j"":""data_4100_4_6.5_chordal"",""dtw"":95.12486267089844},{""row_pos"":2,""col_pos"":3,""member_idx_i"":2,""member_idx_j"":3,""graph_id_i"":""149"",""graph_id_j"":""109"",""dataset_id_i"":""data_4200_3_6.5_chordal"",""dataset_id_j"":""data_4200_3_7.5_chordal"",""dtw"":58.258636474609375},{""row_pos"":2,""col_pos"":4,""member_idx_i"":2,""member_idx_j"":4,""graph_id_i"":""149"",""graph_id_j"":""143"",""dataset_id_i"":""data_4200_3_6.5_chordal"",""dataset_id_j"":""data_4200_3_3.0_chordal"",""dtw"":66.00404357910156},{""row_pos"":2,""col_pos"":5,""member_idx_i"":2,""member_idx_j"":5,""graph_id_i"":""149"",""graph_id_j"":""114"",""dataset_id_i"":""data_4200_3_6.5_chordal"",""dataset_id_j"":""data_4100_3_3.0_chordal"",""dtw"":87.76251220703125},{""row_pos"":2,""col_pos"":6,""member_idx_i"":2,""member_idx_j"":6,""graph_id_i"":""149"",""graph_id_j"":""117"",""dataset_id_i"":""data_4200_3_6.5_chordal"",""dataset_id_j"":""data_4000_3_3.0_chordal"",""dtw"":94.19662475585938},{""row_pos"":2,""col_pos"":7,""member_idx_i"":2,""member_idx_j"":7,""graph_id_i"":""149"",""graph_id_j"":""2"",""dataset_id_i"":""data_4200_3_6.5_chordal"",""dataset_id_j"":""data_3800_3_3.5_chordal"",""dtw"":116.68316650390625},{""row_pos"":2,""col_pos"":8,""member_idx_i"":2,""member_idx_j"":8,""graph_id_i"":""149"",""graph_id_j"":""88"",""dataset_id_i"":""data_4200_3_6.5_chordal"",""dataset_id_j"":""data_3800_4_4.5_chordal"",""dtw"":120.48794555664062},{""row_pos"":2,""col_pos"":9,""member_idx_i"":2,""member_idx_j"":9,""graph_id_i"":""149"",""graph_id_j"":""145"",""dataset_id_i"":""data_4200_3_6.5_chordal"",""dataset_id_j"":""data_4200_4_4.5_chordal"",""dtw"":110.01992797851562},{""row_pos"":2,""col_pos"":10,""member_idx_i"":2,""member_idx_j"":10,""graph_id_i"":""149"",""graph_id_j"":""166"",""dataset_id_i"":""data_4200_3_6.5_chordal"",""dataset_id_j"":""data_4100_4_4.0_chordal"",""dtw"":140.9277801513672},{""row_pos"":2,""col_pos"":11,""member_idx_i"":2,""member_idx_j"":11,""graph_id_i"":""149"",""graph_id_j"":""141"",""dataset_id_i"":""data_4200_3_6.5_chordal"",""dataset_id_j"":""data_4100_4_4.5_chordal"",""dtw"":178.955810546875},{""row_pos"":2,""col_pos"":12,""member_idx_i"":2,""member_idx_j"":12,""graph_id_i"":""149"",""graph_id_j"":""65"",""dataset_id_i"":""data_4200_3_6.5_chordal"",""dataset_id_j"":""data_3900_4_2.0_chordal"",""dtw"":94.7135009765625},{""row_pos"":2,""col_pos"":13,""member_idx_i"":2,""member_idx_j"":13,""graph_id_i"":""149"",""graph_id_j"":""6"",""dataset_id_i"":""data_4200_3_6.5_chordal"",""dataset_id_j"":""data_4200_4_2.0_chordal"",""dtw"":97.32086181640625},{""row_pos"":2,""col_pos"":14,""member_idx_i"":2,""member_idx_j"":14,""graph_id_i"":""149"",""graph_id_j"":""131"",""dataset_id_i"":""data_4200_3_6.5_chordal"",""dataset_id_j"":""data_4100_4_2.0_chordal"",""dtw"":69.68161010742188},{""row_pos"":2,""col_pos"":15,""member_idx_i"":2,""member_idx_j"":15,""graph_id_i"":""149"",""graph_id_j"":""119"",""dataset_id_i"":""data_4200_3_6.5_chordal"",""dataset_id_j"":""data_4000_4_2.0_chordal"",""dtw"":50.11134338378906},{""row_pos"":2,""col_pos"":16,""member_idx_i"":2,""member_idx_j"":17,""graph_id_i"":""149"",""graph_id_j"":""162"",""dataset_id_i"":""data_4200_3_6.5_chordal"",""dataset_id_j"":""data_3800_4_7.5_chordal"",""dtw"":153.88275146484375},{""row_pos"":2,""col_pos"":17,""member_idx_i"":2,""member_idx_j"":19,""graph_id_i"":""149"",""graph_id_j"":""0"",""dataset_id_i"":""data_4200_3_6.5_chordal"",""dataset_id_j"":""data_4100_4_6.5_chordal"",""dtw"":97.77555847167969},{""row_pos"":3,""col_pos"":4,""member_idx_i"":3,""member_idx_j"":4,""graph_id_i"":""109"",""graph_id_j"":""143"",""dataset_id_i"":""data_4200_3_7.5_chordal"",""dataset_id_j"":""data_4200_3_3.0_chordal"",""dtw"":120.12358093261719},{""row_pos"":3,""col_pos"":5,""member_idx_i"":3,""member_idx_j"":5,""graph_id_i"":""109"",""graph_id_j"":""114"",""dataset_id_i"":""data_4200_3_7.5_chordal"",""dataset_id_j"":""data_4100_3_3.0_chordal"",""dtw"":146.24522399902344},{""row_pos"":3,""col_pos"":6,""member_idx_i"":3,""member_idx_j"":6,""graph_id_i"":""109"",""graph_id_j"":""117"",""dataset_id_i"":""data_4200_3_7.5_chordal"",""dataset_id_j"":""data_4000_3_3.0_chordal"",""dtw"":106.4720458984375},{""row_pos"":3,""col_pos"":7,""member_idx_i"":3,""member_idx_j"":7,""graph_id_i"":""109"",""graph_id_j"":""2"",""dataset_id_i"":""data_4200_3_7.5_chordal"",""dataset_id_j"":""data_3800_3_3.5_chordal"",""dtw"":171.61654663085938},{""row_pos"":3,""col_pos"":8,""member_idx_i"":3,""member_idx_j"":8,""graph_id_i"":""109"",""graph_id_j"":""88"",""dataset_id_i"":""data_4200_3_7.5_chordal"",""dataset_id_j"":""data_3800_4_4.5_chordal"",""dtw"":202.60208129882812},{""row_pos"":3,""col_pos"":9,""member_idx_i"":3,""member_idx_j"":9,""graph_id_i"":""109"",""graph_id_j"":""145"",""dataset_id_i"":""data_4200_3_7.5_chordal"",""dataset_id_j"":""data_4200_4_4.5_chordal"",""dtw"":109.019287109375},{""row_pos"":3,""col_pos"":10,""member_idx_i"":3,""member_idx_j"":10,""graph_id_i"":""109"",""graph_id_j"":""166"",""dataset_id_i"":""data_4200_3_7.5_chordal"",""dataset_id_j"":""data_4100_4_4.0_chordal"",""dtw"":195.8611602783203},{""row_pos"":3,""col_pos"":11,""member_idx_i"":3,""member_idx_j"":11,""graph_id_i"":""109"",""graph_id_j"":""141"",""dataset_id_i"":""data_4200_3_7.5_chordal"",""dataset_id_j"":""data_4100_4_4.5_chordal"",""dtw"":223.40347290039062},{""row_pos"":3,""col_pos"":12,""member_idx_i"":3,""member_idx_j"":12,""graph_id_i"":""109"",""graph_id_j"":""65"",""dataset_id_i"":""data_4200_3_7.5_chordal"",""dataset_id_j"":""data_3900_4_2.0_chordal"",""dtw"":130.91522216796875},{""row_pos"":3,""col_pos"":13,""member_idx_i"":3,""member_idx_j"":13,""graph_id_i"":""109"",""graph_id_j"":""6"",""dataset_id_i"":""data_4200_3_7.5_chordal"",""dataset_id_j"":""data_4200_4_2.0_chordal"",""dtw"":65.11846923828125},{""row_pos"":3,""col_pos"":14,""member_idx_i"":3,""member_idx_j"":14,""graph_id_i"":""109"",""graph_id_j"":""131"",""dataset_id_i"":""data_4200_3_7.5_chordal"",""dataset_id_j"":""data_4100_4_2.0_chordal"",""dtw"":52.68701171875},{""row_pos"":3,""col_pos"":15,""member_idx_i"":3,""member_idx_j"":15,""graph_id_i"":""109"",""graph_id_j"":""119"",""dataset_id_i"":""data_4200_3_7.5_chordal"",""dataset_id_j"":""data_4000_4_2.0_chordal"",""dtw"":71.27503967285156},{""row_pos"":3,""col_pos"":16,""member_idx_i"":3,""member_idx_j"":17,""graph_id_i"":""109"",""graph_id_j"":""162"",""dataset_id_i"":""data_4200_3_7.5_chordal"",""dataset_id_j"":""data_3800_4_7.5_chordal"",""dtw"":126.01071166992188},{""row_pos"":3,""col_pos"":17,""member_idx_i"":3,""member_idx_j"":19,""graph_id_i"":""109"",""graph_id_j"":""0"",""dataset_id_i"":""data_4200_3_7.5_chordal"",""dataset_id_j"":""data_4100_4_6.5_chordal"",""dtw"":122.82240295410156},{""row_pos"":4,""col_pos"":5,""member_idx_i"":4,""member_idx_j"":5,""graph_id_i"":""143"",""graph_id_j"":""114"",""dataset_id_i"":""data_4200_3_3.0_chordal"",""dataset_id_j"":""data_4100_3_3.0_chordal"",""dtw"":40.60748291015625},{""row_pos"":4,""col_pos"":6,""member_idx_i"":4,""member_idx_j"":6,""graph_id_i"":""143"",""graph_id_j"":""117"",""dataset_id_i"":""data_4200_3_3.0_chordal"",""dataset_id_j"":""data_4000_3_3.0_chordal"",""dtw"":55.82322692871094},{""row_pos"":4,""col_pos"":7,""member_idx_i"":4,""member_idx_j"":7,""graph_id_i"":""143"",""graph_id_j"":""2"",""dataset_id_i"":""data_4200_3_3.0_chordal"",""dataset_id_j"":""data_3800_3_3.5_chordal"",""dtw"":59.953948974609375},{""row_pos"":4,""col_pos"":8,""member_idx_i"":4,""member_idx_j"":8,""graph_id_i"":""143"",""graph_id_j"":""88"",""dataset_id_i"":""data_4200_3_3.0_chordal"",""dataset_id_j"":""data_3800_4_4.5_chordal"",""dtw"":76.93258666992188},{""row_pos"":4,""col_pos"":9,""member_idx_i"":4,""member_idx_j"":9,""graph_id_i"":""143"",""graph_id_j"":""145"",""dataset_id_i"":""data_4200_3_3.0_chordal"",""dataset_id_j"":""data_4200_4_4.5_chordal"",""dtw"":59.38764953613281},{""row_pos"":4,""col_pos"":10,""member_idx_i"":4,""member_idx_j"":10,""graph_id_i"":""143"",""graph_id_j"":""166"",""dataset_id_i"":""data_4200_3_3.0_chordal"",""dataset_id_j"":""data_4100_4_4.0_chordal"",""dtw"":84.19856262207031},{""row_pos"":4,""col_pos"":11,""member_idx_i"":4,""member_idx_j"":11,""graph_id_i"":""143"",""graph_id_j"":""141"",""dataset_id_i"":""data_4200_3_3.0_chordal"",""dataset_id_j"":""data_4100_4_4.5_chordal"",""dtw"":127.86016845703125},{""row_pos"":4,""col_pos"":12,""member_idx_i"":4,""member_idx_j"":12,""graph_id_i"":""143"",""graph_id_j"":""65"",""dataset_id_i"":""data_4200_3_3.0_chordal"",""dataset_id_j"":""data_3900_4_2.0_chordal"",""dtw"":31.914749145507812},{""row_pos"":4,""col_pos"":13,""member_idx_i"":4,""member_idx_j"":13,""graph_id_i"":""143"",""graph_id_j"":""6"",""dataset_id_i"":""data_4200_3_3.0_chordal"",""dataset_id_j"":""data_4200_4_2.0_chordal"",""dtw"":94.71487426757812},{""row_pos"":4,""col_pos"":14,""member_idx_i"":4,""member_idx_j"":14,""graph_id_i"":""143"",""graph_id_j"":""131"",""dataset_id_i"":""data_4200_3_3.0_chordal"",""dataset_id_j"":""data_4100_4_2.0_chordal"",""dtw"":48.67204284667969},{""row_pos"":4,""col_pos"":15,""member_idx_i"":4,""member_idx_j"":15,""graph_id_i"":""143"",""graph_id_j"":""119"",""dataset_id_i"":""data_4200_3_3.0_chordal"",""dataset_id_j"":""data_4000_4_2.0_chordal"",""dtw"":56.635955810546875},{""row_pos"":4,""col_pos"":16,""member_idx_i"":4,""member_idx_j"":17,""graph_id_i"":""143"",""graph_id_j"":""162"",""dataset_id_i"":""data_4200_3_3.0_chordal"",""dataset_id_j"":""data_3800_4_7.5_chordal"",""dtw"":157.0547637939453},{""row_pos"":4,""col_pos"":17,""member_idx_i"":4,""member_idx_j"":19,""graph_id_i"":""143"",""graph_id_j"":""0"",""dataset_id_i"":""data_4200_3_3.0_chordal"",""dataset_id_j"":""data_4100_4_6.5_chordal"",""dtw"":148.2555694580078},{""row_pos"":5,""col_pos"":6,""member_idx_i"":5,""member_idx_j"":6,""graph_id_i"":""114"",""graph_id_j"":""117"",""dataset_id_i"":""data_4100_3_3.0_chordal"",""dataset_id_j"":""data_4000_3_3.0_chordal"",""dtw"":45.29743957519531},{""row_pos"":5,""col_pos"":7,""member_idx_i"":5,""member_idx_j"":7,""graph_id_i"":""114"",""graph_id_j"":""2"",""dataset_id_i"":""data_4100_3_3.0_chordal"",""dataset_id_j"":""data_3800_3_3.5_chordal"",""dtw"":55.08085632324219},{""row_pos"":5,""col_pos"":8,""member_idx_i"":5,""member_idx_j"":8,""graph_id_i"":""114"",""graph_id_j"":""88"",""dataset_id_i"":""data_4100_3_3.0_chordal"",""dataset_id_j"":""data_3800_4_4.5_chordal"",""dtw"":66.43679809570312},{""row_pos"":5,""col_pos"":9,""member_idx_i"":5,""member_idx_j"":9,""graph_id_i"":""114"",""graph_id_j"":""145"",""dataset_id_i"":""data_4100_3_3.0_chordal"",""dataset_id_j"":""data_4200_4_4.5_chordal"",""dtw"":78.47959899902344},{""row_pos"":5,""col_pos"":10,""member_idx_i"":5,""member_idx_j"":10,""graph_id_i"":""114"",""graph_id_j"":""166"",""dataset_id_i"":""data_4100_3_3.0_chordal"",""dataset_id_j"":""data_4100_4_4.0_chordal"",""dtw"":77.83381652832031},{""row_pos"":5,""col_pos"":11,""member_idx_i"":5,""member_idx_j"":11,""graph_id_i"":""114"",""graph_id_j"":""141"",""dataset_id_i"":""data_4100_3_3.0_chordal"",""dataset_id_j"":""data_4100_4_4.5_chordal"",""dtw"":140.40171813964844},{""row_pos"":5,""col_pos"":12,""member_idx_i"":5,""member_idx_j"":12,""graph_id_i"":""114"",""graph_id_j"":""65"",""dataset_id_i"":""data_4100_3_3.0_chordal"",""dataset_id_j"":""data_3900_4_2.0_chordal"",""dtw"":67.85163879394531},{""row_pos"":5,""col_pos"":13,""member_idx_i"":5,""member_idx_j"":13,""graph_id_i"":""114"",""graph_id_j"":""6"",""dataset_id_i"":""data_4100_3_3.0_chordal"",""dataset_id_j"":""data_4200_4_2.0_chordal"",""dtw"":127.80415344238281},{""row_pos"":5,""col_pos"":14,""member_idx_i"":5,""member_idx_j"":14,""graph_id_i"":""114"",""graph_id_j"":""131"",""dataset_id_i"":""data_4100_3_3.0_chordal"",""dataset_id_j"":""data_4100_4_2.0_chordal"",""dtw"":83.12339782714844},{""row_pos"":5,""col_pos"":15,""member_idx_i"":5,""member_idx_j"":15,""graph_id_i"":""114"",""graph_id_j"":""119"",""dataset_id_i"":""data_4100_3_3.0_chordal"",""dataset_id_j"":""data_4000_4_2.0_chordal"",""dtw"":43.172210693359375},{""row_pos"":5,""col_pos"":16,""member_idx_i"":5,""member_idx_j"":17,""graph_id_i"":""114"",""graph_id_j"":""162"",""dataset_id_i"":""data_4100_3_3.0_chordal"",""dataset_id_j"":""data_3800_4_7.5_chordal"",""dtw"":140.59718322753906},{""row_pos"":5,""col_pos"":17,""member_idx_i"":5,""member_idx_j"":19,""graph_id_i"":""114"",""graph_id_j"":""0"",""dataset_id_i"":""data_4100_3_3.0_chordal"",""dataset_id_j"":""data_4100_4_6.5_chordal"",""dtw"":150.07284545898438},{""row_pos"":6,""col_pos"":7,""member_idx_i"":6,""member_idx_j"":7,""graph_id_i"":""117"",""graph_id_j"":""2"",""dataset_id_i"":""data_4000_3_3.0_chordal"",""dataset_id_j"":""data_3800_3_3.5_chordal"",""dtw"":60.27581787109375},{""row_pos"":6,""col_pos"":8,""member_idx_i"":6,""member_idx_j"":8,""graph_id_i"":""117"",""graph_id_j"":""88"",""dataset_id_i"":""data_4000_3_3.0_chordal"",""dataset_id_j"":""data_3800_4_4.5_chordal"",""dtw"":107.04367065429688},{""row_pos"":6,""col_pos"":9,""member_idx_i"":6,""member_idx_j"":9,""graph_id_i"":""117"",""graph_id_j"":""145"",""dataset_id_i"":""data_4000_3_3.0_chordal"",""dataset_id_j"":""data_4200_4_4.5_chordal"",""dtw"":52.6864013671875},{""row_pos"":6,""col_pos"":10,""member_idx_i"":6,""member_idx_j"":10,""graph_id_i"":""117"",""graph_id_j"":""166"",""dataset_id_i"":""data_4000_3_3.0_chordal"",""dataset_id_j"":""data_4100_4_4.0_chordal"",""dtw"":86.69096374511719},{""row_pos"":6,""col_pos"":11,""member_idx_i"":6,""member_idx_j"":11,""graph_id_i"":""117"",""graph_id_j"":""141"",""dataset_id_i"":""data_4000_3_3.0_chordal"",""dataset_id_j"":""data_4100_4_4.5_chordal"",""dtw"":89.26748657226562},{""row_pos"":6,""col_pos"":12,""member_idx_i"":6,""member_idx_j"":12,""graph_id_i"":""117"",""graph_id_j"":""65"",""dataset_id_i"":""data_4000_3_3.0_chordal"",""dataset_id_j"":""data_3900_4_2.0_chordal"",""dtw"":65.37644958496094},{""row_pos"":6,""col_pos"":13,""member_idx_i"":6,""member_idx_j"":13,""graph_id_i"":""117"",""graph_id_j"":""6"",""dataset_id_i"":""data_4000_3_3.0_chordal"",""dataset_id_j"":""data_4200_4_2.0_chordal"",""dtw"":84.38397216796875},{""row_pos"":6,""col_pos"":14,""member_idx_i"":6,""member_idx_j"":14,""graph_id_i"":""117"",""graph_id_j"":""131"",""dataset_id_i"":""data_4000_3_3.0_chordal"",""dataset_id_j"":""data_4100_4_2.0_chordal"",""dtw"":85.02926635742188},{""row_pos"":6,""col_pos"":15,""member_idx_i"":6,""member_idx_j"":15,""graph_id_i"":""117"",""graph_id_j"":""119"",""dataset_id_i"":""data_4000_3_3.0_chordal"",""dataset_id_j"":""data_4000_4_2.0_chordal"",""dtw"":64.45166015625},{""row_pos"":6,""col_pos"":16,""member_idx_i"":6,""member_idx_j"":17,""graph_id_i"":""117"",""graph_id_j"":""162"",""dataset_id_i"":""data_4000_3_3.0_chordal"",""dataset_id_j"":""data_3800_4_7.5_chordal"",""dtw"":116.87065124511719},{""row_pos"":6,""col_pos"":17,""member_idx_i"":6,""member_idx_j"":19,""graph_id_i"":""117"",""graph_id_j"":""0"",""dataset_id_i"":""data_4000_3_3.0_chordal"",""dataset_id_j"":""data_4100_4_6.5_chordal"",""dtw"":169.45738220214844},{""row_pos"":7,""col_pos"":8,""member_idx_i"":7,""member_idx_j"":8,""graph_id_i"":""2"",""graph_id_j"":""88"",""dataset_id_i"":""data_3800_3_3.5_chordal"",""dataset_id_j"":""data_3800_4_4.5_chordal"",""dtw"":55.63633728027344},{""row_pos"":7,""col_pos"":9,""member_idx_i"":7,""member_idx_j"":9,""graph_id_i"":""2"",""graph_id_j"":""145"",""dataset_id_i"":""data_3800_3_3.5_chordal"",""dataset_id_j"":""data_4200_4_4.5_chordal"",""dtw"":71.0438232421875},{""row_pos"":7,""col_pos"":10,""member_idx_i"":7,""member_idx_j"":10,""graph_id_i"":""2"",""graph_id_j"":""166"",""dataset_id_i"":""data_3800_3_3.5_chordal"",""dataset_id_j"":""data_4100_4_4.0_chordal"",""dtw"":32.63645935058594},{""row_pos"":7,""col_pos"":11,""member_idx_i"":7,""member_idx_j"":11,""graph_id_i"":""2"",""graph_id_j"":""141"",""dataset_id_i"":""data_3800_3_3.5_chordal"",""dataset_id_j"":""data_4100_4_4.5_chordal"",""dtw"":104.7764892578125},{""row_pos"":7,""col_pos"":12,""member_idx_i"":7,""member_idx_j"":12,""graph_id_i"":""2"",""graph_id_j"":""65"",""dataset_id_i"":""data_3800_3_3.5_chordal"",""dataset_id_j"":""data_3900_4_2.0_chordal"",""dtw"":63.26637268066406},{""row_pos"":7,""col_pos"":13,""member_idx_i"":7,""member_idx_j"":13,""graph_id_i"":""2"",""graph_id_j"":""6"",""dataset_id_i"":""data_3800_3_3.5_chordal"",""dataset_id_j"":""data_4200_4_2.0_chordal"",""dtw"":153.88726806640625},{""row_pos"":7,""col_pos"":14,""member_idx_i"":7,""member_idx_j"":14,""graph_id_i"":""2"",""graph_id_j"":""131"",""dataset_id_i"":""data_3800_3_3.5_chordal"",""dataset_id_j"":""data_4100_4_2.0_chordal"",""dtw"":108.62599182128906},{""row_pos"":7,""col_pos"":15,""member_idx_i"":7,""member_idx_j"":15,""graph_id_i"":""2"",""graph_id_j"":""119"",""dataset_id_i"":""data_3800_3_3.5_chordal"",""dataset_id_j"":""data_4000_4_2.0_chordal"",""dtw"":66.31646728515625},{""row_pos"":7,""col_pos"":16,""member_idx_i"":7,""member_idx_j"":17,""graph_id_i"":""2"",""graph_id_j"":""162"",""dataset_id_i"":""data_3800_3_3.5_chordal"",""dataset_id_j"":""data_3800_4_7.5_chordal"",""dtw"":178.6033172607422},{""row_pos"":7,""col_pos"":17,""member_idx_i"":7,""member_idx_j"":19,""graph_id_i"":""2"",""graph_id_j"":""0"",""dataset_id_i"":""data_3800_3_3.5_chordal"",""dataset_id_j"":""data_4100_4_6.5_chordal"",""dtw"":189.66148376464844},{""row_pos"":8,""col_pos"":9,""member_idx_i"":8,""member_idx_j"":9,""graph_id_i"":""88"",""graph_id_j"":""145"",""dataset_id_i"":""data_3800_4_4.5_chordal"",""dataset_id_j"":""data_4200_4_4.5_chordal"",""dtw"":85.40373229980469},{""row_pos"":8,""col_pos"":10,""member_idx_i"":8,""member_idx_j"":10,""graph_id_i"":""88"",""graph_id_j"":""166"",""dataset_id_i"":""data_3800_4_4.5_chordal"",""dataset_id_j"":""data_4100_4_4.0_chordal"",""dtw"":54.26109313964844},{""row_pos"":8,""col_pos"":11,""member_idx_i"":8,""member_idx_j"":11,""graph_id_i"":""88"",""graph_id_j"":""141"",""dataset_id_i"":""data_3800_4_4.5_chordal"",""dataset_id_j"":""data_4100_4_4.5_chordal"",""dtw"":149.94911193847656},{""row_pos"":8,""col_pos"":12,""member_idx_i"":8,""member_idx_j"":12,""graph_id_i"":""88"",""graph_id_j"":""65"",""dataset_id_i"":""data_3800_4_4.5_chordal"",""dataset_id_j"":""data_3900_4_2.0_chordal"",""dtw"":91.70759582519531},{""row_pos"":8,""col_pos"":13,""member_idx_i"":8,""member_idx_j"":13,""graph_id_i"":""88"",""graph_id_j"":""6"",""dataset_id_i"":""data_3800_4_4.5_chordal"",""dataset_id_j"":""data_4200_4_2.0_chordal"",""dtw"":170.57199096679688},{""row_pos"":8,""col_pos"":14,""member_idx_i"":8,""member_idx_j"":14,""graph_id_i"":""88"",""graph_id_j"":""131"",""dataset_id_i"":""data_3800_4_4.5_chordal"",""dataset_id_j"":""data_4100_4_2.0_chordal"",""dtw"":121.08256530761719},{""row_pos"":8,""col_pos"":15,""member_idx_i"":8,""member_idx_j"":15,""graph_id_i"":""88"",""graph_id_j"":""119"",""dataset_id_i"":""data_3800_4_4.5_chordal"",""dataset_id_j"":""data_4000_4_2.0_chordal"",""dtw"":82.47882080078125},{""row_pos"":8,""col_pos"":16,""member_idx_i"":8,""member_idx_j"":17,""graph_id_i"":""88"",""graph_id_j"":""162"",""dataset_id_i"":""data_3800_4_4.5_chordal"",""dataset_id_j"":""data_3800_4_7.5_chordal"",""dtw"":210.64662170410156},{""row_pos"":8,""col_pos"":17,""member_idx_i"":8,""member_idx_j"":19,""graph_id_i"":""88"",""graph_id_j"":""0"",""dataset_id_i"":""data_3800_4_4.5_chordal"",""dataset_id_j"":""data_4100_4_6.5_chordal"",""dtw"":198.0497283935547},{""row_pos"":9,""col_pos"":10,""member_idx_i"":9,""member_idx_j"":10,""graph_id_i"":""145"",""graph_id_j"":""166"",""dataset_id_i"":""data_4200_4_4.5_chordal"",""dataset_id_j"":""data_4100_4_4.0_chordal"",""dtw"":99.31890869140625},{""row_pos"":9,""col_pos"":11,""member_idx_i"":9,""member_idx_j"":11,""graph_id_i"":""145"",""graph_id_j"":""141"",""dataset_id_i"":""data_4200_4_4.5_chordal"",""dataset_id_j"":""data_4100_4_4.5_chordal"",""dtw"":125.735107421875},{""row_pos"":9,""col_pos"":12,""member_idx_i"":9,""member_idx_j"":12,""graph_id_i"":""145"",""graph_id_j"":""65"",""dataset_id_i"":""data_4200_4_4.5_chordal"",""dataset_id_j"":""data_3900_4_2.0_chordal"",""dtw"":50.99169921875},{""row_pos"":9,""col_pos"":13,""member_idx_i"":9,""member_idx_j"":13,""graph_id_i"":""145"",""graph_id_j"":""6"",""dataset_id_i"":""data_4200_4_4.5_chordal"",""dataset_id_j"":""data_4200_4_2.0_chordal"",""dtw"":91.29000854492188},{""row_pos"":9,""col_pos"":14,""member_idx_i"":9,""member_idx_j"":14,""graph_id_i"":""145"",""graph_id_j"":""131"",""dataset_id_i"":""data_4200_4_4.5_chordal"",""dataset_id_j"":""data_4100_4_2.0_chordal"",""dtw"":77.90959167480469},{""row_pos"":9,""col_pos"":15,""member_idx_i"":9,""member_idx_j"":15,""graph_id_i"":""145"",""graph_id_j"":""119"",""dataset_id_i"":""data_4200_4_4.5_chordal"",""dataset_id_j"":""data_4000_4_2.0_chordal"",""dtw"":84.61697387695312},{""row_pos"":9,""col_pos"":16,""member_idx_i"":9,""member_idx_j"":17,""graph_id_i"":""145"",""graph_id_j"":""162"",""dataset_id_i"":""data_4200_4_4.5_chordal"",""dataset_id_j"":""data_3800_4_7.5_chordal"",""dtw"":164.07269287109375},{""row_pos"":9,""col_pos"":17,""member_idx_i"":9,""member_idx_j"":19,""graph_id_i"":""145"",""graph_id_j"":""0"",""dataset_id_i"":""data_4200_4_4.5_chordal"",""dataset_id_j"":""data_4100_4_6.5_chordal"",""dtw"":170.24427795410156},{""row_pos"":10,""col_pos"":11,""member_idx_i"":10,""member_idx_j"":11,""graph_id_i"":""166"",""graph_id_j"":""141"",""dataset_id_i"":""data_4100_4_4.0_chordal"",""dataset_id_j"":""data_4100_4_4.5_chordal"",""dtw"":135.38929748535156},{""row_pos"":10,""col_pos"":12,""member_idx_i"":10,""member_idx_j"":12,""graph_id_i"":""166"",""graph_id_j"":""65"",""dataset_id_i"":""data_4100_4_4.0_chordal"",""dataset_id_j"":""data_3900_4_2.0_chordal"",""dtw"":83.20257568359375},{""row_pos"":10,""col_pos"":13,""member_idx_i"":10,""member_idx_j"":13,""graph_id_i"":""166"",""graph_id_j"":""6"",""dataset_id_i"":""data_4100_4_4.0_chordal"",""dataset_id_j"":""data_4200_4_2.0_chordal"",""dtw"":178.1318817138672},{""row_pos"":10,""col_pos"":14,""member_idx_i"":10,""member_idx_j"":14,""graph_id_i"":""166"",""graph_id_j"":""131"",""dataset_id_i"":""data_4100_4_4.0_chordal"",""dataset_id_j"":""data_4100_4_2.0_chordal"",""dtw"":132.87060546875},{""row_pos"":10,""col_pos"":15,""member_idx_i"":10,""member_idx_j"":15,""graph_id_i"":""166"",""graph_id_j"":""119"",""dataset_id_i"":""data_4100_4_4.0_chordal"",""dataset_id_j"":""data_4000_4_2.0_chordal"",""dtw"":84.80912780761719},{""row_pos"":10,""col_pos"":16,""member_idx_i"":10,""member_idx_j"":17,""graph_id_i"":""166"",""graph_id_j"":""162"",""dataset_id_i"":""data_4100_4_4.0_chordal"",""dataset_id_j"":""data_3800_4_7.5_chordal"",""dtw"":207.14178466796875},{""row_pos"":10,""col_pos"":17,""member_idx_i"":10,""member_idx_j"":19,""graph_id_i"":""166"",""graph_id_j"":""0"",""dataset_id_i"":""data_4100_4_4.0_chordal"",""dataset_id_j"":""data_4100_4_6.5_chordal"",""dtw"":188.1558837890625},{""row_pos"":11,""col_pos"":12,""member_idx_i"":11,""member_idx_j"":12,""graph_id_i"":""141"",""graph_id_j"":""65"",""dataset_id_i"":""data_4100_4_4.5_chordal"",""dataset_id_j"":""data_3900_4_2.0_chordal"",""dtw"":123.54542541503906},{""row_pos"":11,""col_pos"":13,""member_idx_i"":11,""member_idx_j"":13,""graph_id_i"":""141"",""graph_id_j"":""6"",""dataset_id_i"":""data_4100_4_4.5_chordal"",""dataset_id_j"":""data_4200_4_2.0_chordal"",""dtw"":166.80422973632812},{""row_pos"":11,""col_pos"":14,""member_idx_i"":11,""member_idx_j"":14,""graph_id_i"":""141"",""graph_id_j"":""131"",""dataset_id_i"":""data_4100_4_4.5_chordal"",""dataset_id_j"":""data_4100_4_2.0_chordal"",""dtw"":168.0066375732422},{""row_pos"":11,""col_pos"":15,""member_idx_i"":11,""member_idx_j"":15,""graph_id_i"":""141"",""graph_id_j"":""119"",""dataset_id_i"":""data_4100_4_4.5_chordal"",""dataset_id_j"":""data_4000_4_2.0_chordal"",""dtw"":147.43325805664062},{""row_pos"":11,""col_pos"":16,""member_idx_i"":11,""member_idx_j"":17,""graph_id_i"":""141"",""graph_id_j"":""162"",""dataset_id_i"":""data_4100_4_4.5_chordal"",""dataset_id_j"":""data_3800_4_7.5_chordal"",""dtw"":145.9426727294922},{""row_pos"":11,""col_pos"":17,""member_idx_i"":11,""member_idx_j"":19,""graph_id_i"":""141"",""graph_id_j"":""0"",""dataset_id_i"":""data_4100_4_4.5_chordal"",""dataset_id_j"":""data_4100_4_6.5_chordal"",""dtw"":271.37086486816406},{""row_pos"":12,""col_pos"":13,""member_idx_i"":12,""member_idx_j"":13,""graph_id_i"":""65"",""graph_id_j"":""6"",""dataset_id_i"":""data_3900_4_2.0_chordal"",""dataset_id_j"":""data_4200_4_2.0_chordal"",""dtw"":107.22904968261719},{""row_pos"":12,""col_pos"":14,""member_idx_i"":12,""member_idx_j"":14,""graph_id_i"":""65"",""graph_id_j"":""131"",""dataset_id_i"":""data_3900_4_2.0_chordal"",""dataset_id_j"":""data_4100_4_2.0_chordal"",""dtw"":64.13800048828125},{""row_pos"":12,""col_pos"":15,""member_idx_i"":12,""member_idx_j"":15,""graph_id_i"":""65"",""graph_id_j"":""119"",""dataset_id_i"":""data_3900_4_2.0_chordal"",""dataset_id_j"":""data_4000_4_2.0_chordal"",""dtw"":78.61351013183594},{""row_pos"":12,""col_pos"":16,""member_idx_i"":12,""member_idx_j"":17,""graph_id_i"":""65"",""graph_id_j"":""162"",""dataset_id_i"":""data_3900_4_2.0_chordal"",""dataset_id_j"":""data_3800_4_7.5_chordal"",""dtw"":169.44284057617188},{""row_pos"":12,""col_pos"":17,""member_idx_i"":12,""member_idx_j"":19,""graph_id_i"":""65"",""graph_id_j"":""0"",""dataset_id_i"":""data_3900_4_2.0_chordal"",""dataset_id_j"":""data_4100_4_6.5_chordal"",""dtw"":170.86929321289062},{""row_pos"":13,""col_pos"":14,""member_idx_i"":13,""member_idx_j"":14,""graph_id_i"":""6"",""graph_id_j"":""131"",""dataset_id_i"":""data_4200_4_2.0_chordal"",""dataset_id_j"":""data_4100_4_2.0_chordal"",""dtw"":69.6827392578125},{""row_pos"":13,""col_pos"":15,""member_idx_i"":13,""member_idx_j"":15,""graph_id_i"":""6"",""graph_id_j"":""119"",""dataset_id_i"":""data_4200_4_2.0_chordal"",""dataset_id_j"":""data_4000_4_2.0_chordal"",""dtw"":85.61863708496094},{""row_pos"":13,""col_pos"":16,""member_idx_i"":13,""member_idx_j"":17,""graph_id_i"":""6"",""graph_id_j"":""162"",""dataset_id_i"":""data_4200_4_2.0_chordal"",""dataset_id_j"":""data_3800_4_7.5_chordal"",""dtw"":113.87834167480469},{""row_pos"":13,""col_pos"":17,""member_idx_i"":13,""member_idx_j"":19,""graph_id_i"":""6"",""graph_id_j"":""0"",""dataset_id_i"":""data_4200_4_2.0_chordal"",""dataset_id_j"":""data_4100_4_6.5_chordal"",""dtw"":143.1539764404297},{""row_pos"":14,""col_pos"":15,""member_idx_i"":14,""member_idx_j"":15,""graph_id_i"":""131"",""graph_id_j"":""119"",""dataset_id_i"":""data_4100_4_2.0_chordal"",""dataset_id_j"":""data_4000_4_2.0_chordal"",""dtw"":65.51719665527344},{""row_pos"":14,""col_pos"":16,""member_idx_i"":14,""member_idx_j"":17,""graph_id_i"":""131"",""graph_id_j"":""162"",""dataset_id_i"":""data_4100_4_2.0_chordal"",""dataset_id_j"":""data_3800_4_7.5_chordal"",""dtw"":125.24507141113281},{""row_pos"":14,""col_pos"":17,""member_idx_i"":14,""member_idx_j"":19,""graph_id_i"":""131"",""graph_id_j"":""0"",""dataset_id_i"":""data_4100_4_2.0_chordal"",""dataset_id_j"":""data_4100_4_6.5_chordal"",""dtw"":119.44764709472656},{""row_pos"":15,""col_pos"":16,""member_idx_i"":15,""member_idx_j"":17,""graph_id_i"":""119"",""graph_id_j"":""162"",""dataset_id_i"":""data_4000_4_2.0_chordal"",""dataset_id_j"":""data_3800_4_7.5_chordal"",""dtw"":123.73574829101562},{""row_pos"":15,""col_pos"":17,""member_idx_i"":15,""member_idx_j"":19,""graph_id_i"":""119"",""graph_id_j"":""0"",""dataset_id_i"":""data_4000_4_2.0_chordal"",""dataset_id_j"":""data_4100_4_6.5_chordal"",""dtw"":123.55998229980469},{""row_pos"":16,""col_pos"":17,""member_idx_i"":17,""member_idx_j"":19,""graph_id_i"":""162"",""graph_id_j"":""0"",""dataset_id_i"":""data_3800_4_7.5_chordal"",""dataset_id_j"":""data_4100_4_6.5_chordal"",""dtw"":180.57208251953125}]","[{""row_pos"":0,""col_pos"":1,""member_idx_i"":0,""member_idx_j"":1,""graph_id_i"":""87"",""graph_id_j"":""157"",""dataset_id_i"":""data_4100_3_7.0_chordal"",""dataset_id_j"":""data_4200_3_6.0_chordal"",""affinity"":0.010739580095134824},{""row_pos"":0,""col_pos"":2,""member_idx_i"":0,""member_idx_j"":2,""graph_id_i"":""87"",""graph_id_j"":""149"",""dataset_id_i"":""data_4100_3_7.0_chordal"",""dataset_id_j"":""data_4200_3_6.5_chordal"",""affinity"":0.02587790443307583},{""row_pos"":0,""col_pos"":3,""member_idx_i"":0,""member_idx_j"":3,""graph_id_i"":""87"",""graph_id_j"":""109"",""dataset_id_i"":""data_4100_3_7.0_chordal"",""dataset_id_j"":""data_4200_3_7.5_chordal"",""affinity"":0.019986410607045747},{""row_pos"":0,""col_pos"":4,""member_idx_i"":0,""member_idx_j"":4,""graph_id_i"":""87"",""graph_id_j"":""143"",""dataset_id_i"":""data_4100_3_7.0_chordal"",""dataset_id_j"":""data_4200_3_3.0_chordal"",""affinity"":0.009971186168874185},{""row_pos"":0,""col_pos"":5,""member_idx_i"":0,""member_idx_j"":5,""graph_id_i"":""87"",""graph_id_j"":""114"",""dataset_id_i"":""data_4100_3_7.0_chordal"",""dataset_id_j"":""data_4100_3_3.0_chordal"",""affinity"":0.011962241255568056},{""row_pos"":0,""col_pos"":6,""member_idx_i"":0,""member_idx_j"":6,""graph_id_i"":""87"",""graph_id_j"":""117"",""dataset_id_i"":""data_4100_3_7.0_chordal"",""dataset_id_j"":""data_4000_3_3.0_chordal"",""affinity"":0.01480377141979408},{""row_pos"":0,""col_pos"":7,""member_idx_i"":0,""member_idx_j"":7,""graph_id_i"":""87"",""graph_id_j"":""2"",""dataset_id_i"":""data_4100_3_7.0_chordal"",""dataset_id_j"":""data_3800_3_3.5_chordal"",""affinity"":0.007399599963643323},{""row_pos"":0,""col_pos"":8,""member_idx_i"":0,""member_idx_j"":8,""graph_id_i"":""87"",""graph_id_j"":""88"",""dataset_id_i"":""data_4100_3_7.0_chordal"",""dataset_id_j"":""data_3800_4_4.5_chordal"",""affinity"":0.0069089093156104175},{""row_pos"":0,""col_pos"":9,""member_idx_i"":0,""member_idx_j"":9,""graph_id_i"":""87"",""graph_id_j"":""145"",""dataset_id_i"":""data_4100_3_7.0_chordal"",""dataset_id_j"":""data_4200_4_4.5_chordal"",""affinity"":0.009501706975510806},{""row_pos"":0,""col_pos"":10,""member_idx_i"":0,""member_idx_j"":10,""graph_id_i"":""87"",""graph_id_j"":""166"",""dataset_id_i"":""data_4100_3_7.0_chordal"",""dataset_id_j"":""data_4100_4_4.0_chordal"",""affinity"":0.006160857067570791},{""row_pos"":0,""col_pos"":11,""member_idx_i"":0,""member_idx_j"":11,""graph_id_i"":""87"",""graph_id_j"":""141"",""dataset_id_i"":""data_4100_3_7.0_chordal"",""dataset_id_j"":""data_4100_4_4.5_chordal"",""affinity"":0.005722562093457396},{""row_pos"":0,""col_pos"":12,""member_idx_i"":0,""member_idx_j"":12,""graph_id_i"":""87"",""graph_id_j"":""65"",""dataset_id_i"":""data_4100_3_7.0_chordal"",""dataset_id_j"":""data_3900_4_2.0_chordal"",""affinity"":0.009013808032681656},{""row_pos"":0,""col_pos"":13,""member_idx_i"":0,""member_idx_j"":13,""graph_id_i"":""87"",""graph_id_j"":""6"",""dataset_id_i"":""data_4100_3_7.0_chordal"",""dataset_id_j"":""data_4200_4_2.0_chordal"",""affinity"":0.010963839538747844},{""row_pos"":0,""col_pos"":14,""member_idx_i"":0,""member_idx_j"":14,""graph_id_i"":""87"",""graph_id_j"":""131"",""dataset_id_i"":""data_4100_3_7.0_chordal"",""dataset_id_j"":""data_4100_4_2.0_chordal"",""affinity"":0.012397896504351635},{""row_pos"":0,""col_pos"":15,""member_idx_i"":0,""member_idx_j"":15,""graph_id_i"":""87"",""graph_id_j"":""119"",""dataset_id_i"":""data_4100_3_7.0_chordal"",""dataset_id_j"":""data_4000_4_2.0_chordal"",""affinity"":0.017114167394816134},{""row_pos"":0,""col_pos"":16,""member_idx_i"":0,""member_idx_j"":17,""graph_id_i"":""87"",""graph_id_j"":""162"",""dataset_id_i"":""data_4100_3_7.0_chordal"",""dataset_id_j"":""data_3800_4_7.5_chordal"",""affinity"":0.007663312836949385},{""row_pos"":0,""col_pos"":17,""member_idx_i"":0,""member_idx_j"":19,""graph_id_i"":""87"",""graph_id_j"":""0"",""dataset_id_i"":""data_4100_3_7.0_chordal"",""dataset_id_j"":""data_4100_4_6.5_chordal"",""affinity"":0.008048219563525071},{""row_pos"":1,""col_pos"":2,""member_idx_i"":1,""member_idx_j"":2,""graph_id_i"":""157"",""graph_id_j"":""149"",""dataset_id_i"":""data_4200_3_6.0_chordal"",""dataset_id_j"":""data_4200_3_6.5_chordal"",""affinity"":0.01257718485310529},{""row_pos"":1,""col_pos"":3,""member_idx_i"":1,""member_idx_j"":3,""graph_id_i"":""157"",""graph_id_j"":""109"",""dataset_id_i"":""data_4200_3_6.0_chordal"",""dataset_id_j"":""data_4200_3_7.5_chordal"",""affinity"":0.015268288875764598},{""row_pos"":1,""col_pos"":4,""member_idx_i"":1,""member_idx_j"":4,""graph_id_i"":""157"",""graph_id_j"":""143"",""dataset_id_i"":""data_4200_3_6.0_chordal"",""dataset_id_j"":""data_4200_3_3.0_chordal"",""affinity"":0.01002901767473577},{""row_pos"":1,""col_pos"":5,""member_idx_i"":1,""member_idx_j"":5,""graph_id_i"":""157"",""graph_id_j"":""114"",""dataset_id_i"":""data_4200_3_6.0_chordal"",""dataset_id_j"":""data_4100_3_3.0_chordal"",""affinity"":0.009225479757042847},{""row_pos"":1,""col_pos"":6,""member_idx_i"":1,""member_idx_j"":6,""graph_id_i"":""157"",""graph_id_j"":""117"",""dataset_id_i"":""data_4200_3_6.0_chordal"",""dataset_id_j"":""data_4000_3_3.0_chordal"",""affinity"":0.010924809750179327},{""row_pos"":1,""col_pos"":7,""member_idx_i"":1,""member_idx_j"":7,""graph_id_i"":""157"",""graph_id_j"":""2"",""dataset_id_i"":""data_4200_3_6.0_chordal"",""dataset_id_j"":""data_3800_3_3.5_chordal"",""affinity"":0.010100891781003492},{""row_pos"":1,""col_pos"":8,""member_idx_i"":1,""member_idx_j"":8,""graph_id_i"":""157"",""graph_id_j"":""88"",""dataset_id_i"":""data_4200_3_6.0_chordal"",""dataset_id_j"":""data_3800_4_4.5_chordal"",""affinity"":0.006196587338447737},{""row_pos"":1,""col_pos"":9,""member_idx_i"":1,""member_idx_j"":9,""graph_id_i"":""157"",""graph_id_j"":""145"",""dataset_id_i"":""data_4200_3_6.0_chordal"",""dataset_id_j"":""data_4200_4_4.5_chordal"",""affinity"":0.008657387610567096},{""row_pos"":1,""col_pos"":10,""member_idx_i"":1,""member_idx_j"":10,""graph_id_i"":""157"",""graph_id_j"":""166"",""dataset_id_i"":""data_4200_3_6.0_chordal"",""dataset_id_j"":""data_4100_4_4.0_chordal"",""affinity"":0.00840715269919555},{""row_pos"":1,""col_pos"":11,""member_idx_i"":1,""member_idx_j"":11,""graph_id_i"":""157"",""graph_id_j"":""141"",""dataset_id_i"":""data_4200_3_6.0_chordal"",""dataset_id_j"":""data_4100_4_4.5_chordal"",""affinity"":0.0051540914966062635},{""row_pos"":1,""col_pos"":12,""member_idx_i"":1,""member_idx_j"":12,""graph_id_i"":""157"",""graph_id_j"":""65"",""dataset_id_i"":""data_4200_3_6.0_chordal"",""dataset_id_j"":""data_3900_4_2.0_chordal"",""affinity"":0.00934056090398888},{""row_pos"":1,""col_pos"":13,""member_idx_i"":1,""member_idx_j"":13,""graph_id_i"":""157"",""graph_id_j"":""6"",""dataset_id_i"":""data_4200_3_6.0_chordal"",""dataset_id_j"":""data_4200_4_2.0_chordal"",""affinity"":0.009988541586967343},{""row_pos"":1,""col_pos"":14,""member_idx_i"":1,""member_idx_j"":14,""graph_id_i"":""157"",""graph_id_j"":""131"",""dataset_id_i"":""data_4200_3_6.0_chordal"",""dataset_id_j"":""data_4100_4_2.0_chordal"",""affinity"":0.010433733232608919},{""row_pos"":1,""col_pos"":15,""member_idx_i"":1,""member_idx_j"":15,""graph_id_i"":""157"",""graph_id_j"":""119"",""dataset_id_i"":""data_4200_3_6.0_chordal"",""dataset_id_j"":""data_4000_4_2.0_chordal"",""affinity"":0.019498192870735218},{""row_pos"":1,""col_pos"":16,""member_idx_i"":1,""member_idx_j"":17,""graph_id_i"":""157"",""graph_id_j"":""162"",""dataset_id_i"":""data_4200_3_6.0_chordal"",""dataset_id_j"":""data_3800_4_7.5_chordal"",""affinity"":0.006150770075737739},{""row_pos"":1,""col_pos"":17,""member_idx_i"":1,""member_idx_j"":19,""graph_id_i"":""157"",""graph_id_j"":""0"",""dataset_id_i"":""data_4200_3_6.0_chordal"",""dataset_id_j"":""data_4100_4_6.5_chordal"",""affinity"":0.010403135798733865},{""row_pos"":2,""col_pos"":3,""member_idx_i"":2,""member_idx_j"":3,""graph_id_i"":""149"",""graph_id_j"":""109"",""dataset_id_i"":""data_4200_3_6.5_chordal"",""dataset_id_j"":""data_4200_3_7.5_chordal"",""affinity"":0.01687517734952392},{""row_pos"":2,""col_pos"":4,""member_idx_i"":2,""member_idx_j"":4,""graph_id_i"":""149"",""graph_id_j"":""143"",""dataset_id_i"":""data_4200_3_6.5_chordal"",""dataset_id_j"":""data_4200_3_3.0_chordal"",""affinity"":0.014924472413660392},{""row_pos"":2,""col_pos"":5,""member_idx_i"":2,""member_idx_j"":5,""graph_id_i"":""149"",""graph_id_j"":""114"",""dataset_id_i"":""data_4200_3_6.5_chordal"",""dataset_id_j"":""data_4100_3_3.0_chordal"",""affinity"":0.011266017321226581},{""row_pos"":2,""col_pos"":6,""member_idx_i"":2,""member_idx_j"":6,""graph_id_i"":""149"",""graph_id_j"":""117"",""dataset_id_i"":""data_4200_3_6.5_chordal"",""dataset_id_j"":""data_4000_3_3.0_chordal"",""affinity"":0.010504574112418306},{""row_pos"":2,""col_pos"":7,""member_idx_i"":2,""member_idx_j"":7,""graph_id_i"":""149"",""graph_id_j"":""2"",""dataset_id_i"":""data_4200_3_6.5_chordal"",""dataset_id_j"":""data_3800_3_3.5_chordal"",""affinity"":0.008497392020521534},{""row_pos"":2,""col_pos"":8,""member_idx_i"":2,""member_idx_j"":8,""graph_id_i"":""149"",""graph_id_j"":""88"",""dataset_id_i"":""data_4200_3_6.5_chordal"",""dataset_id_j"":""data_3800_4_4.5_chordal"",""affinity"":0.008231269328147259},{""row_pos"":2,""col_pos"":9,""member_idx_i"":2,""member_idx_j"":9,""graph_id_i"":""149"",""graph_id_j"":""145"",""dataset_id_i"":""data_4200_3_6.5_chordal"",""dataset_id_j"":""data_4200_4_4.5_chordal"",""affinity"":0.009007391899889524},{""row_pos"":2,""col_pos"":10,""member_idx_i"":2,""member_idx_j"":10,""graph_id_i"":""149"",""graph_id_j"":""166"",""dataset_id_i"":""data_4200_3_6.5_chordal"",""dataset_id_j"":""data_4100_4_4.0_chordal"",""affinity"":0.0070458369667551445},{""row_pos"":2,""col_pos"":11,""member_idx_i"":2,""member_idx_j"":11,""graph_id_i"":""149"",""graph_id_j"":""141"",""dataset_id_i"":""data_4200_3_6.5_chordal"",""dataset_id_j"":""data_4100_4_4.5_chordal"",""affinity"":0.0055569197624742404},{""row_pos"":2,""col_pos"":12,""member_idx_i"":2,""member_idx_j"":12,""graph_id_i"":""149"",""graph_id_j"":""65"",""dataset_id_i"":""data_4200_3_6.5_chordal"",""dataset_id_j"":""data_3900_4_2.0_chordal"",""affinity"":0.010447846853338605},{""row_pos"":2,""col_pos"":13,""member_idx_i"":2,""member_idx_j"":13,""graph_id_i"":""149"",""graph_id_j"":""6"",""dataset_id_i"":""data_4200_3_6.5_chordal"",""dataset_id_j"":""data_4200_4_2.0_chordal"",""affinity"":0.010170781475322011},{""row_pos"":2,""col_pos"":14,""member_idx_i"":2,""member_idx_j"":14,""graph_id_i"":""149"",""graph_id_j"":""131"",""dataset_id_i"":""data_4200_3_6.5_chordal"",""dataset_id_j"":""data_4100_4_2.0_chordal"",""affinity"":0.014147951616837824},{""row_pos"":2,""col_pos"":15,""member_idx_i"":2,""member_idx_j"":15,""graph_id_i"":""149"",""graph_id_j"":""119"",""dataset_id_i"":""data_4200_3_6.5_chordal"",""dataset_id_j"":""data_4000_4_2.0_chordal"",""affinity"":0.019565128478254184},{""row_pos"":2,""col_pos"":16,""member_idx_i"":2,""member_idx_j"":17,""graph_id_i"":""149"",""graph_id_j"":""162"",""dataset_id_i"":""data_4200_3_6.5_chordal"",""dataset_id_j"":""data_3800_4_7.5_chordal"",""affinity"":0.0064564968696787794},{""row_pos"":2,""col_pos"":17,""member_idx_i"":2,""member_idx_j"":19,""graph_id_i"":""149"",""graph_id_j"":""0"",""dataset_id_i"":""data_4200_3_6.5_chordal"",""dataset_id_j"":""data_4100_4_6.5_chordal"",""affinity"":0.010123961994977875},{""row_pos"":3,""col_pos"":4,""member_idx_i"":3,""member_idx_j"":4,""graph_id_i"":""109"",""graph_id_j"":""143"",""dataset_id_i"":""data_4200_3_7.5_chordal"",""dataset_id_j"":""data_4200_3_3.0_chordal"",""affinity"":0.008256030677926494},{""row_pos"":3,""col_pos"":5,""member_idx_i"":3,""member_idx_j"":5,""graph_id_i"":""109"",""graph_id_j"":""114"",""dataset_id_i"":""data_4200_3_7.5_chordal"",""dataset_id_j"":""data_4100_3_3.0_chordal"",""affinity"":0.006791391753437329},{""row_pos"":3,""col_pos"":6,""member_idx_i"":3,""member_idx_j"":6,""graph_id_i"":""109"",""graph_id_j"":""117"",""dataset_id_i"":""data_4200_3_7.5_chordal"",""dataset_id_j"":""data_4000_3_3.0_chordal"",""affinity"":0.009304745170153485},{""row_pos"":3,""col_pos"":7,""member_idx_i"":3,""member_idx_j"":7,""graph_id_i"":""109"",""graph_id_j"":""2"",""dataset_id_i"":""data_4200_3_7.5_chordal"",""dataset_id_j"":""data_3800_3_3.5_chordal"",""affinity"":0.005793187382774496},{""row_pos"":3,""col_pos"":8,""member_idx_i"":3,""member_idx_j"":8,""graph_id_i"":""109"",""graph_id_j"":""88"",""dataset_id_i"":""data_4200_3_7.5_chordal"",""dataset_id_j"":""data_3800_4_4.5_chordal"",""affinity"":0.004911541147422228},{""row_pos"":3,""col_pos"":9,""member_idx_i"":3,""member_idx_j"":9,""graph_id_i"":""109"",""graph_id_j"":""145"",""dataset_id_i"":""data_4200_3_7.5_chordal"",""dataset_id_j"":""data_4200_4_4.5_chordal"",""affinity"":0.009089315394362227},{""row_pos"":3,""col_pos"":10,""member_idx_i"":3,""member_idx_j"":10,""graph_id_i"":""109"",""graph_id_j"":""166"",""dataset_id_i"":""data_4200_3_7.5_chordal"",""dataset_id_j"":""data_4100_4_4.0_chordal"",""affinity"":0.005079722168589325},{""row_pos"":3,""col_pos"":11,""member_idx_i"":3,""member_idx_j"":11,""graph_id_i"":""109"",""graph_id_j"":""141"",""dataset_id_i"":""data_4200_3_7.5_chordal"",""dataset_id_j"":""data_4100_4_4.5_chordal"",""affinity"":0.0044562590189675235},{""row_pos"":3,""col_pos"":12,""member_idx_i"":3,""member_idx_j"":12,""graph_id_i"":""109"",""graph_id_j"":""65"",""dataset_id_i"":""data_4200_3_7.5_chordal"",""dataset_id_j"":""data_3900_4_2.0_chordal"",""affinity"":0.007580626280769111},{""row_pos"":3,""col_pos"":13,""member_idx_i"":3,""member_idx_j"":13,""graph_id_i"":""109"",""graph_id_j"":""6"",""dataset_id_i"":""data_4200_3_7.5_chordal"",""dataset_id_j"":""data_4200_4_2.0_chordal"",""affinity"":0.015124367087146965},{""row_pos"":3,""col_pos"":14,""member_idx_i"":3,""member_idx_j"":14,""graph_id_i"":""109"",""graph_id_j"":""131"",""dataset_id_i"":""data_4200_3_7.5_chordal"",""dataset_id_j"":""data_4100_4_2.0_chordal"",""affinity"":0.01862647906794845},{""row_pos"":3,""col_pos"":15,""member_idx_i"":3,""member_idx_j"":15,""graph_id_i"":""109"",""graph_id_j"":""119"",""dataset_id_i"":""data_4200_3_7.5_chordal"",""dataset_id_j"":""data_4000_4_2.0_chordal"",""affinity"":0.013836035296921833},{""row_pos"":3,""col_pos"":16,""member_idx_i"":3,""member_idx_j"":17,""graph_id_i"":""109"",""graph_id_j"":""162"",""dataset_id_i"":""data_4200_3_7.5_chordal"",""dataset_id_j"":""data_3800_4_7.5_chordal"",""affinity"":0.00787335167917822},{""row_pos"":3,""col_pos"":17,""member_idx_i"":3,""member_idx_j"":19,""graph_id_i"":""109"",""graph_id_j"":""0"",""dataset_id_i"":""data_4200_3_7.5_chordal"",""dataset_id_j"":""data_4100_4_6.5_chordal"",""affinity"":0.00807608297159828},{""row_pos"":4,""col_pos"":5,""member_idx_i"":4,""member_idx_j"":5,""graph_id_i"":""143"",""graph_id_j"":""114"",""dataset_id_i"":""data_4200_3_3.0_chordal"",""dataset_id_j"":""data_4100_3_3.0_chordal"",""affinity"":0.024034138334186595},{""row_pos"":4,""col_pos"":6,""member_idx_i"":4,""member_idx_j"":6,""graph_id_i"":""143"",""graph_id_j"":""117"",""dataset_id_i"":""data_4200_3_3.0_chordal"",""dataset_id_j"":""data_4000_3_3.0_chordal"",""affinity"":0.017598437365315},{""row_pos"":4,""col_pos"":7,""member_idx_i"":4,""member_idx_j"":7,""graph_id_i"":""143"",""graph_id_j"":""2"",""dataset_id_i"":""data_4200_3_3.0_chordal"",""dataset_id_j"":""data_3800_3_3.5_chordal"",""affinity"":0.01640582795409292},{""row_pos"":4,""col_pos"":8,""member_idx_i"":4,""member_idx_j"":8,""graph_id_i"":""143"",""graph_id_j"":""88"",""dataset_id_i"":""data_4200_3_3.0_chordal"",""dataset_id_j"":""data_3800_4_4.5_chordal"",""affinity"":0.012831602834324381},{""row_pos"":4,""col_pos"":9,""member_idx_i"":4,""member_idx_j"":9,""graph_id_i"":""143"",""graph_id_j"":""145"",""dataset_id_i"":""data_4200_3_3.0_chordal"",""dataset_id_j"":""data_4200_4_4.5_chordal"",""affinity"":0.0165596774784495},{""row_pos"":4,""col_pos"":10,""member_idx_i"":4,""member_idx_j"":10,""graph_id_i"":""143"",""graph_id_j"":""166"",""dataset_id_i"":""data_4200_3_3.0_chordal"",""dataset_id_j"":""data_4100_4_4.0_chordal"",""affinity"":0.01173728721734273},{""row_pos"":4,""col_pos"":11,""member_idx_i"":4,""member_idx_j"":11,""graph_id_i"":""143"",""graph_id_j"":""141"",""dataset_id_i"":""data_4200_3_3.0_chordal"",""dataset_id_j"":""data_4100_4_4.5_chordal"",""affinity"":0.007760349935701447},{""row_pos"":4,""col_pos"":12,""member_idx_i"":4,""member_idx_j"":12,""graph_id_i"":""143"",""graph_id_j"":""65"",""dataset_id_i"":""data_4200_3_3.0_chordal"",""dataset_id_j"":""data_3900_4_2.0_chordal"",""affinity"":0.030381516674462625},{""row_pos"":4,""col_pos"":13,""member_idx_i"":4,""member_idx_j"":13,""graph_id_i"":""143"",""graph_id_j"":""6"",""dataset_id_i"":""data_4200_3_3.0_chordal"",""dataset_id_j"":""data_4200_4_2.0_chordal"",""affinity"":0.010447696950470048},{""row_pos"":4,""col_pos"":14,""member_idx_i"":4,""member_idx_j"":14,""graph_id_i"":""143"",""graph_id_j"":""131"",""dataset_id_i"":""data_4200_3_3.0_chordal"",""dataset_id_j"":""data_4100_4_2.0_chordal"",""affinity"":0.02013204898954231},{""row_pos"":4,""col_pos"":15,""member_idx_i"":4,""member_idx_j"":15,""graph_id_i"":""143"",""graph_id_j"":""119"",""dataset_id_i"":""data_4200_3_3.0_chordal"",""dataset_id_j"":""data_4000_4_2.0_chordal"",""affinity"":0.017350280496554352},{""row_pos"":4,""col_pos"":16,""member_idx_i"":4,""member_idx_j"":17,""graph_id_i"":""143"",""graph_id_j"":""162"",""dataset_id_i"":""data_4200_3_3.0_chordal"",""dataset_id_j"":""data_3800_4_7.5_chordal"",""affinity"":0.0063269209734398875},{""row_pos"":4,""col_pos"":17,""member_idx_i"":4,""member_idx_j"":19,""graph_id_i"":""143"",""graph_id_j"":""0"",""dataset_id_i"":""data_4200_3_3.0_chordal"",""dataset_id_j"":""data_4100_4_6.5_chordal"",""affinity"":0.006699917488046194},{""row_pos"":5,""col_pos"":6,""member_idx_i"":5,""member_idx_j"":6,""graph_id_i"":""114"",""graph_id_j"":""117"",""dataset_id_i"":""data_4100_3_3.0_chordal"",""dataset_id_j"":""data_4000_3_3.0_chordal"",""affinity"":0.021599466604968972},{""row_pos"":5,""col_pos"":7,""member_idx_i"":5,""member_idx_j"":7,""graph_id_i"":""114"",""graph_id_j"":""2"",""dataset_id_i"":""data_4100_3_3.0_chordal"",""dataset_id_j"":""data_3800_3_3.5_chordal"",""affinity"":0.01783139676463106},{""row_pos"":5,""col_pos"":8,""member_idx_i"":5,""member_idx_j"":8,""graph_id_i"":""114"",""graph_id_j"":""88"",""dataset_id_i"":""data_4100_3_3.0_chordal"",""dataset_id_j"":""data_3800_4_4.5_chordal"",""affinity"":0.014828699289382736},{""row_pos"":5,""col_pos"":9,""member_idx_i"":5,""member_idx_j"":9,""graph_id_i"":""114"",""graph_id_j"":""145"",""dataset_id_i"":""data_4100_3_3.0_chordal"",""dataset_id_j"":""data_4200_4_4.5_chordal"",""affinity"":0.012581845059538951},{""row_pos"":5,""col_pos"":10,""member_idx_i"":5,""member_idx_j"":10,""graph_id_i"":""114"",""graph_id_j"":""166"",""dataset_id_i"":""data_4100_3_3.0_chordal"",""dataset_id_j"":""data_4100_4_4.0_chordal"",""affinity"":0.012684911679250736},{""row_pos"":5,""col_pos"":11,""member_idx_i"":5,""member_idx_j"":11,""graph_id_i"":""114"",""graph_id_j"":""141"",""dataset_id_i"":""data_4100_3_3.0_chordal"",""dataset_id_j"":""data_4100_4_4.5_chordal"",""affinity"":0.007072049853117056},{""row_pos"":5,""col_pos"":12,""member_idx_i"":5,""member_idx_j"":12,""graph_id_i"":""114"",""graph_id_j"":""65"",""dataset_id_i"":""data_4100_3_3.0_chordal"",""dataset_id_j"":""data_3900_4_2.0_chordal"",""affinity"":0.014523982544449445},{""row_pos"":5,""col_pos"":13,""member_idx_i"":5,""member_idx_j"":13,""graph_id_i"":""114"",""graph_id_j"":""6"",""dataset_id_i"":""data_4100_3_3.0_chordal"",""dataset_id_j"":""data_4200_4_2.0_chordal"",""affinity"":0.007763724796711032},{""row_pos"":5,""col_pos"":14,""member_idx_i"":5,""member_idx_j"":14,""graph_id_i"":""114"",""graph_id_j"":""131"",""dataset_id_i"":""data_4100_3_3.0_chordal"",""dataset_id_j"":""data_4100_4_2.0_chordal"",""affinity"":0.011887299203661961},{""row_pos"":5,""col_pos"":15,""member_idx_i"":5,""member_idx_j"":15,""graph_id_i"":""114"",""graph_id_j"":""119"",""dataset_id_i"":""data_4100_3_3.0_chordal"",""dataset_id_j"":""data_4000_4_2.0_chordal"",""affinity"":0.02263866771219433},{""row_pos"":5,""col_pos"":16,""member_idx_i"":5,""member_idx_j"":17,""graph_id_i"":""114"",""graph_id_j"":""162"",""dataset_id_i"":""data_4100_3_3.0_chordal"",""dataset_id_j"":""data_3800_4_7.5_chordal"",""affinity"":0.0070622873789307926},{""row_pos"":5,""col_pos"":17,""member_idx_i"":5,""member_idx_j"":19,""graph_id_i"":""114"",""graph_id_j"":""0"",""dataset_id_i"":""data_4100_3_3.0_chordal"",""dataset_id_j"":""data_4100_4_6.5_chordal"",""affinity"":0.006619323260655044},{""row_pos"":6,""col_pos"":7,""member_idx_i"":6,""member_idx_j"":7,""graph_id_i"":""117"",""graph_id_j"":""2"",""dataset_id_i"":""data_4000_3_3.0_chordal"",""dataset_id_j"":""data_3800_3_3.5_chordal"",""affinity"":0.01631965161368723},{""row_pos"":6,""col_pos"":8,""member_idx_i"":6,""member_idx_j"":8,""graph_id_i"":""117"",""graph_id_j"":""88"",""dataset_id_i"":""data_4000_3_3.0_chordal"",""dataset_id_j"":""data_3800_4_4.5_chordal"",""affinity"":0.009255516717861808},{""row_pos"":6,""col_pos"":9,""member_idx_i"":6,""member_idx_j"":9,""graph_id_i"":""117"",""graph_id_j"":""145"",""dataset_id_i"":""data_4000_3_3.0_chordal"",""dataset_id_j"":""data_4200_4_4.5_chordal"",""affinity"":0.01862669082921971},{""row_pos"":6,""col_pos"":10,""member_idx_i"":6,""member_idx_j"":10,""graph_id_i"":""117"",""graph_id_j"":""166"",""dataset_id_i"":""data_4000_3_3.0_chordal"",""dataset_id_j"":""data_4100_4_4.0_chordal"",""affinity"":0.011403683541517492},{""row_pos"":6,""col_pos"":11,""member_idx_i"":6,""member_idx_j"":11,""graph_id_i"":""117"",""graph_id_j"":""141"",""dataset_id_i"":""data_4000_3_3.0_chordal"",""dataset_id_j"":""data_4100_4_4.5_chordal"",""affinity"":0.011078185933530209},{""row_pos"":6,""col_pos"":12,""member_idx_i"":6,""member_idx_j"":12,""graph_id_i"":""117"",""graph_id_j"":""65"",""dataset_id_i"":""data_4000_3_3.0_chordal"",""dataset_id_j"":""data_3900_4_2.0_chordal"",""affinity"":0.01506558434885876},{""row_pos"":6,""col_pos"":13,""member_idx_i"":6,""member_idx_j"":13,""graph_id_i"":""117"",""graph_id_j"":""6"",""dataset_id_i"":""data_4000_3_3.0_chordal"",""dataset_id_j"":""data_4200_4_2.0_chordal"",""affinity"":0.011711799938667455},{""row_pos"":6,""col_pos"":14,""member_idx_i"":6,""member_idx_j"":14,""graph_id_i"":""117"",""graph_id_j"":""131"",""dataset_id_i"":""data_4000_3_3.0_chordal"",""dataset_id_j"":""data_4100_4_2.0_chordal"",""affinity"":0.011623951270784357},{""row_pos"":6,""col_pos"":15,""member_idx_i"":6,""member_idx_j"":15,""graph_id_i"":""117"",""graph_id_j"":""119"",""dataset_id_i"":""data_4000_3_3.0_chordal"",""dataset_id_j"":""data_4000_4_2.0_chordal"",""affinity"":0.015278451266365773},{""row_pos"":6,""col_pos"":16,""member_idx_i"":6,""member_idx_j"":17,""graph_id_i"":""117"",""graph_id_j"":""162"",""dataset_id_i"":""data_4000_3_3.0_chordal"",""dataset_id_j"":""data_3800_4_7.5_chordal"",""affinity"":0.00848387609160194},{""row_pos"":6,""col_pos"":17,""member_idx_i"":6,""member_idx_j"":19,""graph_id_i"":""117"",""graph_id_j"":""0"",""dataset_id_i"":""data_4000_3_3.0_chordal"",""dataset_id_j"":""data_4100_4_6.5_chordal"",""affinity"":0.005866569033742887},{""row_pos"":7,""col_pos"":8,""member_idx_i"":7,""member_idx_j"":8,""graph_id_i"":""2"",""graph_id_j"":""88"",""dataset_id_i"":""data_3800_3_3.5_chordal"",""dataset_id_j"":""data_3800_4_4.5_chordal"",""affinity"":0.017656509019136415},{""row_pos"":7,""col_pos"":9,""member_idx_i"":7,""member_idx_j"":9,""graph_id_i"":""2"",""graph_id_j"":""145"",""dataset_id_i"":""data_3800_3_3.5_chordal"",""dataset_id_j"":""data_4200_4_4.5_chordal"",""affinity"":0.013880440473548035},{""row_pos"":7,""col_pos"":10,""member_idx_i"":7,""member_idx_j"":10,""graph_id_i"":""2"",""graph_id_j"":""166"",""dataset_id_i"":""data_3800_3_3.5_chordal"",""dataset_id_j"":""data_4100_4_4.0_chordal"",""affinity"":0.029729645132301367},{""row_pos"":7,""col_pos"":11,""member_idx_i"":7,""member_idx_j"":11,""graph_id_i"":""2"",""graph_id_j"":""141"",""dataset_id_i"":""data_3800_3_3.5_chordal"",""dataset_id_j"":""data_4100_4_4.5_chordal"",""affinity"":0.009453896674171774},{""row_pos"":7,""col_pos"":12,""member_idx_i"":7,""member_idx_j"":12,""graph_id_i"":""2"",""graph_id_j"":""65"",""dataset_id_i"":""data_3800_3_3.5_chordal"",""dataset_id_j"":""data_3900_4_2.0_chordal"",""affinity"":0.015560237154957274},{""row_pos"":7,""col_pos"":13,""member_idx_i"":7,""member_idx_j"":13,""graph_id_i"":""2"",""graph_id_j"":""6"",""dataset_id_i"":""data_3800_3_3.5_chordal"",""dataset_id_j"":""data_4200_4_2.0_chordal"",""affinity"":0.006456308594527348},{""row_pos"":7,""col_pos"":14,""member_idx_i"":7,""member_idx_j"":14,""graph_id_i"":""2"",""graph_id_j"":""131"",""dataset_id_i"":""data_3800_3_3.5_chordal"",""dataset_id_j"":""data_4100_4_2.0_chordal"",""affinity"":0.009121924311801782},{""row_pos"":7,""col_pos"":15,""member_idx_i"":7,""member_idx_j"":15,""graph_id_i"":""2"",""graph_id_j"":""119"",""dataset_id_i"":""data_3800_3_3.5_chordal"",""dataset_id_j"":""data_4000_4_2.0_chordal"",""affinity"":0.014855206167666897},{""row_pos"":7,""col_pos"":16,""member_idx_i"":7,""member_idx_j"":17,""graph_id_i"":""2"",""graph_id_j"":""162"",""dataset_id_i"":""data_3800_3_3.5_chordal"",""dataset_id_j"":""data_3800_4_7.5_chordal"",""affinity"":0.005567825891256969},{""row_pos"":7,""col_pos"":17,""member_idx_i"":7,""member_idx_j"":19,""graph_id_i"":""2"",""graph_id_j"":""0"",""dataset_id_i"":""data_3800_3_3.5_chordal"",""dataset_id_j"":""data_4100_4_6.5_chordal"",""affinity"":0.00524489781708819},{""row_pos"":8,""col_pos"":9,""member_idx_i"":8,""member_idx_j"":9,""graph_id_i"":""88"",""graph_id_j"":""145"",""dataset_id_i"":""data_3800_4_4.5_chordal"",""dataset_id_j"":""data_4200_4_4.5_chordal"",""affinity"":0.011573574119809873},{""row_pos"":8,""col_pos"":10,""member_idx_i"":8,""member_idx_j"":10,""graph_id_i"":""88"",""graph_id_j"":""166"",""dataset_id_i"":""data_3800_4_4.5_chordal"",""dataset_id_j"":""data_4100_4_4.0_chordal"",""affinity"":0.018095914199035727},{""row_pos"":8,""col_pos"":11,""member_idx_i"":8,""member_idx_j"":11,""graph_id_i"":""88"",""graph_id_j"":""141"",""dataset_id_i"":""data_3800_4_4.5_chordal"",""dataset_id_j"":""data_4100_4_4.5_chordal"",""affinity"":0.00662474914332439},{""row_pos"":8,""col_pos"":12,""member_idx_i"":8,""member_idx_j"":12,""graph_id_i"":""88"",""graph_id_j"":""65"",""dataset_id_i"":""data_3800_4_4.5_chordal"",""dataset_id_j"":""data_3900_4_2.0_chordal"",""affinity"":0.010786602662909614},{""row_pos"":8,""col_pos"":13,""member_idx_i"":8,""member_idx_j"":13,""graph_id_i"":""88"",""graph_id_j"":""6"",""dataset_id_i"":""data_3800_4_4.5_chordal"",""dataset_id_j"":""data_4200_4_2.0_chordal"",""affinity"":0.00582845716462848},{""row_pos"":8,""col_pos"":14,""member_idx_i"":8,""member_idx_j"":14,""graph_id_i"":""88"",""graph_id_j"":""131"",""dataset_id_i"":""data_3800_4_4.5_chordal"",""dataset_id_j"":""data_4100_4_2.0_chordal"",""affinity"":0.008191177810527268},{""row_pos"":8,""col_pos"":15,""member_idx_i"":8,""member_idx_j"":15,""graph_id_i"":""88"",""graph_id_j"":""119"",""dataset_id_i"":""data_3800_4_4.5_chordal"",""dataset_id_j"":""data_4000_4_2.0_chordal"",""affinity"":0.011979086316833087},{""row_pos"":8,""col_pos"":16,""member_idx_i"":8,""member_idx_j"":17,""graph_id_i"":""88"",""graph_id_j"":""162"",""dataset_id_i"":""data_3800_4_4.5_chordal"",""dataset_id_j"":""data_3800_4_7.5_chordal"",""affinity"":0.004724856895651648},{""row_pos"":8,""col_pos"":17,""member_idx_i"":8,""member_idx_j"":19,""graph_id_i"":""88"",""graph_id_j"":""0"",""dataset_id_i"":""data_3800_4_4.5_chordal"",""dataset_id_j"":""data_4100_4_6.5_chordal"",""affinity"":0.0050238702060564095},{""row_pos"":9,""col_pos"":10,""member_idx_i"":9,""member_idx_j"":10,""graph_id_i"":""145"",""graph_id_j"":""166"",""dataset_id_i"":""data_4200_4_4.5_chordal"",""dataset_id_j"":""data_4100_4_4.0_chordal"",""affinity"":0.009968210510304967},{""row_pos"":9,""col_pos"":11,""member_idx_i"":9,""member_idx_j"":11,""graph_id_i"":""145"",""graph_id_j"":""141"",""dataset_id_i"":""data_4200_4_4.5_chordal"",""dataset_id_j"":""data_4100_4_4.5_chordal"",""affinity"":0.007890473447670712},{""row_pos"":9,""col_pos"":12,""member_idx_i"":9,""member_idx_j"":12,""graph_id_i"":""145"",""graph_id_j"":""65"",""dataset_id_i"":""data_4200_4_4.5_chordal"",""dataset_id_j"":""data_3900_4_2.0_chordal"",""affinity"":0.019233839536434413},{""row_pos"":9,""col_pos"":13,""member_idx_i"":9,""member_idx_j"":13,""graph_id_i"":""145"",""graph_id_j"":""6"",""dataset_id_i"":""data_4200_4_4.5_chordal"",""dataset_id_j"":""data_4200_4_2.0_chordal"",""affinity"":0.010835409117047086},{""row_pos"":9,""col_pos"":14,""member_idx_i"":9,""member_idx_j"":14,""graph_id_i"":""145"",""graph_id_j"":""131"",""dataset_id_i"":""data_4200_4_4.5_chordal"",""dataset_id_j"":""data_4100_4_2.0_chordal"",""affinity"":0.012672730637374384},{""row_pos"":9,""col_pos"":15,""member_idx_i"":9,""member_idx_j"":15,""graph_id_i"":""145"",""graph_id_j"":""119"",""dataset_id_i"":""data_4200_4_4.5_chordal"",""dataset_id_j"":""data_4000_4_2.0_chordal"",""affinity"":0.011679926943425711},{""row_pos"":9,""col_pos"":16,""member_idx_i"":9,""member_idx_j"":17,""graph_id_i"":""145"",""graph_id_j"":""162"",""dataset_id_i"":""data_4200_4_4.5_chordal"",""dataset_id_j"":""data_3800_4_7.5_chordal"",""affinity"":0.006057937158515406},{""row_pos"":9,""col_pos"":17,""member_idx_i"":9,""member_idx_j"":19,""graph_id_i"":""145"",""graph_id_j"":""0"",""dataset_id_i"":""data_4200_4_4.5_chordal"",""dataset_id_j"":""data_4100_4_6.5_chordal"",""affinity"":0.005839611179697514},{""row_pos"":10,""col_pos"":11,""member_idx_i"":10,""member_idx_j"":11,""graph_id_i"":""166"",""graph_id_j"":""141"",""dataset_id_i"":""data_4100_4_4.0_chordal"",""dataset_id_j"":""data_4100_4_4.5_chordal"",""affinity"":0.00733195359487354},{""row_pos"":10,""col_pos"":12,""member_idx_i"":10,""member_idx_j"":12,""graph_id_i"":""166"",""graph_id_j"":""65"",""dataset_id_i"":""data_4100_4_4.0_chordal"",""dataset_id_j"":""data_3900_4_2.0_chordal"",""affinity"":0.011876121269231467},{""row_pos"":10,""col_pos"":13,""member_idx_i"":10,""member_idx_j"":13,""graph_id_i"":""166"",""graph_id_j"":""6"",""dataset_id_i"":""data_4100_4_4.0_chordal"",""dataset_id_j"":""data_4200_4_2.0_chordal"",""affinity"":0.005582479179207922},{""row_pos"":10,""col_pos"":14,""member_idx_i"":10,""member_idx_j"":14,""graph_id_i"":""166"",""graph_id_j"":""131"",""dataset_id_i"":""data_4100_4_4.0_chordal"",""dataset_id_j"":""data_4100_4_2.0_chordal"",""affinity"":0.007469899732644702},{""row_pos"":10,""col_pos"":15,""member_idx_i"":10,""member_idx_j"":15,""graph_id_i"":""166"",""graph_id_j"":""119"",""dataset_id_i"":""data_4100_4_4.0_chordal"",""dataset_id_j"":""data_4000_4_2.0_chordal"",""affinity"":0.011653771871938676},{""row_pos"":10,""col_pos"":16,""member_idx_i"":10,""member_idx_j"":17,""graph_id_i"":""166"",""graph_id_j"":""162"",""dataset_id_i"":""data_4100_4_4.0_chordal"",""dataset_id_j"":""data_3800_4_7.5_chordal"",""affinity"":0.004804417342703276},{""row_pos"":10,""col_pos"":17,""member_idx_i"":10,""member_idx_j"":19,""graph_id_i"":""166"",""graph_id_j"":""0"",""dataset_id_i"":""data_4100_4_4.0_chordal"",""dataset_id_j"":""data_4100_4_6.5_chordal"",""affinity"":0.0052866449616505275},{""row_pos"":11,""col_pos"":12,""member_idx_i"":11,""member_idx_j"":12,""graph_id_i"":""141"",""graph_id_j"":""65"",""dataset_id_i"":""data_4100_4_4.5_chordal"",""dataset_id_j"":""data_3900_4_2.0_chordal"",""affinity"":0.008029198958272202},{""row_pos"":11,""col_pos"":13,""member_idx_i"":11,""member_idx_j"":13,""graph_id_i"":""141"",""graph_id_j"":""6"",""dataset_id_i"":""data_4100_4_4.5_chordal"",""dataset_id_j"":""data_4200_4_2.0_chordal"",""affinity"":0.005959325349374723},{""row_pos"":11,""col_pos"":14,""member_idx_i"":11,""member_idx_j"":14,""graph_id_i"":""141"",""graph_id_j"":""131"",""dataset_id_i"":""data_4100_4_4.5_chordal"",""dataset_id_j"":""data_4100_4_2.0_chordal"",""affinity"":0.005916927372551456},{""row_pos"":11,""col_pos"":15,""member_idx_i"":11,""member_idx_j"":15,""graph_id_i"":""141"",""graph_id_j"":""119"",""dataset_id_i"":""data_4100_4_4.5_chordal"",""dataset_id_j"":""data_4000_4_2.0_chordal"",""affinity"":0.006737034631540663},{""row_pos"":11,""col_pos"":16,""member_idx_i"":11,""member_idx_j"":17,""graph_id_i"":""141"",""graph_id_j"":""162"",""dataset_id_i"":""data_4100_4_4.5_chordal"",""dataset_id_j"":""data_3800_4_7.5_chordal"",""affinity"":0.006805375058346101},{""row_pos"":11,""col_pos"":17,""member_idx_i"":11,""member_idx_j"":19,""graph_id_i"":""141"",""graph_id_j"":""0"",""dataset_id_i"":""data_4100_4_4.5_chordal"",""dataset_id_j"":""data_4100_4_6.5_chordal"",""affinity"":0.0036714646424610468},{""row_pos"":12,""col_pos"":13,""member_idx_i"":12,""member_idx_j"":13,""graph_id_i"":""65"",""graph_id_j"":""6"",""dataset_id_i"":""data_3900_4_2.0_chordal"",""dataset_id_j"":""data_4200_4_2.0_chordal"",""affinity"":0.009239663500072397},{""row_pos"":12,""col_pos"":14,""member_idx_i"":12,""member_idx_j"":14,""graph_id_i"":""65"",""graph_id_j"":""131"",""dataset_id_i"":""data_3900_4_2.0_chordal"",""dataset_id_j"":""data_4100_4_2.0_chordal"",""affinity"":0.015352021746198772},{""row_pos"":12,""col_pos"":15,""member_idx_i"":12,""member_idx_j"":15,""graph_id_i"":""65"",""graph_id_j"":""119"",""dataset_id_i"":""data_3900_4_2.0_chordal"",""dataset_id_j"":""data_4000_4_2.0_chordal"",""affinity"":0.012560682205118839},{""row_pos"":12,""col_pos"":16,""member_idx_i"":12,""member_idx_j"":17,""graph_id_i"":""65"",""graph_id_j"":""162"",""dataset_id_i"":""data_3900_4_2.0_chordal"",""dataset_id_j"":""data_3800_4_7.5_chordal"",""affinity"":0.005867069550234903},{""row_pos"":12,""col_pos"":17,""member_idx_i"":12,""member_idx_j"":19,""graph_id_i"":""65"",""graph_id_j"":""0"",""dataset_id_i"":""data_3900_4_2.0_chordal"",""dataset_id_j"":""data_4100_4_6.5_chordal"",""affinity"":0.005818375006414453},{""row_pos"":13,""col_pos"":14,""member_idx_i"":13,""member_idx_j"":14,""graph_id_i"":""6"",""graph_id_j"":""131"",""dataset_id_i"":""data_4200_4_2.0_chordal"",""dataset_id_j"":""data_4100_4_2.0_chordal"",""affinity"":0.014147725604585576},{""row_pos"":13,""col_pos"":15,""member_idx_i"":13,""member_idx_j"":15,""graph_id_i"":""6"",""graph_id_j"":""119"",""dataset_id_i"":""data_4200_4_2.0_chordal"",""dataset_id_j"":""data_4000_4_2.0_chordal"",""affinity"":0.011544859555099417},{""row_pos"":13,""col_pos"":16,""member_idx_i"":13,""member_idx_j"":17,""graph_id_i"":""6"",""graph_id_j"":""162"",""dataset_id_i"":""data_4200_4_2.0_chordal"",""dataset_id_j"":""data_3800_4_7.5_chordal"",""affinity"":0.008704861033168289},{""row_pos"":13,""col_pos"":17,""member_idx_i"":13,""member_idx_j"":19,""graph_id_i"":""6"",""graph_id_j"":""0"",""dataset_id_i"":""data_4200_4_2.0_chordal"",""dataset_id_j"":""data_4100_4_6.5_chordal"",""affinity"":0.006937026814610562},{""row_pos"":14,""col_pos"":15,""member_idx_i"":14,""member_idx_j"":15,""graph_id_i"":""131"",""graph_id_j"":""119"",""dataset_id_i"":""data_4100_4_2.0_chordal"",""dataset_id_j"":""data_4000_4_2.0_chordal"",""affinity"":0.015033706323832587},{""row_pos"":14,""col_pos"":16,""member_idx_i"":14,""member_idx_j"":17,""graph_id_i"":""131"",""graph_id_j"":""162"",""dataset_id_i"":""data_4100_4_2.0_chordal"",""dataset_id_j"":""data_3800_4_7.5_chordal"",""affinity"":0.00792110130575613},{""row_pos"":14,""col_pos"":17,""member_idx_i"":14,""member_idx_j"":19,""graph_id_i"":""131"",""graph_id_j"":""0"",""dataset_id_i"":""data_4100_4_2.0_chordal"",""dataset_id_j"":""data_4100_4_6.5_chordal"",""affinity"":0.008302362263777107},{""row_pos"":15,""col_pos"":16,""member_idx_i"":15,""member_idx_j"":17,""graph_id_i"":""119"",""graph_id_j"":""162"",""dataset_id_i"":""data_4000_4_2.0_chordal"",""dataset_id_j"":""data_3800_4_7.5_chordal"",""affinity"":0.008016947937546684},{""row_pos"":15,""col_pos"":17,""member_idx_i"":15,""member_idx_j"":19,""graph_id_i"":""119"",""graph_id_j"":""0"",""dataset_id_i"":""data_4000_4_2.0_chordal"",""dataset_id_j"":""data_4100_4_6.5_chordal"",""affinity"":0.008028260614176146},{""row_pos"":16,""col_pos"":17,""member_idx_i"":17,""member_idx_j"":19,""graph_id_i"":""162"",""graph_id_j"":""0"",""dataset_id_i"":""data_3800_4_7.5_chordal"",""dataset_id_j"":""data_4100_4_6.5_chordal"",""affinity"":0.005507454593921026}]",1,1,1,1,1,True,True,13,13,2,1
87|157|149|109|143|114|117|2|88|145|166|141|65|6|131|119|96|162|107|0,87|157|149|109|143|114|117|2|88|145|166|141|65|6|131|119|96|162|107|0,0,48,1,107,18,1,107,18,1,1,18,31,329.6841735839844,329.6841735839844,,,cluster_too_small,0,0,,,,,,,,,,,,,,,,,,,0,,,,,,0,,,,,,0,,,,,,0,,,,,,0,,,,,,0,,,,,,0,,,,,,0,,,,,,1,329.6841735839844,329.6841735839844,329.6841735839844,329.6841735839844,0.0,,,,,,,,,,,,,,,,,,,,,"107:367.2488,284.5146,435.5769,296.6898,329.6842",,,0,,,,,0,0,1,1,1,,,30,30,2,1
87|157|149|109|143|114|117|2|88|145|166|141|65|6|131|119|96|162|107|0,87|157|149|109|143|114|117|2|88|145|166|141|65|6|131|119|96|162|107|0,0,48,3,96,16,1,96,16,1,1,34,15,264.3905334472656,264.3905334472656,,,cluster_too_small,0,0,,,,,,,,,,,,,,,,,,,0,,,,,,0,,,,,,0,,,,,,0,,,,,,0,,,,,,0,,,,,,0,,,,,,0,,,,,,1,264.3905334472656,264.3905334472656,264.3905334472656,264.3905334472656,0.0,,,,,,,,,,,,,,,,,,,,,"96:297.3200,407.4780,352.2282,292.9816,264.3905",,,0,,,,,0,0,1,1,1,,,14,14,2,1
87|157|149|109|143|114|117|2|88|145|166|141|65|6|131|119|96|162|107|0,87|157|149|109|143|114|117|2|88|145|166|141|65|6|131|119|96|162|107|0,0,48,5,162,17,1,162,17,1,1,48,1,220.90907287597656,220.90907287597656,,,cluster_too_small,0,0,,,,,,,,,,,,,,,,,,,0,,,,,,0,,,,,,0,,,,,,0,,,,,,0,,,,,,0,,,,,,0,,,,,,0,,,,,,1,220.90907287597656,220.90907287597656,220.90907287597656,220.90907287597656,0.0,,,,,,,,,,,,,,,,,,,,,162:220.9091,,,0,,,,,0,0,1,0,0,,,0,0,2,1
87|157|149|109|143|114|117|2|88|145|166|141|65|6|131|119|96|162|107|0,87|157|149|109|143|114|117|2|88|145|166|141|65|6|131|119|96|162|107|0,0,48,6,87|157|149|109|143|114|117|2|88|145|166|141|65|6|131|119|0,0|1|2|3|4|5|6|7|8|9|10|11|12|13|14|15|19,17,87|157|149|109|143|114|117|2|88|145|166|141|65|6|131|119|0,0|1|2|3|4|5|6|7|8|9|10|11|12|13|14|15|19,17,1,48,1,161.04751586914062,244.86663818359375,,,warmup,0,0,,,,,,,,,,,,,,,,,,,0,,,,,,0,,,,,,0,,,,,,0,,,,,,0,,,,,,0,,,,,,0,,,,,,0,,,,,,17,185.5207061767578,206.22579507266775,206.85491943359375,244.86663818359375,15.294507919296244,,,,,,,,,,,,,,,,,,,,,87:193.4411|157:196.0202|149:221.5103|109:244.8666|143:216.6827|114:193.8302|117:198.9854|2:192.7119|88:185.5207|145:213.3131|166:212.7665|141:191.2347|65:187.5023|6:220.3733|131:206.8549|119:218.9066|0:211.3178,,,0,,,,,1,1,1,0,0,,,0,0,2,1
87|157|149|109|143|114|117|2|88|145|166|141|65|6|131|119|96|162|107|0,87|157|149|109|143|114|117|2|88|145|166|141|65|6|131|119|96|162|107|0,0,49,1,107,18,1,107,18,1,1,18,32,334.0053405761719,334.0053405761719,,,cluster_too_small,0,0,,,,,,,,,,,,,,,,,,,0,,,,,,0,,,,,,0,,,,,,0,,,,,,0,,,,,,0,,,,,,0,,,,,,0,,,,,,1,334.0053405761719,334.0053405761719,334.0053405761719,334.0053405761719,0.0,,,,,,,,,,,,,,,,,,,,,"107:284.5146,435.5769,296.6898,329.6842,334.0053",,,0,,,,,0,0,1,1,1,,,31,31,2,1
87|157|149|109|143|114|117|2|88|145|166|141|65|6|131|119|96|162|107|0,87|157|149|109|143|114|117|2|88|145|166|141|65|6|131|119|96|162|107|0,0,49,3,96,16,1,96,16,1,1,34,16,276.1426696777344,276.1426696777344,,,cluster_too_small,0,0,,,,,,,,,,,,,,,,,,,0,,,,,,0,,,,,,0,,,,,,0,,,,,,0,,,,,,0,,,,,,0,,,,,,0,,,,,,1,276.1426696777344,276.1426696777344,276.1426696777344,276.1426696777344,0.0,,,,,,,,,,,,,,,,,,,,,"96:407.4780,352.2282,292.9816,264.3905,276.1427",,,0,,,,,0,0,1,1,1,,,15,15,2,1
87|157|149|109|143|114|117|2|88|145|166|141|65|6|131|119|96|162|107|0,87|157|149|109|143|114|117|2|88|145|166|141|65|6|131|119|96|162|107|0,0,49,5,162,17,1,162,17,1,1,48,2,223.9788360595703,223.9788360595703,,,cluster_too_small,0,0,,,,,,,,,,,,,,,,,,,0,,,,,,0,,,,,,0,,,,,,0,,,,,,0,,,,,,0,,,,,,0,,,,,,0,,,,,,1,223.9788360595703,223.9788360595703,223.9788360595703,223.9788360595703,0.0,,,,,,,,,,,,,,,,,,,,,"162:220.9091,223.9788",,,0,,,,,0,0,1,0,0,,,1,1,2,1
87|157|149|109|143|114|117|2|88|145|166|141|65|6|131|119|96|162|107|0,87|157|149|109|143|114|117|2|88|145|166|141|65|6|131|119|96|162|107|0,0,49,6,87|157|149|109|143|114|117|2|88|145|166|141|65|6|131|119|0,0|1|2|3|4|5|6|7|8|9|10|11|12|13|14|15|19,17,87|157|149|109|143|114|117|2|88|145|166|141|65|6|131|119|0,0|1|2|3|4|5|6|7|8|9|10|11|12|13|14|15|19,17,1,48,2,161.1836700439453,226.4080047607422,,,warmup,0,0,,,,,,,,,,,,,,,,,,,0,,,,,,0,,,,,,0,,,,,,0,,,,,,0,,,,,,0,,,,,,0,,,,,,0,,,,,,17,182.14210510253906,209.16527781767005,209.8987274169922,226.4080047607422,13.139636355259862,,,,,,,,,,,,,,,,,,,,,"87:193.4411,225.4972|157:196.0202,219.8665|149:221.5103,222.3167|109:244.8666,226.4080|143:216.6827,218.2703|114:193.8302,202.1175|117:198.9854,186.6046|2:192.7119,212.8841|88:185.5207,182.1421|145:213.3131,201.4262|166:212.7665,209.2380|141:191.2347,204.0501|65:187.5023,192.5397|6:220.3733,201.1257|131:206.8549,222.0513|119:218.9066,219.3731|0:211.3178,209.8987",,,0,,,,,1,1,1,0,0,,,1,1,2,1
87|157|149|109|143|114|117|2|88|145|166|141|65|6|131|119|96|162|107|0,87|157|149|109|143|114|117|2|88|145|166|141|65|6|131|119|96|162|107|0,0,50,1,107,18,1,107,18,1,1,18,33,390.5383605957031,390.5383605957031,,,cluster_too_small,0,0,,,,,,,,,,,,,,,,,,,0,,,,,,0,,,,,,0,,,,,,0,,,,,,0,,,,,,0,,,,,,0,,,,,,0,,,,,,1,390.5383605957031,390.5383605957031,390.5383605957031,390.5383605957031,0.0,,,,,,,,,,,,,,,,,,,,,"107:435.5769,296.6898,329.6842,334.0053,390.5384",,,0,,,,,0,0,1,1,1,,,32,32,2,1
87|157|149|109|143|114|117|2|88|145|166|141|65|6|131|119|96|162|107|0,87|157|149|109|143|114|117|2|88|145|166|141|65|6|131|119|96|162|107|0,0,50,3,96,16,1,96,16,1,1,34,17,304.05328369140625,304.05328369140625,,,cluster_too_small,0,0,,,,,,,,,,,,,,,,,,,0,,,,,,0,,,,,,0,,,,,,0,,,,,,0,,,,,,0,,,,,,0,,,,,,0,,,,,,1,304.05328369140625,304.05328369140625,304.05328369140625,304.05328369140625,0.0,,,,,,,,,,,,,,,,,,,,,"96:352.2282,292.9816,264.3905,276.1427,304.0533",,,0,,,,,0,0,1,1,1,,,16,16,2,1
87|157|149|109|143|114|117|2|88|145|166|141|65|6|131|119|96|162|107|0,87|157|149|109|143|114|117|2|88|145|166|141|65|6|131|119|96|162|107|0,0,50,5,162,17,1,162,17,1,1,48,3,223.7253875732422,223.7253875732422,,,cluster_too_small,0,0,,,,,,,,,,,,,,,,,,,0,,,,,,0,,,,,,0,,,,,,0,,,,,,0,,,,,,0,,,,,,0,,,,,,0,,,,,,1,223.7253875732422,223.7253875732422,223.7253875732422,223.7253875732422,0.0,,,,,,,,,,,,,,,,,,,,,"162:220.9091,223.9788,223.7254",,,0,,,,,0,0,1,0,0,,,2,2,2,1
87|157|149|109|143|114|117|2|88|145|166|141|65|6|131|119|96|162|107|0,87|157|149|109|143|114|117|2|88|145|166|141|65|6|131|119|96|162|107|0,0,50,6,87|157|149|109|143|114|117|2|88|145|166|141|65|6|131|119|0,0|1|2|3|4|5|6|7|8|9|10|11|12|13|14|15|19,17,87|157|149|109|143|114|117|2|88|145|166|141|65|6|131|119|0,0|1|2|3|4|5|6|7|8|9|10|11|12|13|14|15|19,17,1,48,3,161.5166473388672,242.90611267089844,,,warmup,0,0,,,,,,,,,,,,,,,,,,,0,,,,,,0,,,,,,0,,,,,,0,,,,,,0,,,,,,0,,,,,,0,,,,,,0,,,,,,17,181.77142333984375,202.7197561825023,198.0950164794922,242.90611267089844,16.13099934012967,,,,,,,,,,,,,,,,,,,,,"87:193.4411,225.4972,218.4667|157:196.0202,219.8665,242.9061|149:221.5103,222.3167,195.4803|109:244.8666,226.4080,198.4553|143:216.6827,218.2703,197.9444|114:193.8302,202.1175,237.0950|117:198.9854,186.6046,211.1289|2:192.7119,212.8841,191.2413|88:185.5207,182.1421,181.7714|145:213.3131,201.4262,194.6366|166:212.7665,209.2380,185.5462|141:191.2347,204.0501,198.0950|65:187.5023,192.5397,193.3859|6:220.3733,201.1257,206.2398|131:206.8549,222.0513,200.1406|119:218.9066,219.3731,190.2336|0:211.3178,209.8987,203.4688",,,0,,,,,1,1,1,0,0,,,2,2,2,1
87|157|149|109|143|114|117|2|88|145|166|141|65|6|131|119|96|162|107|0,87|157|149|109|143|114|117|2|88|145|166|141|65|6|131|119|96|162|107|0,0,51,1,107,18,1,107,18,1,1,18,34,286.52923583984375,286.52923583984375,,,cluster_too_small,0,0,,,,,,,,,,,,,,,,,,,0,,,,,,0,,,,,,0,,,,,,0,,,,,,0,,,,,,0,,,,,,0,,,,,,0,,,,,,1,286.52923583984375,286.52923583984375,286.52923583984375,286.52923583984375,0.0,,,,,,,,,,,,,,,,,,,,,"107:296.6898,329.6842,334.0053,390.5384,286.5292",,,0,,,,,0,0,1,1,1,,,33,33,2,1
87|157|149|109|143|114|117|2|88|145|166|141|65|6|131|119|96|162|107|0,87|157|149|109|143|114|117|2|88|145|166|141|65|6|131|119|96|162|107|0,0,51,3,96,16,1,96,16,1,1,34,18,231.28225708007812,231.28225708007812,,,cluster_too_small,0,0,,,,,,,,,,,,,,,,,,,0,,,,,,0,,,,,,0,,,,,,0,,,,,,0,,,,,,0,,,,,,0,,,,,,0,,,,,,1,231.28225708007812,231.28225708007812,231.28225708007812,231.28225708007812,0.0,,,,,,,,,,,,,,,,,,,,,"96:292.9816,264.3905,276.1427,304.0533,231.2823",,,0,,,,,0,0,1,1,1,,,17,17,2,1
87|157|149|109|143|114|117|2|88|145|166|141|65|6|131|119|96|162|107|0,87|157|149|109|143|114|117|2|88|145|166|141|65|6|131|119|96|162|107|0,0,51,5,162,17,1,162,17,1,1,48,4,222.14202880859375,222.14202880859375,,,cluster_too_small,0,0,,,,,,,,,,,,,,,,,,,0,,,,,,0,,,,,,0,,,,,,0,,,,,,0,,,,,,0,,,,,,0,,,,,,0,,,,,,1,222.14202880859375,222.14202880859375,222.14202880859375,222.14202880859375,0.0,,,,,,,,,,,,,,,,,,,,,"162:220.9091,223.9788,223.7254,222.1420",,,0,,,,,0,0,1,0,0,,,3,3,2,1
87|157|149|109|143|114|117|2|88|145|166|141|65|6|131|119|96|162|107|0,87|157|149|109|143|114|117|2|88|145|166|141|65|6|131|119|96|162|107|0,0,51,6,87|157|149|109|143|114|117|2|88|145|166|141|65|6|131|119|0,0|1|2|3|4|5|6|7|8|9|10|11|12|13|14|15|19,17,87|157|149|109|143|114|117|2|88|145|166|141|65|6|131|119|0,0|1|2|3|4|5|6|7|8|9|10|11|12|13|14|15|19,17,1,48,4,161.4744110107422,277.9403381347656,,,warmup,0,0,,,,,,,,,,,,,,,,,,,0,,,,,,0,,,,,,0,,,,,,0,,,,,,0,,,,,,0,,,,,,0,,,,,,0,,,,,,17,176.70849609375,209.58761596679688,207.08399963378906,277.9403381347656,23.4147607264824,,,,,,,,,,,,,,,,,,,,,"87:193.4411,225.4972,218.4667,277.9403|157:196.0202,219.8665,242.9061,207.1885|149:221.5103,222.3167,195.4803,193.6269|109:244.8666,226.4080,198.4553,207.0840|143:216.6827,218.2703,197.9444,232.0444|114:193.8302,202.1175,237.0950,217.1599|117:198.9854,186.6046,211.1289,193.1846|2:192.7119,212.8841,191.2413,185.3057|88:185.5207,182.1421,181.7714,194.2232|145:213.3131,201.4262,194.6366,217.8872|166:212.7665,209.2380,185.5462,239.0872|141:191.2347,204.0501,198.0950,196.4244|65:187.5023,192.5397,193.3859,176.7085|6:220.3733,201.1257,206.2398,214.2117|131:206.8549,222.0513,200.1406,190.5682|119:218.9066,219.3731,190.2336,201.5759|0:211.3178,209.8987,203.4688,218.7691",,,0,,,,,1,1,1,0,0,,,3,3,2,1
87|157|149|109|143|114|117|2|88|145|166|141|65|6|131|119|96|162|107|0,87|157|149|109|143|114|117|2|88|145|166|141|65|6|131|119|96|162|107|0,0,52,1,107,18,1,107,18,1,1,18,35,316.2975158691406,316.2975158691406,,,cluster_too_small,0,0,,,,,,,,,,,,,,,,,,,0,,,,,,0,,,,,,0,,,,,,0,,,,,,0,,,,,,0,,,,,,0,,,,,,0,,,,,,1,316.2975158691406,316.2975158691406,316.2975158691406,316.2975158691406,0.0,,,,,,,,,,,,,,,,,,,,,"107:329.6842,334.0053,390.5384,286.5292,316.2975",,,0,,,,,0,0,1,1,1,,,34,34,2,1
87|157|149|109|143|114|117|2|88|145|166|141|65|6|131|119|96|162|107|0,87|157|149|109|143|114|117|2|88|145|166|141|65|6|131|119|96|162|107|0,0,52,3,96,16,1,96,16,1,1,34,19,239.19549560546875,239.19549560546875,,,cluster_too_small,0,0,,,,,,,,,,,,,,,,,,,0,,,,,,0,,,,,,0,,,,,,0,,,,,,0,,,,,,0,,,,,,0,,,,,,0,,,,,,1,239.19549560546875,239.19549560546875,239.19549560546875,239.19549560546875,0.0,,,,,,,,,,,,,,,,,,,,,"96:264.3905,276.1427,304.0533,231.2823,239.1955",,,0,,,,,0,0,1,1,1,,,18,18,2,1
87|157|149|109|143|114|117|2|88|145|166|141|65|6|131|119|96|162|107|0,87|157|149|109|143|114|117|2|88|145|166|141|65|6|131|119|96|162|107|0,0,52,5,162,17,1,162,17,1,1,48,5,227.03302001953125,227.03302001953125,,,cluster_too_small,0,0,,,,,,,,,,,,,,,,,,,0,,,,,,0,,,,,,0,,,,,,0,,,,,,0,,,,,,0,,,,,,0,,,,,,0,,,,,,1,227.03302001953125,227.03302001953125,227.03302001953125,227.03302001953125,0.0,,,,,,,,,,,,,,,,,,,,,"162:220.9091,223.9788,223.7254,222.1420,227.0330",,,0,,,,,0,0,1,0,0,,,4,4,2,1
87|157|149|109|143|114|117|2|88|145|166|141|65|6|131|119|96|162|107|0,87|157|149|109|143|114|117|2|88|145|166|141|65|6|131|119|96|162|107|0,0,52,6,87|157|149|109|143|114|117|2|88|145|166|141|65|6|131|119|0,0|1|2|3|4|5|6|7|8|9|10|11|12|13|14|15|19,17,87|157|149|109|143|114|117|2|88|145|166|141|65|6|131|119|0,0|1|2|3|4|5|6|7|8|9|10|11|12|13|14|15|19,17,1,48,5,161.5426788330078,256.2195129394531,,,warmup,0,0,,,,,,,,,,,,,,,,,,,0,,,,,,0,,,,,,0,,,,,,0,,,,,,0,,,,,,0,,,,,,0,,,,,,0,,,,,,17,177.41973876953125,204.2534448960248,204.7149658203125,256.2195129394531,17.854836973032565,,,,,,,,,,,,,,,,,,,,,"87:193.4411,225.4972,218.4667,277.9403,219.6216|157:196.0202,219.8665,242.9061,207.1885,204.7150|149:221.5103,222.3167,195.4803,193.6269,205.2859|109:244.8666,226.4080,198.4553,207.0840,218.5344|143:216.6827,218.2703,197.9444,232.0444,195.2419|114:193.8302,202.1175,237.0950,217.1599,209.3617|117:198.9854,186.6046,211.1289,193.1846,196.2949|2:192.7119,212.8841,191.2413,185.3057,190.6859|88:185.5207,182.1421,181.7714,194.2232,177.4197|145:213.3131,201.4262,194.6366,217.8872,198.0746|166:212.7665,209.2380,185.5462,239.0872,196.7569|141:191.2347,204.0501,198.0950,196.4244,180.4531|65:187.5023,192.5397,193.3859,176.7085,187.7477|6:220.3733,201.1257,206.2398,214.2117,219.6530|131:206.8549,222.0513,200.1406,190.5682,206.9951|119:218.9066,219.3731,190.2336,201.5759,209.2476|0:211.3178,209.8987,203.4688,218.7691,256.2195",,,0,,,,,1,1,1,0,0,,,4,4,2,1
87|157|149|109|143|114|117|2|88|145|166|141|65|6|131|119|96|162|107|0,87|157|149|109|143|114|117|2|88|145|166|141|65|6|131|119|96|162|107|0,0,53,1,107,18,1,107,18,1,1,18,36,354.3341064453125,354.3341064453125,,,cluster_too_small,0,0,,,,,,,,,,,,,,,,,,,0,,,,,,0,,,,,,0,,,,,,0,,,,,,0,,,,,,0,,,,,,0,,,,,,0,,,,,,1,354.3341064453125,354.3341064453125,354.3341064453125,354.3341064453125,0.0,,,,,,,,,,,,,,,,,,,,,"107:334.0053,390.5384,286.5292,316.2975,354.3341",,,0,,,,,0,0,1,1,1,,,35,35,2,1
87|157|149|109|143|114|117|2|88|145|166|141|65|6|131|119|96|162|107|0,87|157|149|109|143|114|117|2|88|145|166|141|65|6|131|119|96|162|107|0,0,53,3,96,16,1,96,16,1,1,34,20,225.86109924316406,225.86109924316406,,,cluster_too_small,0,0,,,,,,,,,,,,,,,,,,,0,,,,,,0,,,,,,0,,,,,,0,,,,,,0,,,,,,0,,,,,,0,,,,,,0,,,,,,1,225.86109924316406,225.86109924316406,225.86109924316406,225.86109924316406,0.0,,,,,,,,,,,,,,,,,,,,,"96:276.1427,304.0533,231.2823,239.1955,225.8611",,,0,,,,,0,0,1,1,1,,,19,19,2,1
87|157|149|109|143|114|117|2|88|145|166|141|65|6|131|119|96|162|107|0,87|157|149|109|143|114|117|2|88|145|166|141|65|6|131|119|96|162|107|0,0,53,5,162,17,1,162,17,1,1,48,6,213.92056274414062,213.92056274414062,,,cluster_too_small,0,0,,,,,,,,,,,,,,,,,,,0,,,,,,0,,,,,,0,,,,,,0,,,,,,0,,,,,,0,,,,,,0,,,,,,0,,,,,,1,213.92056274414062,213.92056274414062,213.92056274414062,213.92056274414062,0.0,,,,,,,,,,,,,,,,,,,,,"162:223.9788,223.7254,222.1420,227.0330,213.9206",,,0,,,,,0,0,1,1,1,,,5,5,2,1
87|157|149|109|143|114|117|2|88|145|166|141|65|6|131|119|96|162|107|0,87|157|149|109|143|114|117|2|88|145|166|141|65|6|131|119|96|162|107|0,0,53,6,87|157|149|109|143|114|117|2|88|145|166|141|65|6|131|119|0,0|1|2|3|4|5|6|7|8|9|10|11|12|13|14|15|19,17,87|157|149|109|143|114|117|2|88|145|166|141|65|6|131|119|0,0|1|2|3|4|5|6|7|8|9|10|11|12|13|14|15|19,17,1,48,6,162.21571350097656,235.1998291015625,161.1836700439453,253.94893798828124,eligible,0,0,,,,,,,,,,,,,,,,,,,0,,,,,,0,,,,,,0,,,,,,0,,,,,,0,,,,,,0,,,,,,0,,,,,,0,,,,,,17,174.84896850585938,199.67445732565488,194.32618713378906,235.1998291015625,16.49975746231563,,,,,,,,,,,,,,,,,,,,,"87:225.4972,218.4667,277.9403,219.6216,200.7298|157:219.8665,242.9061,207.1885,204.7150,193.4071|149:222.3167,195.4803,193.6269,205.2859,205.3337|109:226.4080,198.4553,207.0840,218.5344,231.6279|143:218.2703,197.9444,232.0444,195.2419,197.3778|114:202.1175,237.0950,217.1599,209.3617,189.3509|117:186.6046,211.1289,193.1846,196.2949,188.3147|2:212.8841,191.2413,185.3057,190.6859,223.6434|88:182.1421,181.7714,194.2232,177.4197,174.8490|145:201.4262,194.6366,217.8872,198.0746,181.3752|166:209.2380,185.5462,239.0872,196.7569,191.2201|141:204.0501,198.0950,196.4244,180.4531,190.8357|65:192.5397,193.3859,176.7085,187.7477,186.0404|6:201.1257,206.2398,214.2117,219.6530,211.5814|131:222.0513,200.1406,190.5682,206.9951,199.2528|119:219.3731,190.2336,201.5759,209.2476,194.3262|0:209.8987,203.4688,218.7691,256.2195,235.1998",,,0,,,,,1,1,1,1,1,False,False,5,5,2,1
87|157|149|109|143|114|117|2|88|145|166|141|65|6|131|119|96|162|107|0,87|157|149|109|143|114|117|2|88|145|166|141|65|6|131|119|96|162|107|0,0,54,1,107,18,1,107,18,1,1,18,37,355.40264892578125,355.40264892578125,,,cluster_too_small,0,0,,,,,,,,,,,,,,,,,,,0,,,,,,0,,,,,,0,,,,,,0,,,,,,0,,,,,,0,,,,,,0,,,,,,0,,,,,,1,355.40264892578125,355.40264892578125,355.40264892578125,355.40264892578125,0.0,,,,,,,,,,,,,,,,,,,,,"107:390.5384,286.5292,316.2975,354.3341,355.4026",,,0,,,,,0,0,1,1,1,,,36,36,2,1
87|157|149|109|143|114|117|2|88|145|166|141|65|6|131|119|96|162|107|0,87|157|149|109|143|114|117|2|88|145|166|141|65|6|131|119|96|162|107|0,0,54,3,96,16,1,96,16,1,1,34,21,226.94668579101562,226.94668579101562,,,cluster_too_small,0,0,,,,,,,,,,,,,,,,,,,0,,,,,,0,,,,,,0,,,,,,0,,,,,,0,,,,,,0,,,,,,0,,,,,,0,,,,,,1,226.94668579101562,226.94668579101562,226.94668579101562,226.94668579101562,0.0,,,,,,,,,,,,,,,,,,,,,"96:304.0533,231.2823,239.1955,225.8611,226.9467",,,0,,,,,0,0,1,1,1,,,20,20,2,1
87|157|149|109|143|114|117|2|88|145|166|141|65|6|131|119|96|162|107|0,87|157|149|109|143|114|117|2|88|145|166|141|65|6|131|119|96|162|107|0,0,54,5,162,17,1,162,17,1,1,48,7,213.4337921142578,213.4337921142578,,,cluster_too_small,0,0,,,,,,,,,,,,,,,,,,,0,,,,,,0,,,,,,0,,,,,,0,,,,,,0,,,,,,0,,,,,,0,,,,,,0,,,,,,1,213.4337921142578,213.4337921142578,213.4337921142578,213.4337921142578,0.0,,,,,,,,,,,,,,,,,,,,,"162:223.7254,222.1420,227.0330,213.9206,213.4338",,,0,,,,,0,0,1,1,1,,,6,6,2,1
87|157|149|109|143|114|117|2|88|145|166|141|65|6|131|119|96|162|107|0,87|157|149|109|143|114|117|2|88|145|166|141|65|6|131|119|96|162|107|0,0,54,6,87|157|149|109|143|114|117|2|88|145|166|141|65|6|131|119|0,0|1|2|3|4|5|6|7|8|9|10|11|12|13|14|15|19,17,87|157|149|109|143|114|117|2|88|145|166|141|65|6|131|119|0,0|1|2|3|4|5|6|7|8|9|10|11|12|13|14|15|19,17,1,48,7,160.6417236328125,239.76206970214844,161.25635528564453,250.54307556152344,eligible,0,0,,,,,,,,,,,,,,,,,,,0,,,,,,0,,,,,,0,,,,,,0,,,,,,0,,,,,,0,,,,,,0,,,,,,0,,,,,,17,182.3074493408203,205.19140535242417,201.01026916503906,239.76206970214844,16.088327332216892,,,,,,,,,,,,,,,,,,,,,"87:218.4667,277.9403,219.6216,200.7298,237.2903|157:242.9061,207.1885,204.7150,193.4071,190.8039|149:195.4803,193.6269,205.2859,205.3337,208.2257|109:198.4553,207.0840,218.5344,231.6279,217.9102|143:197.9444,232.0444,195.2419,197.3778,200.8494|114:237.0950,217.1599,209.3617,189.3509,211.1700|117:211.1289,193.1846,196.2949,188.3147,203.9537|2:191.2413,185.3057,190.6859,223.6434,192.1444|88:181.7714,194.2232,177.4197,174.8490,185.0089|145:194.6366,217.8872,198.0746,181.3752,201.0103|166:185.5462,239.0872,196.7569,191.2201,195.7541|141:198.0950,196.4244,180.4531,190.8357,195.9347|65:193.3859,176.7085,187.7477,186.0404,203.6373|6:206.2398,214.2117,219.6530,211.5814,224.8732|131:200.1406,190.5682,206.9951,199.2528,197.6183|119:190.2336,201.5759,209.2476,194.3262,182.3074|0:203.4688,218.7691,256.2195,235.1998,239.7621",,,0,,,,,1,1,1,1,1,True,False,6,6,2,1
87|157|149|109|143|114|117|2|88|145|166|141|65|6|131|119|96|162|107|0,87|157|149|109|143|114|117|2|88|145|166|141|65|6|131|119|96|162|107|0,0,55,1,107,18,1,107,18,1,1,18,38,260.01324462890625,260.01324462890625,,,cluster_too_small,0,0,,,,,,,,,,,,,,,,,,,0,,,,,,0,,,,,,0,,,,,,0,,,,,,0,,,,,,0,,,,,,0,,,,,,0,,,,,,1,260.01324462890625,260.01324462890625,260.01324462890625,260.01324462890625,0.0,,,,,,,,,,,,,,,,,,,,,"107:286.5292,316.2975,354.3341,355.4026,260.0132",,,0,,,,,0,0,1,1,1,,,37,37,2,1
87|157|149|109|143|114|117|2|88|145|166|141|65|6|131|119|96|162|107|0,87|157|149|109|143|114|117|2|88|145|166|141|65|6|131|119|96|162|107|0,0,55,3,96,16,1,96,16,1,1,34,22,255.7166290283203,255.7166290283203,,,cluster_too_small,0,0,,,,,,,,,,,,,,,,,,,0,,,,,,0,,,,,,0,,,,,,0,,,,,,0,,,,,,0,,,,,,0,,,,,,0,,,,,,1,255.7166290283203,255.7166290283203,255.7166290283203,255.7166290283203,0.0,,,,,,,,,,,,,,,,,,,,,"96:231.2823,239.1955,225.8611,226.9467,255.7166",,,0,,,,,0,0,1,1,1,,,21,21,2,1
87|157|149|109|143|114|117|2|88|145|166|141|65|6|131|119|96|162|107|0,87|157|149|109|143|114|117|2|88|145|166|141|65|6|131|119|96|162|107|0,0,55,5,162,17,1,162,17,1,1,48,8,207.7495574951172,207.7495574951172,,,cluster_too_small,0,0,,,,,,,,,,,,,,,,,,,0,,,,,,0,,,,,,0,,,,,,0,,,,,,0,,,,,,0,,,,,,0,,,,,,0,,,,,,1,207.7495574951172,207.7495574951172,207.7495574951172,207.7495574951172,0.0,,,,,,,,,,,,,,,,,,,,,"162:222.1420,227.0330,213.9206,213.4338,207.7496",,,0,,,,,0,0,1,1,1,,,7,7,2,1
87|157|149|109|143|114|117|2|88|145|166|141|65|6|131|119|96|162|107|0,87|157|149|109|143|114|117|2|88|145|166|141|65|6|131|119|96|162|107|0,0,55,6,87|157|149|109|143|114|117|2|88|145|166|141|65|6|131|119|0,0|1|2|3|4|5|6|7|8|9|10|11|12|13|14|15|19,17,87|157|149|109|143|114|117|2|88|145|166|141|65|6|131|119|0,0|1|2|3|4|5|6|7|8|9|10|11|12|13|14|15|19,17,1,48,8,160.19766235351562,230.4020233154297,161.11559295654297,247.13721313476563,eligible,0,0,,,,,,,,,,,,,,,,,,,0,,,,,,0,,,,,,0,,,,,,0,,,,,,0,,,,,,0,,,,,,0,,,,,,0,,,,,,17,172.68580627441406,198.6830201990464,195.5753173828125,230.4020233154297,14.984918072561102,,,,,,,,,,,,,,,,,,,,,"87:277.9403,219.6216,200.7298,237.2903,230.4020|157:207.1885,204.7150,193.4071,190.8039,190.1411|149:193.6269,205.2859,205.3337,208.2257,228.4545|109:207.0840,218.5344,231.6279,217.9102,198.4613|143:232.0444,195.2419,197.3778,200.8494,195.5753|114:217.1599,209.3617,189.3509,211.1700,213.2065|117:193.1846,196.2949,188.3147,203.9537,188.4102|2:185.3057,190.6859,223.6434,192.1444,180.8699|88:194.2232,177.4197,174.8490,185.0089,172.6858|145:217.8872,198.0746,181.3752,201.0103,200.5058|166:239.0872,196.7569,191.2201,195.7541,188.1717|141:196.4244,180.4531,190.8357,195.9347,195.5709|65:176.7085,187.7477,186.0404,203.6373,193.1140|6:214.2117,219.6530,211.5814,224.8732,197.3963|131:190.5682,206.9951,199.2528,197.6183,201.9977|119:201.5759,209.2476,194.3262,182.3074,188.0675|0:218.7691,256.2195,235.1998,239.7621,214.5808",,,0,,,,,1,1,1,1,1,True,False,7,7,2,1
87|157|149|109|143|114|117|2|88|145|166|141|65|6|131|119|96|162|107|0,87|157|149|109|143|114|117|2|88|145|166|141|65|6|131|119|96|162|107|0,0,56,1,107,18,1,107,18,1,1,18,39,253.6405487060547,253.6405487060547,,,cluster_too_small,0,0,,,,,,,,,,,,,,,,,,,0,,,,,,0,,,,,,0,,,,,,0,,,,,,0,,,,,,0,,,,,,0,,,,,,0,,,,,,1,253.6405487060547,253.6405487060547,253.6405487060547,253.6405487060547,0.0,,,,,,,,,,,,,,,,,,,,,"107:316.2975,354.3341,355.4026,260.0132,253.6405",,,0,,,,,0,0,1,1,1,,,38,38,2,1
87|157|149|109|143|114|117|2|88|145|166|141|65|6|131|119|96|162|107|0,87|157|149|109|143|114|117|2|88|145|166|141|65|6|131|119|96|162|107|0,0,56,3,96,16,1,96,16,1,1,34,23,263.8075866699219,263.8075866699219,,,cluster_too_small,0,0,,,,,,,,,,,,,,,,,,,0,,,,,,0,,,,,,0,,,,,,0,,,,,,0,,,,,,0,,,,,,0,,,,,,0,,,,,,1,263.8075866699219,263.8075866699219,263.8075866699219,263.8075866699219,0.0,,,,,,,,,,,,,,,,,,,,,"96:239.1955,225.8611,226.9467,255.7166,263.8076",,,0,,,,,0,0,1,1,1,,,22,22,2,1
87|157|149|109|143|114|117|2|88|145|166|141|65|6|131|119|96|162|107|0,87|157|149|109|143|114|117|2|88|145|166|141|65|6|131|119|96|162|107|0,0,56,5,162,17,1,162,17,1,1,48,9,217.72398376464844,217.72398376464844,,,cluster_too_small,0,0,,,,,,,,,,,,,,,,,,,0,,,,,,0,,,,,,0,,,,,,0,,,,,,0,,,,,,0,,,,,,0,,,,,,0,,,,,,1,217.72398376464844,217.72398376464844,217.72398376464844,217.72398376464844,0.0,,,,,,,,,,,,,,,,,,,,,"162:227.0330,213.9206,213.4338,207.7496,217.7240",,,0,,,,,0,0,1,1,1,,,8,8,2,1
87|157|149|109|143|114|117|2|88|145|166|141|65|6|131|119|96|162|107|0,87|157|149|109|143|114|117|2|88|145|166|141|65|6|131|119|96|162|107|0,0,56,6,87|157|149|109|143|114|117|2|88|145|166|141|65|6|131|119|0,0|1|2|3|4|5|6|7|8|9|10|11|12|13|14|15|19,17,87|157|149|109|143|114|117|2|88|145|166|141|65|6|131|119|0,0|1|2|3|4|5|6|7|8|9|10|11|12|13|14|15|19,17,1,48,9,159.85089111328125,233.33567810058594,160.9460678100586,244.67058563232422,eligible,0,0,,,,,,,,,,,,,,,,,,,0,,,,,,0,,,,,,0,,,,,,0,,,,,,0,,,,,,0,,,,,,0,,,,,,0,,,,,,17,185.58387756347656,201.00888959099265,197.82359313964844,233.33567810058594,13.259325102553497,,,,,,,,,,,,,,,,,,,,,"87:219.6216,200.7298,237.2903,230.4020,229.7838|157:204.7150,193.4071,190.8039,190.1411,199.1632|149:205.2859,205.3337,208.2257,228.4545,202.7029|109:218.5344,231.6279,217.9102,198.4613,233.3357|143:195.2419,197.3778,200.8494,195.5753,197.8236|114:209.3617,189.3509,211.1700,213.2065,197.9881|117:196.2949,188.3147,203.9537,188.4102,190.3749|2:190.6859,223.6434,192.1444,180.8699,192.2851|88:177.4197,174.8490,185.0089,172.6858,185.5839|145:198.0746,181.3752,201.0103,200.5058,191.2559|166:196.7569,191.2201,195.7541,188.1717,196.7890|141:180.4531,190.8357,195.9347,195.5709,188.0961|65:187.7477,186.0404,203.6373,193.1140,192.8416|6:219.6530,211.5814,224.8732,197.3963,203.0197|131:206.9951,199.2528,197.6183,201.9977,205.5370|119:209.2476,194.3262,182.3074,188.0675,193.9808|0:256.2195,235.1998,239.7621,214.5808,216.5898",,,0,,,,,1,1,1,1,1,True,False,8,8,2,1
87|157|149|109|143|114|117|2|88|145|166|141|65|6|131|119|96|162|107|0,87|157|149|109|143|114|117|2|88|145|166|141|65|6|131|119|96|162|107|0,0,57,1,107,18,1,107,18,1,1,18,40,304.6978454589844,304.6978454589844,,,cluster_too_small,0,0,,,,,,,,,,,,,,,,,,,0,,,,,,0,,,,,,0,,,,,,0,,,,,,0,,,,,,0,,,,,,0,,,,,,0,,,,,,1,304.6978454589844,304.6978454589844,304.6978454589844,304.6978454589844,0.0,,,,,,,,,,,,,,,,,,,,,"107:354.3341,355.4026,260.0132,253.6405,304.6978",,,0,,,,,0,0,1,1,1,,,39,39,2,1
87|157|149|109|143|114|117|2|88|145|166|141|65|6|131|119|96|162|107|0,87|157|149|109|143|114|117|2|88|145|166|141|65|6|131|119|96|162|107|0,0,57,3,96,16,1,96,16,1,1,34,24,238.8359832763672,238.8359832763672,,,cluster_too_small,0,0,,,,,,,,,,,,,,,,,,,0,,,,,,0,,,,,,0,,,,,,0,,,,,,0,,,,,,0,,,,,,0,,,,,,0,,,,,,1,238.8359832763672,238.8359832763672,238.8359832763672,238.8359832763672,0.0,,,,,,,,,,,,,,,,,,,,,"96:225.8611,226.9467,255.7166,263.8076,238.8360",,,0,,,,,0,0,1,1,1,,,23,23,2,1
87|157|149|109|143|114|117|2|88|145|166|141|65|6|131|119|96|162|107|0,87|157|149|109|143|114|117|2|88|145|166|141|65|6|131|119|96|162|107|0,0,57,5,162,17,1,162,17,1,1,48,10,228.2115020751953,228.2115020751953,,,cluster_too_small,0,0,,,,,,,,,,,,,,,,,,,0,,,,,,0,,,,,,0,,,,,,0,,,,,,0,,,,,,0,,,,,,0,,,,,,0,,,,,,1,228.2115020751953,228.2115020751953,228.2115020751953,228.2115020751953,0.0,,,,,,,,,,,,,,,,,,,,,"162:213.9206,213.4338,207.7496,217.7240,228.2115",,,0,,,,,0,0,1,1,1,,,9,9,2,1
87|157|149|109|143|114|117|2|88|145|166|141|65|6|131|119|96|162|107|0,87|157|149|109|143|114|117|2|88|145|166|141|65|6|131|119|96|162|107|0,0,57,6,87|157|149|109|143|114|117|2|88|145|166|141|65|6|131|119|0,0|1|2|3|4|5|6|7|8|9|10|11|12|13|14|15|19,17,87|157|149|109|143|114|117|2|88|145|166|141|65|6|131|119|0,0|1|2|3|4|5|6|7|8|9|10|11|12|13|14|15|19,17,1,48,10,163.70358276367188,228.91558837890625,160.6417236328125,244.08242797851562,eligible,0,0,,,,,,,,,,,,,,,,,,,0,,,,,,0,,,,,,0,,,,,,0,,,,,,0,,,,,,0,,,,,,0,,,,,,0,,,,,,17,170.7051239013672,199.8875831155216,199.2728271484375,228.91558837890625,15.299153720025908,,,,,,,,,,,,,,,,,,,,,"87:200.7298,237.2903,230.4020,229.7838,199.2728|157:193.4071,190.8039,190.1411,199.1632,196.1132|149:205.3337,208.2257,228.4545,202.7029,228.9156|109:231.6279,217.9102,198.4613,233.3357,197.9971|143:197.3778,200.8494,195.5753,197.8236,217.4352|114:189.3509,211.1700,213.2065,197.9881,214.5196|117:188.3147,203.9537,188.4102,190.3749,201.2703|2:223.6434,192.1444,180.8699,192.2851,208.7840|88:174.8490,185.0089,172.6858,185.5839,170.7051|145:181.3752,201.0103,200.5058,191.2559,178.2112|166:191.2201,195.7541,188.1717,196.7890,186.5085|141:190.8357,195.9347,195.5709,188.0961,193.9813|65:186.0404,203.6373,193.1140,192.8416,185.7133|6:211.5814,224.8732,197.3963,203.0197,204.1041|131:199.2528,197.6183,201.9977,205.5370,220.4162|119:194.3262,182.3074,188.0675,193.9808,184.3459|0:235.1998,239.7621,214.5808,216.5898,209.7957",,,0,,,,,1,1,1,1,1,False,False,9,9,2,1
87|157|149|109|143|114|117|2|88|145|166|141|65|6|131|119|96|162|107|0,87|157|149|109|143|114|117|2|88|145|166|141|65|6|131|119|96|162|107|0,0,58,1,107,18,1,107,18,1,1,18,41,261.63507080078125,261.63507080078125,,,cluster_too_small,0,0,,,,,,,,,,,,,,,,,,,0,,,,,,0,,,,,,0,,,,,,0,,,,,,0,,,,,,0,,,,,,0,,,,,,0,,,,,,1,261.63507080078125,261.63507080078125,261.63507080078125,261.63507080078125,0.0,,,,,,,,,,,,,,,,,,,,,"107:355.4026,260.0132,253.6405,304.6978,261.6351",,,0,,,,,0,0,1,1,1,,,40,40,2,1
87|157|149|109|143|114|117|2|88|145|166|141|65|6|131|119|96|162|107|0,87|157|149|109|143|114|117|2|88|145|166|141|65|6|131|119|96|162|107|0,0,58,3,96,16,1,96,16,1,1,34,25,250.3964080810547,250.3964080810547,,,cluster_too_small,0,0,,,,,,,,,,,,,,,,,,,0,,,,,,0,,,,,,0,,,,,,0,,,,,,0,,,,,,0,,,,,,0,,,,,,0,,,,,,1,250.3964080810547,250.3964080810547,250.3964080810547,250.3964080810547,0.0,,,,,,,,,,,,,,,,,,,,,"96:226.9467,255.7166,263.8076,238.8360,250.3964",,,0,,,,,0,0,1,1,1,,,24,24,2,1
87|157|149|109|143|114|117|2|88|145|166|141|65|6|131|119|96|162|107|0,87|157|149|109|143|114|117|2|88|145|166|141|65|6|131|119|96|162|107|0,0,58,5,162,17,1,162,17,1,1,48,11,219.37672424316406,219.37672424316406,,,cluster_too_small,0,0,,,,,,,,,,,,,,,,,,,0,,,,,,0,,,,,,0,,,,,,0,,,,,,0,,,,,,0,,,,,,0,,,,,,0,,,,,,1,219.37672424316406,219.37672424316406,219.37672424316406,219.37672424316406,0.0,,,,,,,,,,,,,,,,,,,,,"162:213.4338,207.7496,217.7240,228.2115,219.3767",,,0,,,,,0,0,1,1,1,,,10,10,2,1
87|157|149|109|143|114|117|2|88|145|166|141|65|6|131|119|96|162|107|0,87|157|149|109|143|114|117|2|88|145|166|141|65|6|131|119|96|162|107|0,0,58,6,87|157|149|109|143|114|117|2|88|145|166|141|65|6|131|119|0,0|1|2|3|4|5|6|7|8|9|10|11|12|13|14|15|19,17,87|157|149|109|143|114|117|2|88|145|166|141|65|6|131|119|0,0|1|2|3|4|5|6|7|8|9|10|11|12|13|14|15|19,17,1,48,11,161.94241333007812,247.48114013671875,160.74317169189453,243.49427032470703,eligible,0,0,,,,,,,,,,,,,,,,,,,0,,,,,,0,,,,,,0,,,,,,0,,,,,,0,,,,,,0,,,,,,0,,,,,,0,,,,,,17,175.04774475097656,197.46657337861902,195.37457275390625,247.48114013671875,15.13515232601632,,,,,,,,,,,,,,,,,,,,,"87:237.2903,230.4020,229.7838,199.2728,193.9249|157:190.8039,190.1411,199.1632,196.1132,210.8224|149:208.2257,228.4545,202.7029,228.9156,201.0017|109:217.9102,198.4613,233.3357,197.9971,206.6596|143:200.8494,195.5753,197.8236,217.4352,192.6293|114:211.1700,213.2065,197.9881,214.5196,197.1707|117:203.9537,188.4102,190.3749,201.2703,195.3746|2:192.1444,180.8699,192.2851,208.7840,191.8310|88:185.0089,172.6858,185.5839,170.7051,175.0477|145:201.0103,200.5058,191.2559,178.2112,182.0624|166:195.7541,188.1717,196.7890,186.5085,198.0392|141:195.9347,195.5709,188.0961,193.9813,184.6004|65:203.6373,193.1140,192.8416,185.7133,187.9521|6:224.8732,197.3963,203.0197,204.1041,203.0017|131:197.6183,201.9977,205.5370,220.4162,193.5204|119:182.3074,188.0675,193.9808,184.3459,195.8124|0:239.7621,214.5808,216.5898,209.7957,247.4811",,,0,,,,,1,1,1,1,1,False,True,10,10,2,1
87|157|149|109|143|114|117|2|88|145|166|141|65|6|131|119|96|162|107|0,87|157|149|109|143|114|117|2|88|145|166|141|65|6|131|119|96|162|107|0,0,59,1,107,18,1,107,18,1,1,18,42,293.51104736328125,293.51104736328125,,,cluster_too_small,0,0,,,,,,,,,,,,,,,,,,,0,,,,,,0,,,,,,0,,,,,,0,,,,,,0,,,,,,0,,,,,,0,,,,,,0,,,,,,1,293.51104736328125,293.51104736328125,293.51104736328125,293.51104736328125,0.0,,,,,,,,,,,,,,,,,,,,,"107:260.0132,253.6405,304.6978,261.6351,293.5110",,,0,,,,,0,0,1,1,1,,,41,41,2,1
87|157|149|109|143|114|117|2|88|145|166|141|65|6|131|119|96|162|107|0,87|157|149|109|143|114|117|2|88|145|166|141|65|6|131|119|96|162|107|0,0,59,3,96,16,1,96,16,1,1,34,26,237.70004272460938,237.70004272460938,,,cluster_too_small,0,0,,,,,,,,,,,,,,,,,,,0,,,,,,0,,,,,,0,,,,,,0,,,,,,0,,,,,,0,,,,,,0,,,,,,0,,,,,,1,237.70004272460938,237.70004272460938,237.70004272460938,237.70004272460938,0.0,,,,,,,,,,,,,,,,,,,,,"96:255.7166,263.8076,238.8360,250.3964,237.7000",,,0,,,,,0,0,1,1,1,,,25,25,2,1
87|157|149|109|143|114|117|2|88|145|166|141|65|6|131|119|96|162|107|0,87|157|149|109|143|114|117|2|88|145|166|141|65|6|131|119|96|162|107|0,0,59,5,162,17,1,162,17,1,1,48,12,202.49490356445312,202.49490356445312,,,cluster_too_small,0,0,,,,,,,,,,,,,,,,,,,0,,,,,,0,,,,,,0,,,,,,0,,,,,,0,,,,,,0,,,,,,0,,,,,,0,,,,,,1,202.49490356445312,202.49490356445312,202.49490356445312,202.49490356445312,0.0,,,,,,,,,,,,,,,,,,,,,"162:207.7496,217.7240,228.2115,219.3767,202.4949",,,0,,,,,0,0,1,1,1,,,11,11,2,1
87|157|149|109|143|114|117|2|88|145|166|141|65|6|131|119|96|162|107|0,87|157|149|109|143|114|117|2|88|145|166|141|65|6|131|119|96|162|107|0,0,59,6,87|157|149|109|143|114|117|2|88|145|166|141|65|6|131|119|0,0|1|2|3|4|5|6|7|8|9|10|11|12|13|14|15|19,17,87|157|149|109|143|114|117|2|88|145|166|141|65|6|131|119|0,0|1|2|3|4|5|6|7|8|9|10|11|12|13|14|15|19,17,1,48,12,160.86878967285156,235.74905395507812,160.84461975097656,244.86663818359375,eligible,0,0,,,,,,,,,,,,,,,,,,,0,,,,,,0,,,,,,0,,,,,,0,,,,,,0,,,,,,0,,,,,,0,,,,,,0,,,,,,17,171.8273162841797,196.03361421472886,194.51316833496094,235.74905395507812,16.19430611181113,,,,,,,,,,,,,,,,,,,,,"87:230.4020,229.7838,199.2728,193.9249,194.5132|157:190.1411,199.1632,196.1132,210.8224,187.7008|149:228.4545,202.7029,228.9156,201.0017,216.0552|109:198.4613,233.3357,197.9971,206.6596,235.7491|143:195.5753,197.8236,217.4352,192.6293,183.2499|114:213.2065,197.9881,214.5196,197.1707,196.3399|117:188.4102,190.3749,201.2703,195.3746,171.8273|2:180.8699,192.2851,208.7840,191.8310,195.0931|88:172.6858,185.5839,170.7051,175.0477,178.4644|145:200.5058,191.2559,178.2112,182.0624,194.7088|166:188.1717,196.7890,186.5085,198.0392,195.8769|141:195.5709,188.0961,193.9813,184.6004,189.8221|65:193.1140,192.8416,185.7133,187.9521,186.5388|6:197.3963,203.0197,204.1041,203.0017,193.6707|131:201.9977,205.5370,220.4162,193.5204,202.7793|119:188.0675,193.9808,184.3459,195.8124,182.6888|0:214.5808,216.5898,209.7957,247.4811,227.4932",,,0,,,,,1,1,1,1,1,False,False,11,11,2,1
87|157|149|109|143|114|117|2|88|145|166|141|65|6|131|119|96|162|107|0,87|157|149|109|143|114|117|2|88|145|166|141|65|6|131|119|96|162|107|0,0,60,1,107,18,1,107,18,1,1,18,43,295.8856506347656,295.8856506347656,,,cluster_too_small,0,0,,,,,,,,,,,,,,,,,,,0,,,,,,0,,,,,,0,,,,,,0,,,,,,0,,,,,,0,,,,,,0,,,,,,0,,,,,,1,295.8856506347656,295.8856506347656,295.8856506347656,295.8856506347656,0.0,,,,,,,,,,,,,,,,,,,,,"107:253.6405,304.6978,261.6351,293.5110,295.8857",,,0,,,,,0,0,1,1,1,,,42,42,2,1
87|157|149|109|143|114|117|2|88|145|166|141|65|6|131|119|96|162|107|0,87|157|149|109|143|114|117|2|88|145|166|141|65|6|131|119|96|162|107|0,0,60,3,96,16,1,96,16,1,1,34,27,234.6615753173828,234.6615753173828,,,cluster_too_small,0,0,,,,,,,,,,,,,,,,,,,0,,,,,,0,,,,,,0,,,,,,0,,,,,,0,,,,,,0,,,,,,0,,,,,,0,,,,,,1,234.6615753173828,234.6615753173828,234.6615753173828,234.6615753173828,0.0,,,,,,,,,,,,,,,,,,,,,"96:263.8076,238.8360,250.3964,237.7000,234.6616",,,0,,,,,0,0,1,1,1,,,26,26,2,1
87|157|149|109|143|114|117|2|88|145|166|141|65|6|131|119|96|162|107|0,87|157|149|109|143|114|117|2|88|145|166|141|65|6|131|119|96|162|107|0,0,60,5,162,17,1,162,17,1,1,48,13,229.8474884033203,229.8474884033203,,,cluster_too_small,0,0,,,,,,,,,,,,,,,,,,,0,,,,,,0,,,,,,0,,,,,,0,,,,,,0,,,,,,0,,,,,,0,,,,,,0,,,,,,1,229.8474884033203,229.8474884033203,229.8474884033203,229.8474884033203,0.0,,,,,,,,,,,,,,,,,,,,,"162:217.7240,228.2115,219.3767,202.4949,229.8475",,,0,,,,,0,0,1,1,1,,,12,12,2,1
87|157|149|109|143|114|117|2|88|145|166|141|65|6|131|119|96|162|107|0,87|157|149|109|143|114|117|2|88|145|166|141|65|6|131|119|96|162|107|0,0,60,6,87|157|149|109|143|114|117|2|88|145|166|141|65|6|131|119|0,0|1|2|3|4|5|6|7|8|9|10|11|12|13|14|15|19,17,87|157|149|109|143|114|117|2|88|145|166|141|65|6|131|119|0,0|1|2|3|4|5|6|7|8|9|10|11|12|13|14|15|19,17,1,48,13,162.06130981445312,207.4605255126953,160.8120231628418,244.27848052978516,eligible,0,0,,,,,,,,,,,,,,,,,,,0,,,,,,0,,,,,,0,,,,,,0,,,,,,0,,,,,,0,,,,,,0,,,,,,0,,,,,,17,168.76773071289062,192.36022590188418,193.6702117919922,207.4605255126953,9.908308549861747,,,,,,,,,,,,,,,,,,,,,"87:229.7838,199.2728,193.9249,194.5132,184.2933|157:199.1632,196.1132,210.8224,187.7008,196.2287|149:202.7029,228.9156,201.0017,216.0552,198.3186|109:233.3357,197.9971,206.6596,235.7491,193.6702|143:197.8236,217.4352,192.6293,183.2499,189.0321|114:197.9881,214.5196,197.1707,196.3399,190.2263|117:190.3749,201.2703,195.3746,171.8273,207.4605|2:192.2851,208.7840,191.8310,195.0931,182.0366|88:185.5839,170.7051,175.0477,178.4644,168.7677|145:191.2559,178.2112,182.0624,194.7088,184.9592|166:196.7890,186.5085,198.0392,195.8769,196.7254|141:188.0961,193.9813,184.6004,189.8221,199.1179|65:192.8416,185.7133,187.9521,186.5388,184.5660|6:203.0197,204.1041,203.0017,193.6707,198.8504|131:205.5370,220.4162,193.5204,202.7793,205.9535|119:193.9808,184.3459,195.8124,182.6888,184.3704|0:216.5898,209.7957,247.4811,227.4932,205.5470",,,0,,,,,1,1,1,1,1,False,False,12,12,2,1
87|157|149|109|143|114|117|2|88|145|166|141|65|6|131|119|96|162|107|0,87|157|149|109|143|114|117|2|88|145|166|141|65|6|131|119|96|162|107|0,0,61,1,107,18,1,107,18,1,1,18,44,267.68536376953125,267.68536376953125,,,cluster_too_small,0,0,,,,,,,,,,,,,,,,,,,0,,,,,,0,,,,,,0,,,,,,0,,,,,,0,,,,,,0,,,,,,0,,,,,,0,,,,,,1,267.68536376953125,267.68536376953125,267.68536376953125,267.68536376953125,0.0,,,,,,,,,,,,,,,,,,,,,"107:304.6978,261.6351,293.5110,295.8857,267.6854",,,0,,,,,0,0,1,1,1,,,43,43,2,1
87|157|149|109|143|114|117|2|88|145|166|141|65|6|131|119|96|162|107|0,87|157|149|109|143|114|117|2|88|145|166|141|65|6|131|119|96|162|107|0,0,61,3,96,16,1,96,16,1,1,34,28,270.91595458984375,270.91595458984375,,,cluster_too_small,0,0,,,,,,,,,,,,,,,,,,,0,,,,,,0,,,,,,0,,,,,,0,,,,,,0,,,,,,0,,,,,,0,,,,,,0,,,,,,1,270.91595458984375,270.91595458984375,270.91595458984375,270.91595458984375,0.0,,,,,,,,,,,,,,,,,,,,,"96:238.8360,250.3964,237.7000,234.6616,270.9160",,,0,,,,,0,0,1,1,1,,,27,27,2,1
87|157|149|109|143|114|117|2|88|145|166|141|65|6|131|119|96|162|107|0,87|157|149|109|143|114|117|2|88|145|166|141|65|6|131|119|96|162|107|0,0,61,5,162,17,1,162,17,1,1,48,14,228.0482177734375,228.0482177734375,,,cluster_too_small,0,0,,,,,,,,,,,,,,,,,,,0,,,,,,0,,,,,,0,,,,,,0,,,,,,0,,,,,,0,,,,,,0,,,,,,0,,,,,,1,228.0482177734375,228.0482177734375,228.0482177734375,228.0482177734375,0.0,,,,,,,,,,,,,,,,,,,,,"162:228.2115,219.3767,202.4949,229.8475,228.0482",,,0,,,,,0,0,1,1,1,,,13,13,2,1
87|157|149|109|143|114|117|2|88|145|166|141|65|6|131|119|96|162|107|0,87|157|149|109|143|114|117|2|88|145|166|141|65|6|131|119|96|162|107|0,0,61,6,87|157|149|109|143|114|117|2|88|145|166|141|65|6|131|119|0,0|1|2|3|4|5|6|7|8|9|10|11|12|13|14|15|19,17,87|157|149|109|143|114|117|2|88|145|166|141|65|6|131|119|0,0|1|2|3|4|5|6|7|8|9|10|11|12|13|14|15|19,17,1,48,14,159.69229125976562,235.31475830078125,160.86878967285156,243.69032287597656,eligible,0,0,,,,,,,,,,,,,,,,,,,0,,,,,,0,,,,,,0,,,,,,0,,,,,,0,,,,,,0,,,,,,0,,,,,,0,,,,,,17,174.44039916992188,192.31946967629824,191.0782470703125,235.31475830078125,13.29315874274596,,,,,,,,,,,,,,,,,,,,,"87:199.2728,193.9249,194.5132,184.2933,200.5548|157:196.1132,210.8224,187.7008,196.2287,198.7107|149:228.9156,201.0017,216.0552,198.3186,194.9762|109:197.9971,206.6596,235.7491,193.6702,188.0798|143:217.4352,192.6293,183.2499,189.0321,187.6996|114:214.5196,197.1707,196.3399,190.2263,181.9087|117:201.2703,195.3746,171.8273,207.4605,191.0782|2:208.7840,191.8310,195.0931,182.0366,178.5903|88:170.7051,175.0477,178.4644,168.7677,174.4404|145:178.2112,182.0624,194.7088,184.9592,190.0161|166:186.5085,198.0392,195.8769,196.7254,198.5195|141:193.9813,184.6004,189.8221,199.1179,185.5608|65:185.7133,187.9521,186.5388,184.5660,177.0554|6:204.1041,203.0017,193.6707,198.8504,195.4841|131:220.4162,193.5204,202.7793,205.9535,199.3781|119:184.3459,195.8124,182.6888,184.3704,192.0634|0:209.7957,247.4811,227.4932,205.5470,235.3148",,,0,,,,,1,1,1,1,1,True,False,13,13,2,1
87|157|149|109|143|114|117|2|88|145|166|141|65|6|131|119|96|162|107|0,87|157|149|109|143|114|117|2|88|145|166|141|65|6|131|119|96|162|107|0,0,62,1,107,18,1,107,18,1,1,18,45,314.9732666015625,314.9732666015625,,,cluster_too_small,0,0,,,,,,,,,,,,,,,,,,,0,,,,,,0,,,,,,0,,,,,,0,,,,,,0,,,,,,0,,,,,,0,,,,,,0,,,,,,1,314.9732666015625,314.9732666015625,314.9732666015625,314.9732666015625,0.0,,,,,,,,,,,,,,,,,,,,,"107:261.6351,293.5110,295.8857,267.6854,314.9733",,,0,,,,,0,0,1,1,1,,,44,44,2,1
87|157|149|109|143|114|117|2|88|145|166|141|65|6|131|119|96|162|107|0,87|157|149|109|143|114|117|2|88|145|166|141|65|6|131|119|96|162|107|0,0,62,3,96,16,1,96,16,1,1,34,29,253.35447692871094,253.35447692871094,,,cluster_too_small,0,0,,,,,,,,,,,,,,,,,,,0,,,,,,0,,,,,,0,,,,,,0,,,,,,0,,,,,,0,,,,,,0,,,,,,0,,,,,,1,253.35447692871094,253.35447692871094,253.35447692871094,253.35447692871094,0.0,,,,,,,,,,,,,,,,,,,,,"96:250.3964,237.7000,234.6616,270.9160,253.3545",,,0,,,,,0,0,1,1,1,,,28,28,2,1
87|157|149|109|143|114|117|2|88|145|166|141|65|6|131|119|96|162|107|0,87|157|149|109|143|114|117|2|88|145|166|141|65|6|131|119|96|162|107|0,0,62,5,162,17,1,162,17,1,1,48,15,251.79824829101562,251.79824829101562,,,cluster_too_small,0,0,,,,,,,,,,,,,,,,,,,0,,,,,,0,,,,,,0,,,,,,0,,,,,,0,,,,,,0,,,,,,0,,,,,,0,,,,,,1,251.79824829101562,251.79824829101562,251.79824829101562,251.79824829101562,0.0,,,,,,,,,,,,,,,,,,,,,"162:219.3767,202.4949,229.8475,228.0482,251.7982",,,0,,,,,0,0,1,1,1,,,14,14,2,1
87|157|149|109|143|114|117|2|88|145|166|141|65|6|131|119|96|162|107|0,87|157|149|109|143|114|117|2|88|145|166|141|65|6|131|119|96|162|107|0,0,62,6,87|157|149|109|143|114|117|2|88|145|166|141|65|6|131|119|0,0|1|2|3|4|5|6|7|8|9|10|11|12|13|14|15|19,17,87|157|149|109|143|114|117|2|88|145|166|141|65|6|131|119|0,0|1|2|3|4|5|6|7|8|9|10|11|12|13|14|15|19,17,1,48,15,159.47061157226562,220.32907104492188,160.69849014282227,243.10216522216797,eligible,0,0,,,,,,,,,,,,,,,,,,,0,,,,,,0,,,,,,0,,,,,,0,,,,,,0,,,,,,0,,,,,,0,,,,,,0,,,,,,17,168.1287078857422,192.73110064338235,193.10833740234375,220.32907104492188,15.21930449965358,,,,,,,,,,,,,,,,,,,,,"87:193.9249,194.5132,184.2933,200.5548,201.2871|157:210.8224,187.7008,196.2287,198.7107,186.8994|149:201.0017,216.0552,198.3186,194.9762,199.2234|109:206.6596,235.7491,193.6702,188.0798,219.6502|143:192.6293,183.2499,189.0321,187.6996,183.3545|114:197.1707,196.3399,190.2263,181.9087,193.4633|117:195.3746,171.8273,207.4605,191.0782,176.5355|2:191.8310,195.0931,182.0366,178.5903,168.1287|88:175.0477,178.4644,168.7677,174.4404,190.4280|145:182.0624,194.7088,184.9592,190.0161,201.6931|166:198.0392,195.8769,196.7254,198.5195,181.7045|141:184.6004,189.8221,199.1179,185.5608,220.3291|65:187.9521,186.5388,184.5660,177.0554,170.9992|6:203.0017,193.6707,198.8504,195.4841,193.1083|131:193.5204,202.7793,205.9535,199.3781,202.0240|119:195.8124,182.6888,184.3704,192.0634,176.8045|0:247.4811,227.4932,205.5470,235.3148,210.7961",,,0,,,,,1,1,1,1,1,True,False,14,14,2,1
87|157|149|109|143|114|117|2|88|145|166|141|65|6|131|119|96|162|107|0,87|157|149|109|143|114|117|2|88|145|166|141|65|6|131|119|96|162|107|0,0,63,1,107,18,1,107,18,1,1,18,46,294.482421875,294.482421875,,,cluster_too_small,0,0,,,,,,,,,,,,,,,,,,,0,,,,,,0,,,,,,0,,,,,,0,,,,,,0,,,,,,0,,,,,,0,,,,,,0,,,,,,1,294.482421875,294.482421875,294.482421875,294.482421875,0.0,,,,,,,,,,,,,,,,,,,,,"107:293.5110,295.8857,267.6854,314.9733,294.4824",,,0,,,,,0,0,1,1,1,,,45,45,2,1
87|157|149|109|143|114|117|2|88|145|166|141|65|6|131|119|96|162|107|0,87|157|149|109|143|114|117|2|88|145|166|141|65|6|131|119|96|162|107|0,0,63,3,96,16,1,96,16,1,1,34,30,250.6586456298828,250.6586456298828,,,cluster_too_small,0,0,,,,,,,,,,,,,,,,,,,0,,,,,,0,,,,,,0,,,,,,0,,,,,,0,,,,,,0,,,,,,0,,,,,,0,,,,,,1,250.6586456298828,250.6586456298828,250.6586456298828,250.6586456298828,0.0,,,,,,,,,,,,,,,,,,,,,"96:237.7000,234.6616,270.9160,253.3545,250.6586",,,0,,,,,0,0,1,1,1,,,29,29,2,1
87|157|149|109|143|114|117|2|88|145|166|141|65|6|131|119|96|162|107|0,87|157|149|109|143|114|117|2|88|145|166|141|65|6|131|119|96|162|107|0,0,63,5,162,17,1,162,17,1,1,48,16,222.2487335205078,222.2487335205078,,,cluster_too_small,0,0,,,,,,,,,,,,,,,,,,,0,,,,,,0,,,,,,0,,,,,,0,,,,,,0,,,,,,0,,,,,,0,,,,,,0,,,,,,1,222.2487335205078,222.2487335205078,222.2487335205078,222.2487335205078,0.0,,,,,,,,,,,,,,,,,,,,,"162:202.4949,229.8475,228.0482,251.7982,222.2487",,,0,,,,,0,0,1,1,1,,,15,15,2,1
87|157|149|109|143|114|117|2|88|145|166|141|65|6|131|119|96|162|107|0,87|157|149|109|143|114|117|2|88|145|166|141|65|6|131|119|96|162|107|0,0,63,6,87|157|149|109|143|114|117|2|88|145|166|141|65|6|131|119|0,0|1|2|3|4|5|6|7|8|9|10|11|12|13|14|15|19,17,87|157|149|109|143|114|117|2|88|145|166|141|65|6|131|119|0,0|1|2|3|4|5|6|7|8|9|10|11|12|13|14|15|19,17,1,48,16,159.93515014648438,241.0851593017578,160.41969299316406,242.27730407714844,eligible,0,0,,,,,,,,,,,,,,,,,,,0,,,,,,0,,,,,,0,,,,,,0,,,,,,0,,,,,,0,,,,,,0,,,,,,0,,,,,,17,174.23460388183594,196.71596302705652,191.3630828857422,241.0851593017578,16.879962445179626,,,,,,,,,,,,,,,,,,,,,"87:194.5132,184.2933,200.5548,201.2871,196.4457|157:187.7008,196.2287,198.7107,186.8994,191.3631|149:216.0552,198.3186,194.9762,199.2234,197.2584|109:235.7491,193.6702,188.0798,219.6502,241.0852|143:183.2499,189.0321,187.6996,183.3545,207.0740|114:196.3399,190.2263,181.9087,193.4633,184.2731|117:171.8273,207.4605,191.0782,176.5355,185.1999|2:195.0931,182.0366,178.5903,168.1287,187.2073|88:178.4644,168.7677,174.4404,190.4280,181.3487|145:194.7088,184.9592,190.0161,201.6931,193.3687|166:195.8769,196.7254,198.5195,181.7045,185.8505|141:189.8221,199.1179,185.5608,220.3291,223.5549|65:186.5388,184.5660,177.0554,170.9992,174.2346|6:193.6707,198.8504,195.4841,193.1083,189.2731|131:202.7793,205.9535,199.3781,202.0240,200.0539|119:182.6888,184.3704,192.0634,176.8045,185.7269|0:227.4932,205.5470,235.3148,210.7961,220.8535",,,0,,,,,1,1,1,1,1,True,False,15,15,2,1
87|157|149|109|143|114|117|2|88|145|166|141|65|6|131|119|96|162|107|0,87|157|149|109|143|114|117|2|88|145|166|141|65|6|131|119|96|162|107|0,0,64,1,107,18,1,107,18,1,1,18,47,326.3215026855469,326.3215026855469,,,cluster_too_small,0,0,,,,,,,,,,,,,,,,,,,0,,,,,,0,,,,,,0,,,,,,0,,,,,,0,,,,,,0,,,,,,0,,,,,,0,,,,,,1,326.3215026855469,326.3215026855469,326.3215026855469,326.3215026855469,0.0,,,,,,,,,,,,,,,,,,,,,"107:295.8857,267.6854,314.9733,294.4824,326.3215",,,0,,,,,0,0,1,1,1,,,46,46,2,1
87|157|149|109|143|114|117|2|88|145|166|141|65|6|131|119|96|162|107|0,87|157|149|109|143|114|117|2|88|145|166|141|65|6|131|119|96|162|107|0,0,64,3,96,16,1,96,16,1,1,34,31,299.5547180175781,299.5547180175781,,,cluster_too_small,0,0,,,,,,,,,,,,,,,,,,,0,,,,,,0,,,,,,0,,,,,,0,,,,,,0,,,,,,0,,,,,,0,,,,,,0,,,,,,1,299.5547180175781,299.5547180175781,299.5547180175781,299.5547180175781,0.0,,,,,,,,,,,,,,,,,,,,,"96:234.6616,270.9160,253.3545,250.6586,299.5547",,,0,,,,,0,0,1,1,1,,,30,30,2,1
87|157|149|109|143|114|117|2|88|145|166|141|65|6|131|119|96|162|107|0,87|157|149|109|143|114|117|2|88|145|166|141|65|6|131|119|96|162|107|0,0,64,5,162,17,1,162,17,1,1,48,17,193.34219360351562,193.34219360351562,,,cluster_too_small,0,0,,,,,,,,,,,,,,,,,,,0,,,,,,0,,,,,,0,,,,,,0,,,,,,0,,,,,,0,,,,,,0,,,,,,0,,,,,,1,193.34219360351562,193.34219360351562,193.34219360351562,193.34219360351562,0.0,,,,,,,,,,,,,,,,,,,,,"162:229.8475,228.0482,251.7982,222.2487,193.3422",,,0,,,,,0,0,1,1,1,,,16,16,2,1
87|157|149|109|143|114|117|2|88|145|166|141|65|6|131|119|96|162|107|0,87|157|149|109|143|114|117|2|88|145|166|141|65|6|131|119|96|162|107|0,0,64,6,87|157|149|109|143|114|117|2|88|145|166|141|65|6|131|119|0,0|1|2|3|4|5|6|7|8|9|10|11|12|13|14|15|19,17,87|157|149|109|143|114|117|2|88|145|166|141|65|6|131|119|0,0|1|2|3|4|5|6|7|8|9|10|11|12|13|14|15|19,17,1,48,17,162.71432495117188,257.3355712890625,160.1320343017578,241.99563598632812,eligible,0,0,,,,,,,,,,,,,,,,,,,0,,,,,,0,,,,,,0,,,,,,0,,,,,,0,,,,,,0,,,,,,0,,,,,,0,,,,,,17,171.38067626953125,191.39849853515625,184.3284454345703,257.3355712890625,19.001623197398764,,,,,,,,,,,,,,,,,,,,,"87:184.2933,200.5548,201.2871,196.4457,182.6078|157:196.2287,198.7107,186.8994,191.3631,184.0806|149:198.3186,194.9762,199.2234,197.2584,187.3419|109:193.6702,188.0798,219.6502,241.0852,200.2790|143:189.0321,187.6996,183.3545,207.0740,199.2609|114:190.2263,181.9087,193.4633,184.2731,202.0541|117:207.4605,191.0782,176.5355,185.1999,208.0727|2:182.0366,178.5903,168.1287,187.2073,184.3284|88:168.7677,174.4404,190.4280,181.3487,180.5772|145:184.9592,190.0161,201.6931,193.3687,183.0762|166:196.7254,198.5195,181.7045,185.8505,182.3024|141:199.1179,185.5608,220.3291,223.5549,181.0922|65:184.5660,177.0554,170.9992,174.2346,175.6201|6:198.8504,195.4841,193.1083,189.2731,187.5612|131:205.9535,199.3781,202.0240,200.0539,186.8035|119:184.3704,192.0634,176.8045,185.7269,171.3807|0:205.5470,235.3148,210.7961,220.8535,257.3356",,,0,,,,,1,1,1,1,1,False,True,16,16,2,1
87|157|149|109|143|114|117|2|88|145|166|141|65|6|131|119|96|162|107|0,87|157|149|109|143|114|117|2|88|145|166|141|65|6|131|119|96|162|107|0,0,65,1,107,18,1,107,18,1,1,18,48,309.1260070800781,309.1260070800781,,,cluster_too_small,0,0,,,,,,,,,,,,,,,,,,,0,,,,,,0,,,,,,0,,,,,,0,,,,,,0,,,,,,0,,,,,,0,,,,,,0,,,,,,1,309.1260070800781,309.1260070800781,309.1260070800781,309.1260070800781,0.0,,,,,,,,,,,,,,,,,,,,,"107:267.6854,314.9733,294.4824,326.3215,309.1260",,,0,,,,,0,0,1,1,1,,,47,47,2,1
87|157|149|109|143|114|117|2|88|145|166|141|65|6|131|119|96|162|107|0,87|157|149|109|143|114|117|2|88|145|166|141|65|6|131|119|96|162|107|0,0,65,3,96,16,1,96,16,1,1,34,32,230.4596405029297,230.4596405029297,,,cluster_too_small,0,0,,,,,,,,,,,,,,,,,,,0,,,,,,0,,,,,,0,,,,,,0,,,,,,0,,,,,,0,,,,,,0,,,,,,0,,,,,,1,230.4596405029297,230.4596405029297,230.4596405029297,230.4596405029297,0.0,,,,,,,,,,,,,,,,,,,,,"96:270.9160,253.3545,250.6586,299.5547,230.4596",,,0,,,,,0,0,1,1,1,,,31,31,2,1
87|157|149|109|143|114|117|2|88|145|166|141|65|6|131|119|96|162|107|0,87|157|149|109|143|114|117|2|88|145|166|141|65|6|131|119|96|162|107|0,0,65,5,162,17,1,162,17,1,1,48,18,224.57176208496094,224.57176208496094,,,cluster_too_small,0,0,,,,,,,,,,,,,,,,,,,0,,,,,,0,,,,,,0,,,,,,0,,,,,,0,,,,,,0,,,,,,0,,,,,,0,,,,,,1,224.57176208496094,224.57176208496094,224.57176208496094,224.57176208496094,0.0,,,,,,,,,,,,,,,,,,,,,"162:228.0482,251.7982,222.2487,193.3422,224.5718",,,0,,,,,0,0,1,1,1,,,17,17,2,1
87|157|149|109|143|114|117|2|88|145|166|141|65|6|131|119|96|162|107|0,87|157|149|109|143|114|117|2|88|145|166|141|65|6|131|119|96|162|107|0,0,65,6,87|157|149|109|143|114|117|2|88|145|166|141|65|6|131|119|0,0|1|2|3|4|5|6|7|8|9|10|11|12|13|14|15|19,17,87|157|149|109|143|114|117|2|88|145|166|141|65|6|131|119|0,0|1|2|3|4|5|6|7|8|9|10|11|12|13|14|15|19,17,1,48,18,159.84552001953125,228.31423950195312,160.19766235351562,243.2982177734375,eligible,0,0,,,,,,,,,,,,,,,,,,,0,,,,,,0,,,,,,0,,,,,,0,,,,,,0,,,,,,0,,,,,,0,,,,,,0,,,,,,17,173.393310546875,193.79924190745635,190.11390686035156,228.31423950195312,15.2074774887802,,,,,,,,,,,,,,,,,,,,,"87:200.5548,201.2871,196.4457,182.6078,220.9797|157:198.7107,186.8994,191.3631,184.0806,201.9055|149:194.9762,199.2234,197.2584,187.3419,190.3071|109:188.0798,219.6502,241.0852,200.2790,190.1139|143:187.6996,183.3545,207.0740,199.2609,196.2551|114:181.9087,193.4633,184.2731,202.0541,200.4576|117:191.0782,176.5355,185.1999,208.0727,228.3142|2:178.5903,168.1287,187.2073,184.3284,174.7829|88:174.4404,190.4280,181.3487,180.5772,173.3933|145:190.0161,201.6931,193.3687,183.0762,204.1443|166:198.5195,181.7045,185.8505,182.3024,181.7901|141:185.5608,220.3291,223.5549,181.0922,185.7838|65:177.0554,170.9992,174.2346,175.6201,178.8329|6:195.4841,193.1083,189.2731,187.5612,187.5657|131:199.3781,202.0240,200.0539,186.8035,187.1455|119:192.0634,176.8045,185.7269,171.3807,181.4848|0:235.3148,210.7961,220.8535,257.3356,211.3307",,,0,,,,,1,1,1,1,1,True,False,17,17,2,1
87|157|149|109|143|114|117|2|88|145|166|141|65|6|131|119|96|162|107|0,87|157|149|109|143|114|117|2|88|145|166|141|65|6|131|119|96|162|107|0,0,66,1,107,18,1,107,18,1,1,18,49,278.9071044921875,278.9071044921875,,,cluster_too_small,0,0,,,,,,,,,,,,,,,,,,,0,,,,,,0,,,,,,0,,,,,,0,,,,,,0,,,,,,0,,,,,,0,,,,,,0,,,,,,1,278.9071044921875,278.9071044921875,278.9071044921875,278.9071044921875,0.0,,,,,,,,,,,,,,,,,,,,,"107:314.9733,294.4824,326.3215,309.1260,278.9071",,,0,,,,,0,0,1,1,1,,,48,48,2,1
87|157|149|109|143|114|117|2|88|145|166|141|65|6|131|119|96|162|107|0,87|157|149|109|143|114|117|2|88|145|166|141|65|6|131|119|96|162|107|0,0,66,3,96,16,1,96,16,1,1,34,33,262.8945617675781,262.8945617675781,,,cluster_too_small,0,0,,,,,,,,,,,,,,,,,,,0,,,,,,0,,,,,,0,,,,,,0,,,,,,0,,,,,,0,,,,,,0,,,,,,0,,,,,,1,262.8945617675781,262.8945617675781,262.8945617675781,262.8945617675781,0.0,,,,,,,,,,,,,,,,,,,,,"96:253.3545,250.6586,299.5547,230.4596,262.8946",,,0,,,,,0,0,1,1,1,,,32,32,2,1
87|157|149|109|143|114|117|2|88|145|166|141|65|6|131|119|96|162|107|0,87|157|149|109|143|114|117|2|88|145|166|141|65|6|131|119|96|162|107|0,0,66,5,162,17,1,162,17,1,1,48,19,242.24111938476562,242.24111938476562,,,cluster_too_small,0,0,,,,,,,,,,,,,,,,,,,0,,,,,,0,,,,,,0,,,,,,0,,,,,,0,,,,,,0,,,,,,0,,,,,,0,,,,,,1,242.24111938476562,242.24111938476562,242.24111938476562,242.24111938476562,0.0,,,,,,,,,,,,,,,,,,,,,"162:251.7982,222.2487,193.3422,224.5718,242.2411",,,0,,,,,0,0,1,1,1,,,18,18,2,1
87|157|149|109|143|114|117|2|88|145|166|141|65|6|131|119|96|162|107|0,87|157|149|109|143|114|117|2|88|145|166|141|65|6|131|119|96|162|107|0,0,66,6,87|157|149|109|143|114|117|2|88|145|166|141|65|6|131|119|0,0|1|2|3|4|5|6|7|8|9|10|11|12|13|14|15|19,17,87|157|149|109|143|114|117|2|88|145|166|141|65|6|131|119|0,0|1|2|3|4|5|6|7|8|9|10|11|12|13|14|15|19,17,1,48,19,161.35140991210938,214.08348083496094,160.0007781982422,242.72401733398436,eligible,0,0,,,,,,,,,,,,,,,,,,,0,,,,,,0,,,,,,0,,,,,,0,,,,,,0,,,,,,0,,,,,,0,,,,,,0,,,,,,17,178.21957397460938,190.7317657470703,189.50296020507812,214.08348083496094,9.436083189375617,,,,,,,,,,,,,,,,,,,,,"87:201.2871,196.4457,182.6078,220.9797,181.9067|157:186.8994,191.3631,184.0806,201.9055,189.5030|149:199.2234,197.2584,187.3419,190.3071,194.0321|109:219.6502,241.0852,200.2790,190.1139,205.6458|143:183.3545,207.0740,199.2609,196.2551,196.3051|114:193.4633,184.2731,202.0541,200.4576,214.0835|117:176.5355,185.1999,208.0727,228.3142,198.7657|2:168.1287,187.2073,184.3284,174.7829,183.5975|88:190.4280,181.3487,180.5772,173.3933,194.6577|145:201.6931,193.3687,183.0762,204.1443,185.3219|166:181.7045,185.8505,182.3024,181.7901,179.5592|141:220.3291,223.5549,181.0922,185.7838,181.5740|65:170.9992,174.2346,175.6201,178.8329,178.2196|6:193.1083,189.2731,187.5612,187.5657,192.2613|131:202.0240,200.0539,186.8035,187.1455,185.2043|119:176.8045,185.7269,171.3807,181.4848,185.1445|0:210.7961,220.8535,257.3356,211.3307,196.6582",,,0,,,,,1,1,1,1,1,False,False,18,18,2,1
87|157|149|109|143|114|117|2|88|145|166|141|65|6|131|119|96|162|107|0,87|157|149|109|143|114|117|2|88|145|166|141|65|6|131|119|96|162|107|0,0,67,1,107,18,1,107,18,1,1,18,50,282.7705993652344,282.7705993652344,,,cluster_too_small,0,0,,,,,,,,,,,,,,,,,,,0,,,,,,0,,,,,,0,,,,,,0,,,,,,0,,,,,,0,,,,,,0,,,,,,0,,,,,,1,282.7705993652344,282.7705993652344,282.7705993652344,282.7705993652344,0.0,,,,,,,,,,,,,,,,,,,,,"107:294.4824,326.3215,309.1260,278.9071,282.7706",,,0,,,,,0,0,1,1,1,,,49,49,2,1
87|157|149|109|143|114|117|2|88|145|166|141|65|6|131|119|96|162|107|0,87|157|149|109|143|114|117|2|88|145|166|141|65|6|131|119|96|162|107|0,0,67,3,96,16,1,96,16,1,1,34,34,273.1829833984375,273.1829833984375,,,cluster_too_small,0,0,,,,,,,,,,,,,,,,,,,0,,,,,,0,,,,,,0,,,,,,0,,,,,,0,,,,,,0,,,,,,0,,,,,,0,,,,,,1,273.1829833984375,273.1829833984375,273.1829833984375,273.1829833984375,0.0,,,,,,,,,,,,,,,,,,,,,"96:250.6586,299.5547,230.4596,262.8946,273.1830",,,0,,,,,0,0,1,1,1,,,33,33,2,1
87|157|149|109|143|114|117|2|88|145|166|141|65|6|131|119|96|162|107|0,87|157|149|109|143|114|117|2|88|145|166|141|65|6|131|119|96|162|107|0,0,67,5,162,17,1,162,17,1,1,48,20,233.78012084960938,233.78012084960938,,,cluster_too_small,0,0,,,,,,,,,,,,,,,,,,,0,,,,,,0,,,,,,0,,,,,,0,,,,,,0,,,,,,0,,,,,,0,,,,,,0,,,,,,1,233.78012084960938,233.78012084960938,233.78012084960938,233.78012084960938,0.0,,,,,,,,,,,,,,,,,,,,,"162:222.2487,193.3422,224.5718,242.2411,233.7801",,,0,,,,,0,0,1,1,1,,,19,19,2,1
87|157|149|109|143|114|117|2|88|145|166|141|65|6|131|119|96|162|107|0,87|157|149|109|143|114|117|2|88|145|166|141|65|6|131|119|96|162|107|0,0,67,6,87|157|149|109|143|114|117|2|88|145|166|141|65|6|131|119|0,0|1|2|3|4|5|6|7|8|9|10|11|12|13|14|15|19,17,87|157|149|109|143|114|117|2|88|145|166|141|65|6|131|119|0,0|1|2|3|4|5|6|7|8|9|10|11|12|13|14|15|19,17,1,48,20,160.36688232421875,220.83131408691406,160.06640625,242.1777313232422,eligible,0,0,,,,,,,,,,,,,,,,,,,0,,,,,,0,,,,,,0,,,,,,0,,,,,,0,,,,,,0,,,,,,0,,,,,,0,,,,,,17,176.53421020507812,192.3162581499885,187.1431884765625,220.83131408691406,12.578467782591625,,,,,,,,,,,,,,,,,,,,,"87:196.4457,182.6078,220.9797,181.9067,211.3384|157:191.3631,184.0806,201.9055,189.5030,182.5329|149:197.2584,187.3419,190.3071,194.0321,197.6057|109:241.0852,200.2790,190.1139,205.6458,213.4989|143:207.0740,199.2609,196.2551,196.3051,187.1432|114:184.2731,202.0541,200.4576,214.0835,181.8453|117:185.1999,208.0727,228.3142,198.7657,185.9335|2:187.2073,184.3284,174.7829,183.5975,176.5342|88:181.3487,180.5772,173.3933,194.6577,192.2674|145:193.3687,183.0762,204.1443,185.3219,205.2521|166:185.8505,182.3024,181.7901,179.5592,180.3623|141:223.5549,181.0922,185.7838,181.5740,192.2868|65:174.2346,175.6201,178.8329,178.2196,183.4080|6:189.2731,187.5612,187.5657,192.2613,183.7919|131:200.0539,186.8035,187.1455,185.2043,185.7917|119:185.7269,171.3807,181.4848,185.1445,188.9530|0:220.8535,257.3356,211.3307,196.6582,220.8313",,,0,,,,,1,1,1,1,1,False,False,19,19,2,1
87|157|149|109|143|114|117|2|88|145|166|141|65|6|131|119|96|162|107|0,87|157|149|109|143|114|117|2|88|145|166|141|65|6|131|119|96|162|107|0,0,68,1,107,18,1,107,18,1,1,18,51,247.33367919921875,247.33367919921875,,,cluster_too_small,0,0,,,,,,,,,,,,,,,,,,,0,,,,,,0,,,,,,0,,,,,,0,,,,,,0,,,,,,0,,,,,,0,,,,,,0,,,,,,1,247.33367919921875,247.33367919921875,247.33367919921875,247.33367919921875,0.0,,,,,,,,,,,,,,,,,,,,,"107:326.3215,309.1260,278.9071,282.7706,247.3337",,,0,,,,,0,0,1,1,1,,,50,50,2,1
87|157|149|109|143|114|117|2|88|145|166|141|65|6|131|119|96|162|107|0,87|157|149|109|143|114|117|2|88|145|166|141|65|6|131|119|96|162|107|0,0,68,3,96,16,1,96,16,1,1,34,35,237.18304443359375,237.18304443359375,,,cluster_too_small,0,0,,,,,,,,,,,,,,,,,,,0,,,,,,0,,,,,,0,,,,,,0,,,,,,0,,,,,,0,,,,,,0,,,,,,0,,,,,,1,237.18304443359375,237.18304443359375,237.18304443359375,237.18304443359375,0.0,,,,,,,,,,,,,,,,,,,,,"96:299.5547,230.4596,262.8946,273.1830,237.1830",,,0,,,,,0,0,1,1,1,,,34,34,2,1
87|157|149|109|143|114|117|2|88|145|166|141|65|6|131|119|96|162|107|0,87|157|149|109|143|114|117|2|88|145|166|141|65|6|131|119|96|162|107|0,0,68,5,162,17,1,162,17,1,1,48,21,276.6344909667969,276.6344909667969,,,cluster_too_small,0,0,,,,,,,,,,,,,,,,,,,0,,,,,,0,,,,,,0,,,,,,0,,,,,,0,,,,,,0,,,,,,0,,,,,,0,,,,,,1,276.6344909667969,276.6344909667969,276.6344909667969,276.6344909667969,0.0,,,,,,,,,,,,,,,,,,,,,"162:193.3422,224.5718,242.2411,233.7801,276.6345",,,0,,,,,0,0,1,1,1,,,20,20,2,1
87|157|149|109|143|114|117|2|88|145|166|141|65|6|131|119|96|162|107|0,87|157|149|109|143|114|117|2|88|145|166|141|65|6|131|119|96|162|107|0,0,68,6,87|157|149|109|143|114|117|2|88|145|166|141|65|6|131|119|0,0|1|2|3|4|5|6|7|8|9|10|11|12|13|14|15|19,17,87|157|149|109|143|114|117|2|88|145|166|141|65|6|131|119|0,0|1|2|3|4|5|6|7|8|9|10|11|12|13|14|15|19,17,1,48,21,162.19248962402344,216.2611083984375,160.1320343017578,241.6314453125,eligible,0,0,,,,,,,,,,,,,,,,,,,0,,,,,,0,,,,,,0,,,,,,0,,,,,,0,,,,,,0,,,,,,0,,,,,,0,,,,,,17,166.43589782714844,191.67754139619714,194.11769104003906,216.2611083984375,13.453830953763845,,,,,,,,,,,,,,,,,,,,,"87:182.6078,220.9797,181.9067,211.3384,202.4366|157:184.0806,201.9055,189.5030,182.5329,184.6164|149:187.3419,190.3071,194.0321,197.6057,196.7933|109:200.2790,190.1139,205.6458,213.4989,199.5778|143:199.2609,196.2551,196.3051,187.1432,195.1954|114:202.0541,200.4576,214.0835,181.8453,206.4907|117:208.0727,228.3142,198.7657,185.9335,216.2611|2:184.3284,174.7829,183.5975,176.5342,175.7963|88:180.5772,173.3933,194.6577,192.2674,166.4359|145:183.0762,204.1443,185.3219,205.2521,179.7554|166:182.3024,181.7901,179.5592,180.3623,173.9152|141:181.0922,185.7838,181.5740,192.2868,183.2995|65:175.6201,178.8329,178.2196,183.4080,183.0407|6:187.5612,187.5657,192.2613,183.7919,194.1177|131:186.8035,187.1455,185.2043,185.7917,211.5237|119:171.3807,181.4848,185.1445,188.9530,188.3987|0:257.3356,211.3307,196.6582,220.8313,200.8638",,,0,,,,,1,1,1,1,1,False,False,20,20,2,1
87|157|149|109|143|114|117|2|88|145|166|141|65|6|131|119|96|162|107|0,87|157|149|109|143|114|117|2|88|145|166|141|65|6|131|119|96|162|107|0,0,69,1,107,18,1,107,18,1,1,18,52,324.47735595703125,324.47735595703125,,,cluster_too_small,0,0,,,,,,,,,,,,,,,,,,,0,,,,,,0,,,,,,0,,,,,,0,,,,,,0,,,,,,0,,,,,,0,,,,,,0,,,,,,1,324.47735595703125,324.47735595703125,324.47735595703125,324.47735595703125,0.0,,,,,,,,,,,,,,,,,,,,,"107:309.1260,278.9071,282.7706,247.3337,324.4774",,,0,,,,,0,0,1,1,1,,,51,51,2,1
87|157|149|109|143|114|117|2|88|145|166|141|65|6|131|119|96|162|107|0,87|157|149|109|143|114|117|2|88|145|166|141|65|6|131|119|96|162|107|0,0,69,3,96,16,1,96,16,1,1,34,36,246.71923828125,246.71923828125,,,cluster_too_small,0,0,,,,,,,,,,,,,,,,,,,0,,,,,,0,,,,,,0,,,,,,0,,,,,,0,,,,,,0,,,,,,0,,,,,,0,,,,,,1,246.71923828125,246.71923828125,246.71923828125,246.71923828125,0.0,,,,,,,,,,,,,,,,,,,,,"96:230.4596,262.8946,273.1830,237.1830,246.7192",,,0,,,,,0,0,1,1,1,,,35,35,2,1
87|157|149|109|143|114|117|2|88|145|166|141|65|6|131|119|96|162|107|0,87|157|149|109|143|114|117|2|88|145|166|141|65|6|131|119|96|162|107|0,0,69,5,162,17,1,162,17,1,1,48,22,307.17547607421875,307.17547607421875,,,cluster_too_small,0,0,,,,,,,,,,,,,,,,,,,0,,,,,,0,,,,,,0,,,,,,0,,,,,,0,,,,,,0,,,,,,0,,,,,,0,,,,,,1,307.17547607421875,307.17547607421875,307.17547607421875,307.17547607421875,0.0,,,,,,,,,,,,,,,,,,,,,"162:224.5718,242.2411,233.7801,276.6345,307.1755",,,0,,,,,0,0,1,1,1,,,21,21,2,1
87|157|149|109|143|114|117|2|88|145|166|141|65|6|131|119|96|162|107|0,87|157|149|109|143|114|117|2|88|145|166|141|65|6|131|119|96|162|107|0,0,69,6,87|157|149|109|143|114|117|2|88|145|166|141|65|6|131|119|0,0|1|2|3|4|5|6|7|8|9|10|11|12|13|14|15|19,17,87|157|149|109|143|114|117|2|88|145|166|141|65|6|131|119|0,0|1|2|3|4|5|6|7|8|9|10|11|12|13|14|15|19,17,1,48,22,159.6376953125,216.84400939941406,160.19766235351562,241.0851593017578,eligible,0,0,,,,,,,,,,,,,,,,,,,0,,,,,,0,,,,,,0,,,,,,0,,,,,,0,,,,,,0,,,,,,0,,,,,,0,,,,,,17,174.6101837158203,185.83562245088464,183.05345153808594,216.84400939941406,10.017991181870435,,,,,,,,,,,,,,,,,,,,,"87:220.9797,181.9067,211.3384,202.4366,216.8440|157:201.9055,189.5030,182.5329,184.6164,183.0535|149:190.3071,194.0321,197.6057,196.7933,195.9068|109:190.1139,205.6458,213.4989,199.5778,188.4457|143:196.2551,196.3051,187.1432,195.1954,186.4960|114:200.4576,214.0835,181.8453,206.4907,185.5157|117:228.3142,198.7657,185.9335,216.2611,174.6102|2:174.7829,183.5975,176.5342,175.7963,178.8407|88:173.3933,194.6577,192.2674,166.4359,181.2274|145:204.1443,185.3219,205.2521,179.7554,178.3370|166:181.7901,179.5592,180.3623,173.9152,179.1709|141:185.7838,181.5740,192.2868,183.2995,178.8176|65:178.8329,178.2196,183.4080,183.0407,179.1093|6:187.5657,192.2613,183.7919,194.1177,188.8132|131:187.1455,185.2043,185.7917,211.5237,196.7841|119:181.4848,185.1445,188.9530,188.3987,176.6103|0:211.3307,196.6582,220.8313,200.8638,190.6232",,,0,,,,,1,1,1,1,1,True,False,21,21,2,1
87|157|149|109|143|114|117|2|88|145|166|141|65|6|131|119|96|162|107|0,87|157|149|109|143|114|117|2|88|145|166|141|65|6|131|119|96|162|107|0,0,70,1,107,18,1,107,18,1,1,18,53,320.1379699707031,320.1379699707031,,,cluster_too_small,0,0,,,,,,,,,,,,,,,,,,,0,,,,,,0,,,,,,0,,,,,,0,,,,,,0,,,,,,0,,,,,,0,,,,,,0,,,,,,1,320.1379699707031,320.1379699707031,320.1379699707031,320.1379699707031,0.0,,,,,,,,,,,,,,,,,,,,,"107:278.9071,282.7706,247.3337,324.4774,320.1380",,,0,,,,,0,0,1,1,1,,,52,52,2,1
87|157|149|109|143|114|117|2|88|145|166|141|65|6|131|119|96|162|107|0,87|157|149|109|143|114|117|2|88|145|166|141|65|6|131|119|96|162|107|0,0,70,3,96,16,1,96,16,1,1,34,37,212.12782287597656,212.12782287597656,,,cluster_too_small,0,0,,,,,,,,,,,,,,,,,,,0,,,,,,0,,,,,,0,,,,,,0,,,,,,0,,,,,,0,,,,,,0,,,,,,0,,,,,,1,212.12782287597656,212.12782287597656,212.12782287597656,212.12782287597656,0.0,,,,,,,,,,,,,,,,,,,,,"96:262.8946,273.1830,237.1830,246.7192,212.1278",,,0,,,,,0,0,1,1,1,,,36,36,2,1
87|157|149|109|143|114|117|2|88|145|166|141|65|6|131|119|96|162|107|0,87|157|149|109|143|114|117|2|88|145|166|141|65|6|131|119|96|162|107|0,0,70,5,162,17,1,162,17,1,1,48,23,257.779541015625,257.779541015625,,,cluster_too_small,0,0,,,,,,,,,,,,,,,,,,,0,,,,,,0,,,,,,0,,,,,,0,,,,,,0,,,,,,0,,,,,,0,,,,,,0,,,,,,1,257.779541015625,257.779541015625,257.779541015625,257.779541015625,0.0,,,,,,,,,,,,,,,,,,,,,"162:242.2411,233.7801,276.6345,307.1755,257.7795",,,0,,,,,0,0,1,1,1,,,22,22,2,1
87|157|149|109|143|114|117|2|88|145|166|141|65|6|131|119|96|162|107|0,87|157|149|109|143|114|117|2|88|145|166|141|65|6|131|119|96|162|107|0,0,70,6,87|157|149|109|143|114|117|2|88|145|166|141|65|6|131|119|0,0|1|2|3|4|5|6|7|8|9|10|11|12|13|14|15|19,17,87|157|149|109|143|114|117|2|88|145|166|141|65|6|131|119|0,0|1|2|3|4|5|6|7|8|9|10|11|12|13|14|15|19,17,1,48,23,160.4010772705078,231.13104248046875,160.0007781982422,240.688232421875,eligible,0,0,,,,,,,,,,,,,,,,,,,0,,,,,,0,,,,,,0,,,,,,0,,,,,,0,,,,,,0,,,,,,0,,,,,,0,,,,,,17,177.36196899414062,190.4394297880285,187.36798095703125,231.13104248046875,12.624947415549986,,,,,,,,,,,,,,,,,,,,,"87:181.9067,211.3384,202.4366,216.8440,202.0403|157:189.5030,182.5329,184.6164,183.0535,197.4037|149:194.0321,197.6057,196.7933,195.9068,181.8830|109:205.6458,213.4989,199.5778,188.4457,187.3089|143:196.3051,187.1432,195.1954,186.4960,183.1030|114:214.0835,181.8453,206.4907,185.5157,189.9497|117:198.7657,185.9335,216.2611,174.6102,177.3620|2:183.5975,176.5342,175.7963,178.8407,180.8580|88:194.6577,192.2674,166.4359,181.2274,179.0076|145:185.3219,205.2521,179.7554,178.3370,187.3680|166:179.5592,180.3623,173.9152,179.1709,198.5790|141:181.5740,192.2868,183.2995,178.8176,187.7220|65:178.2196,183.4080,183.0407,179.1093,180.9146|6:192.2613,183.7919,194.1177,188.8132,194.3479|131:185.2043,185.7917,211.5237,196.7841,197.8547|119:185.1445,188.9530,188.3987,176.6103,180.6369|0:196.6582,220.8313,200.8638,190.6232,231.1310",,,0,,,,,1,1,1,1,1,False,False,22,22,2,1
87|157|149|109|143|114|117|2|88|145|166|141|65|6|131|119|96|162|107|0,87|157|149|109|143|114|117|2|88|145|166|141|65|6|131|119|96|162|107|0,0,71,1,107,18,1,107,18,1,1,18,54,288.76824951171875,288.76824951171875,,,cluster_too_small,0,0,,,,,,,,,,,,,,,,,,,0,,,,,,0,,,,,,0,,,,,,0,,,,,,0,,,,,,0,,,,,,0,,,,,,0,,,,,,1,288.76824951171875,288.76824951171875,288.76824951171875,288.76824951171875,0.0,,,,,,,,,,,,,,,,,,,,,"107:282.7706,247.3337,324.4774,320.1380,288.7682",,,0,,,,,0,0,1,1,1,,,53,53,2,1
87|157|149|109|143|114|117|2|88|145|166|141|65|6|131|119|96|162|107|0,87|157|149|109|143|114|117|2|88|145|166|141|65|6|131|119|96|162|107|0,0,71,3,96,16,1,96,16,1,1,34,38,232.83560180664062,232.83560180664062,,,cluster_too_small,0,0,,,,,,,,,,,,,,,,,,,0,,,,,,0,,,,,,0,,,,,,0,,,,,,0,,,,,,0,,,,,,0,,,,,,0,,,,,,1,232.83560180664062,232.83560180664062,232.83560180664062,232.83560180664062,0.0,,,,,,,,,,,,,,,,,,,,,"96:273.1830,237.1830,246.7192,212.1278,232.8356",,,0,,,,,0,0,1,1,1,,,37,37,2,1
87|157|149|109|143|114|117|2|88|145|166|141|65|6|131|119|96|162|107|0,87|157|149|109|143|114|117|2|88|145|166|141|65|6|131|119|96|162|107|0,0,71,5,162,17,1,162,17,1,1,48,24,253.950439453125,253.950439453125,,,cluster_too_small,0,0,,,,,,,,,,,,,,,,,,,0,,,,,,0,,,,,,0,,,,,,0,,,,,,0,,,,,,0,,,,,,0,,,,,,0,,,,,,1,253.950439453125,253.950439453125,253.950439453125,253.950439453125,0.0,,,,,,,,,,,,,,,,,,,,,"162:233.7801,276.6345,307.1755,257.7795,253.9504",,,0,,,,,0,0,1,1,1,,,23,23,2,1
87|157|149|109|143|114|117|2|88|145|166|141|65|6|131|119|96|162|107|0,87|157|149|109|143|114|117|2|88|145|166|141|65|6|131|119|96|162|107|0,0,71,6,87|157|149|109|143|114|117|2|88|145|166|141|65|6|131|119|0,0|1|2|3|4|5|6|7|8|9|10|11|12|13|14|15|19,17,87|157|149|109|143|114|117|2|88|145|166|141|65|6|131|119|0,0|1|2|3|4|5|6|7|8|9|10|11|12|13|14|15|19,17,1,48,24,161.71939086914062,209.47796630859375,160.06640625,240.2913055419922,eligible,0,0,,,,,,,,,,,,,,,,,,,0,,,,,,0,,,,,,0,,,,,,0,,,,,,0,,,,,,0,,,,,,0,,,,,,0,,,,,,17,159.0796661376953,186.16607666015625,184.2066650390625,209.47796630859375,11.706760942108307,,,,,,,,,,,,,,,,,,,,,"87:211.3384,202.4366,216.8440,202.0403,186.9678|157:182.5329,184.6164,183.0535,197.4037,181.3756|149:197.6057,196.7933,195.9068,181.8830,190.3943|109:213.4989,199.5778,188.4457,187.3089,203.0732|143:187.1432,195.1954,186.4960,183.1030,197.8671|114:181.8453,206.4907,185.5157,189.9497,192.4551|117:185.9335,216.2611,174.6102,177.3620,179.6433|2:176.5342,175.7963,178.8407,180.8580,183.2838|88:192.2674,166.4359,181.2274,179.0076,159.0797|145:205.2521,179.7554,178.3370,187.3680,172.8350|166:180.3623,173.9152,179.1709,198.5790,176.6956|141:192.2868,183.2995,178.8176,187.7220,180.6742|65:183.4080,183.0407,179.1093,180.9146,184.2067|6:183.7919,194.1177,188.8132,194.3479,197.5135|131:185.7917,211.5237,196.7841,197.8547,190.2630|119:188.9530,188.3987,176.6103,180.6369,179.0173|0:220.8313,200.8638,190.6232,231.1310,209.4780",,,0,,,,,1,1,1,1,1,False,False,23,23,2,1
87|157|149|109|143|114|117|2|88|145|166|141|65|6|131|119|96|162|107|0,87|157|149|109|143|114|117|2|88|145|166|141|65|6|131|119|96|162|107|0,0,72,1,107,18,1,107,18,1,1,18,55,263.0430603027344,263.0430603027344,,,cluster_too_small,0,0,,,,,,,,,,,,,,,,,,,0,,,,,,0,,,,,,0,,,,,,0,,,,,,0,,,,,,0,,,,,,0,,,,,,0,,,,,,1,263.0430603027344,263.0430603027344,263.0430603027344,263.0430603027344,0.0,,,,,,,,,,,,,,,,,,,,,"107:247.3337,324.4774,320.1380,288.7682,263.0431",,,0,,,,,0,0,1,1,1,,,54,54,2,1
87|157|149|109|143|114|117|2|88|145|166|141|65|6|131|119|96|162|107|0,87|157|149|109|143|114|117|2|88|145|166|141|65|6|131|119|96|162|107|0,0,72,3,96,16,1,96,16,1,1,34,39,260.4812927246094,260.4812927246094,,,cluster_too_small,0,0,,,,,,,,,,,,,,,,,,,0,,,,,,0,,,,,,0,,,,,,0,,,,,,0,,,,,,0,,,,,,0,,,,,,0,,,,,,1,260.4812927246094,260.4812927246094,260.4812927246094,260.4812927246094,0.0,,,,,,,,,,,,,,,,,,,,,"96:237.1830,246.7192,212.1278,232.8356,260.4813",,,0,,,,,0,0,1,1,1,,,38,38,2,1
87|157|149|109|143|114|117|2|88|145|166|141|65|6|131|119|96|162|107|0,87|157|149|109|143|114|117|2|88|145|166|141|65|6|131|119|96|162|107|0,0,72,5,162,17,1,162,17,1,1,48,25,214.93856811523438,214.93856811523438,,,cluster_too_small,0,0,,,,,,,,,,,,,,,,,,,0,,,,,,0,,,,,,0,,,,,,0,,,,,,0,,,,,,0,,,,,,0,,,,,,0,,,,,,1,214.93856811523438,214.93856811523438,214.93856811523438,214.93856811523438,0.0,,,,,,,,,,,,,,,,,,,,,"162:276.6345,307.1755,257.7795,253.9504,214.9386",,,0,,,,,0,0,1,1,1,,,24,24,2,1
87|157|149|109|143|114|117|2|88|145|166|141|65|6|131|119|96|162|107|0,87|157|149|109|143|114|117|2|88|145|166|141|65|6|131|119|96|162|107|0,0,72,6,87|157|149|109|143|114|117|2|88|145|166|141|65|6|131|119|0,0|1|2|3|4|5|6|7|8|9|10|11|12|13|14|15|19,17,87|157|149|109|143|114|117|2|88|145|166|141|65|6|131|119|0,0|1|2|3|4|5|6|7|8|9|10|11|12|13|14|15|19,17,1,48,25,159.41781616210938,217.03289794921875,160.1320343017578,239.89437866210938,eligible,0,0,,,,,,,,,,,,,,,,,,,0,,,,,,0,,,,,,0,,,,,,0,,,,,,0,,,,,,0,,,,,,0,,,,,,0,,,,,,17,163.9998016357422,186.73499432732078,184.75294494628906,217.03289794921875,11.365254574242643,,,,,,,,,,,,,,,,,,,,,"87:202.4366,216.8440,202.0403,186.9678,217.0329|157:184.6164,183.0535,197.4037,181.3756,201.2906|149:196.7933,195.9068,181.8830,190.3943,182.1810|109:199.5778,188.4457,187.3089,203.0732,184.7529|143:195.1954,186.4960,183.1030,197.8671,181.1245|114:206.4907,185.5157,189.9497,192.4551,194.4560|117:216.2611,174.6102,177.3620,179.6433,189.0267|2:175.7963,178.8407,180.8580,183.2838,188.8925|88:166.4359,181.2274,179.0076,159.0797,163.9998|145:179.7554,178.3370,187.3680,172.8350,191.4148|166:173.9152,179.1709,198.5790,176.6956,172.2527|141:183.2995,178.8176,187.7220,180.6742,182.9925|65:183.0407,179.1093,180.9146,184.2067,184.5047|6:194.1177,188.8132,194.3479,197.5135,188.4520|131:211.5237,196.7841,197.8547,190.2630,184.2596|119:188.3987,176.6103,180.6369,179.0173,175.3264|0:200.8638,190.6232,231.1310,209.4780,192.5352",,,0,,,,,1,1,1,1,1,True,False,24,24,2,1
87|157|149|109|143|114|117|2|88|145|166|141|65|6|131|119|96|162|107|0,87|157|149|109|143|114|117|2|88|145|166|141|65|6|131|119|96|162|107|0,0,73,1,107,18,1,107,18,1,1,18,56,235.23141479492188,235.23141479492188,,,cluster_too_small,0,0,,,,,,,,,,,,,,,,,,,0,,,,,,0,,,,,,0,,,,,,0,,,,,,0,,,,,,0,,,,,,0,,,,,,0,,,,,,1,235.23141479492188,235.23141479492188,235.23141479492188,235.23141479492188,0.0,,,,,,,,,,,,,,,,,,,,,"107:324.4774,320.1380,288.7682,263.0431,235.2314",,,0,,,,,0,0,1,1,1,,,55,55,2,1
87|157|149|109|143|114|117|2|88|145|166|141|65|6|131|119|96|162|107|0,87|157|149|109|143|114|117|2|88|145|166|141|65|6|131|119|96|162|107|0,0,73,3,96,16,1,96,16,1,1,34,40,218.3552703857422,218.3552703857422,,,cluster_too_small,0,0,,,,,,,,,,,,,,,,,,,0,,,,,,0,,,,,,0,,,,,,0,,,,,,0,,,,,,0,,,,,,0,,,,,,0,,,,,,1,218.3552703857422,218.3552703857422,218.3552703857422,218.3552703857422,0.0,,,,,,,,,,,,,,,,,,,,,"96:246.7192,212.1278,232.8356,260.4813,218.3553",,,0,,,,,0,0,1,1,1,,,39,39,2,1
87|157|149|109|143|114|117|2|88|145|166|141|65|6|131|119|96|162|107|0,87|157|149|109|143|114|117|2|88|145|166|141|65|6|131|119|96|162|107|0,0,73,5,162,17,1,162,17,1,1,48,26,208.85081481933594,208.85081481933594,,,cluster_too_small,0,0,,,,,,,,,,,,,,,,,,,0,,,,,,0,,,,,,0,,,,,,0,,,,,,0,,,,,,0,,,,,,0,,,,,,0,,,,,,1,208.85081481933594,208.85081481933594,208.85081481933594,208.85081481933594,0.0,,,,,,,,,,,,,,,,,,,,,"162:307.1755,257.7795,253.9504,214.9386,208.8508",,,0,,,,,0,0,1,1,1,,,25,25,2,1
87|157|149|109|143|114|117|2|88|145|166|141|65|6|131|119|96|162|107|0,87|157|149|109|143|114|117|2|88|145|166|141|65|6|131|119|96|162|107|0,0,73,6,87|157|149|109|143|114|117|2|88|145|166|141|65|6|131|119|0,0|1|2|3|4|5|6|7|8|9|10|11|12|13|14|15|19,17,87|157|149|109|143|114|117|2|88|145|166|141|65|6|131|119|0,0|1|2|3|4|5|6|7|8|9|10|11|12|13|14|15|19,17,1,48,26,159.7233428955078,214.75308227539062,159.93515014648438,238.95946655273437,eligible,0,0,,,,,,,,,,,,,,,,,,,0,,,,,,0,,,,,,0,,,,,,0,,,,,,0,,,,,,0,,,,,,0,,,,,,0,,,,,,17,166.1657257080078,186.50631444594438,182.75209045410156,214.75308227539062,14.06697385059541,,,,,,,,,,,,,,,,,,,,,"87:216.8440,202.0403,186.9678,217.0329,214.7531|157:183.0535,197.4037,181.3756,201.2906,175.9265|149:195.9068,181.8830,190.3943,182.1810,193.4292|109:188.4457,187.3089,203.0732,184.7529,190.3909|143:186.4960,183.1030,197.8671,181.1245,178.0299|114:185.5157,189.9497,192.4551,194.4560,197.8845|117:174.6102,177.3620,179.6433,189.0267,192.6887|2:178.8407,180.8580,183.2838,188.8925,173.5362|88:181.2274,179.0076,159.0797,163.9998,167.2501|145:178.3370,187.3680,172.8350,191.4148,192.7725|166:179.1709,198.5790,176.6956,172.2527,208.7709|141:178.8176,187.7220,180.6742,182.9925,176.6316|65:179.1093,180.9146,184.2067,184.5047,166.1657|6:188.8132,194.3479,197.5135,188.4520,181.6938|131:196.7841,197.8547,190.2630,184.2596,182.7521|119:176.6103,180.6369,179.0173,175.3264,172.8881|0:190.6232,231.1310,209.4780,192.5352,205.0436",,,0,,,,,1,1,1,1,1,True,False,25,25,2,1
87|157|149|109|143|114|117|2|88|145|166|141|65|6|131|119|96|162|107|0,87|157|149|109|143|114|117|2|88|145|166|141|65|6|131|119|96|162|107|0,0,74,1,107,18,1,107,18,1,1,18,57,250.58551025390625,250.58551025390625,,,cluster_too_small,0,0,,,,,,,,,,,,,,,,,,,0,,,,,,0,,,,,,0,,,,,,0,,,,,,0,,,,,,0,,,,,,0,,,,,,0,,,,,,1,250.58551025390625,250.58551025390625,250.58551025390625,250.58551025390625,0.0,,,,,,,,,,,,,,,,,,,,,"107:320.1380,288.7682,263.0431,235.2314,250.5855",,,0,,,,,0,0,1,1,1,,,56,56,2,1
87|157|149|109|143|114|117|2|88|145|166|141|65|6|131|119|96|162|107|0,87|157|149|109|143|114|117|2|88|145|166|141|65|6|131|119|96|162|107|0,0,74,3,96,16,1,96,16,1,1,34,41,218.58409118652344,218.58409118652344,,,cluster_too_small,0,0,,,,,,,,,,,,,,,,,,,0,,,,,,0,,,,,,0,,,,,,0,,,,,,0,,,,,,0,,,,,,0,,,,,,0,,,,,,1,218.58409118652344,218.58409118652344,218.58409118652344,218.58409118652344,0.0,,,,,,,,,,,,,,,,,,,,,"96:212.1278,232.8356,260.4813,218.3553,218.5841",,,0,,,,,0,0,1,1,1,,,40,40,2,1
87|157|149|109|143|114|117|2|88|145|166|141|65|6|131|119|96|162|107|0,87|157|149|109|143|114|117|2|88|145|166|141|65|6|131|119|96|162|107|0,0,74,5,162,17,1,162,17,1,1,48,27,306.6816711425781,306.6816711425781,,,cluster_too_small,0,0,,,,,,,,,,,,,,,,,,,0,,,,,,0,,,,,,0,,,,,,0,,,,,,0,,,,,,0,,,,,,0,,,,,,0,,,,,,1,306.6816711425781,306.6816711425781,306.6816711425781,306.6816711425781,0.0,,,,,,,,,,,,,,,,,,,,,"162:257.7795,253.9504,214.9386,208.8508,306.6817",,,0,,,,,0,0,1,1,1,,,26,26,2,1
87|157|149|109|143|114|117|2|88|145|166|141|65|6|131|119|96|162|107|0,87|157|149|109|143|114|117|2|88|145|166|141|65|6|131|119|96|162|107|0,0,74,6,87|157|149|109|143|114|117|2|88|145|166|141|65|6|131|119|0,0|1|2|3|4|5|6|7|8|9|10|11|12|13|14|15|19,17,87|157|149|109|143|114|117|2|88|145|166|141|65|6|131|119|0,0|1|2|3|4|5|6|7|8|9|10|11|12|13|14|15|19,17,1,48,27,160.63641357421875,203.70252990722656,159.87195587158203,237.75556182861328,eligible,0,0,,,,,,,,,,,,,,,,,,,0,,,,,,0,,,,,,0,,,,,,0,,,,,,0,,,,,,0,,,,,,0,,,,,,0,,,,,,17,161.28256225585938,185.11766770306755,185.7677001953125,203.70252990722656,9.887464156354325,,,,,,,,,,,,,,,,,,,,,"87:202.0403,186.9678,217.0329,214.7531,188.0192|157:197.4037,181.3756,201.2906,175.9265,185.7677|149:181.8830,190.3943,182.1810,193.4292,184.9746|109:187.3089,203.0732,184.7529,190.3909,184.7114|143:183.1030,197.8671,181.1245,178.0299,180.1575|114:189.9497,192.4551,194.4560,197.8845,197.2609|117:177.3620,179.6433,189.0267,192.6887,187.2048|2:180.8580,183.2838,188.8925,173.5362,161.2826|88:179.0076,159.0797,163.9998,167.2501,176.5720|145:187.3680,172.8350,191.4148,192.7725,179.6560|166:198.5790,176.6956,172.2527,208.7709,201.3648|141:187.7220,180.6742,182.9925,176.6316,187.7114|65:180.9146,184.2067,184.5047,166.1657,175.4834|6:194.3479,197.5135,188.4520,181.6938,190.3876|131:197.8547,190.2630,184.2596,182.7521,185.8881|119:180.6369,179.0173,175.3264,172.8881,176.8557|0:231.1310,209.4780,192.5352,205.0436,203.7025",,,0,,,,,1,1,1,1,1,False,False,26,26,2,1
87|157|149|109|143|114|117|2|88|145|166|141|65|6|131|119|96|162|107|0,87|157|149|109|143|114|117|2|88|145|166|141|65|6|131|119|96|162|107|0,0,75,1,107,18,1,107,18,1,1,18,58,252.80039978027344,252.80039978027344,,,cluster_too_small,0,0,,,,,,,,,,,,,,,,,,,0,,,,,,0,,,,,,0,,,,,,0,,,,,,0,,,,,,0,,,,,,0,,,,,,0,,,,,,1,252.80039978027344,252.80039978027344,252.80039978027344,252.80039978027344,0.0,,,,,,,,,,,,,,,,,,,,,"107:288.7682,263.0431,235.2314,250.5855,252.8004",,,0,,,,,0,0,1,1,1,,,57,57,2,1
87|157|149|109|143|114|117|2|88|145|166|141|65|6|131|119|96|162|107|0,87|157|149|109|143|114|117|2|88|145|166|141|65|6|131|119|96|162|107|0,0,75,3,96,16,1,96,16,1,1,34,42,242.17091369628906,242.17091369628906,,,cluster_too_small,0,0,,,,,,,,,,,,,,,,,,,0,,,,,,0,,,,,,0,,,,,,0,,,,,,0,,,,,,0,,,,,,0,,,,,,0,,,,,,1,242.17091369628906,242.17091369628906,242.17091369628906,242.17091369628906,0.0,,,,,,,,,,,,,,,,,,,,,"96:232.8356,260.4813,218.3553,218.5841,242.1709",,,0,,,,,0,0,1,1,1,,,41,41,2,1
87|157|149|109|143|114|117|2|88|145|166|141|65|6|131|119|96|162|107|0,87|157|149|109|143|114|117|2|88|145|166|141|65|6|131|119|96|162|107|0,0,75,5,162,17,1,162,17,1,1,48,28,342.4362487792969,342.4362487792969,,,cluster_too_small,0,0,,,,,,,,,,,,,,,,,,,0,,,,,,0,,,,,,0,,,,,,0,,,,,,0,,,,,,0,,,,,,0,,,,,,0,,,,,,1,342.4362487792969,342.4362487792969,342.4362487792969,342.4362487792969,0.0,,,,,,,,,,,,,,,,,,,,,"162:253.9504,214.9386,208.8508,306.6817,342.4362",,,0,,,,,0,0,1,1,1,,,27,27,2,1
87|157|149|109|143|114|117|2|88|145|166|141|65|6|131|119|96|162|107|0,87|157|149|109|143|114|117|2|88|145|166|141|65|6|131|119|96|162|107|0,0,75,6,87|157|149|109|143|114|117|2|88|145|166|141|65|6|131|119|0,0|1|2|3|4|5|6|7|8|9|10|11|12|13|14|15|19,17,87|157|149|109|143|114|117|2|88|145|166|141|65|6|131|119|0,0|1|2|3|4|5|6|7|8|9|10|11|12|13|14|15|19,17,1,48,28,161.1086883544922,197.93679809570312,159.8930206298828,236.5516571044922,eligible,0,0,,,,,,,,,,,,,,,,,,,0,,,,,,0,,,,,,0,,,,,,0,,,,,,0,,,,,,0,,,,,,0,,,,,,0,,,,,,17,168.39132690429688,183.04583381204043,184.41986083984375,197.93679809570312,7.025101217557014,,,,,,,,,,,,,,,,,,,,,"87:186.9678,217.0329,214.7531,188.0192,197.9368|157:181.3756,201.2906,175.9265,185.7677,179.7551|149:190.3943,182.1810,193.4292,184.9746,189.1546|109:203.0732,184.7529,190.3909,184.7114,190.7182|143:197.8671,181.1245,178.0299,180.1575,184.4199|114:192.4551,194.4560,197.8845,197.2609,186.1029|117:179.6433,189.0267,192.6887,187.2048,183.4316|2:183.2838,188.8925,173.5362,161.2826,185.4433|88:159.0797,163.9998,167.2501,176.5720,168.3913|145:172.8350,191.4148,192.7725,179.6560,179.5037|166:176.6956,172.2527,208.7709,201.3648,172.9820|141:180.6742,182.9925,176.6316,187.7114,182.3512|65:184.2067,184.5047,166.1657,175.4834,171.1008|6:197.5135,188.4520,181.6938,190.3876,184.5434|131:190.2630,184.2596,182.7521,185.8881,184.7639|119:179.0173,175.3264,172.8881,176.8557,184.3234|0:209.4780,192.5352,205.0436,203.7025,186.8572",,,0,,,,,1,1,1,1,1,False,False,27,27,2,1
87|157|149|109|143|114|117|2|88|145|166|141|65|6|131|119|96|162|107|0,87|157|149|109|143|114|117|2|88|145|166|141|65|6|131|119|96|162|107|0,0,76,1,107,18,1,107,18,1,1,18,59,275.61138916015625,275.61138916015625,,,cluster_too_small,0,0,,,,,,,,,,,,,,,,,,,0,,,,,,0,,,,,,0,,,,,,0,,,,,,0,,,,,,0,,,,,,0,,,,,,0,,,,,,1,275.61138916015625,275.61138916015625,275.61138916015625,275.61138916015625,0.0,,,,,,,,,,,,,,,,,,,,,"107:263.0431,235.2314,250.5855,252.8004,275.6114",,,0,,,,,0,0,1,1,1,,,58,58,2,1
87|157|149|109|143|114|117|2|88|145|166|141|65|6|131|119|96|162|107|0,87|157|149|109|143|114|117|2|88|145|166|141|65|6|131|119|96|162|107|0,0,76,3,96,16,1,96,16,1,1,34,43,238.45286560058594,238.45286560058594,,,cluster_too_small,0,0,,,,,,,,,,,,,,,,,,,0,,,,,,0,,,,,,0,,,,,,0,,,,,,0,,,,,,0,,,,,,0,,,,,,0,,,,,,1,238.45286560058594,238.45286560058594,238.45286560058594,238.45286560058594,0.0,,,,,,,,,,,,,,,,,,,,,"96:260.4813,218.3553,218.5841,242.1709,238.4529",,,0,,,,,0,0,1,1,1,,,42,42,2,1
87|157|149|109|143|114|117|2|88|145|166|141|65|6|131|119|96|162|107|0,87|157|149|109|143|114|117|2|88|145|166|141|65|6|131|119|96|162|107|0,0,76,5,162,17,1,162,17,1,1,48,29,214.52276611328125,214.52276611328125,,,cluster_too_small,0,0,,,,,,,,,,,,,,,,,,,0,,,,,,0,,,,,,0,,,,,,0,,,,,,0,,,,,,0,,,,,,0,,,,,,0,,,,,,1,214.52276611328125,214.52276611328125,214.52276611328125,214.52276611328125,0.0,,,,,,,,,,,,,,,,,,,,,"162:214.9386,208.8508,306.6817,342.4362,214.5228",,,0,,,,,0,0,1,1,1,,,28,28,2,1
87|157|149|109|143|114|117|2|88|145|166|141|65|6|131|119|96|162|107|0,87|157|149|109|143|114|117|2|88|145|166|141|65|6|131|119|96|162|107|0,0,76,6,87|157|149|109|143|114|117|2|88|145|166|141|65|6|131|119|0,0|1|2|3|4|5|6|7|8|9|10|11|12|13|14|15|19,17,87|157|149|109|143|114|117|2|88|145|166|141|65|6|131|119|0,0|1|2|3|4|5|6|7|8|9|10|11|12|13|14|15|19,17,1,48,29,158.93434143066406,204.86834716796875,159.9140853881836,235.70562438964845,eligible,0,0,,,,,,,,,,,,,,,,,,,0,,,,,,0,,,,,,0,,,,,,0,,,,,,0,,,,,,0,,,,,,0,,,,,,0,,,,,,17,161.3714599609375,181.85675946403953,182.0260772705078,204.86834716796875,10.626783594276372,,,,,,,,,,,,,,,,,,,,,"87:217.0329,214.7531,188.0192,197.9368,203.9859|157:201.2906,175.9265,185.7677,179.7551,180.7290|149:182.1810,193.4292,184.9746,189.1546,190.4440|109:184.7529,190.3909,184.7114,190.7182,204.8683|143:181.1245,178.0299,180.1575,184.4199,182.5007|114:194.4560,197.8845,197.2609,186.1029,183.6597|117:189.0267,192.6887,187.2048,183.4316,179.5195|2:188.8925,173.5362,161.2826,185.4433,161.3715|88:163.9998,167.2501,176.5720,168.3913,167.5619|145:191.4148,192.7725,179.6560,179.5037,180.4578|166:172.2527,208.7709,201.3648,172.9820,183.6563|141:182.9925,176.6316,187.7114,182.3512,182.0261|65:184.5047,166.1657,175.4834,171.1008,174.5215|6:188.4520,181.6938,190.3876,184.5434,182.7004|131:184.2596,182.7521,185.8881,184.7639,177.8264|119:175.3264,172.8881,176.8557,184.3234,171.3636|0:192.5352,205.0436,203.7025,186.8572,184.3722",,,0,,,,,1,1,1,1,1,True,False,28,28,2,1
87|157|149|109|143|114|117|2|88|145|166|141|65|6|131|119|96|162|107|0,87|157|149|109|143|114|117|2|88|145|166|141|65|6|131|119|96|162|107|0,0,77,1,107,18,1,107,18,1,1,18,60,305.63360595703125,305.63360595703125,,,cluster_too_small,0,0,,,,,,,,,,,,,,,,,,,0,,,,,,0,,,,,,0,,,,,,0,,,,,,0,,,,,,0,,,,,,0,,,,,,0,,,,,,1,305.63360595703125,305.63360595703125,305.63360595703125,305.63360595703125,0.0,,,,,,,,,,,,,,,,,,,,,"107:235.2314,250.5855,252.8004,275.6114,305.6336",,,0,,,,,0,0,1,1,1,,,59,59,2,1
87|157|149|109|143|114|117|2|88|145|166|141|65|6|131|119|96|162|107|0,87|157|149|109|143|114|117|2|88|145|166|141|65|6|131|119|96|162|107|0,0,77,3,96,16,1,96,16,1,1,34,44,256.6656188964844,256.6656188964844,,,cluster_too_small,0,0,,,,,,,,,,,,,,,,,,,0,,,,,,0,,,,,,0,,,,,,0,,,,,,0,,,,,,0,,,,,,0,,,,,,0,,,,,,1,256.6656188964844,256.6656188964844,256.6656188964844,256.6656188964844,0.0,,,,,,,,,,,,,,,,,,,,,"96:218.3553,218.5841,242.1709,238.4529,256.6656",,,0,,,,,0,0,1,1,1,,,43,43,2,1
87|157|149|109|143|114|117|2|88|145|166|141|65|6|131|119|96|162|107|0,87|157|149|109|143|114|117|2|88|145|166|141|65|6|131|119|96|162|107|0,0,77,5,162,17,1,162,17,1,1,48,30,229.14141845703125,229.14141845703125,,,cluster_too_small,0,0,,,,,,,,,,,,,,,,,,,0,,,,,,0,,,,,,0,,,,,,0,,,,,,0,,,,,,0,,,,,,0,,,,,,0,,,,,,1,229.14141845703125,229.14141845703125,229.14141845703125,229.14141845703125,0.0,,,,,,,,,,,,,,,,,,,,,"162:208.8508,306.6817,342.4362,214.5228,229.1414",,,0,,,,,0,0,1,1,1,,,29,29,2,1
87|157|149|109|143|114|117|2|88|145|166|141|65|6|131|119|96|162|107|0,87|157|149|109|143|114|117|2|88|145|166|141|65|6|131|119|96|162|107|0,0,77,6,87|157|149|109|143|114|117|2|88|145|166|141|65|6|131|119|0,0|1|2|3|4|5|6|7|8|9|10|11|12|13|14|15|19,17,87|157|149|109|143|114|117|2|88|145|166|141|65|6|131|119|0,0|1|2|3|4|5|6|7|8|9|10|11|12|13|14|15|19,17,1,48,30,158.9638671875,197.10263061523438,159.85089111328125,235.57533569335936,eligible,0,0,,,,,,,,,,,,,,,,,,,0,,,,,,0,,,,,,0,,,,,,0,,,,,,0,,,,,,0,,,,,,0,,,,,,0,,,,,,17,155.93072509765625,180.19325256347656,182.07354736328125,197.10263061523438,8.300762224236632,,,,,,,,,,,,,,,,,,,,,"87:214.7531,188.0192,197.9368,203.9859,173.4213|157:175.9265,185.7677,179.7551,180.7290,185.7251|149:193.4292,184.9746,189.1546,190.4440,180.4716|109:190.3909,184.7114,190.7182,204.8683,182.0735|143:178.0299,180.1575,184.4199,182.5007,176.1808|114:197.8845,197.2609,186.1029,183.6597,182.4300|117:192.6887,187.2048,183.4316,179.5195,183.9279|2:173.5362,161.2826,185.4433,161.3715,182.1549|88:167.2501,176.5720,168.3913,167.5619,155.9307|145:192.7725,179.6560,179.5037,180.4578,175.6647|166:208.7709,201.3648,172.9820,183.6563,189.6182|141:176.6316,187.7114,182.3512,182.0261,174.9510|65:166.1657,175.4834,171.1008,174.5215,182.2443|6:181.6938,190.3876,184.5434,182.7004,183.8655|131:182.7521,185.8881,184.7639,177.8264,181.8570|119:172.8881,176.8557,184.3234,171.3636,175.6660|0:205.0436,203.7025,186.8572,184.3722,197.1026",,,0,,,,,1,1,1,1,1,True,False,29,29,2,1
87|157|149|109|143|114|117|2|88|145|166|141|65|6|131|119|96|162|107|0,87|157|149|109|143|114|117|2|88|145|166|141|65|6|131|119|96|162|107|0,0,78,1,107,18,1,107,18,1,1,18,61,260.6277160644531,260.6277160644531,,,cluster_too_small,0,0,,,,,,,,,,,,,,,,,,,0,,,,,,0,,,,,,0,,,,,,0,,,,,,0,,,,,,0,,,,,,0,,,,,,0,,,,,,1,260.6277160644531,260.6277160644531,260.6277160644531,260.6277160644531,0.0,,,,,,,,,,,,,,,,,,,,,"107:250.5855,252.8004,275.6114,305.6336,260.6277",,,0,,,,,0,0,1,1,1,,,60,60,2,1
87|157|149|109|143|114|117|2|88|145|166|141|65|6|131|119|96|162|107|0,87|157|149|109|143|114|117|2|88|145|166|141|65|6|131|119|96|162|107|0,0,78,3,96,16,1,96,16,1,1,34,45,237.79327392578125,237.79327392578125,,,cluster_too_small,0,0,,,,,,,,,,,,,,,,,,,0,,,,,,0,,,,,,0,,,,,,0,,,,,,0,,,,,,0,,,,,,0,,,,,,0,,,,,,1,237.79327392578125,237.79327392578125,237.79327392578125,237.79327392578125,0.0,,,,,,,,,,,,,,,,,,,,,"96:218.5841,242.1709,238.4529,256.6656,237.7933",,,0,,,,,0,0,1,1,1,,,44,44,2,1
87|157|149|109|143|114|117|2|88|145|166|141|65|6|131|119|96|162|107|0,87|157|149|109|143|114|117|2|88|145|166|141|65|6|131|119|96|162|107|0,0,78,5,162,17,1,162,17,1,1,48,31,222.64413452148438,222.64413452148438,,,cluster_too_small,0,0,,,,,,,,,,,,,,,,,,,0,,,,,,0,,,,,,0,,,,,,0,,,,,,0,,,,,,0,,,,,,0,,,,,,0,,,,,,1,222.64413452148438,222.64413452148438,222.64413452148438,222.64413452148438,0.0,,,,,,,,,,,,,,,,,,,,,"162:306.6817,342.4362,214.5228,229.1414,222.6441",,,0,,,,,0,0,1,1,1,,,30,30,2,1
87|157|149|109|143|114|117|2|88|145|166|141|65|6|131|119|96|162|107|0,87|157|149|109|143|114|117|2|88|145|166|141|65|6|131|119|96|162|107|0,0,78,6,87|157|149|109|143|114|117|2|88|145|166|141|65|6|131|119|0,0|1|2|3|4|5|6|7|8|9|10|11|12|13|14|15|19,17,87|157|149|109|143|114|117|2|88|145|166|141|65|6|131|119|0,0|1|2|3|4|5|6|7|8|9|10|11|12|13|14|15|19,17,1,48,31,159.71717834472656,194.08840942382812,159.84686279296875,235.4450469970703,eligible,0,0,,,,,,,,,,,,,,,,,,,0,,,,,,0,,,,,,0,,,,,,0,,,,,,0,,,,,,0,,,,,,0,,,,,,0,,,,,,17,161.7039031982422,179.3751489975873,177.87161254882812,194.08840942382812,8.75594820874621,,,,,,,,,,,,,,,,,,,,,"87:188.0192,197.9368,203.9859,173.4213,190.6335|157:185.7677,179.7551,180.7290,185.7251,193.3206|149:184.9746,189.1546,190.4440,180.4716,194.0884|109:184.7114,190.7182,204.8683,182.0735,183.3568|143:180.1575,184.4199,182.5007,176.1808,180.2592|114:197.2609,186.1029,183.6597,182.4300,177.1172|117:187.2048,183.4316,179.5195,183.9279,182.5508|2:161.2826,185.4433,161.3715,182.1549,161.7039|88:176.5720,168.3913,167.5619,155.9307,169.2278|145:179.6560,179.5037,180.4578,175.6647,177.8716|166:201.3648,172.9820,183.6563,189.6182,172.5899|141:187.7114,182.3512,182.0261,174.9510,178.4759|65:175.4834,171.1008,174.5215,182.2443,170.5537|6:190.3876,184.5434,182.7004,183.8655,175.8181|131:185.8881,184.7639,177.8264,181.8570,191.3647|119:176.8557,184.3234,171.3636,175.6660,174.6085|0:203.7025,186.8572,184.3722,197.1026,175.8370",,,0,,,,,1,1,1,1,1,True,False,30,30,2,1
87|157|149|109|143|114|117|2|88|145|166|141|65|6|131|119|96|162|107|0,87|157|149|109|143|114|117|2|88|145|166|141|65|6|131|119|96|162|107|0,0,79,1,107,18,1,107,18,1,1,18,62,282.962646484375,282.962646484375,,,cluster_too_small,0,0,,,,,,,,,,,,,,,,,,,0,,,,,,0,,,,,,0,,,,,,0,,,,,,0,,,,,,0,,,,,,0,,,,,,0,,,,,,1,282.962646484375,282.962646484375,282.962646484375,282.962646484375,0.0,,,,,,,,,,,,,,,,,,,,,"107:252.8004,275.6114,305.6336,260.6277,282.9626",,,0,,,,,0,0,1,1,1,,,61,61,2,1
87|157|149|109|143|114|117|2|88|145|166|141|65|6|131|119|96|162|107|0,87|157|149|109|143|114|117|2|88|145|166|141|65|6|131|119|96|162|107|0,0,79,3,96,16,1,96,16,1,1,34,46,256.9745178222656,256.9745178222656,,,cluster_too_small,0,0,,,,,,,,,,,,,,,,,,,0,,,,,,0,,,,,,0,,,,,,0,,,,,,0,,,,,,0,,,,,,0,,,,,,0,,,,,,1,256.9745178222656,256.9745178222656,256.9745178222656,256.9745178222656,0.0,,,,,,,,,,,,,,,,,,,,,"96:242.1709,238.4529,256.6656,237.7933,256.9745",,,0,,,,,0,0,1,1,1,,,45,45,2,1
87|157|149|109|143|114|117|2|88|145|166|141|65|6|131|119|96|162|107|0,87|157|149|109|143|114|117|2|88|145|166|141|65|6|131|119|96|162|107|0,0,79,5,162,17,1,162,17,1,1,48,32,241.32862854003906,241.32862854003906,,,cluster_too_small,0,0,,,,,,,,,,,,,,,,,,,0,,,,,,0,,,,,,0,,,,,,0,,,,,,0,,,,,,0,,,,,,0,,,,,,0,,,,,,1,241.32862854003906,241.32862854003906,241.32862854003906,241.32862854003906,0.0,,,,,,,,,,,,,,,,,,,,,"162:342.4362,214.5228,229.1414,222.6441,241.3286",,,0,,,,,0,0,1,1,1,,,31,31,2,1
87|157|149|109|143|114|117|2|88|145|166|141|65|6|131|119|96|162|107|0,87|157|149|109|143|114|117|2|88|145|166|141|65|6|131|119|96|162|107|0,0,79,6,87|157|149|109|143|114|117|2|88|145|166|141|65|6|131|119|0,0|1|2|3|4|5|6|7|8|9|10|11|12|13|14|15|19,17,87|157|149|109|143|114|117|2|88|145|166|141|65|6|131|119|0,0|1|2|3|4|5|6|7|8|9|10|11|12|13|14|15|19,17,1,48,32,159.30963134765625,207.82479858398438,159.78443145751953,235.31475830078125,eligible,0,0,,,,,,,,,,,,,,,,,,,0,,,,,,0,,,,,,0,,,,,,0,,,,,,0,,,,,,0,,,,,,0,,,,,,0,,,,,,17,157.80528259277344,180.18187399471506,179.77972412109375,207.82479858398438,11.065636011034425,,,,,,,,,,,,,,,,,,,,,"87:197.9368,203.9859,173.4213,190.6335,193.2659|157:179.7551,180.7290,185.7251,193.3206,185.5865|149:189.1546,190.4440,180.4716,194.0884,177.3046|109:190.7182,204.8683,182.0735,183.3568,188.9734|143:184.4199,182.5007,176.1808,180.2592,177.3364|114:186.1029,183.6597,182.4300,177.1172,179.7797|117:183.4316,179.5195,183.9279,182.5508,171.1008|2:185.4433,161.3715,182.1549,161.7039,169.3932|88:168.3913,167.5619,155.9307,169.2278,157.8053|145:179.5037,180.4578,175.6647,177.8716,180.8099|166:172.9820,183.6563,189.6182,172.5899,187.5056|141:182.3512,182.0261,174.9510,178.4759,172.6485|65:171.1008,174.5215,182.2443,170.5537,169.9346|6:184.5434,182.7004,183.8655,175.8181,186.9222|131:184.7639,177.8264,181.8570,191.3647,183.7638|119:184.3234,171.3636,175.6660,174.6085,173.1367|0:186.8572,184.3722,197.1026,175.8370,207.8248",,,0,,,,,1,1,1,1,1,True,False,31,31,2,1
87|157|149|109|143|114|117|2|88|145|166|141|65|6|131|119|96|162|107|0,87|157|149|109|143|114|117|2|88|145|166|141|65|6|131|119|96|162|107|0,0,80,1,107,18,1,107,18,1,1,18,63,324.7993469238281,324.7993469238281,,,cluster_too_small,0,0,,,,,,,,,,,,,,,,,,,0,,,,,,0,,,,,,0,,,,,,0,,,,,,0,,,,,,0,,,,,,0,,,,,,0,,,,,,1,324.7993469238281,324.7993469238281,324.7993469238281,324.7993469238281,0.0,,,,,,,,,,,,,,,,,,,,,"107:275.6114,305.6336,260.6277,282.9626,324.7993",,,0,,,,,0,0,1,1,1,,,62,62,2,1
87|157|149|109|143|114|117|2|88|145|166|141|65|6|131|119|96|162|107|0,87|157|149|109|143|114|117|2|88|145|166|141|65|6|131|119|96|162|107|0,0,80,3,96,16,1,96,16,1,1,34,47,289.47210693359375,289.47210693359375,,,cluster_too_small,0,0,,,,,,,,,,,,,,,,,,,0,,,,,,0,,,,,,0,,,,,,0,,,,,,0,,,,,,0,,,,,,0,,,,,,0,,,,,,1,289.47210693359375,289.47210693359375,289.47210693359375,289.47210693359375,0.0,,,,,,,,,,,,,,,,,,,,,"96:238.4529,256.6656,237.7933,256.9745,289.4721",,,0,,,,,0,0,1,1,1,,,46,46,2,1
87|157|149|109|143|114|117|2|88|145|166|141|65|6|131|119|96|162|107|0,87|157|149|109|143|114|117|2|88|145|166|141|65|6|131|119|96|162|107|0,0,80,5,162,17,1,162,17,1,1,48,33,207.93292236328125,207.93292236328125,,,cluster_too_small,0,0,,,,,,,,,,,,,,,,,,,0,,,,,,0,,,,,,0,,,,,,0,,,,,,0,,,,,,0,,,,,,0,,,,,,0,,,,,,1,207.93292236328125,207.93292236328125,207.93292236328125,207.93292236328125,0.0,,,,,,,,,,,,,,,,,,,,,"162:214.5228,229.1414,222.6441,241.3286,207.9329",,,0,,,,,0,0,1,1,1,,,32,32,2,1
87|157|149|109|143|114|117|2|88|145|166|141|65|6|131|119|96|162|107|0,87|157|149|109|143|114|117|2|88|145|166|141|65|6|131|119|96|162|107|0,0,80,6,87|157|149|109|143|114|117|2|88|145|166|141|65|6|131|119|0,0|1|2|3|4|5|6|7|8|9|10|11|12|13|14|15|19,17,87|157|149|109|143|114|117|2|88|145|166|141|65|6|131|119|0,0|1|2|3|4|5|6|7|8|9|10|11|12|13|14|15|19,17,1,48,33,158.71022033691406,206.2154998779297,159.7218017578125,235.28027954101563,eligible,0,0,,,,,,,,,,,,,,,,,,,0,,,,,,0,,,,,,0,,,,,,0,,,,,,0,,,,,,0,,,,,,0,,,,,,0,,,,,,17,168.0980682373047,178.07706496294807,175.30104064941406,206.2154998779297,9.18717108854975,,,,,,,,,,,,,,,,,,,,,"87:203.9859,173.4213,190.6335,193.2659,178.9698|157:180.7290,185.7251,193.3206,185.5865,173.7354|149:190.4440,180.4716,194.0884,177.3046,185.7644|109:204.8683,182.0735,183.3568,188.9734,188.4004|143:182.5007,176.1808,180.2592,177.3364,186.5951|114:183.6597,182.4300,177.1172,179.7797,175.0798|117:179.5195,183.9279,182.5508,171.1008,170.7433|2:161.3715,182.1549,161.7039,169.3932,172.8866|88:167.5619,155.9307,169.2278,157.8053,177.1379|145:180.4578,175.6647,177.8716,180.8099,176.1222|166:183.6563,189.6182,172.5899,187.5056,171.0776|141:182.0261,174.9510,178.4759,172.6485,170.8186|65:174.5215,182.2443,170.5537,169.9346,168.0981|6:182.7004,183.8655,175.8181,186.9222,180.8870|131:177.8264,181.8570,191.3647,183.7638,175.3010|119:171.3636,175.6660,174.6085,173.1367,169.4773|0:184.3722,197.1026,175.8370,207.8248,206.2155",,,0,,,,,1,1,1,1,1,True,False,32,32,2,1
